accountsservice	22.07.5-2ubuntu1.6	installed
acl	2.3.1-1	installed
acpi-support	0.144	installed
acpid	1:2.0.33-1ubuntu1	installed
adduser	3.118ubuntu5	installed
adwaita-icon-theme	41.0-1ubuntu1	installed
alsa-base	1.0.25+dfsg-0ubuntu7	installed
alsa-topology-conf	1.2.5.1-2	installed
alsa-ucm-conf	1.2.6.3-1ubuntu1.12	installed
alsa-utils	1.2.6-1ubuntu1	installed
amd64-microcode	3.20191218.1ubuntu2.3	installed
anacron	2.3-31ubuntu2	installed
antigravity	1.23.2-1776332190	installed
anydesk	8.0.4	installed
apg	2.2.3.dfsg.1-5build2	installed
apparmor	3.0.4-2ubuntu2.5	installed
apport	2.20.11-0ubuntu82.10	installed
apport-gtk	2.20.11-0ubuntu82.10	installed
apport-symptoms	0.24	installed
appstream	0.15.2-2	installed
apt	2.4.14	installed
apt-config-icons	0.15.2-2	installed
apt-config-icons-hidpi	0.15.2-2	installed
apt-utils	2.4.14	installed
aptdaemon	1.1.1+bzr982-0ubuntu39	installed
aptdaemon-data	1.1.1+bzr982-0ubuntu39	installed
apturl	0.5.2ubuntu22	installed
apturl-common	0.5.2ubuntu22	installed
aspell	0.60.8-4build1	installed
aspell-en	2018.04.16-0-1	installed
at-spi2-core	2.44.0-3	installed
autoconf	2.71-2	installed
automake	1:1.16.5-1.3	installed
autotools-dev	20220109.1	installed
avahi-autoipd	0.8-5ubuntu5.5	installed
avahi-daemon	0.8-5ubuntu5.5	installed
avahi-utils	0.8-5ubuntu5.5	installed
babeltrace	1.5.8-2build1	installed
base-files	12ubuntu4.7	installed
base-passwd	3.5.52build1	installed
bash	5.1-6ubuntu1.1	installed
bash-completion	1:2.11-5ubuntu1	installed
bc	1.07.1-3build1	installed
bind9-dnsutils	1:9.18.39-0ubuntu0.22.04.6	installed
bind9-host	1:9.18.39-0ubuntu0.22.04.6	installed
bind9-libs:amd64	1:9.18.39-0ubuntu0.22.04.6	installed
binutils	2.38-4ubuntu2.12	installed
binutils-common:amd64	2.38-4ubuntu2.12	installed
binutils-x86-64-linux-gnu	2.38-4ubuntu2.12	installed
blt	2.5.3+dfsg-4.1build2	installed
bluez	5.64-0ubuntu1.4	installed
bluez-cups	5.64-0ubuntu1.4	installed
bluez-obexd	5.64-0ubuntu1.4	installed
bolt	0.9.2-1	installed
brltty	6.4-4ubuntu3	installed
brz	3.2.1+bzr7585-1build1	installed
bsdextrautils	2.37.2-4ubuntu3.6	installed
bsdutils	1:2.37.2-4ubuntu3.6	installed
bubblewrap	0.6.1-1ubuntu0.3	installed
build-essential	12.9ubuntu3	installed
busybox-initramfs	1:1.30.1-7ubuntu3.1	installed
busybox-static	1:1.30.1-7ubuntu3.1	installed
bzip2	1.0.8-5ubuntu0.1	installed
bzr	2.7.0+bzr6622+brz	installed
ca-certificates	20260601~22.04.1	installed
ca-certificates-java	20190909ubuntu1.3	installed
catch2	2.13.8-1	installed
cheese-common	41.1-1build1	installed
cmake	3.22.1-1ubuntu1.22.04.2	installed
cmake-data	3.22.1-1ubuntu1.22.04.2	installed
code	1.131.0-1785237861	installed
colord	1.4.6-1	installed
colord-data	1.4.6-1	installed
comerr-dev:amd64	2.1-1.46.5-2ubuntu1.2	installed
command-not-found	22.04.0	installed
console-setup	1.205ubuntu3	installed
console-setup-linux	1.205ubuntu3	installed
coreutils	8.32-4.1ubuntu1.4	installed
cpio	2.13+dfsg-7ubuntu0.2	installed
cpp	4:11.2.0-1ubuntu1	installed
cpp-11	11.4.0-1ubuntu1~22.04.3	installed
cpp-12	12.3.0-1ubuntu1~22.04.3	installed
cppcheck	2.7-1	installed
cracklib-runtime	2.9.6-3.4build4	installed
cron	3.0pl1-137ubuntu3	installed
cups	2.4.1op1-1ubuntu4.21	installed
cups-browsed	1.28.15-0ubuntu1.5	installed
cups-bsd	2.4.1op1-1ubuntu4.21	installed
cups-client	2.4.1op1-1ubuntu4.21	installed
cups-common	2.4.1op1-1ubuntu4.21	installed
cups-core-drivers	2.4.1op1-1ubuntu4.21	installed
cups-daemon	2.4.1op1-1ubuntu4.21	installed
cups-filters	1.28.15-0ubuntu1.5	installed
cups-filters-core-drivers	1.28.15-0ubuntu1.5	installed
cups-ipp-utils	2.4.1op1-1ubuntu4.21	installed
cups-pk-helper	0.2.6-1ubuntu5	installed
cups-ppdc	2.4.1op1-1ubuntu4.21	installed
cups-server-common	2.4.1op1-1ubuntu4.21	installed
curl	7.81.0-1ubuntu1.29	installed
dash	0.5.11+git20210903+057cd650a4ed-3build1	installed
dbus	1.12.20-2ubuntu4.1	installed
dbus-user-session	1.12.20-2ubuntu4.1	installed
dc	1.07.1-3build1	installed
dconf-cli	0.40.0-3ubuntu0.1	installed
dconf-gsettings-backend:amd64	0.40.0-3ubuntu0.1	installed
dconf-service	0.40.0-3ubuntu0.1	installed
dctrl-tools	2.24-3build2	installed
debconf	1.5.79ubuntu1	installed
debconf-i18n	1.5.79ubuntu1	installed
debianutils	5.5-1ubuntu2	installed
default-jdk	2:1.11-72build2	installed
default-jdk-headless	2:1.11-72build2	installed
default-jre	2:1.11-72build2	installed
default-jre-headless	2:1.11-72build2	installed
default-libmysqlclient-dev:amd64	1.0.8	installed
desktop-file-utils	0.26-1ubuntu3	installed
dh-elpa-helper	2.0.9ubuntu1	installed
dictionaries-common	1.28.14	installed
diffutils	1:3.8-0ubuntu2.1	installed
dirmngr	2.2.27-3ubuntu2.5	installed
distro-info	1.1ubuntu0.2	installed
distro-info-data	0.72-0ubuntu0.22.04.1	installed
dkms	2.8.7-2ubuntu2.2	installed
dmidecode	3.3-3ubuntu0.2	installed
dmsetup	2:1.02.175-2.1ubuntu5	installed
dmz-cursor-theme	0.4.5ubuntu1	installed
dns-root-data	2024071801~ubuntu0.22.04.1	installed
dnsmasq-base	2.90-0ubuntu0.22.04.4	installed
docbook-xml	4.5-11	installed
docutils-common	0.17.1+dfsg-2	installed
dosfstools	4.2-1build3	installed
dpkg	1.21.1ubuntu2.6	installed
dpkg-dev	1.21.1ubuntu2.6	installed
e2fsprogs	1.46.5-2ubuntu1.2	installed
ed	1.18-1	installed
efibootmgr	17-1ubuntu2	installed
eject	2.37.2-4ubuntu3.6	installed
emacsen-common	3.0.4	installed
enchant-2	2.3.2-1ubuntu2	installed
eog	42.0-1	installed
espeak-ng-data:amd64	1.50+dfsg-10ubuntu0.1	installed
evince	42.3-0ubuntu3.2	installed
evince-common	42.3-0ubuntu3.2	installed
evolution-data-server	3.44.4-0ubuntu1.2	installed
evolution-data-server-common	3.44.4-0ubuntu1.2	installed
fakeroot	1.28-1ubuntu1	installed
fdisk	2.37.2-4ubuntu3.6	installed
file	1:5.41-3ubuntu0.1	installed
file-roller	3.42.0-1	installed
findutils	4.8.0-1ubuntu3	installed
firefox	1:1snap1-0ubuntu2	installed
firmware-sof-signed	2.0-1ubuntu4.7	installed
fontconfig	2.13.1-4.2ubuntu5	installed
fontconfig-config	2.13.1-4.2ubuntu5	installed
fonts-beng	2:1.3	installed
fonts-beng-extra	3.2.1-1	installed
fonts-dejavu-core	2.37-2build1	installed
fonts-dejavu-extra	2.37-2build1	installed
fonts-deva	2:1.3	installed
fonts-deva-extra	3.0-5	installed
fonts-droid-fallback	1:6.0.1r16-1.1build1	installed
fonts-freefont-ttf	20120503-10build1	installed
fonts-gargi	2.0-5	installed
fonts-gubbi	1.3-5build1	installed
fonts-gujr	2:1.4	installed
fonts-gujr-extra	1.0.1-1	installed
fonts-guru	2:1.3	installed
fonts-guru-extra	2.0-5	installed
fonts-indic	2:1.4	installed
fonts-kacst	2.01+mry-15	installed
fonts-kacst-one	5.0+svn11846-10	installed
fonts-kalapi	1.0-4	installed
fonts-khmeros-core	5.0-9ubuntu1	installed
fonts-knda	2:1.3	installed
fonts-lao	0.0.20060226-10ubuntu2	installed
fonts-lato	2.0-2.1	installed
fonts-liberation	1:1.07.4-11	installed
fonts-liberation2	2.1.5-1	installed
fonts-lklug-sinhala	0.6-4	installed
fonts-lohit-beng-assamese	2.91.5-2	installed
fonts-lohit-beng-bengali	2.91.5-2	installed
fonts-lohit-deva	2.95.4-4	installed
fonts-lohit-gujr	2.92.4-4	installed
fonts-lohit-guru	2.91.2-2build1	installed
fonts-lohit-knda	2.5.4-3	installed
fonts-lohit-mlym	2.92.2-2	installed
fonts-lohit-orya	2.91.2-2	installed
fonts-lohit-taml	2.91.3-2	installed
fonts-lohit-taml-classical	2.5.4-2	installed
fonts-lohit-telu	2.5.5-2build1	installed
fonts-lyx	2.3.6-1	installed
fonts-mlym	2:1.3	installed
fonts-nakula	1.0-4	installed
fonts-navilu	1.2-3	installed
fonts-noto-cjk	1:20220127+repack1-1	installed
fonts-noto-color-emoji	2.047-0ubuntu0.22.04.1	installed
fonts-noto-mono	20201225-1build1	installed
fonts-opensymbol	2:102.12+LibO7.3.7-0ubuntu0.22.04.12	installed
fonts-orya	2:1.3	installed
fonts-orya-extra	2.0-6	installed
fonts-pagul	1.0-8	installed
fonts-sahadeva	1.0-5	installed
fonts-samyak-deva	1.2.2-5build1	installed
fonts-samyak-gujr	1.2.2-5build1	installed
fonts-samyak-mlym	1.2.2-5build1	installed
fonts-samyak-taml	1.2.2-5build1	installed
fonts-sarai	1.0-3	installed
fonts-sil-abyssinica	2.100-3	installed
fonts-sil-padauk	5.000-3	installed
fonts-smc	1:7.2	installed
fonts-smc-anjalioldlipi	7.1.2-2	installed
fonts-smc-chilanka	1.540-1	installed
fonts-smc-dyuthi	3.0.2-2	installed
fonts-smc-gayathri	1.110-2-1	installed
fonts-smc-karumbi	1.1.2-2	installed
fonts-smc-keraleeyam	3.0.2-2	installed
fonts-smc-manjari	2.000-3	installed
fonts-smc-meera	7.0.3-1	installed
fonts-smc-rachana	7.0.2-1build1	installed
fonts-smc-raghumalayalamsans	2.2.1-1	installed
fonts-smc-suruma	3.2.3-1	installed
fonts-smc-uroob	2.0.2-1	installed
fonts-taml	2:1.4	installed
fonts-telu	2:1.3	installed
fonts-telu-extra	2.0-5	installed
fonts-teluguvijayam	2.1-1	installed
fonts-thai-tlwg	1:0.7.3-1	installed
fonts-tibetan-machine	1.901b-6	installed
fonts-tlwg-garuda	1:0.7.3-1	installed
fonts-tlwg-garuda-ttf	1:0.7.3-1	installed
fonts-tlwg-kinnari	1:0.7.3-1	installed
fonts-tlwg-kinnari-ttf	1:0.7.3-1	installed
fonts-tlwg-laksaman	1:0.7.3-1	installed
fonts-tlwg-laksaman-ttf	1:0.7.3-1	installed
fonts-tlwg-loma	1:0.7.3-1	installed
fonts-tlwg-loma-ttf	1:0.7.3-1	installed
fonts-tlwg-mono	1:0.7.3-1	installed
fonts-tlwg-mono-ttf	1:0.7.3-1	installed
fonts-tlwg-norasi	1:0.7.3-1	installed
fonts-tlwg-norasi-ttf	1:0.7.3-1	installed
fonts-tlwg-purisa	1:0.7.3-1	installed
fonts-tlwg-purisa-ttf	1:0.7.3-1	installed
fonts-tlwg-sawasdee	1:0.7.3-1	installed
fonts-tlwg-sawasdee-ttf	1:0.7.3-1	installed
fonts-tlwg-typewriter	1:0.7.3-1	installed
fonts-tlwg-typewriter-ttf	1:0.7.3-1	installed
fonts-tlwg-typist	1:0.7.3-1	installed
fonts-tlwg-typist-ttf	1:0.7.3-1	installed
fonts-tlwg-typo	1:0.7.3-1	installed
fonts-tlwg-typo-ttf	1:0.7.3-1	installed
fonts-tlwg-umpush	1:0.7.3-1	installed
fonts-tlwg-umpush-ttf	1:0.7.3-1	installed
fonts-tlwg-waree	1:0.7.3-1	installed
fonts-tlwg-waree-ttf	1:0.7.3-1	installed
fonts-ubuntu	0.83-6ubuntu1	installed
fonts-urw-base35	20200910-1	installed
fonts-yrsa-rasa	2.005-1	installed
foomatic-db-compressed-ppds	20220223-0ubuntu1	installed
fprintd	1.94.2-1ubuntu0.22.04.1	installed
freeglut3:amd64	2.8.1-6	installed
friendly-recovery	0.2.42	installed
ftp	20210827-4build1	installed
fuse3	3.10.5-1build1	installed
fwupd	2.0.20-1ubuntu2~22.04.2	installed
fwupd-signed	1.51.1~22.04.1+1.4-0ubuntu0.1	installed
g++	4:11.2.0-1ubuntu1	installed
g++-11	11.4.0-1ubuntu1~22.04.3	installed
gamemode	1.6.1-1build2	installed
gamemode-daemon	1.6.1-1build2	installed
gazebo	11.10.2+dfsg-1	installed
gazebo-common	11.10.2+dfsg-1	installed
gazebo-plugin-base	11.10.2+dfsg-1	installed
gcc	4:11.2.0-1ubuntu1	installed
gcc-11	11.4.0-1ubuntu1~22.04.3	installed
gcc-11-base:amd64	11.4.0-1ubuntu1~22.04.3	installed
gcc-12	12.3.0-1ubuntu1~22.04.3	installed
gcc-12-base:amd64	12.3.0-1ubuntu1~22.04.3	installed
gcc-12-base:i386	12.3.0-1ubuntu1~22.04.3	installed
gcr	3.40.0-4	installed
gdal-data	3.4.1+dfsg-1build4	installed
gdb	12.1-0ubuntu1~22.04.2	installed
gdisk	1.0.8-4build1	installed
gdm3	42.0-1ubuntu7.22.04.4	installed
gedit	41.0-3	installed
gedit-common	41.0-3	installed
geoclue-2.0	2.5.7-3ubuntu3	installed
gettext-base	0.21-4ubuntu4	installed
gfortran	4:11.2.0-1ubuntu1	installed
gfortran-11	11.4.0-1ubuntu1~22.04.3	installed
gh	2.4.0+dfsg1-2	installed
ghostscript	9.55.0~dfsg1-0ubuntu5.14	installed
ghostscript-x	9.55.0~dfsg1-0ubuntu5.14	installed
gir1.2-accountsservice-1.0:amd64	22.07.5-2ubuntu1.6	installed
gir1.2-adw-1:amd64	1.1.7-0ubuntu0.22.04.1	installed
gir1.2-atk-1.0:amd64	2.36.0-3build1	installed
gir1.2-atspi-2.0:amd64	2.44.0-3	installed
gir1.2-dbusmenu-glib-0.4:amd64	16.04.1+18.10.20180917-0ubuntu8	installed
gir1.2-dee-1.0	1.2.7+17.10.20170616-6ubuntu4	installed
gir1.2-freedesktop:amd64	1.72.0-1	installed
gir1.2-gck-1:amd64	3.40.0-4	installed
gir1.2-gcr-3:amd64	3.40.0-4	installed
gir1.2-gdesktopenums-3.0:amd64	42.0-1ubuntu1	installed
gir1.2-gdkpixbuf-2.0:amd64	2.42.8+dfsg-1ubuntu0.5	installed
gir1.2-gdm-1.0:amd64	42.0-1ubuntu7.22.04.4	installed
gir1.2-geoclue-2.0:amd64	2.5.7-3ubuntu3	installed
gir1.2-glib-2.0:amd64	1.72.0-1	installed
gir1.2-gmenu-3.0:amd64	3.36.0-1ubuntu3	installed
gir1.2-gnomebluetooth-3.0:amd64	42.0-5	installed
gir1.2-gnomedesktop-3.0:amd64	42.9-0ubuntu1	installed
gir1.2-goa-1.0:amd64	3.44.0-1ubuntu1	installed
gir1.2-graphene-1.0:amd64	1.10.8-1	installed
gir1.2-gstreamer-1.0:amd64	1.20.3-0ubuntu1.1	installed
gir1.2-gtk-3.0:amd64	3.24.33-1ubuntu2.2	installed
gir1.2-gtk-4.0:amd64	4.6.9+ds-0ubuntu0.22.04.2	installed
gir1.2-gtksource-4:amd64	4.8.3-1	installed
gir1.2-gweather-3.0:amd64	40.0-5build1	installed
gir1.2-handy-1:amd64	1.6.1-1	installed
gir1.2-harfbuzz-0.0:amd64	2.7.4-1ubuntu3.2	installed
gir1.2-ibus-1.0:amd64	1.5.26-4	installed
gir1.2-javascriptcoregtk-4.0:amd64	2.50.4-0ubuntu0.22.04.1	installed
gir1.2-json-1.0:amd64	1.6.6-1build1	installed
gir1.2-mutter-10:amd64	42.9-0ubuntu9	installed
gir1.2-nm-1.0:amd64	1.36.6-0ubuntu2.4	installed
gir1.2-nma-1.0:amd64	1.8.34-1ubuntu1	installed
gir1.2-notify-0.7:amd64	0.7.9-3ubuntu5.22.04.1	installed
gir1.2-packagekitglib-1.0	1.2.5-2ubuntu3.1	installed
gir1.2-pango-1.0:amd64	1.50.6+ds-2ubuntu1	installed
gir1.2-peas-1.0:amd64	1.32.0-1	installed
gir1.2-polkit-1.0	0.105-33ubuntu0.2	installed
gir1.2-rsvg-2.0:amd64	2.52.5+dfsg-3ubuntu0.2	installed
gir1.2-secret-1:amd64	0.20.5-2	installed
gir1.2-snapd-1:amd64	1.60-0ubuntu1	installed
gir1.2-soup-2.4:amd64	2.74.2-3ubuntu0.8	installed
gir1.2-unity-7.0:amd64	7.1.4+19.04.20190319-6build1	installed
gir1.2-upowerglib-1.0:amd64	0.99.17-1	installed
gir1.2-vte-2.91:amd64	0.68.0-1ubuntu0.1	installed
gir1.2-webkit2-4.0:amd64	2.50.4-0ubuntu0.22.04.1	installed
gir1.2-wnck-3.0:amd64	40.1-1	installed
git	1:2.34.1-1ubuntu1.17	installed
git-man	1:2.34.1-1ubuntu1.17	installed
gjs	1.72.4-0ubuntu0.22.04.4	installed
gkbd-capplet	3.26.1-2	installed
glib-networking:amd64	2.72.0-1	installed
glib-networking-common	2.72.0-1	installed
glib-networking-services	2.72.0-1	installed
gnome-accessibility-themes	3.28-1ubuntu3	installed
gnome-bluetooth	3.34.5-8	installed
gnome-bluetooth-3-common	42.0-5	installed
gnome-bluetooth-common	3.34.5-8	installed
gnome-calculator	1:41.1-2ubuntu2	installed
gnome-characters	41.0-4	installed
gnome-control-center	1:41.7-0ubuntu0.22.04.9	installed
gnome-control-center-data	1:41.7-0ubuntu0.22.04.9	installed
gnome-control-center-faces	1:41.7-0ubuntu0.22.04.9	installed
gnome-desktop3-data	42.9-0ubuntu1	installed
gnome-disk-utility	42.0-1ubuntu1	installed
gnome-font-viewer	41.0-2	installed
gnome-initial-setup	42.0.1-1ubuntu2.3	installed
gnome-keyring	40.0-3ubuntu3	installed
gnome-keyring-pkcs11:amd64	40.0-3ubuntu3	installed
gnome-logs	42.0-1	installed
gnome-menus	3.36.0-1ubuntu3	installed
gnome-online-accounts	3.44.0-1ubuntu1	installed
gnome-power-manager	3.32.0-2build2	installed
gnome-remote-desktop	42.9-0ubuntu0.22.04.2	installed
gnome-session-bin	42.0-1ubuntu2	installed
gnome-session-canberra	0.30-10ubuntu1.22.04.1	installed
gnome-session-common	42.0-1ubuntu2	installed
gnome-settings-daemon	42.1-1ubuntu2.2	installed
gnome-settings-daemon-common	42.1-1ubuntu2.2	installed
gnome-shell	42.9-0ubuntu2.3	installed
gnome-shell-common	42.9-0ubuntu2.3	installed
gnome-shell-extension-appindicator	42-2~fakesync1	installed
gnome-shell-extension-desktop-icons-ng	43-2ubuntu1	installed
gnome-shell-extension-ubuntu-dock	72~ubuntu5.22.04.3	installed
gnome-startup-applications	42.0-1ubuntu2	installed
gnome-system-monitor	42.0-1	installed
gnome-terminal	3.44.0-1ubuntu1	installed
gnome-terminal-data	3.44.0-1ubuntu1	installed
gnome-themes-extra:amd64	3.28-1ubuntu3	installed
gnome-themes-extra-data	3.28-1ubuntu3	installed
gnome-user-docs	41.5-1ubuntu2	installed
gnupg	2.2.27-3ubuntu2.5	installed
gnupg-l10n	2.2.27-3ubuntu2.5	installed
gnupg-utils	2.2.27-3ubuntu2.5	installed
google-mock:amd64	1.11.0-3	installed
googletest	1.11.0-3	installed
gpg	2.2.27-3ubuntu2.5	installed
gpg-agent	2.2.27-3ubuntu2.5	installed
gpg-wks-client	2.2.27-3ubuntu2.5	installed
gpg-wks-server	2.2.27-3ubuntu2.5	installed
gpgconf	2.2.27-3ubuntu2.5	installed
gpgsm	2.2.27-3ubuntu2.5	installed
gpgv	2.2.27-3ubuntu2.5	installed
graphviz	2.42.2-6ubuntu0.1	installed
grep	3.7-1build1	installed
groff-base	1.22.4-8build1	installed
grub-common	2.06-2ubuntu7.2	installed
grub-efi-amd64-bin	2.06-2ubuntu14.8	installed
grub-efi-amd64-signed	1.187.12+2.06-2ubuntu14.8	installed
grub-gfxpayload-lists	0.7	installed
grub-pc	2.06-2ubuntu7.2	installed
grub-pc-bin	2.06-2ubuntu7.2	installed
grub2-common	2.06-2ubuntu7.2	installed
gsettings-desktop-schemas	42.0-1ubuntu1	installed
gsettings-ubuntu-schemas	0.0.7+21.10.20210712-0ubuntu2	installed
gstreamer1.0-alsa:amd64	1.20.1-1ubuntu0.7	installed
gstreamer1.0-clutter-3.0:amd64	3.0.27-2ubuntu1	installed
gstreamer1.0-gl:amd64	1.20.1-1ubuntu0.7	installed
gstreamer1.0-packagekit	1.2.5-2ubuntu3.1	installed
gstreamer1.0-pipewire:amd64	0.3.48-1ubuntu3.2	installed
gstreamer1.0-plugins-base:amd64	1.20.1-1ubuntu0.7	installed
gstreamer1.0-plugins-base-apps	1.20.1-1ubuntu0.7	installed
gstreamer1.0-plugins-good:amd64	1.20.3-0ubuntu1.10	installed
gstreamer1.0-pulseaudio:amd64	1.20.3-0ubuntu1.10	installed
gstreamer1.0-tools	1.20.3-0ubuntu1.1	installed
gstreamer1.0-x:amd64	1.20.1-1ubuntu0.7	installed
gtk-update-icon-cache	3.24.33-1ubuntu2.2	installed
gtk2-engines-murrine:amd64	0.98.2-3build2	installed
gtk2-engines-pixbuf:amd64	2.24.33-2ubuntu2.1	installed
gvfs:amd64	1.48.2-0ubuntu1.2	installed
gvfs-backends	1.48.2-0ubuntu1.2	installed
gvfs-common	1.48.2-0ubuntu1.2	installed
gvfs-daemons	1.48.2-0ubuntu1.2	installed
gvfs-fuse	1.48.2-0ubuntu1.2	installed
gvfs-libs:amd64	1.48.2-0ubuntu1.2	installed
gzip	1.10-4ubuntu4.2	installed
hdf5-helpers	1.10.7+repack-4ubuntu2	installed
hdparm	9.60+ds-1build3	installed
hicolor-icon-theme	0.17-2	installed
hostname	3.23ubuntu2	installed
hplip	3.21.12+dfsg0-1ubuntu0.1	installed
hplip-data	3.21.12+dfsg0-1ubuntu0.1	installed
humanity-icon-theme	0.6.16	installed
hunspell-en-us	1:2020.12.07-2	installed
hwdata	0.357-1	installed
i965-va-driver:amd64	2.4.1+dfsg1-1	installed
ibus	1.5.26-4	installed
ibus-data	1.5.26-4	installed
ibus-gtk:amd64	1.5.26-4	installed
ibus-gtk3:amd64	1.5.26-4	installed
ibus-gtk4:amd64	1.5.26-4	installed
ibus-table	1.16.7-1	installed
ibus-unikey	0.7.0~beta1-1build2	installed
ibverbs-providers:amd64	39.0-1	installed
icu-devtools	70.1-2	installed
ignition-tools:amd64	1.5.0-1~jammy	installed
ignition-transport11-cli	11.4.2-1~jammy	installed
iio-sensor-proxy	3.3-0ubuntu6	installed
im-config	0.50-2ubuntu22.04.1	installed
info	6.8-4build1	installed
init	1.62	installed
init-system-helpers	1.62	installed
initramfs-tools	0.140ubuntu13.5	installed
initramfs-tools-bin	0.140ubuntu13.5	installed
initramfs-tools-core	0.140ubuntu13.5	installed
inputattach	1:1.7.1-1build2	installed
install-info	6.8-4build1	installed
intel-media-va-driver:amd64	22.3.1+dfsg1-1ubuntu2	installed
intel-microcode	3.20260210.0ubuntu0.22.04.1	installed
ipp-usb	0.9.20-1ubuntu0.22.04.2	installed
iproute2	5.15.0-1ubuntu2.2	installed
iptables	1.8.7-1ubuntu5.2	installed
iputils-ping	3:20211215-1ubuntu0.1	installed
iputils-tracepath	3:20211215-1ubuntu0.1	installed
irqbalance	1.8.0-1ubuntu0.2	installed
isc-dhcp-client	4.4.1-2.3ubuntu2.4	installed
isc-dhcp-common	4.4.1-2.3ubuntu2.4	installed
iso-codes	4.9.0-1	installed
iucode-tool	2.3.1-1build1	installed
java-common	0.72build2	installed
javascript-common	11+nmu1	installed
jq	1.6-2.1ubuntu3.2	installed
kbd	2.3.0-3ubuntu4.22.04	installed
kerneloops	0.12+git20140509-6ubuntu5	installed
keyboard-configuration	1.205ubuntu3	installed
klibc-utils	2.0.10-4ubuntu0.2	installed
kmod	29-1ubuntu1.1	installed
krb5-locales	1.19.2-2ubuntu0.8	installed
krb5-multidev:amd64	1.19.2-2ubuntu0.8	installed
language-pack-en	1:22.04+20240902	installed
language-pack-en-base	1:22.04+20240902	installed
language-pack-gnome-en	1:22.04+20240902	installed
language-pack-gnome-en-base	1:22.04+20240902	installed
language-selector-common	0.219.1	installed
language-selector-gnome	0.219.1	installed
laptop-detect	0.16	installed
less	590-1ubuntu0.22.04.3	installed
libaa1:amd64	1.4p5-50build1	installed
libaacs0:amd64	0.11.1-1	installed
libabsl20210324:amd64	0~20210324.2-2ubuntu0.3	installed
libaccinj64-11.5:amd64	11.5.114~11.5.1-1ubuntu1	installed
libaccountsservice0:amd64	22.07.5-2ubuntu1.6	installed
libacl1:amd64	2.3.1-1	installed
libactionlib1d:amd64	1.13.2-10	installed
libadwaita-1-0:amd64	1.1.7-0ubuntu0.22.04.1	installed
libaec-dev:amd64	1.0.6-1	installed
libaec0:amd64	1.0.6-1	installed
libalgorithm-diff-perl	1.201-1	installed
libalgorithm-diff-xs-perl	0.04-6build3	installed
libalgorithm-merge-perl	0.08-3	installed
libann0	1.1.2+doc-7build1	installed
libao-common	1.2.2+20180113-1.1ubuntu3	installed
libao4:amd64	1.2.2+20180113-1.1ubuntu3	installed
libaom-dev:amd64	3.3.0-1ubuntu0.1	installed
libaom3:amd64	3.3.0-1ubuntu0.1	installed
libapparmor1:amd64	3.0.4-2ubuntu2.5	installed
libappstream4:amd64	0.15.2-2	installed
libapr1:amd64	1.7.0-8ubuntu0.22.04.2	installed
libaprutil1:amd64	1.6.1-5ubuntu4.22.04.3	installed
libapt-pkg6.0:amd64	2.4.14	installed
libarchive13:amd64	3.6.0-1ubuntu1.8	installed
libargon2-1:amd64	0~20171227-0.3	installed
libarmadillo-dev	1:10.8.2+dfsg-1	installed
libarmadillo10	1:10.8.2+dfsg-1	installed
libarpack2:amd64	3.8.0-1	installed
libarpack2-dev:amd64	3.8.0-1	installed
libasan6:amd64	11.4.0-1ubuntu1~22.04.3	installed
libasan8:amd64	12.3.0-1ubuntu1~22.04.3	installed
libasound2:amd64	1.2.6.1-1ubuntu1.2	installed
libasound2-data	1.2.6.1-1ubuntu1.2	installed
libasound2-dev:amd64	1.2.6.1-1ubuntu1.2	installed
libasound2-plugins:amd64	1.2.6-1	installed
libaspell15:amd64	0.60.8-4build1	installed
libass9:amd64	1:0.15.2-1	installed
libassimp-dev:amd64	5.2.2~ds0-1	installed
libassimp5:amd64	5.2.2~ds0-1	installed
libassuan0:amd64	2.5.5-1build1	installed
libasyncns0:amd64	0.8-6build2	installed
libatasmart4:amd64	0.19-5build2	installed
libatk-adaptor:amd64	2.38.0-3	installed
libatk-bridge2.0-0:amd64	2.38.0-3	installed
libatk-wrapper-java	0.38.0-5build1	installed
libatk-wrapper-java-jni:amd64	0.38.0-5build1	installed
libatk1.0-0:amd64	2.36.0-3build1	installed
libatk1.0-data	2.36.0-3build1	installed
libatkmm-1.6-1v5:amd64	2.28.2-1build1	installed
libatm1:amd64	1:2.5.1-4build2	installed
libatomic1:amd64	12.3.0-1ubuntu1~22.04.3	installed
libatopology2:amd64	1.2.6.1-1ubuntu1.2	installed
libatspi2.0-0:amd64	2.44.0-3	installed
libattr1:amd64	1:2.5.1-1ubuntu0.1	installed
libaudit-common	1:3.0.7-1build1	installed
libaudit1:amd64	1:3.0.7-1build1	installed
libauthen-sasl-perl	2.1600-1.1ubuntu0.1	installed
libavahi-client3:amd64	0.8-5ubuntu5.5	installed
libavahi-common-data:amd64	0.8-5ubuntu5.5	installed
libavahi-common3:amd64	0.8-5ubuntu5.5	installed
libavahi-core7:amd64	0.8-5ubuntu5.5	installed
libavahi-glib1:amd64	0.8-5ubuntu5.5	installed
libavc1394-0:amd64	0.5.4-5build2	installed
libavcodec-dev:amd64	7:4.4.2-0ubuntu0.22.04.1	installed
libavcodec58:amd64	7:4.4.2-0ubuntu0.22.04.1	installed
libavdevice-dev:amd64	7:4.4.2-0ubuntu0.22.04.1	installed
libavdevice58:amd64	7:4.4.2-0ubuntu0.22.04.1	installed
libavfilter-dev:amd64	7:4.4.2-0ubuntu0.22.04.1	installed
libavfilter7:amd64	7:4.4.2-0ubuntu0.22.04.1	installed
libavformat-dev:amd64	7:4.4.2-0ubuntu0.22.04.1	installed
libavformat58:amd64	7:4.4.2-0ubuntu0.22.04.1	installed
libavutil-dev:amd64	7:4.4.2-0ubuntu0.22.04.1	installed
libavutil56:amd64	7:4.4.2-0ubuntu0.22.04.1	installed
libayatana-appindicator3-1	0.5.90-7ubuntu2	installed
libayatana-ido3-0.4-0:amd64	0.9.1-1	installed
libayatana-indicator3-7:amd64	0.9.1-1	installed
libb64-0d:amd64	1.2-5	installed
libbabeltrace1:amd64	1.5.8-2build1	installed
libbdplus0:amd64	0.2.0-1	installed
libbenchmark-dev:amd64	1.6.1-1	installed
libbenchmark1:amd64	1.6.1-1	installed
libbinutils:amd64	2.38-4ubuntu2.12	installed
libblas-dev:amd64	3.10.0-2ubuntu1	installed
libblas3:amd64	3.10.0-2ubuntu1	installed
libblkid-dev:amd64	2.37.2-4ubuntu3.6	installed
libblkid1:amd64	2.37.2-4ubuntu3.6	installed
libblockdev-crypto2:amd64	2.26-1ubuntu0.1	installed
libblockdev-fs2:amd64	2.26-1ubuntu0.1	installed
libblockdev-loop2:amd64	2.26-1ubuntu0.1	installed
libblockdev-part-err2:amd64	2.26-1ubuntu0.1	installed
libblockdev-part2:amd64	2.26-1ubuntu0.1	installed
libblockdev-swap2:amd64	2.26-1ubuntu0.1	installed
libblockdev-utils2:amd64	2.26-1ubuntu0.1	installed
libblockdev2:amd64	2.26-1ubuntu0.1	installed
libblosc-dev	1.21.1+ds2-2	installed
libblosc1:amd64	1.21.1+ds2-2	installed
libbluetooth3:amd64	5.64-0ubuntu1.4	installed
libbluray2:amd64	1:1.3.1-1	installed
libboost-all-dev	1.74.0.3ubuntu7	installed
libboost-atomic-dev:amd64	1.74.0.3ubuntu7	installed
libboost-atomic1.74-dev:amd64	1.74.0-14ubuntu3	installed
libboost-atomic1.74.0:amd64	1.74.0-14ubuntu3	installed
libboost-chrono-dev:amd64	1.74.0.3ubuntu7	installed
libboost-chrono1.74-dev:amd64	1.74.0-14ubuntu3	installed
libboost-chrono1.74.0:amd64	1.74.0-14ubuntu3	installed
libboost-container-dev:amd64	1.74.0.3ubuntu7	installed
libboost-container1.74-dev:amd64	1.74.0-14ubuntu3	installed
libboost-container1.74.0:amd64	1.74.0-14ubuntu3	installed
libboost-context-dev:amd64	1.74.0.3ubuntu7	installed
libboost-context1.74-dev:amd64	1.74.0-14ubuntu3	installed
libboost-context1.74.0:amd64	1.74.0-14ubuntu3	installed
libboost-coroutine-dev:amd64	1.74.0.3ubuntu7	installed
libboost-coroutine1.74-dev:amd64	1.74.0-14ubuntu3	installed
libboost-coroutine1.74.0:amd64	1.74.0-14ubuntu3	installed
libboost-date-time-dev:amd64	1.74.0.3ubuntu7	installed
libboost-date-time1.74-dev:amd64	1.74.0-14ubuntu3	installed
libboost-date-time1.74.0:amd64	1.74.0-14ubuntu3	installed
libboost-dev:amd64	1.74.0.3ubuntu7	installed
libboost-exception-dev:amd64	1.74.0.3ubuntu7	installed
libboost-exception1.74-dev:amd64	1.74.0-14ubuntu3	installed
libboost-fiber-dev:amd64	1.74.0.3ubuntu7	installed
libboost-fiber1.74-dev:amd64	1.74.0-14ubuntu3	installed
libboost-fiber1.74.0:amd64	1.74.0-14ubuntu3	installed
libboost-filesystem-dev:amd64	1.74.0.3ubuntu7	installed
libboost-filesystem1.74-dev:amd64	1.74.0-14ubuntu3	installed
libboost-filesystem1.74.0:amd64	1.74.0-14ubuntu3	installed
libboost-graph-dev:amd64	1.74.0.3ubuntu7	installed
libboost-graph-parallel-dev	1.74.0.3ubuntu7	installed
libboost-graph-parallel1.74-dev	1.74.0-14ubuntu3	installed
libboost-graph-parallel1.74.0	1.74.0-14ubuntu3	installed
libboost-graph1.74-dev:amd64	1.74.0-14ubuntu3	installed
libboost-graph1.74.0:amd64	1.74.0-14ubuntu3	installed
libboost-iostreams-dev:amd64	1.74.0.3ubuntu7	installed
libboost-iostreams1.74-dev:amd64	1.74.0-14ubuntu3	installed
libboost-iostreams1.74.0:amd64	1.74.0-14ubuntu3	installed
libboost-locale-dev:amd64	1.74.0.3ubuntu7	installed
libboost-locale1.74-dev:amd64	1.74.0-14ubuntu3	installed
libboost-locale1.74.0:amd64	1.74.0-14ubuntu3	installed
libboost-log-dev	1.74.0.3ubuntu7	installed
libboost-log1.74-dev	1.74.0-14ubuntu3	installed
libboost-log1.74.0	1.74.0-14ubuntu3	installed
libboost-math-dev:amd64	1.74.0.3ubuntu7	installed
libboost-math1.74-dev:amd64	1.74.0-14ubuntu3	installed
libboost-math1.74.0:amd64	1.74.0-14ubuntu3	installed
libboost-mpi-dev	1.74.0.3ubuntu7	installed
libboost-mpi-python-dev	1.74.0.3ubuntu7	installed
libboost-mpi-python1.74-dev	1.74.0-14ubuntu3	installed
libboost-mpi-python1.74.0	1.74.0-14ubuntu3	installed
libboost-mpi1.74-dev	1.74.0-14ubuntu3	installed
libboost-mpi1.74.0	1.74.0-14ubuntu3	installed
libboost-nowide-dev	1.74.0.3ubuntu7	installed
libboost-nowide1.74-dev	1.74.0-14ubuntu3	installed
libboost-nowide1.74.0	1.74.0-14ubuntu3	installed
libboost-numpy-dev	1.74.0.3ubuntu7	installed
libboost-numpy1.74-dev	1.74.0-14ubuntu3	installed
libboost-numpy1.74.0	1.74.0-14ubuntu3	installed
libboost-program-options-dev:amd64	1.74.0.3ubuntu7	installed
libboost-program-options1.74-dev:amd64	1.74.0-14ubuntu3	installed
libboost-program-options1.74.0:amd64	1.74.0-14ubuntu3	installed
libboost-python-dev	1.74.0.3ubuntu7	installed
libboost-python1.74-dev	1.74.0-14ubuntu3	installed
libboost-python1.74.0	1.74.0-14ubuntu3	installed
libboost-random-dev:amd64	1.74.0.3ubuntu7	installed
libboost-random1.74-dev:amd64	1.74.0-14ubuntu3	installed
libboost-random1.74.0:amd64	1.74.0-14ubuntu3	installed
libboost-regex-dev:amd64	1.74.0.3ubuntu7	installed
libboost-regex1.74-dev:amd64	1.74.0-14ubuntu3	installed
libboost-regex1.74.0:amd64	1.74.0-14ubuntu3	installed
libboost-serialization-dev:amd64	1.74.0.3ubuntu7	installed
libboost-serialization1.74-dev:amd64	1.74.0-14ubuntu3	installed
libboost-serialization1.74.0:amd64	1.74.0-14ubuntu3	installed
libboost-stacktrace-dev:amd64	1.74.0.3ubuntu7	installed
libboost-stacktrace1.74-dev:amd64	1.74.0-14ubuntu3	installed
libboost-stacktrace1.74.0:amd64	1.74.0-14ubuntu3	installed
libboost-system-dev:amd64	1.74.0.3ubuntu7	installed
libboost-system1.74-dev:amd64	1.74.0-14ubuntu3	installed
libboost-system1.74.0:amd64	1.74.0-14ubuntu3	installed
libboost-test-dev:amd64	1.74.0.3ubuntu7	installed
libboost-test1.74-dev:amd64	1.74.0-14ubuntu3	installed
libboost-test1.74.0:amd64	1.74.0-14ubuntu3	installed
libboost-thread-dev:amd64	1.74.0.3ubuntu7	installed
libboost-thread1.74-dev:amd64	1.74.0-14ubuntu3	installed
libboost-thread1.74.0:amd64	1.74.0-14ubuntu3	installed
libboost-timer-dev:amd64	1.74.0.3ubuntu7	installed
libboost-timer1.74-dev:amd64	1.74.0-14ubuntu3	installed
libboost-timer1.74.0:amd64	1.74.0-14ubuntu3	installed
libboost-tools-dev	1.74.0.3ubuntu7	installed
libboost-type-erasure-dev:amd64	1.74.0.3ubuntu7	installed
libboost-type-erasure1.74-dev:amd64	1.74.0-14ubuntu3	installed
libboost-type-erasure1.74.0:amd64	1.74.0-14ubuntu3	installed
libboost-wave-dev:amd64	1.74.0.3ubuntu7	installed
libboost-wave1.74-dev:amd64	1.74.0-14ubuntu3	installed
libboost-wave1.74.0:amd64	1.74.0-14ubuntu3	installed
libboost1.74-dev:amd64	1.74.0-14ubuntu3	installed
libboost1.74-tools-dev	1.74.0-14ubuntu3	installed
libbpf0:amd64	1:0.5.0-1ubuntu22.04.1	installed
libbrlapi0.8:amd64	6.4-4ubuntu3	installed
libbrotli-dev:amd64	1.0.9-2build6	installed
libbrotli1:amd64	1.0.9-2build6	installed
libbs2b0:amd64	3.1.0+dfsg-2.2build1	installed
libbsd-dev:amd64	0.11.5-1	installed
libbsd0:amd64	0.11.5-1	installed
libbsd0:i386	0.11.5-1	installed
libbullet-dev:amd64	3.06+dfsg-4build2	installed
libbullet3.06:amd64	3.06+dfsg-4build2	installed
libbz2-1.0:amd64	1.0.8-5ubuntu0.1	installed
libc-bin	2.35-0ubuntu3.15	installed
libc-dev-bin	2.35-0ubuntu3.15	installed
libc-devtools	2.35-0ubuntu3.15	installed
libc6:amd64	2.35-0ubuntu3.15	installed
libc6:i386	2.35-0ubuntu3.15	installed
libc6-dbg:amd64	2.35-0ubuntu3.15	installed
libc6-dev:amd64	2.35-0ubuntu3.15	installed
libcaca0:amd64	0.99.beta19-2.2ubuntu4.2	installed
libcaf-openmpi-3:amd64	2.9.2-3	installed
libcairo-gobject-perl:amd64	1.005-3build1	installed
libcairo-gobject2:amd64	1.16.0-5ubuntu2.1	installed
libcairo-perl:amd64	1.109-2build1	installed
libcairo-script-interpreter2:amd64	1.16.0-5ubuntu2.1	installed
libcairo2:amd64	1.16.0-5ubuntu2.1	installed
libcairomm-1.0-1v5:amd64	1.12.2-4build3	installed
libcamel-1.2-63:amd64	3.44.4-0ubuntu1.2	installed
libcanberra-gtk3-0:amd64	0.30-10ubuntu1.22.04.1	installed
libcanberra-gtk3-module:amd64	0.30-10ubuntu1.22.04.1	installed
libcanberra-pulse:amd64	0.30-10ubuntu1.22.04.1	installed
libcanberra0:amd64	0.30-10ubuntu1.22.04.1	installed
libcap-dev:amd64	1:2.44-1ubuntu0.22.04.3	installed
libcap-ng0:amd64	0.7.9-2.2build3	installed
libcap2:amd64	1:2.44-1ubuntu0.22.04.3	installed
libcap2-bin	1:2.44-1ubuntu0.22.04.3	installed
libcbor0.8:amd64	0.8.0-2ubuntu1	installed
libcc1-0:amd64	12.3.0-1ubuntu1~22.04.3	installed
libccd-dev:amd64	2.1-2	installed
libccd2:amd64	2.1-2	installed
libcdio-cdda2:amd64	10.2+2.0.0-1build3	installed
libcdio-paranoia2:amd64	10.2+2.0.0-1build3	installed
libcdio19:amd64	2.1.0-3ubuntu0.2	installed
libcdparanoia0:amd64	3.10.2+debian-14build2	installed
libcdt5:amd64	2.42.2-6ubuntu0.1	installed
libcfitsio-dev:amd64	4.0.0-1	installed
libcfitsio-doc	4.0.0-1	installed
libcfitsio9:amd64	4.0.0-1	installed
libcgraph6:amd64	2.42.2-6ubuntu0.1	installed
libcharls-dev:amd64	2.3.4-1	installed
libcharls2:amd64	2.3.4-1	installed
libcheese-gtk25:amd64	41.1-1build1	installed
libcheese8:amd64	41.1-1build1	installed
libchromaprint1:amd64	1.5.1-2	installed
libclang1-14	1:14.0.0-1ubuntu1.1	installed
libclass-loader1d:amd64	0.5.0-5build1	installed
libclone-perl	0.45-1build3	installed
libclutter-1.0-0:amd64	1.26.4+dfsg-4build1	installed
libclutter-1.0-common	1.26.4+dfsg-4build1	installed
libclutter-gst-3.0-0:amd64	3.0.27-2ubuntu1	installed
libclutter-gtk-1.0-0:amd64	1.8.4-4build2	installed
libcoarrays-dev:amd64	2.9.2-3	installed
libcoarrays-openmpi-dev:amd64	2.9.2-3	installed
libcodec2-1.0:amd64	1.0.1-3	installed
libcogl-common	1.22.8-3build1	installed
libcogl-pango20:amd64	1.22.8-3build1	installed
libcogl-path20:amd64	1.22.8-3build1	installed
libcogl20:amd64	1.22.8-3build1	installed
libcolord-gtk1:amd64	0.3.0-1	installed
libcolord2:amd64	1.4.6-1	installed
libcolorhug2:amd64	1.4.6-1	installed
libcom-err2:amd64	1.46.5-2ubuntu1.2	installed
libcom-err2:i386	1.46.5-2ubuntu1.2	installed
libconsole-bridge-dev:amd64	1.0.1+dfsg2-3	installed
libconsole-bridge1.0:amd64	1.0.1+dfsg2-3	installed
libcpp-common0d:amd64	0.7.2-8build1	installed
libcrack2:amd64	2.9.6-3.4build4	installed
libcrypt-dev:amd64	1:4.4.27-1	installed
libcrypt1:amd64	1:4.4.27-1	installed
libcrypt1:i386	1:4.4.27-1	installed
libcryptsetup12:amd64	2:2.4.3-1ubuntu1.3	installed
libctf-nobfd0:amd64	2.38-4ubuntu2.12	installed
libctf0:amd64	2.38-4ubuntu2.12	installed
libcub-dev	1.15.0-3	installed
libcublas11:amd64	11.7.4.6~11.5.1-1ubuntu1	installed
libcublaslt11:amd64	11.7.4.6~11.5.1-1ubuntu1	installed
libcudart11.0:amd64	11.5.117~11.5.1-1ubuntu1	installed
libcue2:amd64	2.2.1-3ubuntu0.1	installed
libcufft10:amd64	11.1.1+~10.6.0.107~11.5.1-1ubuntu1	installed
libcufftw10:amd64	11.1.1+~10.6.0.107~11.5.1-1ubuntu1	installed
libcuinj64-11.5:amd64	11.5.114~11.5.1-1ubuntu1	installed
libcups2:amd64	2.4.1op1-1ubuntu4.21	installed
libcupsfilters1:amd64	1.28.15-0ubuntu1.5	installed
libcupsimage2:amd64	2.4.1op1-1ubuntu4.21	installed
libcupti-dev:amd64	11.5.114~11.5.1-1ubuntu1	installed
libcupti-doc	11.5.114~11.5.1-1ubuntu1	installed
libcupti11.5:amd64	11.5.114~11.5.1-1ubuntu1	installed
libcurand10:amd64	11.1.1+~10.2.7.107~11.5.1-1ubuntu1	installed
libcurl3-gnutls:amd64	7.81.0-1ubuntu1.29	installed
libcurl4:amd64	7.81.0-1ubuntu1.29	installed
libcurl4-openssl-dev:amd64	7.81.0-1ubuntu1.29	installed
libcusolver11:amd64	11.3.2.107~11.5.1-1ubuntu1	installed
libcusolvermg11:amd64	11.3.2.107~11.5.1-1ubuntu1	installed
libcusparse11:amd64	11.7.0.107~11.5.1-1ubuntu1	installed
libdaemon0:amd64	0.14-7.1ubuntu3	installed
libdart-collision-bullet-dev:amd64	6.12.1+dfsg4-11build2	installed
libdart-collision-bullet6.12:amd64	6.12.1+dfsg4-11build2	installed
libdart-collision-ode-dev:amd64	6.12.1+dfsg4-11build2	installed
libdart-collision-ode6.12:amd64	6.12.1+dfsg4-11build2	installed
libdart-dev:amd64	6.12.1+dfsg4-11build2	installed
libdart-external-convhull-3d-dev:amd64	6.12.1+dfsg4-11build2	installed
libdart-external-ikfast-dev:amd64	6.12.1+dfsg4-11build2	installed
libdart-external-odelcpsolver-dev:amd64	6.12.1+dfsg4-11build2	installed
libdart-external-odelcpsolver6.12:amd64	6.12.1+dfsg4-11build2	installed
libdart-utils-dev:amd64	6.12.1+dfsg4-11build2	installed
libdart-utils-urdf-dev:amd64	6.12.1+dfsg4-11build2	installed
libdart-utils-urdf6.12:amd64	6.12.1+dfsg4-11build2	installed
libdart-utils6.12:amd64	6.12.1+dfsg4-11build2	installed
libdart6.12:amd64	6.12.1+dfsg4-11build2	installed
libdata-dump-perl	1.25-1	installed
libdatrie1:amd64	0.2.13-2	installed
libdav1d-dev:amd64	0.9.2-1	installed
libdav1d5:amd64	0.9.2-1	installed
libdb5.3:amd64	5.3.28+dfsg1-0.8ubuntu3	installed
libdbus-1-3:amd64	1.12.20-2ubuntu4.1	installed
libdbus-1-dev:amd64	1.12.20-2ubuntu4.1	installed
libdbus-glib-1-2:amd64	0.112-2build1	installed
libdbusmenu-glib4:amd64	16.04.1+18.10.20180917-0ubuntu8	installed
libdbusmenu-gtk3-4:amd64	16.04.1+18.10.20180917-0ubuntu8	installed
libdc1394-25:amd64	2.2.6-4	installed
libdc1394-dev:amd64	2.2.6-4	installed
libdconf1:amd64	0.40.0-3ubuntu0.1	installed
libde265-0:amd64	1.0.8-1ubuntu0.3	installed
libde265-dev:amd64	1.0.8-1ubuntu0.3	installed
libdebconfclient0:amd64	0.261ubuntu1	installed
libdebuginfod-common	0.186-1ubuntu0.1	installed
libdebuginfod1:amd64	0.186-1ubuntu0.1	installed
libdecor-0-0:amd64	0.1.0-3build1	installed
libdecor-0-dev:amd64	0.1.0-3build1	installed
libdecor-0-plugin-1-cairo:amd64	0.1.0-3build1	installed
libdee-1.0-4:amd64	1.2.7+17.10.20170616-6ubuntu4	installed
libdeflate-dev:amd64	1.10-2	installed
libdeflate0:amd64	1.10-2	installed
libdevmapper1.02.1:amd64	2:1.02.175-2.1ubuntu5	installed
libdjvulibre-text	3.5.28-2ubuntu0.22.04.2	installed
libdjvulibre21:amd64	3.5.28-2ubuntu0.22.04.2	installed
libdns-export1110	1:9.11.19+dfsg-2.1ubuntu3	installed
libdotconf0:amd64	1.3-0.3fakesync1build2	installed
libdouble-conversion-dev:amd64	3.1.7-4	installed
libdouble-conversion3:amd64	3.1.7-4	installed
libdpkg-perl	1.21.1ubuntu2.6	installed
libdraco-dev:amd64	1.5.2+dfsg-2	installed
libdraco4:amd64	1.5.2+dfsg-2	installed
libdrm-amdgpu1:amd64	2.4.113-2~ubuntu0.22.04.1	installed
libdrm-common	2.4.113-2~ubuntu0.22.04.1	installed
libdrm-dev:amd64	2.4.113-2~ubuntu0.22.04.1	installed
libdrm-intel1:amd64	2.4.113-2~ubuntu0.22.04.1	installed
libdrm-nouveau2:amd64	2.4.113-2~ubuntu0.22.04.1	installed
libdrm-radeon1:amd64	2.4.113-2~ubuntu0.22.04.1	installed
libdrm2:amd64	2.4.113-2~ubuntu0.22.04.1	installed
libdrm2:i386	2.4.113-2~ubuntu0.22.04.1	installed
libdv4:amd64	1.0.0-14build1	installed
libdw-dev:amd64	0.186-1ubuntu0.1	installed
libdw1:amd64	0.186-1ubuntu0.1	installed
libebackend-1.2-10:amd64	3.44.4-0ubuntu1.2	installed
libebook-1.2-20:amd64	3.44.4-0ubuntu1.2	installed
libebook-contacts-1.2-3:amd64	3.44.4-0ubuntu1.2	installed
libecal-2.0-1:amd64	3.44.4-0ubuntu1.2	installed
libedata-book-1.2-26:amd64	3.44.4-0ubuntu1.2	installed
libedata-cal-2.0-1:amd64	3.44.4-0ubuntu1.2	installed
libedataserver-1.2-26:amd64	3.44.4-0ubuntu1.2	installed
libedataserverui-1.2-3:amd64	3.44.4-0ubuntu1.2	installed
libedit2:amd64	3.1-20210910-1build1	installed
libefiboot1:amd64	37-6ubuntu2	installed
libefivar1:amd64	37-6ubuntu2	installed
libegl-dev:amd64	1.4.0-1	installed
libegl-mesa0:amd64	23.2.1-1ubuntu3.1~22.04.4	installed
libegl1:amd64	1.4.0-1	installed
libegl1-mesa-dev:amd64	23.2.1-1ubuntu3.1~22.04.4	installed
libeigen3-dev	3.4.0-2ubuntu2	installed
libelf-dev:amd64	0.186-1ubuntu0.1	installed
libelf1:amd64	0.186-1ubuntu0.1	installed
libenchant-2-2:amd64	2.3.2-1ubuntu2	installed
libencode-locale-perl	1.05-1.1	installed
libepoxy0:amd64	1.5.10-1	installed
liberror-perl	0.17029-1	installed
libespeak-ng1:amd64	1.50+dfsg-10ubuntu0.1	installed
libestr0:amd64	0.1.10-2.1build3	installed
libevdev2:amd64	1.12.1+dfsg-1	installed
libevdocument3-4:amd64	42.3-0ubuntu3.2	installed
libevent-2.1-7:amd64	2.1.12-stable-1ubuntu0.2	installed
libevent-core-2.1-7:amd64	2.1.12-stable-1ubuntu0.2	installed
libevent-dev	2.1.12-stable-1ubuntu0.2	installed
libevent-extra-2.1-7:amd64	2.1.12-stable-1ubuntu0.2	installed
libevent-openssl-2.1-7:amd64	2.1.12-stable-1ubuntu0.2	installed
libevent-pthreads-2.1-7:amd64	2.1.12-stable-1ubuntu0.2	installed
libevview3-3:amd64	42.3-0ubuntu3.2	installed
libexempi8:amd64	2.5.2-1ubuntu0.22.04.1	installed
libexif-dev:amd64	0.6.24-1ubuntu0.22.04.1	installed
libexif-doc	0.6.24-1ubuntu0.22.04.1	installed
libexif12:amd64	0.6.24-1ubuntu0.22.04.1	installed
libexiv2-27:amd64	0.27.5-3ubuntu1.3	installed
libexpat1:amd64	2.4.7-1ubuntu0.9	installed
libexpat1:i386	2.4.7-1ubuntu0.9	installed
libexpat1-dev:amd64	2.4.7-1ubuntu0.9	installed
libexpected-dev	1.0.0~dfsg-2	installed
libext2fs2:amd64	1.46.5-2ubuntu1.2	installed
libextutils-depends-perl	0.8001-1	installed
libfabric1:amd64	1.11.0-3	installed
libfakeroot:amd64	1.28-1ubuntu1	installed
libfastjson4:amd64	0.99.9-1build2	installed
libfcl-dev:amd64	0.7.0-3	installed
libfcl0.7:amd64	0.7.0-3	installed
libfdisk1:amd64	2.37.2-4ubuntu3.6	installed
libffi-dev:amd64	3.4.2-4	installed
libffi8:amd64	3.4.2-4	installed
libffi8:i386	3.4.2-4	installed
libfftw3-single3:amd64	3.3.8-2ubuntu8	installed
libfido2-1:amd64	1.10.0-1	installed
libfile-basedir-perl	0.09-1	installed
libfile-desktopentry-perl	0.22-2	installed
libfile-fcntllock-perl	0.22-3build7	installed
libfile-listing-perl	6.14-1	installed
libfile-mimeinfo-perl	0.31-1	installed
libflac8:amd64	1.3.3-2ubuntu0.2	installed
libflann-dev:amd64	1.9.1+dfsg-11	installed
libflann1.9:amd64	1.9.1+dfsg-11	installed
libflashrom1:amd64	1.2-5build1	installed
libflite1:amd64	2.2-3	installed
libfmt-dev:amd64	8.1.1+ds1-2	installed
libfmt8:amd64	8.1.1+ds1-2	installed
libfont-afm-perl	1.20-3	installed
libfontconfig-dev:amd64	2.13.1-4.2ubuntu5	installed
libfontconfig1:amd64	2.13.1-4.2ubuntu5	installed
libfontconfig1-dev:amd64	2.13.1-4.2ubuntu5	installed
libfontembed1:amd64	1.28.15-0ubuntu1.5	installed
libfontenc1:amd64	1:1.1.4-1build3	installed
libfprint-2-2:amd64	1:1.94.3+tod1-0ubuntu2~22.04.08	installed
libfreeimage3:amd64	3.18.0+ds2-6ubuntu5.1	installed
libfreerdp-client2-2:amd64	2.6.1+dfsg1-3ubuntu2.11	installed
libfreerdp-server2-2:amd64	2.6.1+dfsg1-3ubuntu2.11	installed
libfreerdp2-2:amd64	2.6.1+dfsg1-3ubuntu2.11	installed
libfreetype-dev:amd64	2.11.1+dfsg-1ubuntu0.3	installed
libfreetype6:amd64	2.11.1+dfsg-1ubuntu0.3	installed
libfreetype6-dev:amd64	2.11.1+dfsg-1ubuntu0.3	installed
libfreexl-dev:amd64	1.0.6-1	installed
libfreexl1:amd64	1.0.6-1	installed
libfribidi0:amd64	1.0.8-2ubuntu3.1	installed
libftdi1-2:amd64	1.5-5build3	installed
libfuse3-3:amd64	3.10.5-1build1	installed
libfwupd2:amd64	1.7.9-1~22.04.3	installed
libfwupd3:amd64	2.0.20-1ubuntu2~22.04.2	installed
libfwupdplugin5:amd64	1.7.9-1~22.04.3	installed
libfyba-dev:amd64	4.1.1-7	installed
libfyba0:amd64	4.1.1-7	installed
libgail-common:amd64	2.24.33-2ubuntu2.1	installed
libgail18:amd64	2.24.33-2ubuntu2.1	installed
libgamemode0:amd64	1.6.1-1build2	installed
libgamemodeauto0:amd64	1.6.1-1build2	installed
libgazebo11:amd64	11.10.2+dfsg-1	installed
libgbm-dev:amd64	23.2.1-1ubuntu3.1~22.04.4	installed
libgbm1:amd64	23.2.1-1ubuntu3.1~22.04.4	installed
libgbm1:i386	23.2.1-1ubuntu3.1~22.04.4	installed
libgcab-1.0-0:amd64	1.4-3build2	installed
libgcc-11-dev:amd64	11.4.0-1ubuntu1~22.04.3	installed
libgcc-12-dev:amd64	12.3.0-1ubuntu1~22.04.3	installed
libgcc-s1:amd64	12.3.0-1ubuntu1~22.04.3	installed
libgcc-s1:i386	12.3.0-1ubuntu1~22.04.3	installed
libgck-1-0:amd64	3.40.0-4	installed
libgcr-base-3-1:amd64	3.40.0-4	installed
libgcr-ui-3-1:amd64	3.40.0-4	installed
libgcrypt20:amd64	1.9.4-3ubuntu3.3	installed
libgd3:amd64	2.3.0-2ubuntu2.3	installed
libgdal-dev	3.4.1+dfsg-1build4	installed
libgdal30	3.4.1+dfsg-1build4	installed
libgdata-common	0.18.1-2build1	installed
libgdata22:amd64	0.18.1-2build1	installed
libgdbm-compat4:amd64	1.23-1	installed
libgdbm6:amd64	1.23-1	installed
libgdcm-dev	3.0.10-1build2	installed
libgdcm3.0:amd64	3.0.10-1build2	installed
libgdk-pixbuf-2.0-0:amd64	2.42.8+dfsg-1ubuntu0.5	installed
libgdk-pixbuf2.0-bin	2.42.8+dfsg-1ubuntu0.5	installed
libgdk-pixbuf2.0-common	2.42.8+dfsg-1ubuntu0.5	installed
libgdm1	42.0-1ubuntu7.22.04.4	installed
libgee-0.8-2:amd64	0.20.5-2	installed
libgeoclue-2-0:amd64	2.5.7-3ubuntu3	installed
libgeocode-glib0:amd64	3.26.2-2build2	installed
libgeos-c1v5:amd64	3.10.2-1	installed
libgeos-dev	3.10.2-1	installed
libgeos3.10.2:amd64	3.10.2-1	installed
libgeotiff-dev:amd64	1.7.0-2build1	installed
libgeotiff5:amd64	1.7.0-2build1	installed
libgexiv2-2:amd64	0.14.0-1build1	installed
libgflags-dev	2.2.2-2	installed
libgflags2.2	2.2.2-2	installed
libgfortran-11-dev:amd64	11.4.0-1ubuntu1~22.04.3	installed
libgfortran5:amd64	12.3.0-1ubuntu1~22.04.3	installed
libgif-dev	5.1.9-2ubuntu0.3	installed
libgif7:amd64	5.1.9-2ubuntu0.3	installed
libgirepository-1.0-1:amd64	1.72.0-1	installed
libgjs0g:amd64	1.72.4-0ubuntu0.22.04.4	installed
libgl-dev:amd64	1.4.0-1	installed
libgl1:amd64	1.4.0-1	installed
libgl1-amber-dri:amd64	21.3.9-0ubuntu1~22.04.2	installed
libgl1-mesa-dev:amd64	23.2.1-1ubuntu3.1~22.04.4	installed
libgl1-mesa-dri:amd64	23.2.1-1ubuntu3.1~22.04.4	installed
libgl2ps-dev	1.4.2+dfsg1-2	installed
libgl2ps1.4	1.4.2+dfsg1-2	installed
libglapi-mesa:amd64	23.2.1-1ubuntu3.1~22.04.4	installed
libgles-dev:amd64	1.4.0-1	installed
libgles1:amd64	1.4.0-1	installed
libgles2:amd64	1.4.0-1	installed
libglew-dev:amd64	2.2.0-4	installed
libglew2.2:amd64	2.2.0-4	installed
libglfw3:amd64	3.3.6-1	installed
libglfw3-dev:amd64	3.3.6-1	installed
libglib-object-introspection-perl	0.049-1+build2	installed
libglib-perl:amd64	3:1.329.3-2build1	installed
libglib2.0-0:amd64	2.72.4-0ubuntu2.10	installed
libglib2.0-bin	2.72.4-0ubuntu2.10	installed
libglib2.0-data	2.72.4-0ubuntu2.10	installed
libglib2.0-dev:amd64	2.72.4-0ubuntu2.10	installed
libglib2.0-dev-bin	2.72.4-0ubuntu2.10	installed
libglibmm-2.4-1v5:amd64	2.66.2-2	installed
libglu1-mesa:amd64	9.0.2-1	installed
libglu1-mesa-dev:amd64	9.0.2-1	installed
libglvnd-core-dev:amd64	1.4.0-1	installed
libglvnd-dev:amd64	1.4.0-1	installed
libglvnd0:amd64	1.4.0-1	installed
libglx-dev:amd64	1.4.0-1	installed
libglx-mesa0:amd64	23.2.1-1ubuntu3.1~22.04.4	installed
libglx0:amd64	1.4.0-1	installed
libgme0:amd64	0.6.3-2	installed
libgmp10:amd64	2:6.2.1+dfsg-3ubuntu1	installed
libgnome-autoar-0-0:amd64	0.4.3-1	installed
libgnome-bg-4-1:amd64	42.9-0ubuntu1	installed
libgnome-bluetooth-3.0-13:amd64	42.0-5	installed
libgnome-bluetooth13:amd64	3.34.5-8	installed
libgnome-desktop-3-19:amd64	42.9-0ubuntu1	installed
libgnome-desktop-4-1:amd64	42.9-0ubuntu1	installed
libgnome-menu-3-0:amd64	3.36.0-1ubuntu3	installed
libgnomekbd-common	3.26.1-2	installed
libgnomekbd8:amd64	3.26.1-2	installed
libgnutls30:amd64	3.7.3-4ubuntu1.9	installed
libgoa-1.0-0b:amd64	3.44.0-1ubuntu1	installed
libgoa-1.0-common	3.44.0-1ubuntu1	installed
libgoa-backend-1.0-1:amd64	3.44.0-1ubuntu1	installed
libgomp1:amd64	12.3.0-1ubuntu1~22.04.3	installed
libgpg-error0:amd64	1.43-3	installed
libgpgme11:amd64	1.16.0-1.2ubuntu4.2	installed
libgphoto2-6:amd64	2.5.27-1ubuntu0.1	installed
libgphoto2-dev:amd64	2.5.27-1ubuntu0.1	installed
libgphoto2-l10n	2.5.27-1ubuntu0.1	installed
libgphoto2-port12:amd64	2.5.27-1ubuntu0.1	installed
libgpm2:amd64	1.20.7-10build1	installed
libgraphene-1.0-0:amd64	1.10.8-1	installed
libgraphite2-3:amd64	1.3.14-1ubuntu0.1	installed
libgs9:amd64	9.55.0~dfsg1-0ubuntu5.14	installed
libgs9-common	9.55.0~dfsg1-0ubuntu5.14	installed
libgsf-1-114:amd64	1.14.47-1ubuntu0.1	installed
libgsf-1-common	1.14.47-1ubuntu0.1	installed
libgsm1:amd64	1.0.19-1	installed
libgsound0:amd64	1.0.3-2build1	installed
libgspell-1-2:amd64	1.9.1-4	installed
libgspell-1-common	1.9.1-4	installed
libgssapi-krb5-2:amd64	1.19.2-2ubuntu0.8	installed
libgssapi-krb5-2:i386	1.19.2-2ubuntu0.8	installed
libgssdp-1.2-0:amd64	1.4.0.1-2build1	installed
libgssrpc4:amd64	1.19.2-2ubuntu0.8	installed
libgstreamer-gl1.0-0:amd64	1.20.1-1ubuntu0.7	installed
libgstreamer-plugins-base1.0-0:amd64	1.20.1-1ubuntu0.7	installed
libgstreamer-plugins-good1.0-0:amd64	1.20.3-0ubuntu1.10	installed
libgstreamer1.0-0:amd64	1.20.3-0ubuntu1.1	installed
libgtest-dev:amd64	1.11.0-3	installed
libgtk-3-0:amd64	3.24.33-1ubuntu2.2	installed
libgtk-3-bin	3.24.33-1ubuntu2.2	installed
libgtk-3-common	3.24.33-1ubuntu2.2	installed
libgtk-4-1:amd64	4.6.9+ds-0ubuntu0.22.04.2	installed
libgtk-4-bin	4.6.9+ds-0ubuntu0.22.04.2	installed
libgtk-4-common	4.6.9+ds-0ubuntu0.22.04.2	installed
libgtk2.0-0:amd64	2.24.33-2ubuntu2.1	installed
libgtk2.0-bin	2.24.33-2ubuntu2.1	installed
libgtk2.0-common	2.24.33-2ubuntu2.1	installed
libgtk3-perl	0.038-1	installed
libgtkmm-3.0-1v5:amd64	3.24.5-1build1	installed
libgtksourceview-4-0:amd64	4.8.3-1	installed
libgtksourceview-4-common	4.8.3-1	installed
libgtop-2.0-11:amd64	2.40.0-2build3	installed
libgtop2-common	2.40.0-2build3	installed
libgts-0.7-5:amd64	0.7.6+darcs121130-5	installed
libgts-bin	0.7.6+darcs121130-5	installed
libgts-dev:amd64	0.7.6+darcs121130-5	installed
libgudev-1.0-0:amd64	1:237-2build1	installed
libgupnp-1.2-1:amd64	1.4.3-1	installed
libgupnp-av-1.0-3	0.14.0-3	installed
libgupnp-dlna-2.0-4	0.12.0-3	installed
libgusb2:amd64	0.3.10-1	installed
libgvc6	2.42.2-6ubuntu0.1	installed
libgvpr2:amd64	2.42.2-6ubuntu0.1	installed
libgweather-3-16:amd64	40.0-5build1	installed
libgweather-common	40.0-5build1	installed
libgxps2:amd64	0.3.2-2	installed
libhandy-1-0:amd64	1.6.1-1	installed
libharfbuzz-icu0:amd64	2.7.4-1ubuntu3.2	installed
libharfbuzz0b:amd64	2.7.4-1ubuntu3.2	installed
libhdf4-0-alt	4.2.15-4	installed
libhdf4-alt-dev	4.2.15-4	installed
libhdf5-103-1:amd64	1.10.7+repack-4ubuntu2	installed
libhdf5-cpp-103-1:amd64	1.10.7+repack-4ubuntu2	installed
libhdf5-dev	1.10.7+repack-4ubuntu2	installed
libhdf5-fortran-102:amd64	1.10.7+repack-4ubuntu2	installed
libhdf5-hl-100:amd64	1.10.7+repack-4ubuntu2	installed
libhdf5-hl-cpp-100:amd64	1.10.7+repack-4ubuntu2	installed
libhdf5-hl-fortran-100:amd64	1.10.7+repack-4ubuntu2	installed
libhdf5-mpi-dev	1.10.7+repack-4ubuntu2	installed
libhdf5-openmpi-103-1:amd64	1.10.7+repack-4ubuntu2	installed
libhdf5-openmpi-cpp-103-1:amd64	1.10.7+repack-4ubuntu2	installed
libhdf5-openmpi-dev	1.10.7+repack-4ubuntu2	installed
libhdf5-openmpi-fortran-102:amd64	1.10.7+repack-4ubuntu2	installed
libhdf5-openmpi-hl-100:amd64	1.10.7+repack-4ubuntu2	installed
libhdf5-openmpi-hl-cpp-100:amd64	1.10.7+repack-4ubuntu2	installed
libhdf5-openmpi-hl-fortran-100:amd64	1.10.7+repack-4ubuntu2	installed
libheif-dev:amd64	1.12.0-2build1	installed
libheif1:amd64	1.12.0-2build1	installed
libhogweed6:amd64	3.7.3-1build2	installed
libhpmud0:amd64	3.21.12+dfsg0-1ubuntu0.1	installed
libhtml-form-perl	6.07-1	installed
libhtml-format-perl	2.12-1.1	installed
libhtml-parser-perl:amd64	3.76-1ubuntu0.1	installed
libhtml-tagset-perl	3.20-4	installed
libhtml-tree-perl	5.07-2	installed
libhttp-cookies-perl	6.10-1	installed
libhttp-daemon-perl	6.13-1ubuntu0.2	installed
libhttp-date-perl	6.05-1ubuntu0.1	installed
libhttp-message-perl	6.36-1	installed
libhttp-negotiate-perl	6.01-1	installed
libhunspell-1.7-0:amd64	1.7.0-4build1	installed
libhwloc-dev:amd64	2.7.0-2ubuntu1	installed
libhwloc-plugins:amd64	2.7.0-2ubuntu1	installed
libhwloc15:amd64	2.7.0-2ubuntu1	installed
libhyphen0:amd64	2.8.8-7build2	installed
libibus-1.0-5:amd64	1.5.26-4	installed
libibus-1.0-dev:amd64	1.5.26-4	installed
libibverbs-dev:amd64	39.0-1	installed
libibverbs1:amd64	39.0-1	installed
libical3:amd64	3.0.14-1build1	installed
libice-dev:amd64	2:1.0.10-1build2	installed
libice6:amd64	2:1.0.10-1build2	installed
libicu-dev:amd64	70.1-2	installed
libicu70:amd64	70.1-2	installed
libidn12:amd64	1.38-4ubuntu1.1	installed
libidn2-0:amd64	2.3.2-2build1	installed
libidn2-0:i386	2.3.2-2build1	installed
libiec61883-0:amd64	1.2.0-4build3	installed
libieee1284-3:amd64	0.2.11-14build2	installed
libigdgmm12:amd64	22.1.2+ds1-1	installed
libignition-cmake2-dev:amd64	2.19.0-1~jammy	installed
libignition-common3-3:amd64	3.14.0+dfsg-5	installed
libignition-common4:amd64	4.8.1-1~jammy	installed
libignition-common4-av:amd64	4.8.1-1~jammy	installed
libignition-common4-av-dev:amd64	4.8.1-1~jammy	installed
libignition-common4-core-dev:amd64	4.8.1-1~jammy	installed
libignition-common4-dev:amd64	4.8.1-1~jammy	installed
libignition-common4-events:amd64	4.8.1-1~jammy	installed
libignition-common4-events-dev:amd64	4.8.1-1~jammy	installed
libignition-common4-graphics:amd64	4.8.1-1~jammy	installed
libignition-common4-graphics-dev:amd64	4.8.1-1~jammy	installed
libignition-common4-profiler:amd64	4.8.1-1~jammy	installed
libignition-common4-profiler-dev:amd64	4.8.1-1~jammy	installed
libignition-fuel-tools4-4:amd64	4.4.0+ds-3build1	installed
libignition-fuel-tools7:amd64	7.3.1-1~jammy	installed
libignition-fuel-tools7-dev:amd64	7.3.1-1~jammy	installed
libignition-gazebo6:amd64	6.18.0-1~jammy	installed
libignition-gazebo6-dev:amd64	6.18.0-1~jammy	installed
libignition-gazebo6-plugins:amd64	6.18.0-1~jammy	installed
libignition-gui6:amd64	6.9.0-1~jammy	installed
libignition-gui6-dev:amd64	6.9.0-1~jammy	installed
libignition-math6:amd64	6.16.0-1~jammy	installed
libignition-math6-dev:amd64	6.16.0-1~jammy	installed
libignition-math6-eigen3-dev:amd64	6.16.0-1~jammy	installed
libignition-msgs5-5:amd64	5.8.1+ds-2	installed
libignition-msgs8:amd64	8.7.1-1~jammy	installed
libignition-msgs8-dev:amd64	8.7.1-1~jammy	installed
libignition-physics5:amd64	5.4.0-1~jammy	installed
libignition-physics5-bullet:amd64	5.4.0-1~jammy	installed
libignition-physics5-bullet-dev:amd64	5.4.0-1~jammy	installed
libignition-physics5-core-dev:amd64	5.4.0-1~jammy	installed
libignition-physics5-dartsim:amd64	5.4.0-1~jammy	installed
libignition-physics5-dartsim-dev:amd64	5.4.0-1~jammy	installed
libignition-physics5-dev:amd64	5.4.0-1~jammy	installed
libignition-physics5-heightmap-dev:amd64	5.4.0-1~jammy	installed
libignition-physics5-mesh-dev:amd64	5.4.0-1~jammy	installed
libignition-physics5-sdf-dev:amd64	5.4.0-1~jammy	installed
libignition-physics5-tpe:amd64	5.4.0-1~jammy	installed
libignition-physics5-tpe-dev:amd64	5.4.0-1~jammy	installed
libignition-physics5-tpelib:amd64	5.4.0-1~jammy	installed
libignition-physics5-tpelib-dev:amd64	5.4.0-1~jammy	installed
libignition-plugin:amd64	1.4.0-1~jammy	installed
libignition-plugin-dev:amd64	1.4.0-1~jammy	installed
libignition-rendering6:amd64	6.6.4-1~jammy	installed
libignition-rendering6-core-dev:amd64	6.6.4-1~jammy	installed
libignition-rendering6-dev:amd64	6.6.4-1~jammy	installed
libignition-rendering6-ogre1:amd64	6.6.4-1~jammy	installed
libignition-rendering6-ogre1-dev:amd64	6.6.4-1~jammy	installed
libignition-rendering6-ogre2:amd64	6.6.4-1~jammy	installed
libignition-rendering6-ogre2-dev:amd64	6.6.4-1~jammy	installed
libignition-sensors6:amd64	6.9.0-1~jammy	installed
libignition-sensors6-air-pressure:amd64	6.9.0-1~jammy	installed
libignition-sensors6-air-pressure-dev:amd64	6.9.0-1~jammy	installed
libignition-sensors6-altimeter:amd64	6.9.0-1~jammy	installed
libignition-sensors6-altimeter-dev:amd64	6.9.0-1~jammy	installed
libignition-sensors6-boundingbox-camera:amd64	6.9.0-1~jammy	installed
libignition-sensors6-boundingbox-camera-dev:amd64	6.9.0-1~jammy	installed
libignition-sensors6-camera:amd64	6.9.0-1~jammy	installed
libignition-sensors6-camera-dev:amd64	6.9.0-1~jammy	installed
libignition-sensors6-core-dev:amd64	6.9.0-1~jammy	installed
libignition-sensors6-depth-camera:amd64	6.9.0-1~jammy	installed
libignition-sensors6-depth-camera-dev:amd64	6.9.0-1~jammy	installed
libignition-sensors6-dev:amd64	6.9.0-1~jammy	installed
libignition-sensors6-force-torque:amd64	6.9.0-1~jammy	installed
libignition-sensors6-force-torque-dev:amd64	6.9.0-1~jammy	installed
libignition-sensors6-gpu-lidar:amd64	6.9.0-1~jammy	installed
libignition-sensors6-gpu-lidar-dev:amd64	6.9.0-1~jammy	installed
libignition-sensors6-imu:amd64	6.9.0-1~jammy	installed
libignition-sensors6-imu-dev:amd64	6.9.0-1~jammy	installed
libignition-sensors6-lidar:amd64	6.9.0-1~jammy	installed
libignition-sensors6-lidar-dev:amd64	6.9.0-1~jammy	installed
libignition-sensors6-logical-camera:amd64	6.9.0-1~jammy	installed
libignition-sensors6-logical-camera-dev:amd64	6.9.0-1~jammy	installed
libignition-sensors6-magnetometer:amd64	6.9.0-1~jammy	installed
libignition-sensors6-magnetometer-dev:amd64	6.9.0-1~jammy	installed
libignition-sensors6-navsat:amd64	6.9.0-1~jammy	installed
libignition-sensors6-navsat-dev:amd64	6.9.0-1~jammy	installed
libignition-sensors6-rendering:amd64	6.9.0-1~jammy	installed
libignition-sensors6-rendering-dev:amd64	6.9.0-1~jammy	installed
libignition-sensors6-rgbd-camera:amd64	6.9.0-1~jammy	installed
libignition-sensors6-rgbd-camera-dev:amd64	6.9.0-1~jammy	installed
libignition-sensors6-segmentation-camera:amd64	6.9.0-1~jammy	installed
libignition-sensors6-segmentation-camera-dev:amd64	6.9.0-1~jammy	installed
libignition-sensors6-thermal-camera:amd64	6.9.0-1~jammy	installed
libignition-sensors6-thermal-camera-dev:amd64	6.9.0-1~jammy	installed
libignition-tools-dev:amd64	1.5.0-1~jammy	installed
libignition-transport11:amd64	11.4.2-1~jammy	installed
libignition-transport11-core-dev:amd64	11.4.2-1~jammy	installed
libignition-transport11-dev:amd64	11.4.2-1~jammy	installed
libignition-transport11-log:amd64	11.4.2-1~jammy	installed
libignition-transport11-log-dev:amd64	11.4.2-1~jammy	installed
libignition-transport11-parameters:amd64	11.4.2-1~jammy	installed
libignition-transport11-parameters-dev:amd64	11.4.2-1~jammy	installed
libignition-transport8-8:amd64	8.2.1+ds-2	installed
libignition-utils1:amd64	1.5.1-1~jammy	installed
libignition-utils1-cli-dev:amd64	1.5.1-1~jammy	installed
libignition-utils1-dev:amd64	1.5.1-1~jammy	installed
libijs-0.35:amd64	0.35-15build2	installed
libilmbase-dev:amd64	2.5.7-2	installed
libilmbase25:amd64	2.5.7-2	installed
libimage-transport0d:amd64	1.12.0-9build4	installed
libimagequant0:amd64	2.17.0-1	installed
libimobiledevice6:amd64	1.3.0-6build3	installed
libinih1:amd64	53-1ubuntu3	installed
libinput-bin	1.20.0-1ubuntu0.4	installed
libinput10:amd64	1.20.0-1ubuntu0.4	installed
libinteractive-markers2d:amd64	1.12.0-8	installed
libio-html-perl	1.004-2	installed
libio-socket-ssl-perl	2.074-2	installed
libio-stringy-perl	2.111-3	installed
libip4tc2:amd64	1.8.7-1ubuntu5.2	installed
libip6tc2:amd64	1.8.7-1ubuntu5.2	installed
libipc-system-simple-perl	1.30-1	installed
libipt2	2.0.5-1	installed
libisc-export1105:amd64	1:9.11.19+dfsg-2.1ubuntu3	installed
libisl23:amd64	0.24-2build1	installed
libitm1:amd64	12.3.0-1ubuntu1~22.04.3	installed
libiw30:amd64	30~pre9-13.1ubuntu4	installed
libjack-jackd2-0:amd64	1.9.20~dfsg-1	installed
libjansson4:amd64	2.13.1-1.1build3	installed
libjavascriptcoregtk-4.0-18:amd64	2.50.4-0ubuntu0.22.04.1	installed
libjbig-dev:amd64	2.1-3.1ubuntu0.22.04.1	installed
libjbig0:amd64	2.1-3.1ubuntu0.22.04.1	installed
libjbig2dec0:amd64	0.19-3ubuntu0.1	installed
libjcat1:amd64	0.2.3-1~ubuntu0.22.04.1	installed
libjpeg-dev:amd64	8c-2ubuntu10	installed
libjpeg-turbo8:amd64	2.1.2-0ubuntu1	installed
libjpeg-turbo8-dev:amd64	2.1.2-0ubuntu1	installed
libjpeg8:amd64	8c-2ubuntu10	installed
libjpeg8-dev:amd64	8c-2ubuntu10	installed
libjq1:amd64	1.6-2.1ubuntu3.2	installed
libjs-jquery	3.6.0+dfsg+~3.5.13-1	installed
libjs-jquery-hotkeys	0~20130707+git2d51e3a9+dfsg-2ubuntu1	installed
libjs-jquery-isonscreen	1.2.0-1.1	installed
libjs-jquery-metadata	12-3	installed
libjs-jquery-tablesorter	1:2.31.3+dfsg1-3	installed
libjs-jquery-throttle-debounce	1.1+dfsg.1-2	installed
libjs-jquery-ui	1.13.1+dfsg-1	installed
libjs-sphinxdoc	4.3.2-1	installed
libjs-underscore	1.13.2~dfsg-2	installed
libjson-c-dev:amd64	0.15-3~ubuntu1.22.04.2	installed
libjson-c5:amd64	0.15-3~ubuntu1.22.04.2	installed
libjson-glib-1.0-0:amd64	1.6.6-1build1	installed
libjson-glib-1.0-common	1.6.6-1build1	installed
libjsoncpp-dev:amd64	1.9.5-3	installed
libjsoncpp25:amd64	1.9.5-3	installed
libjxr0:amd64	1.2~git20170615.f752187-5	installed
libk5crypto3:amd64	1.19.2-2ubuntu0.8	installed
libk5crypto3:i386	1.19.2-2ubuntu0.8	installed
libkadm5clnt-mit12:amd64	1.19.2-2ubuntu0.8	installed
libkadm5srv-mit12:amd64	1.19.2-2ubuntu0.8	installed
libkdb5-10:amd64	1.19.2-2ubuntu0.8	installed
libkeyutils1:amd64	1.6.1-2ubuntu3	installed
libkeyutils1:i386	1.6.1-2ubuntu3	installed
libklibc:amd64	2.0.10-4ubuntu0.2	installed
libkml-dev:amd64	1.3.0-9	installed
libkmlbase1:amd64	1.3.0-9	installed
libkmlconvenience1:amd64	1.3.0-9	installed
libkmldom1:amd64	1.3.0-9	installed
libkmlengine1:amd64	1.3.0-9	installed
libkmlregionator1:amd64	1.3.0-9	installed
libkmlxsd1:amd64	1.3.0-9	installed
libkmod2:amd64	29-1ubuntu1.1	installed
libkpathsea6:amd64	2021.20210626.59705-1ubuntu0.3	installed
libkrb5-3:amd64	1.19.2-2ubuntu0.8	installed
libkrb5-3:i386	1.19.2-2ubuntu0.8	installed
libkrb5-dev:amd64	1.19.2-2ubuntu0.8	installed
libkrb5support0:amd64	1.19.2-2ubuntu0.8	installed
libkrb5support0:i386	1.19.2-2ubuntu0.8	installed
libksba8:amd64	1.6.0-2ubuntu0.2	installed
liblab-gamut1:amd64	2.42.2-6ubuntu0.1	installed
liblapack-dev:amd64	3.10.0-2ubuntu1	installed
liblapack3:amd64	3.10.0-2ubuntu1	installed
liblaser-geometry0d:amd64	1.6.7-3	installed
liblbfgsb0:amd64	3.0+dfsg.3-10	installed
liblcms2-2:amd64	2.12~rc1-2ubuntu0.1	installed
liblcms2-utils	2.12~rc1-2ubuntu0.1	installed
libldap-2.5-0:amd64	2.5.20+dfsg-0ubuntu0.22.04.1	installed
libldap-common	2.5.20+dfsg-0ubuntu0.22.04.1	installed
libldb2:amd64	2:2.4.4-0ubuntu0.22.04.2	installed
liblept5:amd64	1.82.0-3build1	installed
liblilv-0-0:amd64	0.24.12-2	installed
libllvm13:amd64	1:13.0.1-2ubuntu2.2	installed
libllvm14:amd64	1:14.0.0-1ubuntu1.1	installed
libllvm15:amd64	1:15.0.7-0ubuntu0.22.04.3	installed
liblmdb0:amd64	0.9.24-1build2	installed
liblocale-gettext-perl	1.07-4build3	installed
liblog4cxx12:amd64	0.12.1-4	installed
liblouis-data	3.20.0-2ubuntu0.2	installed
liblouis20:amd64	3.20.0-2ubuntu0.2	installed
liblouisutdml-bin	2.10.0-4	installed
liblouisutdml-data	2.10.0-4	installed
liblouisutdml9:amd64	2.10.0-4	installed
liblsan0:amd64	12.3.0-1ubuntu1~22.04.3	installed
libltdl-dev:amd64	2.4.6-15build2	installed
libltdl7:amd64	2.4.6-15build2	installed
liblttng-ctl0:amd64	2.13.4-1build1	installed
liblttng-ust-common1:amd64	2.13.1-1ubuntu1	installed
liblttng-ust-ctl5:amd64	2.13.1-1ubuntu1	installed
liblttng-ust-dev:amd64	2.13.1-1ubuntu1	installed
liblttng-ust-python-agent1:amd64	2.13.1-1ubuntu1	installed
liblttng-ust1:amd64	2.13.1-1ubuntu1	installed
liblwp-mediatypes-perl	6.04-1	installed
liblwp-protocol-https-perl	6.10-1	installed
liblz4-1:amd64	1.9.3-2build2	installed
liblz4-dev:amd64	1.9.3-2build2	installed
liblzma-dev:amd64	5.2.5-2ubuntu1.1	installed
liblzma5:amd64	5.2.5-2ubuntu1.1	installed
liblzo2-2:amd64	2.10-2build3	installed
libmagic-mgc	1:5.41-3ubuntu0.1	installed
libmagic1:amd64	1:5.41-3ubuntu0.1	installed
libmailtools-perl	2.21-1	installed
libmanette-0.2-0:amd64	0.2.6-3build1	installed
libmaxminddb0:amd64	1.5.2-1build2	installed
libmbim-glib4:amd64	1.28.0-1~ubuntu20.04.2	installed
libmbim-proxy	1.28.0-1~ubuntu20.04.2	installed
libmd-dev:amd64	1.0.4-1build1	installed
libmd0:amd64	1.0.4-1build1	installed
libmd0:i386	1.0.4-1build1	installed
libmd4c0:amd64	0.4.8-1	installed
libmediaart-2.0-0:amd64	1.9.5-2build1	installed
libmessage-filters1d:amd64	1.15.14+ds-2build2	installed
libmfx1:amd64	22.3.0-1	installed
libminizip-dev:amd64	1.1-8build1	installed
libminizip1:amd64	1.1-8build1	installed
libmm-glib0:amd64	1.20.0-1~ubuntu22.04.4	installed
libmnl0:amd64	1.0.4-3build2	installed
libmount-dev:amd64	2.37.2-4ubuntu3.6	installed
libmount1:amd64	2.37.2-4ubuntu3.6	installed
libmozjs-91-0:amd64	91.10.0-0ubuntu1	installed
libmp3lame0:amd64	3.100-3build2	installed
libmpc3:amd64	1.2.1-2build1	installed
libmpdec3:amd64	2.5.1-2build2	installed
libmpfr6:amd64	4.1.0-3build3	installed
libmpg123-0:amd64	1.29.3-1ubuntu0.1	installed
libmtdev1:amd64	1.1.6-1build4	installed
libmtp-common	1.1.19-1build1	installed
libmtp-runtime	1.1.19-1build1	installed
libmtp9:amd64	1.1.19-1build1	installed
libmutter-10-0:amd64	42.9-0ubuntu9	installed
libmysofa1:amd64	1.2.1~dfsg0-1	installed
libmysqlclient-dev	8.0.46-0ubuntu0.22.04.4	installed
libmysqlclient21:amd64	8.0.46-0ubuntu0.22.04.4	installed
libnautilus-extension1a:amd64	1:42.6-0ubuntu2	installed
libncurses6:amd64	6.3-2ubuntu0.3	installed
libncursesw6:amd64	6.3-2ubuntu0.3	installed
libndp0:amd64	1.8-0ubuntu3.1	installed
libnet-dbus-perl	1.2.0-1build3	installed
libnet-http-perl	6.22-1	installed
libnet-smtp-ssl-perl	1.04-1	installed
libnet-ssleay-perl:amd64	1.92-1build2	installed
libnetcdf-c++4	4.2-12build1	installed
libnetcdf-cxx-legacy-dev	4.2-12build1	installed
libnetcdf-dev	1:4.8.1-1	installed
libnetcdf19:amd64	1:4.8.1-1	installed
libnetfilter-conntrack3:amd64	1.0.9-1	installed
libnetplan0:amd64	0.107.1-3ubuntu0.22.04.4	installed
libnettle8:amd64	3.7.3-1build2	installed
libnewt0.52:amd64	0.52.21-5ubuntu2	installed
libnfnetlink0:amd64	1.0.1-3build3	installed
libnfs13:amd64	4.0.0-1ubuntu0.1	installed
libnftables1:amd64	1.0.2-1ubuntu3.1	installed
libnftnl11:amd64	1.2.1-1build1	installed
libnghttp2-14:amd64	1.43.0-1ubuntu0.4	installed
libnl-3-200:amd64	3.5.0-0.1	installed
libnl-3-dev:amd64	3.5.0-0.1	installed
libnl-genl-3-200:amd64	3.5.0-0.1	installed
libnl-route-3-200:amd64	3.5.0-0.1	installed
libnl-route-3-dev:amd64	3.5.0-0.1	installed
libnm0:amd64	1.36.6-0ubuntu2.4	installed
libnma-common	1.8.34-1ubuntu1	installed
libnma0:amd64	1.8.34-1ubuntu1	installed
libnorm-dev:amd64	1.5.9+dfsg-2	installed
libnorm1:amd64	1.5.9+dfsg-2	installed
libnotify-bin	0.7.9-3ubuntu5.22.04.1	installed
libnotify4:amd64	0.7.9-3ubuntu5.22.04.1	installed
libnppc11:amd64	11.5.1.107~11.5.1-1ubuntu1	installed
libnppial11:amd64	11.5.1.107~11.5.1-1ubuntu1	installed
libnppicc11:amd64	11.5.1.107~11.5.1-1ubuntu1	installed
libnppidei11:amd64	11.5.1.107~11.5.1-1ubuntu1	installed
libnppif11:amd64	11.5.1.107~11.5.1-1ubuntu1	installed
libnppig11:amd64	11.5.1.107~11.5.1-1ubuntu1	installed
libnppim11:amd64	11.5.1.107~11.5.1-1ubuntu1	installed
libnppist11:amd64	11.5.1.107~11.5.1-1ubuntu1	installed
libnppisu11:amd64	11.5.1.107~11.5.1-1ubuntu1	installed
libnppitc11:amd64	11.5.1.107~11.5.1-1ubuntu1	installed
libnpps11:amd64	11.5.1.107~11.5.1-1ubuntu1	installed
libnpth0:amd64	1.6-3build2	installed
libnsl-dev:amd64	1.3.0-2build2	installed
libnsl2:amd64	1.3.0-2build2	installed
libnsl2:i386	1.3.0-2build2	installed
libnspr4:amd64	2:4.35-0ubuntu0.22.04.1	installed
libnss-mdns:amd64	0.15.1-1ubuntu1	installed
libnss-nis:i386	3.1-0ubuntu6	installed
libnss-nisplus:i386	1.3-0ubuntu6	installed
libnss-systemd:amd64	249.11-0ubuntu3.22	installed
libnss3:amd64	2:3.98-0ubuntu0.22.04.4	installed
libntfs-3g89	1:2021.8.22-3ubuntu1.4	installed
libnuma-dev:amd64	2.0.14-3ubuntu2	installed
libnuma1:amd64	2.0.14-3ubuntu2	installed
libnvblas11:amd64	11.7.4.6~11.5.1-1ubuntu1	installed
libnvidia-cfg1-580:amd64	580.173.02-0ubuntu0.22.04.1	installed
libnvidia-common-580	580.173.02-0ubuntu0.22.04.1	installed
libnvidia-compute-580:amd64	580.173.02-0ubuntu0.22.04.1	installed
libnvidia-compute-580:i386	580.173.02-0ubuntu0.22.04.1	installed
libnvidia-compute-595:amd64	595.84-0ubuntu0.22.04.1	config-files
libnvidia-decode-580:amd64	580.173.02-0ubuntu0.22.04.1	installed
libnvidia-decode-580:i386	580.173.02-0ubuntu0.22.04.1	installed
libnvidia-egl-wayland1:amd64	1:1.1.9-1.1ubuntu0.1	installed
libnvidia-egl-wayland1:i386	1:1.1.9-1.1ubuntu0.1	installed
libnvidia-encode-580:amd64	580.173.02-0ubuntu0.22.04.1	installed
libnvidia-encode-580:i386	580.173.02-0ubuntu0.22.04.1	installed
libnvidia-extra-580:amd64	580.173.02-0ubuntu0.22.04.1	installed
libnvidia-fbc1-580:amd64	580.173.02-0ubuntu0.22.04.1	installed
libnvidia-fbc1-580:i386	580.173.02-0ubuntu0.22.04.1	installed
libnvidia-gl-580:amd64	580.173.02-0ubuntu0.22.04.1	installed
libnvidia-gl-580:i386	580.173.02-0ubuntu0.22.04.1	installed
libnvidia-ml-dev:amd64	11.5.50~11.5.1-1ubuntu1	installed
libnvjpeg11:amd64	11.5.4.107~11.5.1-1ubuntu1	installed
libnvrtc-builtins11.5:amd64	11.5.119~11.5.1-1ubuntu1	installed
libnvrtc11.2:amd64	11.5.119~11.5.1-1ubuntu1	installed
libnvtoolsext1:amd64	11.5.114~11.5.1-1ubuntu1	installed
libnvvm4:amd64	11.5.119~11.5.1-1ubuntu1	installed
liboctomap-dev:amd64	1.9.7+dfsg-3	installed
liboctomap1.9:amd64	1.9.7+dfsg-3	installed
libodbc2:amd64	2.3.9-5ubuntu0.1	installed
libodbccr2:amd64	2.3.9-5ubuntu0.1	installed
libodbcinst2:amd64	2.3.9-5ubuntu0.1	installed
libode-dev	2:0.16.2-1	installed
libode8	2:0.16.2-1	installed
libogdi-dev	4.1.0+ds-5	installed
libogdi4.1	4.1.0+ds-5	installed
libogg-dev:amd64	1.3.5-0ubuntu3	installed
libogg0:amd64	1.3.5-0ubuntu3	installed
libogre-1.9-dev	1.9.0+dfsg1-12.1ubuntu1	installed
libogre-1.9.0v5:amd64	1.9.0+dfsg1-12.1ubuntu1	installed
libogre-next-dev	2.2.5+dfsg3-0ubuntu2	installed
libogre1.12.10:amd64	1.12.10+dfsg2-1.2build1	installed
libogrenexthlmspbs2.2.5:amd64	2.2.5+dfsg3-0ubuntu2	installed
libogrenexthlmsunlit2.2.5:amd64	2.2.5+dfsg3-0ubuntu2	installed
libogrenextmain2.2.5:amd64	2.2.5+dfsg3-0ubuntu2	installed
libogrenextmeshlodgenerator2.2.5:amd64	2.2.5+dfsg3-0ubuntu2	installed
libogrenextoverlay2.2.5:amd64	2.2.5+dfsg3-0ubuntu2	installed
libogrenextplanarreflections2.2.5:amd64	2.2.5+dfsg3-0ubuntu2	installed
libogrenextsceneformat2.2.5:amd64	2.2.5+dfsg3-0ubuntu2	installed
libomp-14-dev	1:14.0.0-1ubuntu1.1	installed
libomp-dev:amd64	1:14.0-55~exp2	installed
libomp5-14:amd64	1:14.0.0-1ubuntu1.1	installed
libonig5:amd64	6.9.7.1-2build1	installed
libopenal-data	1:1.19.1-2build3	installed
libopenal1:amd64	1:1.19.1-2build3	installed
libopencv-calib3d-dev:amd64	4.5.4+dfsg-9ubuntu4	installed
libopencv-calib3d4.5d:amd64	4.5.4+dfsg-9ubuntu4	installed
libopencv-contrib-dev:amd64	4.5.4+dfsg-9ubuntu4	installed
libopencv-contrib4.5d:amd64	4.5.4+dfsg-9ubuntu4	installed
libopencv-core-dev:amd64	4.5.4+dfsg-9ubuntu4	installed
libopencv-core4.5d:amd64	4.5.4+dfsg-9ubuntu4	installed
libopencv-dev	4.5.4+dfsg-9ubuntu4	installed
libopencv-dnn-dev:amd64	4.5.4+dfsg-9ubuntu4	installed
libopencv-dnn4.5d:amd64	4.5.4+dfsg-9ubuntu4	installed
libopencv-features2d-dev:amd64	4.5.4+dfsg-9ubuntu4	installed
libopencv-features2d4.5d:amd64	4.5.4+dfsg-9ubuntu4	installed
libopencv-flann-dev:amd64	4.5.4+dfsg-9ubuntu4	installed
libopencv-flann4.5d:amd64	4.5.4+dfsg-9ubuntu4	installed
libopencv-highgui-dev:amd64	4.5.4+dfsg-9ubuntu4	installed
libopencv-highgui4.5d:amd64	4.5.4+dfsg-9ubuntu4	installed
libopencv-imgcodecs-dev:amd64	4.5.4+dfsg-9ubuntu4	installed
libopencv-imgcodecs4.5d:amd64	4.5.4+dfsg-9ubuntu4	installed
libopencv-imgproc-dev:amd64	4.5.4+dfsg-9ubuntu4	installed
libopencv-imgproc4.5d:amd64	4.5.4+dfsg-9ubuntu4	installed
libopencv-ml-dev:amd64	4.5.4+dfsg-9ubuntu4	installed
libopencv-ml4.5d:amd64	4.5.4+dfsg-9ubuntu4	installed
libopencv-objdetect-dev:amd64	4.5.4+dfsg-9ubuntu4	installed
libopencv-objdetect4.5d:amd64	4.5.4+dfsg-9ubuntu4	installed
libopencv-photo-dev:amd64	4.5.4+dfsg-9ubuntu4	installed
libopencv-photo4.5d:amd64	4.5.4+dfsg-9ubuntu4	installed
libopencv-shape-dev:amd64	4.5.4+dfsg-9ubuntu4	installed
libopencv-shape4.5d:amd64	4.5.4+dfsg-9ubuntu4	installed
libopencv-stitching-dev:amd64	4.5.4+dfsg-9ubuntu4	installed
libopencv-stitching4.5d:amd64	4.5.4+dfsg-9ubuntu4	installed
libopencv-superres-dev:amd64	4.5.4+dfsg-9ubuntu4	installed
libopencv-superres4.5d:amd64	4.5.4+dfsg-9ubuntu4	installed
libopencv-video-dev:amd64	4.5.4+dfsg-9ubuntu4	installed
libopencv-video4.5d:amd64	4.5.4+dfsg-9ubuntu4	installed
libopencv-videoio-dev:amd64	4.5.4+dfsg-9ubuntu4	installed
libopencv-videoio4.5d:amd64	4.5.4+dfsg-9ubuntu4	installed
libopencv-videostab-dev:amd64	4.5.4+dfsg-9ubuntu4	installed
libopencv-videostab4.5d:amd64	4.5.4+dfsg-9ubuntu4	installed
libopencv-viz-dev:amd64	4.5.4+dfsg-9ubuntu4	installed
libopencv-viz4.5d:amd64	4.5.4+dfsg-9ubuntu4	installed
libopencv4.5-java	4.5.4+dfsg-9ubuntu4	installed
libopencv4.5d-jni	4.5.4+dfsg-9ubuntu4	installed
libopenexr-dev	2.5.7-1	installed
libopenexr25:amd64	2.5.7-1	installed
libopengl-dev:amd64	1.4.0-1	installed
libopengl0:amd64	1.4.0-1	installed
libopenjp2-7:amd64	2.4.0-6ubuntu0.5	installed
libopenjp2-7-dev:amd64	2.4.0-6ubuntu0.5	installed
libopenmpi-dev:amd64	4.1.2-2ubuntu1	installed
libopenmpi3:amd64	4.1.2-2ubuntu1	installed
libopenmpt0:amd64	0.6.1-1	installed
libopenni-dev:amd64	1.5.4.0+dfsg-5	installed
libopenni-sensor-pointclouds0	5.1.0.41.9-4	installed
libopenni0	1.5.4.0+dfsg-5	installed
libopenni2-0:amd64	2.2.0.33+dfsg-15	installed
libopenni2-dev:amd64	2.2.0.33+dfsg-15	installed
libopus0:amd64	1.3.1-0.1build2	installed
liborc-0.4-0:amd64	1:0.4.32-2ubuntu0.1	installed
liborocos-kdl-dev:amd64	1.5.1-2build1	installed
liborocos-kdl1.5:amd64	1.5.1-2build1	installed
libp11-kit0:amd64	0.24.0-6ubuntu0.1	installed
libpackagekit-glib2-18:amd64	1.2.5-2ubuntu3.1	installed
libpam-cap:amd64	1:2.44-1ubuntu0.22.04.3	installed
libpam-fprintd:amd64	1.94.2-1ubuntu0.22.04.1	installed
libpam-gnome-keyring:amd64	40.0-3ubuntu3	installed
libpam-modules:amd64	1.4.0-11ubuntu2.8	installed
libpam-modules-bin	1.4.0-11ubuntu2.8	installed
libpam-pwquality:amd64	1.4.4-1build2	installed
libpam-runtime	1.4.0-11ubuntu2.8	installed
libpam-sss:amd64	2.6.3-1ubuntu3.9	installed
libpam-systemd:amd64	249.11-0ubuntu3.22	installed
libpam0g:amd64	1.4.0-11ubuntu2.8	installed
libpango-1.0-0:amd64	1.50.6+ds-2ubuntu1	installed
libpangocairo-1.0-0:amd64	1.50.6+ds-2ubuntu1	installed
libpangoft2-1.0-0:amd64	1.50.6+ds-2ubuntu1	installed
libpangomm-1.4-1v5:amd64	2.46.2-1	installed
libpangoxft-1.0-0:amd64	1.50.6+ds-2ubuntu1	installed
libpaper-utils	1.1.28build2	installed
libpaper1:amd64	1.1.28build2	installed
libparted-fs-resize0:amd64	3.4-2build1	installed
libparted2:amd64	3.4-2build1	installed
libpathplan4:amd64	2.42.2-6ubuntu0.1	installed
libpcap0.8:amd64	1.10.1-4ubuntu1.22.04.2	installed
libpcaudio0:amd64	1.1-6build2	installed
libpci3:amd64	1:3.7.0-6	installed
libpciaccess-dev:amd64	0.16-3	installed
libpciaccess0:amd64	0.16-3	installed
libpcl-apps1.12:amd64	1.12.1+dfsg-3build1	installed
libpcl-common1.12:amd64	1.12.1+dfsg-3build1	installed
libpcl-dev	1.12.1+dfsg-3build1	installed
libpcl-features1.12:amd64	1.12.1+dfsg-3build1	installed
libpcl-filters1.12:amd64	1.12.1+dfsg-3build1	installed
libpcl-io1.12:amd64	1.12.1+dfsg-3build1	installed
libpcl-kdtree1.12:amd64	1.12.1+dfsg-3build1	installed
libpcl-keypoints1.12:amd64	1.12.1+dfsg-3build1	installed
libpcl-ml1.12:amd64	1.12.1+dfsg-3build1	installed
libpcl-octree1.12:amd64	1.12.1+dfsg-3build1	installed
libpcl-outofcore1.12:amd64	1.12.1+dfsg-3build1	installed
libpcl-people1.12:amd64	1.12.1+dfsg-3build1	installed
libpcl-recognition1.12:amd64	1.12.1+dfsg-3build1	installed
libpcl-registration1.12:amd64	1.12.1+dfsg-3build1	installed
libpcl-sample-consensus1.12:amd64	1.12.1+dfsg-3build1	installed
libpcl-search1.12:amd64	1.12.1+dfsg-3build1	installed
libpcl-segmentation1.12:amd64	1.12.1+dfsg-3build1	installed
libpcl-stereo1.12:amd64	1.12.1+dfsg-3build1	installed
libpcl-surface1.12:amd64	1.12.1+dfsg-3build1	installed
libpcl-tracking1.12:amd64	1.12.1+dfsg-3build1	installed
libpcl-visualization1.12:amd64	1.12.1+dfsg-3build1	installed
libpcre16-3:amd64	2:8.39-13ubuntu0.22.04.1	installed
libpcre2-16-0:amd64	10.39-3ubuntu0.1	installed
libpcre2-32-0:amd64	10.39-3ubuntu0.1	installed
libpcre2-8-0:amd64	10.39-3ubuntu0.1	installed
libpcre2-dev:amd64	10.39-3ubuntu0.1	installed
libpcre2-posix3:amd64	10.39-3ubuntu0.1	installed
libpcre3:amd64	2:8.39-13ubuntu0.22.04.1	installed
libpcre3-dev:amd64	2:8.39-13ubuntu0.22.04.1	installed
libpcre32-3:amd64	2:8.39-13ubuntu0.22.04.1	installed
libpcrecpp0v5:amd64	2:8.39-13ubuntu0.22.04.1	installed
libpcsclite1:amd64	1.9.5-3ubuntu1	installed
libpeas-1.0-0:amd64	1.32.0-1	installed
libpeas-common	1.32.0-1	installed
libperl5.34:amd64	5.34.0-3ubuntu1.9	installed
libpgm-5.3-0:amd64	5.3.128~dfsg-2	installed
libpgm-dev:amd64	5.3.128~dfsg-2	installed
libphonenumber8:amd64	8.12.44-1	installed
libpipeline1:amd64	1.5.5-1	installed
libpipewire-0.3-0:amd64	0.3.48-1ubuntu3.2	installed
libpipewire-0.3-common	0.3.48-1ubuntu3.2	installed
libpipewire-0.3-modules:amd64	0.3.48-1ubuntu3.2	installed
libpixman-1-0:amd64	0.40.0-1ubuntu0.22.04.1	installed
libpkcs11-helper1:amd64	1.28-1ubuntu0.22.04.1	installed
libplist3:amd64	2.2.0-6build2	installed
libplymouth5:amd64	0.9.5+git20211018-1ubuntu3	installed
libpmix-dev:amd64	4.1.2-2ubuntu1	installed
libpmix2:amd64	4.1.2-2ubuntu1	installed
libpng-dev:amd64	1.6.37-3ubuntu0.6	installed
libpng-tools	1.6.37-3ubuntu0.6	installed
libpng16-16:amd64	1.6.37-3ubuntu0.6	installed
libpocketsphinx3:amd64	0.8.0+real5prealpha+1-14ubuntu1	installed
libpocofoundation80:amd64	1.11.0-3	installed
libpolkit-agent-1-0:amd64	0.105-33ubuntu0.2	installed
libpolkit-gobject-1-0:amd64	0.105-33ubuntu0.2	installed
libpoppler-cpp0v5:amd64	22.02.0-2ubuntu0.13	installed
libpoppler-dev:amd64	22.02.0-2ubuntu0.13	installed
libpoppler-glib8:amd64	22.02.0-2ubuntu0.13	installed
libpoppler-private-dev:amd64	22.02.0-2ubuntu0.13	installed
libpoppler118:amd64	22.02.0-2ubuntu0.13	installed
libpopt0:amd64	1.18-3build1	installed
libpostproc-dev:amd64	7:4.4.2-0ubuntu0.22.04.1	installed
libpostproc55:amd64	7:4.4.2-0ubuntu0.22.04.1	installed
libpq-dev	14.24-0ubuntu0.22.04.1	installed
libpq5:amd64	14.24-0ubuntu0.22.04.1	installed
libprocps8:amd64	2:3.3.17-6ubuntu2.1	installed
libproj-dev:amd64	8.2.1-1	installed
libproj22:amd64	8.2.1-1	installed
libprotobuf-c1:amd64	1.3.3-1ubuntu2.1	installed
libprotobuf-dev:amd64	3.12.4-1ubuntu7.22.04.6	installed
libprotobuf-lite23:amd64	3.12.4-1ubuntu7.22.04.6	installed
libprotobuf23:amd64	3.12.4-1ubuntu7.22.04.6	installed
libprotoc-dev:amd64	3.12.4-1ubuntu7.22.04.6	installed
libprotoc23:amd64	3.12.4-1ubuntu7.22.04.6	installed
libproxy1-plugin-gsettings:amd64	0.4.17-2	installed
libproxy1-plugin-networkmanager:amd64	0.4.17-2	installed
libproxy1v5:amd64	0.4.17-2	installed
libpsl5:amd64	0.21.0-1.2build2	installed
libpsm-infinipath1	3.3+20.604758e7-6.1	installed
libpsm2-2	11.2.185-1	installed
libpthread-stubs0-dev:amd64	0.4-1build2	installed
libpulse-dev:amd64	1:15.99.1+dfsg1-1ubuntu2.2	installed
libpulse-mainloop-glib0:amd64	1:15.99.1+dfsg1-1ubuntu2.2	installed
libpulse0:amd64	1:15.99.1+dfsg1-1ubuntu2.2	installed
libpulsedsp:amd64	1:15.99.1+dfsg1-1ubuntu2.2	installed
libpwquality-common	1.4.4-1build2	installed
libpwquality1:amd64	1.4.4-1build2	installed
libpyside2-dev	5.15.2-2build2	installed
libpyside2-py3-5.15	5.15.2-2build2	installed
libpython3-dev:amd64	3.10.6-1~22.04.1	installed
libpython3-stdlib:amd64	3.10.6-1~22.04.1	installed
libpython3.10:amd64	3.10.12-1~22.04.18	installed
libpython3.10-dev:amd64	3.10.12-1~22.04.18	installed
libpython3.10-minimal:amd64	3.10.12-1~22.04.18	installed
libpython3.10-stdlib:amd64	3.10.12-1~22.04.18	installed
libqhull-dev:amd64	2020.2-4	installed
libqhull-r8.0:amd64	2020.2-4	installed
libqhull8.0:amd64	2020.2-4	installed
libqhullcpp8.0:amd64	2020.2-4	installed
libqmi-glib5:amd64	1.32.0-1ubuntu0.22.04.1	installed
libqmi-proxy	1.32.0-1ubuntu0.22.04.1	installed
libqpdf28:amd64	10.6.3-1ubuntu0.1	installed
libqt5charts5:amd64	5.15.3-1	installed
libqt5concurrent5:amd64	5.15.3+dfsg-2ubuntu0.2	installed
libqt5core5a:amd64	5.15.3+dfsg-2ubuntu0.2	installed
libqt5dbus5:amd64	5.15.3+dfsg-2ubuntu0.2	installed
libqt5designer5:amd64	5.15.3-1	installed
libqt5designercomponents5:amd64	5.15.3-1	installed
libqt5gui5:amd64	5.15.3+dfsg-2ubuntu0.2	installed
libqt5help5:amd64	5.15.3-1	installed
libqt5location5:amd64	5.15.3+dfsg-3	installed
libqt5location5-plugins:amd64	5.15.3+dfsg-3	installed
libqt5network5:amd64	5.15.3+dfsg-2ubuntu0.2	installed
libqt5opengl5:amd64	5.15.3+dfsg-2ubuntu0.2	installed
libqt5opengl5-dev:amd64	5.15.3+dfsg-2ubuntu0.2	installed
libqt5positioning5:amd64	5.15.3+dfsg-3	installed
libqt5positioning5-plugins:amd64	5.15.3+dfsg-3	installed
libqt5positioningquick5:amd64	5.15.3+dfsg-3	installed
libqt5printsupport5:amd64	5.15.3+dfsg-2ubuntu0.2	installed
libqt5qml5:amd64	5.15.3+dfsg-1	installed
libqt5qmlmodels5:amd64	5.15.3+dfsg-1	installed
libqt5qmlworkerscript5:amd64	5.15.3+dfsg-1	installed
libqt5quick5:amd64	5.15.3+dfsg-1	installed
libqt5quickcontrols2-5:amd64	5.15.3+dfsg-1	installed
libqt5quickparticles5:amd64	5.15.3+dfsg-1	installed
libqt5quickshapes5:amd64	5.15.3+dfsg-1	installed
libqt5quicktemplates2-5:amd64	5.15.3+dfsg-1	installed
libqt5quicktest5:amd64	5.15.3+dfsg-1	installed
libqt5quickwidgets5:amd64	5.15.3+dfsg-1	installed
libqt5sensors5:amd64	5.15.3-1	installed
libqt5sql5:amd64	5.15.3+dfsg-2ubuntu0.2	installed
libqt5sql5-sqlite:amd64	5.15.3+dfsg-2ubuntu0.2	installed
libqt5svg5:amd64	5.15.3-1	installed
libqt5test5:amd64	5.15.3+dfsg-2ubuntu0.2	installed
libqt5webchannel5:amd64	5.15.3-1	installed
libqt5webkit5:amd64	5.212.0~alpha4-15ubuntu1	installed
libqt5webkit5-dev:amd64	5.212.0~alpha4-15ubuntu1	installed
libqt5widgets5:amd64	5.15.3+dfsg-2ubuntu0.2	installed
libqt5xml5:amd64	5.15.3+dfsg-2ubuntu0.2	installed
libqtpropertybrowser5	5.0.2-3	installed
libquadmath0:amd64	12.3.0-1ubuntu1~22.04.3	installed
libqwt-qt5-6	6.1.4-2	installed
librabbitmq4:amd64	0.10.0-1ubuntu2.2	installed
libraqm0:amd64	0.7.0-4ubuntu1	installed
libraw1394-11:amd64	2.1.2-2build2	installed
libraw1394-dev:amd64	2.1.2-2build2	installed
libraw1394-tools	2.1.2-2build2	installed
libraw20:amd64	0.20.2-2ubuntu2.22.04.3	installed
librdmacm1:amd64	39.0-1	installed
libreadline8:amd64	8.1.2-1	installed
libresource-retriever0d:amd64	1.12.7-2	installed
librest-0.7-0:amd64	0.8.1-1.1build2	installed
librhash0:amd64	1.4.2-1ubuntu1	installed
librosconsole-bridge0d:amd64	0.5.4-4build1	installed
librosconsole3d:amd64	1.14.3-8build1	installed
libroscpp-serialization0d:amd64	0.7.2-8build1	installed
libroscpp4d:amd64	1.15.14+ds-2build2	installed
libroslib0d:amd64	1.15.8-3	installed
librospack0d:amd64	2.6.2-7build2	installed
librostime1d:amd64	0.7.2-8build1	installed
librsvg2-2:amd64	2.52.5+dfsg-3ubuntu0.2	installed
librsvg2-common:amd64	2.52.5+dfsg-3ubuntu0.2	installed
librtmp1:amd64	2.4+20151223.gitfa8646d.1-2build4	installed
librttopo-dev:amd64	1.1.0-2	installed
librttopo1:amd64	1.1.0-2	installed
librubberband2:amd64	2.0.0-2	installed
libruby3.0:amd64	3.0.2-7ubuntu2.13	installed
librviz6d:amd64	1.14.14+dfsg-1build1	installed
librygel-core-2.6-2:amd64	0.40.3-1ubuntu2	installed
librygel-db-2.6-2:amd64	0.40.3-1ubuntu2	installed
librygel-renderer-2.6-2:amd64	0.40.3-1ubuntu2	installed
librygel-server-2.6-2:amd64	0.40.3-1ubuntu2	installed
libsamplerate0:amd64	0.2.2-1build1	installed
libsane-common	1.1.1-5	installed
libsane-hpaio:amd64	3.21.12+dfsg0-1ubuntu0.1	installed
libsane1:amd64	1.1.1-5	installed
libsasl2-2:amd64	2.1.27+dfsg2-3ubuntu1.2	installed
libsasl2-modules:amd64	2.1.27+dfsg2-3ubuntu1.2	installed
libsasl2-modules-db:amd64	2.1.27+dfsg2-3ubuntu1.2	installed
libsasl2-modules-gssapi-mit:amd64	2.1.27+dfsg2-3ubuntu1.2	installed
libsbc1:amd64	1.5-3build2	installed
libsdformat12:amd64	12.9.0-1~jammy	installed
libsdformat12-dev:amd64	12.9.0-1~jammy	installed
libsdformat9-9:amd64	9.7.0+ds-1	installed
libsdl2-2.0-0:amd64	2.0.20+dfsg-2ubuntu1.22.04.1	installed
libsdl2-dev:amd64	2.0.20+dfsg-2ubuntu1.22.04.1	installed
libseccomp2:amd64	2.5.3-2ubuntu3~22.04.1	installed
libsecret-1-0:amd64	0.20.5-2	installed
libsecret-common	0.20.5-2	installed
libselinux1:amd64	3.3-1build2	installed
libselinux1-dev:amd64	3.3-1build2	installed
libsemanage-common	3.3-1build2	installed
libsemanage2:amd64	3.3-1build2	installed
libsensors-config	1:3.6.0-7ubuntu1	installed
libsensors5:amd64	1:3.6.0-7ubuntu1	installed
libsepol-dev:amd64	3.3-1build1	installed
libsepol2:amd64	3.3-1build1	installed
libserd-0-0:amd64	0.30.10-2	installed
libserf-1-1:amd64	1.3.9-10ubuntu2	installed
libshiboken2-dev	5.15.2-2build2	installed
libshiboken2-py3-5.15	5.15.2-2build2	installed
libshine3:amd64	3.1.1-2	installed
libshout3:amd64	2.4.5-1build3	installed
libsigc++-2.0-0v5:amd64	2.10.4-2ubuntu3	installed
libsigsegv2:amd64	2.13-1ubuntu3	installed
libsimbody3.6:amd64	3.6.1+dfsg-7build1	installed
libslang2:amd64	2.3.2-5build4	installed
libsm-dev:amd64	2:1.2.3-1build2	installed
libsm6:amd64	2:1.2.3-1build2	installed
libsmartcols1:amd64	2.37.2-4ubuntu3.6	installed
libsmbclient:amd64	2:4.15.13+dfsg-0ubuntu1.13	installed
libsmbios-c2	2.4.3-1build1	installed
libsnapd-glib1:amd64	1.60-0ubuntu1	installed
libsnappy1v5:amd64	1.1.8-1build3	installed
libsndfile1:amd64	1.0.31-2ubuntu0.2	installed
libsndio-dev:amd64	1.8.1-1.1	installed
libsndio7.0:amd64	1.8.1-1.1	installed
libsnmp-base	5.9.1+dfsg-1ubuntu2.9	installed
libsnmp40:amd64	5.9.1+dfsg-1ubuntu2.9	installed
libsocket++1:amd64	1.12.13+git20131030.5d039ba-1	installed
libsodium-dev:amd64	1.0.18-1ubuntu0.22.04.1	installed
libsodium23:amd64	1.0.18-1ubuntu0.22.04.1	installed
libsonic0:amd64	0.2.0-11build1	installed
libsord-0-0:amd64	0.16.8-2	installed
libsoup-gnome2.4-1:amd64	2.74.2-3ubuntu0.8	installed
libsoup2.4-1:amd64	2.74.2-3ubuntu0.8	installed
libsoup2.4-common	2.74.2-3ubuntu0.8	installed
libsource-highlight-common	3.1.9-4.1build2	installed
libsource-highlight4v5	3.1.9-4.1build2	installed
libsoxr0:amd64	0.1.3-4build2	installed
libspa-0.2-modules:amd64	0.3.48-1ubuntu3.2	installed
libspatialite-dev:amd64	5.0.1-2build2	installed
libspatialite7:amd64	5.0.1-2build2	installed
libspdlog-dev:amd64	1:1.9.2+ds-0.2	installed
libspdlog1:amd64	1:1.9.2+ds-0.2	installed
libspectre1:amd64	0.2.10-1	installed
libspeechd2:amd64	0.11.1-1ubuntu3	installed
libspeex1:amd64	1.2~rc1.2-1.1ubuntu3	installed
libspeexdsp1:amd64	1.2~rc1.2-1.1ubuntu3	installed
libsphinxbase3:amd64	0.8+5prealpha+1-13build1	installed
libspnav0	0.2.3-1	installed
libsqlite3-0:amd64	3.37.2-2ubuntu0.8	installed
libsqlite3-dev:amd64	3.37.2-2ubuntu0.8	installed
libsratom-0-0:amd64	0.6.8-1	installed
libsrt1.4-gnutls:amd64	1.4.4-4	installed
libss2:amd64	1.46.5-2ubuntu1.2	installed
libssh-4:amd64	0.9.6-2ubuntu0.22.04.8	installed
libssh-gcrypt-4:amd64	0.9.6-2ubuntu0.22.04.8	installed
libssl-dev:amd64	3.0.2-0ubuntu1.30	installed
libssl3:amd64	3.0.2-0ubuntu1.30	installed
libssl3:i386	3.0.2-0ubuntu1.30	installed
libstartup-notification0:amd64	0.12-6build2	installed
libstb0:amd64	0.0~git20210910.af1a5bc+ds-1	installed
libstdc++-11-dev:amd64	11.4.0-1ubuntu1~22.04.3	installed
libstdc++6:amd64	12.3.0-1ubuntu1~22.04.3	installed
libstemmer0d:amd64	2.2.0-1build1	installed
libsuperlu-dev:amd64	5.3.0+dfsg1-2	installed
libsuperlu5:amd64	5.3.0+dfsg1-2	installed
libsvn1:amd64	1.14.1-3ubuntu0.22.04.1	installed
libswresample-dev:amd64	7:4.4.2-0ubuntu0.22.04.1	installed
libswresample3:amd64	7:4.4.2-0ubuntu0.22.04.1	installed
libswscale-dev:amd64	7:4.4.2-0ubuntu0.22.04.1	installed
libswscale5:amd64	7:4.4.2-0ubuntu0.22.04.1	installed
libsynctex2:amd64	2021.20210626.59705-1ubuntu0.3	installed
libsysmetrics1:amd64	1.7.1ubuntu0.1	installed
libsystemd0:amd64	249.11-0ubuntu3.22	installed
libsz2:amd64	1.0.6-1	installed
libtag1v5:amd64	1.11.1+dfsg.1-3ubuntu3	installed
libtag1v5-vanilla:amd64	1.11.1+dfsg.1-3ubuntu3	installed
libtalloc2:amd64	2.3.3-2build1	installed
libtar0:amd64	1.2.20-8ubuntu0.22.04.1	installed
libtasn1-6:amd64	4.18.0-4ubuntu0.2	installed
libtbb-dev:amd64	2021.5.0-7ubuntu2	installed
libtbb12:amd64	2021.5.0-7ubuntu2	installed
libtbb2:amd64	2020.3-1ubuntu3	installed
libtbbmalloc2:amd64	2021.5.0-7ubuntu2	installed
libtcl8.6:amd64	8.6.12+dfsg-1build1	installed
libtdb1:amd64	1.4.5-2build1	installed
libteamdctl0:amd64	1.31-1build2	installed
libtesseract4:amd64	4.1.1-2.1build1	installed
libtevent0:amd64	0.11.0-1build1	installed
libtext-charwidth-perl	0.04-10build3	installed
libtext-iconv-perl	1.7-7build3	installed
libtext-wrapi18n-perl	0.06-9	installed
libtf1d:amd64	1.13.2-8	installed
libtf2-2d:amd64	0.7.5-9build1	installed
libtf2-ros1d:amd64	0.7.5-9build1	installed
libthai-data	0.1.29-1build1	installed
libthai0:amd64	0.1.29-1build1	installed
libtheora-dev:amd64	1.1.1+dfsg.1-15ubuntu4	installed
libtheora0:amd64	1.1.1+dfsg.1-15ubuntu4	installed
libthrust-dev	1.15.0-1	installed
libtie-ixhash-perl	1.23-2.1	installed
libtiff-dev:amd64	4.3.0-6ubuntu0.13	installed
libtiff5:amd64	4.3.0-6ubuntu0.13	installed
libtiffxx5:amd64	4.3.0-6ubuntu0.13	installed
libtimedate-perl	2.3300-2	installed
libtinfo6:amd64	6.3-2ubuntu0.3	installed
libtinyobjloader1:amd64	2.0.0~rc5+dfsg1-5build1	installed
libtinyxml-dev:amd64	2.6.2-6ubuntu0.22.04.1	installed
libtinyxml2-9:amd64	9.0.0+dfsg-3	installed
libtinyxml2-dev:amd64	9.0.0+dfsg-3	installed
libtinyxml2.6.2v5:amd64	2.6.2-6ubuntu0.22.04.1	installed
libtirpc-common	1.3.2-2ubuntu0.1	installed
libtirpc-dev:amd64	1.3.2-2ubuntu0.1	installed
libtirpc3:amd64	1.3.2-2ubuntu0.1	installed
libtirpc3:i386	1.3.2-2ubuntu0.1	installed
libtk8.6:amd64	8.6.12-1build1	installed
libtool	2.4.6-15build2	installed
libtotem-plparser-common	3.26.6-1build1	installed
libtotem-plparser18:amd64	3.26.6-1build1	installed
libtraceevent1:amd64	1:1.3.3-1	installed
libtracker-sparql-3.0-0:amd64	3.3.0-1	installed
libtry-tiny-perl	0.31-1	installed
libtsan0:amd64	11.4.0-1ubuntu1~22.04.3	installed
libtsan2:amd64	12.3.0-1ubuntu1~22.04.3	installed
libtss2-esys-3.0.2-0:amd64	3.2.0-1ubuntu1.1	installed
libtss2-mu0:amd64	3.2.0-1ubuntu1.1	installed
libtss2-sys1:amd64	3.2.0-1ubuntu1.1	installed
libtss2-tcti-cmd0:amd64	3.2.0-1ubuntu1.1	installed
libtss2-tcti-device0:amd64	3.2.0-1ubuntu1.1	installed
libtss2-tcti-mssim0:amd64	3.2.0-1ubuntu1.1	installed
libtss2-tcti-swtpm0:amd64	3.2.0-1ubuntu1.1	installed
libtwolame0:amd64	0.4.0-2build2	installed
libu2f-udev	1.1.10-3build2	installed
libubsan1:amd64	12.3.0-1ubuntu1~22.04.3	installed
libuchardet0:amd64	0.0.7-1build2	installed
libucx0:amd64	1.12.1~rc2-1	installed
libudev-dev:amd64	249.11-0ubuntu3.22	installed
libudev1:amd64	249.11-0ubuntu3.22	installed
libudfread0:amd64	1.1.2-1	installed
libudisks2-0:amd64	2.9.4-1ubuntu2.3	installed
libunistring2:amd64	1.0-1	installed
libunistring2:i386	1.0-1	installed
libunity-protocol-private0:amd64	7.1.4+19.04.20190319-6build1	installed
libunity-scopes-json-def-desktop	7.1.4+19.04.20190319-6build1	installed
libunity9:amd64	7.1.4+19.04.20190319-6build1	installed
libunwind8:amd64	1.3.2-2build2.1	installed
libupower-glib3:amd64	0.99.17-1	installed
liburcu-dev:amd64	0.13.1-1	installed
liburcu8:amd64	0.13.1-1	installed
liburdf1d:amd64	1.13.2-8	installed
liburdfdom-dev:amd64	3.0.1-1	installed
liburdfdom-headers-dev	1.0.5-3	installed
liburdfdom-model-state3.0:amd64	3.0.1-1	installed
liburdfdom-model3.0:amd64	3.0.1-1	installed
liburdfdom-sensor3.0:amd64	3.0.1-1	installed
liburdfdom-world3.0:amd64	3.0.1-1	installed
liburi-perl	5.10-1	installed
liburiparser-dev	0.9.6+dfsg-1	installed
liburiparser1:amd64	0.9.6+dfsg-1	installed
libusb-1.0-0:amd64	2:1.0.25-1ubuntu2	installed
libusb-1.0-0-dev:amd64	2:1.0.25-1ubuntu2	installed
libusb-1.0-doc	2:1.0.25-1ubuntu2	installed
libusbmuxd6:amd64	2.0.2-3build2	installed
libutf8proc2:amd64	2.7.0-3	installed
libutfcpp-dev:amd64	3.2.1-2	installed
libuuid1:amd64	2.37.2-4ubuntu3.6	installed
libuv1:amd64	1.43.0-1ubuntu0.1	installed
libv4l-0:amd64	1.22.1-2build1	installed
libv4lconvert0:amd64	1.22.1-2build1	installed
libva-drm2:amd64	2.14.0-1	installed
libva-x11-2:amd64	2.14.0-1	installed
libva2:amd64	2.14.0-1	installed
libvdpau-dev:amd64	1.4-3build2	installed
libvdpau1:amd64	1.4-3build2	installed
libvidstab1.1:amd64	1.1.0-2	installed
libvisual-0.4-0:amd64	0.4.0-17build2	installed
libvncserver1:amd64	0.9.13+dfsg-3ubuntu0.2	installed
libvolume-key1	0.3.12-3.1build3	installed
libvorbis0a:amd64	1.3.7-1build2	installed
libvorbisenc2:amd64	1.3.7-1build2	installed
libvorbisfile3:amd64	1.3.7-1build2	installed
libvpx7:amd64	1.11.0-2ubuntu2.5	installed
libvte-2.91-0:amd64	0.68.0-1ubuntu0.1	installed
libvte-2.91-common	0.68.0-1ubuntu0.1	installed
libvtk9-dev	9.1.0+really9.1.0+dfsg2-3build1	installed
libvtk9-java	9.1.0+really9.1.0+dfsg2-3build1	installed
libvtk9-qt-dev:amd64	9.1.0+really9.1.0+dfsg2-3build1	installed
libvtk9.1:amd64	9.1.0+really9.1.0+dfsg2-3build1	installed
libvtk9.1-qt:amd64	9.1.0+really9.1.0+dfsg2-3build1	installed
libvulkan-dev:amd64	1.3.204.1-2	installed
libvulkan1:amd64	1.3.204.1-2	installed
libwacom-bin	2.2.0-1	installed
libwacom-common	2.2.0-1	installed
libwacom9:amd64	2.2.0-1	installed
libwavpack1:amd64	5.4.0-1build2	installed
libwayland-bin	1.20.0-1ubuntu0.1	installed
libwayland-client0:amd64	1.20.0-1ubuntu0.1	installed
libwayland-client0:i386	1.20.0-1ubuntu0.1	installed
libwayland-cursor0:amd64	1.20.0-1ubuntu0.1	installed
libwayland-dev:amd64	1.20.0-1ubuntu0.1	installed
libwayland-egl1:amd64	1.20.0-1ubuntu0.1	installed
libwayland-server0:amd64	1.20.0-1ubuntu0.1	installed
libwayland-server0:i386	1.20.0-1ubuntu0.1	installed
libwbclient0:amd64	2:4.15.13+dfsg-0ubuntu1.13	installed
libwebkit2gtk-4.0-37:amd64	2.50.4-0ubuntu0.22.04.1	installed
libwebp-dev:amd64	1.2.2-2ubuntu0.22.04.2	installed
libwebp7:amd64	1.2.2-2ubuntu0.22.04.2	installed
libwebpdemux2:amd64	1.2.2-2ubuntu0.22.04.2	installed
libwebpmux3:amd64	1.2.2-2ubuntu0.22.04.2	installed
libwebrtc-audio-processing1:amd64	0.3.1-0ubuntu5	installed
libwhoopsie-preferences0	23	installed
libwhoopsie0:amd64	0.2.77	installed
libwinpr2-2:amd64	2.6.1+dfsg1-3ubuntu2.11	installed
libwmf-0.2-7:amd64	0.2.12-5ubuntu1	installed
libwmf-0.2-7-gtk	0.2.12-5ubuntu1	installed
libwmf0.2-7-gtk:amd64	0.2.12-5ubuntu1	installed
libwmflite-0.2-7:amd64	0.2.12-5ubuntu1	installed
libwnck-3-0:amd64	40.1-1	installed
libwnck-3-common	40.1-1	installed
libwoff1:amd64	1.0.2-1build4	installed
libwrap0:amd64	7.6.q-31build2	installed
libwww-perl	6.61-1ubuntu0.1	installed
libwww-robotrules-perl	6.02-1	installed
libx11-6:amd64	2:1.7.5-1ubuntu0.3	installed
libx11-6:i386	2:1.7.5-1ubuntu0.3	installed
libx11-data	2:1.7.5-1ubuntu0.3	installed
libx11-dev:amd64	2:1.7.5-1ubuntu0.3	installed
libx11-protocol-perl	0.56-7.1	installed
libx11-xcb1:amd64	2:1.7.5-1ubuntu0.3	installed
libx11-xcb1:i386	2:1.7.5-1ubuntu0.3	installed
libx264-163:amd64	2:0.163.3060+git5db6aa6-2build1	installed
libx265-199:amd64	3.5-2	installed
libx265-dev:amd64	3.5-2	installed
libxatracker2:amd64	23.2.1-1ubuntu3.1~22.04.4	installed
libxau-dev:amd64	1:1.0.9-1build5	installed
libxau6:amd64	1:1.0.9-1build5	installed
libxau6:i386	1:1.0.9-1build5	installed
libxaw7:amd64	2:1.0.14-1	installed
libxaw7-dev:amd64	2:1.0.14-1	installed
libxcb-dri2-0:amd64	1.14-3ubuntu3	installed
libxcb-dri3-0:amd64	1.14-3ubuntu3	installed
libxcb-dri3-0:i386	1.14-3ubuntu3	installed
libxcb-glx0:amd64	1.14-3ubuntu3	installed
libxcb-icccm4:amd64	0.4.1-1.1build2	installed
libxcb-image0:amd64	0.4.0-2	installed
libxcb-keysyms1:amd64	0.4.0-1build3	installed
libxcb-present0:amd64	1.14-3ubuntu3	installed
libxcb-present0:i386	1.14-3ubuntu3	installed
libxcb-randr0:amd64	1.14-3ubuntu3	installed
libxcb-randr0:i386	1.14-3ubuntu3	installed
libxcb-render-util0:amd64	0.3.9-1build3	installed
libxcb-render0:amd64	1.14-3ubuntu3	installed
libxcb-res0:amd64	1.14-3ubuntu3	installed
libxcb-shape0:amd64	1.14-3ubuntu3	installed
libxcb-shm0:amd64	1.14-3ubuntu3	installed
libxcb-sync1:amd64	1.14-3ubuntu3	installed
libxcb-util1:amd64	0.4.0-1build2	installed
libxcb-xfixes0:amd64	1.14-3ubuntu3	installed
libxcb-xinerama0:amd64	1.14-3ubuntu3	installed
libxcb-xinput0:amd64	1.14-3ubuntu3	installed
libxcb-xkb1:amd64	1.14-3ubuntu3	installed
libxcb-xv0:amd64	1.14-3ubuntu3	installed
libxcb1:amd64	1.14-3ubuntu3	installed
libxcb1:i386	1.14-3ubuntu3	installed
libxcb1-dev:amd64	1.14-3ubuntu3	installed
libxcomposite1:amd64	1:0.4.5-1build2	installed
libxcursor-dev:amd64	1:1.2.0-2build4	installed
libxcursor1:amd64	1:1.2.0-2build4	installed
libxcvt0:amd64	0.1.1-3	installed
libxdamage1:amd64	1:1.1.5-2build2	installed
libxdmcp-dev:amd64	1:1.1.3-0ubuntu5	installed
libxdmcp6:amd64	1:1.1.3-0ubuntu5	installed
libxdmcp6:i386	1:1.1.3-0ubuntu5	installed
libxerces-c-dev:amd64	3.2.3+debian-3ubuntu0.1	installed
libxerces-c3.2:amd64	3.2.3+debian-3ubuntu0.1	installed
libxext-dev:amd64	2:1.3.4-1build1	installed
libxext6:amd64	2:1.3.4-1build1	installed
libxext6:i386	2:1.3.4-1build1	installed
libxfixes-dev:amd64	1:6.0.0-1	installed
libxfixes3:amd64	1:6.0.0-1	installed
libxfont2:amd64	1:2.0.5-1ubuntu0.2	installed
libxft-dev:amd64	2.3.4-1	installed
libxft2:amd64	2.3.4-1	installed
libxi-dev:amd64	2:1.8-1build1	installed
libxi6:amd64	2:1.8-1build1	installed
libxinerama-dev:amd64	2:1.1.4-3	installed
libxinerama1:amd64	2:1.1.4-3	installed
libxkbcommon-dev:amd64	1.4.0-1	installed
libxkbcommon-x11-0:amd64	1.4.0-1	installed
libxkbcommon0:amd64	1.4.0-1	installed
libxkbfile1:amd64	1:1.1.0-1build3	installed
libxkbregistry0:amd64	1.4.0-1	installed
libxklavier16:amd64	5.4-4build2	installed
libxml-parser-perl:amd64	2.46-3ubuntu0.1	installed
libxml-twig-perl	1:3.52-1	installed
libxml-xpathengine-perl	0.14-1	installed
libxml2:amd64	2.9.13+dfsg-1ubuntu0.13	installed
libxml2-dev:amd64	2.9.13+dfsg-1ubuntu0.13	installed
libxml2-utils	2.9.13+dfsg-1ubuntu0.13	installed
libxmlb2:amd64	0.3.24-1~ubuntu0.22.04.1	installed
libxmlrpcpp3d:amd64	1.15.14+ds-2build2	installed
libxmu-dev:amd64	2:1.1.3-3	installed
libxmu-headers	2:1.1.3-3	installed
libxmu6:amd64	2:1.1.3-3	installed
libxmuu1:amd64	2:1.1.3-3	installed
libxnvctrl0:amd64	510.47.03-0ubuntu1.22.04.1	installed
libxpm-dev:amd64	1:3.5.12-1ubuntu0.22.04.4	installed
libxpm4:amd64	1:3.5.12-1ubuntu0.22.04.4	installed
libxrandr-dev:amd64	2:1.5.2-1build1	installed
libxrandr2:amd64	2:1.5.2-1build1	installed
libxrender-dev:amd64	1:0.9.10-1build4	installed
libxrender1:amd64	1:0.9.10-1build4	installed
libxres1:amd64	2:1.2.1-1	installed
libxshmfence1:amd64	1.3-1build4	installed
libxsimd-dev:amd64	7.6.0-2	installed
libxslt1.1:amd64	1.1.34-4ubuntu0.22.04.5	installed
libxss-dev:amd64	1:1.2.3-1build2	installed
libxss1:amd64	1:1.2.3-1build2	installed
libxt-dev:amd64	1:1.2.1-1	installed
libxt6:amd64	1:1.2.1-1	installed
libxtables12:amd64	1.8.7-1ubuntu5.2	installed
libxtst6:amd64	2:1.2.3-1build4	installed
libxv-dev:amd64	2:1.0.11-1build2	installed
libxv1:amd64	2:1.0.11-1build2	installed
libxvidcore4:amd64	2:1.3.7-1	installed
libxvmc1:amd64	2:1.0.12-2build2	installed
libxxf86dga1:amd64	2:1.1.5-0ubuntu3	installed
libxxf86vm-dev:amd64	1:1.1.4-1build3	installed
libxxf86vm1:amd64	1:1.1.4-1build3	installed
libxxhash0:amd64	0.8.1-1	installed
libyaml-0-2:amd64	0.2.2-1build2	installed
libyaml-cpp-dev	0.7.0+dfsg-8build1	installed
libyaml-cpp0.7:amd64	0.7.0+dfsg-8build1	installed
libyaml-dev:amd64	0.2.2-1build2	installed
libyelp0:amd64	42.1-1ubuntu0.2	installed
libz3-4:amd64	4.8.12-1	installed
libzimg2:amd64	3.0.3+ds1-1	installed
libzip-dev:amd64	1.7.3-1ubuntu2	installed
libzip4:amd64	1.7.3-1ubuntu2	installed
libzmq3-dev:amd64	4.3.4-2	installed
libzmq5:amd64	4.3.4-2	installed
libzstd-dev:amd64	1.4.8+dfsg-3build1	installed
libzstd1:amd64	1.4.8+dfsg-3build1	installed
libzvbi-common	0.2.35-19	installed
libzvbi0:amd64	0.2.35-19	installed
libzzip-0-13:amd64	0.13.72+dfsg.1-1.1	installed
linux-base	4.5ubuntu9+22.04.1	installed
linux-firmware	20220329.git681281e4-0ubuntu3.42	installed
linux-generic-hwe-20.04	5.15.0.194.171	installed
linux-generic-hwe-22.04	6.8.0-138.138~22.04.1	installed
linux-headers-6.8.0-136-generic	6.8.0-136.136~22.04.1	installed
linux-headers-6.8.0-138-generic	6.8.0-138.138~22.04.1	installed
linux-headers-generic-hwe-22.04	6.8.0-138.138~22.04.1	installed
linux-hwe-6.8-headers-6.8.0-136	6.8.0-136.136~22.04.1	installed
linux-hwe-6.8-headers-6.8.0-138	6.8.0-138.138~22.04.1	installed
linux-hwe-6.8-tools-6.8.0-136	6.8.0-136.136~22.04.1	installed
linux-hwe-6.8-tools-6.8.0-138	6.8.0-138.138~22.04.1	installed
linux-image-6.8.0-117-generic	6.8.0-117.117~22.04.1	config-files
linux-image-6.8.0-124-generic	6.8.0-124.124~22.04.1	config-files
linux-image-6.8.0-134-generic	6.8.0-134.134~22.04.1	config-files
linux-image-6.8.0-136-generic	6.8.0-136.136~22.04.1	installed
linux-image-6.8.0-138-generic	6.8.0-138.138~22.04.1	installed
linux-image-6.8.0-40-generic	6.8.0-40.40~22.04.3	config-files
linux-image-generic-hwe-22.04	6.8.0-138.138~22.04.1	installed
linux-libc-dev:amd64	5.15.0-194.204	installed
linux-modules-6.8.0-117-generic	6.8.0-117.117~22.04.1	config-files
linux-modules-6.8.0-124-generic	6.8.0-124.124~22.04.1	config-files
linux-modules-6.8.0-134-generic	6.8.0-134.134~22.04.1	config-files
linux-modules-6.8.0-136-generic	6.8.0-136.136~22.04.1	installed
linux-modules-6.8.0-138-generic	6.8.0-138.138~22.04.1	installed
linux-modules-6.8.0-40-generic	6.8.0-40.40~22.04.3	config-files
linux-modules-extra-6.8.0-117-generic	6.8.0-117.117~22.04.1	config-files
linux-modules-extra-6.8.0-124-generic	6.8.0-124.124~22.04.1	config-files
linux-modules-extra-6.8.0-134-generic	6.8.0-134.134~22.04.1	config-files
linux-modules-extra-6.8.0-136-generic	6.8.0-136.136~22.04.1	installed
linux-modules-extra-6.8.0-138-generic	6.8.0-138.138~22.04.1	installed
linux-modules-extra-6.8.0-40-generic	6.8.0-40.40~22.04.3	config-files
linux-modules-nvidia-580-open-6.8.0-136-generic	6.8.0-136.136~22.04.1+1	installed
linux-modules-nvidia-580-open-6.8.0-138-generic	6.8.0-138.138~22.04.1	installed
linux-modules-nvidia-580-open-generic-hwe-22.04	6.8.0-138.138~22.04.1	installed
linux-sound-base	1.0.25+dfsg-0ubuntu7	installed
linux-tools-6.8.0-136-generic	6.8.0-136.136~22.04.1	installed
linux-tools-6.8.0-138-generic	6.8.0-138.138~22.04.1	installed
linux-tools-common	5.15.0-194.204	installed
locales	2.35-0ubuntu3.15	installed
login	1:4.8.1-2ubuntu2.2	installed
logrotate	3.19.0-1ubuntu1.1	installed
logsave	1.46.5-2ubuntu1.2	installed
lsb-base	11.1.0ubuntu4	installed
lsb-release	11.1.0ubuntu4	installed
lshw	02.19.git.2021.06.19.996aaad9c7-2ubuntu0.22.04.1	installed
lsof	4.93.2+dfsg-1.1build2	installed
lto-disabled-list	24	installed
lttng-tools	2.13.4-1build1	installed
m4	1.4.18-5ubuntu2	installed
mailcap	3.70+nmu1ubuntu1.22.04.1	installed
make	4.3-4.1build1	installed
man-db	2.10.2-1	installed
manpages	5.10-1ubuntu1	installed
manpages-dev	5.10-1ubuntu1	installed
mawk	1.3.4.20200120-3	installed
media-types	7.0.0	installed
memtest86+	5.31b+dfsg-4	installed
mercurial	6.1.1-1ubuntu1	installed
mercurial-common	6.1.1-1ubuntu1	installed
mesa-va-drivers:amd64	23.2.1-1ubuntu3.1~22.04.4	installed
mesa-vdpau-drivers:amd64	23.2.1-1ubuntu3.1~22.04.4	installed
mesa-vulkan-drivers:amd64	23.2.1-1ubuntu3.1~22.04.4	installed
mime-support	3.66	installed
mobile-broadband-provider-info	20220315-1	installed
modemmanager	1.20.0-1~ubuntu22.04.4	installed
mokutil	0.6.0-2~22.04.2	installed
mount	2.37.2-4ubuntu3.6	installed
mousetweaks	3.32.0-3build2	installed
mpi-default-bin	1.14	installed
mpi-default-dev	1.14	installed
mscompress	0.4-9build1	installed
mtr-tiny	0.95-1	installed
mutter-common	42.9-0ubuntu9	installed
mysql-common	5.8+1.0.8	installed
nano	6.2-1ubuntu0.2	installed
nautilus	1:42.6-0ubuntu2	installed
nautilus-data	1:42.6-0ubuntu2	installed
nautilus-extension-gnome-terminal	3.44.0-1ubuntu1	installed
nautilus-sendto	3.8.6-4	installed
nautilus-share	0.7.3-2ubuntu6	installed
ncurses-base	6.3-2ubuntu0.3	installed
ncurses-bin	6.3-2ubuntu0.3	installed
ncurses-term	6.3-2ubuntu0.3	installed
netbase	6.3	installed
netcat-openbsd	1.218-4ubuntu1	installed
netplan-generator	0.107.1-3ubuntu0.22.04.4	installed
netplan.io	0.107.1-3ubuntu0.22.04.4	installed
network-manager	1.36.6-0ubuntu2.4	installed
network-manager-config-connectivity-ubuntu	1.36.6-0ubuntu2.4	installed
network-manager-gnome	1.24.0-1ubuntu3	installed
network-manager-openvpn	1.8.18-1ubuntu0.2	installed
network-manager-openvpn-gnome	1.8.18-1ubuntu0.2	installed
network-manager-pptp	1.2.10-1	installed
network-manager-pptp-gnome	1.2.10-1	installed
networkd-dispatcher	2.1-2ubuntu0.22.04.2	installed
nftables	1.0.2-1ubuntu3.1	installed
node-html5shiv	3.7.3+dfsg-4	installed
nsight-compute	2021.3.1.4~11.5.1-1ubuntu1	installed
nsight-compute-target:amd64	2021.3.1.4~11.5.1-1ubuntu1	installed
nsight-systems	2021.3.3.2~11.5.1-1ubuntu1	installed
nsight-systems-target:amd64	2021.3.3.2~11.5.1-1ubuntu1	installed
ntfs-3g	1:2021.8.22-3ubuntu1.4	installed
nvidia-compute-utils-580	580.173.02-0ubuntu0.22.04.1	installed
nvidia-compute-utils-595	595.84-0ubuntu0.22.04.1	config-files
nvidia-cuda-dev:amd64	11.5.1-1ubuntu1	installed
nvidia-cuda-gdb	11.5.114~11.5.1-1ubuntu1	installed
nvidia-cuda-toolkit	11.5.1-1ubuntu1	installed
nvidia-cuda-toolkit-doc	11.5.1-1ubuntu1	installed
nvidia-dkms-595-open	595.84-0ubuntu0.22.04.1	config-files
nvidia-driver-580-open	580.173.02-0ubuntu0.22.04.1	installed
nvidia-firmware-580-580.173.02	580.173.02-0ubuntu0.22.04.1	installed
nvidia-firmware-595-595.84	595.84-0ubuntu0.22.04.1	installed
nvidia-kernel-common-580	580.173.02-0ubuntu0.22.04.1	installed
nvidia-kernel-common-595	595.84-0ubuntu0.22.04.1	config-files
nvidia-kernel-source-580-open	580.173.02-0ubuntu0.22.04.1	installed
nvidia-opencl-dev:amd64	11.5.1-1ubuntu1	installed
nvidia-prime	0.8.17.1	installed
nvidia-profiler	11.5.114~11.5.1-1ubuntu1	installed
nvidia-settings	510.47.03-0ubuntu1.22.04.1	installed
nvidia-utils-580	580.173.02-0ubuntu0.22.04.1	installed
nvidia-visual-profiler	11.5.114~11.5.1-1ubuntu1	installed
ocl-icd-libopencl1:amd64	2.2.14-3	installed
ocl-icd-opencl-dev:amd64	2.2.14-3	installed
oem-somerville-meta	22.04ubuntu2	installed
oem-somerville-rattata-meta	22.04ubuntu5	installed
opencl-c-headers	3.0~2022.01.04-1	installed
opencl-clhpp-headers	3.0~2.0.15-1ubuntu1	installed
opencv-data	4.5.4+dfsg-9ubuntu4	installed
openjdk-11-jdk:amd64	11.0.32.1+1-1ubuntu1~22.04	installed
openjdk-11-jdk-headless:amd64	11.0.32.1+1-1ubuntu1~22.04	installed
openjdk-11-jre:amd64	11.0.32.1+1-1ubuntu1~22.04	installed
openjdk-11-jre-headless:amd64	11.0.32.1+1-1ubuntu1~22.04	installed
openjdk-8-jre:amd64	8u504-ga-1ubuntu1~22.04.3	installed
openjdk-8-jre-headless:amd64	8u504-ga-1ubuntu1~22.04.3	installed
openmpi-bin	4.1.2-2ubuntu1	installed
openmpi-common	4.1.2-2ubuntu1	installed
openni-utils	1.5.4.0+dfsg-5	installed
openprinting-ppds	20220223-0ubuntu1	installed
openssh-client	1:8.9p1-3ubuntu0.17	installed
openssh-server	1:8.9p1-3ubuntu0.17	installed
openssh-sftp-server	1:8.9p1-3ubuntu0.17	installed
openssl	3.0.2-0ubuntu1.30	installed
openvpn	2.5.11-0ubuntu0.22.04.5	installed
orca	42.0-1ubuntu2	installed
os-prober	1.79ubuntu2	installed
p11-kit	0.24.0-6ubuntu0.1	installed
p11-kit-modules:amd64	0.24.0-6ubuntu0.1	installed
packagekit	1.2.5-2ubuntu3.1	installed
packagekit-tools	1.2.5-2ubuntu3.1	installed
parted	3.4-2build1	installed
passwd	1:4.8.1-2ubuntu2.2	installed
patch	2.7.6-7build2	installed
pci.ids	0.0~2022.01.22-1ubuntu0.1	installed
pciutils	1:3.7.0-6	installed
pcmciautils	018-13build1	installed
perl	5.34.0-3ubuntu1.9	installed
perl-base	5.34.0-3ubuntu1.9	installed
perl-modules-5.34	5.34.0-3ubuntu1.9	installed
perl-openssl-defaults:amd64	5build2	installed
pinentry-curses	1.1.1-1build2	installed
pinentry-gnome3	1.1.1-1build2	installed
pipewire:amd64	0.3.48-1ubuntu3.2	installed
pipewire-bin	0.3.48-1ubuntu3.2	installed
pipewire-media-session	0.4.1-2ubuntu1	installed
pkexec	0.105-33ubuntu0.2	installed
pkg-config	0.29.2-1ubuntu3	installed
plymouth	0.9.5+git20211018-1ubuntu3	installed
plymouth-label	0.9.5+git20211018-1ubuntu3	installed
plymouth-theme-spinner	0.9.5+git20211018-1ubuntu3	installed
plymouth-theme-ubuntu-text	0.9.5+git20211018-1ubuntu3	installed
pocketsphinx-en-us	0.8.0+real5prealpha+1-14ubuntu1	installed
policykit-1	0.105-33ubuntu0.2	installed
policykit-desktop-privileges	0.21	installed
polkitd	0.105-33ubuntu0.2	installed
poppler-data	0.4.11-1	installed
poppler-utils	22.02.0-2ubuntu0.13	installed
power-profiles-daemon	0.10.1-3	installed
powermgmt-base	1.36ubuntu0.22.04.1	installed
ppp	2.4.9-1+1ubuntu3	installed
pptp-linux	1.10.0-1build3	installed
printer-driver-brlaser	6-3	installed
printer-driver-c2esp	27-11build1	installed
printer-driver-foo2zjs	20200505dfsg0-2ubuntu2.22.04.1	installed
printer-driver-foo2zjs-common	20200505dfsg0-2ubuntu2.22.04.1	installed
printer-driver-hpcups	3.21.12+dfsg0-1ubuntu0.1	installed
printer-driver-m2300w	0.51-15build1	installed
printer-driver-min12xxw	0.0.9-11build2	installed
printer-driver-pnm2ppa	1.13+nondbs-0ubuntu9	installed
printer-driver-postscript-hp	3.21.12+dfsg0-1ubuntu0.1	installed
printer-driver-ptouch	1.6-2build1	installed
printer-driver-pxljr	1.4+repack0-6build1	installed
printer-driver-sag-gdi	0.1-8	installed
printer-driver-splix	2.0.0+svn315-7fakesync1ubuntu0.22.04.1	installed
procps	2:3.3.17-6ubuntu2.1	installed
proj-bin	8.2.1-1	installed
proj-data	8.2.1-1	installed
protobuf-compiler	3.12.4-1ubuntu7.22.04.6	installed
psmisc	23.4-2build3	installed
publicsuffix	20211207.1025-1	installed
pulseaudio	1:15.99.1+dfsg1-1ubuntu2.2	installed
pulseaudio-module-bluetooth	1:15.99.1+dfsg1-1ubuntu2.2	installed
pulseaudio-utils	1:15.99.1+dfsg1-1ubuntu2.2	installed
pybind11-dev	2.9.1-2	installed
pydocstyle	6.1.1-1	installed
pyflakes3	2.4.0-2	installed
pyqt5-dev	5.15.6+dfsg-1ubuntu3	installed
python-apt-common	2.4.0ubuntu4.1	installed
python-babel-localedata	2.8.0+dfsg.1-7	installed
python-matplotlib-data	3.5.1-2build1	installed
python3	3.10.6-1~22.04.1	installed
python3-appdirs	1.4.4-2	installed
python3-apport	2.20.11-0ubuntu82.10	installed
python3-apt	2.4.0ubuntu4.1	installed
python3-aptdaemon	1.1.1+bzr982-0ubuntu39	installed
python3-aptdaemon.gtk3widgets	1.1.1+bzr982-0ubuntu39	installed
python3-argcomplete	1.8.1-1.5	installed
python3-attr	21.2.0-1ubuntu1	installed
python3-babel	2.8.0+dfsg.1-7	installed
python3-beniget	0.4.1-2	installed
python3-blinker	1.4+dfsg1-0.4	installed
python3-bloom	0.14.3+upstream-1	installed
python3-breezy	3.2.1+bzr7585-1build1	installed
python3-brlapi:amd64	6.4-4ubuntu3	installed
python3-brotli	1.0.9-2build6	installed
python3-bs4	4.10.0-2	installed
python3-cairo:amd64	1.20.1-3build1	installed
python3-catkin-pkg	1.1.0-101	installed
python3-catkin-pkg-modules	1.1.0-2	installed
python3-certifi	2020.6.20-1	installed
python3-cffi-backend:amd64	1.15.0-1build2	installed
python3-chardet	4.0.0-1	installed
python3-click	8.0.3-1	installed
python3-colcon-argcomplete	0.3.3+upstream-1	installed
python3-colcon-bash	0.5.0-100	installed
python3-colcon-cd	0.2.1-100	installed
python3-colcon-cmake	0.2.30+upstream-1	installed
python3-colcon-common-extensions	0.3.0-100	installed
python3-colcon-core	0.21.0+upstream-1	installed
python3-colcon-defaults	0.2.9+upstream-1	installed
python3-colcon-devtools	0.3.0-100	installed
python3-colcon-installed-package-information	0.2.1-100	installed
python3-colcon-library-path	0.2.1-100	installed
python3-colcon-metadata	0.2.5-100	installed
python3-colcon-mixin	0.2.3-100	installed
python3-colcon-notification	0.3.1+upstream-1	installed
python3-colcon-output	0.2.14+upstream-1	installed
python3-colcon-override-check	0.0.1-100	installed
python3-colcon-package-information	0.4.1+upstream-1	installed
python3-colcon-package-selection	0.2.10-100	installed
python3-colcon-parallel-executor	0.3.0-100	installed
python3-colcon-pkg-config	0.1.0-100	installed
python3-colcon-powershell	0.5.0+upstream-1	installed
python3-colcon-python-setup-py	0.2.9-100	installed
python3-colcon-recursive-crawl	0.2.3-100	installed
python3-colcon-ros	0.5.0+upstream-1	installed
python3-colcon-test-result	0.3.8-100	installed
python3-colcon-zsh	0.5.0-100	installed
python3-colorama	0.4.4-1	installed
python3-commandnotfound	22.04.0	installed
python3-configobj	5.0.6-5ubuntu0.1	installed
python3-cov-core	1.15.0-3build1	installed
python3-coverage	6.2+dfsg1-2build1	installed
python3-cryptography	3.4.8-1ubuntu2.4	installed
python3-cups:amd64	2.0.1-5build1	installed
python3-cupshelpers	1.5.16-0ubuntu3	installed
python3-cycler	0.11.0-1	installed
python3-dateutil	2.8.1-6	installed
python3-dbus	1.2.18-3build1	installed
python3-debconf	1.5.79ubuntu1	installed
python3-debian	0.1.43ubuntu1.1	installed
python3-decorator	4.4.2-0ubuntu1	installed
python3-defer	1.0.6-2.1ubuntu1	installed
python3-deprecated	1.2.13-2	installed
python3-dev	3.10.6-1~22.04.1	installed
python3-distlib	0.3.4-1	installed
python3-distro	1.7.0-1	installed
python3-distro-info	1.1ubuntu0.2	installed
python3-distupgrade	1:22.04.21	installed
python3-distutils	3.10.8-1~22.04	installed
python3-docutils	0.17.1+dfsg-2	installed
python3-dulwich	0.20.31-1.1build1	installed
python3-empy	3.3.4-2	installed
python3-fastbencode	0.0.5-1build1	installed
python3-fastimport	0.9.14-2.1	installed
python3-flake8	4.0.1-2	installed
python3-flake8-builtins	1.5.3-3	installed
python3-flake8-comprehensions	3.8.0-1	installed
python3-flake8-docstrings	1.6.0-1	installed
python3-flake8-import-order	0.18.1-2	installed
python3-flake8-quotes	3.3.1-2	installed
python3-fonttools	4.29.1-2build1	installed
python3-fs	2.4.12-1	installed
python3-gast	0.5.2-2	installed
python3-gdbm:amd64	3.10.8-1~22.04	installed
python3-gi	3.42.1-0ubuntu1	installed
python3-gi-cairo	3.42.1-0ubuntu1	installed
python3-github	1.55-1	installed
python3-gitlab	1:2.10.1-2	installed
python3-gpg	1.16.0-1.2ubuntu4.2	installed
python3-html5lib	1.1-3	installed
python3-httplib2	0.20.2-2ubuntu0.1	installed
python3-ibus-1.0	1.5.26-4	installed
python3-idna	3.3-1ubuntu0.2	installed
python3-importlib-metadata	4.6.4-1	installed
python3-iniconfig	1.1.1-2	installed
python3-jeepney	0.7.1-3	installed
python3-jinja2	3.0.3-1ubuntu0.4	installed
python3-jwt	2.3.0-1ubuntu0.4	installed
python3-keyring	23.5.0-1	installed
python3-kiwisolver	1.3.2-1build1	installed
python3-lark	1.1.1-1	installed
python3-launchpadlib	1.10.16-1	installed
python3-lazr.restfulclient	0.14.4-1	installed
python3-lazr.uri	1.0.6-2	installed
python3-ldb	2:2.4.4-0ubuntu0.22.04.2	installed
python3-lib2to3	3.10.8-1~22.04	installed
python3-louis	3.20.0-2ubuntu0.2	installed
python3-lxml:amd64	4.8.0-1build1	installed
python3-lz4	3.1.3+dfsg-1build3	installed
python3-macaroonbakery	1.3.1-2ubuntu0.1	installed
python3-markupsafe	2.0.1-2build1	installed
python3-matplotlib	3.5.1-2build1	installed
python3-mccabe	0.6.1-3	installed
python3-minimal	3.10.6-1~22.04.1	installed
python3-more-itertools	8.10.0-2	installed
python3-mpi4py	3.1.3-1build2	installed
python3-mpmath	1.2.1-2	installed
python3-nacl	1.5.0-2	installed
python3-netifaces:amd64	0.11.0-1build2	installed
python3-netplan	0.107.1-3ubuntu0.22.04.4	installed
python3-nose2	0.9.2-1	installed
python3-notify2	0.3-4	installed
python3-numpy	1:1.21.5-1ubuntu22.04.1	installed
python3-oauthlib	3.2.0-1ubuntu0.1	installed
python3-olefile	0.46-3	installed
python3-opencv:amd64	4.5.4+dfsg-9ubuntu4	installed
python3-packaging	21.3-1	installed
python3-patiencediff	0.2.1-1build3	installed
python3-pexpect	4.8.0-2ubuntu1	installed
python3-pil:amd64	9.0.1-1ubuntu0.5	installed
python3-pil.imagetk:amd64	9.0.1-1ubuntu0.5	installed
python3-pip	22.0.2+dfsg-1ubuntu0.7	installed
python3-pip-whl	22.0.2+dfsg-1ubuntu0.7	installed
python3-pkg-resources	59.6.0-1.2ubuntu0.22.04.3	installed
python3-pluggy	0.13.0-7.1	installed
python3-ply	3.11-5	installed
python3-problem-report	2.20.11-0ubuntu82.10	installed
python3-protobuf	3.12.4-1ubuntu7.22.04.6	installed
python3-psutil	5.9.0-1build1	installed
python3-ptyprocess	0.7.0-3	installed
python3-py	1.10.0-1	installed
python3-pyatspi	2.38.2-1	installed
python3-pycodestyle	2.8.0-2	installed
python3-pydocstyle	6.1.1-1	installed
python3-pydot	1.4.2-1build1	installed
python3-pyflakes	2.4.0-2	installed
python3-pygments	2.11.2+dfsg-2ubuntu0.1	installed
python3-pygraphviz	1.7-3build1	installed
python3-pykdl:amd64	1.5.1-2build1	installed
python3-pymacaroons	0.13.0-4	installed
python3-pyparsing	2.4.7-1	installed
python3-pyqt5	5.15.6+dfsg-1ubuntu3	installed
python3-pyqt5.qtsvg	5.15.6+dfsg-1ubuntu3	installed
python3-pyqt5.sip	12.9.1-1build1	installed
python3-pyside2.qtcore	5.15.2-2build2	installed
python3-pyside2.qtgui	5.15.2-2build2	installed
python3-pyside2.qtsvg	5.15.2-2build2	installed
python3-pyside2.qtwidgets	5.15.2-2build2	installed
python3-pytest	6.2.5-1ubuntu2	installed
python3-pytest-cov	3.0.0-1	installed
python3-pythran	0.10.0+ds2-1	installed
python3-renderpm:amd64	3.6.8-1ubuntu0.1	installed
python3-reportlab	3.6.8-1ubuntu0.1	installed
python3-reportlab-accel:amd64	3.6.8-1ubuntu0.1	installed
python3-requests	2.25.1+dfsg-2ubuntu0.4	installed
python3-requests-toolbelt	0.9.1-1	installed
python3-rfc3339	1.1-3	installed
python3-roman	3.3-1	installed
python3-rosdep	0.26.0-1	installed
python3-rosdep-modules	0.26.0-1	installed
python3-rosdistro	1.0.1-100	installed
python3-rosdistro-modules	1.0.1-1	installed
python3-rospkg	1.6.1-100	installed
python3-rospkg-modules	1.6.1-1	installed
python3-scipy	1.8.0-1exp2ubuntu1	installed
python3-secretstorage	3.3.1-1	installed
python3-setuptools	59.6.0-1.2ubuntu0.22.04.3	installed
python3-setuptools-whl	59.6.0-1.2ubuntu0.22.04.3	installed
python3-sip	4.19.25+dfsg-3build1	installed
python3-sip-dev	4.19.25+dfsg-3build1	installed
python3-six	1.16.0-3ubuntu1	installed
python3-snowballstemmer	2.2.0-1build1	installed
python3-software-properties	0.99.22.9	installed
python3-soupsieve	2.3.1-1	installed
python3-speechd	0.11.1-1ubuntu3	installed
python3-sympy	1.9-1	installed
python3-systemd	234-3ubuntu2	installed
python3-talloc:amd64	2.3.3-2build1	installed
python3-tk:amd64	3.10.8-1~22.04	installed
python3-toml	0.10.2-1	installed
python3-typeguard	2.2.2-1.1	installed
python3-tz	2022.1-1ubuntu0.22.04.1	installed
python3-ufolib2	0.13.1+dfsg1-1	installed
python3-unicodedata2	14.0.0+ds-8	installed
python3-update-manager	1:22.04.22	installed
python3-urllib3	1.26.5-1~exp1ubuntu0.7	installed
python3-vcstool	0.3.0-1	installed
python3-vcstools	0.1.42-4	installed
python3-vtk9	9.1.0+really9.1.0+dfsg2-3build1	installed
python3-wadllib	1.3.6-1	installed
python3-webencodings	0.5.1-4	installed
python3-wheel	0.37.1-2ubuntu0.22.04.1	installed
python3-wrapt	1.13.3-1build1	installed
python3-xdg	0.27-2	installed
python3-xkit	0.5.0ubuntu5	installed
python3-yaml	5.4.1-1ubuntu1	installed
python3-zipp	1.0.0-3ubuntu0.1	installed
python3.10	3.10.12-1~22.04.18	installed
python3.10-dev	3.10.12-1~22.04.18	installed
python3.10-minimal	3.10.12-1~22.04.18	installed
python3.10-venv	3.10.12-1~22.04.18	installed
qdoc-qt5	5.15.3-1	installed
qhelpgenerator-qt5	5.15.3-1	installed
qml-module-qt-labs-folderlistmodel:amd64	5.15.3+dfsg-1	installed
qml-module-qt-labs-platform:amd64	5.15.3+dfsg-1	installed
qml-module-qt-labs-settings:amd64	5.15.3+dfsg-1	installed
qml-module-qtcharts:amd64	5.15.3-1	installed
qml-module-qtgraphicaleffects:amd64	5.15.3-1	installed
qml-module-qtlocation:amd64	5.15.3+dfsg-3	installed
qml-module-qtpositioning:amd64	5.15.3+dfsg-3	installed
qml-module-qtqml:amd64	5.15.3+dfsg-1	installed
qml-module-qtqml-models2:amd64	5.15.3+dfsg-1	installed
qml-module-qtquick-controls:amd64	5.15.3-1	installed
qml-module-qtquick-controls2:amd64	5.15.3+dfsg-1	installed
qml-module-qtquick-dialogs:amd64	5.15.3-1	installed
qml-module-qtquick-layouts:amd64	5.15.3+dfsg-1	installed
qml-module-qtquick-privatewidgets:amd64	5.15.3-1	installed
qml-module-qtquick-templates2:amd64	5.15.3+dfsg-1	installed
qml-module-qtquick-window2:amd64	5.15.3+dfsg-1	installed
qml-module-qtquick2:amd64	5.15.3+dfsg-1	installed
qt5-assistant	5.15.3-1	installed
qt5-gtk-platformtheme:amd64	5.15.3+dfsg-2ubuntu0.2	installed
qt5-qmake:amd64	5.15.3+dfsg-2ubuntu0.2	installed
qt5-qmake-bin	5.15.3+dfsg-2ubuntu0.2	installed
qt5-qmltooling-plugins:amd64	5.15.3+dfsg-1	installed
qtattributionsscanner-qt5	5.15.3-1	installed
qtbase5-dev:amd64	5.15.3+dfsg-2ubuntu0.2	installed
qtbase5-dev-tools	5.15.3+dfsg-2ubuntu0.2	installed
qtchooser	66-2build1	installed
qtdeclarative5-dev:amd64	5.15.3+dfsg-1	installed
qtdeclarative5-dev-tools	5.15.3+dfsg-1	installed
qtquickcontrols2-5-dev:amd64	5.15.3+dfsg-1	installed
qttools5-dev:amd64	5.15.3-1	installed
qttools5-dev-tools	5.15.3-1	installed
qttools5-private-dev:amd64	5.15.3-1	installed
qttranslations5-l10n	5.15.3-1	installed
rake	13.0.6-2	installed
readline-common	8.1.2-1	installed
rfkill	2.37.2-4ubuntu3.6	installed
ros-build-essential	1.0.1	installed
ros-dev-tools	1.0.1	installed
ros-humble-ackermann-msgs	2.0.2-3jammy.20260605.124443	installed
ros-humble-ackermann-steering-controller	2.53.1-1jammy.20260612.070837	installed
ros-humble-action-msgs	1.2.3-1jammy.20260605.130130	installed
ros-humble-action-tutorials-cpp	0.20.9-1jammy.20260605.154728	installed
ros-humble-action-tutorials-interfaces	0.20.9-1jammy.20260605.130516	installed
ros-humble-action-tutorials-py	0.20.9-1jammy.20260605.143047	installed
ros-humble-actionlib-msgs	4.9.1-1jammy.20260605.124521	installed
ros-humble-actuator-msgs	0.0.1-1jammy.20260605.124517	installed
ros-humble-admittance-controller	2.53.1-1jammy.20260612.070842	installed
ros-humble-ament-cmake	1.3.14-1jammy.20260226.035055	installed
ros-humble-ament-cmake-auto	1.3.14-1jammy.20260304.074922	installed
ros-humble-ament-cmake-copyright	0.12.15-1jammy.20260304.195729	installed
ros-humble-ament-cmake-core	1.3.14-1jammy.20260224.185609	installed
ros-humble-ament-cmake-cppcheck	0.12.15-1jammy.20260304.195901	installed
ros-humble-ament-cmake-cpplint	0.12.15-1jammy.20260304.195910	installed
ros-humble-ament-cmake-export-definitions	1.3.14-1jammy.20260226.010509	installed
ros-humble-ament-cmake-export-dependencies	1.3.14-1jammy.20260226.011144	installed
ros-humble-ament-cmake-export-include-directories	1.3.14-1jammy.20260226.010305	installed
ros-humble-ament-cmake-export-interfaces	1.3.14-1jammy.20260226.005715	installed
ros-humble-ament-cmake-export-libraries	1.3.14-1jammy.20260226.004939	installed
ros-humble-ament-cmake-export-link-flags	1.3.14-1jammy.20260226.010357	installed
ros-humble-ament-cmake-export-targets	1.3.14-1jammy.20260226.005705	installed
ros-humble-ament-cmake-flake8	0.12.15-1jammy.20260304.200009	installed
ros-humble-ament-cmake-gen-version-h	1.3.14-1jammy.20260226.034234	installed
ros-humble-ament-cmake-gmock	1.3.14-1jammy.20260226.034220	installed
ros-humble-ament-cmake-gtest	1.3.14-1jammy.20260226.013944	installed
ros-humble-ament-cmake-include-directories	1.3.14-1jammy.20260226.010650	installed
ros-humble-ament-cmake-libraries	1.3.14-1jammy.20260226.010453	installed
ros-humble-ament-cmake-lint-cmake	0.12.15-1jammy.20260304.195414	installed
ros-humble-ament-cmake-pep257	0.12.15-1jammy.20260304.200058	installed
ros-humble-ament-cmake-pytest	1.3.14-1jammy.20260226.014042	installed
ros-humble-ament-cmake-python	1.3.14-1jammy.20260226.005145	installed
ros-humble-ament-cmake-ros	0.10.0-3jammy.20260304.201222	installed
ros-humble-ament-cmake-target-dependencies	1.3.14-1jammy.20260226.013622	installed
ros-humble-ament-cmake-test	1.3.14-1jammy.20260226.013528	installed
ros-humble-ament-cmake-uncrustify	0.12.15-1jammy.20260304.195907	installed
ros-humble-ament-cmake-version	1.3.14-1jammy.20260226.010514	installed
ros-humble-ament-cmake-xmllint	0.12.15-1jammy.20260304.200103	installed
ros-humble-ament-copyright	0.12.15-1jammy.20260226.034848	installed
ros-humble-ament-cppcheck	0.12.15-1jammy.20260226.010724	installed
ros-humble-ament-cpplint	0.12.15-1jammy.20260304.090253	installed
ros-humble-ament-flake8	0.12.15-1jammy.20260226.013519	installed
ros-humble-ament-index-cpp	1.4.1-1jammy.20260304.201844	installed
ros-humble-ament-index-python	1.4.1-1jammy.20260304.090250	installed
ros-humble-ament-lint	0.12.15-1jammy.20260226.005140	installed
ros-humble-ament-lint-auto	0.12.15-1jammy.20260226.014133	installed
ros-humble-ament-lint-cmake	0.12.15-1jammy.20260304.090258	installed
ros-humble-ament-lint-common	0.12.15-1jammy.20260304.201149	installed
ros-humble-ament-package	0.14.2-1jammy.20260213.215617	installed
ros-humble-ament-pep257	0.12.15-1jammy.20260226.014506	installed
ros-humble-ament-uncrustify	0.12.15-1jammy.20260304.195710	installed
ros-humble-ament-xmllint	0.12.15-1jammy.20260304.090301	installed
ros-humble-angles	1.15.0-1jammy.20260304.075013	installed
ros-humble-aruco	5.0.5-1jammy.20260605.152408	installed
ros-humble-aruco-msgs	5.0.5-1jammy.20260605.130434	installed
ros-humble-aruco-ros	5.0.5-1jammy.20260606.042930	installed
ros-humble-backward-ros	1.0.8-2jammy.20260226.010809	installed
ros-humble-bicycle-steering-controller	2.53.1-1jammy.20260611.084439	installed
ros-humble-builtin-interfaces	1.2.3-1jammy.20260605.111300	installed
ros-humble-chomp-motion-planner	2.5.9-1jammy.20260616.101710	installed
ros-humble-class-loader	2.2.0-3jammy.20260304.204543	installed
ros-humble-common-interfaces	4.9.1-1jammy.20260605.124746	installed
ros-humble-composition	0.20.9-1jammy.20260605.145857	installed
ros-humble-composition-interfaces	1.2.3-1jammy.20260605.120225	installed
ros-humble-compressed-depth-image-transport	2.5.5-1jammy.20260606.044414	installed
ros-humble-compressed-image-transport	2.5.5-1jammy.20260606.044420	installed
ros-humble-console-bridge-vendor	1.4.1-1jammy.20260304.202710	installed
ros-humble-control-msgs	4.9.0-1jammy.20260605.130558	installed
ros-humble-control-toolbox	3.7.0-1jammy.20260611.081915	installed
ros-humble-controller-interface	2.54.0-1jammy.20260605.160529	installed
ros-humble-controller-manager	2.54.0-1jammy.20260611.082324	installed
ros-humble-controller-manager-msgs	2.54.0-1jammy.20260605.124529	installed
ros-humble-cv-bridge	3.2.1-1jammy.20260605.133243	installed
ros-humble-demo-nodes-cpp	0.20.9-1jammy.20260605.145559	installed
ros-humble-demo-nodes-cpp-native	0.20.9-1jammy.20260605.145927	installed
ros-humble-demo-nodes-py	0.20.9-1jammy.20260605.140525	installed
ros-humble-depthimage-to-laserscan	2.5.1-1jammy.20260605.151201	installed
ros-humble-desktop	0.10.0-1jammy.20260612.213429	installed
ros-humble-diagnostic-msgs	4.9.1-1jammy.20260605.122509	installed
ros-humble-diagnostic-updater	4.0.7-1jammy.20260605.155607	installed
ros-humble-diff-drive-controller	2.53.1-1jammy.20260611.083619	installed
ros-humble-domain-coordinator	0.10.0-3jammy.20260304.090332	installed
ros-humble-dummy-map-server	0.20.9-1jammy.20260605.151117	installed
ros-humble-dummy-robot-bringup	0.20.9-1jammy.20260605.223217	installed
ros-humble-dummy-sensors	0.20.9-1jammy.20260605.151204	installed
ros-humble-effort-controllers	2.53.1-1jammy.20260611.084423	installed
ros-humble-eigen-stl-containers	1.1.0-1jammy.20260304.090336	installed
ros-humble-eigen3-cmake-module	0.1.1-4jammy.20260304.195907	installed
ros-humble-example-interfaces	0.9.3-2jammy.20260605.130624	installed
ros-humble-examples-rclcpp-minimal-action-client	0.15.5-1jammy.20260605.154731	installed
ros-humble-examples-rclcpp-minimal-action-server	0.15.5-1jammy.20260605.154743	installed
ros-humble-examples-rclcpp-minimal-client	0.15.5-1jammy.20260605.151749	installed
ros-humble-examples-rclcpp-minimal-composition	0.15.5-1jammy.20260605.145938	installed
ros-humble-examples-rclcpp-minimal-publisher	0.15.5-1jammy.20260605.145301	installed
ros-humble-examples-rclcpp-minimal-service	0.15.5-1jammy.20260605.151815	installed
ros-humble-examples-rclcpp-minimal-subscriber	0.15.5-1jammy.20260606.074949	installed
ros-humble-examples-rclcpp-minimal-timer	0.15.5-1jammy.20260605.154444	installed
ros-humble-examples-rclcpp-multithreaded-executor	0.15.5-1jammy.20260605.145259	installed
ros-humble-examples-rclpy-executors	0.15.5-1jammy.20260605.142342	installed
ros-humble-examples-rclpy-minimal-action-client	0.15.5-1jammy.20260605.143046	installed
ros-humble-examples-rclpy-minimal-action-server	0.15.5-1jammy.20260605.143047	installed
ros-humble-examples-rclpy-minimal-client	0.15.5-1jammy.20260605.140534	installed
ros-humble-examples-rclpy-minimal-publisher	0.15.5-1jammy.20260605.142344	installed
ros-humble-examples-rclpy-minimal-service	0.15.5-1jammy.20260605.142244	installed
ros-humble-examples-rclpy-minimal-subscriber	0.15.5-1jammy.20260605.142404	installed
ros-humble-fastcdr	1.0.29-1jammy.20260226.010952	installed
ros-humble-fastrtps	2.6.11-1jammy.20260304.200925	installed
ros-humble-fastrtps-cmake-module	2.2.4-1jammy.20260304.202011	installed
ros-humble-filters	2.2.2-1jammy.20260605.154536	installed
ros-humble-foonathan-memory-vendor	1.2.0-3jammy.20260304.200554	installed
ros-humble-force-torque-sensor-broadcaster	2.53.1-1jammy.20260611.083644	installed
ros-humble-forward-command-controller	2.53.1-1jammy.20260611.083649	installed
ros-humble-generate-parameter-library	0.7.4-1jammy.20260611.081608	installed
ros-humble-generate-parameter-library-py	0.7.4-1jammy.20260611.075309	installed
ros-humble-geometric-shapes	2.3.4-1jammy.20260616.090231	installed
ros-humble-geometry-msgs	4.9.1-1jammy.20260605.121552	installed
ros-humble-geometry2	0.25.20-2jammy.20260606.043941	installed
ros-humble-gmock-vendor	1.10.9006-1jammy.20260226.011659	installed
ros-humble-gpio-controllers	2.53.1-1jammy.20260611.083701	installed
ros-humble-gps-msgs	2.1.2-1jammy.20260605.121611	installed
ros-humble-gripper-controllers	2.53.1-1jammy.20260611.083703	installed
ros-humble-gtest-vendor	1.10.9006-1jammy.20260226.011046	installed
ros-humble-gz-ros2-control	0.7.20-1jammy.20260612.071115	installed
ros-humble-hardware-interface	2.54.0-1jammy.20260605.155752	installed
ros-humble-hardware-interface-testing	2.54.0-1jammy.20260605.160619	installed
ros-humble-ign-ros2-control	0.7.20-1jammy.20260612.072014	installed
ros-humble-ignition-cmake2-vendor	0.0.2-2jammy.20260304.200630	installed
ros-humble-ignition-math6-vendor	0.0.2-2jammy.20260304.200852	installed
ros-humble-image-geometry	3.2.1-1jammy.20260605.133257	installed
ros-humble-image-tools	0.20.9-1jammy.20260605.145929	installed
ros-humble-image-transport	3.1.13-1jammy.20260605.160640	installed
ros-humble-image-transport-plugins	2.5.5-1jammy.20260606.075215	installed
ros-humble-imu-sensor-broadcaster	2.53.1-1jammy.20260611.083938	installed
ros-humble-interactive-markers	2.3.2-2jammy.20260605.164625	installed
ros-humble-intra-process-demo	0.20.9-1jammy.20260605.145357	installed
ros-humble-joint-limits	2.54.0-1jammy.20260605.161259	installed
ros-humble-joint-state-broadcaster	2.53.1-1jammy.20260611.084012	installed
ros-humble-joint-state-publisher	2.4.0-1jammy.20260605.143758	installed
ros-humble-joint-state-publisher-gui	2.4.0-1jammy.20260605.152847	installed
ros-humble-joint-trajectory-controller	2.53.1-1jammy.20260611.085003	installed
ros-humble-joy	3.3.0-1jammy.20260605.151315	installed
ros-humble-kdl-parser	2.6.4-1jammy.20260329.192613	installed
ros-humble-keyboard-handler	0.0.5-1jammy.20260304.202120	installed
ros-humble-kinematics-interface	0.4.2-1jammy.20260606.075258	installed
ros-humble-laser-geometry	2.4.1-1jammy.20260605.151049	installed
ros-humble-launch	1.0.14-1jammy.20260304.195519	installed
ros-humble-launch-param-builder	0.1.1-1jammy.20260605.152904	installed
ros-humble-launch-ros	0.19.13-1jammy.20260605.140440	installed
ros-humble-launch-testing	1.0.14-1jammy.20260304.200104	installed
ros-humble-launch-testing-ament-cmake	1.0.14-1jammy.20260304.202633	installed
ros-humble-launch-testing-ros	0.19.13-1jammy.20260605.142437	installed
ros-humble-launch-xml	1.0.14-1jammy.20260304.195726	installed
ros-humble-launch-yaml	1.0.14-1jammy.20260304.195728	installed
ros-humble-libcurl-vendor	3.1.3-1jammy.20260304.090502	installed
ros-humble-librealsense2	2.58.2-1jammy.20260616.085646	installed
ros-humble-libstatistics-collector	1.3.4-1jammy.20260605.134608	installed
ros-humble-libyaml-vendor	1.2.2-2jammy.20260304.204644	installed
ros-humble-lifecycle	0.20.9-1jammy.20260605.155631	installed
ros-humble-lifecycle-msgs	1.2.3-1jammy.20260605.120507	installed
ros-humble-logging-demo	0.20.9-1jammy.20260605.145556	installed
ros-humble-map-msgs	2.1.0-3jammy.20260605.123735	installed
ros-humble-mecanum-drive-controller	2.53.1-1jammy.20260611.083746	installed
ros-humble-message-filters	4.3.18-1jammy.20260605.155501	installed
ros-humble-moveit	2.5.9-1jammy.20260616.121430	installed
ros-humble-moveit-common	2.5.9-1jammy.20260304.202206	installed
ros-humble-moveit-configs-utils	2.5.9-1jammy.20260607.080938	installed
ros-humble-moveit-core	2.5.9-1jammy.20260616.094702	installed
ros-humble-moveit-kinematics	2.5.9-1jammy.20260616.105150	installed
ros-humble-moveit-msgs	2.2.1-1jammy.20260605.131216	installed
ros-humble-moveit-planners	2.5.9-1jammy.20260616.114107	installed
ros-humble-moveit-planners-chomp	2.5.9-1jammy.20260616.102254	installed
ros-humble-moveit-planners-ompl	2.5.9-1jammy.20260616.105833	installed
ros-humble-moveit-plugins	2.5.9-1jammy.20260616.102205	installed
ros-humble-moveit-ros	2.5.9-1jammy.20260616.114107	installed
ros-humble-moveit-ros-benchmarks	2.5.9-1jammy.20260616.110030	installed
ros-humble-moveit-ros-move-group	2.5.9-1jammy.20260616.105519	installed
ros-humble-moveit-ros-occupancy-map-monitor	2.5.9-1jammy.20260616.101647	installed
ros-humble-moveit-ros-planning	2.5.9-1jammy.20260616.102205	installed
ros-humble-moveit-ros-planning-interface	2.5.9-1jammy.20260616.110627	installed
ros-humble-moveit-ros-robot-interaction	2.5.9-1jammy.20260616.104953	installed
ros-humble-moveit-ros-visualization	2.5.9-1jammy.20260616.112448	installed
ros-humble-moveit-ros-warehouse	2.5.9-1jammy.20260616.105136	installed
ros-humble-moveit-servo	2.5.9-1jammy.20260616.112204	installed
ros-humble-moveit-setup-app-plugins	2.5.9-1jammy.20260616.115525	installed
ros-humble-moveit-setup-assistant	2.5.9-1jammy.20260616.121043	installed
ros-humble-moveit-setup-controllers	2.5.9-1jammy.20260616.115010	installed
ros-humble-moveit-setup-core-plugins	2.5.9-1jammy.20260616.115659	installed
ros-humble-moveit-setup-framework	2.5.9-1jammy.20260616.114105	installed
ros-humble-moveit-setup-srdf-plugins	2.5.9-1jammy.20260616.115012	installed
ros-humble-moveit-simple-controller-manager	2.5.9-1jammy.20260616.101652	installed
ros-humble-nav-msgs	4.9.1-1jammy.20260605.122605	installed
ros-humble-object-recognition-msgs	2.0.0-3jammy.20260605.130821	installed
ros-humble-octomap	1.9.8-1jammy.20260226.005011	installed
ros-humble-octomap-msgs	2.0.1-1jammy.20260605.123109	installed
ros-humble-ompl	1.7.0-4jammy.20260226.011457	installed
ros-humble-orocos-kdl-vendor	0.2.5-1jammy.20260304.201339	installed
ros-humble-osrf-pycommon	2.1.6-1jammy.20260226.011505	installed
ros-humble-parameter-traits	0.7.4-1jammy.20260611.080742	installed
ros-humble-pcl-conversions	2.4.5-2jammy.20260605.160413	installed
ros-humble-pcl-msgs	1.0.0-7jammy.20260605.123825	installed
ros-humble-pendulum-control	0.20.9-1jammy.20260605.155926	installed
ros-humble-pendulum-msgs	0.20.9-1jammy.20260605.112441	installed
ros-humble-pid-controller	2.53.1-1jammy.20260611.084015	installed
ros-humble-pilz-industrial-motion-planner	2.5.9-1jammy.20260616.112804	installed
ros-humble-pluginlib	5.1.4-1jammy.20260329.184249	installed
ros-humble-pose-broadcaster	2.53.1-1jammy.20260611.083804	installed
ros-humble-position-controllers	2.53.1-1jammy.20260612.071720	installed
ros-humble-pybind11-vendor	2.4.2-1jammy.20260304.195023	installed
ros-humble-python-cmake-module	0.10.0-2jammy.20260304.202554	installed
ros-humble-python-orocos-kdl-vendor	0.2.5-1jammy.20260304.202632	installed
ros-humble-python-qt-binding	1.1.3-1jammy.20260304.202555	installed
ros-humble-qt-dotgraph	2.2.5-1jammy.20260330.190918	installed
ros-humble-qt-gui	2.2.5-1jammy.20260330.190956	installed
ros-humble-qt-gui-cpp	2.2.5-1jammy.20260330.192407	installed
ros-humble-qt-gui-py-common	2.2.5-1jammy.20260330.190941	installed
ros-humble-quality-of-service-demo-cpp	0.20.9-1jammy.20260605.145617	installed
ros-humble-quality-of-service-demo-py	0.20.9-1jammy.20260605.142730	installed
ros-humble-random-numbers	2.0.5-1jammy.20260616.085807	installed
ros-humble-range-sensor-broadcaster	2.53.1-1jammy.20260611.083901	installed
ros-humble-rcl	5.3.13-1jammy.20260605.133005	installed
ros-humble-rcl-action	5.3.13-1jammy.20260605.134634	installed
ros-humble-rcl-interfaces	1.2.3-1jammy.20260605.112457	installed
ros-humble-rcl-lifecycle	5.3.13-1jammy.20260605.134607	installed
ros-humble-rcl-logging-interface	2.3.2-1jammy.20260304.204603	installed
ros-humble-rcl-logging-spdlog	2.3.2-1jammy.20260304.204758	installed
ros-humble-rcl-yaml-param-parser	5.3.13-1jammy.20260605.105113	installed
ros-humble-rclcpp	16.0.19-1jammy.20260605.135013	installed
ros-humble-rclcpp-action	16.0.19-1jammy.20260605.153931	installed
ros-humble-rclcpp-components	16.0.19-1jammy.20260605.145103	installed
ros-humble-rclcpp-lifecycle	16.0.19-1jammy.20260605.155033	installed
ros-humble-rclpy	3.3.21-1jammy.20260605.135319	installed
ros-humble-rcpputils	2.4.6-1jammy.20260304.204148	installed
ros-humble-rcutils	5.1.8-1jammy.20260304.203555	installed
ros-humble-realsense2-camera	4.58.2-1jammy.20260616.101622	installed
ros-humble-realsense2-camera-msgs	4.58.2-1jammy.20260616.085823	installed
ros-humble-realsense2-description	4.58.2-1jammy.20260616.090425	installed
ros-humble-realtime-tools	2.15.0-1jammy.20260605.155814	installed
ros-humble-resource-retriever	3.1.3-1jammy.20260304.202624	installed
ros-humble-rmw	6.1.2-1jammy.20260605.104606	installed
ros-humble-rmw-dds-common	1.6.0-2jammy.20260605.120601	installed
ros-humble-rmw-fastrtps-cpp	6.2.10-1jammy.20260605.131811	installed
ros-humble-rmw-fastrtps-shared-cpp	6.2.10-1jammy.20260605.121046	installed
ros-humble-rmw-implementation	2.8.5-1jammy.20260605.132420	installed
ros-humble-rmw-implementation-cmake	6.1.2-1jammy.20260304.202612	installed
ros-humble-robot-state-publisher	3.0.3-2jammy.20260605.161527	installed
ros-humble-ros-base	0.10.0-1jammy.20260607.081808	installed
ros-humble-ros-core	0.10.0-1jammy.20260607.081651	installed
ros-humble-ros-environment	3.2.2-1jammy.20260226.005101	installed
ros-humble-ros-gz	0.244.25-1jammy.20260612.214309	installed
ros-humble-ros-gz-bridge	0.244.25-1jammy.20260608.160002	installed
ros-humble-ros-gz-image	0.244.25-1jammy.20260608.164005	installed
ros-humble-ros-gz-interfaces	0.244.25-1jammy.20260608.150753	installed
ros-humble-ros-gz-sim	0.244.25-1jammy.20260608.150939	installed
ros-humble-ros-gz-sim-demos	0.244.25-1jammy.20260612.213907	installed
ros-humble-ros-workspace	1.0.2-2jammy.20260224.185744	installed
ros-humble-ros2-control	2.54.0-1jammy.20260612.071949	installed
ros-humble-ros2-control-test-assets	2.54.0-1jammy.20260402.205739	installed
ros-humble-ros2-controllers	2.53.1-1jammy.20260612.072331	installed
ros-humble-ros2-controllers-test-nodes	2.53.1-1jammy.20260605.142706	installed
ros-humble-ros2action	0.18.18-1jammy.20260605.143441	installed
ros-humble-ros2bag	0.15.16-1jammy.20260606.054621	installed
ros-humble-ros2cli	0.18.18-1jammy.20260605.143144	installed
ros-humble-ros2cli-common-extensions	0.1.2-1jammy.20260607.081403	installed
ros-humble-ros2component	0.18.18-1jammy.20260605.153731	installed
ros-humble-ros2controlcli	2.54.0-1jammy.20260612.071452	installed
ros-humble-ros2doctor	0.18.18-1jammy.20260605.143424	installed
ros-humble-ros2interface	0.18.18-1jammy.20260605.143514	installed
ros-humble-ros2launch	0.19.13-1jammy.20260605.153902	installed
ros-humble-ros2lifecycle	0.18.18-1jammy.20260607.080534	installed
ros-humble-ros2multicast	0.18.18-1jammy.20260605.153517	installed
ros-humble-ros2node	0.18.18-1jammy.20260605.143602	installed
ros-humble-ros2param	0.18.18-1jammy.20260605.144442	installed
ros-humble-ros2pkg	0.18.18-1jammy.20260605.153450	installed
ros-humble-ros2plugin	5.1.4-1jammy.20260605.153832	installed
ros-humble-ros2run	0.18.18-1jammy.20260605.153906	installed
ros-humble-ros2service	0.18.18-1jammy.20260605.143608	installed
ros-humble-ros2topic	0.18.18-1jammy.20260605.143418	installed
ros-humble-rosbag2	0.15.16-1jammy.20260606.055815	installed
ros-humble-rosbag2-compression	0.15.16-1jammy.20260606.051156	installed
ros-humble-rosbag2-compression-zstd	0.15.16-1jammy.20260606.051525	installed
ros-humble-rosbag2-cpp	0.15.16-1jammy.20260606.050403	installed
ros-humble-rosbag2-interfaces	0.15.16-1jammy.20260605.112755	installed
ros-humble-rosbag2-py	0.15.16-1jammy.20260606.054021	installed
ros-humble-rosbag2-storage	0.15.16-1jammy.20260606.044946	installed
ros-humble-rosbag2-storage-default-plugins	0.15.16-1jammy.20260606.045655	installed
ros-humble-rosbag2-transport	0.15.16-1jammy.20260606.051823	installed
ros-humble-rosgraph-msgs	1.2.3-1jammy.20260605.120235	installed
ros-humble-rosidl-adapter	3.1.9-1jammy.20260605.103907	installed
ros-humble-rosidl-cli	3.1.9-1jammy.20260605.103654	installed
ros-humble-rosidl-cmake	3.1.9-1jammy.20260605.104545	installed
ros-humble-rosidl-default-generators	1.2.1-1jammy.20260605.110632	installed
ros-humble-rosidl-default-runtime	1.2.1-1jammy.20260605.110631	installed
ros-humble-rosidl-generator-c	3.1.9-1jammy.20260605.105030	installed
ros-humble-rosidl-generator-cpp	3.1.9-1jammy.20260605.105125	installed
ros-humble-rosidl-generator-py	0.14.6-1jammy.20260605.110351	installed
ros-humble-rosidl-generator-rs	0.4.12-1jammy.20260605.105312	installed
ros-humble-rosidl-parser	3.1.9-1jammy.20260605.104513	installed
ros-humble-rosidl-runtime-c	3.1.9-1jammy.20260605.104324	installed
ros-humble-rosidl-runtime-cpp	3.1.9-1jammy.20260605.104600	installed
ros-humble-rosidl-runtime-py	0.9.3-1jammy.20260605.131932	installed
ros-humble-rosidl-typesupport-c	2.0.2-1jammy.20260605.105017	installed
ros-humble-rosidl-typesupport-cpp	2.0.2-1jammy.20260605.105306	installed
ros-humble-rosidl-typesupport-fastrtps-c	2.2.4-1jammy.20260605.105818	installed
ros-humble-rosidl-typesupport-fastrtps-cpp	2.2.4-1jammy.20260605.105548	installed
ros-humble-rosidl-typesupport-interface	3.1.9-1jammy.20260605.103839	installed
ros-humble-rosidl-typesupport-introspection-c	3.1.9-1jammy.20260605.104934	installed
ros-humble-rosidl-typesupport-introspection-cpp	3.1.9-1jammy.20260605.105028	installed
ros-humble-rpyutils	0.2.2-1jammy.20260304.195455	installed
ros-humble-rqt-action	2.0.1-3jammy.20260607.080918	installed
ros-humble-rqt-bag	1.1.6-1jammy.20260607.080645	installed
ros-humble-rqt-bag-plugins	1.1.6-1jammy.20260607.080927	installed
ros-humble-rqt-common-plugins	1.2.0-1jammy.20260607.081308	installed
ros-humble-rqt-console	2.0.3-1jammy.20260607.080657	installed
ros-humble-rqt-graph	1.3.2-1jammy.20260607.080738	installed
ros-humble-rqt-gui	1.1.9-1jammy.20260605.152927	installed
ros-humble-rqt-gui-cpp	1.1.9-1jammy.20260605.155155	installed
ros-humble-rqt-gui-py	1.1.9-1jammy.20260607.073506	installed
ros-humble-rqt-image-view	1.2.0-2jammy.20260605.164150	installed
ros-humble-rqt-msg	1.2.0-1jammy.20260607.080828	installed
ros-humble-rqt-plot	1.1.5-1jammy.20260607.080742	installed
ros-humble-rqt-publisher	1.5.0-1jammy.20260607.080607	installed
ros-humble-rqt-py-common	1.1.9-1jammy.20260605.152939	installed
ros-humble-rqt-py-console	1.0.2-3jammy.20260607.080746	installed
ros-humble-rqt-reconfigure	1.1.4-1jammy.20260607.080842	installed
ros-humble-rqt-service-caller	1.0.5-3jammy.20260607.080852	installed
ros-humble-rqt-shell	1.0.2-3jammy.20260607.080906	installed
ros-humble-rqt-srv	1.0.3-3jammy.20260607.080930	installed
ros-humble-rqt-topic	1.5.1-1jammy.20260607.080908	installed
ros-humble-rsl	1.3.0-1jammy.20260611.075617	installed
ros-humble-rttest	0.13.0-2jammy.20260304.202749	installed
ros-humble-ruckig	0.9.2-1jammy.20260226.012139	installed
ros-humble-rviz-assimp-vendor	11.2.27-1jammy.20260612.182901	installed
ros-humble-rviz-common	11.2.27-1jammy.20260612.193221	installed
ros-humble-rviz-default-plugins	11.2.27-1jammy.20260612.201202	installed
ros-humble-rviz-ogre-vendor	11.2.27-1jammy.20260612.182926	installed
ros-humble-rviz-rendering	11.2.27-1jammy.20260612.190415	installed
ros-humble-rviz2	11.2.27-1jammy.20260612.213323	installed
ros-humble-sdformat-urdf	1.0.1-1jammy.20260329.185701	installed
ros-humble-sdl2-vendor	3.3.0-1jammy.20260304.195240	installed
ros-humble-sensor-msgs	4.9.1-1jammy.20260605.122840	installed
ros-humble-sensor-msgs-py	4.9.1-1jammy.20260605.133305	installed
ros-humble-shape-msgs	4.9.1-1jammy.20260605.123149	installed
ros-humble-shared-queues-vendor	0.15.16-1jammy.20260304.075306	installed
ros-humble-spdlog-vendor	1.3.1-1jammy.20260304.202915	installed
ros-humble-sqlite3-vendor	0.15.16-1jammy.20260304.195038	installed
ros-humble-srdfdom	2.0.7-1jammy.20260607.075237	installed
ros-humble-sros2	0.10.9-1jammy.20260605.153710	installed
ros-humble-sros2-cmake	0.10.9-1jammy.20260605.154025	installed
ros-humble-statistics-msgs	1.2.3-1jammy.20260605.120235	installed
ros-humble-std-msgs	4.9.1-1jammy.20260605.120235	installed
ros-humble-std-srvs	4.9.1-1jammy.20260605.120647	installed
ros-humble-steering-controllers-library	2.53.1-1jammy.20260611.083908	installed
ros-humble-stereo-msgs	4.9.1-1jammy.20260605.123901	installed
ros-humble-tango-icons-vendor	0.1.1-3jammy.20260304.202920	installed
ros-humble-tcb-span	1.3.2-1jammy.20260611.075323	installed
ros-humble-teleop-twist-joy	2.4.8-1jammy.20260605.151810	installed
ros-humble-teleop-twist-keyboard	2.4.1-1jammy.20260605.140254	installed
ros-humble-test-msgs	1.2.3-1jammy.20260605.131034	installed
ros-humble-tf2	0.25.20-2jammy.20260605.130708	installed
ros-humble-tf2-bullet	0.25.20-2jammy.20260605.163950	installed
ros-humble-tf2-eigen	0.25.20-2jammy.20260605.164002	installed
ros-humble-tf2-eigen-kdl	0.25.20-2jammy.20260605.133220	installed
ros-humble-tf2-geometry-msgs	0.25.20-2jammy.20260605.164050	installed
ros-humble-tf2-kdl	0.25.20-2jammy.20260605.161610	installed
ros-humble-tf2-msgs	0.25.20-2jammy.20260605.131108	installed
ros-humble-tf2-py	0.25.20-2jammy.20260605.140657	installed
ros-humble-tf2-ros	0.25.20-2jammy.20260605.160400	installed
ros-humble-tf2-ros-py	0.25.20-2jammy.20260605.142515	installed
ros-humble-tf2-sensor-msgs	0.25.20-2jammy.20260605.162213	installed
ros-humble-tf2-tools	0.25.20-2jammy.20260605.143128	installed
ros-humble-theora-image-transport	2.5.5-1jammy.20260605.161357	installed
ros-humble-tinyxml-vendor	0.8.3-2jammy.20260304.195406	installed
ros-humble-tinyxml2-vendor	0.7.7-1jammy.20260304.195411	installed
ros-humble-tl-expected	1.3.2-1jammy.20260611.075453	installed
ros-humble-tlsf	0.7.0-2jammy.20260304.202930	installed
ros-humble-tlsf-cpp	0.13.0-2jammy.20260605.155425	installed
ros-humble-topic-monitor	0.20.9-1jammy.20260605.142441	installed
ros-humble-tracetools	4.1.2-1jammy.20260304.201640	installed
ros-humble-trajectory-msgs	4.9.1-1jammy.20260605.123343	installed
ros-humble-transmission-interface	2.54.0-1jammy.20260607.075249	installed
ros-humble-tricycle-controller	2.53.1-1jammy.20260612.071537	installed
ros-humble-tricycle-steering-controller	2.53.1-1jammy.20260611.084457	installed
ros-humble-turtlesim	1.4.3-1jammy.20260605.154629	installed
ros-humble-uncrustify-vendor	2.0.2-2jammy.20260304.195304	installed
ros-humble-unique-identifier-msgs	2.2.1-3jammy.20260605.122156	installed
ros-humble-ur-calibration	2.13.2-1jammy.20260625.113543	installed
ros-humble-ur-client-library	2.13.0-1jammy.20260619.115341	installed
ros-humble-ur-controllers	2.13.2-1jammy.20260625.111916	installed
ros-humble-ur-dashboard-msgs	2.13.2-1jammy.20260625.111113	installed
ros-humble-ur-description	2.11.0-1jammy.20260612.214015	installed
ros-humble-ur-msgs	2.5.0-1jammy.20260605.131141	installed
ros-humble-ur-robot-driver	2.13.2-1jammy.20260625.112711	installed
ros-humble-urdf	2.6.1-1jammy.20260329.185456	installed
ros-humble-urdf-parser-plugin	2.6.1-1jammy.20260304.201738	installed
ros-humble-urdfdom	3.0.2-2jammy.20260304.202852	installed
ros-humble-urdfdom-headers	1.0.6-2jammy.20260226.012553	installed
ros-humble-urdfdom-py	1.2.1-1jammy.20260605.152949	installed
ros-humble-velocity-controllers	2.53.1-1jammy.20260612.071827	installed
ros-humble-vision-msgs	4.1.1-1jammy.20260605.123400	installed
ros-humble-visualization-msgs	4.9.1-1jammy.20260605.123919	installed
ros-humble-warehouse-ros	2.0.5-1jammy.20260605.173645	installed
ros-humble-warehouse-ros-sqlite	1.0.8-1jammy.20260623.082712	installed
ros-humble-xacro	2.1.1-1jammy.20260304.195513	installed
ros-humble-yaml-cpp-vendor	8.0.2-1jammy.20260304.195332	installed
ros-humble-zstd-vendor	0.15.16-1jammy.20260304.195400	installed
ros-rolling-action-msgs	2.0.1-1jammy.20240208.081821	installed
ros-rolling-actionlib-msgs	5.3.0-1jammy.20240208.083626	installed
ros-rolling-ament-cmake	2.3.2-1jammy.20240124.152031	installed
ros-rolling-ament-cmake-core	2.3.2-1jammy.20240124.145555	installed
ros-rolling-ament-cmake-cppcheck	0.16.3-1jammy.20240208.034238	installed
ros-rolling-ament-cmake-cpplint	0.16.3-1jammy.20240208.033728	installed
ros-rolling-ament-cmake-export-definitions	2.3.2-1jammy.20240124.150611	installed
ros-rolling-ament-cmake-export-dependencies	2.3.2-1jammy.20240124.150715	installed
ros-rolling-ament-cmake-export-include-directories	2.3.2-1jammy.20240124.150605	installed
ros-rolling-ament-cmake-export-interfaces	2.3.2-1jammy.20240124.150649	installed
ros-rolling-ament-cmake-export-libraries	2.3.2-1jammy.20240124.150611	installed
ros-rolling-ament-cmake-export-link-flags	2.3.2-1jammy.20240124.150637	installed
ros-rolling-ament-cmake-export-targets	2.3.2-1jammy.20240124.150648	installed
ros-rolling-ament-cmake-flake8	0.16.3-1jammy.20240208.033726	installed
ros-rolling-ament-cmake-gen-version-h	2.3.2-1jammy.20240124.151831	installed
ros-rolling-ament-cmake-gmock	2.3.2-1jammy.20240124.151829	installed
ros-rolling-ament-cmake-gtest	2.3.2-1jammy.20240124.151438	installed
ros-rolling-ament-cmake-include-directories	2.3.2-1jammy.20240124.150402	installed
ros-rolling-ament-cmake-libraries	2.3.2-1jammy.20240124.150640	installed
ros-rolling-ament-cmake-pep257	0.16.3-1jammy.20240208.033722	installed
ros-rolling-ament-cmake-pytest	2.3.2-1jammy.20240124.151443	installed
ros-rolling-ament-cmake-python	2.3.2-1jammy.20240124.150656	installed
ros-rolling-ament-cmake-ros	0.12.0-1jammy.20240208.034840	installed
ros-rolling-ament-cmake-target-dependencies	2.3.2-1jammy.20240124.150713	installed
ros-rolling-ament-cmake-test	2.3.2-1jammy.20240124.151013	installed
ros-rolling-ament-cmake-uncrustify	0.16.3-1jammy.20240208.034429	installed
ros-rolling-ament-cmake-version	2.3.2-1jammy.20240124.150723	installed
ros-rolling-ament-copyright	0.16.3-1jammy.20240208.032711	installed
ros-rolling-ament-cppcheck	0.16.3-1jammy.20240208.034127	installed
ros-rolling-ament-cpplint	0.16.3-1jammy.20240208.033017	installed
ros-rolling-ament-flake8	0.16.3-1jammy.20240207.195217	installed
ros-rolling-ament-index-cpp	1.7.0-1jammy.20240208.034916	installed
ros-rolling-ament-index-python	1.7.0-1jammy.20240208.032915	installed
ros-rolling-ament-lint	0.16.3-1jammy.20240207.184856	installed
ros-rolling-ament-package	0.16.3-1jammy.20240124.145444	installed
ros-rolling-ament-pep257	0.16.3-1jammy.20240208.032533	installed
ros-rolling-ament-uncrustify	0.16.3-1jammy.20240208.034335	installed
ros-rolling-angles	1.16.0-3jammy.20240124.152211	installed
ros-rolling-backward-ros	1.0.2-4jammy.20240124.152154	installed
ros-rolling-builtin-interfaces	2.0.1-1jammy.20240208.081103	installed
ros-rolling-class-loader	2.7.0-1jammy.20240208.075229	installed
ros-rolling-common-interfaces	5.3.0-1jammy.20240208.085539	installed
ros-rolling-composition-interfaces	2.0.1-1jammy.20240208.083327	installed
ros-rolling-console-bridge-vendor	1.7.1-1jammy.20240208.034932	installed
ros-rolling-control-msgs	5.0.0-1jammy.20240208.085851	installed
ros-rolling-control-toolbox	3.2.0-1jammy.20240216.174310	installed
ros-rolling-controller-interface	4.5.0-1jammy.20240216.184925	installed
ros-rolling-controller-manager	4.5.0-1jammy.20240216.185506	installed
ros-rolling-controller-manager-msgs	4.5.0-1jammy.20240212.231112	installed
ros-rolling-diagnostic-msgs	5.3.0-1jammy.20240208.084404	installed
ros-rolling-diagnostic-updater	3.1.2-1jammy.20240216.174047	installed
ros-rolling-domain-coordinator	0.12.0-1jammy.20240208.032858	installed
ros-rolling-eigen-stl-containers	1.0.0-5jammy.20240124.152242	installed
ros-rolling-eigen3-cmake-module	0.3.0-1jammy.20240208.033734	installed
ros-rolling-fastcdr	1.1.0-1jammy.20240124.150453	installed
ros-rolling-fastrtps	2.13.2-1jammy.20240216.154129	installed
ros-rolling-fastrtps-cmake-module	3.4.0-1jammy.20240208.034839	installed
ros-rolling-filters	2.1.0-4jammy.20240216.171214	installed
ros-rolling-foonathan-memory-vendor	1.3.1-1jammy.20240208.034522	installed
ros-rolling-force-torque-sensor-broadcaster	4.6.0-1jammy.20240216.191014	installed
ros-rolling-forward-command-controller	4.6.0-1jammy.20240216.191025	installed
ros-rolling-generate-parameter-library	0.3.7-1jammy.20240216.174052	installed
ros-rolling-generate-parameter-library-py	0.3.7-1jammy.20240208.032811	installed
ros-rolling-geometric-shapes	2.1.3-3jammy.20240216.171434	installed
ros-rolling-geometry-msgs	5.3.0-1jammy.20240208.083354	installed
ros-rolling-gmock-vendor	1.11.9000-1jammy.20240124.150615	installed
ros-rolling-google-benchmark-vendor	0.4.0-1jammy.20240124.150310	installed
ros-rolling-gripper-controllers	4.6.0-1jammy.20240216.191043	installed
ros-rolling-gtest-vendor	1.11.9000-1jammy.20240124.150540	installed
ros-rolling-hardware-interface	4.5.0-1jammy.20240216.184204	installed
ros-rolling-ignition-cmake2-vendor	0.2.1-1jammy.20240208.034521	installed
ros-rolling-ignition-math6-vendor	0.2.1-1jammy.20240208.034616	installed
ros-rolling-image-transport	5.1.0-1jammy.20240216.174853	installed
ros-rolling-interactive-markers	2.5.3-1jammy.20240216.180648	installed
ros-rolling-joint-state-broadcaster	4.6.0-1jammy.20240216.191303	installed
ros-rolling-joint-state-publisher	2.4.0-1jammy.20240216.164405	installed
ros-rolling-joint-state-publisher-gui	2.4.0-1jammy.20240216.164454	installed
ros-rolling-joint-trajectory-controller	4.6.0-1jammy.20240216.191419	installed
ros-rolling-joy	3.3.0-1jammy.20240216.172329	installed
ros-rolling-kdl-parser	2.11.0-1jammy.20240208.080831	installed
ros-rolling-laser-geometry	2.7.0-1jammy.20240216.171457	installed
ros-rolling-launch	3.4.0-1jammy.20240208.072254	installed
ros-rolling-launch-param-builder	0.1.1-2jammy.20240216.163700	installed
ros-rolling-launch-ros	0.26.4-1jammy.20240216.163656	installed
ros-rolling-libcurl-vendor	3.4.0-1jammy.20240124.152314	installed
ros-rolling-libstatistics-collector	1.7.0-1jammy.20240216.162333	installed
ros-rolling-libyaml-vendor	1.6.2-1jammy.20240208.034939	installed
ros-rolling-lifecycle-msgs	2.0.1-1jammy.20240208.082712	installed
ros-rolling-map-msgs	2.4.0-1jammy.20240208.085323	installed
ros-rolling-message-filters	4.11.0-1jammy.20240216.174051	installed
ros-rolling-moveit-common	2.9.0-1jammy.20240208.034847	installed
ros-rolling-moveit-configs-utils	2.9.0-1jammy.20240216.164104	installed
ros-rolling-moveit-core	2.9.0-1jammy.20240220.141523	installed
ros-rolling-moveit-kinematics	2.9.0-1jammy.20240220.152008	installed
ros-rolling-moveit-msgs	2.4.0-1jammy.20240208.085339	installed
ros-rolling-moveit-planners-ompl	2.9.0-1jammy.20240220.152356	installed
ros-rolling-moveit-ros-move-group	2.9.0-1jammy.20240220.152326	installed
ros-rolling-moveit-ros-occupancy-map-monitor	2.9.0-1jammy.20240220.144903	installed
ros-rolling-moveit-ros-planning	2.9.0-1jammy.20240220.145329	installed
ros-rolling-moveit-ros-planning-interface	2.9.0-1jammy.20240220.153246	installed
ros-rolling-moveit-ros-robot-interaction	2.9.0-1jammy.20240220.152009	installed
ros-rolling-moveit-ros-visualization	2.9.0-1jammy.20240220.153931	installed
ros-rolling-moveit-ros-warehouse	2.9.0-1jammy.20240220.152111	installed
ros-rolling-moveit-servo	2.9.0-1jammy.20240220.153932	installed
ros-rolling-moveit-simple-controller-manager	2.9.0-1jammy.20240220.144905	installed
ros-rolling-nav-msgs	5.3.0-1jammy.20240208.084425	installed
ros-rolling-object-recognition-msgs	2.0.0-3jammy.20240208.085011	installed
ros-rolling-octomap	1.9.8-2jammy.20240124.150318	installed
ros-rolling-octomap-msgs	2.0.0-3jammy.20240208.084352	installed
ros-rolling-ompl	1.5.2-3jammy.20240124.150320	installed
ros-rolling-orocos-kdl-vendor	0.5.0-1jammy.20240208.034853	installed
ros-rolling-osrf-pycommon	2.1.4-1jammy.20240124.150331	installed
ros-rolling-parameter-traits	0.3.7-1jammy.20240216.172737	installed
ros-rolling-pluginlib	5.4.1-1jammy.20240208.075554	installed
ros-rolling-position-controllers	4.6.0-1jammy.20240216.191644	installed
ros-rolling-python-cmake-module	0.11.0-1jammy.20240208.034850	installed
ros-rolling-python-qt-binding	2.1.1-1jammy.20240208.035036	installed
ros-rolling-random-numbers	2.0.1-3jammy.20240208.033356	installed
ros-rolling-rcl	9.1.0-1jammy.20240216.161508	installed
ros-rolling-rcl-action	9.1.0-1jammy.20240216.162332	installed
ros-rolling-rcl-interfaces	2.0.1-1jammy.20240208.082816	installed
ros-rolling-rcl-lifecycle	9.1.0-1jammy.20240216.162332	installed
ros-rolling-rcl-logging-interface	3.0.0-1jammy.20240208.075132	installed
ros-rolling-rcl-logging-spdlog	3.0.0-1jammy.20240208.075417	installed
ros-rolling-rcl-yaml-param-parser	9.1.0-1jammy.20240208.080419	installed
ros-rolling-rclcpp	27.0.0-1jammy.20240216.162604	installed
ros-rolling-rclcpp-action	27.0.0-1jammy.20240216.171800	installed
ros-rolling-rclcpp-components	27.0.0-1jammy.20240216.171518	installed
ros-rolling-rclcpp-lifecycle	27.0.0-1jammy.20240216.173327	installed
ros-rolling-rclpy	7.0.1-1jammy.20240216.162744	installed
ros-rolling-rcpputils	2.10.0-1jammy.20240208.074629	installed
ros-rolling-rcutils	6.5.2-1jammy.20240208.073530	installed
ros-rolling-realtime-tools	2.5.0-2jammy.20240216.173108	installed
ros-rolling-resource-retriever	3.4.0-1jammy.20240208.035018	installed
ros-rolling-rmw	7.3.0-1jammy.20240208.075332	installed
ros-rolling-rmw-dds-common	3.0.0-1jammy.20240208.082436	installed
ros-rolling-rmw-fastrtps-cpp	8.2.0-1jammy.20240216.160637	installed
ros-rolling-rmw-fastrtps-shared-cpp	8.2.0-1jammy.20240216.155934	installed
ros-rolling-rmw-implementation	2.15.0-1jammy.20240216.161421	installed
ros-rolling-rmw-implementation-cmake	7.3.0-1jammy.20240208.034856	installed
ros-rolling-robot-state-publisher	3.3.3-1jammy.20240216.180230	installed
ros-rolling-ros-workspace	1.0.3-3jammy.20240124.145842	installed
ros-rolling-ros2-control-test-assets	4.5.0-1jammy.20240212.231009	installed
ros-rolling-ros2-controllers-test-nodes	4.6.0-1jammy.20240216.163711	installed
ros-rolling-ros2cli	0.31.1-1jammy.20240216.163718	installed
ros-rolling-ros2node	0.31.1-1jammy.20240216.164052	installed
ros-rolling-ros2param	0.31.1-1jammy.20240216.164314	installed
ros-rolling-ros2pkg	0.31.1-1jammy.20240216.164053	installed
ros-rolling-ros2run	0.31.1-1jammy.20240216.164301	installed
ros-rolling-ros2service	0.31.1-1jammy.20240216.164055	installed
ros-rolling-rosgraph-msgs	2.0.1-1jammy.20240208.082633	installed
ros-rolling-rosidl-adapter	4.5.1-1jammy.20240208.035653	installed
ros-rolling-rosidl-cli	4.5.1-1jammy.20240208.035410	installed
ros-rolling-rosidl-cmake	4.5.1-1jammy.20240208.040035	installed
ros-rolling-rosidl-core-runtime	0.2.0-1jammy.20240208.080922	installed
ros-rolling-rosidl-default-runtime	1.6.0-1jammy.20240208.082142	installed
ros-rolling-rosidl-dynamic-typesupport	0.1.2-1jammy.20240208.074829	installed
ros-rolling-rosidl-dynamic-typesupport-fastrtps	0.1.0-1jammy.20240216.155940	installed
ros-rolling-rosidl-generator-c	4.5.1-1jammy.20240208.074301	installed
ros-rolling-rosidl-generator-cpp	4.5.1-1jammy.20240208.075004	installed
ros-rolling-rosidl-generator-py	0.21.1-1jammy.20240208.080548	installed
ros-rolling-rosidl-generator-type-description	4.5.1-1jammy.20240208.040122	installed
ros-rolling-rosidl-parser	4.5.1-1jammy.20240208.035828	installed
ros-rolling-rosidl-pycommon	4.5.1-1jammy.20240208.040005	installed
ros-rolling-rosidl-runtime-c	4.5.1-1jammy.20240208.074522	installed
ros-rolling-rosidl-runtime-cpp	4.5.1-1jammy.20240208.074847	installed
ros-rolling-rosidl-runtime-py	0.13.0-1jammy.20240208.083616	installed
ros-rolling-rosidl-typesupport-c	3.2.0-1jammy.20240208.075120	installed
ros-rolling-rosidl-typesupport-cpp	3.2.0-1jammy.20240208.075503	installed
ros-rolling-rosidl-typesupport-fastrtps-c	3.4.0-1jammy.20240208.080348	installed
ros-rolling-rosidl-typesupport-fastrtps-cpp	3.4.0-1jammy.20240208.075916	installed
ros-rolling-rosidl-typesupport-interface	4.5.1-1jammy.20240208.035438	installed
ros-rolling-rosidl-typesupport-introspection-c	4.5.1-1jammy.20240208.074827	installed
ros-rolling-rosidl-typesupport-introspection-cpp	4.5.1-1jammy.20240208.075233	installed
ros-rolling-rpyutils	0.4.1-1jammy.20240208.034421	installed
ros-rolling-rsl	1.1.0-1jammy.20240216.171745	installed
ros-rolling-ruckig	0.9.2-3jammy.20240124.150358	installed
ros-rolling-rviz-assimp-vendor	13.3.1-1jammy.20240208.034533	installed
ros-rolling-rviz-common	13.3.1-1jammy.20240216.180828	installed
ros-rolling-rviz-default-plugins	13.3.1-1jammy.20240217.071250	installed
ros-rolling-rviz-ogre-vendor	13.3.1-1jammy.20240208.034532	installed
ros-rolling-rviz-rendering	13.3.1-1jammy.20240208.041540	installed
ros-rolling-rviz2	13.3.1-1jammy.20240217.090401	installed
ros-rolling-sdl2-vendor	3.3.0-1jammy.20240124.152507	installed
ros-rolling-sensor-msgs	5.3.0-1jammy.20240208.084318	installed
ros-rolling-sensor-msgs-py	5.3.0-1jammy.20240208.085456	installed
ros-rolling-service-msgs	2.0.1-1jammy.20240208.081443	installed
ros-rolling-shape-msgs	5.3.0-1jammy.20240208.084350	installed
ros-rolling-spdlog-vendor	1.5.1-1jammy.20240208.034733	installed
ros-rolling-srdfdom	2.0.4-2jammy.20240216.163901	installed
ros-rolling-statistics-msgs	2.0.1-1jammy.20240208.082600	installed
ros-rolling-std-msgs	5.3.0-1jammy.20240208.082603	installed
ros-rolling-std-srvs	5.3.0-1jammy.20240208.082607	installed
ros-rolling-stereo-msgs	5.3.0-1jammy.20240208.085332	installed
ros-rolling-tcb-span	1.0.2-3jammy.20240124.152624	installed
ros-rolling-tf2	0.36.0-1jammy.20240208.084606	installed
ros-rolling-tf2-eigen	0.36.0-1jammy.20240216.185131	installed
ros-rolling-tf2-geometry-msgs	0.36.0-1jammy.20240216.180238	installed
ros-rolling-tf2-kdl	0.36.0-1jammy.20240216.180316	installed
ros-rolling-tf2-msgs	0.36.0-1jammy.20240208.084320	installed
ros-rolling-tf2-py	0.36.0-1jammy.20240216.163743	installed
ros-rolling-tf2-ros	0.36.0-1jammy.20240216.174917	installed
ros-rolling-tf2-ros-py	0.36.0-1jammy.20240216.164107	installed
ros-rolling-tinyxml2-vendor	0.9.1-1jammy.20240124.152639	installed
ros-rolling-tl-expected	1.0.2-3jammy.20240124.152645	installed
ros-rolling-tracetools	8.0.0-1jammy.20240208.035003	installed
ros-rolling-trajectory-msgs	5.3.0-1jammy.20240208.084326	installed
ros-rolling-type-description-interfaces	2.0.1-1jammy.20240208.081838	installed
ros-rolling-uncrustify-vendor	2.2.1-1jammy.20240124.152708	installed
ros-rolling-unique-identifier-msgs	2.5.0-1jammy.20240208.081101	installed
ros-rolling-ur	2.4.3-1jammy.20240228.072527	installed
ros-rolling-ur-calibration	2.4.3-1jammy.20240228.072205	installed
ros-rolling-ur-client-library	1.3.5-1jammy.20240228.070532	installed
ros-rolling-ur-controllers	2.4.3-1jammy.20240216.192701	installed
ros-rolling-ur-dashboard-msgs	2.4.3-1jammy.20240208.082828	installed
ros-rolling-ur-description	2.2.4-1jammy.20240217.091544	installed
ros-rolling-ur-moveit-config	2.4.3-1jammy.20240220.155515	installed
ros-rolling-ur-msgs	2.0.0-2jammy.20240208.084335	installed
ros-rolling-ur-robot-driver	2.4.3-1jammy.20240228.070912	installed
ros-rolling-urdf	2.10.0-1jammy.20240208.080003	installed
ros-rolling-urdf-parser-plugin	2.10.0-1jammy.20240208.034909	installed
ros-rolling-urdfdom	4.0.0-1jammy.20240208.035123	installed
ros-rolling-urdfdom-headers	1.1.1-1jammy.20240124.150351	installed
ros-rolling-urdfdom-py	1.2.1-1jammy.20240216.163803	installed
ros-rolling-velocity-controllers	4.6.0-1jammy.20240216.191714	installed
ros-rolling-visualization-msgs	5.3.0-1jammy.20240208.085006	installed
ros-rolling-warehouse-ros	2.0.4-3jammy.20240216.180829	installed
ros-rolling-warehouse-ros-sqlite	1.0.3-2jammy.20240216.181302	installed
ros-rolling-xacro	2.0.10-1jammy.20240208.032938	installed
ros-rolling-yaml-cpp-vendor	8.3.1-1jammy.20240124.152723	installed
ros2-apt-source	1.2.0~jammy	installed
rpcsvc-proto	1.4.2-0ubuntu6	installed
rsync	3.2.7-0ubuntu0.22.04.7	installed
rsyslog	8.2112.0-2ubuntu2.5	installed
rtkit	0.13-4build2	installed
ruby	1:3.0~exp1	installed
ruby-net-telnet	0.1.1-2	installed
ruby-rubygems	3.3.5-2ubuntu1.2	installed
ruby-webrick	1.7.0-3ubuntu0.2	installed
ruby-xmlrpc	0.3.2-1ubuntu0.1	installed
ruby3.0	3.0.2-7ubuntu2.13	installed
rubygems-integration	1.18	installed
rviz	1.14.14+dfsg-1build1	installed
rygel	0.40.3-1ubuntu2	installed
samba-libs:amd64	2:4.15.13+dfsg-0ubuntu1.13	installed
sane-airscan	0.99.27-1build1	installed
sane-utils	1.1.1-5	installed
sbsigntool	0.9.4-2ubuntu2	installed
screen-resolution-extra	0.18.2ubuntu0.1	installed
sdformat12-sdf	12.9.0-1~jammy	installed
sdformat9-sdf	9.7.0+ds-1	installed
seahorse	41.0-2	installed
secureboot-db	1.8	installed
sed	4.8-1ubuntu2.1	installed
sensible-utils	0.0.17	installed
session-migration	0.3.6	installed
sgml-base	1.30	installed
sgml-data	2.0.11+nmu1	installed
shared-mime-info	2.1-2	installed
shiboken2	5.15.2-2build2	installed
shim-signed	1.51.4+15.8-0ubuntu1	installed
sip-dev	4.19.25+dfsg-3build1	installed
snapd	2.76+ubuntu22.04.1	installed
socat	1.7.4.1-3ubuntu4	installed
software-properties-common	0.99.22.9	installed
software-properties-gtk	0.99.22.9	installed
sound-icons	0.1-8	installed
sound-theme-freedesktop	0.8-2ubuntu1	installed
speech-dispatcher	0.11.1-1ubuntu3	installed
speech-dispatcher-audio-plugins:amd64	0.11.1-1ubuntu3	installed
speech-dispatcher-espeak-ng	0.11.1-1ubuntu3	installed
spice-vdagent	0.22.1-1ubuntu0.1	installed
sqlite3	3.37.2-2ubuntu0.8	installed
squashfs-tools	1:4.5-3build1	installed
ssh-import-id	5.11-0ubuntu1	installed
ssl-cert	1.1.2	installed
strace	5.16-0ubuntu3	installed
subversion	1.14.1-3ubuntu0.22.04.1	installed
sudo	1.9.9-1ubuntu2.6	installed
switcheroo-control	2.4-3build2	installed
system-config-printer	1.5.16-0ubuntu3	installed
system-config-printer-common	1.5.16-0ubuntu3	installed
system-config-printer-udev	1.5.16-0ubuntu3	installed
systemd	249.11-0ubuntu3.22	installed
systemd-hwe-hwdb	249.11.6	installed
systemd-oomd	249.11-0ubuntu3.22	installed
systemd-sysv	249.11-0ubuntu3.22	installed
systemd-timesyncd	249.11-0ubuntu3.22	installed
sysvinit-utils	3.01-1ubuntu1	installed
tailscale	1.102.5	installed
tailscale-archive-keyring	1.35.181	installed
tango-icon-theme	0.8.90-8	installed
tar	1.34+dfsg-1ubuntu0.1.22.04.6	installed
tcl	8.6.11+1build2	installed
tcl-dev:amd64	8.6.11+1build2	installed
tcl8.6	8.6.12+dfsg-1build1	installed
tcl8.6-dev:amd64	8.6.12+dfsg-1build1	installed
tcpdump	4.99.1-3ubuntu0.2	installed
telnet	0.17-44build1	installed
thermald	2.4.9-1ubuntu0.4	installed
time	1.9-0.1build2	installed
tk	8.6.11+1build2	installed
tk-dev:amd64	8.6.11+1build2	installed
tk8.6	8.6.12-1build1	installed
tk8.6-blt2.5	2.5.3+dfsg-4.1build2	installed
tk8.6-dev:amd64	8.6.12-1build1	installed
tnftp	20210827-4build1	installed
tpm-udev	0.6	installed
tracker	3.3.0-1	installed
tracker-extract	3.3.3-0ubuntu0.20.04.4	installed
tracker-miner-fs	3.3.3-0ubuntu0.20.04.4	installed
tzdata	2026c-0ubuntu0.22.04.1	installed
ubuntu-advantage-desktop-daemon	1.10.ubuntu0.22.04.2	installed
ubuntu-advantage-tools	37.2ubuntu~22.04.1	installed
ubuntu-desktop	1.481.5	installed
ubuntu-desktop-minimal	1.481.5	installed
ubuntu-docs	22.04.5	installed
ubuntu-drivers-common	1:0.9.6.2~0.22.04.11	installed
ubuntu-keyring	2021.03.26	installed
ubuntu-minimal	1.481.5	installed
ubuntu-mono	20.10-0ubuntu2	installed
ubuntu-oem-keyring	2021.03.26	installed
ubuntu-pro-client	37.2ubuntu~22.04.1	installed
ubuntu-pro-client-l10n	37.2ubuntu~22.04.1	installed
ubuntu-release-upgrader-core	1:22.04.21	installed
ubuntu-release-upgrader-gtk	1:22.04.21	installed
ubuntu-report	1.7.1ubuntu0.1	installed
ubuntu-session	42.0-1ubuntu2	installed
ubuntu-settings	22.04.6	installed
ubuntu-standard	1.481.5	installed
ubuntu-wallpapers	22.04.4-0ubuntu1	installed
ubuntu-wallpapers-jammy	22.04.4-0ubuntu1	installed
ucf	3.0043	installed
udev	249.11-0ubuntu3.22	installed
udisks2	2.9.4-1ubuntu2.3	installed
ufw	0.36.1-4ubuntu0.1	installed
unattended-upgrades	2.8ubuntu1	installed
uncrustify	0.72.0+dfsg1-2	installed
unicode-data	14.0.0-1.1	installed
unixodbc-common	2.3.9-5ubuntu0.1	installed
unixodbc-dev:amd64	2.3.9-5ubuntu0.1	installed
unzip	6.0-26ubuntu3.2	installed
update-inetd	4.51	installed
update-manager	1:22.04.22	installed
update-manager-core	1:22.04.22	installed
update-notifier	3.192.54.8	installed
update-notifier-common	3.192.54.8	installed
upower	0.99.17-1	installed
usb-modeswitch	2.6.1-3ubuntu2	installed
usb-modeswitch-data	20191128-4	installed
usb.ids	2022.04.02-1	installed
usbmuxd	1.1.1-2ubuntu0.1	installed
usbutils	1:014-1build1	installed
usrmerge	25ubuntu2	installed
util-linux	2.37.2-4ubuntu3.6	installed
uuid-dev:amd64	2.37.2-4ubuntu3.6	installed
uuid-runtime	2.37.2-4ubuntu3.6	installed
va-driver-all:amd64	2.14.0-1	installed
vdpau-driver-all:amd64	1.4-3build2	installed
vim-common	2:8.2.3995-1ubuntu2.36	installed
vim-tiny	2:8.2.3995-1ubuntu2.36	installed
vtk9	9.1.0+really9.1.0+dfsg2-3build1	installed
wamerican	2020.12.07-2	installed
wbritish	2020.12.07-2	installed
wget	1.21.2-2ubuntu1.5	installed
whiptail	0.52.21-5ubuntu2	installed
whoopsie	0.2.77	installed
whoopsie-preferences	23	installed
wireless-regdb	2026.05.30-0ubuntu1~22.04.1	installed
wireless-tools	30~pre9-13.1ubuntu4	installed
wpasupplicant	2:2.10-6ubuntu2.4	installed
x11-apps	7.7+8build2	installed
x11-common	1:7.7+23ubuntu2	installed
x11-session-utils	7.7+4build2	installed
x11-utils	7.7+5build2	installed
x11-xkb-utils	7.7+5build4	installed
x11-xserver-utils	7.7+9build1	installed
x11proto-dev	2021.5-1	installed
xauth	1:1.1-1build2	installed
xbitmaps	1.1.1-2.1ubuntu1	installed
xbrlapi	6.4-4ubuntu3	installed
xcursor-themes	1.0.6-0ubuntu1	installed
xcvt	0.1.1-3	installed
xdg-dbus-proxy	0.1.3-1ubuntu0.1	installed
xdg-desktop-portal	1.14.4-1ubuntu2~22.04.2	installed
xdg-desktop-portal-gnome	42.1-0ubuntu2	installed
xdg-desktop-portal-gtk	1.14.0-1build1	installed
xdg-user-dirs	0.17-2ubuntu4	installed
xdg-user-dirs-gtk	0.10-3build2	installed
xdg-utils	1.1.3-4.1ubuntu3~22.04.1	installed
xfonts-base	1:1.0.5	installed
xfonts-encodings	1:1.0.5-0ubuntu2	installed
xfonts-scalable	1:1.0.3-1.2ubuntu1	installed
xfonts-utils	1:7.7+6build2	installed
xinit	1.4.1-0ubuntu4	installed
xinput	1.6.3-1build2	installed
xkb-data	2.33-1	installed
xml-core	0.18+nmu1	installed
xorg	1:7.7+23ubuntu2	installed
xorg-docs-core	1:1.7.1-1.2	installed
xorg-sgml-doctools	1:1.11-1.1	installed
xserver-common	2:21.1.4-2ubuntu1.7~22.04.16	installed
xserver-xephyr	2:21.1.4-2ubuntu1.7~22.04.16	installed
xserver-xorg	1:7.7+23ubuntu2	installed
xserver-xorg-core	2:21.1.4-2ubuntu1.7~22.04.16	installed
xserver-xorg-input-all	1:7.7+23ubuntu2	installed
xserver-xorg-input-libinput	1.2.1-1	installed
xserver-xorg-input-wacom	1:1.0.0-3ubuntu1	installed
xserver-xorg-legacy	2:21.1.4-2ubuntu1.7~22.04.16	installed
xserver-xorg-video-all	1:7.7+23ubuntu2	installed
xserver-xorg-video-amdgpu	22.0.0-1ubuntu0.2	installed
xserver-xorg-video-ati	1:19.1.0-2ubuntu1	installed
xserver-xorg-video-fbdev	1:0.5.0-2build1	installed
xserver-xorg-video-intel	2:2.99.917+git20210115-1	installed
xserver-xorg-video-nouveau	1:1.0.17-2build1	installed
xserver-xorg-video-nvidia-580	580.173.02-0ubuntu0.22.04.1	installed
xserver-xorg-video-qxl	0.1.5+git20200331-3	installed
xserver-xorg-video-radeon	1:19.1.0-2ubuntu1	installed
xserver-xorg-video-vesa	1:2.5.0-1build4	installed
xserver-xorg-video-vmware	1:13.3.0-3build1	installed
xtrans-dev	1.4.0-1	installed
xwayland	2:22.1.1-1ubuntu0.20	installed
xxd	2:8.2.3995-1ubuntu2.36	installed
xz-utils	5.2.5-2ubuntu1.1	installed
yaru-theme-gnome-shell	22.04.5	installed
yaru-theme-gtk	22.04.5	installed
yaru-theme-icon	22.04.5	installed
yaru-theme-sound	22.04.5	installed
yelp	42.1-1ubuntu0.2	installed
yelp-xsl	42.0-1ubuntu0.1	installed
zenity	3.42.1-0ubuntu1	installed
zenity-common	3.42.1-0ubuntu1	installed
zip	3.0-12build2	installed
zlib1g:amd64	1:1.2.11.dfsg-2ubuntu9.2	installed
zlib1g-dev:amd64	1:1.2.11.dfsg-2ubuntu9.2	installed
zstd	1.4.8+dfsg-3build1	installed
