mtllib 035_power_drill.mtl
o 035_power_drill
usemtl ycb_035_power_drill_material
v -0.0811519995 -0.0765689984 0.0405660011
v -0.0800750032 -0.064695999 0.0306870006
v -0.0832870007 -0.0767680034 0.0286940001
v -0.0724160001 -0.0647 0.00498900004
v -0.0662560016 -0.0584789999 0.00708999997
v -0.065429002 -0.0681599975 0.00315200002
v -0.0789719969 -0.0803769976 0.00567900017
v -0.0797019973 -0.0761270002 0.00704699988
v -0.0785970017 -0.0777740031 0.00530500012
v -0.0783220008 -0.074105002 0.00634100009
v -0.0760210007 -0.0796229988 0.00315300003
v -0.074401997 -0.0808089972 0.0025249999
v -0.0809689984 -0.0800850019 0.0393010005
v -0.0739440024 -0.0825679973 0.00469999993
v -0.0726300031 -0.0785690024 0.00161100004
v -0.0737190023 -0.0551530011 0.0122689996
v -0.0730760023 -0.0582830012 0.00831499975
v -0.0766979977 -0.0643500015 0.00854100008
v -0.0666169971 -0.055461999 0.00932299998
v -0.0746219978 -0.0787480026 0.0088449996
v -0.0785679966 -0.0822449997 0.011105
v -0.0739310011 -0.0831290036 0.00777699985
v -0.0783220008 -0.074105002 0.00634100009
v -0.075672999 -0.0725610033 0.0034729999
v -0.0837950036 -0.0770820007 0.0266730003
v -0.0780860037 -0.0621690005 0.0163150001
v -0.0797019973 -0.0761270002 0.00704699988
v -0.0738850012 -0.0732579976 0.0100339996
v -0.0694390014 -0.0524230003 0.0140850004
v -0.0727910027 -0.0767709985 0.0104069998
v -0.0718099996 -0.0758230016 0.00170400005
v -0.0728960037 -0.0746039972 0.00976399984
v -0.072939001 -0.0734639987 0.00248500006
v -0.0766990036 -0.0739929974 0.00828099996
v -0.0763999969 -0.0552310012 0.0266249999
v -0.0740649998 -0.0525100008 0.0204499997
v -0.0657830015 -0.0523260012 0.0143069997
v -0.0828519985 -0.0800039992 0.0269889999
v -0.0780860037 -0.0621690005 0.0163150001
v -0.0737209991 -0.0514720008 0.0274519995
v -0.0693650022 -0.0503109992 0.0264790002
v -0.0743499994 -0.0516319983 0.0289859995
v -0.0800750032 -0.064695999 0.0306870006
v -0.0737230033 -0.0542309992 0.0402310006
v -0.0808769986 -0.0819659978 0.0275529996
v -0.0774340034 -0.0825769976 0.0278309993
v -0.0763999969 -0.0552310012 0.0266249999
v -0.0688449964 -0.0513969995 0.0378209986
v -0.0766990036 -0.0739929974 0.00828099996
v -0.0728960037 -0.0746039972 0.00976399984
v -0.0738850012 -0.0732579976 0.0100339996
v -0.0158660002 -0.0308309998 0.0376110002
v -0.0190650001 -0.015621 0.0385169983
v -0.0206039995 -0.0279770009 0.0358429998
v 0.0061809998 -0.0231389999 0.00894400012
v 0.00265399995 -0.0304480009 0.00911400001
v 0.00231499993 -0.0189309996 0.00777299982
v 0.0107260002 -0.0349659994 0.0121719996
v -0.0505970009 -0.0805120021 0.000414999988
v -0.0525720008 -0.0759740025 -0.000712000008
v -0.0305439997 -0.0760079995 -0.00202400004
v -0.0194819998 -0.0804949999 0.039760001
v -0.0122750001 -0.0803999975 0.0359750018
v -0.018902 -0.080110997 0.0425940007
v -0.0102599999 -0.0788599998 -0.00227100006
v -0.0132719995 -0.0332330018 0.0383000001
v -0.0087580001 -0.0333870016 0.0391860008
v -0.00554399984 -0.0249809995 0.0398899987
v 0.0111849997 -0.0248990003 0.0116269998
v -0.00906000007 -0.0279179998 0.0400040001
v -0.0155079998 -0.0111400001 0.0398170017
v -0.0287050009 -0.0810270011 0.0440299995
v -0.0468610004 -0.0814749971 0.0441399999
v -0.0456189997 -0.0812409967 0.0431040004
v 0.0110729998 -0.0209749993 0.0113859996
v -0.0342589989 -0.0807240009 0.0433190018
v -0.0533640012 -0.052889999 0.0110990005
v 0.00262499996 -0.0335250013 0.0388129987
v -0.0333850011 -0.0809750035 0.0293090008
v -0.0542079993 -0.0767650008 -5.60000008e-05
v -0.0459560007 -0.0524609983 0.00639500003
v -0.0487390012 -0.0541450009 0.00526400004
v -0.0521790013 -0.0495640002 0.012604
v -0.0508779995 -0.0557940006 0.00753699988
v -0.001345 -0.00964200031 0.0401859991
v -0.0381439999 -0.0823130012 0.0041149999
v -0.0167750008 -0.0807129964 0.0480969995
v -0.0545549989 -0.0509530008 0.0161610004
v 0.00125299999 -0.0187740009 0.0393010005
v -0.0592649989 -0.0818459988 0.0479829982
v -0.0458690003 -0.0477159992 0.018654
v -0.0499299988 -0.0807820037 0.0511660017
v -0.065839 -0.0502879992 0.0263369996
v 0.00376700005 -0.0181210004 0.0391989984
v 0.00186800002 -0.00390499993 0.0396009982
v 0.00959100015 -0.0798600018 0.0490069985
v 0.0089370003 -0.00872499961 0.0371700004
v -0.051961001 -0.0469309986 0.0265900008
v -0.0430510007 -0.054432001 0.00462500006
v -0.0447399989 -0.0524239987 0.0170559995
v -0.0416539982 -0.0531129986 0.0171990003
v 0.00704899989 -0.00493599987 0.037188001
v -0.0404269993 -0.0529250018 0.00520899985
v -0.0403669998 -0.0516070016 0.0178030003
v -0.0155029995 -0.0808880031 -0.000190999999
v 0.00880900025 -0.0773530006 -0.000869999989
v 0.00552299991 -0.078881003 -0.00215100008
v 0.00503000012 -0.0773549974 -0.00238099997
v 0.0112460004 -0.0773930028 -0.00123000005
v 0.00771099981 -0.0810820013 0.000647999987
v -0.0480820015 -0.082367003 0.0083870003
v 0.00474500004 -0.076067999 0.00368899992
v 0.00503000012 -0.0773549974 -0.00238099997
v 0.00348700001 -0.0752419978 -0.0028309999
v -0.0400380008 -0.048432 0.0176669993
v -0.0388410017 -0.0500259995 0.00852200016
v 0.00353899994 -0.0803560019 0.0427069999
v 0.00932000019 -0.0766990036 0.00313000008
v 0.00880900025 -0.0773530006 -0.000869999989
v 0.0110050002 -0.0803809986 0.00225699996
v -0.0396080017 -0.0475380011 0.0186739992
v 0.00516999979 -0.0718519986 0.00402700016
v 0.00423800014 -0.0721779987 -0.0020620001
v 0.00726999994 -0.0708649978 -0.000773000007
v 0.010551 -0.0754079968 -0.000979000004
v 0.010551 -0.0724880025 -0.00107
v 0.0163800009 -0.0720029995 0.00202500005
v 0.00932000019 -0.0766990036 0.00313000008
v 0.010551 -0.0754079968 -0.000979000004
v 0.00880900025 -0.0773530006 -0.000869999989
v 0.00986200012 -0.072995998 0.00414500013
v 0.010551 -0.0724880025 -0.00107
v 0.00861500017 -0.0713270009 0.00387899997
v 0.0153919999 -0.0772060007 0.00284199999
v -0.0312809981 -0.0467710011 0.0224549994
v -0.0443489999 -0.0494179986 0.0177389998
v -0.00826700032 -0.0735120028 0.0538939983
v -0.0515960008 -0.0748630017 0.0539540015
v -0.0138440002 -0.0775860026 0.0532680005
v 0.00683300011 -0.0694850013 -0.00151700003
v 0.010551 -0.0724880025 -0.00107
v 0.00726999994 -0.0708649978 -0.000773000007
v -0.0466899984 -0.0466799997 0.0267949998
v 0.0020659999 -0.0784699991 0.0520280004
v -0.0486110002 -0.0790420026 0.0530599989
v -0.0458140001 -0.0816880018 0.00930299982
v -0.0463589989 -0.0819749981 0.0118089998
v -0.0217579994 -0.0628700033 0.0508130006
v -0.0400380008 -0.048432 0.0176669993
v -0.0396080017 -0.0475380011 0.0186739992
v -0.0490729995 -0.082216002 0.0250209998
v 0.00726999994 -0.0708649978 -0.000773000007
v -0.0426129997 -0.0461850017 0.0193550009
v 0.0141989999 -0.068539001 0.001453
v 0.0163800009 -0.0720029995 0.00202500005
v -0.0424709991 -0.0453919992 0.0261100009
v -0.0426129997 -0.0461850017 0.0193550009
v -0.0466899984 -0.0466799997 0.0267949998
v 0.0178929996 -0.0711790025 0.00144799997
v 0.0186669994 -0.0717020035 0.00688700005
v 0.0197260007 -0.065628998 0.00115899998
v 0.0176030006 -0.0687310025 0.00457799993
v -0.0391439982 -0.0465239994 0.0260899998
v -0.0396080017 -0.0475380011 0.0186739992
v -0.0340170003 -0.0465510003 0.0272020008
v -0.0312809981 -0.0467710011 0.0224549994
v -0.0461519994 -0.0573399998 0.0465589985
v -0.00829199981 -0.0571850017 0.0468010008
v -0.0106629999 -0.0555359982 0.0458640009
v -0.0541360006 -0.0495209992 0.0259349998
v -0.0560000017 -0.0682270005 0.00227700011
v -0.0540550016 -0.0656950027 0.0019749999
v 0.00861500017 -0.0713270009 0.00387899997
v 0.0057140002 -0.0666119978 -0.000614000019
v 0.00809200015 -0.0608600006 0.00123699999
v 0.0134110004 -0.0602449998 0.002721
v -0.0542830005 -0.0493090004 0.0281220004
v -0.0657550022 -0.0511620007 0.0358050019
v 0.0152890002 -0.0690499991 0.00487900013
v 0.0152890002 -0.0690499991 0.00487900013
v 0.0191769991 -0.074157998 0.00841300003
v 0.0148989996 -0.067181997 0.0040930002
v 0.0168670006 -0.0639839992 0.00402500015
v 0.0183659997 -0.0650279969 0.00636099977
v 0.0202859994 -0.0657119974 0.00188899995
v 0.0223999992 -0.0679059997 0.0106640002
v 0.0183659997 -0.0650279969 0.00636099977
v 0.0200619996 -0.0646679997 0.0104080001
v -0.0427320004 -0.0470990017 0.0368999988
v -0.00886099972 -0.0588340014 0.0487449989
v -0.0306299999 -0.0587820001 0.0483159982
v -0.0535879992 -0.0607520007 0.00420399988
v 0.0206080005 -0.0715380013 0.0112600001
v -0.0390890017 -0.0480609983 0.0382190011
v 0.022744 -0.0675159991 0.0218509994
v -0.00770199997 -0.0640970021 0.0511870012
v 0.00891000032 -0.0567109995 0.00221799989
v -0.0383929983 -0.0678410009 0.000253000006
v -0.0516819991 -0.0490840003 0.0388429984
v -0.051961001 -0.0469309986 0.0265900008
v -0.0542830005 -0.0493090004 0.0281220004
v -0.0535160005 -0.0511050001 0.0383369997
v 0.0107300002 -0.0504500009 0.0101570003
v 0.0147670005 -0.0574790016 0.0045380001
v 0.0173850004 -0.0603439994 0.00610500015
v 0.0183659997 -0.0650279969 0.00636099977
v 0.0204489995 -0.061914999 0.0111769997
v 0.0204489995 -0.061914999 0.0111769997
v 0.0127060004 -0.0806220025 0.0238349997
v 0.00243599992 -0.0810320005 0.00767999981
v 0.0190350004 -0.0584379993 0.00913000014
v 0.0177769996 -0.0781700015 0.025866
v 0.00141799997 -0.0805630013 0.0183979999
v -0.00227200007 -0.080949001 0.0082949996
v 0.0204269998 -0.0744699985 0.0184589997
v 0.00333900005 -0.0804419965 0.0253199991
v -0.0485490002 -0.0513029993 0.04507
v 0.0204440001 -0.0726490021 0.0188999996
v 0.0216509998 -0.0734449998 0.0243919995
v -0.0205979999 -0.0477430001 0.0115689998
v -0.0154219996 -0.0482259989 0.00787299965
v 0.0215719994 -0.0702380016 0.0196720008
v 0.0221929997 -0.0721580014 0.0207250006
v 0.0211529993 -0.0651229993 0.0189490002
v -0.0275359992 -0.046165999 0.023999
v 0.0209650006 -0.0633959994 0.0173700005
v -0.0275359992 -0.046165999 0.023999
v -0.0311730001 -0.0477980003 0.025874
v -0.0279220007 -0.0462209992 0.0278760009
v -0.00643499987 -0.0806030035 0.0232970007
v 0.0218829997 -0.0632610023 0.0210330002
v -0.0233260002 -0.0443729982 0.0283969995
v -0.0241010003 -0.0447660014 0.0229279995
v -0.0070150001 -0.0803370029 0.0282119997
v -0.0284640007 -0.0596660003 0.00271199993
v 0.00268499996 -0.0801609978 0.0278459992
v 0.0204319991 -0.0754709989 0.0269249994
v -0.0216760002 -0.0453899987 0.0170559995
v -0.0145110004 -0.0450900011 0.01088
v 0.0219240002 -0.0706579983 0.029778
v 0.0200909991 -0.0736469999 0.0407870002
v 0.0213810001 -0.0729489997 0.0324180014
v -0.0175100006 -0.0427509993 0.0140469996
v 0.0136160003 -0.0799819976 0.0253379997
v -0.0210069995 -0.0422130004 0.0184349995
v 0.0135819996 -0.0803800002 0.0280859992
v 0.00454099989 -0.0807780027 0.0269859992
v 0.0222510006 -0.0625929981 0.0303869992
v 0.0213820003 -0.0646570027 0.0312989987
v -0.0222859997 -0.0325249992 0.0163759999
v -0.0183470007 -0.03345 0.0121290004
v -0.0169249997 -0.0350079983 0.012015
v -0.0209309999 -0.0355620012 0.0160840005
v -0.0122880004 -0.0416910015 0.0107610002
v -0.0251630004 -0.0671980008 -0.000456000009
v -0.0241010003 -0.0447660014 0.0229279995
v 0.0151070002 -0.0519080013 0.013917
v -0.0225089993 -0.0412909985 0.023356
v -0.0210069995 -0.0422130004 0.0184349995
v 0.0190350004 -0.0584379993 0.00913000014
v 0.0218240004 -0.0617009997 0.0171169993
v -0.0225089993 -0.0412909985 0.023356
v -0.0235009994 -0.0344859995 0.0221439991
v -0.0210069995 -0.0422130004 0.0184349995
v -0.0232480001 -0.0353399999 0.0279079992
v -0.0224319994 -0.0415440015 0.0276340004
v -0.0224319994 -0.0415440015 0.0276340004
v -0.00846800022 -0.0727370009 -0.00271099992
v -0.0209309999 -0.0355620012 0.0160840005
v -0.0117990002 -0.0754449964 -0.00309400004
v 0.0035949999 -0.0497150011 0.00802200008
v 0.00858199969 -0.0457010008 0.0112960003
v -0.0222859997 -0.0325249992 0.0163759999
v 0.00265299994 -0.0797799975 0.0414070003
v 0.0179030001 -0.053495001 0.0194990002
v -0.0236450005 -0.0315730013 0.0188250002
v 0.00348700001 -0.0752419978 -0.0028309999
v 0.0200740006 -0.0558289997 0.0222009998
v 0.0179030001 -0.053495001 0.0194990002
v 0.0172920004 -0.0545350015 0.0215739999
v -0.0260869991 -0.0280489996 0.022845
v 0.0148539999 -0.0515480004 0.0218499992
v 0.0164369997 -0.0501680002 0.0206640009
v 0.0155260004 -0.0543459989 0.0242519993
v 0.0148919998 -0.0466919988 0.0173070002
v -0.0190709997 -0.0817620009 0.00743700005
v 0.0131660001 -0.0420890003 0.0154489996
v 0.00753000006 -0.0386589989 0.0110299997
v 0.0164369997 -0.0501680002 0.0206640009
v -0.0214249995 -0.0451099984 0.0326130018
v -0.0159450006 -0.0479249991 0.0430149995
v 0.0164030008 -0.0478329994 0.0231079999
v -0.0146469995 -0.0462430008 0.0401559994
v 0.0215179995 -0.0574849993 0.0225109998
v 0.0224120002 -0.0610699989 0.0217610002
v -0.0261690002 -0.0496309996 0.0448930003
v -0.0208650008 -0.0813369974 0.00875100028
v -0.0256970003 -0.081201002 0.0145340003
v -0.0299299993 -0.0813110024 0.0185380001
v 0.0182750002 -0.0539080016 0.0274570007
v -0.0102789998 -0.052889999 0.0463289991
v 0.0115590002 -0.0387919992 0.0129880002
v 0.0159419999 -0.0423859991 0.0225489996
v 0.0164090004 -0.0406190008 0.0209929999
v 0.0148160001 -0.0383390002 0.0185119994
v 0.00969900005 -0.0365189984 0.0123910001
v 0.0137630003 -0.0365540013 0.0154499998
v 0.0150920004 -0.0271910001 0.0161910001
v 0.0210139994 -0.0710759982 0.0379259996
v 0.0148210004 -0.0776069984 0.0477799997
v -0.0145439999 -0.0441070013 0.0379879996
v -0.0100250002 -0.0455409996 0.0400330015
v 0.0100499997 -0.0774910003 0.0515610017
v 0.0189229995 -0.0711600035 0.0453549996
v -0.0229349993 -0.0808970034 0.0239700004
v 0.020699 -0.0636000037 0.0379460007
v 0.0211800002 -0.0614299998 0.0369819999
v 0.0140349995 -0.0755050033 0.0499619991
v -0.0161649995 -0.0809110031 0.0194060002
v 0.0231940001 -0.067034997 0.0378829986
v 0.0210890006 -0.0645070001 0.0421239994
v 0.0196400005 -0.0692659989 0.0480469987
v 0.0206429996 -0.068423003 0.0447049998
v -0.00246999995 -0.0565479994 0.0478370003
v 0.0225889999 -0.0670140013 0.0432190001
v 0.0226080008 -0.0675370023 0.0458980016
v 0.0185139999 -0.0700690001 0.045508001
v 0.0175560005 -0.0681549981 0.0451299995
v 0.0176190007 -0.0640460029 0.0443390012
v 0.0173269995 -0.0663219988 0.0451619998
v 0.0190190002 -0.0636529997 0.0426819995
v 0.0194940008 -0.0645679981 0.046399001
v 0.0190190002 -0.0636529997 0.0426819995
v 0.0173269995 -0.0663219988 0.0451619998
v 0.0191629995 -0.0612940006 0.0419359989
v 0.00159400003 -0.0751499981 0.0531469993
v 0.0179270003 -0.0571319982 0.0416769981
v 0.0211800002 -0.0614299998 0.0369819999
v 0.0207519997 -0.057475999 0.0345650017
v 0.0191629995 -0.0612940006 0.0419359989
v -0.00200200011 -0.0509889983 0.0453579985
v 0.0152960001 -0.0571409985 0.0444540009
v -0.00698800012 -0.0745230019 0.0533789992
v 0.0144929998 -0.0550150014 0.0267350003
v 0.01657 -0.0523080006 0.0268220007
v 0.0144929998 -0.0550150014 0.0267350003
v 0.0133450003 -0.0519770011 0.0255880002
v -0.0191140007 -0.0414090008 0.0336529985
v -0.0233260002 -0.0443729982 0.0283969995
v 0.0182750002 -0.0539080016 0.0274570007
v -0.0214249995 -0.0451099984 0.0326130018
v 0.0145199997 -0.0506840013 0.0250560008
v 0.0163359996 -0.0493579991 0.0268869996
v 0.0154670002 -0.0505370013 0.0325470008
v 0.0148539999 -0.0515480004 0.0218499992
v -0.0145439999 -0.0441070013 0.0379879996
v 0.0163359996 -0.0493579991 0.0268869996
v 0.0145199997 -0.0506840013 0.0250560008
v -0.0188849997 -0.0342889987 0.0353030004
v -0.00564200012 -0.0636399984 0.0501900017
v 0.0154670002 -0.0505370013 0.0325470008
v 0.01425 -0.0416480005 0.0309149995
v 0.0159409996 -0.0413310006 0.0261390004
v -0.0245050006 -0.0317829996 0.0266260002
v 0.00713300006 -0.0648659989 0.0499339998
v 0.00312500005 -0.0661970004 0.0507019982
v -0.0287430007 -0.0178299993 0.0258939993
v -0.0216039997 -0.0319320001 0.033222001
v -0.0238019992 -0.0312309992 0.0297200009
v 0.00780500006 -0.0501440018 0.0404479988
v 0.0125089996 -0.0491099991 0.0357460007
v 0.00836800039 -0.0450400002 0.037055999
v -0.0739189982 -0.0822980031 0.0474239998
v 0.0125089996 -0.0491099991 0.0357460007
v 0.0139830001 -0.0392669998 0.0321570002
v -0.0263020005 -0.019111 0.0318089984
v 0.00931799971 -0.0387229994 0.0359300002
v 0.00836800039 -0.0450400002 0.037055999
v 0.0116689997 -0.072476998 0.0509399995
v 0.0140349995 -0.0755050033 0.0499619991
v 0.0207519997 -0.057475999 0.0345650017
v 0.0116689997 -0.072476998 0.0509399995
v 0.0164650008 -0.0669749975 0.0469320007
v -0.0120609999 -0.0419280007 0.0383739993
v -0.0120609999 -0.0419280007 0.0383739993
v -0.0465009995 -0.0584940016 0.00541300001
v 0.0020969999 -0.0459339991 0.0391869992
v 0.0106410002 -0.0556249991 0.0462189987
v 0.0110309999 -0.0596400015 0.047203999
v 0.00290199998 -0.0417650007 0.0383610018
v 0.000207999998 -0.0353650004 0.0388009995
v -0.012201 -0.0573219992 0.00384899997
v -0.0259690005 -0.0189689994 0.0155269997
v -0.0246089995 -0.0140500003 0.0133119998
v -0.0212079994 -0.0155720003 0.0105560003
v -0.0145540005 -0.0498269983 0.00534800021
v 0.0164650008 -0.0669749975 0.0469320007
v -0.0255210008 -0.0112800002 0.0135970004
v -0.0281009991 -0.00491600018 0.0154849999
v -0.0255210008 -0.0112800002 0.0135970004
v -0.0213600006 -0.0144300004 0.0166030005
v -0.0246089995 -0.0140500003 0.0133119998
v -0.0212079994 -0.0155720003 0.0105560003
v -0.0148670003 -0.0653439984 -0.000568000018
v -0.0207860004 -0.00879899971 0.00944599975
v -0.0206879992 -0.00931399968 0.0172979999
v -0.0234980006 -0.00899 0.011159
v -0.0461939983 -0.0816039965 0.0269269999
v -0.0207860004 -0.00879899971 0.00944599975
v -0.0185560007 -0.0119730001 0.00895700045
v -0.0188270006 -0.0122069996 0.0170699991
v -0.0188270006 -0.0122069996 0.0170699991
v 0.0175560005 -0.0681549981 0.0451299995
v 0.019258 -0.067795001 0.0515060015
v 0.0164650008 -0.0669749975 0.0469320007
v 0.0185139999 -0.0700690001 0.045508001
v 0.0196400005 -0.0692659989 0.0480469987
v -0.0232689995 -0.00968400016 0.0161719993
v -0.0255210008 -0.0112800002 0.0135970004
v 0.0164650008 -0.0669749975 0.0469320007
v 0.0187320001 -0.0658830032 0.0505330004
v -0.0281009991 -0.00491600018 0.0154849999
v 0.0208819993 -0.0661880001 0.0513839982
v -0.0265079997 0.00970800035 0.011705
v 0.0187320001 -0.0658830032 0.0505330004
v 0.019258 -0.067795001 0.0515060015
v 0.019258 -0.067795001 0.0515060015
v -0.0222319998 0.00973000005 0.00883099996
v -0.0185560007 -0.0119730001 0.00895700045
v -0.0125989998 0.00265299994 0.0060370001
v -0.00695700012 -0.0669889972 -0.000876999984
v 0.00423800014 -0.0721779987 -0.0020620001
v -0.0297759995 -0.0102700004 0.0217240006
v 0.0020969999 -0.0459339991 0.0391869992
v -0.0094879996 -0.0599979982 0.00106200005
v -0.00773600023 -0.0606819987 0.00147000002
v -0.00180700002 -0.0652680025 -0.00090699998
v -0.00907899998 -0.0542990007 0.00321200001
v -0.0289420001 -0.00693000015 0.0303269997
v 0.0112640001 -0.0353639983 0.034883
v 0.0162470005 -0.0355979986 0.0215099994
v 0.0159740001 -0.0381439999 0.0252979994
v -0.000624999986 -0.0527819991 0.00337000005
v -0.0291159991 0.00982599985 0.0149029996
v -0.0297759995 -0.0102700004 0.0217240006
v -0.0312829986 0.0101199998 0.0256280005
v 0.0166350007 -0.0279060006 0.0228090007
v 0.0148670003 -0.0248579998 0.0176100004
v 0.0167820007 -0.0234169997 0.0240640007
v 0.0143929999 -0.037326999 0.031064
v -0.0298139993 0.0103719998 0.0304080006
v 0.0157830007 -0.0269380007 0.0295150001
v -0.0315329991 0.0107279997 0.0216099992
v 0.0129509997 -0.0258859992 0.0343180001
v 0.0147670005 -0.0239400007 0.0307919998
v -0.0315329991 0.0107279997 0.0216099992
v 0.0154799996 -0.0216460004 0.030909
v -0.0193220004 -0.0298510008 0.0119869998
v -0.0123490002 -0.0294749998 0.00885900017
v -0.0149189997 -0.031750001 0.0104919998
v -0.0212079994 -0.0155720003 0.0105560003
v 0.0141420001 -0.0213149991 0.0140730003
v 0.0161359999 -0.0226390008 0.0186349992
v -0.00969200023 -0.0337469988 0.00918000005
v -0.00723499991 -0.0269729998 0.00831099972
v 0.0158479996 -0.0127050001 0.0180760007
v 0.0135899996 -0.00948700029 0.0148520004
v 0.0168190002 -0.0136299999 0.0240989998
v -0.0657550022 -0.0511620007 0.0358050019
v 0.0143219996 -0.0117920004 0.0328579992
v -0.00602399977 -0.0466150008 0.00923599955
v 0.0159099996 -0.0100029996 0.0219410006
v 0.015106 -0.00699600019 0.0168960001
v -0.0193220004 -0.0298510008 0.0119869998
v 0.0161889996 -0.00735499989 0.0248019993
v 0.0150960004 -0.00929799955 0.0280930009
v -0.0125989998 0.00265299994 0.0060370001
v -0.0185560007 -0.0119730001 0.00895700045
v 0.00623599999 -0.0330599993 0.0373230018
v 0.00758300023 -0.0313340016 0.037560001
v -0.0270009991 -0.0808169991 0.0271019991
v -0.0104780002 0.00522600021 0.00634199986
v -0.00537799997 -0.0232580006 0.00751500018
v 0.0113829998 -0.0200629998 0.0356820002
v 0.00841000024 -0.0227879994 0.0373149998
v -0.000584999972 -0.0137149999 0.00729299989
v 0.000900999992 -0.00339199998 0.00680899993
v -0.00537799997 -0.0232580006 0.00751500018
v -0.0104780002 0.00522600021 0.00634199986
v -0.000584999972 -0.0137149999 0.00729299989
v 0.00266800006 -0.0447209999 0.00984400045
v -0.00301799993 0.00774399983 0.00653599994
v -0.0185560007 -0.0119730001 0.00895700045
v -0.000719000003 -0.0354779996 0.0091380002
v 0.014835 -0.00656000013 0.0303780008
v 0.0122950003 -0.00743000023 0.0333289988
v 0.00614900002 -0.0165229999 0.00837100018
v 0.0113610001 -0.0154900001 0.0110820001
v 0.0120989997 -0.0049970001 0.0343579985
v 0.0137820002 -0.00109599996 0.0306439996
v 0.00541300001 -0.00834500045 0.0083349999
v 0.0104130004 -0.0101880003 0.0104120001
v 0.00846599974 -0.00796599966 0.0111840004
v 0.00517300004 -0.0056520002 0.00922400039
v 0.00769500015 -0.00168900006 0.0373510011
v 0.00635399995 -0.00632000016 0.0160889998
v 0.00852899998 -0.00737999985 0.0167890005
v 0.0117849996 -0.00753699988 0.0129699996
v 0.0115510002 -0.00602399977 0.0145929996
v -0.0403669998 -0.0516070016 0.0178030003
v 0.00474500004 -0.076067999 0.00368899992
v 0.00516999979 -0.0718519986 0.00402700016
v 0.0145199997 -0.0506840013 0.0250560008
v 0.0133450003 -0.0519770011 0.0255880002
v -0.0232689995 -0.00968400016 0.0161719993
v -0.0206879992 -0.00931399968 0.0172979999
v -0.0188270006 -0.0122069996 0.0170699991
v 0.00609199982 -0.00399800017 0.016996
v -0.0474810004 0.0564699993 0.00565099996
v -0.0446159989 0.0568009987 0.00106000004
v -0.042270001 0.0563820004 0.00584199978
v -0.0362690017 0.0691440031 -0.000656999997
v -0.0364659987 0.0796430036 -0.00194999995
v -0.0345109999 0.073119998 -0.00179899996
v -0.0344440006 0.056090001 0.0101199998
v -0.0427189991 0.0564289987 0.0115179997
v -0.0270760003 0.0563290007 0.00453200005
v -0.0364690013 0.0619359985 -0.000776999979
v -0.0431290008 0.0638919994 0.00178299996
v -0.026021 0.0637390018 0.00134199997
v -0.0432859994 0.0747139975 -0.00178100006
v -0.0403920002 0.0853810012 -0.00100399996
v -0.0393749997 0.0780550018 -0.00237099989
v -0.0403250009 0.0493980013 0.00392499985
v -0.039255999 0.0477400012 0.0039009999
v -0.0393150002 0.0469449982 0.00537199993
v -0.0399749987 0.0506480001 0.0077320002
v -0.0389439985 0.0513020009 0.00477
v -0.0361309983 0.0512580015 0.00805899967
v -0.0452859998 0.0585649982 -0.000721000019
v -0.0392509997 0.0585989989 -0.000956000003
v -0.052122999 0.0767190009 -0.00315800007
v -0.0522559993 0.0682390034 -0.00158200006
v -0.0570629984 0.0752869993 -0.00305900001
v -0.0458169989 0.0611269996 -0.000954999996
v -0.0480789989 0.0633139983 0.000724999991
v -0.0284679998 0.0781849995 -0.00242200005
v -0.0394660011 0.0672879964 -0.000172
v -0.0449980013 0.0644569993 0.00412900001
v -0.0431290008 0.0638919994 0.00178299996
v -0.0480789989 0.0633139983 0.000724999991
v -0.0501050018 0.0596590005 0.00392299984
v -0.0501369983 0.0631799996 0.00139999995
v -0.0453549996 0.0686139986 0.00212400011
v -0.0431290008 0.0638919994 0.00178299996
v -0.0398570001 0.0650350004 0.00144200004
v -0.0340959989 0.0840080008 -0.00132599997
v -0.0206489991 0.0827950016 -0.00186800002
v -0.0295650009 0.057852 -0.00104
v -0.0260719992 0.0564539991 0.00071599998
v -0.0260760002 0.0612070002 -0.00156600005
v -0.0320339985 0.0932449996 -0.00234999997
v -0.0191740002 0.0925820023 -0.00261799991
v -0.0258029997 0.0921010002 -0.00201699999
v -0.0403250009 0.0493980013 0.00392499985
v -0.0399749987 0.0506480001 0.0077320002
v -0.0383680016 0.0495329984 0.00901299994
v -0.0383680016 0.0495329984 0.00901299994
v 0.00976600032 0.0178539995 0.0226930007
v 0.011159 0.0123819998 0.0281639993
v 0.0131489998 0.00650499994 0.0254040007
v 0.0316129997 0.0741859972 -0.000997000025
v 0.0259920005 0.0743860006 -0.000719000003
v 0.0207250006 0.0748410001 -0.00109599996
v 0.0110900002 0.0080939997 0.0313839987
v 0.00853199977 0.00479000015 0.0356349982
v 0.0322810002 0.0729070008 -0.00236300007
v 0.0338039994 0.0680069998 -8.9000001e-05
v 0.0292399991 0.0655030012 3.09999996e-05
v 0.012476 0.00311299996 0.0312060006
v 0.0301900003 0.0714109987 -0.000773000007
v 0.015598 0.0413089991 0.0203230008
v 0.0112469997 0.039797999 0.0226850007
v 0.00998799969 0.0386000015 0.0207499992
v -0.0161060002 0.00978800002 0.00686899992
v 0.0140310004 0.00296900002 0.0243950002
v 0.0294610001 0.0726620033 0.000523000024
v 0.0162519999 0.0417850018 0.0226889998
v 0.0252180006 0.0425879993 0.0216140002
v 0.0275570005 0.0739340037 0.00054400001
v 0.0258770008 0.0425009988 0.0182889998
v 0.0203060005 0.0783040002 -0.00100699998
v 0.0314930007 0.0777050033 -0.00129799999
v 0.0256360006 0.0783929974 -0.000791000028
v 0.0325150006 0.0797440037 -0.00259099994
v 0.00429899991 0.00583000015 0.0381099992
v 0.0308759995 0.0810080022 -0.000991999987
v 0.00947699975 0.0392119996 0.0271550007
v 0.0355979986 0.0657930002 0.00121200003
v 0.0379710011 0.0744069964 -0.000800999987
v 0.0354049988 0.0774490014 -0.00135999999
v 0.00826300029 0.00827900041 0.0346530005
v -0.0178340003 0.0175630003 0.00715199998
v 0.0414699987 0.0764039978 0.00178000005
v 0.0406030007 0.0665000007 0.00430499995
v -0.010795 0.0170079991 0.006329
v 0.00568199996 0.0121470001 0.0364019983
v 0.0083039999 0.0174029991 0.0316819996
v 0.0297570005 0.0442939997 0.0233699996
v 0.0258760005 0.0442240015 0.0295460001
v 0.0348259993 0.0837080032 -0.000624999986
v 0.022837 0.0506150015 0.00739700021
v 0.001315 0.0461070016 0.00826600008
v -0.00634900015 0.0507079996 0.00803100038
v 0.0388719998 0.0859000012 0.00188200001
v -0.00865400024 0.0525479987 0.0085049998
v 0.00710000005 0.0673469976 0.000403999991
v 0.0115280002 0.0631880015 0.00275300001
v 0.00189399999 0.0675970018 0.000178000002
v 0.00819799956 0.0470330007 0.00824099965
v -0.0174180008 0.0191859994 0.00694799982
v 0.00420399988 0.0235280003 0.0112880003
v 0.00725999987 0.0221129991 0.0152380001
v 0.00584199978 0.0201149993 0.0130190002
v 0.00847100001 0.020389 0.0187679995
v 0.013332 0.0660490021 0.000537000014
v 0.0115280002 0.0631880015 0.00275300001
v 0.0100910002 0.0677390024 -0.000507000019
v 0.0231500007 0.0523450002 0.00775599992
v -0.0130449999 0.0580630004 0.00807099976
v 0.00710000005 0.0673469976 0.000403999991
v 0.012259 0.0672179982 0.00212500012
v 0.0111189997 0.071024999 -0.000534999999
v 0.012259 0.0672179982 0.00212500012
v 0.0100910002 0.0677390024 -0.000507000019
v -0.0297919996 0.0174499992 0.0110020004
v -0.0312709995 0.0139429998 0.0129410001
v -0.0358139984 0.0161070004 0.0134629998
v -0.00199000002 0.0632049963 0.00291700009
v 0.00564200012 0.0300559998 0.0157549996
v 0.00101500005 0.0322460011 0.0102390004
v -0.0318589993 0.0193910003 0.011128
v -0.0309239998 0.0204750001 0.0104430001
v 0.022837 0.0506150015 0.00739700021
v 0.0209500007 0.0479599983 0.00768100005
v 0.00819799956 0.0470330007 0.00824099965
v -0.00865400024 0.0525479987 0.0085049998
v 0.0231500007 0.0523450002 0.00775599992
v 0.0292399991 0.0655030012 3.09999996e-05
v -0.0435389988 0.0157919992 0.0162819996
v -0.0414710008 0.0183920003 0.0137050003
v 0.0271979999 0.0659409985 0.000316999998
v 0.0151070002 0.066538997 0.00219999999
v 0.0151070002 0.066538997 0.00219999999
v 0.0176490005 0.0683609992 0.00200599991
v 0.0204259995 0.0665559992 0.00210799999
v 0.0215709992 0.0582359992 0.00682700006
v -0.049947001 0.0169760007 0.0178999994
v -0.0496740006 0.0191249996 0.0167089999
v -0.045403 0.0180849992 0.0179639999
v 0.0204259995 0.0665559992 0.00210799999
v 0.00963999983 0.0727749988 -0.00210299995
v 0.0100910002 0.0677390024 -0.000507000019
v 0.00710000005 0.0673469976 0.000403999991
v 0.00675200019 0.0780489966 -0.00174400001
v 0.00196900009 0.073187001 -0.00153699995
v 0.00986899994 0.0166200008 0.0183799993
v 0.0111189997 0.071024999 -0.000534999999
v -0.0419090018 0.0210209992 0.0162259992
v -0.0468069986 0.0274769999 0.0160319991
v 0.0110790003 0.0727360025 0.00110999995
v 0.0109839998 0.075315997 -0.000962999999
v 0.00910999998 0.0216019992 0.0241950005
v 0.0111189997 0.071024999 -0.000534999999
v 0.0152500002 0.0722509995 -5.40000001e-05
v 0.00728400005 0.028159 0.022961
v 0.0215709992 0.0582359992 0.00682700006
v -0.00199000002 0.0632049963 0.00291700009
v -0.0363389999 0.0142590003 0.0172789991
v 0.0111520002 0.0772499964 -0.00112599996
v 0.0101269996 0.0794470012 -0.00211400003
v 0.0104670003 0.0165279992 0.0248319991
v 0.0148719996 0.0742319971 -0.000138999996
v 0.0200449992 0.0689589977 0.000306000002
v -0.0451399982 0.0149090001 0.0222210009
v 0.0232020002 0.0669469982 0.00295899995
v -0.036936 0.0142630003 0.0234990008
v 0.0152500002 0.0722509995 -5.40000001e-05
v 0.0208950005 0.0451459996 0.00946700014
v 0.0107129999 0.0434390008 0.0105649997
v 0.00786999986 0.0194719993 0.0297040008
v 0.0177389998 0.074157998 0.00133600004
v 0.0207250006 0.0748410001 -0.00109599996
v 0.0190980006 0.0727069974 0.000716999988
v 0.0175950006 0.0428760014 0.0134730004
v 0.00722200004 0.0213869996 0.0308309998
v 0.0209229998 0.0723450035 -0.000120999997
v 0.0190980006 0.0727069974 0.000716999988
v 0.0209229998 0.0723450035 -0.000120999997
v 0.0224290006 0.0730329975 0.00162700005
v 0.0224290006 0.0730329975 0.00162700005
v 0.0254999995 0.0722900033 -0.000284999987
v -0.0403750017 0.0277720001 0.0158879999
v 0.0300530009 0.0627470016 0.00259799999
v -0.0399210006 0.0268489998 0.013456
v 0.0271739997 0.0444639996 0.0125590004
v 0.0274749994 0.0469259992 0.00944699999
v -0.0406970009 0.0337699987 0.0141439997
v 0.00708999997 0.0328899994 0.0208390001
v 0.0389630012 0.0583890006 0.011248
v 0.0294070002 0.0569950007 0.00824499968
v 0.0360779986 0.0604199991 0.00619200012
v 0.0341169983 0.0553780012 0.0137440003
v -0.0347120017 0.0394759998 0.0112699997
v 0.0357129984 0.0624849983 0.00940699968
v 0.0347269997 0.0627020001 0.0033809999
v 0.00511199981 0.0301249996 0.0311239995
v 0.0320889987 0.0466860011 0.0182850007
v 0.0271979999 0.0659409985 0.000316999998
v 0.0314569995 0.0502649993 0.0127490005
v 0.0254749991 0.0664450005 0.00164899998
v 0.0254900008 0.0685399994 0.000700999983
v 0.00736699998 0.0334260017 0.0250320006
v 0.0355300009 0.0647459999 0.00840200018
v 0.0355300009 0.0647459999 0.00840200018
v 0.0380089991 0.0662629977 0.0090549998
v 0.0380089991 0.0662629977 0.0090549998
v -0.0281550009 0.0481380001 0.00342199998
v -0.0290770009 0.0469910018 0.00484200008
v -0.0286190007 0.0509749986 0.003608
v 0.00944999978 0.0836509988 -0.00165700004
v 0.0109120002 0.0800359994 0.000812000013
v 0.0111520002 0.0772499964 -0.00112599996
v 0.0101269996 0.0794470012 -0.00211400003
v 0.0152599998 0.0788289979 -0.000100999998
v 0.0152740004 0.0808869973 -0.000449999992
v 0.0112150004 0.0816010013 -0.000584000023
v -0.035007 0.0462579988 0.0105269998
v -0.0294470005 0.0455880016 0.00933699962
v -0.0347120017 0.0394759998 0.0112699997
v 0.0112150004 0.0816010013 -0.000584000023
v 0.0152740004 0.0808869973 -0.000449999992
v 0.0109120002 0.0800359994 0.000812000013
v -0.0309849996 0.0469349995 0.00993900001
v 0.0274749994 0.0525760017 0.00902200025
v -0.0223019999 0.0422409996 0.00833799969
v -0.0322959982 0.041960001 0.0105039999
v 0.0113810003 0.0839240029 7.50000036e-05
v 0.012654 0.0855960026 0.00173500006
v 0.00824300013 0.0871440023 0.000418000011
v 0.0131740002 0.086868003 -9.00000032e-06
v 0.0153409997 0.0843119994 0.000464000012
v -0.0260930005 0.0489329994 0.00890799984
v 0.0287020002 0.0504620001 0.00913999975
v 0.0156919993 0.0864709988 0.00183099997
v 0.0175579991 0.0846320018 0.00251000002
v 0.0308539998 0.0527190007 0.0130249998
v 0.0203060005 0.0783040002 -0.00100699998
v 0.0182220004 0.0788540021 0.00184499996
v 0.0204939991 0.0803069994 -0.000338999991
v -0.0287439991 0.0515730008 0.00468399981
v 0.0207250006 0.0748410001 -0.00109599996
v 0.0224290006 0.0730329975 0.00162700005
v 0.0223990008 0.0792120025 0.00142099999
v -0.0268530007 0.0493829995 0.00501399999
v 0.0204939991 0.0803069994 -0.000338999991
v 0.0182220004 0.0788540021 0.00184499996
v 0.0301879998 0.0835850015 -0.000532999984
v 0.0308759995 0.0810080022 -0.000991999987
v -0.0351379998 0.0136470003 0.0254360009
v -0.0312829986 0.0101199998 0.0256280005
v 0.0223990008 0.0792120025 0.00142099999
v 0.0203060005 0.0783040002 -0.00100699998
v 0.0257869996 0.0802590027 -0.000456999987
v -0.0174180008 0.0191859994 0.00694799982
v -0.0309239998 0.0204750001 0.0104430001
v -0.0330200009 0.0343890004 0.0107589997
v 0.0257869996 0.0802590027 -0.000456999987
v 0.0146279996 0.00138699997 0.0204140004
v 0.0204789992 0.0845099986 0.000600999978
v 0.0268580001 0.0869550034 -0.000353999989
v -0.0266830008 0.0563249998 0.00836199988
v 0.0203879997 0.0864970013 0.00123099994
v -0.0260230005 0.054680001 0.00904399995
v 0.0286059994 0.0897879973 0.00191300001
v -0.0281550009 0.0481380001 0.00342199998
v -0.0423099995 0.0400139987 0.0129450001
v -0.0260230005 0.054680001 0.00904399995
v -0.0287469998 0.0517779998 0.00923299976
v 0.0256949998 0.0846519992 0.000777999987
v 0.0223229993 0.0848509967 0.00217300002
v -0.0197320003 0.0541649982 0.00833399966
v -0.0330200009 0.0343890004 0.0107589997
v -0.0254970007 0.0565799996 0.00554399984
v 0.0299190003 0.0458769985 0.0282499995
v 0.0305300001 0.0449239984 0.0206979997
v 0.0258159991 0.086372003 0.001239
v 0.0280440003 0.0856669992 0.00181599997
v -0.0196599998 0.0564699993 0.00520499982
v 0.0332549997 0.0506579988 0.0208839998
v 0.0304080006 0.0858850032 -0.00128800003
v 0.0328000002 0.0527249984 0.0201069992
v 0.038079001 0.0560530014 0.0181430001
v 0.0122750001 0.0904100016 0.00251200004
v -0.0322959982 0.041960001 0.0105039999
v -0.002782 0.027578 0.00767900003
v -0.00808999967 0.0258719996 0.00649899989
v -0.00374000007 0.0405910015 0.00829000026
v 0.0326929986 0.0482840016 0.0237029996
v 0.0120980004 0.0948420018 0.00662899995
v 0.0108169997 0.0914269984 0.00290399999
v -0.0172039997 0.0412600003 0.00757999998
v 0.0278639998 0.0915710032 0.00264799991
v 0.032784 0.0533219986 0.0248039998
v 0.0273010004 0.0794949979 0.000792999985
v 0.0404289998 0.0573679991 0.0218700003
v 0.0321930014 0.0508649983 0.0291479994
v 0.0301879998 0.0835850015 -0.000532999984
v 0.0304080006 0.0858850032 -0.00128800003
v 0.0304080006 0.0858850032 -0.00128800003
v -0.0136740003 0.0752810016 -0.00267599989
v -0.0174369998 0.0657079965 -2.7e-05
v -0.0221510008 0.0748969987 -0.00247199996
v 0.0348259993 0.0837080032 -0.000624999986
v 0.0324270017 0.0898950025 0.00155499997
v 0.0357679985 0.0870729983 0.00167999999
v 0.0357679985 0.0870729983 0.00167999999
v 0.0324270017 0.0898950025 0.00155499997
v 0.0356590003 0.0914819986 0.00408900017
v -0.00525599997 0.0747319981 -0.00280599995
v -0.0109679997 0.081239 -0.00238900003
v -0.0263 0.0582780018 -0.00136700005
v -0.0195909999 0.0567299984 -0.000325000001
v -0.010795 0.0170079991 0.006329
v -0.0198660009 0.0611979999 -0.001728
v 0.0373109989 0.0866459981 0.00882199965
v -0.0196599998 0.0564699993 0.00520499982
v 0.035693001 0.0887029991 0.00852099992
v 0.0395070016 0.0871570036 0.00890399981
v 0.0423270017 0.0867939964 0.00649200007
v 0.0439950004 0.0823490024 0.00774199981
v -0.0177330002 0.0591240004 -0.000631999981
v -0.0172830001 0.061147999 6.19999992e-05
v 0.0430589989 0.0884009972 0.00987800024
v -0.0191709995 0.0633329973 0.00143099995
v -0.00688900007 0.0852669999 -0.00122099998
v 0.0291239992 0.095321998 0.00726700015
v 0.000900999992 -0.00339199998 0.00680899993
v -0.026021 0.0637390018 0.00134199997
v -0.00147200003 0.0104470002 0.00661899988
v -0.0254970007 0.0565799996 0.00554399984
v 0.00561999995 -0.00126299995 0.00832299981
v 0.00750100007 0.00506500015 0.00986300036
v -0.0179290008 0.0571149997 0.00779000018
v -0.0183189996 0.0601070002 0.00498099998
v -0.0172830001 0.061147999 6.19999992e-05
v -0.0191709995 0.0633329973 0.00143099995
v 0.0353219993 0.0969000012 0.0112610003
v -0.0176400002 0.062762998 0.00354199996
v 0.0373179987 0.0934740007 0.00713399984
v 0.0296110008 0.0978910029 0.0124420002
v -0.0191709995 0.0633329973 0.00143099995
v -0.0036210001 0.0657709986 -0.000483000011
v 0.0367380008 0.0911090001 0.00817599986
v 0.0388550013 0.091945 0.00892500021
v -0.00143399998 0.0693510026 -0.0021540001
v 0.0401769988 0.0903929994 0.00867000036
v 0.0410629995 0.0925180018 0.0103359995
v 0.00189399999 0.0675970018 0.000178000002
v 0.0394430012 0.095716998 0.0134009998
v -0.00121100002 0.0783779994 -0.00342299999
v -0.0174369998 0.0657079965 -2.7e-05
v -0.0036210001 0.0657709986 -0.000483000011
v 0.00695399987 0.00996499974 0.0102439998
v 0.0423250012 0.0947410017 0.0187849998
v 0.0426380001 0.0647770017 0.00969500002
v 0.00517300004 -0.0056520002 0.00922400039
v 0.00676100003 -0.00216499995 0.0105100004
v 0.00517300004 -0.0056520002 0.00922400039
v 0.00561999995 -0.00126299995 0.00832299981
v 0.00609199982 -0.00399800017 0.016996
v 0.0390500017 0.0602659993 0.0101659996
v 0.00676100003 -0.00216499995 0.0105100004
v 0.00966100022 0.000316999998 0.0107410001
v 0.0115569998 -0.0026469999 0.0142339999
v 0.0422420017 0.0623390004 0.0109959999
v 0.0134859998 -0.00382300001 0.0150420005
v 0.0115510002 -0.00602399977 0.0145929996
v 0.0429049991 0.0600249991 0.0208059996
v 0.00207499997 0.0815329999 -0.00127799995
v 0.00811299961 -0.00217700005 0.0167699996
v 0.00811299961 -0.00217700005 0.0167699996
v 0.0115569998 -0.0026469999 0.0142339999
v 0.0115510002 -0.00602399977 0.0145929996
v 0.0399769992 0.063519001 0.00897699967
v 0.0407930017 0.0644840002 0.00963899959
v 0.0399769992 0.063519001 0.00897699967
v 0.0407930017 0.0644840002 0.00963899959
v 0.0426380001 0.0647770017 0.00969500002
v 0.0445830002 0.0681009963 0.0119970003
v 0.0116379997 0.00430800021 0.0150910001
v -0.0166529994 0.0898599997 0.00187100004
v -0.0217850003 0.0879769996 -0.000379000005
v -0.0192869995 0.0899600014 0.000497000001
v -0.0192869995 0.0899600014 0.000497000001
v -0.0171750002 0.0941290036 -0.00139300001
v -0.0196790006 0.0957989991 -0.00187799998
v -0.00187200005 0.086778 -0.00135200005
v 0.0458430015 0.0672490001 0.0204130001
v 0.00993200019 0.00675900001 0.0134699997
v 0.000968999986 0.0882430002 0.00108900003
v 0.0112439999 0.00797300041 0.0150560001
v 0.00101500005 0.0322460011 0.0102390004
v 0.0402529985 0.0595350005 0.0296640005
v 0.00178299996 0.040546 0.00977300014
v 0.00526600005 0.0385049991 0.012325
v 0.0431619994 0.0645700023 0.0307890009
v 0.0461309999 0.0716419965 0.0193719994
v 0.0057219998 0.0344749987 0.0151110003
v 0.0057219998 0.0344749987 0.0151110003
v -0.00808999967 0.0258719996 0.00649899989
v 0.0441409983 0.0729589984 0.00835200027
v 0.00526600005 0.0385049991 0.012325
v 0.00859299954 0.0391039997 0.0154379997
v 0.0445830002 0.0681009963 0.0119970003
v -0.000119999997 0.0211820006 0.00809499994
v 0.044613 0.0720169991 0.0110370005
v 0.00504299998 0.0181709994 0.0104369996
v 0.0461309999 0.0716419965 0.0193719994
v 0.0449529998 0.0736749992 0.0195540003
v 0.0439589992 0.0753889978 0.0114599997
v 0.0445719995 0.0804279968 0.0106410002
v 0.0435330011 0.0797339976 0.0115240002
v 0.0107129999 0.0434390008 0.0105649997
v -0.002782 0.027578 0.00767900003
v 0.0458200015 0.0766080022 0.0189110003
v 0.0451139994 0.0805239975 0.0198090002
v 0.0452059992 0.0760959983 0.0243040007
v 0.0279450007 0.066595003 0.00203999993
v 0.0460169986 0.0854659975 0.0194019992
v 0.0297669992 0.0683019981 0.000356000004
v 0.0460629985 0.0815759972 0.0183499996
v 0.00898400042 0.0375490002 0.023271
v 0.0132579999 0.00673600007 0.0227070004
v 0.0355979986 0.0657930002 0.00121200003
v 0.0300530009 0.0627470016 0.00259799999
v 0.0443729982 0.0911950022 0.0204479992
v 0.0347269997 0.0627020001 0.0033809999
v -0.0297330003 0.047603 0.00739199994
v -0.0353429988 0.0476309992 0.00816699956
v -0.0383680016 0.0495329984 0.00901299994
v -0.0353429988 0.0476309992 0.00816699956
v -0.035007 0.0462579988 0.0105269998
v -0.0309849996 0.0469349995 0.00993900001
v -0.0290770009 0.0469910018 0.00484200008
v -0.0281499997 0.0489200018 0.00728899986
v -0.0297330003 0.047603 0.00739199994
v -0.0297330003 0.047603 0.00739199994
v -0.0281499997 0.0489200018 0.00728899986
v -0.0289629996 0.0504960008 0.00742299994
v -0.0287469998 0.0517779998 0.00923299976
v -0.0330459997 0.0529720001 0.0103970002
v -0.0289629996 0.0504960008 0.00742299994
v -0.0195909999 0.0567299984 -0.000325000001
v -0.0177330002 0.0591240004 -0.000631999981
v 0.00852899998 -0.00737999985 0.0167890005
v -0.0353429988 0.0476309992 0.00816699956
v 0.00609199982 -0.00399800017 0.016996
v -0.0764070004 -0.0797939971 0.0505339988
v -0.0779810026 -0.076748997 0.0497310013
v -0.054556001 -0.0666539967 0.0508500002
v -0.0522449985 -0.0595679991 0.04837
v -0.0642030016 -0.0671489984 0.0506340005
v -0.0654029995 -0.0587799996 0.0469140001
v -0.0210350007 0.00851000007 0.0386210009
v -0.0197519995 0.0104959998 0.0387060009
v -0.026695 0.0104430001 0.0348539986
v -0.0387279987 -0.0630540028 0.0506139994
v -0.0528110005 -0.0659499988 0.0514129996
v -0.0254459996 -0.00433500018 0.035317
v -0.0726860017 -0.0799890012 0.0520940013
v -0.0755390003 -0.0761099979 0.0521739982
v -0.0779810026 -0.076748997 0.0497310013
v -0.0724949986 -0.0765940025 0.0531570017
v -0.0737230033 -0.0542309992 0.0402310006
v -0.0722109973 -0.0577660017 0.0455330014
v -0.0678569973 -0.0549219996 0.0443250015
v -0.0688449964 -0.0513969995 0.0378209986
v -0.0107760001 0.00270000007 0.0406409986
v -0.0762130022 -0.0645319968 0.0456129983
v -0.0653040037 -0.0533859991 0.0423329994
v -0.0513899997 -0.0533890016 0.0431100018
v -0.0738279969 -0.0668189973 0.0497189984
v -0.0762130022 -0.0645319968 0.0456129983
v -0.0460559987 -0.0539689995 0.0470830016
v -0.0141369998 0.0100849997 0.0400880016
v -0.0737230033 -0.0542309992 0.0402310006
v -0.0490880013 0.0172019992 0.0284550004
v -0.0508509986 0.0179190002 0.0298190005
v -0.0518359989 0.0168779995 0.0253749993
v -0.0090859998 0.00523999985 0.0402689986
v -0.0483400002 -0.0554010011 0.0455790013
v -0.0337660015 0.0139870001 0.0303210001
v -0.00199000002 0.00923599955 0.0392620005
v -0.000345000008 0.0103409998 0.0391950011
v -0.0493509993 0.0643870011 0.00418200018
v -0.0492490008 0.0735709965 0.000774000015
v -0.129326001 0.0671489984 0.0143879997
v -0.122247003 0.0641330034 0.0108019998
v -0.126114994 0.0644150004 0.0143929999
v -0.0478359982 0.084826 0.0440930016
v -0.0436769985 0.0911229998 0.0411980003
v -0.0479440019 0.0908600017 0.0413310006
v -0.0416969992 0.0843949988 0.0464680009
v -0.0416809991 0.0910570025 0.0433810018
v -0.0436769985 0.0911229998 0.0411980003
v -0.128864005 0.0635349974 0.0190280005
v -0.065080002 0.0816290006 -0.00214200001
v -0.0573429987 0.0808520019 -0.00291300006
v -0.101382002 0.0567959994 0.0184739996
v -0.0984689966 0.057103999 0.0197509993
v -0.0971940011 0.056561999 0.0246779993
v -0.0504009984 0.0866210014 0.0475820005
v -0.0941679999 0.056795001 0.0263160001
v -0.099188 0.0571129993 0.0274749994
v -0.0503370017 0.0914890021 0.0450790003
v -0.0911599994 0.0576400012 0.0180070009
v -0.0871800035 0.0572349988 0.0212629996
v -0.125798002 0.0689010024 0.0100800004
v -0.122965999 0.0674450025 0.00855000038
v -0.0949039981 0.0616989993 0.0105419997
v -0.0852760002 0.0625829995 0.00970000029
v -0.0859429985 0.0605270006 0.0122330002
v -0.0436829999 0.0828709975 0.0445410013
v -0.0877550021 0.0588119999 0.0153999999
v -0.0838619992 0.0582490005 0.0146979997
v -0.0376330018 0.0878079981 0.0450030006
v -0.0827329978 0.0573469996 0.011217
v -0.0821940005 0.0538580008 0.0183710009
v -0.0566660017 0.0895730034 -0.000291000004
v -0.0522189997 0.0860200003 -0.00200000009
v -0.126221001 0.0770779997 0.00787900016
v -0.126589999 0.0719569996 0.00900300033
v -0.131019995 0.0735210031 0.011469
v -0.122947 0.0717369989 0.00651799981
v -0.119987004 0.0694409981 0.00861699972
v -0.0853950009 0.0576980002 0.0178089999
v -0.130541995 0.0701659992 0.0128950002
v -0.0793650001 0.0547619984 0.0147479996
v -0.0491929986 0.0833740011 0.00112799997
v -0.0812750012 0.073443003 0.047828
v -0.0646879971 0.0747950003 0.0479330011
v -0.0817139968 0.075277999 0.047265999
v -0.108073004 0.0669540018 0.00771000003
v -0.112483002 0.0635539964 0.0108249998
v -0.0712089986 0.0530240014 0.0180360004
v -0.063771002 0.0736699998 0.0485569984
v -0.0815529972 0.0690929964 0.0466209985
v -0.0491929986 0.0833740011 0.00112799997
v -0.0452889986 0.0784230009 0.000273999991
v -0.0492490008 0.0735709965 0.000774000015
v -0.112245001 0.0715240017 0.00559900003
v -0.0548820011 0.0669990033 0.0468959995
v -0.0493509993 0.0643870011 0.00418200018
v -0.0449980013 0.0644569993 0.00412900001
v -0.0493509993 0.0643870011 0.00418200018
v -0.0646319985 0.0823580027 0.0476960018
v -0.0815040022 0.0825299993 0.047003001
v -0.091816999 0.0575979985 0.0294729993
v -0.0884189978 0.0569880009 0.0245779995
v -0.0814369991 0.0841000006 0.0475500003
v -0.108540997 0.0637630001 0.0104010003
v -0.108951002 0.0626910031 0.0136050005
v -0.107285 0.0605809987 0.0136869997
v -0.0822469965 0.054285001 0.0244490001
v -0.0788149983 0.0544099994 0.0279799998
v -0.0815899968 0.0542340018 0.0298430007
v -0.0635539964 0.0836199969 0.0483000018
v -0.108677998 0.0696289986 0.00782500021
v -0.104249999 0.0644270033 0.00925800018
v -0.0849310011 0.0568929985 0.0244820006
v -0.0846820027 0.0578670017 0.0300910007
v -0.120984003 0.0640819967 0.0115059996
v -0.12274 0.0631899983 0.0145739997
v -0.116792001 0.0639239997 0.0122570004
v -0.0461799987 0.0573169999 0.0408460014
v -0.0491520017 0.0571420006 0.0340959989
v -0.0426720008 0.0570550002 0.0343200006
v -0.116300002 0.0600720011 0.0158210006
v -0.122653 0.0611610003 0.0148520004
v -0.113007002 0.0609509982 0.0142470002
v -0.052099999 0.0576299988 0.039818
v -0.0517500006 0.0548739992 0.0356240012
v -0.0482360013 0.0577480011 0.0398869999
v -0.125818998 0.0614929982 0.0194690004
v -0.0523339994 0.0180130005 0.0194049999
v -0.0496740006 0.0191249996 0.0167089999
v -0.049947001 0.0169760007 0.0178999994
v -0.114074998 0.0584320016 0.0268450007
v -0.107989997 0.0579230003 0.0222859997
v -0.108686 0.0581500009 0.0270210002
v -0.121207997 0.0595780015 0.0181140006
v -0.113462001 0.0597519986 0.0284059998
v -0.0468069986 0.0274769999 0.0160319991
v -0.0496859998 0.0243919995 0.0175599996
v -0.0530089997 0.0197379999 0.0219769999
v -0.0507199988 0.0775550008 0.0492479987
v -0.0543130003 0.0716990009 0.0485350005
v -0.106152996 0.0582000017 0.0289140008
v -0.0513040014 0.081325002 0.0491219983
v -0.108620003 0.0594500005 0.0280569997
v -0.053160999 0.0191699993 0.0256760009
v -0.110505998 0.0594800003 0.031707
v -0.115379997 0.0595970005 0.03156
v -0.0504719988 0.0278099999 0.0193409994
v -0.0661979988 0.0889009982 0.0463300012
v -0.106826998 0.0611260012 0.0355530009
v -0.0511419997 0.0282329991 0.0250320006
v -0.104036003 0.0601060018 0.0337250009
v -0.103876002 0.0573480017 0.0235280003
v -0.104468003 0.0587739982 0.0297710001
v -0.100945003 0.0580310002 0.0323700011
v -0.101935998 0.0572209992 0.0295700002
v -0.106946997 0.0585590005 0.0183600001
v -0.0641179979 0.092441 0.0442829989
v -0.0808940008 0.0913140029 0.0443000011
v -0.113883004 0.059781 0.0196320005
v -0.121294998 0.060219001 0.0210689995
v -0.0492019989 0.0326949991 0.0163480006
v -0.0528040007 0.0335559994 0.0235489998
v -0.052108001 0.0877920017 0.0474650003
v -0.100404002 0.0598529987 0.0358630009
v -0.0986910015 0.0596579984 0.0345759988
v -0.0524809994 0.0356479995 0.0179869998
v -0.112511002 0.0610480011 0.0350800008
v -0.122078001 0.0612989999 0.0351909995
v -0.0517310016 0.0198710002 0.0299570002
v -0.0512979999 0.0227860007 0.0283620004
v -0.108560003 0.0628649965 0.0356680006
v -0.121025003 0.0633549988 0.035546001
v -0.122798003 0.0753849968 0.00554399984
v -0.107412003 0.0640499964 0.0388570018
v -0.110237002 0.0638530031 0.037041001
v -0.115267001 0.0643789992 0.0388320014
v -0.0643189996 0.0980999991 0.0376719981
v -0.0815329999 0.0938669965 0.0413529985
v -0.0646729991 0.093369998 0.0426170006
v -0.121657997 0.0767429993 0.00649299985
v -0.101718001 0.0610699989 0.0378420018
v -0.120999001 0.0787620023 0.00646399986
v -0.122962996 0.0801049992 0.00554900011
v -0.122498997 0.0839760005 0.00638299994
v -0.125699997 0.0837740004 0.00830799993
v -0.0517250001 0.0351170003 0.0296410006
v -0.0563730001 0.0381999984 0.025045
v -0.0493099988 0.0284870006 0.0302000009
v -0.103345998 0.064447999 0.0394669995
v -0.108286001 0.0803520009 0.00450599985
v -0.130050004 0.0793349966 0.0101589998
v -0.0985620022 0.0614710003 0.0375480019
v -0.0579929985 0.0448889993 0.0130390003
v -0.0603279993 0.0427719988 0.0140249999
v -0.062123999 0.0474699996 0.0149119999
v -0.0633599982 0.099322997 0.0373790003
v -0.0648059994 0.0431899987 0.0169830006
v -0.0540039986 0.0941819996 0.0435339995
v -0.0662309974 0.0426849984 0.0249029994
v -0.0627240017 0.0419390015 0.0224510003
v -0.107150003 0.0841730013 0.00527299987
v -0.101213001 0.0643040016 0.0412649997
v -0.0668559968 0.0447029993 0.022442
v -0.121836998 0.0852259994 0.00788099971
v -0.0648550019 0.047665 0.0176860001
v -0.123562999 0.0863030031 0.00936499983
v -0.125661001 0.0872920007 0.010179
v -0.059347 0.0421970002 0.0166410003
v -0.123071 0.0882370025 0.00838600006
v -0.0919990018 0.0587569997 0.0323849991
v -0.108673997 0.0882949978 0.00736200018
v -0.123562999 0.0863030031 0.00936499983
v -0.123071 0.0882370025 0.00838600006
v -0.114949003 0.0868019983 0.00827900041
v -0.114949003 0.0868019983 0.00827900041
v -0.0724269971 0.0558819994 0.0108899996
v -0.0648159981 0.0541980006 0.0127330003
v -0.0712089986 0.0530240014 0.0180360004
v -0.122466996 0.0911839977 0.0106239999
v -0.0854590014 0.060761001 0.0358409993
v -0.0659729987 0.0525120012 0.018654
v -0.0836760029 0.0577259995 0.0316569991
v -0.0816579983 0.0556380004 0.0342749991
v -0.0579449981 0.047327999 0.0133570004
v -0.0622880012 0.0529970005 0.0146859996
v -0.0573190004 0.0533250012 0.0128800003
v -0.107187003 0.0756520033 0.00445599994
v -0.108964004 0.077339001 0.00584900007
v -0.0659729987 0.0525120012 0.018654
v -0.0668530017 0.0488299988 0.0233009998
v -0.107541002 0.0716279969 0.00516999979
v -0.0821669996 0.0590769984 0.0380889997
v -0.081106998 0.0574890003 0.0373199992
v -0.104120001 0.0690950006 0.00616900017
v -0.0622880012 0.0529970005 0.0146859996
v -0.0830579996 0.0624729991 0.0395379998
v -0.104433 0.0739130005 0.00446300022
v -0.101891004 0.0704779997 0.00387999997
v -0.0471789986 0.0417199992 0.0156660005
v -0.0529079996 0.0389030017 0.0161889996
v -0.0576060005 0.039797999 0.0167859998
v -0.059347 0.0421970002 0.0166410003
v -0.0882569999 0.0630690008 0.0387400016
v -0.064962998 0.0865100026 -0.000867000024
v -0.0648420006 0.0907320008 0.001239
v -0.0421090014 0.0383660011 0.0156759992
v -0.0571289994 0.0959509984 0.00423800014
v -0.101349004 0.0677580014 0.0433520004
v -0.0930399969 0.0665450022 0.0418500006
v -0.0870060027 0.0659530014 0.0410870016
v -0.0640180036 0.0951529965 0.00438700011
v -0.065504998 0.0919739977 0.0030710001
v -0.104433 0.0739130005 0.00446300022
v -0.107187003 0.0756520033 0.00445599994
v -0.104313001 0.0815370008 0.00454800017
v -0.0985179991 0.0739459991 0.00352400006
v -0.101891004 0.0704779997 0.00387999997
v -0.102317996 0.0768460035 0.002752
v -0.098393999 0.0771510005 0.00325500011
v -0.0469609983 0.0427820012 0.0128640002
v -0.048932001 0.047061 0.0126440004
v -0.0830010027 0.0663420036 0.0420029983
v -0.0839219987 0.0956370011 0.0125719998
v -0.0825679973 0.0965910032 0.00951700006
v -0.0846019983 0.0942099988 0.0112349996
v -0.102250002 0.0833659992 0.00345900003
v -0.0819109976 0.0636169985 0.0426210016
v -0.0825190023 0.0994810015 0.0146880001
v -0.0989570022 0.079558 0.00324800005
v -0.0812949985 0.098431997 0.0103540001
v -0.108286001 0.0803520009 0.00450599985
v -0.0814990029 0.101448998 0.018096
v -0.0778039992 0.0899609998 0.002018
v -0.0826089978 0.0943289995 0.00679600006
v -0.0826210007 0.0906720012 0.00378299993
v -0.0525639988 0.0534970015 0.0124310004
v -0.0911080018 0.0685179979 0.0428010002
v -0.107150003 0.0841730013 0.00527299987
v -0.0831400007 0.0691459998 0.042874001
v -0.065185003 0.0970700011 0.00790600013
v -0.0423099995 0.0400139987 0.0129450001
v -0.108916998 0.0862770006 0.00782299973
v -0.121836998 0.0852259994 0.00788099971
v -0.0435630009 0.0498140007 0.0121609997
v -0.0395650007 0.0465900004 0.0116039999
v -0.121469997 0.0675460026 0.0414870009
v -0.106836997 0.0677220002 0.0417549983
v -0.114978999 0.069291003 0.0410000011
v -0.108662002 0.0699049979 0.0412600003
v -0.0643870011 0.0991059989 0.00903199986
v -0.0608480014 0.0389349982 0.0198190007
v -0.0556429997 0.0381590016 0.0187550001
v -0.0619559996 0.0391139984 0.0226750001
v -0.0990480036 0.0838930011 0.00410699984
v -0.0944380015 0.0856740028 0.00475100009
v -0.099454999 0.087511003 0.00558200013
v -0.104487002 0.0880720019 0.00689999992
v -0.101634003 0.090049997 0.00686400011
v -0.107464001 0.0715690032 0.0433779992
v -0.121117003 0.0700900033 0.041122999
v -0.121747002 0.0720390007 0.0434029996
v -0.103301004 0.0726969987 0.0439059995
v -0.0573830009 0.100801997 0.0111659998
v -0.107616998 0.0918560028 0.0100440001
v -0.0642680004 0.102403 0.0162840001
v -0.104686998 0.0919589996 0.0100339996
v -0.101792999 0.0730450004 0.0454499982
v -0.0625559986 0.0421210006 0.0263420008
v -0.0658069998 0.0443180017 0.0289200004
v -0.100736 0.0920289978 0.00862499978
v -0.0988219976 0.0697150007 0.0438820012
v -0.071690999 0.101845004 0.0193179995
v -0.0657799989 0.0477549993 0.0275589991
v -0.108653001 0.0920590013 0.0117180003
v -0.107208997 0.094641 0.013363
v -0.106285997 0.0802979991 0.0445760004
v -0.106623001 0.0759830028 0.0445189998
v -0.0625879988 0.0435589999 0.0324230008
v -0.101985 0.0946459994 0.0108759999
v -0.0976189971 0.0721099973 0.0445460007
v -0.0656019971 0.052852001 0.0292000007
v -0.121900998 0.0756589994 0.0442549996
v -0.103750996 0.0957249999 0.0146359997
v -0.108138002 0.0785150006 0.0431579985
v -0.125671998 0.0608140007 0.0231279992
v -0.121949002 0.0583840013 0.0229439996
v -0.123645999 0.0594739988 0.0269319993
v -0.0730509982 0.0536580011 0.0208630003
v -0.0817120001 0.0544110015 0.0211159997
v -0.0667060018 0.0529729985 0.0214610007
v -0.119372003 0.0583130009 0.026873
v -0.121376999 0.0602240004 0.0284940004
v -0.125892997 0.0616180003 0.0297769997
v -0.129347995 0.0630939975 0.0267169997
v -0.122915 0.0601079985 0.0315820016
v -0.0837640017 0.0712779984 0.0437050015
v -0.0850339979 0.0732939988 0.0442150012
v -0.0664379969 0.0533739999 0.0278030001
v -0.125479996 0.0641710013 0.0349350013
v -0.0514389984 0.089858003 0.000384000014
v -0.0756810009 0.0569970012 0.0372539982
v -0.133194998 0.0675719976 0.0176909994
v -0.0446799994 0.088368997 0.00311399996
v -0.0748249963 0.0536089987 0.0295839999
v -0.0716049969 0.0547269993 0.0333000012
v -0.0432009995 0.0837939978 -0.00122099998
v -0.132916003 0.0651990026 0.0231100004
v -0.0631489977 0.0487309992 0.031663999
v -0.0754420012 0.0592579991 0.0389170013
v -0.0490510017 0.089316003 0.00358800008
v -0.133735999 0.0673390031 0.0290460009
v -0.133640006 0.0687450022 0.0191830005
v -0.0426689982 0.0899989977 0.00114299997
v -0.0490510017 0.089316003 0.00358800008
v -0.0500530005 0.091192998 0.000698000018
v -0.0461010002 0.0920059979 -0.00125299999
v -0.0443949997 0.0908749998 -9.79999968e-05
v -0.133287996 0.0752130002 0.0128199998
v -0.133915007 0.0702219978 0.0158070009
v -0.0646459982 0.0569799989 0.037955001
v -0.0608530007 0.0540350005 0.0333199985
v -0.0490510017 0.089316003 0.00358800008
v -0.0448159985 0.0904640034 0.00305399997
v -0.0650879964 0.0584900007 0.0388810001
v -0.0426689982 0.0899989977 0.00114299997
v -0.0448159985 0.0904640034 0.00305399997
v -0.133509994 0.0792500004 0.0137860002
v -0.133313999 0.0803370029 0.0125789996
v -0.0449739993 0.0954419971 -0.00160900003
v -0.0449980013 0.0972929969 0.00117900001
v -0.133305997 0.0660160035 0.0292010009
v -0.129474998 0.0647780001 0.0321619995
v -0.130864993 0.0673699975 0.0340319984
v -0.133120999 0.0691979975 0.0340869986
v -0.0500530005 0.091192998 0.000698000018
v -0.0615309998 0.0398010015 0.0272460002
v -0.0588719994 0.0395460017 0.0293949991
v -0.0654089972 0.0637309998 0.0436270013
v -0.0581130013 0.042555999 0.0311760008
v -0.108546004 0.0592450015 0.0211900007
v -0.0489009991 0.096074 0.00459699985
v -0.0807410032 0.0657289997 0.0450580008
v -0.064309001 0.0648460016 0.0452650003
v -0.0519930013 0.0979010016 0.00673899986
v -0.0575099997 0.0438430011 0.0340880007
v -0.0489009991 0.096074 0.00459699985
v -0.0500530005 0.091192998 0.000698000018
v -0.0539459996 0.0383980013 0.0298439991
v -0.0516370013 0.0393600017 0.0312939994
v -0.052099999 0.0576299988 0.039818
v -0.0633549988 0.0600749999 0.0418480001
v -0.0482200012 0.0978019983 0.00663799979
v -0.0449980013 0.0972929969 0.00117900001
v -0.0445920005 0.0416590013 0.0313210003
v -0.0468100011 0.0436690003 0.0338019989
v -0.0548459999 0.0619940013 0.0439490005
v -0.0479779989 0.0482180007 0.0341110006
v -0.133223996 0.0728129968 0.0345509984
v -0.133876994 0.0745889992 0.0355699994
v -0.136262 0.0712900013 0.031188
v -0.0981820002 0.0955270007 0.0129429996
v -0.0989399999 0.0976840034 0.0170760006
v -0.0943119973 0.0967350006 0.0151209999
v -0.133022994 0.073781997 0.0370590016
v -0.0587509982 0.048227001 0.033840999
v -0.0850140005 0.0969109982 0.0158910006
v -0.133164003 0.0813120008 0.0373939984
v -0.0364090018 0.0878980011 5.99999985e-05
v -0.134248003 0.0806609988 0.0354849994
v -0.101179004 0.0993089974 0.0213089995
v -0.101709001 0.0981559977 0.0168730002
v -0.0988819972 0.0990699977 0.0242989995
v -0.0937059969 0.0985269994 0.0205329992
v -0.133286998 0.0872830003 0.033011999
v -0.129627004 0.0801979974 0.039760001
v -0.0922399983 0.0988190025 0.0240679998
v -0.0350669995 0.0887240022 0.00121200003
v -0.0884879977 0.0980150029 0.0185870007
v -0.0838849992 0.0982090011 0.0177430008
v -0.126369998 0.0843219981 0.0405989997
v -0.052875001 0.054428 0.0342269987
v -0.0847050026 0.0986979976 0.0227199998
v -0.126035005 0.0709730014 0.0403850004
v -0.0290600006 0.0914990008 -0.00178299996
v -0.121875003 0.064842999 0.0393050015
v -0.0517500006 0.0548739992 0.0356240012
v -0.100897998 0.0996719971 0.0286270007
v -0.129455999 0.0745910034 0.0396450013
v -0.0931499973 0.0985969976 0.0281019993
v -0.0968569964 0.0986900032 0.0293320008
v -0.0274880007 0.0888440013 0.000658000004
v -0.0991479978 0.0979499966 0.0315730013
v -0.103766002 0.0979439989 0.0282370001
v -0.0249949992 0.0901099965 0.00039500001
v -0.0249949992 0.0901099965 0.00039500001
v -0.052875001 0.054428 0.0342269987
v -0.0927599967 0.0976660028 0.0314630009
v -0.0479779989 0.0482180007 0.0341110006
v -0.0846939981 0.0986279994 0.0273260009
v -0.0842360035 0.0976739973 0.0309340004
v -0.0848279968 0.0716940016 0.00410200004
v -0.0956029966 0.0669320002 0.00616300013
v -0.0996190012 0.0692809969 0.00488199992
v -0.0276880004 0.0960320011 -0.00172099995
v -0.0300009996 0.0971790031 0.000647999987
v -0.0887470022 0.0963570029 0.0343439989
v -0.0853070021 0.0688529983 0.00501199998
v -0.0915770009 0.0643709973 0.00795700029
v -0.0853030011 0.0647519976 0.00759400008
v -0.0840609968 0.0964450017 0.0335999988
v -0.0816880018 0.0977160037 0.0369490013
v -0.0819789991 0.101259001 0.0274190009
v -0.0833899975 0.0954980031 0.0354750007
v -0.087582998 0.0755700022 0.00335499994
v -0.0923419967 0.0797310024 0.00331300008
v -0.0832410008 0.0733430013 0.000727000006
v -0.0826949999 0.0719640031 0.000214
v -0.103418998 0.0812219977 0.0444680005
v -0.0268360004 0.0970999971 -0.000180999996
v -0.100936003 0.0787400007 0.046041999
v -0.0988460034 0.0759510025 0.0455049984
v -0.0903550014 0.0797429979 0.0449870005
v -0.123650998 0.0797059983 0.043079
v -0.121183001 0.0773800015 0.0432090014
v -0.0986780003 0.0823580027 0.0451119989
v -0.121605001 0.0806400031 0.0444130003
v -0.107233003 0.0891769975 0.0412909985
v -0.103891 0.0933030024 0.0375760011
v -0.107487001 0.0921920016 0.0387349986
v -0.103237003 0.0876090005 0.0423800014
v -0.0842859969 0.0745939985 0.00320899999
v -0.101658002 0.0927729979 0.0405590013
v -0.0300009996 0.0971790031 0.000647999987
v -0.0847159997 0.0837579966 0.0439650007
v -0.0983280018 0.0853969976 0.0441950001
v -0.0660519972 0.0620060004 0.00401599985
v -0.0796680003 0.0639749989 0.00328100007
v -0.0651179999 0.0624280013 0.00254400005
v -0.0828889981 0.0629339963 0.00554999989
v -0.0326259993 0.0983399972 0.0151040005
v -0.0930270031 0.0878250003 0.0427739993
v -0.098160997 0.0923639983 0.0400790013
v -0.0990080014 0.0903590024 0.0416529998
v -0.0826739967 0.0664279982 0.00214
v -0.0656049997 0.0668089986 8.6e-05
v -0.0307940003 0.097897999 0.00871200021
v -0.106582999 0.0846550018 0.0434160009
v -0.121435001 0.0843830034 0.0433869995
v -0.108285002 0.0866969973 0.0409820005
v -0.133463994 0.0844269991 0.0144659998
v -0.0261080004 0.0978400037 0.00885100011
v -0.0268360004 0.0970999971 -0.000180999996
v -0.0653420016 0.0715890005 -0.00163700001
v -0.0266270004 0.100474998 0.0139870001
v -0.101254001 0.0830819979 0.045713
v -0.133151993 0.0878890008 0.0172509998
v -0.133683994 0.0856920034 0.0170559995
v -0.126031995 0.0906059965 0.01339
v -0.0522550009 0.100487001 0.0102049997
v -0.128600001 0.0921749994 0.0190110002
v -0.126031995 0.0906059965 0.01339
v -0.0833659992 0.0604889989 0.0100210002
v -0.0833659992 0.0604889989 0.0100210002
v -0.0829489976 0.0596860014 0.00865899958
v -0.0852760002 0.0625829995 0.00970000029
v -0.0564199984 0.103137001 0.0178069994
v -0.121435001 0.0919720009 0.012902
v -0.123897001 0.0930309966 0.0148379998
v -0.128600001 0.0921749994 0.0190110002
v -0.0506730005 0.101048 0.0132590001
v -0.0485670008 0.0983560011 0.0147270001
v -0.133624002 0.0886560008 0.0210190006
v -0.0827329978 0.0573469996 0.011217
v -0.101098999 0.0895569995 0.0429349989
v -0.132706001 0.0902160034 0.0210379995
v -0.0658869967 0.0575440004 0.00884199981
v -0.130384997 0.0926849991 0.0232800003
v -0.132706001 0.0902160034 0.0210379995
v -0.132158995 0.0911749974 0.0274730008
v -0.125911996 0.0943429992 0.0196659993
v -0.0839629993 0.0767930001 0.0447040014
v -0.0829140022 0.0752459988 0.044822
v -0.126736 0.0946720019 0.0270349998
v -0.123260997 0.096702002 0.0230439994
v -0.0510339998 0.103355996 0.0202229992
v -0.0627890006 0.103625998 0.0233660005
v -0.0826779976 0.0820709988 -1.29999999e-05
v -0.065952003 0.0773089975 -0.001452
v -0.0845620036 0.0824569985 0.00358600006
v -0.0845649987 0.0789619982 0.0031010001
v -0.111111999 0.0933839977 0.013607
v -0.0562510006 0.103887998 0.0251570009
v -0.0546079986 0.104115002 0.0222590007
v -0.122671999 0.0944539979 0.0147789996
v -0.0485679992 0.0996209979 0.0193009991
v -0.115501001 0.0948249996 0.0143210003
v -0.082506001 0.0862729996 0.000931999995
v -0.122368999 0.0959800035 0.0187919997
v -0.121238001 0.0960050002 0.0212319996
v -0.0506989993 0.103937 0.0220870003
v -0.0659739971 0.072829999 -0.000959000026
v -0.0478960015 0.0999879986 0.0229419991
v -0.110459998 0.0978149995 0.0223929994
v -0.122267 0.0975589976 0.0267009996
v -0.0825090036 0.0799409971 0.0456559993
v -0.0836310014 0.0802299976 0.0447189994
v -0.0323639996 0.0993290022 0.0186199993
v -0.110128999 0.0965690017 0.0176819991
v -0.083021 0.0855700001 0.0433630012
v -0.0656559989 0.080587998 -0.00121000002
v -0.0415919982 0.0998380035 0.0246099997
v -0.0843140036 0.0885730013 0.0418540016
v -0.109378003 0.0961730033 0.0204360001
v -0.104216002 0.0978259966 0.0205479991
v -0.0481849983 0.0989570022 0.0295809992
v -0.0321590006 0.0998060033 0.0234060008
v -0.0318190008 0.0987629965 0.0289290007
v -0.105265997 0.0981179997 0.0286279991
v -0.103678003 0.0971549973 0.0318900011
v -0.107047997 0.0952999964 0.0349790007
v -0.100762002 0.0970479995 0.03517
v -0.0984959975 0.0964170024 0.0349330008
v -0.1096 0.0981300026 0.0265890006
v -0.0297950003 0.102000996 0.0181399994
v -0.108039998 0.0926420018 0.0362159982
v -0.0299490001 0.101315998 0.0291269999
v -0.0930339992 0.0942080021 0.0376200005
v -0.101999 0.0650810003 0.00688500004
v -0.0996190012 0.0692809969 0.00488199992
v -0.132793993 0.0892499983 0.0322550014
v -0.134168997 0.088831 0.0256440006
v -0.137383997 0.0862239972 0.0298519991
v -0.0956029966 0.0669320002 0.00616300013
v -0.0819419995 0.101506002 0.0228410009
v -0.0867810026 0.0927520022 0.0388379991
v -0.0915770009 0.0643709973 0.00795700029
v -0.0986680016 0.0613860004 0.011039
v -0.0853030011 0.0647519976 0.00759400008
v -0.124035001 0.0954189971 0.0305930004
v -0.120534003 0.0965870023 0.0278079994
v -0.0651009977 0.102238998 0.0261010006
v -0.129108995 0.0908859968 0.0335870013
v -0.124176003 0.0928260013 0.0351679996
v -0.0865759999 0.0843750015 0.00421900023
v -0.0831520036 0.0921249986 0.0395460017
v -0.122284003 0.0949290022 0.0350610018
v -0.129675999 0.0874200016 0.0367109999
v -0.0655279979 0.102724999 0.0278539993
v -0.0813039988 0.101940997 0.0289430004
v -0.0717570037 0.101778001 0.0311399996
v -0.0816619992 0.100262001 0.0340249985
v -0.082615003 0.0894220024 0.0424389988
v -0.0843790025 0.0866419971 0.00515699992
v -0.084449999 0.0891700014 0.00645099999
v -0.124803998 0.0906660035 0.0374750011
v -0.120765999 0.0965280011 0.0317840017
v -0.112290002 0.0932789966 0.0354509987
v -0.0755880028 0.0993809998 0.0362140015
v -0.121630996 0.0917809978 0.0386589989
v -0.0850360021 0.0905290022 0.00747699989
v -0.0932179987 0.0924580023 0.00912700035
v -0.0637559965 0.101765998 0.0326379985
v -0.125211 0.0872870013 0.0398669988
v -0.121129997 0.0864090025 0.0410580002
v -0.121843003 0.0890439972 0.0413280018
v -0.0527970009 0.103125997 0.0298500005
v -0.050317999 0.101218998 0.0341159999
v -0.0848660022 0.096198 0.0141690001
v -0.0646679997 0.0565130003 0.00872800034
v -0.0548459999 0.0619940013 0.0439490005
v -0.052099999 0.0576299988 0.039818
v -0.0573609993 0.0565100014 0.00709499978
v -0.055904001 0.0992309973 0.0382470004
v -0.0488860011 0.0641990006 0.0450159982
v -0.0512889996 0.0992349982 0.0377420001
v -0.117647 0.0961309969 0.0297500007
v -0.0451700017 0.0631180033 0.0466569997
v -0.0563869998 0.0577979982 0.00607699994
v -0.0514679998 0.0562109984 0.00787900016
v -0.0573609993 0.0565100014 0.00709499978
v -0.109361 0.0963909999 0.0282400008
v -0.0488860011 0.0641990006 0.0450159982
v -0.0483609997 0.0653510019 0.042103
v -0.0507979989 0.0654570013 0.0458980016
v -0.045136001 0.0641689971 0.0460119992
v -0.110113002 0.0968350023 0.0312130004
v -0.0488860011 0.0641990006 0.0450159982
v -0.0438570008 0.0655430034 0.0418329984
v -0.0483609997 0.0653510019 0.042103
v -0.0525370017 0.0638310015 0.000606000016
v -0.0482770018 0.0700870007 0.0442249998
v -0.0438570008 0.0655430034 0.0418329984
v -0.0439440012 0.074105002 0.0448359996
v -0.0633549988 0.0600749999 0.0418480001
v -0.064309001 0.0648460016 0.0452650003
v -0.0548820011 0.0669990033 0.0468959995
v -0.0563869998 0.0577979982 0.00607699994
v -0.0501050018 0.0596590005 0.00392299984
v -0.0833659992 0.0604889989 0.0100210002
v -0.0829489976 0.0596860014 0.00865899958
v -0.0827329978 0.0573469996 0.011217
v -0.0501369983 0.0631799996 0.00139999995
v -0.0496140011 0.0989520028 0.0347759984
v -0.0507979989 0.0654570013 0.0458980016
v -0.0505760014 0.0713469982 0.0483230017
v -0.0724269971 0.0558819994 0.0108899996
v -0.0993880033 0.0588410012 0.0150140002
v -0.0573190004 0.0533250012 0.0128800003
v -0.101814002 0.0605130009 0.0109240003
v -0.0429649986 0.0984919965 0.0444580019
v -0.0505760014 0.0713469982 0.0483230017
v -0.0494790003 0.0518720001 0.0128220003
v -0.0475980006 0.0496740006 0.0129580004
v -0.0481120013 0.0781550035 0.0453649983
v -0.104006 0.0615149997 0.0126029998
v -0.103849001 0.0589420013 0.0169619992
v -0.0471369997 0.0531719998 0.013115
v -0.0543130003 0.0716990009 0.0485350005
v -0.0469789989 0.0979719982 0.0397729985
v -0.0498740003 0.0563860014 0.0121569997
v -0.0455240011 0.0543190017 0.0121489996
v -0.0480690002 0.0921489969 0.0443259999
v -0.0507199988 0.0775550008 0.0492479987
v -0.0411910005 0.0506399982 0.0114510003
v -0.0507199988 0.0775550008 0.0492479987
v -0.0458550006 0.0504439995 0.0131160002
v -0.0440840013 0.0506029986 0.0132539999
v -0.0481120013 0.0781550035 0.0453649983
v -0.0436829999 0.0828709975 0.0445410013
v -0.0436829999 0.0828709975 0.0445410013
v -0.0479440019 0.0908600017 0.0413310006
v -0.0436769985 0.0911229998 0.0411980003
v -0.0480690002 0.0921489969 0.0443259999
v -0.0453919992 0.0928120017 0.0457010008
v -0.0436769985 0.0911229998 0.0411980003
v -0.0383629985 0.0559759997 0.0108979996
v -0.0434040017 0.0957529992 0.0465259999
v -0.0416809991 0.0910570025 0.0433810018
v -0.0501369983 0.0631799996 0.00139999995
v -0.0242539998 0.0974550024 0.0450880006
v -0.0375079997 0.0983489975 0.0435799994
v -0.133761004 0.0746470019 0.0152789997
v -0.136724994 0.0813580006 0.0167670008
v -0.136402994 0.0688769966 0.0286870003
v -0.137863994 0.0809919983 0.0299229994
v -0.136421993 0.0803560019 0.0336339995
v -0.135512993 0.0858730003 0.0191159993
v -0.134168997 0.088831 0.0256440006
v -0.135940999 0.0869639963 0.0300309993
v -0.13786 0.0763930008 0.0221790001
v -0.137863994 0.0809919983 0.0299229994
v -0.137383997 0.0862239972 0.0298519991
v -0.0518359989 0.0168779995 0.0253749993
v -0.0264320001 0.0492429994 0.0366449989
v -0.0198979992 0.0434710011 0.0369050018
v -0.0187170003 0.0552170016 0.0363069996
v 0.0349549986 0.0902659968 0.038350001
v 0.0372250006 0.0953600034 0.0316519998
v 0.0304429997 0.0945660025 0.0347409993
v -0.0461959988 0.0171409994 0.0203510001
v -0.0475119986 0.0176350009 0.0260509998
v 0.0296689998 0.0915490016 0.0377339981
v -0.0265439991 0.052042 0.0360740013
v -0.0451730005 0.0154950004 0.0247670002
v 0.0192230009 0.0861179978 0.0393490009
v 0.0184189994 0.0856420025 0.0370710008
v 0.0179559998 0.0874100029 0.0387279987
v 0.0179559998 0.0874100029 0.0387279987
v 0.0184189994 0.0856420025 0.0370710008
v 0.0203079991 0.0873560011 0.0382459983
v 0.01657 0.0862469971 0.040045999
v 0.0157260001 0.0886830017 0.0410020016
v 0.01657 0.0862469971 0.040045999
v -0.0257580001 0.0546530001 0.0358510017
v -0.002416 0.0810440034 0.045442
v -0.0202980004 0.0787350014 0.0463920012
v -0.00246999995 0.0741190016 0.0455759987
v -0.045403 0.0180849992 0.0179639999
v -0.0475119986 0.0176350009 0.0260509998
v 0.0147179998 0.087206997 0.0389319994
v 0.01657 0.0862469971 0.040045999
v 0.0157260001 0.0886830017 0.0410020016
v 0.0209030006 0.0885849968 0.040874999
v -0.0219579991 0.0413080007 0.0373880006
v -0.0092559997 0.0506649986 0.036288999
v -0.0198979992 0.0434710011 0.0369050018
v 0.0203079991 0.0873560011 0.0382459983
v 0.0196930002 0.0858839974 0.037016999
v 0.0221609995 0.0867180005 0.0391069986
v 0.0214569997 0.0850019976 0.0410550013
v 0.0251909997 0.0855740011 0.0398560017
v -0.00728800008 0.0531589985 0.0356430002
v -0.0434199981 0.0156360008 0.0307470001
v -0.0451730005 0.0154950004 0.0247670002
v -0.0187170003 0.0552170016 0.0363069996
v -0.0452399999 0.0149919996 0.0259789992
v 0.0297890007 0.0479759984 0.0316580012
v 0.0221609995 0.0867180005 0.0391069986
v 0.0251059998 0.0873299986 0.0383539982
v 0.0254939999 0.0470429994 0.0338540003
v 0.0299009997 0.0531199984 0.031769
v -0.0351379998 0.0136470003 0.0254360009
v -0.0257580001 0.0546530001 0.0358510017
v -0.0187170003 0.0552170016 0.0363069996
v -0.0253839996 0.0569659993 0.0368890017
v 0.0132099995 0.0910549983 0.0389030017
v 0.0152979996 0.0928289965 0.0379169993
v 0.0118869999 0.0873529986 0.0421580002
v 0.0257799998 0.0512680002 0.0349080004
v 0.0314750001 0.084578 0.0408429988
v -0.0164190009 0.0575870015 0.036164999
v 0.0253829993 0.0531009994 0.0344909988
v 0.0299910009 0.0891129971 0.0402840003
v 0.0279350001 0.0871659964 0.0394220017
v -0.018646 0.0571799986 0.0382069983
v -0.0192140006 0.0569229983 0.0382010005
v 0.0333099999 0.0558589995 0.0292840004
v 0.0312880017 0.0873029977 0.0408720002
v -0.0168500002 0.0625229999 0.0402109995
v -0.0115970001 0.0600869991 0.036954999
v -0.0444919989 0.0192760006 0.0307270009
v 0.0301169995 0.0574639998 0.0332840011
v -0.0494790003 0.0203339998 0.0315500014
v -0.0121280001 0.064447999 0.0409479998
v -0.0281990003 0.0488739982 0.0412850007
v -0.0281540006 0.0478789993 0.036497999
v -0.0264320001 0.0492429994 0.0366449989
v -0.0270370003 0.0508509986 0.0416090004
v 0.0385710001 0.0624589995 0.0356019996
v -0.0419900008 0.0212290008 0.0315850005
v 0.0125590004 0.0981630012 0.0126569998
v -0.0468080007 0.0295449998 0.0315550007
v -0.0287779998 0.0579079986 0.0447920002
v -0.0338490009 0.0571830012 0.0375909992
v -0.0249450002 0.0576869994 0.044199001
v -0.0192140006 0.0569229983 0.0382010005
v -0.0224019997 0.0571539998 0.0387980007
v -0.0224019997 0.0571539998 0.0387980007
v -0.018646 0.0571799986 0.0382069983
v -0.0231909994 0.0573720001 0.039650999
v -0.0253839996 0.0569659993 0.0368890017
v -0.0224019997 0.0571539998 0.0387980007
v -0.0224239994 0.0571889989 0.0389190018
v -0.0224239994 0.0571889989 0.0389190018
v -0.0231909994 0.0573720001 0.039650999
v -0.0231909994 0.0573720001 0.039650999
v 0.0263659991 0.0587060004 0.0349380001
v 0.0295449998 0.0993010029 0.0195870008
v -0.0406289995 0.0192709994 0.0343209989
v -0.0182780009 0.0580950007 0.0450839996
v -0.0247729998 0.0597169995 0.0466430001
v -0.024549 0.0630640015 0.0461650006
v -0.0178590007 0.0644909963 0.0429049991
v -0.0252299998 0.0646009967 0.0437919982
v 0.0132910004 0.0996579975 0.020428
v 0.0343829989 0.0637229979 0.0385410003
v -0.0159719996 0.0610000007 0.0449739993
v -0.0159719996 0.0610000007 0.0449739993
v -0.0314290002 0.0146509996 0.0338089988
v -0.0333580002 0.0197969992 0.0358869992
v 0.032887999 0.065504998 0.0394390002
v 0.0129230004 0.0641029999 0.0394309983
v -0.0402910002 0.0279600006 0.0315940008
v -0.0181930009 0.0620610006 0.0463190004
v -0.0178590007 0.0644909963 0.0429049991
v -0.0171750002 0.0941290036 -0.00139300001
v -0.0177149996 0.0925439969 0.00203200011
v -0.0180980004 0.0935619995 0.00400099996
v 0.0317329988 0.0994860008 0.0196579993
v -0.002049 0.0646480024 0.04067
v -0.0286490005 0.0658750013 0.043926999
v -0.0252299998 0.0646009967 0.0437919982
v -0.019142 0.0972869992 0.00177500001
v -0.019142 0.0972869992 0.00177500001
v -0.0171750002 0.0941290036 -0.00139300001
v -0.0196790006 0.0957989991 -0.00187799998
v -0.0408690013 0.0347280018 0.0313999988
v 0.0383739993 0.0978249982 0.0198710002
v -0.0130890002 0.0667970031 0.0438960008
v -0.0387879983 0.0303390007 0.0339750014
v -0.0185160004 0.0972860008 0.00791199971
v -0.0124909999 0.094641 0.00646599988
v -0.00223600003 0.0365189984 0.0363640003
v -0.00214400003 0.0447640009 0.0359969996
v 0.0292949993 0.0995109975 0.0223869998
v -0.0351379998 0.0136470003 0.0254360009
v -0.0312829986 0.0101199998 0.0256280005
v -0.0337660015 0.0139870001 0.0303210001
v 0.00312700006 0.0375249982 0.0333420001
v 0.033183001 0.0985540003 0.0264769997
v 0.0407049991 0.0948709995 0.0273700003
v -0.0291339997 0.0186219998 0.0361940004
v -0.0201099999 0.100097999 0.0132060004
v 0.00616799993 0.0451180004 0.0346620008
v 0.0296749994 0.0968319997 0.0315730013
v -0.0324579999 0.026904 0.0351519994
v 0.0134279998 0.0507250018 0.0354849994
v -0.011682 0.0986379981 0.0138309998
v 0.0133039998 0.0987799987 0.0275609996
v 0.00602999981 0.0350480005 0.0295109991
v -0.0269280002 0.0911979973 0.0432059988
v -0.0141129997 0.0888950005 0.043579001
v -0.0179689992 0.0913299993 0.042541001
v 0.00627199979 0.0390129983 0.0313539989
v -0.0298430007 0.0985839963 0.0353659987
v -0.0297650006 0.0208599996 0.0367109999
v 0.0108150002 0.0440150015 0.032864999
v -0.0323400013 0.0377959982 0.0354950018
v 0.0168510005 0.0426190011 0.0272100009
v 0.01461 0.043122001 0.0300900005
v -0.0165090002 0.0203840006 0.0393249989
v -0.0234740004 0.0984679982 0.0351659991
v -0.0241710003 0.0983330011 0.0433470011
v 0.0169050004 0.0459540002 0.0337839983
v -0.0269280002 0.0911979973 0.0432059988
v -0.0403750017 0.0277720001 0.0158879999
v -0.0406970009 0.0337699987 0.0141439997
v -0.0254289992 0.093369998 0.0458760001
v -0.0395650007 0.0465900004 0.0116039999
v -0.024642 0.0952970013 0.0461379997
v -0.0341750011 0.0861139968 0.0453139991
v -0.0115019996 0.100029998 0.0211679991
v 0.00593499979 0.0997989997 0.0219119992
v -0.0204559993 0.102055997 0.0206669997
v -0.0233260002 0.101761997 0.0211030003
v -0.0403489992 0.0384530015 0.0336560011
v -0.0245639998 0.101960003 0.0240669996
v -0.0422810018 0.0420489982 0.0339820012
v -0.0179060008 0.0955149978 0.0457819998
v -0.0341410004 0.0400709994 0.0350119993
v -0.0184049997 0.0983820036 0.0421850011
v -0.0168140009 0.0968199968 0.0444619991
v -0.0358490013 0.0450609997 0.0348070003
v -0.0163180009 0.0829230025 0.045756001
v -0.00365499989 0.0852499977 0.0444200002
v -0.0399620011 0.0487210006 0.0346219987
v -0.0376110002 0.0531879999 0.0343389995
v -0.0399620011 0.0487210006 0.0346219987
v -0.0387010016 0.0492869988 0.0364970006
v -0.0188369993 0.100877002 0.0286260005
v -0.0296219997 0.0428379998 0.0359149985
v -0.0115809999 0.0989219993 0.0290959999
v -0.0342469998 0.0478090011 0.0357489996
v -0.0387010016 0.0492869988 0.0364970006
v -0.0327310003 0.0480149984 0.0361710005
v -0.0180130005 0.0982950032 0.0348370001
v -0.0242420007 0.100574002 0.0303860009
v -0.0165689997 0.093964003 0.0390960015
v -0.0112030003 0.0948840007 0.0367980003
v -0.0388079993 0.0492409989 0.0418470018
v -0.0388359986 0.047956001 0.0403189994
v -0.0324210003 0.047908999 0.0401649997
v -0.0401359983 0.0499100015 0.0405220017
v -0.0384539999 0.0519470014 0.0411639996
v -0.0150659997 0.0912659988 0.0406199992
v -0.0179689992 0.0913299993 0.042541001
v -0.0179689992 0.0913299993 0.042541001
v -0.0170230009 0.0929230005 0.0446109995
v -0.0170230009 0.0929230005 0.0446109995
v -0.0150659997 0.0912659988 0.0406199992
v -0.0161169991 0.0965159982 0.0415269993
v -0.00175199995 0.088597998 0.0433249995
v -0.00367300003 0.0914129987 0.0395819992
v -0.00367300003 0.0914129987 0.0395819992
v -0.0155579997 0.035379 0.0383480005
v -0.00441800011 0.0959820002 0.0349490009
v -0.0281540006 0.0478789993 0.036497999
v 0.011345 0.0966280028 0.0330930017
v -0.00306200003 0.0671780035 0.0437479988
v 0.000138000003 0.0819989964 0.0455590002
v 0.000577999977 0.0713919997 0.0452260002
v -0.0184380002 0.0729719996 0.0459700003
v 0.00345099997 0.0784540027 0.044222001
v -0.0119059999 0.0169489998 0.0400869995
v 0.00282899989 0.0881059989 0.0415350012
v 0.00314299995 0.0683839992 0.0424919985
v 0.00895300042 0.0670130029 0.0415429994
v -0.00950600021 0.0183710009 0.0396849997
v 0.00831599999 0.0745479986 0.0436449982
v 0.0105659999 0.0691180006 0.0429410003
v 0.0413709991 0.0691749975 0.0377109982
v 0.0448350012 0.0728849992 0.0299830008
v 0.0449529998 0.0736749992 0.0195540003
v -0.00755500002 0.0276689995 0.0389579982
v 0.0448530018 0.0725620016 0.0319570005
v 0.00819499977 0.0823509991 0.0433319993
v 0.011283 0.0745609999 0.0441909991
v 0.0113840001 0.0817650035 0.0439630002
v -0.00218000007 0.0228470005 0.0383209996
v 0.0143200001 0.0667899996 0.0416689999
v 0.0123640001 0.0700419992 0.041912999
v 0.0147510003 0.0685480013 0.0402139984
v 0.0188820008 0.0676899999 0.0397530012
v 0.0225290004 0.0668610036 0.0412239991
v 0.00877500046 0.0873809978 0.0415679999
v 0.012534 0.082768999 0.0421410017
v 0.0129810004 0.0855090022 0.0411380008
v 0.00282899989 0.0881059989 0.0415350012
v 0.00877500046 0.0873809978 0.0415679999
v 0.0287330002 0.0666679963 0.0410169996
v 0.036768999 0.0721179992 0.0411520004
v 0.0198250003 0.0688109994 0.0392969996
v 0.0191539992 0.0706640035 0.0416380018
v 0.0124740005 0.0726900026 0.0424280018
v 0.0217150003 0.0679479986 0.0398549996
v 0.0173940007 0.0736090019 0.0416130014
v 0.0217790008 0.0733549967 0.0416689999
v 0.0446610004 0.083134003 0.0318460017
v 0.0181559995 0.0747700036 0.0391740017
v 0.0171980001 0.0753379986 0.041650001
v 0.0425620005 0.0779540017 0.0380470008
v 0.0203930009 0.075011 0.0406409986
v 0.0192809999 0.0757350028 0.0385380015
v 0.0171980001 0.0753379986 0.041650001
v 0.0192809999 0.0757350028 0.0385380015
v 0.0203930009 0.075011 0.0406409986
v -0.0436119996 0.058042001 0.0456149988
v 0.0173209999 0.0765689984 0.0425690003
v 0.0248399992 0.0688079968 0.0388810001
v 0.0264870003 0.0679930001 0.0393950008
v 0.0381300002 0.0763069987 0.0411750004
v 0.0232180003 0.0703419968 0.0411919989
v -0.0364760011 0.0579539984 0.0447270013
v 0.0310210008 0.0700939968 0.0409689993
v -0.0438590012 0.0609400012 0.0472709984
v 0.00294400007 0.0230100006 0.0353289992
v 0.0441609994 0.0735509992 0.0280189998
v 0.0441609994 0.0735509992 0.0280189998
v 0.0266200006 0.0726580024 0.0417530015
v 0.0445200019 0.0768759996 0.0285100006
v 0.0437569991 0.0800150037 0.0280639995
v 0.0452460013 0.0807980001 0.0290639997
v 0.0445200019 0.0768759996 0.0285100006
v 0.0236060005 0.0745330006 0.0403649993
v 0.0256500002 0.0742610022 0.0398360007
v 0.0243059993 0.0754669979 0.0382339992
v 0.0230650008 0.0755499974 0.0413599983
v 0.0236060005 0.0745330006 0.0403649993
v 0.0456979983 0.0822599977 0.0247859992
v 0.0173209999 0.0765689984 0.0425690003
v 0.0203930009 0.075011 0.0406409986
v 0.0230650008 0.0755499974 0.0413599983
v 0.0217790008 0.0733549967 0.0416689999
v 0.0254519992 0.0766630024 0.0422610007
v 0.0452460013 0.0807980001 0.0290639997
v 0.0256500002 0.0742610022 0.0398360007
v 0.026416 0.0752400011 0.0411779992
v 0.030243 0.0746230036 0.0402819999
v 0.0195090007 0.0797140002 0.038807001
v 0.0202610008 0.0807429999 0.0396540016
v 0.0177500006 0.0807579979 0.0389139988
v 0.0218029991 0.080558002 0.0412050001
v 0.0272640008 0.0789209977 0.0420829989
v 0.0239429995 0.080110997 0.0389159992
v 0.026416 0.0752400011 0.0411779992
v 0.0230650008 0.0755499974 0.0413599983
v 0.0330840014 0.0769129992 0.0419740006
v 0.0446610004 0.083134003 0.0318460017
v 0.0239429995 0.080110997 0.0389159992
v 0.0256329998 0.0800559968 0.0405160002
v 0.0255859997 0.0806889981 0.0389969982
v -0.0420619994 0.0651639998 0.0440849997
v -0.045136001 0.0641689971 0.0460119992
v 0.0236990005 0.0812859982 0.0397869982
v 0.0218029991 0.080558002 0.0412050001
v 0.0272640008 0.0789209977 0.0420829989
v 0.0236990005 0.0812859982 0.0397869982
v 0.0267220009 0.0819140002 0.041317001
v -0.0439440012 0.074105002 0.0448359996
v -0.0438570008 0.0655430034 0.0418329984
v -0.0420619994 0.0651639998 0.0440849997
v 0.0255859997 0.0806889981 0.0389969982
v 0.0256329998 0.0800559968 0.0405160002
v 0.0297660008 0.0800599977 0.0402120017
v -0.0420619994 0.0651639998 0.0440849997
v 0.0325429998 0.0817880034 0.0410769992
v 0.0124770002 0.0752580017 0.0416660011
v -0.0370719992 0.0701680034 0.0458270013
v 0.0437299982 0.0875290036 0.0319349989
v 0.0125139998 0.0789989978 0.0428219996
v 0.0125139998 0.0789989978 0.0428219996
v 0.0124770002 0.0752580017 0.0416660011
v 0.00220300001 0.0257929992 0.0357300006
v 0.0437299982 0.0875290036 0.0319349989
v -0.0286490005 0.0658750013 0.043926999
v 0.0402060002 0.0899330005 0.0355609991
v 0.0180389993 0.080562003 0.0409759991
v 0.0125139998 0.0800570026 0.041441001
v 0.0176279992 0.0815339983 0.041255001
v 0.0207809992 0.0824880004 0.0416380018
v 0.0196170006 0.0787049979 0.0424479991
v 0.0196170006 0.0787049979 0.0424479991
v 0.0176279992 0.0815339983 0.041255001
v 0.0177500006 0.0807579979 0.0389139988
v 0.0202610008 0.0807429999 0.0396540016
v 0.0214569997 0.0850019976 0.0410550013
v -0.0416809991 0.0760290027 0.047208
v 0.01657 0.0862469971 0.040045999
v 0.0176279992 0.0815339983 0.041255001
v 0.0207809992 0.0824880004 0.0416380018
v 0.0292080007 0.0676470026 0.0397059992
v 0.0321879983 0.0686639994 0.0418159999
v 0.0272640008 0.0789209977 0.0420829989
v 0.0196170006 0.0787049979 0.0424479991
v 0.0173209999 0.0765689984 0.0425690003
v 0.0218029991 0.080558002 0.0412050001
v 0.0324979983 0.073243998 0.0412349999
v 0.0343570001 0.0748609975 0.043012999
v 0.033840999 0.0825909972 0.04256
v 0.0137790004 0.0959990025 0.0338639989
v -0.0371089987 0.0827040002 0.0464649983
v 0.0384569988 0.0843100026 0.0401270017
v 0.0402060002 0.0899330005 0.0355609991
v 0.0312880017 0.0873029977 0.0408720002
v 0.0295449998 0.0871210024 0.0385489985
v 0.0355909988 0.0858139992 0.0403660014
v 0.0349549986 0.0902659968 0.038350001
v 0.0355909988 0.0858139992 0.0403660014
v -0.0376110002 0.0531879999 0.0343389995
v -0.0331490003 0.0532980002 0.0344600007
v -0.0265439991 0.052042 0.0360740013
v -0.0324940011 0.0571160018 0.0352879986
v 0.0118869999 0.0873529986 0.0421580002
v 0.0196930002 0.0858839974 0.037016999
v 0.0384569988 0.0843100026 0.0401270017
v 0.0251059998 0.0873299986 0.0383539982
v 0.0279350001 0.0871659964 0.0394220017
v 0.0295449998 0.0871210024 0.0385489985
v -0.0384539999 0.0519470014 0.0411639996
v -0.0270370003 0.0508509986 0.0416090004
v -0.0277830008 0.0520110019 0.0408589989
v -0.0271339994 0.0505549982 0.0384219997
v -0.0264320001 0.0492429994 0.0366449989
v -0.029383 0.0521590002 0.0374139994
v -0.03706 0.0515829995 0.0367200002
v -0.0401359983 0.0499100015 0.0405220017
v 0.0195090007 0.0797140002 0.038807001
vt 0.503385007 0.111609995
vt 0.538519979 0.11354202
vt 0.517235994 0.134357989
vt 0.539678991 0.237811983
vt 0.532860994 0.257505
vt 0.521883011 0.238617003
vt 0.526282012 0.186281979
vt 0.537568986 0.180869997
vt 0.533170998 0.187915027
vt 0.540648997 0.183752
vt 0.527393997 0.195445001
vt 0.522504985 0.198333979
vt 0.497781992 0.118202984
vt 0.518078029 0.194007993
vt 0.524013996 0.204594016
vt 0.555855989 0.258087993
vt 0.548112988 0.250738025
vt 0.553542972 0.235623002
vt 0.54044199 0.263911009
vt 0.538133979 0.196547985
vt 0.518459976 0.176780999
vt 0.511756003 0.187848985
vt 0.549268007 0.214896023
vt 0.540606022 0.218581975
vt 0.529030979 0.143051028
vt 0.571534991 0.245163977
vt 0.552873015 0.212230027
vt 0.546626985 0.206112027
vt 0.552424014 0.268840015
vt 0.543820024 0.199396014
vt 0.526189983 0.212477028
vt 0.54409802 0.203733981
vt 0.532656014 0.217076004
vt 0.549465001 0.211423993
vt 0.585124016 0.269041002
vt 0.569064021 0.26959002
vt 0.54746902 0.276575983
vt 0.513759017 0.141197026
vt 0.548822999 0.137350023
vt 0.581505001 0.279190004
vt 0.573659003 0.286068022
vt 0.587396026 0.278708994
vt 0.59492898 0.263922989
vt 0.602874994 0.293363988
vt 0.507467985 0.143239975
vt 0.499177992 0.145467997
vt 0.553263009 0.116762996
vt 0.592985988 0.300464988
vt 0.544942975 0.186881006
vt 0.546535015 0.195106983
vt 0.550462008 0.193542004
vt 0.274753004 0.442022979
vt 0.279693007 0.477199972
vt 0.26700899 0.451964021
vt 0.411083996 0.41978699
vt 0.413576007 0.403065026
vt 0.421263009 0.425755024
vt 0.393453002 0.398603022
vt 0.476713985 0.230071008
vt 0.485915005 0.239473999
vt 0.441522986 0.264967978
vt 0.372018993 0.177865028
vt 0.363577008 0.192695022
vt 0.368487 0.173871994
vt 0.397785008 0.276454985
vt 0.279260993 0.434477985
vt 0.290535986 0.429776013
vt 0.300098985 0.449020982
vt 0.398490995 0.419714987
vt 0.290858001 0.44630599
vt 0.292026997 0.484717011
vt 0.387153 0.160969973
vt 0.424160004 0.144621015
vt 0.41909799 0.149875998
vt 0.402835011 0.428973019
vt 0.400261015 0.158111989
vt 0.521587014 0.287214994
vt 0.311884999 0.424534023
vt 0.411464006 0.185779989
vt 0.488130987 0.234484017
vt 0.502788007 0.296526015
vt 0.504036009 0.289798975
vt 0.522132993 0.297613025
vt 0.509876013 0.28333199
vt 0.32059899 0.478972971
vt 0.446924001 0.233250976
vt 0.358904004 0.164938986
vt 0.532682002 0.295769989
vt 0.321608007 0.457243025
vt 0.444660008 0.123584986
vt 0.524517 0.316908002
vt 0.422966987 0.125761986
vt 0.568405986 0.293848991
vt 0.326858014 0.455138981
vt 0.333550006 0.489712
vt 0.305505991 0.190980017
vt 0.344579011 0.474081993
vt 0.545331001 0.316368997
vt 0.493268996 0.296050012
vt 0.511605024 0.317296982
vt 0.507961988 0.32050401
vt 0.343580008 0.482532024
vt 0.487019986 0.302312016
vt 0.505074978 0.324277997
vt 0.405393988 0.265186012
vt 0.35562101 0.295642018
vt 0.363790005 0.290794015
vt 0.366133988 0.293533981
vt 0.349748999 0.293941975
vt 0.356528997 0.284560025
vt 0.46142 0.214124024
vt 0.928822994 0.105184972
vt 0.931032002 0.0922920108
vt 0.938925028 0.0966579914
vt 0.501008987 0.328592002
vt 0.488003999 0.312826991
vt 0.323082 0.196482003
vt 0.920230985 0.101378977
vt 0.924634993 0.0928949714
vt 0.347191006 0.285247982
vt 0.498926997 0.333028018
vt 0.936105013 0.111041009
vt 0.941887975 0.10116899
vt 0.945975006 0.106760025
vt 0.348944992 0.299363017
vt 0.346507013 0.303484023
vt 0.329329997 0.300118029
vt 0.980654001 0.017843008
vt 0.971684992 0.0150930285
vt 0.977761984 0.00978499651
vt 0.977019012 0.0246649981
vt 0.96944499 0.019035995
vt 0.974825978 0.0284469724
vt 0.337013006 0.288891017
vt 0.477521002 0.341816008
vt 0.519360006 0.320160985
vt 0.331903011 0.150137007
vt 0.417275012 0.109565973
vt 0.346246988 0.154808998
vt 0.371749014 0.310124993
vt 0.362461001 0.306173027
vt 0.369740993 0.30647701
vt 0.537400007 0.323763013
vt 0.315005004 0.174118996
vt 0.416994989 0.120203018
vt 0.457035005 0.215202987
vt 0.448101997 0.208518982
vt 0.349391013 0.117697001
vt 0.514899015 0.328296006
vt 0.518261015 0.329128027
vt 0.449135005 0.179504991
vt 0.965063989 0.0234130025
vt 0.523325026 0.326178014
vt 0.356658012 0.319121003
vt 0.34879899 0.313144028
vt 0.357551992 0.0260930061
vt 0.352099001 0.0117099881
vt 0.368322015 0.0239229798
vt 0.325417012 0.300575972
vt 0.31950599 0.289623976
vt 0.314420015 0.307494998
vt 0.326009989 0.310528994
vt 0.349013001 0.0291519761
vt 0.344199002 0.0126069784
vt 0.337550998 0.0356500149
vt 0.329820007 0.0281640291
vt 0.388498992 0.076309979
vt 0.313757002 0.118489027
vt 0.314859003 0.110707998
vt 0.550541997 0.312083006
vt 0.502412975 0.248889029
vt 0.499866992 0.259205997
vt 0.941673994 0.116627991
vt 0.377581 0.315765977
vt 0.377636999 0.329282999
vt 0.366465986 0.335229993
vt 0.553164005 0.314227998
vt 0.584304988 0.305768013
vt 0.348459989 0.322847009
vt 0.330873996 0.311478019
vt 0.321137011 0.283656001
vt 0.352907985 0.324756026
vt 0.355304986 0.332104027
vt 0.349747002 0.333913028
vt 0.313968003 0.305575013
vt 0.305238992 0.286974013
vt 0.321384013 0.317703009
vt 0.297724992 0.293021977
vt 0.366461992 0.0482860208
vt 0.31792599 0.121351004
vt 0.358842999 0.0978919864
vt 0.505900025 0.26809299
vt 0.310416013 0.280764997
vt 0.358599007 0.05379498
vt 0.291301996 0.265033007
vt 0.319835007 0.133256018
vt 0.380600989 0.338622987
vt 0.466174006 0.269261003
vt 0.387520999 0.0470520258
vt 0.379399002 0.0215539932
vt 0.387962013 0.0220040083
vt 0.393884987 0.0453820229
vt 0.379599005 0.361864984
vt 0.367579013 0.342939019
vt 0.356812 0.341302991
vt 0.301382005 0.301385999
vt 0.290461004 0.294174016
vt 0.349220991 0.346633971
vt 0.323909014 0.243003011
vt 0.361086011 0.264145017
vt 0.355843008 0.349515021
vt 0.311003 0.243623018
vt 0.351164013 0.242154002
vt 0.370422989 0.25761497
vt 0.308735996 0.264191985
vt 0.340402007 0.231880009
vt 0.385919005 0.0621770024
vt 0.30527401 0.265353024
vt 0.300083011 0.253225029
vt 0.455615997 0.343949974
vt 0.441109985 0.34265703
vt 0.299362987 0.265964985
vt 0.301178008 0.262033999
vt 0.28847599 0.27471298
vt 0.478168011 0.351185977
vt 0.287104994 0.279649973
vt 0.323772013 0.0335190296
vt 0.332076997 0.035402
vt 0.327493995 0.0423979759
vt 0.363779008 0.225732028
vt 0.282153994 0.271857023
vt 0.316152006 0.0478180051
vt 0.313555002 0.0356299877
vt 0.359355003 0.215572
vt 0.451905012 0.297728002
vt 0.340402007 0.224497974
vt 0.302035004 0.246043026
vt 0.465656012 0.351252019
vt 0.442909002 0.352756977
vt 0.290127993 0.245517015
vt 0.287092 0.218888998
vt 0.290870994 0.237613022
vt 0.453859001 0.358142972
vt 0.320023 0.241114974
vt 0.468371987 0.358254015
vt 0.320107013 0.232234001
vt 0.335476995 0.228712022
vt 0.270532012 0.254314005
vt 0.273400009 0.249882996
vt 0.468151003 0.377552986
vt 0.457706004 0.378822029
vt 0.454167008 0.374967992
vt 0.466354996 0.370101988
vt 0.439114988 0.363623977
vt 0.440614015 0.284371972
vt 0.476247013 0.355091989
vt 0.366118014 0.364923
vt 0.30696699 0.0394669771
vt 0.30479899 0.030008018
vt 0.281087995 0.294220984
vt 0.284016997 0.282357991
vt 0.232296005 0.425686002
vt 0.229615003 0.441811979
vt 0.222755998 0.423440993
vt 0.242688999 0.437433004
vt 0.241732001 0.423925996
vt 0.310887009 0.0456849933
vt 0.400346011 0.289542019
vt 0.218450993 0.440118015
vt 0.404110998 0.280674994
vt 0.395754009 0.356073022
vt 0.387735993 0.370600998
vt 0.216013998 0.446349025
vt 0.327071011 0.197166026
vt 0.353590012 0.369385004
vt 0.222570002 0.449190974
vt 0.371841013 0.295642972
vt 0.263300002 0.278688014
vt 0.263038993 0.288505971
vt 0.259553999 0.284366012
vt 0.233119994 0.457153022
vt 0.253145993 0.289433002
vt 0.256659001 0.291967988
vt 0.253239989 0.281280994
vt 0.369067997 0.378287017
vt 0.405445009 0.246091008
vt 0.377252012 0.385420978
vt 0.396017998 0.386021972
vt 0.358114004 0.375434995
vt 0.316633999 0.0596770048
vt 0.315687001 0.0851839781
vt 0.354512006 0.380218029
vt 0.309444994 0.0817419887
vt 0.268862009 0.275272012
vt 0.276971996 0.273211002
vt 0.338930011 0.0811300278
vt 0.408235997 0.240700006
vt 0.411103994 0.224587977
vt 0.41475001 0.211552978
vt 0.254186004 0.270219028
vt 0.311729014 0.107066989
vt 0.386204988 0.389750004
vt 0.360062987 0.391296029
vt 0.364657998 0.393998981
vt 0.372545004 0.396637976
vt 0.391923994 0.393476009
vt 0.381118 0.398163021
vt 0.38292399 0.418855011
vt 0.281228989 0.228493989
vt 0.292910993 0.198321998
vt 0.305097014 0.0764619708
vt 0.29826799 0.086188972
vt 0.298857003 0.182188988
vt 0.279148012 0.209210992
vt 0.39466399 0.208841026
vt 0.263902009 0.236586988
vt 0.261041999 0.241671026
vt 0.288435012 0.192736983
vt 0.387726992 0.223717988
vt 0.272478014 0.232387006
vt 0.262364 0.226840019
vt 0.268541992 0.208580017
vt 0.271082014 0.21490401
vt 0.300067008 0.122803986
vt 0.267114013 0.221444011
vt 0.266065001 0.21569097
vt 0.275465012 0.208160996
vt 0.270981014 0.20678103
vt 0.263325989 0.158234
vt 0.265653014 0.162338018
vt 0.257312 0.157525003
vt 0.256184012 0.218321979
vt 0.257216007 0.227519989
vt 0.251922995 0.220202982
vt 0.255807012 0.232813001
vt 0.3125 0.165719986
vt 0.255142987 0.141884983
vt 0.246987998 0.14636898
vt 0.244237006 0.14071703
vt 0.254143 0.151633978
vt 0.292555988 0.111315012
vt 0.263765991 0.14131099
vt 0.329885989 0.154712975
vt 0.249289006 0.276709974
vt 0.227006003 0.119683027
vt 0.219340995 0.12380898
vt 0.219419003 0.115247011
vt 0.256491989 0.421720982
vt 0.246816993 0.416796029
vt 0.227339998 0.124962986
vt 0.253347009 0.414768994
vt 0.224482 0.113062978
vt 0.230213001 0.114153028
vt 0.240861997 0.119720995
vt 0.354553998 0.37263602
vt 0.270792007 0.41207099
vt 0.347609013 0.380012989
vt 0.348939002 0.37470299
vt 0.263567001 0.435958028
vt 0.314218014 0.134998977
vt 0.334396005 0.381774008
vt 0.339839995 0.397382975
vt 0.351318002 0.396427989
vt 0.241125003 0.447143018
vt 0.290033013 0.149392009
vt 0.299843013 0.149213016
vt 0.243251994 0.480216026
vt 0.25938499 0.444069028
vt 0.250658989 0.447993994
vt 0.26681301 0.115162015
vt 0.25247699 0.117622972
vt 0.259629011 0.107468009
vt 0.477174997 0.108525991
vt 0.32723999 0.388203025
vt 0.340045989 0.403780997
vt 0.256181985 0.474525988
vt 0.327270001 0.408663988
vt 0.320113987 0.396229982
vt 0.287858009 0.17158097
vt 0.29181999 0.178205013
vt 0.256657004 0.252795994
vt 0.28234899 0.191573977
vt 0.270034999 0.20283699
vt 0.277258009 0.416355014
vt 0.294595987 0.081840992
vt 0.495294988 0.282878995
vt 0.274257988 0.100937009
vt 0.275440007 0.135815024
vt 0.277713001 0.144344985
vt 0.309417993 0.406000018
vt 0.307493001 0.419678986
vt 0.423211992 0.320644021
vt 0.217374995 0.47783798
vt 0.212812006 0.489660978
vt 0.203032002 0.486681998
vt 0.436260998 0.336688995
vt 0.271288991 0.164165974
vt 0.214196995 0.497164011
vt 0.225051999 0.509555012
vt 0.461658001 0.442148983
vt 0.474110991 0.443907976
vt 0.464477003 0.448248029
vt 0.470149994 0.455323994
vt 0.421106011 0.298967004
vt 0.486115992 0.46469301
vt 0.490366012 0.44818902
vt 0.492159009 0.464290977
vt 0.441446006 0.179316998
vt 0.738461971 0.14834702
vt 0.732137024 0.147962987
vt 0.739157021 0.136756003
vt 0.482466996 0.446509004
vt 0.712701976 0.14191699
vt 0.70301801 0.140281975
vt 0.709823012 0.137197971
vt 0.711658001 0.146604002
vt 0.708294988 0.147565007
vt 0.495797992 0.452472985
vt 0.500649989 0.461347997
vt 0.247619003 0.217226982
vt 0.253185004 0.209173024
vt 0.506685972 0.478733003
vt 0.257838994 0.205617011
vt 0.499377012 0.507856995
vt 0.704743981 0.13686198
vt 0.262187004 0.201659024
vt 0.251978993 0.204994977
vt 0.486276001 0.507862985
vt 0.479943007 0.46132499
vt 0.464762986 0.489964008
vt 0.402983993 0.304699004
vt 0.375254989 0.302911997
vt 0.236589 0.49813199
vt 0.30716899 0.397175014
vt 0.41592899 0.313570023
vt 0.411229014 0.316938996
vt 0.394051999 0.314972997
vt 0.420085013 0.329366982
vt 0.256538987 0.502597988
vt 0.333577007 0.414901018
vt 0.366629004 0.40349102
vt 0.356543988 0.401721001
vt 0.403129011 0.341099024
vt 0.510662973 0.506336004
vt 0.516902983 0.481139004
vt 0.254592001 0.53955099
vt 0.369085997 0.421778023
vt 0.383042008 0.425449014
vt 0.370467991 0.432990015
vt 0.342779994 0.408689022
vt 0.266838998 0.538001001
vt 0.354842007 0.427206993
vt 0.524829984 0.502992988
vt 0.34285301 0.433974981
vt 0.353594989 0.435388982
vt 0.246675 0.538403004
vt 0.356362998 0.441483974
vt 0.461504012 0.387109995
vt 0.446666986 0.392024994
vt 0.451267987 0.38518399
vt 0.475165009 0.415862978
vt 0.394329995 0.431199014
vt 0.382611006 0.432192981
vt 0.436230987 0.383816004
vt 0.438827991 0.401076019
vt 0.389187008 0.452664971
vt 0.397166014 0.457020998
vt 0.374403 0.454593003
vt 0.416386008 0.0311689973
vt 0.357740015 0.462871015
vt 0.419799 0.355181992
vt 0.381989986 0.461255014
vt 0.393907011 0.466292024
vt 0.206316993 0.465340972
vt 0.37608999 0.469676971
vt 0.368405014 0.466439009
vt 0.456719995 0.433362007
vt 0.474283993 0.424786985
vt 0.323693007 0.423169017
vt 0.327163994 0.42672497
vt 0.400983006 0.197544992
vt 0.452347994 0.434265971
vt 0.436408013 0.410188973
vt 0.343650013 0.448257029
vt 0.334488004 0.443821013
vt 0.438677013 0.43610698
vt 0.437061995 0.454770982
vt 0.453538001 0.458549023
vt 0.46151799 0.496092021
vt 0.445053011 0.46568203
vt 0.40257901 0.367986023
vt 0.443314999 0.501147985
vt 0.475279987 0.461139023
vt 0.415165007 0.384647012
vt 0.364751995 0.474102974
vt 0.355785996 0.473859012
vt 0.416379005 0.434544027
vt 0.405382991 0.442303002
vt 0.356135011 0.479780018
vt 0.366311997 0.486238003
vt 0.423525989 0.452961028
vt 0.410750002 0.451884985
vt 0.415387005 0.458682001
vt 0.425953001 0.458751976
vt 0.345836997 0.489394009
vt 0.417068005 0.470826983
vt 0.413639992 0.471445978
vt 0.405975014 0.461009026
vt 0.406655997 0.463985026
vt 0.512296021 0.323934972
vt 0.987699986 0.0271080136
vt 0.98378402 0.0318859816
vt 0.248291001 0.288083017
vt 0.245339006 0.284138024
vt 0.46588999 0.435961008
vt 0.472286999 0.433022976
vt 0.477802008 0.43811202
vt 0.420412004 0.474461019
vt 0.133774996 0.633980989
vt 0.122759998 0.635634989
vt 0.127339005 0.623165011
vt 0.35829699 0.912274003
vt 0.355161995 0.889242001
vt 0.36146301 0.902626
vt 0.121212997 0.606144994
vt 0.136283994 0.617619991
vt 0.0997470021 0.605161995
vt 0.101314001 0.635829985
vt 0.110981002 0.651172012
vt 0.0793239996 0.626623005
vt 0.340301007 0.900928997
vt 0.345263004 0.876450002
vt 0.347790003 0.892954998
vt 0.143052995 0.585141003
vt 0.142131001 0.580989987
vt 0.144351006 0.578170002
vt 0.141623005 0.593264997
vt 0.139271006 0.587700993
vt 0.132237002 0.593737006
vt 0.121064 0.640408009
vt 0.110662997 0.632788986
vt 0.309498996 0.912015997
vt 0.310200989 0.932277001
vt 0.299102008 0.916174002
vt 0.119588003 0.645247996
vt 0.123972997 0.651558012
vt 0.373319 0.890625
vt 0.352120996 0.915558003
vt 0.974720001 0.0631849766
vt 0.971028984 0.0568739772
vt 0.984696984 0.0581210256
vt 0.136840001 0.643550992
vt 0.128546998 0.651841998
vt 0.334228992 0.916533999
vt 0.341394991 0.925857998
vt 0.348673999 0.922796004
vt 0.35967201 0.878606997
vt 0.391481996 0.88002
vt 0.094645001 0.619397998
vt 0.0929049999 0.608769
vt 0.0837849975 0.62015
vt 0.913824975 0.0254009962
vt 0.94077301 0.0213900208
vt 0.928398013 0.0261440277
vt 0.150652006 0.580253005
vt 0.152229995 0.574110001
vt 0.149112001 0.569453001
vt 0.138285995 0.596926004
vt 0.387683004 0.528005987
vt 0.376147985 0.517744988
vt 0.378933012 0.503008991
vt 0.574777007 0.850700006
vt 0.576514006 0.862990007
vt 0.576331973 0.872685
vt 0.367929012 0.509176999
vt 0.355378985 0.504022986
vt 0.577001989 0.846506
vt 0.586880028 0.840222001
vt 0.595987022 0.848072007
vt 0.366156995 0.496417999
vt 0.582458019 0.851172999
vt 0.41415 0.585038006
vt 0.403124988 0.581755012
vt 0.405095994 0.575726002
vt 0.472986013 0.507064015
vt 0.380252004 0.491062999
vt 0.57922101 0.854260996
vt 0.411408991 0.590777993
vt 0.427740991 0.602315009
vt 0.577336013 0.859083995
vt 0.434168994 0.598374993
vt 0.568193972 0.876640998
vt 0.566139996 0.851696998
vt 0.565865993 0.865444005
vt 0.560801029 0.848536
vt 0.343901992 0.509041995
vt 0.558435023 0.853801996
vt 0.391348988 0.584454
vt 0.591704011 0.831728995
vt 0.571325004 0.833872005
vt 0.565387011 0.840909004
vt 0.357953012 0.511409998
vt 0.473580003 0.523496002
vt 0.565410018 0.824311003
vt 0.587092996 0.820373997
vt 0.459187001 0.521149009
vt 0.353439003 0.522020996
vt 0.369327009 0.529466003
vt 0.433676988 0.611128986
vt 0.419239998 0.614410996
vt 0.549124002 0.841579005
vt 0.627783 0.072995007
vt 0.646690011 0.0634040236
vt 0.660476029 0.0754799843
vt 0.545084 0.831185997
vt 0.664856017 0.0812240243
vt 0.626187027 0.115620017
vt 0.623771012 0.106198013
vt 0.636889994 0.116649985
vt 0.630975008 0.0655760169
vt 0.473987997 0.529830009
vt 0.420242995 0.537052989
vt 0.409453988 0.535425007
vt 0.415084988 0.528739005
vt 0.400025994 0.532963008
vt 0.491299003 0.549625993
vt 0.480780005 0.547856987
vt 0.492119014 0.540785015
vt 0.62094897 0.0791699886
vt 0.672586024 0.0968700051
vt 0.485633999 0.536953986
vt 0.494904011 0.547214001
vt 0.593294978 0.893584996
vt 0.603542984 0.888806999
vt 0.598451018 0.895961002
vt 0.504503012 0.527328014
vt 0.510879993 0.517147005
vt 0.521031022 0.526048988
vt 0.645237029 0.110737026
vt 0.409586996 0.551194996
vt 0.426339 0.553164989
vt 0.510469973 0.536502987
vt 0.50505501 0.535677999
vt 0.457935005 0.580731004
vt 0.450616002 0.577960998
vt 0.437083989 0.554928005
vt 0.450273991 0.550561011
vt 0.462525994 0.580087006
vt 0.498106986 0.58159101
vt 0.539484024 0.531049013
vt 0.530956984 0.536161989
vt 0.497812986 0.571826011
vt 0.495245993 0.552426994
vt 0.604000986 0.882730998
vt 0.599017978 0.877287999
vt 0.498980999 0.56406799
vt 0.623880029 0.0860729814
vt 0.556748986 0.539241999
vt 0.554090977 0.542594999
vt 0.546226025 0.535688996
vt 0.600733995 0.869684994
vt 0.461917996 0.891475998
vt 0.462933004 0.902140997
vt 0.456443012 0.904930003
vt 0.452708006 0.881012
vt 0.445131004 0.891346999
vt 0.397891015 0.522688001
vt 0.465694994 0.894754
vt 0.535740018 0.541642994
vt 0.543944001 0.549329996
vt 0.468587011 0.892678
vt 0.465970993 0.885830998
vt 0.387652993 0.539133012
vt 0.470198989 0.896715
vt 0.47694701 0.891445003
vt 0.389407009 0.553359002
vt 0.474303007 0.57505101
vt 0.471543014 0.537261993
vt 0.527705014 0.52067399
vt 0.464971006 0.880044997
vt 0.460516989 0.876401998
vt 0.383064002 0.525011986
vt 0.476099998 0.887277998
vt 0.595010996 0.873191997
vt 0.550455987 0.524051011
vt 0.598500013 0.863138005
vt 0.539102018 0.509287
vt 0.588280976 0.885035999
vt 0.443985999 0.580435008
vt 0.428157985 0.565860003
vt 0.373351008 0.535654008
vt 0.483020008 0.887960002
vt 0.489425987 0.883677997
vt 0.487170994 0.889856003
vt 0.431695014 0.581910998
vt 0.370186001 0.544030011
vt 0.585005999 0.872394994
vt 0.584583998 0.877153002
vt 0.491468012 0.888378002
vt 0.495261997 0.887698002
vt 0.581489027 0.869480997
vt 0.582682014 0.862697005
vt 0.532002985 0.556795001
vt 0.494560987 0.587969989
vt 0.525780022 0.553144991
vt 0.445434004 0.593600988
vt 0.452742994 0.591434985
vt 0.526669979 0.564594001
vt 0.398492008 0.561928988
vt 0.482454985 0.619116992
vt 0.475253999 0.594175011
vt 0.489755005 0.606267989
vt 0.468730003 0.611241996
vt 0.510402977 0.57942
vt 0.494610995 0.612632006
vt 0.495727986 0.599543989
vt 0.37261501 0.562826991
vt 0.4472 0.609207004
vt 0.598195016 0.852434993
vt 0.457397997 0.60303399
vt 0.598131001 0.858107001
vt 0.592630029 0.860057995
vt 0.388978988 0.567373008
vt 0.499379992 0.611676008
vt 0.603151977 0.819789007
vt 0.598661005 0.814935997
vt 0.500742972 0.616050005
vt 0.119984999 0.572154999
vt 0.125538006 0.569821
vt 0.118467003 0.577865988
vt 0.457239002 0.866502002
vt 0.626470029 0.141012013
vt 0.626933992 0.145533025
vt 0.621441007 0.144380987
vt 0.63598901 0.142682016
vt 0.634846985 0.139711022
vt 0.623157024 0.139541984
vt 0.728715003 0.0733889937
vt 0.716023028 0.071713984
vt 0.730476022 0.0636529922
vt 0.462904006 0.871592999
vt 0.472775996 0.875041999
vt 0.461573988 0.875955001
vt 0.719721019 0.0742790103
vt 0.465270996 0.590914011
vt 0.699627995 0.0617790222
vt 0.72103101 0.0639690161
vt 0.464179993 0.865550995
vt 0.466446996 0.861535996
vt 0.454023004 0.858858004
vt 0.465162009 0.857577994
vt 0.472427994 0.864693999
vt 0.707364023 0.0785059929
vt 0.460197002 0.593618989
vt 0.472377002 0.859663993
vt 0.476491988 0.861683995
vt 0.463349998 0.604842991
vt 0.648472011 0.142280996
vt 0.642343998 0.13865298
vt 0.647448003 0.138297021
vt 0.117461003 0.582273006
vt 0.653149009 0.149384975
vt 0.581251025 0.871411994
vt 0.56358701 0.873985007
vt 0.112024002 0.581649989
vt 0.484905988 0.874174997
vt 0.481063008 0.878686003
vt 0.504289985 0.859772995
vt 0.500642002 0.868368
vt 0.539386988 0.504310012
vt 0.532469988 0.496949971
vt 0.489369005 0.877123997
vt 0.485170007 0.877678998
vt 0.561190009 0.865521997
vt 0.693983972 0.0107420087
vt 0.719515979 0.0218530297
vt 0.724228978 0.046563983
vt 0.497393012 0.872296005
vt 0.390215009 0.486423016
vt 0.483375013 0.863165006
vt 0.495997012 0.851217002
vt 0.104930997 0.597880989
vt 0.482041001 0.858181998
vt 0.105834998 0.594276994
vt 0.499915004 0.840608999
vt 0.109687999 0.579439014
vt 0.522551 0.583350986
vt 0.705749989 0.0911089778
vt 0.710744977 0.085424006
vt 0.494621009 0.860633001
vt 0.48742801 0.859595001
vt 0.690842986 0.0888969898
vt 0.50632 0.567187995
vt 0.0976110026 0.599923998
vt 0.428415 0.619170994
vt 0.438677996 0.608390987
vt 0.494204015 0.855880007
vt 0.499489993 0.856434003
vt 0.691810012 0.099059999
vt 0.448181987 0.618102014
vt 0.505840003 0.850824997
vt 0.453965008 0.619738013
vt 0.467031002 0.62668699
vt 0.460990995 0.846873999
vt 0.502870977 0.584210992
vt 0.658735991 0.0261499882
vt 0.677591026 0.0310930014
vt 0.66022402 0.0529099703
vt 0.440916002 0.618577003
vt 0.45669201 0.834264994
vt 0.456254989 0.845817998
vt 0.683750987 0.0565000176
vt 0.495469987 0.837891996
vt 0.445199996 0.628883988
vt 0.561963022 0.861543998
vt 0.464661002 0.636359006
vt 0.434002012 0.62876001
vt 0.551172972 0.855139002
vt 0.547317982 0.851475
vt 0.506265998 0.856782004
vt 0.408576012 0.893080004
vt 0.401336014 0.917839997
vt 0.386505991 0.896225996
vt 0.51117003 0.846836999
vt 0.540238023 0.843634993
vt 0.540551007 0.838474005
vt 0.515513003 0.838632002
vt 0.507139027 0.840139002
vt 0.513608992 0.830749005
vt 0.426068008 0.892021999
vt 0.411875993 0.880277
vt 0.0886109993 0.614365011
vt 0.0807320029 0.602183998
vt 0.680688024 0.0234419703
vt 0.0734110028 0.610172987
vt 0.531723976 0.825642005
vt 0.0853929967 0.596235007
vt 0.527253985 0.828961998
vt 0.532869995 0.821820006
vt 0.541356027 0.819525003
vt 0.552276015 0.812328994
vt 0.0730379969 0.603428006
vt 0.0679659992 0.606821001
vt 0.534446001 0.812754005
vt 0.0679560006 0.614924014
vt 0.419535011 0.868885994
vt 0.495523006 0.825323001
vt 0.434888989 0.47526598
vt 0.381343007 0.924644001
vt 0.436482012 0.505322009
vt 0.701493979 0.0964840055
vt 0.424421012 0.479077995
vt 0.417706013 0.49375999
vt 0.685817003 0.0959330201
vt 0.685350001 0.104897022
vt 0.690521002 0.11629498
vt 0.683914006 0.117518008
vt 0.507259011 0.812455997
vt 0.681662023 0.110108972
vt 0.515537977 0.821612
vt 0.493851006 0.810594007
vt 0.396699011 0.924388997
vt 0.434067011 0.911902003
vt 0.522476017 0.824440002
vt 0.521753013 0.818515003
vt 0.436892986 0.902767003
vt 0.526930988 0.817346007
vt 0.523954988 0.811903998
vt 0.44542399 0.906907998
vt 0.515182018 0.806142002
vt 0.433620006 0.883372001
vt 0.676272988 0.120003998
vt 0.648990989 0.117636025
vt 0.418045014 0.505551994
vt 0.519255996 0.792818993
vt 0.590861976 0.806620002
vt 0.428158998 0.472931027
vt 0.944535971 0.0713829994
vt 0.95205301 0.0670250058
vt 0.950178981 0.0737630129
vt 0.943301022 0.0615929961
vt 0.487444013 0.617482007
vt 0.416550994 0.476723015
vt 0.413594991 0.48161298
vt 0.405806988 0.474173009
vt 0.490096003 0.628728002
vt 0.40120101 0.472401977
vt 0.405108005 0.468511999
vt 0.47202 0.640973985
vt 0.441174001 0.873825997
vt 0.935175002 0.0624520183
vt 0.408968002 0.468693018
vt 0.930540025 0.0692620277
vt 0.923915982 0.0680130124
vt 0.495301008 0.622507006
vt 0.496396005 0.624944001
vt 0.597415984 0.807732999
vt 0.594751 0.808660001
vt 0.49613899 0.630663007
vt 0.496578991 0.642242998
vt 0.402043015 0.491014004
vt 0.397291988 0.859042004
vt 0.386312991 0.867061004
vt 0.392540991 0.861827999
vt 0.944698989 0.0290290117
vt 0.944045007 0.0163400173
vt 0.938264012 0.0153210163
vt 0.429228008 0.865728006
vt 0.479458988 0.652909011
vt 0.408185989 0.498440027
vt 0.434745997 0.859224007
vt 0.402411014 0.501955003
vt 0.648499012 0.0344089866
vt 0.453790009 0.649935991
vt 0.64585501 0.0513690114
vt 0.639212012 0.0444599986
vt 0.460377008 0.661639005
vt 0.489243001 0.662331998
vt 0.412634999 0.560413003
vt 0.634944975 0.0391910076
vt 0.450280994 0.541215003
vt 0.571564019 0.809432
vt 0.416662008 0.564990014
vt 0.414671987 0.570115
vt 0.582409024 0.800022006
vt 0.433194995 0.530988991
vt 0.572875023 0.801772997
vt 0.419744998 0.524154007
vt 0.572948992 0.783291996
vt 0.568511009 0.782364994
vt 0.565191984 0.801425993
vt 0.554512024 0.804750994
vt 0.556657016 0.802127004
vt 0.629571974 0.0511119962
vt 0.439155996 0.54449299
vt 0.560709 0.784684002
vt 0.551226974 0.784511
vt 0.559782982 0.772115007
vt 0.595008016 0.853960007
vt 0.539695024 0.787294999
vt 0.590362012 0.850638002
vt 0.548391998 0.788250998
vt 0.398200005 0.574579
vt 0.386323005 0.501515001
vt 0.500747979 0.595454991
vt 0.596383989 0.840196997
vt 0.527449012 0.787718996
vt 0.601590991 0.832275003
vt 0.126865 0.564375013
vt 0.139880002 0.567773014
vt 0.514141023 0.603478014
vt 0.507740021 0.601002008
vt 0.509389997 0.594913989
vt 0.502627015 0.595523
vt 0.105772004 0.583487004
vt 0.111685999 0.587350011
vt 0.106671996 0.588084996
vt 0.715617001 0.0785740018
vt 0.711825013 0.0792469978
vt 0.116021 0.587870985
vt 0.114938997 0.59048
vt 0.125621006 0.597792
vt 0.713132024 0.0823330283
vt 0.695632994 0.106207013
vt 0.694473982 0.113677979
vt 0.924404979 0.0589240193
vt 0.724413991 0.0784419775
vt 0.931070983 0.0565800071
vt 0.477400005 0.0974500179
vt 0.48923701 0.0941089988
vt 0.416637003 0.0890859962
vt 0.404500008 0.0780040026
vt 0.436738998 0.079982996
vt 0.429282993 0.0608459711
vt 0.292111009 0.529992014
vt 0.295163989 0.536615014
vt 0.27758199 0.53835699
vt 0.383991987 0.100337029
vt 0.410890996 0.0891759992
vt 0.271551996 0.504301995
vt 0.467435986 0.0999569893
vt 0.470156014 0.0891450047
vt 0.475630999 0.0862640142
vt 0.462633014 0.0923920274
vt 0.440286011 0.039116025
vt 0.443576992 0.0512179732
vt 0.431885004 0.0487430096
vt 0.428198993 0.0363119841
vt 0.30952099 0.512172014
vt 0.51266402 0.0880770087
vt 0.423527002 0.0455660224
vt 0.394980013 0.0570600033
vt 0.456739008 0.0708199739
vt 0.458438009 0.0583130121
vt 0.383967012 0.0705749989
vt 0.307992995 0.530176997
vt 0.540289998 0.0839300156
vt 0.230704993 0.564372003
vt 0.229846999 0.568888992
vt 0.222454995 0.564072996
vt 0.314453006 0.516472995
vt 0.390718997 0.0695480108
vt 0.258976996 0.547096014
vt 0.332506001 0.520572007
vt 0.340030998 0.522745997
vt 0.321469009 0.943574
vt 0.321186006 0.921053998
vt 0.0649320036 0.730084985
vt 0.073739998 0.71312201
vt 0.0730599985 0.724431008
vt 0.292192012 0.734322995
vt 0.308301002 0.742756993
vt 0.30064401 0.748999
vt 0.253895998 0.693385988
vt 0.251439989 0.708835989
vt 0.24413 0.708103001
vt 0.0736080036 0.737917989
vt 0.280954987 0.902705997
vt 0.298606992 0.903375
vt 0.122175999 0.693610013
vt 0.129942998 0.691594005
vt 0.138550997 0.698798001
vt 0.285189986 0.741643012
vt 0.146991998 0.697829008
vt 0.139963999 0.706541002
vt 0.291947991 0.754216999
vt 0.138234004 0.677121997
vt 0.152271003 0.678642005
vt 0.0626960024 0.71608299
vt 0.0666970015 0.710741013
vt 0.118946001 0.668677986
vt 0.134477004 0.653393
vt 0.138818994 0.659633011
vt 0.247577995 0.690109998
vt 0.141977996 0.669429004
vt 0.147418007 0.661327004
vt 0.262600005 0.702482998
vt 0.148846 0.652837008
vt 0.160610005 0.666042
vt 0.300617009 0.882633999
vt 0.308975995 0.891355
vt 0.0443909988 0.710985988
vt 0.0549580008 0.715682
vt 0.0509740002 0.726137996
vt 0.0572730005 0.706102014
vt 0.0651310012 0.703395009
vt 0.150675997 0.670524001
vt 0.0579419993 0.728666991
vt 0.161063001 0.657222986
vt 0.321025997 0.895447001
vt 0.209096 0.738474995
vt 0.244223997 0.727180988
vt 0.209477007 0.742821991
vt 0.0839399993 0.682184994
vt 0.0867829993 0.696157008
vt 0.179546997 0.65406999
vt 0.245490998 0.724213988
vt 0.204664007 0.728527993
vt 0.322605997 0.882385001
vt 0.333068997 0.893016003
vt 0.325374007 0.905066997
vt 0.0678720027 0.683919013
vt 0.242029995 0.71489799
vt 0.984595001 0.0653070211
vt 0.334461004 0.926315002
vt 0.323929012 0.926464997
vt 0.250404 0.743122011
vt 0.215737 0.758294001
vt 0.155789003 0.701023996
vt 0.155328006 0.688766986
vt 0.218895003 0.761039004
vt 0.0920860022 0.689512014
vt 0.0960529968 0.694301993
vt 0.101411 0.693966001
vt 0.169523001 0.677899003
vt 0.180429995 0.679412991
vt 0.178280994 0.686053991
vt 0.254274994 0.744879991
vt 0.0785830021 0.681912988
vt 0.0952249989 0.679127991
vt 0.161179006 0.682135999
vt 0.171718001 0.694707006
vt 0.0767880008 0.711683989
vt 0.0782949999 0.719397992
vt 0.0833140016 0.705659002
vt 0.780771971 0.0590370297
vt 0.769348979 0.0491870046
vt 0.783370972 0.0422090292
vt 0.0926359966 0.711504012
vt 0.0816129968 0.720468014
vt 0.0941710025 0.703759015
vt 0.766285002 0.0611420274
vt 0.763866007 0.0515069962
vt 0.776247978 0.0597770214
vt 0.0824759975 0.732897013
vt 0.211400002 0.563252985
vt 0.203729004 0.561987013
vt 0.209834993 0.558248013
vt 0.111466996 0.726121992
vt 0.115686998 0.709434003
vt 0.121316001 0.718679011
vt 0.0882719979 0.722820997
vt 0.116099998 0.728570014
vt 0.193987995 0.577140987
vt 0.201966003 0.574178994
vt 0.214994997 0.56734699
vt 0.275961012 0.722626001
vt 0.264315993 0.716441005
vt 0.127949998 0.718834996
vt 0.278403014 0.733325988
vt 0.123218 0.721742988
vt 0.221118003 0.569352001
vt 0.124553002 0.729842991
vt 0.115603 0.736075014
vt 0.204267994 0.583501995
vt 0.25198701 0.761555001
vt 0.136047006 0.734037012
vt 0.217712 0.588468999
vt 0.138929993 0.726132005
vt 0.124388002 0.706050009
vt 0.132734999 0.717723012
vt 0.142928004 0.717869014
vt 0.137162 0.713627011
vt 0.111947 0.70115
vt 0.260865003 0.767529994
vt 0.224501997 0.776036993
vt 0.101609997 0.713625014
vt 0.0912339985 0.727223992
vt 0.193244994 0.591113001
vt 0.210690007 0.601745993
vt 0.279965997 0.748039991
vt 0.148775995 0.724166989
vt 0.150842994 0.71913299
vt 0.196523994 0.600921988
vt 0.125070006 0.738934994
vt 0.107323997 0.750836
vt 0.228641003 0.572492003
vt 0.225984007 0.577850997
vt 0.134320006 0.738224
vt 0.111115001 0.753034994
vt 0.0504200011 0.703235
vt 0.139111996 0.741578996
vt 0.132918 0.742617011
vt 0.125440001 0.751519993
vt 0.264788002 0.786736995
vt 0.224179998 0.785499007
vt 0.260316998 0.772329003
vt 0.04727 0.700659007
vt 0.148519993 0.729819
vt 0.043965999 0.698444009
vt 0.0390749983 0.701618999
vt 0.0309229996 0.700520009
vt 0.0294289999 0.70935899
vt 0.227962002 0.607253999
vt 0.213080004 0.614127994
vt 0.231140003 0.590995014
vt 0.148914993 0.738986999
vt 0.0520000011 0.668725997
vt 0.0382860005 0.720999002
vt 0.156255007 0.727744997
vt 0.177727997 0.624846995
vt 0.184529006 0.625250995
vt 0.181608006 0.636193991
vt 0.266869992 0.787673995
vt 0.191073 0.633846998
vt 0.285445005 0.763639003
vt 0.204763994 0.637932003
vt 0.202265993 0.629480004
vt 0.0373149998 0.67851001
vt 0.155426994 0.737774014
vt 0.199621007 0.640028
vt 0.0267600007 0.699342012
vt 0.187821999 0.642028987
vt 0.0223949999 0.704768002
vt 0.0203329995 0.710666001
vt 0.189932004 0.621354997
vt 0.0180200003 0.702556014
vt 0.160708994 0.708371013
vt 0.172751993 0.889165998
vt 0.145694003 0.89333
vt 0.137526006 0.888852999
vt 0.0252800006 0.686143011
vt 0.157867 0.893068999
vt 0.264209986 0.972495001
vt 0.280057013 0.978514001
vt 0.262766987 0.982144
vt 0.138788 0.880474001
vt 0.178344995 0.709951997
vt 0.274224997 0.991371
vt 0.175525993 0.69542101
vt 0.184644997 0.694460005
vt 0.174290001 0.629761994
vt 0.174348995 0.645749986
vt 0.163827002 0.637125999
vt 0.0635579973 0.669373989
vt 0.0574790016 0.67276001
vt 0.186905995 0.649798989
vt 0.198109001 0.649502009
vt 0.0745100006 0.67523101
vt 0.188719004 0.704492986
vt 0.189756006 0.699941993
vt 0.087116003 0.670994014
vt 0.283555001 0.983895
vt 0.189208001 0.713180006
vt 0.0745560005 0.665524006
vt 0.0841419995 0.663486004
vt 0.173568994 0.600847006
vt 0.188795999 0.606153011
vt 0.192282006 0.615411997
vt 0.189932004 0.621354997
vt 0.177114993 0.718263
vt 0.281343013 0.890478
vt 0.279630005 0.879037
vt 0.172011003 0.58900699
vt 0.296186 0.864037007
vt 0.159737006 0.745501012
vt 0.173346996 0.733341992
vt 0.184367001 0.726103991
vt 0.281655997 0.867807999
vt 0.27699101 0.873821005
vt 0.187253997 0.922155
vt 0.182175994 0.917097002
vt 0.183822006 0.905400999
vt 0.200498998 0.922002003
vt 0.192662001 0.927546002
vt 0.192512006 0.915224001
vt 0.200672999 0.914766997
vt 0.167071 0.603293985
vt 0.160889998 0.613418996
vt 0.194003001 0.723013997
vt 0.229148 0.859444007
vt 0.237037003 0.863527
vt 0.228634998 0.865785003
vt 0.191283002 0.901469
vt 0.196807995 0.716769993
vt 0.234019995 0.850841999
vt 0.198135003 0.908789001
vt 0.240051001 0.859385997
vt 0.17701 0.909342997
vt 0.236669004 0.841560006
vt 0.25118801 0.883149996
vt 0.238094002 0.872841001
vt 0.239373997 0.881913997
vt 0.155940995 0.629878998
vt 0.179387003 0.73627001
vt 0.176746994 0.897693999
vt 0.195886001 0.729483008
vt 0.275965005 0.860341996
vt 0.164853007 0.591506988
vt 0.172058001 0.893059
vt 0.156495005 0.897326
vt 0.148631006 0.608253002
vt 0.148094997 0.596976995
vt 0.117279999 0.764746994
vt 0.145824999 0.751897007
vt 0.131356999 0.761288002
vt 0.143980995 0.755885005
vt 0.277796 0.854830995
vt 0.198935002 0.620770007
vt 0.197865993 0.610338002
vt 0.204597995 0.623694003
vt 0.198201001 0.899172999
vt 0.208294004 0.894663997
vt 0.196698993 0.889555998
vt 0.183883995 0.888342999
vt 0.190879002 0.883942999
vt 0.149085999 0.759480998
vt 0.119707003 0.768604994
vt 0.121321999 0.773764998
vt 0.156931996 0.757920995
vt 0.292584002 0.846006006
vt 0.175231993 0.877896003
vt 0.27452901 0.837169006
vt 0.182822004 0.876694001
vt 0.162779003 0.756726995
vt 0.210354 0.632090986
vt 0.211256996 0.643036008
vt 0.192439005 0.877773002
vt 0.165903002 0.747227013
vt 0.257003993 0.833593994
vt 0.207958996 0.649726987
vt 0.170956999 0.875206999
vt 0.174637005 0.868419006
vt 0.157728001 0.77617
vt 0.154872999 0.767798007
vt 0.219392002 0.640965015
vt 0.189917997 0.870252997
vt 0.170029998 0.751482993
vt 0.208493993 0.662542999
vt 0.123685002 0.780147001
vt 0.182999998 0.863078997
vt 0.152806997 0.774868995
vt 0.0870089978 0.736936003
vt 0.0940530002 0.731691003
vt 0.0955799967 0.739948988
vt 0.181463003 0.660295993
vt 0.164470002 0.670655012
vt 0.191504002 0.654343009
vt 0.102558002 0.733274996
vt 0.102233998 0.740990013
vt 0.0947349966 0.749341011
vt 0.0842979997 0.751526996
vt 0.102493003 0.746719003
vt 0.197402 0.735642999
vt 0.197620004 0.743308008
vt 0.203266993 0.662353009
vt 0.102031 0.758836001
vt 0.31219101 0.881013997
vt 0.200535998 0.692535013
vt 0.0634000003 0.741301
vt 0.331016004 0.868769005
vt 0.191171005 0.677379996
vt 0.202151999 0.679423988
vt 0.338851988 0.880690001
vt 0.0727329999 0.751053005
vt 0.218328997 0.652586997
vt 0.204618007 0.69718501
vt 0.321132004 0.880794004
vt 0.0763299987 0.766549006
vt 0.0616419986 0.746500999
vt 0.337931007 0.866161004
vt 0.322365999 0.868304998
vt 0.872304976 0.031471014
vt 0.882161975 0.0280730128
vt 0.885501981 0.0335019827
vt 0.0465589985 0.732306987
vt 0.0569069982 0.738864005
vt 0.224326998 0.681497008
vt 0.226850003 0.663906008
vt 0.873750985 0.0377069712
vt 0.882371008 0.0393519998
vt 0.224802002 0.685759008
vt 0.888243973 0.0370259881
vt 0.331591994 0.864348993
vt 0.0382380001 0.733545005
vt 0.0357300006 0.730031013
vt 0.885969996 0.0217189789
vt 0.884531021 0.0170850158
vt 0.0791649967 0.763155997
vt 0.0912609994 0.760675997
vt 0.0907479972 0.769182995
vt 0.0873420015 0.775990993
vt 0.315245986 0.876217
vt 0.212928995 0.627092004
vt 0.219006002 0.624413013
vt 0.230958998 0.700810999
vt 0.224353001 0.63103199
vt 0.111524001 0.708303988
vt 0.315878987 0.860850006
vt 0.202476993 0.721275002
vt 0.235614002 0.703386992
vt 0.308147997 0.855133995
vt 0.229579002 0.637098998
vt 0.876312017 0.0220659971
vt 0.872264981 0.0284270048
vt 0.226301998 0.616797
vt 0.232621998 0.617401004
vt 0.244258001 0.673368007
vt 0.232394993 0.691087008
vt 0.317158014 0.854370996
vt 0.327225 0.863460004
vt 0.249891996 0.617058009
vt 0.250055999 0.626598001
vt 0.245761007 0.686497986
vt 0.250768989 0.641815007
vt 0.0883610025 0.783272997
vt 0.0895970017 0.789348006
vt 0.0787750036 0.781937003
vt 0.197667003 0.864859
vt 0.193434 0.854092002
vt 0.205620006 0.857396007
vt 0.0946530029 0.785471007
vt 0.228671998 0.647895008
vt 0.226055995 0.851350993
vt 0.101547003 0.802423
vt 0.353282005 0.869524002
vt 0.0951879993 0.802625999
vt 0.186823994 0.845090002
vt 0.187097996 0.855445996
vt 0.192322999 0.836785004
vt 0.204875007 0.843364999
vt 0.102780998 0.819941998
vt 0.109177999 0.796095997
vt 0.206084996 0.835474998
vt 0.355935991 0.865986004
vt 0.218125999 0.845562994
vt 0.228185996 0.845422998
vt 0.119148999 0.801614001
vt 0.246621996 0.658226013
vt 0.224340007 0.833178997
vt 0.110932998 0.774571002
vt 0.920871973 0.0279250145
vt 0.113418996 0.759730995
vt 0.249766007 0.661868989
vt 0.185635 0.829159006
vt 0.105145 0.784621
vt 0.203761995 0.825670004
vt 0.195075005 0.825039998
vt 0.373356014 0.864923999
vt 0.188635007 0.820931002
vt 0.178445995 0.831149995
vt 0.378908008 0.861560002
vt 0.931167006 0.0325930119
vt 0.76157099 0.0474449992
vt 0.202494994 0.817181006
vt 0.767477989 0.0332409739
vt 0.222459003 0.822777003
vt 0.221081004 0.813195005
vt 0.232373998 0.927441999
vt 0.207043007 0.937404998
vt 0.201782003 0.931546003
vt 0.922173977 0.016858995
vt 0.90328902 0.0140950084
vt 0.208805993 0.808293998
vt 0.231161997 0.934716001
vt 0.214359 0.942341
vt 0.229323 0.945794001
vt 0.219713002 0.807502002
vt 0.227415994 0.798425004
vt 0.231733993 0.820708007
vt 0.220374003 0.800934002
vt 0.225697994 0.917204
vt 0.213869005 0.909235001
vt 0.240000993 0.920730002
vt 0.241890997 0.924879
vt 0.163954005 0.775898993
vt 0.923436999 0.0128139853
vt 0.170246005 0.766501993
vt 0.171375006 0.761026993
vt 0.192179993 0.761267006
vt 0.122547999 0.789585993
vt 0.125724003 0.783010006
vt 0.177420005 0.773191005
vt 0.128097996 0.789554
vt 0.163069993 0.797319993
vt 0.173519999 0.807614997
vt 0.164810002 0.806874007
vt 0.170343995 0.790658996
vt 0.233511001 0.919408999
vt 0.178033993 0.800080001
vt 0.355120987 0.853663996
vt 0.207177997 0.767740995
vt 0.181566 0.780024007
vt 0.27759099 0.950748999
vt 0.247275993 0.944520999
vt 0.279578 0.949705999
vt 0.239078999 0.948949002
vt 0.348565012 0.829009995
vt 0.193272993 0.782523006
vt 0.186001003 0.798518002
vt 0.182904005 0.792280003
vt 0.241273001 0.936958998
vt 0.279781997 0.937393002
vt 0.355367988 0.839875996
vt 0.161414996 0.787175
vt 0.130291998 0.796110004
vt 0.159476995 0.793716997
vt 0.0263749994 0.733314008
vt 0.365877986 0.839064002
vt 0.366679996 0.859412
vt 0.280956 0.924419001
vt 0.364322007 0.826427996
vt 0.172427997 0.776731998
vt 0.0183349997 0.736984015
vt 0.0229809992 0.739446014
vt 0.0122640003 0.716446012
vt 0.304165006 0.845239997
vt 0.00837900024 0.729921997
vt 0.129702002 0.875917003
vt 0.140917003 0.651887
vt 0.234254003 0.956007998
vt 0.238763005 0.958094999
vt 0.231168002 0.951400001
vt 0.292082012 0.830155
vt 0.140361995 0.874417007
vt 0.134201005 0.868832007
vt 0.119928002 0.860081002
vt 0.306600988 0.837736994
vt 0.314855009 0.834390998
vt 0.0158290006 0.745658994
vt 0.244087994 0.966887999
vt 0.178209007 0.791315004
vt 0.0106140003 0.743678004
vt 0.277503997 0.965190001
vt 0.115202002 0.847822994
vt 0.109229997 0.853539005
vt 0.109440997 0.835981995
vt 0.128787994 0.857034996
vt 0.202698007 0.750222996
vt 0.203511 0.744543999
vt 0.125029996 0.840341002
vt 0.134817004 0.848757997
vt 0.302680999 0.822715998
vt 0.275418997 0.821222007
vt 0.241256997 0.902906001
vt 0.277936995 0.911316998
vt 0.230855003 0.900353998
vt 0.232483998 0.909330003
vt 0.165190995 0.870764002
vt 0.288338006 0.812810004
vt 0.294142008 0.819376007
vt 0.137718007 0.867547005
vt 0.311338007 0.823987007
vt 0.154469997 0.867090002
vt 0.240548 0.894175999
vt 0.138733 0.859187007
vt 0.139654994 0.853402004
vt 0.30260101 0.816991001
vt 0.278553009 0.921778999
vt 0.311358005 0.814144
vt 0.164708003 0.847130001
vt 0.137086004 0.841156006
vt 0.209345996 0.754558995
vt 0.206609994 0.757100999
vt 0.348123014 0.818593994
vt 0.166720003 0.858070999
vt 0.212312996 0.769973993
vt 0.279150009 0.904840998
vt 0.324795008 0.807990998
vt 0.212005004 0.778503001
vt 0.168332994 0.851869002
vt 0.179216996 0.848723993
vt 0.309260994 0.799597993
vt 0.346682996 0.807387993
vt 0.345007986 0.795594007
vt 0.173859999 0.831205994
vt 0.177384004 0.822497994
vt 0.167628005 0.816115007
vt 0.183339998 0.814238995
vt 0.188699007 0.811149999
vt 0.165674001 0.837910995
vt 0.356564999 0.816879004
vt 0.164388999 0.811969995
vt 0.35196799 0.795384005
vt 0.198139995 0.801613003
vt 0.0970989987 0.670165002
vt 0.0935840011 0.662241995
vt 0.106772996 0.824006006
vt 0.100594997 0.837118998
vt 0.0913380012 0.823475003
vt 0.104644001 0.659054011
vt 0.233829007 0.832788005
vt 0.210782006 0.792309001
vt 0.118006997 0.657777011
vt 0.112846002 0.675866008
vt 0.129449993 0.653351992
vt 0.133116007 0.831770003
vt 0.140459999 0.837237
vt 0.267791986 0.818053007
vt 0.117239997 0.822993994
vt 0.130158007 0.822056994
vt 0.225951001 0.895533003
vt 0.217840001 0.787385002
vt 0.134948 0.823503003
vt 0.113586999 0.812858
vt 0.267185986 0.811423004
vt 0.233401 0.816616997
vt 0.252357006 0.808114007
vt 0.230056003 0.806553006
vt 0.216884002 0.777779996
vt 0.230566993 0.889036
vt 0.230995998 0.882573001
vt 0.126597002 0.815182
vt 0.139871001 0.829260007
vt 0.155839995 0.815825999
vt 0.241824001 0.797813997
vt 0.134663001 0.813209996
vt 0.228887007 0.878275998
vt 0.209735006 0.873780996
vt 0.270812005 0.800529003
vt 0.124082997 0.805952996
vt 0.131692007 0.801632002
vt 0.132558003 0.806505993
vt 0.294155002 0.801578999
vt 0.298613012 0.791098997
vt 0.226947993 0.856586993
vt 0.280162007 0.967087001
vt 0.765645981 0.0778179765
vt 0.766380012 0.0607209802
vt 0.29777801 0.965792
vt 0.284761012 0.781949997
vt 0.78096801 0.0801280141
vt 0.296496004 0.781258002
vt 0.146446005 0.832688004
vt 0.789866984 0.0744130015
vt 0.152197003 0.644867986
vt 0.145218998 0.636637002
vt 0.159924999 0.640572011
vt 0.165804997 0.832433999
vt 0.873413026 0.058167994
vt 0.880703986 0.0581719875
vt 0.874764025 0.0622940063
vt 0.791257024 0.0774880052
vt 0.163286 0.826547995
vt 0.872227013 0.108519971
vt 0.882974029 0.115158021
vt 0.87323302 0.114674985
vt 0.310638011 0.943493001
vt 0.884721994 0.0697839856
vt 0.891192973 0.0570930243
vt 0.897059023 0.0772730112
vt 0.747232974 0.0859820247
vt 0.75041002 0.0931289792
vt 0.768752992 0.0893419981
vt 0.300830007 0.962227002
vt 0.308746994 0.955704998
vt 0.757708013 0.140751004
vt 0.759691 0.136927009
vt 0.763633013 0.14181602
vt 0.314648002 0.946293999
vt 0.303416014 0.787413999
vt 0.778863013 0.0839179754
vt 0.784667015 0.099676013
vt 0.160665005 0.649084985
vt 0.120102003 0.683263987
vt 0.293307006 0.980779
vt 0.108080998 0.680795014
vt 0.314994007 0.764199004
vt 0.87767601 0.0771859884
vt 0.154918 0.62144801
vt 0.155346006 0.615159988
vt 0.890848994 0.0871189833
vt 0.103959002 0.686037004
vt 0.113888003 0.694552004
vt 0.149951994 0.618371993
vt 0.776381016 0.102490008
vt 0.305462986 0.772102997
vt 0.148001999 0.627811015
vt 0.144791007 0.617814988
vt 0.297825992 0.755227998
vt 0.786381006 0.108107984
vt 0.141837001 0.604070008
vt 0.881959975 0.0876320004
vt 0.151756003 0.613411993
vt 0.149110004 0.610974014
vt 0.286722988 0.720840007
vt 0.300132006 0.726527005
vt 0.902860999 0.0900380015
vt 0.659295022 0.17434001
vt 0.667537987 0.16841799
vt 0.660378993 0.178979993
vt 0.306313008 0.755132005
vt 0.307390988 0.746982992
vt 0.128650993 0.610787988
vt 0.313387007 0.757835999
vt 0.31130901 0.744625002
vt 0.988699019 0.0595909953
vt 0.355280012 0.753951997
vt 0.327188998 0.764170006
vt 0.048179999 0.738180012
vt 0.0335890017 0.742199987
vt 0.0699319988 0.771678001
vt 0.0840570033 0.810826004
vt 0.0892160013 0.804509997
vt 0.0232919995 0.745308012
vt 0.0150340004 0.759452999
vt 0.0957000032 0.824882001
vt 0.0451159999 0.756788
vt 0.0377160013 0.769325003
vt 0.0205039997 0.767326996
vt 0.559813023 0.534722
vt 0.968360007 0.10206902
vt 0.97873199 0.0921609998
vt 0.98336798 0.110225022
vt 0.501703978 0.747680008
vt 0.503955007 0.766849995
vt 0.489277005 0.761057004
vt 0.550776005 0.531026006
vt 0.555921972 0.528719991
vt 0.488460004 0.750055
vt 0.967572987 0.108138025
vt 0.554114997 0.521652013
vt 0.40458101 0.729140013
vt 0.404399991 0.735116988
vt 0.402227014 0.731949002
vt 0.458979994 0.736086994
vt 0.461732 0.72923401
vt 0.464832991 0.734935999
vt 0.398268014 0.729117006
vt 0.453539014 0.741616994
vt 0.454643995 0.737278998
vt 0.970552027 0.11433202
vt 0.341827989 0.698545009
vt 0.304158986 0.688753992
vt 0.344673991 0.68234399
vt 0.218125001 0.553766012
vt 0.230261996 0.558367997
vt 0.383148998 0.720735013
vt 0.384970993 0.724763989
vt 0.380414009 0.724337995
vt 0.466621995 0.741268992
vt 0.30846101 0.60255301
vt 0.341248989 0.616697997
vt 0.311771005 0.607636988
vt 0.409402996 0.730091989
vt 0.407620013 0.732098997
vt 0.411877006 0.727871001
vt 0.408666015 0.723450005
vt 0.417849004 0.723978013
vt 0.342837006 0.623302013
vt 0.243867993 0.559136987
vt 0.232267007 0.55141601
vt 0.317472994 0.632461995
vt 0.234969005 0.553301007
vt 0.425361007 0.625777006
vt 0.470147014 0.735762
vt 0.476626992 0.73498401
vt 0.415636003 0.623290986
vt 0.428887993 0.635024995
vt 0.247890994 0.542950004
vt 0.820240021 0.0289639831
vt 0.829093993 0.0305309892
vt 0.822054029 0.0336689949
vt 0.448556006 0.750467002
vt 0.454133987 0.754916996
vt 0.374816 0.716535002
vt 0.415710986 0.63183701
vt 0.431683987 0.717581004
vt 0.322889 0.637501001
vt 0.415818989 0.636249006
vt 0.488862991 0.742507011
vt 0.482993007 0.737509012
vt 0.316635996 0.637416989
vt 0.315712005 0.636211991
vt 0.440021992 0.63914901
vt 0.492621988 0.737805009
vt 0.318284005 0.648768008
vt 0.332055002 0.641160995
vt 0.240033001 0.566065997
vt 0.427976996 0.645182014
vt 0.234087005 0.573843002
vt 0.32891801 0.654073
vt 0.298577994 0.631570995
vt 0.295778006 0.621396989
vt 0.300054997 0.621995002
vt 0.303539991 0.632782012
vt 0.443504989 0.662351012
vt 0.248141006 0.572441012
vt 0.456891 0.819512993
vt 0.238361999 0.592916995
vt 0.819828987 0.0522429943
vt 0.804554999 0.0425140262
vt 0.828463972 0.0479379892
vt 0.837200999 0.0312950015
vt 0.830516994 0.0348719954
vt 0.830516994 0.0348719954
vt 0.839296997 0.0348590016
vt 0.873079002 0.139230013
vt 0.871008992 0.137378991
vt 0.873108983 0.136756003
vt 0.87312001 0.137045026
vt 0.830528021 0.0351600051
vt 0.830487013 0.0373449922
vt 0.830487013 0.0373449922
vt 0.417342007 0.648721009
vt 0.488665015 0.79558
vt 0.254310012 0.566641986
vt 0.843325973 0.0455129743
vt 0.830977976 0.0554779768
vt 0.834761024 0.0619649887
vt 0.853326976 0.0604329705
vt 0.836758018 0.0684450269
vt 0.453833014 0.798639998
vt 0.431995988 0.666496009
vt 0.850235999 0.0486660004
vt 0.307415009 0.650761008
vt 0.269692004 0.550511003
vt 0.270696998 0.562902987
vt 0.429042011 0.670457989
vt 0.383753985 0.660369992
vt 0.253158987 0.586252987
vt 0.846717 0.0536199808
vt 0.314597994 0.654841989
vt 0.390590012 0.861427993
vt 0.391631991 0.857198998
vt 0.39151901 0.851203993
vt 0.495822996 0.795760006
vt 0.350158989 0.656237006
vt 0.289407998 0.65606901
vt 0.298622012 0.653459013
vt 0.938224018 0.00837898254
vt 0.382616997 0.854341999
vt 0.386265993 0.860776007
vt 0.380405009 0.860479996
vt 0.255106002 0.601455003
vt 0.508720994 0.792840004
vt 0.324539989 0.663118005
vt 0.260829002 0.590364993
vt 0.385250986 0.840247005
vt 0.403342009 0.842967004
vt 0.352789998 0.583261013
vt 0.355354995 0.605114996
vt 0.485522985 0.787727997
vt 0.692565978 0.171866
vt 0.700788021 0.168716013
vt 0.700049996 0.177254021
vt 0.367929012 0.584392995
vt 0.496010989 0.779557005
vt 0.513644993 0.774809003
vt 0.27956 0.559047997
vt 0.379799992 0.826538995
vt 0.375248998 0.605419993
vt 0.486158013 0.771311
vt 0.275310993 0.578785986
vt 0.385953009 0.625463009
vt 0.399383992 0.823461995
vt 0.451494992 0.781929001
vt 0.379164994 0.576292992
vt 0.28491199 0.714760005
vt 0.31487301 0.713097006
vt 0.304701 0.717866987
vt 0.377422005 0.588402003
vt 0.347375989 0.780484006
vt 0.280766994 0.564691991
vt 0.386678994 0.604752004
vt 0.281675011 0.60295701
vt 0.406693995 0.598917007
vt 0.397125989 0.602434993
vt 0.309864014 0.556342989
vt 0.362055987 0.776463002
vt 0.35661301 0.759403005
vt 0.398505986 0.614914
vt 0.345678002 0.738602012
vt 0.179756999 0.574586987
vt 0.172167003 0.578377992
vt 0.35068801 0.744369
vt 0.520886004 0.592839003
vt 0.353560001 0.749439001
vt 0.270931989 0.701698989
vt 0.397121012 0.805414006
vt 0.437263012 0.798688993
vt 0.377995998 0.809770003
vt 0.369794011 0.808752
vt 0.261036992 0.609620988
vt 0.365704 0.802983999
vt 0.258733004 0.618966013
vt 0.368368 0.748304993
vt 0.277902007 0.609223008
vt 0.369031012 0.758788005
vt 0.371354014 0.751581997
vt 0.276037008 0.620427012
vt 0.311230004 0.697481006
vt 0.337402999 0.706620991
vt 0.270229995 0.632221997
vt 0.791841984 0.0290390253
vt 0.783088028 0.0224189758
vt 0.785733998 0.0199850202
vt 0.377398014 0.790169999
vt 0.289714009 0.610819995
vt 0.394216001 0.786537006
vt 0.28045401 0.625488997
vt 0.273012012 0.634386003
vt 0.285160005 0.625579
vt 0.376805991 0.773585007
vt 0.363151014 0.789005995
vt 0.382028013 0.759123996
vt 0.393191993 0.766773
vt 0.280797988 0.645130992
vt 0.278957993 0.639557004
vt 0.290235996 0.633729011
vt 0.276717007 0.645621002
vt 0.280975997 0.648959994
vt 0.387360007 0.753161997
vt 0.383435011 0.748176008
vt 0.368945986 0.736701012
vt 0.370620012 0.742433012
vt 0.378452986 0.74771601
vt 0.312278986 0.72141099
vt 0.375285 0.756911993
vt 0.342308998 0.714493006
vt 0.339074999 0.723903
vt 0.411009997 0.754534006
vt 0.318060994 0.587547004
vt 0.409655005 0.771800995
vt 0.964048982 0.0963230133
vt 0.445865989 0.769604996
vt 0.347214013 0.66573599
vt 0.348338991 0.699988991
vt 0.351604015 0.676578999
vt 0.309951991 0.675294012
vt 0.35808599 0.693507999
vt 0.316237986 0.542317986
vt 0.353094995 0.716430992
vt 0.360206991 0.669093996
vt 0.371933997 0.668080986
vt 0.32248801 0.546884
vt 0.368247986 0.685629994
vt 0.378325999 0.674162
vt 0.449283004 0.677426994
vt 0.471540987 0.67722401
vt 0.487587005 0.667883992
vt 0.33295399 0.566513002
vt 0.466271996 0.680182993
vt 0.365933001 0.702057987
vt 0.376720995 0.686865985
vt 0.375005007 0.70330599
vt 0.343699008 0.551416993
vt 0.387113988 0.668998003
vt 0.382057995 0.675803006
vt 0.388956994 0.673393995
vt 0.397060007 0.672962993
vt 0.405728012 0.670652986
vt 0.367154002 0.715714008
vt 0.378715008 0.707275987
vt 0.379438996 0.714397997
vt 0.421591014 0.748071998
vt 0.437848985 0.742834002
vt 0.419759989 0.672338009
vt 0.438360989 0.684677988
vt 0.399435014 0.67592001
vt 0.397899985 0.681730002
vt 0.38152501 0.68246299
vt 0.403780013 0.674757004
vt 0.392141998 0.688048989
vt 0.402182996 0.689594001
vt 0.469125003 0.695455015
vt 0.393485993 0.693286985
vt 0.390442014 0.690526009
vt 0.456710011 0.695113003
vt 0.399661005 0.692667007
vt 0.394212008 0.696678013
vt 0.632695973 0.170805991
vt 0.637942016 0.166141987
vt 0.641669989 0.172504008
vt 0.790655971 0.0640670061
vt 0.633020997 0.174570978
vt 0.410371006 0.676964998
vt 0.413801998 0.67611599
vt 0.443787009 0.695017993
vt 0.406190991 0.682226002
vt 0.804530978 0.058965981
vt 0.42396 0.682348996
vt 0.792770982 0.0699890256
vt 0.356743008 0.549250007
vt 0.47667101 0.677239001
vt 0.564163029 0.763384998
vt 0.41376701 0.689413011
vt 0.555050015 0.762382001
vt 0.548640013 0.765507996
vt 0.47637701 0.689352989
vt 0.47785601 0.685395986
vt 0.722859979 0.16674
vt 0.724340022 0.170171976
vt 0.720914006 0.172550976
vt 0.718704998 0.166601002
vt 0.406845003 0.693185002
vt 0.544242024 0.773620993
vt 0.400274992 0.704057992
vt 0.401367992 0.700376987
vt 0.405508012 0.698646992
vt 0.401573986 0.696276993
vt 0.412140995 0.700289011
vt 0.545552015 0.763345003
vt 0.411318004 0.693686992
vt 0.41347599 0.695302993
vt 0.422674 0.692745
vt 0.401369989 0.708272994
vt 0.404011995 0.711111993
vt 0.398014992 0.709666997
vt 0.408459991 0.712745994
vt 0.418051004 0.705729008
vt 0.411426008 0.712298989
vt 0.726355016 0.176900029
vt 0.722118974 0.178924024
vt 0.429859996 0.697793007
vt 0.539251029 0.759294003
vt 0.632665992 0.207807004
vt 0.635861993 0.204064012
vt 0.634132981 0.210327029
vt 0.888143003 0.110301018
vt 0.88122803 0.107012987
vt 0.629975021 0.208667994
vt 0.62639302 0.205160022
vt 0.63400501 0.199908972
vt 0.412772 0.71164301
vt 0.418763012 0.71243301
vt 0.250274003 0.669059992
vt 0.253421009 0.649019986
vt 0.258561999 0.65081501
vt 0.414918989 0.708896011
vt 0.41661799 0.709666997
vt 0.424585998 0.708146989
vt 0.803294003 0.0818600059
vt 0.431147009 0.709719002
vt 0.381770015 0.688464999
vt 0.268819004 0.663327992
vt 0.466123015 0.708995014
vt 0.379586011 0.698235005
vt 0.621188998 0.178934991
vt 0.624728978 0.170621991
vt 0.358224005 0.556528002
vt 0.526670992 0.759248003
vt 0.824461997 0.0765479803
vt 0.514909029 0.753849
vt 0.39171499 0.705119014
vt 0.380748987 0.702212006
vt 0.387324005 0.705305994
vt 0.388092995 0.708577007
vt 0.396102011 0.700006992
vt 0.638127029 0.180557013
vt 0.389409989 0.705796987
vt 0.392581999 0.709497005
vt 0.395404994 0.70541501
vt 0.389849007 0.712879986
vt 0.256698996 0.675217986
vt 0.387331992 0.717974991
vt 0.398779005 0.716740996
vt 0.404722989 0.716706008
vt 0.419622004 0.676450998
vt 0.426752001 0.678021014
vt 0.631268024 0.198961973
vt 0.621191025 0.201663017
vt 0.62094897 0.197314024
vt 0.400086999 0.703732014
vt 0.427208006 0.689411998
vt 0.433153987 0.69243899
vt 0.436094999 0.709832013
vt 0.45243299 0.766268998
vt 0.264706999 0.691109985
vt 0.449342996 0.711107999
vt 0.459850997 0.716426998
vt 0.435178012 0.721852005
vt 0.428806007 0.725203007
vt 0.443084002 0.716486007
vt 0.446788996 0.722214997
vt 0.50109899 0.740705997
vt 0.272868007 0.63844201
vt 0.802459002 0.0272600055
vt 0.817125976 0.0222659707
vt 0.805619001 0.0350369811
vt 0.445308 0.742042989
vt 0.463384002 0.730576992
vt 0.512062013 0.743784994
vt 0.419634014 0.72823301
vt 0.424961001 0.725825012
vt 0.486306012 0.734494001
vt 0.791176021 0.0106350183
vt 0.815998018 0.00897300243
vt 0.813825011 0.0111359954
vt 0.817598999 0.0161979795
vt 0.821434021 0.0174980164
vt 0.810953021 0.0186229944
vt 0.792384028 0.0210130215
vt 0.785269976 0.0120509863
vt 0.396618009 0.708388001
vn -0.95533675 0.0583022423 0.289711148
vn -0.932014823 0.354805619 0.0739011765
vn -0.987683535 0.0409993194 0.15099749
vn -0.296202362 0.359202862 -0.885007024
vn -0.115697324 0.535487592 -0.836580634
vn -0.081896849 0.244190603 -0.966262817
vn -0.713983059 -0.493788302 -0.496388227
vn -0.90389055 0.188898027 -0.383796006
vn -0.0953952894 0.242888004 -0.965352356
vn -0.4748061 -0.0118001513 -0.88001132
vn -0.416998208 0.334298581 -0.845196366
vn -0.237304762 -0.495409966 -0.835616767
vn -0.776074886 -0.592680812 0.215493023
vn -0.181194484 -0.895372748 -0.406787634
vn -0.450816929 0.240409017 -0.859632254
vn -0.605084062 0.697881639 -0.383189917
vn -0.436185956 0.537382662 -0.721776724
vn -0.817735434 0.336314559 -0.46712023
vn -0.168401957 0.713508248 -0.680107892
vn 0.104606427 0.848452091 -0.518831849
vn -0.515494466 -0.850990891 -0.100398928
vn -0.109702609 -0.9886235 -0.10290245
vn -0.4748061 -0.0118001513 -0.88001132
vn -0.411610782 -0.465312183 -0.783620536
vn -0.999884903 0.012699808 0.00829987507
vn -0.925927877 0.332910031 -0.178405374
vn -0.90389055 0.188898027 -0.383796006
vn -0.0715004504 -0.520103276 -0.851105332
vn -0.181691661 0.915957987 -0.357783586
vn -0.496389449 0.535588622 -0.683185458
vn -0.513306439 0.161302015 -0.842910528
vn -0.591315448 -0.386810124 -0.707618535
vn -0.567203522 0.1456009 -0.810605049
vn 0.618990541 -0.421693534 -0.662589848
vn -0.893511593 0.448505819 0.0219002832
vn -0.611409962 0.782912791 -0.11500188
vn -0.0360010453 0.941027284 -0.336409777
vn -0.874404728 -0.482402623 0.0520002842
vn -0.925927877 0.332910031 -0.178405374
vn -0.373700678 0.925001681 -0.0687001273
vn -0.0874960199 0.996154726 -0.00449979538
vn -0.577784717 0.811278522 0.089397639
vn -0.932014823 0.354805619 0.0739011765
vn -0.647700965 0.649000943 0.399100572
vn -0.461618245 -0.887035012 0.00880034734
vn -0.0446980931 -0.998057425 0.0433981493
vn -0.893511593 0.448505819 0.0219002832
vn -0.143893927 0.938960373 0.312486798
vn 0.618990541 -0.421693534 -0.662589848
vn -0.591315448 -0.386810124 -0.707618535
vn -0.0715004504 -0.520103276 -0.851105332
vn -0.437518507 -0.163406909 0.884237409
vn -0.428405821 -0.0825011209 0.899812222
vn -0.608990371 -0.216396585 0.763087928
vn 0.396717131 0.0507021882 -0.916539609
vn 0.196106821 -0.149405196 -0.969133735
vn 0.130503029 -0.0799018592 -0.988222957
vn 0.515377641 -0.214190707 -0.829763949
vn -0.0163998995 -0.610696256 -0.791695118
vn -0.241694272 0.0120997131 -0.970277011
vn -0.0561990403 -0.0862985253 -0.994682968
vn 0.0440001227 -0.994702756 0.0929002538
vn 0.0257992521 -0.998971045 0.0372989215
vn -0.0574018545 -0.987631917 -0.14590472
vn 0.0187994428 -0.492385417 -0.870174229
vn -0.304408133 -0.0461012311 0.951425433
vn -0.13140592 -0.0191008598 0.991144598
vn 0.0972012654 -0.0623008087 0.993312895
vn 0.673491299 -0.0438994318 -0.737890482
vn 0.225305989 -0.291607767 0.929624736
vn -0.197403908 -0.0281005558 0.979919434
vn 0.0237006824 -0.993128598 -0.114603296
vn 0.0221006591 -0.999729812 -0.00720021501
vn 0.081599094 -0.994588971 -0.0642992854
vn 0.563329041 -0.0811041817 -0.822242379
vn 0.0165996421 -0.945879579 -0.324093014
vn -0.384504884 0.705608964 -0.595207572
vn 0.254802018 -0.0866006836 0.963107586
vn 0.0356012397 -0.999134779 0.0215007477
vn -0.135096848 -0.0554987043 -0.989276886
vn 0.0759037063 0.907644272 -0.412820131
vn -0.421619803 0.190008923 -0.886641622
vn -0.410210937 0.859722972 -0.304308116
vn -0.404092431 0.339993626 -0.849184096
vn 0.291208744 0.0465013981 0.955528677
vn 0.0445006341 -0.987714052 -0.149802133
vn 0.028999852 -0.995794892 0.0868995562
vn -0.426882356 0.877763689 -0.217491001
vn 0.173703149 -0.0338006131 0.984217823
vn 0.0171004888 -0.988628328 0.149404272
vn -0.123701788 0.917913258 -0.377005458
vn 0.0359011069 -0.881127179 0.471514553
vn -0.0615007989 0.997613013 -0.0314004086
vn 0.231305972 -0.055001419 0.971325099
vn 0.124999315 0.0458997488 0.99109453
vn 0.245906338 -0.905623376 0.345508903
vn 0.540786743 0.137896612 0.829779625
vn -0.420507729 0.90381664 0.0793014616
vn -0.0195992496 0.422683805 -0.906065285
vn 0.54811275 0.595413864 -0.587413669
vn -0.207297966 0.848791659 -0.48639521
vn 0.508528411 0.0556031056 0.859247983
vn -0.243591517 0.675176501 -0.696275711
vn -0.664382577 0.359990567 -0.654982865
vn 0.0103995884 -0.854966164 -0.518579483
vn -0.0744032487 0.867737889 -0.491421461
vn 0.138597786 -0.452192754 -0.881085873
vn 0.0451008938 0.505210042 -0.861817122
vn 0.411695987 -0.227797776 -0.882391393
vn 0.170399174 -0.913595557 -0.369198203
vn 0.110205561 -0.990249932 0.0852042958
vn 0.604086041 0.616085768 -0.505488276
vn 0.0451008938 0.505210042 -0.861817122
vn 0.413487911 0.163695216 -0.895673811
vn -0.664398849 0.523099124 -0.533799112
vn -0.353897333 0.878693402 -0.320397586
vn 0.0431988724 -0.998973906 0.0135996453
vn -0.400888532 0.808576822 -0.430687666
vn -0.0744032487 0.867737889 -0.491421461
vn 0.441310704 -0.841920376 -0.310507536
vn -0.05990161 0.946025431 -0.318508565
vn 0.525192142 -0.582591295 -0.620290756
vn 0.646980643 -0.305390865 -0.69867909
vn 0.213906825 -0.833326578 -0.509716272
vn -0.704607368 -0.0113001177 -0.709507406
vn -0.171603888 -0.0761017278 -0.982222319
vn 0.522408068 0.124801934 -0.843513072
vn -0.400888532 0.808576822 -0.430687666
vn -0.704607368 -0.0113001177 -0.709507406
vn -0.0744032487 0.867737889 -0.491421461
vn -0.769787788 -0.148897633 -0.620690167
vn -0.171603888 -0.0761017278 -0.982222319
vn -0.301812589 -0.82053417 -0.485420227
vn 0.73381716 -0.528612375 -0.42670998
vn -0.00860012043 0.99991399 0.00990013871
vn -0.184897825 0.325496167 -0.927289069
vn 0.229803905 -0.00630010711 0.973216534
vn -0.0507011935 0.0977022946 0.993923366
vn -0.0165002104 -0.464705944 0.885311306
vn 0.181700662 0.0858003125 -0.979603589
vn -0.171603888 -0.0761017278 -0.982222319
vn 0.213906825 -0.833326578 -0.509716272
vn -0.147999898 0.988399327 0.0340999775
vn 0.0624984838 -0.643984377 0.762481511
vn 0.0174001772 -0.516005218 0.856408656
vn 0.0737022012 -0.977929175 0.195505828
vn 0.131295621 -0.991266966 0.0122995898
vn 0.00749993464 0.382096648 0.924091935
vn -0.664398849 0.523099124 -0.533799112
vn -0.05990161 0.946025431 -0.318508565
vn 0.10789784 -0.988080204 0.109797798
vn 0.213906825 -0.833326578 -0.509716272
vn -0.0237993896 0.933076084 -0.358890802
vn 0.613111615 0.235704467 -0.754014313
vn 0.522408068 0.124801934 -0.843513072
vn -0.0660977215 0.994065702 0.086397022
vn -0.0237993896 0.933076084 -0.358890802
vn -0.147999898 0.988399327 0.0340999775
vn 0.609815717 -0.235906079 -0.756619513
vn 0.929305971 -0.243001565 -0.278101802
vn 0.19990918 0.545325041 -0.814037383
vn -0.771187067 0.495091707 -0.400193304
vn 0.0985996649 0.995096624 0.00779997325
vn -0.05990161 0.946025431 -0.318508565
vn 0.0102002397 0.999923468 -0.00700016413
vn -0.00860012043 0.99991399 0.00990013871
vn -0.125195131 0.41738376 0.900065005
vn -0.0426987484 0.454986691 0.889473975
vn -0.0396004729 0.166701987 0.98521179
vn -0.44429177 0.89438343 -0.0517990403
vn -0.164508805 0.300616086 -0.939450264
vn -0.324587017 0.356585741 -0.876065016
vn -0.301812589 -0.82053417 -0.485420227
vn 0.0981950536 0.219088972 -0.970751107
vn 0.261503309 0.20760262 -0.942611873
vn 0.401702672 0.317402124 -0.859005749
vn -0.379013896 0.921533823 0.0844030976
vn -0.0213999003 0.978695452 0.204199046
vn 0.692937315 0.495526671 -0.523728192
vn 0.692937315 0.495526671 -0.523728192
vn 0.894327402 -0.360411048 -0.265108138
vn 0.858750582 -0.287883431 -0.42387563
vn 0.708721757 0.100303076 -0.698321402
vn 0.591302752 0.584902704 -0.555202544
vn 0.888516903 0.455008656 -0.0592011288
vn 0.998425603 -0.0556014255 -0.00740018999
vn 0.591302752 0.584902704 -0.555202544
vn 0.948024631 0.308208019 -0.0791020542
vn 0.0193990041 0.958750725 0.283585429
vn 0.214095145 0.631085694 0.745583057
vn -0.0382021368 0.718440235 0.694538891
vn -0.0253986344 0.468774766 -0.882952511
vn 0.937993407 -0.306997865 -0.160998866
vn 0.00579991797 0.951886594 0.30639568
vn 0.985736787 0.165706187 0.0294010974
vn 0.160703138 0.325406373 0.931818247
vn 0.247613266 0.514527559 -0.820944011
vn -0.0656995177 0.284597933 -0.956393003
vn -0.467926055 0.762842476 0.446224838
vn -0.420507729 0.90381664 0.0793014616
vn -0.379013896 0.921533823 0.0844030976
vn -0.384195656 0.838090539 0.387295634
vn 0.504633665 0.553036869 -0.662944257
vn 0.582275808 0.507578909 -0.635073602
vn 0.739798009 0.348899066 -0.575298488
vn 0.591302752 0.584902704 -0.555202544
vn 0.964249074 0.0384979695 -0.26218617
vn 0.964249074 0.0384979695 -0.26218617
vn 0.233508468 -0.958234727 0.165105984
vn -0.0212992895 -0.999766648 0.00359988003
vn 0.823007584 0.420303881 -0.382103533
vn 0.631767333 -0.774859905 0.0214988869
vn -0.0332010575 -0.998631775 0.0404012874
vn -0.0102997255 -0.985373735 0.170095474
vn 0.880599618 -0.429399818 -0.200399905
vn 0.00179998041 -0.999989152 0.00429995311
vn -0.373898476 0.518797874 0.768796861
vn 0.948269129 -0.0684977695 -0.309989899
vn 0.915928423 -0.398412377 -0.048401501
vn -0.266701102 0.905703783 -0.32950139
vn -0.107299343 0.810095012 -0.576396465
vn 0.945153296 -0.244487911 -0.216589302
vn 0.970630765 0.130804151 -0.201906398
vn 0.973208845 0.165601507 -0.159501448
vn -0.271504253 0.962115049 -0.0249003898
vn 0.971144199 -0.183608353 -0.152206928
vn -0.271504253 0.962115049 -0.0249003898
vn 0.0316997878 0.991293371 -0.127799138
vn -0.250511318 0.964843631 0.0795035958
vn 0.00159996853 -0.998280346 0.0585988462
vn 0.970766664 -0.205092952 -0.124695711
vn -0.664072812 0.688971758 0.290388107
vn -0.649788678 0.738787115 -0.178796872
vn 0.0207005572 -0.998726904 0.0460012369
vn -0.040497914 0.523673058 -0.850956202
vn -0.115498193 -0.989084542 0.0914985687
vn 0.83092308 -0.554515421 -0.0456012674
vn -0.656801283 0.611301184 -0.441500843
vn -0.325787276 0.566977859 -0.756570399
vn 0.990722239 -0.0708015859 0.116002604
vn 0.874685228 -0.443692505 0.195096701
vn 0.932088256 -0.350795597 0.0902988613
vn -0.695285141 0.0528988689 -0.716784656
vn 0.279089689 -0.955464721 0.0958964601
vn -0.87949729 0.0533998348 -0.472898543
vn 0.291809797 -0.956432104 0.0092003094
vn -0.136201993 -0.990214527 -0.0304004457
vn 0.986535013 -0.130104616 0.0991035178
vn 0.981151342 0.183690891 0.0599970259
vn -0.812562943 -0.334584743 -0.477278233
vn -0.638823986 -0.0484018177 -0.767828882
vn -0.457089514 -0.257994086 -0.851180494
vn -0.790905952 -0.238601789 -0.563504219
vn -0.277087659 0.0234989543 -0.960557222
vn -0.0639984831 0.294593006 -0.953477383
vn -0.649788678 0.738787115 -0.178796872
vn 0.74490869 0.543806314 -0.386504501
vn -0.991060495 0.0983960778 -0.0900964066
vn -0.87949729 0.0533998348 -0.472898543
vn 0.823007584 0.420303881 -0.382103533
vn 0.980711401 -0.13650158 -0.139901623
vn -0.991060495 0.0983960778 -0.0900964066
vn -0.95691669 -0.247704312 -0.151502639
vn -0.87949729 0.0533998348 -0.472898543
vn -0.937333047 -0.185406536 0.295010418
vn -0.974483788 0.0789986849 0.210096508
vn -0.974483788 0.0789986849 0.210096508
vn 0.0123999035 0.245598078 -0.969292462
vn -0.790905952 -0.238601789 -0.563504219
vn -0.0685008988 -0.00870011467 -0.997613132
vn 0.186996937 0.575290561 -0.796286941
vn 0.392489284 0.263592809 -0.881175935
vn -0.812562943 -0.334584743 -0.477278233
vn -0.192191869 -0.975958705 -0.102795646
vn 0.81746006 0.575171947 -0.0305985063
vn -0.887147009 -0.341879576 -0.309981495
vn 0.413487911 0.163695216 -0.895673811
vn 0.691273928 0.720372856 0.0565978661
vn 0.81746006 0.575171947 -0.0305985063
vn 0.466710955 0.755117714 0.460410804
vn -0.94871664 -0.288205057 -0.129902273
vn 0.902570426 0.0115996199 0.430385917
vn 0.986517727 0.113602042 0.117802121
vn 0.609534264 0.637135804 0.471726537
vn 0.901490033 0.20099777 -0.383295745
vn 0.0355995223 -0.989986658 0.136598155
vn 0.778622568 0.0748021677 -0.623018086
vn 0.364709318 -0.0562014356 -0.929423749
vn 0.986517727 0.113602042 0.117802121
vn -0.610018194 0.509915233 0.60651809
vn -0.0542010516 0.811515749 0.581811309
vn 0.989468396 -0.132795766 0.0575981624
vn -0.268702596 0.805807829 0.527705133
vn 0.882805705 0.468903035 -0.0280001815
vn 0.989536643 0.12220452 -0.0767028406
vn -0.02740019 0.717804968 0.695704818
vn 0.0433002412 -0.985005498 0.167000934
vn 0.035198573 -0.998959541 0.0289988257
vn 0.0541006513 -0.998412073 0.0157001894
vn 0.666339993 0.730443895 -0.149809003
vn -0.00989985093 0.231496513 0.972785354
vn 0.636084139 -0.0191995222 -0.771380782
vn 0.995784163 -0.0660989508 -0.0635989904
vn 0.983496845 0.0241999235 -0.179299429
vn 0.895906091 0.0742005035 -0.438002974
vn 0.523009121 0.0372006483 -0.851514876
vn 0.757702231 -0.355301052 -0.547401607
vn 0.858927786 0.140604541 -0.492415935
vn 0.928911865 -0.331904233 0.164202094
vn 0.62162286 -0.645523727 0.443716317
vn -0.411997736 0.501597226 0.760695815
vn 0.0242006555 0.600016236 0.799621642
vn 0.298413366 -0.368716538 0.880339444
vn 0.776110351 -0.277803719 0.566107571
vn 0.0232002605 -0.998211265 0.0551006198
vn 0.921510875 0.314303726 0.228102699
vn 0.963352263 0.0924954191 0.251787543
vn 0.590615094 -0.128103271 0.796720386
vn 0.0244991295 -0.999264538 0.0294989534
vn 0.9972561 0.0699969158 -0.0240989383
vn 0.654997289 0.744796932 0.127499476
vn 0.421186447 -0.809373975 0.409286857
vn 0.518416345 -0.832526267 0.195306167
vn -0.0236010887 0.332115322 0.942943454
vn 0.96792537 0.22290583 0.115903035
vn 0.95245719 -0.0595973209 0.298786581
vn -0.898668647 -0.294689715 0.324888676
vn 0.0283997152 -0.287397116 0.957390368
vn 0.715597212 0.267898947 0.645097494
vn 0.14809832 0.704192042 0.694392145
vn 0.589278817 0.715374291 0.375486493
vn -0.117101945 0.954715848 0.273504555
vn 0.589278817 0.715374291 0.375486493
vn 0.14809832 0.704192042 0.694392145
vn 0.825602591 0.222800702 0.518401623
vn 0.123100564 -0.01940009 0.992204547
vn 0.742401421 0.511900961 0.432200819
vn 0.963352263 0.0924954191 0.251787543
vn 0.891266823 0.43588376 0.125095338
vn 0.825602591 0.222800702 0.518401623
vn 0.1405963 0.611083925 0.77897954
vn 0.566417813 0.480115116 0.669821084
vn 0.0991009176 0.0768007115 0.992109179
vn 0.621615112 0.584214211 -0.521812677
vn 0.475212395 -0.082202144 -0.876022816
vn 0.621615112 0.584214211 -0.521812677
vn 0.924466133 -0.375786245 0.0643976405
vn -0.728895664 0.0176998954 0.684395969
vn -0.664072812 0.688971758 0.290388107
vn 0.666339993 0.730443895 -0.149809003
vn -0.610018194 0.509915233 0.60651809
vn 0.909593165 -0.357997328 -0.210898414
vn 0.980564177 0.166493922 -0.103796206
vn 0.824182689 0.457790375 0.333392978
vn 0.902570426 0.0115996199 0.430385917
vn -0.411997736 0.501597226 0.760695815
vn 0.980564177 0.166493922 -0.103796206
vn 0.909593165 -0.357997328 -0.210898414
vn -0.627001107 -0.150200278 0.764401376
vn 0.110795751 0.417783976 0.901765406
vn 0.824182689 0.457790375 0.333392978
vn 0.887909353 0.0508005358 0.457204819
vn 0.980146825 0.0120005738 0.197909459
vn -0.927043796 -0.304414362 0.218910336
vn 0.172193184 0.334686756 0.926463306
vn 0.0387981869 0.248888373 0.967754781
vn -0.975344002 -0.176407948 0.132605985
vn -0.73420006 -0.325900018 0.595600069
vn -0.800496578 -0.464698017 0.378498375
vn 0.328090698 0.648181617 0.687180519
vn 0.670872569 0.459981203 0.581676245
vn 0.387711227 0.276207983 0.879425466
vn -0.181098565 -0.948392451 0.260297924
vn 0.670872569 0.459981203 0.581676245
vn 0.78349334 -0.0875992551 0.615194738
vn -0.828141868 -0.170908645 0.533827007
vn 0.485280186 0.0659973025 0.871864378
vn 0.387711227 0.276207983 0.879425466
vn 0.375406116 0.168502748 0.911414862
vn 0.590615094 -0.128103271 0.796720386
vn 0.891266823 0.43588376 0.125095338
vn 0.375406116 0.168502748 0.911414862
vn 0.179099873 0.283499777 0.942099333
vn -0.270496577 0.114498548 0.955887914
vn -0.270496577 0.114498548 0.955887914
vn -0.0829991847 0.328096777 -0.940990746
vn 0.123602338 0.304005772 0.944617867
vn 0.328886151 0.51007849 0.794766545
vn 0.313108504 0.254706919 0.91492486
vn 0.157400861 0.0617003404 0.985605419
vn 0.104899667 -0.122599609 0.986896873
vn -0.0453998931 0.268899351 -0.962097704
vn -0.825546682 -0.201511398 -0.527129829
vn -0.404993147 0.346094131 -0.846285641
vn -0.448103994 0.230302051 -0.863807738
vn -0.0214004274 0.607912123 -0.793715835
vn 0.179099873 0.283499777 0.942099333
vn -0.135303333 -0.206605092 -0.969023883
vn -0.853172839 -0.08839719 -0.514083624
vn -0.135303333 -0.206605092 -0.969023883
vn 0.1110017 0.804412365 -0.583608925
vn -0.404993147 0.346094131 -0.846285641
vn -0.448103994 0.230302051 -0.863807738
vn -0.0555016398 0.292908669 -0.954528213
vn -0.526700139 -0.340900093 -0.778700233
vn -0.149604604 -0.683221042 -0.714721978
vn -0.534118593 -0.546619058 -0.644922435
vn 0.0540989824 -0.998181224 0.0265995003
vn -0.526700139 -0.340900093 -0.778700233
vn -0.581798673 -0.0545998737 -0.811498106
vn -0.782295167 0.100199379 -0.614796221
vn -0.782295167 0.100199379 -0.614796221
vn 0.0283997152 -0.287397116 0.957390368
vn -0.0651003942 -0.533003211 0.843605101
vn 0.179099873 0.283499777 0.942099333
vn -0.898668647 -0.294689715 0.324888676
vn 0.421186447 -0.809373975 0.409286857
vn 0.699899673 -0.516999781 -0.492799789
vn -0.135303333 -0.206605092 -0.969023883
vn 0.179099873 0.283499777 0.942099333
vn -0.466001719 0.708402634 0.530101955
vn -0.853172839 -0.08839719 -0.514083624
vn 0.696901023 0.125500187 0.70610106
vn -0.645527124 -0.181607619 -0.741831124
vn -0.466001719 0.708402634 0.530101955
vn -0.0651003942 -0.533003211 0.843605101
vn -0.0651003942 -0.533003211 0.843605101
vn -0.428978503 -0.0169991478 -0.903154731
vn -0.581798673 -0.0545998737 -0.811498106
vn -0.0492982939 0.0208992772 -0.998565435
vn 0.0030000871 0.322609365 -0.946527421
vn 0.646980643 -0.305390865 -0.69867909
vn -0.982504666 -0.121900581 -0.14080067
vn 0.123602338 0.304005772 0.944617867
vn 0.181802183 0.644807696 -0.742408872
vn 0.480701298 0.771602094 -0.416601121
vn -0.0188995115 0.109797165 -0.993774295
vn -0.0926981419 0.280794382 -0.9552809
vn -0.910527825 -0.0796024352 0.405712396
vn 0.613283932 -0.0393989682 0.788879335
vn 0.984126747 -0.112803064 -0.13700372
vn 0.989627719 -0.0392010957 0.138203874
vn 0.0650990084 0.59039104 -0.804487765
vn -0.853572965 -0.357888669 -0.378588021
vn -0.982504666 -0.121900581 -0.14080067
vn -0.913486302 -0.363594562 0.182597265
vn 0.994318366 0.00310005737 -0.106401965
vn 0.904836655 -0.0283011459 -0.424817204
vn 0.994865537 -0.0553980805 0.0846970677
vn 0.911675572 0.0206994452 0.410389006
vn -0.777144551 -0.465026647 0.424024284
vn 0.946716905 0.0989017636 0.306505471
vn -0.822286129 -0.553290665 -0.133097753
vn 0.688115895 0.115702674 0.716316521
vn 0.864166021 -0.0665973797 0.4987804
vn -0.822286129 -0.553290665 -0.133097753
vn 0.89124763 -0.114506118 0.438823462
vn -0.585503936 -0.305002064 -0.75110507
vn 0.0284001511 -0.433502316 -0.900704801
vn -0.359699041 -0.242899358 -0.900897622
vn -0.448103994 0.230302051 -0.863807738
vn 0.747182608 -0.198495373 -0.634285212
vn 0.955216229 -0.152302593 -0.253704309
vn -0.145399556 -0.123799622 -0.981597006
vn -0.273808897 -0.0428013913 -0.960831285
vn 0.917418122 0.221904382 -0.33030653
vn 0.806994498 0.0400997251 -0.589195967
vn 0.990188837 0.13059853 0.0496994406
vn -0.0213999003 0.978695452 0.204199046
vn 0.825084925 0.155497164 0.543190062
vn 0.00589999603 0.546099663 -0.837699473
vn 0.9858464 0.156507358 -0.0601028278
vn 0.895487428 0.00909987278 -0.444993764
vn -0.585503936 -0.305002064 -0.75110507
vn 0.992168605 -0.0253991969 0.122296132
vn 0.932344794 0.0403019376 0.359317273
vn -0.0492982939 0.0208992772 -0.998565435
vn -0.581798673 -0.0545998737 -0.811498106
vn 0.299104333 -0.0895012915 0.950013757
vn 0.317606479 -0.132502705 0.938919127
vn 0.00729984278 -0.999578476 0.0280993953
vn -0.00510010123 0.0702013969 -0.997519791
vn -0.0406990647 -0.0614985861 -0.997277021
vn 0.584205985 -0.101701036 0.805208206
vn 0.513379574 -0.0391984433 0.857265949
vn 0.0498986952 -0.107297197 -0.992974043
vn 0.208899841 0.0256999806 -0.977599263
vn -0.0406990647 -0.0614985861 -0.997277021
vn -0.00510010123 0.0702013969 -0.997519791
vn 0.0498986952 -0.107297197 -0.992974043
vn 0.132498294 0.197597459 -0.971287549
vn -0.0110002393 0.0289006289 -0.999521732
vn -0.581798673 -0.0545998737 -0.811498106
vn 0.0380985513 -0.140394658 -0.989362359
vn 0.914926708 -0.023900697 0.402911752
vn 0.740592539 0.0297996998 0.671293259
vn 0.308207601 -0.0954023525 -0.946523368
vn 0.642373025 -0.0254989285 -0.765967846
vn 0.676775336 -0.0595978312 0.733773291
vn 0.909006178 0.193001315 0.369402528
vn 0.570939183 0.197613552 -0.796854675
vn 0.618816555 0.269607216 -0.737819731
vn 0.431604385 0.83690846 -0.336603403
vn 0.693818152 0.26500693 -0.669617534
vn 0.479882032 0.0586978048 0.875367224
vn 0.690114141 0.63271296 -0.351307213
vn -0.219202459 0.760108531 -0.611706853
vn 0.564009309 0.46600771 -0.681711257
vn -0.508879483 0.534278452 -0.674972773
vn -0.664382577 0.359990567 -0.654982865
vn 0.604086041 0.616085768 -0.505488276
vn 0.525192142 -0.582591295 -0.620290756
vn 0.909593165 -0.357997328 -0.210898414
vn 0.924466133 -0.375786245 0.0643976405
vn 0.699899673 -0.516999781 -0.492799789
vn -0.149604604 -0.683221042 -0.714721978
vn -0.782295167 0.100199379 -0.614796221
vn 0.59819597 -0.255298287 -0.759594858
vn -0.315591693 -0.89487642 -0.315591693
vn -0.240907416 -0.834225655 -0.496015251
vn -0.0148996692 -0.99867785 -0.0491989106
vn -0.0356997773 -0.227198571 -0.973193884
vn -0.00980030093 0.126403883 -0.991930425
vn -0.144001439 -0.161501616 -0.976309776
vn -0.0304007065 -0.72751689 -0.685415924
vn -0.180707708 -0.781833351 -0.596725464
vn 0.0949971676 -0.995470285 -0.00379988668
vn 0.0115006762 0.455126762 -0.890352368
vn -0.346605688 0.297704905 -0.889514625
vn 0.046098683 0.12189652 -0.991471708
vn -0.370891005 -0.205395028 -0.905678034
vn 0.0586991608 0.283795953 -0.957086325
vn -0.0205990225 0.00839960109 -0.999752522
vn -0.731974721 0.0949967206 -0.674676716
vn -0.364699513 -0.499199331 -0.78599894
vn -0.489612758 -0.84632206 0.209805474
vn -0.581478179 0.591877759 0.558179021
vn -0.318199992 0.834899962 -0.449099988
vn -0.131905839 0.988643706 0.0720031857
vn -0.493411362 -0.449710369 -0.744517148
vn -0.0177990831 -0.365981132 -0.930452049
vn 0.446504921 0.0776008517 -0.891409814
vn 0.449715644 -0.337311745 -0.827028811
vn -0.0543015152 -0.0936026052 -0.994127691
vn -0.46078673 0.0708979592 -0.884674549
vn -0.189603403 0.716512859 -0.671312034
vn -0.0141996173 0.0380989723 -0.999173105
vn -0.0505004413 -0.401403517 -0.914508045
vn -0.501806974 0.413005739 -0.76001054
vn -0.346605688 0.297704905 -0.889514625
vn -0.189603403 0.716512859 -0.671312034
vn -0.106696911 -0.657480955 -0.745878398
vn 0.0804022849 0.37771073 -0.922426164
vn -0.408899069 -0.344399214 -0.845098078
vn -0.346605688 0.297704905 -0.889514625
vn 0.00440024072 -0.471325755 -0.881948233
vn -0.0954054445 0.246814087 -0.964355052
vn -0.0160008259 0.22791177 -0.97355032
vn -0.0403988399 -0.496885747 -0.866875112
vn 0.0617026947 -0.932440698 -0.356015563
vn 0.00640031416 0.390819192 -0.920445204
vn -0.0648014918 -0.0944021717 -0.993422866
vn 0.195104986 -0.24330622 -0.950124264
vn 0.0624017008 -0.591316104 -0.804021955
vn -0.731974721 0.0949967206 -0.674676716
vn -0.581478179 0.591877759 0.558179021
vn -0.976499975 -0.209000006 -0.0526000001
vn -0.976499975 -0.209000006 -0.0526000001
vn 0.947223723 0.314907908 -0.0600015037
vn 0.934582829 0.253095359 0.24999541
vn 0.950982988 0.207496285 0.229295909
vn -0.592996716 0.0458997488 -0.803895593
vn -0.0797013193 -0.854014158 -0.514108479
vn -0.0761035755 -0.172608122 -0.982046187
vn 0.79800868 -0.290503174 0.528005719
vn 0.635334373 0.206411168 0.744140208
vn -0.181208119 -0.00120005372 -0.983444035
vn 0.223406702 -0.354110628 -0.908127248
vn 0.00289989426 -0.411585003 -0.911366761
vn 0.876956344 0.270986497 0.396880239
vn -0.541679859 0.0609977283 -0.838368773
vn 0.278111279 -0.955138743 -0.10180413
vn 0.532202542 -0.842103958 0.0873004124
vn 0.672368884 -0.737365901 -0.0648970008
vn -0.276706547 -0.0288006831 -0.960522771
vn 0.964878738 0.261294246 0.0270994026
vn -0.153595448 0.240292877 -0.958471596
vn 0.224094555 -0.961076677 0.161596075
vn 0.290890127 -0.95186764 0.0965967178
vn 0.255904049 -0.4984079 -0.828313172
vn 0.32100001 -0.938900054 -0.124200009
vn -0.106796078 0.301188946 -0.947565198
vn -0.343192846 -0.0975979716 -0.934180558
vn -0.0678993389 0.634793818 -0.769692481
vn -0.190598488 0.0788993761 -0.97849226
vn 0.420611918 0.176404998 0.889925241
vn -0.563372493 -0.194590494 -0.802960753
vn 0.654172957 -0.656672895 0.375284493
vn 0.513810456 -0.550111175 -0.658313394
vn 0.422305256 -0.0766009539 -0.903211236
vn 0.351012379 0.0211007446 -0.936133027
vn 0.688685954 0.207995757 0.6945858
vn -0.264893413 0.0310992282 -0.963776052
vn 0.757425547 0.0114003848 -0.652822018
vn 0.576212764 -0.703915596 -0.415309191
vn -0.0688003898 0.0533002988 -0.996205568
vn 0.560107827 0.11980167 0.819711447
vn 0.833154023 0.334681511 0.440275699
vn 0.583494842 -0.80969286 0.0626994446
vn 0.274306625 -0.880021214 0.387709349
vn 0.339394838 0.349294692 -0.873386741
vn 0.108300991 -0.0510004647 -0.992809057
vn 0.0458020642 -0.135306105 -0.989744604
vn -0.0322006196 0.0729014054 -0.996819198
vn 0.548823059 0.673828304 -0.494720787
vn -0.0873974264 -0.00239992933 -0.99617064
vn -0.091001682 -0.403107464 -0.910616875
vn -0.0307987388 -0.646173537 -0.762568772
vn 0.116501898 -0.49050799 -0.863614023
vn 0.0927962139 -0.412183166 -0.90636301
vn -0.181900218 -0.0206000246 -0.983101189
vn 0.65479362 0.0278997272 -0.755292594
vn 0.899127305 0.0847025737 -0.42941305
vn 0.796069264 0.168493494 -0.581277549
vn 0.931209922 0.301503211 -0.204802185
vn 0.194792017 0.139594272 -0.970860183
vn -0.0307987388 -0.646173537 -0.762568772
vn 0.0914025381 -0.350409716 -0.932125866
vn 0.15659976 0.036199946 -0.986998498
vn 0.00459995819 -0.433396071 -0.901191831
vn -0.091001682 -0.403107464 -0.910616875
vn 0.389390171 0.157096028 -0.907577097
vn 0.412292063 -0.131697476 -0.901482701
vn 0.389390171 0.157096028 -0.907577097
vn 0.0914025381 -0.350409716 -0.932125866
vn -0.322689861 -0.29769066 -0.898471773
vn -0.471616268 -0.522918046 -0.710024536
vn -0.29959172 -0.636982381 -0.710280359
vn 0.0411001183 -0.703302026 -0.709702075
vn 0.906474948 0.0879975706 -0.412988603
vn 0.570405126 0.00960008614 -0.821307361
vn -0.414921492 -0.210610911 -0.885145843
vn -0.358782023 -0.090195477 -0.929053426
vn 0.108300991 -0.0510004647 -0.992809057
vn 0.0682962611 -0.329881936 -0.941548467
vn 0.0927962139 -0.412183166 -0.90636301
vn -0.0873974264 -0.00239992933 -0.99617064
vn 0.15659976 0.036199946 -0.986998498
vn 0.00289989426 -0.411585003 -0.911366761
vn -0.529206634 -0.656608224 -0.537406743
vn -0.627793133 -0.0786991417 -0.774391532
vn -0.127705961 0.809737802 -0.572726727
vn 0.191704825 0.33960855 -0.920823157
vn 0.191704825 0.33960855 -0.920823157
vn 0.0765994564 -0.745494723 -0.662095308
vn 0.244095668 0.212496221 -0.946183205
vn 0.0448972806 -0.440873325 -0.896445751
vn -0.210405707 -0.884824038 -0.415711284
vn -0.399078786 -0.167691082 -0.901452065
vn -0.302805156 -0.607410312 -0.734412491
vn 0.244095668 0.212496221 -0.946183205
vn 0.175401226 -0.155701086 -0.972106755
vn 0.0914025381 -0.350409716 -0.932125866
vn -0.091001682 -0.403107464 -0.910616875
vn -0.0823963806 0.0862962082 -0.992856383
vn 0.21940805 -0.173206359 -0.960135221
vn 0.909113824 0.30730468 -0.281204283
vn 0.412292063 -0.131697476 -0.901482701
vn -0.600284815 0.0961975679 -0.793979943
vn -0.18659538 -0.0300992541 -0.981975675
vn 0.369885981 0.157294035 -0.915665329
vn 0.318805933 -0.362606764 -0.875716329
vn 0.974580348 0.193396106 0.11309772
vn 0.412292063 -0.131697476 -0.901482701
vn -0.0266002025 0.395903021 -0.917907
vn 0.984745264 0.165507615 -0.0537024699
vn 0.0448972806 -0.440873325 -0.896445751
vn 0.0411001183 -0.703302026 -0.709702075
vn -0.286100388 -0.926901281 -0.242900342
vn 0.429991096 0.333993077 -0.838782609
vn 0.165997773 0.200697318 -0.965487063
vn 0.971799076 0.192499816 -0.136199862
vn 0.121200725 -0.386702329 -0.914205492
vn 0.00429998012 -0.520097554 -0.854095995
vn -0.526883364 -0.849673152 -0.0211993307
vn 0.0818039402 -0.000900043407 -0.996648014
vn -0.231696308 -0.972284496 -0.0312995017
vn -0.0266002025 0.395903021 -0.917907
vn 0.105698481 -0.742289364 -0.661690533
vn 0.179900661 -0.700502574 -0.690602541
vn 0.938973129 0.274892122 0.206794083
vn 0.0339997075 -0.480395883 -0.876392484
vn -0.0761035755 -0.172608122 -0.982046187
vn -0.322708786 0.475612938 -0.818322301
vn 0.0946975648 -0.942675769 -0.319991767
vn 0.88570267 0.249200746 0.391701162
vn 0.075703904 0.52042681 -0.850543857
vn -0.322708786 0.475612938 -0.818322301
vn 0.075703904 0.52042681 -0.850543857
vn 0.108496852 0.0936972797 -0.98967129
vn 0.108496852 0.0936972797 -0.98967129
vn -0.150697917 0.228596836 -0.961786687
vn -0.773368776 -0.029398812 -0.633274436
vn 0.121802799 -0.683815718 -0.719416559
vn -0.707814276 0.0846017078 -0.701314151
vn 0.411698908 -0.828497827 -0.379599005
vn 0.459494591 -0.467494488 -0.755191088
vn -0.98671335 -0.162302196 0.00740010012
vn 0.958995044 -0.22579883 -0.171299115
vn 0.521412015 -0.762417555 -0.383208811
vn 0.282991648 -0.602482259 -0.746277988
vn 0.623485625 -0.488688767 -0.610285938
vn 0.477724761 -0.813842177 -0.330817133
vn -0.251000732 -0.0458001308 -0.966902792
vn 0.684559286 0.305481821 -0.661860585
vn 0.621392846 -0.590293169 -0.515194058
vn 0.87601769 0.0946019143 0.47290957
vn 0.850871921 -0.505083323 -0.144595236
vn -0.127705961 0.809737802 -0.572726727
vn 0.873845696 -0.0500026159 -0.483625293
vn -0.216598302 0.547195733 -0.808493674
vn -0.0205004066 -0.49680987 -0.867617249
vn 0.961537719 -0.204108015 0.183807209
vn 0.811905324 -0.269801766 -0.517703354
vn 0.811905324 -0.269801766 -0.517703354
vn 0.284700274 -0.727800667 -0.623900592
vn 0.284700274 -0.727800667 -0.623900592
vn 0.538908899 -0.455307513 -0.708711684
vn 0.372600019 -0.923300028 -0.0932000056
vn 0.359493613 0.577489734 -0.732986987
vn 0.135101289 0.371603578 -0.918508828
vn 0.598087132 -0.00879981089 -0.80138278
vn 0.429991096 0.333993077 -0.838782609
vn 0.165997773 0.200697318 -0.965487063
vn -0.0302007403 0.523612857 -0.851420879
vn 0.0554014407 0.0554014407 -0.99692595
vn 0.495276153 0.0115994411 -0.868658185
vn -0.265006542 -0.493112177 -0.828620493
vn -0.154696405 -0.245094299 -0.957077742
vn -0.251000732 -0.0458001308 -0.966902792
vn 0.495276153 0.0115994411 -0.868658185
vn 0.0554014407 0.0554014407 -0.99692595
vn 0.598087132 -0.00879981089 -0.80138278
vn -0.436394364 -0.560192764 -0.704090893
vn 0.493614346 -0.0818023756 -0.865825176
vn -0.104895391 0.0254988801 -0.994156301
vn -0.131305173 -0.220808685 -0.966438055
vn 0.475001782 0.361501336 -0.802303016
vn 0.523988783 -0.247794688 -0.814882517
vn -0.0886968449 0.48218286 -0.871569037
vn 0.304292858 0.0568986647 -0.950877726
vn 0.0892035589 0.452218026 -0.887435377
vn 0.148797944 0.15089792 -0.977286518
vn 0.657792032 -0.0127998441 -0.753090858
vn 0.188996807 -0.36409384 -0.911984563
vn 0.122499406 0.456797779 -0.881095707
vn 0.876947463 -0.270514637 -0.397221506
vn -0.106796078 0.301188946 -0.947565198
vn 0.0593012236 0.306506336 -0.950019598
vn -0.0155004906 -0.299309462 -0.954030156
vn 0.340513259 0.939336538 0.0412016027
vn -0.0761035755 -0.172608122 -0.982046187
vn 0.108496852 0.0936972797 -0.98967129
vn 0.0120998481 0.117598519 -0.992987514
vn 0.978711784 0.154501855 0.135101631
vn -0.0155004906 -0.299309462 -0.954030156
vn 0.0593012236 0.306506336 -0.950019598
vn -0.482016206 0.0786026418 -0.872629344
vn -0.563372493 -0.194590494 -0.802960753
vn -0.46479702 -0.872994363 0.147799045
vn -0.913486302 -0.363594562 0.182597265
vn 0.0120998481 0.117598519 -0.992987514
vn -0.106796078 0.301188946 -0.947565198
vn -0.0464984477 -0.368487716 -0.928469002
vn -0.181900218 -0.0206000246 -0.983101189
vn -0.358782023 -0.090195477 -0.929053426
vn -0.328715891 0.026901301 -0.944045663
vn -0.0464984477 -0.368487716 -0.928469002
vn 0.91732794 0.348110586 -0.193205878
vn 0.0208999403 0.202799425 -0.978997231
vn -0.0202003065 -0.243403688 -0.969714701
vn -0.299701244 -0.882603645 -0.362201512
vn -0.0800991654 -0.554094255 -0.828591406
vn -0.204304636 -0.326307416 -0.922920942
vn 0.0583010428 0.600210726 -0.797714293
vn 0.538908899 -0.455307513 -0.708711684
vn -0.398782969 -0.362484515 -0.842364013
vn -0.204304636 -0.326307416 -0.922920942
vn 0.00210012146 0.392022669 -0.919953167
vn -0.0143007934 0.66853708 -0.7435413
vn 0.173005491 0.34551096 -0.922329247
vn 0.147295266 -0.356088549 -0.922770321
vn -0.328715891 0.026901301 -0.944045663
vn 0.034898255 -0.969651461 -0.241987884
vn 0.67861104 -0.6653108 0.311205059
vn 0.704587638 -0.70878756 -0.0342993997
vn -0.00479995506 -0.694793522 -0.71919328
vn -0.149694994 -0.0653978139 -0.98656702
vn 0.646898448 -0.696098328 -0.311399251
vn 0.99938339 0.034999419 0.00279995357
vn -0.145505071 0.358212471 -0.922232151
vn 0.931841493 -0.358215958 -0.0579025783
vn 0.561419666 -0.815028608 -0.143305033
vn 0.0171999075 0.558396995 -0.829395533
vn -0.131305173 -0.220808685 -0.966438055
vn 0.362799078 0.0649998412 -0.929597676
vn 0.0712999701 0.0412999801 -0.996599555
vn 0.160695627 -0.00779978791 -0.986973166
vn 0.933375716 -0.345291018 0.0978974551
vn -0.0131998984 0.799293876 -0.600795388
vn 0.108096436 0.592380464 -0.798373699
vn -0.0885959417 0.100795381 -0.990954638
vn 0.267301112 0.643002689 -0.717703044
vn 0.845083654 -0.467490971 0.259395003
vn 0.214487761 0.0621964522 -0.97474438
vn 0.680706322 -0.731506824 0.0392003655
vn 0.892155409 -0.00679966016 0.451677412
vn -0.482016206 0.0786026418 -0.872629344
vn -0.145505071 0.358212471 -0.922232151
vn -0.145505071 0.358212471 -0.922232151
vn -0.0193995293 -0.0874978751 -0.995975792
vn 0.00549972756 -0.529073834 -0.848558009
vn -0.0297012907 -0.0949041247 -0.995043218
vn 0.339394838 0.349294692 -0.873386741
vn 0.103404559 0.592326105 -0.799035192
vn 0.586102068 0.624102235 -0.516701818
vn 0.586102068 0.624102235 -0.516701818
vn 0.103404559 0.592326105 -0.799035192
vn 0.673827469 0.534921765 -0.509720743
vn -0.0538017079 -0.140404448 -0.988631368
vn -0.00179995399 0.183195323 -0.983074903
vn 0.019800568 -0.43621251 -0.899625778
vn 0.472193748 -0.696890771 -0.539792836
vn -0.0688003898 0.0533002988 -0.996205568
vn 0.120898791 0.435995638 -0.891791046
vn 0.207795575 0.663885832 -0.718384683
vn 0.646898448 -0.696098328 -0.311399251
vn 0.796079278 0.169795588 -0.580884874
vn -0.172503471 0.616512418 -0.768215477
vn 0.67408812 0.542690396 -0.501091182
vn 0.932825804 0.169804692 -0.317808777
vn 0.854107201 -0.173501462 -0.490304142
vn 0.890500724 0.284700245 -0.354900301
vn 0.84021771 0.422408909 -0.340007186
vn 0.515090823 0.127597734 -0.847584963
vn -0.00829988904 0.179697603 -0.983686864
vn 0.104096755 0.862873077 -0.49458456
vn 0.208899841 0.0256999806 -0.977599263
vn 0.046098683 0.12189652 -0.991471708
vn 0.233198673 0.113399349 -0.965794504
vn 0.034898255 -0.969651461 -0.241987884
vn 0.542208791 -0.140502274 -0.828413427
vn 0.580095351 0.16289869 -0.798093617
vn 0.275404274 -0.443306863 -0.853013217
vn 0.731185853 -0.49859035 -0.465590984
vn 0.890500724 0.284700245 -0.354900301
vn 0.515090823 0.127597734 -0.847584963
vn 0.23309648 0.888886571 -0.39439404
vn 0.307801425 -0.636602938 -0.707103252
vn 0.43479231 0.643188596 -0.630288839
vn 0.00419977261 0.952348411 -0.304983467
vn 0.515090823 0.127597734 -0.847584963
vn 0.111595489 -0.559377372 -0.821366787
vn 0.503805041 -0.525605261 -0.685506821
vn 0.523422599 -0.177707672 -0.833335936
vn 0.114503965 -0.258008927 -0.959333241
vn 0.433923483 0.220511943 -0.873547316
vn 0.671026587 0.522920728 -0.525620818
vn 0.116501898 -0.49050799 -0.863614023
vn 0.553515851 0.781122386 -0.288908273
vn 0.179103196 0.10950195 -0.9777174
vn 0.00549972756 -0.529073834 -0.848558009
vn 0.111595489 -0.559377372 -0.821366787
vn 0.623481095 0.189294249 -0.758576989
vn 0.790574372 0.609380245 -0.0603980422
vn 0.662611902 -0.545209825 -0.513509214
vn 0.693818152 0.26500693 -0.669617534
vn 0.705096424 -0.617396832 -0.348798215
vn 0.693818152 0.26500693 -0.669617534
vn 0.542208791 -0.140502274 -0.828413427
vn 0.59819597 -0.255298287 -0.759594858
vn 0.565719485 -0.191606611 -0.802027643
vn 0.705096424 -0.617396832 -0.348798215
vn 0.716902971 -0.0154000632 -0.697002888
vn -0.0777997971 -0.714498162 -0.695298195
vn 0.731884062 -0.416290939 -0.539488256
vn 0.694489777 0.161297634 -0.701189697
vn -0.508879483 0.534278452 -0.674972773
vn 0.864691079 -0.501494825 -0.0284997057
vn 0.17160219 0.250403196 -0.952812135
vn 0.109699689 -0.744897902 -0.658098102
vn 0.109699689 -0.744897902 -0.658098102
vn -0.0777997971 -0.714498162 -0.695298195
vn -0.508879483 0.534278452 -0.674972773
vn 0.248007312 -0.247807294 -0.93652761
vn 0.250492573 -0.19059436 -0.949171901
vn 0.248007312 -0.247807294 -0.93652761
vn 0.250492573 -0.19059436 -0.949171901
vn 0.662611902 -0.545209825 -0.513509214
vn 0.951860666 -0.167393088 -0.256789386
vn 0.894813716 0.150502309 -0.420306444
vn 0.237389386 0.601273119 -0.762965858
vn -0.000700005738 0.229501873 -0.973307967
vn 0.327612311 -0.167006284 -0.929934978
vn 0.327612311 -0.167006284 -0.929934978
vn 0.875597119 0.209599316 -0.435198575
vn 0.176702574 0.690710068 -0.70121026
vn 0.188007474 0.441317558 -0.877434909
vn 0.97334218 -0.225309759 -0.0429018587
vn 0.745937765 0.138607025 -0.651432991
vn 0.145001173 0.476003855 -0.867407024
vn 0.879809737 0.247502729 -0.405804485
vn 0.570405126 0.00960008614 -0.821307361
vn 0.634570122 -0.677568078 0.371782511
vn 0.283389598 -0.235791355 -0.929565907
vn 0.551721215 -0.383114725 -0.740828454
vn 0.867489398 -0.38229534 0.318296105
vn 0.984756589 0.0921959355 -0.147493497
vn 0.809388936 -0.262396425 -0.52539283
vn 0.809388936 -0.262396425 -0.52539283
vn 0.0712999701 0.0412999801 -0.996599555
vn 0.934577763 -0.0637984797 -0.349991679
vn 0.551721215 -0.383114725 -0.740828454
vn 0.639710546 -0.647010624 -0.41490683
vn 0.951860666 -0.167393088 -0.256789386
vn 0.430199891 0.156299964 -0.889099777
vn 0.965305686 0.157200933 -0.208501235
vn 0.612996876 0.279498577 -0.738996208
vn 0.984756589 0.0921959355 -0.147493497
vn 0.992883384 0.11779803 -0.0174997076
vn 0.94831419 0.0485007241 0.313604683
vn 0.993252039 -0.104305461 0.0507026576
vn 0.944419205 -0.167103395 0.283105761
vn 0.179900661 -0.700502574 -0.690602541
vn 0.362799078 0.0649998412 -0.929597676
vn 0.992091537 0.013399886 -0.124798939
vn 0.967693925 -0.241298482 0.0730995387
vn 0.985340476 -0.00810033269 0.170406997
vn -0.325397253 0.590295017 -0.738693714
vn 0.977820992 0.198804259 -0.0659014136
vn -0.453394115 0.06699913 -0.888788462
vn 0.918575883 -0.393889666 -0.0326991417
vn 0.871881962 -0.481690019 0.0882981718
vn 0.975418091 0.215203986 -0.0474008769
vn 0.513810456 -0.550111175 -0.658313394
vn 0.121802799 -0.683815718 -0.719416559
vn 0.911996663 0.407798499 0.0442998372
vn 0.621392846 -0.590293169 -0.515194058
vn 0.238607422 -0.970930219 0.0190005917
vn -0.164706394 -0.986038268 -0.0245009512
vn -0.976499975 -0.209000006 -0.0526000001
vn -0.164706394 -0.986038268 -0.0245009512
vn -0.265006542 -0.493112177 -0.828620493
vn -0.436394364 -0.560192764 -0.704090893
vn 0.372600019 -0.923300028 -0.0932000056
vn 0.972404957 -0.19020097 -0.135100693
vn 0.238607422 -0.970930219 0.0190005917
vn 0.238607422 -0.970930219 0.0190005917
vn 0.972404957 -0.19020097 -0.135100693
vn 0.422304451 0.9010095 -0.0992010459
vn 0.00210012146 0.392022669 -0.919953167
vn -0.213799372 0.291099131 -0.932497263
vn 0.422304451 0.9010095 -0.0992010459
vn 0.472193748 -0.696890771 -0.539792836
vn 0.854107201 -0.173501462 -0.490304142
vn -0.219202459 0.760108531 -0.611706853
vn -0.164706394 -0.986038268 -0.0245009512
vn 0.59819597 -0.255298287 -0.759594858
vn -0.542684555 -0.552684307 0.632482052
vn -0.861584723 0.0180996787 0.507291019
vn -0.172197357 0.284495622 0.943085551
vn -0.0500016585 0.551118314 0.832927644
vn -0.0843971521 0.316089332 0.944968104
vn -0.0408001356 0.539801776 0.840802789
vn -0.415308475 0.0347007066 0.909018576
vn -0.273885161 0.0909950659 0.957448065
vn -0.662404835 -0.200901464 0.721705258
vn -0.00839985535 0.378693461 0.925484061
vn -0.220007777 0.368713021 0.903131902
vn -0.66663599 -0.0603032559 0.742940068
vn -0.167199776 -0.589199185 0.790498912
vn -0.478094757 0.0702992305 0.875490367
vn -0.861584723 0.0180996787 0.507291019
vn -0.154606044 0.0294011496 0.987538636
vn -0.647700965 0.649000943 0.399100572
vn -0.473375559 0.521273077 0.710063338
vn -0.0880978927 0.710182965 0.698483288
vn -0.143893927 0.938960373 0.312486798
vn 0.0175991822 0.0487977341 0.998653591
vn -0.81182766 0.353912055 0.464415848
vn -0.0238997415 0.844390869 0.535194218
vn -0.360212028 0.573419154 0.735824585
vn -0.425818473 0.408717752 0.807235062
vn -0.81182766 0.353912055 0.464415848
vn -0.166099459 0.135199562 0.976796806
vn -0.167090356 0.0485971943 0.984743178
vn -0.647700965 0.649000943 0.399100572
vn 0.0698021129 -0.969629288 0.234407082
vn -0.348201424 -0.664902687 0.660802662
vn -0.4608078 -0.886515021 0.0418007076
vn 0.108102672 0.0320007913 0.993624568
vn -0.681690812 -0.33039555 0.652791202
vn -0.392203152 -0.869306982 0.30080241
vn 0.041099146 0.0673986003 0.99687928
vn 0.285695225 0.104698256 0.952584147
vn 0.442206323 0.28860411 -0.84921211
vn 0.414694101 -0.0613991246 -0.907887101
vn -0.565392017 -0.615491331 -0.549092233
vn -0.178098485 -0.852992773 -0.490595847
vn -0.453487903 -0.721180737 -0.523686051
vn 0.432916969 0.273210704 0.859033644
vn -0.317902058 -0.402802587 0.858305514
vn 0.334401429 -0.159100682 0.928903997
vn -0.409574896 0.179488987 0.894445121
vn -0.21160306 -0.383405536 0.899012983
vn -0.317902058 -0.402802587 0.858305514
vn -0.501287401 -0.811279655 -0.300892442
vn -0.213308454 -0.0931036919 -0.972538531
vn -0.0688970238 0.145493716 -0.986957312
vn -0.0586000234 -0.930800378 -0.360800147
vn 0.0974954441 -0.966754854 -0.236388952
vn 0.0270999931 -0.998799741 0.0407999903
vn 0.544831336 0.37972185 0.747643054
vn 0.0501985215 -0.983271003 0.175094843
vn 0.104199566 -0.952096045 0.287498802
vn 0.441488534 0.400189608 0.803079188
vn 0.0476007424 -0.955414891 -0.291404545
vn -0.162994981 -0.975569904 -0.14729546
vn -0.457987428 -0.46248731 -0.759179175
vn -0.492496848 -0.0855994523 -0.86609447
vn -0.0164001789 -0.786708534 -0.617106736
vn -0.377096891 -0.691894293 -0.61569494
vn -0.170196399 -0.817982733 -0.549488366
vn -0.406707585 0.131002441 0.904116869
vn -0.0472025424 -0.919849575 -0.389420986
vn -0.474518001 -0.794230103 -0.379514396
vn 0.056301374 0.376209199 0.924822569
vn -0.579999983 -0.580900013 -0.571099997
vn -0.443292826 -0.896285474 -0.0127997929
vn -0.0607980341 0.444785625 -0.893571138
vn 0.402501017 0.359200925 -0.842002153
vn -0.524587333 0.0648984313 -0.848879457
vn -0.517793 -0.420394331 -0.745089948
vn -0.60230732 -0.274703354 -0.749509156
vn -0.368010998 -0.467713982 -0.803624034
vn -0.0873955935 -0.36688152 -0.926153302
vn -0.362204552 -0.864010811 -0.349704385
vn -0.539107323 -0.494606704 -0.68170923
vn -0.13529855 -0.895690382 -0.423595428
vn 0.453484684 0.278690606 -0.846571445
vn -0.581195176 -0.0209998246 0.813493192
vn -0.188607246 0.16590637 0.967937171
vn -0.627220273 0.0718023181 0.775525093
vn -0.0553983562 -0.482985675 -0.873874068
vn 0.00960005447 -0.877104998 -0.480202734
vn -0.0750965402 -0.989954412 -0.119794488
vn -0.0737033784 -0.180308253 0.980844915
vn -0.555228591 -0.314016163 0.770139635
vn 0.453484684 0.278690606 -0.846571445
vn -0.332207292 0.136202991 -0.933320463
vn 0.414694101 -0.0613991246 -0.907887101
vn -0.0500013307 -0.422411233 -0.905024111
vn -0.0178999845 -0.429899633 0.902699232
vn 0.442206323 0.28860411 -0.84921211
vn -0.501806974 0.413005739 -0.76001054
vn 0.442206323 0.28860411 -0.84921211
vn -0.188002735 -0.159602314 0.969114065
vn -0.182407632 -0.200608388 0.962540269
vn 0.0534986556 -0.956975937 0.285192817
vn -0.0039999648 -0.999991179 0.00129998848
vn -0.585690618 0.0798987225 0.8065871
vn -0.12570481 -0.762029111 -0.635224283
vn -0.350393623 -0.681587577 -0.642388284
vn -0.060298156 -0.830874622 -0.553183079
vn -0.483790398 -0.874782622 -0.0264994744
vn -0.0274988171 -0.999057055 -0.0335985534
vn -0.412898481 -0.879696786 0.235899135
vn -0.0817007795 0.202301919 0.975909293
vn -0.354407966 -0.346007764 -0.868719518
vn -0.31310758 -0.622315049 -0.717417359
vn -0.371787012 -0.921967804 0.108396217
vn -0.29580757 -0.893522918 0.337808669
vn -0.0935016423 -0.994417489 -0.0489008613
vn -0.0542996302 -0.570796132 -0.819294393
vn -0.0250000991 -0.985503912 -0.167800665
vn -0.254698485 -0.883294702 0.393597662
vn 0.165806979 -0.704729676 0.689829051
vn 0.0680998266 -0.753598094 0.653798342
vn -0.0435017645 -0.880835712 -0.471419126
vn -0.399819762 -0.625030875 -0.670433104
vn -0.10830044 -0.554802239 -0.824903309
vn 0.0724974275 -0.779272318 0.622477889
vn 0.313686728 -0.889262378 0.332885921
vn -0.130393654 -0.90475589 0.405480236
vn -0.417294681 -0.890988648 -0.178897724
vn -0.862491429 -0.351796508 -0.363796383
vn -0.399078786 -0.167691082 -0.901452065
vn -0.210405707 -0.884824038 -0.415711284
vn -0.055800572 -0.913009405 0.404104143
vn -0.0692978352 -0.960869968 -0.268191606
vn 0.00250000204 -0.904200792 0.42710036
vn -0.153602064 -0.98491329 -0.0797010735
vn -0.00630015507 -0.947123349 0.320807904
vn -0.18659538 -0.0300992541 -0.981975675
vn -0.776811182 0.0786011294 -0.624808967
vn -0.958791256 0.281897426 -0.0353996791
vn 0.486004472 -0.0598005503 0.871908009
vn -0.0242005121 -0.25770545 0.965920389
vn -0.0492984951 -0.955970824 0.289291173
vn 0.257409483 0.0841031 0.962635458
vn -0.293999523 -0.859898567 0.4172993
vn -0.973536253 -0.138205156 0.182006776
vn -0.0690974817 -0.984664083 0.160194159
vn -0.0886994749 -0.978194237 0.187798887
vn -0.951706171 -0.0688004494 -0.299201936
vn -0.0272006951 0.430411011 0.902223051
vn -0.106003337 -0.738723278 0.665620923
vn -0.986150146 -0.0278985891 0.163491741
vn -0.159898505 -0.893891633 0.418796092
vn -0.240701646 -0.970206678 -0.0276001897
vn -0.079198502 -0.952981949 0.292494446
vn -0.0917021632 -0.914821565 0.393309265
vn -0.265990287 -0.946965396 0.180293411
vn -0.00319995638 -0.960286856 -0.278996199
vn -0.0312000085 0.662400186 0.748500228
vn -0.542203128 0.552903175 0.632703602
vn -0.102396078 -0.985362232 0.136294782
vn -0.241398379 -0.931293726 -0.272798151
vn -0.389511824 -0.104903184 -0.915027797
vn -0.899111271 -0.43640545 0.0339004248
vn 0.0937030166 0.390012532 0.916029453
vn 0.102395155 -0.816861331 0.567673147
vn 0.158400968 -0.846605182 0.508103132
vn -0.718412459 -0.443007708 -0.536309302
vn 0.109104291 -0.674326479 0.730328679
vn -0.354214519 -0.492720217 0.794832587
vn -0.824453533 0.0624964759 0.56246829
vn -0.863794327 0.27249822 0.42379722
vn -0.314504296 -0.61450839 0.723509848
vn -0.0166001357 -0.608204961 0.79360646
vn -0.0771974698 0.22769253 -0.970668137
vn -0.043801073 -0.744918287 0.66571635
vn -0.098001048 -0.907209694 0.409104377
vn -0.0278005917 -0.796716988 0.603712857
vn -0.27660355 0.602307737 0.748809636
vn -0.462815195 0.684122443 0.563718498
vn -0.306912273 0.719128788 0.623424947
vn -0.154299244 0.442097813 -0.883595645
vn -0.250802726 -0.783008516 0.569206178
vn -0.125895739 -0.29079017 -0.94846791
vn -0.277307123 0.0597015359 -0.958924651
vn -0.305305392 0.608210742 -0.732712984
vn -0.523803413 0.422102779 -0.739904881
vn -0.690832257 -0.41871953 0.589427471
vn -0.496989965 -0.85358274 0.156196848
vn -0.745304048 -0.00530002918 0.666703641
vn -0.317206264 -0.50801003 0.800815821
vn -0.0880007371 -0.00490004104 -0.996108353
vn -0.570315599 0.0983026922 -0.815522313
vn 0.138694465 -0.814267457 0.56367749
vn -0.154694438 -0.139494985 -0.978064835
vn -0.306585312 -0.696866632 -0.648368955
vn -0.576196313 0.00519996695 -0.817294776
vn -0.0923982561 0.855083823 0.510190368
vn -0.734322369 -0.542716563 -0.40771243
vn 0.0152998883 0.622595429 0.78239429
vn -0.723606586 -0.667606115 0.175201595
vn -0.630483627 -0.75118047 -0.19549492
vn -0.0723984092 0.402891159 -0.91237998
vn -0.179194003 -0.568580925 0.802873075
vn -0.993103027 -0.0755002275 -0.0897002742
vn -0.185291037 0.747863829 -0.637469172
vn -0.826281369 0.031299293 -0.562387288
vn -0.267790169 0.238991231 -0.933365762
vn -0.57291007 0.38790682 -0.722012699
vn -0.127602905 -0.978422225 -0.16250369
vn -0.401290983 0.264994055 -0.876780331
vn 0.0571030304 -0.906548083 0.418222189
vn -0.0322983786 0.490475386 -0.870856285
vn -0.267790169 0.238991231 -0.933365762
vn -0.401290983 0.264994055 -0.876780331
vn 0.0127996765 0.192695126 -0.981175184
vn 0.0127996765 0.192695126 -0.981175184
vn -0.107595608 -0.751869321 -0.650473475
vn -0.0917011276 -0.908811212 -0.407005012
vn -0.0750965402 -0.989954412 -0.119794488
vn -0.267202973 0.853009522 -0.448304981
vn -0.100797497 -0.838379145 0.535686672
vn -0.396614462 -0.782728553 -0.479617506
vn -0.690491617 -0.649692118 0.317996144
vn -0.459299892 -0.787999809 0.409999907
vn -0.187804908 0.055701457 -0.980625629
vn -0.298003465 -0.610507131 -0.733808577
vn -0.00420006644 -0.504307985 -0.863513649
vn -0.0860024542 -0.0576016456 -0.99462837
vn -0.361592114 0.0689984933 -0.929779708
vn -0.396614462 -0.782728553 -0.479617506
vn -0.999851346 -0.013599338 0.0105994837
vn -0.0849013329 -0.34780547 -0.933714688
vn -0.52971369 -0.569314718 0.62871629
vn -0.197395623 -0.702184379 0.684084833
vn -0.364502937 -0.401903242 -0.840006769
vn -0.298003465 -0.610507131 -0.733808577
vn -0.721085429 -0.416091591 0.553988814
vn -0.355990261 -0.176995158 -0.917574883
vn -0.128999174 -0.355597705 -0.925694048
vn -0.185990468 -0.504474163 -0.843156815
vn -0.215994164 -0.255493104 -0.942374527
vn -0.309686273 -0.571574688 -0.759866297
vn -0.484610856 -0.235905275 -0.842318833
vn 0.0432019606 -0.696831584 0.715932488
vn -0.0487015471 0.307409763 -0.950330138
vn -0.186397657 0.581792712 -0.791690052
vn -0.547706664 -0.314503819 -0.775309443
vn -0.00179997052 0.716788232 -0.697288573
vn -0.34130922 -0.415311217 0.843222737
vn 0.0715017915 -0.538913488 0.839321017
vn -0.0270000901 -0.561401844 0.827102721
vn -0.398093551 0.724888206 -0.56219089
vn -0.297096342 0.694591463 -0.655191958
vn -0.355990261 -0.176995158 -0.917574883
vn -0.0860024542 -0.0576016456 -0.99462837
vn -0.274915487 0.25711447 -0.92645216
vn 0.0339995585 -0.161497906 -0.986287236
vn -0.128999174 -0.355597705 -0.925694048
vn -0.241805926 -0.00130003178 -0.970323741
vn 0.0820035413 -0.0240010358 -0.996343017
vn -0.11560268 -0.497511506 -0.859719932
vn 0.00860003103 -0.0109000392 -0.999903619
vn -0.611204863 -0.309602439 0.728405774
vn -0.641186655 0.652186394 -0.404391587
vn -0.472288579 0.654784203 -0.590085745
vn -0.467596084 0.668094397 -0.578795135
vn -0.20280914 0.286912918 -0.936242163
vn -0.541419208 -0.48561725 0.686324358
vn -0.682799578 0.677199543 -0.274199814
vn 0.0459012911 0.0917025805 -0.994727969
vn -0.270113945 0.743438363 -0.611831546
vn -0.0880007371 -0.00490004104 -0.996108353
vn -0.359112918 0.926633358 -0.111304
vn -0.143997997 0.587391853 -0.796388984
vn -0.57230556 0.594905734 -0.564405441
vn -0.58950448 0.445803374 -0.673605084
vn 0.16620113 -0.341402322 -0.925106287
vn 0.0778018907 -0.492511988 0.86682111
vn -0.0723984092 0.402891159 -0.91237998
vn -0.506784916 -0.294591248 0.810175896
vn -0.348305017 0.623209 -0.700210094
vn -0.398782969 -0.362484515 -0.842364013
vn -0.432305515 0.243203104 -0.868311107
vn -0.185291037 0.747863829 -0.637469172
vn -0.354605824 -0.0864014179 -0.931015313
vn -0.278702736 -0.191901892 -0.941009283
vn -0.21540913 -0.192608163 0.957340598
vn -0.0560010746 -0.427208215 0.902417302
vn 0.084901005 0.0954011232 0.991811693
vn -0.173106208 -0.344112337 0.922833085
vn -0.0563971773 0.805159688 -0.590370417
vn -0.737134516 -0.463721722 -0.491523027
vn -0.391998738 -0.841797292 -0.371098816
vn -0.742094338 -0.66909492 0.0400996953
vn 0.142604277 0.252507567 -0.957028687
vn 0.000500024413 0.393919259 -0.919144928
vn -0.00729994243 0.427696615 -0.903892875
vn -0.20490256 0.581107259 -0.787609875
vn -0.183202878 0.594809353 -0.782712281
vn -0.107705146 -0.487523288 0.866441369
vn -0.101904288 -0.39051643 0.914938509
vn -0.239199311 -0.403198838 0.883297443
vn -0.329599172 -0.288699269 0.898897707
vn -0.0552992783 0.89858824 -0.4352943
vn -0.209806174 0.732421577 -0.647719085
vn -0.0510015413 0.978629529 -0.19920601
vn -0.192401782 0.701206505 -0.686506391
vn -0.281207591 -0.185104996 0.941625416
vn -0.46469593 -0.836392641 0.290697455
vn -0.869387805 -0.227596804 0.438593835
vn -0.096298568 0.697189629 -0.710389435
vn 0.0700973719 -0.345587045 0.935764909
vn -0.0641025528 0.997439682 0.0317012593
vn -0.948929071 0.00710021751 0.31540966
vn -0.304793596 0.818082869 -0.487689763
vn -0.11200197 0.840814769 -0.529609323
vn -0.0513987616 0.0967976674 0.993976057
vn 0.00280000572 0.0811001658 0.996702015
vn -0.417101353 -0.52000165 0.745402396
vn -0.274007112 0.775920153 -0.568214774
vn 0.0669007525 -0.401504546 0.913410306
vn -0.596111655 -0.634412348 0.492109597
vn -0.128605396 0.0980041102 0.986841321
vn -0.354499012 0.848597646 -0.392698914
vn -0.165398955 -0.0492996871 0.984993756
vn -0.536379576 -0.832268238 -0.140094653
vn -0.268114328 -0.86544627 -0.423222631
vn -0.284508139 -0.902725816 0.322709233
vn -0.0580000542 -0.994500935 0.0872000828
vn -0.28760469 -0.952915549 0.0961015671
vn -0.687297583 -0.722197473 0.07779973
vn -0.0672029927 -0.940841913 0.332114786
vn -0.122200444 -0.931903422 0.341501236
vn -0.470908761 -0.846015751 0.250004649
vn -0.55697602 -0.826064408 0.0859962925
vn -0.283595949 -0.945586503 0.159497723
vn 0.110797048 -0.327091277 0.938475013
vn 0.0153997885 -0.325295538 0.945487022
vn -0.497995794 -0.862692714 0.0880992562
vn -0.523885429 -0.684180975 0.50738591
vn 0.454098135 0.164699316 -0.875596404
vn -0.0119006084 -0.787240267 0.616531551
vn -0.791313827 -0.545009494 -0.277104825
vn -0.430910945 0.294107467 -0.853121638
vn -0.163707539 -0.986245394 -0.0228010491
vn -0.0497000851 -0.914201558 0.402200699
vn -0.454194903 0.219297543 -0.863490343
vn -0.789468229 -0.612675309 -0.0369985104
vn -0.645571887 0.0450980365 0.762366772
vn -0.0438020863 -0.652831078 0.756236017
vn 0.368904412 -0.0878010467 -0.925311029
vn -0.818524897 -0.526416004 0.230006993
vn -0.923694909 -0.356398046 -0.140599221
vn -0.379006773 -0.360906452 -0.852115273
vn 0.368904412 -0.0878010467 -0.925311029
vn -0.18320179 0.133201301 -0.974009514
vn -0.413805753 -0.179902494 -0.892412424
vn -0.00709992368 -0.842790961 -0.538194239
vn -0.78431505 -0.0790015161 -0.615311801
vn -0.756391287 -0.514294088 -0.404195338
vn -0.0393019989 -0.844742954 0.533727169
vn -0.101198591 -0.504792988 0.857288122
vn 0.368904412 -0.0878010467 -0.925311029
vn -0.187202558 -0.72160989 -0.666509092
vn -0.266388535 -0.630472898 0.729068637
vn -0.379006773 -0.360906452 -0.852115273
vn -0.187202558 -0.72160989 -0.666509092
vn -0.856577218 0.0116996886 -0.515886247
vn -0.748451591 0.104793228 -0.654857635
vn -0.485006303 0.480906248 -0.730409503
vn -0.354994118 0.852185845 -0.384393632
vn -0.728403866 -0.647703409 0.223401189
vn -0.498984158 -0.767475605 0.402487218
vn -0.534910083 -0.611911535 0.582610965
vn -0.654023528 -0.432815582 0.620422363
vn -0.18320179 0.133201301 -0.974009514
vn -0.71558404 -0.531988144 0.452689886
vn -0.360910892 -0.679920495 0.638319254
vn -0.166005641 -0.72112453 0.672622859
vn -0.122502811 -0.801718354 0.58501339
vn -0.282906264 -0.886319637 -0.366608113
vn -0.316008478 0.710619092 -0.628616869
vn -0.30910033 -0.489800513 0.815200865
vn -0.0532999411 -0.579399407 0.813299119
vn 0.107706107 0.875249624 -0.471526742
vn -0.0288993549 -0.567187309 0.823081613
vn -0.316008478 0.710619092 -0.628616869
vn -0.18320179 0.133201301 -0.974009514
vn -0.411802918 -0.656304657 0.632204473
vn -0.0978017747 -0.144102618 0.984717846
vn 0.0724974275 -0.779272318 0.622477889
vn -0.154401109 -0.688504994 0.708605111
vn -0.0886031985 0.965234816 -0.245908871
vn -0.354994118 0.852185845 -0.384393632
vn -0.227094397 -0.427189469 0.875178456
vn 0.0199006721 -0.514217377 0.857428968
vn 0.0309998896 -0.590697885 0.806297123
vn -0.0117003759 -0.0316010155 0.999432087
vn -0.889579058 -0.169696003 0.424090028
vn -0.77491802 -0.282306552 0.565513134
vn -0.855682671 -0.328593343 0.399791896
vn 0.0487989411 0.854781449 -0.516688824
vn 0.0741991848 0.923889816 -0.375395864
vn 0.0340009183 0.895524204 -0.443711996
vn -0.628958046 -0.296080261 0.718852043
vn -0.197803065 0.0253003929 0.979915202
vn -0.37170437 0.882710397 -0.287503392
vn -0.715778649 0.270091951 0.643980801
vn -0.225695834 0.80058527 -0.555089772
vn -0.821584284 0.181896523 0.54028964
vn -0.0937046781 0.991649508 -0.0886044204
vn -0.176195383 0.886876762 -0.427088797
vn 0.111596718 0.991970837 -0.0594982505
vn -0.0115999915 0.987799287 -0.155299887
vn -0.651095331 0.546696067 0.526496232
vn -0.479373902 0.0642964989 0.875252306
vn 0.0238002166 0.999709129 0.00390003552
vn -0.161702678 0.390906453 -0.906114995
vn -0.0471974723 0.962848485 -0.26588577
vn -0.588624775 0.792433381 -0.159906745
vn -0.452098727 0.344399035 0.822797716
vn 0.301695406 -0.529291987 0.792987943
vn -0.31699729 0.941391945 -0.115299016
vn -0.436301619 -0.404601514 0.80370301
vn 0.000100000398 -0.614902437 -0.788603187
vn -0.23189266 -0.699677825 0.675778627
vn 0.313686728 -0.889262378 0.332885921
vn 0.00510015571 0.982629955 0.185505658
vn -0.572295666 -0.119499087 0.81129384
vn 0.0592025705 0.977942467 0.200308695
vn -0.0284011234 0.971238375 0.236409336
vn 0.00269995048 0.257095277 -0.966382265
vn 0.249593884 0.889178216 0.383490592
vn -0.218593672 0.967171967 0.129596248
vn 0.0676010922 -0.390506327 -0.918114841
vn 0.0676010922 -0.390506327 -0.918114841
vn 0.301695406 -0.529291987 0.792987943
vn 0.0589975528 0.941260993 0.332486212
vn -0.0117003759 -0.0316010155 0.999432087
vn -0.34419015 0.921873629 0.177994907
vn -0.318382531 0.862852633 0.392578453
vn -0.449199468 -0.219299749 -0.866099
vn 0.005700076 -0.49140656 -0.870911658
vn 0.0740023926 -0.414513409 -0.90702939
vn -0.00770014478 0.593611181 -0.804715157
vn -0.0293993857 0.966679811 -0.254294693
vn 0.0450998396 0.869596958 0.491698265
vn -0.429211974 -0.320508927 -0.844423532
vn 0.0180004481 -0.645416081 -0.763619065
vn -0.407799155 -0.59579879 -0.691898584
vn -0.0952994749 0.863595247 0.49509725
vn -0.509884536 0.616181374 0.600281835
vn -0.499400377 0.865400612 -0.0410000309
vn -0.512083888 0.708777726 0.485184729
vn -0.0214001946 -0.0769006982 -0.996809065
vn -0.022299841 0.0963993147 -0.995092928
vn -0.68006742 -0.0743964389 -0.72936511
vn -0.453003794 -0.141501188 -0.88020736
vn -0.235898584 0.0878994688 0.96779418
vn -0.0284005757 0.940319061 -0.339106888
vn -0.256603688 0.0198002849 0.966313899
vn 0.128495649 -0.0988966525 0.986766577
vn 0.104902163 0.0941019356 0.990020394
vn -0.398099184 0.0548998863 0.915698111
vn 0.0927036405 0.295811623 0.950737357
vn 0.224298194 0.271997809 0.935792446
vn -0.124295898 -0.105996497 0.986567438
vn -0.0194003433 0.444807887 0.895415843
vn -0.266114265 0.780541837 0.565630317
vn -0.10240262 0.826721132 0.553214133
vn -0.168297321 0.315194964 0.933985114
vn -0.609279394 0.0373987332 -0.79207319
vn -0.318096578 0.596493602 0.736892104
vn -0.0293993857 0.966679811 -0.254294693
vn 0.0730025023 0.218807504 0.973033369
vn 0.116693094 0.395676583 0.910946071
vn -0.270904452 -0.777012825 -0.56820935
vn -0.150401369 -0.702206373 -0.695906341
vn -0.0872040763 -0.635529697 -0.767135859
vn -0.542476654 -0.616573453 -0.570575416
vn -0.229991764 0.958565712 -0.168093979
vn 0.0393004939 0.487906128 0.872010946
vn 0.162600562 0.669602334 0.724702537
vn 0.160899907 0.588399649 0.792399526
vn -0.520682395 -0.462884337 -0.717375755
vn -0.0713017881 -0.421710581 -0.903922677
vn -0.108895592 0.983960211 -0.141294286
vn -0.0718995258 0.330697834 0.940993845
vn -0.193690181 0.606969237 0.770760953
vn -0.229396462 0.329994917 0.915685892
vn -0.703428209 0.393615782 -0.591823757
vn 0.0624992512 0.943888724 -0.324296117
vn -0.0284005757 0.940319061 -0.339106888
vn -0.0631028339 -0.0742033273 -0.995244622
vn -0.0100995656 0.942559481 -0.33388564
vn -0.185494676 0.289691687 0.938973069
vn -0.712115228 0.601412892 -0.362207741
vn -0.8145836 0.41339165 -0.406891793
vn -0.477421671 0.671230495 -0.567025721
vn 0.225096881 0.869987965 -0.438693911
vn -0.518002272 0.798503518 -0.306701362
vn -0.477421671 0.671230495 -0.567025721
vn -0.686182082 -0.599584341 -0.411889255
vn -0.686182082 -0.599584341 -0.411889255
vn -0.594012558 -0.549311578 -0.587712407
vn -0.377096891 -0.691894293 -0.61569494
vn 0 0.978258133 -0.207391113
vn -0.149493143 0.900758684 -0.407781303
vn -0.494001389 0.622601748 -0.606901705
vn -0.518002272 0.798503518 -0.306701362
vn 0.554325223 0.771035075 -0.313414246
vn 0.457985491 0.860172749 -0.224392891
vn -0.778693318 0.599694848 -0.184398413
vn -0.579999983 -0.580900013 -0.571099997
vn -0.190106794 0.524318755 0.830029666
vn -0.781615853 0.570011556 -0.253305137
vn -0.236000136 -0.537900269 -0.809300423
vn -0.478410453 0.868218958 -0.131602868
vn -0.781615853 0.570011556 -0.253305137
vn -0.656887889 0.736686409 0.160597041
vn -0.565676033 0.812965572 -0.138194144
vn -0.0769019723 0.00510013103 0.997025609
vn -0.544275999 -0.145093605 0.826263547
vn -0.553309143 0.819613516 0.148602456
vn -0.299609989 0.935031176 -0.189606324
vn 0.385397375 0.85889411 -0.337297708
vn -0.248701215 0.968304753 0.0231001135
vn -0.571917355 0.216506571 -0.791224003
vn -0.170303613 -0.11700248 -0.978420734
vn -0.49656567 0.263481796 -0.827042818
vn -0.510909438 0.100701861 -0.853715777
vn -0.0263005421 0.496710211 -0.867517829
vn -0.046800781 0.992616594 0.111901872
vn -0.0427984484 0.997063875 -0.0634976998
vn -0.325496197 0.557793498 -0.763491094
vn 0.505494535 0.840990901 -0.192897916
vn -0.122900344 0.631101787 -0.765902162
vn -0.476910383 0.360507846 -0.801617444
vn -0.189302236 0.977711499 -0.0908010677
vn -0.0801006854 0.967808306 -0.238602057
vn 0.443113327 0.894926906 -0.0525015779
vn -0.337980986 0.122493111 -0.93314749
vn 0.479315251 0.877527893 0.0142004518
vn 0.00360003067 0.951508105 -0.307602614
vn -0.357594073 0.840186119 0.407693267
vn -0.709092021 0.0662992522 0.701992095
vn -0.151405394 0.139104962 0.978634894
vn -0.40340814 0.903118253 -0.147102967
vn -0.100800656 0.972706378 -0.209001362
vn -0.473801196 0.373500943 0.797502041
vn -0.498203337 -0.122200817 -0.858405709
vn -0.00160004478 0.995427907 0.0955026746
vn -0.156104282 0.513414085 0.843823135
vn -0.193797171 0.956286073 -0.218996808
vn -0.250298858 0.962695539 -0.102799527
vn 0.452299923 0.879999876 0.144999981
vn -0.30519256 0.950276852 0.0618984923
vn -0.399695069 0.897888899 0.184497714
vn -0.0656003281 0.987904906 0.140500695
vn -0.253401637 0.844505489 0.471803069
vn -0.149299353 0.768896699 0.621697307
vn -0.164804369 0.840822279 0.515613675
vn 0.0883967802 0.870768249 0.483682364
vn -0.168096334 0.9263798 0.336992651
vn -0.354194045 0.924784422 -0.138997659
vn -0.409188777 0.765679002 0.496286392
vn -0.375907362 0.884317279 0.276905417
vn 0.0093995491 0.77656275 0.629969776
vn -0.236997887 -0.599994659 -0.76409322
vn 0.0740023926 -0.414513409 -0.90702939
vn -0.737213314 0.551309943 0.390607059
vn -0.743582189 0.668583989 0.00899978448
vn -0.81777972 0.524787009 0.23629415
vn 0.005700076 -0.49140656 -0.870911658
vn -0.413986921 0.910271227 0.00459985435
vn 0.0397009775 0.724417865 0.688216984
vn 0.0180004481 -0.645416081 -0.763619065
vn 0.158593923 -0.788769782 -0.593877256
vn -0.407799155 -0.59579879 -0.691898584
vn -0.40669322 0.883485258 0.232496113
vn -0.0749992803 0.839091897 0.538794816
vn -0.371492773 0.904282391 -0.210395902
vn -0.500217378 0.712324739 0.49231708
vn -0.416087836 0.687479913 0.595182598
vn -0.0530021563 0.365914881 -0.929137826
vn -0.491801739 0.572301984 0.656202316
vn -0.277197719 0.681394339 0.67739439
vn -0.530214727 0.485613495 0.695019305
vn -0.0781030133 0.996138453 0.0401015468
vn -0.488789439 0.872381151 0.0059998706
vn -0.0591011196 0.951218009 0.302805752
vn -0.709803343 0.603602827 0.363101691
vn -0.737125814 0.33351168 0.587720573
vn -0.486704797 0.422304153 -0.764707565
vn -0.47180742 0.544208527 -0.693710923
vn -0.479904145 0.628505468 0.61210531
vn -0.145207182 0.989048958 0.0264013074
vn -0.00550005166 0.62110585 0.78370738
vn -0.0375010483 0.817422867 0.574816108
vn -0.219389901 0.847360969 0.483577728
vn 0.165403903 0.70571661 -0.688916266
vn 0.0122000342 0.708801985 -0.705302
vn -0.0469972827 0.953444839 0.297882766
vn -0.424792469 0.438892215 0.791785955
vn -0.119700067 0.336900175 0.933900535
vn -0.0772000328 0.457600176 0.885800362
vn 0.125895455 0.944865942 0.302289099
vn 0.473589033 0.748182654 0.464689255
vn -0.332812548 0.847832024 -0.412815571
vn -0.210707143 -0.760725796 -0.613920808
vn 0.0309998896 -0.590697885 0.806297123
vn 0.0724974275 -0.779272318 0.622477889
vn 0.0202996805 -0.785687625 -0.618290246
vn -0.022499688 0.799088955 0.600791693
vn 0.114399463 -0.113799468 0.986895382
vn 0.112905011 0.851037741 0.512822747
vn -0.0648994148 0.997591019 0.0244997796
vn -0.229200095 0.148400053 0.96200037
vn 0.178800821 -0.745303392 -0.64230293
vn 0.126198068 -0.895786345 -0.426193506
vn 0.0202996805 -0.785687625 -0.618290246
vn -0.260688037 0.896158874 0.359083533
vn 0.114399463 -0.113799468 0.986895382
vn 0.466396093 0.331297249 0.820193172
vn 0.390003592 -0.496004552 0.775807142
vn 0.0455020741 0.789835989 0.611627877
vn -0.0287012663 0.989043653 0.144806385
vn 0.114399463 -0.113799468 0.986895382
vn -0.212404042 0.438608348 0.873216629
vn 0.466396093 0.331297249 0.820193172
vn 0.316481292 -0.455373079 -0.832150817
vn 0.508497417 -0.169599146 0.844195783
vn -0.212404042 0.438608348 0.873216629
vn -0.292409241 -0.140404448 0.945929945
vn -0.154401109 -0.688504994 0.708605111
vn -0.0532999411 -0.579399407 0.813299119
vn -0.0178999845 -0.429899633 0.902699232
vn 0.178800821 -0.745303392 -0.64230293
vn -0.106696911 -0.657480955 -0.745878398
vn -0.686182082 -0.599584341 -0.411889255
vn -0.594012558 -0.549311578 -0.587712407
vn -0.579999983 -0.580900013 -0.571099997
vn 0.0804022849 0.37771073 -0.922426164
vn 0.566428721 0.800240576 0.196909979
vn 0.390003592 -0.496004552 0.775807142
vn 0.513530672 -0.189211309 0.836950004
vn -0.107595608 -0.751869321 -0.650473475
vn -0.00499987183 -0.860877931 -0.508786976
vn -0.00420006644 -0.504307985 -0.863513649
vn -0.153000087 -0.838300526 -0.52330029
vn -0.291088432 0.833466828 0.469681323
vn 0.513530672 -0.189211309 0.836950004
vn 0.0742969513 -0.0123994909 -0.997159064
vn 0.109699637 0.0335998908 -0.993396699
vn 0.596293986 0.119698793 0.79379195
vn -0.283501863 -0.760405004 -0.584303856
vn -0.340201795 -0.877004564 -0.339301765
vn 0.193796188 -0.521289766 -0.831083655
vn -0.0242005121 -0.25770545 0.965920389
vn -0.417102069 0.672103345 0.611803055
vn 0.378715128 -0.714128494 -0.588723481
vn -0.115899399 -0.186499029 -0.975594938
vn 0.20300822 -0.361414641 0.910036862
vn 0.486004472 -0.0598005503 0.871908009
vn -0.246289626 0.0162993148 -0.969059229
vn 0.486004472 -0.0598005503 0.871908009
vn 0.0178005174 -0.00500014517 -0.999829054
vn -0.586408436 0.00250003603 -0.810011685
vn 0.596293986 0.119698793 0.79379195
vn -0.406707585 0.131002441 0.904116869
vn -0.406707585 0.131002441 0.904116869
vn 0.334401429 -0.159100682 0.928903997
vn -0.317902058 -0.402802587 0.858305514
vn 0.20300822 -0.361414641 0.910036862
vn -0.400791109 -0.422790617 0.81278199
vn -0.317902058 -0.402802587 0.858305514
vn -0.0947989225 -0.0785991028 -0.992388725
vn -0.354092121 0.168096259 0.919979572
vn -0.21160306 -0.383405536 0.899012983
vn 0.0804022849 0.37771073 -0.922426164
vn 0.0690992177 0.737691641 0.671592414
vn 0.0575025529 0.993344128 0.0998044312
vn -0.86149317 -0.191198483 -0.47039628
vn -0.895666838 0.147694528 -0.419484466
vn -0.824070334 -0.566479564 0.00299989199
vn -0.977490366 0.0417995863 0.206797957
vn -0.740875065 0.450684845 0.497983247
vn -0.759284556 0.568388462 -0.316893548
vn -0.743582189 0.668583989 0.00899978448
vn -0.410193861 0.856387198 0.313595295
vn -0.979320586 -0.131202757 -0.154003233
vn -0.977490366 0.0417995863 0.206797957
vn -0.81777972 0.524787009 0.23629415
vn -0.4608078 -0.886515021 0.0418007076
vn 0.459514052 -0.0836025551 0.884227037
vn -0.193901405 0.241201758 0.950906932
vn 0.171000645 -0.262701005 0.949603558
vn 0.244103774 0.557308614 0.793612301
vn 0.403211862 0.795223415 0.452813327
vn 0.113495722 0.820969045 0.559578896
vn -0.93840456 -0.197400957 -0.283601373
vn -0.169998109 -0.981789052 0.0847990587
vn 0.0594962463 0.673757493 0.73655349
vn 0.215606794 0.187905923 0.958230197
vn -0.564799905 -0.825199842 0.00679999869
vn 0.118599519 0.903296351 0.412298322
vn 0.453697026 0.445697099 0.771694958
vn 0.481332064 -0.470831364 0.739349246
vn 0.481332064 -0.470831364 0.739349246
vn 0.453697026 0.445697099 0.771694958
vn -0.294196516 -0.495794117 0.817090333
vn -0.0744995251 0.693395615 0.716695428
vn 0.153305605 -0.0408014916 0.987336099
vn 0.703616858 -0.0350008383 0.709717035
vn -0.106603347 -0.105103299 0.988731027
vn -0.00259995507 0.119897924 0.992782831
vn 0.0193992388 0.0435982868 0.998860776
vn 0.029400818 -0.112403125 0.993227661
vn -0.302805156 -0.607410312 -0.734412491
vn -0.169998109 -0.981789052 0.0847990587
vn -0.163495213 -0.123596378 0.978771269
vn -0.0744995251 0.693395615 0.716695428
vn 0.153305605 -0.0408014916 0.987336099
vn 0.0839982182 -0.262094438 0.961379647
vn -0.126497477 0.160596803 0.978880525
vn -0.0371990167 0.259693116 0.964974463
vn -0.193901405 0.241201758 0.950906932
vn -0.294196516 -0.495794117 0.817090333
vn -0.665033579 0.272213757 0.695435107
vn -0.0849007815 0.212301955 0.973508954
vn 0.0374992378 0.583588123 0.811183512
vn 0.0527993962 0.672192276 0.738491535
vn 0.0458990112 0.0994978547 0.99397862
vn -0.451802999 -0.750504971 0.482303202
vn -0.564799905 -0.825199842 0.00679999869
vn 0.171000645 -0.262701005 0.949603558
vn -0.831981122 -0.554587424 0.0154996477
vn 0.666535735 -0.38752079 0.636834145
vn -0.0849007815 0.212301955 0.973508954
vn -0.0621997379 -0.252498925 0.965595901
vn 0.264204174 -0.516808152 0.814312875
vn 0.640099287 -0.173699811 0.748399138
vn -0.46479702 -0.872994363 0.147799045
vn -0.106603347 -0.105103299 0.988731027
vn 0.171000645 -0.262701005 0.949603558
vn -0.198797941 -0.817391515 0.540694416
vn 0.00470003905 0.610105038 0.792306602
vn -0.0533992276 0.669390321 0.740989268
vn 0.20760344 0.289104789 0.934515476
vn 0.230491191 0.0282989182 0.972662807
vn -0.285092026 0.142996013 0.947773516
vn 0.273705393 -0.288205653 0.917618036
vn 0.201399475 0.104699723 0.973897457
vn 0.166703343 0.630212665 0.758315206
vn 0.108503275 -0.874726415 0.472314268
vn 0.400695771 -0.677592814 0.616693497
vn 0.0504000112 -0.741100132 0.669500113
vn 0.536596596 -0.692495644 0.482196957
vn -0.0982980132 0.198395982 0.975180268
vn 0.789924204 -0.394312084 0.469614416
vn 0.0506980754 -0.561578691 0.825868666
vn -0.343994617 -0.410293579 0.84458679
vn 0.35499686 -0.486195713 0.798492908
vn -0.278991759 -0.136295974 0.950571954
vn 0.114402495 -0.720915735 0.683514893
vn 0.41128546 -0.551580489 0.725674331
vn 0.0830972269 -0.593580186 0.800473273
vn 0.459514052 -0.0836025551 0.884227037
vn 0.768122852 0.0866025761 0.634418845
vn 0.505985916 -0.59738338 0.622182727
vn -0.331588864 0.199593306 0.922069073
vn -0.0281990748 0.934369326 -0.35518834
vn -0.155203 0.0362006985 0.987219095
vn 0.029198505 -0.919552922 0.391879946
vn -0.0235011093 -0.996247053 0.0833039358
vn 0.0843022242 -0.939324796 0.332508773
vn 0.0504000112 -0.741100132 0.669500113
vn 0.432992876 -0.865485787 0.251895875
vn -0.0528980941 -0.994864106 0.0862968862
vn 0.400695771 -0.677592814 0.616693497
vn 0.0281006154 -0.994221747 0.103602268
vn -0.198797941 -0.817391515 0.540694416
vn -0.0528980941 -0.994864106 0.0862968862
vn 0.535599053 0.287299514 -0.794098616
vn 0.535599053 0.287299514 -0.794098616
vn -0.0442015938 0.957534492 -0.284910262
vn 0.0281006154 -0.994221747 0.103602268
vn 0.168400005 -0.39320001 0.903899968
vn -0.0150994314 0.994262576 -0.105896011
vn -0.407597721 -0.159099102 0.899194956
vn 0.47827825 -0.700268149 0.529975891
vn 0.00989960507 -0.321487159 0.946862161
vn 0.00169998477 0.564994931 0.825092614
vn 0.588995874 0.0234998353 0.807794333
vn 0.0939006284 0.61780417 0.780705273
vn -0.00130002922 0.99582237 -0.0913020521
vn 0.227893293 -0.509284973 0.829875529
vn 0.935010254 0.0124001354 0.354403883
vn 0.935010254 0.0124001354 0.354403883
vn -0.380413771 -0.522418916 0.763127625
vn -0.107999057 -0.159998611 0.981191456
vn 0.206396997 -0.443693548 0.8720873
vn -0.0334989317 -0.621780157 0.782475054
vn -0.461906523 -0.0403005704 0.886012554
vn 0.339600056 0.400800079 0.850900173
vn 0.588995874 0.0234998353 0.807794333
vn 0.875597119 0.209599316 -0.435198575
vn 0.993651569 0.0803960785 -0.0786961615
vn 0.733489156 0.585991323 -0.344394892
vn 0.135706127 0.99014473 -0.0346015617
vn 0.0946967751 -0.691776454 0.715875626
vn 0.0128004607 -0.180806503 0.983435392
vn 0.0939006284 0.61780417 0.780705273
vn 0.593033135 0.805144966 -0.00730040763
vn 0.593033135 0.805144966 -0.00730040763
vn 0.875597119 0.209599316 -0.435198575
vn 0.176702574 0.690710068 -0.70121026
vn -0.460406393 -0.112801567 0.880512238
vn 0.434313506 0.89942795 0.0490015224
vn 0.132501304 -0.569405615 0.811307967
vn -0.525972188 0.0682963878 0.847755194
vn 0.128896952 0.917778254 -0.375591099
vn 0.113099746 0.778398275 -0.617498636
vn 0.336997837 0.0899994224 0.93719399
vn 0.123400629 -0.0478002429 0.991205037
vn -0.00349999196 0.994497716 0.104699761
vn -0.46479702 -0.872994363 0.147799045
vn -0.913486302 -0.363594562 0.182597265
vn -0.392203152 -0.869306982 0.30080241
vn 0.583008587 -0.116901718 0.804011822
vn 0.18120724 0.945737839 0.269710779
vn 0.671388626 0.694488227 0.258695602
vn -0.241404399 -0.224004075 0.944217205
vn 0.0783973709 0.935068667 -0.345688403
vn 0.223895922 -0.374993175 0.899583638
vn 0.0716028661 0.86893481 0.489719629
vn -0.141301498 0.0518005453 0.988610446
vn 0.0879010856 0.00580007164 0.996112347
vn 0.111897945 0.938482761 -0.326694012
vn 0.00499995798 0.967191875 0.253997862
vn 0.819817781 -0.21130459 0.532211542
vn -0.016400611 -0.0851031765 0.996237159
vn 0.103798851 0.52909416 0.842190683
vn 0.60229969 0.0852999538 0.793699563
vn 0.628010213 -0.429706991 0.648810506
vn -0.0586993434 0.988788903 0.137298465
vn -0.577795088 -0.255397826 0.775193393
vn 0.271598697 -0.701396644 0.65899688
vn -0.268902838 0.0174001828 0.963010132
vn 0.248296067 -0.928385258 0.276495606
vn 0.303698301 -0.806295514 0.507597148
vn -0.118299134 -0.179098696 0.976692855
vn 0.0182007942 0.982942939 0.183008
vn 0.0596985966 0.969577193 0.237394422
vn 0.148599073 -0.598796308 0.786995113
vn -0.016400611 -0.0851031765 0.996237159
vn -0.773368776 -0.029398812 -0.633274436
vn -0.98671335 -0.162302196 0.00740010012
vn 0.0612026751 -0.52542299 0.848637104
vn -0.278702736 -0.191901892 -0.941009283
vn 0.15469414 0.11739555 0.980962813
vn 0.011399772 0.267894655 0.963380754
vn 0.0968969241 0.995268404 0.00719977124
vn 0.00809959415 0.996450007 0.0837958008
vn 0.117197603 0.990879714 -0.0664986372
vn -0.0808962658 0.991754174 -0.0993954092
vn -0.440703481 -0.1519012 0.884706974
vn 0.0140002323 0.996316493 0.0846014023
vn -0.276086688 -0.276986659 0.920355678
vn 0.48252207 0.0680031106 0.873239934
vn -0.191404536 -0.046201095 0.980423272
vn 0.240005136 0.956920505 0.163403496
vn 0.658991516 0.498993546 0.562792718
vn -0.144603729 -0.0500012897 0.98822552
vn 0.0123999817 0.230899662 0.972898543
vn 0.0839995071 0.260198474 0.961894393
vn -0.380800158 0.0398000181 0.923800409
vn -0.138093472 0.230789095 0.963154495
vn -0.380800158 0.0398000181 0.923800409
vn -0.888393342 -0.446796626 0.105499208
vn 0.150604084 0.953925848 0.25950703
vn -0.176402867 -0.00200003246 0.984315991
vn 0.150997937 0.944887102 0.290496051
vn 0.0228008572 -0.856032193 0.516419411
vn -0.888393342 -0.446796626 0.105499208
vn 0.158400491 -0.845402658 0.510101616
vn 0.209309861 0.9299438 0.302314252
vn 0.0768007711 0.932009399 0.354203552
vn 0.694261849 0.496472716 0.521071374
vn 0.117596216 0.763775468 0.634679615
vn -0.370800823 -0.188400418 0.909402013
vn -0.544699132 -0.822598755 0.163199753
vn 0.0859012455 -0.943513632 0.320004642
vn -0.98708874 0.159898177 -0.00939989276
vn -0.302785039 0.863157332 0.404080033
vn 0.264302403 0.665006101 0.698506355
vn 0.60229969 0.0852999538 0.793699563
vn 0.60229969 0.0852999538 0.793699563
vn 0.737167358 -0.302786589 0.604073286
vn 0.737167358 -0.302786589 0.604073286
vn 0.264302403 0.665006101 0.698506355
vn 0.884222269 0.459811568 0.0820020661
vn 0.247493789 0.608984709 0.753581107
vn 0.0802004412 0.741804123 0.665803671
vn 0.0802004412 0.741804123 0.665803671
vn -0.00099998212 0.0837985054 0.996482193
vn 0.0456002615 0.825604737 0.562403262
vn 0.0830972269 -0.593580186 0.800473273
vn -0.00730024045 0.850628018 0.525717318
vn 0.146801755 -0.535606384 0.831609905
vn 0.236404821 0.240504906 0.941419244
vn 0.289804459 -0.287404418 0.912914038
vn 0.0251986049 -0.159691155 0.986845374
vn 0.301604986 0.0314005204 0.952915728
vn -0.0933015794 0.201103404 0.975116551
vn 0.163699523 0.494198561 0.853797555
vn 0.202296346 -0.397592843 0.894983888
vn 0.0111001926 -0.487208456 0.873215139
vn 0.0507005528 0.11890129 0.991610765
vn -0.0856987387 -0.0959985927 0.99168545
vn -0.0240010098 -0.320513487 0.946939826
vn 0.697382033 -0.298492312 0.651583195
vn 0.975399435 0.21999988 0.0139999921
vn 0.992883384 0.11779803 -0.0174997076
vn 0.179493591 0.121195674 0.976265132
vn 0.970046401 -0.0710033998 0.232311115
vn -0.0340998247 0.20149897 0.978894949
vn 0.364806563 -0.0970017463 0.926016629
vn 0.420597553 0.143699154 0.895794749
vn 0.338003129 0.198801845 0.919908524
vn 0.336096734 -0.199798062 0.920391083
vn 0.230608985 -0.26011014 0.937636495
vn 0.423488319 -0.0952973738 0.900875151
vn 0.119600087 0.580400407 0.805500567
vn -0.00800003018 0.64940244 0.760402858
vn -0.0875011235 0.472806066 0.876811266
vn 0.462799877 -0.134499967 0.876199782
vn 0.488893747 0.236796975 0.839589238
vn 0.163699523 0.494198561 0.853797555
vn -0.0875011235 0.472806066 0.876811266
vn 0.0464987792 -0.0622983649 0.996973813
vn 0.471699297 -0.272799581 0.838498771
vn -0.0465019196 -0.373315424 0.926538289
vn 0.0267000534 -0.377800763 0.925501883
vn 0.484915704 0.21810706 0.846927404
vn 0.127197355 0.240095004 0.962379992
vn 0.30519563 0.398094296 0.865087628
vn 0.0412005633 0.14810203 0.988113523
vn 0.943622291 0.0943022296 0.317307502
vn 0.300997406 0.485995799 0.820492923
vn 0.183805063 -0.61071682 0.770221174
vn 0.787323356 0.0568016842 0.613918185
vn -0.211895064 -0.20299527 0.955977738
vn -0.425907344 -0.386806667 0.817914128
vn 0.183805063 -0.61071682 0.770221174
vn -0.425907344 -0.386806667 0.817914128
vn -0.211895064 -0.20299527 0.955977738
vn -0.38579008 -0.726081312 0.569185376
vn -0.0823987722 -0.337294966 0.937785983
vn 0.124697521 -0.242195189 0.962180853
vn -0.110398911 0.368896365 0.922890902
vn 0.486599803 0.0147999935 0.873499632
vn 0.093595542 -0.503076077 0.859159112
vn 0.00419982569 -0.999158561 0.0407983102
vn -0.127104416 -0.0839029178 0.988334358
vn -0.320114821 -0.259512007 0.91114217
vn 0.62209785 0.214099273 0.753097415
vn 0.920969307 0.344888508 -0.181293949
vn 0.920969307 0.344888508 -0.181293949
vn 0.179705799 0.131204233 0.974931419
vn 0.748614311 0.128102452 -0.650512397
vn 0.933891892 -0.129198879 -0.33339709
vn 0.990631044 -0.0350010954 -0.132004142
vn 0.748614311 0.128102452 -0.650512397
vn 0.461806804 0.493507296 0.737010896
vn -0.499908388 0.533808947 0.682011425
vn 0.340396702 -0.272297353 0.899991274
vn 0.305603594 -0.560906589 0.769409001
vn 0.461806804 0.493507296 0.737010896
vn 0.969492674 -0.239098206 0.0539995916
vn -0.0823987722 -0.337294966 0.937785983
vn -0.211895064 -0.20299527 0.955977738
vn 0.305603594 -0.560906589 0.769409001
vn 0.0412005633 0.14810203 0.988113523
vn 0.0666996539 -0.212898895 0.974794984
vn 0.990631044 -0.0350010954 -0.132004142
vn -0.499908388 0.533808947 0.682011425
vn -0.0556005277 -0.546505213 0.835607946
vn 0.0600003265 -0.0344001874 0.997605443
vn -0.268000603 0.64260143 0.717801571
vn -0.413813442 0.2553083 0.873828411
vn 0.660993278 -0.0914990753 0.744792461
vn -0.11109475 0.134593651 0.984653473
vn 0.111897677 0.220795423 0.968879938
vn 0.246887356 0.400179505 0.882554829
vn -0.0556005277 -0.546505213 0.835607946
vn 0.305603594 -0.560906589 0.769409001
vn -0.390902162 -0.0153000839 0.920305073
vn 0.943622291 0.0943022296 0.317307502
vn 0.246887356 0.400179505 0.882554829
vn -0.685478449 0.338389367 0.644679725
vn -0.513509214 -0.0386006944 0.857215405
vn -0.166809186 0.458025217 0.873148084
vn 0.0455020741 0.789835989 0.611627877
vn 0.414386064 -0.82107234 0.392586797
vn -0.11109475 0.134593651 0.984653473
vn 0.111897677 0.220795423 0.968879938
vn 0.414386064 -0.82107234 0.392586797
vn -0.0344992913 -0.126397401 0.991379619
vn -0.292409241 -0.140404448 0.945929945
vn -0.212404042 0.438608348 0.873216629
vn -0.166809186 0.458025217 0.873148084
vn -0.513509214 -0.0386006944 0.857215405
vn -0.685478449 0.338389367 0.644679725
vn 0.110701598 0.0710010231 0.991314292
vn -0.166809186 0.458025217 0.873148084
vn -0.40307945 0.0876955315 0.910953581
vn 0.418216377 -0.0238009319 0.908035576
vn -0.00799962319 -0.269187301 0.963054597
vn 0.873500228 0.34920007 0.339200079
vn 0.499102652 0.392402083 0.772604108
vn 0.499102652 0.392402083 0.772604108
vn 0.418216377 -0.0238009319 0.908035576
vn 0.597183585 0.0316991284 0.801477969
vn 0.873500228 0.34920007 0.339200079
vn 0.0128004607 -0.180806503 0.983435392
vn 0.631214738 0.468510926 0.618114412
vn 0.53093493 0.645242453 0.549336135
vn 0.537681043 0.281490058 0.794771969
vn 0.162398487 -0.582294583 0.796592593
vn -0.0794978216 -0.230693683 0.969773412
vn 0.0217009131 0.353614867 0.935139358
vn 0.0217009131 0.353614867 0.935139358
vn 0.162398487 -0.582294583 0.796592593
vn 0.660993278 -0.0914990753 0.744792461
vn -0.413813442 0.2553083 0.873828411
vn 0.0374992378 0.583588123 0.811183512
vn -0.33210066 0.0254000518 0.942901909
vn -0.0744995251 0.693395615 0.716695428
vn 0.162398487 -0.582294583 0.796592593
vn -0.0794978216 -0.230693683 0.969773412
vn -0.363506347 0.206503615 0.908415854
vn -0.055401396 -0.153303862 0.986624837
vn 0.111897677 0.220795423 0.968879938
vn 0.0217009131 0.353614867 0.935139358
vn -0.0823987722 -0.337294966 0.937785983
vn -0.11109475 0.134593651 0.984653473
vn -0.37340343 0.0106000975 0.92760849
vn -0.0561016463 0.0243007131 0.998129308
vn -0.0576992333 0.217797101 0.974287033
vn 0.0345992334 0.817781925 0.574487269
vn 0.0593972392 0.185991347 0.980754375
vn 0.446700126 0.28730008 0.847300231
vn 0.631214738 0.468510926 0.618114412
vn -0.0982980132 0.198395982 0.975180268
vn -0.128998324 -0.335995644 0.932987869
vn 0.320098102 0.383497715 0.866294801
vn 0.244103774 0.557308614 0.793612301
vn 0.320098102 0.383497715 0.866294801
vn -0.138093472 0.230789095 0.963154495
vn -0.126600087 0.421600312 0.897900641
vn 0.215606794 0.187905923 0.958230197
vn 0.0509995222 -0.750592947 0.658793807
vn 0.20760344 0.289104789 0.934515476
vn -0.665033579 0.272213757 0.695435107
vn 0.446700126 0.28730008 0.847300231
vn -0.0621997379 -0.252498925 0.965595901
vn 0.108503275 -0.874726415 0.472314268
vn -0.128998324 -0.335995644 0.932987869
vn -0.302785039 0.863157332 0.404080033
vn 0.768122852 0.0866025761 0.634418845
vn 0.452076226 0.867054403 0.209388986
vn 0.781014681 0.616711557 0.0984018445
vn 0.459514052 -0.0836025551 0.884227037
vn 0.166998744 0.976392686 0.136998981
vn -0.506414115 0.820622802 0.264807373
vn -0.98708874 0.159898177 -0.00939989276
vn -0.268000603 0.64260143 0.717801571
f 1/1/1 2/2/2 3/3/3
f 4/4/4 5/5/5 6/6/6
f 7/7/7 8/8/8 9/9/9
f 8/8/8 10/10/10 9/9/9
f 11/11/11 12/12/12 7/7/7
f 3/3/3 13/13/13 1/1/1
f 12/12/12 14/14/14 7/7/7
f 11/11/11 15/15/15 12/12/12
f 16/16/16 17/17/17 18/18/18
f 17/17/17 5/5/5 4/4/4
f 17/17/17 19/19/19 5/5/5
f 20/20/20 15/15/15 11/11/11
f 21/21/21 7/7/7 14/14/14
f 21/21/21 14/14/14 22/22/22
f 16/16/16 19/19/19 17/17/17
f 9/9/9 11/11/11 7/7/7
f 11/11/11 9/9/9 20/20/20
f 23/23/23 18/18/18 24/24/24
f 25/25/25 8/8/8 7/7/7
f 18/18/18 26/26/26 16/16/16
f 27/27/27 18/18/18 23/23/23
f 28/28/28 23/23/23 24/24/24
f 19/19/19 16/16/16 29/29/29
f 26/26/26 18/18/18 27/27/27
f 30/30/30 15/15/15 20/20/20
f 30/30/30 31/31/31 15/15/15
f 32/32/32 33/33/33 31/31/31
f 28/28/28 34/34/34 23/23/23
f 28/28/28 33/33/33 32/32/32
f 26/26/26 35/35/35 36/36/36
f 37/37/37 19/19/19 29/29/29
f 28/28/28 24/24/24 33/33/33
f 38/38/38 7/7/7 21/21/21
f 26/26/26 36/36/36 16/16/16
f 38/38/38 25/25/25 7/7/7
f 33/33/33 6/6/6 31/31/31
f 39/39/39 8/8/8 25/25/25
f 36/36/36 29/29/29 16/16/16
f 4/4/4 33/33/33 24/24/24
f 40/40/40 36/36/36 35/35/35
f 4/4/4 6/6/6 33/33/33
f 3/3/3 25/25/25 38/38/38
f 41/41/41 36/36/36 40/40/40
f 41/41/41 29/29/29 36/36/36
f 42/42/42 35/35/35 43/43/43
f 44/44/44 42/42/42 43/43/43
f 38/38/38 21/21/21 45/45/45
f 45/45/45 22/22/22 46/46/46
f 21/21/21 22/22/22 45/45/45
f 4/4/4 24/24/24 17/17/17
f 2/2/2 25/25/25 3/3/3
f 18/18/18 17/17/17 24/24/24
f 42/42/42 40/40/40 35/35/35
f 47/47/47 39/39/39 25/25/25
f 2/2/2 47/47/47 25/25/25
f 48/48/48 41/41/41 40/40/40
f 45/45/45 13/13/13 38/38/38
f 13/13/13 3/3/3 38/38/38
f 48/48/48 40/40/40 42/42/42
f 9/9/9 49/49/49 20/20/20
f 10/10/10 49/49/49 9/9/9
f 32/32/32 31/31/31 30/30/30
f 30/30/30 20/20/20 49/49/49
f 50/50/50 30/30/30 49/49/49
f 49/49/49 51/51/51 50/50/50
f 52/52/52 53/53/53 54/54/54
f 55/55/55 56/56/56 57/57/57
f 56/56/56 55/55/55 58/58/58
f 59/59/59 60/60/60 61/61/61
f 62/62/62 63/63/63 64/64/64
f 59/59/59 61/61/61 65/65/65
f 66/66/66 67/67/67 68/68/68
f 69/69/69 58/58/58 55/55/55
f 53/53/53 52/52/52 70/70/70
f 53/53/53 70/70/70 71/71/71
f 66/66/66 68/68/68 70/70/70
f 59/59/59 14/14/14 12/12/12
f 72/72/72 73/73/73 74/74/74
f 57/57/57 69/69/69 55/55/55
f 69/69/69 57/57/57 75/75/75
f 72/72/72 74/74/74 76/76/76
f 15/15/15 59/59/59 12/12/12
f 19/19/19 37/37/37 77/77/77
f 78/78/78 68/68/68 67/67/67
f 74/74/74 79/79/79 76/76/76
f 31/31/31 6/6/6 80/80/80
f 76/76/76 79/79/79 62/62/62
f 81/81/81 82/82/82 83/83/83
f 77/77/77 82/82/82 84/84/84
f 68/68/68 78/78/78 85/85/85
f 22/22/22 14/14/14 86/86/86
f 15/15/15 80/80/80 59/59/59
f 83/83/83 82/82/82 77/77/77
f 87/87/87 73/73/73 72/72/72
f 15/15/15 31/31/31 80/80/80
f 88/88/88 83/83/83 77/77/77
f 85/85/85 78/78/78 89/89/89
f 90/90/90 73/73/73 87/87/87
f 81/81/81 83/83/83 91/91/91
f 87/87/87 92/92/92 90/90/90
f 93/93/93 88/88/88 37/37/37
f 37/37/37 88/88/88 77/77/77
f 94/94/94 95/95/95 89/89/89
f 87/87/87 96/96/96 92/92/92
f 95/95/95 94/94/94 97/97/97
f 88/88/88 98/98/98 83/83/83
f 62/62/62 64/64/64 76/76/76
f 64/64/64 72/72/72 76/76/76
f 99/99/99 100/100/100 101/101/101
f 95/95/95 97/97/97 102/102/102
f 100/100/100 99/99/99 81/81/81
f 101/101/101 103/103/103 99/99/99
f 104/104/104 103/103/103 101/101/101
f 14/14/14 59/59/59 105/105/105
f 91/91/91 100/100/100 81/81/81
f 106/106/106 107/107/107 108/108/108
f 109/109/109 110/110/110 107/107/107
f 107/107/107 106/106/106 109/109/109
f 22/22/22 86/86/86 111/111/111
f 112/112/112 113/113/113 114/114/114
f 104/104/104 115/115/115 103/103/103
f 115/115/115 116/116/116 103/103/103
f 72/72/72 64/64/64 117/117/117
f 113/113/113 118/118/118 119/119/119
f 118/118/118 113/113/113 112/112/112
f 14/14/14 105/105/105 86/86/86
f 109/109/109 120/120/120 110/110/110
f 121/121/121 116/116/116 115/115/115
f 122/122/122 123/123/123 124/124/124
f 125/125/125 109/109/109 106/106/106
f 126/126/126 109/109/109 125/125/125
f 126/126/126 127/127/127 109/109/109
f 128/128/128 129/129/129 130/130/130
f 131/131/131 132/132/132 129/129/129
f 133/133/133 132/132/132 131/131/131
f 120/120/120 109/109/109 134/134/134
f 127/127/127 134/134/134 109/109/109
f 121/121/121 135/135/135 116/116/116
f 136/136/136 100/100/100 91/91/91
f 137/137/137 138/138/138 139/139/139
f 140/140/140 141/141/141 142/142/142
f 83/83/83 143/143/143 91/91/91
f 144/144/144 145/145/145 92/92/92
f 139/139/139 145/145/145 144/144/144
f 146/146/146 147/147/147 111/111/111
f 148/148/148 138/138/138 137/137/137
f 149/149/149 136/136/136 150/150/150
f 151/151/151 22/22/22 111/111/111
f 133/133/133 152/152/152 132/132/132
f 136/136/136 91/91/91 150/150/150
f 153/153/153 150/150/150 91/91/91
f 143/143/143 153/153/153 91/91/91
f 141/141/141 154/154/154 155/155/155
f 92/92/92 96/96/96 144/144/144
f 156/156/156 157/157/157 158/158/158
f 127/127/127 159/159/159 160/160/160
f 127/127/127 161/161/161 159/159/159
f 161/161/161 127/127/127 162/162/162
f 122/122/122 112/112/112 114/114/114
f 131/131/131 129/129/129 128/128/128
f 163/163/163 164/164/164 157/157/157
f 156/156/156 163/163/163 157/157/157
f 165/165/165 166/166/166 163/163/163
f 166/166/166 164/164/164 163/163/163
f 167/167/167 168/168/168 169/169/169
f 80/80/80 60/60/60 59/59/59
f 93/93/93 170/170/170 88/88/88
f 60/60/60 80/80/80 171/171/171
f 98/98/98 88/88/88 170/170/170
f 172/172/172 60/60/60 171/171/171
f 122/122/122 124/124/124 173/173/173
f 174/174/174 175/175/175 140/140/140
f 176/176/176 141/141/141 140/140/140
f 175/175/175 176/176/176 140/140/140
f 177/177/177 170/170/170 93/93/93
f 177/177/177 93/93/93 178/178/178
f 176/176/176 154/154/154 141/141/141
f 179/179/179 155/155/155 154/154/154
f 180/180/180 162/162/162 127/127/127
f 127/127/127 181/181/181 134/134/134
f 181/181/181 127/127/127 160/160/160
f 177/177/177 98/98/98 170/170/170
f 154/154/154 182/182/182 179/179/179
f 83/83/83 98/98/98 143/143/143
f 80/80/80 6/6/6 171/171/171
f 154/154/154 183/183/183 182/182/182
f 184/184/184 182/182/182 183/183/183
f 179/179/179 182/182/182 184/184/184
f 160/160/160 159/159/159 185/185/185
f 186/186/186 160/160/160 185/185/185
f 180/180/180 187/187/187 162/162/162
f 187/187/187 161/161/161 162/162/162
f 188/188/188 185/185/185 161/161/161
f 188/188/188 186/186/186 185/185/185
f 189/189/189 156/156/156 158/158/158
f 190/190/190 191/191/191 148/148/148
f 192/192/192 171/171/171 6/6/6
f 6/6/6 5/5/5 192/192/192
f 193/193/193 181/181/181 160/160/160
f 160/160/160 186/186/186 193/193/193
f 84/84/84 192/192/192 5/5/5
f 194/194/194 163/163/163 156/156/156
f 195/195/195 186/186/186 188/188/188
f 192/192/192 172/172/172 171/171/171
f 190/190/190 148/148/148 196/196/196
f 161/161/161 185/185/185 159/159/159
f 105/105/105 107/107/107 110/110/110
f 154/154/154 176/176/176 183/183/183
f 175/175/175 197/197/197 176/176/176
f 172/172/172 192/192/192 198/198/198
f 199/199/199 200/200/200 201/201/201
f 199/199/199 201/201/201 202/202/202
f 203/203/203 204/204/204 197/197/197
f 204/204/204 176/176/176 197/197/197
f 205/205/205 183/183/183 176/176/176
f 158/158/158 200/200/200 199/199/199
f 189/189/189 158/158/158 199/199/199
f 206/206/206 188/188/188 161/161/161
f 206/206/206 207/207/207 188/188/188
f 184/184/184 183/183/183 208/208/208
f 208/208/208 183/183/183 205/205/205
f 209/209/209 210/210/210 110/110/110
f 120/120/120 209/209/209 110/110/110
f 205/205/205 176/176/176 211/211/211
f 204/204/204 211/211/211 176/176/176
f 172/172/172 61/61/61 60/60/60
f 134/134/134 212/212/212 120/120/120
f 213/213/213 214/214/214 210/210/210
f 194/194/194 156/156/156 189/189/189
f 215/215/215 212/212/212 134/134/134
f 210/210/210 216/216/216 213/213/213
f 217/217/217 189/189/189 199/199/199
f 61/61/61 172/172/172 198/198/198
f 215/215/215 134/134/134 181/181/181
f 194/194/194 189/189/189 217/217/217
f 215/215/215 193/193/193 218/218/218
f 215/215/215 219/219/219 212/212/212
f 116/116/116 220/220/220 221/221/221
f 222/222/222 223/223/223 218/218/218
f 216/216/216 210/210/210 209/209/209
f 223/223/223 219/219/219 215/215/215
f 135/135/135 220/220/220 116/116/116
f 215/215/215 181/181/181 193/193/193
f 120/120/120 212/212/212 209/209/209
f 193/193/193 186/186/186 218/218/218
f 218/218/218 186/186/186 222/222/222
f 188/188/188 224/224/224 195/195/195
f 135/135/135 225/225/225 220/220/220
f 224/224/224 188/188/188 226/226/226
f 222/222/222 186/186/186 195/195/195
f 227/227/227 166/166/166 228/228/228
f 229/229/229 227/227/227 228/228/228
f 230/230/230 213/213/213 216/216/216
f 231/231/231 224/224/224 226/226/226
f 232/232/232 233/233/233 229/229/229
f 234/234/234 230/230/230 216/216/216
f 235/235/235 198/198/198 192/192/192
f 236/236/236 234/234/234 216/216/216
f 237/237/237 212/212/212 219/219/219
f 59/59/59 65/65/65 105/105/105
f 238/238/238 239/239/239 220/220/220
f 240/240/240 219/219/219 222/222/222
f 225/225/225 238/238/238 220/220/220
f 241/241/241 212/212/212 237/237/237
f 237/237/237 242/242/242 241/241/241
f 242/242/242 237/237/237 240/240/240
f 240/240/240 222/222/222 195/195/195
f 238/238/238 243/243/243 239/239/239
f 209/209/209 244/244/244 216/216/216
f 238/238/238 245/245/245 243/243/243
f 244/244/244 246/246/246 247/247/247
f 86/86/86 105/105/105 110/110/110
f 224/224/224 231/231/231 248/248/248
f 216/216/216 247/247/247 236/236/236
f 224/224/224 249/249/249 195/195/195
f 247/247/247 216/216/216 244/244/244
f 250/250/250 251/251/251 252/252/252
f 253/253/253 250/250/250 252/252/252
f 239/239/239 243/243/243 254/254/254
f 244/244/244 209/209/209 212/212/212
f 243/243/243 253/253/253 252/252/252
f 226/226/226 188/188/188 207/207/207
f 252/252/252 254/254/254 243/243/243
f 212/212/212 246/246/246 244/244/244
f 243/243/243 245/245/245 253/253/253
f 255/255/255 61/61/61 198/198/198
f 225/225/225 256/256/256 238/238/238
f 245/245/245 238/238/238 256/256/256
f 257/257/257 211/211/211 204/204/204
f 227/227/227 229/229/229 233/233/233
f 211/211/211 208/208/208 205/205/205
f 258/258/258 259/259/259 233/233/233
f 260/260/260 261/261/261 207/207/207
f 262/262/262 263/263/263 264/264/264
f 233/233/233 232/232/232 258/258/258
f 265/265/265 262/262/262 266/266/266
f 263/263/263 262/262/262 265/265/265
f 267/267/267 258/258/258 232/232/232
f 255/255/255 268/268/268 61/61/61
f 263/263/263 269/269/269 264/264/264
f 61/61/61 270/270/270 65/65/65
f 203/203/203 271/271/271 272/272/272
f 263/263/263 273/273/273 269/269/269
f 257/257/257 204/204/204 203/203/203
f 234/234/234 236/236/236 274/274/274
f 65/65/65 107/107/107 105/105/105
f 275/275/275 211/211/211 257/257/257
f 273/273/273 263/263/263 276/276/276
f 277/277/277 65/65/65 270/270/270
f 236/236/236 247/247/247 274/274/274
f 278/278/278 279/279/279 280/280/280
f 263/263/263 281/281/281 276/276/276
f 282/282/282 280/280/280 283/283/283
f 282/282/282 284/284/284 280/280/280
f 165/165/165 229/229/229 228/228/228
f 257/257/257 203/203/203 285/285/285
f 286/286/286 86/86/86 110/110/110
f 203/203/203 272/272/272 287/287/287
f 272/272/272 288/288/288 287/287/287
f 285/285/285 203/203/203 287/287/287
f 194/194/194 165/165/165 163/163/163
f 229/229/229 165/165/165 194/194/194
f 63/63/63 234/234/234 274/274/274
f 64/64/64 63/63/63 274/274/274
f 275/275/275 257/257/257 289/289/289
f 289/289/289 257/257/257 285/285/285
f 274/274/274 117/117/117 64/64/64
f 229/229/229 290/290/290 232/232/232
f 291/291/291 229/229/229 194/194/194
f 280/280/280 279/279/279 283/283/283
f 285/285/285 292/292/292 289/289/289
f 229/229/229 293/293/293 290/290/290
f 210/210/210 286/286/286 110/110/110
f 261/261/261 226/226/226 207/207/207
f 293/293/293 229/229/229 291/291/291
f 247/247/247 117/117/117 274/274/274
f 214/214/214 286/286/286 210/210/210
f 294/294/294 261/261/261 260/260/260
f 261/261/261 295/295/295 226/226/226
f 295/295/295 231/231/231 226/226/226
f 295/295/295 261/261/261 294/294/294
f 111/111/111 86/86/86 286/286/286
f 146/146/146 111/111/111 286/286/286
f 194/194/194 217/217/217 296/296/296
f 278/278/278 294/294/294 260/260/260
f 87/87/87 117/117/117 96/96/96
f 278/278/278 260/260/260 279/279/279
f 147/147/147 297/297/297 298/298/298
f 299/299/299 147/147/147 298/298/298
f 248/248/248 231/231/231 295/295/295
f 294/294/294 278/278/278 300/300/300
f 167/167/167 169/169/169 301/301/301
f 194/194/194 296/296/296 291/291/291
f 302/302/302 287/287/287 288/288/288
f 147/147/147 299/299/299 79/79/79
f 303/303/303 285/285/285 287/287/287
f 302/302/302 304/304/304 287/287/287
f 305/305/305 304/304/304 302/302/302
f 305/305/305 302/302/302 306/306/306
f 307/307/307 306/306/306 58/58/58
f 307/307/307 305/305/305 306/306/306
f 307/307/307 58/58/58 308/308/308
f 247/247/247 246/246/246 96/96/96
f 297/297/297 147/147/147 146/146/146
f 146/146/146 286/286/286 297/297/297
f 96/96/96 117/117/117 247/247/247
f 309/309/309 242/242/242 240/240/240
f 309/309/309 240/240/240 195/195/195
f 212/212/212 310/310/310 246/246/246
f 96/96/96 246/246/246 310/310/310
f 311/311/311 293/293/293 312/312/312
f 309/309/309 241/241/241 242/242/242
f 310/310/310 313/313/313 96/96/96
f 310/310/310 212/212/212 241/241/241
f 241/241/241 314/314/314 310/310/310
f 191/191/191 190/190/190 168/168/168
f 315/315/315 299/299/299 298/298/298
f 316/316/316 249/249/249 317/317/317
f 318/318/318 310/310/310 314/314/314
f 248/248/248 317/317/317 249/249/249
f 315/315/315 298/298/298 319/319/319
f 87/87/87 72/72/72 117/117/117
f 309/309/309 195/195/195 320/320/320
f 195/195/195 249/249/249 320/320/320
f 249/249/249 316/316/316 320/320/320
f 321/321/321 320/320/320 316/316/316
f 241/241/241 309/309/309 314/314/314
f 286/286/286 214/214/214 297/297/297
f 322/322/322 314/314/314 323/323/323
f 169/169/169 324/324/324 301/301/301
f 320/320/320 325/325/325 309/309/309
f 323/323/323 314/314/314 309/309/309
f 326/326/326 323/323/323 309/309/309
f 326/326/326 309/309/309 325/325/325
f 327/327/327 314/314/314 322/322/322
f 214/214/214 319/319/319 297/297/297
f 328/328/328 314/314/314 327/327/327
f 214/214/214 230/230/230 319/319/319
f 329/329/329 330/330/330 331/331/331
f 332/332/332 333/333/333 334/334/334
f 332/332/332 325/325/325 321/321/321
f 291/291/291 312/312/312 293/293/293
f 323/323/323 326/326/326 322/322/322
f 213/213/213 230/230/230 214/214/214
f 316/316/316 335/335/335 333/333/333
f 335/335/335 316/316/316 317/317/317
f 336/336/336 139/139/139 144/144/144
f 337/337/337 338/338/338 339/339/339
f 331/331/331 340/340/340 329/329/329
f 296/296/296 301/301/301 341/341/341
f 319/319/319 298/298/298 297/297/297
f 340/340/340 338/338/338 337/337/337
f 340/340/340 337/337/337 342/342/342
f 291/291/291 296/296/296 341/341/341
f 137/137/137 139/139/139 343/343/343
f 312/312/312 291/291/291 341/341/341
f 325/325/325 320/320/320 321/321/321
f 321/321/321 316/316/316 333/333/333
f 332/332/332 321/321/321 333/333/333
f 344/344/344 300/300/300 278/278/278
f 345/345/345 346/346/346 347/347/347
f 348/348/348 266/266/266 349/349/349
f 346/346/346 345/345/345 350/350/350
f 349/349/349 351/351/351 348/348/348
f 352/352/352 345/345/345 347/347/347
f 350/350/350 345/345/345 353/353/353
f 354/354/354 350/350/350 353/353/353
f 265/265/265 266/266/266 348/348/348
f 289/289/289 292/292/292 355/355/355
f 351/351/351 356/356/356 348/348/348
f 139/139/139 336/336/336 343/343/343
f 292/292/292 357/357/357 358/358/358
f 345/345/345 352/352/352 353/353/353
f 292/292/292 285/285/285 303/303/303
f 319/319/319 230/230/230 234/234/234
f 359/359/359 265/265/265 348/348/348
f 357/357/357 292/292/292 303/303/303
f 137/137/137 343/343/343 360/360/360
f 361/361/361 357/357/357 362/362/362
f 363/363/363 357/357/357 303/303/303
f 364/364/364 263/263/263 265/265/265
f 357/357/357 363/363/363 362/362/362
f 365/365/365 360/360/360 366/366/366
f 196/196/196 137/137/137 360/360/360
f 148/148/148 137/137/137 196/196/196
f 364/364/364 281/281/281 263/263/263
f 366/366/366 343/343/343 336/336/336
f 360/360/360 343/343/343 366/366/366
f 367/367/367 281/281/281 364/364/364
f 368/368/368 364/364/364 265/265/265
f 368/368/368 369/369/369 364/364/364
f 370/370/370 371/371/371 372/372/372
f 369/369/369 367/367/367 364/364/364
f 313/313/313 144/144/144 96/96/96
f 368/368/368 265/265/265 359/359/359
f 373/373/373 45/45/45 46/46/46
f 361/361/361 362/362/362 374/374/374
f 313/313/313 336/336/336 144/144/144
f 375/375/375 362/362/362 363/363/363
f 313/313/313 310/310/310 318/318/318
f 368/368/368 376/376/376 369/369/369
f 374/374/374 377/377/377 378/378/378
f 362/362/362 377/377/377 374/374/374
f 377/377/377 362/362/362 375/375/375
f 359/359/359 52/52/52 368/368/368
f 336/336/336 313/313/313 379/379/379
f 336/336/336 379/379/379 366/366/366
f 380/380/380 379/379/379 313/313/313
f 294/294/294 300/300/300 381/381/381
f 248/248/248 295/295/295 294/294/294
f 294/294/294 381/381/381 248/248/248
f 366/366/366 379/379/379 365/365/365
f 54/54/54 368/368/368 52/52/52
f 13/13/13 45/45/45 373/373/373
f 290/290/290 293/293/293 311/311/311
f 381/381/381 317/317/317 248/248/248
f 318/318/318 314/314/314 382/382/382
f 314/314/314 383/383/383 382/382/382
f 348/348/348 356/356/356 384/384/384
f 350/350/350 354/354/354 339/339/339
f 312/312/312 385/385/385 311/311/311
f 386/386/386 192/192/192 84/84/84
f 348/348/348 384/384/384 359/359/359
f 339/339/339 354/354/354 371/371/371
f 84/84/84 82/82/82 386/386/386
f 337/337/337 339/339/339 371/371/371
f 387/387/387 385/385/385 312/312/312
f 198/198/198 235/235/235 255/255/255
f 365/365/365 388/388/388 324/324/324
f 388/388/388 365/365/365 389/389/389
f 384/384/384 390/390/390 391/391/391
f 388/388/388 370/370/370 341/341/341
f 359/359/359 384/384/384 66/66/66
f 388/388/388 342/342/342 371/371/371
f 192/192/192 386/386/386 235/235/235
f 66/66/66 384/384/384 67/67/67
f 324/324/324 388/388/388 341/341/341
f 82/82/82 99/99/99 386/386/386
f 52/52/52 359/359/359 66/66/66
f 52/52/52 66/66/66 70/70/70
f 82/82/82 81/81/81 99/99/99
f 360/360/360 190/190/190 196/196/196
f 168/168/168 190/190/190 360/360/360
f 67/67/67 384/384/384 391/391/391
f 169/169/169 168/168/168 324/324/324
f 391/391/391 78/78/78 67/67/67
f 324/324/324 168/168/168 360/360/360
f 324/324/324 360/360/360 365/365/365
f 392/392/392 386/386/386 99/99/99
f 301/301/301 324/324/324 341/341/341
f 393/393/393 394/394/394 395/395/395
f 396/396/396 103/103/103 116/116/116
f 396/396/396 116/116/116 221/221/221
f 397/397/397 389/389/389 379/379/379
f 393/393/393 398/398/398 394/394/394
f 398/398/398 393/393/393 399/399/399
f 46/46/46 22/22/22 151/151/151
f 397/397/397 330/330/330 329/329/329
f 397/397/397 329/329/329 342/342/342
f 400/400/400 401/401/401 402/402/402
f 402/402/402 401/401/401 403/403/403
f 389/389/389 397/397/397 342/342/342
f 268/268/268 270/270/270 61/61/61
f 379/379/379 389/389/389 365/365/365
f 268/268/268 255/255/255 404/404/404
f 405/405/405 406/406/406 407/407/407
f 73/73/73 46/46/46 408/408/408
f 409/409/409 410/410/410 411/411/411
f 405/405/405 412/412/412 406/406/406
f 314/314/314 328/328/328 383/383/383
f 413/413/413 414/414/414 415/415/415
f 414/414/414 416/416/416 417/417/417
f 416/416/416 414/414/414 413/413/413
f 418/418/418 419/419/419 407/407/407
f 418/418/418 407/407/407 406/406/406
f 332/332/332 334/334/334 420/420/420
f 421/421/421 332/332/332 420/420/420
f 422/422/422 407/407/407 419/419/419
f 423/423/423 325/325/325 332/332/332
f 424/424/424 407/407/407 422/422/422
f 425/425/425 415/415/415 414/414/414
f 423/423/423 332/332/332 421/421/421
f 423/423/423 322/322/322 326/326/326
f 423/423/423 326/326/326 325/325/325
f 426/426/426 322/322/322 423/423/423
f 421/421/421 427/427/427 423/423/423
f 389/389/389 342/342/342 388/388/388
f 405/405/405 428/428/428 429/429/429
f 270/270/270 268/268/268 277/277/277
f 151/151/151 111/111/111 147/147/147
f 340/340/340 342/342/342 329/329/329
f 151/151/151 147/147/147 408/408/408
f 428/428/428 430/430/430 429/429/429
f 342/342/342 337/337/337 371/371/371
f 424/424/424 405/405/405 407/407/407
f 277/277/277 108/108/108 65/65/65
f 65/65/65 108/108/108 107/107/107
f 405/405/405 424/424/424 428/428/428
f 431/431/431 432/432/432 277/277/277
f 276/276/276 281/281/281 393/393/393
f 281/281/281 433/433/433 393/393/393
f 46/46/46 151/151/151 408/408/408
f 114/114/114 123/123/123 122/122/122
f 142/142/142 432/432/432 140/140/140
f 434/434/434 378/378/378 390/390/390
f 140/140/140 432/432/432 431/431/431
f 312/312/312 341/341/341 370/370/370
f 433/433/433 281/281/281 367/367/367
f 312/312/312 370/370/370 387/387/387
f 433/433/433 399/399/399 393/393/393
f 435/435/435 268/268/268 404/404/404
f 390/390/390 384/384/384 434/434/434
f 431/431/431 277/277/277 268/268/268
f 388/388/388 371/371/371 370/370/370
f 372/372/372 387/387/387 370/370/370
f 435/435/435 431/431/431 268/268/268
f 408/408/408 74/74/74 73/73/73
f 436/436/436 431/431/431 435/435/435
f 436/436/436 392/392/392 437/437/437
f 436/436/436 437/437/437 431/431/431
f 378/378/378 377/377/377 391/391/391
f 5/5/5 19/19/19 84/84/84
f 392/392/392 438/438/438 437/437/437
f 439/439/439 367/367/367 376/376/376
f 391/391/391 390/390/390 378/378/378
f 77/77/77 84/84/84 19/19/19
f 437/437/437 174/174/174 431/431/431
f 377/377/377 78/78/78 391/391/391
f 431/431/431 174/174/174 140/140/140
f 377/377/377 375/375/375 440/440/440
f 174/174/174 437/437/437 197/197/197
f 175/175/175 174/174/174 197/197/197
f 305/305/305 307/307/307 441/441/441
f 307/307/307 308/308/308 441/441/441
f 287/287/287 304/304/304 303/303/303
f 442/442/442 304/304/304 305/305/305
f 437/437/437 438/438/438 443/443/443
f 304/304/304 442/442/442 303/303/303
f 363/363/363 303/303/303 442/442/442
f 443/443/443 197/197/197 437/437/437
f 442/442/442 305/305/305 441/441/441
f 73/73/73 373/373/373 46/46/46
f 444/444/444 424/424/424 422/422/422
f 373/373/373 73/73/73 90/90/90
f 444/444/444 422/422/422 445/445/445
f 308/308/308 58/58/58 69/69/69
f 235/235/235 404/404/404 255/255/255
f 367/367/367 446/446/446 433/433/433
f 447/447/447 441/441/441 308/308/308
f 447/447/447 308/308/308 448/448/448
f 446/446/446 367/367/367 439/439/439
f 447/447/447 448/448/448 449/449/449
f 386/386/386 392/392/392 235/235/235
f 375/375/375 363/363/363 450/450/450
f 442/442/442 450/450/450 363/363/363
f 451/451/451 446/446/446 439/439/439
f 442/442/442 441/441/441 447/447/447
f 450/450/450 442/442/442 452/452/452
f 438/438/438 392/392/392 99/99/99
f 453/453/453 444/444/444 445/445/445
f 440/440/440 375/375/375 450/450/450
f 99/99/99 103/103/103 396/396/396
f 235/235/235 435/435/435 404/404/404
f 452/452/452 454/454/454 450/450/450
f 440/440/440 450/450/450 454/454/454
f 235/235/235 392/392/392 435/435/435
f 452/452/452 447/447/447 455/455/455
f 455/455/455 447/447/447 449/449/449
f 456/456/456 433/433/433 446/446/446
f 449/449/449 457/457/457 455/455/455
f 41/41/41 37/37/37 29/29/29
f 458/458/458 459/459/459 460/460/460
f 442/442/442 447/447/447 452/452/452
f 458/458/458 461/461/461 459/459/459
f 41/41/41 93/93/93 37/37/37
f 250/250/250 460/460/460 251/251/251
f 460/460/460 250/250/250 458/458/458
f 69/69/69 448/448/448 308/308/308
f 462/462/462 463/463/463 448/448/448
f 464/464/464 252/252/252 251/251/251
f 435/435/435 392/392/392 436/436/436
f 93/93/93 41/41/41 48/48/48
f 460/460/460 464/464/464 251/251/251
f 463/463/463 449/449/449 448/448/448
f 99/99/99 396/396/396 438/438/438
f 465/465/465 460/460/460 459/459/459
f 462/462/462 466/466/466 463/463/463
f 93/93/93 48/48/48 178/178/178
f 396/396/396 443/443/443 438/438/438
f 467/467/467 466/466/466 462/462/462
f 449/449/449 463/463/463 466/466/466
f 449/449/449 466/466/466 468/468/468
f 202/202/202 201/201/201 469/469/469
f 457/457/457 449/449/449 468/468/468
f 470/470/470 457/457/457 468/468/468
f 471/471/471 396/396/396 221/221/221
f 468/468/468 466/466/466 472/472/472
f 471/471/471 221/221/221 239/239/239
f 472/472/472 466/466/466 467/467/467
f 472/472/472 467/467/467 473/473/473
f 239/239/239 221/221/221 220/220/220
f 393/393/393 273/273/273 276/276/276
f 273/273/273 393/393/393 474/474/474
f 471/471/471 239/239/239 254/254/254
f 147/147/147 79/79/79 408/408/408
f 395/395/395 474/474/474 393/393/393
f 401/401/401 412/412/412 403/403/403
f 475/475/475 472/472/472 473/473/473
f 476/476/476 472/472/472 475/475/475
f 476/476/476 468/468/468 472/472/472
f 459/459/459 477/477/477 465/465/465
f 254/254/254 252/252/252 464/464/464
f 459/459/459 478/478/478 477/477/477
f 440/440/440 479/479/479 377/377/377
f 459/459/459 461/461/461 478/478/478
f 480/480/480 479/479/479 440/440/440
f 481/481/481 299/299/299 315/315/315
f 480/480/480 440/440/440 454/454/454
f 79/79/79 299/299/299 481/481/481
f 78/78/78 377/377/377 479/479/479
f 396/396/396 471/471/471 443/443/443
f 477/477/477 482/482/482 465/465/465
f 271/271/271 443/443/443 471/471/471
f 454/454/454 452/452/452 455/455/455
f 482/482/482 483/483/483 465/465/465
f 74/74/74 408/408/408 79/79/79
f 484/484/484 455/455/455 457/457/457
f 271/271/271 197/197/197 443/443/443
f 203/203/203 197/197/197 271/271/271
f 454/454/454 485/485/485 480/480/480
f 485/485/485 454/454/454 455/455/455
f 484/484/484 485/485/485 455/455/455
f 89/89/89 78/78/78 479/479/479
f 89/89/89 479/479/479 480/480/480
f 94/94/94 89/89/89 480/480/480
f 94/94/94 480/480/480 485/485/485
f 94/94/94 485/485/485 484/484/484
f 486/486/486 487/487/487 57/57/57
f 488/488/488 489/489/489 490/490/490
f 471/471/471 254/254/254 491/491/491
f 79/79/79 481/481/481 62/62/62
f 489/489/489 492/492/492 490/490/490
f 493/493/493 403/403/403 412/412/412
f 464/464/464 491/491/491 254/254/254
f 494/494/494 491/491/491 464/464/464
f 491/491/491 271/271/271 471/471/471
f 97/97/97 484/484/484 470/470/470
f 470/470/470 484/484/484 457/457/457
f 468/468/468 476/476/476 470/470/470
f 272/272/272 271/271/271 491/491/491
f 495/495/495 476/476/476 475/475/475
f 496/496/496 470/470/470 476/476/476
f 75/75/75 448/448/448 69/69/69
f 448/448/448 75/75/75 462/462/462
f 497/497/497 75/75/75 57/57/57
f 464/464/464 460/460/460 465/465/465
f 498/498/498 75/75/75 497/497/497
f 496/496/496 476/476/476 495/495/495
f 464/464/464 465/465/465 483/483/483
f 496/496/496 495/495/495 499/499/499
f 499/499/499 495/495/495 500/500/500
f 481/481/481 315/315/315 234/234/234
f 94/94/94 484/484/484 97/97/97
f 498/498/498 462/462/462 75/75/75
f 486/486/486 57/57/57 56/56/56
f 234/234/234 63/63/63 481/481/481
f 62/62/62 481/481/481 63/63/63
f 315/315/315 319/319/319 234/234/234
f 494/494/494 464/464/464 483/483/483
f 102/102/102 470/470/470 496/496/496
f 487/487/487 497/497/497 57/57/57
f 497/497/497 487/487/487 501/501/501
f 56/56/56 288/288/288 494/494/494
f 494/494/494 483/483/483 56/56/56
f 97/97/97 470/470/470 102/102/102
f 497/497/497 501/501/501 502/502/502
f 272/272/272 491/491/491 494/494/494
f 288/288/288 272/272/272 494/494/494
f 503/503/503 501/501/501 504/504/504
f 499/499/499 102/102/102 496/496/496
f 499/499/499 505/505/505 102/102/102
f 501/501/501 503/503/503 502/502/502
f 506/506/506 503/503/503 504/504/504
f 503/503/503 506/506/506 507/507/507
f 502/502/502 498/498/498 497/497/497
f 302/302/302 288/288/288 56/56/56
f 302/302/302 56/56/56 306/306/306
f 58/58/58 306/306/306 56/56/56
f 467/467/467 498/498/498 502/502/502
f 498/498/498 467/467/467 462/462/462
f 508/508/508 467/467/467 502/502/502
f 508/508/508 502/502/502 503/503/503
f 486/486/486 56/56/56 483/483/483
f 507/507/507 509/509/509 503/503/503
f 369/369/369 376/376/376 367/367/367
f 368/368/368 54/54/54 376/376/376
f 510/510/510 101/101/101 100/100/100
f 100/100/100 136/136/136 510/510/510
f 510/510/510 136/136/136 149/149/149
f 511/511/511 131/131/131 128/128/128
f 133/133/133 131/131/131 512/512/512
f 166/166/166 165/165/165 228/228/228
f 218/218/218 223/223/223 215/215/215
f 222/222/222 219/219/219 223/223/223
f 237/237/237 219/219/219 240/240/240
f 224/224/224 248/248/248 249/249/249
f 280/280/280 284/284/284 278/278/278
f 284/284/284 344/344/344 278/278/278
f 282/282/282 513/513/513 284/284/284
f 514/514/514 284/284/284 513/513/513
f 344/344/344 284/284/284 514/514/514
f 355/355/355 292/292/292 358/358/358
f 515/515/515 401/401/401 400/400/400
f 516/516/516 517/517/517 401/401/401
f 506/506/506 518/518/518 507/507/507
f 511/511/511 512/512/512 131/131/131
f 515/515/515 516/516/516 401/401/401
f 519/519/519 520/520/520 521/521/521
f 522/522/522 523/523/523 524/524/524
f 525/525/525 526/526/526 521/521/521
f 527/527/527 525/525/525 521/521/521
f 528/528/528 529/529/529 530/530/530
f 531/531/531 532/532/532 533/533/533
f 534/534/534 535/535/535 536/536/536
f 537/537/537 538/538/538 534/534/534
f 537/537/537 539/539/539 538/538/538
f 540/540/540 541/541/541 520/520/520
f 542/542/542 543/543/543 544/544/544
f 545/545/545 541/541/541 540/540/540
f 540/540/540 520/520/520 519/519/519
f 528/528/528 545/545/545 529/529/529
f 546/546/546 529/529/529 545/545/545
f 523/523/523 547/547/547 524/524/524
f 545/545/545 540/540/540 519/519/519
f 548/548/548 533/533/533 522/522/522
f 549/549/549 550/550/550 551/551/551
f 548/548/548 531/531/531 533/533/533
f 519/519/519 552/552/552 553/553/553
f 553/553/553 545/545/545 519/519/519
f 545/545/545 553/553/553 546/546/546
f 554/554/554 531/531/531 555/555/555
f 523/523/523 522/522/522 533/533/533
f 548/548/548 556/556/556 555/555/555
f 547/547/547 557/557/557 558/558/558
f 548/548/548 555/555/555 531/531/531
f 523/523/523 557/557/557 547/547/547
f 520/520/520 541/541/541 559/559/559
f 528/528/528 541/541/541 545/545/545
f 520/520/520 559/559/559 560/560/560
f 541/541/541 528/528/528 561/561/561
f 521/521/521 520/520/520 527/527/527
f 541/541/541 561/561/561 559/559/559
f 520/520/520 560/560/560 527/527/527
f 562/562/562 563/563/563 564/564/564
f 565/565/565 536/536/536 566/566/566
f 566/566/566 536/536/536 567/567/567
f 537/537/537 568/568/568 539/539/539
f 569/569/569 570/570/570 571/571/571
f 572/572/572 573/573/573 574/574/574
f 575/575/575 571/571/571 570/570/570
f 505/505/505 499/499/499 576/576/576
f 577/577/577 578/578/578 579/579/579
f 576/576/576 500/500/500 580/580/580
f 577/577/577 581/581/581 572/572/572
f 582/582/582 583/583/583 584/584/584
f 430/430/430 428/428/428 585/585/585
f 580/580/580 586/586/586 571/571/571
f 587/587/587 572/572/572 581/581/581
f 588/588/588 582/582/582 589/589/589
f 590/590/590 572/572/572 587/587/587
f 590/590/590 573/573/573 572/572/572
f 591/591/591 589/589/589 582/582/582
f 592/592/592 593/593/593 572/572/572
f 594/594/594 593/593/593 592/592/592
f 430/430/430 585/585/585 489/489/489
f 583/583/583 582/582/582 588/588/588
f 572/572/572 593/593/593 577/577/577
f 593/593/593 595/595/595 577/577/577
f 596/596/596 505/505/505 576/576/576
f 597/597/597 595/595/595 593/593/593
f 598/598/598 583/583/583 588/588/588
f 599/599/599 578/578/578 600/600/600
f 578/578/578 601/601/601 600/600/600
f 577/577/577 601/601/601 578/578/578
f 576/576/576 580/580/580 602/602/602
f 603/603/603 585/585/585 428/428/428
f 604/604/604 605/605/605 600/600/600
f 580/580/580 571/571/571 602/602/602
f 575/575/575 602/602/602 571/571/571
f 577/577/577 595/595/595 601/601/601
f 606/606/606 489/489/489 585/585/585
f 575/575/575 607/607/607 602/602/602
f 608/608/608 575/575/575 570/570/570
f 608/608/608 607/607/607 575/575/575
f 609/609/609 610/610/610 589/589/589
f 606/606/606 585/585/585 603/603/603
f 610/610/610 588/588/588 589/589/589
f 611/611/611 600/600/600 601/601/601
f 612/612/612 613/613/613 614/614/614
f 615/615/615 600/600/600 611/611/611
f 600/600/600 615/615/615 604/604/604
f 614/614/614 616/616/616 612/612/612
f 617/617/617 618/618/618 619/619/619
f 613/613/613 612/612/612 620/620/620
f 603/603/603 621/621/621 606/606/606
f 622/622/622 623/623/623 624/624/624
f 624/624/624 623/623/623 625/625/625
f 626/626/626 627/627/627 628/628/628
f 629/629/629 616/616/616 630/630/630
f 627/627/627 631/631/631 628/628/628
f 626/626/626 628/628/628 632/632/632
f 633/633/633 634/634/634 635/635/635
f 636/636/636 637/637/637 638/638/638
f 619/619/619 618/618/618 639/639/639
f 640/640/640 622/622/622 641/641/641
f 640/640/640 623/623/623 622/622/622
f 636/636/636 638/638/638 642/642/642
f 643/643/643 636/636/636 642/642/642
f 644/644/644 645/645/645 646/646/646
f 644/644/644 647/647/647 648/648/648
f 649/649/649 627/627/627 626/626/626
f 638/638/638 650/650/650 651/651/651
f 626/626/626 652/652/652 649/649/649
f 626/626/626 632/632/632 653/653/653
f 654/654/654 634/634/634 655/655/655
f 626/626/626 653/653/653 656/656/656
f 639/639/639 657/657/657 630/630/630
f 658/658/658 659/659/659 660/660/660
f 656/656/656 652/652/652 626/626/626
f 629/629/629 630/630/630 657/657/657
f 655/655/655 661/661/661 654/654/654
f 662/662/662 663/663/663 664/664/664
f 665/665/665 662/662/662 664/664/664
f 665/665/665 664/664/664 666/666/666
f 667/667/667 624/624/624 625/625/625
f 668/668/668 663/663/663 662/662/662
f 669/669/669 660/660/660 659/659/659
f 669/669/669 659/659/659 670/670/670
f 671/671/671 662/662/662 672/672/672
f 667/667/667 625/625/625 569/569/569
f 651/651/651 650/650/650 669/669/669
f 671/671/671 668/668/668 662/662/662
f 569/569/569 625/625/625 673/673/673
f 674/674/674 671/671/671 675/675/675
f 650/650/650 660/660/660 669/669/669
f 625/625/625 676/676/676 673/673/673
f 677/677/677 678/678/678 627/627/627
f 453/453/453 679/679/679 637/637/637
f 680/680/680 672/672/672 662/662/662
f 680/680/680 662/662/662 681/681/681
f 570/570/570 569/569/569 682/682/682
f 671/671/671 683/683/683 675/675/675
f 650/650/650 638/638/638 679/679/679
f 684/684/684 634/634/634 633/633/633
f 679/679/679 638/638/638 637/637/637
f 581/581/581 684/684/684 633/633/633
f 634/634/634 684/684/684 655/655/655
f 685/685/685 650/650/650 679/679/679
f 676/676/676 623/623/623 640/640/640
f 676/676/676 625/625/625 623/623/623
f 661/661/661 684/684/684 686/686/686
f 687/687/687 679/679/679 453/453/453
f 661/661/661 655/655/655 684/684/684
f 688/688/688 581/581/581 633/633/633
f 645/645/645 689/689/689 690/690/690
f 569/569/569 691/691/691 682/682/682
f 692/692/692 693/693/693 694/694/694
f 672/672/672 693/693/693 683/683/683
f 692/692/692 675/675/675 683/683/683
f 675/675/675 692/692/692 694/694/694
f 690/690/690 689/689/689 695/695/695
f 645/645/645 690/690/690 646/646/646
f 692/692/692 683/683/683 693/693/693
f 696/696/696 569/569/569 673/673/673
f 581/581/581 688/688/688 697/697/697
f 696/696/696 691/691/691 569/569/569
f 698/698/698 697/697/697 688/688/688
f 693/693/693 699/699/699 694/694/694
f 700/700/700 699/699/699 693/693/693
f 701/701/701 702/702/702 697/697/697
f 703/703/703 669/669/669 670/670/670
f 677/677/677 627/627/627 704/704/704
f 705/705/705 651/651/651 669/669/669
f 703/703/703 705/705/705 669/669/669
f 608/608/608 570/570/570 682/682/682
f 608/608/608 682/682/682 691/691/691
f 706/706/706 689/689/689 707/707/707
f 695/695/695 689/689/689 706/706/706
f 703/703/703 708/708/708 705/705/705
f 638/638/638 651/651/651 642/642/642
f 695/695/695 706/706/706 591/591/591
f 705/705/705 642/642/642 651/651/651
f 689/689/689 645/645/645 707/707/707
f 709/709/709 676/676/676 640/640/640
f 710/710/710 711/711/711 712/712/712
f 713/713/713 711/711/711 710/710/710
f 705/705/705 714/714/714 642/642/642
f 715/715/715 712/712/712 716/716/716
f 717/717/717 673/673/673 676/676/676
f 706/706/706 707/707/707 718/718/718
f 719/719/719 661/661/661 686/686/686
f 717/717/717 696/696/696 673/673/673
f 720/720/720 718/718/718 707/707/707
f 721/721/721 686/686/686 722/722/722
f 424/424/424 637/637/637 428/428/428
f 722/722/722 686/686/686 684/684/684
f 723/723/723 676/676/676 709/709/709
f 715/715/715 716/716/716 724/724/724
f 717/717/717 676/676/676 723/723/723
f 725/725/725 599/599/599 726/726/726
f 727/727/727 715/715/715 724/724/724
f 728/728/728 729/729/729 536/536/536
f 730/730/730 728/728/728 534/534/534
f 536/536/536 535/535/535 728/728/728
f 535/535/535 534/534/534 728/728/728
f 730/730/730 534/534/534 538/538/538
f 731/731/731 681/681/681 662/662/662
f 637/637/637 424/424/424 444/444/444
f 732/732/732 733/733/733 734/734/734
f 733/733/733 732/732/732 735/735/735
f 736/736/736 735/735/735 732/732/732
f 737/737/737 732/732/732 734/734/734
f 738/738/738 739/739/739 740/740/740
f 741/741/741 681/681/681 731/731/731
f 741/741/741 742/742/742 743/743/743
f 738/738/738 744/744/744 739/739/739
f 745/745/745 644/644/644 648/648/648
f 637/637/637 603/603/603 428/428/428
f 739/739/739 746/746/746 747/747/747
f 637/637/637 636/636/636 603/603/603
f 741/741/741 731/731/731 748/748/748
f 711/711/711 648/648/648 677/677/677
f 749/749/749 748/748/748 731/731/731
f 731/731/731 750/750/750 751/751/751
f 749/749/749 752/752/752 748/748/748
f 751/751/751 749/749/749 731/731/731
f 753/753/753 746/746/746 739/739/739
f 742/742/742 741/741/741 748/748/748
f 644/644/644 707/707/707 645/645/645
f 754/754/754 707/707/707 644/644/644
f 636/636/636 643/643/643 621/621/621
f 644/644/644 745/745/745 754/754/754
f 742/742/742 748/748/748 752/752/752
f 621/621/621 603/603/603 636/636/636
f 754/754/754 720/720/720 707/707/707
f 740/740/740 739/739/739 747/747/747
f 755/755/755 756/756/756 752/752/752
f 680/680/680 693/693/693 672/672/672
f 757/757/757 754/754/754 745/745/745
f 733/733/733 735/735/735 758/758/758
f 759/759/759 758/758/758 735/735/735
f 757/757/757 720/720/720 754/754/754
f 760/760/760 758/758/758 759/759/759
f 453/453/453 637/637/637 444/444/444
f 761/761/761 730/730/730 538/538/538
f 758/758/758 762/762/762 733/733/733
f 711/711/711 745/745/745 648/648/648
f 573/573/573 763/763/763 574/574/574
f 594/594/594 592/592/592 764/764/764
f 761/761/761 765/765/765 730/730/730
f 592/592/592 572/572/572 574/574/574
f 745/745/745 713/713/713 757/757/757
f 711/711/711 713/713/713 745/745/745
f 766/766/766 767/767/767 742/742/742
f 768/768/768 742/742/742 752/752/752
f 742/742/742 769/769/769 766/766/766
f 770/770/770 453/453/453 771/771/771
f 768/768/768 769/769/769 742/742/742
f 766/766/766 772/772/772 773/773/773
f 594/594/594 764/764/764 774/774/774
f 539/539/539 761/761/761 538/538/538
f 775/775/775 776/776/776 777/777/777
f 778/778/778 766/766/766 769/769/769
f 772/772/772 766/766/766 778/778/778
f 473/473/473 779/779/779 475/475/475
f 735/735/735 736/736/736 759/759/759
f 752/752/752 756/756/756 780/780/780
f 751/751/751 750/750/750 781/781/781
f 525/525/525 527/527/527 782/782/782
f 783/783/783 756/756/756 755/755/755
f 525/525/525 782/782/782 784/784/784
f 755/755/755 751/751/751 783/783/783
f 500/500/500 475/475/475 586/586/586
f 785/785/785 781/781/781 750/750/750
f 786/786/786 730/730/730 765/765/765
f 500/500/500 495/495/495 475/475/475
f 705/705/705 708/708/708 787/787/787
f 580/580/580 500/500/500 586/586/586
f 714/714/714 705/705/705 787/787/787
f 788/788/788 753/753/753 789/789/789
f 790/790/790 768/768/768 752/752/752
f 780/780/780 790/790/790 752/752/752
f 791/791/791 790/790/790 780/780/780
f 788/788/788 792/792/792 753/753/753
f 783/783/783 751/751/751 781/781/781
f 576/576/576 499/499/499 500/500/500
f 783/783/783 780/780/780 756/756/756
f 791/791/791 780/780/780 783/783/783
f 642/642/642 793/793/793 643/643/643
f 527/527/527 794/794/794 782/782/782
f 610/610/610 609/609/609 795/795/795
f 784/784/784 782/782/782 794/794/794
f 591/591/591 706/706/706 796/796/796
f 796/796/796 706/706/706 718/718/718
f 783/783/783 781/781/781 797/797/797
f 790/790/790 797/797/797 798/798/798
f 797/797/797 791/791/791 783/783/783
f 791/791/791 797/797/797 790/790/790
f 642/642/642 714/714/714 793/793/793
f 788/788/788 799/799/799 792/792/792
f 720/720/720 800/800/800 718/718/718
f 801/801/801 781/781/781 785/785/785
f 800/800/800 720/720/720 757/757/757
f 798/798/798 781/781/781 801/801/801
f 797/797/797 781/781/781 798/798/798
f 802/802/802 800/800/800 757/757/757
f 713/713/713 802/802/802 757/757/757
f 803/803/803 802/802/802 713/713/713
f 755/755/755 752/752/752 749/749/749
f 755/755/755 749/749/749 751/751/751
f 804/804/804 785/785/785 750/750/750
f 796/796/796 589/589/589 591/591/591
f 714/714/714 805/805/805 793/793/793
f 589/589/589 796/796/796 609/609/609
f 806/806/806 807/807/807 808/808/808
f 800/800/800 796/796/796 718/718/718
f 809/809/809 796/796/796 800/800/800
f 609/609/609 796/796/796 809/809/809
f 810/810/810 804/804/804 811/811/811
f 812/812/812 808/808/808 807/807/807
f 609/609/609 809/809/809 795/795/795
f 746/746/746 777/777/777 747/747/747
f 775/775/775 777/777/777 746/746/746
f 785/785/785 804/804/804 813/813/813
f 808/808/808 812/812/812 614/614/614
f 804/804/804 810/810/810 813/813/813
f 814/814/814 800/800/800 802/802/802
f 763/763/763 573/573/573 702/702/702
f 590/590/590 702/702/702 573/573/573
f 590/590/590 587/587/587 702/702/702
f 814/814/814 802/802/802 803/803/803
f 774/774/774 815/815/815 594/594/594
f 593/593/593 594/594/594 815/815/815
f 814/814/814 803/803/803 816/816/816
f 815/815/815 597/597/597 593/593/593
f 817/817/817 809/809/809 800/800/800
f 817/817/817 800/800/800 814/814/814
f 597/597/597 818/818/818 595/595/595
f 597/597/597 815/815/815 774/774/774
f 819/819/819 595/595/595 818/818/818
f 790/790/790 798/798/798 768/768/768
f 611/611/611 601/601/601 595/595/595
f 595/595/595 819/819/819 611/611/611
f 616/616/616 746/746/746 753/753/753
f 798/798/798 820/820/820 768/768/768
f 616/616/616 753/753/753 792/792/792
f 821/821/821 822/822/822 823/823/823
f 616/616/616 812/812/812 746/746/746
f 785/785/785 824/824/824 801/801/801
f 812/812/812 616/616/616 614/614/614
f 611/611/611 825/825/825 826/826/826
f 827/827/827 828/828/828 829/829/829
f 746/746/746 812/812/812 775/775/775
f 830/830/830 821/821/821 831/831/831
f 785/785/785 828/828/828 824/824/824
f 823/823/823 524/524/524 547/547/547
f 832/832/832 559/559/559 561/561/561
f 560/560/560 559/559/559 832/832/832
f 832/832/832 833/833/833 560/560/560
f 611/611/611 826/826/826 615/615/615
f 775/775/775 812/812/812 834/834/834
f 834/834/834 812/812/812 807/807/807
f 832/832/832 561/561/561 835/835/835
f 615/615/615 826/826/826 836/836/836
f 823/823/823 558/558/558 821/821/821
f 558/558/558 823/823/823 547/547/547
f 837/837/837 560/560/560 833/833/833
f 829/829/829 838/838/838 827/827/827
f 836/836/836 839/839/839 615/615/615
f 840/840/840 841/841/841 604/604/604
f 840/840/840 604/604/604 615/615/615
f 835/835/835 833/833/833 832/832/832
f 835/835/835 842/842/842 833/833/833
f 835/835/835 843/843/843 842/842/842
f 826/826/826 838/838/838 836/836/836
f 844/844/844 615/615/615 839/839/839
f 845/845/845 843/843/843 835/835/835
f 557/557/557 846/846/846 558/558/558
f 810/810/810 847/847/847 813/813/813
f 794/794/794 527/527/527 560/560/560
f 848/848/848 490/490/490 492/492/492
f 528/528/528 530/530/530 561/561/561
f 556/556/556 849/849/849 555/555/555
f 849/849/849 556/556/556 548/548/548
f 847/847/847 828/828/828 785/785/785
f 530/530/530 835/835/835 561/561/561
f 558/558/558 831/831/831 821/821/821
f 794/794/794 560/560/560 837/837/837
f 847/847/847 829/829/829 828/828/828
f 848/848/848 492/492/492 850/850/850
f 615/615/615 844/844/844 840/840/840
f 847/847/847 785/785/785 813/813/813
f 799/799/799 788/788/788 851/851/851
f 850/850/850 852/852/852 848/848/848
f 852/852/852 850/850/850 853/853/853
f 854/854/854 792/792/792 799/799/799
f 831/831/831 558/558/558 846/846/846
f 854/854/854 799/799/799 855/855/855
f 845/845/845 835/835/835 530/530/530
f 855/855/855 856/856/856 857/857/857
f 858/858/858 829/829/829 847/847/847
f 859/859/859 855/855/855 857/857/857
f 860/860/860 829/829/829 858/858/858
f 822/822/822 849/849/849 548/548/548
f 522/522/522 822/822/822 548/548/548
f 858/858/858 847/847/847 861/861/861
f 849/849/849 822/822/822 862/862/862
f 822/822/822 821/821/821 863/863/863
f 492/492/492 489/489/489 606/606/606
f 838/838/838 829/829/829 864/864/864
f 860/860/860 865/865/865 829/829/829
f 866/866/866 863/863/863 830/830/830
f 865/865/865 864/864/864 829/829/829
f 830/830/830 863/863/863 821/821/821
f 524/524/524 823/823/823 522/522/522
f 867/867/867 864/864/864 865/865/865
f 839/839/839 867/867/867 844/844/844
f 822/822/822 522/522/522 823/823/823
f 492/492/492 606/606/606 850/850/850
f 844/844/844 867/867/867 868/868/868
f 865/865/865 868/868/868 867/867/867
f 863/863/863 866/866/866 869/869/869
f 870/870/870 860/860/860 858/858/858
f 860/860/860 868/868/868 865/865/865
f 666/666/666 866/866/866 871/871/871
f 666/666/666 869/869/869 866/866/866
f 859/859/859 857/857/857 872/872/872
f 870/870/870 868/868/868 860/860/860
f 666/666/666 664/664/664 869/869/869
f 619/619/619 639/639/639 873/873/873
f 874/874/874 853/853/853 850/850/850
f 875/875/875 868/868/868 870/870/870
f 726/726/726 605/605/605 876/876/876
f 501/501/501 487/487/487 504/504/504
f 852/852/852 877/877/877 848/848/848
f 878/878/878 879/879/879 880/880/880
f 504/504/504 518/518/518 506/506/506
f 881/881/881 879/879/879 878/878/878
f 871/871/871 866/866/866 830/830/830
f 873/873/873 859/859/859 872/872/872
f 859/859/859 873/873/873 639/639/639
f 712/712/712 882/882/882 710/710/710
f 883/883/883 852/852/852 884/884/884
f 715/715/715 882/882/882 712/712/712
f 883/883/883 884/884/884 885/885/885
f 886/886/886 710/710/710 882/882/882
f 509/509/509 508/508/508 503/503/503
f 887/887/887 473/473/473 508/508/508
f 508/508/508 888/888/888 887/887/887
f 467/467/467 508/508/508 473/473/473
f 803/803/803 713/713/713 710/710/710
f 853/853/853 884/884/884 852/852/852
f 803/803/803 710/710/710 889/889/889
f 792/792/792 630/630/630 616/616/616
f 890/890/890 666/666/666 871/871/871
f 891/891/891 881/881/881 878/878/878
f 666/666/666 890/890/890 665/665/665
f 886/886/886 889/889/889 710/710/710
f 855/855/855 630/630/630 854/854/854
f 892/892/892 883/883/883 885/885/885
f 630/630/630 855/855/855 859/859/859
f 887/887/887 888/888/888 885/885/885
f 893/893/893 894/894/894 891/891/891
f 882/882/882 895/895/895 896/896/896
f 662/662/662 665/665/665 731/731/731
f 897/897/897 726/726/726 898/898/898
f 876/876/876 898/898/898 726/726/726
f 792/792/792 854/854/854 630/630/630
f 896/896/896 886/886/886 882/882/882
f 830/830/830 831/831/831 871/871/871
f 896/896/896 899/899/899 886/886/886
f 884/884/884 887/887/887 885/885/885
f 886/886/886 899/899/899 900/900/900
f 887/887/887 884/884/884 901/901/901
f 902/902/902 903/903/903 904/904/904
f 779/779/779 887/887/887 901/901/901
f 905/905/905 563/563/563 906/906/906
f 473/473/473 887/887/887 779/779/779
f 907/907/907 906/906/906 563/563/563
f 846/846/846 903/903/903 908/908/908
f 909/909/909 886/886/886 900/900/900
f 886/886/886 909/909/909 889/889/889
f 901/901/901 853/853/853 910/910/910
f 639/639/639 630/630/630 859/859/859
f 911/911/911 902/902/902 811/811/811
f 874/874/874 910/910/910 853/853/853
f 908/908/908 890/890/890 871/871/871
f 816/816/816 803/803/803 889/889/889
f 890/890/890 750/750/750 665/665/665
f 910/910/910 874/874/874 912/912/912
f 913/913/913 806/806/806 808/808/808
f 816/816/816 889/889/889 914/914/914
f 853/853/853 901/901/901 884/884/884
f 750/750/750 731/731/731 665/665/665
f 846/846/846 871/871/871 831/831/831
f 808/808/808 915/915/915 913/913/913
f 908/908/908 871/871/871 846/846/846
f 913/913/913 915/915/915 916/916/916
f 889/889/889 909/909/909 917/917/917
f 901/901/901 910/910/910 912/912/912
f 586/586/586 779/779/779 901/901/901
f 909/909/909 900/900/900 918/918/918
f 919/919/919 640/640/640 641/641/641
f 916/916/916 920/920/920 913/913/913
f 902/902/902 908/908/908 903/903/903
f 911/911/911 908/908/908 902/902/902
f 606/606/606 921/921/921 850/850/850
f 709/709/709 640/640/640 919/919/919
f 604/604/604 922/922/922 605/605/605
f 922/922/922 876/876/876 605/605/605
f 919/919/919 923/923/923 924/924/924
f 908/908/908 911/911/911 890/890/890
f 925/925/925 876/876/876 922/922/922
f 850/850/850 921/921/921 926/926/926
f 911/911/911 750/750/750 890/890/890
f 613/613/613 915/915/915 808/808/808
f 841/841/841 922/922/922 604/604/604
f 613/613/613 808/808/808 614/614/614
f 750/750/750 911/911/911 811/811/811
f 922/922/922 927/927/927 925/925/925
f 928/928/928 874/874/874 850/850/850
f 928/928/928 850/850/850 926/926/926
f 929/929/929 925/925/925 927/927/927
f 915/915/915 613/613/613 620/620/620
f 930/930/930 927/927/927 931/931/931
f 929/929/929 927/927/927 930/930/930
f 804/804/804 750/750/750 811/811/811
f 927/927/927 922/922/922 932/932/932
f 931/931/931 927/927/927 932/932/932
f 926/926/926 624/624/624 928/928/928
f 932/932/932 933/933/933 931/931/931
f 916/916/916 915/915/915 620/620/620
f 690/690/690 924/924/924 923/923/923
f 932/932/932 922/922/922 841/841/841
f 620/620/620 934/934/934 916/916/916
f 581/581/581 722/722/722 684/684/684
f 697/697/697 702/702/702 581/581/581
f 935/935/935 926/926/926 921/921/921
f 649/649/649 704/704/704 627/627/627
f 935/935/935 622/622/622 926/926/926
f 919/919/919 924/924/924 584/584/584
f 709/709/709 919/919/919 584/584/584
f 926/926/926 622/622/622 624/624/624
f 930/930/930 931/931/931 936/936/936
f 937/937/937 931/931/931 933/933/933
f 935/935/935 641/641/641 622/622/622
f 924/924/924 690/690/690 582/582/582
f 582/582/582 584/584/584 924/924/924
f 704/704/704 711/711/711 677/677/677
f 582/582/582 690/690/690 695/695/695
f 937/937/937 936/936/936 931/931/931
f 928/928/928 912/912/912 874/874/874
f 711/711/711 704/704/704 712/712/712
f 716/716/716 712/712/712 704/704/704
f 936/936/936 938/938/938 930/930/930
f 686/686/686 721/721/721 719/719/719
f 582/582/582 695/695/695 591/591/591
f 939/939/939 719/719/719 721/721/721
f 912/912/912 928/928/928 667/667/667
f 722/722/722 939/939/939 721/721/721
f 932/932/932 841/841/841 940/940/940
f 667/667/667 928/928/928 624/624/624
f 941/941/941 579/579/579 719/719/719
f 779/779/779 586/586/586 475/475/475
f 933/933/933 932/932/932 942/942/942
f 942/942/942 932/932/932 940/940/940
f 941/941/941 719/719/719 939/939/939
f 941/941/941 939/939/939 722/722/722
f 841/841/841 840/840/840 844/844/844
f 581/581/581 941/941/941 722/722/722
f 844/844/844 940/940/940 841/841/841
f 723/723/723 709/709/709 943/943/943
f 702/702/702 587/587/587 581/581/581
f 937/937/937 933/933/933 942/942/942
f 943/943/943 709/709/709 584/584/584
f 941/941/941 577/577/577 579/579/579
f 586/586/586 901/901/901 944/944/944
f 941/941/941 581/581/581 577/577/577
f 944/944/944 571/571/571 586/586/586
f 943/943/943 584/584/584 583/583/583
f 901/901/901 912/912/912 944/944/944
f 583/583/583 598/598/598 943/943/943
f 667/667/667 944/944/944 912/912/912
f 704/704/704 945/945/945 716/716/716
f 946/946/946 579/579/579 578/578/578
f 578/578/578 599/599/599 946/946/946
f 569/569/569 944/944/944 667/667/667
f 947/947/947 940/940/940 844/844/844
f 725/725/725 948/948/948 599/599/599
f 571/571/571 944/944/944 569/569/569
f 875/875/875 844/844/844 868/868/868
f 947/947/947 844/844/844 875/875/875
f 599/599/599 600/600/600 605/605/605
f 726/726/726 599/599/599 605/605/605
f 671/671/671 672/672/672 683/683/683
f 949/949/949 536/536/536 729/729/729
f 567/567/567 536/536/536 950/950/950
f 951/951/951 952/952/952 953/953/953
f 954/954/954 953/953/953 952/952/952
f 955/955/955 786/786/786 765/765/765
f 956/956/956 955/955/955 765/765/765
f 957/957/957 955/955/955 956/956/956
f 958/958/958 753/753/753 739/739/739
f 958/958/958 739/739/739 744/744/744
f 959/959/959 753/753/753 958/958/958
f 960/960/960 765/765/765 761/761/761
f 961/961/961 960/960/960 539/539/539
f 761/761/761 539/539/539 960/960/960
f 961/961/961 962/962/962 784/784/784
f 753/753/753 959/959/959 963/963/963
f 753/753/753 963/963/963 789/789/789
f 836/836/836 838/838/838 839/839/839
f 864/864/864 839/839/839 838/838/838
f 799/799/799 964/964/964 965/965/965
f 965/965/965 856/856/856 799/799/799
f 839/839/839 864/864/864 867/867/867
f 855/855/855 799/799/799 856/856/856
f 891/891/891 894/894/894 966/966/966
f 727/727/727 895/895/895 882/882/882
f 727/727/727 882/882/882 715/715/715
f 949/949/949 950/950/950 536/536/536
f 568/568/568 962/962/962 539/539/539
f 961/961/961 539/539/539 962/962/962
f 967/967/967 958/958/958 744/744/744
f 956/956/956 765/765/765 960/960/960
f 891/891/891 966/966/966 968/968/968
f 138/138/138 145/145/145 139/139/139
f 969/969/969 13/13/13 373/373/373
f 969/969/969 970/970/970 13/13/13
f 1/1/1 13/13/13 970/970/970
f 971/971/971 972/972/972 973/973/973
f 972/972/972 974/974/974 973/973/973
f 975/975/975 976/976/976 977/977/977
f 138/138/138 978/978/978 979/979/979
f 138/138/138 979/979/979 971/971/971
f 376/376/376 54/54/54 980/980/980
f 53/53/53 980/980/980 54/54/54
f 90/90/90 92/92/92 373/373/373
f 981/981/981 373/373/373 92/92/92
f 969/969/969 373/373/373 981/981/981
f 982/982/982 983/983/983 969/969/969
f 982/982/982 969/969/969 981/981/981
f 981/981/981 984/984/984 982/982/982
f 978/978/978 138/138/138 148/148/148
f 145/145/145 981/981/981 92/92/92
f 985/985/985 986/986/986 987/987/987
f 987/987/987 988/988/988 985/985/985
f 70/70/70 989/989/989 71/71/71
f 981/981/981 145/145/145 984/984/984
f 986/986/986 974/974/974 987/987/987
f 989/989/989 70/70/70 68/68/68
f 2/2/2 1/1/1 990/990/990
f 990/990/990 1/1/1 970/970/970
f 974/974/974 991/991/991 987/987/987
f 987/987/987 991/991/991 988/988/988
f 991/991/991 974/974/974 992/992/992
f 48/48/48 42/42/42 44/44/44
f 983/983/983 982/982/982 993/993/993
f 191/191/191 972/972/972 978/978/978
f 994/994/994 983/983/983 993/993/993
f 972/972/972 168/168/168 167/167/167
f 168/168/168 972/972/972 191/191/191
f 975/975/975 980/980/980 53/53/53
f 469/469/469 988/988/988 991/991/991
f 995/995/995 167/167/167 301/301/301
f 991/991/991 202/202/202 469/469/469
f 191/191/191 978/978/978 148/148/148
f 996/996/996 71/71/71 989/989/989
f 2/2/2 990/990/990 997/997/997
f 980/980/980 975/975/975 977/977/977
f 71/71/71 975/975/975 53/53/53
f 975/975/975 71/71/71 996/996/996
f 972/972/972 992/992/992 974/974/974
f 995/995/995 296/296/296 217/217/217
f 985/985/985 994/994/994 986/986/986
f 994/994/994 993/993/993 986/986/986
f 995/995/995 301/301/301 296/296/296
f 993/993/993 973/973/973 974/974/974
f 971/971/971 979/979/979 972/972/972
f 980/980/980 439/439/439 376/376/376
f 986/986/986 993/993/993 974/974/974
f 978/978/978 972/972/972 979/979/979
f 998/998/998 999/999/999 1000/1000/1000
f 982/982/982 984/984/984 993/993/993
f 989/989/989 1001/1001/1001 996/996/996
f 973/973/973 993/993/993 984/984/984
f 989/989/989 68/68/68 1001/1001/1001
f 991/991/991 992/992/992 202/202/202
f 199/199/199 202/202/202 992/992/992
f 199/199/199 992/992/992 217/217/217
f 167/167/167 992/992/992 972/972/972
f 138/138/138 984/984/984 145/145/145
f 1002/1002/1002 992/992/992 167/167/167
f 85/85/85 1001/1001/1001 68/68/68
f 167/167/167 995/995/995 1002/1002/1002
f 992/992/992 1002/1002/1002 217/217/217
f 984/984/984 971/971/971 973/973/973
f 1002/1002/1002 995/995/995 217/217/217
f 1003/1003/1003 446/446/446 451/451/451
f 451/451/451 977/977/977 1003/1003/1003
f 439/439/439 980/980/980 451/451/451
f 85/85/85 89/89/89 1004/1004/1004
f 1004/1004/1004 89/89/89 95/95/95
f 1005/1005/1005 1004/1004/1004 95/95/95
f 1005/1005/1005 95/95/95 596/596/596
f 980/980/980 977/977/977 451/451/451
f 138/138/138 971/971/971 984/984/984
f 1004/1004/1004 1001/1001/1001 85/85/85
f 102/102/102 505/505/505 95/95/95
f 596/596/596 95/95/95 505/505/505
f 1006/1006/1006 543/543/543 1007/1007/1007
f 1008/1008/1008 1009/1009/1009 1010/1010/1010
f 1011/1011/1011 1012/1012/1012 1013/1013/1013
f 1014/1014/1014 1015/1015/1015 1016/1016/1016
f 1017/1017/1017 1008/1008/1008 1010/1010/1010
f 1018/1018/1018 1019/1019/1019 544/544/544
f 1020/1020/1020 1021/1021/1021 1022/1022/1022
f 1013/1013/1013 1023/1023/1023 1011/1011/1011
f 1024/1024/1024 1025/1025/1025 1022/1022/1022
f 1026/1026/1026 1023/1023/1023 1013/1013/1013
f 1022/1022/1022 1027/1027/1027 1028/1028/1028
f 1029/1029/1029 1030/1030/1030 1009/1009/1009
f 1031/1031/1031 1032/1032/1032 1033/1033/1033
f 1029/1029/1029 1009/1009/1009 1008/1008/1008
f 542/542/542 544/544/544 1019/1019/1019
f 1014/1014/1014 1016/1016/1016 1034/1034/1034
f 1035/1035/1035 1033/1033/1033 1036/1036/1036
f 1015/1015/1015 1014/1014/1014 1037/1037/1037
f 1036/1036/1036 1038/1038/1038 1039/1039/1039
f 1040/1040/1040 1041/1041/1041 1019/1019/1019
f 1042/1042/1042 1043/1043/1043 1044/1044/1044
f 1041/1041/1041 542/542/542 1019/1019/1019
f 1045/1045/1045 1046/1046/1046 1043/1043/1043
f 1035/1035/1035 1036/1036/1036 1047/1047/1047
f 1043/1043/1043 1046/1046/1046 1029/1029/1029
f 542/542/542 1007/1007/1007 543/543/543
f 1028/1028/1028 1027/1027/1027 1035/1035/1035
f 1043/1043/1043 1029/1029/1029 1048/1048/1048
f 1028/1028/1028 1035/1035/1035 1047/1047/1047
f 1039/1039/1039 1038/1038/1038 1049/1049/1049
f 1029/1029/1029 1008/1008/1008 1048/1048/1048
f 1048/1048/1048 1044/1044/1044 1043/1043/1043
f 1047/1047/1047 1036/1036/1036 1039/1039/1039
f 1050/1050/1050 1007/1007/1007 542/542/542
f 1051/1051/1051 1052/1052/1052 1053/1053/1053
f 1054/1054/1054 1055/1055/1055 1030/1030/1030
f 1039/1039/1039 1049/1049/1049 1056/1056/1056
f 1057/1057/1057 1051/1051/1051 1058/1058/1058
f 1051/1051/1051 1057/1057/1057 1052/1052/1052
f 1059/1059/1059 1060/1060/1060 1061/1061/1061
f 1062/1062/1062 1046/1046/1046 1045/1045/1045
f 1058/1058/1058 1063/1063/1063 1057/1057/1057
f 1054/1054/1054 1030/1030/1030 1046/1046/1046
f 1064/1064/1064 549/549/549 551/551/551
f 554/554/554 1065/1065/1065 1066/1066/1066
f 554/554/554 555/555/555 1065/1065/1065
f 1067/1067/1067 1068/1068/1068 1053/1053/1053
f 1067/1067/1067 1053/1053/1053 1052/1052/1052
f 1024/1024/1024 1069/1069/1069 1025/1025/1025
f 1069/1069/1069 1024/1024/1024 1070/1070/1070
f 1067/1067/1067 1071/1071/1071 1068/1068/1068
f 1061/1061/1061 554/554/554 1066/1066/1066
f 1055/1055/1055 1072/1072/1072 1073/1073/1073
f 1072/1072/1072 1074/1074/1074 1073/1073/1073
f 1075/1075/1075 1076/1076/1076 1077/1077/1077
f 1060/1060/1060 554/554/554 1061/1061/1061
f 1067/1067/1067 1078/1078/1078 1071/1071/1071
f 1054/1054/1054 1046/1046/1046 1079/1079/1079
f 554/554/554 1060/1060/1060 531/531/531
f 1055/1055/1055 1054/1054/1054 1072/1072/1072
f 1024/1024/1024 1022/1022/1022 1028/1028/1028
f 1072/1072/1072 1054/1054/1054 1080/1080/1080
f 1024/1024/1024 1028/1028/1028 1070/1070/1070
f 1070/1070/1070 1028/1028/1028 1081/1081/1081
f 1082/1082/1082 1070/1070/1070 1081/1081/1081
f 1069/1069/1069 1070/1070/1070 1082/1082/1082
f 1010/1010/1010 1009/1009/1009 1083/1083/1083
f 1084/1084/1084 1083/1083/1083 1085/1085/1085
f 1086/1086/1086 1087/1087/1087 1088/1088/1088
f 1089/1089/1089 1090/1090/1090 1091/1091/1091
f 1092/1092/1092 1093/1093/1093 1087/1087/1087
f 1091/1091/1091 1090/1090/1090 1084/1084/1084
f 1084/1084/1084 1073/1073/1073 1091/1091/1091
f 1084/1084/1084 1085/1085/1085 1073/1073/1073
f 1092/1092/1092 1087/1087/1087 1094/1094/1094
f 1010/1010/1010 1090/1090/1090 1095/1095/1095
f 1096/1096/1096 1097/1097/1097 1098/1098/1098
f 1067/1067/1067 1052/1052/1052 1078/1078/1078
f 1095/1095/1095 1017/1017/1017 1010/1010/1010
f 1094/1094/1094 1087/1087/1087 1086/1086/1086
f 1052/1052/1052 1057/1057/1057 1078/1078/1078
f 1096/1096/1096 1098/1098/1098 1000/1000/1000
f 1099/1099/1099 1100/1100/1100 1101/1101/1101
f 1102/1102/1102 1090/1090/1090 1089/1089/1089
f 1103/1103/1103 1099/1099/1099 1101/1101/1101
f 1104/1104/1104 1097/1097/1097 1105/1105/1105
f 1095/1095/1095 1090/1090/1090 1102/1102/1102
f 1105/1105/1105 1097/1097/1097 1096/1096/1096
f 1106/1106/1106 1105/1105/1105 1096/1096/1096
f 1107/1107/1107 1057/1057/1057 1108/1108/1108
f 1101/1101/1101 1100/1100/1100 1109/1109/1109
f 1110/1110/1110 1057/1057/1057 1107/1107/1107
f 1084/1084/1084 1090/1090/1090 1010/1010/1010
f 1111/1111/1111 1101/1101/1101 1109/1109/1109
f 1106/1106/1106 1096/1096/1096 1112/1112/1112
f 1010/1010/1010 1083/1083/1083 1084/1084/1084
f 1096/1096/1096 1000/1000/1000 1112/1112/1112
f 1111/1111/1111 1103/1103/1103 1101/1101/1101
f 1112/1112/1112 1105/1105/1105 1106/1106/1106
f 1113/1113/1113 1114/1114/1114 1103/1103/1103
f 1113/1113/1113 1103/1103/1103 1111/1111/1111
f 1105/1105/1105 1112/1112/1112 1115/1115/1115
f 1071/1071/1071 1078/1078/1078 1116/1116/1116
f 1113/1113/1113 1111/1111/1111 1109/1109/1109
f 1113/1113/1113 1109/1109/1109 1117/1117/1117
f 1118/1118/1118 1115/1115/1115 1112/1112/1112
f 1117/1117/1117 1109/1109/1109 1119/1119/1119
f 1109/1109/1109 1120/1120/1120 1121/1121/1121
f 1122/1122/1122 1123/1123/1123 1025/1025/1025
f 1089/1089/1089 1091/1091/1091 1074/1074/1074
f 1102/1102/1102 1089/1089/1089 1124/1124/1124
f 1122/1122/1122 1025/1025/1025 1069/1069/1069
f 1125/1125/1125 1126/1126/1126 1116/1116/1116
f 1102/1102/1102 1127/1127/1127 1128/1128/1128
f 1129/1129/1129 1104/1104/1104 1105/1105/1105
f 1122/1122/1122 1121/1121/1121 1123/1123/1123
f 1115/1115/1115 1129/1129/1129 1105/1105/1105
f 1119/1119/1119 1109/1109/1109 1121/1121/1121
f 1119/1119/1119 1121/1121/1121 1122/1122/1122
f 1110/1110/1110 1078/1078/1078 1057/1057/1057
f 1009/1009/1009 1055/1055/1055 1083/1083/1083
f 1130/1130/1130 1115/1115/1115 1118/1118/1118
f 1110/1110/1110 1131/1131/1131 1078/1078/1078
f 1132/1132/1132 1122/1122/1122 1133/1133/1133
f 1134/1134/1134 1129/1129/1129 1115/1115/1115
f 1130/1130/1130 1134/1134/1134 1115/1115/1115
f 1029/1029/1029 1046/1046/1046 1030/1030/1030
f 1030/1030/1030 1055/1055/1055 1009/1009/1009
f 1113/1113/1113 1135/1135/1135 1114/1114/1114
f 1085/1085/1085 1083/1083/1083 1055/1055/1055
f 1116/1116/1116 1078/1078/1078 1131/1131/1131
f 1136/1136/1136 1114/1114/1114 1135/1135/1135
f 1137/1137/1137 1112/1112/1112 1000/1000/1000
f 1055/1055/1055 1073/1073/1073 1085/1085/1085
f 1112/1112/1112 1137/1137/1137 1138/1138/1138
f 1113/1113/1113 1117/1117/1117 1135/1135/1135
f 1138/1138/1138 1118/1118/1118 1112/1112/1112
f 1073/1073/1073 1074/1074/1074 1091/1091/1091
f 1136/1136/1136 1135/1135/1135 1139/1139/1139
f 1140/1140/1140 1136/1136/1136 1139/1139/1139
f 1117/1117/1117 1139/1139/1139 1135/1135/1135
f 1141/1141/1141 1043/1043/1043 1042/1042/1042
f 1139/1139/1139 1142/1142/1142 1143/1143/1143
f 1142/1142/1142 1144/1144/1144 1143/1143/1143
f 1145/1145/1145 1146/1146/1146 1147/1147/1147
f 1141/1141/1141 1045/1045/1045 1043/1043/1043
f 1042/1042/1042 1148/1148/1148 1141/1141/1141
f 1122/1122/1122 1149/1149/1149 1119/1119/1119
f 1148/1148/1148 1042/1042/1042 1150/1150/1150
f 1122/1122/1122 1132/1132/1132 1149/1149/1149
f 1150/1150/1150 1042/1042/1042 1151/1151/1151
f 1152/1152/1152 1151/1151/1151 1153/1153/1153
f 1154/1154/1154 1155/1155/1155 1130/1130/1130
f 1156/1156/1156 1130/1130/1130 1118/1118/1118
f 1119/1119/1119 1157/1157/1157 1117/1117/1117
f 1119/1119/1119 1149/1149/1149 1157/1157/1157
f 1150/1150/1150 1151/1151/1151 1158/1158/1158
f 1154/1154/1154 1130/1130/1130 1156/1156/1156
f 1159/1159/1159 1042/1042/1042 1044/1044/1044
f 1149/1149/1149 1132/1132/1132 1160/1160/1160
f 1161/1161/1161 1162/1162/1162 1163/1163/1163
f 1132/1132/1132 1133/1133/1133 1160/1160/1160
f 1139/1139/1139 1117/1117/1117 1142/1142/1142
f 1151/1151/1151 1042/1042/1042 1153/1153/1153
f 1153/1153/1153 1042/1042/1042 1159/1159/1159
f 1164/1164/1164 1147/1147/1147 1125/1125/1125
f 1117/1117/1117 1157/1157/1157 1142/1142/1142
f 1164/1164/1164 1145/1145/1145 1147/1147/1147
f 1165/1165/1165 1163/1163/1163 1162/1162/1162
f 1152/1152/1152 1158/1158/1158 1151/1151/1151
f 1125/1125/1125 1116/1116/1116 1166/1166/1166
f 1164/1164/1164 1125/1125/1125 1166/1166/1166
f 1167/1167/1167 1165/1165/1165 1168/1168/1168
f 1152/1152/1152 1169/1169/1169 1158/1158/1158
f 1170/1170/1170 1149/1149/1149 1160/1160/1160
f 1165/1165/1165 1167/1167/1167 1171/1171/1171
f 1157/1157/1157 1149/1149/1149 1170/1170/1170
f 1152/1152/1152 1153/1153/1153 1172/1172/1172
f 1165/1165/1165 1171/1171/1171 1173/1173/1173
f 1174/1174/1174 1153/1153/1153 1175/1175/1175
f 1165/1165/1165 1162/1162/1162 1168/1168/1168
f 1168/1168/1168 1162/1162/1162 1176/1176/1176
f 1153/1153/1153 1174/1174/1174 1172/1172/1172
f 1175/1175/1175 1177/1177/1177 1174/1174/1174
f 1122/1122/1122 1069/1069/1069 1178/1178/1178
f 1179/1179/1179 1180/1180/1180 1181/1181/1181
f 1133/1133/1133 1122/1122/1122 1178/1178/1178
f 1172/1172/1172 1174/1174/1174 1182/1182/1182
f 1183/1183/1183 1180/1180/1180 1179/1179/1179
f 1184/1184/1184 1185/1185/1185 1186/1186/1186
f 1181/1181/1181 1187/1187/1187 1179/1179/1179
f 1133/1133/1133 1178/1178/1178 1160/1160/1160
f 1188/1188/1188 1160/1160/1160 1178/1178/1178
f 1189/1189/1189 1186/1186/1186 1185/1185/1185
f 1062/1062/1062 1045/1045/1045 1141/1141/1141
f 1173/1173/1173 1163/1163/1163 1165/1165/1165
f 1023/1023/1023 1131/1131/1131 1110/1110/1110
f 1166/1166/1166 1116/1116/1116 1131/1131/1131
f 1190/1190/1190 1077/1077/1077 1191/1191/1191
f 1192/1192/1192 1161/1161/1161 1163/1163/1163
f 1178/1178/1178 1069/1069/1069 1082/1082/1082
f 1079/1079/1079 1046/1046/1046 1062/1062/1062
f 1023/1023/1023 1026/1026/1026 1131/1131/1131
f 1193/1193/1193 1194/1194/1194 1163/1163/1163
f 1192/1192/1192 1163/1163/1163 1194/1194/1194
f 1082/1082/1082 1188/1188/1188 1178/1178/1178
f 1188/1188/1188 1082/1082/1082 1190/1190/1190
f 1141/1141/1141 1195/1195/1195 1062/1062/1062
f 1148/1148/1148 1195/1195/1195 1141/1141/1141
f 1196/1196/1196 1195/1195/1195 1148/1148/1148
f 1026/1026/1026 1166/1166/1166 1131/1131/1131
f 1197/1197/1197 1173/1173/1173 1198/1198/1198
f 1080/1080/1080 1054/1054/1054 1199/1199/1199
f 1163/1163/1163 1173/1173/1173 1193/1193/1193
f 1197/1197/1197 1193/1193/1193 1173/1173/1173
f 1200/1200/1200 1191/1191/1191 1201/1201/1201
f 1200/1200/1200 1190/1190/1190 1191/1191/1191
f 1202/1202/1202 1080/1080/1080 1199/1199/1199
f 1185/1185/1185 1203/1203/1203 1189/1189/1189
f 1204/1204/1204 1190/1190/1190 1200/1200/1200
f 1188/1188/1188 1190/1190/1190 1204/1204/1204
f 1199/1199/1199 1195/1195/1195 1205/1205/1205
f 1202/1202/1202 1205/1205/1205 1206/1206/1206
f 1205/1205/1205 1202/1202/1202 1199/1199/1199
f 1176/1176/1176 1162/1162/1162 1207/1207/1207
f 1208/1208/1208 1209/1209/1209 1210/1210/1210
f 1208/1208/1208 1210/1210/1210 1207/1207/1207
f 1160/1160/1160 1188/1188/1188 1211/1211/1211
f 1079/1079/1079 1062/1062/1062 1199/1199/1199
f 1054/1054/1054 1079/1079/1079 1199/1199/1199
f 1062/1062/1062 1195/1195/1195 1199/1199/1199
f 1212/1212/1212 1213/1213/1213 1040/1040/1040
f 1129/1129/1129 1214/1214/1214 1104/1104/1104
f 1213/1213/1213 1215/1215/1215 1040/1040/1040
f 1170/1170/1170 1160/1160/1160 1211/1211/1211
f 1216/1216/1216 1170/1170/1170 1211/1211/1211
f 1216/1216/1216 1211/1211/1211 1217/1217/1217
f 1208/1208/1208 1129/1129/1129 1134/1134/1134
f 1217/1217/1217 1211/1211/1211 1218/1218/1218
f 1215/1215/1215 1213/1213/1213 1219/1219/1219
f 1208/1208/1208 1214/1214/1214 1129/1129/1129
f 1219/1219/1219 1213/1213/1213 1220/1220/1220
f 1208/1208/1208 1207/1207/1207 1214/1214/1214
f 1221/1221/1221 1222/1222/1222 1223/1223/1223
f 1224/1224/1224 1225/1225/1225 1226/1226/1226
f 1224/1224/1224 1226/1226/1226 1227/1227/1227
f 1225/1225/1225 1221/1221/1221 1226/1226/1226
f 1161/1161/1161 1228/1228/1228 1162/1162/1162
f 1229/1229/1229 1228/1228/1228 1161/1161/1161
f 1211/1211/1211 1188/1188/1188 1230/1230/1230
f 1231/1231/1231 1232/1232/1232 1233/1233/1233
f 1223/1223/1223 1226/1226/1226 1221/1221/1221
f 1234/1234/1234 1226/1226/1226 1223/1223/1223
f 1192/1192/1192 1229/1229/1229 1161/1161/1161
f 1200/1200/1200 1235/1235/1235 1204/1204/1204
f 1231/1231/1231 1236/1236/1236 1232/1232/1232
f 1237/1237/1237 1226/1226/1226 1234/1234/1234
f 1232/1232/1232 1236/1236/1236 1238/1238/1238
f 1218/1218/1218 1211/1211/1211 1230/1230/1230
f 1158/1158/1158 1195/1195/1195 1196/1196/1196
f 1204/1204/1204 1230/1230/1230 1188/1188/1188
f 1207/1207/1207 1162/1162/1162 1228/1228/1228
f 1230/1230/1230 1204/1204/1204 1235/1235/1235
f 1239/1239/1239 1223/1223/1223 1222/1222/1222
f 1240/1240/1240 1238/1238/1238 1236/1236/1236
f 1213/1213/1213 1241/1241/1241 1220/1220/1220
f 1242/1242/1242 1220/1220/1220 1243/1243/1243
f 1244/1244/1244 1229/1229/1229 1192/1192/1192
f 1245/1245/1245 1217/1217/1217 1218/1218/1218
f 1239/1239/1239 1246/1246/1246 1223/1223/1223
f 1245/1245/1245 1218/1218/1218 1247/1247/1247
f 1248/1248/1248 1220/1220/1220 1242/1242/1242
f 1196/1196/1196 1150/1150/1150 1158/1158/1158
f 1232/1232/1232 1248/1248/1248 1242/1242/1242
f 1230/1230/1230 1247/1247/1247 1218/1218/1218
f 1148/1148/1148 1150/1150/1150 1196/1196/1196
f 1058/1058/1058 1230/1230/1230 1235/1235/1235
f 1058/1058/1058 1247/1247/1247 1230/1230/1230
f 1249/1249/1249 1214/1214/1214 1207/1207/1207
f 1250/1250/1250 1246/1246/1246 1251/1251/1251
f 1228/1228/1228 1249/1249/1249 1207/1207/1207
f 1172/1172/1172 1169/1169/1169 1152/1152/1152
f 1183/1183/1183 1250/1250/1250 1251/1251/1251
f 1229/1229/1229 1252/1252/1252 1228/1228/1228
f 1249/1249/1249 1228/1228/1228 1253/1253/1253
f 1254/1254/1254 1255/1255/1255 1256/1256/1256
f 1257/1257/1257 1256/1256/1256 1255/1255/1255
f 1258/1258/1258 1232/1232/1232 1238/1238/1238
f 1252/1252/1252 1253/1253/1253 1228/1228/1228
f 1232/1232/1232 1258/1258/1258 1248/1248/1248
f 1142/1142/1142 1157/1157/1157 1255/1255/1255
f 1144/1144/1144 1142/1142/1142 1254/1254/1254
f 1254/1254/1254 1142/1142/1142 1255/1255/1255
f 1248/1248/1248 1219/1219/1219 1220/1220/1220
f 1157/1157/1157 1170/1170/1170 1216/1216/1216
f 1259/1259/1259 1209/1209/1209 1260/1260/1260
f 1258/1258/1258 1219/1219/1219 1248/1248/1248
f 1261/1261/1261 1259/1259/1259 1260/1260/1260
f 1262/1262/1262 1234/1234/1234 1263/1263/1263
f 1260/1260/1260 1209/1209/1209 1208/1208/1208
f 1234/1234/1234 1264/1264/1264 1263/1263/1263
f 1265/1265/1265 1234/1234/1234 1223/1223/1223
f 1234/1234/1234 1266/1266/1266 1264/1264/1264
f 1266/1266/1266 1234/1234/1234 1265/1265/1265
f 1208/1208/1208 1134/1134/1134 1260/1260/1260
f 1267/1267/1267 1268/1268/1268 1257/1257/1257
f 1268/1268/1268 1256/1256/1256 1257/1257/1257
f 1215/1215/1215 1219/1219/1219 1258/1258/1258
f 1267/1267/1267 1269/1269/1269 1268/1268/1268
f 1269/1269/1269 1267/1267/1267 1270/1270/1270
f 1210/1210/1210 1209/1209/1209 1259/1259/1259
f 1258/1258/1258 1271/1271/1271 1215/1215/1215
f 1179/1179/1179 1250/1250/1250 1183/1183/1183
f 1267/1267/1267 1257/1257/1257 1255/1255/1255
f 1187/1187/1187 1272/1272/1272 1179/1179/1179
f 1261/1261/1261 1168/1168/1168 1259/1259/1259
f 1259/1259/1259 1168/1168/1168 1210/1210/1210
f 1273/1273/1273 1271/1271/1271 1258/1258/1258
f 1261/1261/1261 1260/1260/1260 1155/1155/1155
f 1260/1260/1260 1134/1134/1134 1130/1130/1130
f 1255/1255/1255 1157/1157/1157 1270/1270/1270
f 1270/1270/1270 1157/1157/1157 1216/1216/1216
f 1179/1179/1179 1246/1246/1246 1250/1250/1250
f 1260/1260/1260 1130/1130/1130 1155/1155/1155
f 1265/1265/1265 1246/1246/1246 1179/1179/1179
f 1265/1265/1265 1223/1223/1223 1246/1246/1246
f 1274/1274/1274 1265/1265/1265 1179/1179/1179
f 1179/1179/1179 1272/1272/1272 1274/1274/1274
f 1275/1275/1275 1270/1270/1270 1216/1216/1216
f 1274/1274/1274 1266/1266/1266 1265/1265/1265
f 1240/1240/1240 1273/1273/1273 1238/1238/1238
f 1276/1276/1276 1167/1167/1167 1168/1168/1168
f 1255/1255/1255 1270/1270/1270 1267/1267/1267
f 1171/1171/1171 1167/1167/1167 1277/1277/1277
f 1274/1274/1274 1278/1278/1278 1266/1266/1266
f 1279/1279/1279 1275/1275/1275 1216/1216/1216
f 1280/1280/1280 1273/1273/1273 1240/1240/1240
f 1198/1198/1198 1173/1173/1173 1171/1171/1171
f 1273/1273/1273 1258/1258/1258 1238/1238/1238
f 1281/1281/1281 1198/1198/1198 1171/1171/1171
f 1272/1272/1272 1282/1282/1282 1283/1283/1283
f 1270/1270/1270 1284/1284/1284 1285/1285/1285
f 1283/1283/1283 1274/1274/1274 1272/1272/1272
f 1277/1277/1277 1167/1167/1167 1286/1286/1286
f 1278/1278/1278 1274/1274/1274 1287/1287/1287
f 1275/1275/1275 1279/1279/1279 1288/1288/1288
f 1277/1277/1277 1281/1281/1281 1171/1171/1171
f 1289/1289/1289 1198/1198/1198 1281/1281/1281
f 1270/1270/1270 1290/1290/1290 1269/1269/1269
f 1291/1291/1291 1287/1287/1287 1274/1274/1274
f 1270/1270/1270 1285/1285/1285 1290/1290/1290
f 1292/1292/1292 1290/1290/1290 1285/1285/1285
f 1293/1293/1293 1294/1294/1294 1295/1295/1295
f 1039/1039/1039 1056/1056/1056 1296/1296/1296
f 1297/1297/1297 1039/1039/1039 1296/1296/1296
f 1296/1296/1296 1056/1056/1056 1298/1298/1298
f 1040/1040/1040 1019/1019/1019 1212/1212/1212
f 1295/1295/1295 1294/1294/1294 1299/1299/1299
f 1245/1245/1245 1216/1216/1216 1217/1217/1217
f 1298/1298/1298 1056/1056/1056 1197/1197/1197
f 1295/1295/1295 1299/1299/1299 1300/1300/1300
f 1279/1279/1279 1216/1216/1216 1245/1245/1245
f 1075/1075/1075 1297/1297/1297 1296/1296/1296
f 1301/1301/1301 1302/1302/1302 1295/1295/1295
f 1301/1301/1301 1295/1295/1295 1300/1300/1300
f 1300/1300/1300 1303/1303/1303 1301/1301/1301
f 1279/1279/1279 1304/1304/1304 1305/1305/1305
f 1305/1305/1305 1288/1288/1288 1279/1279/1279
f 1306/1306/1306 1296/1296/1296 1298/1298/1298
f 1136/1136/1136 1307/1307/1307 1303/1303/1303
f 1306/1306/1306 1075/1075/1075 1296/1296/1296
f 1303/1303/1303 1300/1300/1300 1114/1114/1114
f 1303/1303/1303 1114/1114/1114 1136/1136/1136
f 1298/1298/1298 1197/1197/1197 1198/1198/1198
f 1308/1308/1308 1041/1041/1041 1040/1040/1040
f 542/542/542 1041/1041/1041 1050/1050/1050
f 1279/1279/1279 1245/1245/1245 1247/1247/1247
f 1279/1279/1279 1247/1247/1247 1304/1304/1304
f 1191/1191/1191 1309/1309/1309 1201/1201/1201
f 1298/1298/1298 1198/1198/1198 1306/1306/1306
f 1306/1306/1306 1198/1198/1198 1289/1289/1289
f 1308/1308/1308 1050/1050/1050 1041/1041/1041
f 1017/1017/1017 1310/1310/1310 1008/1008/1008
f 1311/1311/1311 1060/1060/1060 1059/1059/1059
f 1309/1309/1309 1312/1312/1312 1313/1313/1313
f 1048/1048/1048 1008/1008/1008 1310/1310/1310
f 1311/1311/1311 1314/1314/1314 1060/1060/1060
f 1315/1315/1315 1310/1310/1310 1017/1017/1017
f 1191/1191/1191 1077/1077/1077 1309/1309/1309
f 1077/1077/1077 1312/1312/1312 1309/1309/1309
f 1281/1281/1281 1277/1277/1277 1316/1316/1316
f 1309/1309/1309 1200/1200/1200 1201/1201/1201
f 1309/1309/1309 1317/1317/1317 1200/1200/1200
f 1318/1318/1318 1050/1050/1050 1308/1308/1308
f 1289/1289/1289 1281/1281/1281 1316/1316/1316
f 1319/1319/1319 1320/1320/1320 1315/1315/1315
f 1302/1302/1302 1017/1017/1017 1293/1293/1293
f 1076/1076/1076 1075/1075/1075 1306/1306/1306
f 1311/1311/1311 1321/1321/1321 1314/1314/1314
f 1322/1322/1322 1311/1311/1311 1059/1059/1059
f 1312/1312/1312 1077/1077/1077 1076/1076/1076
f 1302/1302/1302 1315/1315/1315 1017/1017/1017
f 1320/1320/1320 1310/1310/1310 1315/1315/1315
f 1323/1323/1323 1324/1324/1324 1325/1325/1325
f 1306/1306/1306 1312/1312/1312 1076/1076/1076
f 1326/1326/1326 1044/1044/1044 1327/1327/1327
f 1048/1048/1048 1327/1327/1327 1044/1044/1044
f 1328/1328/1328 1313/1313/1313 1329/1329/1329
f 1309/1309/1309 1313/1313/1313 1328/1328/1328
f 1330/1330/1330 1325/1325/1325 1331/1331/1331
f 1044/1044/1044 1326/1326/1326 1159/1159/1159
f 1332/1332/1332 1309/1309/1309 1328/1328/1328
f 1325/1325/1325 1333/1333/1333 1331/1331/1331
f 1311/1311/1311 1334/1334/1334 1321/1321/1321
f 1335/1335/1335 1336/1336/1336 1326/1326/1326
f 1327/1327/1327 1048/1048/1048 1310/1310/1310
f 1337/1337/1337 1324/1324/1324 1338/1338/1338
f 1289/1289/1289 1312/1312/1312 1306/1306/1306
f 1313/1313/1313 1312/1312/1312 1289/1289/1289
f 1337/1337/1337 562/562/562 1324/1324/1324
f 1315/1315/1315 1302/1302/1302 1339/1339/1339
f 1339/1339/1339 1302/1302/1302 1340/1340/1340
f 1332/1332/1332 1317/1317/1317 1309/1309/1309
f 1340/1340/1340 1341/1341/1341 1339/1339/1339
f 1329/1329/1329 1289/1289/1289 1316/1316/1316
f 1342/1342/1342 1339/1339/1339 1341/1341/1341
f 1128/1128/1128 1293/1293/1293 1095/1095/1095
f 1017/1017/1017 1095/1095/1095 1293/1293/1293
f 1102/1102/1102 1128/1128/1128 1095/1095/1095
f 1313/1313/1313 1289/1289/1289 1329/1329/1329
f 1128/1128/1128 1294/1294/1294 1293/1293/1293
f 1317/1317/1317 1235/1235/1235 1200/1200/1200
f 1308/1308/1308 1343/1343/1343 1318/1318/1318
f 1276/1276/1276 1261/1261/1261 1344/1344/1344
f 1293/1293/1293 1295/1295/1295 1302/1302/1302
f 1344/1344/1344 1261/1261/1261 1345/1345/1345
f 1168/1168/1168 1261/1261/1261 1276/1276/1276
f 1235/1235/1235 1317/1317/1317 1346/1346/1346
f 1344/1344/1344 1347/1347/1347 1276/1276/1276
f 1334/1334/1334 1311/1311/1311 1322/1322/1322
f 1294/1294/1294 1128/1128/1128 1348/1348/1348
f 1343/1343/1343 1308/1308/1308 1040/1040/1040
f 1261/1261/1261 1155/1155/1155 1345/1345/1345
f 1348/1348/1348 1128/1128/1128 1127/1127/1127
f 1348/1348/1348 1100/1100/1100 1294/1294/1294
f 1294/1294/1294 1100/1100/1100 1099/1099/1099
f 1040/1040/1040 1349/1349/1349 1343/1343/1343
f 1276/1276/1276 1286/1286/1286 1167/1167/1167
f 1350/1350/1350 1235/1235/1235 1346/1346/1346
f 1099/1099/1099 1300/1300/1300 1299/1299/1299
f 1058/1058/1058 1235/1235/1235 1350/1350/1350
f 1215/1215/1215 1349/1349/1349 1040/1040/1040
f 1286/1286/1286 1276/1276/1276 1347/1347/1347
f 1300/1300/1300 1099/1099/1099 1103/1103/1103
f 1345/1345/1345 1347/1347/1347 1344/1344/1344
f 1103/1103/1103 1114/1114/1114 1300/1300/1300
f 1350/1350/1350 1346/1346/1346 1351/1351/1351
f 1352/1352/1352 1349/1349/1349 1215/1215/1215
f 1286/1286/1286 1347/1347/1347 1353/1353/1353
f 1340/1340/1340 1302/1302/1302 1301/1301/1301
f 1317/1317/1317 1332/1332/1332 1346/1346/1346
f 1325/1325/1325 1330/1330/1330 1323/1323/1323
f 1354/1354/1354 1324/1324/1324 1355/1355/1355
f 1155/1155/1155 1356/1356/1356 1345/1345/1345
f 1340/1340/1340 1301/1301/1301 1307/1307/1307
f 1356/1356/1356 1155/1155/1155 1154/1154/1154
f 1307/1307/1307 1301/1301/1301 1303/1303/1303
f 1357/1357/1357 1356/1356/1356 1154/1154/1154
f 1338/1338/1338 1324/1324/1324 1354/1354/1354
f 1329/1329/1329 1358/1358/1358 1359/1359/1359
f 1329/1329/1329 1359/1359/1359 1328/1328/1328
f 1328/1328/1328 1359/1359/1359 1332/1332/1332
f 1349/1349/1349 1360/1360/1360 1361/1361/1361
f 1345/1345/1345 1356/1356/1356 1357/1357/1357
f 1357/1357/1357 1347/1347/1347 1345/1345/1345
f 1307/1307/1307 1136/1136/1136 1140/1140/1140
f 1362/1362/1362 1347/1347/1347 1357/1357/1357
f 1352/1352/1352 1360/1360/1360 1349/1349/1349
f 1353/1353/1353 1347/1347/1347 1363/1363/1363
f 1346/1346/1346 1332/1332/1332 1359/1359/1359
f 1362/1362/1362 1363/1363/1363 1347/1347/1347
f 1364/1364/1364 1359/1359/1359 1358/1358/1358
f 1143/1143/1143 1140/1140/1140 1139/1139/1139
f 1342/1342/1342 1319/1319/1319 1339/1339/1339
f 1314/1314/1314 532/532/532 531/531/531
f 1314/1314/1314 531/531/531 1060/1060/1060
f 1353/1353/1353 1363/1363/1363 1365/1365/1365
f 1366/1366/1366 1367/1367/1367 1368/1368/1368
f 1369/1369/1369 1370/1370/1370 1371/1371/1371
f 1372/1372/1372 1366/1366/1366 1342/1342/1342
f 1277/1277/1277 1286/1286/1286 1316/1316/1316
f 1372/1372/1372 1367/1367/1367 1366/1366/1366
f 1286/1286/1286 1373/1373/1373 1316/1316/1316
f 1353/1353/1353 1373/1373/1373 1286/1286/1286
f 1370/1370/1370 1374/1374/1374 1371/1371/1371
f 1375/1375/1375 1367/1367/1367 1372/1372/1372
f 523/523/523 533/533/533 1376/1376/1376
f 533/533/533 532/532/532 1376/1376/1376
f 1377/1377/1377 1367/1367/1367 1375/1375/1375
f 1378/1378/1378 1370/1370/1370 1379/1379/1379
f 1380/1380/1380 1381/1381/1381 1370/1370/1370
f 557/557/557 523/523/523 1376/1376/1376
f 1382/1382/1382 1377/1377/1377 1375/1375/1375
f 1321/1321/1321 532/532/532 1314/1314/1314
f 1383/1383/1383 1375/1375/1375 1372/1372/1372
f 1373/1373/1373 1353/1353/1353 1365/1365/1365
f 1381/1381/1381 1380/1380/1380 1384/1384/1384
f 1385/1385/1385 1376/1376/1376 532/532/532
f 1373/1373/1373 1329/1329/1329 1316/1316/1316
f 1386/1386/1386 1387/1387/1387 1374/1374/1374
f 1386/1386/1386 1374/1374/1374 1370/1370/1370
f 1375/1375/1375 1383/1383/1383 1388/1388/1388
f 1373/1373/1373 1389/1389/1389 1329/1329/1329
f 1384/1384/1384 1386/1386/1386 1381/1381/1381
f 1370/1370/1370 1381/1381/1381 1386/1386/1386
f 1386/1386/1386 1384/1384/1384 1390/1390/1390
f 1342/1342/1342 1341/1341/1341 1391/1391/1391
f 1341/1341/1341 1340/1340/1340 1307/1307/1307
f 1321/1321/1321 1385/1385/1385 532/532/532
f 1333/1333/1333 1325/1325/1325 1392/1392/1392
f 1390/1390/1390 1387/1387/1387 1386/1386/1386
f 1393/1393/1393 1341/1341/1341 1307/1307/1307
f 1393/1393/1393 1391/1391/1391 1341/1341/1341
f 1389/1389/1389 1394/1394/1394 1329/1329/1329
f 1370/1370/1370 1378/1378/1378 1380/1380/1380
f 1325/1325/1325 1324/1324/1324 562/562/562
f 1325/1325/1325 562/562/562 1392/1392/1392
f 1358/1358/1358 1329/1329/1329 1394/1394/1394
f 1380/1380/1380 1378/1378/1378 1395/1395/1395
f 1391/1391/1391 1372/1372/1372 1342/1342/1342
f 1372/1372/1372 1391/1391/1391 1396/1396/1396
f 1376/1376/1376 846/846/846 557/557/557
f 1397/1397/1397 1384/1384/1384 1398/1398/1398
f 846/846/846 1376/1376/1376 903/903/903
f 1376/1376/1376 1399/1399/1399 903/903/903
f 1385/1385/1385 1399/1399/1399 1376/1376/1376
f 1395/1395/1395 1400/1400/1400 1380/1380/1380
f 1401/1401/1401 1395/1395/1395 1378/1378/1378
f 1393/1393/1393 1307/1307/1307 1140/1140/1140
f 1321/1321/1321 1402/1402/1402 1385/1385/1385
f 1365/1365/1365 1389/1389/1389 1373/1373/1373
f 1399/1399/1399 1385/1385/1385 1402/1402/1402
f 1380/1380/1380 1398/1398/1398 1384/1384/1384
f 1380/1380/1380 1400/1400/1400 1398/1398/1398
f 1403/1403/1403 1333/1333/1333 1392/1392/1392
f 1093/1093/1093 1404/1404/1404 1087/1087/1087
f 1405/1405/1405 1398/1398/1398 1400/1400/1400
f 1144/1144/1144 1393/1393/1393 1140/1140/1140
f 1404/1404/1404 1406/1406/1406 1087/1087/1087
f 1140/1140/1140 1143/1143/1143 1144/1144/1144
f 1403/1403/1403 1392/1392/1392 564/564/564
f 1393/1393/1393 1144/1144/1144 1254/1254/1254
f 1391/1391/1391 1393/1393/1393 1254/1254/1254
f 1397/1397/1397 1407/1407/1407 1384/1384/1384
f 1407/1407/1407 1390/1390/1390 1384/1384/1384
f 1268/1268/1268 1391/1391/1391 1254/1254/1254
f 1397/1397/1397 1408/1408/1408 1407/1407/1407
f 1409/1409/1409 1410/1410/1410 1411/1411/1411
f 1268/1268/1268 1269/1269/1269 1391/1391/1391
f 1337/1337/1337 1412/1412/1412 562/562/562
f 1256/1256/1256 1268/1268/1268 1254/1254/1254
f 1397/1397/1397 1398/1398/1398 1405/1405/1405
f 1405/1405/1405 1408/1408/1408 1397/1397/1397
f 1337/1337/1337 1338/1338/1338 1412/1412/1412
f 1412/1412/1412 1338/1338/1338 1413/1413/1413
f 1414/1414/1414 1408/1408/1408 1405/1405/1405
f 1415/1415/1415 1410/1410/1410 1409/1409/1409
f 1416/1416/1416 1410/1410/1410 1417/1417/1417
f 1290/1290/1290 1391/1391/1391 1269/1269/1269
f 1415/1415/1415 1417/1417/1417 1410/1410/1410
f 1418/1418/1418 1408/1408/1408 1414/1414/1414
f 1411/1411/1411 1224/1224/1224 1409/1409/1409
f 1372/1372/1372 1396/1396/1396 1383/1383/1383
f 1419/1419/1419 1420/1420/1420 1421/1421/1421
f 1396/1396/1396 1391/1391/1391 1290/1290/1290
f 1422/1422/1422 1227/1227/1227 1423/1423/1423
f 1396/1396/1396 1290/1290/1290 1383/1383/1383
f 564/564/564 1392/1392/1392 562/562/562
f 1409/1409/1409 1424/1424/1424 1425/1425/1425
f 1285/1285/1285 1284/1284/1284 1292/1292/1292
f 1284/1284/1284 1270/1270/1270 1426/1426/1426
f 1275/1275/1275 1426/1426/1426 1270/1270/1270
f 563/563/563 562/562/562 1412/1412/1412
f 907/907/907 563/563/563 1412/1412/1412
f 1409/1409/1409 1224/1224/1224 1422/1422/1422
f 1412/1412/1412 1427/1427/1427 907/907/907
f 1428/1428/1428 1275/1275/1275 1429/1429/1429
f 1428/1428/1428 1429/1429/1429 1430/1430/1430
f 1431/1431/1431 1383/1383/1383 1290/1290/1290
f 1431/1431/1431 1290/1290/1290 1432/1432/1432
f 1427/1427/1427 1412/1412/1412 1413/1413/1413
f 1433/1433/1433 1428/1428/1428 1430/1430/1430
f 1431/1431/1431 1388/1388/1388 1383/1383/1383
f 1431/1431/1431 1434/1434/1434 1388/1388/1388
f 1435/1435/1435 1436/1436/1436 1437/1437/1437
f 1435/1435/1435 1438/1438/1438 1436/1436/1436
f 1409/1409/1409 1422/1422/1422 1439/1439/1439
f 1440/1440/1440 1436/1436/1436 1438/1438/1438
f 1441/1441/1441 1361/1361/1361 1360/1360/1360
f 1442/1442/1442 1443/1443/1443 1433/1433/1433
f 1444/1444/1444 1445/1445/1445 1446/1446/1446
f 1444/1444/1444 1447/1447/1447 1445/1445/1445
f 1360/1360/1360 1448/1448/1448 1441/1441/1441
f 1449/1449/1449 1450/1450/1450 1451/1451/1451
f 1452/1452/1452 1425/1425/1425 1453/1453/1453
f 1448/1448/1448 1454/1454/1454 1441/1441/1441
f 1455/1455/1455 1434/1434/1434 1284/1284/1284
f 1292/1292/1292 1432/1432/1432 1290/1290/1290
f 1434/1434/1434 1455/1455/1455 1456/1456/1456
f 1292/1292/1292 1431/1431/1431 1432/1432/1432
f 1431/1431/1431 1292/1292/1292 1434/1434/1434
f 1284/1284/1284 1434/1434/1434 1292/1292/1292
f 1445/1445/1445 1453/1453/1453 1446/1446/1446
f 1336/1336/1336 1159/1159/1159 1326/1326/1326
f 1453/1453/1453 1445/1445/1445 1452/1452/1452
f 1457/1457/1457 1456/1456/1456 1455/1455/1455
f 1336/1336/1336 1458/1458/1458 1159/1159/1159
f 1459/1459/1459 1441/1441/1441 1454/1454/1454
f 1459/1459/1459 1460/1460/1460 1441/1441/1441
f 1153/1153/1153 1159/1159/1159 1175/1175/1175
f 1458/1458/1458 1175/1175/1175 1159/1159/1159
f 1426/1426/1426 1455/1455/1455 1284/1284/1284
f 1461/1461/1461 1453/1453/1453 1425/1425/1425
f 1426/1426/1426 1438/1438/1438 1455/1455/1455
f 1462/1462/1462 1459/1459/1459 1454/1454/1454
f 1428/1428/1428 1426/1426/1426 1275/1275/1275
f 1428/1428/1428 1463/1463/1463 1426/1426/1426
f 1464/1464/1464 1458/1458/1458 1465/1465/1465
f 1463/1463/1463 1438/1438/1438 1426/1426/1426
f 1447/1447/1447 1452/1452/1452 1445/1445/1445
f 1464/1464/1464 1466/1466/1466 1458/1458/1458
f 1463/1463/1463 1428/1428/1428 1433/1433/1433
f 1452/1452/1452 1447/1447/1447 1415/1415/1415
f 1467/1467/1467 1352/1352/1352 1215/1215/1215
f 1433/1433/1433 1443/1443/1443 1463/1463/1463
f 1468/1468/1468 1466/1466/1466 1464/1464/1464
f 1271/1271/1271 1467/1467/1467 1215/1215/1215
f 1435/1435/1435 1457/1457/1457 1455/1455/1455
f 1458/1458/1458 1466/1466/1466 1175/1175/1175
f 1175/1175/1175 1466/1466/1466 1177/1177/1177
f 1187/1187/1187 1181/1181/1181 1469/1469/1469
f 1033/1033/1033 1032/1032/1032 1470/1470/1470
f 1455/1455/1455 1438/1438/1438 1435/1435/1435
f 1471/1471/1471 1447/1447/1447 1472/1472/1472
f 1473/1473/1473 1447/1447/1447 1471/1471/1471
f 1474/1474/1474 1467/1467/1467 1271/1271/1271
f 1187/1187/1187 1469/1469/1469 1475/1475/1475
f 1469/1469/1469 1476/1476/1476 1475/1475/1475
f 1477/1477/1477 1476/1476/1476 1469/1469/1469
f 1478/1478/1478 1479/1479/1479 1352/1352/1352
f 1478/1478/1478 1352/1352/1352 1467/1467/1467
f 1352/1352/1352 1479/1479/1479 1360/1360/1360
f 1480/1480/1480 1464/1464/1464 1465/1465/1465
f 1472/1472/1472 1444/1444/1444 1481/1481/1481
f 1447/1447/1447 1444/1444/1444 1472/1472/1472
f 1438/1438/1438 1463/1463/1463 1482/1482/1482
f 1483/1483/1483 1468/1468/1468 1464/1464/1464
f 1483/1483/1483 1464/1464/1464 1480/1480/1480
f 1482/1482/1482 1463/1463/1463 1443/1443/1443
f 1484/1484/1484 1184/1184/1184 1481/1481/1481
f 1444/1444/1444 1484/1484/1484 1481/1481/1481
f 1440/1440/1440 1438/1438/1438 1482/1482/1482
f 1485/1485/1485 1477/1477/1477 1486/1486/1486
f 1451/1451/1451 1482/1482/1482 1443/1443/1443
f 1443/1443/1443 1449/1449/1449 1451/1451/1451
f 1479/1479/1479 1448/1448/1448 1360/1360/1360
f 1487/1487/1487 1485/1485/1485 1486/1486/1486
f 1305/1305/1305 1275/1275/1275 1288/1288/1288
f 1488/1488/1488 1476/1476/1476 1477/1477/1477
f 1489/1489/1489 1429/1429/1429 1490/1490/1490
f 1271/1271/1271 1273/1273/1273 1474/1474/1474
f 1409/1409/1409 1425/1425/1425 1452/1452/1452
f 1275/1275/1275 1305/1305/1305 1429/1429/1429
f 1477/1477/1477 1491/1491/1491 1488/1488/1488
f 1491/1491/1491 1477/1477/1477 1485/1485/1485
f 1492/1492/1492 1488/1488/1488 1491/1491/1491
f 1474/1474/1474 1493/1493/1493 1467/1467/1467
f 1305/1305/1305 1490/1490/1490 1429/1429/1429
f 1429/1429/1429 1489/1489/1489 1430/1430/1430
f 1494/1494/1494 1474/1474/1474 1273/1273/1273
f 1495/1495/1495 1496/1496/1496 1424/1424/1424
f 1423/1423/1423 1497/1497/1497 1498/1498/1498
f 1422/1422/1422 1423/1423/1423 1498/1498/1498
f 1499/1499/1499 1475/1475/1475 1476/1476/1476
f 1474/1474/1474 1500/1500/1500 1501/1501/1501
f 1502/1502/1502 1499/1499/1499 1476/1476/1476
f 1439/1439/1439 1422/1422/1422 1498/1498/1498
f 1503/1503/1503 1479/1479/1479 1478/1478/1478
f 1504/1504/1504 1499/1499/1499 1502/1502/1502
f 1493/1493/1493 1478/1478/1478 1467/1467/1467
f 1498/1498/1498 1497/1497/1497 1495/1495/1495
f 1505/1505/1505 1495/1495/1495 1497/1497/1497
f 1488/1488/1488 1502/1502/1502 1476/1476/1476
f 1506/1506/1506 1502/1502/1502 1488/1488/1488
f 1507/1507/1507 1488/1488/1488 1492/1492/1492
f 1493/1493/1493 1503/1503/1503 1478/1478/1478
f 1501/1501/1501 1493/1493/1493 1474/1474/1474
f 1490/1490/1490 1304/1304/1304 1247/1247/1247
f 1304/1304/1304 1490/1490/1490 1305/1305/1305
f 1058/1058/1058 1490/1490/1490 1247/1247/1247
f 1490/1490/1490 1058/1058/1058 1051/1051/1051
f 1508/1508/1508 1493/1493/1493 1501/1501/1501
f 1505/1505/1505 1243/1243/1243 1241/1241/1241
f 1506/1506/1506 1488/1488/1488 1507/1507/1507
f 1508/1508/1508 1503/1503/1503 1493/1493/1493
f 1425/1425/1425 1424/1424/1424 1509/1509/1509
f 1510/1510/1510 1503/1503/1503 1508/1508/1508
f 1511/1511/1511 1507/1507/1507 1492/1492/1492
f 1512/1512/1512 1511/1511/1511 1492/1492/1492
f 1475/1475/1475 1272/1272/1272 1187/1187/1187
f 1272/1272/1272 1475/1475/1475 1282/1282/1282
f 1053/1053/1053 1490/1490/1490 1051/1051/1051
f 1513/1513/1513 1490/1490/1490 1053/1053/1053
f 1513/1513/1513 1489/1489/1489 1490/1490/1490
f 1475/1475/1475 1499/1499/1499 1282/1282/1282
f 1489/1489/1489 1514/1514/1514 1430/1430/1430
f 1461/1461/1461 1425/1425/1425 1509/1509/1509
f 1504/1504/1504 1283/1283/1283 1499/1499/1499
f 1496/1496/1496 1509/1509/1509 1424/1424/1424
f 1283/1283/1283 1282/1282/1282 1499/1499/1499
f 1442/1442/1442 1433/1433/1433 1430/1430/1430
f 1448/1448/1448 1479/1479/1479 1503/1503/1503
f 1503/1503/1503 1515/1515/1515 1448/1448/1448
f 1516/1516/1516 1504/1504/1504 1502/1502/1502
f 1430/1430/1430 1514/1514/1514 1442/1442/1442
f 1516/1516/1516 1502/1502/1502 1506/1506/1506
f 1509/1509/1509 1018/1018/1018 1461/1461/1461
f 1496/1496/1496 1018/1018/1018 1509/1509/1509
f 1443/1443/1443 1517/1517/1517 1449/1449/1449
f 1517/1517/1517 1443/1443/1443 1442/1442/1442
f 1510/1510/1510 1515/1515/1515 1503/1503/1503
f 1496/1496/1496 1495/1495/1495 1518/1518/1518
f 1495/1495/1495 1018/1018/1018 1518/1518/1518
f 1515/1515/1515 1510/1510/1510 1519/1519/1519
f 1291/1291/1291 1274/1274/1274 1283/1283/1283
f 1517/1517/1517 1520/1520/1520 1449/1449/1449
f 1518/1518/1518 1018/1018/1018 1496/1496/1496
f 1283/1283/1283 1516/1516/1516 1291/1291/1291
f 1516/1516/1516 1283/1283/1283 1504/1504/1504
f 1514/1514/1514 1489/1489/1489 1513/1513/1513
f 1521/1521/1521 1522/1522/1522 1516/1516/1516
f 1287/1287/1287 1291/1291/1291 1379/1379/1379
f 1370/1370/1370 1369/1369/1369 1287/1287/1287
f 1370/1370/1370 1287/1287/1287 1379/1379/1379
f 1523/1523/1523 1519/1519/1519 1510/1510/1510
f 1018/1018/1018 1212/1212/1212 1019/1019/1019
f 1522/1522/1522 1379/1379/1379 1291/1291/1291
f 1513/1513/1513 1053/1053/1053 1068/1068/1068
f 1522/1522/1522 1291/1291/1291 1516/1516/1516
f 1519/1519/1519 1524/1524/1524 1515/1515/1515
f 1514/1514/1514 1513/1513/1513 1517/1517/1517
f 1514/1514/1514 1517/1517/1517 1442/1442/1442
f 1071/1071/1071 1513/1513/1513 1068/1068/1068
f 1071/1071/1071 1517/1517/1517 1513/1513/1513
f 1525/1525/1525 1524/1524/1524 1519/1519/1519
f 1521/1521/1521 1506/1506/1506 1507/1507/1507
f 1511/1511/1511 1521/1521/1521 1507/1507/1507
f 1516/1516/1516 1506/1506/1506 1521/1521/1521
f 1526/1526/1526 1527/1527/1527 1401/1401/1401
f 1526/1526/1526 1528/1528/1528 1527/1527/1527
f 1529/1529/1529 1395/1395/1395 1527/1527/1527
f 1405/1405/1405 1400/1400/1400 1530/1530/1530
f 1454/1454/1454 1448/1448/1448 1515/1515/1515
f 1531/1531/1531 1511/1511/1511 1512/1512/1512
f 1529/1529/1529 1400/1400/1400 1395/1395/1395
f 1532/1532/1532 1462/1462/1462 1454/1454/1454
f 1400/1400/1400 1529/1529/1529 1530/1530/1530
f 1528/1528/1528 1533/1533/1533 1437/1437/1437
f 1505/1505/1505 1241/1241/1241 1495/1495/1495
f 1436/1436/1436 1527/1527/1527 1528/1528/1528
f 1528/1528/1528 1437/1437/1437 1436/1436/1436
f 1515/1515/1515 1532/1532/1532 1454/1454/1454
f 1511/1511/1511 1522/1522/1522 1521/1521/1521
f 1531/1531/1531 1522/1522/1522 1511/1511/1511
f 1440/1440/1440 1529/1529/1529 1436/1436/1436
f 1529/1529/1529 1440/1440/1440 1450/1450/1450
f 1527/1527/1527 1436/1436/1436 1529/1529/1529
f 1515/1515/1515 1524/1524/1524 1532/1532/1532
f 1526/1526/1526 1522/1522/1522 1531/1531/1531
f 1529/1529/1529 1450/1450/1450 1530/1530/1530
f 1018/1018/1018 1495/1495/1495 1212/1212/1212
f 1241/1241/1241 1212/1212/1212 1495/1495/1495
f 1524/1524/1524 1534/1534/1534 1532/1532/1532
f 1378/1378/1378 1379/1379/1379 1522/1522/1522
f 1213/1213/1213 1212/1212/1212 1241/1241/1241
f 1525/1525/1525 1534/1534/1534 1524/1524/1524
f 1414/1414/1414 1530/1530/1530 1535/1535/1535
f 1401/1401/1401 1378/1378/1378 1522/1522/1522
f 1522/1522/1522 1526/1526/1526 1401/1401/1401
f 1536/1536/1536 1202/1202/1202 1206/1206/1206
f 1537/1537/1537 1536/1536/1536 1206/1206/1206
f 1538/1538/1538 1539/1539/1539 1382/1382/1382
f 1539/1539/1539 1538/1538/1538 1487/1487/1487
f 1540/1540/1540 1377/1377/1377 1382/1382/1382
f 1537/1537/1537 1541/1541/1541 1536/1536/1536
f 1542/1542/1542 1280/1280/1280 1240/1240/1240
f 1450/1450/1450 1543/1543/1543 1535/1535/1535
f 1411/1411/1411 1225/1225/1225 1224/1224/1224
f 1544/1544/1544 1545/1545/1545 1536/1536/1536
f 1536/1536/1536 1541/1541/1541 1544/1544/1544
f 1530/1530/1530 1450/1450/1450 1535/1535/1535
f 1546/1546/1546 1032/1032/1032 1544/1544/1544
f 1395/1395/1395 1401/1401/1401 1527/1527/1527
f 1487/1487/1487 1491/1491/1491 1485/1485/1485
f 1226/1226/1226 1237/1237/1237 1227/1227/1227
f 1547/1547/1547 1491/1491/1491 1487/1487/1487
f 1224/1224/1224 1227/1227/1227 1422/1422/1422
f 1423/1423/1423 1227/1227/1227 1237/1237/1237
f 1491/1491/1491 1548/1548/1548 1512/1512/1512
f 1405/1405/1405 1530/1530/1530 1414/1414/1414
f 1547/1547/1547 1548/1548/1548 1491/1491/1491
f 1421/1421/1421 1418/1418/1418 1414/1414/1414
f 1542/1542/1542 1549/1549/1549 1280/1280/1280
f 1450/1450/1450 1440/1440/1440 1451/1451/1451
f 1451/1451/1451 1440/1440/1440 1482/1482/1482
f 1550/1550/1550 1487/1487/1487 1538/1538/1538
f 1535/1535/1535 1421/1421/1421 1414/1414/1414
f 1234/1234/1234 1423/1423/1423 1237/1237/1237
f 1234/1234/1234 1497/1497/1497 1423/1423/1423
f 1262/1262/1262 1497/1497/1497 1234/1234/1234
f 1543/1543/1543 1421/1421/1421 1535/1535/1535
f 1550/1550/1550 1551/1551/1551 1547/1547/1547
f 1487/1487/1487 1550/1550/1550 1547/1547/1547
f 1280/1280/1280 1549/1549/1549 1273/1273/1273
f 1497/1497/1497 1262/1262/1262 1552/1552/1552
f 1520/1520/1520 1553/1553/1553 1449/1449/1449
f 1554/1554/1554 1547/1547/1547 1551/1551/1551
f 1263/1263/1263 1552/1552/1552 1262/1262/1262
f 1450/1450/1450 1449/1449/1449 1543/1543/1543
f 1449/1449/1449 1553/1553/1553 1543/1543/1543
f 1538/1538/1538 1382/1382/1382 1375/1375/1375
f 1375/1375/1375 1555/1555/1555 1538/1538/1538
f 1555/1555/1555 1375/1375/1375 1388/1388/1388
f 1556/1556/1556 1420/1420/1420 1557/1557/1557
f 1556/1556/1556 1549/1549/1549 1420/1420/1420
f 1558/1558/1558 1556/1556/1556 1557/1557/1557
f 1549/1549/1549 1542/1542/1542 1420/1420/1420
f 1550/1550/1550 1538/1538/1538 1555/1555/1555
f 1559/1559/1559 1557/1557/1557 1420/1420/1420
f 1517/1517/1517 1560/1560/1560 1520/1520/1520
f 1071/1071/1071 1560/1560/1560 1517/1517/1517
f 1559/1559/1559 1558/1558/1558 1557/1557/1557
f 1561/1561/1561 1263/1263/1263 1264/1264/1264
f 1520/1520/1520 1560/1560/1560 1553/1553/1553
f 1266/1266/1266 1562/1562/1562 1264/1264/1264
f 1562/1562/1562 1561/1561/1561 1264/1264/1264
f 1563/1563/1563 1551/1551/1551 1550/1550/1550
f 1126/1126/1126 1071/1071/1071 1116/1116/1116
f 1553/1553/1553 1560/1560/1560 1146/1146/1146
f 1560/1560/1560 1071/1071/1071 1146/1146/1146
f 1554/1554/1554 1564/1564/1564 1547/1547/1547
f 1497/1497/1497 1552/1552/1552 1561/1561/1561
f 1263/1263/1263 1561/1561/1561 1552/1552/1552
f 1554/1554/1554 1551/1551/1551 1565/1565/1565
f 1126/1126/1126 1146/1146/1146 1071/1071/1071
f 1566/1566/1566 1558/1558/1558 1559/1559/1559
f 1554/1554/1554 1528/1528/1528 1564/1564/1564
f 1126/1126/1126 1147/1147/1147 1146/1146/1146
f 1147/1147/1147 1126/1126/1126 1125/1125/1125
f 1567/1567/1567 1533/1533/1533 1565/1565/1565
f 1568/1568/1568 1562/1562/1562 1266/1266/1266
f 1565/1565/1565 1528/1528/1528 1554/1554/1554
f 1278/1278/1278 1568/1568/1568 1266/1266/1266
f 1569/1569/1569 1568/1568/1568 1278/1278/1278
f 1243/1243/1243 1505/1505/1505 1562/1562/1562
f 1553/1553/1553 1421/1421/1421 1543/1543/1543
f 1146/1146/1146 1419/1419/1419 1553/1553/1553
f 1566/1566/1566 1570/1570/1570 1558/1558/1558
f 1419/1419/1419 1559/1559/1559 1420/1420/1420
f 1388/1388/1388 1571/1571/1571 1555/1555/1555
f 1572/1572/1572 1571/1571/1571 1388/1388/1388
f 1388/1388/1388 1456/1456/1456 1572/1572/1572
f 1559/1559/1559 1419/1419/1419 1566/1566/1566
f 1494/1494/1494 1500/1500/1500 1474/1474/1474
f 1494/1494/1494 1273/1273/1273 1549/1549/1549
f 1555/1555/1555 1571/1571/1571 1563/1563/1563
f 1563/1563/1563 1571/1571/1571 1573/1573/1573
f 1571/1571/1571 1572/1572/1572 1573/1573/1573
f 1233/1233/1233 1568/1568/1568 1569/1569/1569
f 1243/1243/1243 1562/1562/1562 1242/1242/1242
f 1572/1572/1572 1457/1457/1457 1573/1573/1573
f 1233/1233/1233 1562/1562/1562 1568/1568/1568
f 1146/1146/1146 1145/1145/1145 1419/1419/1419
f 1388/1388/1388 1434/1434/1434 1456/1456/1456
f 1232/1232/1232 1242/1242/1242 1562/1562/1562
f 1556/1556/1556 1494/1494/1494 1549/1549/1549
f 1278/1278/1278 1287/1287/1287 1569/1569/1569
f 1570/1570/1570 1494/1494/1494 1556/1556/1556
f 1500/1500/1500 1494/1494/1494 1570/1570/1570
f 1574/1574/1574 1500/1500/1500 1570/1570/1570
f 1058/1058/1058 1350/1350/1350 1351/1351/1351
f 1508/1508/1508 1575/1575/1575 1523/1523/1523
f 1287/1287/1287 1233/1233/1233 1569/1569/1569
f 1508/1508/1508 1501/1501/1501 1500/1500/1500
f 1369/1369/1369 1233/1233/1233 1287/1287/1287
f 1574/1574/1574 1508/1508/1508 1500/1500/1500
f 1572/1572/1572 1456/1456/1456 1457/1457/1457
f 1523/1523/1523 1510/1510/1510 1508/1508/1508
f 1563/1563/1563 1550/1550/1550 1555/1555/1555
f 1567/1567/1567 1551/1551/1551 1563/1563/1563
f 1573/1573/1573 1567/1567/1567 1563/1563/1563
f 1058/1058/1058 1351/1351/1351 1063/1063/1063
f 1369/1369/1369 1231/1231/1231 1233/1233/1233
f 1576/1576/1576 1231/1231/1231 1369/1369/1369
f 1575/1575/1575 1508/1508/1508 1574/1574/1574
f 1369/1369/1369 1371/1371/1371 1576/1576/1576
f 1576/1576/1576 1371/1371/1371 1374/1374/1374
f 1567/1567/1567 1565/1565/1565 1551/1551/1551
f 1556/1556/1556 1558/1558/1558 1570/1570/1570
f 1241/1241/1241 1243/1243/1243 1220/1220/1220
f 1573/1573/1573 1437/1437/1437 1567/1567/1567
f 1484/1484/1484 1446/1446/1446 1577/1577/1577
f 1437/1437/1437 1573/1573/1573 1435/1435/1435
f 1566/1566/1566 1145/1145/1145 1164/1164/1164
f 1566/1566/1566 1164/1164/1164 1570/1570/1570
f 1457/1457/1457 1435/1435/1435 1573/1573/1573
f 1437/1437/1437 1533/1533/1533 1567/1567/1567
f 1578/1578/1578 1579/1579/1579 1094/1094/1094
f 1492/1492/1492 1491/1491/1491 1512/1512/1512
f 1185/1185/1185 1577/1577/1577 1580/1580/1580
f 1581/1581/1581 1574/1574/1574 1570/1570/1570
f 1578/1578/1578 1094/1094/1094 1582/1582/1582
f 1548/1548/1548 1531/1531/1531 1512/1512/1512
f 1446/1446/1446 1580/1580/1580 1577/1577/1577
f 1581/1581/1581 1583/1583/1583 1574/1574/1574
f 1584/1584/1584 1548/1548/1548 1547/1547/1547
f 1582/1582/1582 1094/1094/1094 1086/1086/1086
f 1582/1582/1582 1086/1086/1086 1585/1585/1585
f 1586/1586/1586 1587/1587/1587 1588/1588/1588
f 1587/1587/1587 1194/1194/1194 1588/1588/1588
f 1589/1589/1589 1548/1548/1548 1584/1584/1584
f 1590/1590/1590 1591/1591/1591 1592/1592/1592
f 1582/1582/1582 1585/1585/1585 1593/1593/1593
f 1531/1531/1531 1548/1548/1548 1589/1589/1589
f 1564/1564/1564 1584/1584/1584 1547/1547/1547
f 1594/1594/1594 1584/1584/1584 1564/1564/1564
f 1595/1595/1595 1596/1596/1596 1597/1597/1597
f 1598/1598/1598 1446/1446/1446 1453/1453/1453
f 1599/1599/1599 1591/1591/1591 1600/1600/1600
f 1570/1570/1570 1164/1164/1164 1581/1581/1581
f 1594/1594/1594 1564/1564/1564 1528/1528/1528
f 1594/1594/1594 1589/1589/1589 1584/1584/1584
f 1599/1599/1599 1600/1600/1600 1601/1601/1601
f 1346/1346/1346 1359/1359/1359 1351/1351/1351
f 1526/1526/1526 1589/1589/1589 1594/1594/1594
f 1444/1444/1444 1446/1446/1446 1484/1484/1484
f 1528/1528/1528 1526/1526/1526 1594/1594/1594
f 1602/1602/1602 1578/1578/1578 1603/1603/1603
f 1583/1583/1583 1575/1575/1575 1574/1574/1574
f 1603/1603/1603 1578/1578/1578 1604/1604/1604
f 1580/1580/1580 1446/1446/1446 1598/1598/1598
f 1580/1580/1580 1598/1598/1598 1605/1605/1605
f 1565/1565/1565 1533/1533/1533 1528/1528/1528
f 552/552/552 1587/1587/1587 1586/1586/1586
f 1605/1605/1605 1598/1598/1598 1606/1606/1606
f 543/543/543 1598/1598/1598 1453/1453/1453
f 1607/1607/1607 1608/1608/1608 1609/1609/1609
f 1525/1525/1525 1519/1519/1519 1523/1523/1523
f 1036/1036/1036 1470/1470/1470 1038/1038/1038
f 1610/1610/1610 1606/1606/1606 1598/1598/1598
f 1611/1611/1611 1523/1523/1523 1575/1575/1575
f 1006/1006/1006 1610/1610/1610 1598/1598/1598
f 1604/1604/1604 1578/1578/1578 1612/1612/1612
f 1578/1578/1578 1582/1582/1582 1612/1612/1612
f 1613/1613/1613 1604/1604/1604 1612/1612/1612
f 1049/1049/1049 1038/1038/1038 1614/1614/1614
f 1614/1614/1614 1056/1056/1056 1049/1049/1049
f 1184/1184/1184 1577/1577/1577 1185/1185/1185
f 1577/1577/1577 1184/1184/1184 1484/1484/1484
f 1057/1057/1057 1063/1063/1063 1108/1108/1108
f 1615/1615/1615 1021/1021/1021 1020/1020/1020
f 1615/1615/1615 1027/1027/1027 1021/1021/1021
f 1185/1185/1185 1616/1616/1616 1203/1203/1203
f 1616/1616/1616 1185/1185/1185 1580/1580/1580
f 1536/1536/1536 1617/1617/1617 1080/1080/1080
f 1525/1525/1525 1523/1523/1523 1618/1618/1618
f 1080/1080/1080 1202/1202/1202 1536/1536/1536
f 1592/1592/1592 1591/1591/1591 1599/1599/1599
f 1599/1599/1599 1619/1619/1619 1592/1592/1592
f 1244/1244/1244 1192/1192/1192 1194/1194/1194
f 1194/1194/1194 1587/1587/1587 1244/1244/1244
f 1617/1617/1617 1536/1536/1536 1545/1545/1545
f 1229/1229/1229 1620/1620/1620 1621/1621/1621
f 1601/1601/1601 1622/1622/1622 1599/1599/1599
f 1623/1623/1623 1074/1074/1074 1072/1072/1072
f 1620/1620/1620 1229/1229/1229 1244/1244/1244
f 1623/1623/1623 1080/1080/1080 1617/1617/1617
f 1623/1623/1623 1617/1617/1617 1624/1624/1624
f 1625/1625/1625 1621/1621/1621 1620/1620/1620
f 1613/1613/1613 1626/1626/1626 1604/1604/1604
f 1627/1627/1627 1611/1611/1611 1583/1583/1583
f 1627/1627/1627 1618/1618/1618 1611/1611/1611
f 1020/1020/1020 1624/1624/1624 1617/1617/1617
f 1545/1545/1545 1020/1020/1020 1617/1617/1617
f 1615/1615/1615 1020/1020/1020 1545/1545/1545
f 1244/1244/1244 1587/1587/1587 1628/1628/1628
f 1628/1628/1628 1587/1587/1587 519/519/519
f 1628/1628/1628 1629/1629/1629 1620/1620/1620
f 1628/1628/1628 1620/1620/1620 1244/1244/1244
f 1620/1620/1620 1629/1629/1629 1625/1625/1625
f 1080/1080/1080 1623/1623/1623 1072/1072/1072
f 1630/1630/1630 1166/1166/1166 1026/1026/1026
f 1626/1626/1626 1613/1613/1613 1631/1631/1631
f 1166/1166/1166 1630/1630/1630 1627/1627/1627
f 1545/1545/1545 1031/1031/1031 1035/1035/1035
f 1166/1166/1166 1583/1583/1583 1581/1581/1581
f 1545/1545/1545 1544/1544/1544 1031/1031/1031
f 1253/1253/1253 1252/1252/1252 1632/1632/1632
f 1419/1419/1419 1145/1145/1145 1566/1566/1566
f 1166/1166/1166 1627/1627/1627 1583/1583/1583
f 1619/1619/1619 1622/1622/1622 1633/1633/1633
f 1544/1544/1544 1032/1032/1032 1031/1031/1031
f 1621/1621/1621 1634/1634/1634 1229/1229/1229
f 1599/1599/1599 1622/1622/1622 1619/1619/1619
f 1635/1635/1635 1252/1252/1252 1229/1229/1229
f 1229/1229/1229 1634/1634/1634 1635/1635/1635
f 1035/1035/1035 1031/1031/1031 1033/1033/1033
f 1011/1011/1011 1636/1636/1636 1637/1637/1637
f 1634/1634/1634 1625/1625/1625 1635/1635/1635
f 1634/1634/1634 1621/1621/1621 1625/1625/1625
f 1638/1638/1638 1622/1622/1622 1601/1601/1601
f 1639/1639/1639 1640/1640/1640 1641/1641/1641
f 1545/1545/1545 1035/1035/1035 1615/1615/1615
f 1635/1635/1635 1629/1629/1629 1252/1252/1252
f 1635/1635/1635 1625/1625/1625 1629/1629/1629
f 1628/1628/1628 526/526/526 1629/1629/1629
f 1627/1627/1627 1630/1630/1630 1642/1642/1642
f 1630/1630/1630 1643/1643/1643 1642/1642/1642
f 1632/1632/1632 1629/1629/1629 526/526/526
f 1035/1035/1035 1027/1027/1027 1615/1615/1615
f 1252/1252/1252 1629/1629/1629 1632/1632/1632
f 1644/1644/1644 1632/1632/1632 526/526/526
f 1627/1627/1627 1642/1642/1642 1645/1645/1645
f 1642/1642/1642 1643/1643/1643 1646/1646/1646
f 1107/1107/1107 1636/1636/1636 1011/1011/1011
f 1623/1623/1623 1124/1124/1124 1074/1074/1074
f 1587/1587/1587 552/552/552 519/519/519
f 1124/1124/1124 1623/1623/1623 1624/1624/1624
f 1023/1023/1023 1107/1107/1107 1011/1011/1011
f 1107/1107/1107 1023/1023/1023 1110/1110/1110
f 1124/1124/1124 1348/1348/1348 1127/1127/1127
f 526/526/526 519/519/519 521/521/521
f 1089/1089/1089 1074/1074/1074 1124/1124/1124
f 1630/1630/1630 1026/1026/1026 1013/1013/1013
f 1618/1618/1618 1627/1627/1627 1645/1645/1645
f 1647/1647/1647 1064/1064/1064 551/551/551
f 1120/1120/1120 1624/1624/1624 1020/1020/1020
f 1645/1645/1645 1648/1648/1648 1618/1618/1618
f 1649/1649/1649 1618/1618/1618 1648/1648/1648
f 1011/1011/1011 1637/1637/1637 1012/1012/1012
f 526/526/526 525/525/525 1644/1644/1644
f 1583/1583/1583 1611/1611/1611 1575/1575/1575
f 1120/1120/1120 1109/1109/1109 1100/1100/1100
f 1127/1127/1127 1102/1102/1102 1124/1124/1124
f 962/962/962 1632/1632/1632 1644/1644/1644
f 1100/1100/1100 1348/1348/1348 1124/1124/1124
f 1618/1618/1618 1523/1523/1523 1611/1611/1611
f 1124/1124/1124 1624/1624/1624 1100/1100/1100
f 1624/1624/1624 1120/1120/1120 1100/1100/1100
f 1461/1461/1461 543/543/543 1453/1453/1453
f 1525/1525/1525 1618/1618/1618 1649/1649/1649
f 544/544/544 543/543/543 1461/1461/1461
f 544/544/544 1461/1461/1461 1018/1018/1018
f 1166/1166/1166 1581/1581/1581 1164/1164/1164
f 543/543/543 1006/1006/1006 1598/1598/1598
f 526/526/526 1628/1628/1628 519/519/519
f 1021/1021/1021 1027/1027/1027 1022/1022/1022
f 1020/1020/1020 1123/1123/1123 1120/1120/1120
f 1020/1020/1020 1022/1022/1022 1123/1123/1123
f 1025/1025/1025 1123/1123/1123 1022/1022/1022
f 1033/1033/1033 1470/1470/1470 1036/1036/1036
f 1028/1028/1028 1047/1047/1047 1297/1297/1297
f 1047/1047/1047 1039/1039/1039 1297/1297/1297
f 1028/1028/1028 1297/1297/1297 1081/1081/1081
f 1081/1081/1081 1297/1297/1297 1075/1075/1075
f 1081/1081/1081 1075/1075/1075 1082/1082/1082
f 1190/1190/1190 1082/1082/1082 1075/1075/1075
f 1190/1190/1190 1075/1075/1075 1077/1077/1077
f 1123/1123/1123 1121/1121/1121 1120/1120/1120
f 1231/1231/1231 1576/1576/1576 1236/1236/1236
f 1236/1236/1236 1576/1576/1576 1374/1374/1374
f 1310/1310/1310 1320/1320/1320 1327/1327/1327
f 1327/1327/1327 1650/1650/1650 1326/1326/1326
f 1651/1651/1651 1335/1335/1335 1326/1326/1326
f 1315/1315/1315 1339/1339/1339 1319/1319/1319
f 1368/1368/1368 1652/1652/1652 1319/1319/1319
f 1099/1099/1099 1299/1299/1299 1294/1294/1294
f 1368/1368/1368 1319/1319/1319 1342/1342/1342
f 1366/1366/1366 1368/1368/1368 1342/1342/1342
f 1377/1377/1377 1540/1540/1540 1653/1653/1653
f 1654/1654/1654 1367/1367/1367 1377/1377/1377
f 1653/1653/1653 1654/1654/1654 1377/1377/1377
f 1424/1424/1424 1409/1409/1409 1439/1439/1439
f 1408/1408/1408 1420/1420/1420 1407/1407/1407
f 1408/1408/1408 1418/1418/1418 1420/1420/1420
f 1421/1421/1421 1420/1420/1420 1418/1418/1418
f 1458/1458/1458 1336/1336/1336 1335/1335/1335
f 1651/1651/1651 1458/1458/1458 1335/1335/1335
f 1447/1447/1447 1473/1473/1473 1417/1417/1417
f 1417/1417/1417 1415/1415/1415 1447/1447/1447
f 1655/1655/1655 1465/1465/1465 1651/1651/1651
f 1465/1465/1465 1655/1655/1655 1480/1480/1480
f 1656/1656/1656 1483/1483/1483 1480/1480/1480
f 1415/1415/1415 1409/1409/1409 1452/1452/1452
f 1387/1387/1387 1236/1236/1236 1374/1374/1374
f 1240/1240/1240 1236/1236/1236 1387/1387/1387
f 1498/1498/1498 1424/1424/1424 1439/1439/1439
f 1424/1424/1424 1498/1498/1498 1495/1495/1495
f 1542/1542/1542 1240/1240/1240 1387/1387/1387
f 1542/1542/1542 1387/1387/1387 1390/1390/1390
f 1407/1407/1407 1542/1542/1542 1390/1390/1390
f 1420/1420/1420 1542/1542/1542 1407/1407/1407
f 1589/1589/1589 1526/1526/1526 1531/1531/1531
f 1487/1487/1487 1486/1486/1486 1539/1539/1539
f 1657/1657/1657 1539/1539/1539 1540/1540/1540
f 1382/1382/1382 1539/1539/1539 1657/1657/1657
f 1657/1657/1657 1540/1540/1540 1382/1382/1382
f 1421/1421/1421 1553/1553/1553 1419/1419/1419
f 1561/1561/1561 1505/1505/1505 1497/1497/1497
f 1505/1505/1505 1561/1561/1561 1562/1562/1562
f 1232/1232/1232 1562/1562/1562 1233/1233/1233
f 1651/1651/1651 1650/1650/1650 1327/1327/1327
f 1658/1658/1658 1327/1327/1327 1320/1320/1320
f 1658/1658/1658 1651/1651/1651 1327/1327/1327
f 1650/1650/1650 1651/1651/1651 1326/1326/1326
f 1652/1652/1652 1658/1658/1658 1320/1320/1320
f 1659/1659/1659 1658/1658/1658 1652/1652/1652
f 1319/1319/1319 1652/1652/1652 1320/1320/1320
f 1652/1652/1652 1368/1368/1368 1653/1653/1653
f 1368/1368/1368 1654/1654/1654 1653/1653/1653
f 1368/1368/1368 1367/1367/1367 1654/1654/1654
f 1465/1465/1465 1458/1458/1458 1651/1651/1651
f 1660/1660/1660 1655/1655/1655 1651/1651/1651
f 1660/1660/1660 1480/1480/1480 1655/1655/1655
f 1656/1656/1656 1480/1480/1480 1660/1660/1660
f 1660/1660/1660 1651/1651/1651 1658/1658/1658
f 1660/1660/1660 1658/1658/1658 1659/1659/1659
f 658/658/658 660/660/660 1661/1661/1661
f 1662/1662/1662 1663/1663/1663 1664/1664/1664
f 1665/1665/1665 1666/1666/1666 1667/1667/1667
f 660/660/660 1668/1668/1668 1669/1669/1669
f 1665/1665/1665 1667/1667/1667 1670/1670/1670
f 685/685/685 1668/1668/1668 650/650/650
f 1668/1668/1668 660/660/660 650/650/650
f 1664/1664/1664 1671/1671/1671 1662/1662/1662
f 1672/1672/1672 1668/1668/1668 685/685/685
f 1673/1673/1673 1674/1674/1674 1675/1675/1675
f 1676/1676/1676 1677/1677/1677 1678/1678/1678
f 1673/1673/1673 1675/1675/1675 1679/1679/1679
f 1680/1680/1680 1681/1681/1681 1676/1676/1676
f 1682/1682/1682 1671/1671/1671 1664/1664/1664
f 1683/1683/1683 1684/1684/1684 1685/1685/1685
f 1000/1000/1000 1686/1686/1686 1687/1687/1687
f 1688/1688/1688 1689/1689/1689 1690/1690/1690
f 1680/1680/1680 1676/1676/1676 1691/1691/1691
f 998/998/998 1000/1000/1000 1687/1687/1687
f 1669/1669/1669 1668/1668/1668 1672/1672/1672
f 1692/1692/1692 1693/1693/1693 1694/1694/1694
f 1695/1695/1695 1696/1696/1696 1673/1673/1673
f 1695/1695/1695 1673/1673/1673 1697/1697/1697
f 1698/1698/1698 1699/1699/1699 1697/1697/1697
f 1693/1693/1693 1700/1700/1700 1694/1694/1694
f 1697/1697/1697 1673/1673/1673 1698/1698/1698
f 1701/1701/1701 1687/1687/1687 1702/1702/1702
f 1700/1700/1700 1703/1703/1703 1694/1694/1694
f 1704/1704/1704 1701/1701/1701 1702/1702/1702
f 610/610/610 795/795/795 1705/1705/1705
f 1691/1691/1691 1678/1678/1678 1706/1706/1706
f 1706/1706/1706 1707/1707/1707 1691/1691/1691
f 1691/1691/1691 1676/1676/1676 1678/1678/1678
f 1708/1708/1708 610/610/610 1705/1705/1705
f 685/685/685 687/687/687 1672/1672/1672
f 1705/1705/1705 795/795/795 809/809/809
f 1705/1705/1705 809/809/809 817/817/817
f 685/685/685 679/679/679 687/687/687
f 1672/1672/1672 687/687/687 770/770/770
f 817/817/817 814/814/814 1709/1709/1709
f 1704/1704/1704 1702/1702/1702 1710/1710/1710
f 1711/1711/1711 1712/1712/1712 1713/1713/1713
f 1714/1714/1714 1670/1670/1670 1715/1715/1715
f 1701/1701/1701 1704/1704/1704 1710/1710/1710
f 1690/1690/1690 1716/1716/1716 1688/1688/1688
f 1710/1710/1710 1003/1003/1003 1701/1701/1701
f 1717/1717/1717 1708/1708/1708 1705/1705/1705
f 1718/1718/1718 1699/1699/1699 1698/1698/1698
f 1719/1719/1719 1703/1703/1703 1700/1700/1700
f 1709/1709/1709 1717/1717/1717 1705/1705/1705
f 1720/1720/1720 1717/1717/1717 1709/1709/1709
f 1691/1691/1691 1721/1721/1721 1680/1680/1680
f 1714/1714/1714 1680/1680/1680 1721/1721/1721
f 1705/1705/1705 817/817/817 1709/1709/1709
f 1722/1722/1722 1691/1691/1691 1707/1707/1707
f 999/999/999 1137/1137/1137 1000/1000/1000
f 1723/1723/1723 1703/1703/1703 1719/1719/1719
f 1724/1724/1724 1703/1703/1703 1723/1723/1723
f 1670/1670/1670 1714/1714/1714 1721/1721/1721
f 1709/1709/1709 814/814/814 1725/1725/1725
f 1691/1691/1691 1722/1722/1722 1726/1726/1726
f 1721/1721/1721 1691/1691/1691 1726/1726/1726
f 1727/1727/1727 1723/1723/1723 1719/1719/1719
f 1719/1719/1719 1728/1728/1728 1727/1727/1727
f 1687/1687/1687 1701/1701/1701 1729/1729/1729
f 816/816/816 914/914/914 814/814/814
f 1725/1725/1725 814/814/814 914/914/914
f 998/998/998 1687/1687/1687 1729/1729/1729
f 999/999/999 998/998/998 1729/1729/1729
f 1730/1730/1730 1709/1709/1709 1725/1725/1725
f 1720/1720/1720 1709/1709/1709 1730/1730/1730
f 1137/1137/1137 999/999/999 1731/1731/1731
f 1727/1727/1727 1728/1728/1728 1732/1732/1732
f 1733/1733/1733 1734/1734/1734 1735/1735/1735
f 1736/1736/1736 1733/1733/1733 1735/1735/1735
f 1138/1138/1138 1137/1137/1137 1731/1731/1731
f 999/999/999 1729/1729/1729 1731/1731/1731
f 1725/1725/1725 914/914/914 1737/1737/1737
f 1731/1731/1731 1729/1729/1729 1738/1738/1738
f 847/847/847 810/810/810 1739/1739/1739
f 861/861/861 847/847/847 1739/1739/1739
f 1737/1737/1737 1730/1730/1730 1725/1725/1725
f 1118/1118/1118 1138/1138/1138 1156/1156/1156
f 1138/1138/1138 1731/1731/1731 1156/1156/1156
f 1740/1740/1740 1156/1156/1156 1731/1731/1731
f 1713/1713/1713 1741/1741/1741 1742/1742/1742
f 1741/1741/1741 1713/1713/1713 1743/1743/1743
f 1731/1731/1731 1738/1738/1738 1740/1740/1740
f 1744/1744/1744 1713/1713/1713 1712/1712/1712
f 1745/1745/1745 1746/1746/1746 1744/1744/1744
f 1746/1746/1746 1713/1713/1713 1744/1744/1744
f 1747/1747/1747 1745/1745/1745 1744/1744/1744
f 1748/1748/1748 1749/1749/1749 1750/1750/1750
f 1748/1748/1748 1750/1750/1750 1751/1751/1751
f 1746/1746/1746 1745/1745/1745 1752/1752/1752
f 1745/1745/1745 1753/1753/1753 1752/1752/1752
f 1754/1754/1754 1745/1745/1745 1747/1747/1747
f 1755/1755/1755 1720/1720/1720 1730/1730/1730
f 1739/1739/1739 1756/1756/1756 861/861/861
f 1729/1729/1729 1701/1701/1701 1757/1757/1757
f 1743/1743/1743 1713/1713/1713 1754/1754/1754
f 1743/1743/1743 1754/1754/1754 1758/1758/1758
f 1758/1758/1758 1754/1754/1754 1747/1747/1747
f 1758/1758/1758 1759/1759/1759 1743/1743/1743
f 1760/1760/1760 1761/1761/1761 1762/1762/1762
f 1730/1730/1730 1737/1737/1737 1755/1755/1755
f 1763/1763/1763 1756/1756/1756 1739/1739/1739
f 1764/1764/1764 1755/1755/1755 1737/1737/1737
f 1738/1738/1738 1729/1729/1729 1757/1757/1757
f 1765/1765/1765 1758/1758/1758 1747/1747/1747
f 1766/1766/1766 1723/1723/1723 1727/1727/1727
f 1767/1767/1767 1757/1757/1757 1701/1701/1701
f 1757/1757/1757 1767/1767/1767 1768/1768/1768
f 1769/1769/1769 1770/1770/1770 1764/1764/1764
f 1771/1771/1771 1740/1740/1740 1738/1738/1738
f 1771/1771/1771 1738/1738/1738 1757/1757/1757
f 1758/1758/1758 1772/1772/1772 1759/1759/1759
f 1402/1402/1402 903/903/903 1399/1399/1399
f 1766/1766/1766 1727/1727/1727 1773/1773/1773
f 1758/1758/1758 1765/1765/1765 1772/1772/1772
f 1402/1402/1402 904/904/904 903/903/903
f 905/905/905 564/564/564 563/563/563
f 905/905/905 1403/1403/1403 564/564/564
f 1761/1761/1761 1772/1772/1772 1765/1765/1765
f 1774/1774/1774 1775/1775/1775 904/904/904
f 904/904/904 1775/1775/1775 902/902/902
f 1776/1776/1776 902/902/902 1775/1775/1775
f 1777/1777/1777 858/858/858 861/861/861
f 1778/1778/1778 1732/1732/1732 1728/1728/1728
f 1773/1773/1773 1779/1779/1779 1780/1780/1780
f 1781/1781/1781 907/907/907 1427/1427/1427
f 1782/1782/1782 1783/1783/1783 1784/1784/1784
f 1777/1777/1777 861/861/861 1756/1756/1756
f 1776/1776/1776 1775/1775/1775 1782/1782/1782
f 1785/1785/1785 1740/1740/1740 1771/1771/1771
f 1786/1786/1786 870/870/870 858/858/858
f 1787/1787/1787 1773/1773/1773 1727/1727/1727
f 1787/1787/1787 1727/1727/1727 1732/1732/1732
f 1788/1788/1788 1771/1771/1771 1757/1757/1757
f 1782/1782/1782 1460/1460/1460 1789/1789/1789
f 1789/1789/1789 1776/1776/1776 1782/1782/1782
f 858/858/858 1777/1777/1777 1786/1786/1786
f 1788/1788/1788 1757/1757/1757 1768/1768/1768
f 1786/1786/1786 875/875/875 870/870/870
f 902/902/902 1776/1776/1776 1790/1790/1790
f 687/687/687 453/453/453 770/770/770
f 1693/1693/1693 1791/1791/1791 1792/1792/1792
f 1793/1793/1793 1756/1756/1756 1763/1763/1763
f 1794/1794/1794 1795/1795/1795 1796/1796/1796
f 902/902/902 1790/1790/1790 811/811/811
f 1797/1797/1797 1792/1792/1792 1791/1791/1791
f 1767/1767/1767 1003/1003/1003 977/977/977
f 1789/1789/1789 1790/1790/1790 1776/1776/1776
f 1767/1767/1767 1701/1701/1701 1003/1003/1003
f 1777/1777/1777 1756/1756/1756 1793/1793/1793
f 1777/1777/1777 1793/1793/1793 1798/1798/1798
f 1459/1459/1459 1789/1789/1789 1460/1460/1460
f 1666/1666/1666 1786/1786/1786 1798/1798/1798
f 1666/1666/1666 1799/1799/1799 1786/1786/1786
f 1767/1767/1767 1800/1800/1800 1768/1768/1768
f 1798/1798/1798 1786/1786/1786 1777/1777/1777
f 1459/1459/1459 1801/1801/1801 1789/1789/1789
f 1792/1792/1792 1797/1797/1797 1802/1802/1802
f 1462/1462/1462 1801/1801/1801 1459/1459/1459
f 1803/1803/1803 1798/1798/1798 1793/1793/1793
f 1768/1768/1768 1800/1800/1800 1804/1804/1804
f 1805/1805/1805 1792/1792/1792 1802/1802/1802
f 1767/1767/1767 977/977/977 976/976/976
f 1806/1806/1806 1790/1790/1790 1789/1789/1789
f 1767/1767/1767 976/976/976 1800/1800/1800
f 1693/1693/1693 1792/1792/1792 1805/1805/1805
f 1805/1805/1805 1700/1700/1700 1693/1693/1693
f 1803/1803/1803 1793/1793/1793 1807/1807/1807
f 1806/1806/1806 1789/1789/1789 1801/1801/1801
f 1798/1798/1798 1803/1803/1803 1666/1666/1666
f 943/943/943 598/598/598 723/723/723
f 1808/1808/1808 723/723/723 598/598/598
f 1809/1809/1809 1810/1810/1810 1811/1811/1811
f 1812/1812/1812 1808/1808/1808 598/598/598
f 810/810/810 811/811/811 1790/1790/1790
f 1813/1813/1813 1534/1534/1534 1525/1525/1525
f 1814/1814/1814 1804/1804/1804 1800/1800/1800
f 1649/1649/1649 1813/1813/1813 1525/1525/1525
f 1815/1815/1815 1802/1802/1802 1812/1812/1812
f 598/598/598 1815/1815/1815 1812/1812/1812
f 1816/1816/1816 1814/1814/1814 1692/1692/1692
f 598/598/598 588/588/588 1817/1817/1817
f 1818/1818/1818 598/598/598 1817/1817/1817
f 810/810/810 1790/1790/1790 1739/1739/1739
f 1819/1819/1819 1692/1692/1692 1814/1814/1814
f 1815/1815/1815 598/598/598 1818/1818/1818
f 1819/1819/1819 1814/1814/1814 1800/1800/1800
f 1820/1820/1820 1813/1813/1813 1821/1821/1821
f 1817/1817/1817 588/588/588 610/610/610
f 1822/1822/1822 1817/1817/1817 610/610/610
f 1642/1642/1642 1646/1646/1646 1823/1823/1823
f 1104/1104/1104 1214/1214/1214 1824/1824/1824
f 1809/1809/1809 1015/1015/1015 1037/1037/1037
f 1214/1214/1214 1825/1825/1825 1824/1824/1824
f 1815/1815/1815 1818/1818/1818 1822/1822/1822
f 1822/1822/1822 1818/1818/1818 1817/1817/1817
f 1642/1642/1642 1823/1823/1823 1826/1826/1826
f 1708/1708/1708 1822/1822/1822 610/610/610
f 1214/1214/1214 1249/1249/1249 1825/1825/1825
f 1806/1806/1806 1739/1739/1739 1790/1790/1790
f 1645/1645/1645 1642/1642/1642 1826/1826/1826
f 1797/1797/1797 1812/1812/1812 1802/1802/1802
f 1827/1827/1827 953/953/953 787/787/787
f 953/953/953 714/714/714 787/787/787
f 1645/1645/1645 1826/1826/1826 1828/1828/1828
f 1802/1802/1802 1815/1815/1815 1822/1822/1822
f 1805/1805/1805 1802/1802/1802 1822/1822/1822
f 1829/1829/1829 1810/1810/1810 1037/1037/1037
f 1156/1156/1156 1740/1740/1740 1154/1154/1154
f 1740/1740/1740 1357/1357/1357 1154/1154/1154
f 1785/1785/1785 1357/1357/1357 1740/1740/1740
f 1806/1806/1806 1830/1830/1830 1763/1763/1763
f 1809/1809/1809 1037/1037/1037 1810/1810/1810
f 1763/1763/1763 1830/1830/1830 1831/1831/1831
f 1816/1816/1816 1804/1804/1804 1814/1814/1814
f 1357/1357/1357 1785/1785/1785 1362/1362/1362
f 1832/1832/1832 1801/1801/1801 1462/1462/1462
f 1821/1821/1821 1813/1813/1813 1649/1649/1649
f 1720/1720/1720 1700/1700/1700 1805/1805/1805
f 1833/1833/1833 1832/1832/1832 1462/1462/1462
f 1785/1785/1785 1834/1834/1834 1362/1362/1362
f 1821/1821/1821 1649/1649/1649 1648/1648/1648
f 1835/1835/1835 1462/1462/1462 1532/1532/1532
f 1833/1833/1833 1462/1462/1462 1835/1835/1835
f 1834/1834/1834 1836/1836/1836 1362/1362/1362
f 1648/1648/1648 1645/1645/1645 1828/1828/1828
f 1363/1363/1363 1362/1362/1362 1836/1836/1836
f 1700/1700/1700 1720/1720/1720 1755/1755/1755
f 1833/1833/1833 1835/1835/1835 1832/1832/1832
f 1801/1801/1801 1832/1832/1832 1806/1806/1806
f 1830/1830/1830 1806/1806/1806 1832/1832/1832
f 1788/1788/1788 1785/1785/1785 1771/1771/1771
f 1834/1834/1834 1785/1785/1785 1788/1788/1788
f 1828/1828/1828 1837/1837/1837 1648/1648/1648
f 1834/1834/1834 1788/1788/1788 1838/1838/1838
f 1805/1805/1805 1822/1822/1822 1708/1708/1708
f 1839/1839/1839 1820/1820/1820 1821/1821/1821
f 1720/1720/1720 1805/1805/1805 1717/1717/1717
f 1838/1838/1838 1788/1788/1788 1768/1768/1768
f 1648/1648/1648 1839/1839/1839 1821/1821/1821
f 1836/1836/1836 1834/1834/1834 1838/1838/1838
f 1837/1837/1837 1840/1840/1840 1648/1648/1648
f 1840/1840/1840 1839/1839/1839 1648/1648/1648
f 1708/1708/1708 1717/1717/1717 1805/1805/1805
f 1838/1838/1838 1841/1841/1841 1836/1836/1836
f 1534/1534/1534 1835/1835/1835 1532/1532/1532
f 1838/1838/1838 1768/1768/1768 1804/1804/1804
f 1365/1365/1365 1363/1363/1363 1836/1836/1836
f 1842/1842/1842 1843/1843/1843 1829/1829/1829
f 1844/1844/1844 1836/1836/1836 1841/1841/1841
f 1365/1365/1365 1836/1836/1836 1844/1844/1844
f 1829/1829/1829 1843/1843/1843 1810/1810/1810
f 1845/1845/1845 1846/1846/1846 1847/1847/1847
f 1848/1848/1848 1832/1832/1832 1835/1835/1835
f 1848/1848/1848 1830/1830/1830 1832/1832/1832
f 1734/1734/1734 1838/1838/1838 1849/1849/1849
f 1830/1830/1830 1848/1848/1848 1850/1850/1850
f 1841/1841/1841 1851/1851/1851 1844/1844/1844
f 1844/1844/1844 1851/1851/1851 1852/1852/1852
f 1853/1853/1853 1851/1851/1851 1841/1841/1841
f 1841/1841/1841 1838/1838/1838 1734/1734/1734
f 1841/1841/1841 1734/1734/1734 1853/1853/1853
f 1850/1850/1850 1848/1848/1848 1854/1854/1854
f 1835/1835/1835 1855/1855/1855 1848/1848/1848
f 1856/1856/1856 1857/1857/1857 1854/1854/1854
f 1858/1858/1858 1859/1859/1859 1860/1860/1860
f 1858/1858/1858 1860/1860/1860 1733/1733/1733
f 1858/1858/1858 1861/1861/1861 1859/1859/1859
f 1858/1858/1858 1862/1862/1862 1861/1861/1861
f 1863/1863/1863 1857/1857/1857 1856/1856/1856
f 1736/1736/1736 1862/1862/1862 1858/1858/1858
f 1863/1863/1863 1856/1856/1856 1864/1864/1864
f 1823/1823/1823 1865/1865/1865 1866/1866/1866
f 1864/1864/1864 1856/1856/1856 1867/1867/1867
f 1811/1811/1811 1810/1810/1810 1868/1868/1868
f 1850/1850/1850 1831/1831/1831 1830/1830/1830
f 1831/1831/1831 1850/1850/1850 1807/1807/1807
f 1755/1755/1755 1719/1719/1719 1700/1700/1700
f 1869/1869/1869 1856/1856/1856 1854/1854/1854
f 1838/1838/1838 1804/1804/1804 1816/1816/1816
f 1854/1854/1854 1839/1839/1839 1869/1869/1869
f 1870/1870/1870 1810/1810/1810 1843/1843/1843
f 1870/1870/1870 1871/1871/1871 1868/1868/1868
f 1863/1863/1863 1872/1872/1872 1857/1857/1857
f 1819/1819/1819 1873/1873/1873 1692/1692/1692
f 1810/1810/1810 1870/1870/1870 1868/1868/1868
f 1849/1849/1849 1838/1838/1838 1816/1816/1816
f 1826/1826/1826 1823/1823/1823 1866/1866/1866
f 1826/1826/1826 1866/1866/1866 1828/1828/1828
f 1837/1837/1837 1828/1828/1828 1866/1866/1866
f 1719/1719/1719 1755/1755/1755 1728/1728/1728
f 1849/1849/1849 1816/1816/1816 1692/1692/1692
f 1837/1837/1837 1866/1866/1866 1840/1840/1840
f 1849/1849/1849 1694/1694/1694 1734/1734/1734
f 1849/1849/1849 1692/1692/1692 1694/1694/1694
f 1869/1869/1869 1839/1839/1839 1840/1840/1840
f 1857/1857/1857 1850/1850/1850 1854/1854/1854
f 1855/1855/1855 1835/1835/1835 1534/1534/1534
f 1857/1857/1857 1874/1874/1874 1850/1850/1850
f 1813/1813/1813 1855/1855/1855 1534/1534/1534
f 1663/1663/1663 1662/1662/1662 1875/1875/1875
f 1820/1820/1820 1855/1855/1855 1813/1813/1813
f 1855/1855/1855 1820/1820/1820 1854/1854/1854
f 1854/1854/1854 1848/1848/1848 1855/1855/1855
f 1850/1850/1850 1874/1874/1874 1807/1807/1807
f 1876/1876/1876 1807/1807/1807 1874/1874/1874
f 1820/1820/1820 1839/1839/1839 1854/1854/1854
f 1787/1787/1787 1732/1732/1732 1778/1778/1778
f 1692/1692/1692 1873/1873/1873 1693/1693/1693
f 1787/1787/1787 1778/1778/1778 1877/1877/1877
f 1843/1843/1843 1842/1842/1842 1683/1683/1683
f 1874/1874/1874 1857/1857/1857 1872/1872/1872
f 1860/1860/1860 1853/1853/1853 1734/1734/1734
f 1734/1734/1734 1733/1733/1733 1860/1860/1860
f 1878/1878/1878 1685/1685/1685 1879/1879/1879
f 1736/1736/1736 1858/1858/1858 1733/1733/1733
f 1683/1683/1683 1685/1685/1685 1878/1878/1878
f 1870/1870/1870 1843/1843/1843 1683/1683/1683
f 996/996/996 976/976/976 975/975/975
f 1877/1877/1877 1685/1685/1685 1880/1880/1880
f 1878/1878/1878 1870/1870/1870 1683/1683/1683
f 1878/1878/1878 1879/1879/1879 1881/1881/1881
f 1800/1800/1800 976/976/976 1882/1882/1882
f 1877/1877/1877 1879/1879/1879 1685/1685/1685
f 1882/1882/1882 976/976/976 996/996/996
f 1878/1878/1878 1881/1881/1881 1883/1883/1883
f 1870/1870/1870 1878/1878/1878 1883/1883/1883
f 1877/1877/1877 1778/1778/1778 1884/1884/1884
f 1763/1763/1763 1739/1739/1739 1806/1806/1806
f 1870/1870/1870 1883/1883/1883 1871/1871/1871
f 1884/1884/1884 1778/1778/1778 1885/1885/1885
f 1884/1884/1884 1879/1879/1879 1877/1877/1877
f 1001/1001/1001 1882/1882/1882 996/996/996
f 914/914/914 889/889/889 917/917/917
f 1882/1882/1882 1004/1004/1004 1886/1886/1886
f 1887/1887/1887 1884/1884/1884 1885/1885/1885
f 1887/1887/1887 1885/1885/1885 1888/1888/1888
f 1807/1807/1807 1793/1793/1793 1763/1763/1763
f 1882/1882/1882 1886/1886/1886 1800/1800/1800
f 1819/1819/1819 1800/1800/1800 1886/1886/1886
f 1879/1879/1879 1884/1884/1884 1881/1881/1881
f 917/917/917 1737/1737/1737 914/914/914
f 1737/1737/1737 917/917/917 1889/1889/1889
f 1887/1887/1887 1881/1881/1881 1884/1884/1884
f 1778/1778/1778 1728/1728/1728 1770/1770/1770
f 1890/1890/1890 909/909/909 918/918/918
f 918/918/918 1891/1891/1891 1890/1890/1890
f 1892/1892/1892 1819/1819/1819 1886/1886/1886
f 1893/1893/1893 917/917/917 909/909/909
f 1770/1770/1770 1728/1728/1728 1755/1755/1755
f 1881/1881/1881 1887/1887/1887 1894/1894/1894
f 1894/1894/1894 1887/1887/1887 1895/1895/1895
f 1895/1895/1895 1896/1896/1896 1894/1894/1894
f 1893/1893/1893 1889/1889/1889 917/917/917
f 1885/1885/1885 1778/1778/1778 1770/1770/1770
f 1893/1893/1893 909/909/909 1890/1890/1890
f 1892/1892/1892 1886/1886/1886 1897/1897/1897
f 1885/1885/1885 1770/1770/1770 1888/1888/1888
f 1898/1898/1898 1888/1888/1888 1770/1770/1770
f 1899/1899/1899 1898/1898/1898 1900/1900/1900
f 1894/1894/1894 1883/1883/1883 1881/1881/1881
f 1898/1898/1898 1901/1901/1901 1900/1900/1900
f 1901/1901/1901 1898/1898/1898 1902/1902/1902
f 1894/1894/1894 1896/1896/1896 1903/1903/1903
f 602/602/602 1005/1005/1005 596/596/596
f 1904/1904/1904 1716/1716/1716 1896/1896/1896
f 1904/1904/1904 1905/1905/1905 1716/1716/1716
f 1770/1770/1770 1755/1755/1755 1764/1764/1764
f 1896/1896/1896 1716/1716/1716 1903/1903/1903
f 1001/1001/1001 1004/1004/1004 1882/1882/1882
f 1903/1903/1903 1883/1883/1883 1894/1894/1894
f 1872/1872/1872 1906/1906/1906 1907/1907/1907
f 1716/1716/1716 1905/1905/1905 1688/1688/1688
f 1908/1908/1908 1898/1898/1898 1770/1770/1770
f 1770/1770/1770 1769/1769/1769 1908/1908/1908
f 1737/1737/1737 1889/1889/1889 1764/1764/1764
f 1764/1764/1764 1889/1889/1889 1909/1909/1909
f 1908/1908/1908 1902/1902/1902 1898/1898/1898
f 1910/1910/1910 1900/1900/1900 1901/1901/1901
f 1911/1911/1911 1900/1900/1900 1910/1910/1910
f 1911/1911/1911 1899/1899/1899 1900/1900/1900
f 1911/1911/1911 1912/1912/1912 1899/1899/1899
f 1901/1901/1901 1902/1902/1902 1913/1913/1913
f 1914/1914/1914 1912/1912/1912 1915/1915/1915
f 1893/1893/1893 1890/1890/1890 1916/1916/1916
f 1888/1888/1888 1898/1898/1898 1899/1899/1899
f 1914/1914/1914 1917/1917/1917 1918/1918/1918
f 1899/1899/1899 1895/1895/1895 1888/1888/1888
f 1919/1919/1919 1889/1889/1889 1893/1893/1893
f 1914/1914/1914 1915/1915/1915 1920/1920/1920
f 1921/1921/1921 1918/1918/1918 1917/1917/1917
f 1922/1922/1922 1923/1923/1923 1924/1924/1924
f 1925/1925/1925 1086/1086/1086 1088/1088/1088
f 1926/1926/1926 1922/1922/1922 1924/1924/1924
f 1910/1910/1910 1901/1901/1901 1913/1913/1913
f 1927/1927/1927 1913/1913/1913 1928/1928/1928
f 1928/1928/1928 1913/1913/1913 1902/1902/1902
f 596/596/596 576/576/576 602/602/602
f 1889/1889/1889 1919/1919/1919 1929/1929/1929
f 602/602/602 607/607/607 1005/1005/1005
f 1913/1913/1913 1927/1927/1927 1930/1930/1930
f 1925/1925/1925 1088/1088/1088 1931/1931/1931
f 1585/1585/1585 1086/1086/1086 1925/1925/1925
f 1932/1932/1932 1927/1927/1927 1928/1928/1928
f 1585/1585/1585 1925/1925/1925 1933/1933/1933
f 1934/1934/1934 607/607/607 608/608/608
f 1913/1913/1913 1911/1911/1911 1910/1910/1910
f 1891/1891/1891 1935/1935/1935 1890/1890/1890
f 1936/1936/1936 930/930/930 938/938/938
f 1911/1911/1911 1913/1913/1913 1930/1930/1930
f 1930/1930/1930 1937/1937/1937 1911/1911/1911
f 938/938/938 936/936/936 937/937/937
f 1912/1912/1912 1911/1911/1911 1915/1915/1915
f 1938/1938/1938 938/938/938 1939/1939/1939
f 1937/1937/1937 1915/1915/1915 1911/1911/1911
f 938/938/938 1938/1938/1938 1936/1936/1936
f 1930/1930/1930 1927/1927/1927 1932/1932/1932
f 1935/1935/1935 1940/1940/1940 1890/1890/1890
f 1940/1940/1940 1935/1935/1935 1941/1941/1941
f 1942/1942/1942 1943/1943/1943 1944/1944/1944
f 1944/1944/1944 1945/1945/1945 1942/1942/1942
f 1937/1937/1937 1946/1946/1946 1915/1915/1915
f 1921/1921/1921 1914/1914/1914 1920/1920/1920
f 1005/1005/1005 607/607/607 1897/1897/1897
f 1939/1939/1939 937/937/937 1947/1947/1947
f 1948/1948/1948 1949/1949/1949 1950/1950/1950
f 1950/1950/1950 1951/1951/1951 1946/1946/1946
f 1949/1949/1949 1951/1951/1951 1950/1950/1950
f 1948/1948/1948 1950/1950/1950 1952/1952/1952
f 1897/1897/1897 607/607/607 1934/1934/1934
f 1937/1937/1937 1930/1930/1930 1932/1932/1932
f 1953/1953/1953 1938/1938/1938 1939/1939/1939
f 1953/1953/1953 1939/1939/1939 1947/1947/1947
f 1947/1947/1947 937/937/937 942/942/942
f 1937/1937/1937 1954/1954/1954 1946/1946/1946
f 1947/1947/1947 942/942/942 940/940/940
f 1955/1955/1955 1937/1937/1937 1956/1956/1956
f 1937/1937/1937 1955/1955/1955 1954/1954/1954
f 1741/1741/1741 1931/1931/1931 1742/1742/1742
f 1957/1957/1957 1958/1958/1958 1959/1959/1959
f 1925/1925/1925 1931/1931/1931 1741/1741/1741
f 1759/1759/1759 1925/1925/1925 1741/1741/1741
f 1759/1759/1759 1933/1933/1933 1925/1925/1925
f 1005/1005/1005 1886/1886/1886 1004/1004/1004
f 1886/1886/1886 1005/1005/1005 1897/1897/1897
f 1960/1960/1960 1961/1961/1961 1962/1962/1962
f 1944/1944/1944 1943/1943/1943 1963/1963/1963
f 1944/1944/1944 1963/1963/1963 1964/1964/1964
f 1965/1965/1965 1955/1955/1955 1956/1956/1956
f 1952/1952/1952 1950/1950/1950 1955/1955/1955
f 1961/1961/1961 1948/1948/1948 1952/1952/1952
f 940/940/940 947/947/947 1966/1966/1966
f 1952/1952/1952 1955/1955/1955 1965/1965/1965
f 1967/1967/1967 1968/1968/1968 1969/1969/1969
f 1970/1970/1970 1596/1596/1596 1971/1971/1971
f 1972/1972/1972 1967/1967/1967 1969/1969/1969
f 1972/1972/1972 1973/1973/1973 1967/1967/1967
f 1974/1974/1974 1968/1968/1968 1967/1967/1967
f 1960/1960/1960 1975/1975/1975 1976/1976/1976
f 1966/1966/1966 1953/1953/1953 1947/1947/1947
f 1977/1977/1977 1978/1978/1978 1979/1979/1979
f 1966/1966/1966 1947/1947/1947 940/940/940
f 1980/1980/1980 1976/1976/1976 1975/1975/1975
f 1892/1892/1892 1873/1873/1873 1819/1819/1819
f 1596/1596/1596 1595/1595/1595 1971/1971/1971
f 1916/1916/1916 1890/1890/1890 1940/1940/1940
f 1976/1976/1976 1980/1980/1980 1981/1981/1981
f 1976/1976/1976 1981/1981/1981 1961/1961/1961
f 1976/1976/1976 1961/1961/1961 1982/1982/1982
f 1585/1585/1585 1760/1760/1760 1983/1983/1983
f 1983/1983/1983 1593/1593/1593 1585/1585/1585
f 1976/1976/1976 1982/1982/1982 1984/1984/1984
f 1895/1895/1895 1899/1899/1899 1912/1912/1912
f 1895/1895/1895 1912/1912/1912 1985/1985/1985
f 1914/1914/1914 1985/1985/1985 1912/1912/1912
f 1895/1895/1895 1887/1887/1887 1888/1888/1888
f 1916/1916/1916 1919/1919/1919 1893/1893/1893
f 1979/1979/1979 1779/1779/1779 1986/1986/1986
f 1985/1985/1985 1914/1914/1914 1918/1918/1918
f 1987/1987/1987 1919/1919/1919 1916/1916/1916
f 1934/1934/1934 1892/1892/1892 1897/1897/1897
f 1895/1895/1895 1985/1985/1985 1988/1988/1988
f 1988/1988/1988 1896/1896/1896 1895/1895/1895
f 1926/1926/1926 1989/1989/1989 1990/1990/1990
f 1762/1762/1762 1983/1983/1983 1760/1760/1760
f 1791/1791/1791 1892/1892/1892 1991/1991/1991
f 1992/1992/1992 1966/1966/1966 947/947/947
f 1990/1990/1990 1922/1922/1922 1926/1926/1926
f 1993/1993/1993 1983/1983/1983 1762/1762/1762
f 1994/1994/1994 1799/1799/1799 1666/1666/1666
f 1988/1988/1988 1995/1995/1995 1996/1996/1996
f 1904/1904/1904 1996/1996/1996 1997/1997/1997
f 1997/1997/1997 1996/1996/1996 1995/1995/1995
f 1998/1998/1998 1904/1904/1904 1997/1997/1997
f 1988/1988/1988 1999/1999/1999 1995/1995/1995
f 1989/1989/1989 1926/1926/1926 2000/2000/2000
f 1994/1994/1994 1992/1992/1992 1799/1799/1799
f 2001/2001/2001 1995/1995/1995 2002/2002/2002
f 1999/1999/1999 2003/2003/2003 1995/1995/1995
f 1905/1905/1905 1904/1904/1904 2004/2004/2004
f 1979/1979/1979 2005/2005/2005 1977/1977/1977
f 1791/1791/1791 1991/1991/1991 1797/1797/1797
f 2004/2004/2004 1904/1904/1904 1998/1998/1998
f 1688/1688/1688 1905/1905/1905 2006/2006/2006
f 1986/1986/1986 2005/2005/2005 1979/1979/1979
f 2004/2004/2004 2006/2006/2006 1905/1905/1905
f 2007/2007/2007 1959/1959/1959 1958/1958/1958
f 2008/2008/2008 2007/2007/2007 1958/1958/1958
f 1759/1759/1759 1741/1741/1741 1743/1743/1743
f 1908/1908/1908 1928/1928/1928 1902/1902/1902
f 1759/1759/1759 1585/1585/1585 1933/1933/1933
f 2009/2009/2009 1928/1928/1928 1908/1908/1908
f 1698/1698/1698 1673/1673/1673 1679/1679/1679
f 2010/2010/2010 2009/2009/2009 1908/1908/1908
f 1908/1908/1908 1769/1769/1769 2010/2010/2010
f 1896/1896/1896 1988/1988/1988 1996/1996/1996
f 1896/1896/1896 1996/1996/1996 1904/1904/1904
f 1760/1760/1760 1585/1585/1585 1759/1759/1759
f 1791/1791/1791 1693/1693/1693 1892/1892/1892
f 2011/2011/2011 2012/2012/2012 2013/2013/2013
f 1759/1759/1759 1772/1772/1772 1760/1760/1760
f 2014/2014/2014 2003/2003/2003 1999/1999/1999
f 1932/1932/1932 1928/1928/1928 2009/2009/2009
f 2011/2011/2011 1973/1973/1973 2012/2012/2012
f 1932/1932/1932 2009/2009/2009 2010/2010/2010
f 1932/1932/1932 2015/2015/2015 1937/1937/1937
f 1960/1960/1960 2008/2008/2008 1958/1958/1958
f 1769/1769/1769 1764/1764/1764 1909/1909/1909
f 1960/1960/1960 1976/1976/1976 2008/2008/2008
f 2010/2010/2010 1769/1769/1769 1909/1909/1909
f 696/696/696 608/608/608 691/691/691
f 2008/2008/2008 1718/1718/1718 1698/1698/1698
f 696/696/696 1934/1934/1934 608/608/608
f 1718/1718/1718 2008/2008/2008 1976/1976/1976
f 2015/2015/2015 1932/1932/1932 2010/2010/2010
f 2016/2016/2016 2015/2015/2015 2010/2010/2010
f 1909/1909/1909 2016/2016/2016 2010/2010/2010
f 1991/1991/1991 696/696/696 717/717/717
f 1760/1760/1760 1772/1772/1772 1761/1761/1761
f 1807/1807/1807 1763/1763/1763 1831/1831/1831
f 2016/2016/2016 1909/1909/1909 1929/1929/1929
f 1956/1956/1956 1937/1937/1937 2015/2015/2015
f 1965/1965/1965 1956/1956/1956 2015/2015/2015
f 1934/1934/1934 696/696/696 1991/1991/1991
f 1965/1965/1965 2015/2015/2015 2016/2016/2016
f 1880/1880/1880 2005/2005/2005 1986/1986/1986
f 1982/1982/1982 1961/1961/1961 1965/1965/1965
f 1984/1984/1984 1982/1982/1982 1965/1965/1965
f 1965/1965/1965 1961/1961/1961 1952/1952/1952
f 2017/2017/2017 1984/1984/1984 1965/1965/1965
f 2005/2005/2005 1880/1880/1880 1684/1684/1684
f 723/723/723 1808/1808/1808 717/717/717
f 2017/2017/2017 2016/2016/2016 1929/1929/1929
f 1797/1797/1797 717/717/717 1808/1808/1808
f 2017/2017/2017 1965/1965/1965 2016/2016/2016
f 1909/1909/1909 1889/1889/1889 1929/1929/1929
f 2018/2018/2018 1807/1807/1807 1876/1876/1876
f 2018/2018/2018 1803/1803/1803 1807/1807/1807
f 1797/1797/1797 1808/1808/1808 1812/1812/1812
f 1991/1991/1991 717/717/717 1797/1797/1797
f 2005/2005/2005 1034/1034/1034 1977/1977/1977
f 1014/1014/1014 1034/1034/1034 2005/2005/2005
f 2019/2019/2019 1014/1014/1014 2005/2005/2005
f 1991/1991/1991 1892/1892/1892 1934/1934/1934
f 2020/2020/2020 1919/1919/1919 2021/2021/2021
f 1892/1892/1892 1693/1693/1693 1873/1873/1873
f 1718/1718/1718 1984/1984/1984 2017/2017/2017
f 2022/2022/2022 1718/1718/1718 2017/2017/2017
f 2022/2022/2022 2023/2023/2023 1718/1718/1718
f 1929/1929/1929 2024/2024/2024 2017/2017/2017
f 2024/2024/2024 1929/1929/1929 2020/2020/2020
f 2020/2020/2020 2025/2025/2025 2024/2024/2024
f 1644/1644/1644 525/525/525 962/962/962
f 2024/2024/2024 2022/2022/2022 2017/2017/2017
f 962/962/962 525/525/525 784/784/784
f 1721/1721/1721 2026/2026/2026 1670/1670/1670
f 1872/1872/1872 1714/1714/1714 1874/1874/1874
f 1721/1721/1721 1726/1726/1726 2026/2026/2026
f 1365/1365/1365 1844/1844/1844 2027/2027/2027
f 2019/2019/2019 1829/1829/1829 1037/1037/1037
f 1929/1929/1929 1919/1919/1919 2020/2020/2020
f 2019/2019/2019 1037/1037/1037 1014/1014/1014
f 1714/1714/1714 1876/1876/1876 1874/1874/1874
f 1711/1711/1711 2028/2028/2028 2029/2029/2029
f 2028/2028/2028 2030/2030/2030 1845/1845/1845
f 1711/1711/1711 2030/2030/2030 2028/2028/2028
f 1876/1876/1876 1714/1714/1714 2018/2018/2018
f 1711/1711/1711 1713/1713/1713 2030/2030/2030
f 1919/1919/1919 1987/1987/1987 2021/2021/2021
f 2019/2019/2019 2005/2005/2005 1684/1684/1684
f 1087/1087/1087 1406/1406/1406 1088/1088/1088
f 1684/1684/1684 1842/1842/1842 2019/2019/2019
f 2018/2018/2018 1714/1714/1714 1715/1715/1715
f 1714/1714/1714 1872/1872/1872 1907/1907/1907
f 1088/1088/1088 1406/1406/1406 1845/1845/1845
f 2031/2031/2031 1714/1714/1714 1907/1907/1907
f 1842/1842/1842 1829/1829/1829 2019/2019/2019
f 1680/1680/1680 1714/1714/1714 2031/2031/2031
f 1845/1845/1845 2030/2030/2030 1088/1088/1088
f 1742/1742/1742 1088/1088/1088 2030/2030/2030
f 1666/1666/1666 1665/1665/1665 1994/1994/1994
f 1986/1986/1986 1877/1877/1877 1880/1880/1880
f 1665/1665/1665 1670/1670/1670 2026/2026/2026
f 2032/2032/2032 1678/1678/1678 1677/1677/1677
f 1994/1994/1994 1665/1665/1665 2033/2033/2033
f 1779/1779/1779 1773/1773/1773 1787/1787/1787
f 1699/1699/1699 2034/2034/2034 1697/1697/1697
f 1699/1699/1699 2035/2035/2035 2034/2034/2034
f 1984/1984/1984 1718/1718/1718 1976/1976/1976
f 2023/2023/2023 1699/1699/1699 1718/1718/1718
f 1699/1699/1699 2023/2023/2023 2035/2035/2035
f 1742/1742/1742 2030/2030/2030 1713/1713/1713
f 1722/1722/1722 2036/2036/2036 1726/1726/1726
f 2037/2037/2037 2038/2038/2038 2039/2039/2039
f 1088/1088/1088 1742/1742/1742 1931/1931/1931
f 1799/1799/1799 947/947/947 875/875/875
f 1787/1787/1787 1986/1986/1986 1779/1779/1779
f 1877/1877/1877 1986/1986/1986 1787/1787/1787
f 1799/1799/1799 1992/1992/1992 947/947/947
f 1786/1786/1786 1799/1799/1799 875/875/875
f 1715/1715/1715 1803/1803/1803 2018/2018/2018
f 2040/2040/2040 2041/2041/2041 2029/2029/2029
f 1666/1666/1666 1803/1803/1803 1667/1667/1667
f 1803/1803/1803 1715/1715/1715 1667/1667/1667
f 1667/1667/1667 1715/1715/1715 1670/1670/1670
f 1684/1684/1684 1880/1880/1880 1685/1685/1685
f 1684/1684/1684 1683/1683/1683 1842/1842/1842
f 2042/2042/2042 2040/2040/2040 2029/2029/2029
f 2038/2038/2038 2041/2041/2041 2040/2040/2040
f 2039/2039/2039 2040/2040/2040 2042/2042/2042
f 2038/2038/2038 2040/2040/2040 2039/2039/2039
f 1775/1775/1775 1783/1783/1783 1782/1782/1782
f 1847/1847/1847 2043/2043/2043 1845/1845/1845
f 1851/1851/1851 1853/1853/1853 1860/1860/1860
f 1851/1851/1851 1859/1859/1859 1852/1852/1852
f 1861/1861/1861 1852/1852/1852 1859/1859/1859
f 1856/1856/1856 1869/1869/1869 1867/1867/1867
f 2037/2037/2037 2043/2043/2043 2044/2044/2044
f 1859/1859/1859 1851/1851/1851 1860/1860/1860
f 1840/1840/1840 1867/1867/1867 1869/1869/1869
f 1939/1939/1939 938/938/938 937/937/937
f 1917/1917/1917 1914/1914/1914 1921/1921/1921
f 2002/2002/2002 1995/1995/1995 2045/2045/2045
f 1995/1995/1995 2003/2003/2003 2045/2045/2045
f 1632/1632/1632 568/568/568 1253/1253/1253
f 953/953/953 1827/1827/1827 951/951/951
f 2043/2043/2043 2028/2028/2028 1845/1845/1845
f 2029/2029/2029 2028/2028/2028 2042/2042/2042
f 1674/1674/1674 1673/1673/1673 1696/1696/1696
f 2042/2042/2042 2028/2028/2028 2043/2043/2043
f 2037/2037/2037 2042/2042/2042 2043/2043/2043
f 2039/2039/2039 2042/2042/2042 2037/2037/2037
f 1847/1847/1847 2044/2044/2044 2043/2043/2043
f 1632/1632/1632 962/962/962 568/568/568
