mtllib 014_lemon.mtl
o 014_lemon
usemtl ycb_014_lemon_material
v -0.0146120004 0.0120489998 0.000892999989
v -0.0115980003 0.0159200002 0.000144000005
v -0.0094130002 0.0150009999 0.000277000014
v -0.00959699973 0.0103249997 0.00145800004
v -0.00780500006 0.00903099962 0.00219499995
v -0.0120120002 0.00797700044 0.0022489999
v -0.0335519984 0.0140049998 0.00787500013
v -0.033059001 0.0145549998 0.00734499982
v -0.0330270007 0.0130479997 0.00769100012
v -0.0338229984 -0.000140999997 0.0193390008
v -0.0307780001 -0.00191800005 0.0176049992
v -0.0343380012 -0.00197899994 0.0221870001
v -0.0242960006 0.00162200001 0.00767999981
v -0.0203530006 0.00193000003 0.00612400007
v -0.0201580003 -9.89999971e-05 0.00772400014
v -0.0305390004 0.0167190004 0.00583099993
v -0.0323669985 0.0154069997 0.00695999991
v -0.0317559987 0.0172949992 0.00671100011
v -0.0349510014 0.00129199994 0.0195349995
v -0.0342449993 0.00245400006 0.0167740006
v -0.0327170007 0.0165769998 0.00748699997
v -0.0355559997 0.000109000001 0.0213360004
v -0.0331260003 0.0177900009 0.0079889996
v -0.021528 -0.00099900004 0.00904100016
v -0.0239749998 -0.000885999994 0.0100570004
v -0.0321119986 0.0189270005 0.00704200007
v -0.033059001 0.0187170003 0.00821399968
v -0.00603599986 0.0112150004 0.00166800001
v -0.0263180006 0.0047530001 0.00657299999
v -0.0251189992 0.00378899998 0.00639300002
v -0.0264699999 0.00378499995 0.00721399998
v -0.0311789997 0.0205620006 0.00659399992
v -0.0329650007 0.0208480004 0.00856900029
v -0.0242490005 0.00473299995 0.00550899981
v -0.0248380005 0.00615799986 0.00506500015
v -0.0280230008 0.00745199993 0.00579700014
v -0.0244839992 0.00844800007 0.00389500009
v -0.0142310001 0.00860400032 0.00207599998
v -0.014428 0.00494599994 0.00369499996
v -0.0190849993 0.0058579999 0.0036259999
v -0.0364780016 0.0031669999 0.020583
v -0.0350719988 -0.00212999992 0.0234660003
v -0.0352619998 -0.00382300001 0.0250410009
v -0.0367010012 -0.00332499994 0.0260620005
v -0.0358779989 -0.00443200022 0.0265989993
v -0.0361699983 -0.00193100004 0.02458
v -0.0346379988 0.0190730002 0.0102199996
v -0.0345509984 0.0207419991 0.0104970001
v -0.0380229987 -0.00150500005 0.0261220001
v -0.0339430012 0.0216940008 0.00997100025
v -0.0142310001 0.00860400032 0.00207599998
v -0.0179999992 0.00797899999 0.00249200012
v -0.0163039993 0.0102829998 0.00144499994
v -0.0340400003 -0.00267599989 0.0228100009
v -0.033445999 -0.00320899999 0.0231040008
v -0.0350079983 -0.00481199985 0.026393
v -0.032368999 0.0234619994 0.0088630002
v -0.0356770009 0.00405699993 0.0181479994
v -0.0219420008 0.00714300014 0.00365999993
v -0.0365570001 0.00141799997 0.0221740007
v -0.0311120003 0.0180590004 0.00603799988
v -0.0360819995 -0.00069700001 0.0240419991
v -0.0364810005 0.00028800001 0.0234350003
v -0.0299079996 0.0184080005 0.00512500014
v -0.0376010016 0.00131099997 0.0243820008
v -0.0375330001 0.000334000011 0.024766
v -0.0384109989 0.000214 0.0260359999
v -0.0255449992 0.00251300004 0.00756799988
v -0.0379250012 0.00135799998 0.0251720008
v -0.0276870001 0.021218 0.00402900018
v -0.0385090001 -0.00124600006 0.0270520002
v -0.0380139984 0.00207099994 0.0265299994
v -0.0379230008 0.00328100007 0.0229800008
v -0.0381130017 -0.00203799992 0.0268520005
v -0.0383710004 0.00514400005 0.0213190001
v -0.0367650017 0.00622199988 0.0174369998
v -0.0118009998 0.00285500009 0.00497699995
v -0.00989599992 0.003486 0.00481300009
v -0.00847600028 0.00231399992 0.00591700012
v -0.0110149998 0.000931999995 0.00661600009
v -0.0386589989 0.00679800007 0.0208669994
v -0.0388379991 0.00558499992 0.0226349998
v -0.015559 0.000205999997 0.00652199984
v -0.015621 -0.00138999999 0.00780500006
v -0.0168030001 -6.29999995e-05 0.0068529998
v -0.0316240005 -0.00431399979 0.0241780002
v -0.0334139988 -0.0050110002 0.0264989994
v -0.0308759995 -0.00460099988 0.0249489993
v -0.0190459993 -0.00200799992 0.00930400006
v -0.0183869991 -0.00132699998 0.00840300042
v -0.0379539989 0.00295399991 0.024247
v -0.0356590003 0.0065299999 0.0146190003
v -0.0311750006 -0.00475700013 0.0263550002
v -0.0334139988 -0.0050110002 0.0264989994
v -0.0308759995 -0.00460099988 0.0249489993
v -0.0215450004 -0.00247599999 0.0108740004
v -0.0378200002 0.0032889999 0.0256970003
v -0.0381230004 0.00449299999 0.0252320003
v -0.0365400016 0.00731599983 0.015718
v -0.0363459997 0.00845799968 0.0149699999
v -0.0336019993 -0.00530900015 0.0288420003
v -0.0315419994 -0.0048179999 0.0283630006
v -0.0162039995 -0.00230400008 0.00881300028
v -0.0173189994 -0.00318400003 0.0105149997
v -0.0299159996 -0.00471200002 0.0252529997
v -0.0392140001 0.00762900012 0.0241299998
v -0.0294950008 -0.00456500007 0.0276270006
v -0.0203559995 -0.00339800003 0.0119019998
v -0.0390999988 0.00716600008 0.0245609991
v -0.0151129998 -0.00301799993 0.00973900035
v -0.0299989991 0.00109599996 0.0128690004
v -0.0267810002 -0.000746999984 0.0116189998
v -0.0290890001 -0.00106299995 0.0144370003
v -0.0278099999 0.000368000008 0.0110520003
v -0.0331090018 -0.00496699987 0.0292649996
v -0.0315439999 -0.00395799987 0.0298769996
v -0.0308110006 -0.00433700019 0.0292339996
v -0.0333230011 -0.00375599996 0.0301109999
v -0.0261519998 -0.00205500005 0.0133140003
v -0.0137759997 -0.000136000002 0.00717800017
v -0.0132670002 -0.00178100006 0.00861200038
v -0.0381839983 0.00679200003 0.0194860008
v -0.0300249998 -0.00430099992 0.0294189993
v -0.011957 -0.000798000023 0.007766
v -0.0132670002 -0.00178100006 0.00861200038
v -0.0137759997 -0.000136000002 0.00717800017
v -0.0269590002 -0.00498599978 0.0295480005
v -0.0113000004 -0.002752 0.010028
v -0.0382380001 0.00851900037 0.0186889991
v -0.030785 -0.00340300007 0.0308219995
v -0.00765099982 -0.00142800005 0.0097009996
v -0.0269920006 -0.00470700022 0.030762
v -0.026873 -0.00289999996 0.0159820002
v -0.0202210005 -0.00455600023 0.0148430001
v -0.0377230011 0.0100530004 0.0163959991
v -0.0166619997 -0.00458800001 0.0127649996
v -0.0242040008 -0.00449599978 0.0188909993
v -0.0287319999 -0.00456100004 0.022109
v -0.0279009994 -0.00356599991 0.0188069995
v -0.0152059998 -0.00500999996 0.0133339996
v -0.031826999 0.00269200001 0.0129829999
v -0.0331230015 0.0030449999 0.0141860005
v -0.0235489998 -0.0056309998 0.0231129993
v -0.0248290002 -0.00526099978 0.022078
v -0.0128149996 -0.0038699999 0.0113650002
v -0.0369989984 0.0116529996 0.0135840001
v -0.0353909992 0.00844999962 0.012809
v -0.0291700009 -0.00216399995 0.0162640009
v -0.0113000004 -0.002752 0.010028
v -0.0248290002 -0.00526099978 0.022078
v -0.0214220006 -0.00597500009 0.0216150004
v -0.0235489998 -0.0056309998 0.0231129993
v -0.0173610002 -0.00724000018 0.022016
v -0.0182390008 -0.00717000011 0.0235970002
v -0.0372480005 0.0135859996 0.0135519998
v -0.0362900011 0.0123389997 0.0120069999
v -0.0156769995 0.00193799997 0.00542300008
v -0.0320230015 -0.002935 0.0207930002
v -0.0301619992 -0.00324600004 0.0193659998
v -0.0134140002 0.00149900001 0.00578799983
v -0.0156769995 0.00193799997 0.00542300008
v -0.038141001 0.0130519997 0.0160290003
v -0.0266890004 -0.00513599999 0.0252190009
v -0.0220079999 -0.00578799983 0.0251320004
v -0.014428 0.00494599994 0.00369499996
v -0.0378240012 0.0149940001 0.0148080001
v -0.0204700008 -0.00637800014 0.0251010004
v -0.0255420003 -0.00367500004 0.0177309997
v -0.0123340003 0.000474 0.00684599997
v -0.0184920002 -0.0070679998 0.0257019997
v -0.00920800027 4.50000007e-05 0.00779999979
v -0.0392379984 0.0125160003 0.0202869996
v -0.0394299999 0.00983799994 0.0230250005
v -0.0157169998 -0.00771499984 0.0258169994
v -0.0403679982 0.0146439997 0.0243980009
v -0.0210159998 -0.00609500008 0.0281440001
v -0.0273150001 0.010005 0.00456300005
v -0.022388 0.00973400008 0.0027689999
v -0.0232590009 0.0108240005 0.00273100007
v -0.0217080005 -0.00578199979 0.0303230006
v -0.0166890007 -0.0073429998 0.0282979999
v -0.0179529991 -0.00577600021 0.0159109998
v -0.0211629998 -0.00507899979 0.0175599996
v -0.0256290007 0.0140739996 0.002935
v -0.0239049997 -0.0054159998 0.0293840002
v -0.0213709995 0.0136089996 0.00153000001
v -0.0179999992 0.00797899999 0.00249200012
v -0.0146709997 -0.00585500011 0.0145819997
v -0.0164039992 -0.00616700016 0.0160080008
v -0.0122180004 -0.00556699978 0.01413
v -0.0190079994 0.0115660001 0.001514
v -0.0386280008 0.01657 0.0180409998
v -0.0239359997 -0.00512300013 0.0312529989
v -0.014277 -0.00675900001 0.0172010008
v -0.0164039992 -0.00616700016 0.0160080008
v -0.0146709997 -0.00585500011 0.0145819997
v -0.0239799991 -0.00476799998 0.0322379991
v -0.016601 -0.00711600017 0.0197219998
v -0.0179529991 -0.00577600021 0.0159109998
v -0.0207729992 0.0172700007 0.000922999985
v -0.0166299995 0.0148170004 0.000403999991
v -0.0241609998 0.0161710009 0.00217300002
v -0.0214220006 -0.00597500009 0.0216150004
v -0.040213 0.0163850002 0.0232309997
v -0.0159200002 -0.00715199998 0.0311629996
v -0.0215019993 -0.00555799995 0.031831
v -0.0262369998 0.0186669994 0.00304599991
v -0.0371010005 0.0173170008 0.0133140003
v -0.0363029987 0.0161189996 0.0117260003
v -0.0163039993 0.0102829998 0.00144499994
v -0.0355449989 0.0162209999 0.0107380003
v -0.0356790014 0.0180070009 0.0115
v -0.0218049996 -0.00496699987 0.0334290005
v -0.035854999 0.0191280004 0.0119019998
v -0.0166299995 0.0148170004 0.000403999991
v -0.0314389989 0.00571000017 0.00948899984
v -0.0306609999 0.00668000011 0.00837200042
v -0.0299539994 0.0048580002 0.00902600028
v -0.0211629998 -0.00507899979 0.0175599996
v -0.0307630002 0.00827800017 0.00750599988
v -0.0315949991 0.0102340002 0.00728000002
v -0.0292029995 0.0105569996 0.00539099984
v -0.0292930007 0.00795899983 0.0065299999
v -0.0141310003 0.0169530008 -9.40000027e-05
v -0.0112910001 0.00519300019 0.0036259999
v -0.0283090007 0.00615399983 0.00674699992
v -0.0316720009 0.00742299994 0.0087580001
v -0.0151530001 -0.00740299979 0.0220880006
v -0.0351420008 0.0222350005 0.0117589999
v -0.0326309986 0.00728099979 0.00954599958
v -0.0322609991 0.00843499973 0.00861100014
v -0.00765400007 0.00629799999 0.00358700007
v -0.0330879986 0.0104769999 0.0086009996
v -0.0336280018 0.0243289992 0.0107410001
v -0.0309800003 -0.00364200003 0.0222050007
v -0.0296909995 -0.00375799998 0.0208689999
v -0.00523700006 0.00536100008 0.00465299981
v -0.0363770016 0.0225079991 0.0140030002
v -0.0330209993 0.00453200005 0.0129129998
v -0.0315990001 0.00380000006 0.0115999999
v -0.0312980004 0.00465400005 0.0101399999
v -0.0337969996 0.00771499984 0.0105419997
v -0.0341020003 0.026354 0.0127720004
v -0.0354170017 0.0247499999 0.013572
v -0.0288280006 -0.00473499997 0.023054
v -0.0266890004 -0.00513599999 0.0252190009
v -0.0341279991 0.00693800021 0.0118209999
v -0.0383439995 0.0187049992 0.0169469994
v -0.034816999 0.00575400004 0.0138790002
v -0.0380639993 0.0218480006 0.0176170003
v -0.0345770009 0.00935900025 0.0106790001
v -0.0396820009 0.0191610008 0.0215680003
v -0.0381360017 0.0238029994 0.0192210004
v -0.0373149998 0.0246660002 0.0173289999
v -0.0351479985 0.0141789997 0.00971799996
v -0.0339160003 0.012441 0.00875000004
v -0.0365439989 0.0266539995 0.0170370005
v -0.0337990001 0.00963400025 0.0095309997
v -0.0376040004 0.0274030007 0.0210200008
v -0.0269949995 0.00171900005 0.0091380002
v -0.0262059998 0.001437 0.00867999997
v -0.0261250008 0.000483000011 0.00965700019
v -0.0279690009 0.00171999994 0.00965599995
v -0.0280370004 0.00428800005 0.00785200018
v -0.0283870008 0.00263800006 0.00901800022
v -0.0292969998 0.00293800002 0.00973299984
v -0.0293799993 0.00465400005 0.00852499995
v -0.0264509991 0.00281199999 0.00807300024
v -0.030514 0.00361000001 0.0106229996
v -0.0300459992 0.00242700009 0.0110020004
v -0.0294279996 0.0117729995 0.00521299988
v -0.0299200006 0.0151469996 0.00504900003
v -0.0310190003 0.014432 0.00592199992
v -0.0287139993 0.0165020004 0.00427799998
v -0.0271119997 0.0198839996 0.00350399991
v -0.0345040001 0.0148820002 0.00887699984
v -0.034026999 0.0162690002 0.00881899986
v -0.0386639982 0.000234000006 0.0275699999
v -0.0368259996 -0.0037789999 0.0281869993
v -0.0352899991 -0.00511100003 0.0277520008
v -0.0350079983 -0.00481199985 0.026393
v -0.0352899991 -0.00511100003 0.0277520008
v -0.0359289981 -0.00438700011 0.0289890002
v -0.0368259996 -0.0037789999 0.0281869993
v -0.0367919989 -0.00363099994 0.0289329998
v -0.0341779999 -0.00513699977 0.0290590003
v -0.0358280018 -0.00398299983 0.0297929998
v 0.00972600002 0.00943799969 0.0113340002
v 0.00857499987 0.00712299999 0.0124040004
v 0.00867999997 0.0083689997 0.0109719997
v -0.00918000005 -0.0043250001 0.0130409999
v -0.0122180004 -0.00556699978 0.01413
v -0.0128149996 -0.0038699999 0.0113650002
v 0.00413900008 -0.000112000002 0.0319389999
v 0.00333600002 -0.00108299998 0.028562
v 0.00589800021 0.00101200002 0.0303479992
v 0.0116450004 0.0086439997 0.0156150004
v -0.00966999959 -0.00544199999 0.0149429999
v 0.00679699983 0.00153100002 0.0291620009
v -0.00862300023 -0.00362899993 0.0120660001
v -0.0104639996 -0.00664999988 0.0179420002
v -0.00848899968 -0.00579199987 0.0169990007
v -0.00761299999 -0.00475799991 0.0144659998
v -0.011345 -0.00728899986 0.0203000009
v -0.00576000009 -0.00150799996 0.0106459996
v 0.000864000001 -0.00230000005 0.0323330015
v 0.001422 -0.00132200005 0.0346149988
v -0.00187000004 -0.00371500012 0.0329070017
v -0.00505399983 -0.00467099994 0.0171140004
v -0.00168500002 -0.00200599991 0.0373470001
v -0.00914600026 -0.00679800007 0.0199180003
v -0.00488399994 -0.00326699996 0.0138910003
v -0.00693000015 -0.00616999995 0.0197390001
v -0.00248000002 -0.00249599991 0.0148250004
v -0.0071589998 -0.00046499999 0.00869899988
v 0.00468399981 0.000943000021 0.0344329998
v -0.013239 -0.00768999988 0.0240599997
v -0.00381499995 -0.00468500005 0.0187839996
v -0.013491 -0.00801100023 0.0265970007
v -0.012809 -0.00796800014 0.0268210005
v -0.00564600015 0.00132100005 0.00753699988
v 0.000700999983 -0.001453 0.0167239998
v -0.00314099994 -0.00317099993 0.0363060012
v -0.0038960001 0.000925 0.00875400007
v -0.0109219998 -0.00737100001 0.0226869993
v 0.00479400018 0.00215500011 0.0370590016
v -0.000742000004 0.000146999999 0.0120400004
v -0.00436000014 -0.00541200023 0.0227819998
v -0.00896700006 -0.007216 0.0230390001
v 0.00545699988 0.000737000024 0.0260129999
v 0.006697 0.001621 0.0246830005
v 0.00789500028 0.00248100003 0.0274240002
v -0.00267100008 -0.00423600012 0.0195470005
v -0.000334000011 -0.000770999992 0.0138699999
v -0.00670100003 -0.00660699978 0.0235469993
v 3.00000011e-06 -0.00307899993 0.0222399998
v 0.011647 0.00742299994 0.0201099999
v 0.0107580004 0.00623500021 0.0200169999
v 0.0119340001 0.00813900027 0.0170380007
v -0.0100870002 -0.00740800006 0.0258939993
v 0.0134810004 0.0104729999 0.0179450009
v 0.00333099999 0.00295799994 0.0117269997
v -0.00757300016 -0.00688799983 0.0278459992
v 0.00182400004 0.000975999981 0.013514
v 0.00158799998 -0.00133200001 0.0183680002
v 0.0132590001 0.00969300047 0.0205380004
v -0.00465000002 -0.00583800022 0.0281019993
v -0.00259299995 0.00394599978 0.0064249998
v -0.00223500002 -0.00477400003 0.0259259995
v 0.00984300021 0.00501199998 0.0216819998
v 0.00883099996 0.00354900002 0.023426
v 0.0084429998 0.00346700009 0.0203740001
v 0.0101049999 0.00457100011 0.0249710009
v 0.0116429999 0.00647999998 0.0240739994
v 0.0115029998 0.00645999983 0.0225520004
v 0.0042150002 0.000859999971 0.0171140004
v -0.00201599998 0.00723200012 0.00468500005
v 0.000436000002 0.00362300011 0.00860499963
v 0.000188000005 0.00514699984 0.00707100006
v -0.000274999999 0.00634100009 0.00590500003
v 0.00472299987 0.0021540001 0.0146230003
v -0.0132170003 -0.00754099991 0.0292830002
v -0.00163499999 0.00968100037 0.00346400007
v 0.000934000011 0.0083130002 0.00517100003
v 0.0110379998 0.00553700002 0.0262080003
v 0.0108770002 0.00544800004 0.0267099999
v -0.011837 -0.00728800008 0.0301600005
v 0.00994800031 0.00431799982 0.0283540003
v -0.00983399991 -0.00744700013 0.0279140007
v 0.0130099999 0.00816300046 0.0259000007
v 0.00135899999 0.00556199998 0.00734499982
v 0.00450999988 0.000176000001 0.0207029991
v 0.00350799994 0.00713799987 0.00730000017
v 0.0141869998 0.00960899983 0.0242519993
v -0.0073119998 -0.00663200021 0.0295199994
v 0.00231399992 0.0108909998 0.00450599985
v 0.00238399999 0.0093299998 0.00537900021
v -0.00598399993 -0.00515600014 0.0339870006
v -0.00815800019 -0.00604399992 0.0325840004
v 0.00387499994 0.00831899978 0.00676100003
v 0.00387399993 0.00963000022 0.00612400007
v 0.00685200002 0.00224200008 0.0196529999
v -0.0137109999 -0.00698099984 0.0325869992
v -0.0157239996 -0.00692899991 0.0322900005
v 0.00106799998 0.00288400007 0.00985999964
v -0.0112150004 -0.00664300006 0.033245001
v 0.00378899998 0.00484600011 0.00958400033
v 0.0153590003 0.0113279996 0.0253219996
v -0.0126630003 -0.00617399998 0.0353819989
v -0.0100849997 -0.00601000013 0.0348200016
v -0.0155830001 -0.00616900017 0.034926001
v 0.00585500011 0.00908800028 0.00792699959
v -0.0119789997 -0.00532899983 0.0368480012
v 0.000922999985 -0.002783 0.0261220001
v 0.00588800013 0.00417299988 0.0126459999
v 0.00842699967 0.00301999995 0.0289999992
v 0.00792200025 0.0028609999 0.0303189997
v 0.0071589998 0.00260000001 0.0331810005
v -0.00462599983 -0.00489400001 0.0332930014
v -0.00242000003 -0.00472099986 0.0287459996
v 0.000258999993 -0.00319500011 0.0282269996
v 0.00842900015 0.00348099996 0.0322940014
v 0.00627300004 0.00282200007 0.0157910008
v 0.00796900038 0.00454200013 0.0153339999
v 0.0059580002 0.00626800023 0.0103839999
v 0.00641799998 0.00693000015 0.0100109996
v 0.00540299993 0.00785200018 0.00833600014
v 0.00724499999 0.00344599993 0.0357199982
v 0.0039619999 -0.000538000022 0.0247310009
v 0.0070369998 0.00561900018 0.0122710001
v 0.00872199982 0.00460899994 0.0337839983
v 0.00751500018 0.00829300005 0.00976200029
v -0.00811900012 -0.00498999981 0.0361110009
v 0.00618600007 0.00325300009 0.0374419987
v -0.0105130002 -0.00533099985 0.0366970003
v 0.00570800016 0.000913000025 0.0223360006
v 0.00276300008 0.00111800001 0.0380100012
v 0.0070369998 0.00219199993 0.0221519992
v -0.00765400007 -0.00376300002 0.0385800004
v -0.00449099997 -0.00282899989 0.0381449983
v 0.00765200006 0.00457500014 0.0372110009
v 0.00880900025 0.00515099987 0.036107
v 0.0115719996 0.00667600008 0.0303230006
v 0.0101659996 0.0050280001 0.0311629996
v 0.00684799999 0.00277299993 0.0180009995
v 0.00874199998 0.00450300006 0.0171189997
v 0.0143309999 0.0101429997 0.0279569998
v 0.0129580004 0.00833300035 0.0314249992
v 0.0141470004 0.0102249999 0.0317349993
v 0.014831 0.0111509999 0.0290719997
v 0.01523 0.0119970003 0.0322399996
v 0.0158719998 0.0125050005 0.0292119998
v 0.00939000025 0.0053770002 0.034527
v 0.0110769998 0.00680200011 0.0341270007
v 0.00970000029 0.00577299995 0.0356540009
v 0.00943700038 0.00605499977 0.0368210003
v 0.0105440002 0.00698800012 0.0362470001
v 0.012108 0.0083689997 0.0348270014
v 0.0125160003 0.00956800021 0.0358039998
v 0.012844 0.0104040001 0.0367349982
v 0.0159719996 0.0138790002 0.0333600007
v 0.0140110003 0.0119460002 0.0360150002
v 0.0153999999 0.0138360001 0.0348349996
v -0.0238910001 0.0225450005 0.00235099997
v 0.00037200001 0.0375920013 0.00500900019
v 0.00116500002 0.0333199985 0.0038970001
v -0.00142300001 0.0349810012 0.00367100001
v -0.0210159998 0.0197369996 0.00101000001
v -0.029197 0.0225809999 0.00549500016
v -0.00317499996 0.0411299989 0.00601800019
v -0.00236000004 0.0370620005 0.00405200012
v -0.0169840008 0.0195700005 0.000125000006
v -0.0210549999 0.0264960006 0.00204099994
v -0.0205610003 0.021675 0.001116
v -0.0258830003 0.0254689995 0.00413100002
v -0.0284359995 0.0248370003 0.005779
v -0.0230199993 0.0266040005 0.00291400007
v -0.00414500013 0.0394480005 0.00488399994
v -0.0181920007 0.0243749991 0.000623000029
v -0.0169840008 0.0195700005 0.000125000006
v 0.001804 0.0388999991 0.00610999996
v -0.0246050004 0.0277709998 0.00421900023
v -0.0234060008 0.0307410005 0.00489100022
v -0.0224210005 0.0297630001 0.00373400003
v -0.0306819994 0.0233159997 0.00713199982
v -0.0310200006 0.0248179995 0.00814600009
v -0.0133250002 0.0199859999 -0.000226000004
v -0.00814700034 0.0415310003 0.00620900001
v -0.00805599988 0.0384580009 0.00447400007
v -0.0101359999 0.0408409983 0.00596500002
v -0.00694000022 0.0413080007 0.00584999984
v -0.00600899989 0.0431310013 0.00733899977
v -0.0279099997 0.0268290006 0.0062330002
v -0.0188120008 0.0289639998 0.00194800005
v -0.0297079999 0.0258210003 0.00731300004
v -0.0153799998 0.0280620009 0.000798000023
v -0.0298689995 0.0278110001 0.00860199984
v -0.00502400007 0.0435389988 0.00763999997
v -0.0141860005 0.0227729995 -0.000157000002
v -0.0118669998 0.0231229998 -0.000161999997
v -0.00805300009 0.0437679999 0.00820500031
v -0.00974499993 0.043575 0.00826799963
v -0.0140239997 0.0253330003 7.6999997e-05
v -0.00680699991 0.0435030013 0.00800300017
v -0.0260749999 0.0293329991 0.00604100013
v -0.0183780007 0.0312959999 0.0027650001
v -0.00964699965 0.0239289999 3.40000006e-05
v -0.0251729991 0.0305770002 0.00619800016
v -0.0141860005 0.0227729995 -0.000157000002
v -0.0194579996 0.0300580002 0.00260100001
v -0.0267990008 0.0300110001 0.00703499978
v -0.006819 0.0451399982 0.00968100037
v -0.0149119999 0.0257750005 0.000176999994
v -0.0281450003 0.0289249998 0.00759499986
v -0.0149119999 0.0257750005 0.000176999994
v -0.00544299977 0.0444130003 0.00842900015
v -0.0258900002 0.0310050007 0.0071899998
v -0.0207059998 0.0311600007 0.0036820001
v -0.0222360007 0.0312840007 0.00467099994
v -0.0293390006 0.0305799991 0.0100189997
v -0.0194450002 0.0313199982 0.00333500002
v -0.0273219999 0.0314989984 0.00852700043
v -0.020947 0.0330759995 0.0048179999
v -0.00115100003 0.0410020016 0.00655600009
v -0.0187049992 0.0331239998 0.00360499998
v -0.00106000004 0.0423500016 0.00770399999
v -0.00719100004 0.0203070007 6.00000021e-06
v -0.00608799979 0.0181060005 0.000112000002
v -0.0257869996 0.031998001 0.00765200006
v -0.0248850007 0.0330529995 0.00729099987
v -0.0220989995 0.0329210013 0.0052240002
v 0.00124699995 0.0403230004 0.00702999998
v -0.00554399984 0.0170859993 0.000315000012
v 0.000222999995 0.0413709991 0.007522
v -0.0237140004 0.0340939984 0.00688100001
v -0.0225009993 0.034740001 0.00677700015
v -0.0216310006 0.0338970013 0.00561100012
v -0.0216199998 0.0351300016 0.00631800015
v -0.00211600005 0.0445149988 0.00918400008
v 0.000109000001 0.0434000008 0.00885699969
v -0.0120970001 0.0319229998 0.001636
v -0.0108120004 0.0293220002 0.000716999988
v -0.0153799998 0.0280620009 0.000798000023
v 0.00295899995 0.0421359986 0.00918500032
v -0.0032540001 0.0131590003 0.00173899997
v -0.0315040015 0.0271349996 0.0100910002
v -0.00253699999 0.0174889993 0.000974999974
v -0.0167939998 0.0339049995 0.00326999999
v -0.0167939998 0.0339049995 0.00326999999
v -0.0178520009 0.0345660001 0.00400000019
v -0.0329449996 0.0286710002 0.0128499996
v -0.000637000019 0.0160259996 0.00188800006
v 0.000304999994 0.0447119996 0.0102019999
v -0.0169799998 0.0357940011 0.00477200001
v -0.00399699993 0.0213539992 0.000311000011
v -0.0123509998 0.0335660018 0.00239200005
v -0.0162879992 0.0402520001 0.00795899983
v -0.0175260007 0.0390379988 0.00763199991
v -0.0187279992 0.0387310013 0.00805599988
v -0.000945999986 0.019971 0.00117900001
v -0.0184840001 0.0425009988 0.0115019996
v -0.0158660002 0.0420419984 0.00937100034
v -0.00964100007 0.020335 -0.000127000007
v -0.0103639998 0.0332029983 0.0022760001
v -0.00968100037 0.0306509994 0.00115100003
v -0.0209890008 0.0391819999 0.0098679997
v -0.0220010001 0.0403460003 0.011744
v -0.0275250003 0.0331030004 0.00990900025
v -0.0287670009 0.0350969993 0.0131710004
v -0.0322370008 0.0323139988 0.0150690004
v -0.0355940014 0.0272630006 0.0157270003
v -0.00762599986 0.0231509991 -0.000134999995
v -0.0179929994 0.0441780016 0.0130719999
v -0.0135960001 0.0351230018 0.00321200001
v -0.0136500001 0.0441780016 0.0102270003
v -0.0346879996 0.0289949998 0.0157389995
v -0.00441299984 0.0238470007 0.000456000009
v -0.00971699972 0.0266229995 0.000276000006
v -0.013026 0.040936999 0.00706999982
v -0.0152979996 0.0361480005 0.00433599995
v -0.0152979996 0.0361480005 0.00433599995
v -0.0360389985 0.0299880002 0.0198110007
v -0.0132020004 0.0370300002 0.00401999988
v -0.011434 0.0444540009 0.00962099992
v -0.013026 0.040936999 0.00706999982
v -0.0115909996 0.0364109986 0.00341399992
v -0.0136500001 0.0441780016 0.0102270003
v -0.00887900032 0.0368440002 0.00351399998
v -0.00763700018 0.0247109998 2.80000004e-05
v -0.0330480002 0.0341250002 0.0189730003
v -0.0198669992 0.0341540016 0.00503400015
v -0.0305739995 0.0346850008 0.0149750002
v -0.0196959991 0.0348520018 0.00523799984
v -0.00612200005 0.0264720004 0.000684000028
v -0.0257329997 0.0338610001 0.00868299976
v -0.0247610006 0.0353639983 0.0089990003
v -0.0183639992 0.0358100012 0.00540099991
v -0.0200980008 0.0359040014 0.00646700012
v -0.0227569994 0.0365110002 0.00856699981
v -0.00745399995 0.0292460006 0.00118899997
v -0.00794799998 0.0452819988 0.00986399967
v -0.0111990003 0.046337001 0.0122539997
v -0.00422899984 0.02623 0.00101000001
v -0.00222499995 0.0249710009 0.00103699998
v -0.0165880006 0.0369010009 0.00559799979
v -0.0256110001 0.0357259996 0.0101100001
v 0.00120199996 0.0224210005 0.00197799993
v -0.0148839997 0.0375179984 0.00501199998
v -0.0167120006 0.0376130007 0.00614900002
v -0.0160029996 0.0383509994 0.00640300009
v -0.0244030003 0.0373769999 0.0105290003
v -0.0252730008 0.0374369994 0.0114139998
v -0.0215770006 0.0362659991 0.0074339998
v -0.0225889999 0.0387809984 0.0107850004
v -0.01987 0.036855001 0.00708100013
v -0.0205600001 0.042764999 0.0132090002
v -0.0246719997 0.0393089987 0.0126090003
v -0.00482999999 0.0310580004 0.001651
v -0.00145900005 0.0287749991 0.00187000004
v 0.000518999994 0.0253149997 0.00179699995
v -0.0219320003 0.0393449999 0.0109890001
v -0.0185969993 0.0369720012 0.006757
v -0.00893899985 0.0322169997 0.00184299995
v -0.0216770004 0.043827001 0.0155520001
v -0.0210309997 0.0432320014 0.0142989997
v -0.0224760007 0.0419679992 0.0137609998
v -0.0274270009 0.0378229991 0.0141690001
v -0.0181409996 0.0461050011 0.0156479999
v -0.0261020008 0.0396860018 0.0146789998
v -0.00742200017 0.0342009999 0.00228099991
v -0.0297849998 0.0369139984 0.0164349992
v -0.0148839997 0.0375179984 0.00501199998
v -0.0269249994 0.0401469991 0.0166900009
v -0.00413799984 0.0328680016 0.00232600002
v -0.000618999999 0.0310219992 0.00260800007
v 0.00299900002 0.0296069998 0.00335299992
v -0.00302499998 0.0320009999 0.00245500007
v -0.0239170007 0.0414539985 0.0145500004
v -0.0225060005 0.0410539992 0.0129009997
v -0.0131289996 0.0468799993 0.0136829996
v -0.0242720004 0.0427730009 0.0172680002
v 0.00128500001 0.0307609998 0.00309000001
v -0.00671199989 0.0355959982 0.00285600009
v -0.011434 0.0444540009 0.00962099992
v -0.0111990003 0.046337001 0.0122539997
v -0.0212420002 0.0378049985 0.0087670004
v -0.0103740003 0.0482789986 0.015017
v -0.0147249997 0.0471929982 0.0152519997
v -0.0112119997 0.0483569987 0.0154950004
v -0.00361200003 0.0460820012 0.0108040003
v -0.00677599991 0.0470150001 0.012561
v -0.0120169995 0.0381609984 0.00446300022
v -0.00997199956 0.0384819992 0.00433100015
v -0.0145450002 0.0393740013 0.00639999984
v -0.0131789995 0.0383380018 0.00489800004
v -0.0145450002 0.0393740013 0.00639999984
v -0.0078499997 0.0483219996 0.0149389999
v -0.0103740003 0.0482789986 0.015017
v -0.00548900012 0.0496550016 0.0179140009
v -0.0078499997 0.0483219996 0.0149389999
v -0.00771699985 0.0505549982 0.020614
v -0.00190100004 0.0471739992 0.0130420001
v 0.000950000016 0.0466490015 0.0135939997
v 0.00288100005 0.0447419994 0.0119869998
v -0.00301100011 0.0484220013 0.0152049996
v -0.00487599988 0.0358479992 0.00333600002
v -0.000493999978 0.0474620014 0.014281
v -0.00548900012 0.0496550016 0.0179140009
v 0.000777999987 0.0488750003 0.0184809994
v -0.00290700002 0.0497259982 0.0188859999
v -0.00301100011 0.0484220013 0.0152049996
v 0.000777999987 0.0488750003 0.0184809994
v 0.0132729998 0.0213309992 0.0098980004
v 0.0115419999 0.0229649991 0.00824599992
v 0.012503 0.0241299998 0.0088449996
v 0.0141589995 0.0217330009 0.0106530003
v 0.0138079999 0.0225159992 0.010311
v 0.0191140007 0.0198250003 0.0283250008
v 0.0186480004 0.0181430001 0.0255910009
v 0.0191569999 0.0202600006 0.0246249996
v 0.0127140004 0.0330139995 0.0119169997
v 0.0121020004 0.0334479995 0.0112549998
v 0.0129239997 0.0347089991 0.0138919996
v 0.013723 0.0236569997 0.0101229995
v -0.000738999981 0.0132409995 0.00242100004
v 0.00879400037 0.024433 0.00584599981
v 0.00847500004 0.0262899995 0.00571900001
v 0.0102030002 0.0243340004 0.00686600013
v 0.0109240003 0.0275010001 0.0077180001
v 0.0180450007 0.0168239996 0.0268060006
v 0.0177839994 0.0162020009 0.0284989998
v 0.0182739999 0.0184450001 0.0295080002
v 0.0119209997 0.0253199991 0.00819199998
v 0.0131240003 0.0263199992 0.00962099992
v 0.00242500007 0.0152749997 0.00311799999
v 0.0106239999 0.0368809998 0.0126109999
v 0.0115759997 0.0349170007 0.0122210002
v 0.0104289996 0.0350739993 0.0110729998
v 0.0121449996 0.0267680008 0.00862499978
v 0.0096049998 0.0366000012 0.0109400004
v 0.0195550006 0.0212479997 0.0283109993
v 0.00372299994 0.010574 0.00551000005
v 0.0127299996 0.0361230001 0.0147259999
v 0.0024939999 0.0317910016 0.0041459999
v 0.00421900023 0.0304799993 0.0041459999
v 0.00383300008 0.0324600004 0.0047269999
v 0.00546000013 0.0316140018 0.00487199984
v 0.00666800002 0.0321770012 0.00596099999
v 0.00586999999 0.0300830007 0.00467699999
v 0.00712999981 0.0306829996 0.00563400006
v 0.0059489999 0.0112220002 0.00679400004
v 0.0137909995 0.0361809991 0.0168839991
v 0.0135700004 0.0317450017 0.012809
v 0.00551299984 0.01535 0.00457300013
v 0.0119200004 0.0107589997 0.0131430002
v 0.0129840001 0.0116579998 0.0142369997
v 0.00646300009 0.0129930004 0.00637800014
v 0.0176149998 0.0167759992 0.0322469994
v 0.016973 0.0143520003 0.029879
v 0.0180190001 0.0175000001 0.0313519984
v 0.0154889999 0.0158179998 0.015323
v 0.0138349999 0.0134589998 0.0141160004
v 0.0133950002 0.0152070001 0.0118699996
v 0.0159770008 0.0176730007 0.0148170004
v 0.0150520001 0.0179249998 0.0130319996
v 0.0167730004 0.0165500008 0.0346489996
v 0.0141669996 0.0315329991 0.0137189999
v 0.0143219996 0.0294889994 0.0127020003
v 0.0153630003 0.0315070003 0.0152230002
v 0.0158949997 0.0291859992 0.0146730002
v 0.00402199989 0.0171239991 0.00352800009
v 0.0161169991 0.0217129998 0.0138760004
v 0.0145589998 0.0199730005 0.0118009998
v 0.0165660009 0.0210219994 0.0149729997
v 0.015079 0.0164119992 0.0375249982
v 0.0152009996 0.0231599994 0.0125320004
v 0.0143579999 0.0341229998 0.0166219994
v 0.0176229998 0.0188420005 0.0339509994
v 0.00263800006 0.0202539992 0.00268599996
v 0.0161169991 0.0305259991 0.0157580003
v 0.0152080003 0.0244399998 0.0123530002
v 0.00558400014 0.0181910004 0.00399600016
v 0.0176010001 0.0241340008 0.0163330007
v 0.0154929999 0.0331120007 0.0170770008
v 0.00706599979 0.0158070009 0.00560100004
v 0.010369 0.0289789997 0.00772800017
v 0.00922700018 0.0297669992 0.00691800006
v 0.00975800026 0.0302109998 0.00781400036
v 0.0192120001 0.0209500007 0.0312829986
v 0.0186899994 0.0196419992 0.0320320018
v 0.0106370002 0.0306480005 0.00857399963
v 0.0122039998 0.0296860002 0.00971500017
v 0.0191140007 0.0198250003 0.0283250008
v 0.0163809992 0.0318779983 0.0177599993
v 0.0195289999 0.0223900005 0.0306809992
v 0.00506199989 0.0199510008 0.00360399997
v 0.0169409998 0.0331799984 0.0192699991
v 0.0173320007 0.0305979997 0.0192089994
v 0.0125550004 0.0312869996 0.0109400004
v 0.00818299968 0.0187839996 0.00565400021
v 0.0189139992 0.0215429999 0.0327199996
v 0.0138010001 0.0253960006 0.0106950002
v 0.0178360008 0.0211430006 0.0345729999
v 0.00839400012 0.0115959998 0.00821600016
v 0.0159290005 0.035007 0.0187609997
v 0.0148719996 0.035193 0.0180270001
v 0.00903000031 0.010338 0.0100670001
v 0.00811500009 0.0136820003 0.0070679998
v 0.0191610008 0.0214610007 0.0229669996
v 0.0184519999 0.0190639999 0.0230669994
v 0.0116499998 0.0385599993 0.015191
v 0.00959799998 0.0379029997 0.0119359996
v 0.0196150001 0.0222699996 0.0249959994
v 0.0195860006 0.0240170006 0.0240320005
v 0.00968599971 0.0132010002 0.00843599997
v 0.0196439996 0.0222079996 0.0265209991
v 0.0104679996 0.0112309996 0.0105060004
v 0.010063 0.0390230007 0.0131780002
v 0.0087059997 0.0414669998 0.0138029996
v 0.0112239998 0.0406389982 0.0170840006
v 0.0108150002 0.0130960001 0.00980299991
v 0.0178319998 0.0278009996 0.0180559997
v 0.0197059996 0.0229250006 0.0283700004
v 0.00444999989 0.0444139987 0.0130939996
v 0.00547200022 0.042431999 0.0119829997
v 0.014498 0.0123629998 0.0168420002
v 0.0196170006 0.0247499999 0.0269789994
v 0.00548199983 0.0444450006 0.0145300003
v 0.00680899993 0.042950999 0.0138499998
v 0.00967700034 0.0173359998 0.0069459998
v 0.01504 0.0118819997 0.0207640007
v 0.0107349996 0.0150459995 0.00852499995
v 0.0074740001 0.0434399992 0.0156570002
v 0.0150450002 0.0130000003 0.0177679993
v 0.0191019997 0.0263979994 0.0228090007
v 0.0183349997 0.0274710003 0.0194799993
v 0.0181980003 0.0288999993 0.0230299998
v 0.0096140001 0.0419959985 0.0162909999
v 0.0192959998 0.0250889994 0.0228439998
v 0.0155549999 0.0150499996 0.016477
v 0.0121409995 0.0176500008 0.00904900022
v 0.00387999997 0.0459549986 0.0165289994
v 0.0167580005 0.0176090002 0.0168249998
v 0.0189180002 0.0283109993 0.0249719992
v 0.0110360002 0.0191190001 0.00788700022
v 0.00990699977 0.0192779992 0.00706599979
v 0.0176919997 0.0303440001 0.0206010006
v 0.0179689992 0.0299839992 0.0226540007
v 0.00608599978 0.0449570008 0.0178009998
v 0.00777000003 0.0436520018 0.0183189996
v 0.0158910006 0.0151190003 0.0184250008
v 0.00973599963 0.0423059985 0.0177759994
v 0.0172390006 0.0192649998 0.0173860006
v 0.0191660002 0.0276190005 0.0257029999
v 0.0088200001 0.0428950004 0.0194049999
v 0.0131449997 0.017128 0.010524
v 0.0172339994 0.0176439993 0.0201469995
v 0.0180159993 0.0216339994 0.0182530005
v 0.00705899997 0.045003999 0.0194540005
v 0.0153689999 0.0119000003 0.0228300001
v 0.0136240004 0.0190329999 0.0104830004
v 0.0178100001 0.0321579985 0.0238179993
v 0.0180970002 0.0313149989 0.0247389991
v 0.0168030001 0.0144610004 0.0226259995
v 0.00870900042 0.0438430011 0.0213830005
v 0.00836099964 0.0438719988 0.020792
v 0.00836099964 0.0438719988 0.020792
v 0.00705899997 0.045003999 0.0194540005
v 0.00723800017 0.0450749993 0.0205920003
v 0.00705699995 0.0450769998 0.0213130005
v 0.00760400016 0.0447960012 0.0229139999
v 0.00843700022 0.0444820002 0.0239879992
v 0.00650299992 0.0457470007 0.0225920007
v 0.00351800001 0.0223009996 0.00318800006
v 0.00227100006 0.0260680001 0.00242600008
v 0.0146129997 0.0363930017 0.0185790006
v 0.0131360004 0.0376610011 0.0176049992
v 0.0197059996 0.0229250006 0.0283700004
v 0.0193610005 0.0256350003 0.0296400003
v 0.0189769994 0.0258610006 0.0313519984
v 0.0173959993 0.0163989998 0.0221769996
v 0.0195550006 0.0212479997 0.0283109993
v 0.00408999994 0.0244570002 0.00324800005
v 0.01358 0.0379690006 0.0195710007
v 0.014641 0.0377559997 0.0209350009
v 0.0170869995 0.035397999 0.0211110003
v 0.0196170006 0.0247499999 0.0269789994
v 0.0176570006 0.0189849995 0.0211110003
v 0.00566300005 0.0237199999 0.00404699985
v 0.00752899982 0.0219100006 0.00475799991
v 0.0161789991 0.0370520018 0.0214150008
v 0.0182419997 0.0245730001 0.0332279988
v 0.0168110002 0.036355 0.0216279998
v 0.00406999979 0.0265190005 0.00337100006
v 0.0177640002 0.0232779998 0.0350419991
v 0.0172760002 0.0354809985 0.0220190007
v 0.00623399997 0.0254439991 0.00460600015
v 0.0191350002 0.027671 0.0305550005
v 0.00887500029 0.0223779995 0.00563899986
v 0.0179919992 0.0227949992 0.0173649993
v 0.0189319998 0.0300489999 0.0277110003
v 0.0180140007 0.0330130011 0.0262560006
v 0.0124690002 0.0392539985 0.0189089999
v 0.00507399999 0.0285790004 0.00394400023
v 0.0181339998 0.0322679989 0.02905
v 0.0189340003 0.0300619993 0.0295410007
v 0.0189319998 0.0300489999 0.0277110003
v 0.0184230004 0.0215130001 0.0208110008
v 0.0189139992 0.0295139998 0.0304509997
v 0.0114569999 0.0408079997 0.0184419993
v 0.0186829995 0.0234949999 0.0206770003
v 0.0176759996 0.0327210017 0.0305369999
v 0.0122199999 0.0401670001 0.0191990007
v 0.0134020001 0.0390670002 0.0197650008
v 0.0184000004 0.0262279995 0.0188149996
v 0.0137740001 0.0397629999 0.019932
v 0.0192389991 0.0288629998 0.0290910006
v 0.0192389991 0.0288629998 0.0290910006
v 0.0105079999 0.0418310016 0.0183959994
v 0.00997199956 0.0423789993 0.0190970004
v 0.0108770002 0.0420130007 0.0190270003
v 0.0115940003 0.0417460017 0.0192729998
v 0.0179030001 0.0263240002 0.017461
v 0.0126029998 0.0418009982 0.0197209995
v 0.0134009998 0.0417260006 0.0202120002
v 0.0139739998 0.0383430012 0.0205010008
v 0.0112749999 0.0218620002 0.00771099981
v 0.0145279998 0.0387349986 0.0220699999
v 0.0142289996 0.0389430001 0.0211319998
v 0.0148250004 0.038451001 0.0223619994
v 0.014277 0.0397350006 0.0207100008
v 0.00557899987 0.0334420018 0.00567799993
v 0.0123060001 0.0195739996 0.00915700011
v 0.0143170003 0.0407159999 0.0209810007
v 0.0121550001 0.0204479992 0.00868100021
v 0.00313100009 0.0357809998 0.00529199978
v 0.0170179997 0.0365560018 0.0239109993
v 0.0160949994 0.0378190018 0.0233789999
v 0.0165909994 0.0378069989 0.0249349996
v 0.00978699978 0.0429080017 0.0201239996
v 0.00300200004 0.0377580002 0.00616199989
v 0.0111039998 0.0430230014 0.020211
v 0.0171130002 0.0145779997 0.0278040003
v 0.00414300011 0.0352169983 0.00566799985
v 0.0107389996 0.0437269993 0.0210670009
v 0.00966800004 0.0439280011 0.0217819996
v 0.00642400002 0.0369069986 0.00782600045
v 0.0118260002 0.0436230004 0.021094
v 0.0132229999 0.0202639997 0.00983600039
v 0.0131320003 0.0425029993 0.020544
v 0.00405400014 0.0369810015 0.00674299989
v 0.0115489997 0.0440139994 0.0220100004
v 0.0055610002 0.0378980003 0.0081989998
v 0.012294 0.0436929986 0.0220049992
v 0.0134380003 0.0426720008 0.0216489993
v 0.00870900042 0.0438430011 0.0213830005
v 0.00884300005 0.0442240015 0.0233549997
v 0.00966800004 0.0439280011 0.0217819996
v 0.0108759999 0.044199001 0.0228509996
v 0.0115489997 0.0440139994 0.0220100004
v 0.00775599992 0.0322819985 0.00647199992
v 0.0104470002 0.0440910012 0.0250240006
v 0.012011 0.0438820012 0.0237019993
v 0.012294 0.0436929986 0.0220049992
v 0.00900499988 0.0309679992 0.00727700023
v 0.0117199998 0.0434679985 0.0252790004
v 0.00982499961 0.0326999985 0.0086930003
v 0.0146190003 0.0401370004 0.0219129995
v 0.0148109999 0.0398639999 0.0237370003
v 0.0147470003 0.041131001 0.0235389993
v 0.00650099991 0.0354029983 0.00728899986
v 0.0149809998 0.0392649993 0.0243120007
v 0.00864799973 0.0355339982 0.00899699982
v 0.0139429998 0.0417210013 0.0211800002
v 0.00788300019 0.0369409993 0.0088849999
v 0.0143449996 0.0423110016 0.0242030006
v 0.0145629998 0.0400299989 0.0247549992
v 0.0138229998 0.0405209996 0.0259210002
v 0.0145629998 0.0400299989 0.0247549992
v 0.0140779996 0.0407240018 0.0251819994
v 0.0143449996 0.0423110016 0.0242030006
v 0.0130350003 0.0417729989 0.025843
v 0.00984899979 0.0344269983 0.00972799957
v 0.0147749996 0.0395679995 0.0252739992
v 0.0147749996 0.0395679995 0.0252739992
v 0.0150509998 0.0393790007 0.0276120007
v 0.0137609998 0.0427960008 0.0243820008
v 0.0143449996 0.0423110016 0.0242030006
v 0.0123749999 0.0427789986 0.0256159995
v 0.0138649996 0.0425279997 0.0249230005
v 0.0138649996 0.0425279997 0.0249230005
v 0.00397699978 0.0398800001 0.00810999982
v 0.00329299993 0.0454629995 0.013545
v 0.00488700019 0.0384580009 0.00807499979
v 0.00746699981 0.0385029987 0.00986399967
v 0.00838399958 0.0380120017 0.0100429999
v 0.00233800011 0.0467739999 0.0154529996
v 0.00307599991 0.0409910008 0.0084739998
v 0.00482999999 0.0396119989 0.008715
v 0.00710600009 0.0395479985 0.0100800004
v 0.00420199987 0.0407840014 0.00942299981
v 0.00170400005 0.0482180007 0.0178629998
v 0.00403100019 0.0422299989 0.0101770004
v 0.00510400021 0.0413039997 0.0104329996
v 0.00361500005 0.0466069989 0.0176110007
v 0.00310499989 0.0479380004 0.0192649998
v 0.00361500005 0.0466069989 0.0176110007
v 0.00170400005 0.0482180007 0.0178629998
v 0.00471699983 0.0467440002 0.0188229997
v 0.00608599978 0.0449570008 0.0178009998
v -0.00117199996 0.04978 0.0213779993
v 0.00150599994 0.0488310009 0.0210480001
v 0.00535500003 0.0465900004 0.0200410001
v 0.00358300004 0.0475980006 0.0211980008
v 0.00842399988 0.0390559994 0.0112450002
v 0.00510600023 0.0466860011 0.0214699991
v 0.0088200001 0.0405899994 0.0130110001
v 0.0070290002 0.0406539999 0.0110990005
v 0.0177280009 0.0332200006 0.0216920003
v 0.0111400001 0.0321739987 0.00970400032
v 0.0106459996 0.0331959985 0.0101079997
v 0.0180140007 0.0330130011 0.0262560006
v 0.0171799995 0.0369010009 0.0260850005
v 0.0174729992 0.0348969996 0.0289140008
v 0.0171799995 0.0369010009 0.0260850005
v 0.0169610009 0.0359940007 0.0291549992
v 0.0166919995 0.0378330015 0.0268099997
v 0.0166919995 0.0378330015 0.0268099997
v -0.0388949998 0.00080899999 0.029228
v -0.0383149981 0.00280499994 0.0279220007
v -0.0384519994 0.0022499999 0.0293940008
v -0.0314389989 0.0130669996 0.0461109988
v -0.0285560004 0.0153339999 0.0484500006
v -0.0309229996 0.0159239992 0.0470120013
v -0.0347520001 0.0160029996 0.0439319983
v -0.0330619998 0.0196649991 0.0452900007
v -0.0343649983 0.0182290003 0.0441810004
v -0.0381149985 0.00390599994 0.0265340004
v -0.0383960009 0.00405600015 0.0277190004
v -0.0381279998 0.00385600002 0.0290140007
v -0.0335320011 0.0100980001 0.0427450016
v -0.0309050009 0.00719199982 0.0434270017
v -0.0282729995 0.00691099977 0.045961
v -0.0390859991 0.00577200018 0.0269610006
v -0.0330619998 0.0196649991 0.0452900007
v -0.0349919982 0.0214879997 0.0427189991
v -0.0343649983 0.0182290003 0.0441810004
v -0.0395850018 0.0074959998 0.0269569997
v -0.0273170006 0.000116000003 0.0407579988
v -0.0265110005 0.00132499996 0.0431459993
v -0.0286669992 0.000937999983 0.0404970013
v -0.0272359997 0.00242200005 0.0435010009
v -0.0333600007 0.0151899997 0.0450630002
v -0.0390830003 0.00601600017 0.0278229993
v -0.0254880004 0.000476999994 0.0430300012
v -0.0264689997 -0.00118200004 0.0393199995
v -0.0380249992 0.00511599984 0.0299839992
v -0.0224810001 -0.00176000001 0.0414489992
v -0.0384429991 0.0161179993 0.0375940017
v -0.0388140008 0.0132900001 0.0346449986
v -0.0369240008 0.0134340003 0.0396290012
v -0.0312370006 0.0179760009 0.0470120013
v -0.0377679989 0.00434699981 0.0312450007
v -0.0250780005 0.000968999986 0.0439440012
v -0.0221480001 -0.000523999974 0.0435740016
v -0.0389040001 0.00815699995 0.0307250004
v -0.0218649991 0.000449000014 0.0448979996
v -0.0233079996 0.00125800003 0.0451189987
v -0.0374879986 0.00446699979 0.0325030014
v -0.0386900008 0.0175320003 0.0372789986
v -0.039698001 0.0184439998 0.0322020017
v -0.0396229997 0.0164650008 0.0323549993
v -0.0391490012 0.0150650004 0.0343049988
v -0.0303969998 0.0044689998 0.0414309986
v -0.0303390007 0.00101500005 0.0388190001
v -0.0293060001 0.00275500002 0.0414390005
v -0.0380689986 0.00694999984 0.0335320011
v -0.0388740003 0.00902799983 0.0322429985
v -0.0397950001 0.0174269993 0.0308500007
v -0.0288929995 0.0175749995 0.0482770018
v -0.0349159986 -0.00362699991 0.0305400006
v -0.039760001 0.0203189999 0.0322870016
v -0.0401070006 0.0196829997 0.0292230006
v -0.0369159989 -0.00271599996 0.0297369994
v -0.0366190001 -0.002049 0.0304320008
v -0.0377600007 -0.00196200004 0.0296240002
v -0.038054999 -0.00137700001 0.0299389996
v -0.0356030017 -0.003486 0.0304339994
v -0.0369159989 -0.00271599996 0.0297369994
v -0.0311650001 0.00606200006 0.0419260003
v -0.0315879993 0.0217330009 0.0460599996
v -0.0282760002 0.00445199991 0.044156
v -0.0366190001 -0.002049 0.0304320008
v -0.034421999 -0.00186700001 0.0319730006
v -0.0375059992 -0.000730000029 0.0308110006
v -0.0363989994 8.49999997e-05 0.0314459987
v -0.0370730013 0.00139500003 0.0316269994
v -0.0263209995 0.00414799992 0.0456990004
v -0.0351939984 1.49999996e-05 0.0319259986
v -0.0383399986 0.000676999975 0.0306349993
v -0.0380840003 0.00223099999 0.0308999997
v -0.0387100019 0.000869999989 0.0301910006
v -0.0295960009 0.019808 0.047832001
v -0.0365130007 0.00136700005 0.0319930017
v -0.029871 0.0220810007 0.0472100005
v -0.0372870006 0.00277699996 0.031812001
v -0.0363989994 8.49999997e-05 0.0314459987
v -0.0243989993 0.00406400021 0.0467250012
v -0.0213130005 0.00190200005 0.0462660007
v -0.0365130007 0.00136700005 0.0319930017
v -0.0336959995 -0.00144200004 0.0328719988
v -0.0345770009 0.000793999992 0.0329510011
v -0.039012 0.0202849992 0.0354969986
v -0.0265229996 0.0119479997 0.0489719994
v -0.0264819991 0.00882599968 0.0480910018
v -0.0252219997 0.0109160002 0.0493870005
v -0.0362869985 0.00224000006 0.0328829996
v -0.0343619995 -0.00309500005 0.0311370008
v -0.0320679992 -0.00329099991 0.0306310002
v -0.0327659994 -0.00252599991 0.0320670009
v -0.0333900005 -0.002201 0.032345999
v -0.0309149995 -0.00266400003 0.0328960009
v -0.038141001 0.0170450006 0.0386390015
v -0.0377480015 0.0188159999 0.0393760018
v -0.0322870016 -0.00159700005 0.0340379998
v -0.0380759984 0.0214709993 0.0377789997
v -0.0332649983 -0.00102900004 0.0336900018
v -0.0302670002 0.0104999999 0.0459930003
v -0.025897 0.00599899981 0.047185
v -0.0309369992 -0.00122600002 0.0363529995
v -0.0304160006 -0.00162 0.0361809991
v -0.0249690004 0.0142940003 0.0500550009
v -0.0362260006 0.0220430009 0.0407559983
v -0.0367030017 0.0193670001 0.0409500003
v -0.0376130007 0.00354499999 0.0315809995
v -0.0208100006 0.0106269997 0.0507219993
v -0.0237489995 0.00834500045 0.0491920002
v -0.0362869985 0.00224000006 0.0328829996
v -0.0219710004 0.0112290001 0.0505129993
v -0.0338120013 0.00140499999 0.0349479988
v -0.0242359992 0.0127309998 0.0500870012
v -0.0359300002 0.0029829999 0.0340950005
v -0.0228819996 0.00690399995 0.0489230007
v -0.0313029997 -0.000707999978 0.0365759991
v -0.0213639997 0.00522600021 0.0483880006
v -0.0397219993 0.0239000004 0.0277309995
v -0.0398899987 0.0215429999 0.0307
v -0.0394809991 0.0231999997 0.0321060009
v -0.0390480012 0.0246459991 0.0327760018
v -0.0389590003 0.0258380007 0.0294150002
v -0.032412 2.20000002e-05 0.0359200016
v -0.0220309999 0.0136559997 0.0509519987
v -0.034159001 0.002691 0.0357199982
v -0.0327979997 0.00232099998 0.0366469994
v -0.0207829997 0.00797300041 0.049860999
v -0.0400980003 0.0113709997 0.025688
v -0.0405969992 0.013944 0.0276650004
v -0.031707 0.00264999992 0.0380689986
v -0.0387750007 0.0225269999 0.0353059992
v -0.0400220007 0.0101119997 0.0278820004
v -0.0269729998 0.018894 0.0493119992
v -0.0374340005 0.00543399993 0.0338330008
v -0.0359300002 0.0029829999 0.0340950005
v -0.0381430015 0.0250959992 0.0353950001
v -0.0364309996 0.00438700011 0.0346920006
v -0.037041001 0.00621999986 0.0351939984
v -0.0255660005 0.0176509991 0.0499790013
v -0.0364309996 0.00438700011 0.0346920006
v -0.0344970003 0.00433900021 0.0366020016
v -0.0408179983 0.0169210006 0.0256319996
v -0.0359609984 0.00730999978 0.0373280011
v -0.0359609984 0.00730999978 0.0373280011
v -0.0378810018 0.0274289995 0.0324800014
v -0.0342639983 0.00592799997 0.0381149985
v -0.0408670008 0.0161279999 0.0272649992
v -0.0366819985 0.00820599962 0.0369829983
v -0.040169999 0.0189769994 0.0237850007
v -0.0257239994 0.0207020007 0.0497209989
v -0.0408219993 0.0178169999 0.0261189993
v -0.0322769992 0.00411200011 0.0380109996
v -0.0365809985 0.0299290009 0.0319189988
v -0.0371799991 0.0291269999 0.0282450002
v -0.0397769995 0.0122389998 0.0306829996
v -0.0238860007 0.0191409998 0.0506010018
v -0.0232250001 0.0150990002 0.0508010015
v -0.0261870008 -0.00356200011 0.032846
v -0.0368000008 0.0285270009 0.0344009995
v -0.0278629996 -0.00317799998 0.0329230018
v -0.0293729994 -0.00283299992 0.0337909982
v -0.0182460006 0.0145279998 0.051752001
v -0.0401879996 0.0156070003 0.0291130003
v -0.0244229995 -0.00329799997 0.0346649997
v -0.0251989998 -0.00290399999 0.0358580016
v -0.0269389991 -0.00255999994 0.0360100009
v -0.0291670002 -0.00227000006 0.0355399996
v -0.0376770012 0.0103820004 0.0360529982
v -0.0222360007 0.0173530001 0.0511040017
v -0.0199260004 -0.00459299982 0.036355
v -0.0371069983 0.0250579994 0.0375300013
v -0.0206819996 0.0187229998 0.0514900014
v -0.0399230011 0.0179949999 0.0304669999
v -0.0407419987 0.0181809999 0.0273650009
v -0.040355999 0.0205290001 0.0267370008
v -0.021373 -0.00357099995 0.0375530012
v -0.0246399995 -0.00255000009 0.0376330018
v -0.0367400013 0.0273090005 0.0362670012
v -0.0331560001 0.0228840001 0.0442660004
v -0.0276100002 -0.000758000009 0.0393080004
v -0.0327170007 0.0254340004 0.0436000004
v -0.0330730006 0.0276720002 0.0417409986
v -0.0345119983 0.0255399998 0.0414119996
v -0.0390169993 0.0233360007 0.0215269998
v -0.0357399993 0.0278360005 0.0376910008
v -0.0396329984 0.0213719998 0.0231880005
v -0.0315879993 0.0217330009 0.0460599996
v -0.0399149992 0.0215520002 0.0247159991
v -0.0214980002 -0.00241099996 0.0406679995
v -0.0396040007 0.0240809992 0.0255219992
v -0.0309619997 0.0241279993 0.0457179993
v -0.0347829983 0.0303959996 0.0366350003
v -0.0386320017 0.0248959996 0.0215780009
v -0.0293790009 0.0276439991 0.0452300012
v -0.0195250008 -0.00238099997 0.0416800007
v -0.037845999 0.0279859994 0.0234559998
v -0.0355449989 0.00965199992 0.0397629999
v -0.0366819985 0.00820599962 0.0369829983
v -0.0276800003 0.022171 0.0484590009
v -0.0280499998 0.024402 0.0475689992
v -0.0330949984 0.0293710008 0.0403270014
v -0.0319250003 0.00589299994 0.0404770002
v -0.0325689986 0.00675799977 0.0408580005
v -0.0389790013 0.0259789992 0.0261230003
v -0.0306020007 0.028616 0.0436300002
v -0.0350730009 0.0123100001 0.042332001
v -0.0369240008 0.0134340003 0.0396290012
v -0.0368730016 0.030181 0.0260269996
v -0.028678 0.0312360004 0.0440770015
v -0.0365470015 0.0146570001 0.0407669991
v -0.0268370006 0.0287219994 0.0468819998
v -0.0360150002 0.0153959999 0.042098999
v -0.0360150002 0.0153959999 0.042098999
v -0.0365470015 0.0146570001 0.0407669991
v -0.0273230001 0.029747 0.0460829996
v -0.0340479985 0.0135660004 0.0441199988
v -0.0355000012 0.0169200003 0.0429890007
v -0.0333580002 0.0121409995 0.0442290008
v -0.0243909992 0.0241739992 0.0497100018
v -0.0261320006 0.0261969995 0.0482780002
v -0.0231819991 0.0225629993 0.0505400002
v -0.0209289994 0.0233420003 0.0512039997
v -0.0190440007 0.0216370001 0.0518659987
v -0.0187740009 0.0189629998 0.0519700013
v -0.0367660001 0.0165919997 0.041108001
v -0.0355000012 0.0169200003 0.0429890007
v -0.0357920006 0.0187209994 0.0422369987
v -0.0247060005 0.0283620004 0.0482789986
v -0.0185199995 0.0260630008 0.0515629984
v -0.0211929996 0.0259809997 0.0506540015
v -0.0220699999 0.0279600006 0.0498020016
v -0.0225140005 0.0294780005 0.0490759984
v -0.0187149998 0.0294550005 0.0506480001
v -0.0165550001 0.0276590008 0.0517099984
v -0.033468999 0.0316670015 0.0373019986
v -0.0315920003 0.033160001 0.0387159996
v -0.0384650007 -0.00101600005 0.0282199997
v -0.0367919989 -0.00363099994 0.0289329998
v -0.0383469984 -0.00129299995 0.0292830002
v -0.00849399995 0.0185059998 0.0526750013
v -0.0113549996 0.016996 0.0526820011
v -0.0089499997 0.0146819996 0.0523610003
v -0.0184279997 -0.00503800018 0.0364589989
v 4.6000001e-05 -0.000234000006 0.0389389992
v -0.01578 -0.00553299999 0.0367770009
v 0.00441699987 0.00346700009 0.0402069986
v -0.0173010007 -0.00443399977 0.0384779982
v 0.00900700036 0.0176250003 0.0453470014
v 0.00720700016 0.0162809994 0.0466969982
v 0.00620200019 0.0146369999 0.0468860008
v 0.000300999993 0.0138280001 0.0498629995
v -0.00154900004 0.0119070001 0.0497249998
v 0.00268799998 0.0136900004 0.0487710014
v -0.0192360003 -0.00376200001 0.0384210013
v 0.000720000011 0.00972000044 0.0478090011
v -0.002354 0.00158599997 0.0427520014
v -0.00411600014 -0.000877999992 0.0409919992
v -0.00188700005 -0.000475999987 0.0400799997
v -0.0157709997 -0.00471800007 0.0384109989
v 0.00223300001 0.002783 0.0412020013
v -0.0155889997 -0.00369499996 0.0401640013
v -0.0143259997 -0.00543199992 0.0371639989
v -0.0137970001 -0.00466600014 0.038745001
v -0.00431700004 0.014556 0.0513850003
v -0.00623599999 0.0150979999 0.0520149991
v -0.00653500017 0.0122210002 0.0513309985
v -0.00534299994 0.00256199995 0.0452320017
v -0.00848899968 -0.000821999973 0.0429369994
v -0.0123800002 -0.00485000014 0.0383189991
v -0.00469900016 0.0172169991 0.0521179996
v -0.00679600006 0.002415 0.0455549993
v 0.00464199996 0.0176219996 0.0487600006
v 0.00325100007 0.0146300001 0.0488100015
v 0.00641900022 0.0195690002 0.0482719988
v -0.00322300009 0.0169040002 0.0516790003
v -0.00400099996 0.0191140007 0.0521450005
v -0.0134579996 -0.00300200004 0.0413840003
v -0.0117809996 -0.00410899986 0.0395149998
v -0.00188500003 0.0151660005 0.0509659983
v 0.005626 0.0192850009 0.0486910008
v -0.000870999997 0.00449999981 0.0447399989
v -0.0174390003 -0.00334500009 0.0404830016
v 0.0106149996 0.0199100003 0.0443740003
v -0.00301100011 0.00480300002 0.0460110009
v -0.0183649994 -0.001193 0.0436270013
v 0.00194500003 0.0166250002 0.0499799997
v 0.00232099998 0.0202399995 0.0501369983
v -0.0157810003 -0.00263600005 0.0419199988
v -0.0148360003 -0.00197699992 0.0429029986
v 0.00140099996 0.00587899983 0.0445129983
v 0.00320799998 0.00516299997 0.042541001
v 0.00482300017 0.0205959994 0.0491820015
v -0.00101999997 0.0175609998 0.0512589999
v 0.00337999989 0.00710499985 0.0443099998
v 0.00118599995 0.00896999985 0.0470950007
v -0.0127739999 -0.00193000003 0.0424860008
v -0.0175999999 0.0091819996 0.0506910011
v -0.0182739999 0.0112309996 0.0512179993
v -0.00985000003 -0.0024029999 0.0414730012
v -0.0180380009 0.00641199993 0.0494740009
v -0.0158169996 0.00490000006 0.0488220006
v -0.0146920001 0.0071899998 0.0500219986
v -0.0118490001 -0.000551000005 0.044156
v -0.0164720006 0.0109339999 0.0513219982
v -0.0143820001 0.00958300009 0.0510019995
v -0.002141 0.0205409992 0.0518320017
v -0.0114639997 0.00661000004 0.0496169999
v -0.0124519998 0.0039710002 0.0481670015
v -0.00944599975 0.006635 0.049341999
v -3.09999996e-05 0.0202079993 0.0512260012
v -0.0074169999 -0.00282100006 0.0400360003
v -0.0121050002 0.00862199999 0.0505909994
v -0.0145770004 0.0146439997 0.0521089993
v -0.01719 0.0173489992 0.0521829985
v -0.000895000005 0.0214269999 0.0515279993
v 0.00411699992 0.0230030008 0.0495419987
v -0.0123330001 0.0119669996 0.0517380014
v -0.00942100026 0.0106260004 0.05119
v -0.0104590002 0.0146730002 0.0523689985
v -0.011709 0.00292899995 0.0472749993
v -0.00796100032 0.00526899984 0.0481240004
v 0.00568500021 0.00455400022 0.0402069986
v 0.00742299994 0.00558200013 0.0388489999
v 0.00390499993 0.00361800008 0.0407989994
v -0.0185209997 0.000609999988 0.0457120016
v -0.00271499995 0.00764100021 0.0479019992
v 0.00541700004 0.00583299994 0.0417690016
v -0.0196320005 0.00380600011 0.0478870012
v 0.00691899983 0.0057000001 0.0400060005
v -0.0049709999 0.00953199994 0.0498309992
v -0.0163759999 0.00301999995 0.0476410016
v -0.0162749998 0.00138799998 0.0463859998
v -0.0176400002 0.00332899997 0.0476819985
v -0.0153949996 0.0215540007 0.0525339991
v -0.0132219996 0.0196989998 0.0527729988
v -0.00369399996 0.0108660003 0.0500579998
v -0.0133090001 0.0213169996 0.0527190007
v 0.00804600026 0.00680200011 0.0400089994
v 0.00938700046 0.00748800021 0.0388710015
v -0.00870800018 0.00945200026 0.050613001
v 0.00911299977 0.00889500044 0.0408729985
v 0.00777499983 0.00812400039 0.0417830013
v 0.011589 0.00965599995 0.0377679989
v 0.0106349997 0.010125 0.0397309996
v -0.00870000012 0.0216320008 0.0526989996
v 0.0105480002 0.0119089996 0.0412250012
v 0.0117969997 0.0108859995 0.0386690013
v 0.0127339996 0.0121940002 0.0385730006
v -0.00592399994 0.02159 0.0525549985
v -0.0120200003 0.0240620002 0.0524620004
v -0.0143689997 0.0258200001 0.0524110012
v 0.0136470003 0.0140890004 0.0385989994
v -0.0101319999 0.0254950002 0.0523979999
v 0.0123570003 0.0142590003 0.0405820012
v -0.0105710002 0.0273340009 0.0520690009
v 0.00656000013 0.00959399994 0.0439869985
v -0.00858400017 0.0280549992 0.0518679991
v -0.00621999986 0.0251349993 0.0522230007
v -0.00811600033 0.0263110008 0.0523280017
v 0.00683399988 0.0108930003 0.044675
v 0.0086310003 0.0114949998 0.0429119989
v 0.00355500006 0.0105140004 0.0465859994
v -0.0140770003 0.0270249993 0.0521969981
v 0.00823299959 0.0128880003 0.0443329997
v 0.0107699996 0.0156830009 0.0431570001
v 0.0125869997 0.0174230002 0.0419359989
v -0.00139600004 0.0249889996 0.0511169992
v -0.00342900003 0.0240199994 0.0518639982
v -0.0219599996 0.0453380011 0.0198749993
v -0.0241810009 0.0436629988 0.0206620004
v -0.0243749991 0.043823 0.0229620002
v -0.0100929998 0.0458070002 0.0397179984
v -0.00909299962 0.0476009995 0.0375039987
v -0.0114620002 0.0459109992 0.0392760001
v -0.0232839994 0.0447730012 0.0243679993
v -0.0214639995 0.0458329991 0.0234060008
v -0.0181339998 0.0476210006 0.0214729998
v -0.0204080008 0.0464209989 0.0202440005
v -0.00794699974 0.0471029989 0.0384650007
v -0.0255130008 0.0428010002 0.0247280002
v -0.0264079999 0.0422959998 0.0229039993
v -0.0101150004 0.0440250002 0.0414099991
v -0.00833300035 0.0459019989 0.0397920012
v -0.0363110006 0.0302959997 0.0215840004
v -0.0243580006 0.0437269993 0.0270930007
v -0.0275330003 0.0414200015 0.0269620009
v -0.0240349993 0.0441609994 0.0259310007
v -0.0339989997 0.0336970016 0.0212600008
v -0.00740499981 0.0494479984 0.0342550017
v -0.00737300003 0.0481260009 0.0367669985
v -0.006635 0.0489379987 0.0351460017
v -0.0219000001 0.0456489995 0.0258389991
v -0.0300280005 0.0323950015 0.0417359993
v -0.0316210017 0.0345899984 0.0364650004
v -0.0207700003 0.0464720018 0.027059
v -0.0290389992 0.0356420018 0.0395939983
v -0.0285080001 0.0341770016 0.0416800007
v -0.0297320001 0.036479 0.0375399999
v -0.0323030017 0.0361929983 0.0223299991
v -0.031936001 0.0352320001 0.0347919986
v -0.0294870008 0.038226001 0.0349659994
v -0.0300019998 0.0381160006 0.0195230003
v -0.0167139992 0.0486029983 0.0265679993
v -0.0300939996 0.0385430008 0.0322870016
v -0.0159409996 0.0488400012 0.0239129998
v -0.0279029999 0.0333679989 0.0430330001
v -0.036022 0.0314319991 0.0264640003
v -0.0335379988 0.0348629989 0.02403
v -0.025928 0.0351900011 0.0433499999
v -0.0281119999 0.0378130004 0.0387509987
v -0.0285090003 0.0385150015 0.0371470004
v -0.0145779997 0.0488619991 0.0197490007
v -0.0266420003 0.0406819992 0.0359719992
v -0.0137219997 0.0496149994 0.0238240007
v -0.0266759992 0.0397230014 0.0374329984
v -0.0268009994 0.0379349999 0.0399359986
v -0.0252020005 0.0328989998 0.0456099994
v -0.0249329992 0.040093001 0.0378770009
v -0.0266740005 0.0419670008 0.0286439992
v -0.0284819994 0.0404420011 0.0269830003
v -0.0280060004 0.0408909991 0.0299260002
v -0.0278140008 0.0402269997 0.0334820002
v -0.0296420008 0.0392710008 0.0298260003
v -0.0159469992 0.0489390008 0.0271349996
v -0.0273700003 0.0412749983 0.0307999998
v -0.031312 0.0373979993 0.0253999997
v -0.0306659993 0.0379979983 0.0219020005
v -0.0270440001 0.0411869995 0.0327799991
v -0.0103080003 0.0505289994 0.0257329997
v -0.0260719992 0.0424479991 0.031103
v -0.0332759991 0.0352559984 0.0279600006
v -0.0323610008 0.0363989994 0.0269089993
v -0.0239480007 0.034940999 0.0453150012
v -0.0121060004 0.0492979996 0.0190730002
v -0.00877199974 0.0506229997 0.0213040002
v -0.022806 0.0446290001 0.0280329995
v -0.0271719992 0.0366109982 0.0410539992
v -0.0319960006 0.0366830006 0.0285899993
v -0.0304429997 0.0381349996 0.0267329998
v -0.0216370001 0.0455339998 0.0286929999
v -0.0110139996 0.0502160005 0.0222539995
v -0.0236680005 0.0441289991 0.0310689993
v -0.0264250003 0.0417429991 0.0190939996
v -0.0257339999 0.0364399999 0.0426880009
v -0.0254939999 0.0375199988 0.0419239998
v -0.0205729995 0.0461639985 0.0293649994
v -0.0257580001 0.0386620015 0.0401250012
v -0.0275880005 0.0408219993 0.0203000009
v -0.0231650006 0.044137001 0.0325490013
v -0.0180120002 0.0469169989 0.0313949995
v -0.024425 0.039489001 0.0403329991
v -0.0201210007 0.0453270003 0.0334130004
v -0.0223409999 0.0396189988 0.041855
v -0.00695199985 0.0511340015 0.0239659995
v -0.0240579993 0.0427780002 0.0343349986
v -0.00646199984 0.0512299985 0.0260920003
v -0.0233510006 0.0362769999 0.0447300002
v -0.0227199998 0.0435910001 0.0345969982
v -0.023356 0.043802999 0.0185230002
v -0.0223929994 0.038217999 0.0431770012
v -0.0300500002 0.0387879983 0.0247300006
v -0.023294 0.0318709984 0.0476190001
v -0.0254810005 0.0413720012 0.035955999
v -0.0114190001 0.0500460006 0.0287139993
v -0.0282310005 0.0405780002 0.0233820006
v -0.00805999991 0.0508290008 0.0267840009
v -0.0237070005 0.0422590002 0.0363489985
v -0.0230030008 0.0344519988 0.0462759994
v -0.00693600019 0.0510019995 0.0282150004
v -0.0236310009 0.0411509983 0.0385610014
v -0.0227150004 0.0418700017 0.0385200009
v -0.0211379994 0.0370990001 0.0450120009
v -0.00540299993 0.0513060018 0.0274800006
v -0.00504400022 0.0511589982 0.0259670001
v -0.00545499986 0.051275 0.0281939991
v -0.00164399995 0.0505059995 0.0293840002
v -0.0189679991 0.0442200005 0.0369240008
v -0.0186320003 0.0378720015 0.0455689989
v -0.00584300002 0.0501950011 0.0197260007
v -0.00635500019 0.0507230014 0.0217349995
v -0.0162909999 0.0462439992 0.0345939994
v -0.0340129994 0.0337769985 0.0320670009
v -0.0207540002 0.0428070016 0.038431
v -0.0350230001 0.032207001 0.0325560011
v -0.0177960005 0.0338510014 0.0489739999
v -0.00434699981 0.0503199995 0.0217439998
v -0.011012 0.0478780009 0.0360810012
v -0.0178839993 0.0442660004 0.0381879993
v -0.0200549997 0.0423929989 0.0398159996
v -0.0178040005 0.0434090011 0.0399059989
v -0.0144180004 0.0377429985 0.0471610017
v -0.0149020003 0.045465 0.0381679982
v -0.00496000005 0.0510899983 0.0241020005
v -0.0311120003 0.037494 0.0297679994
v -0.0141820004 0.0334249996 0.0500329994
v -0.000319999992 0.049842 0.0229620002
v -0.0119709997 0.0359439999 0.0490109995
v -0.0151279997 0.0438340008 0.0406219997
v -0.0124369999 0.0462660007 0.0383949988
v -0.032017 0.0358630009 0.0327849984
v -0.0194910001 0.0320940018 0.0492939986
v -0.0138870003 0.0436279997 0.0412259996
v -0.0201999992 0.0456169993 0.0169469994
v -0.00233500008 0.0505709983 0.0254350007
v -0.0194710009 0.0466170013 0.0185720008
v -0.00246100011 0.0508270003 0.0278680008
v -0.0186420009 0.047518 0.0281659998
v -0.0165299997 0.0316059999 0.0504250005
v -0.0153930001 0.0311309993 0.0507970005
v -0.0154499998 0.0484159999 0.0306480005
v -0.0143870004 0.0475779995 0.0335110016
v -0.0210500006 0.0408120006 0.0413290001
v -0.0137419999 0.0488490015 0.0313180014
v -0.0123140002 0.0496499985 0.0298919994
v -0.0117579997 0.048475001 0.0338869989
v -0.00977800041 0.0494830012 0.0330489986
v -0.0177449994 0.0401189998 0.0439100005
v -0.0157740004 0.0417370014 0.0430260003
v -0.00849299971 0.0499569997 0.0322009996
v -0.0134150004 0.0414629988 0.0434329994
v -0.0107070003 0.0407250002 0.044927001
v -0.0126879998 0.042640999 0.0423349999
v -0.0150889996 0.0408699997 0.0441079997
v -0.00563299982 0.0508060008 0.0296780001
v -0.00602099998 0.0502110012 0.0323680006
v -0.00360299996 0.0499109998 0.0332960002
v -0.0139499996 0.0397289991 0.0453660004
v -0.0120620001 0.0383279994 0.0472400002
v -0.00877199974 0.042518001 0.0434329994
v -0.00963800028 0.0482489988 0.0356919989
v 0.0120080002 0.0415080003 0.0321060009
v 0.0109660001 0.0427399985 0.032641001
v 0.0100699998 0.0425870009 0.0346029997
v 0.0146949999 0.033427 0.0387630016
v 0.01602 0.0295870006 0.0379649997
v 0.0158750005 0.0313920006 0.0369589999
v 0.0152310003 0.0310299993 0.0391630009
v 0.0161879994 0.0332369991 0.0352099985
v 0.0130319996 0.0383419991 0.0372239985
v 0.0141719999 0.0364309996 0.0370539986
v 0.0137980003 0.038741 0.0349159986
v 0.0135779995 0.0358849987 0.0386920013
v 0.00368499989 0.0248080008 0.0496850014
v 0.0126769999 0.0370949991 0.0392590016
v 0.0150910001 0.0345880017 0.0369709991
v 0.00147400005 0.0257489998 0.0504220016
v 0.0123600001 0.0395530015 0.036683999
v 0.0160939991 0.0355749987 0.0332110003
v 0.00260100001 0.0487109981 0.0230080001
v 0.0111640003 0.0375550017 0.0401640013
v 0.0148520004 0.0307039991 0.0400689989
v 0.013851 0.0329560004 0.0405060016
v 0.00199200003 0.0271969996 0.0499680005
v 0.0138250003 0.03517 0.0391139984
v 0.00537599996 0.0271349996 0.0484919995
v 0.0076580001 0.0295460001 0.0469550006
v 0.00484099984 0.0291510001 0.0484099984
v -0.00997500028 0.0300539993 0.051465001
v -0.0067230002 0.0281869993 0.0518059991
v 0.0165679995 0.0288399998 0.0371210016
v 0.0175470002 0.0294000003 0.0349179991
v 0.00150000001 0.0493789986 0.0254939999
v 0.00176300004 0.0292750001 0.0496920012
v 0.00299099996 0.0313210003 0.0485999994
v 0.00967700034 0.0222190004 0.0460570008
v 0.00781400036 0.0212750006 0.0473680012
v 0.0127180004 0.0205380004 0.0422560014
v 0.0123610003 0.0231400002 0.0434690006
v 0.00673800008 0.0316670015 0.046728
v -0.00756300008 0.0312259998 0.0509029999
v -0.0102880001 0.0318990014 0.0508809984
v -0.00839500036 0.0438669994 0.0414239988
v -0.00530799991 0.0444310009 0.0414430015
v -0.00657700002 0.0433369987 0.042355001
v -0.00736200018 0.0452589989 0.040316999
v 0.00556300022 0.0471139997 0.0246990006
v -0.00543999998 0.0296449997 0.0510840006
v -0.00247399998 0.0431119986 0.0431950018
v -0.00124300004 0.0412850007 0.0446639992
v -0.000157000002 0.0418399982 0.0439240001
v 0.0103080003 0.0243640002 0.0458760001
v 0.00607699994 0.0217799991 0.0486150011
v 0.00910800043 0.0246789996 0.0466939993
v 0.00898400042 0.034031 0.0445780009
v 0.0116720004 0.0351440012 0.0418099985
v 0.00864300039 0.0369139984 0.0429029986
v 0.00381599995 0.0487029999 0.0272289999
v 0.0103630004 0.0379239991 0.0404190011
v 0.0105980001 0.0392419994 0.0387950018
v 0.00884899963 0.0383060016 0.0415530019
v 0.0132280001 0.0245709997 0.0425929986
v 0.0115449997 0.0265820008 0.0448120013
v 0.0058269999 0.0474050008 0.0264650006
v 0.00767799979 0.0459479988 0.0257830005
v -0.0133530004 0.0327490009 0.0503849983
v -0.00865000021 0.0342039987 0.0499520004
v -0.012174 0.0348349996 0.0495759994
v 0.0125320004 0.0267670006 0.0436719991
v -0.00881799962 0.0378130004 0.0481459983
v 0.00174900005 0.0496699996 0.027547
v 0.00142900005 0.0354040004 0.0473640002
v 0.00398699986 0.0331819989 0.0473870002
v 0.00362300011 0.0353850015 0.0466339998
v -0.00789000001 0.0358580016 0.049141001
v 0.00459499983 0.0385470018 0.0447070003
v 0.0103989998 0.0265020002 0.0457209982
v 0.00871600024 0.0316749997 0.0457139984
v 0.00613499992 0.034988001 0.0458189994
v 0.0116800005 0.0295180008 0.0440910012
v 0.00915000029 0.0292750001 0.0462200008
v 0.0103390003 0.0295579992 0.0453189984
v -0.00576000009 0.0310399998 0.0505999997
v -0.00663599977 0.0331330001 0.0501989983
v 0.00121899997 0.0335379988 0.0480290018
v 0.00167899998 0.0497049987 0.0283829998
v 0.00131700002 0.0492950007 0.0302499998
v -0.00512999995 0.0350660011 0.0490930006
v -0.00496099982 0.0330960006 0.0498909988
v 0.00726900017 0.0261840001 0.0474480018
v 0.000500999973 0.0470490009 0.0363410003
v 0.000598000013 0.0458640009 0.0382140018
v 0.001804 0.0460940003 0.0373519994
v -0.00448400015 0.0312109999 0.0502460003
v 0.00381799997 0.044679001 0.0393069983
v 0.00376400002 0.0459330007 0.0365479998
v -0.001881 0.0500000007 0.0319649987
v 9.00000014e-05 0.0373589993 0.047042001
v -0.00263600005 0.0342499986 0.0489999987
v 0.00230100006 0.039774999 0.0448740013
v 0.00152499997 0.0435290001 0.0415019989
v 0.000586999988 0.0405180007 0.0449699983
v 0.00424899999 0.0411109999 0.0429849997
v -0.0141829997 0.0292969998 0.0514339991
v -0.000253000006 0.0493529998 0.032683
v -0.013026 0.0312619992 0.050942
v -0.00253499998 0.0494740009 0.0338549986
v 0.0143130003 0.0283540003 0.0410970002
v 0.0138889998 0.0299619995 0.0416320004
v 0.00532600004 0.0399870016 0.0433119982
v -0.00488999998 0.0492589995 0.0349159986
v 0.0120740002 0.0325209983 0.0427309982
v 0.00656499993 0.0375339985 0.0441679992
v -0.00355800008 0.048785001 0.0356089994
v -4.09999993e-05 0.047975 0.0352809988
v 0.00608099997 0.0410199985 0.0419260003
v 0.00719799986 0.0383899994 0.0431110002
v 0.010973 0.0332960002 0.0434539989
v 0.00212999992 0.0470880009 0.0349849984
v 0.0030439999 0.0471380018 0.0337839983
v 0.00142400002 0.0482049994 0.0335539989
v 0.00613400014 0.0459600016 0.034217
v 0.00486999983 0.046794001 0.0319419987
v 0.0123760002 0.0362880006 0.0403200015
v 0.0163320005 0.01829 0.0366370007
v 0.0142409997 0.0182719994 0.0401690006
v 0.0155530004 0.0195909999 0.0385060012
v 0.0032850001 0.0474239998 0.0324270017
v 0.0163880009 0.0208260007 0.0368850008
v -0.00264599989 0.0272380002 0.0509219989
v -0.00212599989 0.0476929992 0.0366390012
v 0.0155959995 0.0212239996 0.0384490006
v 0.0159740001 0.0231539998 0.0384470001
v -0.00305499998 0.0295809992 0.0505839996
v -0.00446699979 0.0278629996 0.0512610003
v -0.00106200005 0.0283540003 0.0505140014
v 0.000136999995 0.0262780003 0.0506930016
v 0.0170900002 0.0250770003 0.036564
v 0.00690599997 0.0466820002 0.0281029996
v -0.00552800018 0.0478690006 0.0370719992
v 0.0139840003 0.0192070007 0.0407770015
v 0.0037779999 0.0482349992 0.0297490004
v -0.00586799998 0.0467430018 0.0388180017
v 0.0120750004 0.0183809996 0.0427680016
v 0.0139659997 0.0216400009 0.0405750014
v 0.00602399977 0.0465039983 0.0305620003
v -0.00426999992 0.0471320003 0.037765
v -0.002415 0.0461429991 0.0384970009
v -0.00418400019 0.0455680005 0.0400240012
v 0.0154029997 0.0387319997 0.0288309995
v 0.0145479999 0.0404810011 0.0304630008
v 0.0157190003 0.0375679992 0.0300309993
v 0.00949000008 0.0444919989 0.0256299991
v 0.0146009997 0.0242669992 0.0403999984
v 0.0146589996 0.0260509998 0.0405049995
v 0.0108009996 0.0436719991 0.0262720007
v 0.0107720001 0.0435950011 0.0271019991
v 0.0122959996 0.0421960019 0.0263379999
v 0.00953599997 0.0447090007 0.027098
v -0.00182300003 0.0316459984 0.0497229993
v -0.00306500006 0.0320889987 0.0498370007
v -8.9000001e-05 0.0310190003 0.0496699996
v 0.00876099989 0.0451969989 0.0281509999
v -0.00310699991 0.0441679992 0.0416919999
v -0.00421700021 0.0437199995 0.0424139984
v 0.0176940002 0.0266609993 0.0351549983
v 0.0100229997 0.0442930013 0.0289099999
v 0.0113380002 0.0434440002 0.0291290004
v 0.00800000038 0.0452720001 0.0300210007
v 0.0103289997 0.0441260003 0.0300760008
v 0.0131869996 0.0413900018 0.0267820004
v 0.0130350003 0.0417729989 0.025843
v 0.0181179997 0.0280399993 0.0339160003
v 0.0131869996 0.0413900018 0.0267820004
v 0.0144790001 0.0406129993 0.0282499995
v 0.0107720001 0.0435950011 0.0271019991
v 0.0141059998 0.0411200002 0.0283829998
v 0.0123680001 0.0425309986 0.0293419994
v 0.00311799999 0.0441409983 0.0405629985
v 0.00078599999 0.0443629995 0.040546
v -5.50000004e-05 0.045256 0.0392460003
v 0.0161429998 0.0268140007 0.0379149988
v -5.60000008e-05 0.0325420015 0.0490930006
v -0.00161100004 0.044346001 0.0413330011
v 0.0114630004 0.0431470014 0.0309459995
v 0.0113380002 0.0434440002 0.0291290004
v 0.0124249998 0.042059999 0.0306080002
v 0.0140049998 0.041170001 0.0302840006
v 0.0173460003 0.0321840011 0.0331239998
v 0.0182050001 0.0292569995 0.0327380002
v 0.0139189996 0.0403180011 0.0319949985
v 0.0143719995 0.0395749994 0.0324510001
v 0.0168890003 0.0347220004 0.031583
v 0.0168999992 0.0341529995 0.0327519998
v 0.0123680001 0.0425309986 0.0293419994
v 0.00238900003 0.0449879989 0.0396099985
v 0.0103289997 0.0441260003 0.0300760008
v 0.0130430004 0.0403460003 0.0328570008
v 0.0122229997 0.0402109995 0.0340709984
v 0.0133109996 0.0393069983 0.0347560011
v 0.00956299994 0.042222999 0.0362709984
v 0.0105959997 0.0410729982 0.0359550007
v 0.0110409996 0.0398790017 0.0375370011
v 0.00864300039 0.0445239991 0.0324289985
v 0.0103409998 0.0438579991 0.0315920003
v 0.00930400006 0.0438069999 0.0334030017
v 0.00754099991 0.0452269986 0.0314199999
v -0.0095619997 0.039836999 0.0463650003
v 0.00864300039 0.0445239991 0.0324289985
v 0.00679899985 0.0456900001 0.0339200012
v -0.00890299957 0.0392239988 0.0470289998
v 0.00779200019 0.0447980016 0.0347030014
v 0.00779200019 0.0447980016 0.0347030014
v 0.00538600003 0.044404 0.0386190005
v 0.00766699994 0.0425439999 0.0391589999
v 0.00809499994 0.0437950008 0.0363800004
v 0.00673600007 0.0442170016 0.0375780016
v -0.00741499988 0.0417319983 0.044555001
v 0.00622100011 0.0426400006 0.0402680002
v 0.0054250001 0.0433190018 0.040217001
v 0.00538600003 0.044404 0.0386190005
v -0.00144000002 0.0359099992 0.0481569991
v -0.00344499992 0.0391910002 0.0462640002
v -0.00536700012 0.0376240015 0.0477130003
v 0.00973500032 0.0407470018 0.0386420004
v -0.00220800005 0.0374960005 0.0474889986
v 0.00844100025 0.0402470008 0.0404479988
v 0.00915499963 0.0421999991 0.0375710018
v 0.00873399992 0.0418700017 0.0386650003
v -0.00533299986 0.0412960015 0.0449859984
v -0.00471400004 0.0406519994 0.0455069989
v 0.00673600007 0.0442170016 0.0375780016
v 0.00381799997 0.044679001 0.0393069983
v 0.00238900003 0.0449879989 0.0396099985
v -0.000688 0.0342429988 0.0486450009
v 0.0159569997 0.0366670005 0.0313370004
vt 0.113845997 0.658711016
vt 0.108352996 0.688172996
vt 0.122275002 0.690899014
vt 0.140830994 0.670125008
vt 0.157257006 0.671926975
vt 0.143253997 0.650223017
vt 0.871185005 0.624122977
vt 0.873970985 0.628877997
vt 0.875334024 0.619585991
vt 0.853069007 0.524251997
vt 0.876317024 0.521242976
vt 0.844017029 0.509598017
vt 0.932529986 0.56745702
vt 0.954941988 0.574425995
vt 0.95361203 0.557958007
vt 0.882332027 0.646133006
vt 0.875755012 0.63487798
vt 0.874897003 0.64459002
vt 0.845890999 0.530571997
vt 0.856536984 0.54490602
vt 0.869427979 0.639551997
vt 0.837670028 0.520098984
vt 0.86461401 0.642907977
vt 0.944787979 0.550345004
vt 0.930126011 0.549664974
vt 0.869107008 0.652336001
vt 0.861104012 0.649802983
vt 0.152006999 0.691775978
vt 0.920901 0.586394012
vt 0.928723991 0.583214998
vt 0.92049402 0.579042971
vt 0.870177984 0.663065016
vt 0.856495976 0.657926023
vt 0.934826016 0.590520978
vt 0.930290997 0.598751009
vt 0.911592007 0.602168977
vt 0.930442989 0.613936007
vt 0.982649028 0.613174021
vt 0.983394027 0.597288013
vt 0.962616026 0.602958977
vt 0.830762982 0.536248028
vt 0.834998012 0.501900971
vt 0.831387997 0.489778996
vt 0.820178986 0.490550011
vt 0.823068976 0.482735008
vt 0.825396001 0.500804007
vt 0.84850502 0.643482029
vt 0.844304979 0.651870012
vt 0.811682999 0.500276983
vt 0.846346974 0.658626974
vt 0.132510006 0.642386973
vt 0.123421997 0.631492019
vt 0.116947003 0.642651021
vt 0.84335202 0.502225995
vt 0.847820997 0.495748997
vt 0.829291999 0.479737997
vt 0.850033998 0.669722021
vt 0.842908025 0.547963977
vt 0.946871996 0.609731019
vt 0.828085005 0.525631011
vt 0.877865016 0.651224971
vt 0.82633698 0.508643985
vt 0.825542986 0.515138984
vt 0.88470602 0.657396019
vt 0.814293981 0.518648982
vt 0.815174997 0.511869013
vt 0.806096971 0.508328974
vt 0.924906015 0.57328701
vt 0.808793008 0.516624987
vt 0.888404012 0.678286016
vt 0.805621982 0.49922201
vt 0.799419999 0.517286003
vt 0.815932989 0.531697989
vt 0.810908973 0.494612992
vt 0.818194985 0.546042025
vt 0.837615013 0.560802996
vt 0.174429998 0.628515005
vt 0.178280994 0.639805019
vt 0.191569999 0.641099989
vt 0.191404 0.622780979
vt 0.816179991 0.555522978
vt 0.809512973 0.544946015
vt 0.981830001 0.56230998
vt 0.979685009 0.54974401
vt 0.973181009 0.559587002
vt 0.854529023 0.484439999
vt 0.838167012 0.475472987
vt 0.856755018 0.478561997
vt 0.958543003 0.543949008
vt 0.963203013 0.549833
vt 0.809314013 0.527283013
vt 0.854247987 0.569739997
vt 0.39746201 0.493362993
vt 0.406015992 0.484349012
vt 0.389394999 0.491035014
vt 0.942146003 0.537766993
vt 0.800574005 0.524842024
vt 0.799410999 0.532517016
vt 0.843899012 0.571215987
vt 0.84502703 0.578136027
vt 0.418639988 0.489427
vt 0.408849001 0.498766989
vt 0.974551976 0.542528987
vt 0.965108991 0.532768011
vt 0.388974994 0.499193996
vt 0.796449006 0.551006019
vt 0.398263991 0.506150007
vt 0.946870029 0.527673006
vt 0.795130014 0.548129022
vt 0.979609013 0.533882022
vt 0.890570998 0.547241986
vt 0.913525999 0.543707013
vt 0.894623995 0.534950018
vt 0.907456994 0.552510023
vt 0.420001 0.493800014
vt 0.418987989 0.503319979
vt 0.412129015 0.504724979
vt 0.427524 0.496403009
vt 0.911843002 0.532087982
vt 0.988013983 0.554642022
vt 0.989482999 0.541464984
vt 0.823148012 0.558656991
vt 0.410492986 0.509253025
vt 0.201116994 0.612082005
vt 0.202919006 0.601203024
vt 0.189254999 0.605055988
vt 0.396366 0.524800003
vt 0.220745996 0.605533004
vt 0.824523985 0.570097983
vt 0.422506988 0.511874974
vt 0.221294001 0.629891992
vt 0.404691994 0.527297974
vt 0.902715981 0.516360998
vt 0.941972017 0.509752989
vt 0.832494974 0.582262993
vt 0.964815974 0.516501009
vt 0.910238981 0.496567011
vt 0.878489971 0.488297999
vt 0.891038001 0.503714025
vt 0.972981989 0.513127983
vt 0.879927993 0.556810975
vt 0.868028998 0.55488503
vt 0.888761997 0.475782007
vt 0.897792995 0.480212003
vt 0.988749981 0.52017802
vt 0.842667997 0.596737981
vt 0.856738985 0.583944976
vt 0.889073014 0.521933019
vt 0.992375016 0.533806026
vt 0.346060991 0.518000007
vt 0.330403 0.53225702
vt 0.349564999 0.52510798
vt 0.322308987 0.558304012
vt 0.336966008 0.555426002
vt 0.838788986 0.606445014
vt 0.850142002 0.604152024
vt 0.982442021 0.578045011
vt 0.862299025 0.503982008
vt 0.875738025 0.507080019
vt 0.178718001 0.614889026
vt 0.168072999 0.613300025
vt 0.824840009 0.597662985
vt 0.373566002 0.512616992
vt 0.355484009 0.537855983
vt 0.151749 0.623890996
vt 0.828907013 0.610370994
vt 0.350005001 0.545599997
vt 0.90575999 0.505347013
vt 0.189651996 0.614706993
vt 0.34741199 0.558948994
vt 0.206129998 0.626605988
vt 0.805887997 0.585143983
vt 0.797739029 0.565600991
vt 0.339792997 0.573639989
vt 0.77829802 0.585794985
vt 0.367956012 0.548910022
vt 0.914852977 0.619719028
vt 0.942981005 0.625131011
vt 0.935616016 0.630342007
vt 0.382315993 0.551997006
vt 0.356153995 0.573943973
vt 0.952822983 0.498849988
vt 0.931343019 0.496069998
vt 0.915932 0.644194007
vt 0.385408998 0.538632989
vt 0.942901015 0.650795996
vt 0.968320012 0.62105602
vt 0.97458899 0.50178498
vt 0.961685002 0.495238006
vt 0.987491012 0.502229989
vt 0.958507001 0.643580019
vt 0.810091972 0.607333004
vt 0.396155 0.543407023
vt 0.284379005 0.573077023
vt 0.286453009 0.55715102
vt 0.270803005 0.570433021
vt 0.403053999 0.546357989
vt 0.306026995 0.559678972
vt 0.297033995 0.548648
vt 0.938894987 0.67334199
vt 0.964284003 0.669332027
vt 0.922905982 0.659802973
vt 0.919797003 0.482210994
vt 0.782956004 0.599542975
vt 0.367520005 0.581718028
vt 0.390890986 0.55764401
vt 0.906077981 0.667059004
vt 0.831520021 0.625428021
vt 0.843240023 0.623142004
vt 0.973695993 0.639037013
vt 0.849667013 0.627119005
vt 0.842941999 0.635146022
vt 0.400956005 0.559553027
vt 0.838837981 0.63856101
vt 0.0925180018 0.66356802
vt 0.888607025 0.582075
vt 0.894385993 0.589545012
vt 0.896902978 0.579155982
vt 0.309046 0.533712029
vt 0.893306017 0.600102007
vt 0.886303008 0.608995974
vt 0.901884019 0.616629004
vt 0.901349008 0.600598991
vt 0.0927750021 0.68237102
vt 0.161420003 0.640305996
vt 0.909546018 0.591162026
vt 0.886821985 0.592253029
vt 0.316343993 0.571824014
vt 0.834168971 0.655494988
vt 0.880694985 0.588361979
vt 0.883038998 0.596539021
vt 0.168457001 0.659739971
vt 0.876367986 0.605100989
vt 0.838505983 0.669972003
vt 0.863146007 0.49425599
vt 0.874261022 0.498079985
vt 0.184449002 0.667319
vt 0.822413027 0.649796009
vt 0.872066021 0.56546998
vt 0.885334015 0.566981018
vt 0.888767004 0.575116992
vt 0.87283802 0.587526977
vt 0.827142 0.677546024
vt 0.821510971 0.664812982
vt 0.874149024 0.482867002
vt 0.88213402 0.473585993
vt 0.867528021 0.579787016
vt 0.810856998 0.622995019
vt 0.860140026 0.568472028
vt 0.802312016 0.63815099
vt 0.864637971 0.59393698
vt 0.785863996 0.615350008
vt 0.790886998 0.644809008
vt 0.800499976 0.654192984
vt 0.859239995 0.619381011
vt 0.869706988 0.613552988
vt 0.799562991 0.665315986
vt 0.872503996 0.599991977
vt 0.777809024 0.660453022
vt 0.915184021 0.564063013
vt 0.920533001 0.564613998
vt 0.920377016 0.556365013
vt 0.909337997 0.562559009
vt 0.910724998 0.580352008
vt 0.907509983 0.568979025
vt 0.900963008 0.56795001
vt 0.902465999 0.579977989
vt 0.919844985 0.572193027
vt 0.891704023 0.568686008
vt 0.895277977 0.561757028
vt 0.899195015 0.626874983
vt 0.892252982 0.640823007
vt 0.886479974 0.634021997
vt 0.896127999 0.652329028
vt 0.897467017 0.672219992
vt 0.862698972 0.625620008
vt 0.862287998 0.633369029
vt 0.79895401 0.504931986
vt 0.811379015 0.481842995
vt 0.419972986 0.478073001
vt 0.414885998 0.476312995
vt 0.821721971 0.476348013
vt 0.429141998 0.479564011
vt 0.429964989 0.473446012
vt 0.434325993 0.475373
vt 0.423584014 0.486928999
vt 0.432981014 0.482867002
vt 0.235908002 0.748740971
vt 0.243612006 0.733659983
vt 0.235754997 0.739690006
vt 0.247095004 0.609495997
vt 0.254202992 0.587652981
vt 0.228784993 0.593850017
vt 0.345694005 0.701260984
vt 0.328866005 0.692056
vt 0.33909899 0.713086009
vt 0.260565996 0.75582099
vt 0.261085987 0.602325022
vt 0.330240011 0.716956019
vt 0.237050995 0.617007971
vt 0.280981988 0.596736014
vt 0.273575991 0.609073997
vt 0.257344007 0.617272973
vt 0.298848003 0.590734005
vt 0.230869994 0.637193978
vt 0.348535001 0.680122018
vt 0.360897988 0.685882986
vt 0.354602993 0.661984026
vt 0.272680014 0.630459011
vt 0.376789987 0.674587011
vt 0.293906003 0.604744971
vt 0.252395004 0.635002971
vt 0.290041 0.618054986
vt 0.259763986 0.65020901
vt 0.215476006 0.634966016
vt 0.358213007 0.708751023
vt 0.324281991 0.584803998
vt 0.280701995 0.637615979
vt 0.338687986 0.587170005
vt 0.338409007 0.593060017
vt 0.208289996 0.650291979
vt 0.267924011 0.669354975
vt 0.372601986 0.661534011
vt 0.219246 0.656475008
vt 0.311632991 0.597881019
vt 0.371542007 0.713953018
vt 0.240814999 0.66731298
vt 0.302827001 0.637395978
vt 0.310180992 0.609130979
vt 0.315310001 0.706863999
vt 0.30913201 0.714932978
vt 0.32159701 0.727900028
vt 0.285604 0.645918012
vt 0.253017008 0.667569995
vt 0.310541987 0.621936977
vt 0.296815991 0.664876997
vt 0.28410399 0.758387983
vt 0.284835011 0.748557985
vt 0.268754005 0.756106973
vt 0.326775014 0.605629981
vt 0.272065014 0.773186982
vt 0.240329996 0.695770025
vt 0.333673 0.619984984
vt 0.250970989 0.684140027
vt 0.276656002 0.673312008
vt 0.286181003 0.773126006
vt 0.332354993 0.638243973
vt 0.202737004 0.672950029
vt 0.318506986 0.650869012
vt 0.29350999 0.740531981
vt 0.302363008 0.730023026
vt 0.288010001 0.727374971
vt 0.310869008 0.742250979
vt 0.304793 0.755967021
vt 0.297363013 0.753723025
vt 0.272358 0.695339024
vt 0.187044993 0.686205029
vt 0.219453007 0.685536981
vt 0.208878994 0.688907981
vt 0.201177999 0.691392004
vt 0.256606013 0.699735999
vt 0.353859007 0.593182027
vt 0.175786003 0.699590981
vt 0.193608001 0.704766989
vt 0.316206992 0.751047015
vt 0.318664014 0.750068009
vt 0.353493005 0.602600992
vt 0.327217013 0.742739975
vt 0.339273989 0.609027028
vt 0.316895992 0.771124005
vt 0.211285993 0.696348011
vt 0.289371997 0.695946991
vt 0.212261006 0.710970998
vt 0.305620015 0.779605985
vt 0.343632013 0.624938011
vt 0.187531993 0.720179975
vt 0.196421996 0.715062976
vt 0.364836007 0.640205026
vt 0.362551987 0.625733018
vt 0.208012 0.717612028
vt 0.202065006 0.72180301
vt 0.283605009 0.713626981
vt 0.371131003 0.597128987
vt 0.374945998 0.587014019
vt 0.229387999 0.684598029
vt 0.367938995 0.611123979
vt 0.227879003 0.705263019
vt 0.310541987 0.793452024
vt 0.382699013 0.608685017
vt 0.375474006 0.620570004
vt 0.388734013 0.59412998
vt 0.213349998 0.730028987
vt 0.389883995 0.615947008
vt 0.318273991 0.674274981
vt 0.246352002 0.712597013
vt 0.329614997 0.731043994
vt 0.335844994 0.727285028
vt 0.350627005 0.72348398
vt 0.358720988 0.647937
vt 0.333867013 0.653383017
vt 0.328767002 0.671218991
vt 0.347178996 0.734636009
vt 0.26373601 0.710933983
vt 0.26126799 0.724673986
vt 0.232453004 0.719322979
vt 0.230351001 0.723371029
vt 0.219515994 0.723057985
vt 0.363094002 0.729263008
vt 0.310750008 0.695829988
vt 0.244233996 0.722425997
vt 0.354101002 0.740051985
vt 0.227695003 0.732596993
vt 0.378766 0.633239985
vt 0.373243004 0.724057019
vt 0.385311007 0.622151017
vt 0.297138005 0.706583977
vt 0.377321005 0.702103972
vt 0.296303004 0.716359019
vt 0.391205013 0.642521977
vt 0.384117991 0.658176005
vt 0.372442991 0.735274971
vt 0.365164012 0.742258012
vt 0.336993992 0.761385977
vt 0.342887998 0.746513009
vt 0.274547011 0.714668989
vt 0.272374004 0.726495981
vt 0.325967014 0.786325991
vt 0.34257701 0.772116005
vt 0.345818013 0.786166012
vt 0.330267012 0.793318987
vt 0.349274993 0.799167991
vt 0.332500994 0.801904976
vt 0.357454985 0.745199025
vt 0.355865985 0.759827971
vt 0.363849014 0.749216974
vt 0.369580001 0.748806
vt 0.366490006 0.758602023
vt 0.359647989 0.768528998
vt 0.366156995 0.77630502
vt 0.371978015 0.78095299
vt 0.355949998 0.810176015
vt 0.369852006 0.79202199
vt 0.367083997 0.807439029
vt 0.906118989 0.694332004
vt 0.0991619974 0.836962998
vt 0.113931999 0.817685008
vt 0.095002003 0.818180025
vt 0.930329978 0.688615978
vt 0.875752985 0.678587019
vt 0.0736439973 0.848636985
vt 0.084344998 0.824715972
vt 0.950331986 0.698903978
vt 0.907025993 0.722485006
vt 0.925725996 0.702654004
vt 0.884437025 0.702001989
vt 0.871904016 0.691007972
vt 0.893105984 0.717162013
vt 0.070814997 0.834435999
vt 0.92859 0.72220099
vt 0.076715 0.685229003
vt 0.102205999 0.849276006
vt 0.881933987 0.71864301
vt 0.87390101 0.73545903
vt 0.887481987 0.735903978
vt 0.862580001 0.677181005
vt 0.854600012 0.682826996
vt 0.085187003 0.700613976
vt 0.0441620015 0.839733005
vt 0.052499 0.821166992
vt 0.0365319997 0.831434011
vt 0.0532220006 0.840310991
vt 0.0527819991 0.854978025
vt 0.866728008 0.702957988
vt 0.907293975 0.743984997
vt 0.859795988 0.691762984
vt 0.922387004 0.754665017
vt 0.849412978 0.697454989
vt 0.058185 0.859416008
vt 0.0689899996 0.711381972
vt 0.0785849988 0.722208023
vt 0.0413880013 0.856619
vt 0.0325829983 0.852312028
vt 0.0604339987 0.727586985
vt 0.0481219999 0.856990993
vt 0.865967989 0.719505012
vt 0.895915985 0.759100974
vt 0.0843510032 0.730825007
vt 0.864345014 0.729286015
vt 0.947034001 0.724716008
vt 0.897163987 0.748288989
vt 0.85848403 0.720731974
vt 0.0458140001 0.869973004
vt 0.93740201 0.738524973
vt 0.854987025 0.710666001
vt 0.0543299988 0.72716701
vt 0.0541419983 0.865584016
vt 0.857470989 0.728044987
vt 0.886081994 0.748245001
vt 0.87729001 0.743497014
vt 0.839932024 0.715358019
vt 0.890482008 0.753907025
vt 0.848137975 0.724290013
vt 0.876169026 0.757607996
vt 0.0839240029 0.854062974
vt 0.885024011 0.766076982
vt 0.0806510001 0.863449991
vt 0.109462 0.723721981
vt 0.122653 0.718164027
vt 0.853182971 0.732553005
vt 0.854125023 0.740787029
vt 0.870465994 0.750925004
vt 0.0973900035 0.858039975
vt 0.130760998 0.713761985
vt 0.0901200026 0.860882998
vt 0.855262995 0.749607027
vt 0.856757998 0.757237017
vt 0.866717994 0.757847011
vt 0.860459983 0.762365997
vt 0.0707049966 0.874998987
vt 0.085777998 0.873740017
vt 0.049761001 0.769348025
vt 0.0642239973 0.758428991
vt 0.0446860008 0.740288019
vt 0.101969004 0.875437975
vt 0.154175997 0.709513009
vt 0.840358973 0.688417971
vt 0.140971005 0.728681028
vt 0.0294749998 0.768361986
vt 0.893458009 0.775481999
vt 0.881384015 0.775801003
vt 0.822504997 0.689755976
vt 0.153546005 0.729740024
vt 0.0840689987 0.884534001
vt 0.87726903 0.784843981
vt 0.120567001 0.740705013
vt 0.0442849994 0.780870974
vt 0.84769702 0.806362987
vt 0.849997997 0.797200024
vt 0.846463025 0.789357007
vt 0.139498994 0.744208992
vt 0.817818999 0.804521978
vt 0.833903015 0.816459
vt 0.0975039974 0.718226016
vt 0.0534799993 0.782746017
vt 0.064937003 0.769160986
vt 0.832409978 0.781602979
vt 0.81853801 0.779664993
vt 0.837405026 0.730440021
vt 0.817396998 0.731067002
vt 0.805226028 0.704693019
vt 0.806159973 0.671185017
vt 0.0979409963 0.736000001
vt 0.803052008 0.813962996
vt 0.0315839984 0.787811995
vt 0.822829008 0.833922029
vt 0.804554999 0.682304025
vt 0.110122003 0.751114011
vt 0.0754040033 0.748326004
vt 0.844163001 0.823521972
vt 0.881263018 0.794053018
vt 0.0237719994 0.787966013
vt 0.782885015 0.677937984
vt 0.0297919996 0.800823987
vt 0.0201689992 0.859411001
vt 0.0198149998 0.830564022
vt 0.0396660008 0.799171984
vt 0.00762500009 0.851137996
vt 0.0523779988 0.807763994
vt 0.0919720009 0.745207012
vt 0.782060981 0.706148028
vt 0.873826027 0.76513201
vt 0.803571999 0.721480012
vt 0.870495975 0.76968801
vt 0.0939029977 0.756376982
vt 0.84363699 0.740360975
vt 0.839519978 0.750940025
vt 0.869386971 0.779792011
vt 0.860513985 0.772800028
vt 0.843859017 0.763094008
vt 0.0799819976 0.772768974
vt 0.0379160009 0.869225979
vt 0.0171360001 0.879783988
vt 0.103379004 0.763643026
vt 0.117348999 0.763684988
vt 0.870069027 0.791945994
vt 0.832410991 0.749332011
vt 0.141433001 0.763302982
vt 0.873063028 0.802691996
vt 0.863516986 0.795296013
vt 0.860137999 0.803058982
vt 0.82733798 0.759159982
vt 0.822313011 0.755346
vt 0.851707995 0.767654002
vt 0.825097024 0.770574987
vt 0.855325997 0.77828598
vt 0.806699991 0.794660985
vt 0.813165009 0.764238
vt 0.0874330029 0.786063015
vt 0.109498002 0.783576012
vt 0.129142001 0.775004029
vt 0.826084971 0.777850986
vt 0.859174013 0.784047008
vt 0.0643580034 0.780465007
vt 0.790798008 0.792056978
vt 0.799228013 0.794278026
vt 0.803255975 0.783002973
vt 0.806324005 0.745450974
vt 0.786432028 0.815809011
vt 0.801144004 0.758895993
vt 0.0659679994 0.795682013
vt 0.793063998 0.729816973
vt 0.0189490002 0.801055014
vt 0.790018022 0.755389988
vt 0.0864659995 0.798838019
vt 0.108158 0.798431993
vt 0.130251005 0.804740012
vt 0.0941530019 0.796664
vt 0.799786985 0.773949027
vt 0.809903026 0.780233979
vt 0.793106973 0.846780002
vt 0.781962991 0.774043977
vt 0.118601002 0.806200981
vt 0.0678760037 0.805914998
vt 0.816513002 0.846292019
vt 0.800669014 0.855306983
vt 0.841812015 0.774949014
vt 0.779293001 0.865329027
vt 0.783447027 0.837732017
vt 0.776587009 0.859382987
vt 0.0585669987 0.884477019
vt 0.0382510014 0.889357984
vt 0.0337609984 0.809803009
vt 0.0438009985 0.815469027
vt 0.861101985 0.811358988
vt 0.0259639993 0.809755981
vt 0.0155300004 0.818053007
vt 0.0311009996 0.902625024
vt 0.015865 0.897809982
vt 0.746263981 0.891695976
vt 0.764232993 0.885596991
vt 0.735898972 0.874660015
vt 0.0684729964 0.901368976
vt 0.0836189985 0.906313002
vt 0.0968910009 0.895160019
vt 0.0576030016 0.912527978
vt 0.0750100017 0.811374009
vt 0.0739829987 0.910115004
vt 0.047499001 0.919552982
vt 0.0728849992 0.928101003
vt 0.73200202 0.904690981
vt 0.745853007 0.910628974
vt 0.722851992 0.925337017
vt 0.209251001 0.807990015
vt 0.193516001 0.806289017
vt 0.198121995 0.816969991
vt 0.215169996 0.813270986
vt 0.209898993 0.815213025
vt 0.321027994 0.854689002
vt 0.306371987 0.839266002
vt 0.295733988 0.850396991
vt 0.179380998 0.863240004
vt 0.173545003 0.862159014
vt 0.181204006 0.877655983
vt 0.205718994 0.820088983
vt 0.165729001 0.718420029
vt 0.172684997 0.80232501
vt 0.165625006 0.809314013
vt 0.182699993 0.806572974
vt 0.177267 0.82407999
vt 0.319555998 0.832552016
vt 0.331474006 0.834239006
vt 0.336647987 0.848939002
vt 0.189039007 0.817481995
vt 0.193710998 0.82939899
vt 0.170693994 0.736914992
vt 0.160157993 0.879096985
vt 0.169909999 0.870343029
vt 0.161346003 0.866312027
vt 0.186110005 0.826057971
vt 0.152646005 0.870582998
vt 0.313585013 0.865069985
vt 0.196865007 0.725045025
vt 0.176336005 0.887522995
vt 0.121723004 0.813787997
vt 0.133806005 0.813493013
vt 0.127072006 0.821578979
vt 0.137150005 0.821805
vt 0.142500997 0.83039099
vt 0.143822998 0.815804005
vt 0.149443999 0.824613988
vt 0.205213994 0.733162999
vt 0.187193006 0.896427989
vt 0.188850001 0.862340987
vt 0.185496002 0.750037014
vt 0.246157005 0.763095021
vt 0.251830012 0.772409022
vt 0.200783998 0.745485008
vt 0.354894996 0.832997024
vt 0.337428987 0.817460001
vt 0.348394006 0.840077996
vt 0.252537996 0.799601972
vt 0.247232005 0.784367025
vt 0.234979004 0.785341978
vt 0.246592999 0.808520973
vt 0.236561999 0.803861022
vt 0.368036002 0.824546993
vt 0.194992006 0.866100013
vt 0.198682994 0.851723015
vt 0.203480005 0.871308029
vt 0.211053997 0.859718978
vt 0.170998007 0.748942018
vt 0.230271995 0.825056016
vt 0.224114001 0.808214009
vt 0.239580005 0.825581014
vt 0.384447992 0.812649012
vt 0.220432997 0.824253023
vt 0.195548996 0.886722028
vt 0.370187014 0.839033008
vt 0.155286998 0.760442019
vt 0.212006003 0.870002985
vt 0.215639994 0.832229972
vt 0.175502002 0.761053026
vt 0.237194002 0.844246984
vt 0.204602003 0.885640979
vt 0.192114994 0.757928014
vt 0.170815006 0.829192996
vt 0.162157997 0.827964008
vt 0.165221006 0.833881974
vt 0.364187986 0.862600029
vt 0.360787988 0.852523029
vt 0.169343993 0.839091003
vt 0.180472001 0.841611028
vt 0.353617013 0.868086994
vt 0.215152994 0.88249898
vt 0.368950009 0.873023987
vt 0.168362007 0.767880023
vt 0.217865005 0.894001007
vt 0.228466004 0.882156014
vt 0.181743994 0.850950003
vt 0.187249005 0.774788976
vt 0.37429601 0.858992994
vt 0.202777997 0.828903019
vt 0.382003009 0.850165009
vt 0.216296002 0.747964978
vt 0.204958007 0.899084985
vt 0.197979003 0.896540999
vt 0.228652999 0.747334003
vt 0.205326006 0.754770994
vt 0.283080012 0.851574004
vt 0.288004994 0.838304996
vt 0.164514005 0.897705972
vt 0.150380999 0.879621983
vt 0.291242987 0.861217022
vt 0.281287998 0.868017018
vt 0.217087999 0.76007098
vt 0.299721986 0.865572989
vt 0.231369004 0.756039023
vt 0.150949001 0.888867974
vt 0.138799995 0.900000989
vt 0.160812005 0.912837029
vt 0.224871993 0.765053988
vt 0.234032005 0.86719501
vt 0.305815011 0.874630988
vt 0.108557999 0.901868999
vt 0.116455004 0.89230603
vt 0.264757007 0.783218026
vt 0.291233003 0.880370021
vt 0.115234002 0.908779025
vt 0.125161007 0.902893007
vt 0.201249003 0.775058985
vt 0.285423011 0.789273977
vt 0.214632004 0.772141993
vt 0.130305007 0.913839996
vt 0.26948601 0.792281985
vt 0.263175994 0.876884997
vt 0.243256003 0.869848013
vt 0.253553987 0.888499975
vt 0.146585003 0.913269997
vt 0.268323988 0.870388985
vt 0.260066986 0.799117982
vt 0.214135006 0.787184
vt 0.103855997 0.922900975
vt 0.257887989 0.813591003
vt 0.263853997 0.891578972
vt 0.201955006 0.78836602
vt 0.195383996 0.78440702
vt 0.236318007 0.886422992
vt 0.245038003 0.892876029
vt 0.121060997 0.928139985
vt 0.135334 0.927666008
vt 0.271456003 0.804935992
vt 0.149318993 0.921716988
vt 0.256365001 0.823243976
vt 0.272204012 0.89120698
vt 0.145040005 0.932154
vt 0.223928005 0.790987015
vt 0.27413401 0.820536017
vt 0.257133007 0.83850503
vt 0.130005002 0.936402023
vt 0.297818989 0.793256998
vt 0.219178006 0.800181985
vt 0.242225006 0.905565977
vt 0.249589995 0.905212998
vt 0.294218987 0.809879005
vt 0.146840006 0.941475987
vt 0.143668994 0.939637005
vt 0.687825024 0.968882024
vt 0.698274016 0.963594973
vt 0.692269981 0.96093303
vt 0.689254999 0.958781004
vt 0.678417981 0.958438993
vt 0.670480013 0.960349023
vt 0.683116019 0.952311993
vt 0.153092995 0.772055984
vt 0.136288002 0.785089016
vt 0.195019007 0.903937995
vt 0.181841999 0.904242992
vt 0.365960002 0.883283973
vt 0.384815007 0.892542005
vt 0.391640007 0.883881986
vt 0.287263006 0.821258008
vt 0.357270986 0.876679003
vt 0.147977993 0.783273995
vt 0.188084006 0.914412975
vt 0.198399007 0.918847024
vt 0.216932997 0.90870899
vt 0.377449006 0.898931026
vt 0.278430015 0.832562983
vt 0.158488005 0.785539985
vt 0.172194004 0.783273995
vt 0.207874998 0.917240977
vt 0.392596006 0.872116029
vt 0.214154005 0.915010989
vt 0.145425007 0.79451102
vt 0.394654006 0.859331012
vt 0.220353007 0.913649023
vt 0.157032996 0.796661973
vt 0.398335993 0.896215022
vt 0.180305004 0.79331398
vt 0.248459995 0.841687977
vt 0.270624995 0.910869002
vt 0.249566004 0.919372022
vt 0.176762 0.91644001
vt 0.142546996 0.805301011
vt 0.420901 0.920737982
vt 0.408448994 0.910278022
vt 0.404157996 0.919284999
vt 0.270550996 0.844945014
vt 0.408576995 0.903110027
vt 0.164748996 0.919219017
vt 0.264411986 0.853590012
vt 0.429654986 0.913806021
vt 0.172930002 0.920540988
vt 0.183715999 0.919470012
vt 0.245180994 0.862185001
vt 0.18299 0.92384398
vt 0.277758986 0.903829992
vt 0.400296003 0.907224
vt 0.156756997 0.923206985
vt 0.153231993 0.928367972
vt 0.159293994 0.926654994
vt 0.164967 0.926666975
vt 0.237373993 0.857648015
vt 0.171857998 0.930226982
vt 0.175937995 0.931596994
vt 0.191506997 0.919323981
vt 0.194453001 0.800212979
vt 0.197851002 0.927498996
vt 0.192366004 0.924594998
vt 0.201775998 0.92700398
vt 0.187880993 0.926895976
vt 0.132951006 0.832539022
vt 0.209469005 0.796200991
vt 0.185204998 0.931609988
vt 0.204883993 0.798789024
vt 0.115956001 0.836059988
vt 0.221835002 0.924767017
vt 0.212147996 0.928457022
vt 0.219680995 0.934750974
vt 0.153476 0.936358988
vt 0.112395003 0.847725987
vt 0.160410002 0.936016023
vt 0.324528992 0.817865014
vt 0.123121999 0.837171018
vt 0.158745006 0.942456007
vt 0.152473003 0.944810987
vt 0.130654007 0.855162978
vt 0.165267006 0.942183971
vt 0.212549001 0.803623021
vt 0.173326999 0.936124027
vt 0.118900001 0.84799403
vt 0.164453 0.947448015
vt 0.126065001 0.859067023
vt 0.170212001 0.946560979
vt 0.177239999 0.941323996
vt 0.683014989 0.969667017
vt 0.672307014 0.964932024
vt 0.678871989 0.973012984
vt 0.669156015 0.973846972
vt 0.672037005 0.980926991
vt 0.148910999 0.834564984
vt 0.659573019 0.968177021
vt 0.663160026 0.979761004
vt 0.667913973 0.985023022
vt 0.159035996 0.834434986
vt 0.654260993 0.974362016
vt 0.160862997 0.846961975
vt 0.191507995 0.932824016
vt 0.200777993 0.939128995
vt 0.194509998 0.942681015
vt 0.136140004 0.847698987
vt 0.206092998 0.939112008
vt 0.148818001 0.85917902
vt 0.181395993 0.935783982
vt 0.138685003 0.861437023
vt 0.189833999 0.949963987
vt 0.203722998 0.944234014
vt 0.467669994 0.960559011
vt 0.46144399 0.965825021
vt 0.467283994 0.966150999
vt 0.469857007 0.975744009
vt 0.47578299 0.965251029
vt 0.157571003 0.857729018
vt 0.210217997 0.942951024
vt 0.459978014 0.960879028
vt 0.462945998 0.948888004
vt 0.654142976 0.988098025
vt 0.653352022 0.992166996
vt 0.648881018 0.979074001
vt 0.650399983 0.987560987
vt 0.471949995 0.972534001
vt 0.111477003 0.863587022
vt 0.0996010005 0.906383991
vt 0.119263999 0.860494971
vt 0.134856001 0.87084198
vt 0.140983999 0.870926976
vt 0.0924960002 0.918612003
vt 0.105323002 0.867909014
vt 0.117866002 0.866864979
vt 0.130306005 0.875696003
vt 0.112806998 0.873089015
vt 0.0867720023 0.928613007
vt 0.108552001 0.881013989
vt 0.116888002 0.880482018
vt 0.101035997 0.930085003
vt 0.712563992 0.937819004
vt 0.718766987 0.948361993
vt 0.723316014 0.933273017
vt 0.709351003 0.950120986
vt 0.709708989 0.959785998
vt 0.71488899 0.908639014
vt 0.708195984 0.923824012
vt 0.700905979 0.949571013
vt 0.700879991 0.936169982
vt 0.140839994 0.879025996
vt 0.692292988 0.944245994
vt 0.141193002 0.890945017
vt 0.128843993 0.883980989
vt 0.228791997 0.902598023
vt 0.169559002 0.850404024
vt 0.165456995 0.855418026
vt 0.42166701 0.934310019
vt 0.229804993 0.934916019
vt 0.436497003 0.929367006
vt 0.440623999 0.945972025
vt 0.444187999 0.930952013
vt 0.224740997 0.941039979
vt 0.448769987 0.947898984
vt 0.788882017 0.504208028
vt 0.789189994 0.517287016
vt 0.782832026 0.510707974
vt 0.553258002 0.582149029
vt 0.561766982 0.608241975
vt 0.570234001 0.594525993
vt 0.577648997 0.567234993
vt 0.597929001 0.591597974
vt 0.591274023 0.574581981
vt 0.793631017 0.526430011
vt 0.786556005 0.524146974
vt 0.77938199 0.519460976
vt 0.537504971 0.553134024
vt 0.516031981 0.560443997
vt 0.512705028 0.580183983
vt 0.785171986 0.535549998
vt 0.63945502 0.600987017
vt 0.655651987 0.603739977
vt 0.649209976 0.583936989
vt 0.780876994 0.545253992
vt 0.464807004 0.559105992
vt 0.476134986 0.571313024
vt 0.472878993 0.552709997
vt 0.483931988 0.570665002
vt 0.571099997 0.575067997
vt 0.779295981 0.534178019
vt 0.468053013 0.574404001
vt 0.451195002 0.557474971
vt 0.770537019 0.524416029
vt 0.446341991 0.580673993
vt 0.701297998 0.573490024
vt 0.723627985 0.559991002
vt 0.691681027 0.555437982
vt 0.58297801 0.598424017
vt 0.765344977 0.517040014
vt 0.473300993 0.581413984
vt 0.455832005 0.588714004
vt 0.75919199 0.539732993
vt 0.463526011 0.595062017
vt 0.471917003 0.589827001
vt 0.757157028 0.514084995
vt 0.70135802 0.582695007
vt 0.729256988 0.593129992
vt 0.730525017 0.581905007
vt 0.722266018 0.571839988
vt 0.497624993 0.551093996
vt 0.472777009 0.539067984
vt 0.485785007 0.554354012
vt 0.743295014 0.529316008
vt 0.747797012 0.541896999
vt 0.738565981 0.589911997
vt 0.574791014 0.610186994
vt 0.434596986 0.489769995
vt 0.726813972 0.602918029
vt 0.743843973 0.604167998
vt 0.797555983 0.481197
vt 0.788950026 0.484393001
vt 0.795849979 0.487203985
vt 0.79144001 0.490357995
vt 0.438690007 0.48625499
vt 0.442351013 0.479514003
vt 0.50928998 0.552110016
vt 0.611388981 0.608717024
vt 0.496858001 0.571494997
vt 0.447953999 0.482481003
vt 0.447075993 0.497871011
vt 0.78441602 0.489690006
vt 0.775151014 0.489679992
vt 0.771574974 0.498813987
vt 0.492727011 0.583634973
vt 0.458223999 0.494098991
vt 0.781427026 0.499300987
vt 0.774821997 0.506235003
vt 0.78363198 0.501576006
vt 0.588425994 0.615058005
vt 0.768447995 0.495903999
vt 0.603213012 0.621922016
vt 0.766224027 0.506115973
vt 0.460435987 0.48625201
vt 0.490788996 0.595492005
vt 0.470979005 0.603393972
vt 0.468320996 0.489268988
vt 0.449954003 0.504450977
vt 0.464984 0.50009799
vt 0.707872987 0.598762989
vt 0.540238976 0.609687984
vt 0.521175027 0.598533988
vt 0.527348995 0.612290978
vt 0.474041998 0.49375701
vt 0.436843991 0.495656013
vt 0.426580995 0.504001975
vt 0.438300014 0.505681992
vt 0.442775011 0.503588974
vt 0.435110003 0.516497016
vt 0.692939997 0.578523993
vt 0.684913993 0.588129997
vt 0.448817998 0.51463002
vt 0.691908002 0.605494022
vt 0.453988999 0.509486973
vt 0.536973 0.579775989
vt 0.504863977 0.592903018
vt 0.455339998 0.528555989
vt 0.450675994 0.530041993
vt 0.544852972 0.622551024
vt 0.672124982 0.605623007
vt 0.672375977 0.589545012
vt 0.76582402 0.511018991
vt 0.51406002 0.633581996
vt 0.512557983 0.611835003
vt 0.760478973 0.499742001
vt 0.52156502 0.629212976
vt 0.472671002 0.511646986
vt 0.534790993 0.622937977
vt 0.482122988 0.500361025
vt 0.502707005 0.610942006
vt 0.459870994 0.527902007
vt 0.490110993 0.614000976
vt 0.746008992 0.62956202
vt 0.733645976 0.612236977
vt 0.723695993 0.619000971
vt 0.718539 0.626672029
vt 0.734566987 0.637301028
vt 0.464186013 0.521290004
vt 0.532190979 0.636530995
vt 0.48455599 0.513701022
vt 0.480488002 0.522181988
vt 0.501841009 0.624539971
vt 0.778641999 0.56774801
vt 0.762526989 0.575074971
vt 0.481844991 0.532962978
vt 0.705986023 0.612423003
vt 0.769838989 0.556231022
vt 0.575327992 0.626331985
vt 0.747292995 0.517226994
vt 0.750321984 0.504963994
vt 0.702763021 0.62628299
vt 0.744239986 0.50920099
vt 0.73733902 0.518971026
vt 0.563233972 0.631438017
vt 0.494823009 0.499998003
vt 0.495499015 0.516602993
vt 0.768850982 0.595640004
vt 0.729364991 0.516677976
vt 0.516773999 0.517233014
vt 0.717818975 0.641358018
vt 0.507534027 0.52621001
vt 0.760941029 0.58908999
vt 0.720462978 0.526758015
vt 0.775095999 0.610303998
vt 0.578966022 0.640205026
vt 0.763593972 0.599599004
vt 0.492752999 0.530745029
vt 0.716868997 0.658504009
vt 0.737712026 0.659210026
vt 0.751137018 0.561251998
vt 0.56359601 0.644617975
vt 0.544026971 0.635564983
vt 0.414900988 0.537411988
vt 0.705211997 0.648845017
vt 0.423099011 0.530510008
vt 0.432871997 0.526259005
vt 0.526193976 0.655309975
vt 0.750873983 0.583055973
vt 0.418689013 0.550628006
vt 0.425298989 0.549993992
vt 0.435752004 0.543933988
vt 0.441839993 0.533195019
vt 0.722077012 0.54302901
vt 0.550189018 0.646426022
vt 0.41001299 0.576718986
vt 0.688435018 0.626309991
vt 0.550289989 0.660724998
vt 0.740467012 0.594157994
vt 0.75682497 0.599680007
vt 0.756425023 0.612299979
vt 0.420646012 0.572908998
vt 0.434186012 0.55944699
vt 0.695137978 0.639283001
vt 0.638788998 0.614485025
vt 0.456535012 0.552600026
vt 0.64486903 0.632399023
vt 0.657528996 0.644114971
vt 0.662606001 0.628138006
vt 0.780227005 0.636349022
vt 0.684791028 0.642545998
vt 0.774043024 0.623706996
vt 0.621802986 0.610450029
vt 0.766381979 0.621872008
vt 0.435045987 0.582976997
vt 0.759254992 0.633427024
vt 0.623504996 0.628922999
vt 0.69046098 0.659039974
vt 0.777925014 0.645704985
vt 0.62935102 0.653015971
vt 0.436313987 0.593807995
vt 0.763920009 0.657872021
vt 0.537793994 0.53193903
vt 0.527137995 0.51682198
vt 0.593298018 0.636039972
vt 0.607104003 0.643139005
vt 0.665988028 0.654280007
vt 0.506175995 0.543815017
vt 0.513504028 0.543792009
vt 0.752788007 0.643736005
vt 0.642190993 0.654411972
vt 0.554612994 0.550194979
vt 0.559496999 0.536876976
vt 0.749158978 0.666869998
vt 0.640456975 0.674313009
vt 0.682205021 0.560576022
vt 0.618425012 0.668654025
vt 0.674152017 0.566806018
vt 0.57426101 0.550911009
vt 0.569839001 0.543079019
vt 0.627398014 0.674403012
vt 0.561307013 0.564706981
vt 0.581640005 0.561689973
vt 0.550207019 0.563919008
vt 0.589043021 0.659471989
vt 0.605049014 0.661154985
vt 0.576878011 0.660296023
vt 0.570649028 0.674652994
vt 0.557735026 0.676880002
vt 0.545441985 0.66911602
vt 0.676827013 0.572960973
vt 0.662904024 0.576555014
vt 0.664270997 0.585793018
vt 0.606027007 0.678062022
vt 0.571797013 0.695244014
vt 0.582000017 0.682744026
vt 0.593110979 0.686079979
vt 0.601531029 0.691330016
vt 0.58493799 0.707917988
vt 0.572022974 0.710994005
vt 0.68334198 0.668447018
vt 0.674341023 0.679476023
vt 0.798960984 0.497047991
vt 0.805734992 0.479716986
vt 0.794224024 0.492926002
vt 0.509733021 0.713353992
vt 0.512754023 0.694875002
vt 0.496163994 0.699797988
vt 0.404175013 0.583800972
vt 0.384009987 0.686366022
vt 0.39773199 0.596572995
vt 0.387825012 0.717903018
vt 0.412811011 0.593218982
vt 0.434659988 0.786153972
vt 0.438923001 0.773612976
vt 0.438421011 0.763318002
vt 0.460166991 0.73547101
vt 0.458516002 0.72141099
vt 0.449330986 0.745121002
vt 0.419510007 0.584878981
vt 0.44047001 0.724054992
vt 0.408138007 0.683387995
vt 0.398692012 0.66802001
vt 0.390655011 0.678848028
vt 0.40635401 0.60078001
vt 0.397612989 0.702946007
vt 0.415805995 0.606676996
vt 0.396371007 0.60463202
vt 0.403111011 0.611374974
vt 0.478305012 0.719672024
vt 0.489257991 0.710874975
vt 0.477851987 0.701366007
vt 0.425873995 0.675561011
vt 0.416465998 0.650231004
vt 0.398918003 0.616698027
vt 0.491411 0.725831985
vt 0.431703001 0.665593028
vt 0.457100987 0.766196012
vt 0.452152997 0.751299024
vt 0.45677799 0.781607985
vt 0.484732985 0.731428981
vt 0.495943993 0.734857023
vt 0.418047994 0.620594978
vt 0.405039012 0.624617994
vt 0.47478199 0.730288029
vt 0.459951997 0.77581501
vt 0.42010501 0.700419009
vt 0.424943 0.599560976
vt 0.434908986 0.802699983
vt 0.430112004 0.691796005
vt 0.44442299 0.603980005
vt 0.46361199 0.751658976
vt 0.476687998 0.765616
vt 0.42583999 0.610514998
vt 0.430976003 0.618744016
vt 0.41692999 0.714124978
vt 0.40259099 0.719174981
vt 0.469507009 0.776051998
vt 0.47963801 0.741362989
vt 0.415454 0.727723002
vt 0.432770014 0.723843992
vt 0.422434002 0.627057016
vt 0.499343991 0.643306017
vt 0.510725021 0.646860003
vt 0.411004007 0.63686502
vt 0.488222986 0.631965995
vt 0.474629015 0.638698995
vt 0.481142014 0.650155008
vt 0.430135995 0.635941982
vt 0.503700018 0.655716002
vt 0.492426008 0.659853995
vt 0.495065004 0.747707009
vt 0.470306009 0.663125992
vt 0.460009009 0.650578022
vt 0.462446004 0.671778977
vt 0.485819995 0.755455017
vt 0.400043994 0.647695005
vt 0.481173009 0.666193008
vt 0.514761984 0.673385024
vt 0.532522976 0.670660019
vt 0.496645004 0.757670999
vt 0.478356004 0.78184098
vt 0.495842993 0.675915003
vt 0.480834007 0.684126973
vt 0.500631988 0.691977024
vt 0.448909014 0.649511993
vt 0.451290011 0.673497975
vt 0.386900008 0.726935983
vt 0.380356997 0.738286972
vt 0.393160999 0.717625976
vt 0.456939012 0.61203301
vt 0.44253701 0.702848017
vt 0.398009002 0.729485989
vt 0.479092002 0.617613018
vt 0.387041003 0.737290978
vt 0.460193008 0.699355006
vt 0.465018004 0.629574001
vt 0.456037998 0.626075983
vt 0.470600992 0.624787986
vt 0.544888973 0.692200005
vt 0.528234005 0.696382999
vt 0.462007999 0.709528029
vt 0.535857022 0.702391028
vt 0.386541009 0.746179998
vt 0.380650014 0.753979981
vt 0.472624987 0.683394015
vt 0.392646015 0.758041024
vt 0.397493988 0.749152005
vt 0.376691997 0.771776974
vt 0.387832999 0.768885016
vt 0.522367001 0.722976983
vt 0.399372995 0.774353981
vt 0.383100986 0.777153015
vt 0.383428007 0.786538005
vt 0.512120008 0.735611022
vt 0.542262971 0.71728301
vt 0.556169987 0.713473022
vt 0.386810005 0.799367011
vt 0.539839029 0.730454028
vt 0.399215996 0.791202009
vt 0.548274994 0.732472003
vt 0.412988007 0.748394012
vt 0.544763029 0.747364998
vt 0.525771976 0.746890008
vt 0.535678983 0.743593991
vt 0.419203997 0.753639996
vt 0.40880999 0.764510989
vt 0.431869 0.738830984
vt 0.560301006 0.719793975
vt 0.417957991 0.767386973
vt 0.416813999 0.788007975
vt 0.41248101 0.803169012
vt 0.508596003 0.766835988
vt 0.51196599 0.754325986
vt 0.764100015 0.790742993
vt 0.762485027 0.774227023
vt 0.751061976 0.771088004
vt 0.634756029 0.81892997
vt 0.645850003 0.832198024
vt 0.641022027 0.813053012
vt 0.741970003 0.777713001
vt 0.744620979 0.79273802
vt 0.749060988 0.814191997
vt 0.759250998 0.800788999
vt 0.63657999 0.834496975
vt 0.741524994 0.761340022
vt 0.753558993 0.758396029
vt 0.623686016 0.812066019
vt 0.628946006 0.82782799
vt 0.77086699 0.675912023
vt 0.727512002 0.766232014
vt 0.73229003 0.745492995
vt 0.734013975 0.770790994
vt 0.769234002 0.697642028
vt 0.659385026 0.849222004
vt 0.645099998 0.843177021
vt 0.649963021 0.851149976
vt 0.731620014 0.784675002
vt 0.656271994 0.678376973
vt 0.685567975 0.690903008
vt 0.722967982 0.790906012
vt 0.667604983 0.698554993
vt 0.656816006 0.69312501
vt 0.680200994 0.701564014
vt 0.762723029 0.711960971
vt 0.698060989 0.692236006
vt 0.69333899 0.714649975
vt 0.775362015 0.731944978
vt 0.718783021 0.815604985
vt 0.707898021 0.716014028
vt 0.732958019 0.823611975
vt 0.646564007 0.689117014
vt 0.741505027 0.679108024
vt 0.754550993 0.700420022
vt 0.644056976 0.703769028
vt 0.672935009 0.712333024
vt 0.681640029 0.715587974
vt 0.754528999 0.836227
vt 0.685472012 0.732816994
vt 0.730479002 0.835427999
vt 0.677631021 0.727918983
vt 0.664352 0.718496978
vt 0.627488017 0.694522977
vt 0.672810018 0.735285997
vt 0.723744988 0.748490989
vt 0.734104991 0.736274004
vt 0.718002975 0.737039983
vt 0.699689984 0.731679976
vt 0.720264971 0.72536999
vt 0.71398598 0.821452022
vt 0.712260008 0.738738
vt 0.744020998 0.717446983
vt 0.761213005 0.725630999
vt 0.701210976 0.738198996
vt 0.711467981 0.851926982
vt 0.709173977 0.748669028
vt 0.734293997 0.697163999
vt 0.737540007 0.707400024
vt 0.631416023 0.709004998
vt 0.754315019 0.851616025
vt 0.733439982 0.866860986
vt 0.720914006 0.774589002
vt 0.659443021 0.70817399
vt 0.729017973 0.707355976
vt 0.73645699 0.721524
vt 0.71648699 0.78224498
vt 0.73428899 0.853120029
vt 0.706129014 0.765314996
vt 0.773613989 0.759513021
vt 0.648324013 0.711960971
vt 0.653271973 0.719416976
vt 0.709544003 0.787133992
vt 0.661924005 0.724310994
vt 0.765654027 0.74989301
vt 0.696525991 0.764753997
vt 0.696015 0.793730974
vt 0.659775972 0.732707024
vt 0.688166022 0.780746996
vt 0.650150001 0.739170015
vt 0.715014994 0.871679008
vt 0.688683987 0.751101971
vt 0.701170027 0.869875014
vt 0.633938015 0.72071898
vt 0.687460005 0.762127995
vt 0.772808015 0.781684995
vt 0.641420007 0.732315004
vt 0.744906008 0.727500021
vt 0.615154982 0.697655022
vt 0.683620989 0.74079901
vt 0.698954999 0.841728985
vt 0.752470016 0.744340003
vt 0.701117992 0.861016989
vt 0.678215027 0.751070023
vt 0.624410987 0.712512016
vt 0.690210998 0.863641024
vt 0.668338001 0.743920982
vt 0.666037023 0.750196993
vt 0.628921986 0.731917977
vt 0.693202972 0.874518991
vt 0.699817002 0.877987981
vt 0.68761301 0.87184
vt 0.671866 0.887600005
vt 0.670310974 0.776823997
vt 0.621317983 0.746182024
vt 0.736105978 0.887690008
vt 0.724798024 0.879588008
vt 0.676567972 0.797896028
vt 0.712459028 0.684350014
vt 0.664322019 0.761964023
vt 0.712271988 0.671350002
vt 0.599554002 0.732307017
vt 0.720465004 0.89061898
vt 0.65666002 0.82534802
vt 0.661547005 0.780858994
vt 0.655103981 0.762735009
vt 0.651457012 0.776565015
vt 0.60502398 0.760115981
vt 0.654806018 0.797860026
vt 0.708706975 0.882292986
vt 0.721460998 0.712302983
vt 0.584628999 0.740866005
vt 0.701357007 0.908650994
vt 0.586372018 0.764382005
vt 0.643004 0.787805021
vt 0.646634996 0.811787009
vt 0.706999004 0.698647022
vt 0.599107981 0.714048982
vt 0.634305 0.793482006
vt 0.779547989 0.802403986
vt 0.693696022 0.89318198
vt 0.768929005 0.808095992
vt 0.682246983 0.886456013
vt 0.713663995 0.80104202
vt 0.585628986 0.725328982
vt 0.579420984 0.729044974
vt 0.696157992 0.81507802
vt 0.67929399 0.812366009
vt 0.650461018 0.752260983
vt 0.687973022 0.822362006
vt 0.694077015 0.832800984
vt 0.669740975 0.82645601
vt 0.67107898 0.83781898
vt 0.629656971 0.758765996
vt 0.631367981 0.775389016
vt 0.672375977 0.84819901
vt 0.62122798 0.784837008
vt 0.606415987 0.793290973
vt 0.625122011 0.795318007
vt 0.624760985 0.77344197
vt 0.679488003 0.867631018
vt 0.666378021 0.859710991
vt 0.654013991 0.869863987
vt 0.612551987 0.774282992
vt 0.597370028 0.77392602
vt 0.607888997 0.811367989
vt 0.655856013 0.834123015
vt 0.495110005 0.931163013
vt 0.506081998 0.932166994
vt 0.514604986 0.922541976
vt 0.463027 0.879064977
vt 0.439630985 0.871065974
vt 0.445360988 0.881421983
vt 0.451642007 0.870474994
vt 0.447362006 0.895016015
vt 0.488858014 0.898414016
vt 0.474839002 0.895591974
vt 0.481963009 0.910834014
vt 0.479342997 0.885846019
vt 0.48893699 0.78756398
vt 0.489012986 0.886546016
vt 0.463187993 0.890411019
vt 0.500607014 0.782270014
vt 0.494760007 0.903433979
vt 0.455922008 0.911813021
vt 0.693354011 0.92405498
vt 0.498930991 0.881680012
vt 0.453857005 0.86520499
vt 0.46864301 0.869985998
vt 0.502743006 0.791281998
vt 0.475230008 0.882385015
vt 0.488110006 0.805308998
vt 0.491324008 0.823037028
vt 0.501304984 0.809026003
vt 0.556580007 0.748039007
vt 0.539004028 0.757288992
vt 0.431120992 0.872011006
vt 0.424719006 0.883540988
vt 0.685599029 0.914330006
vt 0.512623012 0.796202004
vt 0.515699983 0.81121099
vt 0.451196015 0.804109991
vt 0.456642985 0.793302
vt 0.424421012 0.816232026
vt 0.439173996 0.822476029
vt 0.501318991 0.828535974
vt 0.552281976 0.763000011
vt 0.564818978 0.75426501
vt 0.617555022 0.820077002
vt 0.607429028 0.836781979
vt 0.606426001 0.824545026
vt 0.62115401 0.830488026
vt 0.676909983 0.937985003
vt 0.540371001 0.769053996
vt 0.587925971 0.843299985
vt 0.572916985 0.838702023
vt 0.572039008 0.848558009
vt 0.456943005 0.815138996
vt 0.468508989 0.787787974
vt 0.466571003 0.810208023
vt 0.499394 0.849816024
vt 0.488447994 0.868292987
vt 0.509850025 0.863269985
vt 0.668186009 0.920781016
vt 0.506696999 0.880116999
vt 0.506597996 0.891463995
vt 0.515042007 0.874417007
vt 0.438843995 0.831766009
vt 0.459125012 0.829667985
vt 0.665376008 0.934919
vt 0.664780974 0.947997987
vt 0.578751028 0.744997978
vt 0.56762898 0.772201002
vt 0.581372976 0.757673979
vt 0.454264998 0.836668015
vt 0.583356977 0.786041975
vt 0.672618985 0.909083009
vt 0.536464989 0.822713971
vt 0.518876016 0.824316025
vt 0.528843999 0.832808018
vt 0.571680009 0.782149017
vt 0.537361979 0.853727996
vt 0.464931011 0.823727012
vt 0.491840005 0.837453008
vt 0.515528977 0.840548992
vt 0.469083011 0.843008995
vt 0.481319994 0.828315973
vt 0.476520002 0.835995972
vt 0.545807004 0.773182988
vt 0.557833016 0.77481699
vt 0.530779004 0.813677013
vt 0.666481972 0.905140996
vt 0.658030987 0.900856018
vt 0.560612023 0.792244971
vt 0.550849974 0.78400898
vt 0.477389008 0.808800995
vt 0.619491994 0.884634972
vt 0.605646014 0.879019976
vt 0.608191013 0.886655986
vt 0.542456985 0.779609978
vt 0.594896019 0.896431029
vt 0.610024989 0.900879979
vt 0.657486022 0.88063103
vt 0.550849974 0.825524986
vt 0.548243999 0.800336003
vt 0.552967012 0.848581016
vt 0.576246023 0.869099975
vt 0.561722994 0.844020009
vt 0.551199019 0.865163982
vt 0.567442 0.728586972
vt 0.64884299 0.887701988
vt 0.57229197 0.739383996
vt 0.647747993 0.872891009
vt 0.448487014 0.853552997
vt 0.457626998 0.855000019
vt 0.539499998 0.864575982
vt 0.64864099 0.859318972
vt 0.477526009 0.857931018
vt 0.523284018 0.85699302
vt 0.639219999 0.864746988
vt 0.629880011 0.882767975
vt 0.540461004 0.876025975
vt 0.524603009 0.864817977
vt 0.48625499 0.855481982
vt 0.625265002 0.89526099
vt 0.63074398 0.903262019
vt 0.637399018 0.894297004
vt 0.620275021 0.916549981
vt 0.636336982 0.916987002
vt 0.488018006 0.879131973
vt 0.384254992 0.828656971
vt 0.404525012 0.815019011
vt 0.400032014 0.828230023
vt 0.637935996 0.907885015
vt 0.39468801 0.839909017
vt 0.522436976 0.770438015
vt 0.627592981 0.868507028
vt 0.404352009 0.835618019
vt 0.411365002 0.844505012
vt 0.53144002 0.777853012
vt 0.529522002 0.764568985
vt 0.519172013 0.780058026
vt 0.507845998 0.77809298
vt 0.410263985 0.860410988
vt 0.653719008 0.936845005
vt 0.636480987 0.851482987
vt 0.411660999 0.816670001
vt 0.652468026 0.915099978
vt 0.626971006 0.84374702
vt 0.420417994 0.804485977
vt 0.418285012 0.828492999
vt 0.641793013 0.925800025
vt 0.627309024 0.855185986
vt 0.614696026 0.861630023
vt 0.615052998 0.850781024
vt 0.461576015 0.941096008
vt 0.476063013 0.936641991
vt 0.457731009 0.931325018
vt 0.659197986 0.960318029
vt 0.427035987 0.84000802
vt 0.434587002 0.847415984
vt 0.651760995 0.967972994
vt 0.646872997 0.965816021
vt 0.644622028 0.977115989
vt 0.651652992 0.956031024
vt 0.535360992 0.790421009
vt 0.54056102 0.787732005
vt 0.525457025 0.796292007
vt 0.647580028 0.948215008
vt 0.599427998 0.847477973
vt 0.597667992 0.839573979
vt 0.410129994 0.87203902
vt 0.640606999 0.955003977
vt 0.634576023 0.962278008
vt 0.639862001 0.94067198
vt 0.633530021 0.953270972
vt 0.641156971 0.976508021
vt 0.644511998 0.982418001
vt 0.412735999 0.883065999
vt 0.476630986 0.959371984
vt 0.471917987 0.94799602
vt 0.486988008 0.956665993
vt 0.477284014 0.948834002
vt 0.490705997 0.947655976
vt 0.57130897 0.883159995
vt 0.587441981 0.871106982
vt 0.600210011 0.871987998
vt 0.425013989 0.861217976
vt 0.531570017 0.803478003
vt 0.594707012 0.855904996
vt 0.500554979 0.941344976
vt 0.497693002 0.950572014
vt 0.492285013 0.940886021
vt 0.481061012 0.938934982
vt 0.434008002 0.901820004
vt 0.416034997 0.893962979
vt 0.48209399 0.928721011
vt 0.478228986 0.924278021
vt 0.44372201 0.915305972
vt 0.44412601 0.908981025
vt 0.636640012 0.969048977
vt 0.589455009 0.885215998
vt 0.508361995 0.947560012
vt 0.488460988 0.925209999
vt 0.494015992 0.918034971
vt 0.486752987 0.913276017
vt 0.51908797 0.911747992
vt 0.508382976 0.910560012
vt 0.505060017 0.899784029
vt 0.520205021 0.938174009
vt 0.509288013 0.939931989
vt 0.518729985 0.930097997
vt 0.631654978 0.934709013
vt 0.595808029 0.792403996
vt 0.623835027 0.939059019
vt 0.620272994 0.924259007
vt 0.589037001 0.792774022
vt 0.532028019 0.924423993
vt 0.611728013 0.929018021
vt 0.599509001 0.909151971
vt 0.536020994 0.894674003
vt 0.53026998 0.913223982
vt 0.542270005 0.906720996
vt 0.597603023 0.812371016
vt 0.545099974 0.887723029
vt 0.552681983 0.888415992
vt 0.553964972 0.899535
vt 0.550255001 0.812115014
vt 0.57200402 0.818723023
vt 0.56983602 0.801690996
vt 0.516197026 0.895458996
vt 0.559844017 0.815907001
vt 0.523662984 0.886309028
vt 0.523422003 0.904771984
vt 0.526271999 0.897314012
vt 0.589818001 0.819450021
vt 0.582166016 0.819748998
vt 0.605183005 0.916622996
vt 0.564745009 0.894110978
vt 0.571785986 0.89261502
vt 0.540407002 0.808161974
vt 0.455446005 0.922941029
vn -0.0204009172 -0.253411382 -0.967143476
vn 0.0174998287 -0.128998742 -0.991490304
vn 0.060800083 -0.172100231 -0.983201325
vn 0.0713008046 -0.32270363 -0.943810642
vn 0.161203727 -0.402709305 -0.901020825
vn 0.006900148 -0.404708683 -0.914419651
vn -0.710934758 -0.152907476 -0.686433554
vn -0.635093212 0.0148998415 -0.77229178
vn -0.654794276 -0.208798185 -0.72639364
vn -0.668291509 -0.565092862 -0.483793885
vn -0.544894636 -0.697293103 -0.465695381
vn -0.673915267 -0.599913597 -0.431209773
vn -0.301790684 -0.618080974 -0.725877643
vn -0.197100461 -0.546101272 -0.814201951
vn -0.220599428 -0.653798282 -0.723798096
vn -0.604322076 0.0133004859 -0.796629131
vn -0.633316278 0.108002774 -0.766319692
vn -0.657599747 0.0158999935 -0.753199697
vn -0.769527197 -0.450115919 -0.453016013
vn -0.773466349 -0.482878983 -0.410582125
vn -0.699570656 0.0982958749 -0.707770288
vn -0.775465727 -0.461979568 -0.43038097
vn -0.76933825 0.12630628 -0.626231134
vn -0.271193832 -0.704183996 -0.656185091
vn -0.320301473 -0.734303355 -0.598502755
vn -0.712505341 0.167401254 -0.681405127
vn -0.773226738 0.168905839 -0.611221135
vn 0.183497086 -0.306595117 -0.933985174
vn -0.430390596 -0.451890111 -0.781382918
vn -0.346101373 -0.491901964 -0.798903167
vn -0.465094894 -0.508294404 -0.724792063
vn -0.661686003 0.205095664 -0.721184731
vn -0.732788563 0.202296838 -0.649689853
vn -0.300193936 -0.456990778 -0.837283134
vn -0.336495429 -0.421694279 -0.841988564
vn -0.480475634 -0.370381206 -0.794959664
vn -0.331398994 -0.321299016 -0.887097299
vn -0.0271006562 -0.375509083 -0.926422417
vn -0.022100294 -0.455206037 -0.890111804
vn -0.143003747 -0.45211184 -0.880423069
vn -0.77759546 -0.446997404 -0.442197442
vn -0.701176703 -0.424585909 -0.572780967
vn -0.498198986 -0.660098672 -0.562198877
vn -0.725183785 -0.545787811 -0.419790626
vn -0.573418617 -0.769524992 -0.281109124
vn -0.681583762 -0.354591548 -0.640084743
vn -0.786414862 0.0814015344 -0.612311542
vn -0.787211299 0.1664024 -0.593808532
vn -0.783803523 -0.34040153 -0.519402325
vn -0.761916101 0.213104501 -0.611612916
vn -0.0271006562 -0.375509083 -0.926422417
vn -0.0999986082 -0.392994523 -0.914087296
vn -0.0801020339 -0.306407779 -0.948524058
vn -0.557622492 -0.664926827 -0.496920019
vn -0.336306423 -0.818315625 -0.466108918
vn -0.249603778 -0.889513493 -0.382705808
vn -0.703889906 0.292495787 -0.647290707
vn -0.793400884 -0.470000505 -0.386800438
vn -0.226596758 -0.401494265 -0.887387335
vn -0.818006039 -0.414803058 -0.398502946
vn -0.62250936 0.00100001495 -0.782611728
vn -0.72162199 -0.383411676 -0.576417565
vn -0.767897904 -0.486598641 -0.416598856
vn -0.5870049 0.0505004227 -0.808006763
vn -0.876975715 -0.286092073 -0.386089295
vn -0.778413236 -0.275004655 -0.564309597
vn -0.929810226 -0.00510005606 -0.368004024
vn -0.425284863 -0.549080491 -0.719474435
vn -0.962069154 0.00279991026 -0.272791266
vn -0.524004877 0.181701705 -0.832107782
vn -0.941195965 -0.312798649 -0.12769945
vn -0.957984686 0.154897526 -0.241396144
vn -0.871690333 -0.409695446 -0.268897027
vn -0.856693625 -0.491096318 -0.157798827
vn -0.855703115 -0.406501472 -0.320201159
vn -0.808093667 -0.426696658 -0.406096816
vn 0.0665999427 -0.557799518 -0.827299297
vn 0.144991294 -0.531668067 -0.834449887
vn 0.183904484 -0.604714751 -0.774918854
vn 0.139395565 -0.624880135 -0.768175542
vn -0.95396179 -0.162193507 -0.252289891
vn -0.959094405 -0.274498403 -0.0691995919
vn 0.0679019913 -0.564516544 -0.822624087
vn 0.00549980626 -0.691375673 -0.722474575
vn -0.1403988 -0.609194815 -0.780493319
vn -0.215595037 -0.905179143 -0.366291553
vn -0.00279988069 -0.976058364 -0.217490718
vn -0.0827010423 -0.980512381 -0.178202242
vn -0.165495351 -0.770978332 -0.614982724
vn -0.188906178 -0.696322739 -0.692422628
vn -0.983307362 -0.181501359 0.0128000965
vn -0.823201239 -0.376900554 -0.424600631
vn 0.0959038585 -0.994840086 -0.0331013314
vn -0.00279988069 -0.976058364 -0.217490718
vn -0.0827010423 -0.980512381 -0.178202242
vn -0.277990639 -0.810172737 -0.516082644
vn -0.995586157 -0.0828988478 -0.0439993888
vn -0.961100042 -0.276200026 0.000500000024
vn -0.84527719 -0.321891308 -0.426488489
vn -0.856282473 -0.256894737 -0.448090822
vn 0.0341006033 -0.955716908 0.292305171
vn 0.233901247 -0.960305154 0.152000815
vn -0.0899009407 -0.763007998 -0.640106738
vn -0.153699711 -0.837798417 -0.523899019
vn -0.0898984671 -0.995683014 0.0230996069
vn -0.975105345 -0.208601147 -0.0752004161
vn -0.0590012632 -0.99362129 0.0961020589
vn -0.223699749 -0.870899022 -0.43759951
vn -0.916027844 -0.36641115 -0.163204968
vn 0.00459973188 -0.812052667 -0.58356601
vn -0.597028852 -0.641031027 -0.482323319
vn -0.434302509 -0.737904251 -0.516602993
vn -0.552501738 -0.6810022 -0.480601549
vn -0.5245592 -0.68144697 -0.510360301
vn 0.174797282 -0.759988189 0.625990272
vn 0.0290013272 -0.76453501 0.643929482
vn 0.0880023986 -0.923725188 0.372810155
vn 0.0830005184 -0.681704283 0.726904571
vn -0.34971267 -0.837830365 -0.419215173
vn 0.104799688 -0.613898158 -0.782397628
vn 0.102206841 -0.715547919 -0.691046298
vn -0.87673384 -0.285311013 -0.387214929
vn -0.124294989 -0.947661817 0.294088155
vn 0.10349793 -0.648687065 -0.753984928
vn 0.102206841 -0.715547919 -0.691046298
vn 0.104799688 -0.613898158 -0.782397628
vn -0.17410253 -0.976914227 0.123801805
vn 0.155899763 -0.777698815 -0.608999074
vn -0.916285157 -0.198996767 -0.347594351
vn -0.171398282 -0.881391227 0.44019562
vn 0.227702945 -0.750909746 -0.619908035
vn -0.217094705 -0.903477967 0.369590968
vn -0.280399293 -0.903297663 -0.324699163
vn -0.278892964 -0.898877323 -0.337991476
vn -0.900267184 -0.237591341 -0.364786714
vn -0.155101672 -0.879709542 -0.449504852
vn -0.247290909 -0.92856586 -0.276789844
vn -0.259310305 -0.928236842 -0.266710579
vn -0.21420528 -0.926422834 -0.309607625
vn -0.0259999596 -0.847098708 -0.53079921
vn -0.657797515 -0.566997886 -0.495798141
vn -0.678890169 -0.542392135 -0.494892836
vn -0.194692552 -0.980162501 -0.0370985791
vn -0.198394611 -0.962273896 -0.186194941
vn 0.0801006034 -0.834206223 -0.54560411
vn -0.886001825 -0.213700429 -0.411500841
vn -0.83188349 -0.331993401 -0.444691181
vn -0.414205909 -0.801611483 -0.43110615
vn 0.155899763 -0.777698815 -0.608999074
vn -0.198394611 -0.962273896 -0.186194941
vn -0.272906095 -0.941020966 -0.200004458
vn -0.194692552 -0.980162501 -0.0370985791
vn -0.175498664 -0.978292584 -0.110199161
vn -0.242006242 -0.969624996 -0.0355009176
vn -0.907576144 -0.061298389 -0.415389061
vn -0.848217547 -0.174403608 -0.500110328
vn -0.0432007872 -0.522709548 -0.851415515
vn -0.419882953 -0.839165926 -0.345685989
vn -0.326603115 -0.877208352 -0.351903349
vn 0.0704966486 -0.603471339 -0.79426229
vn -0.0432007872 -0.522709548 -0.851415515
vn -0.952829301 -0.0795024484 -0.292908996
vn -0.150506929 -0.988545477 0.0112005156
vn -0.260598302 -0.962093771 0.0803994834
vn -0.022100294 -0.455206037 -0.890111804
vn -0.946163714 0.01799931 -0.323187619
vn -0.322906017 -0.944417655 0.0617011525
vn -0.377500921 -0.910102248 -0.170900419
vn 0.0822972506 -0.599179983 -0.796373367
vn -0.273108959 -0.961331487 0.0354011618
vn 0.183710963 -0.664839625 -0.72404319
vn -0.967164755 -0.0821970031 -0.240491226
vn -0.975976348 -0.145696461 -0.161996067
vn -0.14560622 -0.989342272 0.000800034206
vn -0.979992092 -0.108599119 -0.166798651
vn -0.292091995 -0.956073821 0.0245993268
vn -0.404481322 -0.252288342 -0.879059434
vn -0.248388156 -0.29528591 -0.922555983
vn -0.328211457 -0.22370781 -0.917732
vn -0.227803886 -0.965016484 0.129802212
vn -0.190400019 -0.976600111 0.100000016
vn -0.262485325 -0.906249285 -0.33138147
vn -0.304601103 -0.920003355 -0.246600896
vn -0.384216458 -0.121305197 -0.915239215
vn -0.170008153 -0.981847107 0.0841040313
vn -0.257901073 -0.166000694 -0.951803982
vn -0.0999986082 -0.392994523 -0.914087296
vn -0.059399195 -0.912387609 -0.404994518
vn -0.162491471 -0.931551158 -0.325282931
vn 0.102997474 -0.895978034 -0.431989402
vn -0.178209841 -0.251713902 -0.95125252
vn -0.959817588 -0.00330006052 -0.280605137
vn -0.187204272 -0.951121688 0.245605603
vn -0.00700006867 -0.965609491 -0.259902537
vn -0.162491471 -0.931551158 -0.325282931
vn -0.059399195 -0.912387609 -0.404994518
vn -0.265906274 -0.876220644 0.401909471
vn -0.157900319 -0.973401964 -0.166000336
vn -0.262485325 -0.906249285 -0.33138147
vn -0.260512203 -0.0466021821 -0.964345157
vn -0.115197718 -0.155596912 -0.981080592
vn -0.365509123 -0.0428010672 -0.92982316
vn -0.272906095 -0.941020966 -0.200004458
vn -0.969303012 -0.00910002831 -0.245700762
vn -0.142696798 -0.974778116 0.171596155
vn -0.236103967 -0.94131583 0.241204053
vn -0.408595443 0.0202997737 -0.912489831
vn -0.899468422 0.106596254 -0.42378512
vn -0.847809434 0.0840009302 -0.523605824
vn -0.0801020339 -0.306407779 -0.948524058
vn -0.78488791 0.170597374 -0.595690787
vn -0.755439401 0.142507434 -0.639533341
vn -0.290502369 -0.892707229 0.344502807
vn -0.811311603 0.146702096 -0.565908074
vn -0.115197718 -0.155596912 -0.981080592
vn -0.584976494 -0.455481678 -0.67107302
vn -0.569517314 -0.418912709 -0.707221448
vn -0.582908511 -0.449606568 -0.676809907
vn -0.304601103 -0.920003355 -0.246600896
vn -0.567427158 -0.389018625 -0.72573477
vn -0.614793479 -0.263997197 -0.743192077
vn -0.520516098 -0.245407581 -0.817825258
vn -0.570274234 -0.369883299 -0.733466864
vn -0.0314986557 -0.10129568 -0.994357586
vn 0.0744017214 -0.465110749 -0.882120371
vn -0.48908481 -0.455785841 -0.743676901
vn -0.564794898 -0.413096279 -0.714393556
vn -0.0425012298 -0.99422878 -0.098502852
vn -0.809478283 0.239493564 -0.536085606
vn -0.655821145 -0.418013453 -0.628620267
vn -0.61319679 -0.339198232 -0.713396251
vn 0.176104456 -0.466111779 -0.867021918
vn -0.684297025 -0.235298991 -0.690197051
vn -0.745692909 0.340196788 -0.572894573
vn -0.319389373 -0.889970362 -0.325489163
vn -0.308508545 -0.91212523 -0.269907475
vn 0.234901085 -0.49590227 -0.83600384
vn -0.871754885 0.218588695 -0.438477308
vn -0.685613215 -0.495709538 -0.533110261
vn -0.668410122 -0.531808019 -0.520007849
vn -0.584000349 -0.55880034 -0.588800311
vn -0.750874281 -0.389886647 -0.53308177
vn -0.757863104 0.373281837 -0.535073996
vn -0.809873998 0.308090091 -0.499183953
vn -0.172405913 -0.976933539 -0.126004323
vn -0.150506929 -0.988545477 0.0112005156
vn -0.752560556 -0.45287627 -0.478074968
vn -0.938245296 0.0848040953 -0.335416198
vn -0.750277519 -0.486385435 -0.447786599
vn -0.928129315 0.181505725 -0.32501027
vn -0.796647072 -0.275781661 -0.537864268
vn -0.96517694 0.109897375 -0.237394318
vn -0.928423882 0.227905869 -0.293407559
vn -0.902318776 0.259105384 -0.344507188
vn -0.818617702 -0.0743016079 -0.569512308
vn -0.72819978 -0.190699935 -0.658299804
vn -0.860893548 0.352697343 -0.366697252
vn -0.774102569 -0.12840043 -0.619902074
vn -0.899084151 0.366193533 -0.239895776
vn -0.441203594 -0.552704513 -0.707005739
vn -0.430796921 -0.57819587 -0.692895055
vn -0.372909844 -0.680817962 -0.630416632
vn -0.498525321 -0.626031816 -0.599630475
vn -0.473604292 -0.471804261 -0.743706763
vn -0.512805641 -0.52130574 -0.682107508
vn -0.624615729 -0.521913171 -0.580914617
vn -0.60578227 -0.411287963 -0.681080043
vn -0.428710938 -0.563814402 -0.705918014
vn -0.613985419 -0.512287796 -0.600485742
vn -0.615992904 -0.575893342 -0.537493825
vn -0.517296612 -0.1682989 -0.839094579
vn -0.568181038 -0.0194993485 -0.822672546
vn -0.590093672 -0.0664992854 -0.804591358
vn -0.516111672 -0.0186004192 -0.856319308
vn -0.455613256 0.086902529 -0.88592577
vn -0.769009829 0.0952012166 -0.632108092
vn -0.748184383 0.168696478 -0.641686559
vn -0.99375999 -0.0293988157 -0.107595667
vn -0.722406745 -0.688406408 0.0650006086
vn -0.38009879 -0.924597085 0.0253999196
vn -0.249603778 -0.889513493 -0.382705808
vn -0.38009879 -0.924597085 0.0253999196
vn -0.51659894 -0.800898314 0.302799374
vn -0.722406745 -0.688406408 0.0650006086
vn -0.809680641 -0.494088203 0.316692442
vn -0.141300112 -0.840600669 0.522900403
vn -0.474116147 -0.636521637 0.608320713
vn 0.669588566 -0.512491226 -0.537590802
vn 0.662127852 -0.602725387 -0.445318758
vn 0.63220942 -0.545208156 -0.550508201
vn 0.1819942 -0.846873045 -0.499684095
vn 0.102997474 -0.895978034 -0.431989402
vn 0.0801006034 -0.834206223 -0.54560411
vn 0.582505226 -0.798507154 0.151901364
vn 0.5848701 -0.810358584 0.0352981947
vn 0.620307565 -0.775309443 0.118801445
vn 0.765329301 -0.542720795 -0.346013248
vn 0.209896922 -0.905786753 -0.368094623
vn 0.639682651 -0.766379237 0.0588984005
vn 0.230405375 -0.803018749 -0.54961282
vn 0.173206195 -0.948533893 -0.265109479
vn 0.279407531 -0.914724648 -0.291907877
vn 0.297200084 -0.861400247 -0.411900133
vn 0.105198629 -0.984087169 -0.143198133
vn 0.343917012 -0.755937397 -0.557027578
vn 0.519802094 -0.838003337 0.166000664
vn 0.521806955 -0.804010749 0.285103828
vn 0.441399127 -0.86989826 0.220099568
vn 0.378416508 -0.873938143 -0.305013299
vn 0.420399457 -0.814998925 0.398799479
vn 0.218207031 -0.95953095 -0.17800574
vn 0.393974543 -0.806647897 -0.440571517
vn 0.331185639 -0.921560049 -0.202591211
vn 0.449875623 -0.804656386 -0.387479007
vn 0.224701762 -0.708005548 -0.669505239
vn 0.581516922 -0.770222366 0.261907607
vn 0.00839959737 -0.993852317 -0.110394701
vn 0.424613386 -0.879327714 -0.215606794
vn -0.0260987412 -0.99965179 0.00389981177
vn 0.102301918 -0.993618608 0.0475008897
vn 0.263205707 -0.643113911 -0.719115555
vn 0.516532123 -0.801649868 -0.300918728
vn 0.381498903 -0.852397561 0.35759896
vn 0.368091643 -0.692284286 -0.620685935
vn 0.112799816 -0.990998387 -0.0720998794
vn 0.538901687 -0.765802443 0.350901127
vn 0.432300538 -0.743100941 -0.5108006
vn 0.432594419 -0.895288467 -0.106398627
vn 0.198491231 -0.977556825 -0.0705968812
vn 0.611913681 -0.790917695 -0.00330007379
vn 0.631085396 -0.774782062 -0.0379991196
vn 0.648530066 -0.761035264 -0.0153007088
vn 0.480702758 -0.862804949 -0.156500891
vn 0.478804708 -0.770007551 -0.421704143
vn 0.334907204 -0.940020204 -0.0648013949
vn 0.524724066 -0.844238698 -0.109205
vn 0.815286875 -0.565690875 -0.123698004
vn 0.755199254 -0.645699382 -0.112899892
vn 0.795800686 -0.558100462 -0.235000208
vn 0.191392675 -0.981262445 -0.0221991502
vn 0.815868616 -0.545678973 -0.191292644
vn 0.491582006 -0.722073555 -0.486782193
vn 0.271306068 -0.960821509 0.056701269
vn 0.529423475 -0.758333623 -0.380316854
vn 0.532121241 -0.823332906 -0.197407886
vn 0.801979184 -0.574485064 -0.163695753
vn 0.385893524 -0.918384552 0.0874985307
vn 0.342395306 -0.578692019 -0.74018985
vn 0.468516678 -0.882931411 -0.0304010827
vn 0.739401042 -0.663900912 -0.111900158
vn 0.684489489 -0.725388885 -0.0726988837
vn 0.691627979 -0.715028882 -0.101904117
vn 0.720715225 -0.690214574 -0.0646013692
vn 0.76223278 -0.64312768 -0.0734031573
vn 0.737829447 -0.665426552 -0.113204516
vn 0.565902233 -0.782203138 -0.260601044
vn 0.281496674 -0.464594513 -0.839590132
vn 0.394498438 -0.667897344 -0.631097496
vn 0.402419239 -0.591228247 -0.698933423
vn 0.366395086 -0.520893037 -0.770989656
vn 0.520360529 -0.765841842 -0.377771318
vn -0.00689969584 -0.984456658 0.175492272
vn 0.284008861 -0.400812507 -0.871027172
vn 0.370710254 -0.460012704 -0.8068223
vn 0.752543092 -0.657037616 0.0445025489
vn 0.775367737 -0.629273832 0.0530977882
vn 0.115698487 -0.974787235 0.190797508
vn 0.723566532 -0.688068151 0.0548974574
vn 0.20379211 -0.975862205 0.0784969553
vn 0.796590567 -0.604092836 0.0226997323
vn 0.407002449 -0.587403536 -0.699504197
vn 0.587001681 -0.79840225 -0.134100378
vn 0.474885017 -0.54348284 -0.69217819
vn 0.815501511 -0.573101044 -0.0807001442
vn 0.275692731 -0.945275009 0.174495384
vn 0.414810061 -0.348508447 -0.840520382
vn 0.432288021 -0.422788292 -0.796477973
vn 0.295296788 -0.908690095 0.295096785
vn 0.217503384 -0.94941479 0.226503521
vn 0.511411667 -0.432409853 -0.742616892
vn 0.519401014 -0.395300746 -0.75760144
vn 0.637209117 -0.75271076 -0.165502369
vn 0.00739977555 -0.973470449 0.228693053
vn -0.146892965 -0.957354128 0.248788089
vn 0.430586547 -0.697178245 -0.573182106
vn 0.146202251 -0.963814795 0.222903416
vn 0.520597637 -0.621897221 -0.584997356
vn 0.860387087 -0.508492351 -0.0341994874
vn 0.0702991709 -0.926689029 0.36919564
vn 0.196802139 -0.930210054 0.309803367
vn -0.144405738 -0.94303751 0.299711913
vn 0.552897155 -0.44129771 -0.706796348
vn 0.0903987363 -0.918187201 0.385694623
vn 0.560089469 -0.828084409 -0.0239995494
vn 0.583816528 -0.674219072 -0.452312797
vn 0.67162174 -0.734423816 0.0977031663
vn 0.666076124 -0.733473718 0.135495141
vn 0.639204085 -0.745904744 0.187201187
vn 0.358001441 -0.898903608 0.252601027
vn 0.452107668 -0.886215031 0.101101719
vn 0.537514806 -0.841023147 0.0613016859
vn 0.698423445 -0.697523415 0.160205379
vn 0.613336086 -0.740543604 -0.274616152
vn 0.660291314 -0.657291353 -0.363295227
vn 0.5689044 -0.619404793 -0.541004181
vn 0.559369862 -0.612366974 -0.558669865
vn 0.555098295 -0.48269853 -0.677397966
vn 0.663290381 -0.700889826 0.2622962
vn 0.602810562 -0.797213972 -0.0327005722
vn 0.628113747 -0.607513249 -0.486210614
vn 0.716910124 -0.661309302 0.22070311
vn 0.614724636 -0.511120498 -0.600724101
vn 0.263891339 -0.892870724 0.364888012
vn 0.59788239 -0.712278962 0.367689162
vn 0.132095709 -0.909270465 0.394687176
vn 0.637472689 -0.767167091 -0.0712969452
vn 0.532581091 -0.759073079 0.374386728
vn 0.66299355 -0.746192694 -0.0602994114
vn 0.246614218 -0.856549382 0.453326136
vn 0.332681894 -0.833054662 0.441975921
vn 0.654573441 -0.646073818 0.392584085
vn 0.667161942 -0.705059826 0.240386292
vn 0.774702013 -0.631201625 0.037700098
vn 0.727996111 -0.66849643 0.152099192
vn 0.607520938 -0.762326241 -0.223107681
vn 0.693413258 -0.684013069 -0.226504326
vn 0.824187577 -0.563491523 0.0564991497
vn 0.802486002 -0.587089777 0.106498145
vn 0.832997322 -0.536098242 0.136799559
vn 0.811981201 -0.573186755 0.110197447
vn 0.847115576 -0.503109276 0.17110315
vn 0.831367552 -0.551078498 0.0716972053
vn 0.64599514 -0.745494366 0.164098769
vn 0.735595882 -0.646696389 0.201698869
vn 0.672805727 -0.70480603 0.224901929
vn 0.670779049 -0.638580084 0.377188236
vn 0.741994321 -0.58099556 0.334497452
vn 0.795025826 -0.542617619 0.271108806
vn 0.779568851 -0.55297786 0.294088244
vn 0.776006818 -0.507504463 0.374503285
vn 0.862175107 -0.44828707 0.235993192
vn 0.830085397 -0.438892275 0.343993932
vn 0.846293151 -0.388496846 0.364497036
vn -0.385004789 0.151401877 -0.910411298
vn 0.264494956 0.387792617 -0.882983208
vn 0.32439971 0.270899743 -0.906299174
vn 0.25179103 0.286289811 -0.924467087
vn -0.298804402 0.049800735 -0.953014076
vn -0.606387198 0.251394689 -0.754384041
vn 0.155105084 0.547917962 -0.822026968
vn 0.183606252 0.361712337 -0.914031148
vn -0.157402873 -0.00570010394 -0.987518013
vn -0.346709788 0.235506654 -0.907925606
vn -0.326688647 0.136195272 -0.935267508
vn -0.507000804 0.274400443 -0.8171013
vn -0.604871809 0.303385854 -0.736265659
vn -0.415583998 0.271889538 -0.867966592
vn 0.0754002556 0.457701534 -0.885903001
vn -0.247195885 0.140097663 -0.958784044
vn -0.157402873 -0.00570010394 -0.987518013
vn 0.363208711 0.493111819 -0.790518939
vn -0.501922548 0.35691604 -0.787835419
vn -0.483979553 0.453880847 -0.748168409
vn -0.458796412 0.384597003 -0.800993741
vn -0.657212138 0.305505633 -0.689012706
vn -0.676105201 0.350302696 -0.648204982
vn -0.0298011098 -0.0154005736 -0.999437213
vn -0.115994141 0.60716933 -0.786060274
vn 0.0283981543 0.493567914 -0.869243503
vn -0.163694561 0.597380161 -0.785073936
vn -0.0546013862 0.564214349 -0.823820889
vn -0.123493053 0.681461692 -0.721359432
vn -0.612977028 0.336687386 -0.714773238
vn -0.283006936 0.306807518 -0.908722281
vn -0.618571579 0.379382551 -0.68806839
vn -0.177308708 0.27911371 -0.943746328
vn -0.67420429 0.401302546 -0.620003939
vn 0.0729980767 0.64418304 -0.761379957
vn -0.0870982781 0.0549989156 -0.994680345
vn 0.0203003306 0.0758012384 -0.996916294
vn -0.0378998965 0.707598031 -0.705598056
vn -0.166803747 0.690215528 -0.704115808
vn -0.0291005354 0.137902543 -0.990018189
vn -0.12899892 0.709894061 -0.692394197
vn -0.545101166 0.411200851 -0.730601549
vn -0.317594826 0.36709401 -0.874285698
vn -0.00470005767 0.0913011208 -0.995812237
vn -0.577811837 0.402508229 -0.710014522
vn -0.0870982781 0.0549989156 -0.994680345
vn -0.348908007 0.382108778 -0.855719626
vn -0.577595472 0.464196354 -0.671494722
vn -0.0296000373 0.799000978 -0.600600719
vn -0.11210373 0.169505641 -0.979132593
vn -0.617721081 0.400413662 -0.676823139
vn -0.11210373 0.169505641 -0.979132593
vn -0.0338005424 0.751812041 -0.658510566
vn -0.576910853 0.475808918 -0.663912475
vn -0.35240677 0.447508574 -0.821915746
vn -0.476171136 0.429273993 -0.767453492
vn -0.674990356 0.448593587 -0.585791647
vn -0.361890793 0.423289239 -0.830578864
vn -0.60769552 0.444096744 -0.658395171
vn -0.390413105 0.460615456 -0.79712671
vn 0.279010534 0.598422587 -0.751028359
vn -0.41637367 0.393875092 -0.819448233
vn 0.259902269 0.601005197 -0.755806565
vn 0.0778035149 -0.0254011489 -0.996645093
vn 0.0956971422 -0.0636980981 -0.993370354
vn -0.637586117 0.384291649 -0.667685449
vn -0.631596446 0.401897758 -0.662996292
vn -0.461986452 0.421587646 -0.780277133
vn 0.309911251 0.600621819 -0.737026751
vn 0.179292187 -0.154693261 -0.971557677
vn 0.305608541 0.593416572 -0.7446208
vn -0.518899083 0.49349916 -0.697998822
vn -0.427793056 0.580190599 -0.69308877
vn -0.426904917 0.483305573 -0.76430881
vn -0.453994483 0.563493133 -0.690191627
vn 0.181600109 0.718500435 -0.671400428
vn 0.289394379 0.619287968 -0.729885817
vn -0.0746989772 0.375794858 -0.923687339
vn 0.0140003283 0.241005644 -0.970422745
vn -0.177308708 0.27911371 -0.943746328
vn 0.47221002 0.553411722 -0.68611455
vn 0.246307567 -0.265108138 -0.932228625
vn -0.70517832 0.395787805 -0.58828187
vn 0.281796157 -0.135998145 -0.949787021
vn -0.240801975 0.444303662 -0.862907112
vn -0.240801975 0.444303662 -0.862907112
vn -0.316010386 0.555918276 -0.768825293
vn -0.724606156 0.422703594 -0.544304669
vn 0.328704208 -0.16040206 -0.930711925
vn 0.2980057 0.742414176 -0.600011468
vn -0.289803594 0.636107862 -0.715108871
vn 0.187898487 0.0278997757 -0.981792092
vn -0.0757965967 0.368183464 -0.926658392
vn -0.368507743 0.610212803 -0.701314747
vn -0.389388055 0.587381959 -0.709478259
vn -0.403310567 0.589215457 -0.700118363
vn 0.3256073 -0.0473010615 -0.944321156
vn -0.41271475 0.66002357 -0.627722442
vn -0.372583866 0.64637202 -0.665871203
vn 0.0477016307 -0.0354012102 -0.998234093
vn -0.0267001707 0.365302324 -0.930505931
vn 0.102199137 0.319697291 -0.941992044
vn -0.497204185 0.592305005 -0.634005368
vn -0.502828181 0.596233428 -0.625835061
vn -0.650691867 0.479993999 -0.588392615
vn -0.656795442 0.508196473 -0.557096124
vn -0.737006366 0.482204139 -0.473604083
vn -0.798818052 0.391308844 -0.456910342
vn 0.0764004812 0.0577003621 -0.99540627
vn -0.390127122 0.71694988 -0.577740192
vn -0.183501855 0.416104198 -0.890608966
vn -0.309705198 0.712511957 -0.629610538
vn -0.780461431 0.449177802 -0.434878498
vn 0.159900382 0.123300292 -0.979402304
vn 0.0571978241 0.170693517 -0.983662605
vn -0.278599203 0.632298231 -0.722897947
vn -0.302799851 0.534299731 -0.789199591
vn -0.302799851 0.534299731 -0.789199591
vn -0.835199654 0.470699787 -0.284399867
vn -0.231395513 0.499090314 -0.835083783
vn -0.229191259 0.735071957 -0.63807565
vn -0.278599203 0.632298231 -0.722897947
vn -0.0928015634 0.408306867 -0.908115268
vn -0.309705198 0.712511957 -0.629610538
vn 0.00159997225 0.435092449 -0.900384367
vn 0.0829006955 0.145301208 -0.98590821
vn -0.771416008 0.559611619 -0.302906275
vn -0.425987601 0.443487078 -0.78857702
vn -0.703463614 0.508773685 -0.496274352
vn -0.418397188 0.541496336 -0.729195118
vn 0.171205401 0.239707559 -0.955630183
vn -0.617116511 0.475412697 -0.627016723
vn -0.545793176 0.560792983 -0.622592211
vn -0.338994116 0.6417889 -0.687888086
vn -0.344790161 0.625082135 -0.700280011
vn -0.47468701 0.628482759 -0.616183102
vn 0.116098709 0.21589759 -0.969489217
vn -0.0620971024 0.803562462 -0.591972351
vn -0.161094859 0.817673922 -0.5526824
vn 0.144796237 0.177695394 -0.973374724
vn 0.22500357 0.121001922 -0.966815352
vn -0.387911499 0.581117213 -0.7154212
vn -0.608493984 0.527794778 -0.592594147
vn 0.374590635 -0.00499987509 -0.927176833
vn -0.35099709 0.564095318 -0.747393787
vn -0.411301613 0.538802087 -0.735202849
vn -0.369403481 0.592105567 -0.716206729
vn -0.463292569 0.606890261 -0.645789623
vn -0.601006687 0.558006167 -0.572206318
vn -0.401897013 0.633795261 -0.660895109
vn -0.417900592 0.641600907 -0.643200874
vn -0.352608532 0.622015059 -0.699116945
vn -0.471000493 0.675100744 -0.567800581
vn -0.52937305 0.62346828 -0.575370729
vn 0.121100098 0.228000179 -0.966100752
vn 0.222508207 0.207307637 -0.952635109
vn 0.283787489 0.0722968131 -0.956157863
vn -0.470022827 0.561127245 -0.681333065
vn -0.323589057 0.614879191 -0.719175696
vn -0.00689999573 0.308499813 -0.951199353
vn -0.485993743 0.734390497 -0.473793894
vn -0.453028023 0.71234405 -0.536033154
vn -0.433416069 0.667724729 -0.605222404
vn -0.647911489 0.564509988 -0.511409044
vn -0.37588945 0.816677094 -0.437887728
vn -0.616002202 0.638402283 -0.461501658
vn 0.00450001424 0.325001031 -0.94570297
vn -0.71028161 0.593884647 -0.377890229
vn -0.35099709 0.564095318 -0.747393787
vn -0.652198672 0.664498627 -0.364799261
vn 0.18329297 0.299688518 -0.936264098
vn 0.23190248 0.251702696 -0.939610004
vn 0.331594288 0.24339582 -0.911484361
vn 0.17720665 0.111504182 -0.977836728
vn -0.549096107 0.683895171 -0.480396599
vn -0.46588707 0.651281953 -0.598983407
vn -0.25059703 0.818990231 -0.516193867
vn -0.580294549 0.745392978 -0.328096896
vn 0.321497858 0.281198114 -0.904193997
vn 0.0807991773 0.434395581 -0.897090852
vn -0.229191259 0.735071957 -0.63807565
vn -0.161094859 0.817673922 -0.5526824
vn -0.437708795 0.632412672 -0.63911283
vn -0.10679885 0.884990513 -0.453195125
vn -0.309506327 0.863317668 -0.398608148
vn -0.182802305 0.915611506 -0.358104497
vn 0.0800996423 0.833096266 -0.547297537
vn -0.0506023206 0.857539356 -0.511923492
vn -0.172298476 0.551195145 -0.816392779
vn -0.0395004526 0.519905925 -0.853309751
vn -0.339198679 0.592597723 -0.730597138
vn -0.30969891 0.58019799 -0.753297329
vn -0.339198679 0.592597723 -0.730597138
vn -0.0264991336 0.888770938 -0.457585037
vn -0.10679885 0.884990513 -0.453195125
vn 0.0283000283 0.941400886 -0.33610034
vn -0.0264991336 0.888770938 -0.457585037
vn -0.0408986136 0.96406728 -0.262491107
vn 0.169704765 0.862024188 -0.477613419
vn 0.33109498 0.834787369 -0.439893335
vn 0.452607602 0.708611906 -0.541309118
vn 0.0979975015 0.90967679 -0.403589696
vn 0.100503363 0.388312995 -0.916030645
vn 0.247204959 0.876817584 -0.412408292
vn 0.0283000283 0.941400886 -0.33610034
vn 0.307493389 0.923980117 -0.227395117
vn 0.140198559 0.964290082 -0.224697679
vn 0.0979975015 0.90967679 -0.403589696
vn 0.307493389 0.923980117 -0.227395117
vn 0.689563394 -0.0309983548 -0.723561585
vn 0.69013226 0.0255011916 -0.723233819
vn 0.699555576 -0.0245984383 -0.714154661
vn 0.799422264 -0.0320008919 -0.599916697
vn 0.776969492 -0.00889965054 -0.629475296
vn 0.946656704 -0.313585669 0.0741966069
vn 0.933970273 -0.352088809 -0.0610980578
vn 0.959088445 -0.25669691 -0.119398564
vn 0.827049196 0.308018327 -0.470227957
vn 0.632905781 0.434803963 -0.640605807
vn 0.8016873 0.39719373 -0.446692944
vn 0.764363348 0.0441978797 -0.643269181
vn 0.306208879 -0.260507554 -0.915626526
vn 0.531104624 0.0724006295 -0.844207346
vn 0.528504789 0.0739006698 -0.845707655
vn 0.63348645 0.032199312 -0.773083508
vn 0.614046097 0.191214353 -0.765757442
vn 0.916200519 -0.400700212 -0.00400000205
vn 0.933476627 -0.353291154 0.0616984554
vn 0.940586567 -0.324495345 0.099998571
vn 0.675813138 0.0260005053 -0.736614287
vn 0.813504338 0.110300586 -0.57100302
vn 0.378916323 -0.187008053 -0.90633899
vn 0.729646862 0.410726368 -0.546735108
vn 0.662390232 0.498092651 -0.559591711
vn 0.727901816 0.376600951 -0.573001444
vn 0.696770489 0.17519258 -0.695570588
vn 0.728292942 0.400296122 -0.556194603
vn 0.977594137 -0.204498768 0.049899701
vn 0.511283219 -0.377887577 -0.771874666
vn 0.783302009 0.402901024 -0.473401219
vn 0.373511881 0.312709928 -0.873327732
vn 0.324901223 0.28620109 -0.901403427
vn 0.298698455 0.271898597 -0.91479528
vn 0.440588355 0.297792137 -0.846877635
vn 0.481810153 0.310506552 -0.819417298
vn 0.48248142 0.168393523 -0.859566927
vn 0.535007536 0.227603212 -0.813611507
vn 0.538878858 -0.376485229 -0.753570437
vn 0.828384697 0.396092683 -0.396092683
vn 0.829392195 0.296497196 -0.473495543
vn 0.524498343 -0.25349921 -0.812797427
vn 0.762225449 -0.459415346 -0.456015229
vn 0.807536662 -0.448020339 -0.383617401
vn 0.524028659 -0.33641839 -0.782442749
vn 0.914417446 -0.336806417 0.224504277
vn 0.881576657 -0.461087793 0.101097323
vn 0.937273979 -0.34139052 0.0704980418
vn 0.856293023 -0.361697048 -0.368696988
vn 0.808415949 -0.403007954 -0.429008454
vn 0.784319878 -0.348208815 -0.513413012
vn 0.871860504 -0.23988913 -0.426980644
vn 0.836285532 -0.20459646 -0.508691192
vn 0.875083029 -0.318393826 0.364492923
vn 0.772705019 0.399102569 -0.4936032
vn 0.79968673 0.238096058 -0.551190853
vn 0.755913973 0.428207904 -0.495209128
vn 0.828276932 0.212194085 -0.518585563
vn 0.342911601 -0.085902907 -0.9354316
vn 0.871598959 -0.0909998864 -0.481699407
vn 0.844490767 -0.140198469 -0.516894341
vn 0.89008075 -0.136797041 -0.434790581
vn 0.824313283 -0.323205203 0.464807481
vn 0.826052368 -0.030498242 -0.562767565
vn 0.77099359 0.425096452 -0.474196047
vn 0.893682361 -0.219595656 0.391292274
vn 0.373594224 -0.0409993678 -0.926685691
vn 0.848105967 0.319302231 -0.422802985
vn 0.828077316 0.0819977522 -0.554584801
vn 0.477786213 -0.127496317 -0.869174898
vn 0.904216647 0.0388007127 -0.42530784
vn 0.737992167 0.438995332 -0.512494564
vn 0.55500406 -0.247401804 -0.794205785
vn 0.636784732 0.234294385 -0.734582424
vn 0.634792149 0.260096788 -0.727590978
vn 0.630392134 0.265696675 -0.72939086
vn 0.965628684 -0.212906331 0.149104431
vn 0.928619742 -0.27250579 0.251805365
vn 0.642098665 0.279899418 -0.713698506
vn 0.734906733 0.265102416 -0.624205709
vn 0.946656704 -0.313585669 0.0741966069
vn 0.860618591 0.299306452 -0.412008882
vn 0.986281872 -0.0272994973 0.162797004
vn 0.371608347 -0.0177003983 -0.928220868
vn 0.876131594 0.232108369 -0.422515243
vn 0.930541098 0.222009808 -0.291212857
vn 0.774732649 0.267911285 -0.572724104
vn 0.587023497 -0.135605425 -0.798131943
vn 0.92364043 -0.0661028922 0.377516538
vn 0.821314156 0.125902176 -0.556409597
vn 0.860121906 -0.141003594 0.4902125
vn 0.577287734 -0.418591112 -0.701085091
vn 0.713298023 0.445198745 -0.541298509
vn 0.607499421 0.460799575 -0.646999359
vn 0.635786057 -0.485089362 -0.600386858
vn 0.534622192 -0.30961284 -0.786332607
vn 0.953834593 -0.177306429 -0.242408782
vn 0.92128849 -0.283396453 -0.266296685
vn 0.769331217 0.474719256 -0.427517354
vn 0.736115932 0.396708608 -0.548411906
vn 0.991671741 -0.104197033 -0.0756978393
vn 0.990950048 0.0404020399 -0.128006473
vn 0.633233309 -0.350718468 -0.68993634
vn 0.996028304 -0.0832023695 -0.0317009017
vn 0.700283885 -0.44898966 -0.554987192
vn 0.730186582 0.426492155 -0.533790171
vn 0.622793317 0.635693133 -0.456095099
vn 0.766667604 0.575575709 -0.284487993
vn 0.739735842 -0.369717926 -0.562227249
vn 0.912232518 0.237208456 -0.334011912
vn 0.999692202 -0.00499996124 0.0242998116
vn 0.566295624 0.667994797 -0.482796252
vn 0.531074345 0.654468358 -0.538173974
vn 0.836582482 -0.47469005 -0.273494273
vn 0.99681294 0.0795010328 -0.00660008565
vn 0.545310497 0.768814802 -0.334006429
vn 0.537608922 0.69461149 -0.478007913
vn 0.608793855 -0.152198464 -0.77859211
vn 0.833111942 -0.532007635 -0.151302174
vn 0.66583401 -0.286414623 -0.68893522
vn 0.5711146 0.773219764 -0.275607049
vn 0.889906883 -0.405803144 -0.208301604
vn 0.966096997 0.222299308 -0.1312996
vn 0.950541377 0.241910532 -0.194808483
vn 0.945948064 0.272013813 -0.17660898
vn 0.642794907 0.704894423 -0.299897611
vn 0.980780184 0.056698855 -0.186696231
vn 0.895085752 -0.373994052 -0.242796138
vn 0.73039788 -0.141999587 -0.668098092
vn 0.549920201 0.7945292 -0.25750947
vn 0.926469266 -0.292790294 -0.236492157
vn 0.95308584 0.252796233 -0.166497529
vn 0.64218533 -0.0768982396 -0.762682557
vn 0.624622941 -0.0925033987 -0.775428474
vn 0.970014691 0.173402637 -0.170302585
vn 0.983904541 0.139400646 -0.111800514
vn 0.584717095 0.752321959 -0.303508848
vn 0.644003987 0.746504664 -0.167301044
vn 0.920388699 -0.332895905 -0.205097482
vn 0.59150821 0.79271096 -0.147402048
vn 0.947821677 -0.202404633 -0.24630563
vn 0.980421007 0.17870383 -0.0827017725
vn 0.498825371 0.839042664 -0.217211053
vn 0.778191686 -0.250297338 -0.575993836
vn 0.947832227 -0.265509009 -0.176405996
vn 0.958758473 -0.192191675 -0.209390923
vn 0.674008787 0.694809079 -0.250903279
vn 0.867279291 -0.485988408 -0.107897423
vn 0.79467684 -0.102697007 -0.598282576
vn 0.98431015 0.153901592 -0.0863008872
vn 0.955771387 0.216293529 -0.199294046
vn 0.901397347 -0.411898792 -0.133499607
vn 0.254994631 0.917880595 -0.30409357
vn 0.627403498 0.750704169 -0.206901148
vn 0.627403498 0.750704169 -0.206901148
vn 0.674008787 0.694809079 -0.250903279
vn 0.691553712 0.722251654 -0.0102993101
vn 0.663603663 0.747604132 0.0268001482
vn 0.636406958 0.747408152 -0.190702081
vn 0.486028016 0.837448239 -0.249914393
vn 0.637408733 0.748110235 -0.184502527
vn 0.426493883 0.00249996409 -0.904487014
vn 0.361004353 0.100701213 -0.927111149
vn 0.696224451 0.556819558 -0.453015924
vn 0.78108567 0.544590056 -0.305494398
vn 0.999692202 -0.00499996124 0.0242998116
vn 0.988862693 0.075097166 0.128495157
vn 0.956184328 0.0552990921 0.287495285
vn 0.927437782 -0.301612288 -0.221109003
vn 0.977594137 -0.204498768 0.049899701
vn 0.450006515 -0.00470006792 -0.893012881
vn 0.731361866 0.529772401 -0.429477602
vn 0.593725979 0.678029656 -0.433318943
vn 0.867891908 0.348496735 -0.353996694
vn 0.99681294 0.0795010328 -0.00660008565
vn 0.934219956 -0.255205452 -0.249205321
vn 0.450021476 0.0716034174 -0.8901425
vn 0.506182253 0.00989965256 -0.862369716
vn 0.646672487 0.685370862 -0.334785759
vn 0.931584239 0.0642989129 0.357793927
vn 0.807310879 0.516906977 -0.284703851
vn 0.473176539 0.0377981253 -0.880156398
vn 0.905947745 -0.0119006271 0.423222303
vn 0.959237218 0.262410194 -0.10490407
vn 0.470193833 0.0646991506 -0.880188465
vn 0.971709013 0.0899008363 0.218402028
vn 0.583718598 0.0070002228 -0.811925888
vn 0.945123017 -0.0766018629 -0.317607731
vn 0.96255362 0.264614731 -0.0589032806
vn 0.968447924 0.237311736 -0.0761037618
vn 0.800480068 0.446988881 -0.399290055
vn 0.437715024 0.146305025 -0.887130439
vn 0.946375728 0.305392176 0.105397299
vn 0.941878438 0.318992704 0.10539759
vn 0.96255362 0.264614731 -0.0589032806
vn 0.94782871 -0.216906577 -0.233607084
vn 0.938945115 0.229311019 0.256512314
vn 0.779380977 0.507387578 -0.367591023
vn 0.972059608 -0.0723969936 -0.223290727
vn 0.934127212 0.2983087 0.196005717
vn 0.620972097 0.269987881 -0.735866964
vn 0.722589433 0.0641990602 -0.68828994
vn 0.958075404 0.08729776 -0.272893012
vn 0.668242991 0.0119007658 -0.743847847
vn 0.987963915 0.145394698 0.0527980737
vn 0.987963915 0.145394698 0.0527980737
vn 0.58444345 0.741955221 -0.328524441
vn 0.35309729 0.894993126 -0.272597909
vn 0.363719642 0.753240705 -0.548029602
vn 0.49758321 0.538681805 -0.679877043
vn 0.906494617 0.137799174 -0.399097621
vn 0.365610182 0.385410726 -0.84722358
vn 0.674706817 0.362903655 -0.642706513
vn 0.835671008 0.307789326 -0.454884231
vn 0.692617416 0.0112002818 -0.721218169
vn 0.925606191 0.25300169 -0.281501889
vn 0.918094218 -0.0809994861 -0.387997568
vn 0.72007674 0.599280655 -0.349788725
vn 0.899704576 -0.0867004395 -0.427802175
vn 0.472276896 0.343983173 -0.811560273
vn 0.697209597 -0.127101749 -0.705509722
vn 0.893280506 0.251594514 -0.372491866
vn 0.717128277 -0.100703977 -0.68962723
vn 0.374291986 0.334492862 -0.864881516
vn 0.931062996 0.354285896 -0.0871965289
vn 0.731461644 0.636966646 -0.243387252
vn 0.790973485 0.592180133 -0.153894842
vn 0.126005843 0.85853982 -0.497023046
vn 0.516197741 0.391998291 -0.761496663
vn 0.152800277 0.722101331 -0.674701214
vn 0.903971434 -0.426286519 -0.0333989449
vn 0.476317197 0.345312476 -0.808629215
vn -0.00360015128 0.88093698 -0.473219872
vn -0.0231003258 0.944913268 -0.326504588
vn 0.467686534 0.492785811 -0.733778894
vn 0.306094676 0.834485531 -0.45819205
vn 0.728215814 -0.102002218 -0.677714705
vn 0.570423663 0.583924174 -0.577623963
vn 0.562892258 0.422994196 -0.71009028
vn 0.209103033 0.964313924 -0.162402347
vn 0.444598794 0.505298615 -0.739597976
vn 0.522706568 0.836510479 -0.164402068
vn 0.705880463 0.674081326 -0.217593968
vn 0.254994631 0.917880595 -0.30409357
vn 0.174108744 0.976849079 -0.124306247
vn -0.0231003258 0.944913268 -0.326504588
vn 0.0993978903 0.994078934 -0.0438990705
vn 0.209103033 0.964313924 -0.162402347
vn 0.561815679 0.298008323 -0.771721542
vn 0.337598145 0.936694801 0.0928994864
vn 0.386784136 0.911862552 0.137494355
vn 0.522706568 0.836510479 -0.164402068
vn 0.663716197 0.260606349 -0.701117098
vn 0.465004891 0.80200839 0.374903947
vn 0.683311343 0.338705629 -0.64681071
vn 0.976593852 0.0587996282 -0.206898689
vn 0.988225579 0.151203915 -0.0234006047
vn 0.975209355 0.219402105 0.0288002752
vn 0.560125768 0.330015182 -0.759834945
vn 0.834772527 0.528882563 -0.153094962
vn 0.698736131 0.347817987 -0.625132322
vn 0.840144873 0.452224135 -0.299415976
vn 0.586425543 0.439919144 -0.680129588
vn 0.832692623 0.531395316 0.155698612
vn 0.891132653 0.347712725 0.291510671
vn 0.772410333 0.625008404 0.112901516
vn 0.891132653 0.347712725 0.291510671
vn 0.832796395 0.279398799 0.477897942
vn 0.832692623 0.531395316 0.155698612
vn 0.694376528 0.567180812 0.442885041
vn 0.751894176 0.365497172 -0.548695743
vn 0.75510025 0.65440017 0.0398000106
vn 0.75510025 0.65440017 0.0398000106
vn 0.786616862 0.617413223 -0.00590012642
vn 0.559378147 0.811168313 0.170593336
vn 0.832692623 0.531395316 0.155698612
vn 0.428697318 0.645795941 0.631796002
vn 0.629086196 0.569487512 0.529088378
vn 0.629086196 0.569487512 0.529088378
vn 0.549506009 0.509305596 -0.662307262
vn 0.461208045 0.794913888 -0.394206882
vn 0.535700142 0.4038001 -0.741600215
vn 0.550887465 0.496288717 -0.670984745
vn 0.661793232 0.501894891 -0.556894302
vn 0.49320367 0.810606062 -0.315702349
vn 0.477812588 0.564214826 -0.67331773
vn 0.509490907 0.535190463 -0.673787951
vn 0.559586883 0.502988219 -0.658684552
vn 0.535997331 0.561297178 -0.630596817
vn 0.450184137 0.825470865 -0.340487987
vn 0.549314916 0.573315561 -0.607916474
vn 0.481078416 0.599273145 -0.639871299
vn 0.522377372 0.753667355 -0.398882717
vn 0.508193433 0.847089052 -0.155497983
vn 0.522377372 0.753667355 -0.398882717
vn 0.450184137 0.825470865 -0.340487987
vn 0.524016976 0.767424881 -0.369411975
vn 0.584717095 0.752321959 -0.303508848
vn 0.223909348 0.960540116 -0.165006891
vn 0.390581101 0.915055752 -0.100595132
vn 0.592805088 0.802806854 -0.0639005452
vn 0.49569574 0.862892628 -0.0984991565
vn 0.68502897 0.479320258 -0.548623204
vn 0.572808206 0.816111684 -0.0765011013
vn 0.675368011 0.523075223 -0.519875348
vn 0.522003531 0.633704305 -0.570903838
vn 0.978012562 0.163702101 -0.129201666
vn 0.658605993 0.362703323 -0.65930599
vn 0.634579241 0.46848467 -0.614679873
vn 0.968447924 0.237311736 -0.0761037618
vn 0.938860536 0.344285518 0.00289987796
vn 0.941935599 0.29901129 0.152805775
vn 0.938860536 0.344285518 0.00289987796
vn 0.872555256 0.432577819 0.22698836
vn 0.820667684 0.558878005 0.118995316
vn 0.820667684 0.558878005 0.118995316
vn -0.9992401 -0.00370014855 0.0388015583
vn -0.987473547 0.106197156 -0.116696872
vn -0.958138108 0.258010268 0.124104939
vn -0.579097152 -0.224298909 0.783796191
vn -0.4898085 -0.0915015861 0.867015064
vn -0.551617086 -0.103703216 0.827625632
vn -0.737496257 -0.0691996515 0.67179662
vn -0.671382546 0.119696885 0.731380999
vn -0.730897069 0.0938996226 0.675997317
vn -0.954179525 -0.264094323 -0.140696973
vn -0.96987927 -0.241394848 0.0325993039
vn -0.984253705 0.0480977371 0.170092002
vn -0.686005116 -0.433303207 0.584504366
vn -0.668604553 -0.475403249 0.571803927
vn -0.58698082 -0.407486677 0.699577093
vn -0.946992218 -0.304297477 -0.102999151
vn -0.671382546 0.119696885 0.731380999
vn -0.76110512 0.214301437 0.612204134
vn -0.730897069 0.0938996226 0.675997317
vn -0.973119199 -0.230004549 0.0117002307
vn -0.446617842 -0.728729129 0.519120753
vn -0.519824684 -0.616629303 0.591228068
vn -0.579009473 -0.579809487 0.573209405
vn -0.58509469 -0.538695097 0.606194496
vn -0.627980828 -0.105996765 0.770976484
vn -0.93564117 -0.29081279 0.200008795
vn -0.409784913 -0.748072445 0.521980762
vn -0.32060352 -0.837709188 0.442104846
vn -0.941481054 -0.220895559 0.254594892
vn -0.287780255 -0.84904176 0.443069607
vn -0.928098977 -0.155299827 0.338399619
vn -0.939472735 -0.169795066 0.297591358
vn -0.872602165 -0.213700518 0.439201087
vn -0.572917759 0.0252007805 0.819225371
vn -0.970344901 0.00429975614 0.241686285
vn -0.388905525 -0.657909334 0.644909143
vn -0.237800702 -0.79200232 0.562301636
vn -0.950439394 -0.243684456 0.193087682
vn -0.203692824 -0.712574899 0.671376348
vn -0.307891965 -0.633683443 0.709681451
vn -0.894875348 -0.316691279 0.314491332
vn -0.953972816 0.000999971526 0.299891442
vn -0.987046242 -0.0228010677 0.158807442
vn -0.985560179 -0.0211991444 0.167993218
vn -0.968022943 -0.0932022035 0.232905507
vn -0.743988216 -0.454192817 0.490092248
vn -0.666991413 -0.452794164 0.591692388
vn -0.667901456 -0.487801045 0.562101245
vn -0.916880906 -0.246194869 0.314193457
vn -0.952597558 -0.187099516 0.239899382
vn -0.98629576 -0.0160999317 0.164199293
vn -0.486024886 0.000600030704 0.873944759
vn -0.181199133 -0.665796816 0.723796546
vn -0.983465135 0.0373986736 0.177193716
vn -0.985270262 0.0904972702 0.145095617
vn -0.637392282 -0.548193336 0.541493416
vn -0.504895449 -0.405896336 0.761793137
vn -0.70338732 -0.578089535 0.413592517
vn -0.68498373 -0.449089348 0.573686361
vn -0.44348973 -0.537287533 0.717383385
vn -0.637392282 -0.548193336 0.541493416
vn -0.701214612 -0.521810889 0.485810131
vn -0.609887362 0.2127956 0.763384223
vn -0.6253075 -0.487205833 0.609607279
vn -0.504895449 -0.405896336 0.761793137
vn -0.514793396 -0.388195038 0.76439023
vn -0.484403074 -0.360302299 0.797205091
vn -0.33960107 -0.358901113 0.869402707
vn -0.547292352 -0.195497259 0.813788593
vn -0.49452436 -0.50982511 0.703934669
vn -0.525479853 -0.366185963 0.767970562
vn -0.721111774 -0.200703278 0.663110852
vn -0.823586285 0.0787986889 0.561690629
vn -0.919756591 0.00919956528 0.392381459
vn -0.50660646 0.116201483 0.85431087
vn -0.578110218 -0.382006764 0.721012771
vn -0.528383374 0.220493078 0.819874227
vn -0.718064904 -0.249887779 0.64956826
vn -0.33960107 -0.358901113 0.869402707
vn -0.339199424 -0.521699131 0.782798707
vn -0.191697836 -0.579793453 0.791891098
vn -0.578110218 -0.382006764 0.721012771
vn -0.617193222 -0.465694875 0.634193063
vn -0.646503091 -0.488502324 0.586002767
vn -0.958906174 0.0887005702 0.269501746
vn -0.471277565 -0.185491174 0.862258971
vn -0.48842591 -0.309316427 0.815943301
vn -0.381702304 -0.225301355 0.896405399
vn -0.700640678 -0.456426501 0.548431814
vn -0.1237996 -0.65909785 0.741797566
vn -0.064997986 -0.855273545 0.514084101
vn -0.152797356 -0.864584982 0.478691697
vn -0.314607918 -0.711417913 0.628415823
vn -0.243998274 -0.905493617 0.347197562
vn -0.904236555 -0.064602606 0.422117054
vn -0.879793406 0.10329923 0.46399653
vn -0.446929246 -0.771550477 0.452729613
vn -0.893501461 0.186500296 0.408500671
vn -0.68302542 -0.494518429 0.537520051
vn -0.573484063 -0.31029138 0.758178949
vn -0.441280246 -0.430680722 0.787264764
vn -0.501683295 -0.691776991 0.519382715
vn -0.351598531 -0.838296533 0.416698277
vn -0.381301761 -0.100200467 0.919004261
vn -0.814939737 0.241511777 0.526825666
vn -0.826907396 0.132501185 0.546504915
vn -0.875722528 -0.103402659 0.471612126
vn -0.196806118 -0.229807138 0.95312959
vn -0.334602743 -0.319602638 0.886507273
vn -0.700640678 -0.456426501 0.548431814
vn -0.279687434 -0.208590627 0.937157869
vn -0.688390434 -0.47219345 0.550592363
vn -0.328306317 -0.162903145 0.930417955
vn -0.709207535 -0.471304983 0.524305582
vn -0.264398783 -0.399898171 0.877596021
vn -0.574691415 -0.55869168 0.597991109
vn -0.187689885 -0.486373782 0.853353977
vn -0.972151816 0.23431249 0.00430022925
vn -0.990637362 0.108004071 0.0835031494
vn -0.970924318 0.171704292 0.16680418
vn -0.933850586 0.295984328 0.200789377
vn -0.915872872 0.396188259 0.0648980737
vn -0.701625288 -0.434915662 0.564420342
vn -0.229600683 -0.126700372 0.965002894
vn -0.597972333 -0.486777484 0.636770546
vn -0.668795466 -0.361397564 0.649695635
vn -0.167195484 -0.367490053 0.914875269
vn -0.982639074 -0.150705993 -0.108204305
vn -0.98997432 -0.0870977417 0.111197114
vn -0.756178975 -0.323890984 0.568584204
vn -0.940661967 0.171893045 0.292588174
vn -0.98106122 -0.163093552 0.104495868
vn -0.439206988 0.0514008179 0.896914244
vn -0.850599766 -0.373999894 0.369599909
vn -0.709207535 -0.471304983 0.524305582
vn -0.882830143 0.321610987 0.34231168
vn -0.728801191 -0.462300748 0.505100846
vn -0.806589246 -0.319395751 0.49739337
vn -0.386812657 -0.00720023597 0.922130227
vn -0.728801191 -0.462300748 0.505100846
vn -0.572700262 -0.485000223 0.660900295
vn -0.990183949 -0.0101998346 -0.13939774
vn -0.699413717 -0.433408499 0.568311155
vn -0.699413717 -0.433408499 0.568311155
vn -0.881083548 0.44369173 0.163796946
vn -0.606422007 -0.539819598 0.583821177
vn -0.990902245 -0.0325000733 0.130600303
vn -0.824647069 -0.299217075 0.480027407
vn -0.971708536 0.13340117 -0.194901705
vn -0.414716601 0.120504826 0.901936114
vn -0.991712987 0.106401391 -0.0720009431
vn -0.653322995 -0.466316432 0.596421003
vn -0.850508988 0.511805415 0.121201277
vn -0.878330767 0.475216657 0.0520018227
vn -0.96858269 -0.111698009 0.222196028
vn -0.326482028 0.0323982164 0.944648027
vn -0.282713354 -0.072703436 0.956445158
vn -0.250798136 -0.858293653 0.447696686
vn -0.836398423 0.477799088 0.26859948
vn -0.169802472 -0.950313807 0.260903805
vn -0.202891812 -0.950561583 0.235090509
vn -0.143506423 -0.116705224 0.982744038
vn -0.957327187 -0.046701327 0.285208106
vn -0.267406344 -0.912421644 0.30980736
vn -0.177795261 -0.955474496 0.23549372
vn -0.200899571 -0.916398048 0.346199274
vn -0.230605423 -0.895521045 0.380608946
vn -0.901979446 -0.201095417 0.382091284
vn -0.253109664 -0.0197007526 0.967236996
vn -0.307186157 -0.878460407 0.365983516
vn -0.831503034 0.315401137 0.457301676
vn -0.238105372 -0.0151003413 0.971121907
vn -0.977495492 -0.0189999118 0.210099027
vn -0.982183456 0.12389791 0.141297624
vn -0.981996298 0.188899279 0.0005999977
vn -0.286405355 -0.901516855 0.324406058
vn -0.279005915 -0.900219142 0.334307104
vn -0.832606137 0.415703058 0.366002709
vn -0.687917709 0.261306733 0.677117407
vn -0.323408782 -0.783421278 0.530714452
vn -0.667117953 0.343909234 0.660817742
vn -0.686206639 0.440704256 0.578705609
vn -0.759798288 0.344799221 0.551198781
vn -0.950528264 0.184505492 -0.249907434
vn -0.782124817 0.422713399 0.457814515
vn -0.970993757 0.150499031 -0.185798809
vn -0.609887362 0.2127956 0.763384223
vn -0.976082027 0.161897019 -0.14509733
vn -0.237307027 -0.893426418 0.381411284
vn -0.966418684 0.244004726 -0.0806015581
vn -0.581279576 0.314488977 0.750473678
vn -0.766120195 0.517213643 0.381510049
vn -0.928487599 0.289096147 -0.233096898
vn -0.600128531 0.339816153 0.724134445
vn -0.148394853 -0.85087049 0.503982544
vn -0.900918841 0.417608738 -0.118102469
vn -0.748280644 -0.390889883 0.535986125
vn -0.824647069 -0.299217075 0.480027407
vn -0.476593077 0.187997267 0.858787537
vn -0.534366727 0.279082626 0.797850311
vn -0.719781101 0.460487902 0.519486368
vn -0.652094305 -0.585194886 0.481995791
vn -0.637804389 -0.566503882 0.521803558
vn -0.924876273 0.378190279 -0.0396989807
vn -0.642087162 0.398392051 0.654986918
vn -0.778012812 -0.294004858 0.55520916
vn -0.872602165 -0.213700518 0.439201087
vn -0.852112591 0.523107708 0.0162002388
vn -0.606819153 0.451114267 0.654420674
vn -0.882292628 -0.148398757 0.446696252
vn -0.527760684 0.341674536 0.777642071
vn -0.828847647 -0.154108852 0.537830889
vn -0.828847647 -0.154108852 0.537830889
vn -0.882292628 -0.148398757 0.446696252
vn -0.560098171 0.374198794 0.739097595
vn -0.715514302 -0.218304351 0.66361326
vn -0.791630208 0.041001562 0.609623253
vn -0.65602237 -0.327211142 0.68012315
vn -0.409092337 0.205796152 0.888983369
vn -0.483282506 0.271290183 0.832369864
vn -0.342016608 0.138406724 0.929445088
vn -0.299295157 0.125397965 0.945884645
vn -0.219492853 0.0548982136 0.974068284
vn -0.207400531 -0.0263000671 0.977902532
vn -0.857191741 -0.0590994321 0.51159507
vn -0.791630208 0.041001562 0.609623253
vn -0.765324473 0.107403435 0.634620309
vn -0.457303524 0.310602397 0.833306432
vn -0.252692759 0.17179507 0.952172697
vn -0.354405582 0.206903249 0.911914349
vn -0.404891372 0.232995033 0.884181142
vn -0.412791342 0.334492981 0.847182214
vn -0.290500343 0.303100348 0.907601058
vn -0.175605804 0.23930791 0.954931557
vn -0.734380782 0.536085963 0.416289121
vn -0.716883361 0.540087461 0.440889776
vn -0.943814754 -0.32180503 0.0752011761
vn -0.809680641 -0.494088203 0.316692442
vn -0.871974468 -0.466486365 0.148495659
vn 0.0723028034 -0.0498019271 0.996138573
vn -0.0301003717 -0.08860109 0.995612264
vn 0.0798969641 -0.193392649 0.977862835
vn -0.251210958 -0.905039489 0.343214989
vn 0.452215016 -0.764125347 0.460015267
vn -0.120898575 -0.920489132 0.371595621
vn 0.532087624 -0.679684222 0.504888237
vn -0.218286857 -0.86724776 0.447473049
vn 0.663413465 -0.198604017 0.721414626
vn 0.65779686 -0.279298663 0.699496627
vn 0.568805456 -0.304302931 0.764107347
vn 0.340013176 -0.319912404 0.884334266
vn 0.306790441 -0.356788903 0.882372558
vn 0.449092209 -0.352093905 0.821185768
vn -0.247906715 -0.883923948 0.39651072
vn 0.37360698 -0.455908537 0.807815075
vn 0.358791888 -0.670884848 0.648985326
vn 0.320604742 -0.744810998 0.585208654
vn 0.382689565 -0.751079559 0.537985325
vn -0.101100489 -0.876104236 0.471402258
vn 0.447386026 -0.657379448 0.606381059
vn -0.0564997382 -0.853696048 0.517697632
vn 0.0122995162 -0.915564001 0.401984185
vn 0.0127003649 -0.87452513 0.484813929
vn 0.250506639 -0.259006858 0.932824671
vn 0.193601459 -0.207401559 0.958907247
vn 0.192297459 -0.31029591 0.930987716
vn 0.292608112 -0.630617499 0.718819916
vn 0.217008546 -0.726028562 0.652525723
vn 0.0678017661 -0.905723572 0.418410897
vn 0.19520995 -0.13410683 0.971549511
vn 0.216097936 -0.638693869 0.738492906
vn 0.438301206 -0.173100471 0.882002413
vn 0.469282985 -0.290289462 0.833969712
vn 0.571216285 -0.139703989 0.808823049
vn 0.243786857 -0.173690647 0.954148591
vn 0.197197318 -0.0652991161 0.978186727
vn 0.0615995303 -0.808693826 0.584995568
vn 0.120003879 -0.844327331 0.522216856
vn 0.260785937 -0.260985911 0.929449856
vn 0.453711182 -0.15970394 0.876721621
vn 0.383795768 -0.591993451 0.708692133
vn -0.13570106 -0.875906885 0.463003635
vn 0.69260484 -0.161501125 0.703004897
vn 0.326495528 -0.573292136 0.751489699
vn -0.0867036656 -0.78793329 0.609625757
vn 0.40118283 -0.169592738 0.900161445
vn 0.400004029 -0.0812008157 0.91290921
vn -0.0545999967 -0.836199939 0.545699954
vn 0.0312994458 -0.780486226 0.624388993
vn 0.422428221 -0.579138696 0.697246552
vn 0.44857946 -0.61057204 0.652670085
vn 0.403304309 -0.0670007169 0.912609756
vn 0.292108238 -0.156904429 0.943426609
vn 0.455794305 -0.56179297 0.690391362
vn 0.400475919 -0.523768485 0.751854777
vn 0.122801088 -0.774206877 0.620905519
vn -0.0800992027 -0.34169662 0.936390698
vn -0.11679285 -0.208887205 0.97094053
vn 0.167404726 -0.776621878 0.60731715
vn -0.0897991955 -0.43919608 0.89389199
vn -0.0160000231 -0.497700721 0.867201269
vn -0.00519995531 -0.425396353 0.904992223
vn 0.126302555 -0.714814425 0.687813878
vn -0.0639012381 -0.235304549 0.969818771
vn -0.0188993923 -0.331489325 0.94326967
vn 0.224399552 -0.0196999609 0.97429806
vn 0.0812970772 -0.461383402 0.883468211
vn 0.0798954442 -0.559968054 0.82465297
vn 0.170202538 -0.489707321 0.855112791
vn 0.345219463 -0.0592033379 0.936652839
vn 0.259498864 -0.798496485 0.543197632
vn 0.049700819 -0.382506281 0.92261517
vn -0.0748992264 -0.145698488 0.986489773
vn -0.141592398 -0.071396172 0.987347066
vn 0.276299596 0.0453999341 0.959998608
vn 0.409499645 0.00449999608 0.912299156
vn -0.00239992724 -0.249892414 0.968270659
vn 0.0935989991 -0.332096457 0.93858999
vn -0.0172996055 -0.176895961 0.984077513
vn 0.135697946 -0.623090565 0.770288348
vn 0.229295984 -0.551290333 0.802185953
vn 0.597911119 -0.626811683 0.499609292
vn 0.651015878 -0.637515545 0.412010044
vn 0.469594479 -0.616392732 0.632092535
vn -0.0622994117 -0.677593589 0.732793093
vn 0.318293869 -0.52568984 0.788884759
vn 0.519728005 -0.585731566 0.62193352
vn -0.118996695 -0.520585537 0.845476508
vn 0.637866616 -0.626667202 0.447676599
vn 0.254999518 -0.442599148 0.859698355
vn -0.0359010771 -0.55701673 0.829724908
vn 0.0276993662 -0.659284949 0.751382828
vn -0.0663979575 -0.554882944 0.829274535
vn -0.136503562 0.0319008306 0.990125835
vn -0.0574974529 -0.0278987624 0.997955739
vn 0.288488686 -0.365285695 0.885065317
vn -0.0334005542 0.043000713 0.99851656
vn 0.631386876 -0.610087276 0.478690028
vn 0.706836343 -0.547328174 0.448123038
vn 0.150198728 -0.4029966 0.902792394
vn 0.704119086 -0.459912449 0.541014671
vn 0.612221062 -0.519217849 0.59632051
vn 0.736804903 -0.511703372 0.441902936
vn 0.736997724 -0.45599857 0.498898447
vn 0.0310001355 0.037800163 0.998804331
vn 0.701017559 -0.393709868 0.594614923
vn 0.732591689 -0.478094608 0.484494507
vn 0.754898071 -0.420498908 0.5032987
vn 0.119794138 0.0297985431 0.992351472
vn -0.0158992391 0.0801961645 0.996652305
vn -0.0774022639 0.126603708 0.988928914
vn 0.811164379 -0.341185004 0.474979132
vn 0.00189997349 0.130198181 0.991486192
vn 0.7404989 -0.34839949 0.574699163
vn 0.03300092 0.196105465 0.980027318
vn 0.519886017 -0.497686625 0.69428134
vn 0.0263008904 0.246708348 0.968732834
vn 0.158407167 0.131005928 0.978644252
vn 0.0311989468 0.165794402 0.985666692
vn 0.591809809 -0.406606764 0.696011543
vn 0.680443525 -0.39932555 0.614439309
vn 0.484407872 -0.440907151 0.755612254
vn -0.062197566 0.227191105 0.971861959
vn 0.668871284 -0.324586064 0.668771327
vn 0.680900574 -0.287700236 0.673500538
vn 0.734617651 -0.242105812 0.633815229
vn 0.220004275 0.166303232 0.961218655
vn 0.214301154 0.152400821 0.964805186
vn -0.576728821 0.801940024 -0.155807778
vn -0.605978906 0.783472776 -0.137695208
vn -0.621899426 0.781499267 -0.0499999523
vn -0.109896354 0.734475613 0.669677794
vn -0.142700315 0.868501902 0.474701047
vn -0.184503004 0.78961283 0.585209548
vn -0.582293808 0.812891364 -0.0118998736
vn -0.51337862 0.857364297 -0.0369984582
vn -0.425109088 0.901319265 -0.0831017718
vn -0.487920076 0.868235767 -0.0900037065
vn -0.0270991847 0.798275948 0.601681888
vn -0.608916342 0.792821229 0.0256006867
vn -0.640279531 0.766775489 -0.0457985364
vn -0.0700018406 0.707618594 0.703118503
vn 0.00860041287 0.692533255 0.721334636
vn -0.852729619 0.498917311 -0.154705375
vn -0.59332335 0.799631476 0.0925036371
vn -0.670894504 0.74059391 0.0376996882
vn -0.631287932 0.773185253 0.0604988448
vn -0.804634154 0.569624186 -0.167607114
vn -0.0604976453 0.916564286 0.395284593
vn -0.0523990281 0.879883707 0.472291261
vn -0.0151000228 0.885601342 0.464200705
vn -0.576403201 0.816304505 0.0375002064
vn -0.664185941 0.489189625 0.565288007
vn -0.732481718 0.570885777 0.370890766
vn -0.54949683 0.833295226 0.0605996512
vn -0.695806324 0.525304794 0.489804476
vn -0.628991663 0.52779299 0.570792437
vn -0.753303528 0.528302491 0.391701818
vn -0.764211535 0.635909617 -0.107701629
vn -0.753192365 0.587994039 0.29489702
vn -0.721710503 0.643709362 0.254503697
vn -0.725738764 0.648734629 -0.229012236
vn -0.433400214 0.901200473 -0.00140000076
vn -0.721383512 0.678484499 0.138796836
vn -0.375706375 0.924715698 -0.0612010397
vn -0.579876721 0.530778706 0.618075192
vn -0.832016051 0.554610729 0.0125002414
vn -0.792318821 0.606814444 -0.0633015037
vn -0.594495177 0.474196136 0.649394751
vn -0.627172887 0.610973597 0.483079106
vn -0.681623161 0.647221982 0.341311604
vn -0.297188401 0.931463599 -0.209891811
vn -0.55320245 0.770703375 0.316201389
vn -0.288904071 0.956113458 -0.0488006882
vn -0.421875179 0.750855803 0.508170128
vn -0.534691811 0.676289618 0.506692231
vn -0.544089615 0.457091272 0.703586578
vn -0.511304557 0.724906445 0.461604089
vn -0.608028293 0.793336928 0.0303014088
vn -0.71628958 0.697789848 -0.00429993775
vn -0.677224159 0.72992605 0.0926033035
vn -0.647615731 0.736617923 0.194904745
vn -0.733691692 0.678292334 0.0401995443
vn -0.350899041 0.932297468 0.0876997635
vn -0.680601776 0.710701823 0.178000465
vn -0.717624903 0.696424186 0.00280009722
vn -0.734191656 0.672192335 -0.095498912
vn -0.639097989 0.723197699 0.261799186
vn -0.212489232 0.976950467 0.0203989651
vn -0.603824496 0.789532065 0.109704457
vn -0.789319038 0.611514747 0.0550013259
vn -0.73352766 0.67962563 0.0068002562
vn -0.530604482 0.478404075 0.699705958
vn -0.220907852 0.937833309 -0.267709523
vn -0.163805768 0.970134139 -0.178906292
vn -0.588796735 0.805695534 0.0645996407
vn -0.621156812 0.544162154 0.563960791
vn -0.731384695 0.677385807 0.0788983479
vn -0.731544673 0.681441605 0.0219013374
vn -0.58559835 0.8068977 0.0773997754
vn -0.239093944 0.965475559 -0.103397384
vn -0.548588157 0.831082106 0.0913980305
vn -0.639871597 0.73776722 -0.215090439
vn -0.568384171 0.514585674 0.641982138
vn -0.515495718 0.621994853 0.589395106
vn -0.485224158 0.857742727 0.169808462
vn -0.547997952 0.730397284 0.407698482
vn -0.702411711 0.700111687 -0.128302142
vn -0.500111818 0.826319516 0.259006113
vn -0.394496679 0.867992699 0.301597476
vn -0.518819392 0.723227024 0.455817014
vn -0.375598758 0.865697145 0.330898911
vn -0.407503277 0.678505421 0.611204922
vn -0.070199132 0.994287729 -0.0803990066
vn -0.527031243 0.816848397 0.234513894
vn -0.0858956799 0.996249855 0.0103994766
vn -0.403592527 0.592489004 0.697187066
vn -0.454128742 0.823252082 0.340621561
vn -0.583313167 0.781517625 -0.221304998
vn -0.375280082 0.659065008 0.651765406
vn -0.731627345 0.681625485 0.0104003884
vn -0.445316702 0.415115565 0.793329775
vn -0.461388171 0.772680223 0.435988814
vn -0.235008433 0.963434577 0.128704622
vn -0.701891541 0.710491419 -0.0504993908
vn -0.172700778 0.983704448 0.0500002243
vn -0.503371537 0.784455657 0.362279505
vn -0.411884636 0.498681396 0.76267153
vn -0.178105891 0.972832143 0.147904888
vn -0.618377864 0.692375243 0.371786684
vn -0.437287658 0.777778089 0.451487273
vn -0.337393165 0.636587083 0.693485916
vn 0.0601003468 0.998005748 0.0193001106
vn 0.133196175 0.989771545 -0.051098533
vn -0.00219993549 0.986871064 0.161495253
vn 0.229199916 0.960699677 0.156599939
vn -0.382693857 0.857886255 0.342894495
vn -0.311292678 0.615585506 0.72398299
vn 0.0926022753 0.969923854 -0.225105539
vn 0.101196051 0.974062026 -0.202392101
vn -0.358088255 0.863571703 0.354988366
vn -0.78428793 0.599490762 0.159697533
vn -0.394183636 0.82266587 0.409682989
vn -0.807910264 0.560007095 0.183502331
vn -0.270686746 0.504375339 0.819959879
vn 0.164198816 0.958393097 -0.23349832
vn -0.240206376 0.89422369 0.377710015
vn -0.369619846 0.848945558 0.377720267
vn -0.405894846 0.771590173 0.489793777
vn -0.332519472 0.788346171 0.517630279
vn -0.210303798 0.609211028 0.764613807
vn -0.32890892 0.848723054 0.414111227
vn 0.115203731 0.984531879 -0.132004276
vn -0.759621561 0.64801842 0.0552015677
vn -0.143305466 0.440916806 0.886033773
vn 0.294209808 0.949131668 -0.11220374
vn -0.110103428 0.513615966 0.850926459
vn -0.238105938 0.772019267 0.589314699
vn -0.240196675 0.835688412 0.493893147
vn -0.760112286 0.625810146 0.174902827
vn -0.330217719 0.413022161 0.848745525
vn -0.144095629 0.726877928 0.671479642
vn -0.497514874 0.795023739 -0.347010374
vn 0.241409019 0.967536151 -0.0748027936
vn -0.429096192 0.874192238 -0.227297977
vn 0.190706804 0.981435061 0.020400729
vn -0.451987743 0.877776206 0.158795685
vn -0.214907557 0.375813216 0.901431739
vn -0.12460456 0.316911608 0.940234423
vn -0.370414525 0.886034727 0.278810918
vn -0.362990052 0.848676741 0.38468945
vn -0.377787024 0.723975122 0.577180207
vn -0.328594148 0.894584119 0.302894622
vn -0.281994522 0.94938153 0.138397306
vn -0.300300598 0.878101766 0.372500747
vn -0.212003544 0.920115411 0.32930553
vn -0.306398749 0.673197269 0.672997236
vn -0.221411794 0.728538811 0.648234546
vn -0.151698202 0.957888603 0.243797109
vn -0.087298885 0.737490535 0.669691443
vn -0.165105566 0.75732553 0.631821334
vn -0.120500438 0.713802576 0.689902544
vn -0.121806808 0.700039148 0.703639328
vn -0.0407988466 0.961772799 0.270792335
vn -0.0467982292 0.958363712 0.281689346
vn 0.101801433 0.943213224 0.316204429
vn -0.121099465 0.72059679 0.682696998
vn -0.159703687 0.63631469 0.75471741
vn -0.0742013603 0.781314313 0.619711339
vn -0.172709897 0.898251474 0.404123157
vn 0.669719577 0.633918524 0.386811316
vn 0.721656322 0.584264636 0.371277511
vn 0.697010875 0.629809797 0.342805326
vn 0.861897111 0.287799031 0.417498589
vn 0.885905683 0.13560088 0.44360286
vn 0.889769018 0.256691068 0.377386838
vn 0.890290737 0.234297559 0.390495926
vn 0.889849126 0.280583948 0.359779418
vn 0.747219086 0.527213514 0.404610336
vn 0.820207655 0.42850402 0.379003555
vn 0.760812819 0.559509397 0.328805536
vn 0.760227144 0.477217048 0.440815747
vn 0.410188466 0.0876975358 0.907774508
vn 0.676887453 0.519290388 0.521690369
vn 0.867082238 0.339793056 0.364292532
vn 0.304913193 0.126505479 0.943940818
vn 0.61248827 0.70718646 0.353193223
vn 0.872378647 0.403190136 0.276393235
vn 0.473382235 0.870667338 -0.13359499
vn 0.519381285 0.613677859 0.594678521
vn 0.84182626 0.149204656 0.518716216
vn 0.770117044 0.299706638 0.563112497
vn 0.371998698 0.159099445 0.914496779
vn 0.779087663 0.413293451 0.471392542
vn 0.45832023 0.120805331 0.880538821
vn 0.452817887 0.190407515 0.871034384
vn 0.402891994 0.214395732 0.88978231
vn 0.0272001065 0.269901067 0.962503791
vn 0.152506486 0.23871015 0.959040761
vn 0.87469995 0.0800999925 0.477999985
vn 0.910308063 0.198001742 0.363503218
vn 0.374510378 0.920125544 -0.114503175
vn 0.300005853 0.229504466 0.925918043
vn 0.348494738 0.327895045 0.878086686
vn 0.662181675 -0.183294937 0.726579905
vn 0.615233243 -0.120106496 0.779142141
vn 0.772108674 -0.0848009512 0.629807115
vn 0.766412258 -0.152802438 0.62390995
vn 0.416306585 0.29940474 0.858513594
vn 0.112999126 0.294997722 0.948792696
vn -0.00330002629 0.339202702 0.940707505
vn -0.0308004264 0.738810241 0.67320931
vn -0.0647013485 0.737615407 0.672114015
vn -0.0906002671 0.760402203 0.643101871
vn -0.0265008155 0.692821324 0.720622182
vn 0.539713204 0.819520056 -0.192604706
vn 0.20871003 0.29901436 0.931144714
vn 0.0839993954 0.75199455 0.653795302
vn 0.098394677 0.627766013 0.772158206
vn 0.200691223 0.693669677 0.691769779
vn 0.646087885 -0.0534989983 0.761385739
vn 0.49360615 -0.0114001418 0.869610846
vn 0.529600203 0.037900012 0.847400308
vn 0.520199955 0.389799982 0.759899974
vn 0.629631817 0.413620919 0.657633245
vn 0.545101523 0.517101467 0.659901857
vn 0.487507284 0.873113036 -0.00320004788
vn 0.528280556 0.613877416 0.586578369
vn 0.62513572 0.561032057 0.54263097
vn 0.595909953 0.512308538 0.618410289
vn 0.810596406 -0.0946995839 0.577897429
vn 0.70521152 0.0443007238 0.707611561
vn 0.527185023 0.843276024 -0.104697026
vn 0.598594487 0.779892862 -0.182898313
vn -0.0725025833 0.369913191 0.926232994
vn 0.0359006934 0.39560762 0.917717695
vn -0.0729022101 0.440013319 0.895027101
vn 0.77804774 0.0183011219 0.627938509
vn 0.00390013307 0.554118872 0.832428396
vn 0.353692055 0.932079017 -0.0782982409
vn 0.312109202 0.354010463 0.88162601
vn 0.334792912 0.35099259 0.874481499
vn 0.318210602 0.384312809 0.866628885
vn 0.0812987238 0.444893032 0.891886055
vn 0.380282462 0.478177965 0.791663468
vn 0.579592705 0.0797989964 0.810989797
vn 0.509295523 0.296797395 0.807792902
vn 0.413796991 0.384697199 0.825093985
vn 0.691597641 0.179599389 0.699597597
vn 0.507818103 0.176306278 0.843230009
vn 0.607001007 0.213800371 0.765401304
vn 0.207585573 0.307178646 0.928735435
vn 0.137994722 0.332187295 0.933064342
vn 0.301297218 0.39909631 0.86599201
vn 0.375619143 0.916946709 0.134606853
vn 0.377111375 0.889126778 0.259307832
vn 0.144599423 0.422198296 0.894896388
vn 0.184101015 0.308601707 0.933205128
vn 0.52169627 0.194798604 0.830594063
vn 0.364910066 0.808322251 0.462012738
vn 0.144198328 0.836790323 0.528193891
vn 0.224097431 0.869690001 0.439794958
vn 0.17770566 0.281608969 0.942930043
vn 0.318894744 0.825886369 0.464992315
vn 0.29528603 0.882158279 0.366882652
vn 0.198702827 0.946813464 0.253103614
vn 0.252388358 0.443779528 0.859860361
vn 0.177405193 0.343010038 0.922426999
vn 0.315595329 0.535592079 0.783288419
vn 0.169307679 0.737633467 0.653629661
vn 0.206998378 0.605195224 0.768693984
vn 0.341782838 0.625068605 0.701764762
vn -0.103696957 0.300991178 0.947972178
vn 0.338117957 0.889547288 0.307216316
vn -0.0630015433 0.318807811 0.945723176
vn 0.197292358 0.891965449 0.406784236
vn 0.847771347 0.00919968914 0.53028208
vn 0.783607781 0.140301391 0.605206013
vn 0.433393747 0.547292113 0.715989649
vn -0.0249989498 0.890762568 0.453780919
vn 0.679769039 0.27188763 0.681168973
vn 0.502672434 0.465474457 0.728460014
vn 0.119695611 0.841969132 0.526080728
vn 0.316316307 0.818242192 0.480024725
vn 0.493391573 0.579790115 0.648388922
vn 0.586800754 0.451900572 0.671900868
vn 0.613405228 0.313902676 0.724706233
vn 0.34138158 0.853553951 0.393578768
vn 0.400075883 0.873147368 0.278483212
vn 0.423894018 0.829788268 0.362994879
vn 0.418688327 0.878575563 0.229793608
vn 0.469519824 0.855736136 0.217409179
vn 0.657286048 0.487789661 0.574487805
vn 0.875124574 -0.19580549 0.442512423
vn 0.807401717 -0.226000473 0.545001149
vn 0.865417182 -0.0883017555 0.493209779
vn 0.478791296 0.823285043 0.304894447
vn 0.878946006 -0.0927048549 0.467824489
vn 0.19410339 0.187903285 0.962816834
vn 0.179006755 0.789829791 0.586622119
vn 0.839999378 -0.0639999509 0.538799584
vn 0.836897254 -0.0844997242 0.540798247
vn 0.186492831 0.252090305 0.949563503
vn 0.234900862 0.193800703 0.952503502
vn 0.160803154 0.205204025 0.965418875
vn 0.202491894 0.131894723 0.970361173
vn 0.882375896 0.0266992692 0.469787151
vn 0.572605133 0.810307264 0.124601118
vn 0.0670981333 0.828076959 0.556584537
vn 0.791581929 -0.063198559 0.607786119
vn 0.477512538 0.847822249 0.230606064
vn 0.070998922 0.785488129 0.614790678
vn 0.69963485 -0.146907315 0.699234843
vn 0.808885932 -0.0673988312 0.584089816
vn 0.541987717 0.799481928 0.258994132
vn 0.161505207 0.789425492 0.592219114
vn 0.139096349 0.794079125 0.591684461
vn 0.173190311 0.80085516 0.573267937
vn 0.864268541 0.480982512 0.147294641
vn 0.814181149 0.546887338 0.194995493
vn 0.877970397 0.440385163 0.18769367
vn 0.515188038 0.845780373 -0.13869679
vn 0.808805346 -0.097700648 0.579903841
vn 0.84398067 -0.00959977973 0.536287725
vn 0.615669131 0.76896143 0.172191367
vn 0.646667659 0.762561858 -0.0178991053
vn 0.665094614 0.704094291 0.248797983
vn 0.608769715 0.792760551 -0.0304984823
vn 0.166799158 0.293498516 0.941295207
vn 0.188101247 0.271401793 0.943906248
vn 0.20509623 0.292594612 0.933982849
vn 0.588112831 0.798617423 0.127802789
vn 0.0599985346 0.813980103 0.577785909
vn -0.049901098 0.77901715 0.625013769
vn 0.918884873 0.0389993563 0.392593533
vn 0.547014475 0.837022185 0.0130003449
vn 0.627991259 0.776889205 -0.0454993658
vn 0.515073597 0.836657107 0.186290443
vn 0.516682148 0.851570547 0.0886969343
vn 0.733619273 0.673317671 -0.0919024125
vn 0.694376528 0.567180812 0.442885041
vn 0.937505662 0.104200631 0.332002014
vn 0.733619273 0.673317671 -0.0919024125
vn 0.823495924 0.556197226 -0.111799441
vn 0.646667659 0.762561858 -0.0178991053
vn 0.725732565 0.680830538 -0.0989044309
vn 0.639905035 0.766806006 0.0503003933
vn 0.231595814 0.752286434 0.616788864
vn 0.0948026255 0.811922491 0.576015949
vn 0.121304825 0.831433058 0.542221546
vn 0.860996664 0.035099864 0.507398009
vn 0.263190061 0.358986437 0.895466208
vn 0.103200689 0.822105467 0.559903741
vn 0.671216369 0.708417296 0.218205318
vn 0.627991259 0.776889205 -0.0454993658
vn 0.644416869 0.700118363 0.307508051
vn 0.640809476 0.735110879 0.221303284
vn 0.928118229 0.271705329 0.254505008
vn 0.9361552 0.218412891 0.275516242
vn 0.594092548 0.697091222 0.401394933
vn 0.797920823 0.511113346 0.319508314
vn 0.911093473 0.362997413 0.195298597
vn 0.900125146 0.341309518 0.270707548
vn 0.639905035 0.766806006 0.0503003933
vn 0.1577999 0.84659946 0.508299649
vn 0.516682148 0.851570547 0.0886969343
vn 0.45488435 0.796572566 0.398186296
vn 0.580720782 0.748226821 0.32081148
vn 0.609617531 0.742121339 0.278607994
vn 0.730952561 0.612744033 0.300421596
vn 0.698490441 0.627791405 0.343495309
vn 0.58509028 0.684688628 0.434592783
vn 0.520990729 0.838585079 0.159197167
vn 0.525821269 0.807632685 0.266910821
vn 0.590303123 0.755004048 0.28550151
vn 0.491213202 0.860623121 0.1343036
vn -0.120002113 0.712812543 0.691012144
vn 0.520990729 0.838585079 0.159197167
vn 0.481712788 0.866023004 0.134003565
vn -0.0252007619 0.656019807 0.754322827
vn 0.589089036 0.763485789 0.264695078
vn 0.589089036 0.763485789 0.264695078
vn 0.393072069 0.799743176 0.453767776
vn 0.552967727 0.64036262 0.533068895
vn 0.626702607 0.704002917 0.334101379
vn 0.488713741 0.774821818 0.401011288
vn -0.018299574 0.7644822 0.64438504
vn 0.478666872 0.640755653 0.60025847
vn 0.441595554 0.674193203 0.591994047
vn 0.393072069 0.799743176 0.453767776
vn 0.209201172 0.406002283 0.889604986
vn 0.083601959 0.58041358 0.810019016
vn 0.117696211 0.533182859 0.837773025
vn 0.692591071 0.541193008 0.476893842
vn 0.126600638 0.511502624 0.849904299
vn 0.605078697 0.499382436 0.620078206
vn 0.689310014 0.630509138 0.356805176
vn 0.626006782 0.59850651 0.499905437
vn 0.0240000281 0.708700836 0.705100834
vn 0.0872008726 0.598706007 0.796207964
vn 0.488713741 0.774821818 0.401011288
vn 0.318894744 0.825886369 0.464992315
vn 0.1577999 0.84659946 0.508299649
vn 0.279896438 0.338195682 0.898488522
vn 0.873511136 0.443005651 0.201802567
f 1/1/1 2/2/2 3/3/3
f 4/4/4 1/1/1 3/3/3
f 5/5/5 6/6/6 4/4/4
f 7/7/7 8/8/8 9/9/9
f 10/10/10 11/11/11 12/12/12
f 13/13/13 14/14/14 15/15/15
f 16/16/16 17/17/17 18/18/18
f 19/19/19 20/20/20 10/10/10
f 21/21/21 18/18/18 17/17/17
f 12/12/12 22/22/22 10/10/10
f 18/18/18 21/21/21 23/23/23
f 24/24/24 13/13/13 15/15/15
f 25/25/25 13/13/13 24/24/24
f 26/26/26 18/18/18 23/23/23
f 27/27/27 26/26/26 23/23/23
f 5/5/5 4/4/4 28/28/28
f 29/29/29 30/30/30 31/31/31
f 22/22/22 19/19/19 10/10/10
f 27/27/27 32/32/32 26/26/26
f 27/27/27 33/33/33 32/32/32
f 29/29/29 34/34/34 30/30/30
f 35/35/35 36/36/36 37/37/37
f 38/38/38 39/39/39 40/40/40
f 19/19/19 22/22/22 41/41/41
f 42/42/42 43/43/43 44/44/44
f 34/34/34 35/35/35 37/37/37
f 44/44/44 43/43/43 45/45/45
f 29/29/29 36/36/36 35/35/35
f 46/46/46 42/42/42 44/44/44
f 34/34/34 29/29/29 35/35/35
f 33/33/33 47/47/47 48/48/48
f 44/44/44 49/49/49 46/46/46
f 50/50/50 33/33/33 48/48/48
f 51/51/51 52/52/52 53/53/53
f 27/27/27 47/47/47 33/33/33
f 43/43/43 54/54/54 55/55/55
f 54/54/54 43/43/43 42/42/42
f 43/43/43 55/55/55 56/56/56
f 57/57/57 32/32/32 33/33/33
f 33/33/33 50/50/50 57/57/57
f 58/58/58 20/20/20 19/19/19
f 34/34/34 59/59/59 40/40/40
f 43/43/43 56/56/56 45/45/45
f 40/40/40 14/14/14 34/34/34
f 60/60/60 41/41/41 22/22/22
f 41/41/41 58/58/58 19/19/19
f 18/18/18 61/61/61 16/16/16
f 46/46/46 62/62/62 42/42/42
f 12/12/12 62/62/62 22/22/22
f 22/22/22 62/62/62 63/63/63
f 34/34/34 14/14/14 13/13/13
f 62/62/62 12/12/12 42/42/42
f 26/26/26 61/61/61 18/18/18
f 61/61/61 26/26/26 32/32/32
f 32/32/32 64/64/64 61/61/61
f 65/65/65 63/63/63 66/66/66
f 30/30/30 34/34/34 13/13/13
f 67/67/67 66/66/66 49/49/49
f 66/66/66 46/46/46 49/49/49
f 46/46/46 66/66/66 62/62/62
f 13/13/13 68/68/68 30/30/30
f 69/69/69 65/65/65 66/66/66
f 67/67/67 69/69/69 66/66/66
f 64/64/64 32/32/32 70/70/70
f 67/67/67 49/49/49 71/71/71
f 72/72/72 69/69/69 67/67/67
f 63/63/63 60/60/60 22/22/22
f 66/66/66 63/63/63 62/62/62
f 73/73/73 41/41/41 60/60/60
f 54/54/54 42/42/42 12/12/12
f 63/63/63 65/65/65 60/60/60
f 74/74/74 44/44/44 45/45/45
f 59/59/59 34/34/34 37/37/37
f 65/65/65 73/73/73 60/60/60
f 75/75/75 76/76/76 41/41/41
f 49/49/49 44/44/44 74/74/74
f 77/77/77 78/78/78 79/79/79
f 79/79/79 80/80/80 77/77/77
f 71/71/71 49/49/49 74/74/74
f 81/81/81 75/75/75 82/82/82
f 75/75/75 41/41/41 73/73/73
f 83/83/83 84/84/84 85/85/85
f 86/86/86 87/87/87 56/56/56
f 87/87/87 86/86/86 88/88/88
f 75/75/75 73/73/73 82/82/82
f 89/89/89 15/15/15 90/90/90
f 65/65/65 69/69/69 91/91/91
f 76/76/76 92/92/92 58/58/58
f 58/58/58 92/92/92 20/20/20
f 93/93/93 94/94/94 95/95/95
f 96/96/96 24/24/24 89/89/89
f 91/91/91 73/73/73 65/65/65
f 97/97/97 91/91/91 69/69/69
f 69/69/69 72/72/72 97/97/97
f 91/91/91 97/97/97 98/98/98
f 99/99/99 100/100/100 92/92/92
f 101/101/101 93/93/93 102/102/102
f 90/90/90 103/103/103 104/104/104
f 105/105/105 93/93/93 95/95/95
f 106/106/106 82/82/82 98/98/98
f 93/93/93 105/105/105 107/107/107
f 96/96/96 89/89/89 104/104/104
f 96/96/96 104/104/104 108/108/108
f 106/106/106 98/98/98 109/109/109
f 73/73/73 91/91/91 82/82/82
f 98/98/98 82/82/82 91/91/91
f 93/93/93 107/107/107 102/102/102
f 76/76/76 99/99/99 92/92/92
f 89/89/89 90/90/90 104/104/104
f 103/103/103 110/110/110 104/104/104
f 15/15/15 85/85/85 90/90/90
f 111/111/111 112/112/112 113/113/113
f 111/111/111 114/114/114 112/112/112
f 85/85/85 15/15/15 14/14/14
f 15/15/15 89/89/89 24/24/24
f 90/90/90 85/85/85 103/103/103
f 115/115/115 101/101/101 102/102/102
f 116/116/116 115/115/115 117/117/117
f 85/85/85 84/84/84 103/103/103
f 116/116/116 118/118/118 115/115/115
f 112/112/112 96/96/96 119/119/119
f 103/103/103 84/84/84 110/110/110
f 120/120/120 121/121/121 84/84/84
f 102/102/102 107/107/107 117/117/117
f 84/84/84 121/121/121 110/110/110
f 75/75/75 122/122/122 76/76/76
f 84/84/84 83/83/83 120/120/120
f 123/123/123 117/117/117 107/107/107
f 124/124/124 125/125/125 126/126/126
f 123/123/123 107/107/107 127/127/127
f 125/125/125 124/124/124 128/128/128
f 122/122/122 129/129/129 76/76/76
f 102/102/102 117/117/117 115/115/115
f 116/116/116 117/117/117 123/123/123
f 116/116/116 123/123/123 130/130/130
f 119/119/119 96/96/96 108/108/108
f 41/41/41 76/76/76 58/58/58
f 124/124/124 131/131/131 128/128/128
f 130/130/130 123/123/123 132/132/132
f 108/108/108 133/133/133 119/119/119
f 129/129/129 99/99/99 76/76/76
f 108/108/108 134/134/134 133/133/133
f 135/135/135 100/100/100 99/99/99
f 136/136/136 104/104/104 110/110/110
f 129/129/129 135/135/135 99/99/99
f 137/137/137 138/138/138 139/139/139
f 110/110/110 140/140/140 136/136/136
f 141/141/141 111/111/111 142/142/142
f 143/143/143 138/138/138 144/144/144
f 140/140/140 110/110/110 145/145/145
f 146/146/146 147/147/147 100/100/100
f 135/135/135 146/146/146 100/100/100
f 11/11/11 113/113/113 148/148/148
f 121/121/121 149/149/149 110/110/110
f 149/149/149 145/145/145 110/110/110
f 150/150/150 151/151/151 152/152/152
f 153/153/153 154/154/154 152/152/152
f 152/152/152 151/151/151 153/153/153
f 146/146/146 155/155/155 156/156/156
f 85/85/85 157/157/157 83/83/83
f 158/158/158 148/148/148 159/159/159
f 40/40/40 157/157/157 14/14/14
f 157/157/157 85/85/85 14/14/14
f 157/157/157 120/120/120 83/83/83
f 11/11/11 142/142/142 111/111/111
f 113/113/113 11/11/11 111/111/111
f 160/160/160 126/126/126 161/161/161
f 11/11/11 10/10/10 142/142/142
f 39/39/39 157/157/157 40/40/40
f 162/162/162 146/146/146 135/135/135
f 10/10/10 20/20/20 142/142/142
f 163/163/163 152/152/152 164/164/164
f 77/77/77 160/160/160 161/161/161
f 162/162/162 155/155/155 146/146/146
f 165/165/165 77/77/77 161/161/161
f 166/166/166 155/155/155 162/162/162
f 167/167/167 152/152/152 154/154/154
f 133/133/133 168/168/168 139/139/139
f 160/160/160 169/169/169 126/126/126
f 80/80/80 124/124/124 169/169/169
f 168/168/168 133/133/133 137/137/137
f 170/170/170 167/167/167 154/154/154
f 113/113/113 112/112/112 148/148/148
f 126/126/126 169/169/169 124/124/124
f 112/112/112 119/119/119 148/148/148
f 80/80/80 171/171/171 124/124/124
f 164/164/164 152/152/152 167/167/167
f 159/159/159 148/148/148 133/133/133
f 133/133/133 139/139/139 159/159/159
f 148/148/148 119/119/119 133/133/133
f 129/129/129 162/162/162 135/135/135
f 171/171/171 131/131/131 124/124/124
f 172/172/172 129/129/129 81/81/81
f 172/172/172 162/162/162 129/129/129
f 77/77/77 169/169/169 160/160/160
f 77/77/77 80/80/80 169/169/169
f 173/173/173 172/172/172 81/81/81
f 170/170/170 154/154/154 174/174/174
f 80/80/80 79/79/79 171/171/171
f 168/168/168 137/137/137 139/139/139
f 172/172/172 173/173/173 175/175/175
f 176/176/176 164/164/164 167/167/167
f 36/36/36 177/177/177 37/37/37
f 81/81/81 129/129/129 122/122/122
f 170/170/170 176/176/176 167/167/167
f 81/81/81 122/122/122 75/75/75
f 59/59/59 37/37/37 178/178/178
f 37/37/37 179/179/179 178/178/178
f 170/170/170 180/180/180 176/176/176
f 180/180/180 170/170/170 181/181/181
f 107/107/107 105/105/105 163/163/163
f 134/134/134 182/182/182 183/183/183
f 179/179/179 37/37/37 184/184/184
f 184/184/184 37/37/37 177/177/177
f 127/127/127 107/107/107 163/163/163
f 173/173/173 81/81/81 82/82/82
f 173/173/173 82/82/82 106/106/106
f 108/108/108 136/136/136 134/134/134
f 185/185/185 127/127/127 163/163/163
f 186/186/186 178/178/178 179/179/179
f 108/108/108 104/104/104 136/136/136
f 187/187/187 40/40/40 59/59/59
f 187/187/187 59/59/59 178/178/178
f 188/188/188 136/136/136 140/140/140
f 134/134/134 136/136/136 182/182/182
f 185/185/185 163/163/163 164/164/164
f 182/182/182 136/136/136 188/188/188
f 189/189/189 182/182/182 188/188/188
f 132/132/132 123/123/123 127/127/127
f 188/188/188 140/140/140 145/145/145
f 188/188/188 145/145/145 190/190/190
f 191/191/191 187/187/187 178/178/178
f 162/162/162 192/192/192 166/166/166
f 132/132/132 127/127/127 193/193/193
f 187/187/187 38/38/38 40/40/40
f 193/193/193 127/127/127 185/185/185
f 194/194/194 195/195/195 196/196/196
f 193/193/193 197/197/197 132/132/132
f 198/198/198 195/195/195 194/194/194
f 191/191/191 178/178/178 186/186/186
f 199/199/199 195/195/195 198/198/198
f 185/185/185 164/164/164 176/176/176
f 200/200/200 201/201/201 186/186/186
f 138/138/138 137/137/137 144/144/144
f 202/202/202 186/186/186 179/179/179
f 185/185/185 176/176/176 180/180/180
f 144/144/144 137/137/137 203/203/203
f 184/184/184 202/202/202 179/179/179
f 172/172/172 192/192/192 162/162/162
f 198/198/198 153/153/153 151/151/151
f 172/172/172 204/204/204 192/192/192
f 181/181/181 205/205/205 180/180/180
f 206/206/206 180/180/180 205/205/205
f 193/193/193 185/185/185 180/180/180
f 207/207/207 200/200/200 202/202/202
f 193/193/193 180/180/180 206/206/206
f 154/154/154 153/153/153 174/174/174
f 186/186/186 202/202/202 200/200/200
f 155/155/155 208/208/208 209/209/209
f 134/134/134 137/137/137 133/133/133
f 187/187/187 191/191/191 210/210/210
f 201/201/201 191/191/191 186/186/186
f 211/211/211 209/209/209 212/212/212
f 193/193/193 206/206/206 213/213/213
f 134/134/134 183/183/183 137/137/137
f 214/214/214 212/212/212 209/209/209
f 208/208/208 214/214/214 209/209/209
f 137/137/137 183/183/183 203/203/203
f 210/210/210 191/191/191 201/201/201
f 1/1/1 53/53/53 215/215/215
f 216/216/216 217/217/217 218/218/218
f 166/166/166 208/208/208 155/155/155
f 192/192/192 208/208/208 166/166/166
f 219/219/219 199/199/199 198/198/198
f 220/220/220 221/221/221 222/222/222
f 36/36/36 223/223/223 222/222/222
f 215/215/215 224/224/224 1/1/1
f 223/223/223 220/220/220 222/222/222
f 151/151/151 219/219/219 198/198/198
f 51/51/51 225/225/225 165/165/165
f 226/226/226 217/217/217 223/223/223
f 227/227/227 220/220/220 217/217/217
f 214/214/214 47/47/47 212/212/212
f 48/48/48 47/47/47 214/214/214
f 153/153/153 198/198/198 228/228/228
f 227/227/227 217/217/217 216/216/216
f 225/225/225 51/51/51 6/6/6
f 229/229/229 48/48/48 214/214/214
f 11/11/11 158/158/158 54/54/54
f 12/12/12 11/11/11 54/54/54
f 230/230/230 231/231/231 227/227/227
f 55/55/55 54/54/54 158/158/158
f 225/225/225 77/77/77 165/165/165
f 78/78/78 77/77/77 225/225/225
f 232/232/232 78/78/78 225/225/225
f 231/231/231 233/233/233 221/221/221
f 50/50/50 234/234/234 57/57/57
f 229/229/229 50/50/50 48/48/48
f 229/229/229 234/234/234 50/50/50
f 158/158/158 235/235/235 55/55/55
f 232/232/232 79/79/79 78/78/78
f 220/220/220 223/223/223 217/217/217
f 6/6/6 5/5/5 225/225/225
f 232/232/232 225/225/225 5/5/5
f 236/236/236 159/159/159 139/139/139
f 221/221/221 220/220/220 231/231/231
f 227/227/227 231/231/231 220/220/220
f 236/236/236 139/139/139 138/138/138
f 5/5/5 237/237/237 232/232/232
f 214/214/214 208/208/208 229/229/229
f 229/229/229 208/208/208 238/238/238
f 239/239/239 240/240/240 141/141/141
f 235/235/235 236/236/236 138/138/138
f 79/79/79 232/232/232 237/237/237
f 159/159/159 236/236/236 158/158/158
f 235/235/235 158/158/158 236/236/236
f 142/142/142 239/239/239 141/141/141
f 1/1/1 6/6/6 51/51/51
f 239/239/239 241/241/241 240/240/240
f 1/1/1 51/51/51 53/53/53
f 216/216/216 241/241/241 242/242/242
f 243/243/243 234/234/234 229/229/229
f 229/229/229 244/244/244 243/243/243
f 1/1/1 4/4/4 6/6/6
f 245/245/245 138/138/138 143/143/143
f 245/245/245 143/143/143 246/246/246
f 229/229/229 238/238/238 244/244/244
f 56/56/56 55/55/55 86/86/86
f 247/247/247 241/241/241 239/239/239
f 86/86/86 245/245/245 88/88/88
f 105/105/105 95/95/95 163/163/163
f 235/235/235 86/86/86 55/55/55
f 235/235/235 138/138/138 86/86/86
f 242/242/242 241/241/241 247/247/247
f 1/1/1 224/224/224 2/2/2
f 248/248/248 208/208/208 192/192/192
f 138/138/138 245/245/245 86/86/86
f 238/238/238 208/208/208 248/248/248
f 249/249/249 239/239/239 142/142/142
f 238/238/238 248/248/248 250/250/250
f 20/20/20 92/92/92 142/142/142
f 92/92/92 249/249/249 142/142/142
f 158/158/158 11/11/11 148/148/148
f 249/249/249 92/92/92 247/247/247
f 204/204/204 248/248/248 192/192/192
f 247/247/247 147/147/147 251/251/251
f 252/252/252 250/250/250 248/248/248
f 92/92/92 100/100/100 147/147/147
f 147/147/147 247/247/247 92/92/92
f 253/253/253 250/250/250 252/252/252
f 247/247/247 239/239/239 249/249/249
f 250/250/250 254/254/254 238/238/238
f 255/255/255 256/256/256 251/251/251
f 156/156/156 255/255/255 251/251/251
f 156/156/156 251/251/251 146/146/146
f 238/238/238 254/254/254 244/244/244
f 244/244/244 254/254/254 257/257/257
f 155/155/155 255/255/255 156/156/156
f 242/242/242 258/258/258 230/230/230
f 258/258/258 231/231/231 230/230/230
f 242/242/242 247/247/247 251/251/251
f 254/254/254 250/250/250 253/253/253
f 258/258/258 242/242/242 251/251/251
f 216/216/216 230/230/230 227/227/227
f 230/230/230 216/216/216 242/242/242
f 258/258/258 233/233/233 231/231/231
f 259/259/259 257/257/257 254/254/254
f 260/260/260 261/261/261 262/262/262
f 9/9/9 221/221/221 233/233/233
f 233/233/233 256/256/256 9/9/9
f 262/262/262 263/263/263 260/260/260
f 264/264/264 265/265/265 266/266/266
f 251/251/251 233/233/233 258/258/258
f 266/266/266 267/267/267 264/264/264
f 251/251/251 256/256/256 233/233/233
f 268/268/268 68/68/68 261/261/261
f 31/31/31 264/264/264 29/29/29
f 68/68/68 268/268/268 31/31/31
f 31/31/31 30/30/30 68/68/68
f 265/265/265 268/268/268 263/263/263
f 268/268/268 260/260/260 263/263/263
f 268/268/268 261/261/261 260/260/260
f 251/251/251 147/147/147 146/146/146
f 31/31/31 265/265/265 264/264/264
f 31/31/31 268/268/268 265/265/265
f 240/240/240 269/269/269 270/270/270
f 269/269/269 266/266/266 270/270/270
f 222/222/222 271/271/271 177/177/177
f 266/266/266 265/265/265 263/263/263
f 266/266/266 263/263/263 114/114/114
f 114/114/114 263/263/263 262/262/262
f 270/270/270 266/266/266 114/114/114
f 271/271/271 272/272/272 184/184/184
f 269/269/269 218/218/218 266/266/266
f 218/218/218 267/267/267 266/266/266
f 216/216/216 218/218/218 241/241/241
f 241/241/241 218/218/218 269/269/269
f 8/8/8 271/271/271 221/221/221
f 9/9/9 8/8/8 221/221/221
f 271/271/271 8/8/8 273/273/273
f 222/222/222 221/221/221 271/271/271
f 262/262/262 13/13/13 25/25/25
f 273/273/273 272/272/272 271/271/271
f 262/262/262 25/25/25 112/112/112
f 25/25/25 96/96/96 112/112/112
f 17/17/17 273/273/273 8/8/8
f 273/273/273 17/17/17 272/272/272
f 16/16/16 272/272/272 17/17/17
f 24/24/24 96/96/96 25/25/25
f 274/274/274 184/184/184 272/272/272
f 261/261/261 68/68/68 13/13/13
f 261/261/261 13/13/13 262/262/262
f 207/207/207 184/184/184 274/274/274
f 114/114/114 262/262/262 112/112/112
f 264/264/264 226/226/226 29/29/29
f 275/275/275 207/207/207 274/274/274
f 64/64/64 275/275/275 274/274/274
f 264/264/264 267/267/267 226/226/226
f 16/16/16 274/274/274 272/272/272
f 61/61/61 64/64/64 16/16/16
f 64/64/64 274/274/274 16/16/16
f 29/29/29 226/226/226 36/36/36
f 70/70/70 275/275/275 64/64/64
f 222/222/222 177/177/177 36/36/36
f 223/223/223 36/36/36 226/226/226
f 226/226/226 267/267/267 218/218/218
f 218/218/218 217/217/217 226/226/226
f 141/141/141 270/270/270 111/111/111
f 256/256/256 255/255/255 9/9/9
f 270/270/270 141/141/141 240/240/240
f 255/255/255 7/7/7 9/9/9
f 7/7/7 255/255/255 276/276/276
f 8/8/8 277/277/277 17/17/17
f 276/276/276 277/277/277 8/8/8
f 277/277/277 21/21/21 17/17/17
f 277/277/277 23/23/23 21/21/21
f 111/111/111 270/270/270 114/114/114
f 240/240/240 241/241/241 269/269/269
f 209/209/209 255/255/255 155/155/155
f 276/276/276 255/255/255 211/211/211
f 209/209/209 211/211/211 255/255/255
f 211/211/211 27/27/27 277/277/277
f 277/277/277 27/27/27 23/23/23
f 211/211/211 277/277/277 276/276/276
f 212/212/212 27/27/27 211/211/211
f 212/212/212 47/47/47 27/27/27
f 184/184/184 177/177/177 271/271/271
f 202/202/202 184/184/184 207/207/207
f 67/67/67 71/71/71 278/278/278
f 279/279/279 74/74/74 45/45/45
f 280/280/280 281/281/281 94/94/94
f 101/101/101 94/94/94 93/93/93
f 56/56/56 282/282/282 45/45/45
f 279/279/279 45/45/45 282/282/282
f 280/280/280 283/283/283 284/284/284
f 283/283/283 285/285/285 284/284/284
f 283/283/283 280/280/280 286/286/286
f 286/286/286 287/287/287 283/283/283
f 101/101/101 280/280/280 94/94/94
f 286/286/286 280/280/280 101/101/101
f 286/286/286 101/101/101 115/115/115
f 246/246/246 88/88/88 245/245/245
f 8/8/8 7/7/7 276/276/276
f 288/288/288 289/289/289 290/290/290
f 291/291/291 292/292/292 293/293/293
f 294/294/294 295/295/295 296/296/296
f 288/288/288 297/297/297 289/289/289
f 291/291/291 298/298/298 292/292/292
f 299/299/299 296/296/296 295/295/295
f 293/293/293 300/300/300 291/291/291
f 196/196/196 292/292/292 194/194/194
f 292/292/292 301/301/301 194/194/194
f 298/298/298 301/301/301 292/292/292
f 301/301/301 298/298/298 302/302/302
f 298/298/298 291/291/291 303/303/303
f 302/302/302 298/298/298 303/303/303
f 300/300/300 128/128/128 131/131/131
f 300/300/300 293/293/293 128/128/128
f 198/198/198 194/194/194 304/304/304
f 300/300/300 131/131/131 305/305/305
f 306/306/306 307/307/307 308/308/308
f 302/302/302 303/303/303 309/309/309
f 194/194/194 301/301/301 304/304/304
f 300/300/300 303/303/303 291/291/291
f 307/307/307 310/310/310 308/308/308
f 311/311/311 304/304/304 301/301/301
f 305/305/305 303/303/303 300/300/300
f 305/305/305 312/312/312 303/303/303
f 303/303/303 312/312/312 309/309/309
f 301/301/301 302/302/302 313/313/313
f 309/309/309 312/312/312 314/314/314
f 307/307/307 306/306/306 294/294/294
f 131/131/131 171/171/171 315/315/315
f 311/311/311 301/301/301 313/313/313
f 307/307/307 294/294/294 316/316/316
f 153/153/153 228/228/228 317/317/317
f 315/315/315 305/305/305 131/131/131
f 314/314/314 318/318/318 309/309/309
f 174/174/174 317/317/317 319/319/319
f 319/319/319 317/317/317 320/320/320
f 79/79/79 321/321/321 315/315/315
f 315/315/315 171/171/171 79/79/79
f 318/318/318 314/314/314 322/322/322
f 310/310/310 323/323/323 308/308/308
f 309/309/309 313/313/313 302/302/302
f 228/228/228 198/198/198 304/304/304
f 313/313/313 309/309/309 318/318/318
f 317/317/317 228/228/228 304/304/304
f 315/315/315 321/321/321 324/324/324
f 325/325/325 304/304/304 311/311/311
f 315/315/315 324/324/324 305/305/305
f 307/307/307 316/316/316 326/326/326
f 324/324/324 327/327/327 305/305/305
f 325/325/325 317/317/317 304/304/304
f 317/317/317 325/325/325 320/320/320
f 318/318/318 328/328/328 313/313/313
f 325/325/325 311/311/311 329/329/329
f 312/312/312 305/305/305 327/327/327
f 330/330/330 331/331/331 332/332/332
f 318/318/318 322/322/322 333/333/333
f 329/329/329 311/311/311 313/313/313
f 314/314/314 312/312/312 327/327/327
f 328/328/328 318/318/318 333/333/333
f 327/327/327 334/334/334 314/314/314
f 335/335/335 313/313/313 328/328/328
f 333/333/333 336/336/336 328/328/328
f 329/329/329 313/313/313 335/335/335
f 337/337/337 338/338/338 339/339/339
f 329/329/329 340/340/340 325/325/325
f 320/320/320 325/325/325 340/340/340
f 334/334/334 322/322/322 314/314/314
f 337/337/337 339/339/339 341/341/341
f 342/342/342 334/334/334 327/327/327
f 329/329/329 335/335/335 343/343/343
f 336/336/336 333/333/333 322/322/322
f 342/342/342 344/344/344 334/334/334
f 340/340/340 329/329/329 343/343/343
f 336/336/336 322/322/322 345/345/345
f 346/346/346 337/337/337 341/341/341
f 343/343/343 335/335/335 347/347/347
f 79/79/79 237/237/237 348/348/348
f 335/335/335 328/328/328 349/349/349
f 350/350/350 351/351/351 352/352/352
f 347/347/347 335/335/335 349/349/349
f 79/79/79 348/348/348 321/321/321
f 174/174/174 153/153/153 317/317/317
f 353/353/353 351/351/351 350/350/350
f 354/354/354 353/353/353 350/350/350
f 354/354/354 350/350/350 355/355/355
f 332/332/332 331/331/331 351/351/351
f 322/322/322 356/356/356 345/345/345
f 322/322/322 334/334/334 344/344/344
f 344/344/344 356/356/356 322/322/322
f 348/348/348 237/237/237 357/357/357
f 174/174/174 181/181/181 170/170/170
f 358/358/358 348/348/348 359/359/359
f 348/348/348 357/357/357 360/360/360
f 181/181/181 174/174/174 319/319/319
f 361/361/361 356/356/356 344/344/344
f 360/360/360 359/359/359 348/348/348
f 332/332/332 351/351/351 353/353/353
f 237/237/237 5/5/5 357/357/357
f 362/362/362 319/319/319 320/320/320
f 5/5/5 363/363/363 357/357/357
f 319/319/319 362/362/362 181/181/181
f 181/181/181 362/362/362 205/205/205
f 364/364/364 360/360/360 357/357/357
f 353/353/353 354/354/354 365/365/365
f 5/5/5 28/28/28 363/363/363
f 365/365/365 366/366/366 353/353/353
f 367/367/367 362/362/362 320/320/320
f 353/353/353 366/366/366 368/368/368
f 369/369/369 367/367/367 320/320/320
f 366/366/366 365/365/365 370/370/370
f 350/350/350 338/338/338 355/355/355
f 357/357/357 363/363/363 364/364/364
f 340/340/340 369/369/369 320/320/320
f 338/338/338 337/337/337 355/355/355
f 369/369/369 340/340/340 343/343/343
f 359/359/359 360/360/360 371/371/371
f 336/336/336 345/345/345 372/372/372
f 356/356/356 372/372/372 345/345/345
f 364/364/364 373/373/373 360/360/360
f 360/360/360 373/373/373 371/371/371
f 354/354/354 355/355/355 374/374/374
f 367/367/367 369/369/369 375/375/375
f 343/343/343 375/375/375 369/369/369
f 364/364/364 363/363/363 376/376/376
f 364/364/364 376/376/376 377/377/377
f 375/375/375 378/378/378 379/379/379
f 380/380/380 373/373/373 364/364/364
f 374/374/374 355/355/355 337/337/337
f 377/377/377 380/380/380 364/364/364
f 377/377/377 381/381/381 380/380/380
f 382/382/382 372/372/372 356/356/356
f 348/348/348 324/324/324 321/321/321
f 370/370/370 365/365/365 354/354/354
f 362/362/362 383/383/383 205/205/205
f 383/383/383 384/384/384 205/205/205
f 206/206/206 205/205/205 384/384/384
f 358/358/358 385/385/385 348/348/348
f 385/385/385 324/324/324 348/348/348
f 374/374/374 370/370/370 354/354/354
f 385/385/385 327/327/327 324/324/324
f 385/385/385 342/342/342 327/327/327
f 362/362/362 367/367/367 386/386/386
f 336/336/336 349/349/349 328/328/328
f 383/383/383 362/362/362 386/386/386
f 371/371/371 358/358/358 359/359/359
f 386/386/386 367/367/367 379/379/379
f 385/385/385 358/358/358 387/387/387
f 370/370/370 374/374/374 388/388/388
f 387/387/387 371/371/371 373/373/373
f 358/358/358 371/371/371 387/387/387
f 389/389/389 383/383/383 386/386/386
f 389/389/389 386/386/386 390/390/390
f 332/332/332 299/299/299 330/330/330
f 391/391/391 383/383/383 389/389/389
f 383/383/383 391/391/391 384/384/384
f 380/380/380 381/381/381 392/392/392
f 390/390/390 393/393/393 389/389/389
f 349/349/349 336/336/336 394/394/394
f 342/342/342 385/385/385 387/387/387
f 395/395/395 342/342/342 387/387/387
f 379/379/379 367/367/367 375/375/375
f 299/299/299 332/332/332 396/396/396
f 397/397/397 299/299/299 396/396/396
f 390/390/390 386/386/386 379/379/379
f 375/375/375 343/343/343 347/347/347
f 294/294/294 296/296/296 398/398/398
f 361/361/361 344/344/344 342/342/342
f 397/397/397 296/296/296 299/299/299
f 398/398/398 296/296/296 397/397/397
f 399/399/399 347/347/347 400/400/400
f 347/347/347 349/349/349 400/400/400
f 349/349/349 394/394/394 401/401/401
f 361/361/361 342/342/342 395/395/395
f 398/398/398 397/397/397 402/402/402
f 395/395/395 403/403/403 361/361/361
f 347/347/347 399/399/399 375/375/375
f 403/403/403 395/395/395 404/404/404
f 308/308/308 399/399/399 400/400/400
f 316/316/316 294/294/294 398/398/398
f 387/387/387 373/373/373 405/405/405
f 405/405/405 373/373/373 406/406/406
f 373/373/373 407/407/407 406/406/406
f 408/408/408 316/316/316 398/398/398
f 409/409/409 295/295/295 394/394/394
f 410/410/410 387/387/387 405/405/405
f 387/387/387 410/410/410 395/395/395
f 390/390/390 379/379/379 378/378/378
f 406/406/406 289/289/289 405/405/405
f 373/373/373 380/380/380 407/407/407
f 399/399/399 378/378/378 375/375/375
f 380/380/380 392/392/392 407/407/407
f 408/408/408 398/398/398 402/402/402
f 411/411/411 408/408/408 402/402/402
f 412/412/412 407/407/407 392/392/392
f 406/406/406 407/407/407 412/412/412
f 336/336/336 372/372/372 409/409/409
f 406/406/406 412/412/412 289/289/289
f 290/290/290 289/289/289 412/412/412
f 413/413/413 390/390/390 378/378/378
f 326/326/326 316/316/316 414/414/414
f 415/415/415 390/390/390 413/413/413
f 414/414/414 316/316/316 408/408/408
f 409/409/409 372/372/372 416/416/416
f 410/410/410 405/405/405 289/289/289
f 413/413/413 378/378/378 323/323/323
f 417/417/417 307/307/307 326/326/326
f 399/399/399 323/323/323 378/378/378
f 395/395/395 410/410/410 404/404/404
f 409/409/409 416/416/416 331/331/331
f 323/323/323 399/399/399 308/308/308
f 410/410/410 289/289/289 404/404/404
f 331/331/331 416/416/416 418/418/418
f 419/419/419 323/323/323 420/420/420
f 330/330/330 409/409/409 331/331/331
f 421/421/421 408/408/408 422/422/422
f 409/409/409 394/394/394 336/336/336
f 414/414/414 408/408/408 421/421/421
f 368/368/368 332/332/332 353/353/353
f 396/396/396 332/332/332 368/368/368
f 330/330/330 295/295/295 409/409/409
f 423/423/423 368/368/368 366/366/366
f 424/424/424 397/397/397 396/396/396
f 403/403/403 356/356/356 361/361/361
f 396/396/396 368/368/368 424/424/424
f 402/402/402 397/397/397 424/424/424
f 382/382/382 356/356/356 425/425/425
f 356/356/356 403/403/403 425/425/425
f 426/426/426 425/425/425 403/403/403
f 426/426/426 403/403/403 404/404/404
f 424/424/424 368/368/368 423/423/423
f 423/423/423 366/366/366 370/370/370
f 427/427/427 370/370/370 388/388/388
f 372/372/372 382/382/382 416/416/416
f 428/428/428 423/423/423 370/370/370
f 418/418/418 382/382/382 352/352/352
f 382/382/382 425/425/425 426/426/426
f 382/382/382 426/426/426 352/352/352
f 370/370/370 427/427/427 428/428/428
f 429/429/429 428/428/428 427/427/427
f 350/350/350 352/352/352 338/338/338
f 429/429/429 427/427/427 430/430/430
f 430/430/430 431/431/431 429/429/429
f 431/431/431 430/430/430 432/432/432
f 404/404/404 339/339/339 426/426/426
f 352/352/352 426/426/426 339/339/339
f 411/411/411 402/402/402 424/424/424
f 352/352/352 339/339/339 338/338/338
f 411/411/411 424/424/424 433/433/433
f 404/404/404 289/289/289 297/297/297
f 339/339/339 404/404/404 297/297/297
f 424/424/424 434/434/434 433/433/433
f 428/428/428 424/424/424 423/423/423
f 434/434/434 424/424/424 428/428/428
f 422/422/422 411/411/411 433/433/433
f 422/422/422 408/408/408 411/411/411
f 418/418/418 416/416/416 382/382/382
f 435/435/435 433/433/433 434/434/434
f 435/435/435 422/422/422 433/433/433
f 351/351/351 418/418/418 352/352/352
f 436/436/436 422/422/422 435/435/435
f 436/436/436 421/421/421 422/422/422
f 436/436/436 435/435/435 437/437/437
f 434/434/434 437/437/437 435/435/435
f 331/331/331 418/418/418 351/351/351
f 434/434/434 428/428/428 438/438/438
f 434/434/434 438/438/438 437/437/437
f 400/400/400 349/349/349 401/401/401
f 438/438/438 439/439/439 437/437/437
f 438/438/438 428/428/428 429/429/429
f 439/439/439 438/438/438 429/429/429
f 401/401/401 394/394/394 295/295/295
f 429/429/429 440/440/440 439/439/439
f 308/308/308 400/400/400 306/306/306
f 306/306/306 400/400/400 401/401/401
f 440/440/440 429/429/429 431/431/431
f 441/441/441 440/440/440 431/431/431
f 306/306/306 401/401/401 295/295/295
f 442/442/442 440/440/440 441/441/441
f 442/442/442 441/441/441 443/443/443
f 294/294/294 306/306/306 295/295/295
f 295/295/295 330/330/330 299/299/299
f 275/275/275 70/70/70 444/444/444
f 445/445/445 446/446/446 447/447/447
f 448/448/448 200/200/200 207/207/207
f 448/448/448 275/275/275 444/444/444
f 32/32/32 449/449/449 70/70/70
f 450/450/450 445/445/445 451/451/451
f 448/448/448 452/452/452 200/200/200
f 453/453/453 454/454/454 444/444/444
f 444/444/444 454/454/454 448/448/448
f 455/455/455 449/449/449 456/456/456
f 455/455/455 457/457/457 70/70/70
f 457/457/457 444/444/444 70/70/70
f 455/455/455 70/70/70 449/449/449
f 451/451/451 458/458/458 450/450/450
f 453/453/453 459/459/459 454/454/454
f 457/457/457 453/453/453 444/444/444
f 460/460/460 224/224/224 215/215/215
f 200/200/200 452/452/452 201/201/201
f 461/461/461 445/445/445 450/450/450
f 457/457/457 455/455/455 462/462/462
f 463/463/463 464/464/464 457/457/457
f 57/57/57 465/465/465 32/32/32
f 57/57/57 466/466/466 465/465/465
f 224/224/224 460/460/460 467/467/467
f 468/468/468 469/469/469 470/470/470
f 471/471/471 469/469/469 468/468/468
f 454/454/454 459/459/459 448/448/448
f 456/456/456 449/449/449 465/465/465
f 448/448/448 459/459/459 452/452/452
f 32/32/32 465/465/465 449/449/449
f 453/453/453 457/457/457 464/464/464
f 471/471/471 468/468/468 472/472/472
f 473/473/473 455/455/455 456/456/456
f 458/458/458 471/471/471 450/450/450
f 453/453/453 474/474/474 459/459/459
f 475/475/475 456/456/456 465/465/465
f 459/459/459 474/474/474 476/476/476
f 477/477/477 473/473/473 456/456/456
f 478/478/478 471/471/471 472/472/472
f 475/475/475 477/477/477 456/456/456
f 478/478/478 450/450/450 471/471/471
f 466/466/466 475/475/475 465/465/465
f 475/475/475 466/466/466 477/477/477
f 460/460/460 479/479/479 467/467/467
f 467/467/467 479/479/479 480/480/480
f 481/481/481 468/468/468 482/482/482
f 462/462/462 455/455/455 473/473/473
f 479/479/479 483/483/483 480/480/480
f 468/468/468 481/481/481 484/484/484
f 473/473/473 485/485/485 462/462/462
f 484/484/484 472/472/472 468/468/468
f 474/474/474 486/486/486 476/476/476
f 487/487/487 480/480/480 483/483/483
f 488/488/488 463/463/463 462/462/462
f 462/462/462 463/463/463 457/457/457
f 452/452/452 459/459/459 489/489/489
f 485/485/485 488/488/488 462/462/462
f 464/464/464 490/490/490 453/453/453
f 491/491/491 488/488/488 485/485/485
f 474/474/474 453/453/453 490/490/490
f 484/484/484 481/481/481 492/492/492
f 484/484/484 492/492/492 472/472/472
f 493/493/493 489/489/489 459/459/459
f 494/494/494 485/485/485 473/473/473
f 495/495/495 483/483/483 479/479/479
f 477/477/477 494/494/494 473/473/473
f 472/472/472 496/496/496 478/478/478
f 494/494/494 491/491/491 485/485/485
f 497/497/497 488/488/488 491/491/491
f 498/498/498 464/464/464 499/499/499
f 491/491/491 494/494/494 500/500/500
f 490/490/490 464/464/464 498/498/498
f 498/498/498 501/501/501 490/490/490
f 497/497/497 491/491/491 502/502/502
f 501/501/501 486/486/486 490/490/490
f 498/498/498 503/503/503 501/501/501
f 450/450/450 504/504/504 461/461/461
f 505/505/505 501/501/501 503/503/503
f 505/505/505 486/486/486 501/501/501
f 490/490/490 486/486/486 474/474/474
f 450/450/450 506/506/506 504/504/504
f 2/2/2 507/507/507 3/3/3
f 507/507/507 508/508/508 3/3/3
f 497/497/497 509/509/509 488/488/488
f 510/510/510 463/463/463 488/488/488
f 510/510/510 499/499/499 463/463/463
f 511/511/511 499/499/499 510/510/510
f 502/502/502 509/509/509 497/497/497
f 509/509/509 510/510/510 488/488/488
f 512/512/512 461/461/461 504/504/504
f 3/3/3 28/28/28 4/4/4
f 3/3/3 513/513/513 28/28/28
f 514/514/514 512/512/512 504/504/504
f 515/515/515 511/511/511 510/510/510
f 516/516/516 511/511/511 515/515/515
f 516/516/516 517/517/517 511/511/511
f 516/516/516 518/518/518 517/517/517
f 519/519/519 506/506/506 450/450/450
f 506/506/506 514/514/514 504/504/504
f 514/514/514 506/506/506 520/520/520
f 521/521/521 522/522/522 523/523/523
f 508/508/508 513/513/513 3/3/3
f 524/524/524 514/514/514 520/520/520
f 478/478/478 519/519/519 450/450/450
f 513/513/513 525/525/525 28/28/28
f 234/234/234 466/466/466 57/57/57
f 234/234/234 526/526/526 466/466/466
f 525/525/525 513/513/513 527/527/527
f 528/528/528 521/521/521 523/523/523
f 476/476/476 486/486/486 529/529/529
f 466/466/466 526/526/526 477/477/477
f 478/478/478 496/496/496 519/519/519
f 243/243/243 526/526/526 234/234/234
f 529/529/529 486/486/486 505/505/505
f 530/530/530 529/529/529 505/505/505
f 506/506/506 519/519/519 520/520/520
f 531/531/531 526/526/526 243/243/243
f 525/525/525 527/527/527 532/532/532
f 524/524/524 520/520/520 533/533/533
f 530/530/530 534/534/534 529/529/529
f 533/533/533 520/520/520 519/519/519
f 535/535/535 513/513/513 508/508/508
f 535/535/535 527/527/527 513/513/513
f 536/536/536 521/521/521 528/528/528
f 508/508/508 507/507/507 535/535/535
f 537/537/537 538/538/538 539/539/539
f 531/531/531 500/500/500 526/526/526
f 540/540/540 527/527/527 535/535/535
f 477/477/477 526/526/526 500/500/500
f 541/541/541 542/542/542 537/537/537
f 500/500/500 494/494/494 477/477/477
f 543/543/543 2/2/2 224/224/224
f 224/224/224 467/467/467 543/543/543
f 544/544/544 545/545/545 521/521/521
f 500/500/500 502/502/502 491/491/491
f 546/546/546 541/541/541 539/539/539
f 467/467/467 480/480/480 543/543/543
f 521/521/521 536/536/536 544/544/544
f 541/541/541 546/546/546 547/547/547
f 541/541/541 537/537/537 539/539/539
f 2/2/2 543/543/543 507/507/507
f 548/548/548 502/502/502 500/500/500
f 549/549/549 500/500/500 531/531/531
f 543/543/543 480/480/480 487/487/487
f 548/548/548 500/500/500 549/549/549
f 550/550/550 549/549/549 531/531/531
f 257/257/257 551/551/551 244/244/244
f 552/552/552 507/507/507 543/543/543
f 543/543/543 487/487/487 552/552/552
f 541/541/541 553/553/553 542/542/542
f 243/243/243 244/244/244 551/551/551
f 536/536/536 528/528/528 554/554/554
f 553/553/553 555/555/555 542/542/542
f 243/243/243 551/551/551 556/556/556
f 557/557/557 535/535/535 507/507/507
f 243/243/243 556/556/556 531/531/531
f 558/558/558 487/487/487 483/483/483
f 459/459/459 476/476/476 493/493/493
f 542/542/542 559/559/559 537/537/537
f 560/560/560 529/529/529 534/534/534
f 528/528/528 561/561/561 554/554/554
f 495/495/495 523/523/523 522/522/522
f 562/562/562 556/556/556 257/257/257
f 561/561/561 563/563/563 554/554/554
f 556/556/556 551/551/551 257/257/257
f 564/564/564 482/482/482 565/565/565
f 563/563/563 566/566/566 554/554/554
f 555/555/555 559/559/559 542/542/542
f 522/522/522 483/483/483 495/495/495
f 564/564/564 565/565/565 567/567/567
f 566/566/566 536/536/536 554/554/554
f 566/566/566 568/568/568 536/536/536
f 483/483/483 522/522/522 558/558/558
f 568/568/568 544/544/544 536/536/536
f 499/499/499 464/464/464 463/463/463
f 499/499/499 511/511/511 498/498/498
f 522/522/522 521/521/521 545/545/545
f 531/531/531 556/556/556 550/550/550
f 498/498/498 511/511/511 503/503/503
f 487/487/487 558/558/558 569/569/569
f 570/570/570 556/556/556 562/562/562
f 570/570/570 550/550/550 556/556/556
f 571/571/571 505/505/505 503/503/503
f 552/552/552 487/487/487 569/569/569
f 517/517/517 503/503/503 511/511/511
f 570/570/570 572/572/572 550/550/550
f 557/557/557 507/507/507 552/552/552
f 503/503/503 517/517/517 571/571/571
f 569/569/569 557/557/557 552/552/552
f 573/573/573 571/571/571 517/517/517
f 549/549/549 550/550/550 572/572/572
f 518/518/518 573/573/573 517/517/517
f 569/569/569 558/558/558 574/574/574
f 548/548/548 509/509/509 502/502/502
f 573/573/573 505/505/505 571/571/571
f 548/548/548 575/575/575 509/509/509
f 576/576/576 575/575/575 548/548/548
f 575/575/575 510/510/510 509/509/509
f 577/577/577 573/573/573 578/578/578
f 577/577/577 530/530/530 573/573/573
f 510/510/510 575/575/575 576/576/576
f 576/576/576 515/515/515 510/510/510
f 545/545/545 558/558/558 522/522/522
f 573/573/573 530/530/530 505/505/505
f 579/579/579 516/516/516 515/515/515
f 545/545/545 580/580/580 558/558/558
f 576/576/576 579/579/579 515/515/515
f 574/574/574 558/558/558 580/580/580
f 581/581/581 564/564/564 582/582/582
f 534/534/534 530/530/530 577/577/577
f 574/574/574 580/580/580 583/583/583
f 569/569/569 574/574/574 557/557/557
f 584/584/584 535/535/535 557/557/557
f 585/585/585 534/534/534 577/577/577
f 548/548/548 586/586/586 576/576/576
f 549/549/549 586/586/586 548/548/548
f 585/585/585 560/560/560 534/534/534
f 535/535/535 584/584/584 587/587/587
f 588/588/588 560/560/560 585/585/585
f 589/589/589 588/588/588 585/585/585
f 590/590/590 588/588/588 589/589/589
f 591/591/591 576/576/576 586/586/586
f 592/592/592 591/591/591 586/586/586
f 579/579/579 593/593/593 516/516/516
f 574/574/574 583/583/583 557/557/557
f 578/578/578 573/573/573 518/518/518
f 594/594/594 579/579/579 576/576/576
f 595/595/595 577/577/577 578/578/578
f 594/594/594 576/576/576 591/591/591
f 557/557/557 583/583/583 584/584/584
f 593/593/593 578/578/578 518/518/518
f 593/593/593 518/518/518 516/516/516
f 553/553/553 541/541/541 596/596/596
f 591/591/591 592/592/592 597/597/597
f 598/598/598 584/584/584 583/583/583
f 591/591/591 597/597/597 594/594/594
f 593/593/593 595/595/595 578/578/578
f 599/599/599 600/600/600 584/584/584
f 547/547/547 601/601/601 594/594/594
f 602/602/602 577/577/577 595/595/595
f 603/603/603 580/580/580 545/545/545
f 602/602/602 595/595/595 539/539/539
f 585/585/585 577/577/577 602/602/602
f 589/589/589 585/585/585 602/602/602
f 604/604/604 605/605/605 606/606/606
f 586/586/586 549/549/549 592/592/592
f 549/549/549 607/607/607 592/592/592
f 608/608/608 596/596/596 605/605/605
f 539/539/539 589/589/589 602/602/602
f 609/609/609 592/592/592 607/607/607
f 609/609/609 597/597/597 592/592/592
f 610/610/610 580/580/580 603/603/603
f 580/580/580 610/610/610 598/598/598
f 607/607/607 549/549/549 572/572/572
f 604/604/604 608/608/608 605/605/605
f 607/607/607 572/572/572 611/611/611
f 538/538/538 590/590/590 589/589/589
f 584/584/584 598/598/598 599/599/599
f 596/596/596 608/608/608 553/553/553
f 612/612/612 563/563/563 561/561/561
f 583/583/583 580/580/580 598/598/598
f 613/613/613 607/607/607 611/611/611
f 599/599/599 598/598/598 614/614/614
f 545/545/545 544/544/544 603/603/603
f 599/599/599 615/615/615 616/616/616
f 617/617/617 599/599/599 614/614/614
f 618/618/618 619/619/619 597/597/597
f 619/619/619 547/547/547 594/594/594
f 619/619/619 594/594/594 597/597/597
f 606/606/606 619/619/619 618/618/618
f 615/615/615 599/599/599 617/617/617
f 613/613/613 609/609/609 607/607/607
f 544/544/544 610/610/610 603/603/603
f 608/608/608 620/620/620 553/553/553
f 609/609/609 618/618/618 597/597/597
f 555/555/555 553/553/553 620/620/620
f 568/568/568 610/610/610 544/544/544
f 613/613/613 621/621/621 609/609/609
f 621/621/621 618/618/618 609/609/609
f 622/622/622 615/615/615 446/446/446
f 275/275/275 448/448/448 207/207/207
f 614/614/614 610/610/610 623/623/623
f 610/610/610 614/614/614 598/598/598
f 624/624/624 555/555/555 625/625/625
f 620/620/620 625/625/625 555/555/555
f 615/615/615 617/617/617 614/614/614
f 626/626/626 593/593/593 579/579/579
f 593/593/593 626/626/626 595/595/595
f 620/620/620 627/627/627 625/625/625
f 594/594/594 626/626/626 579/579/579
f 539/539/539 595/595/595 626/626/626
f 608/608/608 628/628/628 620/620/620
f 626/626/626 546/546/546 539/539/539
f 539/539/539 538/538/538 589/589/589
f 601/601/601 626/626/626 594/594/594
f 601/601/601 546/546/546 626/626/626
f 629/629/629 620/620/620 628/628/628
f 629/629/629 627/627/627 620/620/620
f 547/547/547 546/546/546 601/601/601
f 581/581/581 482/482/482 564/564/564
f 581/581/581 481/481/481 482/482/482
f 492/492/492 481/481/481 581/581/581
f 596/596/596 547/547/547 619/619/619
f 596/596/596 541/541/541 547/547/547
f 492/492/492 496/496/496 472/472/472
f 619/619/619 606/606/606 605/605/605
f 605/605/605 596/596/596 619/619/619
f 630/630/630 496/496/496 492/492/492
f 618/618/618 604/604/604 606/606/606
f 581/581/581 631/631/631 492/492/492
f 604/604/604 618/618/618 621/621/621
f 631/631/631 630/630/630 492/492/492
f 563/563/563 632/632/632 566/566/566
f 581/581/581 582/582/582 631/631/631
f 633/633/633 566/566/566 632/632/632
f 633/633/633 568/568/568 566/566/566
f 537/537/537 634/634/634 590/590/590
f 537/537/537 590/590/590 538/538/538
f 635/635/635 632/632/632 563/563/563
f 636/636/636 563/563/563 612/612/612
f 635/635/635 563/563/563 636/636/636
f 635/635/635 565/565/565 632/632/632
f 630/630/630 519/519/519 496/496/496
f 636/636/636 565/565/565 635/635/635
f 630/630/630 533/533/533 519/519/519
f 632/632/632 470/470/470 633/633/633
f 470/470/470 469/469/469 633/633/633
f 637/637/637 582/582/582 638/638/638
f 637/637/637 631/631/631 582/582/582
f 634/634/634 588/588/588 590/590/590
f 630/630/630 631/631/631 637/637/637
f 559/559/559 634/634/634 537/537/537
f 565/565/565 470/470/470 632/632/632
f 482/482/482 468/468/468 470/470/470
f 565/565/565 482/482/482 470/470/470
f 627/627/627 639/639/639 640/640/640
f 641/641/641 639/639/639 627/627/627
f 533/533/533 630/630/630 642/642/642
f 642/642/642 643/643/643 533/533/533
f 643/643/643 644/644/644 533/533/533
f 645/645/645 642/642/642 630/630/630
f 646/646/646 614/614/614 623/623/623
f 642/642/642 645/645/645 647/647/647
f 458/458/458 451/451/451 646/646/646
f 647/647/647 643/643/643 642/642/642
f 637/637/637 645/645/645 630/630/630
f 568/568/568 623/623/623 610/610/610
f 469/469/469 623/623/623 568/568/568
f 469/469/469 646/646/646 623/623/623
f 568/568/568 633/633/633 469/469/469
f 645/645/645 637/637/637 648/648/648
f 649/649/649 643/643/643 647/647/647
f 645/645/645 649/649/649 647/647/647
f 469/469/469 458/458/458 646/646/646
f 458/458/458 469/469/469 471/471/471
f 650/650/650 651/651/651 639/639/639
f 650/650/650 652/652/652 651/651/651
f 447/447/447 615/615/615 614/614/614
f 614/614/614 646/646/646 451/451/451
f 614/614/614 451/451/451 447/447/447
f 447/447/447 446/446/446 615/615/615
f 451/451/451 445/445/445 447/447/447
f 653/653/653 654/654/654 655/655/655
f 28/28/28 525/525/525 363/363/363
f 656/656/656 653/653/653 657/657/657
f 658/658/658 659/659/659 660/660/660
f 661/661/661 662/662/662 663/663/663
f 657/657/657 653/653/653 655/655/655
f 655/655/655 664/664/664 657/657/657
f 665/665/665 363/363/363 525/525/525
f 666/666/666 667/667/667 668/668/668
f 376/376/376 363/363/363 665/665/665
f 667/667/667 669/669/669 668/668/668
f 670/670/670 658/658/658 671/671/671
f 672/672/672 671/671/671 658/658/658
f 668/668/668 673/673/673 654/654/654
f 665/665/665 525/525/525 532/532/532
f 668/668/668 669/669/669 673/673/673
f 654/654/654 673/673/673 655/655/655
f 659/659/659 658/658/658 670/670/670
f 673/673/673 674/674/674 655/655/655
f 376/376/376 665/665/665 675/675/675
f 676/676/676 677/677/677 678/678/678
f 679/679/679 673/673/673 669/669/669
f 674/674/674 673/673/673 679/679/679
f 665/665/665 532/532/532 675/675/675
f 680/680/680 676/676/676 678/678/678
f 658/658/658 660/660/660 681/681/681
f 376/376/376 682/682/682 377/377/377
f 663/663/663 677/677/677 676/676/676
f 683/683/683 663/663/663 676/676/676
f 663/663/663 662/662/662 677/677/677
f 446/446/446 684/684/684 622/622/622
f 682/682/682 381/381/381 377/377/377
f 685/685/685 686/686/686 687/687/687
f 688/688/688 689/689/689 687/687/687
f 690/690/690 689/689/689 688/688/688
f 682/682/682 691/691/691 381/381/381
f 663/663/663 692/692/692 693/693/693
f 663/663/663 693/693/693 661/661/661
f 694/694/694 376/376/376 675/675/675
f 297/297/297 695/695/695 696/696/696
f 297/297/297 341/341/341 339/339/339
f 341/341/341 297/297/297 696/696/696
f 682/682/682 376/376/376 694/694/694
f 691/691/691 682/682/682 697/697/697
f 694/694/694 697/697/697 682/682/682
f 698/698/698 699/699/699 700/700/700
f 700/700/700 699/699/699 671/671/671
f 701/701/701 702/702/702 703/703/703
f 701/701/701 703/703/703 704/704/704
f 705/705/705 704/704/704 703/703/703
f 692/692/692 663/663/663 683/683/683
f 699/699/699 698/698/698 441/441/441
f 706/706/706 441/441/441 698/698/698
f 707/707/707 708/708/708 693/693/693
f 540/540/540 532/532/532 527/527/527
f 709/709/709 708/708/708 707/707/707
f 709/709/709 710/710/710 708/708/708
f 711/711/711 675/675/675 532/532/532
f 656/656/656 712/712/712 713/713/713
f 443/443/443 441/441/441 706/706/706
f 714/714/714 713/713/713 712/712/712
f 715/715/715 443/443/443 706/706/706
f 657/657/657 716/716/716 656/656/656
f 664/664/664 716/716/716 657/657/657
f 717/717/717 707/707/707 693/693/693
f 717/717/717 709/709/709 707/707/707
f 698/698/698 718/718/718 706/706/706
f 712/712/712 656/656/656 716/716/716
f 719/719/719 711/711/711 532/532/532
f 720/720/720 710/710/710 709/709/709
f 540/540/540 719/719/719 532/532/532
f 664/664/664 721/721/721 716/716/716
f 712/712/712 716/716/716 721/721/721
f 671/671/671 672/672/672 700/700/700
f 675/675/675 711/711/711 722/722/722
f 723/723/723 712/712/712 721/721/721
f 692/692/692 717/717/717 693/693/693
f 717/717/717 724/724/724 709/709/709
f 694/694/694 725/725/725 697/697/697
f 726/726/726 727/727/727 728/728/728
f 722/722/722 694/694/694 675/675/675
f 729/729/729 730/730/730 700/700/700
f 726/726/726 728/728/728 731/731/731
f 698/698/698 700/700/700 730/730/730
f 722/722/722 725/725/725 694/694/694
f 732/732/732 669/669/669 726/726/726
f 726/726/726 731/731/731 732/732/732
f 729/729/729 672/672/672 733/733/733
f 672/672/672 729/729/729 700/700/700
f 724/724/724 720/720/720 709/709/709
f 734/734/734 720/720/720 724/724/724
f 733/733/733 735/735/735 729/729/729
f 711/711/711 719/719/719 736/736/736
f 732/732/732 679/679/679 669/669/669
f 736/736/736 722/722/722 711/711/711
f 737/737/737 738/738/738 734/734/734
f 732/732/732 674/674/674 679/679/679
f 674/674/674 732/732/732 708/708/708
f 739/739/739 708/708/708 732/732/732
f 722/722/722 740/740/740 725/725/725
f 718/718/718 698/698/698 730/730/730
f 741/741/741 718/718/718 730/730/730
f 655/655/655 742/742/742 664/664/664
f 664/664/664 742/742/742 721/721/721
f 674/674/674 742/742/742 655/655/655
f 743/743/743 718/718/718 741/741/741
f 381/381/381 691/691/691 392/392/392
f 729/729/729 741/741/741 730/730/730
f 741/741/741 729/729/729 735/735/735
f 744/744/744 392/392/392 691/691/691
f 724/724/724 717/717/717 745/745/745
f 744/744/744 412/412/412 392/392/392
f 745/745/745 717/717/717 746/746/746
f 708/708/708 742/742/742 674/674/674
f 747/747/747 412/412/412 744/744/744
f 412/412/412 747/747/747 290/290/290
f 288/288/288 290/290/290 747/747/747
f 737/737/737 724/724/724 745/745/745
f 691/691/691 697/697/697 748/748/748
f 749/749/749 660/660/660 750/750/750
f 748/748/748 744/744/744 691/691/691
f 723/723/723 721/721/721 710/710/710
f 751/751/751 676/676/676 752/752/752
f 753/753/753 660/660/660 749/749/749
f 753/753/753 749/749/749 754/754/754
f 721/721/721 742/742/742 708/708/708
f 748/748/748 755/755/755 744/744/744
f 721/721/721 708/708/708 710/710/710
f 660/660/660 753/753/753 756/756/756
f 747/747/747 744/744/744 757/757/757
f 757/757/757 744/744/744 755/755/755
f 683/683/683 676/676/676 751/751/751
f 757/757/757 288/288/288 747/747/747
f 751/751/751 752/752/752 758/758/758
f 751/751/751 758/758/758 759/759/759
f 760/760/760 751/751/751 759/759/759
f 761/761/761 757/757/757 755/755/755
f 695/695/695 288/288/288 757/757/757
f 692/692/692 683/683/683 751/751/751
f 695/695/695 297/297/297 288/288/288
f 681/681/681 660/660/660 756/756/756
f 710/710/710 720/720/720 762/762/762
f 757/757/757 761/761/761 695/695/695
f 763/763/763 681/681/681 756/756/756
f 764/764/764 765/765/765 644/644/644
f 766/766/766 341/341/341 696/696/696
f 763/763/763 756/756/756 767/767/767
f 703/703/703 702/702/702 761/761/761
f 766/766/766 696/696/696 702/702/702
f 696/696/696 695/695/695 761/761/761
f 768/768/768 765/765/765 764/764/764
f 696/696/696 761/761/761 702/702/702
f 756/756/756 753/753/753 754/754/754
f 754/754/754 767/767/767 756/756/756
f 725/725/725 748/748/748 697/697/697
f 765/765/765 768/768/768 769/769/769
f 770/770/770 748/748/748 725/725/725
f 766/766/766 771/771/771 341/341/341
f 771/771/771 346/346/346 341/341/341
f 748/748/748 772/772/772 755/755/755
f 759/759/759 769/769/769 773/773/773
f 770/770/770 772/772/772 748/748/748
f 768/768/768 773/773/773 769/769/769
f 771/771/771 766/766/766 774/774/774
f 770/770/770 725/725/725 740/740/740
f 775/775/775 776/776/776 777/777/777
f 778/778/778 760/760/760 759/759/759
f 779/779/779 775/775/775 754/754/754
f 701/701/701 780/780/780 702/702/702
f 766/766/766 702/702/702 780/780/780
f 759/759/759 773/773/773 778/778/778
f 781/781/781 772/772/772 770/770/770
f 782/782/782 773/773/773 768/768/768
f 704/704/704 783/783/783 701/701/701
f 777/777/777 784/784/784 775/775/775
f 785/785/785 770/770/770 786/786/786
f 704/704/704 705/705/705 714/714/714
f 777/777/777 787/787/787 788/788/788
f 774/774/774 766/766/766 780/780/780
f 773/773/773 782/782/782 789/789/789
f 772/772/772 703/703/703 761/761/761
f 772/772/772 761/761/761 755/755/755
f 773/773/773 789/789/789 790/790/790
f 701/701/701 783/783/783 780/780/780
f 791/791/791 774/774/774 780/780/780
f 780/780/780 783/783/783 791/791/791
f 792/792/792 778/778/778 773/773/773
f 787/787/787 777/777/777 776/776/776
f 792/792/792 773/773/773 790/790/790
f 783/783/783 704/704/704 793/793/793
f 775/775/775 794/794/794 754/754/754
f 790/790/790 795/795/795 792/792/792
f 772/772/772 796/796/796 703/703/703
f 783/783/783 797/797/797 791/791/791
f 784/784/784 794/794/794 775/775/775
f 793/793/793 797/797/797 783/783/783
f 797/797/797 793/793/793 798/798/798
f 799/799/799 790/790/790 789/789/789
f 781/781/781 796/796/796 772/772/772
f 374/374/374 346/346/346 771/771/771
f 799/799/799 795/795/795 790/790/790
f 374/374/374 337/337/337 346/346/346
f 771/771/771 800/800/800 374/374/374
f 796/796/796 781/781/781 801/801/801
f 801/801/801 705/705/705 796/796/796
f 802/802/802 803/803/803 788/788/788
f 800/800/800 771/771/771 804/804/804
f 796/796/796 705/705/705 703/703/703
f 803/803/803 784/784/784 777/777/777
f 804/804/804 771/771/771 774/774/774
f 805/805/805 795/795/795 806/806/806
f 806/806/806 795/795/795 799/799/799
f 804/804/804 774/774/774 791/791/791
f 807/807/807 808/808/808 809/809/809
f 788/788/788 803/803/803 777/777/777
f 535/535/535 587/587/587 540/540/540
f 587/587/587 719/719/719 540/540/540
f 809/809/809 810/810/810 807/807/807
f 388/388/388 374/374/374 800/800/800
f 811/811/811 807/807/807 810/810/810
f 812/812/812 807/807/807 811/811/811
f 587/587/587 584/584/584 600/600/600
f 811/811/811 810/810/810 813/813/813
f 719/719/719 587/587/587 814/814/814
f 767/767/767 754/754/754 794/794/794
f 734/734/734 724/724/724 737/737/737
f 670/670/670 800/800/800 804/804/804
f 670/670/670 388/388/388 800/800/800
f 587/587/587 600/600/600 815/815/815
f 816/816/816 717/717/717 692/692/692
f 817/817/817 816/816/816 692/692/692
f 818/818/818 819/819/819 735/735/735
f 820/820/820 735/735/735 819/819/819
f 821/821/821 791/791/791 797/797/797
f 735/735/735 733/733/733 822/822/822
f 822/822/822 818/818/818 735/735/735
f 816/816/816 746/746/746 717/717/717
f 791/791/791 821/821/821 804/804/804
f 823/823/823 587/587/587 815/815/815
f 746/746/746 816/816/816 745/745/745
f 823/823/823 814/814/814 587/587/587
f 824/824/824 825/825/825 816/816/816
f 826/826/826 737/737/737 745/745/745
f 814/814/814 736/736/736 719/719/719
f 819/819/819 818/818/818 827/827/827
f 797/797/797 828/828/828 821/821/821
f 797/797/797 798/798/798 828/828/828
f 814/814/814 829/829/829 736/736/736
f 830/830/830 722/722/722 736/736/736
f 828/828/828 750/750/750 821/821/821
f 722/722/722 830/830/830 740/740/740
f 831/831/831 745/745/745 816/816/816
f 832/832/832 741/741/741 820/820/820
f 659/659/659 804/804/804 821/821/821
f 823/823/823 829/829/829 814/814/814
f 659/659/659 670/670/670 804/804/804
f 816/816/816 825/825/825 831/831/831
f 829/829/829 830/830/830 736/736/736
f 833/833/833 826/826/826 745/745/745
f 833/833/833 745/745/745 831/831/831
f 823/823/823 834/834/834 829/829/829
f 741/741/741 735/735/735 820/820/820
f 660/660/660 821/821/821 750/750/750
f 741/741/741 832/832/832 835/835/835
f 713/713/713 714/714/714 705/705/705
f 836/836/836 826/826/826 833/833/833
f 793/793/793 704/704/704 714/714/714
f 829/829/829 837/837/837 830/830/830
f 830/830/830 837/837/837 666/666/666
f 838/838/838 820/820/820 819/819/819
f 666/666/666 839/839/839 830/830/830
f 600/600/600 599/599/599 815/815/815
f 793/793/793 714/714/714 840/840/840
f 793/793/793 840/840/840 798/798/798
f 599/599/599 616/616/616 815/815/815
f 692/692/692 751/751/751 817/817/817
f 794/794/794 784/784/784 841/841/841
f 817/817/817 751/751/751 760/760/760
f 723/723/723 714/714/714 712/712/712
f 823/823/823 815/815/815 834/834/834
f 803/803/803 842/842/842 784/784/784
f 841/841/841 784/784/784 842/842/842
f 840/840/840 714/714/714 723/723/723
f 843/843/843 817/817/817 760/760/760
f 844/844/844 834/834/834 815/815/815
f 622/622/622 616/616/616 615/615/615
f 845/845/845 846/846/846 847/847/847
f 848/848/848 828/828/828 798/798/798
f 815/815/815 616/616/616 844/844/844
f 845/845/845 849/849/849 846/846/846
f 685/685/685 844/844/844 616/616/616
f 844/844/844 685/685/685 689/689/689
f 850/850/850 843/843/843 760/760/760
f 798/798/798 840/840/840 851/851/851
f 685/685/685 616/616/616 622/622/622
f 622/622/622 684/684/684 685/685/685
f 684/684/684 686/686/686 685/685/685
f 845/845/845 852/852/852 849/849/849
f 843/843/843 850/850/850 853/853/853
f 851/851/851 848/848/848 798/798/798
f 824/824/824 817/817/817 843/843/843
f 687/687/687 689/689/689 685/685/685
f 837/837/837 829/829/829 834/834/834
f 853/853/853 854/854/854 843/843/843
f 851/851/851 840/840/840 855/855/855
f 750/750/750 828/828/828 848/848/848
f 856/856/856 854/854/854 853/853/853
f 767/767/767 794/794/794 857/857/857
f 857/857/857 794/794/794 841/841/841
f 848/848/848 749/749/749 750/750/750
f 819/819/819 827/827/827 858/858/858
f 792/792/792 760/760/760 778/778/778
f 844/844/844 837/837/837 834/834/834
f 844/844/844 667/667/667 837/837/837
f 850/850/850 760/760/760 859/859/859
f 792/792/792 859/859/859 760/760/760
f 666/666/666 837/837/837 667/667/667
f 855/855/855 779/779/779 851/851/851
f 860/860/860 859/859/859 792/792/792
f 851/851/851 749/749/749 848/848/848
f 792/792/792 795/795/795 860/860/860
f 749/749/749 851/851/851 754/754/754
f 838/838/838 819/819/819 858/858/858
f 858/858/858 849/849/849 838/838/838
f 859/859/859 861/861/861 862/862/862
f 862/862/862 850/850/850 859/859/859
f 860/860/860 861/861/861 859/859/859
f 779/779/779 754/754/754 851/851/851
f 689/689/689 690/690/690 844/844/844
f 862/862/862 853/853/853 850/850/850
f 690/690/690 667/667/667 844/844/844
f 855/855/855 723/723/723 863/863/863
f 864/864/864 856/856/856 853/853/853
f 865/865/865 856/856/856 864/864/864
f 849/849/849 858/858/858 846/846/846
f 864/864/864 853/853/853 862/862/862
f 710/710/710 863/863/863 723/723/723
f 847/847/847 846/846/846 858/858/858
f 855/855/855 840/840/840 723/723/723
f 824/824/824 816/816/816 817/817/817
f 726/726/726 669/669/669 667/667/667
f 667/667/667 690/690/690 727/727/727
f 726/726/726 667/667/667 727/727/727
f 762/762/762 863/863/863 710/710/710
f 684/684/684 446/446/446 686/686/686
f 854/854/854 824/824/824 843/843/843
f 854/854/854 866/866/866 824/824/824
f 830/830/830 839/839/839 740/740/740
f 762/762/762 855/855/855 863/863/863
f 776/776/776 855/855/855 762/762/762
f 786/786/786 770/770/770 740/740/740
f 740/740/740 867/867/867 786/786/786
f 775/775/775 779/779/779 855/855/855
f 825/825/825 824/824/824 866/866/866
f 866/866/866 868/868/868 825/825/825
f 869/869/869 868/868/868 866/866/866
f 868/868/868 870/870/870 825/825/825
f 866/866/866 854/854/854 869/869/869
f 775/775/775 855/855/855 776/776/776
f 785/785/785 781/781/781 770/770/770
f 856/856/856 869/869/869 854/854/854
f 856/856/856 871/871/871 869/869/869
f 686/686/686 872/872/872 687/687/687
f 762/762/762 738/738/738 776/776/776
f 738/738/738 762/762/762 720/720/720
f 738/738/738 720/720/720 734/734/734
f 839/839/839 867/867/867 740/740/740
f 870/870/870 831/831/831 825/825/825
f 776/776/776 738/738/738 787/787/787
f 785/785/785 873/873/873 781/781/781
f 871/871/871 856/856/856 874/874/874
f 865/865/865 874/874/874 856/856/856
f 786/786/786 867/867/867 785/785/785
f 867/867/867 875/875/875 785/785/785
f 875/875/875 873/873/873 785/785/785
f 876/876/876 446/446/446 445/445/445
f 877/877/877 833/833/833 878/878/878
f 876/876/876 686/686/686 446/446/446
f 867/867/867 653/653/653 875/875/875
f 879/879/879 877/877/877 878/878/878
f 668/668/668 839/839/839 666/666/666
f 867/867/867 839/839/839 668/668/668
f 880/880/880 860/860/860 795/795/795
f 880/880/880 861/861/861 860/860/860
f 427/427/427 388/388/388 432/432/432
f 881/881/881 876/876/876 461/461/461
f 430/430/430 427/427/427 432/432/432
f 882/882/882 862/862/862 861/861/861
f 867/867/867 668/668/668 654/654/654
f 861/861/861 880/880/880 882/882/882
f 699/699/699 432/432/432 388/388/388
f 388/388/388 883/883/883 699/699/699
f 876/876/876 884/884/884 686/686/686
f 885/885/885 882/882/882 880/880/880
f 867/867/867 654/654/654 653/653/653
f 880/880/880 795/795/795 805/805/805
f 883/883/883 388/388/388 670/670/670
f 884/884/884 872/872/872 686/686/686
f 886/886/886 880/880/880 805/805/805
f 887/887/887 872/872/872 884/884/884
f 885/885/885 880/880/880 886/886/886
f 881/881/881 884/884/884 876/876/876
f 801/801/801 781/781/781 873/873/873
f 885/885/885 888/888/888 882/882/882
f 889/889/889 801/801/801 873/873/873
f 882/882/882 864/864/864 862/862/862
f 461/461/461 876/876/876 445/445/445
f 875/875/875 889/889/889 873/873/873
f 890/890/890 882/882/882 888/888/888
f 875/875/875 653/653/653 889/889/889
f 890/890/890 865/865/865 864/864/864
f 864/864/864 882/882/882 890/890/890
f 431/431/431 432/432/432 441/441/441
f 891/891/891 884/884/884 881/881/881
f 713/713/713 801/801/801 889/889/889
f 699/699/699 441/441/441 432/432/432
f 653/653/653 656/656/656 889/889/889
f 889/889/889 656/656/656 713/713/713
f 892/892/892 888/888/888 885/885/885
f 893/893/893 884/884/884 891/891/891
f 892/892/892 894/894/894 888/888/888
f 894/894/894 890/890/890 888/888/888
f 895/895/895 890/890/890 894/894/894
f 705/705/705 801/801/801 713/713/713
f 699/699/699 883/883/883 671/671/671
f 883/883/883 670/670/670 671/671/671
f 887/887/887 884/884/884 893/893/893
f 812/812/812 896/896/896 807/807/807
f 896/896/896 812/812/812 897/897/897
f 897/897/897 898/898/898 896/896/896
f 688/688/688 687/687/687 872/872/872
f 886/886/886 892/892/892 885/885/885
f 897/897/897 899/899/899 898/898/898
f 899/899/899 900/900/900 898/898/898
f 690/690/690 688/688/688 901/901/901
f 902/902/902 899/899/899 897/897/897
f 659/659/659 821/821/821 660/660/660
f 903/903/903 904/904/904 900/900/900
f 905/905/905 690/690/690 901/901/901
f 900/900/900 899/899/899 903/903/903
f 903/903/903 899/899/899 902/902/902
f 727/727/727 690/690/690 905/905/905
f 905/905/905 728/728/728 727/727/727
f 906/906/906 903/903/903 902/902/902
f 907/907/907 905/905/905 901/901/901
f 908/908/908 868/868/868 869/869/869
f 871/871/871 908/908/908 869/869/869
f 908/908/908 871/871/871 874/874/874
f 870/870/870 868/868/868 909/909/909
f 908/908/908 909/909/909 868/868/868
f 909/909/909 908/908/908 910/910/910
f 831/831/831 870/870/870 878/878/878
f 688/688/688 872/872/872 911/911/911
f 901/901/901 688/688/688 911/911/911
f 872/872/872 887/887/887 911/911/911
f 912/912/912 878/878/878 870/870/870
f 879/879/879 878/878/878 912/912/912
f 912/912/912 870/870/870 909/909/909
f 913/913/913 907/907/907 901/901/901
f 914/914/914 874/874/874 865/865/865
f 901/901/901 911/911/911 915/915/915
f 910/910/910 908/908/908 874/874/874
f 914/914/914 865/865/865 890/890/890
f 895/895/895 914/914/914 890/890/890
f 910/910/910 914/914/914 916/916/916
f 887/887/887 915/915/915 911/911/911
f 914/914/914 910/910/910 874/874/874
f 916/916/916 914/914/914 895/895/895
f 917/917/917 909/909/909 910/910/910
f 917/917/917 910/910/910 916/916/916
f 918/918/918 919/919/919 920/920/920
f 915/915/915 913/913/913 901/901/901
f 920/920/920 919/919/919 921/921/921
f 918/918/918 920/920/920 922/922/922
f 923/923/923 907/907/907 913/913/913
f 917/917/917 924/924/924 912/912/912
f 924/924/924 879/879/879 912/912/912
f 909/909/909 917/917/917 912/912/912
f 918/918/918 925/925/925 919/919/919
f 926/926/926 925/925/925 918/918/918
f 927/927/927 928/928/928 904/904/904
f 903/903/903 927/927/927 904/904/904
f 929/929/929 930/930/930 906/906/906
f 922/922/922 920/920/920 931/931/931
f 903/903/903 930/930/930 927/927/927
f 906/906/906 930/930/930 903/903/903
f 461/461/461 932/932/932 881/881/881
f 644/644/644 643/643/643 933/933/933
f 934/934/934 891/891/891 881/881/881
f 891/891/891 934/934/934 893/893/893
f 933/933/933 764/764/764 644/644/644
f 932/932/932 934/934/934 881/881/881
f 933/933/933 768/768/768 764/764/764
f 893/893/893 935/935/935 887/887/887
f 887/887/887 935/935/935 915/915/915
f 936/936/936 913/913/913 915/915/915
f 937/937/937 933/933/933 643/643/643
f 913/913/913 680/680/680 923/923/923
f 680/680/680 678/678/678 923/923/923
f 461/461/461 512/512/512 938/938/938
f 937/937/937 768/768/768 933/933/933
f 938/938/938 932/932/932 461/461/461
f 768/768/768 937/937/937 782/782/782
f 934/934/934 932/932/932 939/939/939
f 893/893/893 934/934/934 940/940/940
f 934/934/934 939/939/939 940/940/940
f 941/941/941 939/939/939 932/932/932
f 942/942/942 782/782/782 937/937/937
f 524/524/524 512/512/512 514/514/514
f 938/938/938 512/512/512 524/524/524
f 942/942/942 643/643/643 649/649/649
f 942/942/942 937/937/937 643/643/643
f 932/932/932 938/938/938 941/941/941
f 941/941/941 938/938/938 524/524/524
f 943/943/943 941/941/941 524/524/524
f 944/944/944 941/941/941 943/943/943
f 945/945/945 782/782/782 942/942/942
f 941/941/941 944/944/944 939/939/939
f 944/944/944 940/940/940 939/939/939
f 782/782/782 945/945/945 789/789/789
f 946/946/946 947/947/947 948/948/948
f 947/947/947 949/949/949 950/950/950
f 946/946/946 949/949/949 947/947/947
f 524/524/524 533/533/533 644/644/644
f 943/943/943 524/524/524 644/644/644
f 948/948/948 652/652/652 946/946/946
f 944/944/944 943/943/943 765/765/765
f 652/652/652 951/951/951 952/952/952
f 952/952/952 946/946/946 652/652/652
f 953/953/953 949/949/949 946/946/946
f 943/943/943 644/644/644 765/765/765
f 954/954/954 953/953/953 946/946/946
f 954/954/954 946/946/946 952/952/952
f 935/935/935 936/936/936 915/915/915
f 893/893/893 940/940/940 935/935/935
f 950/950/950 949/949/949 808/808/808
f 949/949/949 953/953/953 808/808/808
f 940/940/940 955/955/955 935/935/935
f 752/752/752 913/913/913 936/936/936
f 680/680/680 913/913/913 752/752/752
f 810/810/810 953/953/953 956/956/956
f 953/953/953 954/954/954 956/956/956
f 752/752/752 676/676/676 680/680/680
f 813/813/813 810/810/810 956/956/956
f 809/809/809 808/808/808 953/953/953
f 810/810/810 809/809/809 953/953/953
f 955/955/955 936/936/936 935/935/935
f 752/752/752 936/936/936 955/955/955
f 957/957/957 955/955/955 940/940/940
f 787/787/787 738/738/738 737/737/737
f 940/940/940 944/944/944 958/958/958
f 957/957/957 752/752/752 955/955/955
f 758/758/758 752/752/752 957/957/957
f 788/788/788 787/787/787 959/959/959
f 737/737/737 959/959/959 787/787/787
f 765/765/765 958/958/958 944/944/944
f 826/826/826 959/959/959 737/737/737
f 957/957/957 940/940/940 958/958/958
f 759/759/759 957/957/957 958/958/958
f 788/788/788 959/959/959 802/802/802
f 769/769/769 759/759/759 958/958/958
f 765/765/765 769/769/769 958/958/958
f 759/759/759 758/758/758 957/957/957
f 836/836/836 959/959/959 826/826/826
f 728/728/728 905/905/905 731/731/731
f 802/802/802 959/959/959 836/836/836
f 802/802/802 836/836/836 877/877/877
f 803/803/803 802/802/802 842/842/842
f 907/907/907 960/960/960 731/731/731
f 731/731/731 905/905/905 907/907/907
f 907/907/907 961/961/961 960/960/960
f 960/960/960 739/739/739 731/731/731
f 662/662/662 960/960/960 961/961/961
f 960/960/960 662/662/662 739/739/739
f 845/845/845 847/847/847 962/962/962
f 731/731/731 739/739/739 732/732/732
f 963/963/963 802/802/802 877/877/877
f 693/693/693 708/708/708 739/739/739
f 842/842/842 802/802/802 963/963/963
f 877/877/877 836/836/836 833/833/833
f 662/662/662 661/661/661 739/739/739
f 879/879/879 963/963/963 877/877/877
f 693/693/693 739/739/739 661/661/661
f 964/964/964 962/962/962 965/965/965
f 966/966/966 964/964/964 965/965/965
f 961/961/961 907/907/907 923/923/923
f 962/962/962 964/964/964 845/845/845
f 678/678/678 961/961/961 923/923/923
f 961/961/961 678/678/678 677/677/677
f 677/677/677 662/662/662 961/961/961
f 845/845/845 964/964/964 852/852/852
f 967/967/967 963/963/963 879/879/879
f 966/966/966 965/965/965 968/968/968
f 895/895/895 894/894/894 916/916/916
f 831/831/831 878/878/878 833/833/833
f 968/968/968 925/925/925 926/926/926
f 967/967/967 879/879/879 924/924/924
f 921/921/921 931/931/931 920/920/920
f 927/927/927 930/930/930 928/928/928
f 278/278/278 969/969/969 67/67/67
f 970/970/970 72/72/72 67/67/67
f 969/969/969 970/970/970 67/67/67
f 969/969/969 971/971/971 970/970/970
f 972/972/972 973/973/973 974/974/974
f 72/72/72 970/970/970 97/97/97
f 975/975/975 976/976/976 977/977/977
f 978/978/978 98/98/98 97/97/97
f 978/978/978 97/97/97 979/979/979
f 979/979/979 97/97/97 970/970/970
f 980/980/980 970/970/970 971/971/971
f 981/981/981 982/982/982 983/983/983
f 979/979/979 984/984/984 978/978/978
f 970/970/970 980/980/980 979/979/979
f 985/985/985 986/986/986 987/987/987
f 988/988/988 109/109/109 984/984/984
f 989/989/989 990/990/990 991/991/991
f 109/109/109 98/98/98 978/978/978
f 984/984/984 109/109/109 978/978/978
f 992/992/992 991/991/991 990/990/990
f 975/975/975 993/993/993 976/976/976
f 979/979/979 994/994/994 984/984/984
f 995/995/995 989/989/989 996/996/996
f 980/980/980 997/997/997 979/979/979
f 995/995/995 996/996/996 998/998/998
f 999/999/999 1000/1000/1000 1001/1001/1001
f 990/990/990 989/989/989 995/995/995
f 1002/1002/1002 976/976/976 993/993/993
f 997/997/997 980/980/980 1003/1003/1003
f 994/994/994 988/988/988 984/984/984
f 995/995/995 1004/1004/1004 990/990/990
f 979/979/979 997/997/997 994/994/994
f 998/998/998 1005/1005/1005 995/995/995
f 1006/1006/1006 994/994/994 997/997/997
f 1004/1004/1004 995/995/995 1005/1005/1005
f 1004/1004/1004 1005/1005/1005 1007/1007/1007
f 993/993/993 974/974/974 1002/1002/1002
f 1004/1004/1004 1007/1007/1007 1008/1008/1008
f 1006/1006/1006 997/997/997 1009/1009/1009
f 1010/1010/1010 1011/1011/1011 1012/1012/1012
f 1013/1013/1013 1010/1010/1010 1012/1012/1012
f 1014/1014/1014 1015/1015/1015 1016/1016/1016
f 1017/1017/1017 1006/1006/1006 1009/1009/1009
f 1018/1018/1018 1006/1006/1006 1017/1017/1017
f 1012/1012/1012 1011/1011/1011 1019/1019/1019
f 1002/1002/1002 974/974/974 1020/1020/1020
f 1021/1021/1021 287/287/287 286/286/286
f 1016/1016/1016 991/991/991 992/992/992
f 1022/1022/1022 1023/1023/1023 1011/1011/1011
f 1024/1024/1024 1025/1025/1025 1026/1026/1026
f 1025/1025/1025 1027/1027/1027 1026/1026/1026
f 1028/1028/1028 285/285/285 287/287/287
f 285/285/285 1028/1028/1028 1029/1029/1029
f 1030/1030/1030 1014/1014/1014 982/982/982
f 982/982/982 1014/1014/1014 1016/1016/1016
f 1031/1031/1031 976/976/976 1002/1002/1002
f 982/982/982 1016/1016/1016 1032/1032/1032
f 1033/1033/1033 1029/1029/1029 1028/1028/1028
f 1028/1028/1028 1034/1034/1034 1033/1033/1033
f 287/287/287 1021/1021/1021 1028/1028/1028
f 992/992/992 1032/1032/1032 1016/1016/1016
f 1025/1025/1025 1035/1035/1035 1027/1027/1027
f 1035/1035/1035 1025/1025/1025 1036/1036/1036
f 999/999/999 1013/1013/1013 1000/1000/1000
f 1035/1035/1035 1036/1036/1036 1037/1037/1037
f 1038/1038/1038 1032/1032/1032 992/992/992
f 999/999/999 1010/1010/1010 1013/1013/1013
f 1034/1034/1034 1039/1039/1039 1033/1033/1033
f 1040/1040/1040 1041/1041/1041 1042/1042/1042
f 1035/1035/1035 1037/1037/1037 1040/1040/1040
f 1020/1020/1020 1043/1043/1043 1002/1002/1002
f 992/992/992 990/990/990 1004/1004/1004
f 1044/1044/1044 1037/1037/1037 1036/1036/1036
f 1038/1038/1038 992/992/992 1004/1004/1004
f 1002/1002/1002 1045/1045/1045 1031/1031/1031
f 1037/1037/1037 1041/1041/1041 1040/1040/1040
f 1002/1002/1002 1043/1043/1043 1045/1045/1045
f 1037/1037/1037 1046/1046/1046 1041/1041/1041
f 1004/1004/1004 1008/1008/1008 1038/1038/1038
f 1047/1047/1047 1033/1033/1033 1039/1039/1039
f 1038/1038/1038 1008/1008/1008 1048/1048/1048
f 1008/1008/1008 1007/1007/1007 1049/1049/1049
f 1047/1047/1047 1039/1039/1039 1050/1050/1050
f 1039/1039/1039 1051/1051/1051 1052/1052/1052
f 1010/1010/1010 1022/1022/1022 1011/1011/1011
f 1010/1010/1010 1053/1053/1053 1022/1022/1022
f 1054/1054/1054 1055/1055/1055 1056/1056/1056
f 1057/1057/1057 1050/1050/1050 1039/1039/1039
f 1008/1008/1008 1049/1049/1049 1048/1048/1048
f 1057/1057/1057 1039/1039/1039 1052/1052/1052
f 118/118/118 1058/1058/1058 286/286/286
f 1021/1021/1021 286/286/286 1058/1058/1058
f 118/118/118 286/286/286 115/115/115
f 118/118/118 116/116/116 1059/1059/1059
f 1058/1058/1058 118/118/118 1059/1059/1059
f 1058/1058/1058 1059/1059/1059 1060/1060/1060
f 1038/1038/1038 983/983/983 1032/1032/1032
f 1058/1058/1058 1028/1028/1028 1021/1021/1021
f 1061/1061/1061 1058/1058/1058 1060/1060/1060
f 116/116/116 130/130/130 1059/1059/1059
f 973/973/973 972/972/972 1054/1054/1054
f 1059/1059/1059 130/130/130 1062/1062/1062
f 999/999/999 1063/1063/1063 1010/1010/1010
f 983/983/983 982/982/982 1032/1032/1032
f 1034/1034/1034 1028/1028/1028 1058/1058/1058
f 1058/1058/1058 1061/1061/1061 1034/1034/1034
f 1051/1051/1051 1034/1034/1034 1061/1061/1061
f 1010/1010/1010 1063/1063/1063 1064/1064/1064
f 1061/1061/1061 1065/1065/1065 1051/1051/1051
f 1065/1065/1065 1061/1061/1061 1060/1060/1060
f 1066/1066/1066 1053/1053/1053 1010/1010/1010
f 1067/1067/1067 1051/1051/1051 1065/1065/1065
f 1059/1059/1059 1062/1062/1062 1060/1060/1060
f 1060/1060/1060 1062/1062/1062 1065/1065/1065
f 1055/1055/1055 1068/1068/1068 983/983/983
f 1055/1055/1055 983/983/983 1069/1069/1069
f 1070/1070/1070 1065/1065/1065 1071/1071/1071
f 1071/1071/1071 1065/1065/1065 1062/1062/1062
f 973/973/973 1054/1054/1054 1072/1072/1072
f 1051/1051/1051 1039/1039/1039 1034/1034/1034
f 1010/1010/1010 1064/1064/1064 1066/1066/1066
f 1052/1052/1052 1051/1051/1051 1067/1067/1067
f 1073/1073/1073 1064/1064/1064 1074/1074/1074
f 983/983/983 1038/1038/1038 1069/1069/1069
f 1038/1038/1038 1048/1048/1048 1069/1069/1069
f 1003/1003/1003 980/980/980 1041/1041/1041
f 1046/1046/1046 1075/1075/1075 1041/1041/1041
f 1003/1003/1003 1041/1041/1041 1075/1075/1075
f 1073/1073/1073 1066/1066/1066 1064/1064/1064
f 1076/1076/1076 1056/1056/1056 1077/1077/1077
f 1044/1044/1044 1046/1046/1046 1037/1037/1037
f 1009/1009/1009 1046/1046/1046 1044/1044/1044
f 1009/1009/1009 1044/1044/1044 1078/1078/1078
f 1056/1056/1056 1076/1076/1076 1079/1079/1079
f 1080/1080/1080 1057/1057/1057 1052/1052/1052
f 1081/1081/1081 1054/1054/1054 1056/1056/1056
f 1082/1082/1082 1057/1057/1057 1080/1080/1080
f 1083/1083/1083 1069/1069/1069 1048/1048/1048
f 1070/1070/1070 1067/1067/1067 1065/1065/1065
f 1067/1067/1067 1070/1070/1070 1084/1084/1084
f 1083/1083/1083 1048/1048/1048 1085/1085/1085
f 1086/1086/1086 1087/1087/1087 1088/1088/1088
f 1072/1072/1072 1054/1054/1054 1081/1081/1081
f 1080/1080/1080 1052/1052/1052 1067/1067/1067
f 1089/1089/1089 1090/1090/1090 1086/1086/1086
f 1080/1080/1080 1067/1067/1067 1091/1091/1091
f 1086/1086/1086 1088/1088/1088 1089/1089/1089
f 1083/1083/1083 1077/1077/1077 1069/1069/1069
f 1069/1069/1069 1077/1077/1077 1055/1055/1055
f 1072/1072/1072 1081/1081/1081 1092/1092/1092
f 1056/1056/1056 1079/1079/1079 1081/1081/1081
f 1093/1093/1093 1080/1080/1080 1094/1094/1094
f 1094/1094/1094 1080/1080/1080 1091/1091/1091
f 1091/1091/1091 1067/1067/1067 1084/1084/1084
f 1095/1095/1095 1083/1083/1083 1085/1085/1085
f 1087/1087/1087 1022/1022/1022 1088/1088/1088
f 173/173/173 1096/1096/1096 175/175/175
f 1092/1092/1092 1081/1081/1081 1079/1079/1079
f 1097/1097/1097 175/175/175 1096/1096/1096
f 1084/1084/1084 1015/1015/1015 1091/1091/1091
f 1094/1094/1094 1091/1091/1091 1098/1098/1098
f 1088/1088/1088 1022/1022/1022 1053/1053/1053
f 1098/1098/1098 1091/1091/1091 1015/1015/1015
f 988/988/988 106/106/106 109/109/109
f 974/974/974 973/973/973 1020/1020/1020
f 1096/1096/1096 106/106/106 988/988/988
f 1053/1053/1053 1099/1099/1099 1088/1088/1088
f 1009/1009/1009 1003/1003/1003 1075/1075/1075
f 1096/1096/1096 173/173/173 106/106/106
f 1075/1075/1075 1046/1046/1046 1009/1009/1009
f 1066/1066/1066 1099/1099/1099 1053/1053/1053
f 1009/1009/1009 997/997/997 1003/1003/1003
f 994/994/994 1100/1100/1100 988/988/988
f 1020/1020/1020 973/973/973 1101/1101/1101
f 1102/1102/1102 1017/1017/1017 1009/1009/1009
f 1089/1089/1089 1088/1088/1088 1099/1099/1099
f 1103/1103/1103 1009/1009/1009 1078/1078/1078
f 1093/1093/1093 1082/1082/1082 1080/1080/1080
f 1097/1097/1097 1096/1096/1096 1100/1100/1100
f 1089/1089/1089 1099/1099/1099 1104/1104/1104
f 1105/1105/1105 1102/1102/1102 1009/1009/1009
f 1106/1106/1106 1102/1102/1102 1105/1105/1105
f 1101/1101/1101 973/973/973 1107/1107/1107
f 172/172/172 175/175/175 204/204/204
f 1105/1105/1105 1009/1009/1009 1103/1103/1103
f 1072/1072/1072 1107/1107/1107 973/973/973
f 1108/1108/1108 1082/1082/1082 1093/1093/1093
f 1109/1109/1109 1108/1108/1108 1093/1093/1093
f 175/175/175 1110/1110/1110 204/204/204
f 1020/1020/1020 1101/1101/1101 1043/1043/1043
f 1111/1111/1111 1106/1106/1106 1105/1105/1105
f 1112/1112/1112 1108/1108/1108 1109/1109/1109
f 1113/1113/1113 1090/1090/1090 1089/1089/1089
f 1114/1114/1114 1112/1112/1112 1109/1109/1109
f 1102/1102/1102 1106/1106/1106 1017/1017/1017
f 1115/1115/1115 175/175/175 1097/1097/1097
f 1116/1116/1116 1106/1106/1106 1111/1111/1111
f 1106/1106/1106 1116/1116/1116 1017/1017/1017
f 1115/1115/1115 1110/1110/1110 175/175/175
f 1117/1117/1117 204/204/204 1110/1110/1110
f 1118/1118/1118 1101/1101/1101 1107/1107/1107
f 1110/1110/1110 1119/1119/1119 1117/1117/1117
f 1120/1120/1120 1109/1109/1109 1093/1093/1093
f 1120/1120/1120 1093/1093/1093 1094/1094/1094
f 1121/1121/1121 1122/1122/1122 1090/1090/1090
f 1121/1121/1121 1090/1090/1090 1113/1113/1113
f 1123/1123/1123 1100/1100/1100 1006/1006/1006
f 1109/1109/1109 1120/1120/1120 1114/1114/1114
f 1124/1124/1124 1118/1118/1118 1107/1107/1107
f 1098/1098/1098 1120/1120/1120 1094/1094/1094
f 1104/1104/1104 1113/1113/1113 1089/1089/1089
f 1006/1006/1006 1100/1100/1100 994/994/994
f 1125/1125/1125 1072/1072/1072 1092/1092/1092
f 1018/1018/1018 1123/1123/1123 1006/1006/1006
f 130/130/130 132/132/132 1126/1126/1126
f 1127/1127/1127 1113/1113/1113 1104/1104/1104
f 1062/1062/1062 130/130/130 1128/1128/1128
f 1100/1100/1100 1123/1123/1123 1097/1097/1097
f 1129/1129/1129 1062/1062/1062 1128/1128/1128
f 130/130/130 1126/1126/1126 1128/1128/1128
f 1130/1130/1130 1125/1125/1125 1092/1092/1092
f 1126/1126/1126 132/132/132 197/197/197
f 1131/1131/1131 1097/1097/1097 1123/1123/1123
f 1107/1107/1107 1072/1072/1072 1125/1125/1125
f 1126/1126/1126 1132/1132/1132 1128/1128/1128
f 1133/1133/1133 1128/1128/1128 1132/1132/1132
f 197/197/197 1132/1132/1132 1126/1126/1126
f 1133/1133/1133 1129/1129/1129 1128/1128/1128
f 1113/1113/1113 1127/1127/1127 1121/1121/1121
f 1123/1123/1123 1018/1018/1018 1000/1000/1000
f 1133/1133/1133 1134/1134/1134 1129/1129/1129
f 1071/1071/1071 1062/1062/1062 1129/1129/1129
f 1135/1135/1135 1071/1071/1071 1129/1129/1129
f 1135/1135/1135 1129/1129/1129 1134/1134/1134
f 1018/1018/1018 1136/1136/1136 1000/1000/1000
f 1107/1107/1107 1125/1125/1125 1137/1137/1137
f 1124/1124/1124 1107/1107/1107 1137/1137/1137
f 1012/1012/1012 1123/1123/1123 1013/1013/1013
f 1104/1104/1104 1099/1099/1099 1066/1066/1066
f 193/193/193 213/213/213 197/197/197
f 1013/1013/1013 1123/1123/1123 1000/1000/1000
f 213/213/213 1132/1132/1132 197/197/197
f 213/213/213 206/206/206 1138/1138/1138
f 1138/1138/1138 1132/1132/1132 213/213/213
f 1131/1131/1131 1115/1115/1115 1097/1097/1097
f 1104/1104/1104 1066/1066/1066 1139/1139/1139
f 1125/1125/1125 1130/1130/1130 1137/1137/1137
f 1066/1066/1066 1073/1073/1073 1139/1139/1139
f 1130/1130/1130 1140/1140/1140 1137/1137/1137
f 1141/1141/1141 1115/1115/1115 1131/1131/1131
f 1110/1110/1110 1115/1115/1115 1119/1119/1119
f 1142/1142/1142 1119/1119/1119 1115/1115/1115
f 1119/1119/1119 1142/1142/1142 1143/1143/1143
f 1133/1133/1133 1132/1132/1132 1144/1144/1144
f 1133/1133/1133 1144/1144/1144 1145/1145/1145
f 1141/1141/1141 1142/1142/1142 1115/1115/1115
f 1142/1142/1142 1141/1141/1141 1023/1023/1023
f 1144/1144/1144 1132/1132/1132 1138/1138/1138
f 1023/1023/1023 1141/1141/1141 1011/1011/1011
f 1139/1139/1139 1146/1146/1146 1104/1104/1104
f 985/985/985 1147/1147/1147 986/986/986
f 1123/1123/1123 1012/1012/1012 1131/1131/1131
f 1071/1071/1071 1148/1148/1148 1070/1070/1070
f 1135/1135/1135 1134/1134/1134 1071/1071/1071
f 1134/1134/1134 996/996/996 1071/1071/1071
f 1012/1012/1012 1019/1019/1019 1131/1131/1131
f 1019/1019/1019 1141/1141/1141 1131/1131/1131
f 1148/1148/1148 1071/1071/1071 996/996/996
f 1134/1134/1134 1145/1145/1145 996/996/996
f 1015/1015/1015 1084/1084/1084 1070/1070/1070
f 1141/1141/1141 1019/1019/1019 1011/1011/1011
f 1015/1015/1015 1070/1070/1070 991/991/991
f 991/991/991 1070/1070/1070 989/989/989
f 1148/1148/1148 989/989/989 1070/1070/1070
f 1149/1149/1149 1150/1150/1150 1151/1151/1151
f 1149/1149/1149 1151/1151/1151 986/986/986
f 1146/1146/1146 1127/1127/1127 1104/1104/1104
f 986/986/986 1147/1147/1147 1149/1149/1149
f 1016/1016/1016 1015/1015/1015 991/991/991
f 252/252/252 248/248/248 204/204/204
f 204/204/204 1117/1117/1117 252/252/252
f 253/253/253 252/252/252 1152/1152/1152
f 1153/1153/1153 1146/1146/1146 1139/1139/1139
f 1154/1154/1154 1152/1152/1152 252/252/252
f 1133/1133/1133 1145/1145/1145 1134/1134/1134
f 252/252/252 1117/1117/1117 1154/1154/1154
f 1155/1155/1155 1147/1147/1147 985/985/985
f 1156/1156/1156 1154/1154/1154 1117/1117/1117
f 1157/1157/1157 1145/1145/1145 1144/1144/1144
f 1156/1156/1156 1152/1152/1152 1154/1154/1154
f 1157/1157/1157 998/998/998 1145/1145/1145
f 1152/1152/1152 1156/1156/1156 1158/1158/1158
f 1147/1147/1147 1155/1155/1155 1159/1159/1159
f 1160/1160/1160 1127/1127/1127 1146/1146/1146
f 1145/1145/1145 998/998/998 996/996/996
f 1146/1146/1146 1153/1153/1153 1160/1160/1160
f 996/996/996 989/989/989 1148/1148/1148
f 1159/1159/1159 1149/1149/1149 1147/1147/1147
f 1161/1161/1161 253/253/253 1152/1152/1152
f 1159/1159/1159 1162/1162/1162 1149/1149/1149
f 254/254/254 253/253/253 259/259/259
f 1161/1161/1161 259/259/259 253/253/253
f 1163/1163/1163 1005/1005/1005 998/998/998
f 1158/1158/1158 1161/1161/1161 1152/1152/1152
f 1159/1159/1159 1155/1155/1155 1045/1045/1045
f 1164/1164/1164 259/259/259 1161/1161/1161
f 1143/1143/1143 1117/1117/1117 1119/1119/1119
f 1017/1017/1017 1136/1136/1136 1018/1018/1018
f 1143/1143/1143 1156/1156/1156 1117/1117/1117
f 1116/1116/1116 1136/1136/1136 1017/1017/1017
f 1142/1142/1142 1023/1023/1023 1143/1143/1143
f 1165/1165/1165 1166/1166/1166 1112/1112/1112
f 1167/1167/1167 1168/1168/1168 1045/1045/1045
f 1045/1045/1045 1168/1168/1168 1159/1159/1159
f 1162/1162/1162 1159/1159/1159 1168/1168/1168
f 1022/1022/1022 1087/1087/1087 1023/1023/1023
f 1120/1120/1120 1098/1098/1098 1014/1014/1014
f 1014/1014/1014 1098/1098/1098 1015/1015/1015
f 1150/1150/1150 1169/1169/1169 1151/1151/1151
f 1114/1114/1114 1120/1120/1120 1170/1170/1170
f 1171/1171/1171 1114/1114/1114 1170/1170/1170
f 1172/1172/1172 1161/1161/1161 1158/1158/1158
f 1164/1164/1164 1161/1161/1161 1172/1172/1172
f 1116/1116/1116 1001/1001/1001 1136/1136/1136
f 1169/1169/1169 1150/1150/1150 1173/1173/1173
f 1173/1173/1173 1150/1150/1150 1149/1149/1149
f 1030/1030/1030 1170/1170/1170 1120/1120/1120
f 1014/1014/1014 1030/1030/1030 1120/1120/1120
f 1171/1171/1171 1112/1112/1112 1114/1114/1114
f 1086/1086/1086 1172/1172/1172 1158/1158/1158
f 1112/1112/1112 981/981/981 1165/1165/1165
f 981/981/981 1112/1112/1112 1171/1171/1171
f 981/981/981 1171/1171/1171 982/982/982
f 1090/1090/1090 1172/1172/1172 1086/1086/1086
f 1174/1174/1174 1175/1175/1175 1166/1166/1166
f 1165/1165/1165 1174/1174/1174 1166/1166/1166
f 1136/1136/1136 1001/1001/1001 1000/1000/1000
f 1171/1171/1171 1170/1170/1170 1030/1030/1030
f 1176/1176/1176 1164/1164/1164 1172/1172/1172
f 982/982/982 1171/1171/1171 1030/1030/1030
f 1122/1122/1122 1172/1172/1172 1090/1090/1090
f 1122/1122/1122 1176/1176/1176 1172/1172/1172
f 1169/1169/1169 1173/1173/1173 1177/1177/1177
f 981/981/981 1174/1174/1174 1165/1165/1165
f 1149/1149/1149 1162/1162/1162 1173/1173/1173
f 1178/1178/1178 999/999/999 1001/1001/1001
f 1162/1162/1162 1168/1168/1168 1179/1179/1179
f 1180/1180/1180 1063/1063/1063 1178/1178/1178
f 1174/1174/1174 1181/1181/1181 1175/1175/1175
f 1181/1181/1181 1182/1182/1182 1175/1175/1175
f 1183/1183/1183 1177/1177/1177 1173/1173/1173
f 1183/1183/1183 1173/1173/1173 1162/1162/1162
f 1162/1162/1162 1179/1179/1179 1183/1183/1183
f 975/975/975 1181/1181/1181 1174/1174/1174
f 1184/1184/1184 975/975/975 1174/1174/1174
f 975/975/975 1185/1185/1185 1181/1181/1181
f 1043/1043/1043 1167/1167/1167 1045/1045/1045
f 1118/1118/1118 1167/1167/1167 1043/1043/1043
f 1118/1118/1118 1043/1043/1043 1101/1101/1101
f 1174/1174/1174 981/981/981 1186/1186/1186
f 981/981/981 983/983/983 1186/1186/1186
f 1187/1187/1187 1167/1167/1167 1118/1118/1118
f 1186/1186/1186 1184/1184/1184 1174/1174/1174
f 1188/1188/1188 1167/1167/1167 1187/1187/1187
f 983/983/983 1068/1068/1068 1186/1186/1186
f 1168/1168/1168 1167/1167/1167 1188/1188/1188
f 1068/1068/1068 972/972/972 1186/1186/1186
f 1118/1118/1118 1189/1189/1189 1187/1187/1187
f 972/972/972 1184/1184/1184 1186/1186/1186
f 1184/1184/1184 972/972/972 993/993/993
f 1189/1189/1189 1118/1118/1118 1124/1124/1124
f 1184/1184/1184 993/993/993 975/975/975
f 1189/1189/1189 1124/1124/1124 1190/1190/1190
f 1190/1190/1190 1124/1124/1124 1191/1191/1191
f 1191/1191/1191 1124/1124/1124 1137/1137/1137
f 1191/1191/1191 1137/1137/1137 1140/1140/1140
f 1178/1178/1178 1063/1063/1063 999/999/999
f 1191/1191/1191 1140/1140/1140 1192/1192/1192
f 1193/1193/1193 1063/1063/1063 1180/1180/1180
f 1064/1064/1064 1063/1063/1063 1193/1193/1193
f 1074/1074/1074 1064/1064/1064 1193/1193/1193
f 1194/1194/1194 1193/1193/1193 1180/1180/1180
f 1074/1074/1074 1193/1193/1193 1194/1194/1194
f 1168/1168/1168 1188/1188/1188 1179/1179/1179
f 1195/1195/1195 1074/1074/1074 1194/1194/1194
f 1196/1196/1196 1188/1188/1188 1187/1187/1187
f 1188/1188/1188 1196/1196/1196 1179/1179/1179
f 1194/1194/1194 987/987/987 1195/1195/1195
f 1185/1185/1185 975/975/975 977/977/977
f 1196/1196/1196 1183/1183/1183 1179/1179/1179
f 986/986/986 1074/1074/1074 1195/1195/1195
f 1187/1187/1187 1189/1189/1189 1190/1190/1190
f 986/986/986 1073/1073/1073 1074/1074/1074
f 1190/1190/1190 1191/1191/1191 1197/1197/1197
f 1195/1195/1195 987/987/987 986/986/986
f 1187/1187/1187 1198/1198/1198 1196/1196/1196
f 1196/1196/1196 1198/1198/1198 1199/1199/1199
f 1199/1199/1199 1200/1200/1200 1196/1196/1196
f 1190/1190/1190 1198/1198/1198 1187/1187/1187
f 1068/1068/1068 1055/1055/1055 972/972/972
f 1054/1054/1054 972/972/972 1055/1055/1055
f 1190/1190/1190 1197/1197/1197 1198/1198/1198
f 1077/1077/1077 1056/1056/1056 1055/1055/1055
f 1076/1076/1076 1077/1077/1077 1083/1083/1083
f 1198/1198/1198 1197/1197/1197 1199/1199/1199
f 1083/1083/1083 1095/1095/1095 1076/1076/1076
f 1199/1199/1199 1197/1197/1197 1201/1201/1201
f 1201/1201/1201 1197/1197/1197 1202/1202/1202
f 1073/1073/1073 986/986/986 1151/1151/1151
f 1151/1151/1151 1139/1139/1139 1073/1073/1073
f 1139/1139/1139 1151/1151/1151 1153/1153/1153
f 1169/1169/1169 1153/1153/1153 1151/1151/1151
f 1153/1153/1153 1169/1169/1169 1160/1160/1160
f 1160/1160/1160 1169/1169/1169 1203/1203/1203
f 1204/1204/1204 1203/1203/1203 1169/1169/1169
f 972/972/972 974/974/974 993/993/993
f 71/71/71 1205/1205/1205 278/278/278
f 969/969/969 278/278/278 1205/1205/1205
f 287/287/287 285/285/285 283/283/283
f 1026/1026/1026 74/74/74 279/279/279
f 279/279/279 1206/1206/1206 1024/1024/1024
f 1026/1026/1026 279/279/279 1024/1024/1024
f 1205/1205/1205 71/71/71 74/74/74
f 74/74/74 1026/1026/1026 1205/1205/1205
f 1207/1207/1207 1205/1205/1205 1026/1026/1026
f 1027/1027/1027 1207/1207/1207 1026/1026/1026
f 1042/1042/1042 1207/1207/1207 1027/1027/1027
f 969/969/969 1205/1205/1205 1207/1207/1207
f 1042/1042/1042 969/969/969 1207/1207/1207
f 1042/1042/1042 1027/1027/1027 1035/1035/1035
f 1040/1040/1040 1042/1042/1042 1035/1035/1035
f 1042/1042/1042 971/971/971 969/969/969
f 1042/1042/1042 1041/1041/1041 971/971/971
f 980/980/980 971/971/971 1041/1041/1041
f 1100/1100/1100 1096/1096/1096 988/988/988
f 1158/1158/1158 1156/1156/1156 1086/1086/1086
f 1156/1156/1156 1143/1143/1143 1086/1086/1086
f 1023/1023/1023 1086/1086/1086 1143/1143/1143
f 1023/1023/1023 1087/1087/1087 1086/1086/1086
f 1208/1208/1208 1209/1209/1209 1210/1210/1210
f 206/206/206 384/384/384 1211/1211/1211
f 206/206/206 1211/1211/1211 1138/1138/1138
f 1212/1212/1212 307/307/307 417/417/417
f 391/391/391 1211/1211/1211 384/384/384
f 391/391/391 1213/1213/1213 1211/1211/1211
f 1214/1214/1214 1212/1212/1212 417/417/417
f 1213/1213/1213 1215/1215/1215 1211/1211/1211
f 1216/1216/1216 1217/1217/1217 1218/1218/1218
f 1219/1219/1219 1220/1220/1220 1221/1221/1221
f 1215/1215/1215 1138/1138/1138 1211/1211/1211
f 1138/1138/1138 1222/1222/1222 1144/1144/1144
f 1222/1222/1222 1138/1138/1138 1215/1215/1215
f 1221/1221/1221 1220/1220/1220 1223/1223/1223
f 1224/1224/1224 1225/1225/1225 1226/1226/1226
f 1215/1215/1215 1213/1213/1213 1227/1227/1227
f 1212/1212/1212 1228/1228/1228 1226/1226/1226
f 1229/1229/1229 1215/1215/1215 1227/1227/1227
f 1228/1228/1228 1212/1212/1212 1214/1214/1214
f 1213/1213/1213 391/391/391 389/389/389
f 1224/1224/1224 1226/1226/1226 1228/1228/1228
f 1213/1213/1213 389/389/389 1230/1230/1230
f 1230/1230/1230 389/389/389 393/393/393
f 1230/1230/1230 393/393/393 1231/1231/1231
f 1232/1232/1232 1233/1233/1233 1234/1234/1234
f 415/415/415 393/393/393 390/390/390
f 1235/1235/1235 1236/1236/1236 1225/1225/1225
f 1231/1231/1231 393/393/393 1237/1237/1237
f 1232/1232/1232 1238/1238/1238 1233/1233/1233
f 1237/1237/1237 393/393/393 415/415/415
f 1227/1227/1227 1213/1213/1213 1230/1230/1230
f 1239/1239/1239 1236/1236/1236 1235/1235/1235
f 1227/1227/1227 1230/1230/1230 1231/1231/1231
f 1240/1240/1240 1241/1241/1241 1242/1242/1242
f 1243/1243/1243 1238/1238/1238 1232/1232/1232
f 1227/1227/1227 1231/1231/1231 1229/1229/1229
f 1238/1238/1238 1243/1243/1243 1244/1244/1244
f 1245/1245/1245 1229/1229/1229 1231/1231/1231
f 1231/1231/1231 1237/1237/1237 1246/1246/1246
f 1224/1224/1224 1235/1235/1235 1225/1225/1225
f 1218/1218/1218 1217/1217/1217 1242/1242/1242
f 1237/1237/1237 415/415/415 1246/1246/1246
f 1241/1241/1241 1218/1218/1218 1242/1242/1242
f 1219/1219/1219 1247/1247/1247 1220/1220/1220
f 1242/1242/1242 1248/1248/1248 1240/1240/1240
f 1157/1157/1157 1144/1144/1144 1222/1222/1222
f 1228/1228/1228 1249/1249/1249 1224/1224/1224
f 1157/1157/1157 1222/1222/1222 1250/1250/1250
f 1251/1251/1251 1217/1217/1217 1216/1216/1216
f 1163/1163/1163 1157/1157/1157 1250/1250/1250
f 1242/1242/1242 1217/1217/1217 1251/1251/1251
f 1229/1229/1229 1250/1250/1250 1215/1215/1215
f 1250/1250/1250 1222/1222/1222 1215/1215/1215
f 1224/1224/1224 1252/1252/1252 1235/1235/1235
f 1250/1250/1250 1253/1253/1253 1163/1163/1163
f 1252/1252/1252 1224/1224/1224 1249/1249/1249
f 1219/1219/1219 1221/1221/1221 1241/1241/1241
f 1163/1163/1163 998/998/998 1157/1157/1157
f 1254/1254/1254 1219/1219/1219 1241/1241/1241
f 1254/1254/1254 1241/1241/1241 1240/1240/1240
f 1253/1253/1253 1005/1005/1005 1163/1163/1163
f 1248/1248/1248 1255/1255/1255 1240/1240/1240
f 1253/1253/1253 1250/1250/1250 1256/1256/1256
f 1253/1253/1253 1256/1256/1256 1257/1257/1257
f 1228/1228/1228 1258/1258/1258 1249/1249/1249
f 1228/1228/1228 1259/1259/1259 1258/1258/1258
f 1255/1255/1255 1248/1248/1248 1260/1260/1260
f 1219/1219/1219 1254/1254/1254 1261/1261/1261
f 1247/1247/1247 1232/1232/1232 1220/1220/1220
f 1250/1250/1250 1229/1229/1229 1256/1256/1256
f 1246/1246/1246 1245/1245/1245 1231/1231/1231
f 1245/1245/1245 1256/1256/1256 1229/1229/1229
f 1262/1262/1262 1263/1263/1263 1258/1258/1258
f 1257/1257/1257 1256/1256/1256 1245/1245/1245
f 1092/1092/1092 1079/1079/1079 1076/1076/1076
f 1257/1257/1257 1245/1245/1245 1264/1264/1264
f 1076/1076/1076 1265/1265/1265 1266/1266/1266
f 1246/1246/1246 1267/1267/1267 1245/1245/1245
f 1268/1268/1268 1269/1269/1269 1270/1270/1270
f 1247/1247/1247 1243/1243/1243 1232/1232/1232
f 1267/1267/1267 1264/1264/1264 1245/1245/1245
f 1243/1243/1243 1247/1247/1247 1261/1261/1261
f 1076/1076/1076 1266/1266/1266 1092/1092/1092
f 1271/1271/1271 1257/1257/1257 1264/1264/1264
f 1268/1268/1268 1265/1265/1265 1095/1095/1095
f 1265/1265/1265 1076/1076/1076 1095/1095/1095
f 1247/1247/1247 1219/1219/1219 1261/1261/1261
f 1272/1272/1272 1266/1266/1266 1265/1265/1265
f 1265/1265/1265 1268/1268/1268 1270/1270/1270
f 1264/1264/1264 1267/1267/1267 1271/1271/1271
f 1255/1255/1255 1254/1254/1254 1240/1240/1240
f 1272/1272/1272 1265/1265/1265 1273/1273/1273
f 1092/1092/1092 1266/1266/1266 1130/1130/1130
f 419/419/419 415/415/415 413/413/413
f 419/419/419 413/413/413 323/323/323
f 1246/1246/1246 415/415/415 419/419/419
f 1274/1274/1274 1244/1244/1244 1243/1243/1243
f 1274/1274/1274 1243/1243/1243 1261/1261/1261
f 1275/1275/1275 1269/1269/1269 1276/1276/1276
f 1277/1277/1277 1275/1275/1275 1276/1276/1276
f 1278/1278/1278 1274/1274/1274 1261/1261/1261
f 1269/1269/1269 1275/1275/1275 1270/1270/1270
f 1279/1279/1279 419/419/419 420/420/420
f 1280/1280/1280 1270/1270/1270 1275/1275/1275
f 1130/1130/1130 1266/1266/1266 1272/1272/1272
f 1279/1279/1279 1246/1246/1246 419/419/419
f 1130/1130/1130 1272/1272/1272 1281/1281/1281
f 1278/1278/1278 1261/1261/1261 1254/1254/1254
f 1246/1246/1246 1279/1279/1279 1267/1267/1267
f 1270/1270/1270 1273/1273/1273 1265/1265/1265
f 1130/1130/1130 1281/1281/1281 1282/1282/1282
f 1283/1283/1283 1274/1274/1274 1278/1278/1278
f 1278/1278/1278 1255/1255/1255 1284/1284/1284
f 1279/1279/1279 420/420/420 1225/1225/1225
f 1283/1283/1283 1278/1278/1278 1284/1284/1284
f 1254/1254/1254 1255/1255/1255 1278/1278/1278
f 1273/1273/1273 1270/1270/1270 1280/1280/1280
f 1273/1273/1273 1285/1285/1285 1272/1272/1272
f 1140/1140/1140 1130/1130/1130 1192/1192/1192
f 1282/1282/1282 1192/1192/1192 1130/1130/1130
f 1236/1236/1236 1267/1267/1267 1279/1279/1279
f 1286/1286/1286 1273/1273/1273 1280/1280/1280
f 1285/1285/1285 1273/1273/1273 1286/1286/1286
f 1285/1285/1285 1210/1210/1210 1287/1287/1287
f 1286/1286/1286 1210/1210/1210 1285/1285/1285
f 1236/1236/1236 1279/1279/1279 1225/1225/1225
f 1272/1272/1272 1285/1285/1285 1281/1281/1281
f 1214/1214/1214 417/417/417 326/326/326
f 1288/1288/1288 1239/1239/1239 1289/1289/1289
f 1271/1271/1271 1267/1267/1267 1236/1236/1236
f 1214/1214/1214 326/326/326 414/414/414
f 414/414/414 1290/1290/1290 1214/1214/1214
f 1290/1290/1290 414/414/414 421/421/421
f 1289/1289/1289 1239/1239/1239 1235/1235/1235
f 1239/1239/1239 1271/1271/1271 1236/1236/1236
f 421/421/421 1291/1291/1291 1290/1290/1290
f 1007/1007/1007 1005/1005/1005 1253/1253/1253
f 1281/1281/1281 1285/1285/1285 1287/1287/1287
f 1276/1276/1276 1288/1288/1288 1289/1289/1289
f 1276/1276/1276 1289/1289/1289 1277/1277/1277
f 1287/1287/1287 1209/1209/1209 1281/1281/1281
f 1292/1292/1292 1214/1214/1214 1290/1290/1290
f 1293/1293/1293 1253/1253/1253 1257/1257/1257
f 1214/1214/1214 1292/1292/1292 1228/1228/1228
f 1007/1007/1007 1253/1253/1253 1293/1293/1293
f 1289/1289/1289 1235/1235/1235 1294/1294/1294
f 1295/1295/1295 1259/1259/1259 1292/1292/1292
f 1049/1049/1049 1007/1007/1007 1293/1293/1293
f 1292/1292/1292 1290/1290/1290 1295/1295/1295
f 1235/1235/1235 1252/1252/1252 1294/1294/1294
f 1293/1293/1293 1296/1296/1296 1049/1049/1049
f 1291/1291/1291 1297/1297/1297 1290/1290/1290
f 1289/1289/1289 1294/1294/1294 1298/1298/1298
f 1290/1290/1290 1297/1297/1297 1295/1295/1295
f 1299/1299/1299 1293/1293/1293 1300/1300/1300
f 1294/1294/1294 1252/1252/1252 1249/1249/1249
f 1293/1293/1293 1299/1299/1299 1301/1301/1301
f 1293/1293/1293 1301/1301/1301 1296/1296/1296
f 1228/1228/1228 1292/1292/1292 1259/1259/1259
f 1294/1294/1294 1249/1249/1249 1258/1258/1258
f 1300/1300/1300 1257/1257/1257 1271/1271/1271
f 1293/1293/1293 1257/1257/1257 1300/1300/1300
f 1192/1192/1192 1282/1282/1282 1302/1302/1302
f 1263/1263/1263 1294/1294/1294 1258/1258/1258
f 1223/1223/1223 1294/1294/1294 1263/1263/1263
f 1303/1303/1303 1282/1282/1282 1281/1281/1281
f 1300/1300/1300 1271/1271/1271 1288/1288/1288
f 1302/1302/1302 1282/1282/1282 1303/1303/1303
f 1258/1258/1258 1259/1259/1259 1295/1295/1295
f 1258/1258/1258 1295/1295/1295 1262/1262/1262
f 1223/1223/1223 1298/1298/1298 1294/1294/1294
f 1191/1191/1191 1192/1192/1192 1302/1302/1302
f 1300/1300/1300 1288/1288/1288 1276/1276/1276
f 1304/1304/1304 1298/1298/1298 1223/1223/1223
f 1304/1304/1304 1223/1223/1223 1220/1220/1220
f 1300/1300/1300 1276/1276/1276 1299/1299/1299
f 1299/1299/1299 1276/1276/1276 1269/1269/1269
f 1302/1302/1302 1303/1303/1303 1305/1305/1305
f 1085/1085/1085 1048/1048/1048 1049/1049/1049
f 1291/1291/1291 421/421/421 436/436/436
f 1049/1049/1049 1296/1296/1296 1085/1085/1085
f 436/436/436 1306/1306/1306 1291/1291/1291
f 1307/1307/1307 436/436/436 437/437/437
f 1277/1277/1277 1308/1308/1308 1275/1275/1275
f 1307/1307/1307 1306/1306/1306 436/436/436
f 1297/1297/1297 1291/1291/1291 1306/1306/1306
f 1280/1280/1280 1275/1275/1275 1308/1308/1308
f 1210/1210/1210 1209/1209/1209 1287/1287/1287
f 1307/1307/1307 1309/1309/1309 1306/1306/1306
f 1268/1268/1268 1095/1095/1095 1296/1296/1296
f 1208/1208/1208 1303/1303/1303 1209/1209/1209
f 1277/1277/1277 1289/1289/1289 1298/1298/1298
f 1296/1296/1296 1301/1301/1301 1269/1269/1269
f 1308/1308/1308 1277/1277/1277 1298/1298/1298
f 1268/1268/1268 1296/1296/1296 1269/1269/1269
f 1306/1306/1306 1310/1310/1310 1297/1297/1297
f 1310/1310/1310 1295/1295/1295 1297/1297/1297
f 1308/1308/1308 1298/1298/1298 1234/1234/1234
f 1303/1303/1303 1281/1281/1281 1209/1209/1209
f 1296/1296/1296 1095/1095/1095 1085/1085/1085
f 1304/1304/1304 1234/1234/1234 1298/1298/1298
f 1269/1269/1269 1301/1301/1301 1299/1299/1299
f 1234/1234/1234 1304/1304/1304 1220/1220/1220
f 1308/1308/1308 1286/1286/1286 1280/1280/1280
f 1310/1310/1310 1306/1306/1306 1309/1309/1309
f 1271/1271/1271 1239/1239/1239 1288/1288/1288
f 1234/1234/1234 1286/1286/1286 1308/1308/1308
f 1286/1286/1286 1234/1234/1234 1210/1210/1210
f 1307/1307/1307 437/437/437 1311/1311/1311
f 437/437/437 439/439/439 1311/1311/1311
f 420/420/420 323/323/323 310/310/310
f 1312/1312/1312 1309/1309/1309 1307/1307/1307
f 1307/1307/1307 1311/1311/1311 1312/1312/1312
f 1225/1225/1225 420/420/420 1226/1226/1226
f 1226/1226/1226 420/420/420 310/310/310
f 1313/1313/1313 1305/1305/1305 1303/1303/1303
f 1226/1226/1226 310/310/310 1212/1212/1212
f 1210/1210/1210 1234/1234/1234 1233/1233/1233
f 1212/1212/1212 310/310/310 307/307/307
f 1234/1234/1234 1220/1220/1220 1232/1232/1232
f 1309/1309/1309 1312/1312/1312 1314/1314/1314
f 1311/1311/1311 439/439/439 440/440/440
f 1315/1315/1315 1311/1311/1311 440/440/440
f 1313/1313/1313 1303/1303/1303 1208/1208/1208
f 442/442/442 1316/1316/1316 440/440/440
f 1313/1313/1313 1208/1208/1208 1317/1317/1317
f 1315/1315/1315 1312/1312/1312 1311/1311/1311
f 1315/1315/1315 440/440/440 1316/1316/1316
f 1305/1305/1305 1318/1318/1318 1319/1319/1319
f 1316/1316/1316 442/442/442 1320/1320/1320
f 1305/1305/1305 1313/1313/1313 1321/1321/1321
f 1320/1320/1320 442/442/442 443/443/443
f 1318/1318/1318 1305/1305/1305 1321/1321/1321
f 1316/1316/1316 1312/1312/1312 1315/1315/1315
f 1322/1322/1322 1312/1312/1312 1316/1316/1316
f 1314/1314/1314 1312/1312/1312 1322/1322/1322
f 1322/1322/1322 1316/1316/1316 1320/1320/1320
f 1318/1318/1318 1321/1321/1321 1319/1319/1319
f 1323/1323/1323 1319/1319/1319 1321/1321/1321
f 1310/1310/1310 1324/1324/1324 1295/1295/1295
f 1323/1323/1323 1321/1321/1321 1325/1325/1325
f 1326/1326/1326 1327/1327/1327 1313/1313/1313
f 1262/1262/1262 1295/1295/1295 1324/1324/1324
f 1313/1313/1313 1327/1327/1327 1321/1321/1321
f 1324/1324/1324 1310/1310/1310 1328/1328/1328
f 1328/1328/1328 1310/1310/1310 1309/1309/1309
f 1328/1328/1328 1309/1309/1309 1329/1329/1329
f 1197/1197/1197 1191/1191/1191 1302/1302/1302
f 1197/1197/1197 1302/1302/1302 1319/1319/1319
f 1319/1319/1319 1302/1302/1302 1305/1305/1305
f 1262/1262/1262 1324/1324/1324 1328/1328/1328
f 1330/1330/1330 1262/1262/1262 1328/1328/1328
f 1202/1202/1202 1197/1197/1197 1319/1319/1319
f 1202/1202/1202 1319/1319/1319 1331/1331/1331
f 1328/1328/1328 1329/1329/1329 1332/1332/1332
f 1328/1328/1328 1332/1332/1332 1218/1218/1218
f 1329/1329/1329 1309/1309/1309 1314/1314/1314
f 1329/1329/1329 1314/1314/1314 1332/1332/1332
f 1210/1210/1210 1233/1233/1233 1238/1238/1238
f 1218/1218/1218 1332/1332/1332 1216/1216/1216
f 1208/1208/1208 1210/1210/1210 1238/1238/1238
f 1216/1216/1216 1332/1332/1332 1333/1333/1333
f 1333/1333/1333 1314/1314/1314 1322/1322/1322
f 1332/1332/1332 1314/1314/1314 1333/1333/1333
f 1208/1208/1208 1238/1238/1238 1317/1317/1317
f 1333/1333/1333 1322/1322/1322 1334/1334/1334
f 1238/1238/1238 1244/1244/1244 1317/1317/1317
f 1263/1263/1263 1262/1262/1262 1330/1330/1330
f 1244/1244/1244 1274/1274/1274 1317/1317/1317
f 1283/1283/1283 1335/1335/1335 1336/1336/1336
f 1223/1223/1223 1263/1263/1263 1330/1330/1330
f 1274/1274/1274 1283/1283/1283 1336/1336/1336
f 1274/1274/1274 1336/1336/1336 1317/1317/1317
f 1241/1241/1241 1221/1221/1221 1330/1330/1330
f 1330/1330/1330 1328/1328/1328 1218/1218/1218
f 1330/1330/1330 1218/1218/1218 1241/1241/1241
f 1317/1317/1317 1326/1326/1326 1313/1313/1313
f 1336/1336/1336 1326/1326/1326 1317/1317/1317
f 1223/1223/1223 1330/1330/1330 1221/1221/1221
f 1337/1337/1337 1338/1338/1338 1339/1339/1339
f 1340/1340/1340 1341/1341/1341 1342/1342/1342
f 257/257/257 259/259/259 562/562/562
f 1343/1343/1343 1337/1337/1337 1339/1339/1339
f 1344/1344/1344 1345/1345/1345 1346/1346/1346
f 1341/1341/1341 1340/1340/1340 1347/1347/1347
f 1348/1348/1348 1339/1339/1339 1349/1349/1349
f 1350/1350/1350 1351/1351/1351 1340/1340/1340
f 1352/1352/1352 562/562/562 259/259/259
f 1353/1353/1353 1348/1348/1348 1354/1354/1354
f 1347/1347/1347 1340/1340/1340 1351/1351/1351
f 1348/1348/1348 1353/1353/1353 1355/1355/1355
f 1352/1352/1352 259/259/259 1164/1164/1164
f 1339/1339/1339 1355/1355/1355 1343/1343/1343
f 1355/1355/1355 1339/1339/1339 1348/1348/1348
f 1356/1356/1356 562/562/562 1352/1352/1352
f 1357/1357/1357 1358/1358/1358 1359/1359/1359
f 1355/1355/1355 1360/1360/1360 1343/1343/1343
f 1343/1343/1343 1360/1360/1360 1344/1344/1344
f 1204/1204/1204 1169/1169/1169 1361/1361/1361
f 1204/1204/1204 1362/1362/1362 1203/1203/1203
f 1363/1363/1363 1344/1344/1344 1360/1360/1360
f 611/611/611 572/572/572 570/570/570
f 1177/1177/1177 1361/1361/1361 1169/1169/1169
f 1356/1356/1356 570/570/570 562/562/562
f 1204/1204/1204 1361/1361/1361 1364/1364/1364
f 1361/1361/1361 1365/1365/1365 1364/1364/1364
f 1362/1362/1362 1204/1204/1204 1364/1364/1364
f 1366/1366/1366 1362/1362/1362 1364/1364/1364
f 570/570/570 1356/1356/1356 1367/1367/1367
f 1368/1368/1368 1362/1362/1362 1369/1369/1369
f 1367/1367/1367 1370/1370/1370 570/570/570
f 1371/1371/1371 1344/1344/1344 1363/1363/1363
f 1164/1164/1164 1176/1176/1176 1352/1352/1352
f 1372/1372/1372 1368/1368/1368 1369/1369/1369
f 1345/1345/1345 1344/1344/1344 1371/1371/1371
f 1371/1371/1371 1373/1373/1373 1345/1345/1345
f 1374/1374/1374 1365/1365/1365 1361/1361/1361
f 1176/1176/1176 1375/1375/1375 1352/1352/1352
f 1362/1362/1362 1366/1366/1366 1369/1369/1369
f 1376/1376/1376 1352/1352/1352 1375/1375/1375
f 1374/1374/1374 1377/1377/1377 1365/1365/1365
f 1366/1366/1366 1364/1364/1364 1378/1378/1378
f 1378/1378/1378 1379/1379/1379 1366/1366/1366
f 1375/1375/1375 1176/1176/1176 1122/1122/1122
f 1379/1379/1379 1369/1369/1369 1366/1366/1366
f 1373/1373/1373 1380/1380/1380 1345/1345/1345
f 1369/1369/1369 1379/1379/1379 1381/1381/1381
f 1177/1177/1177 1374/1374/1374 1361/1361/1361
f 1382/1382/1382 1380/1380/1380 1373/1373/1373
f 1383/1383/1383 1379/1379/1379 1378/1378/1378
f 1378/1378/1378 1384/1384/1384 1383/1383/1383
f 1385/1385/1385 1374/1374/1374 1177/1177/1177
f 1383/1383/1383 1384/1384/1384 1386/1386/1386
f 1387/1387/1387 1354/1354/1354 1388/1388/1388
f 1367/1367/1367 1356/1356/1356 1376/1376/1376
f 1387/1387/1387 1388/1388/1388 1389/1389/1389
f 1177/1177/1177 1183/1183/1183 1385/1385/1385
f 1356/1356/1356 1352/1352/1352 1376/1376/1376
f 1390/1390/1390 1391/1391/1391 1372/1372/1372
f 1392/1392/1392 1373/1373/1373 1371/1371/1371
f 1390/1390/1390 1393/1393/1393 1391/1391/1391
f 1393/1393/1393 1389/1389/1389 1391/1391/1391
f 1392/1392/1392 1382/1382/1382 1373/1373/1373
f 1377/1377/1377 1374/1374/1374 1385/1385/1385
f 1394/1394/1394 1395/1395/1395 1367/1367/1367
f 1393/1393/1393 1390/1390/1390 1396/1396/1396
f 1394/1394/1394 1367/1367/1367 1376/1376/1376
f 1397/1397/1397 1382/1382/1382 1392/1392/1392
f 1398/1398/1398 1387/1387/1387 1389/1389/1389
f 1398/1398/1398 1389/1389/1389 1393/1393/1393
f 1398/1398/1398 1393/1393/1393 1396/1396/1396
f 1376/1376/1376 1375/1375/1375 1399/1399/1399
f 1400/1400/1400 1376/1376/1376 1399/1399/1399
f 1401/1401/1401 1377/1377/1377 1385/1385/1385
f 1400/1400/1400 1394/1394/1394 1376/1376/1376
f 1402/1402/1402 627/627/627 629/629/629
f 1403/1403/1403 627/627/627 1402/1402/1402
f 1403/1403/1403 641/641/641 627/627/627
f 1387/1387/1387 1353/1353/1353 1354/1354/1354
f 1404/1404/1404 1353/1353/1353 1387/1387/1387
f 1405/1405/1405 1378/1378/1378 1364/1364/1364
f 1405/1405/1405 1384/1384/1384 1378/1378/1378
f 1400/1400/1400 1406/1406/1406 1394/1394/1394
f 1407/1407/1407 1394/1394/1394 1406/1406/1406
f 1404/1404/1404 1355/1355/1355 1353/1353/1353
f 1404/1404/1404 1360/1360/1360 1355/1355/1355
f 1408/1408/1408 1360/1360/1360 1404/1404/1404
f 1409/1409/1409 1402/1402/1402 1380/1380/1380
f 611/611/611 570/570/570 1370/1370/1370
f 1409/1409/1409 1403/1403/1403 1402/1402/1402
f 1370/1370/1370 613/613/613 611/611/611
f 1377/1377/1377 1405/1405/1405 1365/1365/1365
f 1364/1364/1364 1365/1365/1365 1405/1405/1405
f 1410/1410/1410 1408/1408/1408 1404/1404/1404
f 1398/1398/1398 1404/1404/1404 1387/1387/1387
f 1410/1410/1410 1404/1404/1404 1398/1398/1398
f 1370/1370/1370 1411/1411/1411 613/613/613
f 1377/1377/1377 1412/1412/1412 1405/1405/1405
f 1412/1412/1412 1413/1413/1413 1405/1405/1405
f 1414/1414/1414 1408/1408/1408 1410/1410/1410
f 1415/1415/1415 1386/1386/1386 1384/1384/1384
f 1416/1416/1416 1411/1411/1411 1370/1370/1370
f 1413/1413/1413 1384/1384/1384 1405/1405/1405
f 1384/1384/1384 1413/1413/1413 1415/1415/1415
f 1395/1395/1395 1416/1416/1416 1370/1370/1370
f 1417/1417/1417 1418/1418/1418 1414/1414/1414
f 1410/1410/1410 1417/1417/1417 1414/1414/1414
f 1413/1413/1413 1419/1419/1419 1415/1415/1415
f 1417/1417/1417 1420/1420/1420 1418/1418/1418
f 1403/1403/1403 1409/1409/1409 1397/1397/1397
f 1397/1397/1397 1409/1409/1409 1382/1382/1382
f 1390/1390/1390 1372/1372/1372 1369/1369/1369
f 613/613/613 1411/1411/1411 621/621/621
f 1419/1419/1419 1413/1413/1413 1421/1421/1421
f 1369/1369/1369 1381/1381/1381 1390/1390/1390
f 1401/1401/1401 1413/1413/1413 1412/1412/1412
f 1401/1401/1401 1412/1412/1412 1377/1377/1377
f 1397/1397/1397 1422/1422/1422 1403/1403/1403
f 1396/1396/1396 1390/1390/1390 1423/1423/1423
f 1349/1349/1349 1411/1411/1411 1416/1416/1416
f 1424/1424/1424 1422/1422/1422 1397/1397/1397
f 1425/1425/1425 1413/1413/1413 1401/1401/1401
f 1417/1417/1417 1398/1398/1398 1396/1396/1396
f 1411/1411/1411 1349/1349/1349 1338/1338/1338
f 1426/1426/1426 1417/1417/1417 1396/1396/1396
f 1426/1426/1426 1396/1396/1396 1423/1423/1423
f 1381/1381/1381 1423/1423/1423 1390/1390/1390
f 1338/1338/1338 1427/1427/1427 1411/1411/1411
f 1370/1370/1370 1367/1367/1367 1395/1395/1395
f 1413/1413/1413 1425/1425/1425 1428/1428/1428
f 1421/1421/1421 1413/1413/1413 1428/1428/1428
f 1394/1394/1394 1429/1429/1429 1395/1395/1395
f 1385/1385/1385 1183/1183/1183 1430/1430/1430
f 1431/1431/1431 1381/1381/1381 1383/1383/1383
f 1432/1432/1432 1397/1397/1397 1392/1392/1392
f 1430/1430/1430 1183/1183/1183 1196/1196/1196
f 1431/1431/1431 1383/1383/1383 1386/1386/1386
f 1383/1383/1383 1381/1381/1381 1379/1379/1379
f 1381/1381/1381 1431/1431/1431 1423/1423/1423
f 1395/1395/1395 1433/1433/1433 1416/1416/1416
f 1401/1401/1401 1385/1385/1385 1430/1430/1430
f 1434/1434/1434 1424/1424/1424 1397/1397/1397
f 1435/1435/1435 1431/1431/1431 1386/1386/1386
f 1429/1429/1429 1433/1433/1433 1395/1395/1395
f 1436/1436/1436 1401/1401/1401 1430/1430/1430
f 1437/1437/1437 1434/1434/1434 1397/1397/1397
f 1431/1431/1431 1435/1435/1435 1423/1423/1423
f 1407/1407/1407 1429/1429/1429 1394/1394/1394
f 1423/1423/1423 1435/1435/1435 1426/1426/1426
f 1388/1388/1388 1429/1429/1429 1407/1407/1407
f 1438/1438/1438 1435/1435/1435 1386/1386/1386
f 1439/1439/1439 1435/1435/1435 1438/1438/1438
f 1388/1388/1388 1433/1433/1433 1429/1429/1429
f 1388/1388/1388 1354/1354/1354 1433/1433/1433
f 1354/1354/1354 1349/1349/1349 1433/1433/1433
f 1425/1425/1425 1401/1401/1401 1436/1436/1436
f 1425/1425/1425 1436/1436/1436 1440/1440/1440
f 1441/1441/1441 1442/1442/1442 1424/1424/1424
f 1398/1398/1398 1417/1417/1417 1410/1410/1410
f 1437/1437/1437 1424/1424/1424 1434/1434/1434
f 1420/1420/1420 1417/1417/1417 1426/1426/1426
f 1349/1349/1349 1416/1416/1416 1433/1433/1433
f 1437/1437/1437 1443/1443/1443 1424/1424/1424
f 1441/1441/1441 1443/1443/1443 1444/1444/1444
f 1348/1348/1348 1349/1349/1349 1354/1354/1354
f 1445/1445/1445 1420/1420/1420 1426/1426/1426
f 1446/1446/1446 1440/1440/1440 1436/1436/1436
f 1447/1447/1447 639/639/639 641/641/641
f 1375/1375/1375 1122/1122/1122 1121/1121/1121
f 1428/1428/1428 1425/1425/1425 1440/1440/1440
f 1448/1448/1448 1447/1447/1447 641/641/641
f 1445/1445/1445 1418/1418/1418 1420/1420/1420
f 1445/1445/1445 1449/1449/1449 1418/1418/1418
f 1448/1448/1448 641/641/641 1422/1422/1422
f 1422/1422/1422 641/641/641 1403/1403/1403
f 1447/1447/1447 650/650/650 639/639/639
f 1446/1446/1446 1428/1428/1428 1440/1440/1440
f 1399/1399/1399 1375/1375/1375 1121/1121/1121
f 1439/1439/1439 1426/1426/1426 1435/1435/1435
f 1399/1399/1399 1121/1121/1121 1450/1450/1450
f 1426/1426/1426 1439/1439/1439 1445/1445/1445
f 1445/1445/1445 1439/1439/1439 1451/1451/1451
f 1452/1452/1452 1121/1121/1121 1127/1127/1127
f 650/650/650 1447/1447/1447 951/951/951
f 1452/1452/1452 1450/1450/1450 1121/1121/1121
f 951/951/951 652/652/652 650/650/650
f 1446/1446/1446 1436/1436/1436 1453/1453/1453
f 951/951/951 1447/1447/1447 1454/1454/1454
f 1455/1455/1455 1449/1449/1449 1456/1456/1456
f 1451/1451/1451 1456/1456/1456 1445/1445/1445
f 1451/1451/1451 1457/1457/1457 1456/1456/1456
f 1457/1457/1457 1458/1458/1458 1456/1456/1456
f 1447/1447/1447 1448/1448/1448 1454/1454/1454
f 1446/1446/1446 1453/1453/1453 1459/1459/1459
f 1406/1406/1406 1400/1400/1400 1399/1399/1399
f 1458/1458/1458 1460/1460/1460 1456/1456/1456
f 1456/1456/1456 1449/1449/1449 1445/1445/1445
f 1448/1448/1448 1461/1461/1461 1454/1454/1454
f 1462/1462/1462 1406/1406/1406 1399/1399/1399
f 1459/1459/1459 1453/1453/1453 1463/1463/1463
f 1461/1461/1461 951/951/951 1454/1454/1454
f 951/951/951 1461/1461/1461 1464/1464/1464
f 1456/1456/1456 1460/1460/1460 1455/1455/1455
f 1407/1407/1407 1406/1406/1406 1462/1462/1462
f 1391/1391/1391 1407/1407/1407 1462/1462/1462
f 1459/1459/1459 1463/1463/1463 1465/1465/1465
f 1200/1200/1200 1430/1430/1430 1196/1196/1196
f 1466/1466/1466 1467/1467/1467 1458/1458/1458
f 1460/1460/1460 1458/1458/1458 1467/1467/1467
f 1450/1450/1450 1468/1468/1468 1399/1399/1399
f 1422/1422/1422 1461/1461/1461 1448/1448/1448
f 1468/1468/1468 1462/1462/1462 1399/1399/1399
f 1424/1424/1424 1461/1461/1461 1422/1422/1422
f 1461/1461/1461 1424/1424/1424 1442/1442/1442
f 1430/1430/1430 1200/1200/1200 1469/1469/1469
f 1340/1340/1340 1342/1342/1342 1470/1470/1470
f 1471/1471/1471 604/604/604 621/621/621
f 1461/1461/1461 1472/1472/1472 1464/1464/1464
f 1469/1469/1469 1436/1436/1436 1430/1430/1430
f 604/604/604 1471/1471/1471 608/608/608
f 1372/1372/1372 1462/1462/1462 1468/1468/1468
f 1442/1442/1442 1472/1472/1472 1461/1461/1461
f 1372/1372/1372 1391/1391/1391 1462/1462/1462
f 1337/1337/1337 1471/1471/1471 1427/1427/1427
f 1337/1337/1337 1473/1473/1473 1471/1471/1471
f 1201/1201/1201 1200/1200/1200 1199/1199/1199
f 1160/1160/1160 1452/1452/1452 1127/1127/1127
f 1442/1442/1442 1441/1441/1441 1472/1472/1472
f 1474/1474/1474 1472/1472/1472 1441/1441/1441
f 608/608/608 1471/1471/1471 1473/1473/1473
f 1363/1363/1363 1360/1360/1360 1408/1408/1408
f 1473/1473/1473 628/628/628 608/608/608
f 1200/1200/1200 1201/1201/1201 1469/1469/1469
f 1160/1160/1160 1203/1203/1203 1362/1362/1362
f 1368/1368/1368 1450/1450/1450 1452/1452/1452
f 1475/1475/1475 1371/1371/1371 1363/1363/1363
f 1160/1160/1160 1368/1368/1368 1452/1452/1452
f 1346/1346/1346 1473/1473/1473 1337/1337/1337
f 1202/1202/1202 1476/1476/1476 1201/1201/1201
f 1338/1338/1338 1337/1337/1337 1427/1427/1427
f 1414/1414/1414 1363/1363/1363 1408/1408/1408
f 1476/1476/1476 1469/1469/1469 1201/1201/1201
f 1362/1362/1362 1368/1368/1368 1160/1160/1160
f 1363/1363/1363 1414/1414/1414 1475/1475/1475
f 1368/1368/1368 1468/1468/1468 1450/1450/1450
f 1368/1368/1368 1372/1372/1372 1468/1468/1468
f 1475/1475/1475 1392/1392/1392 1371/1371/1371
f 1391/1391/1391 1388/1388/1388 1407/1407/1407
f 1345/1345/1345 1473/1473/1473 1346/1346/1346
f 1453/1453/1453 1469/1469/1469 1476/1476/1476
f 1389/1389/1389 1388/1388/1388 1391/1391/1391
f 1477/1477/1477 1463/1463/1463 1476/1476/1476
f 1463/1463/1463 1453/1453/1453 1476/1476/1476
f 1473/1473/1473 1380/1380/1380 628/628/628
f 1478/1478/1478 1392/1392/1392 1475/1475/1475
f 1453/1453/1453 1436/1436/1436 1469/1469/1469
f 1380/1380/1380 1402/1402/1402 628/628/628
f 1402/1402/1402 629/629/629 628/628/628
f 1411/1411/1411 1427/1427/1427 621/621/621
f 621/621/621 1427/1427/1427 1471/1471/1471
f 1414/1414/1414 1418/1418/1418 1475/1475/1475
f 1380/1380/1380 1473/1473/1473 1345/1345/1345
f 1418/1418/1418 1478/1478/1478 1475/1475/1475
f 1339/1339/1339 1338/1338/1338 1349/1349/1349
f 1409/1409/1409 1380/1380/1380 1382/1382/1382
f 1479/1479/1479 1478/1478/1478 1418/1418/1418
f 1343/1343/1343 1344/1344/1344 1337/1337/1337
f 1337/1337/1337 1344/1344/1344 1346/1346/1346
f 1418/1418/1418 1449/1449/1449 1479/1479/1479
f 1415/1415/1415 1419/1419/1419 1386/1386/1386
f 1438/1438/1438 1386/1386/1386 1419/1419/1419
f 1438/1438/1438 1419/1419/1419 1439/1439/1439
f 1419/1419/1419 1421/1421/1421 1439/1439/1439
f 1480/1480/1480 1439/1439/1439 1421/1421/1421
f 1439/1439/1439 1480/1480/1480 1451/1451/1451
f 1478/1478/1478 1481/1481/1481 1482/1482/1482
f 1478/1478/1478 1479/1479/1479 1481/1481/1481
f 1481/1481/1481 1479/1479/1479 1483/1483/1483
f 1483/1483/1483 1484/1484/1484 1481/1481/1481
f 1480/1480/1480 1457/1457/1457 1451/1451/1451
f 1458/1458/1458 1457/1457/1457 1480/1480/1480
f 1432/1432/1432 1392/1392/1392 1478/1478/1478
f 1480/1480/1480 1485/1485/1485 1458/1458/1458
f 1482/1482/1482 1432/1432/1432 1478/1478/1478
f 1458/1458/1458 1485/1485/1485 1486/1486/1486
f 1432/1432/1432 1437/1437/1437 1397/1397/1397
f 1421/1421/1421 1428/1428/1428 1446/1446/1446
f 1446/1446/1446 1485/1485/1485 1421/1421/1421
f 1480/1480/1480 1421/1421/1421 1485/1485/1485
f 1484/1484/1484 1482/1482/1482 1481/1481/1481
f 1484/1484/1484 1432/1432/1432 1482/1482/1482
f 1437/1437/1437 1432/1432/1432 1487/1487/1487
f 1488/1488/1488 1489/1489/1489 1490/1490/1490
f 1491/1491/1491 1485/1485/1485 1459/1459/1459
f 1492/1492/1492 1443/1443/1443 1437/1437/1437
f 1459/1459/1459 1485/1485/1485 1446/1446/1446
f 1487/1487/1487 1492/1492/1492 1437/1437/1437
f 1493/1493/1493 1492/1492/1492 1487/1487/1487
f 1494/1494/1494 1492/1492/1492 1493/1493/1493
f 1487/1487/1487 1432/1432/1432 1484/1484/1484
f 1495/1495/1495 1459/1459/1459 1496/1496/1496
f 1485/1485/1485 1491/1491/1491 1486/1486/1486
f 1495/1495/1495 1488/1488/1488 1491/1491/1491
f 1459/1459/1459 1495/1495/1495 1491/1491/1491
f 1487/1487/1487 1484/1484/1484 1357/1357/1357
f 1489/1489/1489 1488/1488/1488 1495/1495/1495
f 1357/1357/1357 1493/1493/1493 1487/1487/1487
f 1493/1493/1493 1357/1357/1357 1359/1359/1359
f 1486/1486/1486 1466/1466/1466 1458/1458/1458
f 1449/1449/1449 1455/1455/1455 1479/1479/1479
f 1467/1467/1467 1466/1466/1466 1342/1342/1342
f 1342/1342/1342 1466/1466/1466 1470/1470/1470
f 1486/1486/1486 1470/1470/1470 1466/1466/1466
f 1491/1491/1491 1488/1488/1488 1470/1470/1470
f 1479/1479/1479 1455/1455/1455 1483/1483/1483
f 1470/1470/1470 1486/1486/1486 1491/1491/1491
f 1470/1470/1470 1488/1488/1488 1490/1490/1490
f 1497/1497/1497 1350/1350/1350 1490/1490/1490
f 1490/1490/1490 1489/1489/1489 1497/1497/1497
f 1467/1467/1467 1455/1455/1455 1460/1460/1460
f 1498/1498/1498 1484/1484/1484 1483/1483/1483
f 1350/1350/1350 1470/1470/1470 1490/1490/1490
f 1498/1498/1498 1357/1357/1357 1484/1484/1484
f 1483/1483/1483 1455/1455/1455 1498/1498/1498
f 1340/1340/1340 1470/1470/1470 1350/1350/1350
f 1498/1498/1498 1455/1455/1455 1341/1341/1341
f 1357/1357/1357 1498/1498/1498 1358/1358/1358
f 1347/1347/1347 1358/1358/1358 1341/1341/1341
f 1341/1341/1341 1358/1358/1358 1498/1498/1498
f 1342/1342/1342 1455/1455/1455 1467/1467/1467
f 1455/1455/1455 1342/1342/1342 1341/1341/1341
f 1424/1424/1424 1443/1443/1443 1441/1441/1441
f 1499/1499/1499 1500/1500/1500 1501/1501/1501
f 1502/1502/1502 1503/1503/1503 1504/1504/1504
f 1505/1505/1505 1503/1503/1503 1502/1502/1502
f 1502/1502/1502 1504/1504/1504 1506/1506/1506
f 1255/1255/1255 1260/1260/1260 1284/1284/1284
f 1507/1507/1507 1508/1508/1508 1509/1509/1509
f 1510/1510/1510 1508/1508/1508 1507/1507/1507
f 1511/1511/1511 1283/1283/1283 1284/1284/1284
f 1512/1512/1512 1510/1510/1510 1507/1507/1507
f 1506/1506/1506 1513/1513/1513 1502/1502/1502
f 1511/1511/1511 1514/1514/1514 1283/1283/1283
f 1515/1515/1515 1507/1507/1507 1509/1509/1509
f 1508/1508/1508 1513/1513/1513 1516/1516/1516
f 1517/1517/1517 952/952/952 1464/1464/1464
f 1512/1512/1512 1507/1507/1507 1515/1515/1515
f 952/952/952 951/951/951 1464/1464/1464
f 1518/1518/1518 1512/1512/1512 1515/1515/1515
f 1502/1502/1502 1519/1519/1519 1505/1505/1505
f 1519/1519/1519 1502/1502/1502 1520/1520/1520
f 1517/1517/1517 954/954/954 952/952/952
f 1521/1521/1521 1514/1514/1514 1511/1511/1511
f 1520/1520/1520 1502/1502/1502 1522/1522/1522
f 1523/1523/1523 1524/1524/1524 1525/1525/1525
f 1510/1510/1510 1522/1522/1522 1508/1508/1508
f 1511/1511/1511 1523/1523/1523 1525/1525/1525
f 1526/1526/1526 1323/1323/1323 1325/1325/1325
f 1522/1522/1522 1513/1513/1513 1508/1508/1508
f 1327/1327/1327 1326/1326/1326 1527/1527/1527
f 1522/1522/1522 1502/1502/1502 1513/1513/1513
f 1327/1327/1327 1325/1325/1325 1321/1321/1321
f 1528/1528/1528 1529/1529/1529 1503/1503/1503
f 1503/1503/1503 1529/1529/1529 1504/1504/1504
f 1521/1521/1521 1511/1511/1511 1525/1525/1525
f 1464/1464/1464 1472/1472/1472 1530/1530/1530
f 1521/1521/1521 1525/1525/1525 1531/1531/1531
f 1530/1530/1530 1517/1517/1517 1464/1464/1464
f 1531/1531/1531 1525/1525/1525 1532/1532/1532
f 1533/1533/1533 1534/1534/1534 1251/1251/1251
f 1533/1533/1533 1251/1251/1251 1535/1535/1535
f 1536/1536/1536 1533/1533/1533 1535/1535/1535
f 1532/1532/1532 1525/1525/1525 1537/1537/1537
f 1525/1525/1525 1524/1524/1524 1537/1537/1537
f 1526/1526/1526 1538/1538/1538 1539/1539/1539
f 954/954/954 1517/1517/1517 956/956/956
f 1526/1526/1526 1325/1325/1325 1538/1538/1538
f 1540/1540/1540 1351/1351/1351 1350/1350/1350
f 1242/1242/1242 1251/1251/1251 1534/1534/1534
f 1541/1541/1541 1540/1540/1540 1542/1542/1542
f 1541/1541/1541 1543/1543/1543 1540/1540/1540
f 1527/1527/1527 1325/1325/1325 1327/1327/1327
f 1544/1544/1544 956/956/956 1517/1517/1517
f 956/956/956 1544/1544/1544 813/813/813
f 1527/1527/1527 1545/1545/1545 1538/1538/1538
f 1538/1538/1538 1325/1325/1325 1527/1527/1527
f 1546/1546/1546 1547/1547/1547 1548/1548/1548
f 1533/1533/1533 1549/1549/1549 1534/1534/1534
f 1544/1544/1544 1517/1517/1517 1530/1530/1530
f 1550/1550/1550 1534/1534/1534 1549/1549/1549
f 1550/1550/1550 1549/1549/1549 1551/1551/1551
f 1552/1552/1552 1553/1553/1553 1554/1554/1554
f 1555/1555/1555 1544/1544/1544 1530/1530/1530
f 1554/1554/1554 1518/1518/1518 1556/1556/1556
f 1557/1557/1557 1558/1558/1558 1556/1556/1556
f 1533/1533/1533 1536/1536/1536 1549/1549/1549
f 1536/1536/1536 1559/1559/1559 1560/1560/1560
f 1561/1561/1561 1562/1562/1562 1544/1544/1544
f 1536/1536/1536 1560/1560/1560 1549/1549/1549
f 1555/1555/1555 1561/1561/1561 1544/1544/1544
f 1563/1563/1563 1539/1539/1539 1564/1564/1564
f 1563/1563/1563 1564/1564/1564 1565/1565/1565
f 1560/1560/1560 1559/1559/1559 1566/1566/1566
f 1556/1556/1556 1558/1558/1558 1554/1554/1554
f 1465/1465/1465 1565/1565/1565 1564/1564/1564
f 1567/1567/1567 1465/1465/1465 1564/1564/1564
f 1530/1530/1530 1472/1472/1472 1568/1568/1568
f 1569/1569/1569 1570/1570/1570 1571/1571/1571
f 1564/1564/1564 1572/1572/1572 1567/1567/1567
f 1569/1569/1569 1571/1571/1571 1573/1573/1573
f 1551/1551/1551 1549/1549/1549 1574/1574/1574
f 1564/1564/1564 1539/1539/1539 1538/1538/1538
f 1472/1472/1472 1474/1474/1474 1568/1568/1568
f 1560/1560/1560 1574/1574/1574 1549/1549/1549
f 1575/1575/1575 1576/1576/1576 1537/1537/1537
f 1566/1566/1566 1577/1577/1577 1560/1560/1560
f 1578/1578/1578 1551/1551/1551 1574/1574/1574
f 1560/1560/1560 1579/1579/1579 1574/1574/1574
f 1576/1576/1576 1575/1575/1575 1552/1552/1552
f 1580/1580/1580 1538/1538/1538 1545/1545/1545
f 1578/1578/1578 1574/1574/1574 1579/1579/1579
f 1441/1441/1441 1444/1444/1444 1474/1474/1474
f 1564/1564/1564 1538/1538/1538 1581/1581/1581
f 1570/1570/1570 1569/1569/1569 1582/1582/1582
f 1568/1568/1568 1474/1474/1474 1583/1583/1583
f 1583/1583/1583 1474/1474/1474 1444/1444/1444
f 1550/1550/1550 1260/1260/1260 1248/1248/1248
f 1550/1550/1550 1248/1248/1248 1242/1242/1242
f 1580/1580/1580 1581/1581/1581 1538/1538/1538
f 1584/1584/1584 1583/1583/1583 1444/1444/1444
f 1534/1534/1534 1550/1550/1550 1242/1242/1242
f 1532/1532/1532 1537/1537/1537 1570/1570/1570
f 1570/1570/1570 1537/1537/1537 1576/1576/1576
f 1530/1530/1530 1568/1568/1568 1555/1555/1555
f 1284/1284/1284 1260/1260/1260 1550/1550/1550
f 1576/1576/1576 1571/1571/1571 1570/1570/1570
f 1573/1573/1573 1571/1571/1571 1576/1576/1576
f 1583/1583/1583 1555/1555/1555 1568/1568/1568
f 1572/1572/1572 1564/1564/1564 1581/1581/1581
f 1581/1581/1581 1585/1585/1585 1572/1572/1572
f 1511/1511/1511 1284/1284/1284 1550/1550/1550
f 1511/1511/1511 1550/1550/1550 1551/1551/1551
f 1580/1580/1580 1586/1586/1586 1581/1581/1581
f 1523/1523/1523 1551/1551/1551 1587/1587/1587
f 1523/1523/1523 1511/1511/1511 1551/1551/1551
f 1588/1588/1588 1589/1589/1589 1590/1590/1590
f 1580/1580/1580 1591/1591/1591 1586/1586/1586
f 1592/1592/1592 1593/1593/1593 1590/1590/1590
f 1492/1492/1492 1594/1594/1594 1443/1443/1443
f 1524/1524/1524 1587/1587/1587 1551/1551/1551
f 1494/1494/1494 1594/1594/1594 1492/1492/1492
f 1569/1569/1569 1573/1573/1573 1595/1595/1595
f 1585/1585/1585 1586/1586/1586 1596/1596/1596
f 1595/1595/1595 1573/1573/1573 1597/1597/1597
f 1587/1587/1587 1524/1524/1524 1523/1523/1523
f 1581/1581/1581 1586/1586/1586 1585/1585/1585
f 1524/1524/1524 1551/1551/1551 1578/1578/1578
f 1202/1202/1202 1477/1477/1477 1476/1476/1476
f 1598/1598/1598 1599/1599/1599 1600/1600/1600
f 1599/1599/1599 1598/1598/1598 1548/1548/1548
f 1331/1331/1331 1601/1601/1601 1202/1202/1202
f 1599/1599/1599 1548/1548/1548 1547/1547/1547
f 1444/1444/1444 1594/1594/1594 1602/1602/1602
f 1602/1602/1602 1584/1584/1584 1444/1444/1444
f 1202/1202/1202 1601/1601/1601 1477/1477/1477
f 1573/1573/1573 1600/1600/1600 1597/1597/1597
f 1331/1331/1331 1603/1603/1603 1601/1601/1601
f 1594/1594/1594 1604/1604/1604 1602/1602/1602
f 1597/1597/1597 1600/1600/1600 1599/1599/1599
f 1605/1605/1605 1606/1606/1606 1566/1566/1566
f 1577/1577/1577 1566/1566/1566 1606/1606/1606
f 1573/1573/1573 1607/1607/1607 1600/1600/1600
f 1608/1608/1608 1494/1494/1494 1493/1493/1493
f 1520/1520/1520 1606/1606/1606 1519/1519/1519
f 1606/1606/1606 1520/1520/1520 1609/1609/1609
f 1608/1608/1608 1493/1493/1493 1359/1359/1359
f 1552/1552/1552 1554/1554/1554 1610/1610/1610
f 1606/1606/1606 1609/1609/1609 1577/1577/1577
f 1603/1603/1603 1477/1477/1477 1601/1601/1601
f 1494/1494/1494 1608/1608/1608 1604/1604/1604
f 1604/1604/1604 1608/1608/1608 1611/1611/1611
f 1552/1552/1552 1610/1610/1610 1576/1576/1576
f 1563/1563/1563 1463/1463/1463 1477/1477/1477
f 1577/1577/1577 1579/1579/1579 1560/1560/1560
f 1477/1477/1477 1603/1603/1603 1563/1563/1563
f 1604/1604/1604 1612/1612/1612 1602/1602/1602
f 1612/1612/1612 1604/1604/1604 1611/1611/1611
f 1613/1613/1613 1614/1614/1614 1558/1558/1558
f 1607/1607/1607 1610/1610/1610 1614/1614/1614
f 1573/1573/1573 1610/1610/1610 1607/1607/1607
f 1579/1579/1579 1609/1609/1609 1575/1575/1575
f 1615/1615/1615 1575/1575/1575 1609/1609/1609
f 1607/1607/1607 1614/1614/1614 1613/1613/1613
f 1610/1610/1610 1554/1554/1554 1558/1558/1558
f 1323/1323/1323 1331/1331/1331 1319/1319/1319
f 1610/1610/1610 1558/1558/1558 1614/1614/1614
f 1609/1609/1609 1579/1579/1579 1577/1577/1577
f 1604/1604/1604 1594/1594/1594 1494/1494/1494
f 1526/1526/1526 1331/1331/1331 1323/1323/1323
f 1526/1526/1526 1603/1603/1603 1331/1331/1331
f 1610/1610/1610 1573/1573/1573 1576/1576/1576
f 1526/1526/1526 1539/1539/1539 1603/1603/1603
f 1616/1616/1616 1617/1617/1617 1618/1618/1618
f 1617/1617/1617 1619/1619/1619 1620/1620/1620
f 1609/1609/1609 1520/1520/1520 1553/1553/1553
f 1320/1320/1320 443/443/443 715/715/715
f 1563/1563/1563 1565/1565/1565 1463/1463/1463
f 1621/1621/1621 1522/1522/1522 1510/1510/1510
f 1520/1520/1520 1522/1522/1522 1621/1621/1621
f 1603/1603/1603 1539/1539/1539 1563/1563/1563
f 1512/1512/1512 1621/1621/1621 1510/1510/1510
f 1616/1616/1616 1619/1619/1619 1617/1617/1617
f 1622/1622/1622 715/715/715 706/706/706
f 1593/1593/1593 1619/1619/1619 1616/1616/1616
f 1553/1553/1553 1520/1520/1520 1621/1621/1621
f 1518/1518/1518 1621/1621/1621 1512/1512/1512
f 1615/1615/1615 1609/1609/1609 1553/1553/1553
f 1623/1623/1623 1320/1320/1320 715/715/715
f 1565/1565/1565 1465/1465/1465 1463/1463/1463
f 1622/1622/1622 1623/1623/1623 715/715/715
f 1622/1622/1622 1624/1624/1624 1623/1623/1623
f 1620/1620/1620 1625/1625/1625 1617/1617/1617
f 1622/1622/1622 706/706/706 718/718/718
f 1553/1553/1553 1552/1552/1552 1615/1615/1615
f 1617/1617/1617 1625/1625/1625 1618/1618/1618
f 1621/1621/1621 1554/1554/1554 1553/1553/1553
f 1518/1518/1518 1554/1554/1554 1621/1621/1621
f 718/718/718 1626/1626/1626 1622/1622/1622
f 1626/1626/1626 718/718/718 743/743/743
f 1326/1326/1326 1336/1336/1336 1627/1627/1627
f 1335/1335/1335 1627/1627/1627 1336/1336/1336
f 1578/1578/1578 1579/1579/1579 1575/1575/1575
f 835/835/835 743/743/743 741/741/741
f 1618/1618/1618 1612/1612/1612 1616/1616/1616
f 1616/1616/1616 1612/1612/1612 1588/1588/1588
f 1575/1575/1575 1537/1537/1537 1524/1524/1524
f 1524/1524/1524 1578/1578/1578 1575/1575/1575
f 1628/1628/1628 1589/1589/1589 1612/1612/1612
f 1552/1552/1552 1575/1575/1575 1615/1615/1615
f 1626/1626/1626 1629/1629/1629 1624/1624/1624
f 1626/1626/1626 1630/1630/1630 1629/1629/1629
f 1589/1589/1589 1588/1588/1588 1612/1612/1612
f 1624/1624/1624 1622/1622/1622 1626/1626/1626
f 1631/1631/1631 1632/1632/1632 1627/1627/1627
f 743/743/743 835/835/835 1626/1626/1626
f 1562/1562/1562 811/811/811 813/813/813
f 1590/1590/1590 1593/1593/1593 1616/1616/1616
f 1633/1633/1633 1335/1335/1335 1634/1634/1634
f 1630/1630/1630 1626/1626/1626 835/835/835
f 1590/1590/1590 1616/1616/1616 1588/1588/1588
f 1635/1635/1635 1630/1630/1630 835/835/835
f 813/813/813 1544/1544/1544 1562/1562/1562
f 1633/1633/1633 1627/1627/1627 1335/1335/1335
f 1636/1636/1636 1561/1561/1561 1555/1555/1555
f 1623/1623/1623 1322/1322/1322 1320/1320/1320
f 1444/1444/1444 1443/1443/1443 1594/1594/1594
f 1334/1334/1334 1322/1322/1322 1623/1623/1623
f 1612/1612/1612 1618/1618/1618 1602/1602/1602
f 1637/1637/1637 1359/1359/1359 1358/1358/1358
f 1638/1638/1638 1623/1623/1623 1624/1624/1624
f 1583/1583/1583 1636/1636/1636 1555/1555/1555
f 1639/1639/1639 1636/1636/1636 1583/1583/1583
f 1640/1640/1640 1637/1637/1637 1347/1347/1347
f 1623/1623/1623 1638/1638/1638 1334/1334/1334
f 1641/1641/1641 1334/1334/1334 1638/1638/1638
f 1347/1347/1347 1637/1637/1637 1358/1358/1358
f 1535/1535/1535 1638/1638/1638 1642/1642/1642
f 1643/1643/1643 1636/1636/1636 1639/1639/1639
f 1326/1326/1326 1627/1627/1627 1632/1632/1632
f 1641/1641/1641 1333/1333/1333 1334/1334/1334
f 1644/1644/1644 1637/1637/1637 1640/1640/1640
f 1639/1639/1639 1583/1583/1583 1584/1584/1584
f 1632/1632/1632 1527/1527/1527 1326/1326/1326
f 1216/1216/1216 1333/1333/1333 1641/1641/1641
f 1216/1216/1216 1641/1641/1641 1251/1251/1251
f 1645/1645/1645 1628/1628/1628 1644/1644/1644
f 1602/1602/1602 1618/1618/1618 1584/1584/1584
f 1618/1618/1618 1625/1625/1625 1639/1639/1639
f 1632/1632/1632 1545/1545/1545 1527/1527/1527
f 1545/1545/1545 1632/1632/1632 1631/1631/1631
f 1584/1584/1584 1618/1618/1618 1639/1639/1639
f 1638/1638/1638 1535/1535/1535 1641/1641/1641
f 1639/1639/1639 1625/1625/1625 1620/1620/1620
f 1644/1644/1644 1640/1640/1640 1646/1646/1646
f 1641/1641/1641 1535/1535/1535 1251/1251/1251
f 1646/1646/1646 1645/1645/1645 1644/1644/1644
f 1620/1620/1620 1643/1643/1643 1639/1639/1639
f 1514/1514/1514 1335/1335/1335 1283/1283/1283
f 1624/1624/1624 1629/1629/1629 1638/1638/1638
f 1638/1638/1638 1629/1629/1629 1642/1642/1642
f 1642/1642/1642 1629/1629/1629 1630/1630/1630
f 1347/1347/1347 1351/1351/1351 1543/1543/1543
f 1543/1543/1543 1640/1640/1640 1347/1347/1347
f 1647/1647/1647 1648/1648/1648 1649/1649/1649
f 1335/1335/1335 1514/1514/1514 1634/1634/1634
f 1562/1562/1562 812/812/812 811/811/811
f 1543/1543/1543 1351/1351/1351 1540/1540/1540
f 1650/1650/1650 897/897/897 812/812/812
f 902/902/902 897/897/897 1650/1650/1650
f 1642/1642/1642 1630/1630/1630 1651/1651/1651
f 1650/1650/1650 812/812/812 1562/1562/1562
f 1630/1630/1630 1652/1652/1652 1651/1651/1651
f 1514/1514/1514 1531/1531/1531 1634/1634/1634
f 1521/1521/1521 1531/1531/1531 1514/1514/1514
f 1642/1642/1642 1559/1559/1559 1535/1535/1535
f 1536/1536/1536 1535/1535/1535 1559/1559/1559
f 1653/1653/1653 906/906/906 902/902/902
f 1634/1634/1634 1531/1531/1531 1633/1633/1633
f 1654/1654/1654 1655/1655/1655 1653/1653/1653
f 1653/1653/1653 1655/1655/1655 906/906/906
f 1653/1653/1653 902/902/902 1650/1650/1650
f 1631/1631/1631 1627/1627/1627 1633/1633/1633
f 1653/1653/1653 1650/1650/1650 1656/1656/1656
f 1656/1656/1656 1654/1654/1654 1653/1653/1653
f 1559/1559/1559 1642/1642/1642 1651/1651/1651
f 1631/1631/1631 1657/1657/1657 1591/1591/1591
f 1658/1658/1658 1591/1591/1591 1657/1657/1657
f 1651/1651/1651 1652/1652/1652 1559/1559/1559
f 1531/1531/1531 1659/1659/1659 1633/1633/1633
f 1636/1636/1636 1660/1660/1660 1656/1656/1656
f 1656/1656/1656 1562/1562/1562 1561/1561/1561
f 1561/1561/1561 1636/1636/1636 1656/1656/1656
f 1652/1652/1652 1566/1566/1566 1559/1559/1559
f 1661/1661/1661 1646/1646/1646 1640/1640/1640
f 1640/1640/1640 1541/1541/1541 1661/1661/1661
f 1661/1661/1661 1541/1541/1541 1662/1662/1662
f 1541/1541/1541 1640/1640/1640 1543/1543/1543
f 1663/1663/1663 835/835/835 832/832/832
f 1656/1656/1656 1660/1660/1660 1664/1664/1664
f 1664/1664/1664 1654/1654/1654 1656/1656/1656
f 1665/1665/1665 1654/1654/1654 1664/1664/1664
f 1635/1635/1635 835/835/835 1663/1663/1663
f 1633/1633/1633 1659/1659/1659 1657/1657/1657
f 1657/1657/1657 1631/1631/1631 1633/1633/1633
f 1666/1666/1666 1664/1664/1664 1660/1660/1660
f 1667/1667/1667 1665/1665/1665 1664/1664/1664
f 820/820/820 1663/1663/1663 832/832/832
f 1668/1668/1668 1655/1655/1655 1654/1654/1654
f 1668/1668/1668 1669/1669/1669 1655/1655/1655
f 1663/1663/1663 820/820/820 1670/1670/1670
f 1671/1671/1671 918/918/918 922/922/922
f 1670/1670/1670 820/820/820 838/838/838
f 1672/1672/1672 918/918/918 1671/1671/1671
f 1657/1657/1657 1586/1586/1586 1658/1658/1658
f 1673/1673/1673 1674/1674/1674 1671/1671/1671
f 1675/1675/1675 1674/1674/1674 1673/1673/1673
f 1596/1596/1596 1586/1586/1586 1657/1657/1657
f 1598/1598/1598 1676/1676/1676 1677/1677/1677
f 1672/1672/1672 926/926/926 918/918/918
f 1678/1678/1678 1589/1589/1589 1628/1628/1628
f 1674/1674/1674 1672/1672/1672 1671/1671/1671
f 1628/1628/1628 1645/1645/1645 1678/1678/1678
f 1672/1672/1672 1647/1647/1647 926/926/926
f 1672/1672/1672 1648/1648/1648 1647/1647/1647
f 1635/1635/1635 1663/1663/1663 1679/1679/1679
f 906/906/906 1655/1655/1655 929/929/929
f 929/929/929 1669/1669/1669 930/930/930
f 929/929/929 1655/1655/1655 1669/1669/1669
f 1670/1670/1670 1529/1529/1529 1663/1663/1663
f 1528/1528/1528 1663/1663/1663 1529/1529/1529
f 1679/1679/1679 1663/1663/1663 1528/1528/1528
f 1661/1661/1661 1645/1645/1645 1646/1646/1646
f 1657/1657/1657 1659/1659/1659 1680/1680/1680
f 1645/1645/1645 1661/1661/1661 1681/1681/1681
f 1682/1682/1682 1675/1675/1675 1683/1683/1683
f 1678/1678/1678 1645/1645/1645 1681/1681/1681
f 1684/1684/1684 1685/1685/1685 1675/1675/1675
f 1680/1680/1680 1596/1596/1596 1657/1657/1657
f 1685/1685/1685 1684/1684/1684 1499/1499/1499
f 1686/1686/1686 1687/1687/1687 852/852/852
f 1688/1688/1688 1685/1685/1685 1499/1499/1499
f 1545/1545/1545 1591/1591/1591 1580/1580/1580
f 1688/1688/1688 1689/1689/1689 1648/1648/1648
f 1648/1648/1648 1685/1685/1685 1688/1688/1688
f 852/852/852 1690/1690/1690 1691/1691/1691
f 1691/1691/1691 1686/1686/1686 852/852/852
f 1665/1665/1665 1692/1692/1692 1654/1654/1654
f 1591/1591/1591 1545/1545/1545 1631/1631/1631
f 1693/1693/1693 1590/1590/1590 1589/1589/1589
f 1694/1694/1694 1682/1682/1682 1683/1683/1683
f 1529/1529/1529 1686/1686/1686 1506/1506/1506
f 1590/1590/1590 1693/1693/1693 1592/1592/1592
f 1695/1695/1695 1499/1499/1499 1696/1696/1696
f 1689/1689/1689 1688/1688/1688 1509/1509/1509
f 1697/1697/1697 1509/1509/1509 1688/1688/1688
f 1589/1589/1589 1678/1678/1678 1677/1677/1677
f 1591/1591/1591 1658/1658/1658 1586/1586/1586
f 1678/1678/1678 1681/1681/1681 1677/1677/1677
f 1506/1506/1506 1686/1686/1686 1691/1691/1691
f 1677/1677/1677 1676/1676/1676 1693/1693/1693
f 1589/1589/1589 1677/1677/1677 1693/1693/1693
f 1697/1697/1697 1688/1688/1688 1696/1696/1696
f 1695/1695/1695 1696/1696/1696 1688/1688/1688
f 1687/1687/1687 838/838/838 849/849/849
f 1687/1687/1687 1670/1670/1670 838/838/838
f 1499/1499/1499 1501/1501/1501 1696/1696/1696
f 1698/1698/1698 1696/1696/1696 1501/1501/1501
f 1698/1698/1698 1699/1699/1699 1696/1696/1696
f 1529/1529/1529 1670/1670/1670 1687/1687/1687
f 1687/1687/1687 849/849/849 852/852/852
f 1697/1697/1697 1515/1515/1515 1509/1509/1509
f 1515/1515/1515 1697/1697/1697 1696/1696/1696
f 1529/1529/1529 1687/1687/1687 1686/1686/1686
f 1531/1531/1531 1532/1532/1532 1659/1659/1659
f 1662/1662/1662 1681/1681/1681 1661/1661/1661
f 1546/1546/1546 1681/1681/1681 1662/1662/1662
f 1699/1699/1699 1515/1515/1515 1696/1696/1696
f 1700/1700/1700 1515/1515/1515 1699/1699/1699
f 1680/1680/1680 1659/1659/1659 1532/1532/1532
f 1681/1681/1681 1546/1546/1546 1598/1598/1598
f 1605/1605/1605 1519/1519/1519 1606/1606/1606
f 1694/1694/1694 1701/1701/1701 1702/1702/1702
f 1703/1703/1703 1702/1702/1702 1701/1701/1701
f 1598/1598/1598 1677/1677/1677 1681/1681/1681
f 1679/1679/1679 1630/1630/1630 1635/1635/1635
f 1496/1496/1496 1459/1459/1459 1465/1465/1465
f 1666/1666/1666 1636/1636/1636 1643/1643/1643
f 1636/1636/1636 1666/1666/1666 1660/1660/1660
f 1652/1652/1652 1630/1630/1630 1679/1679/1679
f 1652/1652/1652 1679/1679/1679 1605/1605/1605
f 1548/1548/1548 1598/1598/1598 1546/1546/1546
f 1567/1567/1567 1496/1496/1496 1465/1465/1465
f 1704/1704/1704 1666/1666/1666 1643/1643/1643
f 1667/1667/1667 1664/1664/1664 1666/1666/1666
f 1705/1705/1705 1495/1495/1495 1496/1496/1496
f 1679/1679/1679 1503/1503/1503 1605/1605/1605
f 1666/1666/1666 1704/1704/1704 1667/1667/1667
f 1706/1706/1706 1667/1667/1667 1704/1704/1704
f 1503/1503/1503 1679/1679/1679 1528/1528/1528
f 1359/1359/1359 1637/1637/1637 1608/1608/1608
f 1605/1605/1605 1503/1503/1503 1519/1519/1519
f 1505/1505/1505 1519/1519/1519 1503/1503/1503
f 1637/1637/1637 1611/1611/1611 1608/1608/1608
f 1707/1707/1707 1706/1706/1706 1704/1704/1704
f 1496/1496/1496 1567/1567/1567 1708/1708/1708
f 1611/1611/1611 1628/1628/1628 1612/1612/1612
f 1637/1637/1637 1644/1644/1644 1611/1611/1611
f 1709/1709/1709 1703/1703/1703 1701/1701/1701
f 1628/1628/1628 1611/1611/1611 1644/1644/1644
f 1605/1605/1605 1566/1566/1566 1652/1652/1652
f 1496/1496/1496 1708/1708/1708 1705/1705/1705
f 1501/1501/1501 1703/1703/1703 1709/1709/1709
f 1707/1707/1707 1710/1710/1710 1706/1706/1706
f 1489/1489/1489 1495/1495/1495 1705/1705/1705
f 1620/1620/1620 1704/1704/1704 1643/1643/1643
f 1504/1504/1504 1529/1529/1529 1506/1506/1506
f 1704/1704/1704 1620/1620/1620 1619/1619/1619
f 1707/1707/1707 1704/1704/1704 1619/1619/1619
f 1711/1711/1711 1593/1593/1593 1592/1592/1592
f 1702/1702/1702 1682/1682/1682 1694/1694/1694
f 1682/1682/1682 1684/1684/1684 1675/1675/1675
f 1499/1499/1499 1684/1684/1684 1500/1500/1500
f 1684/1684/1684 1682/1682/1682 1500/1500/1500
f 1500/1500/1500 1682/1682/1682 1702/1702/1702
f 1695/1695/1695 1688/1688/1688 1499/1499/1499
f 1712/1712/1712 1713/1713/1713 1714/1714/1714
f 1501/1501/1501 1702/1702/1702 1703/1703/1703
f 1501/1501/1501 1500/1500/1500 1702/1702/1702
f 1708/1708/1708 1715/1715/1715 1705/1705/1705
f 1716/1716/1716 1712/1712/1712 1714/1714/1714
f 1714/1714/1714 1717/1717/1717 1716/1716/1716
f 1717/1717/1717 1714/1714/1714 1718/1718/1718
f 1596/1596/1596 1719/1719/1719 1585/1585/1585
f 1720/1720/1720 1567/1567/1567 1721/1721/1721
f 1518/1518/1518 1515/1515/1515 1557/1557/1557
f 1557/1557/1557 1700/1700/1700 1722/1722/1722
f 1720/1720/1720 1721/1721/1721 1723/1723/1723
f 1719/1719/1719 1723/1723/1723 1585/1585/1585
f 1700/1700/1700 1557/1557/1557 1515/1515/1515
f 1557/1557/1557 1556/1556/1556 1518/1518/1518
f 1572/1572/1572 1585/1585/1585 1721/1721/1721
f 1724/1724/1724 1557/1557/1557 1722/1722/1722
f 1567/1567/1567 1572/1572/1572 1721/1721/1721
f 1501/1501/1501 1713/1713/1713 1698/1698/1698
f 1725/1725/1725 1698/1698/1698 1713/1713/1713
f 1725/1725/1725 1699/1699/1699 1698/1698/1698
f 1725/1725/1725 1722/1722/1722 1699/1699/1699
f 1726/1726/1726 1722/1722/1722 1725/1725/1725
f 1725/1725/1725 1713/1713/1713 1712/1712/1712
f 1722/1722/1722 1700/1700/1700 1699/1699/1699
f 1724/1724/1724 1726/1726/1726 1712/1712/1712
f 1724/1724/1724 1722/1722/1722 1726/1726/1726
f 1613/1613/1613 1558/1558/1558 1724/1724/1724
f 1585/1585/1585 1723/1723/1723 1721/1721/1721
f 1613/1613/1613 1724/1724/1724 1712/1712/1712
f 1716/1716/1716 1613/1613/1613 1712/1712/1712
f 1497/1497/1497 1489/1489/1489 1705/1705/1705
f 1558/1558/1558 1557/1557/1557 1724/1724/1724
f 1726/1726/1726 1725/1725/1725 1712/1712/1712
f 1497/1497/1497 1705/1705/1705 1715/1715/1715
f 1708/1708/1708 1727/1727/1727 1715/1715/1715
f 1728/1728/1728 1727/1727/1727 1708/1708/1708
f 1497/1497/1497 1540/1540/1540 1350/1350/1350
f 1540/1540/1540 1497/1497/1497 1542/1542/1542
f 1713/1713/1713 1501/1501/1501 1709/1709/1709
f 1542/1542/1542 1497/1497/1497 1715/1715/1715
f 1727/1727/1727 1542/1542/1542 1715/1715/1715
f 1619/1619/1619 1710/1710/1710 1707/1707/1707
f 1729/1729/1729 1710/1710/1710 1619/1619/1619
f 1542/1542/1542 1662/1662/1662 1541/1541/1541
f 1713/1713/1713 1709/1709/1709 1714/1714/1714
f 1728/1728/1728 1708/1708/1708 1567/1567/1567
f 1728/1728/1728 1546/1546/1546 1727/1727/1727
f 1711/1711/1711 1619/1619/1619 1593/1593/1593
f 1711/1711/1711 1729/1729/1729 1619/1619/1619
f 1728/1728/1728 1567/1567/1567 1720/1720/1720
f 1547/1547/1547 1728/1728/1728 1720/1720/1720
f 1723/1723/1723 1547/1547/1547 1720/1720/1720
f 1717/1717/1717 1600/1600/1600 1716/1716/1716
f 1542/1542/1542 1727/1727/1727 1662/1662/1662
f 1662/1662/1662 1727/1727/1727 1546/1546/1546
f 1546/1546/1546 1728/1728/1728 1547/1547/1547
f 1613/1613/1613 1600/1600/1600 1607/1607/1607
f 1613/1613/1613 1716/1716/1716 1600/1600/1600
f 1676/1676/1676 1600/1600/1600 1717/1717/1717
f 1676/1676/1676 1730/1730/1730 1731/1731/1731
f 1730/1730/1730 1676/1676/1676 1718/1718/1718
f 1718/1718/1718 1676/1676/1676 1717/1717/1717
f 1719/1719/1719 1596/1596/1596 1732/1732/1732
f 1569/1569/1569 1719/1719/1719 1732/1732/1732
f 1676/1676/1676 1598/1598/1598 1600/1600/1600
f 1582/1582/1582 1732/1732/1732 1680/1680/1680
f 1569/1569/1569 1732/1732/1732 1582/1582/1582
f 1732/1732/1732 1596/1596/1596 1680/1680/1680
f 1733/1733/1733 1690/1690/1690 966/966/966
f 1733/1733/1733 966/966/966 1649/1649/1649
f 1516/1516/1516 1690/1690/1690 1733/1733/1733
f 1719/1719/1719 1595/1595/1595 1723/1723/1723
f 964/964/964 1690/1690/1690 852/852/852
f 966/966/966 1690/1690/1690 964/964/964
f 1649/1649/1649 966/966/966 968/968/968
f 1569/1569/1569 1595/1595/1595 1719/1719/1719
f 1647/1647/1647 968/968/968 926/926/926
f 1649/1649/1649 968/968/968 1647/1647/1647
f 1680/1680/1680 1570/1570/1570 1582/1582/1582
f 1570/1570/1570 1680/1680/1680 1532/1532/1532
f 1599/1599/1599 1595/1595/1595 1597/1597/1597
f 1599/1599/1599 1723/1723/1723 1595/1595/1595
f 1547/1547/1547 1723/1723/1723 1599/1599/1599
f 1689/1689/1689 1516/1516/1516 1733/1733/1733
f 1691/1691/1691 1690/1690/1690 1516/1516/1516
f 1506/1506/1506 1691/1691/1691 1516/1516/1516
f 1689/1689/1689 1733/1733/1733 1648/1648/1648
f 1648/1648/1648 1733/1733/1733 1649/1649/1649
f 1508/1508/1508 1689/1689/1689 1509/1509/1509
f 1689/1689/1689 1508/1508/1508 1516/1516/1516
f 1513/1513/1513 1506/1506/1506 1516/1516/1516
f 1656/1656/1656 1650/1650/1650 1562/1562/1562
f 1685/1685/1685 1674/1674/1674 1675/1675/1675
f 1685/1685/1685 1648/1648/1648 1674/1674/1674
f 1674/1674/1674 1648/1648/1648 1672/1672/1672
