mtllib 016_pear.mtl
o 016_pear
usemtl ycb_016_pear_material
v -0.0346969999 -0.00786000025 0.00176799996
v -0.0312529989 -0.0107690003 0.00317099993
v -0.0342420004 -0.0106429998 0.00306400005
v -0.0425539985 -0.00805999991 0.00282800011
v -0.0465629995 -0.0103129996 0.00527099986
v -0.0482360013 -0.00601600017 0.00386100006
v -0.0411049984 -0.00182100001 0.000668999972
v -0.0428589992 -0.00302399998 0.00121200003
v -0.0437600017 0.000467000005 0.000834000006
v -0.0427730009 0.0158859994 0.00182999996
v -0.0389639996 0.0174279995 0.00150300004
v -0.0413499996 0.0107509997 0.000668999972
v -0.0389159992 0.000415999995 0.000128
v -0.045632001 -0.00501600001 0.00251400005
v -0.0411170013 0.00432900013 0.000232999999
v -0.0272049997 -0.0109010004 0.00359799992
v -0.0299689993 -0.013917 0.00522999978
v -0.0354730003 -0.00328200008 0.000426999992
v -0.0497279987 -0.00183900003 0.00325500011
v -0.046213001 0.000174999994 0.00152299996
v -0.0324589983 -0.00637499988 0.001192
v -0.0487149991 0.000778999995 0.00236600009
v -0.0479700007 0.0052459999 0.00183600001
v -0.0507289991 0.0061280001 0.00298199989
v -0.0274459999 -0.00812599994 0.00217800005
v -0.0446199998 0.00604100013 0.000890000025
v -0.0316179991 -0.0045690001 0.000716999988
v -0.0545280017 -0.00975499954 0.00992100034
v -0.0563720018 -0.00542100007 0.00907499995
v -0.0537829995 -0.00725100003 0.00768799987
v -0.0570399985 -0.00846800022 0.0117370002
v -0.0274449997 -0.00596999982 0.00133400003
v -0.0344959982 0.000365000014 -7.20000025e-05
v -0.0482829995 0.00891999993 0.00219099992
v -0.0446610004 0.00955700036 0.00116400002
v -0.0287120007 -0.00206399988 0.00033499999
v -0.0527030006 -0.00566999987 0.00613000011
v -0.0530910008 -0.000598000013 0.00475199986
v -0.0513320006 -0.00401500007 0.00461999979
v -0.0561240017 -0.00202800008 0.0073739998
v -0.0563209988 -0.000463000004 0.00710499985
v -0.0360860005 0.00389500009 -0.000159000003
v -0.055323001 0.00193200004 0.00583299994
v -0.0527799986 0.00218300009 0.00415300019
v -0.0258750003 -0.003761 0.000983000034
v -0.0368020013 0.00754099991 2.49999994e-05
v -0.0239669997 -0.00575699983 0.00192299997
v -0.0546349995 0.0043990002 0.00520499982
v -0.052765999 0.00536700012 0.00404499983
v -0.0563209988 -0.000463000004 0.00710499985
v -0.0561240017 -0.00202800008 0.0073739998
v -0.0584569983 -0.00245100004 0.00984199997
v -0.0570209995 0.00378699997 0.00702300016
v -0.0581169985 0.00243999995 0.00809700042
v -0.0296969991 0.00136899995 -4.40000003e-05
v -0.0244699996 0.000308999995 0.000592999975
v -0.0238400009 -0.00251400005 0.00112999999
v -0.039117001 0.0123650003 0.000666000007
v -0.0412879996 -0.0150899999 0.00684199994
v -0.043827001 -0.011899 0.0052860002
v -0.0405640006 -0.0126909995 0.00489299977
v -0.0261840001 0.00250299997 0.000169000006
v -0.0379629992 -0.0158879999 0.00681999978
v -0.0244970005 0.00546200015 0.000414000009
v -0.0366670005 -0.0119599998 0.00392299984
v -0.0396700017 -0.0200909991 0.0114209997
v -0.0439959988 -0.0193160009 0.0121250004
v -0.0424950011 -0.0167919993 0.00877800025
v -0.0386539996 -0.00833899993 0.00230999989
v -0.0381460004 -0.0179949999 0.00874000043
v -0.0533000007 0.00770300021 0.00454400014
v -0.0304470006 0.00663000019 -0.000113000002
v -0.0519599989 0.0103679998 0.00419100001
v -0.0507289991 0.0061280001 0.00298199989
v -0.0533000007 0.00770300021 0.00454400014
v -0.0519599989 0.0103679998 0.00419100001
v -0.0410109982 -0.0250109993 0.0189660005
v -0.0374559984 -0.0260170009 0.0192239992
v -0.039255999 -0.027299 0.0222900007
v -0.0570209995 0.00378699997 0.00702300016
v -0.0564280003 0.00770199997 0.00674400013
v -0.0546349995 0.0043990002 0.00520499982
v -0.0309229996 -0.0168609992 0.00744700013
v -0.0287020002 -0.0186439995 0.0093390001
v -0.0328710005 -0.0190590005 0.00932899956
v -0.0333949998 0.0104719996 0.000163000004
v -0.0352570005 -0.0159479994 0.00661000004
v -0.0359430015 -0.0188020002 0.00915199984
v -0.0583419986 0.00689500012 0.00841999985
v -0.0546969995 0.0100309998 0.00586799998
v -0.0333160013 -0.0134260003 0.00474199979
v -0.0440689996 -0.0257670004 0.0224290006
v -0.0452539995 -0.0225290004 0.0174570009
v -0.0407060012 -0.0281029996 0.0247079991
v -0.029321 0.0103129996 0.000243000002
v -0.0278190002 -0.0144659998 0.00590900006
v -0.0519599989 0.0103679998 0.00419100001
v -0.0487269983 0.0147860004 0.00361500005
v -0.0482829995 0.00891999993 0.00219099992
v -0.0487269983 0.0147860004 0.00361500005
v -0.0464150012 0.0118239997 0.00202600006
v -0.0516190007 0.0145739997 0.00505599985
v -0.054552 0.0150560001 0.00724999979
v -0.0414160006 -0.00561799994 0.001651
v -0.0342309996 0.0158130005 0.000973000017
v -0.0516190007 0.0145739997 0.00505599985
v -0.0477150008 -0.0195230003 0.014711
v -0.0436209999 -0.0213190001 0.0145509997
v -0.0508400016 0.0204750001 0.00664399983
v -0.054552 0.0150560001 0.00724999979
v -0.0382790007 -0.00536199985 0.00110700005
v -0.0314729996 0.0135589996 0.000602999993
v -0.0484739989 -0.0169539992 0.0119730001
v -0.0480829999 -0.0146249998 0.00924899988
v -0.0488089994 0.0200040005 0.00529700005
v -0.0487199984 -0.0217080005 0.0191169996
v -0.0395350009 -0.0234120004 0.0158040002
v -0.0452839993 0.0165199991 0.00274599995
v -0.0464150012 0.0118239997 0.00202600006
v -0.0452839993 0.0165199991 0.00274599995
v -0.0247259997 0.0106300004 0.000829999975
v -0.0610309988 0.0156009998 0.0155600002
v -0.058681 0.0169440005 0.0127889998
v -0.0603450015 0.0124380002 0.0125479996
v -0.0217220001 0.00632200018 0.00110600004
v -0.0610020012 -0.00366499997 0.0139730005
v -0.0593149997 -0.0054870001 0.0125120003
v -0.059514001 -0.00786899962 0.0147160003
v -0.0604440011 -0.00123499997 0.0119070001
v -0.0610309988 0.0156009998 0.0155600002
v -0.0576669984 0.0226009991 0.0157099999
v -0.058681 0.0169440005 0.0127889998
v -0.0616849996 -0.00553700002 0.0167260002
v -0.0502230003 -0.0101880003 0.00692899991
v -0.0463289991 -0.0130249998 0.00706099998
v -0.0626830012 -0.00142400002 0.0157990009
v -0.0497660004 -0.00826600008 0.00559900003
v -0.0570590012 0.0120620001 0.00840600021
v -0.0545549989 0.0176880006 0.00835399982
v -0.0554770008 0.021094 0.0111809997
v -0.0582549982 0.0144079998 0.0106840003
v -0.0545400009 0.0260700006 0.0137339998
v -0.0641079992 -0.00650200015 0.0301050004
v -0.0635820031 -0.00747699989 0.0278660003
v -0.0617679991 -0.0110269999 0.0305720009
v -0.0653060004 -0.00273600011 0.026974
v -0.0646490008 -0.00391199999 0.0247820001
v -0.0585220009 -0.0151540004 0.0239589997
v -0.0600459985 -0.013425 0.0262540001
v -0.0601599999 -0.0123460004 0.0226789992
v -0.0571639985 -0.0177100003 0.0277200006
v -0.0587520003 -0.0159629993 0.0303559992
v -0.0624830015 -0.00887900032 0.0242589992
v -0.0543810017 -0.0113960002 0.0111790001
v -0.054694999 -0.0131059997 0.0133959996
v -0.052728001 -0.0154900001 0.0139920004
v -0.0570399985 -0.00846800022 0.0117370002
v -0.0543810017 -0.0113960002 0.0111790001
v -0.0580019988 -0.0114580002 0.0160770006
v -0.054694999 -0.0131059997 0.0133959996
v -0.0474250019 -0.0257120002 0.0266459994
v -0.0491719991 -0.0227220003 0.0217300002
v -0.0445949994 -0.0268300008 0.0254340004
v -0.0526910014 -0.0199790001 0.0212609991
v -0.0487199984 -0.0217080005 0.0191169996
v -0.0513049997 -0.0226600002 0.0254670009
v -0.0505729988 -0.0148179997 0.0111210002
v -0.0581169985 0.00243999995 0.00809700042
v -0.0600030012 0.000834000006 0.0106180003
v -0.0499610007 -0.0189599991 0.0159009993
v -0.0507379994 -0.0239790007 0.028562
v -0.0526119992 -0.0226520002 0.0293359999
v -0.0485379994 -0.0257309992 0.0297800004
v -0.0549979992 -0.0192329995 0.0246179998
v -0.055323001 -0.0154799996 0.0173630007
v -0.052728001 -0.0154900001 0.0139920004
v -0.0445949994 -0.0268300008 0.0254340004
v -0.0407060012 -0.0281029996 0.0247079991
v -0.040169999 -0.0290060006 0.0270959996
v -0.0432180017 -0.028376 0.0286979992
v -0.0440689996 -0.0257670004 0.0224290006
v -0.0465780012 -0.0269770008 0.0304610003
v -0.0429200009 -0.0295839999 0.0320990011
v -0.0459619984 -0.0280789994 0.0333819985
v -0.0519820005 -0.0186969992 0.0177769996
v -0.0357340015 -0.0223319996 0.0132139996
v -0.0511749983 -0.0242209993 0.0320539996
v -0.0530529991 -0.0226150006 0.0341849998
v -0.0542839989 -0.0212849993 0.0312210005
v -0.0573169999 -0.0178289991 0.0300929993
v -0.0551379994 -0.0204249993 0.0327569991
v -0.0325380005 -0.0215429999 0.0119979996
v -0.0560059994 -0.0189219993 0.0369580016
v -0.0538400002 -0.0215419997 0.0360950008
v -0.0521479994 -0.0233890004 0.0364490002
v -0.0509480014 -0.0241919998 0.0367829986
v -0.0491719991 -0.0227220003 0.0217300002
v -0.0573469996 -0.017709 0.0334520005
v -0.0487909988 -0.0259269997 0.0338120013
v -0.0492919981 -0.0255479999 0.0374570005
v -0.0633329973 -0.00552200014 0.0213229991
v -0.0636869967 -0.00301299989 0.0193169992
v -0.0374209993 -0.0286049992 0.0239690002
v -0.0509480014 -0.0241919998 0.0367829986
v -0.0492919981 -0.0255479999 0.0374570005
v -0.049571 -0.0248709992 0.0386929996
v -0.0602080002 -0.0101469997 0.0188190006
v -0.0621979982 0.00196300005 0.0137170004
v -0.0641900003 0.00210599997 0.0179329999
v -0.0624889992 0.00498099998 0.0140260002
v -0.0613990016 -0.00939899962 0.0208299998
v -0.0621719994 0.00926699955 0.0140650002
v -0.0610020012 0.00728899986 0.0118380003
v -0.0641110018 0.00852899998 0.0180249996
v -0.0654769987 0.00507899979 0.0217070002
v -0.0636800006 -0.000914999982 0.0178730004
v -0.0651670024 0.00113600004 0.0213009994
v -0.0649219975 0.01009 0.0209240001
v -0.0662200004 0.00586599996 0.0253970008
v -0.0594599992 0.0102000004 0.0104879998
v -0.0600979999 0.00441299984 0.0103139998
v -0.0624909997 0.012573 0.0161780007
v -0.0582549982 0.0144079998 0.0106840003
v -0.0639230013 0.0115130004 0.0186819993
v -0.0625680014 0.0152110001 0.0182639994
v -0.0519820005 -0.0186969992 0.0177769996
v -0.0625680014 0.0152110001 0.0182639994
v -0.0648650005 0.0129030002 0.0233679991
v -0.0648650005 0.0129030002 0.0233679991
v -0.0637380034 0.0151340002 0.0215610005
v -0.0639230013 0.0115130004 0.0186819993
v -0.0615790002 0.0178379994 0.0186429992
v -0.0625680014 0.0152110001 0.0182639994
v -0.0637380034 0.0151340002 0.0215610005
v -0.0639230013 0.0115130004 0.0186819993
v -0.0628819987 0.0179600008 0.0226959996
v -0.0589589998 0.0234590005 0.0195499994
v -0.0652199984 -0.000497000001 0.0227400009
v -0.0358100012 -0.024154 0.0158210006
v -0.0339820012 -0.0261109993 0.0185909998
v -0.0499619991 -0.0118859997 0.00799399987
v -0.0407719985 -0.0302910004 0.031064
v -0.0472479984 -0.0274129994 0.0357469991
v -0.0662269965 0.00211900007 0.0262449998
v -0.0445730016 -0.0291900001 0.0353650004
v -0.0418299995 -0.0305659994 0.0352759995
v -0.0459080003 -0.028438 0.0387950018
v -0.0473389998 -0.0273269992 0.0391400009
v -0.0431330018 -0.0299820006 0.037393
v -0.0584569983 -0.00245100004 0.00984199997
v -0.0563720018 -0.00542100007 0.00907499995
v -0.0473389998 -0.0273269992 0.0391400009
v -0.0459080003 -0.028438 0.0387950018
v -0.0459670015 -0.0278990008 0.0410289988
v -0.0521610007 -0.0111609995 0.00898199994
v -0.0486919992 -0.0251710005 0.0419009998
v -0.0551309995 -0.0175609998 0.0207139999
v -0.0565139987 -0.0174219999 0.0237140004
v -0.0545549989 0.0176880006 0.00835399982
v -0.0582140014 -0.0136940004 0.0197190009
v -0.0526000001 0.0240739994 0.00977499969
v -0.052728001 -0.0154900001 0.0139920004
v -0.0595670007 -0.0142409997 0.0358069986
v -0.0203959998 0.00231599994 0.00145900005
v -0.0193230007 -0.0182019994 0.0125120003
v -0.0171610005 -0.0193450004 0.0155290002
v -0.0208299998 -0.0223719999 0.0167529993
v -0.0189720001 -0.0223830007 0.0182869993
v -0.0249530002 -0.0128469998 0.00533200009
v -0.0131930001 0.00312500005 0.00489899982
v -0.0116969999 0.000325000001 0.00639199978
v -0.0139260003 1.6e-05 0.00477899984
v -0.0159600005 0.00587200001 0.00332299992
v -0.0133640002 0.00563600007 0.00482799998
v -0.0109259998 0.00425999984 0.00663299998
v -0.0228499994 -0.0102030002 0.00429200009
v -0.0222900007 -0.0141860005 0.00729299989
v -0.0200909991 -0.0115750004 0.00633799983
v -0.0109259998 0.00425999984 0.00663299998
v -0.0133640002 0.00563600007 0.00482799998
v -0.0110590002 0.00665999996 0.00670300005
v -0.017128 -0.00112999999 0.00317299995
v -0.0189839993 -0.00219899998 0.00260200002
v -0.0246459991 -0.00886499975 0.00303600007
v -0.00951300003 0.00270699989 0.00801100023
v -0.00936300028 0.000693999988 0.00839199964
v -0.00789400004 0.00156300003 0.00980000012
v -0.00936300028 0.000693999988 0.00839199964
v -0.00951300003 0.00270699989 0.00801100023
v -0.00906999968 0.00549799995 0.00845499989
v -0.0186550003 0.00380300009 0.00202200003
v -0.0182980001 -0.0144530004 0.00945500005
v -0.0169079993 -0.0124580003 0.00863500033
v -0.00670100003 -0.00729099987 0.0160690006
v -0.00898599997 -0.00838399958 0.0131430002
v -0.00658799987 -0.00486999983 0.014277
v -0.00939300004 -0.0120620001 0.0162840001
v -0.0186299998 -0.00865999982 0.00518999994
v -0.00930500031 -0.00611199997 0.011124
v -0.00606299983 -0.00158499996 0.01339
v -0.00808500033 -0.00234199991 0.0108080003
v -0.0156060001 -0.0143670002 0.0111039998
v -0.0231519993 -0.0244839992 0.0184599999
v -0.0232919995 -0.0220309999 0.0148860002
v -0.00392400008 -0.00438199984 0.0197919998
v -0.0204029996 -0.00676900009 0.00343700009
v -0.0168680009 -0.0102500003 0.00708300015
v -0.00936300028 0.000693999988 0.00839199964
v -0.0209839996 -0.0245079994 0.0200510006
v -0.00712400023 0.00393699994 0.0106830001
v -0.00724000018 -0.0105569996 0.0189750008
v -0.00529900007 -0.00777299982 0.0200859997
v -0.00411600014 -0.00239000004 0.0176589992
v -0.0273579992 -0.0283870008 0.0235489998
v -0.0254779998 -0.0262199994 0.0201060008
v -0.0245929994 -0.0278099999 0.0242049992
v -0.00395799987 -0.00699899998 0.0230519995
v -0.0034119999 -0.00275900005 0.0197650008
v -0.0215629991 -0.00389200007 0.00204099994
v -0.00837900024 -0.0144800004 0.0457359999
v -0.0102479998 -0.015842 0.0473559983
v -0.0104989996 -0.0180500001 0.044112999
v -0.0358179994 -0.0315990001 0.0375239998
v -0.0355339982 -0.0309009999 0.0390579998
v -0.0378590003 -0.0308379997 0.0395600013
v -0.0365820006 -0.0302840006 0.0406440012
v -0.0339750014 -0.030576 0.040922001
v -0.0340700001 -0.0318039991 0.0376520008
v -0.0324819982 -0.0318799987 0.0377999991
v -0.0128539996 -0.00803500041 0.00858500041
v -0.0161579996 -0.00720700016 0.00574100018
v -0.0138670001 -0.00596799981 0.00674099987
v -0.0184530001 -0.00494100014 0.00354800001
v -0.00607899996 -0.0122090001 0.0434500016
v -0.00356799993 -0.00845399965 0.0412460007
v -0.00507500023 -0.00871900003 0.0458059981
v -0.0122069996 -0.00352300005 0.00709499978
v -0.0154039999 -0.0038050001 0.00481700012
v -0.0197839998 -0.0247109998 0.0452690013
v -0.0227480009 -0.0265849996 0.0468080007
v -0.0207720008 -0.0265459996 0.0444119982
v -0.00322100008 -0.00654800003 0.0429500006
v -0.0039309999 -0.00580900023 0.0460349992
v -0.00254500005 -0.00313999993 0.04428
v -0.00202600006 -0.00410400005 0.0414449982
v -0.00151099998 -0.000771999999 0.0425250009
v -0.000852000026 0.000136999995 0.0403609984
v -0.015013 -0.0234319996 0.0403730012
v -0.0166529994 -0.0239690002 0.0418430008
v -0.0179130007 -0.0254570004 0.0400770009
v -0.0155790001 0.00202000001 0.00356999994
v -0.0140869999 -0.0216550007 0.0432140008
v -0.0124460002 -0.0206610002 0.0427009985
v -0.0124249998 -0.0217099991 0.0388149992
v -0.0100229997 -0.0187270008 0.0409500003
v -0.00067899999 0.00411899993 0.0402299985
v -0.000254999992 0.00258899992 0.0372850001
v -0.0185509995 -0.0253279991 0.0420570001
v -0.0165149998 -0.0221619997 0.045460999
v -0.0175839998 0.00753099984 0.0026730001
v -0.0174279995 -0.0220129993 0.0469850004
v -0.0147660002 0.00845300034 0.00426399987
v -0.0144920005 -0.0109719997 0.00910700019
v -0.0333370008 -0.0305540003 0.0434110016
v -0.0310299993 -0.0310110003 0.0426540002
v -0.0316849984 -0.0303659998 0.0450819992
v -0.00185500004 -0.00510000018 0.0298720002
v -0.00337500009 -0.00733300019 0.0261649992
v -0.00201499998 -0.00402199989 0.0263209995
v -0.0341890007 -0.0304160006 0.0442400016
v -0.00214200001 -0.00240899995 0.0235070009
v -0.0316849984 -0.0303659998 0.0450819992
v -0.0310299993 -0.0310110003 0.0426540002
v -0.0287870001 -0.030576 0.0434670001
v -0.0023070001 -0.000375000003 0.0213740002
v -0.0302549992 -0.0289200004 0.0477439985
v -0.0356290005 -0.0309730005 0.0287759993
v -0.040169999 -0.0290060006 0.0270959996
v -0.0356880017 -0.0296550002 0.0260249991
v -0.0356880017 -0.0296550002 0.0260249991
v -0.0137949996 -0.0144640002 0.0128939999
v -0.00427199993 0.00233500008 0.0155840004
v -0.00280399993 0.00280299992 0.0187149998
v -0.0114050005 -0.0110520003 0.0122830002
v -0.0150889996 -0.0179699995 0.0157810003
v -0.0432180017 -0.028376 0.0286979992
v -0.0407719985 -0.0302910004 0.031064
v -0.0380700007 -0.0306960009 0.0294649992
v -0.0168810003 -0.0228359997 0.0216739997
v -0.0161959995 -0.0210900009 0.019204
v -0.00560199982 0.00750199985 0.0132929999
v -0.00398200005 0.00707500009 0.0161230005
v -0.00581899984 0.00462100003 0.0126510002
v -0.0335710011 -0.0313760005 0.0293170009
v -0.00265699998 0.00759099983 0.0193290003
v -0.0364070013 -0.0317139998 0.0315399989
v -0.0145129999 -0.0198359992 0.019351
v -0.0337059982 -0.0322329998 0.0331409983
v -0.0364070013 -0.0317139998 0.0315399989
v -0.0335710011 -0.0313760005 0.0293170009
v -0.0130080003 -0.0175039992 0.017887
v -0.0319859982 -0.0299420003 0.0263129994
v -0.0308999997 -0.0312120002 0.0294579994
v -0.00176200003 0.00378399994 0.0217160005
v -0.00126699999 0.000222999995 0.02513
v -0.011961 -0.0184049997 0.0215639994
v -0.0130080003 -0.0175039992 0.017887
v -0.0102479998 -0.0147620002 0.0184700005
v -0.0289840009 -0.0297989994 0.0270489994
v -0.0293140002 -0.0312089995 0.030553
v -0.0308999997 -0.0312120002 0.0294579994
v -0.0319049992 -0.0317789987 0.0312840007
v -0.00148199999 0.00604300015 0.0228790008
v -0.0293140002 -0.0312089995 0.030553
v -0.0313960016 -0.0231599994 0.0140500003
v -0.0311629996 -0.0322109982 0.0345220007
v -0.0290019996 -0.0316849984 0.0342609994
v -0.0138100004 -0.0229599997 0.031033
v -0.0130230002 -0.0217640009 0.0286769997
v -0.0107340002 -0.0201069992 0.0315969996
v -0.0315149985 -0.0266730003 0.0193959996
v -0.0257980004 -0.0290910006 0.0276360009
v -0.0273560006 -0.0309900008 0.0322699994
v -0.0289350003 -0.024921 0.0169539992
v -0.012112 -0.0141740004 0.0146260001
v -0.012112 -0.0141740004 0.0146260001
v -0.0107340002 -0.0201069992 0.0315969996
v -0.0107760001 -0.0191360004 0.0268859994
v -0.00837299973 -0.0169859994 0.0300229993
v -0.0103359995 -0.0199829992 0.0378069989
v -0.0134979999 -0.0229780003 0.034297999
v -0.00863599963 -0.0179939996 0.0354150012
v -0.00837299973 -0.0169859994 0.0300229993
v -0.0257980004 -0.0290910006 0.0276360009
v -0.0231880005 -0.0284809992 0.0294250008
v -0.0273419991 -0.0205230005 0.0115759997
v -0.00863599963 -0.0179939996 0.0354150012
v -0.00761999981 -0.0163460001 0.032393001
v -0.0258980002 -0.0306170005 0.0336130001
v -0.0277999993 -0.0224849992 0.0138950003
v -0.0114050005 -0.0110520003 0.0122830002
v -0.0253250003 -0.0245650001 0.0175519995
v -0.00803599972 -0.0170779992 0.0383509994
v -0.0250710007 -0.0303109996 0.0388050005
v -0.0300140008 -0.0318129994 0.0369010009
v -0.00618400006 -0.0144480001 0.0349190012
v -0.00863599963 -0.0179939996 0.0354150012
v -0.00618400006 -0.0144480001 0.0349190012
v -0.0276749991 -0.0311760008 0.0396470018
v -0.00559799979 -0.0133640002 0.0375920013
v -0.00498099998 -0.0110790003 0.0278670006
v -0.00492799981 -0.0120529998 0.0317929983
v -0.0300699994 -0.0316420011 0.0392449982
v -0.0168810003 -0.0228359997 0.0216739997
v -0.0161959995 -0.0210900009 0.019204
v -0.0145129999 -0.0198359992 0.019351
v -0.00292399991 -0.00816500001 0.031750001
v -0.0142059997 -0.0216029994 0.0240330007
v -0.0155469999 -0.0231960006 0.0254810005
v -0.0168810003 -0.0228359997 0.0216739997
v -0.0339060016 -0.0287229996 0.0232500006
v -0.0227400009 -0.0293099992 0.0364379995
v -0.0142059997 -0.0216029994 0.0240330007
v -0.0213900004 -0.0277570002 0.0313370004
v -0.0310399998 -0.0289869998 0.0237969998
v -0.0209420007 -0.0280290004 0.0358729996
v -0.00430699997 -0.011217 0.0358689986
v -0.0296769999 -0.0273899995 0.0208700001
v -0.00430699997 -0.011217 0.0358689986
v -0.00237999996 -0.00716000004 0.0353819989
v -0.011043 -0.0204399992 0.0383780003
v -0.0100609995 -0.0163400006 0.0220149998
v -0.0198599994 -0.0271370001 0.0349619985
v -0.00788300019 -0.0161279999 0.0407809988
v -0.0107760001 -0.0191360004 0.0268859994
v -0.00545400009 -0.0124819996 0.0404319987
v -0.0191590004 -0.0267430004 0.0375370011
v -0.0204109997 -0.0277699996 0.0388740003
v -0.0200050008 -0.0267520007 0.0285340007
v -0.0171869993 -0.0253420006 0.0300719999
v -0.0107760001 -0.0191360004 0.0268859994
v -0.0107340002 -0.0201069992 0.0315969996
v -0.00312400004 -0.00848400034 0.0383919999
v -0.0078370003 -0.0141500002 0.0240320005
v -0.0155729996 -0.0245009996 0.0328349993
v -0.00100000005 -0.00178399996 0.0291370004
v -0.00102600001 -0.00319100008 0.0332139991
v -0.000647999987 0.00109599996 0.0279820003
v -0.0222319998 -0.0272550005 0.0256709997
v -0.0168539993 -0.0252640005 0.0367729999
v -0.000486000004 -0.000954999996 0.0338619985
v -0.000407000014 0.00526699983 0.0288549997
v -0.000163000004 0.00293700001 0.0311069991
v -0.00516299997 -0.00941199996 0.023147
v -0.000151999993 0.00146900001 0.0353239998
v -0.0224120002 -0.0259230006 0.0216940008
v -0.000230999998 0.00677700015 0.0311769992
v -0.0245929994 -0.0278099999 0.0242049992
v -0.0224120002 -0.0259230006 0.0216940008
v -4.6000001e-05 0.00555500016 0.0342059992
v -0.000254999992 0.00258899992 0.0372850001
v -0.000433000008 0.00680699991 0.0384159982
v -0.0209839996 -0.0245079994 0.0200510006
v -0.019235 -0.0253960006 0.0246229991
v -0.00043700001 0.00982000027 0.0347779989
v -0.0266839992 -0.0301409997 0.0428019986
v -0.0245939996 -0.0295819994 0.041703999
v -0.0216760002 -0.0284369998 0.0401349999
v -0.000711000001 0.00992299989 0.0377510004
v -0.000433000008 0.00680699991 0.0384159982
v -0.00043700001 0.00982000027 0.0347779989
v -0.00140199997 0.00996099971 0.0421059988
v -0.0213329997 -0.0275389999 0.0429430008
v -0.0066180001 -0.0115459999 0.0459580012
v -0.0198260006 -0.0266340002 0.0420759991
v -0.0122069996 -0.00352300005 0.00709499978
v -0.0108249998 -0.0044900002 0.008684
v -0.0138670001 -0.00596799981 0.00674099987
v -0.0108249998 -0.0044900002 0.008684
v -0.00237999996 -0.00716000004 0.0353819989
v -0.0234110001 -0.0281629991 0.0443099998
v -0.00185 -0.00521099987 0.0380439982
v -0.0258099996 -0.0286999997 0.0456530005
v -0.0272310004 -0.0280879997 0.0477509983
v -0.00185 -0.00521099987 0.0380439982
v -0.000953999988 -0.00217600004 0.0371569991
v -0.000852000026 0.000136999995 0.0403609984
v -0.000953999988 -0.00217600004 0.0371569991
v -0.0380700007 -0.0306960009 0.0294649992
v -0.0364070013 -0.0317139998 0.0315399989
v -0.0391439982 -0.0314179994 0.0339020006
v -0.000151999993 0.00146900001 0.0353239998
v -0.0368589982 -0.0320780016 0.0358100012
v -0.0391439982 -0.0314179994 0.0339020006
v -0.0364070013 -0.0317139998 0.0315399989
v -0.0337059982 -0.0322329998 0.0331409983
v -0.0333679989 -0.032164 0.0360779986
v -0.00898599997 -0.00838399958 0.0131430002
v -0.0333679989 -0.032164 0.0360779986
v -0.00930500031 -0.00611199997 0.011124
v -0.0324819982 -0.0318799987 0.0377999991
v -0.0418299995 -0.0305659994 0.0352759995
v -0.0407559983 -0.030785 0.0381990001
v -0.0431330018 -0.0299820006 0.037393
v -0.00808500033 -0.00234199991 0.0108080003
v -0.0121729998 -0.0190149993 0.0457770005
v -0.0375350006 -0.0315160006 0.0377379991
v -0.0391840003 -0.0311079994 0.0384050012
v -0.0144100003 -0.0188929997 0.0490670018
v -0.0438040011 -0.0292520002 0.0405800007
v -0.0426229984 -0.0293259993 0.0421350002
v -0.0394360013 -0.03039 0.041503001
v -0.0245270003 -0.0172669999 0.00915899966
v -0.0374710001 -0.0300980005 0.0436300002
v -0.00936300028 0.000693999988 0.00839199964
v -0.0309629999 -0.0312150009 0.0411400013
v -0.0300699994 -0.0316420011 0.0392449982
v -0.00619699992 0.00159999996 0.0122149996
v -0.0354750007 -0.0301440004 0.042661
v -0.0348500013 -0.0302639995 0.0446989983
v -0.0216419995 -0.0174710006 0.0104769999
v -0.00763100013 0.0071589998 0.0103970002
v -0.0352710001 0.0264120009 0.00269500003
v -0.0324539989 0.0251400005 0.00251300004
v -0.0341090001 0.0221190006 0.00213799998
v -0.0289389994 0.043903999 0.000471000007
v -0.0267869998 0.0469780006 0.000203999996
v -0.0264509991 0.0407099985 0.00134399999
v -0.0386690013 0.0394550003 0.00284099998
v -0.039650999 0.0434370004 0.00312400004
v -0.0378829986 0.0473110005 0.00207199994
v -0.0305369999 0.0227620006 0.00233300007
v -0.0290799998 0.0257910006 0.00273699989
v -0.0323089994 0.0443140008 0.000607000024
v -0.0346629992 0.0429480001 0.00121599995
v -0.0352680013 0.0469439998 0.001024
v -0.0335090011 0.0499439985 0.00039500001
v -0.0249489993 0.0454769991 0.000780000002
v -0.0239330009 0.0432280004 0.00149000005
v -0.0216920003 0.0431730002 0.00240599993
v -0.0242539998 0.0369819999 0.00267000007
v -0.0466409996 0.0257849991 0.00596500002
v -0.0446630009 0.0232619997 0.0043589999
v -0.0271189995 0.0224019997 0.002691
v -0.0159159992 0.0400750004 0.00821399968
v -0.0179719999 0.0394169986 0.00604100013
v -0.0177619997 0.045837 0.00486099999
v -0.0219780002 0.0368320011 0.00374100008
v -0.0232110005 0.0346140005 0.00344299991
v -0.0202849992 0.0319040008 0.00540699996
v -0.0205530003 0.0366670005 0.00456700008
v -0.0321820006 0.0293279998 0.00251000002
v -0.0345060006 0.0292440001 0.00262699998
v -0.0293969996 0.049031999 -8.39999993e-05
v -0.0307170004 0.052852001 -0.000134000002
v -0.0302099995 0.0306049995 0.00242200005
v -0.0191300008 0.0360919982 0.00569099979
v -0.026571 0.0259380005 0.00321200001
v -0.0269639995 0.0511169992 -0.000121999998
v -0.0264040008 0.0549630001 7.89999976e-05
v -0.028957 0.054513 -0.000123000005
v -0.0285669994 0.0285769999 0.00275099999
v -0.041184999 0.0202639997 0.00249499991
v -0.0452839993 0.0165199991 0.00274599995
v -0.0166040007 0.0348439999 0.00841199979
v -0.0179719999 0.0394169986 0.00604100013
v -0.0166040007 0.0348439999 0.00841199979
v -0.033365 0.0329510011 0.00224400009
v -0.0244229995 0.0483819991 0.000507000019
v -0.0195669997 0.0434199981 0.00373300002
v -0.0223810002 0.0477989987 0.00127699994
v -0.0202409998 0.0487589985 0.00233200006
v -0.0179719999 0.0394169986 0.00604100013
v -0.0201689992 0.0220459998 0.004954
v -0.0197829995 0.0190629996 0.00425300002
v -0.0221459996 0.0217499994 0.00398000004
v -0.0244479999 0.0212229993 0.0030749999
v -0.0248579998 0.0518120006 0.000197000001
v -0.0240049995 0.0247099996 0.00378699997
v -0.0247189999 0.0272599999 0.00371000008
v -0.0223019999 0.0522140004 0.00100499997
v -0.0263299998 0.0293400008 0.00310699991
v -0.0505120009 0.0228710007 0.00739399996
v -0.0215419997 0.0253079999 0.004892
v -0.0221459996 0.0217499994 0.00398000004
v -0.0212050006 0.0512860008 0.00152499997
v -0.0373779982 0.0238799993 0.0026430001
v -0.0201689992 0.0220459998 0.004954
v -0.0190650001 0.0510159992 0.00291300006
v -0.0188740008 0.0247220006 0.0062950002
v -0.0215419997 0.0253079999 0.004892
v -0.0392469987 0.0250940006 0.00314499997
v -0.0440849997 0.0277200006 0.0051020002
v -0.0187320001 0.0271639992 0.00674099987
v -0.0188740008 0.0247220006 0.0062950002
v -0.0177619997 0.045837 0.00486099999
v -0.0385450013 0.033826001 0.00321300002
v -0.0389880016 0.0299740005 0.00345700001
v -0.0407770015 0.0333090015 0.00400799979
v -0.0491839983 0.0259789992 0.00762999989
v -0.0460060015 0.0291789994 0.00636400003
v -0.0360199995 0.0329019986 0.00266600004
v -0.0498029999 0.0297720004 0.00981699955
v -0.0488509983 0.0282339994 0.00824999996
v -0.0508340001 0.0272439998 0.00960200001
v -0.0397830009 0.0484450012 0.0031320001
v -0.0411569998 0.0489629991 0.00412099995
v -0.0397760011 0.0526160002 0.00337800011
v -0.0339049995 0.0386740007 0.00157299999
v -0.0323119983 0.0358179994 0.00179699995
v -0.0397830009 0.0484450012 0.0031320001
v -0.0378229991 0.0521790013 0.00214500003
v -0.0397760011 0.0526160002 0.00337800011
v -0.0415889993 0.0245200004 0.00360599998
v -0.0364799984 0.0386249982 0.00214
v -0.0415889993 0.0245200004 0.00360599998
v -0.0432099998 0.0324329995 0.00516999979
v -0.0420969985 0.0305109993 0.00448699994
v -0.0460060015 0.0291789994 0.00636400003
v -0.0454740003 0.0316420011 0.00649499986
v -0.0432099998 0.0324329995 0.00516999979
v -0.0408850014 0.0558310002 0.00517100003
v -0.0426129997 0.052703999 0.00629899977
v -0.0378240012 0.0553059988 0.0023980001
v -0.0366990007 0.0562580004 0.00191899994
v -0.0351560004 0.0536459982 0.000922999985
v -0.0312489998 0.0415889993 0.000864000001
v -0.0296219997 0.0386510007 0.00133799994
v -0.0459310003 0.0338729993 0.00722699985
v -0.0433599986 0.0354709998 0.00535399979
v -0.0454740003 0.0316420011 0.00649499986
v -0.0433599986 0.0354709998 0.00535399979
v -0.0383430012 0.0574879982 0.00328000006
v -0.0378240012 0.0553059988 0.0023980001
v -0.0479159988 0.0320679992 0.00870800018
v -0.0366990007 0.0562580004 0.00191899994
v -0.0440849997 0.0277200006 0.0051020002
v -0.0419859998 0.0269479994 0.00413399981
v -0.0446630009 0.0232619997 0.0043589999
v -0.0524719991 0.0277190004 0.0119939996
v -0.0272879992 0.0359629989 0.00201199995
v -0.0324999988 0.0542929992 0.000222000002
v -0.0389319994 0.0274640005 0.00334500009
v -0.024061 0.0301709995 0.00369099993
v -0.0526200011 0.0308679994 0.014773
v -0.0347619988 0.0558920018 0.00104500004
v -0.0313979983 0.0562190004 0.000292000012
v -0.0506020002 0.0315180011 0.0118140001
v -0.0509320013 0.0343529992 0.014126
v -0.0495579988 0.0348780006 0.0119279996
v -0.0485250019 0.0404790007 0.0125949997
v -0.0482069999 0.0376349986 0.0108380001
v -0.0513929985 0.0350719988 0.0157929994
v -0.031826999 0.0579699986 0.000806999975
v -0.0319899991 0.0597929992 0.00167300005
v -0.0291680004 0.0595169999 0.00113600004
v -0.031826999 0.0579699986 0.000806999975
v -0.0285490006 0.0573749989 0.000376999989
v -0.0220689997 0.0287529994 0.00470199995
v -0.0433650017 0.0386160016 0.005504
v -0.026354 0.0579940006 0.000722999976
v -0.0415389985 0.042764999 0.00431700004
v -0.0433650017 0.0386160016 0.005504
v -0.0204000007 0.0280699991 0.00566500006
v -0.0285490006 0.0573749989 0.000376999989
v -0.0438299999 0.0408740006 0.00610300014
v -0.0415389985 0.042764999 0.00431700004
v -0.026354 0.0579940006 0.000722999976
v -0.0180179998 0.0296359994 0.00739700021
v -0.0187320001 0.0271639992 0.00674099987
v -0.0274129994 0.0600840002 0.001529
v -0.0248249993 0.0593030006 0.00167999999
v -0.0358849987 0.0589799993 0.00239900011
v -0.0347619988 0.0558920018 0.00104500004
v -0.0342300013 0.0609950013 0.003088
v -0.0180179998 0.0296359994 0.00739700021
v -0.0202849992 0.0319040008 0.00540699996
v -0.0178360008 0.0328789987 0.00727899978
v -0.0155849997 0.0446729995 0.00774700008
v -0.0178360008 0.0328789987 0.00727899978
v -0.0164490007 0.0470860004 0.00609100005
v -0.0416139998 0.044755999 0.00426700013
v -0.0191300008 0.0360919982 0.00569099979
v -0.0438299999 0.0408740006 0.00610300014
v -0.017554 0.0509740002 0.00418600021
v -0.017554 0.0509740002 0.00418600021
v -0.0411569998 0.0489629991 0.00412099995
v -0.0283310004 0.0157379992 0.00117900001
v -0.0233139992 0.0558679998 0.000962999999
v -0.0246910006 0.0572879985 0.000874000019
v -0.0321439989 0.0188510008 0.00152699999
v -0.0208320003 0.0545450002 0.001881
v -0.0246910006 0.0572879985 0.000874000019
v -0.0225840006 0.0582790002 0.00192299997
v -0.0233139992 0.0558679998 0.000962999999
v -0.0210250001 0.0603759997 0.00395199982
v -0.0225840006 0.0582790002 0.00192299997
v -0.0248249993 0.0593030006 0.00167999999
v -0.0233139992 0.0558679998 0.000962999999
v -0.0207230002 0.0585290007 0.00285999989
v -0.0201670006 0.0570489988 0.00272500003
v -0.0201670006 0.0570489988 0.00272500003
v -0.0180099998 0.0545630008 0.00384799996
v -0.0210880004 0.0100849997 0.00170000002
v -0.0241599996 0.0144969998 0.00164399995
v -0.0189849995 0.0126289995 0.00289099989
v -0.021164 0.0157570001 0.00279500009
v -0.021164 0.0157570001 0.00279500009
v -0.0244479999 0.0212229993 0.0030749999
v -0.0197829995 0.0190629996 0.00425300002
v -0.0309009999 0.0614450015 0.00267599989
v -0.0296330005 0.0606659986 0.00183299999
v -0.033321999 0.0621099994 0.00388800004
v -0.0320920013 0.0625130013 0.00423299987
v -0.0452970006 0.0399339981 0.00751700019
v -0.0275710002 0.0613770001 0.00294300006
v -0.0275710002 0.0613770001 0.00294300006
v -0.0296330005 0.0606659986 0.00183299999
v -0.0309009999 0.0614450015 0.00267599989
v -0.0249310005 0.061319001 0.00336600002
v -0.0285340007 0.0622720011 0.00480000023
v -0.0320920013 0.0625130013 0.00423299987
v -0.0323389992 0.0630860031 0.00561900018
v -0.0259189997 0.0624359995 0.00508699985
v -0.0443629995 0.0505530015 0.00849100016
v -0.044199001 0.0534510016 0.00941599999
v -0.042803999 0.0554540008 0.0075699999
v -0.0412949994 0.0574730001 0.00641999999
v -0.0414219983 0.0587739982 0.00761200022
v -0.0386370011 0.0589409992 0.00410499983
v -0.042541001 0.0475119986 0.00525199994
v -0.0416139998 0.044755999 0.00426700013
v -0.0380409993 0.059923999 0.00426100008
v -0.0441390015 0.0469449982 0.00710499985
v -0.0435459986 0.0563270003 0.00983799994
v -0.0418099985 0.0592910014 0.00911599956
v -0.0419059992 0.0603079982 0.0113979997
v -0.0418099985 0.0592910014 0.00911599956
v -0.0435459986 0.0563270003 0.00983799994
v -0.0440250002 0.0567050017 0.0123840002
v -0.0419059992 0.0603079982 0.0113979997
v -0.0404700004 0.0614360012 0.0100140003
v -0.0370859988 0.0593400002 0.00316000008
v -0.0365130007 0.0613330007 0.00461400021
v -0.0380580015 0.0618069991 0.00664100004
v -0.0393210016 0.0615850016 0.00797300041
v -0.0367369987 0.0626830012 0.00686400011
v -0.0344559997 0.0626010001 0.00506700017
v -0.0463970006 0.0439589992 0.00980199967
v -0.0479420014 0.0343010016 0.00947799999
v -0.0461589992 0.0411750004 0.00879999995
v -0.0367369987 0.0626830012 0.00686400011
v -0.0380580015 0.0618069991 0.00664100004
v -0.0393210016 0.0615850016 0.00797300041
v -0.0376779996 0.0632190034 0.00961299986
v -0.0404700004 0.0614360012 0.0100140003
v -0.0395479985 0.0629170015 0.012662
v -0.0376779996 0.0632190034 0.00961299986
v -0.0353090018 0.0631719977 0.00680099986
v -0.0367369987 0.0626830012 0.00686400011
v -0.0510369986 0.0375289991 0.0174620003
v -0.0488509983 0.043141 0.0163000003
v -0.0485019982 0.0421039984 0.0136449998
v -0.0344559997 0.0626010001 0.00506700017
v -0.0469049998 0.0455209985 0.0114359995
v -0.0353090018 0.0631719977 0.00680099986
v -0.0485019982 0.0421039984 0.0136449998
v -0.0340479985 0.063662 0.00816600025
v -0.0470630005 0.0466409996 0.0127299996
v -0.0311099999 0.0631460026 0.0067139999
v -0.0470630005 0.0466409996 0.0127299996
v -0.0289050005 0.0625919998 0.00667699985
v -0.0255190004 0.0628369972 0.0065870001
v -0.0287529994 0.0626939982 0.00803900044
v -0.0276040006 0.0628930032 0.0084830001
v -0.0297229998 0.0630780011 0.00892299972
v -0.0280850008 0.0634260029 0.00897100009
v -0.0354290009 0.0650169998 0.0142419999
v -0.0311430003 0.0632409975 0.0094349999
v -0.033764001 0.0645449981 0.0116929999
v -0.0320970006 0.0638270006 0.0108350003
v -0.0368300006 0.064294003 0.0127130002
v -0.0300190002 0.0635029972 0.00931499992
v -0.0308170002 0.063380003 0.00961100031
v -0.0308430009 0.0640299991 0.0100670001
v -0.0302680004 0.066399999 0.00909399986
v -0.0290029999 0.0658250004 0.00854600035
v -0.0296919998 0.0645110011 0.00928399991
v -0.0469049998 0.0455209985 0.0114359995
v -0.0458870009 0.0505830012 0.0121510001
v -0.0307090003 0.0651279986 0.0099729998
v -0.0308829993 0.0664879978 0.00999100041
v -0.0468599983 0.0488209985 0.0148409996
v -0.0278910007 0.0642869994 0.00905899983
v -0.0315119997 0.0640510023 0.0109379999
v -0.0321459994 0.0644109994 0.0130620003
v -0.0316659994 0.0644590035 0.0125280004
v -0.0312840007 0.0647969991 0.011736
v -0.0458870009 0.0505830012 0.0121510001
v -0.0310059991 0.0667390004 0.0110160001
v -0.0308439992 0.0668879971 0.011957
v -0.044199001 0.0534510016 0.00941599999
v -0.0137550002 0.0425149985 0.0115470001
v -0.0155410003 0.0503249988 0.00664500007
v -0.0542180017 0.0285369996 0.0155560002
v -0.0208320003 0.0545450002 0.001881
v -0.0180099998 0.0545630008 0.00384799996
v -0.0548090003 0.0301729999 0.0191050004
v -0.0189280007 0.0579999983 0.0038960001
v -0.0188020002 0.0596330017 0.00499500008
v -0.0528840013 0.0328570008 0.0174219999
v -0.0249310005 0.061319001 0.00336600002
v -0.0248249993 0.0593030006 0.00167999999
v -0.0274129994 0.0600840002 0.001529
v -0.0210250001 0.0603759997 0.00395199982
v -0.0219100006 0.0618369989 0.00544600002
v -0.0236499999 0.0621559992 0.00517799985
v -0.0210250001 0.0603759997 0.00395199982
v -0.0189490002 0.0609980002 0.0064340001
v -0.0169939995 0.052889999 0.00467699999
v -0.0190650001 0.0510159992 0.00291300006
v -0.0510369986 0.0375289991 0.0174620003
v -0.0182959996 0.056047 0.00406299997
v -0.0159859993 0.0539080016 0.00606600009
v -0.0513929985 0.0350719988 0.0157929994
v -0.0142470002 0.0504949987 0.00914600026
v -0.0160549991 0.056956999 0.00686400011
v -0.0149450004 0.0560499988 0.00847799983
v -0.0137649998 0.0536779985 0.0106499996
v -0.013882 0.0560539998 0.0116210002
v -0.017089 0.058828 0.00656000013
v -0.0169179998 0.0607809983 0.00915300008
v -0.0155969998 0.0588320009 0.00927899964
v -0.0144699998 0.0579390004 0.0116790002
v -0.0235869996 0.0628430024 0.00774999987
v -0.0246179998 0.0629310012 0.00922899973
v -0.0261150002 0.0629210025 0.00907799974
v -0.0260850005 0.0631529987 0.00964600034
v -0.0265580006 0.0635220036 0.00957600027
v -0.0230529997 0.0631859973 0.00932599977
v -0.0251770001 0.0631610006 0.0102930004
v -0.026261 0.0643450022 0.0098679997
v -0.0256450009 0.0643780008 0.0109059997
v -0.0250700004 0.0641530007 0.0119439997
v -0.0254330002 0.0647040009 0.0117650004
v -0.0244960003 0.063947998 0.0118939998
v -0.0255260002 0.0646440014 0.0126400003
v -0.0255779997 0.0644209981 0.0137470001
v -0.0246569999 0.0643669963 0.0135779995
v -0.0260610003 0.0647260025 0.013669
v -0.0222420003 0.0641829967 0.0114080003
v -0.0232110005 0.0650499985 0.0150650004
v -0.0164659992 0.0618520007 0.0130829997
v -0.0153940003 0.0602670014 0.0126550002
v -0.0138280001 0.0571639985 0.0145690003
v -0.0144800004 0.0590130016 0.0157360006
v -0.0158890001 0.0614180006 0.0146749998
v -0.0153940003 0.0602670014 0.0126550002
v -0.0164659992 0.0618520007 0.0130829997
v -0.0144800004 0.0590130016 0.0157360006
v -0.0178839993 0.0632119998 0.0151920002
v -0.0152860004 0.060242001 0.0171259996
v -0.0289290007 0.0665479973 0.00852899998
v -0.0298900008 0.067261003 0.00955899991
v -0.0284679998 0.0668879971 0.00867099967
v -0.027392 0.0658899993 0.00858699996
v -0.0277929995 0.0667779967 0.00863800012
v -0.0262989998 0.0662280023 0.00918699987
v -0.0265950002 0.0671529993 0.00965199992
v -0.0283809993 0.0678939968 0.0106619997
v -0.0305080004 0.067185998 0.0101709999
v -0.030266 0.0677120015 0.011492
v -0.0267740004 0.0679460019 0.0122079998
v -0.0286730006 0.0682490021 0.0126449997
v -0.0189490002 0.0609980002 0.0064340001
v -0.0196570009 0.0623629987 0.00827599969
v -0.0213920008 0.0627090037 0.00817300007
v -0.0205920003 0.0640069991 0.0114010004
v -0.019413 0.063395001 0.0108169997
v -0.0258789994 0.0658740029 0.00984000042
v -0.0256110001 0.0664020032 0.010555
v -0.0261439998 0.067143999 0.0103430003
v -0.0258179996 0.0669979975 0.0116630001
v -0.0264810007 0.0675819963 0.0127529996
v -0.0260099992 0.0662299991 0.0128389997
v -0.0211009998 0.0647210032 0.0138419997
v -0.0200800002 0.0644470006 0.0136179999
v -0.0220229998 0.0652899966 0.0168120004
v -0.0178989992 0.0625180006 0.0109409997
v -0.0169179998 0.0607809983 0.00915300008
v -0.0169179998 0.0607809983 0.00915300008
v -0.0178989992 0.0625180006 0.0109409997
v -0.0178839993 0.0632119998 0.0151920002
v -0.0069459998 0.00968699995 0.0119449999
v -0.00494199991 0.0112979999 0.0159079991
v -0.00469799992 0.0140249999 0.0180019997
v -0.00350599992 0.0150840003 0.0220630001
v -0.00270000007 0.0132790003 0.0228700005
v -0.00718700001 0.0141500002 0.0136559997
v -0.00878399983 0.0133090001 0.0110400002
v -0.00706599979 0.0174710006 0.0159120001
v -0.0182349999 0.0212609991 0.00583699998
v -0.0159469992 0.0170329995 0.00576299988
v -0.0156779997 0.0215290003 0.00768399984
v -0.0138499998 0.0157260001 0.00679699983
v -0.00356699992 0.0107469996 0.0184569992
v -0.0154360002 0.0124019999 0.00465899985
v -0.0163759999 0.0306889992 0.00898599997
v -0.0152190002 0.0349909998 0.0101889996
v -0.0152310003 0.0306570008 0.0103249997
v -0.0055689998 0.0187030006 0.0202779993
v -0.0137839997 0.0317610018 0.0125080002
v -0.0135730002 0.0276980009 0.0119709997
v -0.0162690002 0.0279489998 0.00889100041
v -0.016578 0.025045 0.0080629997
v -0.0187320001 0.0271639992 0.00674099987
v -0.0117009999 0.0285919998 0.0155459996
v -0.0132889999 0.0297669992 0.012991
v -0.01229 0.032559 0.0156919993
v -0.0154360002 0.0124019999 0.00465899985
v -0.0130449999 0.00858199969 0.0054250001
v -0.0147660002 0.00845300034 0.00426399987
v -0.0150319999 0.0251499992 0.00950799976
v -0.0136540001 0.0354150012 0.0128760003
v -0.012879 0.036913 0.0144090001
v -0.0107620005 0.0264640003 0.0162310004
v -0.0109900003 0.0243059993 0.0144300004
v -0.0175369997 0.0158270001 0.00438599987
v -0.0189849995 0.0126289995 0.00289099989
v -0.0131719997 0.0254480001 0.0117570003
v -0.0108859995 0.0307609998 0.0186059996
v -0.00937500037 0.0182409994 0.012786
v -0.0113390004 0.0327900015 0.0183579996
v -0.0128490003 0.011651 0.00631099986
v -0.0148870004 0.0380330011 0.0101640001
v -0.00818900019 0.0228690002 0.0185000002
v -0.0124770002 0.022806 0.0113580003
v -0.0119890003 0.0363500006 0.0170300007
v -0.0125679998 0.0422060005 0.0254469998
v -0.0119420001 0.040399 0.0242359992
v -0.0123889996 0.0454530008 0.0223450009
v -0.00983299967 0.0280019995 0.0196519997
v -0.00817099959 0.0263260007 0.0224670004
v -0.0105090002 0.00822500046 0.00745199993
v -0.00427999999 0.02049 0.0267639998
v -0.0126299998 0.040674001 0.0148080001
v -0.00259199995 0.0160390008 0.0267789997
v -0.0118939998 0.0399390012 0.0183990002
v -0.00682199979 0.0249339994 0.0247230008
v -0.000862999994 0.0116729997 0.0304969996
v -0.001132 0.01346 0.0345349982
v -0.00985999964 0.0307819992 0.0223350003
v -0.00893399958 0.0295819994 0.0243420005
v -0.00196200004 0.0154229999 0.0290329996
v -0.00200000009 0.0166890007 0.0329339989
v -0.001957 0.00965300016 0.0226559993
v -0.00866799988 0.0300990008 0.0273269992
v -0.0101190004 0.0326679982 0.0236770008
v -0.0107439999 0.034407001 0.0219800007
v -0.00200000009 0.0166890007 0.0329339989
v -0.00417400012 0.0220219996 0.0316990018
v -0.0112699997 0.036417 0.0206649993
v -0.001132 0.01346 0.0345349982
v -0.000711000001 0.00992299989 0.0377510004
v -0.00043700001 0.00982000027 0.0347779989
v -0.00201699999 0.0157730002 0.0388979986
v -0.0114700003 0.0383189991 0.023
v -0.0102260001 0.0340070017 0.0266229995
v -0.0091819996 0.0314389989 0.0296810009
v -0.00866799988 0.0300990008 0.0273269992
v -0.0102260001 0.0340070017 0.0266229995
v -0.00200000009 0.0166890007 0.0329339989
v -0.00958700012 0.0109069999 0.00912700035
v -0.00294400007 0.0193719994 0.036127001
v -0.0111060003 0.0367799997 0.0250289999
v -0.0102260001 0.0340070017 0.0266229995
v -0.0111060003 0.0367799997 0.0250289999
v -0.0108869998 0.0354630016 0.0284390002
v -0.0122330002 0.014711 0.00783300027
v -0.00631899992 0.0254439991 0.028097
v -0.0126750004 0.0444360003 0.0144739999
v -0.012286 0.0458699986 0.0175310001
v -0.0116090002 0.039136 0.0208470002
v -0.0123889996 0.0454530008 0.0223450009
v -0.0119420001 0.040399 0.0242359992
v -0.0109700002 0.0168750007 0.0100499997
v -0.005076 0.0242040008 0.0338619985
v -0.00417400012 0.0220219996 0.0316990018
v -0.0114700003 0.0383189991 0.023
v -0.001177 0.0105569996 0.0269130003
v -0.0123220002 0.0398680009 0.0270429999
v -0.00294400007 0.0193719994 0.036127001
v -0.0135089997 0.0213360004 0.00953199994
v -0.01351 0.0486029983 0.0112709999
v -0.0132609997 0.050712999 0.0120949997
v -0.0127879996 0.0515629984 0.0147479996
v -0.0128730005 0.0531210005 0.0154219996
v -0.0124660004 0.0483560003 0.0180169996
v -0.0127560003 0.0491570011 0.0206749998
v -0.0127560003 0.0491570011 0.0206749998
v -0.0136329997 0.0508689992 0.0228129998
v -0.0127560003 0.0491570011 0.0206749998
v -0.0130470004 0.0533140004 0.0185170006
v -0.0133610005 0.0526309982 0.0207010005
v -0.0130470004 0.0533140004 0.0185170006
v -0.0138560003 0.0555359982 0.0197509993
v -0.0133300005 0.0555270016 0.0169970002
v -0.0133300005 0.0555270016 0.0169970002
v -0.0149119999 0.0582889989 0.0197570007
v -0.0138280001 0.0571639985 0.0145690003
v -0.0538409986 0.0205150004 0.0524809994
v -0.0566649996 0.0160579998 0.0527019985
v -0.0526480004 0.0185380001 0.0550680012
v -0.0549179986 0.0051719998 0.0576400012
v -0.0569109991 0.00680699991 0.0557149984
v -0.0577550009 0.0040839999 0.0546680018
v -0.0545900017 -0.00206899992 0.0564740002
v -0.057289999 -0.00222399994 0.053160999
v -0.0547659993 -0.00443599978 0.0552790016
v -0.0587739982 0.00697100023 0.0535820015
v -0.0576279983 0.00860899966 0.0547909997
v -0.0541700013 0.0224629994 0.0504180007
v -0.0532060005 0.0259240009 0.0475330018
v -0.0557340011 0.0233999994 0.0473669991
v -0.0540569983 -0.00806399994 0.0541849993
v -0.052852001 -0.0114390003 0.0533690006
v -0.0514970012 -0.00971399993 0.0558289997
v -0.0533370003 0.0037740001 0.0588609986
v -0.0526509993 -6.90000015e-05 0.0588270016
v -0.0514380001 0.00324300001 0.0602150001
v -0.0532060005 0.0259240009 0.0475330018
v -0.0542760007 0.0262960009 0.0454099998
v -0.0557340011 0.0233999994 0.0473669991
v -0.0548610017 0.00820199959 0.0575489998
v -0.0590699986 -0.0123699997 0.0419990011
v -0.0608390011 -0.00978500023 0.0406499989
v -0.0592710003 -0.0133579997 0.0394230001
v -0.0526699983 0.0247310009 0.0496449992
v -0.0520399995 -0.00469900016 0.0578840002
v -0.062533997 -0.0052720001 0.0413249992
v -0.0622869991 -0.00873699971 0.0373620018
v -0.0508330017 0.0233180001 0.0528610013
v -0.0504599996 -0.0050590001 0.0589650013
v -0.0514089987 0.0266190004 0.0487329997
v -0.0523829982 0.007338 0.0596080013
v -0.0495369993 -0.0102000004 0.0571449995
v -0.0504599996 -0.0050590001 0.0589650013
v -0.0495369993 -0.0102000004 0.0571449995
v -0.0480140001 -0.00959699973 0.0585240014
v -0.0505010001 0.0293559991 0.0458469987
v -0.049155999 0.0289990008 0.0478519984
v -0.0597180016 -0.00897799991 0.0444450006
v -0.0528700016 0.0161780007 0.0563490018
v -0.0503459983 -0.000725999998 0.0603390001
v -0.0480140001 -0.00959699973 0.0585240014
v -0.045522999 -0.00920700002 0.060052
v -0.0484200008 -0.00615500007 0.0597960018
v -0.0488240011 0.000574000005 0.0614599995
v -0.0488869995 0.00388199999 0.0617580004
v -0.0480419993 -0.00325699989 0.0609959997
v -0.0453980006 -0.00067400001 0.0628689975
v -0.0484200008 -0.00615500007 0.0597960018
v -0.0498510003 0.0176790003 0.0577500015
v -0.0505830012 0.0212730002 0.0548579991
v -0.045570001 0.002691 0.0632240027
v -0.047722999 0.0206850003 0.0572189987
v -0.0469300002 0.0179469995 0.0593929999
v -0.0432999991 0.00143599999 0.0638789982
v -0.0526509993 -6.90000015e-05 0.0588270016
v -0.0503459983 -0.000725999998 0.0603390001
v -0.0494639985 0.00669099996 0.0614800006
v -0.0480419993 -0.00325699989 0.0609959997
v -0.0496959984 0.00877100043 0.0611740015
v -0.0487859994 0.0224060006 0.0552450009
v -0.045336999 -0.00608200021 0.0613799989
v -0.0504599996 -0.0050590001 0.0589650013
v -0.0480419993 -0.00325699989 0.0609959997
v -0.0480419993 -0.00325699989 0.0609959997
v -0.0460000001 0.00602399977 0.0631510019
v -0.0457989983 0.0226920005 0.0567880012
v -0.045336999 -0.00608200021 0.0613799989
v -0.0432719998 -0.00369199994 0.0629339963
v -0.0471079983 0.00830600038 0.0625369996
v -0.0634939969 -0.00280099991 0.0408269987
v -0.0627719983 0.000144000005 0.0448260009
v -0.0432719998 -0.00369199994 0.0629339963
v -0.0605730005 -0.00393600017 0.0469320007
v -0.0422109999 0.00440199999 0.0643860027
v -0.0442249998 0.0211280007 0.0587179996
v -0.064861998 -0.00118499994 0.0373779982
v -0.0651339963 0.00336900004 0.0391510017
v -0.0657399967 0.00179100002 0.0353479981
v -0.065981999 0.00547999982 0.0356680006
v -0.0548570007 0.0107429996 0.0570590012
v -0.0584659986 -0.00761900004 0.0481970012
v -0.0502130017 0.0259799995 0.0506459996
v -0.0642239973 0.00257700006 0.0421769992
v -0.0569770001 0.0116619999 0.0545880012
v -0.0554680005 0.013491 0.0554200001
v -0.0527499989 0.00984000042 0.0589659996
v -0.0631290004 0.00676300004 0.0461070016
v -0.0639149994 0.0087059997 0.0439519994
v -0.0636840016 0.0050280001 0.0447270013
v -0.04727 0.0288559999 0.0497060008
v -0.0608640015 -0.00107300002 0.0482150018
v -0.0522300005 0.0127180004 0.0584880002
v -0.0636840016 0.0050280001 0.0447270013
v -0.0621500015 0.00310699991 0.0476819985
v -0.0496679991 0.0117070004 0.060571
v -0.0466790013 0.0276980009 0.0515090004
v -0.0433349982 0.0299139991 0.0509940013
v -0.0500149988 -0.0217719991 0.045522999
v -0.0503950007 -0.0224840008 0.0435260013
v -0.0489629991 -0.0226700008 0.0462380014
v -0.0483030006 0.0253500007 0.0528759994
v -0.0596349984 0.000418000011 0.0510019995
v -0.0462040007 0.0250179991 0.0545689985
v -0.0566189997 -0.015048 0.0440960005
v -0.0571269989 -0.0128009999 0.0459619984
v -0.0489870012 0.0145479999 0.0599219985
v -0.0611470006 0.00396599993 0.0498059988
v -0.0444010012 0.0268670004 0.0537390001
v -0.0431750007 0.025897 0.0553050004
v -0.0598720014 0.00327500002 0.0516159981
v -0.0574720018 0.00121400005 0.0542300008
v -0.0528870001 -0.0175759997 0.0476340018
v -0.0547810011 -0.0146840001 0.0479759984
v -0.0541189983 -0.0176439993 0.0453829989
v -0.0577550009 0.0040839999 0.0546680018
v -0.0631290004 0.00676300004 0.0461070016
v -0.0618400015 0.00604999997 0.0488349982
v -0.0572599992 -0.00944699999 0.0489359982
v -0.0550789982 -0.0128720002 0.0495010018
v -0.0623890013 0.00989000034 0.0471629985
v -0.0618220009 0.00839500036 0.0487070009
v -0.0632070005 0.0133379996 0.0434099995
v -0.0614579991 0.0159690008 0.0454289988
v -0.0631980002 0.0162729993 0.0407349989
v -0.061999999 0.0186139997 0.0412289985
v -0.060318999 0.00826300029 0.0512610003
v -0.0618400015 0.00604999997 0.0488349982
v -0.0600389987 0.00609999988 0.0518639982
v -0.0532599986 -0.0156159997 0.0493060015
v -0.0423090011 0.0237649996 0.0574479997
v -0.0605579987 0.0209340006 0.0415170006
v -0.0609869994 0.0222420003 0.0378040001
v -0.0590500012 0.02355 0.0408030003
v -0.0600389987 0.00609999988 0.0518639982
v -0.0526529998 -0.0140709998 0.0514920019
v -0.0429759994 0.0198519994 0.0600490011
v -0.0642120019 0.0101549998 0.0426659994
v -0.0644060001 0.0131839998 0.0401149988
v -0.0386300012 0.0217189994 0.0600799993
v -0.0600580014 0.0189849995 0.0453080013
v -0.0611889996 0.0129580004 0.0480439998
v -0.0581090003 0.0225850008 0.0443979986
v -0.0605439991 0.0162889995 0.0469739996
v -0.0394250005 0.0293429997 0.0533890016
v -0.0510190018 -0.0188299995 0.0484430008
v -0.0530910008 -0.0193840005 0.0443859994
v -0.0508389995 -0.0207969993 0.0460680015
v -0.0608460009 0.01021 0.0499010012
v -0.0484919995 -0.0206979997 0.0490580015
v -0.0386420004 0.0272209998 0.0556720011
v -0.0576279983 0.020358 0.0479729995
v -0.0582289994 0.0210730005 0.0461530015
v -0.0479299985 -0.0219299998 0.0485530011
v -0.037765 0.0248440001 0.0579239987
v -0.059967 0.0145490002 0.0492459983
v -0.0349659994 0.026238 0.0573260002
v -0.0587739982 0.00697100023 0.0535820015
v -0.0493450016 -0.0178059991 0.0514100008
v -0.0475919992 0.0126989996 0.0614750013
v -0.045880001 0.00971500017 0.0629189983
v -0.0571390018 0.0257249996 0.0411299989
v -0.0457050018 -0.0215550009 0.0510910004
v -0.0450330004 -0.0244820006 0.0489609987
v -0.0561779998 0.0251969993 0.0439609997
v -0.0600389987 0.00609999988 0.0518639982
v -0.060318999 0.00826300029 0.0512610003
v -0.0591159984 0.0095180003 0.0527079999
v -0.0441620015 0.0093480004 0.0636129975
v -0.0515459999 -0.0168319996 0.0500969999
v -0.0589650013 0.0130150001 0.051603999
v -0.0591159984 0.0095180003 0.0527079999
v -0.0531550013 0.0285969991 0.0432850011
v -0.0543010011 0.0294189993 0.0396450013
v -0.0450639986 0.0127750002 0.0625469983
v -0.0444560014 0.0149990004 0.0620100014
v -0.0457930006 -0.0200939998 0.0520649999
v -0.0423979983 0.0133699998 0.0632290021
v -0.0589650013 0.0130150001 0.051603999
v -0.0531550013 0.0285969991 0.0432850011
v -0.0542760007 0.0262960009 0.0454099998
v -0.0469739996 -0.017128 0.0540309995
v -0.0488779992 -0.0165730007 0.052956
v -0.0448749997 0.0162250008 0.061319001
v -0.0587190017 0.0169459991 0.0495189987
v -0.0558159985 0.0204319991 0.0503549986
v -0.0587190017 0.0169459991 0.0495189987
v -0.0564280003 0.0181050003 0.0515410006
v -0.0418180004 0.0166289993 0.0622050017
v -0.0497349985 -0.0139830001 0.0543869995
v -0.0558159985 0.0204319991 0.0503549986
v -0.0556409992 0.00203999993 0.0565310009
v -0.0558159985 0.0204319991 0.0503549986
v -0.0392090008 0.0177679993 0.0622840002
v -0.0549179986 0.0051719998 0.0576400012
v -0.0533370003 0.0037740001 0.0588609986
v -0.0569109991 0.00680699991 0.0557149984
v -0.0590669997 -0.00285800011 0.0503540002
v -0.0548680015 -0.0101150004 0.0519299991
v -0.0504290015 -0.0124209998 0.0549100004
v -0.0509970002 -0.0119730001 0.0547140017
v -0.0509970002 -0.0119730001 0.0547140017
v -0.0509970002 -0.0119730001 0.0547140017
v -0.0504290015 -0.0124209998 0.0549100004
v -0.0509970002 -0.0119730001 0.0547140017
v -0.0504290015 -0.0124209998 0.0549100004
v -0.0508910008 -0.012011 0.0547720008
v -0.0508910008 -0.012011 0.0547720008
v -0.0509970002 -0.0119730001 0.0547140017
v -0.0509440005 -0.0119909998 0.0547449999
v -0.0509440005 -0.0119909998 0.0547449999
v -0.0509440005 -0.0119909998 0.0547449999
v -0.0514970012 -0.00971399993 0.0558289997
v -0.0508910008 -0.012011 0.0547720008
v -0.0468900017 -0.0142480005 0.0562679991
v -0.0495369993 -0.0102000004 0.0571449995
v -0.0569720007 -0.00606699986 0.0516019985
v -0.049571 -0.0248709992 0.0386929996
v -0.0641100034 0.0163070001 0.0373339988
v -0.0506259985 -0.0235849991 0.040070001
v -0.0629570037 0.0191699993 0.036917001
v -0.0613909997 0.0228799991 0.0330910012
v -0.0634839982 0.0190399997 0.0335769989
v -0.0486919992 -0.0251710005 0.0419009998
v -0.0471049994 -0.0257060006 0.0446039997
v -0.0600720011 0.0248140004 0.0308190007
v -0.0604490004 0.0239799991 0.0273770001
v -0.0624019988 0.021156 0.0292070005
v -0.0447879992 -0.027493 0.0443970002
v -0.0582390018 0.027276 0.0281240009
v -0.0459880009 -0.025587 0.0466260016
v -0.056338001 0.0299399998 0.0284410007
v -0.0587669984 0.0251759999 0.0381480008
v -0.0598820001 0.0246259999 0.0351210013
v -0.0578670017 -0.0163059998 0.0377410017
v -0.0560230017 0.029693 0.0333469994
v -0.0553340018 0.0311479997 0.0300229993
v -0.0565409996 0.0279939994 0.0375929996
v -0.0661609992 0.00956299994 0.0281479992
v -0.0665289983 0.00518300012 0.0283240005
v -0.0656990036 0.00929400045 0.0242589992
v -0.0592710003 -0.0133579997 0.0394230001
v -0.0648659989 0.00667600008 0.0411260016
v -0.0656990036 0.00929400045 0.0242589992
v -0.0661609992 0.00956299994 0.0281479992
v -0.0654779971 0.0119209997 0.026478
v -0.0639149994 0.0087059997 0.0439519994
v -0.0617780015 -0.0108639998 0.0338159986
v -0.0656619966 0.0123070003 0.0304610003
v -0.0654359981 -0.00266200001 0.0306490008
v -0.064819999 0.0152679998 0.0278539993
v -0.0635470003 -0.0072900001 0.033388
v -0.0637919977 0.0178319998 0.0266590007
v -0.0639370009 -0.00545400009 0.0359239988
v -0.0628819987 0.0179600008 0.0226959996
v -0.0618220009 0.00839500036 0.0487070009
v -0.0643370003 0.0171739999 0.0312950015
v -0.0625969991 0.0203869995 0.0266779996
v -0.0652649999 0.00864899997 0.0391019993
v -0.0648659989 0.00667600008 0.0411260016
v -0.0609880015 0.0218339991 0.0228620004
v -0.0609880015 0.0218339991 0.0228620004
v -0.0622869991 -0.00873699971 0.0373620018
v -0.0651369989 0.0125089996 0.0367470011
v -0.0663330033 0.001513 0.0309810005
v -0.0608390011 -0.00978500023 0.0406499989
v -0.064861998 -0.00118499994 0.0373779982
v -0.0657399967 0.00179100002 0.0353479981
v -0.0665810034 0.00505799986 0.0312450007
v -0.0664749965 0.00377600011 0.0324099995
v -0.064090997 -0.00366799999 0.0379259996
v -0.066391997 0.00741899991 0.0296700001
v -0.066391997 0.00741899991 0.0296700001
v -0.0665289983 0.00518300012 0.0283240005
v -0.0665810034 0.00505799986 0.0312450007
v -0.0661370009 0.00895799976 0.031498
v -0.064090997 -0.00366799999 0.0379259996
v -0.0639370009 -0.00545400009 0.0359239988
v -0.0664749965 0.00377600011 0.0324099995
v -0.065981999 0.00547999982 0.0356680006
v -0.0664749965 0.00377600011 0.0324099995
v -0.0648659989 0.00667600008 0.0411260016
v -0.0657169968 0.00858299993 0.0358869992
v -0.056504 -0.0172889996 0.0403609984
v -0.0545260012 -0.0202980004 0.0388210006
v -0.0545260012 -0.0202980004 0.0388210006
v -0.0524489991 -0.0217199996 0.0413630009
v -0.0524489991 -0.0217199996 0.0413630009
v -0.0521479994 -0.0233890004 0.0364490002
v -0.0506259985 -0.0235849991 0.040070001
v -0.0648820028 0.015106 0.0338129997
v -0.0551629998 -0.0180840008 0.0423920006
v -0.0545260012 -0.0202980004 0.0388210006
v -0.056504 -0.0172889996 0.0403609984
v -0.0589589998 0.0234590005 0.0195499994
v -0.0594759993 0.0250020009 0.0245840009
v -0.055794999 0.0299839992 0.0221350007
v -0.0503950007 -0.0224840008 0.0435260013
v -0.0367439985 0.001927 0.0652619973
v -0.0342639983 -0.00106699998 0.0650599971
v -0.0327039994 0.000547999982 0.0652879998
v -0.0407380015 -0.0266169999 0.0496499985
v -0.0397320017 -0.0285570007 0.0468919985
v -0.0390189998 -0.0274180006 0.049256999
v -0.0308480002 -0.0135819996 0.0604670011
v -0.033840999 -0.0125789996 0.061129
v -0.033222001 -0.0161370002 0.0590309985
v -0.0434519984 -0.0249460004 0.0498000011
v -0.0442779996 -0.0259199999 0.047979001
v -0.0329549983 0.00339900004 0.065485999
v -0.0116130002 0.0117189996 0.0579920001
v -0.0120839998 0.00722600007 0.0591700003
v -0.00986600015 0.00674299989 0.0575340018
v -0.0355090015 0.0062810001 0.0654579997
v -0.0360249989 -0.0275289994 0.0499509983
v -0.0363110006 -0.0263359994 0.0514519997
v -0.00986600015 0.00674299989 0.0575340018
v -0.00731900008 0.00475999992 0.0550159998
v -0.007859 0.0085359998 0.055323001
v -0.0289999992 0.00156100001 0.0651599988
v -0.0302499998 -0.00137199997 0.0649409965
v -0.0414609984 0.00823600031 0.0644749999
v -0.0391310006 0.00353999995 0.0650229976
v -0.0385410003 0.00850200001 0.0649930015
v -0.00986600015 0.00674299989 0.0575340018
v -0.0120839998 0.00722600007 0.0591700003
v -0.0110649997 0.00323299994 0.0586510003
v -0.0321840011 -0.0281739999 0.0494289994
v -0.0338269994 -0.0285890009 0.0486770011
v -0.0355090015 0.0062810001 0.0654579997
v -0.0355469994 -0.0112049999 0.0617569983
v -0.0376479998 -0.0119860005 0.0611549988
v -0.00963800028 0.0108719999 0.0565630011
v -0.007859 0.0085359998 0.055323001
v -0.0320280008 -0.0267919991 0.0511200018
v -0.0367439985 0.001927 0.0652619973
v -0.0136590004 0.00176500005 0.060233999
v -0.0138020003 0.00530100008 0.0603919998
v -0.0345919989 0.0102960002 0.0652569979
v -0.0376860015 -0.00815999974 0.0628509969
v -0.0430569984 -0.0225900002 0.0522099994
v -0.0404790007 -0.0243919995 0.0521319993
v -0.0158290006 0.00763100013 0.0613519996
v -0.0153609999 0.00331700011 0.0612290017
v -0.0377640016 -0.0253030006 0.0522349998
v -0.0183060002 0.00548300007 0.0626010001
v -0.0336350016 0.00800000038 0.065448001
v -0.0345919989 0.0102960002 0.0652569979
v -0.0302089993 0.00787399989 0.0653460026
v -0.0321840011 -0.0281739999 0.0494289994
v -0.0308309998 -0.0273800008 0.050193999
v -0.034111999 -0.00916299969 0.0627560019
v -0.0320280008 -0.0267919991 0.0511200018
v -0.0274030007 -0.0251119994 0.0516609997
v -0.0278060008 0.00465699984 0.0651530027
v -0.0116130002 0.0117189996 0.0579920001
v -0.0144579997 0.0104280002 0.0602010004
v -0.0310340002 -0.0248569995 0.0528240018
v -0.0304269996 -0.00956400018 0.0625270009
v -0.017585 0.0105450004 0.0618270002
v -0.0442200005 -0.0201060008 0.0531690009
v -0.0168730002 0.0174150001 0.0593780018
v -0.017577 0.0134039996 0.0611310005
v -0.0146540003 0.0139410002 0.0593720004
v -0.0345919989 0.0102960002 0.0652569979
v -0.0315279998 0.0106199998 0.0651649982
v -0.0140749998 0.0160910003 0.0582219996
v -0.0311840009 -0.00728200004 0.0634929985
v -0.0110109998 0.0151840001 0.0562909991
v -0.0103470003 0.0174829997 0.0545369983
v -0.0135810003 0.0184780005 0.0567010008
v -0.0122950003 0.0204380006 0.0544349998
v -0.026168 0.00908700004 0.0648040026
v -0.0454510003 -0.0168549996 0.0552439988
v -0.0135810003 0.0184780005 0.0567010008
v -0.0431939997 -0.0173840001 0.0559770018
v -0.043159999 -0.0110060005 0.0602609999
v -0.0433139987 -0.00720100012 0.0618279986
v -0.0167159997 0.0208049994 0.0573699996
v -0.0417210013 -0.0218170006 0.0534689985
v -0.0418189988 -0.0199469998 0.0545639992
v -0.0151429996 0.0223210007 0.0552680008
v -0.0390469991 -0.0230640005 0.0537410006
v -0.0411680005 -0.00877700001 0.0619530007
v -0.0433139987 -0.00720100012 0.0618279986
v -0.043159999 -0.0110060005 0.0602609999
v -0.0401370004 -0.0194199998 0.0555969998
v -0.0209129993 -0.0100379996 0.0601040013
v -0.0243870001 -0.00813999958 0.0620330013
v -0.0248760004 -0.0119939996 0.0603029989
v -0.00862899981 0.0133490004 0.054756999
v -0.0385389999 -0.0195530001 0.0559879988
v -0.00745900022 0.0117720002 0.0540300012
v -0.0352759995 -0.0251199994 0.052765999
v -0.0261850003 -0.0061110002 0.0632359982
v -0.0289890002 -0.00693000015 0.0634279996
v -0.0265319999 -0.00824099965 0.0624540001
v -0.0357239991 -0.0227380004 0.0547089987
v -0.00737900008 0.0156679992 0.0521540008
v -0.0328710005 -0.0232009999 0.0544649996
v -0.0320280008 -0.0267919991 0.0511200018
v -0.0310340002 -0.0248569995 0.0528240018
v -0.0352759995 -0.0251199994 0.052765999
v -0.0212730002 -0.00710299984 0.0614730008
v -0.0314109996 -0.0231829993 0.0543249995
v -0.0236869995 -0.00437500002 0.0631730035
v -0.0282489993 -0.0236610007 0.0532290004
v -0.0314109996 -0.0231829993 0.0543249995
v -0.0357239991 -0.0227380004 0.0547089987
v -0.0392390005 -0.00469300011 0.0637400001
v -0.0212730002 -0.00710299984 0.0614730008
v -0.0181830004 -0.00584799983 0.0607490018
v -0.0207870007 -0.00374100008 0.0624280013
v -0.0207870007 -0.00374100008 0.0624280013
v -0.0110109998 0.0151840001 0.0562909991
v -0.0374229997 -0.0221679993 0.0547440015
v -0.037064001 -0.00534299994 0.0638850033
v -0.0374229997 -0.0221679993 0.0547440015
v -0.0353460014 -0.0197030008 0.0564469993
v -0.0385389999 -0.0195530001 0.0559879988
v -0.0198979992 -0.00080400001 0.0628549978
v -0.0140749998 0.0160910003 0.0582219996
v -0.0321879983 -0.0196509995 0.0565759987
v -0.0215089992 0.00989099964 0.0635010004
v -0.0236949995 0.0105189998 0.0640660003
v -0.021768 0.0080199996 0.0638099983
v -0.0350570008 -0.00538100023 0.0640389994
v -0.0207909998 0.012875 0.0626180023
v -0.0188170001 0.00875900034 0.0625969991
v -0.0209129993 -0.0100379996 0.0601040013
v -0.015497 -0.00459800009 0.0598560013
v -0.0177020002 -0.00860300008 0.0593639985
v -0.0145749999 -0.00965800043 0.0570220016
v -0.0285659991 -0.020583 0.0554400012
v -0.0200529993 0.0156820007 0.0614969991
v -0.0253630001 -0.0272809993 0.0479019992
v -0.0304010008 -0.0172300003 0.0581739992
v -0.0281160008 -0.0145640001 0.0595640019
v -0.0207870007 -0.00374100008 0.0624280013
v -0.0164819993 -0.00132000004 0.0613019988
v -0.0266650002 -0.026695 0.0495829992
v -0.0249000005 -0.0147089995 0.0587650016
v -0.0281160008 -0.0145640001 0.0595640019
v -0.0260160007 -0.017771 0.0569280013
v -0.0238949992 -0.0253950004 0.0493949987
v -0.02104 0.00377000007 0.0636710003
v -0.017678 0.00135699997 0.0622440018
v -0.021435 -0.0247269999 0.0473820008
v -0.026168 0.00908700004 0.0648040026
v -0.0249000005 -0.0147089995 0.0587650016
v -0.0128020002 0.000284000009 0.0595100001
v -0.0118490001 -0.00110200001 0.0585360005
v -0.0285909995 -0.0113660004 0.0614
v -0.0272850003 0.0129610002 0.0643490031
v -0.026168 0.00908700004 0.0648040026
v -0.0239930004 0.00647100015 0.0644920021
v -0.0235580001 -0.0237719994 0.0507589988
v -0.013274 -0.00572900008 0.0579730012
v -0.024007 0.0129880002 0.0636200011
v -0.0136590004 0.00176500005 0.060233999
v -0.0214389991 -0.0130040003 0.0587069988
v -0.0248760004 -0.0119939996 0.0603029989
v -0.00924099982 -0.00124400004 0.0562239997
v -0.0110409996 0.000913999975 0.0583439991
v -0.0237850007 0.0151500003 0.0629250035
v -0.0256919991 -0.0242870003 0.0517049991
v -0.0110649997 0.00323299994 0.0586510003
v -0.0136590004 0.00176500005 0.060233999
v -0.0235060006 0.0205359999 0.0605040006
v -0.0241570007 0.0176630002 0.0620339997
v -0.0193220004 0.0170719996 0.0606740005
v -0.0164819993 -0.00132000004 0.0613019988
v -0.0198979992 -0.00080400001 0.0628549978
v -0.0207870007 -0.00374100008 0.0624280013
v -0.0210909992 -0.0226189997 0.0498519987
v -0.0223859996 -0.0217780005 0.0518929996
v -0.0232439991 -0.0202389993 0.0538639985
v -0.0194799993 0.00103399996 0.0629450008
v -0.0194460005 -0.023271 0.0472280011
v -0.0191159993 -0.0219000001 0.0488610007
v -0.015532 -0.0197609998 0.0486689992
v -0.0171889998 -0.020668 0.0490910001
v -0.0193719994 0.0202319995 0.0591330007
v -0.0276880004 -0.00430299994 0.0640790015
v -0.0291779991 -0.00316799991 0.0645309985
v -0.0098369997 -0.0141860005 0.0488380007
v -0.0067929998 -0.0103280004 0.0477420017
v -0.0177859999 -0.0197420008 0.0509620011
v -0.0256760009 -0.000352000003 0.0644889995
v -0.0088449996 -0.0118800001 0.0496970005
v -0.0123100001 -0.0149839995 0.0511349998
v -0.014161 -0.0172819998 0.0507830009
v -0.0114190001 -0.0165609997 0.0482410006
v -0.0191929992 -0.0186899994 0.0532109998
v -0.0111819999 -0.0128180003 0.0519500002
v -0.0166570004 -0.0178950001 0.0523779988
v -0.0130979996 -0.0137360003 0.053146001
v -0.0147919999 -0.0159980003 0.0526430011
v -0.0224699993 0.000666000007 0.0638400018
v -0.0238119997 0.00379400002 0.0644270033
v -0.0102430005 -0.01119 0.0521540008
v -0.00505399983 -0.00607400015 0.0483070016
v -0.0247709993 -0.0198049992 0.0548719987
v -0.0266800001 -0.0214719996 0.0542690009
v -0.02104 0.00377000007 0.0636710003
v -0.0194799993 0.00103399996 0.0629450008
v -0.0194799993 0.00103399996 0.0629450008
v -0.0239930004 0.00647100015 0.0644920021
v -0.0142179998 -0.0129930004 0.0546660013
v -0.0171470009 -0.0152810002 0.0550159998
v -0.0285659991 -0.020583 0.0554400012
v -0.00750300009 -0.00854200032 0.0505019985
v -0.0238119997 0.00379400002 0.0644270033
v -0.0114280004 -0.0100779999 0.0542929992
v -0.00957900006 -0.00807099976 0.0535259992
v -0.00695500011 -0.005382 0.0518250018
v -0.0173739996 -0.0121160001 0.0573539995
v -0.0290130004 -0.0183889996 0.0571499988
v -0.0290130004 -0.0183889996 0.0571499988
v -0.00450100005 -0.00224000006 0.0494990014
v -0.00639300002 -0.00310799992 0.0521540008
v -0.0209800005 -0.0166340005 0.0560530014
v -0.0304680001 0.01229 0.0648709983
v -0.00909399986 -0.00525799999 0.0545269996
v -0.00768700009 -0.00303600007 0.0538339987
v -0.0272850003 0.0129610002 0.0643490031
v -0.0285260007 0.0150490003 0.0639540032
v -0.0118620005 -0.00656000013 0.0565650016
v -0.029166 0.0107310005 0.0649600029
v -0.0296860002 0.0106729995 0.0650179982
v -0.0296410006 0.0107880002 0.0649939999
v -0.0296640005 0.0107310005 0.0650060028
v -0.0296410006 0.0107880002 0.0649939999
v -0.0296410006 0.0107880002 0.0649939999
v -0.0296640005 0.0107310005 0.0650060028
v -0.0296860002 0.0106729995 0.0650179982
v -0.0296410006 0.0107880002 0.0649939999
v -0.0296410006 0.0107880002 0.0649939999
v -0.029166 0.0107310005 0.0649600029
v -0.0304680001 0.01229 0.0648709983
v -0.0296410006 0.0107880002 0.0649939999
v -0.0304680001 0.01229 0.0648709983
v -0.00733599998 0.000903000007 0.054637
v -0.0272850003 0.0129610002 0.0643490031
v -0.00533600012 -0.000338999991 0.0516330004
v -0.0285260007 0.0150490003 0.0639540032
v -0.0299389996 0.0178800002 0.0629250035
v -0.0330489986 0.0158239994 0.0639130026
v -0.0331350006 0.0135509996 0.0646860003
v -0.0285260007 0.0150490003 0.0639540032
v -0.0331350006 0.0135509996 0.0646860003
v -0.0304680001 0.01229 0.0648709983
v -0.0031979999 -0.00125299999 0.0474079996
v -0.0323159993 0.0202060007 0.0617979988
v -0.0352009982 0.0169450007 0.0632990003
v -0.0272630006 0.0159280002 0.0634460002
v -0.0299389996 0.0178800002 0.0629250035
v -0.0045739999 -5.99999985e-05 0.0505530015
v -0.00343500008 0.001453 0.0486770011
v -0.00463700015 0.00180900004 0.0508579984
v -0.00172599999 0.002018 0.0443469994
v -0.00233100005 0.00372599997 0.0464579985
v -0.00391199999 0.00365000009 0.049713999
v -0.00316899992 0.00575099979 0.0482169986
v -0.0355009995 0.0233130008 0.0595379993
v -0.0194540005 -0.0162969995 0.055594001
v -0.0324390009 0.0227959994 0.0602120012
v -0.0365619995 0.0200670008 0.0614910014
v -0.00642400002 0.00358300004 0.0538309999
v -0.00525900023 0.00558499992 0.0521100014
v -0.0279210005 0.0210340004 0.0611560009
v -0.00424899999 0.00767599978 0.0502079986
v -0.00297800009 0.00946499966 0.047327999
v -0.0315509997 0.0260339994 0.0577929989
v -0.0291239992 0.0238010008 0.0594590008
v -0.0286640003 0.0257580001 0.0579119995
v -0.0108420001 -0.00374500011 0.0568349995
v -0.0429439992 -0.0156640001 0.0574509986
v -0.0443900004 -0.0129399998 0.0585409999
v -0.0399489999 0.0114890002 0.0642879978
v -0.0207759999 0.0231120009 0.0579270013
v -0.0248930007 0.0230149999 0.0593400002
v -0.0385809988 0.0148250004 0.0636439994
v -0.0279210005 0.0210340004 0.0611560009
v -0.0257229991 0.0190040004 0.0618189983
v -0.0365739986 0.0113420002 0.0648820028
v -0.0401239991 -0.0138900001 0.0595390014
v -0.0416390002 -0.0118150003 0.0603680015
v -0.0359349996 0.0138499998 0.0643759966
v -0.00898700021 0.00278500002 0.0567380004
v -0.0373900011 -0.0164730009 0.0584160015
v -0.0353460014 -0.0197030008 0.0564469993
v -0.0373900011 -0.0164730009 0.0584160015
v -0.0291239992 0.0238010008 0.0594590008
v -0.0286640003 0.0257580001 0.0579119995
v -0.00563600007 0.00747299986 0.0525339991
v -0.0252180006 0.0254989993 0.0575199984
v -0.0416390002 -0.0118150003 0.0603680015
v -0.0401239991 -0.0138900001 0.0595390014
v -0.0411680005 -0.00877700001 0.0619530007
v -0.0331350006 0.0135509996 0.0646860003
v -0.00481599988 0.0107840002 0.0505819991
v -0.00318 0.0121290004 0.0468010008
v -0.00481599988 0.0107840002 0.0505819991
v -0.00318 0.0121290004 0.0468010008
v -0.0044209999 0.0137379998 0.0485940017
v -0.00670599984 0.00945399981 0.0537049994
v -0.00670599984 0.00945399981 0.0537049994
v -0.0058579999 0.0127219995 0.0514779985
v -0.0061280001 0.015989 0.0500839986
v -0.0415210016 -0.00170799997 0.06391
v -0.0453980006 -0.00067400001 0.0628689975
v -0.0415210016 -0.00170799997 0.06391
v -0.0408390015 -0.000109000001 0.0643379986
v -0.0371979997 -0.00194300001 0.0646909997
v -0.0408390015 -0.000109000001 0.0643379986
v -0.0375190005 0.000188000005 0.0649759993
v -0.0391310006 0.00353999995 0.0650229976
v -0.0319060013 -0.00439300016 0.0643540025
v -0.0415939987 -0.0280070007 0.0467419997
v -0.0398019999 -0.0292629991 0.0451789983
v -0.0358860008 -0.0294259991 0.0467999987
v -0.00158399995 0.00570600014 0.0441629998
v -0.00221699988 0.00638899999 0.0459919982
v -0.00230200007 0.0126109999 0.0439620018
v -0.0283930004 0.0461749993 0.0376080014
v -0.0281070005 0.0481289998 0.0362070017
v -0.0307669993 0.0485339984 0.0359449983
v -0.0486419983 0.0394200012 0.0307749994
v -0.0482000001 0.0413179994 0.0285739992
v -0.0496000014 0.0389389992 0.0290840007
v -0.0513399988 0.0333769992 0.0369060002
v -0.0517419986 0.0345409997 0.0332700014
v -0.0542670004 0.0308740009 0.0362409987
v -0.0295049995 0.0514709987 0.034212999
v -0.0318549983 0.0498259999 0.0350239985
v -0.0500760004 0.035583999 0.0347849987
v -0.0403209999 0.0316939987 0.050423
v -0.0419019982 0.0347010009 0.0457529984
v -0.0445769988 0.0316229984 0.0480730012
v -0.0460640006 0.0327619985 0.0452059992
v -0.0283930004 0.0461749993 0.0376080014
v -0.0260029994 0.0476960018 0.0361699983
v -0.0281070005 0.0481289998 0.0362070017
v -0.0474289991 0.037078999 0.0366190001
v -0.0491520017 0.0379280001 0.0323150009
v -0.0354089998 0.0631109998 0.0241340008
v -0.0379020013 0.0629680008 0.0221779998
v -0.0379230008 0.060690999 0.0252340008
v -0.0355109982 0.0619300008 0.0255989991
v -0.0399480015 0.0587689988 0.0249400008
v -0.0385570005 0.0583829992 0.0267079994
v -0.0397120006 0.0554240011 0.0276549999
v -0.0380490012 0.0575559996 0.0277570002
v -0.0474289991 0.037078999 0.0366190001
v -0.0500760004 0.035583999 0.0347849987
v -0.0513399988 0.0333769992 0.0369060002
v -0.0464619994 0.0418250002 0.0313909985
v -0.0470150001 0.0434040017 0.0282409992
v -0.046794001 0.0360479988 0.0392530002
v -0.0479299985 0.0339680016 0.0411860012
v -0.050751999 0.0322059989 0.0402959995
v -0.0371729992 0.0600799993 0.0263899993
v -0.050751999 0.0322059989 0.0402959995
v -0.0359570011 0.0578350015 0.0289409999
v -0.0383850001 0.0530730002 0.0303390007
v -0.037512999 0.0353690013 0.0469780006
v -0.0394520015 0.0353690013 0.0462240018
v -0.0447469987 0.0422360003 0.0334610008
v -0.0456640013 0.039512001 0.0356470011
v -0.0348399989 0.0610850006 0.0268489998
v -0.0331760012 0.0627010018 0.025897
v -0.0476580001 0.0443329997 0.0251800008
v -0.0450370014 0.0478539988 0.0265580006
v -0.0458119996 0.048613999 0.0239780005
v -0.017616 0.0550189987 0.0271160007
v -0.0166469999 0.0583229996 0.0237189997
v -0.0187170003 0.0583159998 0.026199
v -0.0350489989 0.0305749997 0.0532989986
v -0.0351159982 0.0352789983 0.0477119982
v -0.0340059996 0.0315009989 0.0524160005
v -0.0191130005 0.0600109994 0.0252579991
v -0.0337649994 0.0579710007 0.0297960006
v -0.0342260003 0.0543420017 0.0317780003
v -0.0319389999 0.0564740002 0.0312229991
v -0.0335800014 0.0598290004 0.0285030007
v -0.0446959995 0.0355289988 0.0423670001
v -0.0293470006 0.056299001 0.0316389985
v -0.0311319996 0.0531990007 0.0331390016
v -0.0444509983 0.045322001 0.0303300004
v -0.0306950007 0.0590609983 0.0297749992
v -0.0283930004 0.0583029985 0.0304710008
v -0.0316339992 0.0613109991 0.0278370008
v -0.0323150009 0.0353629999 0.0481190011
v -0.0443710014 0.0384019986 0.0388009995
v -0.0456640013 0.039512001 0.0356470011
v -0.0441740006 0.040213 0.036708001
v -0.0417260006 0.046879001 0.0320140012
v -0.0447469987 0.0422360003 0.0334610008
v -0.0428300016 0.0433529988 0.0344749987
v -0.028686 0.0604079999 0.0289709996
v -0.0432140008 0.0377600007 0.0407779999
v -0.0444509983 0.045322001 0.0303300004
v -0.0424499996 0.0417999998 0.036603
v -0.0407119989 0.0433220007 0.0364179984
v -0.0295109991 0.0622720011 0.0272770002
v -0.0274860002 0.0615010001 0.0279980004
v -0.0264970008 0.0591140017 0.0297330003
v -0.0274860002 0.0615010001 0.0279980004
v -0.028686 0.0604079999 0.0289709996
v -0.0264970008 0.0591140017 0.0297330003
v -0.0418870002 0.0395970009 0.0396680012
v -0.0384199992 0.0430510007 0.038116999
v -0.0435840003 0.0478920005 0.0288989991
v -0.0220480002 0.0549030006 0.0306669995
v -0.0225479994 0.0511399992 0.032931
v -0.020211 0.0497069992 0.0324020013
v -0.0382849984 0.0450479984 0.0363090001
v -0.0391490012 0.0396450013 0.0413240008
v -0.0359439999 0.0414130017 0.0407500006
v -0.0187459998 0.0531620011 0.0293509997
v -0.018894 0.0560830012 0.0277910009
v -0.020482 0.0573230013 0.0283640008
v -0.0197930001 0.0529390015 0.0303370003
v -0.0346800014 0.0431380011 0.0394859985
v -0.0362089984 0.0455529988 0.0368719995
v -0.0435840003 0.0478920005 0.0288989991
v -0.0424350016 0.0507160015 0.0279699992
v -0.0242660008 0.0585669987 0.0295279995
v -0.0230659992 0.0587700009 0.0288939998
v -0.020482 0.0573230013 0.0283640008
v -0.0197930001 0.0529390015 0.0303370003
v -0.0396480002 0.0467780009 0.0339800008
v -0.0368149988 0.0494000018 0.0336779989
v -0.0205850005 0.0590070002 0.0273109991
v -0.0349069983 0.0482780002 0.0353100002
v -0.0404150002 0.0490159988 0.0314720012
v -0.0276250001 0.0509329997 0.0344180018
v -0.0264129993 0.0560999997 0.0315449983
v -0.0264129993 0.0560999997 0.0315449983
v -0.0276250001 0.0509329997 0.0344180018
v -0.026238 0.0505959988 0.0344190001
v -0.0242550001 0.0503210016 0.0340600014
v -0.0438509993 0.0514089987 0.0252579991
v -0.0442829989 0.0537009984 0.0221040007
v -0.0329420008 0.0465850011 0.0369910002
v -0.0236610007 0.0545720011 0.0315419994
v -0.0337820016 0.0407890007 0.0419550017
v -0.0318530016 0.0423600003 0.0407180004
v -0.0424350016 0.0507160015 0.0279699992
v -0.0283930004 0.0583029985 0.0304710008
v -0.0423839986 0.0563549995 0.0234009996
v -0.0295749996 0.0405710004 0.0425850004
v -0.0295390002 0.0430670008 0.040213
v -0.0424350016 0.0507160015 0.0279699992
v -0.0245469995 0.0609479994 0.0278009996
v -0.0413619988 0.056646999 0.0247869994
v -0.0272230003 0.0419580005 0.0409669988
v -0.0295390002 0.0430670008 0.040213
v -0.0295749996 0.0405710004 0.0425850004
v -0.0312360004 0.0458110012 0.0378590003
v -0.0266440008 0.0631150007 0.0262310002
v -0.0232909992 0.062419001 0.0256970003
v -0.0259409994 0.0641549975 0.024673
v -0.025773 0.0442450009 0.0386839993
v -0.0408629999 0.0508110002 0.0297379997
v -0.0311379991 0.0635519996 0.0255180001
v -0.0321570002 0.0642319992 0.0242400002
v -0.0288459994 0.0634220019 0.0260320008
v -0.0266440008 0.0631150007 0.0262310002
v -0.0413339995 0.0374800004 0.0425879993
v -0.0326579995 0.0384900011 0.0445679985
v -0.0304770004 0.0377239995 0.0455599986
v -0.0282550007 0.0380490012 0.0450749993
v -0.0385489985 0.0497750007 0.0324510001
v -0.0219999999 0.060527999 0.0269329995
v -0.0208899993 0.0625799969 0.023914
v -0.0382420011 0.0379480012 0.0436460003
v -0.0341759995 0.0510930009 0.0336889997
v -0.0413619988 0.056646999 0.0247869994
v -0.0191130005 0.0600109994 0.0252579991
v -0.0199539997 0.0609950013 0.0250860006
v -0.0187170003 0.0583159998 0.026199
v -0.0205850005 0.0590070002 0.0273109991
v -0.0199539997 0.0609950013 0.0250860006
v -0.0231979992 0.0641629994 0.0231560003
v -0.0369039997 0.0527970009 0.0314619988
v -0.0360580012 0.0383349992 0.0439639986
v -0.0239000004 0.0481389984 0.0352779999
v -0.0276250001 0.0509329997 0.0344180018
v -0.0282550007 0.0380490012 0.0450749993
v -0.0216070004 0.0473180003 0.0347299986
v -0.0391470008 0.0616099983 0.0227809995
v -0.0398660004 0.0616340004 0.0215349998
v -0.0407200009 0.0597199984 0.0227840003
v -0.0399480015 0.0587689988 0.0249400008
v -0.0391470008 0.0616099983 0.0227809995
v -0.0548090003 0.0301729999 0.0191050004
v -0.0533219986 0.0336280018 0.0201929994
v -0.0533219986 0.0336280018 0.0201929994
v -0.0550689995 0.0316170007 0.0237479992
v -0.0364769995 0.064594999 0.0195599999
v -0.0391080007 0.0629570037 0.0197679996
v -0.0352240019 0.0643669963 0.0219170004
v -0.0337530002 0.0654570013 0.0200900007
v -0.0364769995 0.064594999 0.0195599999
v -0.0352240019 0.0643669963 0.0219170004
v -0.0320769995 0.0654549971 0.0216230005
v -0.0529210009 0.0349909998 0.0218729991
v -0.0536700003 0.0339000002 0.0252969991
v -0.0320769995 0.0654549971 0.0216230005
v -0.0269339997 0.0662840009 0.0137259997
v -0.0272300001 0.0651310012 0.014254
v -0.0284160003 0.0649079978 0.0150499996
v -0.0284850001 0.0651419982 0.0145589998
v -0.0301869996 0.0649700016 0.0143980002
v -0.0268740002 0.0647919998 0.0145380003
v -0.0265469998 0.0648080036 0.0149370003
v -0.0287180003 0.066019997 0.0141040003
v -0.0285960007 0.0653119981 0.0159690008
v -0.0294269994 0.0650189966 0.0154999997
v -0.0311639998 0.0655459985 0.0160489995
v -0.0528840013 0.0328570008 0.0174219999
v -0.0263650008 0.0660710037 0.0176240001
v -0.0289789997 0.0658560023 0.0174800009
v -0.02929 0.0660459995 0.0196509995
v -0.0311999992 0.0659580007 0.0177270006
v -0.0244590007 0.066215001 0.0184920002
v -0.0255360007 0.0661199987 0.0200169999
v -0.0294230003 0.0657539964 0.0219480004
v -0.0311280005 0.066091001 0.0192569997
v -0.0511419997 0.0384400003 0.0205760002
v -0.0255360007 0.0661199987 0.0200169999
v -0.0241340008 0.0661650002 0.018925
v -0.0244590007 0.066215001 0.0184920002
v -0.0216990001 0.0651720017 0.0184799992
v -0.0241340008 0.0661650002 0.018925
v -0.0219100006 0.064819999 0.0206090007
v -0.0271690004 0.0654269978 0.0227080006
v -0.0219100006 0.064819999 0.0206090007
v -0.0522589982 0.036350999 0.0242149998
v -0.0231979992 0.0641629994 0.0231560003
v -0.0191830005 0.0638450012 0.0181639995
v -0.0178740006 0.0626500025 0.0191990007
v -0.0191830005 0.0638450012 0.0181639995
v -0.0178740006 0.0626500025 0.0191990007
v -0.0429009981 0.0594200008 0.0140530001
v -0.0444119982 0.0562870018 0.0143400002
v -0.0430239998 0.0593780018 0.0157709997
v -0.0532560013 0.0344469994 0.0264340006
v -0.0163930003 0.0605130009 0.0204039998
v -0.0187660009 0.0623890013 0.0218969993
v -0.0155170001 0.0582929999 0.0215339996
v -0.0503819995 0.0400490016 0.0220849998
v -0.041269999 0.0615490004 0.0131080002
v -0.0173930004 0.0603239983 0.0228729993
v -0.041540999 0.0616180003 0.0147299999
v -0.0404740013 0.0624510013 0.0140030002
v -0.0493759997 0.0424150005 0.0191680007
v -0.0451259986 0.0543980002 0.0174339991
v -0.0440500006 0.0566129982 0.0188110005
v -0.0516690016 0.0363750011 0.0279680006
v -0.0498370007 0.0401180014 0.0256009996
v -0.0489679985 0.0427870005 0.0229090005
v -0.0425250009 0.0589350015 0.0197969992
v -0.0199539997 0.0609950013 0.0250860006
v -0.0420570001 0.0608429983 0.0169660002
v -0.0405469984 0.0623460002 0.0165529996
v -0.0187660009 0.0623890013 0.0218969993
v -0.0178740006 0.0626500025 0.0191990007
v -0.0391080007 0.0629570037 0.0197679996
v -0.0368300006 0.064294003 0.0127130002
v -0.0370669998 0.0645970032 0.0171089992
v -0.0395479985 0.0629170015 0.012662
v -0.0341240019 0.0650580004 0.0139830001
v -0.0327540003 0.0648100004 0.0137050003
v -0.0343189985 0.0655170009 0.0173710007
v -0.0312680006 0.0646750033 0.0134889996
v -0.0525709987 0.0343950018 0.0306919999
v -0.0307659991 0.0649430007 0.0145530002
v -0.0309670009 0.0651519969 0.0130869998
v -0.0302489996 0.0673440024 0.0127210002
v -0.0301019996 0.0653200001 0.0139530003
v -0.0296410006 0.0672020018 0.0134899998
v -0.0370669998 0.0645970032 0.0171089992
v -0.0364769995 0.064594999 0.0195599999
v -0.0294230003 0.0657539964 0.0219480004
v -0.0285410006 0.0648820028 0.0239519998
v -0.0285410006 0.0648820028 0.0239519998
v -0.0288459994 0.0634220019 0.0260320008
v -0.0294230003 0.0657539964 0.0219480004
v -0.0271690004 0.0654269978 0.0227080006
v -0.0379020013 0.0629680008 0.0221779998
v -0.0391470008 0.0616099983 0.0227809995
v -0.0294179991 0.0679270029 0.0129869999
v -0.0281629991 0.067328997 0.0137970001
v -0.0284310002 0.0679519996 0.0133959996
v -0.0274769999 0.0679790005 0.0132170003
v -0.0267280005 0.0672980025 0.0133130001
v -0.0200750008 0.0645439997 0.0160349999
v -0.0470959991 0.0485359989 0.0171269998
v -0.0474250019 0.0473759994 0.0196139999
v -0.0463440008 0.0487480015 0.0222469997
v -0.046089001 0.0509749986 0.0196010005
v -0.0135660004 0.0237850007 0.0528489985
v -0.0127720004 0.0265779998 0.0495389998
v -0.0160310008 0.0283109993 0.0505370013
v -0.0136479996 0.0439530015 0.0271579996
v -0.0129310004 0.0405119993 0.0283770002
v -0.0136890002 0.0405189991 0.0304620005
v -0.0145500004 0.043908 0.0291750003
v -0.0304770004 0.0377239995 0.0455599986
v -0.0275449995 0.0357000008 0.0476550013
v -0.0122109996 0.0315489992 0.0417609997
v -0.0141820004 0.0331580006 0.0423149988
v -0.0124049997 0.0297129992 0.0451779999
v -0.00977400038 0.0231449995 0.0496359989
v -0.0100229997 0.0255410001 0.0475270003
v -0.0111689996 0.0256949998 0.0487559997
v -0.0108949998 0.0210229997 0.0527309999
v -0.0127720004 0.0265779998 0.0495389998
v -0.0135660004 0.0237850007 0.0528489985
v -0.0145100001 0.0321980007 0.0442360006
v -0.0166330002 0.0345249996 0.0433139987
v -0.0254640002 0.0329170004 0.0502809994
v -0.0238509998 0.0346399993 0.0477810018
v -0.0148329996 0.0415150002 0.0317820013
v -0.0147679998 0.0304240007 0.0469500013
v -0.0174490009 0.0316190012 0.047770001
v -0.0170549992 0.0395810008 0.037227001
v -0.0156459995 0.0392500013 0.0356770009
v -0.0176759996 0.0423050001 0.0352689996
v -0.0185700003 0.0400150008 0.0383279994
v -0.0180970002 0.0240700003 0.0557920001
v -0.0224849992 0.0374500006 0.0438139997
v -0.0197289996 0.0349269994 0.045274999
v -0.0193319991 0.0367790014 0.0426950008
v -0.0196240004 0.0419929996 0.0373659991
v -0.00230200007 0.0126109999 0.0439620018
v -0.00140199997 0.00996099971 0.0421059988
v -0.00196100003 0.0139520001 0.0414180011
v -0.0208269991 0.0389759988 0.0411520004
v -0.0182840005 0.037726 0.0406300016
v -0.0185700003 0.0400150008 0.0383279994
v -0.0174490009 0.0316190012 0.047770001
v -0.0166330002 0.0345249996 0.0433139987
v -0.0193319991 0.0367790014 0.0426950008
v -0.0197289996 0.0349269994 0.045274999
v -0.0204380006 0.0316900015 0.0495989993
v -0.0122950003 0.0204380006 0.0544349998
v -0.0233699996 0.044493001 0.0376100019
v -0.0248130001 0.041813001 0.0404080003
v -0.0204380006 0.0316900015 0.0495989993
v -0.003088 0.0165560003 0.0431430005
v -0.00334300008 0.0148280002 0.0455190018
v -0.0224520005 0.0417350009 0.0394079983
v -0.0213409998 0.0441810004 0.036745999
v -0.0166330002 0.0345249996 0.0433139987
v -0.00277999998 0.0180740003 0.0390800014
v -0.00396300014 0.0208310001 0.0395449996
v -0.0145100001 0.0321980007 0.0442360006
v -0.0170959998 0.0260170009 0.053470999
v -0.0196240004 0.0419929996 0.0373659991
v -0.0191140007 0.0289820004 0.0518339984
v -0.00557000004 0.0214709993 0.0441780016
v -0.00420500012 0.0195669997 0.0429380015
v -0.00547900004 0.0232159998 0.0408440009
v -0.0087670004 0.0187710002 0.0518940017
v -0.0235820003 0.0301319994 0.0527199991
v -0.0235820003 0.0301319994 0.0527199991
v -0.0238509998 0.0346399993 0.0477810018
v -0.00842299964 0.0235520005 0.0475340001
v -0.00858999975 0.0212910008 0.0498129986
v -0.0218880009 0.0286449995 0.0535530001
v -0.0147679998 0.0304240007 0.0469500013
v -0.0163649991 0.0376680009 0.038674999
v -0.0149889998 0.0358630009 0.0392530002
v -0.0146970004 0.036979001 0.0370899998
v -0.00500799995 0.0183850005 0.0463850014
v -0.0160310008 0.0283109993 0.0505370013
v -0.0330250002 0.0284260008 0.0556280017
v -0.0305230003 0.0286340006 0.0555390008
v -0.0322009996 0.0308589991 0.0532930009
v -0.0131550003 0.0346009992 0.0379460007
v -0.00985599961 0.0303739998 0.0387579985
v -0.011399 0.0331190005 0.0366180018
v -0.0125470003 0.0356159993 0.0346419998
v -0.0299369991 0.0330430008 0.0508669987
v -0.0287330002 0.0306030009 0.0534209982
v -0.0239519998 0.0398639999 0.0419120006
v -0.0267760009 0.0314759985 0.0521729998
v -0.0299369991 0.0330430008 0.0508669987
v -0.0287330002 0.0306030009 0.0534209982
v -0.00665900018 0.0239240006 0.0432929993
v -0.0262449998 0.0281230006 0.0554980002
v -0.0254849996 0.0387150012 0.0437170006
v -0.0136890002 0.0384549983 0.0331129991
v -0.00637200009 0.0201239996 0.0474679992
v -0.0305230003 0.0286340006 0.0555390008
v -0.0160450004 0.0418419987 0.0334989987
v -0.00795899983 0.0237119999 0.0465999991
v -0.0262449998 0.0281230006 0.0554980002
v -0.0286640003 0.0257580001 0.0579119995
v -0.0182840005 0.037726 0.0406300016
v -0.0231449995 0.0255650003 0.0568929985
v -0.0262449998 0.0281230006 0.0554980002
v -0.0132689998 0.0466590002 0.0245580003
v -0.0208059996 0.0255169999 0.0560300015
v -0.0148139996 0.0501310006 0.0258920006
v -0.0143060004 0.0459919982 0.0273589995
v -0.0145239998 0.0524669997 0.0238039996
v -0.0157379992 0.0544649996 0.0247820001
v -0.0146479998 0.0554770008 0.022163
v -0.0182840005 0.037726 0.0406300016
v -0.00921600033 0.0266689993 0.0446030013
v -0.0094259996 0.0285819992 0.0415549986
v -0.0159760006 0.0473380014 0.0293949991
v -0.0160360001 0.0513090007 0.0272020008
v -0.0216070004 0.0473180003 0.0347299986
v -0.0200059991 0.0450420007 0.0352189988
v -0.0188389998 0.0455560014 0.0338299982
v -0.017151 0.0505409986 0.0292140003
v -0.0179009996 0.0497060008 0.0305509996
v -0.00743599981 0.0274810009 0.0380759984
v -0.0172789991 0.0442750007 0.0331510007
v -0.0158590004 0.0444190018 0.0310500003
v -0.0175480004 0.0464960001 0.0319809988
v -0.020211 0.0497069992 0.0324020013
v -0.0188389998 0.0455560014 0.0338299982
v -0.0114860004 0.0290169995 0.0448400006
v -0.0120710004 0.0369810015 0.0308560003
v -0.0200059991 0.0450420007 0.0352189988
v -0.0107110003 0.0339599997 0.0319450013
v -0.0188389998 0.0455560014 0.0338299982
v -0.0275449995 0.0357000008 0.0476550013
v -0.00969799981 0.0323380008 0.0308330003
v -0.00976900011 0.0319080018 0.0337090008
v -0.00715600001 0.0278900005 0.0340659991
v -0.00495100021 0.0237750001 0.0365540013
vt 0.127378002 0.692981005
vt 0.140668005 0.675303996
vt 0.127113 0.678710997
vt 0.0921019986 0.698306024
vt 0.0700849965 0.688741982
vt 0.0681350008 0.71134001
vt 0.105975002 0.726996005
vt 0.0960849971 0.722850978
vt 0.0964550003 0.738927007
vt 0.115140997 0.808277011
vt 0.134606004 0.812420011
vt 0.116860002 0.783497989
vt 0.118371002 0.734309971
vt 0.0818519965 0.715497017
vt 0.110784002 0.755191982
vt 0.157111004 0.668987989
vt 0.141435996 0.657612026
vt 0.129754007 0.715668976
vt 0.0642099977 0.732179999
vt 0.0830949992 0.739340007
vt 0.139618993 0.697695971
vt 0.0711200014 0.743722975
vt 0.0786420032 0.763572991
vt 0.0655129999 0.770395994
vt 0.159923002 0.683319986
vt 0.0963419974 0.764675021
vt 0.145777002 0.705497026
vt 0.0280510001 0.691937983
vt 0.0229959991 0.712732017
vt 0.0365960002 0.705434978
vt 0.0130930003 0.697005987
vt 0.162359998 0.693713009
vt 0.137572005 0.730466008
vt 0.0809329972 0.781777024
vt 0.0995690003 0.781535029
vt 0.161078006 0.712574005
vt 0.0450129993 0.714308977
vt 0.0476269983 0.739170015
vt 0.0533719994 0.722132027
vt 0.0289970003 0.729062974
vt 0.0296659991 0.739166975
vt 0.133959994 0.748584986
vt 0.0372040011 0.751699984
vt 0.0519969985 0.752206028
vt 0.171416998 0.701647997
vt 0.134363994 0.76492101
vt 0.178221002 0.689987004
vt 0.0432489999 0.762932003
vt 0.0541240014 0.767554998
vt 0.750387013 0.51088798
vt 0.759573996 0.512178004
vt 0.764968991 0.506806016
vt 0.0323249996 0.759441972
vt 0.0231509991 0.749858022
vt 0.160107002 0.729134977
vt 0.182561994 0.717983007
vt 0.181844994 0.704719007
vt 0.129917994 0.787909985
vt 0.0891309977 0.661347985
vt 0.0814250037 0.68007499
vt 0.0956270024 0.674233973
vt 0.177550003 0.730229974
vt 0.102311999 0.654420972
vt 0.188823 0.742022991
vt 0.114358 0.674831986
vt 0.0883259997 0.628926992
vt 0.0679010004 0.635195017
vt 0.0806839988 0.650756001
vt 0.108930998 0.694580972
vt 0.0989049971 0.642832994
vt 0.0524259992 0.779052973
vt 0.162327006 0.751946986
vt 0.689432979 0.50098598
vt 0.695653021 0.513105989
vt 0.702975988 0.505069971
vt 0.0671190023 0.790067017
vt 0.0710889995 0.590852022
vt 0.086387001 0.582885027
vt 0.0736270025 0.571404994
vt 0.730619013 0.500693977
vt 0.71490097 0.492408007
vt 0.722114027 0.508545995
vt 0.132452995 0.642031014
vt 0.139572993 0.629266977
vt 0.121668003 0.63112402
vt 0.153291002 0.773808002
vt 0.115556002 0.651533008
vt 0.10819 0.635309994
vt 0.726356983 0.484378994
vt 0.700516999 0.491122007
vt 0.127960995 0.663181007
vt 0.0512770005 0.582625985
vt 0.0546969995 0.609351993
vt 0.0635680035 0.561635971
vt 0.171777993 0.767858028
vt 0.150391996 0.651162028
vt 0.304663986 0.524352014
vt 0.307808995 0.504382014
vt 0.291382998 0.517010987
vt 0.0821919963 0.80230999
vt 0.0931759998 0.794237018
vt 0.675490975 0.488566011
vt 0.684382021 0.474281013
vt 0.101239003 0.71034801
vt 0.154466003 0.79923898
vt 0.31684199 0.516038001
vt 0.0476309992 0.631801009
vt 0.0663819984 0.619681001
vt 0.338046998 0.495564997
vt 0.331230015 0.523196995
vt 0.115267999 0.707681
vt 0.165821999 0.785318017
vt 0.0489850007 0.649339974
vt 0.0559929982 0.664934993
vt 0.327151 0.488763988
vt 0.0355230011 0.611047983
vt 0.0822120011 0.604920983
vt 0.304794997 0.486961991
vt 0.296783 0.504302979
vt 0.100511 0.813157022
vt 0.191694006 0.765290976
vt 0.714811981 0.435856998
vt 0.703896999 0.445351005
vt 0.717971981 0.451563001
vt 0.203819007 0.741244018
vt 0.78234899 0.491717994
vt 0.783901989 0.505680025
vt 0.799293995 0.504525006
vt 0.767350972 0.493252009
vt 0.370869994 0.553151011
vt 0.386251986 0.521480978
vt 0.36323899 0.537645996
vt 0.797774017 0.486523002
vt 0.0526299998 0.691067994
vt 0.0677860007 0.674552977
vt 0.780341983 0.475950986
vt 0.0573190004 0.700393021
vt 0.703568995 0.472645015
vt 0.345593989 0.517618001
vt 0.362403989 0.514105976
vt 0.353262007 0.536574006
vt 0.384707004 0.497202009
vt 0.842377007 0.440578014
vt 0.837728024 0.451808989
vt 0.859493017 0.457756996
vt 0.818241 0.438264996
vt 0.815693021 0.450621009
vt 0.854535997 0.495799989
vt 0.855201006 0.47865501
vt 0.840443015 0.489358991
vt 0.876118004 0.493642002
vt 0.877637982 0.476375014
vt 0.831487 0.469945014
vt 0.0251969993 0.681541026
vt 0.0191549994 0.667203009
vt 0.0268750004 0.654533982
vt 0.792957008 0.520309985
vt 0.805193007 0.531395972
vt 0.816437006 0.51374203
vt 0.819775999 0.528026998
vt 0.911183 0.540385008
vt 0.884827971 0.544292986
vt 0.916132987 0.557241976
vt 0.868049026 0.531141996
vt 0.871697009 0.549664021
vt 0.892161012 0.527045012
vt 0.0414809994 0.662626028
vt 0.740867972 0.499278992
vt 0.755659997 0.492022008
vt 0.0347639993 0.632417977
vt 0.907993019 0.521803021
vt 0.901694 0.510792971
vt 0.919874012 0.527734995
vt 0.873700023 0.512507021
vt 0.837141991 0.525837004
vt 0.832029998 0.532876015
vt 0.0475689992 0.568099976
vt 0.927386999 0.571941018
vt 0.935847998 0.569386005
vt 0.933404028 0.553061008
vt 0.897866011 0.556993008
vt 0.930046976 0.534246981
vt 0.948800027 0.544746995
vt 0.943706989 0.529294014
vt 0.852539003 0.541474998
vt 0.103283003 0.613232017
vt 0.920041025 0.510589004
vt 0.919166028 0.49513799
vt 0.902656972 0.498185009
vt 0.884782016 0.48526299
vt 0.904178023 0.487888992
vt 0.118818998 0.615433991
vt 0.914117992 0.470109999
vt 0.920845985 0.484385014
vt 0.930168986 0.491667986
vt 0.936102986 0.495931
vt 0.0349210016 0.594136
vt 0.896009028 0.475051999
vt 0.934553981 0.515331984
vt 0.945869982 0.501314998
vt 0.811239004 0.468553007
vt 0.79637599 0.467204005
vt 0.0808190033 0.559289992
vt 0.805215001 0.311751008
vt 0.815651 0.313798994
vt 0.815648019 0.309376001
vt 0.820128977 0.495492995
vt 0.762377024 0.473908007
vt 0.773029029 0.456566989
vt 0.751101017 0.464114994
vt 0.823334992 0.484582007
vt 0.735520005 0.452941
vt 0.735787988 0.467584997
vt 0.750395 0.438463002
vt 0.773845017 0.432817996
vt 0.784775972 0.465802014
vt 0.787711024 0.446615994
vt 0.754024029 0.422830999
vt 0.782682002 0.416592002
vt 0.719916999 0.466416001
vt 0.74169898 0.481855005
vt 0.728384018 0.435716003
vt 0.702073991 0.455581993
vt 0.739866972 0.427587003
vt 0.71866101 0.427722991
vt 0.0226099994 0.631531
vt 0.726518989 0.418639004
vt 0.750771999 0.412364006
vt 0.538094997 0.944990993
vt 0.530117989 0.933046997
vt 0.52046001 0.94532901
vt 0.391184986 0.552542984
vt 0.383383006 0.563683987
vt 0.395016998 0.573321998
vt 0.383801997 0.579177022
vt 0.408558011 0.561329007
vt 0.403921008 0.525816977
vt 0.797776997 0.446386009
vt 0.0989189968 0.597743988
vt 0.102861002 0.581520021
vt 0.050317999 0.680639029
vt 0.951179981 0.55636698
vt 0.94779402 0.516782999
vt 0.798988998 0.425518006
vt 0.955627024 0.529367983
vt 0.964024007 0.542066991
vt 0.964070022 0.513804972
vt 0.959298015 0.505837977
vt 0.965478003 0.52906698
vt 0.0152160004 0.722579002
vt 0.77838701 0.519118011
vt 0.832535028 0.316240013
vt 0.840021014 0.322153002
vt 0.842518985 0.310813993
vt 0.039898999 0.684174001
vt 0.958477974 0.48990199
vt 0.855073988 0.52017498
vt 0.862716973 0.506461024
vt 0.685868979 0.459859997
vt 0.836085975 0.506294012
vt 0.360962003 0.493506998
vt 0.842786014 0.542225003
vt 0.890500009 0.452749014
vt 0.202150002 0.720736027
vt 0.182291001 0.610225022
vt 0.191369995 0.594017982
vt 0.169140995 0.584600985
vt 0.177928999 0.576753974
vt 0.165364996 0.65527302
vt 0.240109995 0.713191986
vt 0.245305002 0.696283996
vt 0.232433006 0.698989987
vt 0.229872003 0.730859995
vt 0.243057996 0.725803018
vt 0.250376999 0.71233201
vt 0.178717002 0.66623199
vt 0.175901994 0.642069995
vt 0.188896 0.652877986
vt 0.171495005 0.34393099
vt 0.184391007 0.335606992
vt 0.170680001 0.333016008
vt 0.215724006 0.700743973
vt 0.204910994 0.698330998
vt 0.170860007 0.675702989
vt 0.259725004 0.702238977
vt 0.254375994 0.695145011
vt 0.150092006 0.358274013
vt 0.161096007 0.360763013
vt 0.161953002 0.352474004
vt 0.158515006 0.339509994
vt 0.213604003 0.726646006
vt 0.193203002 0.632283986
vt 0.202345997 0.63944
vt 0.119300999 0.401149005
vt 0.136060998 0.408627003
vt 0.128264993 0.389064014
vt 0.123406999 0.426054001
vt 0.199441001 0.664382994
vt 0.144757003 0.395920992
vt 0.131405994 0.373800993
vt 0.146853 0.37846601
vt 0.2051 0.62450403
vt 0.156156003 0.573457003
vt 0.158186004 0.594546974
vt 0.0993049964 0.387712985
vt 0.193507999 0.67829901
vt 0.205072999 0.652363002
vt 0.161432996 0.365103006
vt 0.165812001 0.566576004
vt 0.144968003 0.346917003
vt 0.106789 0.417820007
vt 0.0998110026 0.402848005
vt 0.110540003 0.376062006
vt 0.127553001 0.549171984
vt 0.141565993 0.564903021
vt 0.142489001 0.543946981
vt 0.0845030025 0.399670005
vt 0.0989350006 0.378188014
vt 0.190712005 0.694342971
vt 0.576309979 0.408881992
vt 0.564688981 0.41486001
vt 0.575425982 0.42888099
vt 0.884841025 0.345328003
vt 0.888599992 0.337657005
vt 0.878413022 0.333146006
vt 0.88568598 0.329306006
vt 0.899242997 0.331234008
vt 0.892646015 0.347241014
vt 0.90010798 0.348275989
vt 0.228387997 0.651318014
vt 0.213413998 0.667319
vt 0.224830002 0.66731602
vt 0.205091998 0.68504101
vt 0.592594981 0.39961201
vt 0.610294998 0.386249989
vt 0.588748991 0.380971998
vt 0.238597006 0.679198027
vt 0.220598996 0.683118999
vt 0.540207028 0.468941987
vt 0.525605023 0.479795009
vt 0.540129006 0.479972005
vt 0.605129004 0.374040008
vt 0.592612982 0.366501987
vt 0.604234993 0.356656998
vt 0.616599023 0.363231987
vt 0.615419984 0.34671399
vt 0.626634002 0.344424009
vt 0.572822988 0.465649992
vt 0.562053978 0.468181014
vt 0.564857006 0.480545998
vt 0.226729006 0.712300003
vt 0.565194011 0.451934993
vt 0.572951972 0.445443004
vt 0.586423993 0.457646012
vt 0.588584006 0.43779099
vt 0.629655004 0.325688988
vt 0.642400026 0.335478991
vt 0.555317998 0.47605899
vt 0.550397992 0.454026997
vt 0.222386003 0.742060006
vt 0.542290986 0.45202601
vt 0.239509001 0.741200984
vt 0.214717999 0.640605986
vt 0.904025018 0.321211994
vt 0.913823009 0.327118993
vt 0.914018989 0.315542996
vt 0.0512650013 0.390177011
vt 0.0689930022 0.401089013
vt 0.0676259995 0.384346992
vt 0.901226997 0.316210985
vt 0.0803719983 0.377077013
vt 0.502524018 0.519137025
vt 0.514658988 0.524231017
vt 0.517630994 0.515911996
vt 0.0906760022 0.36729899
vt 0.498154998 0.503614008
vt 0.0838669986 0.532579005
vt 0.0645890012 0.547585011
vt 0.0859510005 0.545868993
vt 0.93858403 0.581721008
vt 0.213078007 0.616091013
vt 0.118900001 0.354914993
vt 0.102270998 0.352993011
vt 0.230074003 0.627005994
vt 0.202295005 0.595432997
vt 0.0542800017 0.544093013
vt 0.0596259981 0.533294022
vt 0.0712900013 0.533047974
vt 0.183236003 0.561122
vt 0.192805007 0.574593008
vt 0.129611999 0.330866009
vt 0.115033999 0.333335996
vt 0.132255003 0.342492998
vt 0.0923779979 0.526443005
vt 0.0989679992 0.330933988
vt 0.0797820017 0.524031997
vt 0.202535003 0.582071006
vt 0.544161975 0.567071974
vt 0.549978971 0.581721008
vt 0.559211016 0.574805021
vt 0.215125993 0.587278008
vt 0.103570998 0.540270984
vt 0.104567997 0.523302972
vt 0.0872910023 0.348154992
vt 0.0718640015 0.364708006
vt 0.102252997 0.463250011
vt 0.119648002 0.458148003
vt 0.114909999 0.440355003
vt 0.116132997 0.533989012
vt 0.112640999 0.517991006
vt 0.566003978 0.562388003
vt 0.556710005 0.563446999
vt 0.0817330033 0.337062001
vt 0.566781998 0.554848015
vt 0.121310003 0.601737976
vt 0.545733988 0.553122997
vt 0.553388 0.54430002
vt 0.612085998 0.485435009
vt 0.62499398 0.485776991
vt 0.621179998 0.466632992
vt 0.113251999 0.57397598
vt 0.589954972 0.546993017
vt 0.565237999 0.542641997
vt 0.128985003 0.584372997
vt 0.223041996 0.608918011
vt 0.133356005 0.440860003
vt 0.0569740012 0.469197005
vt 0.0763019994 0.465719998
vt 0.0593059994 0.454039991
vt 0.597829998 0.449413002
vt 0.601180017 0.474846005
vt 0.614111006 0.444115996
vt 0.630082011 0.459753007
vt 0.130880997 0.528787017
vt 0.588542998 0.530632973
vt 0.143646002 0.614688993
vt 0.0451380014 0.463384002
vt 0.047398001 0.450949997
vt 0.563261986 0.532724023
vt 0.138185993 0.600939989
vt 0.139943004 0.429536998
vt 0.146566004 0.580353022
vt 0.604745984 0.432891011
vt 0.546154022 0.516713023
vt 0.540063977 0.542061985
vt 0.0360089988 0.440712005
vt 0.0311239995 0.455271989
vt 0.625697017 0.426495999
vt 0.535359979 0.524595022
vt 0.617201984 0.415549994
vt 0.0644790009 0.420699
vt 0.0469070002 0.427940995
vt 0.531602025 0.536891997
vt 0.108264998 0.492428988
vt 0.115847997 0.482766002
vt 0.115227997 0.472335011
vt 0.0445749983 0.407404989
vt 0.636023998 0.502821982
vt 0.628117025 0.506720006
vt 0.641897976 0.520026982
vt 0.0977289975 0.557042003
vt 0.562255979 0.512732983
vt 0.0936390013 0.482490003
vt 0.586585999 0.517787993
vt 0.110246003 0.551495016
vt 0.570721984 0.507166982
vt 0.0272489991 0.42414701
vt 0.121501997 0.563971996
vt 0.629567027 0.407027006
vt 0.0260150004 0.402732998
vt 0.593091011 0.45133999
vt 0.0983820036 0.449885994
vt 0.57841599 0.503812015
vt 0.596728981 0.422540992
vt 0.642135024 0.48941499
vt 0.605502009 0.405052006
vt 0.569702029 0.493757993
vt 0.56022203 0.496481001
vt 0.603156984 0.519694984
vt 0.605328977 0.504848003
vt 0.638571978 0.478511989
vt 0.628607988 0.472000986
vt 0.622852027 0.388586015
vt 0.0845099986 0.437709004
vt 0.599521995 0.489731997
vt 0.0533879995 0.374967009
vt 0.0354930013 0.382636994
vt 0.058304999 0.360879004
vt 0.607787013 0.535601974
vt 0.581058979 0.484631985
vt 0.0306979995 0.371089995
vt 0.0550150014 0.34178099
vt 0.0433069989 0.352155
vt 0.0854490027 0.412869006
vt 0.023085 0.359802991
vt 0.156284004 0.557356
vt 0.0442080013 0.334807009
vt 0.609727979 0.546697974
vt 0.626102984 0.539725006
vt 0.0284199994 0.339231014
vt 0.014835 0.354297996
vt 0.0164039992 0.336973995
vt 0.638288021 0.53836602
vt 0.622833014 0.523903012
vt 0.0263519995 0.31834501
vt 0.527049005 0.510416985
vt 0.537275016 0.505249023
vt 0.551554024 0.498997986
vt 0.642141998 0.305202991
vt 0.639297009 0.315908015
vt 0.653778017 0.304847986
vt 0.625366986 0.297728002
vt 0.542568982 0.48794201
vt 0.582056999 0.394156009
vt 0.548988998 0.48300001
vt 0.171182007 0.384249002
vt 0.163261995 0.386498988
vt 0.179729 0.397455007
vt 0.245816007 0.65940702
vt 0.634518981 0.384400994
vt 0.531437993 0.49160701
vt 0.630414009 0.372557014
vt 0.519249022 0.496639997
vt 0.507009983 0.493636996
vt 0.0173460003 0.392722011
vt 0.0159380008 0.37826699
vt 0.0102869999 0.373930991
vt 0.638460994 0.358078986
vt 0.952633023 0.571430027
vt 0.962378979 0.572878003
vt 0.966111004 0.553147972
vt 0.643038988 0.346412003
vt 0.877692997 0.351462007
vt 0.864467978 0.356593013
vt 0.872829974 0.371286005
vt 0.886623979 0.368010014
vt 0.534075022 0.557352006
vt 0.243092999 0.629665971
vt 0.893535972 0.355634004
vt 0.249789 0.645654023
vt 0.531085014 0.549570978
vt 0.855239987 0.348508
vt 0.863591015 0.335045993
vt 0.851037025 0.334850013
vt 0.263090998 0.660975993
vt 0.563428998 0.432503015
vt 0.877057016 0.342144996
vt 0.871450007 0.336593986
vt 0.54518801 0.429901004
vt 0.852501988 0.318948001
vt 0.860620022 0.313876003
vt 0.87481302 0.321399987
vt 0.160541996 0.628922999
vt 0.885312021 0.315243989
vt 0.264813006 0.670316994
vt 0.911063015 0.334282011
vt 0.913123012 0.345236987
vt 0.136236995 0.358491987
vt 0.893287003 0.321969002
vt 0.898756981 0.313551009
vt 0.173302993 0.621466994
vt 0.147149995 0.333537996
vt 0.16212 0.84957999
vt 0.173696995 0.840282023
vt 0.162180007 0.827960014
vt 0.210807994 0.923757017
vt 0.222910002 0.935370028
vt 0.218698993 0.905970991
vt 0.159920007 0.913047016
vt 0.158759996 0.933206975
vt 0.171978995 0.94995898
vt 0.179580003 0.826534986
vt 0.190282002 0.839384973
vt 0.196622998 0.928734004
vt 0.182970002 0.92563802
vt 0.184139997 0.943801999
vt 0.196835995 0.955384016
vt 0.230186 0.926132977
vt 0.232483 0.914817989
vt 0.243594006 0.910593987
vt 0.224375993 0.886241019
vt 0.342301011 0.465047002
vt 0.326126993 0.464370012
vt 0.194671005 0.821740985
vt 0.170990005 0.172427997
vt 0.183300003 0.176566005
vt 0.189521 0.146574005
vt 0.236331999 0.881775975
vt 0.227917999 0.872937977
vt 0.240272 0.857055008
vt 0.244073004 0.878871024
vt 0.18118 0.859118998
vt 0.168944001 0.861783981
vt 0.214240998 0.947037995
vt 0.211855993 0.965618014
vt 0.191209003 0.862779021
vt 0.251082987 0.873449028
vt 0.202314004 0.837512016
vt 0.227149993 0.95468998
vt 0.234371006 0.970842004
vt 0.222198993 0.972018003
vt 0.195614994 0.851881981
vt 0.130067006 0.826951027
vt 0.110064998 0.82367897
vt 0.263698012 0.871713996
vt 0.260322988 0.884698987
vt 0.172003001 0.196924999
vt 0.177371994 0.877855003
vt 0.235774994 0.939302981
vt 0.255295008 0.908289015
vt 0.244755 0.934009016
vt 0.257272005 0.934827983
vt 0.264459014 0.894524992
vt 0.199550003 0.253639013
vt 0.203398004 0.269926012
vt 0.211145997 0.25446701
vt 0.20747 0.813000023
vt 0.237581 0.955065012
vt 0.212695003 0.828938007
vt 0.213064 0.840547025
vt 0.249662995 0.954218984
vt 0.206841007 0.852847993
vt 0.346556991 0.487823009
vt 0.226253003 0.828464985
vt 0.218518004 0.813426018
vt 0.254992008 0.947709978
vt 0.149947003 0.839748025
vt 0.228309005 0.817071021
vt 0.265249014 0.943799973
vt 0.188828006 0.242070004
vt 0.202518001 0.240036994
vt 0.142213002 0.847862005
vt 0.34176299 0.448168993
vt 0.241052002 0.831354022
vt 0.234644994 0.824645996
vt 0.265942991 0.913259983
vt 0.154826999 0.887009025
vt 0.148936003 0.869603992
vt 0.143448994 0.886507988
vt 0.352908999 0.473598003
vt 0.352782011 0.451418996
vt 0.164574996 0.881285012
vt 0.373172998 0.465344012
vt 0.363265008 0.465402007
vt 0.367352009 0.477676004
vt 0.389284015 0.351999998
vt 0.39169699 0.363348007
vt 0.397363007 0.345959008
vt 0.181992993 0.90467
vt 0.186823994 0.888953984
vt 0.162931994 0.955684006
vt 0.177488998 0.970552027
vt 0.169007003 0.97409898
vt 0.318167001 0.457280993
vt 0.169937 0.906508982
vt 0.13064 0.847784996
vt 0.129922003 0.886207998
vt 0.134142995 0.875832021
vt 0.119557999 0.875159025
vt 0.359784007 0.441599995
vt 0.351668 0.43612501
vt 0.414155006 0.339675993
vt 0.412238985 0.357174009
vt 0.180129007 0.98466301
vt 0.189472005 0.986232996
vt 0.191497996 0.973626971
vt 0.196978003 0.915959001
vt 0.201709002 0.900364995
vt 0.369488001 0.435784996
vt 0.363766998 0.420172989
vt 0.120389998 0.886901975
vt 0.133323997 0.899664998
vt 0.406991988 0.324921995
vt 0.396813005 0.329645008
vt 0.373095006 0.450251013
vt 0.396620005 0.320894003
vt 0.121738002 0.865935981
vt 0.130588993 0.85965699
vt 0.117242999 0.844623983
vt 0.380998999 0.483996987
vt 0.210632995 0.884715974
vt 0.205293998 0.974497974
vt 0.145986006 0.858062029
vt 0.219735995 0.855086029
vt 0.397798002 0.476489991
vt 0.197099 0.984591007
vt 0.212020993 0.981840014
vt 0.386007011 0.464239001
vt 0.402227998 0.458214015
vt 0.393936008 0.449245006
vt 0.409747988 0.427695006
vt 0.396145999 0.434129
vt 0.410890013 0.460613996
vt 0.212795004 0.989398003
vt 0.397372007 0.294463992
vt 0.388361007 0.283838987
vt 0.388262004 0.298000991
vt 0.226789996 0.984749019
vt 0.226864994 0.844926
vt 0.137732998 0.914059997
vt 0.236020997 0.981795013
vt 0.147793993 0.931038976
vt 0.371695995 0.409898013
vt 0.235782996 0.839329004
vt 0.379013985 0.286435992
vt 0.381215006 0.403721988
vt 0.375903994 0.394928008
vt 0.376080006 0.277016997
vt 0.247826993 0.845708013
vt 0.246592999 0.833052993
vt 0.387528002 0.274921
vt 0.378547996 0.265742987
vt 0.404114008 0.310990006
vt 0.392621994 0.312274009
vt 0.409512997 0.299652994
vt 0.181047007 0.219264999
vt 0.188917994 0.206526995
vt 0.179763004 0.205617994
vt 0.171633005 0.150754005
vt 0.254873008 0.856604993
vt 0.180265993 0.139120996
vt 0.151240006 0.939813018
vt 0.188517004 0.191051006
vt 0.142534003 0.935545027
vt 0.191542 0.121229999
vt 0.272392005 0.941857994
vt 0.156178996 0.955697
vt 0.181593001 0.790548027
vt 0.250169009 0.970342994
vt 0.244746 0.979673028
vt 0.168466002 0.810926974
vt 0.260634005 0.962309003
vt 0.368988991 0.270814002
vt 0.368755996 0.258515
vt 0.361481994 0.262576014
vt 0.209212005 0.0729570016
vt 0.213312998 0.0823229998
vt 0.217508003 0.0739300027
vt 0.215875 0.0902329981
vt 0.203673005 0.0827319995
vt 0.202466995 0.0904240012
vt 0.264178008 0.972024024
vt 0.272094011 0.958757997
vt 0.209644005 0.757206976
vt 0.201938003 0.782402992
vt 0.223582 0.766278982
vt 0.217391998 0.784087002
vt 0.21085 0.278569996
vt 0.217502996 0.259189993
vt 0.221136004 0.801617026
vt 0.403028995 0.28569001
vt 0.395195007 0.28222999
vt 0.413542002 0.293018997
vt 0.415592998 0.288010001
vt 0.386440009 0.413152009
vt 0.394059002 0.272006005
vt 0.907500982 0.611379981
vt 0.896950006 0.605845988
vt 0.891927004 0.610983014
vt 0.390222013 0.262475014
vt 0.902720988 0.621571004
vt 0.885075986 0.621357024
vt 0.884468973 0.628482997
vt 0.915996015 0.622457027
vt 0.416577011 0.373255998
vt 0.427983999 0.364051998
vt 0.42444101 0.350127995
vt 0.423756987 0.337098986
vt 0.430157989 0.334912002
vt 0.414745986 0.322167993
vt 0.394423991 0.374590009
vt 0.381693989 0.380650014
vt 0.417201996 0.316570014
vt 0.402119011 0.38349399
vt 0.435617 0.352878004
vt 0.438556999 0.335889012
vt 0.507553995 0.691573977
vt 0.497377992 0.696555972
vt 0.500338018 0.709734023
vt 0.509374022 0.711594999
vt 0.446619004 0.335869998
vt 0.446269989 0.325798005
vt 0.410194993 0.314677
vt 0.419959009 0.307000995
vt 0.430743009 0.312893003
vt 0.437561005 0.32069999
vt 0.431802005 0.305456996
vt 0.421324998 0.296085
vt 0.406991988 0.404743999
vt 0.381379008 0.442842007
vt 0.395438999 0.412743002
vt 0.490294009 0.666157007
vt 0.489735007 0.671968997
vt 0.497557014 0.674933016
vt 0.50564301 0.66583699
vt 0.502297997 0.681948006
vt 0.51494199 0.673923016
vt 0.859724998 0.651134014
vt 0.870334029 0.636161983
vt 0.862242997 0.636653006
vt 0.526534975 0.809768021
vt 0.523006022 0.780108988
vt 0.510164022 0.783051014
vt 0.873758972 0.62668401
vt 0.41761899 0.403329998
vt 0.427035987 0.29628399
vt 0.418837994 0.424097002
vt 0.877487004 0.64052701
vt 0.42257601 0.406527996
vt 0.890352011 0.632423997
vt 0.508522987 0.760914028
vt 0.901539981 0.630335987
vt 0.918904006 0.629916012
vt 0.90269202 0.636133015
vt 0.909254014 0.637683988
vt 0.897382975 0.640446007
vt 0.906921983 0.640572011
vt 0.872653008 0.673986971
vt 0.890250981 0.644698977
vt 0.878907025 0.659563005
vt 0.885523021 0.654015005
vt 0.864955008 0.666521013
vt 0.895726979 0.643507004
vt 0.891444981 0.645595014
vt 0.891560018 0.649305999
vt 0.898886025 0.652213991
vt 0.90278101 0.648455024
vt 0.898108006 0.646046996
vt 0.500366986 0.756015003
vt 0.505972028 0.741122007
vt 0.894030988 0.651643991
vt 0.896393001 0.655282974
vt 0.519150019 0.751106977
vt 0.90772903 0.643629014
vt 0.888226986 0.654335022
vt 0.886682987 0.666809976
vt 0.88814199 0.664116979
vt 0.889797986 0.660170972
vt 0.430601001 0.38408801
vt 0.896076024 0.659286022
vt 0.896699011 0.663082004
vt 0.498683006 0.733972013
vt 0.154624999 0.162316993
vt 0.176678002 0.124237001
vt 0.396752 0.491564989
vt 0.208639994 0.100126997
vt 0.193435997 0.102794997
vt 0.415883988 0.490929991
vt 0.194795996 0.0869409963
vt 0.189702004 0.0788799971
vt 0.413875014 0.475246012
vt 0.921126008 0.612821996
vt 0.921651006 0.602285981
vt 0.913860023 0.605741978
vt 0.940011978 0.613400996
vt 0.936100006 0.621509016
vt 0.927371025 0.622008026
vt 0.197289005 0.0724909976
vt 0.185702994 0.0721120015
vt 0.187804997 0.112245999
vt 0.197521999 0.112232
vt 0.419524997 0.457167
vt 0.192917004 0.0962760001
vt 0.179345995 0.107584998
vt 0.514357984 0.807071984
vt 0.164165005 0.124195002
vt 0.176230997 0.0936399996
vt 0.167409003 0.0976009965
vt 0.155634999 0.109144002
vt 0.151538 0.0976409987
vt 0.179395005 0.0831760019
vt 0.168211997 0.0732150003
vt 0.164085999 0.0841419995
vt 0.152364001 0.0878600031
vt 0.92888099 0.634514987
vt 0.924885988 0.641789019
vt 0.917521 0.640715003
vt 0.918438017 0.643420994
vt 0.915651977 0.64350301
vt 0.932183981 0.642412007
vt 0.923385978 0.646866977
vt 0.916827977 0.647542
vt 0.921486974 0.652410984
vt 0.924906015 0.657552004
vt 0.922630012 0.657710016
vt 0.927581012 0.656590998
vt 0.922986984 0.662687004
vt 0.923485994 0.668433011
vt 0.927461982 0.666314006
vt 0.920830011 0.668697
vt 0.937089026 0.653881013
vt 0.933466971 0.673693001
vt 0.155607 0.0704689994
vt 0.149388999 0.0761630014
vt 0.138696998 0.0911390036
vt 0.139500007 0.0811479986
vt 0.817529976 0.66820699
vt 0.827786982 0.669341981
vt 0.822766006 0.662217021
vt 0.818886995 0.680899024
vt 0.80952698 0.657656014
vt 0.809854984 0.678916991
vt 0.903425992 0.650376022
vt 0.900681019 0.654888988
vt 0.905112982 0.651436985
vt 0.908959985 0.648688018
vt 0.907634974 0.650923014
vt 0.912946999 0.651247025
vt 0.911496997 0.654213011
vt 0.906068027 0.658466995
vt 0.898576021 0.656789005
vt 0.899779022 0.661535978
vt 0.911267996 0.662418008
vt 0.905456007 0.664582014
vt 0.950583994 0.624894023
vt 0.948934972 0.636895001
vt 0.939103007 0.636316001
vt 0.944986999 0.652944982
vt 0.950232983 0.648835003
vt 0.915633023 0.652051985
vt 0.916435003 0.655422986
vt 0.913618028 0.656190991
vt 0.915728986 0.660048008
vt 0.913084984 0.664439976
vt 0.917571008 0.66484803
vt 0.94294399 0.665475011
vt 0.948005021 0.664426029
vt 0.939918995 0.681015015
vt 0.958141983 0.647671998
vt 0.961476028 0.635128021
vt 0.838384986 0.655481994
vt 0.827573001 0.653132021
vt 0.957845986 0.667461991
vt 0.139193997 0.319572002
vt 0.118869998 0.312918991
vt 0.108281001 0.300642997
vt 0.0886870027 0.293076992
vt 0.0845139995 0.304708004
vt 0.132057995 0.299373001
vt 0.145719007 0.302792013
vt 0.121215001 0.282047987
vt 0.189244002 0.258213997
vt 0.184892997 0.280369997
vt 0.175839007 0.25977999
vt 0.176384002 0.288015991
vt 0.104238003 0.315542996
vt 0.237032995 0.754970014
vt 0.169653997 0.216260001
vt 0.161331996 0.196904004
vt 0.160248995 0.216267005
vt 0.100523002 0.277112007
vt 0.148655996 0.211922005
vt 0.149678007 0.230184004
vt 0.170149997 0.226815999
vt 0.175237 0.241510004
vt 0.185597003 0.231741995
vt 0.131979004 0.227764994
vt 0.145441994 0.222580001
vt 0.131843999 0.207396001
vt 0.189737007 0.302251995
vt 0.180142 0.322201997
vt 0.190259993 0.32190901
vt 0.164654002 0.242337003
vt 0.146347001 0.194175005
vt 0.138879001 0.187710002
vt 0.126616001 0.237645999
vt 0.135451004 0.249587998
vt 0.195133001 0.284904003
vt 0.201894999 0.297823012
vt 0.151694 0.242877007
vt 0.116699003 0.217288002
vt 0.139962003 0.278483003
vt 0.118523002 0.207093
vt 0.175779 0.308376998
vt 0.160181999 0.181770995
vt 0.112774 0.256731004
vt 0.152049005 0.25503999
vt 0.125479996 0.190363005
vt 0.802037001 0.771238029
vt 0.810723007 0.779447019
vt 0.811178029 0.754297972
vt 0.110875003 0.230761006
vt 0.0961380005 0.240738004
vt 0.164967 0.324959993
vt 0.0698539987 0.268272996
vt 0.136488006 0.170139
vt 0.0672499985 0.290024012
vt 0.119147003 0.173506007
vt 0.0825409964 0.245568007
vt 0.0467270017 0.310027003
vt 0.0291080009 0.301681995
vt 0.0977009982 0.216205001
vt 0.0882000029 0.222890005
vt 0.0559160002 0.292694986
vt 0.0384429991 0.285470009
vt 0.0838280022 0.320780993
vt 0.0739869997 0.218978003
vt 0.0927700028 0.207455993
vt 0.101326004 0.199562997
vt 0.0331959985 0.280786991
vt 0.0474330001 0.258031011
vt 0.109066002 0.190112993
vt 0.823749006 0.924427986
vt 0.814668 0.945837021
vt 0.826514006 0.940352023
vt 0.801540017 0.922699988
vt 0.0973730013 0.180621997
vt 0.0810180008 0.199282005
vt 0.805895984 0.829050004
vt 0.816726029 0.829389989
vt 0.819149017 0.816478014
vt 0.823433995 0.909285009
vt 0.155098006 0.313284993
vt 0.807079971 0.899165988
vt 0.0879720002 0.187208995
vt 0.810162008 0.807092011
vt 0.814016998 0.79656899
vt 0.801818013 0.808232009
vt 0.167533994 0.294315994
vt 0.0664350018 0.242285997
vt 0.136696994 0.149456993
vt 0.122685999 0.145407006
vt 0.108139999 0.176872998
vt 0.102577001 0.145412996
vt 0.0965519994 0.168813005
vt 0.155248001 0.284105986
vt 0.805823982 0.873008013
vt 0.815226972 0.876639009
vt 0.818772972 0.783608973
vt 0.0645470023 0.316210002
vt 0.79965198 0.787329972
vt 0.0303949993 0.269006014
vt 0.161744997 0.262461007
vt 0.152658001 0.132253006
vt 0.148805007 0.122994997
vt 0.137032002 0.119321004
vt 0.132999003 0.110917002
vt 0.119937003 0.132909
vt 0.107281998 0.131730005
vt 0.814270973 0.734920979
vt 0.801385999 0.730234027
vt 0.112810001 0.123489998
vt 0.118643999 0.109800003
vt 0.808663011 0.71925801
vt 0.817577004 0.712947011
vt 0.808269978 0.705724001
vt 0.130265996 0.101149999
vt 0.821088016 0.701448023
vt 0.803894997 0.691999972
vt 0.824878991 0.687668025
vt 0.337962002 0.879594982
vt 0.330047011 0.903065026
vt 0.351253986 0.889410019
vt 0.355843008 0.955172002
vt 0.342325002 0.948978007
vt 0.34386301 0.95648402
vt 0.794228017 0.168658003
vt 0.777374983 0.179569006
vt 0.796250999 0.181619003
vt 0.327998996 0.94868201
vt 0.336169004 0.940325022
vt 0.330839992 0.868184984
vt 0.325760007 0.847266972
vt 0.317779005 0.861976027
vt 0.80448103 0.198065996
vt 0.814338982 0.212164998
vt 0.820392013 0.198596001
vt 0.367505997 0.961010993
vt 0.374906987 0.974780977
vt 0.378982008 0.961986005
vt 0.665988982 0.883696973
vt 0.652444005 0.876470983
vt 0.660178006 0.89231199
vt 0.353996009 0.942045987
vt 0.765694022 0.250744998
vt 0.749064982 0.246444002
vt 0.761793017 0.261806995
vt 0.333718985 0.855597019
vt 0.811619997 0.174361005
vt 0.738093972 0.227232993
vt 0.738430977 0.246438995
vt 0.350493014 0.865086973
vt 0.821878016 0.171905994
vt 0.335312992 0.843385994
vt 0.369942009 0.944616973
vt 0.825902998 0.193012998
vt 0.295464009 0.143279001
vt 0.296882004 0.161855996
vt 0.305110008 0.154705003
vt 0.328871012 0.824562013
vt 0.340896994 0.828792989
vt 0.762458026 0.231572002
vt 0.354600012 0.903693974
vt 0.387558013 0.978817999
vt 0.841265023 0.190935999
vt 0.854027987 0.183909997
vt 0.840713978 0.175957993
vt 0.395015001 0.971930027
vt 0.392246008 0.957171977
vt 0.400265008 0.988434017
vt 0.412660986 0.97508502
vt 0.303824991 0.138991997
vt 0.369437009 0.893473983
vt 0.356463999 0.876464009
vt 0.410035998 0.959603012
vt 0.375427991 0.877229989
vt 0.385237992 0.890275002
vt 0.422562003 0.964165986
vt 0.801809013 0.154413
vt 0.815376997 0.151456997
vt 0.387111992 0.944857001
vt 0.827172995 0.159825996
vt 0.383547992 0.935395002
vt 0.364537001 0.868306994
vt 0.852524996 0.168540001
vt 0.300291985 0.134294003
vt 0.307662994 0.126229003
vt 0.845574021 0.164349005
vt 0.406033993 0.944585025
vt 0.379734993 0.865010023
vt 0.318057001 0.132884994
vt 0.329187989 0.120061003
vt 0.39756 0.93531698
vt 0.726491988 0.220005006
vt 0.73378998 0.197578996
vt 0.414784998 0.987362981
vt 0.754960001 0.205605999
vt 0.425291002 0.948786974
vt 0.391885996 0.872453988
vt 0.706251025 0.22349
vt 0.701011002 0.202818006
vt 0.692202985 0.220399007
vt 0.681792021 0.204412997
vt 0.352928996 0.929512024
vt 0.77296102 0.215085998
vt 0.345508009 0.848944008
vt 0.714636028 0.197349995
vt 0.337278992 0.92622
vt 0.344217002 0.915875971
vt 0.366176009 0.932470977
vt 0.645781994 0.97953397
vt 0.635637999 0.971810997
vt 0.638957024 0.983554006
vt 0.352804005 0.829044998
vt 0.751435995 0.191292003
vt 0.364697993 0.918772995
vt 0.717128992 0.179736003
vt 0.734772027 0.179370001
vt 0.379527986 0.922568977
vt 0.360799015 0.837706983
vt 0.371600986 0.821970999
vt 0.825191021 0.27443099
vt 0.820949972 0.286588013
vt 0.832018971 0.275714993
vt 0.359248996 0.852383018
vt 0.759239972 0.177886993
vt 0.371950001 0.852825999
vt 0.786288023 0.25376299
vt 0.783460975 0.239797994
vt 0.379332989 0.907682002
vt 0.742833018 0.169299006
vt 0.376298994 0.839866996
vt 0.385535002 0.845444977
vt 0.752816975 0.165489003
vt 0.77184701 0.166201994
vt 0.812758029 0.252220005
vt 0.800719023 0.240293995
vt 0.802058995 0.259795994
vt 0.76552403 0.152639002
vt 0.71837002 0.170583993
vt 0.732195973 0.164958
vt 0.784093976 0.220763996
vt 0.798942983 0.229516
vt 0.651328027 0.96362102
vt 0.659721017 0.971098006
vt 0.633324981 0.948873997
vt 0.642920017 0.935971022
vt 0.621290028 0.935190022
vt 0.624387026 0.922909021
vt 0.673267007 0.969537973
vt 0.66237998 0.978155971
vt 0.673547983 0.976969004
vt 0.811114013 0.240141004
vt 0.395007014 0.855370998
vt 0.626513004 0.910544991
vt 0.609992981 0.904100001
vt 0.62627703 0.896776021
vt 0.745774984 0.154688999
vt 0.813802004 0.228751004
vt 0.402314991 0.879263997
vt 0.628571987 0.964455009
vt 0.616719007 0.950035989
vt 0.417216003 0.86224699
vt 0.644847989 0.919607997
vt 0.656063974 0.94817102
vt 0.643100023 0.900197029
vt 0.652827024 0.932545006
vt 0.392755985 0.820149004
vt 0.822574019 0.254878998
vt 0.808193982 0.270494014
vt 0.821269989 0.269116998
vt 0.666369021 0.962336004
vt 0.83711803 0.25988701
vt 0.402790993 0.833258986
vt 0.661225975 0.910035014
vt 0.65090698 0.906849027
vt 0.841169 0.265668988
vt 0.413841009 0.844901979
vt 0.664098024 0.94016403
vt 0.422295988 0.833238006
vt 0.752906978 0.148380995
vt 0.832593024 0.242695004
vt 0.390864015 0.915241003
vt 0.402711987 0.927546978
vt 0.630424976 0.882472992
vt 0.853618026 0.256655008
vt 0.854609013 0.272664011
vt 0.643631995 0.884939015
vt 0.319063991 0.953095019
vt 0.315759987 0.942663014
vt 0.324389011 0.936771989
vt 0.412580997 0.927285016
vt 0.820288002 0.242437005
vt 0.674217999 0.947081983
vt 0.678795993 0.964155018
vt 0.641793013 0.861836016
vt 0.625099003 0.860476971
vt 0.402626991 0.913219988
vt 0.401699007 0.902630985
vt 0.852822006 0.248640001
vt 0.414454013 0.907597005
vt 0.320648015 0.916628003
vt 0.316652 0.822812021
vt 0.319031 0.84315598
vt 0.846728027 0.232013002
vt 0.835933983 0.232739002
vt 0.398319989 0.896296024
vt 0.666876018 0.927356005
vt 0.673403025 0.91021198
vt 0.316267997 0.898370028
vt 0.326914996 0.892754972
vt 0.413388997 0.891846001
vt 0.831261992 0.218817994
vt 0.324696988 0.880042017
vt 0.781790972 0.155702993
vt 0.669848025 0.89874202
vt 0.42296201 0.882849991
vt 0.777831018 0.141872004
vt 0.788753986 0.142583996
vt 0.762233019 0.142816007
vt 0.766339004 0.192371994
vt 0.799924016 0.212468997
vt 0.828154981 0.211474001
vt 0.824647009 0.210372001
vt 0.235425994 0.478055
vt 0.235425994 0.478055
vt 0.235425994 0.478055
vt 0.291382998 0.174879
vt 0.294654012 0.176175997
vt 0.291978002 0.174884006
vt 0.271966994 0.497085005
vt 0.271611989 0.496605992
vt 0.271784991 0.496850014
vt 0.235425994 0.478055
vt 0.291680992 0.174875006
vt 0.292046994 0.170548007
vt 0.825239003 0.210300997
vt 0.848482013 0.214285001
vt 0.83545202 0.203556001
vt 0.783608973 0.198725
vt 0.947282016 0.49594599
vt 0.603878021 0.934705973
vt 0.948632002 0.486030012
vt 0.604498029 0.919815004
vt 0.587844014 0.900945008
vt 0.588567019 0.920436025
vt 0.829181015 0.299791008
vt 0.840102971 0.291240007
vt 0.578031003 0.887987018
vt 0.563826025 0.887912989
vt 0.569357991 0.907590985
vt 0.852280974 0.299226999
vt 0.568354011 0.872552991
vt 0.849255025 0.284732014
vt 0.573629022 0.856826007
vt 0.614282012 0.887210011
vt 0.597649992 0.888696015
vt 0.906211019 0.456458986
vt 0.594487011 0.858932972
vt 0.580089986 0.850988984
vt 0.613120973 0.871585011
vt 0.776475012 0.397204012
vt 0.794466019 0.408277988
vt 0.76643002 0.411960989
vt 0.90140897 0.438196987
vt 0.698580027 0.184744
vt 0.545284986 0.962127984
vt 0.558826983 0.964537978
vt 0.551469028 0.951120973
vt 0.702946007 0.1734
vt 0.871194005 0.445012987
vt 0.571750998 0.952881992
vt 0.829752982 0.42582199
vt 0.559273005 0.936946988
vt 0.85651499 0.433522999
vt 0.555845022 0.923740983
vt 0.857860029 0.419550002
vt 0.537797987 0.91713798
vt 0.724940002 0.159627005
vt 0.576617002 0.930140018
vt 0.555759013 0.909668982
vt 0.610234022 0.970807016
vt 0.623848975 0.978707016
vt 0.416200995 0.537262022
vt 0.540163994 0.897689998
vt 0.876815975 0.427033991
vt 0.600010991 0.953135014
vt 0.817502022 0.412268013
vt 0.895928979 0.428698003
vt 0.842691004 0.405979991
vt 0.831420004 0.398312002
vt 0.802384019 0.401232988
vt 0.81338799 0.400642008
vt 0.717914999 0.231947005
vt 0.792979002 0.399352998
vt 0.566480994 0.975410998
vt 0.561923027 0.98514998
vt 0.571424007 0.985055983
vt 0.574723005 0.968747973
vt 0.86105299 0.408190012
vt 0.723344982 0.242070004
vt 0.675237 0.221571997
vt 0.59533298 0.985206008
vt 0.576348007 0.990221024
vt 0.612473011 0.982648015
vt 0.595869005 0.971194029
vt 0.919223011 0.45380199
vt 0.925620019 0.470901996
vt 0.928785026 0.469015002
vt 0.938748002 0.471570998
vt 0.806212008 0.286855012
vt 0.798988998 0.310709
vt 0.813162982 0.299531013
vt 0.587302983 0.94016403
vt 0.792343974 0.270267993
vt 0.789274991 0.286067992
vt 0.78008002 0.275112003
vt 0.532850981 0.874991
vt 0.550249994 0.883278012
vt 0.542762995 0.852568984
vt 0.953853011 0.477712989
vt 0.357221991 0.0880040005
vt 0.370081991 0.101617999
vt 0.376516014 0.0922980011
vt 0.877583981 0.279983997
vt 0.879365027 0.295673013
vt 0.886613011 0.284907997
vt 0.392688006 0.160791993
vt 0.380362988 0.157841995
vt 0.383886009 0.175862998
vt 0.864693999 0.272798002
vt 0.859779 0.280627996
vt 0.373824 0.0791139975
vt 0.705951989 0.963045001
vt 0.703821003 0.979511976
vt 0.71528399 0.985436022
vt 0.359786004 0.0695530027
vt 0.899435997 0.284877986
vt 0.899466991 0.276210994
vt 0.539698005 0.303790003
vt 0.553627014 0.310701013
vt 0.553819001 0.293958008
vt 0.393348992 0.0857700035
vt 0.388608992 0.100056998
vt 0.425985008 0.930415988
vt 0.439797014 0.950026989
vt 0.439410001 0.925822973
vt 0.571089029 0.213584006
vt 0.561671972 0.209253997
vt 0.566393018 0.225738004
vt 0.916575015 0.291602999
vt 0.908258975 0.293590009
vt 0.45154199 0.933448017
vt 0.36976701 0.151662007
vt 0.360754997 0.156896994
vt 0.717621028 0.966512978
vt 0.727638006 0.974986017
vt 0.916323006 0.280997992
vt 0.445793986 0.951057017
vt 0.557036996 0.236064002
vt 0.554104984 0.220151007
vt 0.454201996 0.912617028
vt 0.358624995 0.138224006
vt 0.868405998 0.258579999
vt 0.880635023 0.264371008
vt 0.541359007 0.210131004
vt 0.547250986 0.231566995
vt 0.892962992 0.268451005
vt 0.531495988 0.222478002
vt 0.368809998 0.0583360009
vt 0.360175014 0.0550180003
vt 0.385327011 0.0572119989
vt 0.485294014 0.501810014
vt 0.487967998 0.494839013
vt 0.375126988 0.140757993
vt 0.481153995 0.492906004
vt 0.493901998 0.475492001
vt 0.397579998 0.0708329976
vt 0.5625 0.187178001
vt 0.548794985 0.196183994
vt 0.477265 0.480812013
vt 0.392257988 0.140609995
vt 0.531668007 0.199215993
vt 0.862527013 0.245546997
vt 0.534623981 0.163843006
vt 0.531696022 0.185582995
vt 0.546212018 0.179863006
vt 0.363180995 0.0466529988
vt 0.377696991 0.045522999
vt 0.549845994 0.167467996
vt 0.387261987 0.129063994
vt 0.711470008 0.946623027
vt 0.71816498 0.933007002
vt 0.702768981 0.932299972
vt 0.709680021 0.919108987
vt 0.402161986 0.050051
vt 0.85661602 0.227305993
vt 0.552084982 0.155209005
vt 0.866662979 0.228374004
vt 0.865732014 0.191983998
vt 0.862998009 0.176283002
vt 0.536279976 0.145722002
vt 0.874480009 0.25127399
vt 0.873937011 0.241108999
vt 0.546338975 0.135211006
vt 0.887973011 0.255223006
vt 0.342846006 0.143877998
vt 0.330462992 0.138108
vt 0.333707988 0.148852006
vt 0.882000029 0.235790998
vt 0.431472003 0.140064001
vt 0.421985 0.131374002
vt 0.420516998 0.151069999
vt 0.725814998 0.952459991
vt 0.889594972 0.235704005
vt 0.733914018 0.960097015
vt 0.905429006 0.266508013
vt 0.410735995 0.121546
vt 0.398597002 0.126628995
vt 0.41069299 0.133529007
vt 0.901892006 0.254626006
vt 0.737159014 0.940077007
vt 0.389398992 0.215470001
vt 0.396016002 0.236386999
vt 0.397996992 0.227072001
vt 0.381118 0.226720005
vt 0.433809012 0.124159999
vt 0.397228003 0.214583993
vt 0.421301007 0.112657003
vt 0.485103011 0.467040986
vt 0.47062701 0.471607
vt 0.376904994 0.214638993
vt 0.348295003 0.121413
vt 0.480423987 0.371818006
vt 0.494345993 0.36303401
vt 0.479865015 0.36322099
vt 0.434816986 0.108994
vt 0.560516 0.171075001
vt 0.895142019 0.248540998
vt 0.358175009 0.122511998
vt 0.367734998 0.212098002
vt 0.376186013 0.198053002
vt 0.366032988 0.199435994
vt 0.43790099 0.095702
vt 0.699235022 0.940976977
vt 0.391644001 0.195694998
vt 0.512561023 0.204635993
vt 0.50127703 0.203516006
vt 0.511964023 0.213953003
vt 0.369403988 0.122247003
vt 0.514775991 0.190525994
vt 0.526161015 0.208493993
vt 0.486571014 0.385693014
vt 0.507471979 0.355554014
vt 0.500221014 0.375923991
vt 0.51789099 0.380252987
vt 0.408598989 0.200592995
vt 0.516777992 0.177830994
vt 0.513786018 0.485763013
vt 0.397179008 0.180512995
vt 0.406479001 0.165295005
vt 0.483913988 0.354984999
vt 0.498968989 0.340178996
vt 0.502792001 0.482786
vt 0.476009011 0.41445899
vt 0.466288 0.424542993
vt 0.479936987 0.433569998
vt 0.513091981 0.472743988
vt 0.518311024 0.233178005
vt 0.536561012 0.241540998
vt 0.527098 0.469136
vt 0.500503004 0.214497
vt 0.417394996 0.163791999
vt 0.517769992 0.330172002
vt 0.524527013 0.338032007
vt 0.404202998 0.149480999
vt 0.48448199 0.193247005
vt 0.490231007 0.208921
vt 0.504463971 0.220825002
vt 0.509276986 0.463126987
vt 0.519070029 0.360229999
vt 0.499076992 0.191395998
vt 0.508830011 0.327484012
vt 0.489439994 0.401710004
vt 0.471607 0.401284993
vt 0.540947974 0.339069009
vt 0.528097987 0.328494012
vt 0.499940008 0.180409998
vt 0.49959299 0.46737799
vt 0.527526021 0.316955
vt 0.516588986 0.321503997
vt 0.501239002 0.153068006
vt 0.498288006 0.167649001
vt 0.522095025 0.168383002
vt 0.544583976 0.252061009
vt 0.530485988 0.252808005
vt 0.534157991 0.264701009
vt 0.519455016 0.455325007
vt 0.510957003 0.450773001
vt 0.499673992 0.443554014
vt 0.527879 0.244335994
vt 0.535521984 0.460112989
vt 0.530745983 0.450493991
vt 0.542519987 0.436233014
vt 0.536099017 0.442609996
vt 0.52137202 0.151878998
vt 0.403021008 0.11344
vt 0.394674987 0.108427003
vt 0.561212003 0.404334009
vt 0.574056983 0.386483014
vt 0.528621972 0.436300993
vt 0.410254002 0.0939520001
vt 0.562126994 0.392129004
vt 0.54540801 0.408666015
vt 0.540286005 0.419849992
vt 0.556731999 0.417293996
vt 0.514946997 0.430938005
vt 0.54726702 0.395767003
vt 0.52669698 0.423979998
vt 0.536585987 0.400586009
vt 0.532233 0.412678003
vt 0.424190998 0.0877420008
vt 0.417409003 0.0739300027
vt 0.549794972 0.386985004
vt 0.580356002 0.364964992
vt 0.491733998 0.442620009
vt 0.486451 0.454647988
vt 0.426885992 0.073590003
vt 0.437072009 0.0847489983
vt 0.433604985 0.0809120014
vt 0.414422989 0.0607790016
vt 0.527327001 0.396396995
vt 0.516862988 0.409833014
vt 0.477407008 0.45333001
vt 0.563974023 0.375234991
vt 0.508687973 0.228
vt 0.538528025 0.381826997
vt 0.547509015 0.371439993
vt 0.56160903 0.360621005
vt 0.508391023 0.394576013
vt 0.404783994 0.186733007
vt 0.469433993 0.438320994
vt 0.579277992 0.347903013
vt 0.563735008 0.348818988
vt 0.497494012 0.421335012
vt 0.381045014 0.0382919982
vt 0.546184003 0.358402014
vt 0.55250001 0.347781986
vt 0.386819988 0.0351860002
vt 0.386810988 0.0283029992
vt 0.530115008 0.364196002
vt 0.388265997 0.0435599983
vt 0.385827988 0.0440759994
vt 0.386000991 0.0435080007
vt 0.385910988 0.0437889993
vt 0.253693998 0.497085005
vt 0.253693998 0.497085005
vt 0.253618985 0.496800005
vt 0.253549993 0.496511012
vt 0.472833991 0.203887001
vt 0.472833991 0.203887001
vt 0.475077987 0.204025999
vt 0.391369998 0.0399629995
vt 0.385991007 0.0435050018
vt 0.473147988 0.201185003
vt 0.553462029 0.329026014
vt 0.394703001 0.0354529992
vt 0.568616986 0.337226003
vt 0.470728993 0.879662991
vt 0.463748991 0.868353009
vt 0.453655988 0.883383989
vt 0.45640099 0.894897997
vt 0.477205008 0.182853997
vt 0.466288 0.186550006
vt 0.469523996 0.191811994
vt 0.591207027 0.344695985
vt 0.448336005 0.861874998
vt 0.440874994 0.88124001
vt 0.484954 0.177677006
vt 0.472009003 0.169382006
vt 0.576701999 0.336533993
vt 0.587257028 0.330841988
vt 0.575878024 0.327262014
vt 0.608165979 0.332201004
vt 0.599300981 0.323619008
vt 0.58406502 0.320266008
vt 0.59276998 0.311388999
vt 0.427688003 0.851065993
vt 0.50702399 0.41683501
vt 0.441531003 0.847082973
vt 0.429883987 0.868880987
vt 0.560456991 0.320075005
vt 0.571088016 0.30973199
vt 0.464446992 0.850154996
vt 0.583288014 0.302334994
vt 0.598936021 0.295396
vt 0.437177986 0.828676999
vt 0.453633994 0.836547017
vt 0.448971987 0.824557006
vt 0.533080995 0.350071013
vt 0.868785024 0.216922
vt 0.860514998 0.203732997
vt 0.427956998 0.913712025
vt 0.515286028 0.137550995
vt 0.494879991 0.139487997
vt 0.430974007 0.897130013
vt 0.481608987 0.151718006
vt 0.489766002 0.162040994
vt 0.444846988 0.910412014
vt 0.882763028 0.204859003
vt 0.874297023 0.194060996
vt 0.443717986 0.897702992
vt 0.541706979 0.319474995
vt 0.892216027 0.216306001
vt 0.900358975 0.231940001
vt 0.364995003 0.181194007
vt 0.478727013 0.135866001
vt 0.478832006 0.123625003
vt 0.569678009 0.300071001
vt 0.495344013 0.125854999
vt 0.34185499 0.156642005
vt 0.353855997 0.170603007
vt 0.873291016 0.180271998
vt 0.369417012 0.0350309983
vt 0.582626998 0.286549985
vt 0.60374397 0.283933014
vt 0.753476977 0.960334003
vt 0.772166014 0.949446023
vt 0.759977996 0.944956005
vt 0.563835025 0.290363014
vt 0.737859011 0.969510019
vt 0.745904982 0.952700973
vt 0.748098016 0.936342001
vt 0.336160004 0.110703997
vt 0.323242992 0.109582998
vt 0.428110003 0.975521028
vt 0.43333599 0.968558013
vt 0.357086986 0.106570996
vt 0.338293999 0.101986997
vt 0.353906989 0.0979150012
vt 0.343189001 0.0884620026
vt 0.382322997 0.115777999
vt 0.87014699 0.29330799
vt 0.876989007 0.304365009
vt 0.896522999 0.302282989
vt 0.611590981 0.31547001
vt 0.603995979 0.310853988
vt 0.615884006 0.289034009
vt 0.390415013 0.702386022
vt 0.387216985 0.691834986
vt 0.375526011 0.69442898
vt 0.590991974 0.801999986
vt 0.580327988 0.792447984
vt 0.581296027 0.805334985
vt 0.618565023 0.836943984
vt 0.598810017 0.830196023
vt 0.61025399 0.852531016
vt 0.373970985 0.677155972
vt 0.366726995 0.690234005
vt 0.608599007 0.824378014
vt 0.380984992 0.808507979
vt 0.361155003 0.792863011
vt 0.358996987 0.810661972
vt 0.344783992 0.802608013
vt 0.879086971 0.870527983
vt 0.885203004 0.857451022
vt 0.879028022 0.857729971
vt 0.619076014 0.810748994
vt 0.59848398 0.808946013
vt 0.318298012 0.623522997
vt 0.303422004 0.623401999
vt 0.311188012 0.638821006
vt 0.321435988 0.630941987
vt 0.303691 0.649949014
vt 0.314063996 0.652499974
vt 0.314022988 0.667932987
vt 0.320638001 0.658102989
vt 0.316812992 0.771739006
vt 0.308825999 0.778927028
vt 0.305541009 0.788438976
vt 0.595238984 0.787649989
vt 0.581010997 0.78035599
vt 0.324813992 0.777939022
vt 0.325879991 0.793098986
vt 0.314186007 0.805229008
vt 0.318309993 0.642814994
vt 0.629176974 0.838371992
vt 0.330686003 0.654519975
vt 0.326566994 0.679943025
vt 0.382254988 0.781499028
vt 0.372561991 0.782616973
vt 0.608488977 0.785534978
vt 0.614941001 0.795724988
vt 0.328498006 0.63616401
vt 0.331110001 0.625023007
vt 0.565105021 0.776769996
vt 0.574424982 0.757182002
vt 0.562220991 0.754119992
vt 0.770331025 0.716280997
vt 0.782580972 0.698283017
vt 0.76789701 0.698988974
vt 0.40930599 0.810537994
vt 0.392531991 0.779779971
vt 0.410820991 0.800338984
vt 0.768953025 0.689656019
vt 0.341369987 0.651714981
vt 0.346354008 0.670023978
vt 0.353206992 0.65625602
vt 0.337487996 0.641022027
vt 0.341630012 0.783228993
vt 0.36470601 0.65387398
vt 0.362706006 0.67167002
vt 0.591309011 0.768296003
vt 0.352741003 0.642057002
vt 0.364703 0.641798019
vt 0.34294799 0.631030023
vt 0.405317008 0.774331987
vt 0.332020015 0.763867021
vt 0.318118006 0.751975
vt 0.327610999 0.753035009
vt 0.320344001 0.715344012
vt 0.315723002 0.736599982
vt 0.325302005 0.733313978
vt 0.358249009 0.632260978
vt 0.342739999 0.769212008
vt 0.310950994 0.718797982
vt 0.333521008 0.744373977
vt 0.338708013 0.733334005
vt 0.349348992 0.622147024
vt 0.359959006 0.622932017
vt 0.873776019 0.796473026
vt 0.870441973 0.782476008
vt 0.866614997 0.790697992
vt 0.368788004 0.633219004
vt 0.345297992 0.757248998
vt 0.353076994 0.734836996
vt 0.585219026 0.75426501
vt 0.898006022 0.81251502
vt 0.898836017 0.832946002
vt 0.911329985 0.836724997
vt 0.347104996 0.722729027
vt 0.359127015 0.755084991
vt 0.370135009 0.742173016
vt 0.760526001 0.72655201
vt 0.763211012 0.711198986
vt 0.758439004 0.704432011
vt 0.754652023 0.729303002
vt 0.371062994 0.729851007
vt 0.356880993 0.718252003
vt 0.305014014 0.710083008
vt 0.307202011 0.693202972
vt 0.883284986 0.797140002
vt 0.889755011 0.793446004
vt 0.90387398 0.796245992
vt 0.911140025 0.817619979
vt 0.336329997 0.713855028
vt 0.343066007 0.697923005
vt 0.901646972 0.786643028
vt 0.355814993 0.701902986
vt 0.32367 0.70144999
vt 0.381927997 0.675679028
vt 0.375634998 0.654832006
vt 0.876652002 0.813372016
vt 0.874938011 0.836284995
vt 0.882198989 0.841880023
vt 0.89181602 0.839784026
vt 0.57022202 0.738669991
vt 0.555355012 0.728313029
vt 0.369717985 0.708199024
vt 0.890555978 0.817735016
vt 0.381341994 0.742125988
vt 0.385690004 0.729770005
vt 0.584887028 0.741684973
vt 0.868529022 0.806487024
vt 0.562160015 0.714641988
vt 0.400678992 0.736304998
vt 0.394318014 0.722015977
vt 0.583097994 0.731935978
vt 0.881200016 0.783500016
vt 0.56991601 0.712355971
vt 0.883264005 0.892628014
vt 0.876477003 0.888297021
vt 0.876353979 0.904268026
vt 0.379112005 0.709511995
vt 0.870154023 0.772077978
vt 0.886563003 0.771332026
vt 0.873655021 0.762359977
vt 0.888404012 0.876441002
vt 0.315854996 0.690936029
vt 0.339083999 0.616457999
vt 0.33019799 0.613669991
vt 0.348307997 0.613264978
vt 0.355269015 0.61038202
vt 0.354835987 0.771429002
vt 0.391683996 0.75404799
vt 0.406663001 0.754768014
vt 0.880590022 0.918394983
vt 0.334183007 0.695762992
vt 0.893616974 0.781179011
vt 0.898518026 0.764036
vt 0.369987994 0.766476989
vt 0.353006989 0.686526
vt 0.299077988 0.663007975
vt 0.907980978 0.776153028
vt 0.903303027 0.772359014
vt 0.908856988 0.781822979
vt 0.762441993 0.695034027
vt 0.76453203 0.688839018
vt 0.886304975 0.757763982
vt 0.335491002 0.679904997
vt 0.379233003 0.760441005
vt 0.895344973 0.852029979
vt 0.877012014 0.849059999
vt 0.411192 0.748706996
vt 0.906562984 0.851984024
vt 0.568224013 0.689577997
vt 0.556576014 0.686145008
vt 0.562578022 0.696735024
vt 0.571449995 0.698454022
vt 0.301169008 0.632468998
vt 0.531957984 0.846468985
vt 0.424802005 0.474849999
vt 0.535741985 0.83019799
vt 0.552338004 0.844017029
vt 0.299504012 0.612478971
vt 0.291382998 0.619551003
vt 0.876726985 0.707700014
vt 0.883062005 0.701713026
vt 0.869153023 0.700266004
vt 0.312629014 0.612577021
vt 0.892157972 0.709495008
vt 0.54479897 0.825084984
vt 0.558592975 0.833644986
vt 0.324714005 0.605189979
vt 0.913935006 0.669881999
vt 0.914481997 0.673758984
vt 0.90821898 0.67821902
vt 0.907471001 0.675899982
vt 0.897535026 0.675314009
vt 0.916606009 0.674338996
vt 0.918168008 0.675405979
vt 0.905619979 0.67285198
vt 0.907561004 0.682739973
vt 0.902705014 0.679850996
vt 0.894056022 0.682856977
vt 0.525617003 0.83188802
vt 0.919386983 0.689408004
vt 0.905403018 0.689037979
vt 0.904914021 0.697889984
vt 0.894824982 0.690575004
vt 0.929817021 0.691995025
vt 0.923192978 0.700685024
vt 0.904296994 0.709942997
vt 0.895604014 0.697782993
vt 0.540674984 0.806154013
vt 0.878938973 0.739660978
vt 0.883459985 0.734654009
vt 0.87598002 0.733981013
vt 0.943457007 0.688040972
vt 0.931578994 0.693459988
vt 0.944516003 0.698300004
vt 0.915040016 0.713652015
vt 0.893912971 0.74554801
vt 0.556430995 0.818711996
vt 0.927134991 0.716063023
vt 0.793790996 0.658899009
vt 0.79421097 0.669525981
vt 0.956200004 0.683988988
vt 0.962001026 0.693449974
vt 0.518925011 0.697872996
vt 0.519125998 0.714749992
vt 0.52768898 0.699624002
vt 0.567265987 0.830655992
vt 0.79439801 0.682292998
vt 0.780934989 0.673977017
vt 0.794288993 0.694557011
vt 0.549090028 0.798528016
vt 0.516369998 0.685593009
vt 0.782552004 0.685962975
vt 0.524196029 0.687116981
vt 0.521193981 0.68008697
vt 0.535984993 0.78520602
vt 0.532932997 0.725440025
vt 0.540138006 0.714816988
vt 0.574128985 0.82042098
vt 0.56498301 0.799534976
vt 0.554504991 0.784653008
vt 0.546217978 0.702197015
vt 0.768823981 0.681671023
vt 0.535009027 0.692547023
vt 0.533436 0.681383014
vt 0.907410979 0.757010996
vt 0.910578012 0.747978985
vt 0.549314022 0.677380979
vt 0.516384006 0.664561987
vt 0.866019011 0.687981009
vt 0.858664989 0.676045001
vt 0.879333019 0.671971977
vt 0.884355009 0.670745015
vt 0.879893005 0.689514995
vt 0.890956998 0.669560015
vt 0.587825 0.832732975
vt 0.894765019 0.675439
vt 0.892745972 0.667957008
vt 0.899304986 0.66533798
vt 0.897840023 0.673134983
vt 0.901618004 0.668590009
vt 0.536615014 0.66801101
vt 0.548909009 0.666432977
vt 0.336293995 0.599669993
vt 0.344693005 0.604651988
vt 0.860858977 0.759468019
vt 0.862067997 0.769824028
vt 0.856781006 0.752839983
vt 0.867534995 0.751984
vt 0.557686985 0.675943017
vt 0.562192023 0.681625009
vt 0.903047979 0.666000009
vt 0.907805979 0.669209003
vt 0.906539977 0.667083979
vt 0.909606993 0.666083992
vt 0.912886977 0.666545987
vt 0.950134993 0.675540984
vt 0.529356003 0.753902018
vt 0.540323019 0.760582983
vt 0.553475976 0.754132986
vt 0.541953027 0.742552996
vt 0.554575026 0.123176001
vt 0.558529019 0.104520999
vt 0.544547975 0.0994379967
vt 0.791850984 0.768045008
vt 0.791032016 0.784582019
vt 0.782591999 0.787748992
vt 0.781171978 0.770337999
vt 0.877712011 0.933906972
vt 0.886334002 0.936257005
vt 0.749876976 0.84809798
vt 0.74159199 0.839420974
vt 0.736752987 0.861814976
vt 0.732815027 0.901832998
vt 0.738430977 0.88677299
vt 0.72923702 0.885959029
vt 0.720580995 0.914574027
vt 0.721494019 0.882528007
vt 0.711362004 0.898136973
vt 0.734301984 0.846556008
vt 0.732007027 0.832050979
vt 0.895536005 0.952897012
vt 0.902329981 0.938794017
vt 0.772705972 0.784195006
vt 0.554117024 0.0814789981
vt 0.539560974 0.0782499984
vt 0.748834014 0.799300015
vt 0.757892013 0.799764991
vt 0.75168699 0.783554018
vt 0.738999009 0.797712982
vt 0.530201018 0.129012004
vt 0.907979012 0.915651023
vt 0.922810972 0.92760098
vt 0.923529029 0.913049996
vt 0.741643012 0.783367991
vt 0.785292029 0.943372011
vt 0.798400998 0.948125005
vt 0.793555975 0.934125006
vt 0.915463984 0.900875986
vt 0.930104971 0.902019024
vt 0.926862001 0.888786018
vt 0.933883011 0.934535027
vt 0.936892986 0.919284999
vt 0.540437996 0.0526200011
vt 0.532809019 0.0584039986
vt 0.916073024 0.948579013
vt 0.558409989 0.142224997
vt 0.900093973 0.871131003
vt 0.895195007 0.891090989
vt 0.523617029 0.081701003
vt 0.781978011 0.924920976
vt 0.773729026 0.936136007
vt 0.905508995 0.885999978
vt 0.910058975 0.868920982
vt 0.548592985 0.0599699989
vt 0.796824992 0.911394
vt 0.789653003 0.899529994
vt 0.558117986 0.0681869984
vt 0.536424994 0.116511002
vt 0.920440018 0.877494991
vt 0.528429985 0.0989840031
vt 0.766327977 0.903683007
vt 0.776067972 0.910942972
vt 0.778162003 0.890375018
vt 0.731122017 0.924275994
vt 0.905016005 0.966827989
vt 0.506639004 0.0947170034
vt 0.51256001 0.0778110027
vt 0.742191017 0.898558974
vt 0.737329006 0.910942972
vt 0.514590979 0.104475997
vt 0.725291014 0.86057502
vt 0.745615005 0.811679006
vt 0.748591006 0.821856976
vt 0.757380009 0.814327002
vt 0.763966978 0.922133982
vt 0.716464996 0.871894002
vt 0.425630987 0.817840993
vt 0.434502989 0.811771989
vt 0.421128988 0.801536977
vt 0.759630978 0.828580976
vt 0.768691003 0.849587023
vt 0.770639002 0.833249986
vt 0.772360027 0.818271995
vt 0.423920006 0.783273995
vt 0.434632003 0.795827985
vt 0.900340974 0.901857972
vt 0.890643001 0.962788999
vt 0.878076971 0.953060985
vt 0.881695986 0.970475018
vt 0.764809012 0.890739024
vt 0.893317997 0.983609021
vt 0.891929984 0.912550986
vt 0.772918999 0.800677001
vt 0.753753006 0.913622022
vt 0.884343982 0.985634029
vt 0.763396978 0.784080029
vt 0.748989999 0.895772994
vt 0.452385992 0.810046971
vt 0.453332007 0.819495022
vt 0.734484017 0.815342009
vt 0.504796028 0.123617999
vt 0.492475003 0.108277999
vt 0.799197018 0.752061009
vt 0.516600013 0.122698002
vt 0.787006974 0.738731027
vt 0.786787987 0.75822401
vt 0.793879986 0.724138975
vt 0.784923971 0.715951025
vt 0.796451986 0.708087027
vt 0.734519005 0.807141006
vt 0.750656009 0.878708005
vt 0.759819984 0.864724994
vt 0.774111986 0.753575981
vt 0.777879 0.733335018
vt 0.743322015 0.758776009
vt 0.742704988 0.771346986
vt 0.750392973 0.766822994
vt 0.769263029 0.738983989
vt 0.762172997 0.744319975
vt 0.779662013 0.866388023
vt 0.758772016 0.771870017
vt 0.770366013 0.769715011
vt 0.760721982 0.759876013
vt 0.750968993 0.751752019
vt 0.919497013 0.850748003
vt 0.743147016 0.865682006
vt 0.786998987 0.805049002
vt 0.916343987 0.860763013
vt 0.789735973 0.820747972
vt 0.921034992 0.865854025
vt 0.422511995 0.766434014
vt 0.798617005 0.827175975
vt 0.788138986 0.835282981
vt 0.796114028 0.855426013
vt 0.794045985 0.880751014
vn -0.0351995081 -0.376894712 -0.925587058
vn 0.0458982401 -0.471881896 -0.880466223
vn -0.017700227 -0.469206005 -0.882911325
vn -0.219303131 -0.401505738 -0.889212728
vn -0.323200881 -0.480101317 -0.815502226
vn -0.367287844 -0.341688693 -0.865071356
vn -0.138297126 -0.159396693 -0.977479696
vn -0.209802017 -0.220702127 -0.952509165
vn -0.216208845 -0.0850034803 -0.972639799
vn -0.224991977 0.202592775 -0.953065991
vn -0.110697694 0.189196065 -0.975679696
vn -0.136805698 0.12050502 -0.983240962
vn -0.0881975144 -0.0837976336 -0.99257201
vn -0.30289042 -0.297590584 -0.905371308
vn -0.134298429 0.0101998812 -0.990888417
vn 0.132205993 -0.494022399 -0.859338939
vn 0.0728988275 -0.576290727 -0.813986957
vn -0.0313006304 -0.1934039 -0.980619788
vn -0.402803302 -0.195301607 -0.894207358
vn -0.303814262 -0.123105779 -0.944744349
vn 0.0108002452 -0.324507385 -0.945821524
vn -0.384212971 -0.105203547 -0.917230964
vn -0.327808499 0.00610015821 -0.9447245
vn -0.431193203 0.0396993756 -0.901385784
vn 0.1188026 -0.39510864 -0.910919905
vn -0.227189928 0.0339984931 -0.973256826
vn 0.0336000547 -0.223600373 -0.974101603
vn -0.607207477 -0.473005831 -0.638407826
vn -0.662007332 -0.349903882 -0.662807345
vn -0.579189897 -0.382493317 -0.719887435
vn -0.69208318 -0.450489044 -0.563986301
vn 0.113000587 -0.301001579 -0.946904898
vn -0.00890019722 -0.0766016915 -0.997022033
vn -0.365403563 0.128701255 -0.921909034
vn -0.231990024 0.109295301 -0.966558397
vn 0.0761006102 -0.15160121 -0.985507846
vn -0.53110671 -0.334204197 -0.778609812
vn -0.522985816 -0.183395013 -0.832377374
vn -0.474718183 -0.274210513 -0.836332023
vn -0.632918715 -0.252107471 -0.732021689
vn -0.642919898 -0.182705656 -0.743822992
vn -0.0370001905 0.00450002309 -0.999305129
vn -0.593521059 -0.102003612 -0.79832828
vn -0.477377385 -0.0798962116 -0.875058532
vn 0.158305451 -0.210307255 -0.964733243
vn -0.0497997962 0.0671997294 -0.996495962
vn 0.228699207 -0.322298884 -0.918596804
vn -0.56640923 0.0042000683 -0.824113429
vn -0.495796144 0.0244998094 -0.868093252
vn -0.642919898 -0.182705656 -0.743822992
vn -0.632918715 -0.252107471 -0.732021689
vn -0.726606667 -0.258902371 -0.636405826
vn -0.657874048 -0.0196992233 -0.752870321
vn -0.712714851 -0.097002022 -0.694714487
vn 0.0496008322 -0.0500008389 -0.997516751
vn 0.189800546 -0.0920002609 -0.977502763
vn 0.22790046 -0.180000365 -0.956901908
vn -0.0754012987 0.143202454 -0.986816943
vn -0.216701552 -0.626004457 -0.749105334
vn -0.26680389 -0.525907695 -0.807611763
vn -0.170609385 -0.525128841 -0.833745837
vn 0.126497969 -0.0393993668 -0.991184115
vn -0.109493189 -0.622961223 -0.774551809
vn 0.17250441 0.0339008681 -0.984425187
vn -0.0789972246 -0.507082164 -0.858269811
vn -0.188289165 -0.751356781 -0.632463574
vn -0.303999633 -0.730599165 -0.611399293
vn -0.252106518 -0.672517359 -0.695818007
vn -0.116097867 -0.408192515 -0.905483365
vn -0.148604572 -0.692321301 -0.706121743
vn -0.52442944 0.109006122 -0.844447434
vn 0.0388999023 0.0410998985 -0.998397529
vn -0.473604977 0.17680186 -0.862809062
vn -0.431193203 0.0396993756 -0.901385784
vn -0.52442944 0.109006122 -0.844447434
vn -0.473604977 0.17680186 -0.862809062
vn -0.260896116 -0.834287584 -0.485692769
vn -0.161101118 -0.849905908 -0.501703501
vn -0.225086302 -0.86274749 -0.452772439
vn -0.657874048 -0.0196992233 -0.752870321
vn -0.631094873 0.114599071 -0.767193794
vn -0.56640923 0.0042000683 -0.824113429
vn 0.0605981946 -0.641080916 -0.765077233
vn 0.132205859 -0.695730865 -0.706031322
vn 0.0179997664 -0.705590844 -0.708390832
vn -0.0140002649 0.11280214 -0.993518829
vn -0.0328993574 -0.616987944 -0.786284626
vn -0.0710987225 -0.711787224 -0.698787451
vn -0.732026279 0.0714025646 -0.677524328
vn -0.584511697 0.183703676 -0.790315807
vn 0.00770003302 -0.561702371 -0.827303529
vn -0.368500233 -0.837300539 -0.403900266
vn -0.357998103 -0.79939574 -0.482497454
vn -0.284986973 -0.894259095 -0.34508422
vn 0.0775029734 0.110604241 -0.990838051
vn 0.15369685 -0.610087514 -0.777284086
vn -0.473604977 0.17680186 -0.862809062
vn -0.402589381 0.236593753 -0.884276628
vn -0.365403563 0.128701255 -0.921909034
vn -0.402589381 0.236593753 -0.884276628
vn -0.312106848 0.187204093 -0.931420386
vn -0.494995683 0.245497853 -0.833492696
vn -0.607722342 0.273610055 -0.745527387
vn -0.178806722 -0.303711414 -0.935835183
vn -0.025598906 0.16739285 -0.985557854
vn -0.494995683 0.245497853 -0.833492696
vn -0.411606133 -0.740611076 -0.531107903
vn -0.289305568 -0.778415024 -0.557110727
vn -0.522801042 0.316300631 -0.791601539
vn -0.607722342 0.273610055 -0.745527387
vn -0.0983969495 -0.280591309 -0.954770446
vn 0.0311006103 0.156303063 -0.987219393
vn -0.40790087 -0.695601463 -0.591401279
vn -0.365301937 -0.638603389 -0.677303612
vn -0.467121094 0.284012824 -0.837337792
vn -0.466195047 -0.779491723 -0.418395549
vn -0.196397305 -0.807788908 -0.555792391
vn -0.313403457 0.234502599 -0.920210183
vn -0.312106848 0.187204093 -0.931420386
vn -0.313403457 0.234502599 -0.920210183
vn 0.178899869 0.131799906 -0.974999309
vn -0.816194177 0.345497519 -0.463096678
vn -0.770360529 0.359681576 -0.526473045
vn -0.797430515 0.258109868 -0.545420825
vn 0.27280423 0.0564008765 -0.960414886
vn -0.826419353 -0.296906948 -0.478411198
vn -0.754324496 -0.355811566 -0.551717937
vn -0.772130787 -0.438717514 -0.459718347
vn -0.813298464 -0.209299609 -0.542898953
vn -0.816194177 0.345497519 -0.463096678
vn -0.793019712 0.428510666 -0.433010757
vn -0.770360529 0.359681576 -0.526473045
vn -0.852293789 -0.362897366 -0.376697242
vn -0.450610131 -0.482310832 -0.751216888
vn -0.327897698 -0.586895883 -0.740294755
vn -0.87999475 -0.211698741 -0.425197452
vn -0.429317325 -0.40841648 -0.805532515
vn -0.68472141 0.228307143 -0.692121685
vn -0.646916866 0.326308489 -0.689217925
vn -0.724083006 0.376191199 -0.578086436
vn -0.737123609 0.295509458 -0.607719481
vn -0.768259883 0.420478046 -0.482674807
vn -0.92302829 -0.384211779 0.0200006142
vn -0.905681074 -0.416591316 -0.0786983594
vn -0.867904484 -0.496602565 -0.0113000581
vn -0.960709929 -0.265102744 -0.0822008476
vn -0.932829678 -0.325510353 -0.154504925
vn -0.778210521 -0.5991081 -0.188302547
vn -0.839997947 -0.534698665 -0.0921997726
vn -0.819630265 -0.532419682 -0.211507812
vn -0.75311327 -0.647511363 -0.116402045
vn -0.827011347 -0.561807692 -0.0206002817
vn -0.882467747 -0.445883691 -0.149794519
vn -0.606005311 -0.550704837 -0.574005008
vn -0.628275514 -0.590977013 -0.505980313
vn -0.555388093 -0.65878588 -0.507489145
vn -0.69208318 -0.450489044 -0.563986301
vn -0.606005311 -0.550704837 -0.574005008
vn -0.726544201 -0.53113234 -0.435926527
vn -0.628275514 -0.590977013 -0.505980313
vn -0.49309507 -0.835291684 -0.243197575
vn -0.495382398 -0.792471826 -0.355787367
vn -0.400203317 -0.861607134 -0.312202573
vn -0.592677891 -0.732472718 -0.334987521
vn -0.466195047 -0.779491723 -0.418395549
vn -0.58610779 -0.770210207 -0.251503319
vn -0.49221608 -0.640920937 -0.589019239
vn -0.712714851 -0.097002022 -0.694714487
vn -0.782442391 -0.153008282 -0.603632689
vn -0.484527767 -0.724641502 -0.490028083
vn -0.579698801 -0.793598354 -0.184799626
vn -0.66339606 -0.73539561 -0.13819918
vn -0.51729697 -0.844995081 -0.135599211
vn -0.672770262 -0.707468748 -0.216490433
vn -0.653608441 -0.63550818 -0.411005288
vn -0.555388093 -0.65878588 -0.507489145
vn -0.400203317 -0.861607134 -0.312202573
vn -0.284986973 -0.894259095 -0.34508422
vn -0.283700049 -0.90500015 -0.317000061
vn -0.402996302 -0.874592006 -0.26959753
vn -0.368500233 -0.837300539 -0.403900266
vn -0.498892933 -0.847187996 -0.182697415
vn -0.434495002 -0.879089892 -0.195997745
vn -0.547000647 -0.823401034 -0.151000187
vn -0.561291993 -0.707389891 -0.429593861
vn -0.106199369 -0.792695343 -0.600296438
vn -0.609582841 -0.790677786 -0.0568984002
vn -0.706322014 -0.707622051 0.0195006076
vn -0.708390951 -0.703290999 -0.0596992373
vn -0.77768141 -0.62678504 -0.0484988429
vn -0.744794369 -0.667094946 0.0162998773
vn 0.0274004992 -0.754513741 -0.655711949
vn -0.781411052 -0.612408638 0.119801693
vn -0.740297616 -0.66759783 0.0791997463
vn -0.650226891 -0.749830961 0.12230505
vn -0.602586031 -0.792581618 0.0932978317
vn -0.495382398 -0.792471826 -0.355787367
vn -0.7909078 -0.610505998 0.0418004133
vn -0.599296331 -0.799295068 -0.0443997271
vn -0.683932006 -0.725533962 0.0764035732
vn -0.897409856 -0.368904054 -0.242002666
vn -0.911102235 -0.281800687 -0.300800741
vn -0.160699114 -0.905995011 -0.391597837
vn -0.602586031 -0.792581618 0.0932978317
vn -0.683932006 -0.725533962 0.0764035732
vn -0.693100631 -0.699400604 0.174500152
vn -0.801497042 -0.490898192 -0.341498762
vn -0.864491463 -0.0959990472 -0.49339512
vn -0.933302581 -0.069500193 -0.352300972
vn -0.880163014 0.0273988489 -0.473880082
vn -0.847591162 -0.458295196 -0.267497212
vn -0.860484302 0.154797181 -0.48539114
vn -0.818196237 0.0969995558 -0.566697419
vn -0.92892009 0.0745016113 -0.362707853
vn -0.968742192 0.0054002353 -0.248010814
vn -0.918306589 -0.189801365 -0.347402483
vn -0.961941242 -0.117905051 -0.246510565
vn -0.953364015 0.152794227 -0.260290176
vn -0.987597346 0.0284999236 -0.154399589
vn -0.762961626 0.191690356 -0.617368937
vn -0.80357337 -0.0054998179 -0.595180273
vn -0.859769821 0.250391215 -0.445084363
vn -0.737123609 0.295509458 -0.607719481
vn -0.913779914 0.220595151 -0.341092497
vn -0.869421065 0.334508091 -0.363608807
vn -0.561291993 -0.707389891 -0.429593861
vn -0.869421065 0.334508091 -0.363608807
vn -0.950076699 0.254793763 -0.180095583
vn -0.950076699 0.254793763 -0.180095583
vn -0.906493902 0.331097782 -0.261998236
vn -0.913779914 0.220595151 -0.341092497
vn -0.841954708 0.407978058 -0.353081018
vn -0.869421065 0.334508091 -0.363608807
vn -0.906493902 0.331097782 -0.261998236
vn -0.913779914 0.220595151 -0.341092497
vn -0.885424197 0.401810974 -0.233606383
vn -0.826979101 0.468788147 -0.310392141
vn -0.957992792 -0.212498412 -0.192598552
vn -0.108395606 -0.824166596 -0.555877507
vn -0.0593013838 -0.85221988 -0.519812107
vn -0.434813172 -0.553516805 -0.710321546
vn -0.355002552 -0.90070647 -0.250401795
vn -0.61369741 -0.78889662 -0.0318998657
vn -0.987122118 -0.121202715 -0.104402341
vn -0.493421197 -0.8681373 -0.0536023006
vn -0.371998489 -0.927296221 -0.0416998304
vn -0.524087071 -0.847679079 0.0822979659
vn -0.64325881 -0.755851567 0.12209218
vn -0.416093439 -0.908085644 0.0473992527
vn -0.726606667 -0.258902371 -0.636405826
vn -0.662007332 -0.349903882 -0.662807345
vn -0.64325881 -0.755851567 0.12209218
vn -0.524087071 -0.847679079 0.0822979659
vn -0.564798057 -0.787397325 0.246999159
vn -0.531597793 -0.524197817 -0.66529727
vn -0.698520601 -0.674919903 0.237807006
vn -0.656291306 -0.680590987 -0.325695664
vn -0.710086524 -0.664587379 -0.232595593
vn -0.646916866 0.326308489 -0.689217925
vn -0.743423581 -0.585318565 -0.323610246
vn -0.66742152 0.361011654 -0.651320994
vn -0.555388093 -0.65878588 -0.507489145
vn -0.840497971 -0.527598679 0.123299696
vn 0.300583035 -0.0633964241 -0.951646328
vn 0.388894737 -0.68299073 -0.618291616
vn 0.475798517 -0.696597815 -0.536998332
vn 0.365706474 -0.756913364 -0.541609585
vn 0.457892269 -0.75498724 -0.469392061
vn 0.227991939 -0.562880099 -0.79447192
vn 0.560514331 -0.0391010009 -0.827221155
vn 0.629713774 -0.156903431 -0.760816634
vn 0.542680144 -0.16749388 -0.82306987
vn 0.458280236 0.0409982316 -0.887861669
vn 0.5559901 0.0590989478 -0.829085231
vn 0.650482774 -0.007899791 -0.75947988
vn 0.284793943 -0.484589666 -0.827082396
vn 0.296308398 -0.5961169 -0.746221125
vn 0.355906487 -0.533009708 -0.767614007
vn 0.650482774 -0.007899791 -0.75947988
vn 0.5559901 0.0590989478 -0.829085231
vn 0.642766535 0.0964949802 -0.759960473
vn 0.432904452 -0.15730162 -0.887609124
vn 0.358291924 -0.182595894 -0.915579379
vn 0.223009706 -0.422418386 -0.878538191
vn 0.693518639 -0.0452012122 -0.719019294
vn 0.700405777 -0.164601356 -0.694505692
vn 0.776021719 -0.106102966 -0.621717393
vn 0.700405777 -0.164601356 -0.694505692
vn 0.693518639 -0.0452012122 -0.719019294
vn 0.729680538 0.0710981041 -0.680081844
vn 0.372800618 -0.00430000713 -0.927901506
vn 0.396014929 -0.604922771 -0.690825999
vn 0.42861405 -0.55551821 -0.712523341
vn 0.820801377 -0.406500697 -0.401300699
vn 0.736317396 -0.435910285 -0.517512202
vn 0.819466889 -0.315787256 -0.478280693
vn 0.752320886 -0.51261425 -0.413811475
vn 0.388000816 -0.443200916 -0.808101654
vn 0.716691077 -0.359495521 -0.597592533
vn 0.840387225 -0.203596905 -0.502292335
vn 0.757002652 -0.244600862 -0.605902135
vn 0.499012351 -0.598614812 -0.626615524
vn 0.296005517 -0.81281513 -0.501709342
vn 0.274796009 -0.75188905 -0.599291265
vn 0.889400542 -0.328200191 -0.318200171
vn 0.33450678 -0.381507754 -0.861717522
vn 0.44089365 -0.48289305 -0.756589115
vn 0.700405777 -0.164601356 -0.694505692
vn 0.417797416 -0.807295024 -0.416797429
vn 0.808578491 0.0217994209 -0.587984383
vn 0.815516591 -0.482609808 -0.31940648
vn 0.851970673 -0.417185634 -0.316389114
vn 0.890973926 -0.22949329 -0.391788542
vn 0.186792791 -0.915164709 -0.357186228
vn 0.231498703 -0.850995243 -0.47139737
vn 0.32850492 -0.890813291 -0.313904703
vn 0.886159062 -0.393881798 -0.244088709
vn 0.915656686 -0.249588192 -0.315085083
vn 0.291902602 -0.232702076 -0.927708268
vn 0.77221483 -0.54251045 0.330706358
vn 0.71248281 -0.575686157 0.401190341
vn 0.721033812 -0.624629319 0.299914062
vn -0.065801166 -0.929616451 0.362606436
vn -0.0801987499 -0.923185647 0.375894159
vn 0.0195993539 -0.951768696 0.306189924
vn 0.00150002353 -0.969115198 0.246603876
vn -0.180106968 -0.961337209 0.208308056
vn -0.105502509 -0.945222437 0.30890733
vn -0.0385985486 -0.980263114 0.193892702
vn 0.60582751 -0.41311875 -0.679930866
vn 0.476205885 -0.3892048 -0.788509727
vn 0.562983871 -0.343990147 -0.751478493
vn 0.401278734 -0.298784167 -0.865854144
vn 0.831178308 -0.488687247 0.265193075
vn 0.898429275 -0.395012885 0.191806257
vn 0.853794992 -0.399097651 0.334298044
vn 0.618803859 -0.255001605 -0.74300468
vn 0.503498852 -0.272499382 -0.819898129
vn 0.616107166 -0.668407798 0.416704863
vn 0.50020647 -0.7184093 0.483406246
vn 0.643681526 -0.66858083 0.372389317
vn 0.908949137 -0.336218178 0.246513322
vn 0.884996116 -0.306598663 0.350398481
vn 0.924099505 -0.242199883 0.295599848
vn 0.941284359 -0.278395385 0.190996826
vn 0.950906157 -0.164401069 0.262201697
vn 0.977146089 -0.127892941 0.16979064
vn 0.578592658 -0.789589942 0.204397395
vn 0.54709518 -0.775093138 0.3160972
vn 0.597867012 -0.785056651 0.16199106
vn 0.469895244 -0.0667993203 -0.880191088
vn 0.543902874 -0.763404071 0.348401845
vn 0.639503717 -0.714804173 0.283001661
vn 0.640870094 -0.754664838 0.140593439
vn 0.733397305 -0.647197604 0.207999229
vn 0.982170045 -0.000399987795 0.187994272
vn 0.993504524 -0.0320001468 0.1092005
vn 0.623106062 -0.716906965 0.312703043
vn 0.536619484 -0.75122726 0.384313941
vn 0.398320228 0.109005541 -0.910746276
vn 0.526888192 -0.735183477 0.426490426
vn 0.497218132 0.135804951 -0.856931269
vn 0.548188567 -0.498189598 -0.67178601
vn -0.148399726 -0.984198153 0.0965998173
vn -0.0643979162 -0.978468299 0.196093649
vn 0.0235001091 -0.93570435 0.352001637
vn 0.933908284 -0.342203021 -0.103500918
vn 0.891824782 -0.416611552 -0.176304892
vn 0.934883296 -0.300894618 -0.188296631
vn -0.133495867 -0.977369785 0.164094925
vn 0.939405441 -0.24730143 -0.237401381
vn 0.0235001091 -0.93570435 0.352001637
vn -0.0643979162 -0.978468299 0.196093649
vn 0.205700979 -0.929904401 0.304901451
vn 0.94248724 -0.16809772 -0.288896084
vn 0.157198355 -0.857891023 0.4891949
vn -0.142397642 -0.914584816 -0.378493726
vn -0.283700049 -0.90500015 -0.317000061
vn -0.121605583 -0.910241783 -0.395818174
vn -0.121605583 -0.910241783 -0.395818174
vn 0.589072108 -0.599471629 -0.541874349
vn 0.896250069 -0.0799955428 -0.436275691
vn 0.924748957 -0.0648034289 -0.375019848
vn 0.669706464 -0.492404759 -0.555905402
vn 0.552805424 -0.672706604 -0.491804838
vn -0.402996302 -0.874592006 -0.26959753
vn -0.355002552 -0.90070647 -0.250401795
vn -0.257500857 -0.90350306 -0.34260115
vn 0.54190588 -0.773408353 -0.328903556
vn 0.530813754 -0.733619034 -0.424311012
vn 0.847980917 0.127397135 -0.514488399
vn 0.89818728 0.0840988085 -0.431493908
vn 0.850718021 0.0149003156 -0.525411129
vn -0.0135999341 -0.948395371 -0.316798449
vn 0.936928272 0.100003019 -0.334910125
vn -0.168299243 -0.965295613 -0.199699089
vn 0.620679438 -0.689177155 -0.373887599
vn -0.0228999238 -0.995596707 -0.0908996984
vn -0.168299243 -0.965295613 -0.199699089
vn -0.0135999341 -0.948395371 -0.316798449
vn 0.653639376 -0.63193804 -0.416425079
vn 0.0395006575 -0.925815403 -0.375906259
vn 0.16060169 -0.93280983 -0.322603405
vn 0.962153733 -0.0337018818 -0.270415097
vn 0.968625605 -0.139903694 -0.205405429
vn 0.697180331 -0.65478152 -0.291891754
vn 0.653639376 -0.63193804 -0.416425079
vn 0.74226594 -0.565774024 -0.359083533
vn 0.206593484 -0.917271078 -0.340489268
vn 0.250496805 -0.939388037 -0.234097019
vn 0.16060169 -0.93280983 -0.322603405
vn 0.111599222 -0.973193169 -0.201098591
vn 0.973429441 0.0545016453 -0.222406715
vn 0.250496805 -0.939388037 -0.234097019
vn 0.0423985124 -0.805571735 -0.590979278
vn 0.141896456 -0.9897753 -0.0144996382
vn 0.270891368 -0.960769415 -0.0594981052
vn 0.641783655 -0.758380651 -0.113897093
vn 0.66046828 -0.731264889 -0.170391813
vn 0.731687784 -0.67488873 -0.0956984013
vn 0.0193992741 -0.861267745 -0.507780969
vn 0.313609511 -0.913827717 -0.258007824
vn 0.333714992 -0.92794174 -0.166007459
vn 0.119693995 -0.827358484 -0.548772454
vn 0.66356653 -0.577170908 -0.47597602
vn 0.66356653 -0.577170908 -0.47597602
vn 0.731687784 -0.67488873 -0.0956984013
vn 0.727822661 -0.655920446 -0.200106233
vn 0.801065862 -0.581975222 -0.13999404
vn 0.716934979 -0.688533545 0.10920532
vn 0.638117671 -0.769921303 0.0052001439
vn 0.787214458 -0.616311312 -0.0213003922
vn 0.801065862 -0.581975222 -0.13999404
vn 0.313609511 -0.913827717 -0.258007824
vn 0.42819944 -0.886498809 -0.175399765
vn 0.175497577 -0.73228991 -0.657990932
vn 0.787214458 -0.616311312 -0.0213003922
vn 0.815600455 -0.572500348 -0.0839000493
vn 0.398706764 -0.913915515 -0.0761012882
vn 0.164800808 -0.778903782 -0.605102956
vn 0.669706464 -0.492404759 -0.555905402
vn 0.208689451 -0.811058998 -0.546472371
vn 0.810411632 -0.577808321 0.0968013927
vn 0.388817161 -0.918240547 0.0752033219
vn 0.149500564 -0.985503674 0.0802002996
vn 0.845404625 -0.533502936 -0.0258001406
vn 0.787214458 -0.616311312 -0.0213003922
vn 0.845404625 -0.533502936 -0.0258001406
vn 0.275495529 -0.953284562 0.123898
vn 0.860796332 -0.503197849 0.0762996748
vn 0.851077318 -0.495686799 -0.17309539
vn 0.86375457 -0.495973915 -0.0890953094
vn 0.0762009397 -0.98511219 0.154101908
vn 0.54190588 -0.773408353 -0.328903556
vn 0.530813754 -0.733619034 -0.424311012
vn 0.620679438 -0.689177155 -0.373887599
vn 0.910252452 -0.407278717 -0.0745960996
vn 0.644303679 -0.721004128 -0.255001456
vn 0.591080546 -0.779574335 -0.207093194
vn 0.54190588 -0.773408353 -0.328903556
vn -0.0566016622 -0.905426621 -0.420712382
vn 0.483415574 -0.875028193 -0.0252008121
vn 0.644303679 -0.721004128 -0.255001456
vn 0.494889319 -0.863581359 -0.0964979157
vn 0.058097221 -0.915856183 -0.397280991
vn 0.584787011 -0.808682024 -0.0636985824
vn 0.887254417 -0.460676342 0.0235987883
vn 0.0989944786 -0.874251246 -0.47527349
vn 0.887254417 -0.460676342 0.0235987883
vn 0.931743383 -0.362777948 0.0156990457
vn 0.691707194 -0.67000699 0.269502819
vn 0.76090616 -0.589604795 -0.270902187
vn 0.559186518 -0.827680051 -0.0474988557
vn 0.795676172 -0.569582939 0.206093833
vn 0.727822661 -0.655920446 -0.200106233
vn 0.858105779 -0.485003263 0.168601125
vn 0.59501642 -0.80322212 0.0281007756
vn 0.588694751 -0.805292785 0.0702993721
vn 0.478688091 -0.86627841 -0.142896444
vn 0.545889258 -0.828883708 -0.1222976
vn 0.727822661 -0.655920446 -0.200106233
vn 0.731687784 -0.67488873 -0.0956984013
vn 0.91056937 -0.402386457 0.0945968181
vn 0.809006572 -0.540804386 -0.230301872
vn 0.571693301 -0.819690406 -0.0356995799
vn 0.970941365 -0.218509302 -0.0976041555
vn 0.959008217 -0.283102423 -0.0125001073
vn 0.984066188 -0.101196527 -0.14619498
vn 0.402895421 -0.881789982 -0.245197222
vn 0.566671193 -0.82115829 0.0676965639
vn 0.982560337 -0.185192525 -0.0166993272
vn 0.988771021 0.0284991655 -0.146695703
vn 0.995796204 -0.0574997813 -0.0712997317
vn 0.848021448 -0.473711967 -0.237606004
vn 0.994814813 -0.0905013457 0.0464006886
vn 0.369885832 -0.853267312 -0.367585897
vn 0.993330717 0.0794024542 -0.0836025849
vn 0.32850492 -0.890813291 -0.313904703
vn 0.369885832 -0.853267312 -0.367585897
vn 0.999251842 0.0367982276 0.0118994266
vn 0.993504524 -0.0320001468 0.1092005
vn 0.988160253 0.0640974194 0.139394403
vn 0.417797416 -0.807295024 -0.416797429
vn 0.488233566 -0.834957421 -0.253917456
vn 0.989269137 0.143095538 0.02949908
vn 0.317507148 -0.904820383 0.283706397
vn 0.408693641 -0.885486186 0.22109656
vn 0.515190244 -0.844584048 0.145797238
vn 0.981186211 0.153497845 0.117098354
vn 0.988160253 0.0640974194 0.139394403
vn 0.989269137 0.143095538 0.02949908
vn 0.96828413 0.124197967 0.216796443
vn 0.513390779 -0.81788528 0.259795308
vn 0.799771309 -0.48468262 0.35418728
vn 0.651972055 -0.701669931 0.287387699
vn 0.618803859 -0.255001605 -0.74300468
vn 0.668431818 -0.290413827 -0.684732616
vn 0.562983871 -0.343990147 -0.751478493
vn 0.668431818 -0.290413827 -0.684732616
vn 0.931743383 -0.362777948 0.0156990457
vn 0.425826102 -0.836151302 0.345721215
vn 0.946390212 -0.307896823 0.097698994
vn 0.342299879 -0.854599714 0.39049986
vn 0.260510445 -0.83193332 0.489919633
vn 0.946390212 -0.307896823 0.097698994
vn 0.971312344 -0.222702831 0.0834010616
vn 0.977146089 -0.127892941 0.16979064
vn 0.971312344 -0.222702831 0.0834010616
vn -0.257500857 -0.90350306 -0.34260115
vn -0.168299243 -0.965295613 -0.199699089
vn -0.292595446 -0.9513852 -0.0961984992
vn 0.994814813 -0.0905013457 0.0464006886
vn -0.127094045 -0.990353644 0.0551974177
vn -0.292595446 -0.9513852 -0.0961984992
vn -0.168299243 -0.965295613 -0.199699089
vn -0.0228999238 -0.995596707 -0.0908996984
vn -0.0148003018 -0.993620276 0.11180228
vn 0.736317396 -0.435910285 -0.517512202
vn -0.0148003018 -0.993620276 0.11180228
vn 0.716691077 -0.359495521 -0.597592533
vn -0.0385985486 -0.980263114 0.193892702
vn -0.371998489 -0.927296221 -0.0416998304
vn -0.284090489 -0.949668229 0.131995589
vn -0.416093439 -0.908085644 0.0473992527
vn 0.757002652 -0.244600862 -0.605902135
vn 0.624572456 -0.682569921 0.379483283
vn -0.0762981251 -0.95157665 0.297792703
vn -0.146596938 -0.963779867 0.222795337
vn 0.536115646 -0.696720302 0.476613909
vn -0.406191319 -0.890080988 0.206795588
vn -0.339787066 -0.899065793 0.276089489
vn -0.118494287 -0.967753351 0.222289294
vn 0.234094709 -0.660085082 -0.71378386
vn -0.0632998571 -0.97889775 0.194299549
vn 0.700405777 -0.164601356 -0.694505692
vn -0.187006444 -0.966133296 0.177806124
vn 0.0762009397 -0.98511219 0.154101908
vn 0.847514868 -0.0944016576 -0.522309184
vn -0.0843965486 -0.995959222 0.0306987446
vn -0.0683026388 -0.963537157 0.258709997
vn 0.31249553 -0.66939044 -0.673990369
vn 0.774001479 0.122600235 -0.621201158
vn -0.0987001285 0.0693000853 -0.992701232
vn 0.0123998141 0.0711989328 -0.997385085
vn -0.0223008115 0.155805677 -0.987535954
vn 0.0359017923 -0.147907391 -0.988349378
vn 0.117501795 -0.107701652 -0.987215102
vn 0.182506219 -0.184006274 -0.965832889
vn -0.386197895 -0.0594996735 -0.920494974
vn -0.477282226 -0.0319988094 -0.878167272
vn -0.428700805 -0.00900001731 -0.903401673
vn 0.0728999078 0.136899829 -0.987898827
vn 0.121603861 0.0410013013 -0.991731524
vn -0.130795598 -0.094796814 -0.986866772
vn -0.229589969 -0.0997956395 -0.968157649
vn -0.301210612 -0.0483017005 -0.95233351
vn -0.225805864 -0.0260006748 -0.973825276
vn 0.238402739 -0.161101848 -0.957710981
vn 0.311006397 -0.175203606 -0.934119225
vn 0.453091204 -0.169596702 -0.875183046
vn 0.328780085 -0.166889891 -0.929543674
vn -0.472415537 0.231507614 -0.850427985
vn -0.358899921 0.235799938 -0.903099775
vn 0.166903242 0.15050292 -0.974418879
vn 0.784739435 -0.118305944 -0.608430564
vn 0.698113561 -0.152702972 -0.699513614
vn 0.698988795 -0.132297873 -0.702788711
vn 0.446012378 -0.162104502 -0.880224466
vn 0.424510568 -0.131503284 -0.895822346
vn 0.561900496 -0.0944000855 -0.821800709
vn 0.519125283 -0.157607675 -0.840040922
vn -0.012400019 -0.0533000827 -0.998501539
vn -0.120297752 -0.0300994366 -0.992281437
vn -0.0351007655 -0.0657014325 -0.997221768
vn -0.094200328 0.0223000776 -0.995303452
vn 0.0455995202 -0.0943990126 -0.994489551
vn 0.641493499 -0.134798631 -0.755192339
vn 0.222309694 0.047002051 -0.973842502
vn 0.0855005533 -0.0162001047 -0.996206403
vn 0.144495264 0.12429592 -0.981667817
vn -0.0086999191 0.0933991298 -0.995590746
vn 0.169495776 -0.0570985749 -0.983875453
vn -0.207204968 0.21920526 -0.953422844
vn -0.313403457 0.234502599 -0.920210183
vn 0.760091722 -0.0852990746 -0.644192994
vn 0.698113561 -0.152702972 -0.699513614
vn 0.760091722 -0.0852990746 -0.644192994
vn -0.121696047 -0.0994967744 -0.987567961
vn 0.256295502 -0.0857984945 -0.962783098
vn 0.595127463 -0.154007107 -0.788736403
vn 0.398103952 -0.110101096 -0.910709083
vn 0.550499082 -0.107399814 -0.827898562
vn 0.698113561 -0.152702972 -0.699513614
vn 0.445585161 0.223192573 -0.866971135
vn 0.407801002 0.247800604 -0.878802121
vn 0.359397978 0.187298939 -0.914194822
vn 0.279503942 0.185202613 -0.94211334
vn 0.229090303 0.00949959829 -0.97335881
vn 0.327514827 0.129405856 -0.935942411
vn 0.32171163 -0.0140005052 -0.94673419
vn 0.362789243 0.0235992987 -0.931572378
vn 0.239303023 -0.0873010978 -0.967012167
vn -0.564726949 0.317315131 -0.76183635
vn 0.443618715 0.101604283 -0.890437543
vn 0.359397978 0.187298939 -0.914194822
vn 0.469110489 -0.0197004396 -0.882919729
vn -0.120296709 0.15619573 -0.980373204
vn 0.445585161 0.223192573 -0.866971135
vn 0.594495416 -0.0284997802 -0.803593814
vn 0.529209912 0.174203277 -0.830415606
vn 0.443618715 0.101604283 -0.890437543
vn -0.210793942 0.153695583 -0.965372264
vn -0.419486821 0.162094906 -0.893171906
vn 0.57378602 0.0810980275 -0.814980149
vn 0.529209912 0.174203277 -0.830415606
vn 0.698988795 -0.132297873 -0.702788711
vn -0.283507288 -0.062601611 -0.956924558
vn -0.259789169 -0.00329986238 -0.965659738
vn -0.372705996 -0.0158002544 -0.92781496
vn -0.579298496 0.279499263 -0.765698016
vn -0.52398777 0.176295891 -0.833280563
vn -0.192207575 -0.0806031749 -0.978038549
vn -0.712000489 0.317100227 -0.626500428
vn -0.629003882 0.266201645 -0.730404556
vn -0.679621518 0.323210239 -0.658520877
vn -0.525297821 0.0297998767 -0.850396454
vn -0.642989635 0.062898986 -0.763287663
vn -0.610566616 0.115093708 -0.783557177
vn -0.163298652 -0.122898988 -0.978891909
vn -0.0572985262 -0.125996754 -0.990374506
vn -0.525297821 0.0297998767 -0.850396454
vn -0.480401665 0.0537001863 -0.875403047
vn -0.610566616 0.115093708 -0.783557177
vn -0.267216116 0.199512035 -0.942756832
vn -0.275092214 -0.0963972732 -0.95657295
vn -0.267216116 0.199512035 -0.942756832
vn -0.479100376 0.045100037 -0.876600683
vn -0.378817081 0.0549024753 -0.923841596
vn -0.52398777 0.176295891 -0.833280563
vn -0.597090721 0.142097786 -0.78948772
vn -0.479100376 0.045100037 -0.876600683
vn -0.723382115 0.22579442 -0.652483881
vn -0.787302613 0.153700501 -0.597101986
vn -0.539910316 0.138702661 -0.830215871
vn -0.441399157 0.196199626 -0.875598371
vn -0.352578849 0.0601963885 -0.93384397
vn -0.0538016632 -0.139704317 -0.98873055
vn 0.054098051 -0.154794425 -0.986464441
vn -0.67759186 0.117498592 -0.725991309
vn -0.544128835 0.0332017615 -0.838344455
vn -0.597090721 0.142097786 -0.78948772
vn -0.544128835 0.0332017615 -0.838344455
vn -0.593178928 0.26279065 -0.760972977
vn -0.539910316 0.138702661 -0.830215871
vn -0.700323403 0.221707404 -0.678522646
vn -0.441399157 0.196199626 -0.875598371
vn -0.419486821 0.162094906 -0.893171906
vn -0.301500827 0.127500355 -0.944902599
vn -0.358899921 0.235799938 -0.903099775
vn -0.751911998 0.384106129 -0.535808563
vn 0.170595437 -0.13909629 -0.97547394
vn -0.200294256 0.0964972302 -0.974972069
vn -0.21410273 0.0826010555 -0.973312438
vn 0.340998888 -0.107499652 -0.933896959
vn -0.825962365 0.380782664 -0.415681064
vn -0.310710698 0.194306687 -0.930432022
vn -0.133096114 0.188194498 -0.973071575
vn -0.783476532 0.314290583 -0.536083937
vn -0.860313356 0.286104441 -0.421906561
vn -0.826116204 0.222504362 -0.517710149
vn -0.884093404 0.221098348 -0.411696941
vn -0.819627464 0.173105806 -0.546118319
vn -0.882590175 0.324396402 -0.340296209
vn -0.18680203 0.325203538 -0.927010059
vn -0.199302554 0.473206073 -0.858111024
vn -0.021999862 0.44169724 -0.896894395
vn -0.18680203 0.325203538 -0.927010059
vn 0.0190995727 0.260894179 -0.96517843
vn 0.439202696 -0.0533003248 -0.896805465
vn -0.611305535 0.0485004373 -0.789907157
vn 0.146599203 0.326398224 -0.933794856
vn -0.557324588 -0.0162007157 -0.830136657
vn -0.611305535 0.0485004373 -0.789907157
vn 0.53348875 -0.00649986323 -0.845782161
vn 0.0190995727 0.260894179 -0.96517843
vn -0.687033057 0.0589028336 -0.724234819
vn -0.557324588 -0.0162007157 -0.830136657
vn 0.146599203 0.326398224 -0.933794856
vn 0.654328287 -0.0205008853 -0.755932689
vn 0.57378602 0.0810980275 -0.814980149
vn 0.124300592 0.588202775 -0.799103796
vn 0.265700787 0.503701448 -0.822002411
vn -0.342616022 0.405118942 -0.84763962
vn -0.310710698 0.194306687 -0.930432022
vn -0.292085379 0.620168984 -0.728063583
vn 0.654328287 -0.0205008853 -0.755932689
vn 0.561900496 -0.0944000855 -0.821800709
vn 0.67503351 -0.0733036399 -0.734136462
vn 0.826793969 -0.0968992934 -0.554095924
vn 0.67503351 -0.0733036399 -0.734136462
vn 0.764161289 -0.12259379 -0.633267939
vn -0.596998692 0.00839998107 -0.802198231
vn 0.641493499 -0.134798631 -0.755192339
vn -0.687033057 0.0589028336 -0.724234819
vn 0.694474876 -0.0638976917 -0.716674089
vn 0.694474876 -0.0638976917 -0.716674089
vn -0.642989635 0.062898986 -0.763287663
vn 0.113202758 0.177304313 -0.97762382
vn 0.33880049 0.162600234 -0.926701367
vn 0.253391415 0.271890789 -0.928368568
vn 0.022799354 0.181794852 -0.983072162
vn 0.486404777 0.112901114 -0.866408527
vn 0.253391415 0.271890789 -0.928368568
vn 0.342211664 0.3872132 -0.856129169
vn 0.33880049 0.162600234 -0.926701367
vn 0.388408631 0.645814359 -0.657314658
vn 0.342211664 0.3872132 -0.856129169
vn 0.265700787 0.503701448 -0.822002411
vn 0.33880049 0.162600234 -0.926701367
vn 0.454797596 0.403397858 -0.793995798
vn 0.523608506 0.201803282 -0.82771343
vn 0.523608506 0.201803282 -0.82771343
vn 0.673521698 0.124404006 -0.72862345
vn 0.296682656 0.140091807 -0.944644749
vn 0.224403083 0.189402595 -0.955913126
vn 0.377894163 0.189797074 -0.906185985
vn 0.322793126 0.218595341 -0.920880377
vn 0.322793126 0.218595341 -0.920880377
vn 0.279503942 0.185202613 -0.94211334
vn 0.407801002 0.247800604 -0.878802121
vn -0.0718995333 0.750195146 -0.657295763
vn -0.00639971951 0.642371833 -0.766366422
vn -0.183197796 0.784090579 -0.592992842
vn 0.000799998466 0.883198261 -0.468999088
vn -0.753695667 0.113799348 -0.647296309
vn 0.0952960625 0.832165599 -0.546277463
vn 0.0952960625 0.832165599 -0.546277463
vn -0.00639971951 0.642371833 -0.766366422
vn -0.0718995333 0.750195146 -0.657295763
vn 0.192408666 0.773934901 -0.603327215
vn 0.0665981472 0.942573786 -0.327290893
vn 0.000799998466 0.883198261 -0.468999088
vn 0.0150003005 0.957119167 -0.289305806
vn 0.0688970461 0.917260647 -0.392283171
vn -0.857404709 0.169000939 -0.48610267
vn -0.89371866 0.218704566 -0.391708165
vn -0.826290607 0.262197018 -0.498494327
vn -0.771302104 0.342900932 -0.536201477
vn -0.766212225 0.458707303 -0.45000717
vn -0.655525327 0.377714604 -0.65392524
vn -0.711696744 0.0922995806 -0.696396828
vn -0.596998692 0.00839998107 -0.802198231
vn -0.549117208 0.583818316 -0.598018765
vn -0.803584754 0.119897723 -0.582988918
vn -0.885832906 0.354813188 -0.299011111
vn -0.797704399 0.512202799 -0.318301737
vn -0.806992829 0.555195093 -0.201298222
vn -0.797704399 0.512202799 -0.318301737
vn -0.885832906 0.354813188 -0.299011111
vn -0.912290633 0.370696187 -0.174098209
vn -0.806992829 0.555195093 -0.201298222
vn -0.658973038 0.697871447 -0.280588537
vn -0.433399141 0.444599122 -0.783898473
vn -0.387723893 0.705843508 -0.592836499
vn -0.533927679 0.706036627 -0.465224147
vn -0.607527912 0.703532279 -0.368716925
vn -0.398498178 0.830496192 -0.389198214
vn -0.225594074 0.853577614 -0.469587684
vn -0.850504637 0.16260089 -0.500202715
vn -0.764489412 0.190997347 -0.615691483
vn -0.791949213 0.119207412 -0.598837197
vn -0.398498178 0.830496192 -0.389198214
vn -0.533927679 0.706036627 -0.465224147
vn -0.607527912 0.703532279 -0.368716925
vn -0.417203337 0.87420696 -0.248401985
vn -0.658973038 0.697871447 -0.280588537
vn -0.535900891 0.831701338 -0.145200238
vn -0.417203337 0.87420696 -0.248401985
vn -0.214705735 0.921824574 -0.322708607
vn -0.398498178 0.830496192 -0.389198214
vn -0.915401995 0.342500746 -0.211500466
vn -0.937786639 0.310795575 -0.154797792
vn -0.921018839 0.254005194 -0.295306027
vn -0.225594074 0.853577614 -0.469587684
vn -0.898776352 0.212994397 -0.383189917
vn -0.214705735 0.921824574 -0.322708607
vn -0.921018839 0.254005194 -0.295306027
vn -0.00249994756 0.980179489 -0.198095843
vn -0.937197328 0.242199317 -0.250999302
vn 0.174704343 0.978624344 -0.108502693
vn -0.937197328 0.242199317 -0.250999302
vn 0.104204975 0.990547299 -0.0892042592
vn 0.0323003419 0.986910403 -0.158001661
vn 0.044399675 0.985692799 -0.162598819
vn -0.0114995996 0.946367085 -0.322888762
vn -0.13400431 0.788225353 -0.600619316
vn 0.049499955 0.48339957 -0.873999238
vn -0.204005539 0.968126297 -0.14530395
vn 0.078301698 0.958620846 -0.273705959
vn 0.0860994086 0.976393282 -0.19809863
vn 0.157105088 0.96913141 -0.190006152
vn -0.355794489 0.919285715 -0.168297395
vn -0.35639897 0.427498758 -0.830797553
vn -0.416391611 0.702885866 -0.576688409
vn -0.700403273 0.176800832 -0.691503227
vn -0.64516598 0.156891719 -0.747760534
vn -0.205499128 -0.102299571 -0.973295927
vn -0.374604404 -0.100601189 -0.921710849
vn -0.898776352 0.212994397 -0.383189917
vn -0.931792438 0.265997827 -0.246997997
vn -0.811760902 -0.0376981832 -0.582771897
vn -0.835198939 0.288499624 -0.468199402
vn -0.949798524 0.292999536 -0.10969983
vn 0.181307778 -0.210009009 -0.960741222
vn -0.63569206 0.678691506 -0.367795408
vn 0.0648995489 0.978793204 -0.19429864
vn -0.558805466 0.811707973 -0.169901669
vn -0.929709733 0.366003841 -0.0410004295
vn -0.931792438 0.265997827 -0.246997997
vn -0.935283184 0.352693647 -0.0291994736
vn -0.850642383 0.46652323 0.242412075
vn -0.89371866 0.218704566 -0.391708165
vn 0.910364389 -0.0714972019 -0.407584071
vn 0.829685509 -0.0371993519 -0.556990266
vn -0.811075568 0.442386657 -0.382688463
vn 0.486404777 0.112901114 -0.866408527
vn 0.673521698 0.124404006 -0.72862345
vn -0.839805067 0.456902772 -0.293201774
vn 0.659031391 0.283513486 -0.69663316
vn 0.612399995 0.5273 -0.588999987
vn -0.871996105 0.379498303 -0.309198618
vn 0.192408666 0.773934901 -0.603327215
vn 0.265700787 0.503701448 -0.822002411
vn 0.124300592 0.588202775 -0.799103796
vn 0.388408631 0.645814359 -0.657314658
vn 0.289100617 0.838601828 -0.461701006
vn 0.157896966 0.889882922 -0.427991778
vn 0.388408631 0.645814359 -0.657314658
vn 0.5294891 0.704485476 -0.472590238
vn 0.733426213 0.029601058 -0.679124296
vn 0.594495416 -0.0284997802 -0.803593814
vn -0.915401995 0.342500746 -0.211500466
vn 0.694282711 0.206694856 -0.689382851
vn 0.838515162 0.0905016363 -0.537309706
vn -0.882590175 0.324396402 -0.340296209
vn 0.916135311 -0.0111004282 -0.400715441
vn 0.808798373 0.272199452 -0.521298945
vn 0.891978383 0.213494822 -0.39849034
vn 0.950888336 0.100698762 -0.292696387
vn 0.951585054 0.231696352 -0.201996818
vn 0.722424507 0.436914802 -0.535918176
vn 0.702605069 0.621404469 -0.346702486
vn 0.843703926 0.417601943 -0.337301552
vn 0.913815856 0.353806138 -0.199403465
vn 0.0848030895 0.975435555 -0.203307405
vn -0.0519984327 0.984670281 -0.16649498
vn 0.0186995268 0.9727754 -0.230994165
vn 0.498184025 0.643279374 -0.581381381
vn 0.421622515 0.226812109 -0.877946854
vn -0.0848019496 0.949621797 -0.30170694
vn 0.0730025843 0.936233163 -0.343712181
vn 0.676817358 -0.0305007827 -0.735518873
vn 0.915151 0.025898613 -0.402278453
vn 0.504807651 0.810712278 -0.296504468
vn 0.96893084 0.234307453 -0.0792025179
vn -0.0898045897 0.936447859 -0.339117318
vn 0.879961967 0.440880954 0.176892355
vn 0.199904308 0.973620951 -0.110002369
vn -0.0737988427 0.95508498 -0.2869955
vn 0.556180894 0.571380377 0.603479266
vn -0.0247993991 0.937577307 -0.346891612
vn 0.0129004307 0.96413219 -0.265108854
vn 0.698363364 0.70276314 -0.13569288
vn 0.845873535 0.508284092 -0.161694944
vn 0.951043248 0.304513842 -0.0528023988
vn 0.907596171 0.418698221 0.0309998691
vn 0.791170299 0.611577034 0.00479982002
vn 0.845873535 0.508284092 -0.161694944
vn 0.698363364 0.70276314 -0.13569288
vn 0.907596171 0.418698221 0.0309998691
vn 0.595222533 0.803530395 -0.00700026518
vn 0.818828523 0.551519215 0.159205541
vn -0.184706897 0.326612204 -0.926934659
vn -0.276598603 0.799695969 -0.532897294
vn 0.00530018471 0.738325715 -0.674423516
vn 0.363688618 -0.128095984 -0.922671139
vn 0.222489119 0.57357198 -0.78836149
vn 0.690099716 0.182599917 -0.70029968
vn 0.388284057 0.745969355 -0.541077793
vn 0.00760020688 0.948525786 -0.316608608
vn -0.624129176 0.721133709 -0.300714046
vn -0.487794012 0.872789323 -0.0171997882
vn 0.389417619 0.919941604 -0.0454020537
vn -0.0157998521 0.998490691 0.0525995083
vn 0.5294891 0.704485476 -0.472590238
vn 0.373405308 0.842211962 -0.388905525
vn 0.149898872 0.932393014 -0.328897536
vn 0.201400265 0.923101246 -0.327600449
vn 0.395110518 0.862422943 -0.316408426
vn 0.897398233 -0.0353999287 -0.43979913
vn 0.949671328 0.270191848 -0.158495218
vn 0.664061666 0.699259639 -0.264684737
vn 0.885082603 0.452491105 0.108997859
vn 0.739754081 0.582042515 0.337624669
vn 0.824920952 0.277907044 0.492212474
vn 0.123898081 0.974284947 -0.188197091
vn 0.422080427 0.893158615 -0.155292794
vn 0.246102586 0.964810133 -0.0926009715
vn 0.577495575 0.772394061 -0.264397979
vn 0.702605069 0.621404469 -0.346702486
vn 0.702605069 0.621404469 -0.346702486
vn 0.577495575 0.772394061 -0.264397979
vn 0.595222533 0.803530395 -0.00700026518
vn 0.79801178 0.196202889 -0.569808424
vn 0.856018007 0.230304837 -0.462809741
vn 0.870447874 0.289515913 -0.398121893
vn 0.900984466 0.3138946 -0.299494833
vn 0.933471203 0.242992505 -0.263791859
vn 0.805158317 0.283385307 -0.520973027
vn 0.753298163 0.263699353 -0.602498531
vn 0.823507547 0.34070313 -0.453604162
vn 0.515418291 0.255609095 -0.817929089
vn 0.527422011 0.2777116 -0.802933514
vn 0.596995294 0.27319786 -0.754294038
vn 0.601413667 0.271706164 -0.751317084
vn 0.908133626 0.202207476 -0.366613567
vn 0.512104392 0.207801789 -0.833407164
vn 0.741092265 -0.00369996135 -0.671392977
vn 0.825731277 -0.0443016775 -0.562321305
vn 0.7851156 0.0450008921 -0.617712259
vn 0.867108285 0.368003517 -0.335703194
vn 0.865513563 0.0614009649 -0.497107804
vn 0.802448511 0.159409642 -0.575034738
vn 0.699961483 0.105394199 -0.706361115
vn 0.62960124 0.186500371 -0.754201472
vn 0.57378602 0.0810980275 -0.814980149
vn 0.874880731 0.212995306 -0.434990436
vn 0.873971581 0.117796168 -0.471484661
vn 0.917204857 0.0892004743 -0.388302058
vn 0.512104392 0.207801789 -0.833407164
vn 0.589594066 0.147098511 -0.794191957
vn 0.497218132 0.135804951 -0.856931269
vn 0.70229435 0.224398211 -0.675594568
vn 0.888588727 -0.0318995975 -0.457594216
vn 0.930460215 -0.0192991737 -0.365884364
vn 0.864699185 0.286599725 -0.412499607
vn 0.81690377 0.303601414 -0.490402281
vn 0.452373713 0.255485147 -0.854450345
vn 0.377894163 0.189797074 -0.906185985
vn 0.770590305 0.232797086 -0.593292534
vn 0.929292619 0.205198362 -0.307097554
vn 0.770195961 0.325498283 -0.548497081
vn 0.953936458 0.132405058 -0.269210279
vn 0.61182338 0.221908495 -0.759229064
vn 0.850392044 -0.0899991542 -0.518395126
vn 0.846201658 0.363100708 -0.390000761
vn 0.740855396 0.313781112 -0.593864262
vn 0.964231849 0.0525017343 -0.25980857
vn 0.937709212 0.224902213 0.264802605
vn 0.97564584 0.186908782 0.114805393
vn 0.97702688 0.158104345 0.142903924
vn 0.897637963 0.307112992 -0.316113383
vn 0.878648877 0.373920798 -0.296916515
vn 0.680992544 0.161798224 -0.714192212
vn 0.901366174 0.380385727 -0.206992224
vn 0.962627769 -0.00330009521 -0.270807803
vn 0.930723488 0.307807773 -0.197504982
vn 0.986486912 0.0598992072 -0.152497977
vn 0.887284815 0.394893259 -0.238295928
vn 0.979074836 0.179595381 -0.0956975371
vn 0.973335207 0.227508232 0.0293010604
vn 0.932952464 0.262286633 -0.24658744
vn 0.915362716 0.350585699 -0.197991937
vn 0.94650799 0.289902449 -0.141701192
vn 0.95053637 0.309011817 -0.0315012038
vn 0.95381695 0.158602819 -0.255104542
vn 0.909509897 0.40050438 -0.111301214
vn 0.950069368 0.28399083 -0.129295826
vn 0.968208075 0.202901691 -0.146301225
vn 0.95053637 0.309011817 -0.0315012038
vn 0.912201524 0.400700659 -0.0856001452
vn 0.981434524 0.131304622 -0.139804915
vn 0.973335207 0.227508232 0.0293010604
vn 0.981186211 0.153497845 0.117098354
vn 0.989269137 0.143095538 0.02949908
vn 0.958719373 0.257605195 0.120402433
vn 0.980168223 0.197093606 -0.0205993317
vn 0.942485154 0.333794743 -0.0173997264
vn 0.898911238 0.437705487 0.019300241
vn 0.909509897 0.40050438 -0.111301214
vn 0.942485154 0.333794743 -0.0173997264
vn 0.95053637 0.309011817 -0.0315012038
vn 0.715981245 0.219294265 -0.662782669
vn 0.933362424 0.357185602 0.0353985727
vn 0.963149667 0.268213838 0.0201010369
vn 0.942485154 0.333794743 -0.0173997264
vn 0.963149667 0.268213838 0.0201010369
vn 0.915271401 0.388587862 0.106196679
vn 0.665119588 0.264507771 -0.698320568
vn 0.891507387 0.425003499 -0.156801298
vn 0.977485359 0.00669989968 -0.210896835
vn 0.996054828 0.070496805 -0.0538975559
vn 0.992822766 0.117202692 -0.0238005463
vn 0.97702688 0.158104345 0.142903924
vn 0.97564584 0.186908782 0.114805393
vn 0.717842877 0.29771778 -0.629337549
vn 0.894595563 0.446797788 -0.00839995779
vn 0.912201524 0.400700659 -0.0856001452
vn 0.980168223 0.197093606 -0.0205993317
vn 0.97318387 0.161097333 -0.164197281
vn 0.928331494 0.310710549 0.204106927
vn 0.933362424 0.357185602 0.0353985727
vn 0.673610151 0.295804441 -0.677310169
vn 0.949732363 -0.0202006884 -0.312410653
vn 0.969412327 0.0323004127 -0.24330309
vn 0.987327516 0.0826022997 -0.135503769
vn 0.988344967 0.140706405 -0.058102645
vn 0.994515657 0.100601584 0.0286004487
vn 0.977810502 0.157701686 0.137901485
vn 0.977810502 0.157701686 0.137901485
vn 0.917012334 0.2298031 0.326004386
vn 0.977810502 0.157701686 0.137901485
vn 0.980189681 0.155398369 0.122798711
vn 0.937935293 0.227908567 0.261409819
vn 0.980189681 0.155398369 0.122798711
vn 0.926228404 0.299809188 0.228506997
vn 0.958837092 0.269910425 0.0882034078
vn 0.958837092 0.269910425 0.0882034078
vn 0.882197857 0.410099 0.231399447
vn 0.951043248 0.304513842 -0.0528023988
vn -0.618091822 0.490893513 0.613991916
vn -0.690980315 0.378789216 0.615682483
vn -0.589702964 0.448702246 0.671503365
vn -0.66380924 -0.034400478 0.747110367
vn -0.716390193 0.0238996726 0.697290421
vn -0.762484848 -0.0976980627 0.639587283
vn -0.697794378 -0.231098145 0.677994549
vn -0.769879341 -0.255793124 0.584684312
vn -0.713575482 -0.303389579 0.63147831
vn -0.78710252 0.0298000947 0.61610198
vn -0.735996842 0.128399447 0.664697111
vn -0.627925277 0.549622118 0.551022172
vn -0.608690083 0.643589497 0.463992417
vn -0.676774025 0.575277925 0.459382385
vn -0.699193835 -0.349296927 0.623794496
vn -0.656392813 -0.442395151 0.611093283
vn -0.612714946 -0.39550966 0.684216678
vn -0.620189071 -0.0633988827 0.78188622
vn -0.621329486 -0.172008172 0.764436305
vn -0.550587118 -0.0657984614 0.8321805
vn -0.608690083 0.643589497 0.463992417
vn -0.642721832 0.652022123 0.402213663
vn -0.676774025 0.575277925 0.459382385
vn -0.654220581 0.0917028859 0.75072366
vn -0.833560586 -0.460078239 0.305785537
vn -0.867000341 -0.408900142 0.284800112
vn -0.839504242 -0.495302498 0.223401129
vn -0.586296976 0.60529685 0.538397193
vn -0.62108165 -0.293591321 0.72667855
vn -0.886741161 -0.328915268 0.324815094
vn -0.88767612 -0.415488839 0.198494658
vn -0.533906102 0.577606559 0.617507041
vn -0.543408692 -0.299004793 0.784412563
vn -0.546609104 0.662311077 0.512408555
vn -0.577785909 0.0599985346 0.813980103
vn -0.537195265 -0.429196209 0.72609359
vn -0.543408692 -0.299004793 0.784412563
vn -0.537195265 -0.429196209 0.72609359
vn -0.472575516 -0.41387856 0.778059721
vn -0.548191667 0.71088922 0.440593302
vn -0.49331969 0.70672822 0.507120252
vn -0.843221962 -0.382309943 0.377909839
vn -0.589876831 0.389084727 0.707572222
vn -0.532100558 -0.192100197 0.824600816
vn -0.472575516 -0.41387856 0.778059721
vn -0.405894756 -0.390294939 0.826389313
vn -0.466289222 -0.323192537 0.823480964
vn -0.461010247 -0.138503075 0.876519501
vn -0.463788241 -0.0434988961 0.884877563
vn -0.444582075 -0.248889968 0.860465288
vn -0.361610562 -0.179805249 0.914826691
vn -0.466289222 -0.323192537 0.823480964
vn -0.509089172 0.429690868 0.745784163
vn -0.530896127 0.516696215 0.671695113
vn -0.365496784 -0.069799386 0.928191841
vn -0.438710153 0.509811819 0.740017116
vn -0.420293123 0.445692718 0.790387034
vn -0.285701454 -0.0979005024 0.953304887
vn -0.621329486 -0.172008172 0.764436305
vn -0.532100558 -0.192100197 0.824600816
vn -0.481821954 0.0332015119 0.875639915
vn -0.444582075 -0.248889968 0.860465288
vn -0.494809836 0.132002622 0.858917058
vn -0.456781507 0.568076968 0.684572279
vn -0.390996814 -0.2965976 0.871292949
vn -0.543408692 -0.299004793 0.784412563
vn -0.444582075 -0.248889968 0.860465288
vn -0.444582075 -0.248889968 0.860465288
vn -0.36789763 0.0178998839 0.929693997
vn -0.373017073 0.578826487 0.725133181
vn -0.390996814 -0.2965976 0.871292949
vn -0.311403722 -0.250703007 0.916611016
vn -0.4194161 0.0938035995 0.90293467
vn -0.921070814 -0.244592249 0.302990407
vn -0.904059827 -0.216314316 0.368624389
vn -0.311403722 -0.250703007 0.916611016
vn -0.855099201 -0.306999713 0.417799622
vn -0.253200233 -0.0203000177 0.967200875
vn -0.327402443 0.541104019 0.774605751
vn -0.956966937 -0.209992751 0.200293079
vn -0.968833148 -0.0937032029 0.229307845
vn -0.97532773 -0.13560386 0.17420496
vn -0.986074507 0.00599984499 0.166195706
vn -0.652090669 0.220096841 0.725489616
vn -0.822263718 -0.344384789 0.453079998
vn -0.506379426 0.645573795 0.571676791
vn -0.942507505 -0.14160113 0.302702397
vn -0.722007811 0.252902716 0.644006968
vn -0.660183966 0.326592058 0.676383555
vn -0.584026754 0.168107703 0.794136345
vn -0.912685931 0.0147997718 0.408393681
vn -0.933520377 0.0812017694 0.34920764
vn -0.932111859 -0.0792010054 0.353404492
vn -0.43640691 0.703911126 0.56040889
vn -0.856118619 -0.253005505 0.450609773
vn -0.567419589 0.302310437 0.76592648
vn -0.932111859 -0.0792010054 0.353404492
vn -0.89259851 -0.144999757 0.426899284
vn -0.506076276 0.235688955 0.829661071
vn -0.413888931 0.677981853 0.607483745
vn -0.334702373 0.713705063 0.615304351
vn -0.645207524 -0.664907753 0.376304388
vn -0.66830039 -0.668800414 0.325700194
vn -0.696914077 -0.574011564 0.429908693
vn -0.455010414 0.632014453 0.627314329
vn -0.816360712 -0.215889603 0.535674214
vn -0.390115172 0.627724409 0.673626184
vn -0.781330109 -0.519820035 0.345413327
vn -0.793901503 -0.456900865 0.401200742
vn -0.487108886 0.359506577 0.795914531
vn -0.855119169 -0.125902817 0.50291127
vn -0.343302608 0.677005112 0.65100491
vn -0.298606187 0.645013392 0.703414559
vn -0.81866914 -0.135794878 0.557978988
vn -0.761820853 -0.193805307 0.618116915
vn -0.671086848 -0.597288311 0.439191401
vn -0.738126516 -0.507518232 0.444515973
vn -0.73221451 -0.572511375 0.368907332
vn -0.762484848 -0.0976980627 0.639587283
vn -0.912685931 0.0147997718 0.408393681
vn -0.882523537 -0.0121003231 0.470112532
vn -0.795312405 -0.377505869 0.474307388
vn -0.731376112 -0.470284641 0.493883878
vn -0.891600192 0.162400037 0.422700077
vn -0.879574597 0.0893974155 0.467286497
vn -0.897691429 0.259097517 0.356396616
vn -0.855108261 0.338603258 0.392603785
vn -0.89426589 0.343486875 0.286889046
vn -0.849327624 0.430613995 0.305309922
vn -0.834026039 0.091902867 0.544016957
vn -0.882523537 -0.0121003231 0.470112532
vn -0.827863038 -0.0290987007 0.560175002
vn -0.68500483 -0.516103625 0.514203668
vn -0.269311816 0.597826183 0.755033076
vn -0.802035809 0.505322576 0.318414211
vn -0.819411993 0.533507824 0.209603056
vn -0.76178062 0.569885492 0.308092177
vn -0.827863038 -0.0290987007 0.560175002
vn -0.644211888 -0.496709168 0.581610739
vn -0.284491628 0.50388521 0.815576017
vn -0.942374349 0.128996491 0.308691591
vn -0.944264352 0.226591453 0.238790989
vn -0.193305537 0.548315704 0.813623309
vn -0.797608972 0.450305045 0.401304513
vn -0.854005814 0.252101719 0.455103099
vn -0.739485264 0.555188954 0.380692422
vn -0.820138693 0.362817138 0.44242087
vn -0.233099163 0.700897455 0.674097538
vn -0.610589743 -0.616989613 0.496491671
vn -0.694018602 -0.627416849 0.353109479
vn -0.625581861 -0.662380815 0.412188053
vn -0.838804424 0.190000996 0.510202706
vn -0.606172442 -0.590873122 0.532375753
vn -0.204501346 0.655804336 0.726704776
vn -0.725287497 0.490391552 0.483191669
vn -0.740865052 0.517475605 0.428179801
vn -0.638207138 -0.555706203 0.532805979
vn -0.179803863 0.619513273 0.764116406
vn -0.804613173 0.311705112 0.505408287
vn -0.108300142 0.641900837 0.759101033
vn -0.78710252 0.0298000947 0.61610198
vn -0.555003762 -0.589404047 0.587004006
vn -0.43299821 0.273198873 0.858996451
vn -0.382000148 0.145100057 0.912700295
vn -0.707515478 0.624913692 0.330007225
vn -0.546292067 -0.528892279 0.649490535
vn -0.539198518 -0.618498325 0.57159847
vn -0.682422876 0.628321052 0.373512536
vn -0.827863038 -0.0290987007 0.560175002
vn -0.834026039 0.091902867 0.544016957
vn -0.788075447 0.170894668 0.59138155
vn -0.300299615 0.133199826 0.944498777
vn -0.608797908 -0.565398037 0.55649811
vn -0.771445096 0.277216196 0.572733462
vn -0.788075447 0.170894668 0.59138155
vn -0.62179178 0.683090985 0.383094937
vn -0.656609595 0.682509959 0.321004689
vn -0.342094779 0.253996134 0.904686213
vn -0.337885827 0.345285535 0.875563264
vn -0.510015488 -0.551116705 0.660420001
vn -0.252400309 0.27270034 0.928401113
vn -0.771445096 0.277216196 0.572733462
vn -0.62179178 0.683090985 0.383094937
vn -0.642721832 0.652022123 0.402213663
vn -0.480267733 -0.571761608 0.665155292
vn -0.551090658 -0.544990778 0.631889343
vn -0.363909662 0.405110747 0.838722289
vn -0.751377881 0.406388015 0.519884706
vn -0.674373925 0.494580865 0.548278809
vn -0.751377881 0.406388015 0.519884706
vn -0.676763475 0.446075916 0.585668385
vn -0.249593839 0.404590011 0.879778266
vn -0.54991132 -0.511710525 0.660113573
vn -0.674373925 0.494580865 0.548278809
vn -0.698066711 -0.151292786 0.699866652
vn -0.674373925 0.494580865 0.548278809
vn -0.182901025 0.444702506 0.876804948
vn -0.66380924 -0.034400478 0.747110367
vn -0.620189071 -0.0633988827 0.78188622
vn -0.716390193 0.0238996726 0.697290421
vn -0.80921036 -0.285103649 0.513706565
vn -0.730727553 -0.390114725 0.560221136
vn -0.574895442 -0.474496245 0.666594744
vn -0.59291321 -0.469110459 0.654514551
vn -0.0627766624 -0.0456557572 0.996982753
vn -0.59291321 -0.469110459 0.654514551
vn -0.574895442 -0.474496245 0.666594744
vn -0.0627766624 -0.0456557572 0.996982753
vn -0.574895442 -0.474496245 0.666594744
vn -0.590303481 -0.455902696 0.666103959
vn 0.491488546 0.778481841 -0.390390903
vn -0.59291321 -0.469110459 0.654514551
vn -0.672637165 -0.158308744 0.722839952
vn -0.672637165 -0.158308744 0.722839952
vn -0.672637165 -0.158308744 0.722839952
vn -0.612714946 -0.39550966 0.684216678
vn -0.590303481 -0.455902696 0.666103959
vn -0.466921657 -0.505123436 0.725833654
vn -0.537195265 -0.429196209 0.72609359
vn -0.770718992 -0.321507931 0.550113559
vn -0.693100631 -0.699400604 0.174500152
vn -0.930635214 0.325412333 0.167406335
vn -0.666400373 -0.714700401 0.212400123
vn -0.880931914 0.436215818 0.183506653
vn -0.837820709 0.542413414 0.0620015301
vn -0.907005787 0.416102648 0.0648004115
vn -0.698520601 -0.674919903 0.237807006
vn -0.638483346 -0.693581879 0.333591312
vn -0.811909854 0.583707094 0.00940011442
vn -0.832009137 0.549406052 -0.0769008473
vn -0.872871101 0.486583889 -0.0364987925
vn -0.469103962 -0.818806946 0.330902815
vn -0.819705248 0.571503639 -0.038300246
vn -0.581178486 -0.678774834 0.448883384
vn -0.807897329 0.587998033 0.0394998677
vn -0.77012068 0.598316073 0.221205935
vn -0.789231718 0.600924134 0.126505077
vn -0.808327675 -0.564519346 0.167105719
vn -0.76247555 0.633179724 0.133095741
vn -0.788553596 0.607364237 0.0963943303
vn -0.719410241 0.654409289 0.232803315
vn -0.988691986 0.142698839 -0.0460996255
vn -0.998059452 -0.0114995325 -0.0611975119
vn -0.976438761 0.135305375 -0.168106675
vn -0.839504242 -0.495302498 0.223401129
vn -0.967122674 -0.00150003517 0.254305959
vn -0.976438761 0.135305375 -0.168106675
vn -0.988691986 0.142698839 -0.0460996255
vn -0.970880806 0.216195732 -0.103197962
vn -0.933520377 0.0812017694 0.34920764
vn -0.875856042 -0.477230549 0.0716045797
vn -0.978650749 0.204989672 0.0148992501
vn -0.961559832 -0.270188719 0.0489979535
vn -0.955262423 0.281988889 -0.0891964883
vn -0.91955781 -0.382082462 0.0917957872
vn -0.919662893 0.372884959 -0.12319503
vn -0.931691468 -0.322897047 0.166398481
vn -0.885424197 0.401810974 -0.233606383
vn -0.879574597 0.0893974155 0.467286497
vn -0.936992764 0.349297285 0.00599995349
vn -0.882382274 0.452590913 -0.12869741
vn -0.976190031 0.086099118 0.199097961
vn -0.967122674 -0.00150003517 0.254305959
vn -0.847486317 0.477192283 -0.232496247
vn -0.847486317 0.477192283 -0.232496247
vn -0.88767612 -0.415488839 0.198494658
vn -0.974544287 0.182008281 0.130905956
vn -0.986854255 -0.155592784 0.0436979756
vn -0.867000341 -0.408900142 0.284800112
vn -0.956966937 -0.209992751 0.200293079
vn -0.97532773 -0.13560386 0.17420496
vn -0.998575151 0.0248993803 0.0471988246
vn -0.992377043 -0.0626985505 0.106097549
vn -0.928213 -0.296604156 0.224603146
vn -0.995370686 0.0958971754 0.00639981125
vn -0.995370686 0.0958971754 0.00639981125
vn -0.998059452 -0.0114995325 -0.0611975119
vn -0.998575151 0.0248993803 0.0471988246
vn -0.988758981 0.13169454 0.0707970634
vn -0.928213 -0.296604156 0.224603146
vn -0.931691468 -0.322897047 0.166398481
vn -0.992377043 -0.0626985505 0.106097549
vn -0.986074507 0.00599984499 0.166195706
vn -0.992377043 -0.0626985505 0.106097549
vn -0.967122674 -0.00150003517 0.254305959
vn -0.986377895 0.103197686 0.128097132
vn -0.786576211 -0.566682875 0.245292574
vn -0.737787008 -0.648788571 0.186396718
vn -0.737787008 -0.648788571 0.186396718
vn -0.669524014 -0.680124402 0.298610717
vn -0.669524014 -0.680124402 0.298610717
vn -0.650226891 -0.749830961 0.12230505
vn -0.666400373 -0.714700401 0.212400123
vn -0.960377991 0.269293815 0.0717983544
vn -0.741453767 -0.599462628 0.301481187
vn -0.737787008 -0.648788571 0.186396718
vn -0.786576211 -0.566682875 0.245292574
vn -0.826979101 0.468788147 -0.310392141
vn -0.83530283 0.529101789 -0.149400502
vn -0.84000802 0.506704867 -0.194001853
vn -0.66830039 -0.668800414 0.325700194
vn -0.0953996032 -0.0696997121 0.992995918
vn -0.0354013108 -0.161505982 0.986236572
vn 0.0151999434 -0.102699615 0.994596303
vn -0.322094709 -0.75338763 0.573290586
vn -0.245805964 -0.871321142 0.424710304
vn -0.198707819 -0.816932142 0.541421294
vn 0.0719018355 -0.500712812 0.862622082
vn -0.0184002072 -0.4792054 0.877509892
vn -0.0118999695 -0.538098633 0.842797875
vn -0.446986765 -0.640780985 0.624181509
vn -0.477688611 -0.726082683 0.494588226
vn 0.0125006298 -0.0338017046 0.999350369
vn 0.589314878 0.215905443 0.77851963
vn 0.562405944 0.0948010087 0.821408749
vn 0.660104454 0.0700004771 0.747905076
vn -0.0622015893 0.0218005572 0.997825503
vn -0.110700011 -0.817700088 0.564900041
vn -0.105796814 -0.747677445 0.655580223
vn 0.660104454 0.0700004771 0.747905076
vn 0.766018152 0.00220005214 0.642815232
vn 0.740971267 0.106895849 0.662974298
vn 0.108100474 -0.0737003237 0.991404355
vn 0.0661984161 -0.15059641 0.986376464
vn -0.22939378 0.0865976512 0.96947372
vn -0.169898748 -0.0362997316 0.984792769
vn -0.148700759 0.0852004364 0.985205054
vn 0.660104454 0.0700004771 0.747905076
vn 0.562405944 0.0948010087 0.821408749
vn 0.608375669 -0.0351985916 0.792868257
vn 0.0517020635 -0.834733307 0.548221886
vn -0.0541022345 -0.865935743 0.497220516
vn -0.0622015893 0.0218005572 0.997825503
vn -0.0645038113 -0.434925675 0.898153067
vn -0.129399076 -0.463696688 0.876493752
vn 0.659301758 0.189900503 0.727501929
vn 0.740971267 0.106895849 0.662974298
vn 0.0713022873 -0.732223511 0.677321732
vn -0.0953996032 -0.0696997121 0.992995918
vn 0.496114075 -0.0760021582 0.86492455
vn 0.500210464 0.0290006064 0.865418077
vn -0.0469985344 0.123996131 0.991169035
vn -0.132205844 -0.350615501 0.927140951
vn -0.44241634 -0.552220404 0.706626117
vn -0.320894837 -0.636789739 0.701088667
vn 0.455310613 0.0790018439 0.886820674
vn 0.448783517 -0.0220991895 0.893367231
vn -0.189795092 -0.688682199 0.699781895
vn 0.390588552 0.0231993198 0.920273006
vn 0.0050001312 0.0335008763 0.999426186
vn -0.0469985344 0.123996131 0.991169035
vn 0.0731018931 0.0468012094 0.996225774
vn 0.0517020635 -0.834733307 0.548221886
vn 0.175696358 -0.771183968 0.611887276
vn -0.0275999531 -0.377499372 0.925598443
vn 0.0713022873 -0.732223511 0.677321732
vn 0.252906919 -0.684918702 0.683318675
vn 0.128801838 -0.0176002514 0.991514146
vn 0.589314878 0.215905443 0.77851963
vn 0.505730867 0.171110436 0.84555161
vn 0.122000135 -0.670400739 0.731900811
vn 0.077598162 -0.408890307 0.909278452
vn 0.412706852 0.171802849 0.894514859
vn -0.443008184 -0.542810023 0.713513196
vn 0.445720822 0.37391746 0.813337982
vn 0.419398814 0.251399308 0.872297525
vn 0.504488111 0.260193855 0.823280573
vn -0.0469985344 0.123996131 0.991169035
vn 0.0436021127 0.123806 0.991348028
vn 0.534789443 0.329993486 0.777884662
vn 0.0366005041 -0.324104458 0.945313036
vn 0.620301604 0.307200789 0.72170186
vn 0.654303193 0.376401842 0.65590322
vn 0.542525053 0.416119248 0.729733706
vn 0.566812873 0.472310752 0.67501533
vn 0.172693163 0.0941962674 0.98046118
vn -0.420585364 -0.558880508 0.714675128
vn 0.542525053 0.416119248 0.729733706
vn -0.34029305 -0.588387966 0.733484983
vn -0.346102387 -0.437003016 0.830205679
vn -0.321995616 -0.317295671 0.891987801
vn 0.45268783 0.483686984 0.749079883
vn -0.369881541 -0.521573961 0.768861651
vn -0.351212978 -0.530319571 0.771628499
vn 0.492092788 0.528592288 0.691689909
vn -0.245089769 -0.567476332 0.786067188
vn -0.236297771 -0.359096617 0.902891457
vn -0.321995616 -0.317295671 0.891987801
vn -0.346102387 -0.437003016 0.830205679
vn -0.270507723 -0.537315309 0.798822761
vn 0.323503464 -0.414704442 0.850509107
vn 0.236506492 -0.376010329 0.895924628
vn 0.219800904 -0.456201881 0.862303555
vn 0.703993082 0.265797406 0.658593535
vn -0.19669883 -0.532596827 0.8231951
vn 0.756410897 0.213103071 0.618408918
vn -0.0471975803 -0.674065471 0.737162232
vn 0.204403013 -0.321704745 0.924513638
vn 0.119402565 -0.3305071 0.936220109
vn 0.177595153 -0.394489229 0.901575387
vn -0.0905003026 -0.556501865 0.82590276
vn 0.754077077 0.323690176 0.571482658
vn 0.0316998735 -0.590797663 0.806196809
vn 0.0713022873 -0.732223511 0.677321732
vn 0.122000135 -0.670400739 0.731900811
vn -0.0471975803 -0.674065471 0.737162232
vn 0.309310645 -0.336511582 0.889430642
vn 0.127300471 -0.590002179 0.797302961
vn 0.256102324 -0.25500229 0.932408392
vn 0.227595106 -0.612886786 0.756683707
vn 0.127300471 -0.590002179 0.797302961
vn -0.0905003026 -0.556501865 0.82590276
vn -0.193391442 -0.257388592 0.946758091
vn 0.309310645 -0.336511582 0.889430642
vn 0.386809319 -0.312707543 0.867520928
vn 0.322482735 -0.256886244 0.911051214
vn 0.322482735 -0.256886244 0.911051214
vn 0.620301604 0.307200789 0.72170186
vn -0.183504015 -0.514511228 0.837618291
vn -0.108405039 -0.277312905 0.954644382
vn -0.183504015 -0.514511228 0.837618291
vn -0.0834000632 -0.527100384 0.845700622
vn -0.19669883 -0.532596827 0.8231951
vn 0.329289794 -0.174994588 0.927871287
vn 0.534789443 0.329993486 0.777884662
vn 0.0419987254 -0.548683345 0.834974647
vn 0.326483697 0.152292386 0.932853401
vn 0.247707903 0.158205047 0.955830514
vn 0.309394956 0.0667989105 0.948584557
vn -0.0498017333 -0.276809633 0.95963335
vn 0.332586139 0.236790121 0.912861943
vn 0.383815438 0.0957038552 0.918436944
vn 0.323503464 -0.414704442 0.850509107
vn 0.475621015 -0.284312576 0.8324368
vn 0.41667676 -0.381878704 0.824954033
vn 0.513016462 -0.410013169 0.754124224
vn 0.175402984 -0.568009675 0.804113686
vn 0.34290275 0.31380251 0.88540709
vn 0.36909619 -0.783691883 0.499594837
vn 0.0855978429 -0.554486036 0.827779114
vn 0.146594554 -0.515480876 0.84426862
vn 0.322482735 -0.256886244 0.911051214
vn 0.43870014 -0.185400054 0.879300296
vn 0.295491725 -0.750378966 0.591283441
vn 0.230508745 -0.525719941 0.818831027
vn 0.146594554 -0.515480876 0.84426862
vn 0.219803244 -0.577408493 0.786311626
vn 0.491909236 -0.660012364 0.567810655
vn 0.312998354 -0.0260998625 0.949395001
vn 0.40809375 -0.0815987512 0.909286082
vn 0.58420682 -0.644707501 0.493005723
vn 0.172693163 0.0941962674 0.98046118
vn 0.230508745 -0.525719941 0.818831027
vn 0.538506925 -0.155701995 0.828110635
vn 0.586567521 -0.218187913 0.779956818
vn 0.138800263 -0.446600854 0.883901656
vn 0.160194665 0.221692622 0.961867988
vn 0.172693163 0.0941962674 0.98046118
vn 0.21979852 0.0261998232 0.975193381
vn 0.492695957 -0.625194848 0.605295002
vn 0.545601904 -0.318401128 0.775202751
vn 0.252914697 0.238013834 0.937754512
vn 0.496114075 -0.0760021582 0.86492455
vn 0.317396998 -0.488495409 0.812792361
vn 0.219800904 -0.456201881 0.862303555
vn 0.700101614 -0.195700452 0.686701596
vn 0.631385088 -0.128896952 0.764681935
vn 0.254604101 0.316705108 0.913714767
vn 0.358496666 -0.633594096 0.685593605
vn 0.608375669 -0.0351985916 0.792868257
vn 0.496114075 -0.0760021582 0.86492455
vn 0.256608367 0.466415226 0.846527636
vn 0.247997925 0.383796811 0.889492571
vn 0.359377652 0.365477294 0.858646631
vn 0.43870014 -0.185400054 0.879300296
vn 0.329289794 -0.174994588 0.927871287
vn 0.322482735 -0.256886244 0.911051214
vn 0.495601267 -0.69260174 0.524101317
vn 0.43131128 -0.644816875 0.631016493
vn 0.35411045 -0.618218243 0.701720715
vn 0.34978959 -0.0891973525 0.932572305
vn 0.522109628 -0.707213044 0.4767088
vn 0.484600097 -0.733300149 0.476900071
vn 0.466984361 -0.762974441 0.446985036
vn 0.474113971 -0.740821838 0.475814015
vn 0.360786676 0.464982808 0.80847013
vn 0.149302244 -0.247503713 0.957314372
vn 0.0970008671 -0.211701885 0.972508669
vn 0.71288985 -0.523792505 0.466293335
vn 0.796764374 -0.434780568 0.419681251
vn 0.449378371 -0.712965667 0.538274109
vn 0.194095463 -0.134796843 0.971677303
vn 0.742768407 -0.460880369 0.485679328
vn 0.624069452 -0.558972657 0.545973301
vn 0.568192661 -0.614692092 0.547092974
vn 0.658095181 -0.602695584 0.451296717
vn 0.393206477 -0.657210827 0.643010557
vn 0.657396793 -0.497697592 0.565797269
vn 0.466573566 -0.639363766 0.611165345
vn 0.585094929 -0.515795529 0.62579459
vn 0.531406164 -0.571706593 0.625107229
vn 0.260210574 -0.124905072 0.957438886
vn 0.219392464 -0.0434985049 0.974666536
vn 0.697580338 -0.437687665 0.567284048
vn 0.839125693 -0.318809777 0.440713495
vn 0.285513431 -0.594327927 0.751835346
vn 0.221895367 -0.559488297 0.798583329
vn 0.312998354 -0.0260998625 0.949395001
vn 0.34978959 -0.0891973525 0.932572305
vn 0.34978959 -0.0891973525 0.932572305
vn 0.21979852 0.0261998232 0.975193381
vn 0.529497445 -0.489697635 0.692696691
vn 0.453090459 -0.549988389 0.701585233
vn 0.175402984 -0.568009675 0.804113686
vn 0.763896883 -0.388098419 0.51559788
vn 0.219392464 -0.0434985049 0.974666536
vn 0.626828432 -0.419119 0.656829774
vn 0.702533424 -0.365317374 0.610729039
vn 0.777790368 -0.308696181 0.547493219
vn 0.426494747 -0.466194242 0.775090456
vn 0.140894622 -0.577877939 0.803869307
vn 0.140894622 -0.577877939 0.803869307
vn 0.852443278 -0.233211845 0.46792376
vn 0.79560107 -0.235200316 0.558300734
vn 0.323701233 -0.585802257 0.743002832
vn 0.0736043602 0.201311931 0.976757884
vn 0.695760429 -0.305082649 0.650263011
vn 0.746415257 -0.236304834 0.622112751
vn 0.160194665 0.221692622 0.961867988
vn 0.110101685 0.315804839 0.942414403
vn 0.599608839 -0.339505017 0.724710703
vn 0.121093415 0.138392478 0.982946515
vn 0.0824960768 0.117394418 0.989652932
vn 0.0905992389 0.169298574 0.981391728
vn 0 0 1
vn 0.0905992389 0.169298574 0.981391728
vn 0.0724980161 0.127596512 0.989172995
vn 0 0 1
vn -0.15229325 -0.144893587 -0.977656722
vn 0.0724980161 0.127596512 0.989172995
vn 0.0905992389 0.169298574 0.981391728
vn 0.121093415 0.138392478 0.982946515
vn 0.0736043602 0.201311931 0.976757884
vn 0.0724980161 0.127596512 0.989172995
vn 0.0736043602 0.201311931 0.976757884
vn 0.760307252 -0.128601223 0.636706054
vn 0.160194665 0.221692622 0.961867988
vn 0.81590265 -0.163800538 0.554501832
vn 0.110101685 0.315804839 0.942414403
vn 0.0643975288 0.420583874 0.904965281
vn -0.0160005149 0.365611762 0.930629909
vn -0.0178004932 0.252907008 0.96732682
vn 0.110101685 0.315804839 0.942414403
vn -0.0178004932 0.252907008 0.96732682
vn 0.0736043602 0.201311931 0.976757884
vn 0.903999567 -0.177599907 0.388899803
vn -0.0205011982 0.488628566 0.872251034
vn -0.0937989578 0.412995398 0.905889928
vn 0.165694177 0.356287479 0.919567645
vn 0.0643975288 0.420583874 0.904965281
vn 0.853618801 -0.132702917 0.503711104
vn 0.905282557 -0.0637987703 0.41999191
vn 0.854668438 -0.0442983657 0.517280877
vn 0.9562397 -0.0657027289 0.285111845
vn 0.930901349 -0.0204000305 0.364700526
vn 0.880405605 -0.0106000667 0.474103004
vn 0.902398109 0.0278999414 0.429999113
vn -0.112596326 0.577381194 0.80867362
vn 0.383809149 -0.573013663 0.724117279
vn -0.0355003253 0.561805129 0.826507568
vn -0.125295311 0.496981412 0.85866791
vn 0.805365384 -0.0392983109 0.591474593
vn 0.846182585 0.0179996286 0.532589018
vn 0.106402479 0.494011521 0.862920105
vn 0.87537688 0.0661982521 0.478887349
vn 0.919441283 0.109004892 0.377816975
vn -0.0190989356 0.626165092 0.779456556
vn 0.0666994005 0.575194836 0.815292656
vn 0.0868007168 0.629905224 0.771806359
vn 0.630887747 -0.272394717 0.726485908
vn -0.318899751 -0.54559958 0.77499938
vn -0.3954961 -0.483195245 0.781092286
vn -0.19800882 0.206309184 0.958242655
vn 0.332792372 0.542987525 0.770982325
vn 0.189899489 0.557598472 0.808097839
vn -0.172102854 0.320405304 0.931515455
vn 0.106402479 0.494011521 0.862920105
vn 0.182600111 0.425800234 0.886200488
vn -0.128795519 0.187593475 0.973766088
vn -0.207506195 -0.521515548 0.827624738
vn -0.258215427 -0.464027733 0.847350597
vn -0.112796478 0.285991073 0.951570332
vn 0.702411771 -0.0603010096 0.709211886
vn -0.136404604 -0.546118438 0.826527953
vn -0.0834000632 -0.527100384 0.845700622
vn -0.136404604 -0.546118438 0.826527953
vn 0.0666994005 0.575194836 0.815292656
vn 0.0868007168 0.629905224 0.771806359
vn 0.824697793 0.0740998015 0.560698509
vn 0.175905064 0.614917696 0.768722117
vn -0.258215427 -0.464027733 0.847350597
vn -0.207506195 -0.521515548 0.827624738
vn -0.236297771 -0.359096617 0.902891457
vn -0.0178004932 0.252907008 0.96732682
vn 0.852038801 0.155907094 0.499722749
vn 0.911923826 0.171704486 0.372709721
vn 0.852038801 0.155907094 0.499722749
vn 0.911923826 0.171704486 0.372709721
vn 0.854645312 0.257213622 0.451023906
vn 0.794296622 0.139499411 0.591297507
vn 0.794296622 0.139499411 0.591297507
vn 0.807109833 0.238902912 0.539906561
vn 0.799285173 0.332493842 0.500590742
vn -0.241809383 -0.192007452 0.951136887
vn -0.361610562 -0.179805249 0.914826691
vn -0.241809383 -0.192007452 0.951136887
vn -0.215210155 -0.131706208 0.967645645
vn -0.118495263 -0.188692451 0.974861026
vn -0.215210155 -0.131706208 0.967645645
vn -0.130300909 -0.127000883 0.983306885
vn -0.169898748 -0.0362997316 0.984792769
vn 0.017300522 -0.247907475 0.968629241
vn -0.344409853 -0.840524018 0.418211937
vn -0.235601336 -0.915005207 0.327501863
vn -0.118594676 -0.902159452 0.414781362
vn 0.965177536 0.0374991298 0.258893967
vn 0.937754214 0.0750963315 0.339083433
vn 0.945460975 0.179992571 0.271488816
vn 0.0587981902 0.598081589 0.799275398
vn 0.0732968524 0.546776533 0.834064186
vn -0.0468018651 0.549421906 0.834233284
vn -0.752087831 0.566390812 0.336994559
vn -0.797005773 0.518403769 0.309902251
vn -0.794115007 0.549910367 0.258804888
vn -0.633660913 0.697756946 0.334079385
vn -0.712391019 0.655591726 0.250396848
vn -0.703214765 0.668413997 0.24230507
vn -0.00979964714 0.499482036 0.866268814
vn -0.136791945 0.532268643 0.835450828
vn -0.662684381 0.667884231 0.338792026
vn -0.262182653 0.73395139 0.626558542
vn -0.365407199 0.740214586 0.564411104
vn -0.394808888 0.736316562 0.549512386
vn -0.463088006 0.739480853 0.48858735
vn 0.0587981902 0.598081589 0.799275398
vn 0.175392598 0.556876481 0.811865747
vn 0.0732968524 0.546776533 0.834064186
vn -0.627181709 0.662480712 0.409588069
vn -0.707872093 0.617975652 0.342086524
vn -0.358782589 0.779762149 0.513075113
vn -0.497401863 0.783902943 0.371601403
vn -0.532003462 0.622304082 0.57420373
vn -0.380608052 0.698314786 0.606212795
vn -0.68132937 0.495221376 0.53902328
vn -0.615393698 0.470095187 0.632693529
vn -0.637068987 0.439878583 0.632969141
vn -0.538214982 0.486213565 0.688419223
vn -0.627181709 0.662480712 0.409588069
vn -0.662684381 0.667884231 0.338792026
vn -0.633660913 0.697756946 0.334079385
vn -0.720901489 0.53830111 0.436500877
vn -0.777406752 0.509604454 0.368703216
vn -0.574993312 0.690091968 0.439494878
vn -0.550474167 0.718766272 0.424680084
vn -0.591618419 0.717222393 0.368211478
vn -0.458917022 0.597322166 0.65772438
vn -0.591618419 0.717222393 0.368211478
vn -0.403910339 0.517113268 0.7546193
vn -0.529928982 0.464925408 0.709238768
vn -0.203602314 0.74950856 0.629907191
vn -0.278304785 0.747612834 0.603010356
vn -0.652607799 0.580706954 0.48670581
vn -0.645920575 0.611119449 0.457514584
vn -0.330495954 0.649592042 0.684691608
vn -0.255597264 0.731092215 0.632593274
vn -0.850811958 0.452106357 0.267803758
vn -0.784096122 0.458497733 0.418297917
vn -0.837706029 0.428403109 0.33870244
vn 0.710518539 0.369409651 0.598915637
vn 0.767901599 0.415300876 0.487701029
vn 0.636392057 0.455394328 0.62259227
vn -0.13489832 0.715091109 0.685891509
vn -0.144200355 0.748901844 0.646801591
vn -0.0907016024 0.747613192 0.657911599
vn 0.578589737 0.536890447 0.613989055
vn -0.273313254 0.527425587 0.804439008
vn -0.307200998 0.475901544 0.8241027
vn -0.176409692 0.501727581 0.846846521
vn -0.274505317 0.605611742 0.746914506
vn -0.485601187 0.715601742 0.502101243
vn -0.0273997262 0.497395039 0.867091358
vn -0.127001524 0.479305744 0.868410408
vn -0.69151783 0.537213862 0.482912421
vn -0.125298262 0.573891997 0.80928874
vn 0.0211989656 0.535673857 0.844158828
vn -0.176395252 0.669481993 0.721580625
vn -0.0703015402 0.749716401 0.658014417
vn -0.555826783 0.660231769 0.505124331
vn -0.645920575 0.611119449 0.457514584
vn -0.594204366 0.632304609 0.497103631
vn -0.60690701 0.539506257 0.58360678
vn -0.652607799 0.580706954 0.48670581
vn -0.586516201 0.585516214 0.559615493
vn -0.0159002468 0.619909585 0.784512162
vn -0.488989711 0.685685575 0.539188623
vn -0.69151783 0.537213862 0.482912421
vn -0.538007557 0.644909084 0.542807639
vn -0.460817099 0.640223742 0.614622772
vn -0.0607009828 0.71341151 0.698111296
vn 0.087201111 0.665808499 0.741009474
vn 0.144795939 0.563284159 0.813477159
vn 0.087201111 0.665808499 0.741009474
vn -0.0159002468 0.619909585 0.784512162
vn 0.144795939 0.563284159 0.813477159
vn -0.446875513 0.674063027 0.588167727
vn -0.337403268 0.658706367 0.672506511
vn -0.711126149 0.482017726 0.511818826
vn 0.419806451 0.442006767 0.792712152
vn 0.385390013 0.454288214 0.803179145
vn 0.52319926 0.416499436 0.743498981
vn -0.377801716 0.612202823 0.694603205
vn -0.330389023 0.699676752 0.63347894
vn -0.228696197 0.694588423 0.682088673
vn 0.619537413 0.387523383 0.682641208
vn 0.623016 0.401310295 0.671417236
vn 0.509201765 0.456501573 0.729602516
vn 0.529686749 0.412589669 0.741081476
vn -0.203706339 0.6591205 0.723922551
vn -0.28230229 0.612904966 0.738005996
vn -0.711126149 0.482017726 0.511818826
vn -0.707727313 0.453617513 0.54162091
vn 0.275307477 0.530214369 0.801921785
vn 0.366315246 0.534822285 0.761431694
vn 0.509201765 0.456501573 0.729602516
vn 0.529686749 0.412589669 0.741081476
vn -0.49461937 0.562622011 0.662425935
vn -0.372905582 0.530707955 0.761111379
vn 0.498212337 0.527913094 0.687817037
vn -0.260015517 0.554033041 0.790847182
vn -0.561082304 0.504984081 0.655879319
vn 0.0818966553 0.495279759 0.864864647
vn 0.164603159 0.478509188 0.862516522
vn 0.164603159 0.478509188 0.862516522
vn 0.0818966553 0.495279759 0.864864647
vn 0.177303925 0.48541075 0.856118977
vn 0.266395509 0.483391851 0.833885908
vn -0.79160744 0.418403924 0.445304185
vn -0.856438339 0.398317844 0.328414708
vn -0.165997669 0.591691673 0.788888931
vn 0.308400303 0.455700457 0.835000813
vn -0.152796581 0.703984261 0.693584442
vn -0.0839980021 0.675583899 0.732482553
vn -0.707727313 0.453617513 0.54162091
vn 0.0211989656 0.535673857 0.844158828
vn -0.79836762 0.440582126 0.41048333
vn 0.0236003045 0.707909167 0.705909133
vn 0.0328000672 0.658801377 0.751601577
vn -0.707727313 0.453617513 0.54162091
vn 0.262599736 0.641699374 0.720599294
vn -0.7406618 0.435677499 0.511473596
vn 0.140098751 0.681593955 0.718193591
vn 0.0328000672 0.658801377 0.751601577
vn 0.0236003045 0.707909167 0.705909133
vn -0.0651018322 0.617817342 0.783622026
vn 0.13949205 0.750257254 0.646263182
vn 0.332598984 0.720997751 0.607898116
vn 0.188499123 0.832296133 0.521297574
vn 0.191401288 0.613304138 0.766305149
vn -0.630921423 0.466115832 0.620221078
vn -0.150503129 0.776316166 0.612112761
vn -0.214190692 0.845763206 0.488678753
vn -0.0147999059 0.776295066 0.630195975
vn 0.13949205 0.750257254 0.646263182
vn -0.388195306 0.709791422 0.587792933
vn -0.0987009481 0.729607046 0.676706493
vn -0.00329998368 0.73799634 0.674796641
vn 0.0918966457 0.728573382 0.678775251
vn -0.487506211 0.502806425 0.713809073
vn 0.398612797 0.618119836 0.677521765
vn 0.450892866 0.737288296 0.503092051
vn -0.268806994 0.726318896 0.63261646
vn -0.264302045 0.508803964 0.819306374
vn -0.7406618 0.435677499 0.511473596
vn 0.578589737 0.536890447 0.613989055
vn 0.506801665 0.636402071 0.581501901
vn 0.636392057 0.455394328 0.62259227
vn 0.498212337 0.527913094 0.687817037
vn 0.506801665 0.636402071 0.581501901
vn 0.314208359 0.841122329 0.440211684
vn -0.415187389 0.478585482 0.773676515
vn -0.18659173 0.725567818 0.662370622
vn 0.304686487 0.512577295 0.802764416
vn 0.0818966553 0.495279759 0.864864647
vn 0.0918966457 0.728573382 0.678775251
vn 0.44768995 0.483989149 0.751883149
vn -0.603598714 0.650498629 0.460999042
vn -0.684509337 0.66050899 0.308504194
vn -0.739607334 0.526305258 0.419504166
vn -0.68132937 0.495221376 0.53902328
vn -0.603598714 0.650498629 0.460999042
vn -0.839805067 0.456902772 -0.293201774
vn -0.874649227 0.441524863 -0.20011127
vn -0.874649227 0.441524863 -0.20011127
vn -0.846714675 0.523909092 -0.0927016065
vn -0.402702063 0.896004617 0.187100962
vn -0.592289925 0.783986628 0.185896829
vn -0.336612731 0.867132783 0.367113888
vn -0.258308887 0.947432637 0.188806504
vn -0.402702063 0.896004617 0.187100962
vn -0.336612731 0.867132783 0.367113888
vn -0.191404283 0.929520786 0.315207064
vn -0.879924953 0.46641323 -0.0905025676
vn -0.843274176 0.537483513 -0.000399987737
vn -0.191404283 0.929520786 0.315207064
vn 0.424481004 0.311786056 0.850061953
vn 0.265591085 0.474784046 0.83907181
vn 0.112998806 0.985789597 -0.124298684
vn -0.0186000597 0.597701967 0.801502585
vn -0.191092372 0.945462227 0.263789475
vn 0.259698004 0.953492701 0.15299882
vn -0.050101202 0.919022024 -0.39100939
vn -0.0814979076 0.358990788 0.929776132
vn -0.00799971446 0.918867171 -0.394485891
vn 0.046300292 0.915605783 -0.399402529
vn 0.026500782 0.952428102 -0.303608954
vn -0.871996105 0.379498303 -0.309198618
vn -0.0126997959 0.974184394 -0.22539638
vn 0.00509999413 0.974598825 -0.223899737
vn -0.00969955046 0.999053717 0.0423980355
vn -0.0557977632 0.987960398 -0.144294217
vn 0.113000557 0.990504861 -0.0783003867
vn 0.0897003636 0.967603922 0.236000955
vn -0.0740982592 0.947977722 0.309592724
vn -0.0953010917 0.992411315 0.0777008906
vn -0.910666585 0.407885045 -0.065697588
vn 0.0897003636 0.967603922 0.236000955
vn 0.281793803 0.953479052 0.107097648
vn 0.113000557 0.990504861 -0.0783003867
vn 0.406906128 0.905513585 0.120301805
vn 0.281793803 0.953479052 0.107097648
vn 0.40950194 0.855204046 0.317701489
vn 0.118397772 0.911282837 0.39439258
vn 0.40950194 0.855204046 0.317701489
vn -0.866119564 0.496911228 0.0540012196
vn 0.314208359 0.841122329 0.440211684
vn 0.55121994 0.822529733 0.140005067
vn 0.639595449 0.737594783 0.216498464
vn 0.55121994 0.822529733 0.140005067
vn 0.639595449 0.737594783 0.216498464
vn -0.862859905 0.496776938 -0.0931956694
vn -0.932159543 0.35778448 -0.0553975962
vn -0.882411242 0.469305992 0.0332004242
vn -0.817084849 0.571189404 0.0781985521
vn 0.781020224 0.558214426 0.280007243
vn 0.591309965 0.723512173 0.356206
vn 0.837108076 0.418404043 0.352403402
vn -0.897746801 0.435822725 0.0641033426
vn -0.723701239 0.67330116 -0.151400268
vn 0.701399624 0.550299704 0.452999771
vn -0.761485338 0.647487521 -0.0299994219
vn -0.585920513 0.807028234 -0.0735025704
vn -0.929194748 0.366997927 -0.0436997525
vn -0.935433269 0.348712415 0.0580020621
vn -0.886448503 0.419375628 0.195788622
vn -0.813710153 0.561206996 0.151401892
vn -0.849212646 0.494207352 0.186002761
vn -0.882830918 0.439715415 0.16510579
vn -0.812545598 0.514528871 0.27391538
vn 0.506801665 0.636402071 0.581501901
vn -0.77640456 0.613703609 0.143400848
vn -0.610987723 0.788884163 0.0659986734
vn 0.591309965 0.723512173 0.356206
vn 0.639595449 0.737594783 0.216498464
vn -0.592289925 0.783986628 0.185896829
vn -0.355794489 0.919285715 -0.168297395
vn -0.448597163 0.893494308 0.020699868
vn -0.535900891 0.831701338 -0.145200238
vn -0.0161000434 0.981902719 -0.188700512
vn 0.167806774 0.930737555 -0.324913114
vn -0.200004578 0.979022443 -0.0389008895
vn -0.473728031 0.8761518 0.0891052708
vn -0.757326186 0.622421563 0.197606832
vn 0.108902104 0.961918592 -0.250704855
vn -0.82407552 0.417487592 0.382888615
vn -0.71181041 0.542507946 0.446106523
vn -0.413992643 0.541790366 0.731487036
vn -0.461513937 0.418112636 0.782423615
vn -0.448597163 0.893494308 0.020699868
vn -0.402702063 0.896004617 0.187100962
vn -0.0740982592 0.947977722 0.309592724
vn -0.0156996343 0.861279964 0.507888198
vn -0.0156996343 0.861279964 0.507888198
vn -0.0147999059 0.776295066 0.630195975
vn -0.0740982592 0.947977722 0.309592724
vn 0.118397772 0.911282837 0.39439258
vn -0.497401863 0.783902943 0.371601403
vn -0.603598714 0.650498629 0.460999042
vn -0.355693996 0.81008637 0.466092139
vn 0.0363985449 0.326886922 0.944362283
vn -0.0569973141 0.722166002 0.689367533
vn 0.237201914 0.810206532 0.536004305
vn 0.542192459 0.459793627 0.703290224
vn 0.455984384 0.889969528 -0.00569980498
vn -0.947448969 0.31951651 -0.0158008169
vn -0.922362387 0.371184856 0.107095629
vn -0.889974594 0.389588863 0.236993223
vn -0.919686675 0.350294918 0.17739743
vn 0.535197854 0.555597782 0.636297405
vn 0.562282503 0.600081325 0.568982303
vn 0.463804811 0.645406723 0.606906295
vn 0.892367363 0.26559028 0.364886671
vn 0.892512739 0.345004916 0.290504128
vn 0.841366947 0.411583811 0.350286245
vn 0.839507222 0.331502855 0.430503726
vn -0.00329998368 0.73799634 0.674796641
vn 0.113704585 0.741429925 0.661326647
vn 0.681102812 0.639702618 0.35620147
vn 0.608919501 0.670521498 0.423813581
vn 0.611598134 0.649898052 0.451198637
vn 0.648568928 0.513475418 0.561873078
vn 0.658016145 0.579014182 0.481411815
vn 0.611583114 0.577884078 0.540385127
vn 0.627329171 0.476022154 0.616328657
vn 0.562282503 0.600081325 0.568982303
vn 0.535197854 0.555597782 0.636297405
vn 0.562704325 0.679005265 0.471503645
vn 0.515921414 0.693828762 0.502420843
vn 0.193098575 0.728294611 0.657495141
vn 0.25079295 0.731379449 0.634182155
vn 0.791629076 0.427115679 0.436916053
vn 0.525170624 0.668362617 0.526770532
vn 0.428683221 0.696872711 0.574977517
vn 0.617402315 0.581302166 0.530001998
vn 0.712494433 0.532795846 0.456596434
vn 0.642276049 0.50988096 0.572278678
vn 0.53699398 0.600293279 0.592693388
vn 0.418019384 0.571026504 0.706532776
vn 0.32200259 0.717205822 0.618004978
vn 0.372199059 0.716498196 0.589998484
vn 0.421409875 0.70541656 0.569913328
vn 0.50157696 0.569673836 0.651070118
vn 0.945460975 0.179992571 0.271488816
vn 0.96828413 0.124197967 0.216796443
vn 0.957908511 0.227102026 0.175601572
vn 0.400609255 0.670815468 0.624114394
vn 0.49889043 0.67248708 0.54668951
vn 0.53699398 0.600293279 0.592693388
vn 0.428683221 0.696872711 0.574977517
vn 0.515921414 0.693828762 0.502420843
vn 0.421409875 0.70541656 0.569913328
vn 0.372199059 0.716498196 0.589998484
vn 0.333810866 0.705722928 0.624920309
vn 0.566812873 0.472310752 0.67501533
vn 0.349298567 0.568697631 0.744696915
vn 0.257800967 0.643302381 0.720902681
vn 0.333810866 0.705722928 0.624920309
vn 0.912911177 0.311703801 0.263503224
vn 0.896595061 0.271198511 0.350098073
vn 0.376297444 0.615395784 0.692595303
vn 0.436507881 0.542009771 0.718113005
vn 0.515921414 0.693828762 0.502420843
vn 0.934295416 0.330398381 0.133899346
vn 0.895909965 0.415604621 0.156901747
vn 0.562704325 0.679005265 0.471503645
vn 0.433299482 0.609499276 0.663899243
vn 0.50157696 0.569673836 0.651070118
vn 0.366824746 0.667344987 0.648143709
vn 0.835314631 0.446107805 0.321305633
vn 0.884851396 0.384478867 0.263085544
vn 0.849739194 0.481322199 0.215109915
vn 0.719678044 0.395887911 0.570382595
vn 0.239588857 0.697767556 0.675068617
vn 0.239588857 0.697767556 0.675068617
vn 0.25079295 0.731379449 0.634182155
vn 0.716816485 0.504111588 0.48171109
vn 0.721496403 0.435397834 0.538397312
vn 0.29310894 0.669720411 0.682320833
vn 0.525170624 0.668362617 0.526770532
vn 0.609375656 0.625474989 0.487280548
vn 0.649022102 0.63312155 0.421814382
vn 0.710520566 0.582616866 0.394611418
vn 0.846470296 0.358687401 0.393486202
vn 0.463804811 0.645406723 0.606906295
vn -0.0698031783 0.678330898 0.731433332
vn 0.0269003641 0.680009186 0.732709944
vn -0.0269991029 0.727875829 0.685177207
vn 0.713986397 0.615688264 0.333393663
vn 0.752942979 0.60683465 0.254614532
vn 0.76588279 0.594186664 0.245694473
vn 0.786399543 0.540199697 0.299599826
vn 0.0313992761 0.742882907 0.668684602
vn 0.0769994184 0.719994545 0.689694822
vn 0.314891338 0.673181474 0.669081569
vn 0.139001191 0.721606195 0.678205848
vn 0.0313992761 0.742882907 0.668684602
vn 0.0769994184 0.719994545 0.689694822
vn 0.801473618 0.522682786 0.290590435
vn 0.154694855 0.671177685 0.724975884
vn 0.224905834 0.708118379 0.669317365
vn 0.801076174 0.47858578 0.359489322
vn 0.79381758 0.403508931 0.455010086
vn 0.0269003641 0.680009186 0.732709944
vn 0.738079965 0.464687377 0.489186704
vn 0.753088653 0.51399225 0.410693824
vn 0.154694855 0.671177685 0.724975884
vn 0.0868007168 0.629905224 0.771806359
vn 0.49889043 0.67248708 0.54668951
vn 0.248596668 0.626291573 0.738890052
vn 0.154694855 0.671177685 0.724975884
vn 0.917067111 0.221892044 0.331288129
vn 0.336694539 0.61609 0.712088406
vn 0.84966594 0.275088996 0.449881971
vn 0.859368742 0.268190235 0.435384154
vn 0.875545144 0.264083445 0.404574662
vn 0.807676077 0.317590594 0.496785283
vn 0.881418884 0.288606197 0.373908013
vn 0.49889043 0.67248708 0.54668951
vn 0.718413889 0.591911435 0.365407079
vn 0.73657763 0.606381595 0.299590915
vn 0.789318383 0.307707161 0.531312346
vn 0.785478115 0.324190974 0.527185321
vn 0.44768995 0.483989149 0.751883149
vn 0.520912409 0.519512355 0.677316129
vn 0.595724761 0.466219366 0.654027164
vn 0.73240751 0.343603522 0.587805986
vn 0.659532309 0.365317911 0.656932235
vn 0.816968918 0.545179248 0.187992856
vn 0.695182025 0.443788528 0.565485358
vn 0.779742181 0.373320222 0.502627194
vn 0.683116674 0.381709307 0.622615159
vn 0.52319926 0.416499436 0.743498981
vn 0.595724761 0.466219366 0.654027164
vn 0.660592318 0.632392645 0.404595286
vn 0.86349231 0.436896086 0.251997739
vn 0.520912409 0.519512355 0.677316129
vn 0.851992726 0.489095837 0.186798409
vn 0.595724761 0.466219366 0.654027164
vn 0.113704585 0.741429925 0.661326647
vn 0.895798028 0.432599038 0.101999775
vn 0.818091393 0.556794167 0.143898487
vn 0.854572654 0.516183496 0.0570981726
vn 0.878985345 0.467692226 0.0929984525
f 1/1/1 2/2/2 3/3/3
f 4/4/4 5/5/5 6/6/6
f 7/7/7 8/8/8 9/9/9
f 10/10/10 11/11/11 12/12/12
f 7/7/7 9/9/9 13/13/13
f 14/14/14 4/4/4 6/6/6
f 9/9/9 15/15/15 13/13/13
f 16/16/16 17/17/17 2/2/2
f 18/18/18 7/7/7 13/13/13
f 6/6/6 19/19/19 14/14/14
f 20/20/20 14/14/14 19/19/19
f 21/21/21 2/2/2 1/1/1
f 20/20/20 22/22/22 23/23/23
f 24/24/24 23/23/23 22/22/22
f 20/20/20 19/19/19 22/22/22
f 9/9/9 8/8/8 20/20/20
f 21/21/21 25/25/25 2/2/2
f 8/8/8 14/14/14 20/20/20
f 9/9/9 20/20/20 26/26/26
f 2/2/2 25/25/25 16/16/16
f 27/27/27 21/21/21 18/18/18
f 28/28/28 29/29/29 30/30/30
f 31/31/31 29/29/29 28/28/28
f 21/21/21 32/32/32 25/25/25
f 26/26/26 20/20/20 23/23/23
f 13/13/13 33/33/33 18/18/18
f 23/23/23 34/34/34 26/26/26
f 35/35/35 26/26/26 34/34/34
f 33/33/33 36/36/36 18/18/18
f 21/21/21 27/27/27 32/32/32
f 26/26/26 15/15/15 9/9/9
f 37/37/37 38/38/38 39/39/39
f 37/37/37 30/30/30 29/29/29
f 37/37/37 29/29/29 40/40/40
f 32/32/32 27/27/27 36/36/36
f 36/36/36 27/27/27 18/18/18
f 38/38/38 40/40/40 41/41/41
f 40/40/40 38/38/38 37/37/37
f 42/42/42 13/13/13 15/15/15
f 38/38/38 19/19/19 39/39/39
f 38/38/38 43/43/43 44/44/44
f 38/38/38 22/22/22 19/19/19
f 38/38/38 44/44/44 22/22/22
f 32/32/32 36/36/36 45/45/45
f 41/41/41 43/43/43 38/38/38
f 12/12/12 46/46/46 15/15/15
f 47/47/47 32/32/32 45/45/45
f 48/48/48 49/49/49 44/44/44
f 48/48/48 44/44/44 43/43/43
f 50/50/50 51/51/51 52/52/52
f 26/26/26 12/12/12 15/15/15
f 12/12/12 26/26/26 35/35/35
f 42/42/42 33/33/33 13/13/13
f 53/53/53 48/48/48 43/43/43
f 54/54/54 53/53/53 43/43/43
f 42/42/42 55/55/55 33/33/33
f 56/56/56 57/57/57 45/45/45
f 45/45/45 36/36/36 56/56/56
f 58/58/58 12/12/12 11/11/11
f 59/59/59 60/60/60 61/61/61
f 62/62/62 36/36/36 55/55/55
f 36/36/36 62/62/62 56/56/56
f 33/33/33 55/55/55 36/36/36
f 44/44/44 24/24/24 22/22/22
f 60/60/60 4/4/4 61/61/61
f 59/59/59 61/61/61 63/63/63
f 44/44/44 49/49/49 24/24/24
f 56/56/56 62/62/62 64/64/64
f 63/63/63 61/61/61 65/65/65
f 66/66/66 67/67/67 68/68/68
f 65/65/65 61/61/61 69/69/69
f 70/70/70 66/66/66 68/68/68
f 24/24/24 34/34/34 23/23/23
f 68/68/68 59/59/59 70/70/70
f 71/71/71 24/24/24 49/49/49
f 42/42/42 72/72/72 55/55/55
f 60/60/60 5/5/5 4/4/4
f 73/73/73 74/74/74 75/75/75
f 34/34/34 24/24/24 76/76/76
f 77/77/77 78/78/78 79/79/79
f 80/80/80 81/81/81 82/82/82
f 71/71/71 49/49/49 48/48/48
f 81/81/81 75/75/75 82/82/82
f 83/83/83 84/84/84 85/85/85
f 42/42/42 46/46/46 72/72/72
f 86/86/86 72/72/72 46/46/46
f 87/87/87 85/85/85 88/88/88
f 89/89/89 81/81/81 80/80/80
f 85/85/85 87/87/87 83/83/83
f 75/75/75 81/81/81 90/90/90
f 91/91/91 87/87/87 65/65/65
f 92/92/92 93/93/93 77/77/77
f 87/87/87 63/63/63 65/65/65
f 94/94/94 92/92/92 77/77/77
f 72/72/72 86/86/86 95/95/95
f 75/75/75 90/90/90 73/73/73
f 17/17/17 87/87/87 91/91/91
f 17/17/17 83/83/83 87/87/87
f 15/15/15 46/46/46 42/42/42
f 83/83/83 17/17/17 96/96/96
f 97/97/97 98/98/98 99/99/99
f 100/100/100 101/101/101 34/34/34
f 79/79/79 94/94/94 77/77/77
f 58/58/58 46/46/46 12/12/12
f 58/58/58 86/86/86 46/46/46
f 90/90/90 102/102/102 73/73/73
f 103/103/103 102/102/102 90/90/90
f 69/69/69 4/4/4 104/104/104
f 58/58/58 105/105/105 86/86/86
f 97/97/97 106/106/106 98/98/98
f 3/3/3 65/65/65 69/69/69
f 69/69/69 1/1/1 3/3/3
f 93/93/93 107/107/107 108/108/108
f 4/4/4 69/69/69 61/61/61
f 109/109/109 106/106/106 110/110/110
f 104/104/104 111/111/111 69/69/69
f 7/7/7 111/111/111 8/8/8
f 67/67/67 108/108/108 107/107/107
f 86/86/86 112/112/112 95/95/95
f 67/67/67 107/107/107 113/113/113
f 7/7/7 18/18/18 111/111/111
f 67/67/67 113/113/113 114/114/114
f 4/4/4 14/14/14 104/104/104
f 115/115/115 98/98/98 106/106/106
f 62/62/62 55/55/55 72/72/72
f 8/8/8 111/111/111 104/104/104
f 111/111/111 1/1/1 69/69/69
f 115/115/115 106/106/106 109/109/109
f 107/107/107 93/93/93 116/116/116
f 34/34/34 101/101/101 35/35/35
f 1/1/1 111/111/111 21/21/21
f 108/108/108 117/117/117 77/77/77
f 18/18/18 21/21/21 111/111/111
f 72/72/72 64/64/64 62/62/62
f 65/65/65 3/3/3 91/91/91
f 10/10/10 35/35/35 101/101/101
f 2/2/2 91/91/91 3/3/3
f 12/12/12 35/35/35 10/10/10
f 108/108/108 66/66/66 117/117/117
f 2/2/2 17/17/17 91/91/91
f 77/77/77 93/93/93 108/108/108
f 98/98/98 118/118/118 119/119/119
f 10/10/10 101/101/101 120/120/120
f 117/117/117 78/78/78 77/77/77
f 64/64/64 72/72/72 95/95/95
f 121/121/121 64/64/64 95/95/95
f 122/122/122 123/123/123 124/124/124
f 125/125/125 64/64/64 121/121/121
f 126/126/126 127/127/127 128/128/128
f 127/127/127 126/126/126 129/129/129
f 130/130/130 131/131/131 132/132/132
f 128/128/128 133/133/133 126/126/126
f 134/134/134 5/5/5 135/135/135
f 133/133/133 136/136/136 126/126/126
f 137/137/137 6/6/6 5/5/5
f 138/138/138 90/90/90 81/81/81
f 138/138/138 103/103/103 90/90/90
f 5/5/5 134/134/134 137/137/137
f 104/104/104 14/14/14 8/8/8
f 139/139/139 109/109/109 110/110/110
f 39/39/39 137/137/137 37/37/37
f 6/6/6 137/137/137 39/39/39
f 132/132/132 140/140/140 141/141/141
f 19/19/19 6/6/6 39/39/39
f 131/131/131 140/140/140 132/132/132
f 142/142/142 140/140/140 131/131/131
f 143/143/143 144/144/144 145/145/145
f 146/146/146 147/147/147 144/144/144
f 148/148/148 149/149/149 150/150/150
f 30/30/30 37/37/37 134/134/134
f 149/149/149 148/148/148 151/151/151
f 134/134/134 37/37/37 137/137/137
f 149/149/149 151/151/151 152/152/152
f 149/149/149 153/153/153 150/150/150
f 31/31/31 28/28/28 154/154/154
f 155/155/155 154/154/154 156/156/156
f 145/145/145 149/149/149 152/152/152
f 157/157/157 158/158/158 159/159/159
f 160/160/160 159/159/159 158/158/158
f 128/128/128 157/157/157 159/159/159
f 161/161/161 162/162/162 163/163/163
f 164/164/164 165/165/165 162/162/162
f 166/166/166 164/164/164 162/162/162
f 167/167/167 114/114/114 113/113/113
f 52/52/52 168/168/168 50/50/50
f 169/169/169 168/168/168 52/52/52
f 113/113/113 170/170/170 167/167/167
f 154/154/154 167/167/167 156/156/156
f 166/166/166 162/162/162 161/161/161
f 54/54/54 43/43/43 41/41/41
f 171/171/171 166/166/166 161/161/161
f 168/168/168 89/89/89 80/80/80
f 172/172/172 166/166/166 171/171/171
f 173/173/173 171/171/171 161/161/161
f 174/174/174 164/164/164 166/166/166
f 59/59/59 63/63/63 70/70/70
f 174/174/174 166/166/166 172/172/172
f 175/175/175 160/160/160 176/176/176
f 92/92/92 94/94/94 177/177/177
f 59/59/59 68/68/68 60/60/60
f 68/68/68 135/135/135 60/60/60
f 68/68/68 114/114/114 135/135/135
f 156/156/156 167/167/167 170/170/170
f 163/163/163 178/178/178 179/179/179
f 180/180/180 163/163/163 179/179/179
f 181/181/181 163/163/163 162/162/162
f 66/66/66 108/108/108 67/67/67
f 161/161/161 163/163/163 180/180/180
f 135/135/135 5/5/5 60/60/60
f 180/180/180 182/182/182 161/161/161
f 173/173/173 161/161/161 182/182/182
f 68/68/68 67/67/67 114/114/114
f 88/88/88 70/70/70 63/63/63
f 63/63/63 87/87/87 88/88/88
f 182/182/182 180/180/180 183/183/183
f 184/184/184 182/182/182 183/183/183
f 185/185/185 165/165/165 164/164/164
f 66/66/66 70/70/70 88/88/88
f 88/88/88 186/186/186 66/66/66
f 172/172/172 171/171/171 187/187/187
f 173/173/173 187/187/187 171/171/171
f 188/188/188 172/172/172 187/187/187
f 151/151/151 174/174/174 172/172/172
f 189/189/189 151/151/151 172/172/172
f 190/190/190 151/151/151 189/189/189
f 189/189/189 191/191/191 190/190/190
f 88/88/88 192/192/192 186/186/186
f 192/192/192 88/88/88 85/85/85
f 127/127/127 157/157/157 128/128/128
f 188/188/188 191/191/191 189/189/189
f 193/193/193 191/191/191 194/194/194
f 195/195/195 187/187/187 196/196/196
f 189/189/189 172/172/172 188/188/188
f 191/191/191 188/188/188 194/194/194
f 188/188/188 195/195/195 194/194/194
f 93/93/93 92/92/92 116/116/116
f 188/188/188 187/187/187 195/195/195
f 129/129/129 52/52/52 127/127/127
f 136/136/136 129/129/129 126/126/126
f 197/197/197 116/116/116 92/92/92
f 191/191/191 193/193/193 198/198/198
f 199/199/199 173/173/173 182/182/182
f 199/199/199 187/187/187 173/173/173
f 184/184/184 199/199/199 182/182/182
f 196/196/196 187/187/187 199/199/199
f 199/199/199 200/200/200 196/196/196
f 201/201/201 202/202/202 133/133/133
f 203/203/203 94/94/94 79/79/79
f 204/204/204 205/205/205 206/206/206
f 207/207/207 133/133/133 128/128/128
f 208/208/208 209/209/209 210/210/210
f 211/211/211 133/133/133 207/207/207
f 212/212/212 213/213/213 210/210/210
f 133/133/133 211/211/211 201/201/201
f 214/214/214 209/209/209 215/215/215
f 214/214/214 210/210/210 209/209/209
f 214/214/214 212/212/212 210/210/210
f 216/216/216 136/136/136 202/202/202
f 202/202/202 136/136/136 133/133/133
f 216/216/216 209/209/209 136/136/136
f 215/215/215 209/209/209 217/217/217
f 169/169/169 52/52/52 129/129/129
f 218/218/218 214/214/214 215/215/215
f 169/169/169 129/129/129 208/208/208
f 129/129/129 136/136/136 208/208/208
f 215/215/215 219/219/219 218/218/218
f 212/212/212 220/220/220 213/213/213
f 221/221/221 168/168/168 169/169/169
f 220/220/220 212/212/212 124/124/124
f 168/168/168 221/221/221 89/89/89
f 107/107/107 170/170/170 113/113/113
f 221/221/221 169/169/169 208/208/208
f 210/210/210 221/221/221 208/208/208
f 222/222/222 124/124/124 212/212/212
f 210/210/210 213/213/213 221/221/221
f 124/124/124 123/123/123 223/223/223
f 221/221/221 213/213/213 89/89/89
f 212/212/212 224/224/224 222/222/222
f 170/170/170 107/107/107 116/116/116
f 224/224/224 212/212/212 214/214/214
f 209/209/209 208/208/208 136/136/136
f 222/222/222 122/122/122 124/124/124
f 122/122/122 222/222/222 225/225/225
f 170/170/170 116/116/116 226/226/226
f 218/218/218 224/224/224 214/214/214
f 227/227/227 222/222/222 224/224/224
f 228/228/228 224/224/224 218/218/218
f 226/226/226 156/156/156 170/170/170
f 229/229/229 230/230/230 231/231/231
f 232/232/232 130/130/130 233/233/233
f 201/201/201 147/147/147 202/202/202
f 234/234/234 233/233/233 235/235/235
f 234/234/234 232/232/232 233/233/233
f 236/236/236 232/232/232 234/234/234
f 147/147/147 201/201/201 153/153/153
f 117/117/117 66/66/66 186/186/186
f 232/232/232 131/131/131 130/130/130
f 217/217/217 209/209/209 216/216/216
f 217/217/217 216/216/216 202/202/202
f 237/237/237 131/131/131 232/232/232
f 217/217/217 202/202/202 238/238/238
f 202/202/202 147/147/147 238/238/238
f 78/78/78 239/239/239 240/240/240
f 117/117/117 186/186/186 239/239/239
f 135/135/135 114/114/114 241/241/241
f 135/135/135 241/241/241 134/134/134
f 117/117/117 239/239/239 78/78/78
f 242/242/242 183/183/183 180/180/180
f 147/147/147 146/146/146 238/238/238
f 243/243/243 199/199/199 184/184/184
f 244/244/244 217/217/217 238/238/238
f 183/183/183 245/245/245 184/184/184
f 246/246/246 245/245/245 183/183/183
f 244/244/244 215/215/215 217/217/217
f 247/247/247 243/243/243 245/245/245
f 243/243/243 184/184/184 245/245/245
f 199/199/199 243/243/243 200/200/200
f 200/200/200 243/243/243 248/248/248
f 220/220/220 138/138/138 89/89/89
f 81/81/81 89/89/89 138/138/138
f 220/220/220 89/89/89 213/213/213
f 249/249/249 247/247/247 245/245/245
f 243/243/243 247/247/247 248/248/248
f 250/250/250 40/40/40 29/29/29
f 251/251/251 127/127/127 52/52/52
f 157/157/157 127/127/127 251/251/251
f 138/138/138 220/220/220 223/223/223
f 252/252/252 253/253/253 254/254/254
f 255/255/255 134/134/134 241/241/241
f 256/256/256 200/200/200 248/248/248
f 255/255/255 30/30/30 134/134/134
f 154/154/154 255/255/255 167/167/167
f 223/223/223 220/220/220 124/124/124
f 28/28/28 255/255/255 154/154/154
f 174/174/174 257/257/257 164/164/164
f 258/258/258 257/257/257 174/174/174
f 138/138/138 259/259/259 103/103/103
f 255/255/255 28/28/28 30/30/30
f 167/167/167 241/241/241 114/114/114
f 255/255/255 241/241/241 167/167/167
f 259/259/259 138/138/138 223/223/223
f 207/207/207 128/128/128 159/159/159
f 159/159/159 260/260/260 207/207/207
f 207/207/207 260/260/260 211/211/211
f 211/211/211 260/260/260 150/150/150
f 139/139/139 141/141/141 140/140/140
f 257/257/257 185/185/185 164/164/164
f 261/261/261 139/139/139 140/140/140
f 175/175/175 262/262/262 185/185/185
f 175/175/175 185/185/185 257/257/257
f 260/260/260 175/175/175 257/257/257
f 159/159/159 160/160/160 175/175/175
f 260/260/260 159/159/159 175/175/175
f 148/148/148 260/260/260 258/258/258
f 260/260/260 148/148/148 150/150/150
f 258/258/258 260/260/260 257/257/257
f 151/151/151 148/148/148 258/258/258
f 174/174/174 151/151/151 258/258/258
f 152/152/152 151/151/151 190/190/190
f 198/198/198 190/190/190 191/191/191
f 198/198/198 263/263/263 152/152/152
f 152/152/152 190/190/190 198/198/198
f 150/150/150 153/153/153 211/211/211
f 153/153/153 201/201/201 211/211/211
f 145/145/145 153/153/153 149/149/149
f 144/144/144 153/153/153 145/145/145
f 147/147/147 153/153/153 144/144/144
f 56/56/56 264/264/264 57/57/57
f 265/265/265 266/266/266 267/267/267
f 267/267/267 266/266/266 268/268/268
f 16/16/16 96/96/96 17/17/17
f 269/269/269 96/96/96 16/16/16
f 270/270/270 271/271/271 272/272/272
f 56/56/56 64/64/64 264/264/264
f 273/273/273 274/274/274 270/270/270
f 270/270/270 274/274/274 275/275/275
f 269/269/269 276/276/276 277/277/277
f 276/276/276 278/278/278 277/277/277
f 279/279/279 280/280/280 281/281/281
f 264/264/264 282/282/282 283/283/283
f 25/25/25 284/284/284 16/16/16
f 271/271/271 285/285/285 286/286/286
f 269/269/269 16/16/16 284/284/284
f 287/287/287 288/288/288 289/289/289
f 279/279/279 290/290/290 289/289/289
f 269/269/269 284/284/284 276/276/276
f 290/290/290 279/279/279 281/281/281
f 289/289/289 290/290/290 287/287/287
f 291/291/291 282/282/282 264/264/264
f 277/277/277 278/278/278 292/292/292
f 292/292/292 278/278/278 293/293/293
f 294/294/294 295/295/295 296/296/296
f 295/295/295 294/294/294 297/297/297
f 278/278/278 276/276/276 298/298/298
f 299/299/299 296/296/296 295/295/295
f 300/300/300 296/296/296 301/301/301
f 293/293/293 302/302/302 292/292/292
f 303/303/303 304/304/304 267/267/267
f 296/296/296 305/305/305 294/294/294
f 298/298/298 276/276/276 306/306/306
f 293/293/293 278/278/278 307/307/307
f 300/300/300 301/301/301 287/287/287
f 287/287/287 301/301/301 308/308/308
f 278/278/278 298/298/298 307/307/307
f 309/309/309 303/303/303 267/267/267
f 268/268/268 309/309/309 267/267/267
f 287/287/287 290/290/290 310/310/310
f 32/32/32 284/284/284 25/25/25
f 47/47/47 284/284/284 32/32/32
f 311/311/311 297/297/297 294/294/294
f 311/311/311 294/294/294 312/312/312
f 306/306/306 284/284/284 47/47/47
f 305/305/305 312/312/312 294/294/294
f 306/306/306 276/276/276 284/284/284
f 313/313/313 305/305/305 296/296/296
f 314/314/314 315/315/315 316/316/316
f 47/47/47 45/45/45 57/57/57
f 305/305/305 317/317/317 312/312/312
f 313/313/313 318/318/318 305/305/305
f 319/319/319 306/306/306 47/47/47
f 320/320/320 321/321/321 322/322/322
f 323/323/323 324/324/324 325/325/325
f 326/326/326 325/325/325 324/324/324
f 327/327/327 328/328/328 329/329/329
f 327/327/327 324/324/324 328/328/328
f 330/330/330 331/331/331 332/332/332
f 306/306/306 319/319/319 333/333/333
f 334/334/334 335/335/335 336/336/336
f 337/337/337 338/338/338 272/272/272
f 337/337/337 332/332/332 338/338/338
f 339/339/339 340/340/340 341/341/341
f 319/319/319 47/47/47 57/57/57
f 335/335/335 342/342/342 336/336/336
f 342/342/342 343/343/343 336/336/336
f 337/337/337 272/272/272 271/271/271
f 344/344/344 345/345/345 346/346/346
f 125/125/125 264/264/264 64/64/64
f 346/346/346 345/345/345 347/347/347
f 348/348/348 349/349/349 350/350/350
f 351/351/351 282/282/282 291/291/291
f 264/264/264 319/319/319 57/57/57
f 319/319/319 264/264/264 283/283/283
f 349/349/349 348/348/348 352/352/352
f 333/333/333 319/319/319 283/283/283
f 264/264/264 125/125/125 291/291/291
f 353/353/353 354/354/354 355/355/355
f 356/356/356 347/347/347 357/357/357
f 358/358/358 349/349/349 339/339/339
f 359/359/359 339/339/339 349/349/349
f 333/333/333 283/283/283 282/282/282
f 360/360/360 291/291/291 125/125/125
f 361/361/361 339/339/339 359/359/359
f 298/298/298 331/331/331 307/307/307
f 298/298/298 306/306/306 331/331/331
f 306/306/306 333/333/333 331/331/331
f 84/84/84 192/192/192 85/85/85
f 273/273/273 351/351/351 291/291/291
f 270/270/270 351/351/351 273/273/273
f 338/338/338 331/331/331 333/333/333
f 338/338/338 332/332/332 331/331/331
f 282/282/282 338/338/338 333/333/333
f 273/273/273 291/291/291 360/360/360
f 338/338/338 282/282/282 272/272/272
f 84/84/84 83/83/83 96/96/96
f 273/273/273 362/362/362 274/274/274
f 272/272/272 282/282/282 351/351/351
f 351/351/351 270/270/270 272/272/272
f 307/307/307 363/363/363 293/293/293
f 364/364/364 365/365/365 366/366/366
f 367/367/367 368/368/368 369/369/369
f 370/370/370 364/364/364 366/366/366
f 317/317/317 305/305/305 371/371/371
f 371/371/371 305/305/305 318/318/318
f 372/372/372 373/373/373 374/374/374
f 371/371/371 318/318/318 375/375/375
f 302/302/302 293/293/293 363/363/363
f 374/374/374 376/376/376 372/372/372
f 377/377/377 378/378/378 379/379/379
f 317/317/317 369/369/369 368/368/368
f 317/317/317 371/371/371 369/369/369
f 380/380/380 179/179/179 178/178/178
f 302/302/302 363/363/363 381/381/381
f 313/313/313 300/300/300 382/382/382
f 383/383/383 313/313/313 382/382/382
f 384/384/384 363/363/363 330/330/330
f 381/381/381 385/385/385 302/302/302
f 386/386/386 378/378/378 387/387/387
f 388/388/388 387/387/387 378/378/378
f 389/389/389 268/268/268 390/390/390
f 378/378/378 377/377/377 388/388/388
f 390/390/390 266/266/266 385/385/385
f 391/391/391 392/392/392 393/393/393
f 382/382/382 393/393/393 392/392/392
f 383/383/383 382/382/382 392/392/392
f 377/377/377 379/379/379 394/394/394
f 392/392/392 395/395/395 383/383/383
f 377/377/377 396/396/396 388/388/388
f 377/377/377 394/394/394 396/396/396
f 397/397/397 390/390/390 385/385/385
f 375/375/375 313/313/313 383/383/383
f 398/398/398 399/399/399 400/400/400
f 313/313/313 375/375/375 318/318/318
f 385/385/385 401/401/401 397/397/397
f 394/394/394 402/402/402 403/403/403
f 404/404/404 375/375/375 383/383/383
f 405/405/405 371/371/371 375/375/375
f 406/406/406 407/407/407 408/408/408
f 405/405/405 375/375/375 404/404/404
f 409/409/409 410/410/410 403/403/403
f 384/384/384 381/381/381 363/363/363
f 411/411/411 412/412/412 400/400/400
f 404/404/404 383/383/383 395/395/395
f 404/404/404 395/395/395 413/413/413
f 412/412/412 411/411/411 414/414/414
f 186/186/186 415/415/415 239/239/239
f 416/416/416 412/412/412 417/417/417
f 412/412/412 414/414/414 417/417/417
f 415/415/415 240/240/240 239/239/239
f 418/418/418 419/419/419 420/420/420
f 240/240/240 415/415/415 421/421/421
f 414/414/414 422/422/422 423/423/423
f 381/381/381 401/401/401 385/385/385
f 424/424/424 421/421/421 415/415/415
f 401/401/401 381/381/381 425/425/425
f 408/408/408 407/407/407 426/426/426
f 427/427/427 428/428/428 429/429/429
f 423/423/423 417/417/417 414/414/414
f 420/420/420 430/430/430 431/431/431
f 186/186/186 192/192/192 415/415/415
f 432/432/432 420/420/420 433/433/433
f 297/297/297 408/408/408 426/426/426
f 434/434/434 410/410/410 409/409/409
f 423/423/423 422/422/422 435/435/435
f 415/415/415 192/192/192 436/436/436
f 437/437/437 429/429/429 438/438/438
f 423/423/423 435/435/435 439/439/439
f 436/436/436 440/440/440 415/415/415
f 412/412/412 398/398/398 400/400/400
f 384/384/384 425/425/425 381/381/381
f 297/297/297 426/426/426 441/441/441
f 432/432/432 430/430/430 420/420/420
f 442/442/442 440/440/440 304/304/304
f 441/441/441 295/295/295 297/297/297
f 440/440/440 424/424/424 415/415/415
f 439/439/439 417/417/417 423/423/423
f 424/424/424 440/440/440 442/442/442
f 430/430/430 432/432/432 443/443/443
f 444/444/444 417/417/417 439/439/439
f 417/417/417 445/445/445 416/416/416
f 446/446/446 447/447/447 438/438/438
f 408/408/408 297/297/297 311/311/311
f 432/432/432 448/448/448 443/443/443
f 449/449/449 445/445/445 417/417/417
f 449/449/449 417/417/417 444/444/444
f 443/443/443 448/448/448 450/450/450
f 303/303/303 315/315/315 442/442/442
f 429/429/429 451/451/451 452/452/452
f 445/445/445 449/449/449 453/453/453
f 303/303/303 442/442/442 304/304/304
f 438/438/438 429/429/429 452/452/452
f 374/374/374 453/453/453 449/449/449
f 454/454/454 455/455/455 456/456/456
f 451/451/451 457/457/457 452/452/452
f 458/458/458 459/459/459 460/460/460
f 421/421/421 461/461/461 240/240/240
f 439/439/439 435/435/435 462/462/462
f 78/78/78 240/240/240 461/461/461
f 463/463/463 454/454/454 456/456/456
f 462/462/462 435/435/435 464/464/464
f 406/406/406 463/463/463 456/456/456
f 438/438/438 452/452/452 446/446/446
f 428/428/428 463/463/463 406/406/406
f 421/421/421 465/465/465 461/461/461
f 462/462/462 464/464/464 466/466/466
f 467/467/467 446/446/446 452/452/452
f 468/468/468 465/465/465 421/421/421
f 469/469/469 450/450/450 448/448/448
f 203/203/203 379/379/379 94/94/94
f 407/407/407 406/406/406 456/456/456
f 462/462/462 444/444/444 439/439/439
f 452/452/452 457/457/457 467/467/467
f 394/394/394 379/379/379 402/402/402
f 470/470/470 467/467/467 457/457/457
f 471/471/471 430/430/430 355/355/355
f 428/428/428 406/406/406 472/472/472
f 355/355/355 430/430/430 443/443/443
f 78/78/78 203/203/203 79/79/79
f 78/78/78 461/461/461 203/203/203
f 466/466/466 464/464/464 473/473/473
f 474/474/474 355/355/355 443/443/443
f 471/471/471 355/355/355 354/354/354
f 379/379/379 203/203/203 461/461/461
f 322/322/322 355/355/355 474/474/474
f 459/459/459 458/458/458 475/475/475
f 474/474/474 443/443/443 476/476/476
f 475/475/475 419/419/419 459/459/459
f 476/476/476 443/443/443 450/450/450
f 466/466/466 473/473/473 477/477/477
f 465/465/465 402/402/402 461/461/461
f 478/478/478 462/462/462 466/466/466
f 478/478/478 466/466/466 477/477/477
f 461/461/461 402/402/402 379/379/379
f 465/465/465 468/468/468 314/314/314
f 479/479/479 464/464/464 435/435/435
f 480/480/480 464/464/464 479/479/479
f 403/403/403 402/402/402 409/409/409
f 334/334/334 320/320/320 474/474/474
f 474/474/474 320/320/320 322/322/322
f 419/419/419 481/481/481 482/482/482
f 409/409/409 465/465/465 314/314/314
f 450/450/450 469/469/469 483/483/483
f 451/451/451 368/368/368 457/457/457
f 484/484/484 428/428/428 472/472/472
f 480/480/480 473/473/473 464/464/464
f 434/434/434 409/409/409 314/314/314
f 457/457/457 368/368/368 367/367/367
f 402/402/402 465/465/465 409/409/409
f 473/473/473 480/480/480 485/485/485
f 428/428/428 484/484/484 429/429/429
f 434/434/434 314/314/314 316/316/316
f 369/369/369 371/371/371 405/405/405
f 486/486/486 369/369/369 405/405/405
f 486/486/486 367/367/367 369/369/369
f 406/406/406 408/408/408 472/472/472
f 367/367/367 486/486/486 487/487/487
f 485/485/485 480/480/480 418/418/418
f 405/405/405 488/488/488 486/486/486
f 367/367/367 470/470/470 457/457/457
f 484/484/484 472/472/472 408/408/408
f 435/435/435 422/422/422 489/489/489
f 367/367/367 487/487/487 470/470/470
f 473/473/473 485/485/485 490/490/490
f 311/311/311 484/484/484 408/408/408
f 487/487/487 486/486/486 491/491/491
f 491/491/491 486/486/486 488/488/488
f 404/404/404 488/488/488 405/405/405
f 488/488/488 404/404/404 413/413/413
f 490/490/490 477/477/477 473/473/473
f 350/350/350 477/477/477 490/490/490
f 421/421/421 424/424/424 468/468/468
f 492/492/492 493/493/493 488/488/488
f 485/485/485 418/418/418 431/431/431
f 315/315/315 468/468/468 424/424/424
f 431/431/431 418/418/418 420/420/420
f 494/494/494 484/484/484 311/311/311
f 442/442/442 315/315/315 424/424/424
f 492/492/492 488/488/488 413/413/413
f 314/314/314 468/468/468 315/315/315
f 431/431/431 490/490/490 485/485/485
f 491/491/491 488/488/488 493/493/493
f 491/491/491 493/493/493 495/495/495
f 316/316/316 315/315/315 496/496/496
f 429/429/429 484/484/484 451/451/451
f 490/490/490 431/431/431 354/354/354
f 490/490/490 354/354/354 348/348/348
f 492/492/492 497/497/497 493/493/493
f 354/354/354 431/431/431 430/430/430
f 354/354/354 430/430/430 471/471/471
f 489/489/489 498/498/498 499/499/499
f 315/315/315 303/303/303 309/309/309
f 496/496/496 315/315/315 309/309/309
f 495/495/495 493/493/493 500/500/500
f 484/484/484 494/494/494 451/451/451
f 495/495/495 500/500/500 501/501/501
f 502/502/502 501/501/501 500/500/500
f 503/503/503 504/504/504 499/499/499
f 500/500/500 493/493/493 497/497/497
f 389/389/389 309/309/309 268/268/268
f 505/505/505 500/500/500 497/497/497
f 494/494/494 368/368/368 451/451/451
f 506/506/506 449/449/449 507/507/507
f 449/449/449 444/444/444 507/507/507
f 422/422/422 498/498/498 489/489/489
f 507/507/507 444/444/444 508/508/508
f 363/363/363 331/331/331 330/330/330
f 331/331/331 363/363/363 307/307/307
f 508/508/508 444/444/444 462/462/462
f 460/460/460 504/504/504 503/503/503
f 502/502/502 500/500/500 505/505/505
f 478/478/478 508/508/508 462/462/462
f 509/509/509 510/510/510 511/511/511
f 509/509/509 512/512/512 510/510/510
f 477/477/477 350/350/350 478/478/478
f 504/504/504 489/489/489 499/499/499
f 474/474/474 476/476/476 334/334/334
f 504/504/504 460/460/460 459/459/459
f 513/513/513 507/507/507 508/508/508
f 320/320/320 334/334/334 514/514/514
f 508/508/508 478/478/478 515/515/515
f 483/483/483 476/476/476 450/450/450
f 515/515/515 478/478/478 350/350/350
f 516/516/516 517/517/517 518/518/518
f 332/332/332 519/519/519 330/330/330
f 515/515/515 350/350/350 358/358/358
f 374/374/374 449/449/449 506/506/506
f 520/520/520 483/483/483 469/469/469
f 479/479/479 489/489/489 504/504/504
f 483/483/483 335/335/335 476/476/476
f 521/521/521 506/506/506 507/507/507
f 435/435/435 489/489/489 479/479/479
f 335/335/335 483/483/483 522/522/522
f 374/374/374 506/506/506 523/523/523
f 334/334/334 476/476/476 335/335/335
f 524/524/524 374/374/374 523/523/523
f 480/480/480 479/479/479 504/504/504
f 521/521/521 523/523/523 506/506/506
f 335/335/335 522/522/522 345/345/345
f 342/342/342 335/335/335 345/345/345
f 521/521/521 507/507/507 513/513/513
f 513/513/513 508/508/508 515/515/515
f 521/521/521 513/513/513 341/341/341
f 341/341/341 513/513/513 515/515/515
f 480/480/480 504/504/504 459/459/459
f 487/487/487 525/525/525 470/470/470
f 520/520/520 522/522/522 483/483/483
f 341/341/341 515/515/515 339/339/339
f 525/525/525 487/487/487 526/526/526
f 526/526/526 487/487/487 491/491/491
f 480/480/480 459/459/459 419/419/419
f 340/340/340 521/521/521 341/341/341
f 480/480/480 419/419/419 418/418/418
f 337/337/337 271/271/271 286/286/286
f 526/526/526 491/491/491 495/495/495
f 308/308/308 517/517/517 516/516/516
f 527/527/527 526/526/526 495/495/495
f 339/339/339 515/515/515 358/358/358
f 522/522/522 528/528/528 345/345/345
f 347/347/347 345/345/345 528/528/528
f 242/242/242 529/529/529 530/530/530
f 350/350/350 490/490/490 348/348/348
f 342/342/342 345/345/345 344/344/344
f 183/183/183 242/242/242 531/531/531
f 183/183/183 531/531/531 246/246/246
f 531/531/531 242/242/242 530/530/530
f 357/357/357 347/347/347 532/532/532
f 350/350/350 349/349/349 358/358/358
f 275/275/275 271/271/271 270/270/270
f 271/271/271 275/275/275 285/285/285
f 357/357/357 510/510/510 356/356/356
f 533/533/533 534/534/534 535/535/535
f 536/536/536 533/533/533 535/535/535
f 354/354/354 353/353/353 348/348/348
f 352/352/352 348/348/348 353/353/353
f 398/398/398 412/412/412 416/416/416
f 537/537/537 398/398/398 416/416/416
f 384/384/384 330/330/330 538/538/538
f 533/533/533 536/536/536 539/539/539
f 330/330/330 540/540/540 538/538/538
f 540/540/540 330/330/330 519/519/519
f 416/416/416 541/541/541 537/537/537
f 541/541/541 416/416/416 445/445/445
f 541/541/541 445/445/445 453/453/453
f 352/352/352 359/359/359 349/349/349
f 542/542/542 533/533/533 543/543/543
f 246/246/246 249/249/249 245/245/245
f 542/542/542 543/543/543 544/544/544
f 540/540/540 519/519/519 545/545/545
f 352/352/352 546/546/546 359/359/359
f 534/534/534 533/533/533 542/542/542
f 353/353/353 355/355/355 322/322/322
f 546/546/546 352/352/352 353/353/353
f 547/547/547 533/533/533 323/323/323
f 543/543/543 533/533/533 548/548/548
f 546/546/546 353/353/353 322/322/322
f 533/533/533 547/547/547 548/548/548
f 359/359/359 546/546/546 549/549/549
f 548/548/548 547/547/547 325/325/325
f 325/325/325 547/547/547 323/323/323
f 550/550/550 253/253/253 544/544/544
f 436/436/436 192/192/192 84/84/84
f 550/550/550 544/544/544 543/543/543
f 299/299/299 301/301/301 296/296/296
f 254/254/254 253/253/253 550/550/550
f 543/543/543 551/551/551 550/550/550
f 548/548/548 325/325/325 552/552/552
f 325/325/325 326/326/326 552/552/552
f 543/543/543 552/552/552 551/551/551
f 552/552/552 543/543/543 548/548/548
f 436/436/436 84/84/84 553/553/553
f 552/552/552 326/326/326 554/554/554
f 313/313/313 296/296/296 300/300/300
f 328/328/328 533/533/533 539/539/539
f 328/328/328 323/323/323 533/533/533
f 323/323/323 328/328/328 324/324/324
f 328/328/328 539/539/539 329/329/329
f 555/555/555 545/545/545 519/519/519
f 96/96/96 553/553/553 84/84/84
f 556/556/556 329/329/329 557/557/557
f 327/327/327 329/329/329 556/556/556
f 269/269/269 553/553/553 96/96/96
f 277/277/277 553/553/553 269/269/269
f 287/287/287 558/558/558 300/300/300
f 559/559/559 326/326/326 327/327/327
f 324/324/324 327/327/327 326/326/326
f 554/554/554 326/326/326 559/559/559
f 554/554/554 559/559/559 560/560/560
f 559/559/559 327/327/327 364/364/364
f 558/558/558 382/382/382 300/300/300
f 370/370/370 560/560/560 559/559/559
f 370/370/370 559/559/559 364/364/364
f 440/440/440 436/436/436 304/304/304
f 364/364/364 327/327/327 365/365/365
f 365/365/365 327/327/327 556/556/556
f 556/556/556 557/557/557 365/365/365
f 373/373/373 453/453/453 374/374/374
f 561/561/561 436/436/436 553/553/553
f 304/304/304 436/436/436 561/561/561
f 310/310/310 558/558/558 287/287/287
f 561/561/561 553/553/553 277/277/277
f 393/393/393 382/382/382 558/558/558
f 558/558/558 310/310/310 393/393/393
f 562/562/562 393/393/393 310/310/310
f 265/265/265 267/267/267 304/304/304
f 265/265/265 304/304/304 561/561/561
f 302/302/302 266/266/266 265/265/265
f 494/494/494 311/311/311 312/312/312
f 317/317/317 494/494/494 312/312/312
f 266/266/266 390/390/390 268/268/268
f 317/317/317 368/368/368 494/494/494
f 266/266/266 302/302/302 385/385/385
f 292/292/292 561/561/561 277/277/277
f 265/265/265 561/561/561 292/292/292
f 292/292/292 302/302/302 265/265/265
f 563/563/563 564/564/564 565/565/565
f 566/566/566 567/567/567 568/568/568
f 569/569/569 570/570/570 571/571/571
f 572/572/572 564/564/564 573/573/573
f 574/574/574 575/575/575 576/576/576
f 574/574/574 576/576/576 577/577/577
f 568/568/568 578/578/578 579/579/579
f 579/579/579 580/580/580 581/581/581
f 582/582/582 583/583/583 98/98/98
f 115/115/115 582/582/582 98/98/98
f 573/573/573 584/584/584 572/572/572
f 585/585/585 586/586/586 587/587/587
f 588/588/588 589/589/589 581/581/581
f 590/590/590 588/588/588 591/591/591
f 592/592/592 564/564/564 593/593/593
f 588/588/588 581/581/581 580/580/580
f 564/564/564 592/592/592 573/573/573
f 591/591/591 588/588/588 580/580/580
f 577/577/577 594/594/594 574/574/574
f 577/577/577 595/595/595 594/594/594
f 596/596/596 573/573/573 592/592/592
f 597/597/597 590/590/590 591/591/591
f 573/573/573 598/598/598 584/584/584
f 599/599/599 594/594/594 595/595/595
f 600/600/600 599/599/599 601/601/601
f 568/568/568 567/567/567 578/578/578
f 573/573/573 596/596/596 602/602/602
f 567/567/567 566/566/566 594/594/594
f 603/603/603 10/10/10 604/604/604
f 602/602/602 598/598/598 573/573/573
f 605/605/605 597/597/597 606/606/606
f 564/564/564 563/563/563 593/593/593
f 585/585/585 607/607/607 586/586/586
f 608/608/608 592/592/592 593/593/593
f 609/609/609 578/578/578 567/567/567
f 597/597/597 591/591/591 610/610/610
f 580/580/580 610/610/610 591/591/591
f 579/579/579 611/611/611 580/580/580
f 611/611/611 612/612/612 580/580/580
f 579/579/579 578/578/578 611/611/611
f 611/611/611 578/578/578 609/609/609
f 10/10/10 603/603/603 11/11/11
f 597/597/597 610/610/610 613/613/613
f 614/614/614 615/615/615 616/616/616
f 599/599/599 567/567/567 594/594/594
f 617/617/617 584/584/584 598/598/598
f 567/567/567 599/599/599 618/618/618
f 619/619/619 617/617/617 598/598/598
f 567/567/567 618/618/618 609/609/609
f 598/598/598 620/620/620 619/619/619
f 609/609/609 618/618/618 621/621/621
f 598/598/598 622/622/622 620/620/620
f 623/623/623 115/115/115 109/109/109
f 624/624/624 619/619/619 620/620/620
f 582/582/582 115/115/115 623/623/623
f 619/619/619 625/625/625 617/617/617
f 612/612/612 611/611/611 626/626/626
f 624/624/624 625/625/625 619/619/619
f 11/11/11 627/627/627 565/565/565
f 609/609/609 621/621/621 611/611/611
f 624/624/624 628/628/628 625/625/625
f 611/611/611 621/621/621 626/626/626
f 603/603/603 627/627/627 11/11/11
f 629/629/629 612/612/612 626/626/626
f 630/630/630 614/614/614 631/631/631
f 632/632/632 627/627/627 603/603/603
f 612/612/612 610/610/610 580/580/580
f 633/633/633 583/583/583 582/582/582
f 634/634/634 635/635/635 624/624/624
f 636/636/636 613/613/613 610/610/610
f 637/637/637 638/638/638 639/639/639
f 640/640/640 582/582/582 623/623/623
f 629/629/629 610/610/610 612/612/612
f 610/610/610 629/629/629 636/636/636
f 641/641/641 582/582/582 640/640/640
f 642/642/642 638/638/638 637/637/637
f 643/643/643 644/644/644 645/645/645
f 645/645/645 640/640/640 623/623/623
f 618/618/618 599/599/599 600/600/600
f 583/583/583 118/118/118 98/98/98
f 641/641/641 640/640/640 644/644/644
f 582/582/582 641/641/641 633/633/633
f 646/646/646 647/647/647 648/648/648
f 608/608/608 649/649/649 650/650/650
f 651/651/651 652/652/652 571/571/571
f 653/653/653 652/652/652 651/651/651
f 118/118/118 583/583/583 654/654/654
f 655/655/655 649/649/649 642/642/642
f 655/655/655 642/642/642 637/637/637
f 649/649/649 608/608/608 642/642/642
f 656/656/656 603/603/603 604/604/604
f 657/657/657 658/658/658 659/659/659
f 660/660/660 661/661/661 641/641/641
f 662/662/662 648/648/648 663/663/663
f 664/664/664 652/652/652 653/653/653
f 664/664/664 665/665/665 666/666/666
f 664/664/664 666/666/666 652/652/652
f 667/667/667 668/668/668 650/650/650
f 669/669/669 670/670/670 660/660/660
f 671/671/671 672/672/672 657/657/657
f 575/575/575 649/649/649 655/655/655
f 649/649/649 667/667/667 650/650/650
f 574/574/574 649/649/649 575/575/575
f 648/648/648 673/673/673 674/674/674
f 662/662/662 673/673/673 648/648/648
f 660/660/660 675/675/675 669/669/669
f 674/674/674 673/673/673 676/676/676
f 649/649/649 574/574/574 667/667/667
f 632/632/632 603/603/603 656/656/656
f 677/677/677 658/658/658 678/678/678
f 667/667/667 574/574/574 566/566/566
f 659/659/659 658/658/658 677/677/677
f 563/563/563 565/565/565 627/627/627
f 571/571/571 666/666/666 576/576/576
f 574/574/574 594/594/594 566/566/566
f 666/666/666 577/577/577 576/576/576
f 638/638/638 658/658/658 639/639/639
f 658/658/658 657/657/657 639/639/639
f 652/652/652 666/666/666 571/571/571
f 677/677/677 678/678/678 679/679/679
f 142/142/142 680/680/680 140/140/140
f 678/678/678 656/656/656 679/679/679
f 598/598/598 602/602/602 622/622/622
f 596/596/596 681/681/681 602/602/602
f 682/682/682 577/577/577 666/666/666
f 622/622/622 602/602/602 681/681/681
f 682/682/682 595/595/595 577/577/577
f 678/678/678 632/632/632 656/656/656
f 632/632/632 678/678/678 683/683/683
f 581/581/581 684/684/684 622/622/622
f 142/142/142 685/685/685 680/680/680
f 665/665/665 686/686/686 666/666/666
f 683/683/683 678/678/678 658/658/658
f 608/608/608 650/650/650 592/592/592
f 596/596/596 592/592/592 650/650/650
f 682/682/682 666/666/666 686/686/686
f 686/686/686 687/687/687 682/682/682
f 632/632/632 683/683/683 627/627/627
f 688/688/688 685/685/685 689/689/689
f 682/682/682 687/687/687 595/595/595
f 601/601/601 599/599/599 595/595/595
f 563/563/563 627/627/627 683/683/683
f 650/650/650 668/668/668 596/596/596
f 690/690/690 691/691/691 692/692/692
f 668/668/668 681/681/681 596/596/596
f 693/693/693 689/689/689 685/685/685
f 658/658/658 638/638/638 683/683/683
f 681/681/681 581/581/581 622/622/622
f 687/687/687 686/686/686 694/694/694
f 695/695/695 696/696/696 697/697/697
f 687/687/687 601/601/601 595/595/595
f 698/698/698 601/601/601 687/687/687
f 684/684/684 620/620/620 622/622/622
f 620/620/620 699/699/699 624/624/624
f 683/683/683 638/638/638 563/563/563
f 700/700/700 570/570/570 672/672/672
f 620/620/620 684/684/684 699/699/699
f 601/601/601 698/698/698 600/600/600
f 701/701/701 600/600/600 698/698/698
f 570/570/570 700/700/700 702/702/702
f 703/703/703 670/670/670 669/669/669
f 694/694/694 698/698/698 687/687/687
f 699/699/699 704/704/704 624/624/624
f 593/593/593 563/563/563 638/638/638
f 593/593/593 638/638/638 642/642/642
f 705/705/705 697/697/697 696/696/696
f 704/704/704 634/634/634 624/624/624
f 703/703/703 706/706/706 707/707/707
f 593/593/593 642/642/642 608/608/608
f 708/708/708 705/705/705 696/696/696
f 699/699/699 684/684/684 589/589/589
f 709/709/709 710/710/710 704/704/704
f 639/639/639 657/657/657 569/569/569
f 696/696/696 711/711/711 708/708/708
f 711/711/711 712/712/712 708/708/708
f 699/699/699 590/590/590 704/704/704
f 713/713/713 714/714/714 676/676/676
f 697/697/697 714/714/714 713/713/713
f 709/709/709 704/704/704 590/590/590
f 112/112/112 86/86/86 105/105/105
f 589/589/589 684/684/684 581/581/581
f 639/639/639 569/569/569 637/637/637
f 695/695/695 697/697/697 713/713/713
f 715/715/715 695/695/695 713/713/713
f 569/569/569 657/657/657 672/672/672
f 590/590/590 589/589/589 588/588/588
f 570/570/570 569/569/569 672/672/672
f 569/569/569 655/655/655 637/637/637
f 590/590/590 699/699/699 589/589/589
f 58/58/58 11/11/11 105/105/105
f 716/716/716 717/717/717 718/718/718
f 585/585/585 587/587/587 719/719/719
f 720/720/720 590/590/590 597/597/597
f 719/719/719 587/587/587 721/721/721
f 570/570/570 702/702/702 722/722/722
f 723/723/723 607/607/607 718/718/718
f 570/570/570 651/651/651 571/571/571
f 724/724/724 722/722/722 702/702/702
f 668/668/668 568/568/568 681/681/681
f 725/725/725 721/721/721 587/587/587
f 726/726/726 636/636/636 629/629/629
f 722/722/722 651/651/651 570/570/570
f 727/727/727 651/651/651 722/722/722
f 668/668/668 566/566/566 568/568/568
f 112/112/112 728/728/728 95/95/95
f 667/667/667 566/566/566 668/668/668
f 681/681/681 568/568/568 581/581/581
f 618/618/618 600/600/600 729/729/729
f 729/729/729 621/621/621 618/618/618
f 568/568/568 579/579/579 581/581/581
f 600/600/600 701/701/701 730/730/730
f 112/112/112 105/105/105 731/731/731
f 730/730/730 729/729/729 600/600/600
f 655/655/655 569/569/569 576/576/576
f 565/565/565 105/105/105 11/11/11
f 655/655/655 576/576/576 575/575/575
f 105/105/105 565/565/565 731/731/731
f 732/732/732 626/626/626 621/621/621
f 626/626/626 732/732/732 629/629/629
f 112/112/112 731/731/731 728/728/728
f 729/729/729 732/732/732 621/621/621
f 571/571/571 576/576/576 569/569/569
f 733/733/733 734/734/734 735/735/735
f 733/733/733 708/708/708 712/712/712
f 733/733/733 712/712/712 734/734/734
f 572/572/572 728/728/728 731/731/731
f 736/736/736 737/737/737 738/738/738
f 739/739/739 737/737/737 740/740/740
f 739/739/739 740/740/740 741/741/741
f 742/742/742 732/732/732 729/729/729
f 743/743/743 629/629/629 732/732/732
f 744/744/744 125/125/125 121/121/121
f 744/744/744 121/121/121 745/745/745
f 746/746/746 744/744/744 745/745/745
f 95/95/95 728/728/728 121/121/121
f 745/745/745 728/728/728 584/584/584
f 728/728/728 745/745/745 121/121/121
f 728/728/728 572/572/572 584/584/584
f 745/745/745 747/747/747 746/746/746
f 747/747/747 745/745/745 617/617/617
f 617/617/617 745/745/745 584/584/584
f 615/615/615 748/748/748 749/749/749
f 625/625/625 750/750/750 617/617/617
f 731/731/731 565/565/565 572/572/572
f 564/564/564 572/572/572 565/565/565
f 751/751/751 752/752/752 695/695/695
f 751/751/751 695/695/695 715/715/715
f 753/753/753 751/751/751 715/715/715
f 754/754/754 751/751/751 753/753/753
f 755/755/755 706/706/706 669/669/669
f 706/706/706 703/703/703 669/669/669
f 752/752/752 696/696/696 695/695/695
f 711/711/711 696/696/696 752/752/752
f 756/756/756 711/711/711 752/752/752
f 757/757/757 758/758/758 759/759/759
f 760/760/760 711/711/711 756/756/756
f 761/761/761 759/759/759 762/762/762
f 761/761/761 762/762/762 763/763/763
f 759/759/759 761/761/761 757/757/757
f 761/761/761 764/764/764 757/757/757
f 663/663/663 765/765/765 766/766/766
f 766/766/766 767/767/767 663/663/663
f 767/767/767 662/662/662 663/663/663
f 768/768/768 662/662/662 767/767/767
f 768/768/768 767/767/767 769/769/769
f 673/673/673 662/662/662 770/770/770
f 768/768/768 770/770/770 662/662/662
f 771/771/771 772/772/772 706/706/706
f 768/768/768 769/769/769 770/770/770
f 773/773/773 770/770/770 769/769/769
f 771/771/771 706/706/706 755/755/755
f 755/755/755 774/774/774 771/771/771
f 767/767/767 766/766/766 775/775/775
f 647/647/647 772/772/772 771/771/771
f 767/767/767 775/775/775 769/769/769
f 776/776/776 769/769/769 775/775/775
f 777/777/777 778/778/778 779/779/779
f 777/777/777 779/779/779 780/780/780
f 663/663/663 647/647/647 771/771/771
f 776/776/776 781/781/781 782/782/782
f 783/783/783 770/770/770 773/773/773
f 784/784/784 783/783/783 773/773/773
f 785/785/785 784/784/784 773/773/773
f 786/786/786 773/773/773 769/769/769
f 773/773/773 786/786/786 785/785/785
f 787/787/787 788/788/788 784/784/784
f 787/787/787 784/784/784 785/785/785
f 691/691/691 789/789/789 692/692/692
f 692/692/692 755/755/755 790/790/790
f 791/791/791 755/755/755 692/692/692
f 786/786/786 769/769/769 776/776/776
f 776/776/776 782/782/782 786/786/786
f 789/789/789 791/791/791 692/692/692
f 792/792/792 793/793/793 794/794/794
f 795/795/795 792/792/792 794/794/794
f 794/794/794 796/796/796 797/797/797
f 797/797/797 795/795/795 794/794/794
f 755/755/755 791/791/791 774/774/774
f 789/789/789 774/774/774 791/791/791
f 109/109/109 139/139/139 623/623/623
f 798/798/798 799/799/799 800/800/800
f 784/784/784 753/753/753 715/715/715
f 784/784/784 788/788/788 753/753/753
f 788/788/788 754/754/754 753/753/753
f 801/801/801 802/802/802 803/803/803
f 762/762/762 804/804/804 763/763/763
f 805/805/805 789/789/789 691/691/691
f 787/787/787 806/806/806 788/788/788
f 805/805/805 691/691/691 807/807/807
f 804/804/804 799/799/799 763/763/763
f 808/808/808 763/763/763 799/799/799
f 809/809/809 805/805/805 807/807/807
f 808/808/808 810/810/810 763/763/763
f 802/802/802 811/811/811 803/803/803
f 763/763/763 810/810/810 761/761/761
f 761/761/761 810/810/810 812/812/812
f 139/139/139 261/261/261 623/623/623
f 761/761/761 812/812/812 813/813/813
f 814/814/814 813/813/813 812/812/812
f 814/814/814 815/815/815 813/813/813
f 765/765/765 774/774/774 789/789/789
f 810/810/810 814/814/814 812/812/812
f 814/814/814 816/816/816 815/815/815
f 680/680/680 261/261/261 140/140/140
f 817/817/817 815/815/815 816/816/816
f 818/818/818 808/808/808 799/799/799
f 623/623/623 261/261/261 645/645/645
f 819/819/819 810/810/810 808/808/808
f 820/820/820 819/819/819 808/808/808
f 819/819/819 820/820/820 821/821/821
f 822/822/822 799/799/799 798/798/798
f 818/818/818 799/799/799 822/822/822
f 261/261/261 680/680/680 645/645/645
f 663/663/663 774/774/774 765/765/765
f 771/771/771 774/774/774 663/663/663
f 820/820/820 808/808/808 818/818/818
f 688/688/688 643/643/643 645/645/645
f 814/814/814 810/810/810 819/819/819
f 765/765/765 789/789/789 805/805/805
f 823/823/823 816/816/816 819/819/819
f 819/819/819 816/816/816 814/814/814
f 823/823/823 819/819/819 824/824/824
f 640/640/640 645/645/645 644/644/644
f 825/825/825 823/823/823 824/824/824
f 826/826/826 827/827/827 828/828/828
f 828/828/828 823/823/823 825/825/825
f 829/829/829 811/811/811 830/830/830
f 831/831/831 828/828/828 825/825/825
f 831/831/831 826/826/826 828/828/828
f 832/832/832 826/826/826 831/831/831
f 823/823/823 817/817/817 816/816/816
f 833/833/833 830/830/830 811/811/811
f 828/828/828 834/834/834 817/817/817
f 817/817/817 823/823/823 828/828/828
f 821/821/821 835/835/835 819/819/819
f 835/835/835 824/824/824 819/819/819
f 835/835/835 825/825/825 824/824/824
f 821/821/821 836/836/836 835/835/835
f 766/766/766 765/765/765 805/805/805
f 837/837/837 835/835/835 836/836/836
f 835/835/835 837/837/837 838/838/838
f 831/831/831 825/825/825 835/835/835
f 805/805/805 839/839/839 766/766/766
f 831/831/831 838/838/838 832/832/832
f 838/838/838 831/831/831 835/835/835
f 840/840/840 832/832/832 838/838/838
f 841/841/841 840/840/840 838/838/838
f 830/830/830 779/779/779 842/842/842
f 641/641/641 644/644/644 660/660/660
f 780/780/780 779/779/779 830/830/830
f 660/660/660 644/644/644 675/675/675
f 675/675/675 644/644/644 643/643/643
f 843/843/843 719/719/719 844/844/844
f 675/675/675 790/790/790 669/669/669
f 790/790/790 755/755/755 669/669/669
f 725/725/725 844/844/844 721/721/721
f 721/721/721 844/844/844 719/719/719
f 131/131/131 845/845/845 142/142/142
f 688/688/688 645/645/645 680/680/680
f 685/685/685 142/142/142 845/845/845
f 846/846/846 741/741/741 847/847/847
f 680/680/680 685/685/685 688/688/688
f 237/237/237 845/845/845 131/131/131
f 848/848/848 845/845/845 237/237/237
f 663/663/663 648/648/648 647/647/647
f 849/849/849 741/741/741 740/740/740
f 737/737/737 736/736/736 740/740/740
f 850/850/850 849/849/849 740/740/740
f 848/848/848 685/685/685 845/845/845
f 848/848/848 851/851/851 685/685/685
f 852/852/852 853/853/853 854/854/854
f 688/688/688 675/675/675 643/643/643
f 852/852/852 855/855/855 853/853/853
f 856/856/856 852/852/852 857/857/857
f 764/764/764 852/852/852 757/757/757
f 857/857/857 852/852/852 764/764/764
f 690/690/690 790/790/790 688/688/688
f 690/690/690 692/692/692 790/790/790
f 689/689/689 690/690/690 688/688/688
f 856/856/856 855/855/855 852/852/852
f 850/850/850 740/740/740 858/858/858
f 675/675/675 688/688/688 790/790/790
f 859/859/859 850/850/850 858/858/858
f 685/685/685 851/851/851 693/693/693
f 860/860/860 725/725/725 861/861/861
f 860/860/860 861/861/861 847/847/847
f 783/783/783 676/676/676 673/673/673
f 783/783/783 713/713/713 676/676/676
f 725/725/725 860/860/860 844/844/844
f 693/693/693 851/851/851 862/862/862
f 863/863/863 847/847/847 741/741/741
f 783/783/783 673/673/673 770/770/770
f 690/690/690 689/689/689 691/691/691
f 864/864/864 860/860/860 847/847/847
f 693/693/693 691/691/691 689/689/689
f 715/715/715 713/713/713 783/783/783
f 784/784/784 715/715/715 783/783/783
f 864/864/864 844/844/844 860/860/860
f 807/807/807 691/691/691 693/693/693
f 803/803/803 865/865/865 801/801/801
f 866/866/866 844/844/844 864/864/864
f 741/741/741 849/849/849 863/863/863
f 867/867/867 863/863/863 849/849/849
f 864/864/864 847/847/847 867/867/867
f 866/866/866 864/864/864 868/868/868
f 867/867/867 868/868/868 864/864/864
f 869/869/869 866/866/866 868/868/868
f 870/870/870 869/869/869 868/868/868
f 847/847/847 863/863/863 867/867/867
f 871/871/871 867/867/867 849/849/849
f 849/849/849 850/850/850 871/871/871
f 872/872/872 871/871/871 850/850/850
f 859/859/859 872/872/872 850/850/850
f 872/872/872 873/873/873 871/871/871
f 873/873/873 868/868/868 867/867/867
f 873/873/873 867/867/867 871/871/871
f 873/873/873 874/874/874 868/868/868
f 874/874/874 870/870/870 868/868/868
f 761/761/761 813/813/813 764/764/764
f 813/813/813 857/857/857 764/764/764
f 875/875/875 813/813/813 876/876/876
f 876/876/876 815/815/815 877/877/877
f 876/876/876 813/813/813 815/815/815
f 878/878/878 877/877/877 815/815/815
f 817/817/817 878/878/878 815/815/815
f 817/817/817 879/879/879 878/878/878
f 880/880/880 875/875/875 876/876/876
f 881/881/881 876/876/876 877/877/877
f 877/877/877 878/878/878 881/881/881
f 881/881/881 880/880/880 876/876/876
f 817/817/817 834/834/834 879/879/879
f 834/834/834 882/882/882 879/879/879
f 878/878/878 879/879/879 882/882/882
f 883/883/883 878/878/878 882/882/882
f 884/884/884 878/878/878 883/883/883
f 884/884/884 881/881/881 878/878/878
f 884/884/884 883/883/883 885/885/885
f 886/886/886 881/881/881 884/884/884
f 885/885/885 887/887/887 884/884/884
f 888/888/888 884/884/884 887/887/887
f 889/889/889 886/886/886 884/884/884
f 884/884/884 888/888/888 889/889/889
f 890/890/890 888/888/888 887/887/887
f 886/886/886 880/880/880 881/881/881
f 889/889/889 891/891/891 886/886/886
f 889/889/889 892/892/892 891/891/891
f 893/893/893 894/894/894 872/872/872
f 894/894/894 874/874/874 873/873/873
f 894/894/894 873/873/873 872/872/872
f 874/874/874 895/895/895 870/870/870
f 896/896/896 895/895/895 874/874/874
f 896/896/896 874/874/874 894/894/894
f 897/897/897 898/898/898 899/899/899
f 897/897/897 900/900/900 898/898/898
f 897/897/897 899/899/899 901/901/901
f 902/902/902 900/900/900 897/897/897
f 903/903/903 827/827/827 826/826/826
f 904/904/904 903/903/903 826/826/826
f 905/905/905 903/903/903 904/904/904
f 828/828/828 827/827/827 834/834/834
f 827/827/827 906/906/906 834/834/834
f 827/827/827 903/903/903 906/906/906
f 907/907/907 906/906/906 903/903/903
f 903/903/903 905/905/905 907/907/907
f 908/908/908 906/906/906 907/907/907
f 909/909/909 908/908/908 907/907/907
f 910/910/910 907/907/907 905/905/905
f 910/910/910 905/905/905 904/904/904
f 909/909/909 907/907/907 910/910/910
f 911/911/911 826/826/826 832/832/832
f 911/911/911 904/904/904 826/826/826
f 840/840/840 911/911/911 832/832/832
f 912/912/912 911/911/911 840/840/840
f 841/841/841 912/912/912 840/840/840
f 904/904/904 911/911/911 912/912/912
f 912/912/912 910/910/910 904/904/904
f 910/910/910 913/913/913 909/909/909
f 913/913/913 910/910/910 914/914/914
f 915/915/915 855/855/855 856/856/856
f 915/915/915 856/856/856 916/916/916
f 875/875/875 857/857/857 813/813/813
f 917/917/917 856/856/856 857/857/857
f 857/857/857 875/875/875 917/917/917
f 917/917/917 875/875/875 880/880/880
f 916/916/916 856/856/856 917/917/917
f 891/891/891 917/917/917 880/880/880
f 918/918/918 916/916/916 917/917/917
f 918/918/918 919/919/919 916/916/916
f 891/891/891 918/918/918 917/917/917
f 834/834/834 906/906/906 882/882/882
f 908/908/908 882/882/882 906/906/906
f 882/882/882 908/908/908 920/920/920
f 883/883/883 882/882/882 920/920/920
f 921/921/921 920/920/920 908/908/908
f 885/885/885 883/883/883 921/921/921
f 921/921/921 883/883/883 920/920/920
f 922/922/922 908/908/908 909/909/909
f 922/922/922 921/921/921 908/908/908
f 923/923/923 921/921/921 922/922/922
f 924/924/924 925/925/925 923/923/923
f 887/887/887 885/885/885 921/921/921
f 921/921/921 923/923/923 887/887/887
f 925/925/925 887/887/887 923/923/923
f 890/890/890 887/887/887 925/925/925
f 913/913/913 922/922/922 909/909/909
f 922/922/922 913/913/913 923/923/923
f 923/923/923 913/913/913 924/924/924
f 886/886/886 891/891/891 880/880/880
f 926/926/926 918/918/918 891/891/891
f 918/918/918 926/926/926 927/927/927
f 892/892/892 926/926/926 891/891/891
f 927/927/927 926/926/926 928/928/928
f 929/929/929 930/930/930 915/915/915
f 915/915/915 916/916/916 929/929/929
f 929/929/929 916/916/916 919/919/919
f 899/899/899 931/931/931 932/932/932
f 929/929/929 927/927/927 933/933/933
f 927/927/927 929/929/929 919/919/919
f 919/919/919 918/918/918 927/927/927
f 932/932/932 901/901/901 899/899/899
f 744/744/744 360/360/360 125/125/125
f 934/934/934 935/935/935 391/391/391
f 936/936/936 937/937/937 938/938/938
f 935/935/935 392/392/392 391/391/391
f 939/939/939 934/934/934 940/940/940
f 935/935/935 934/934/934 939/939/939
f 744/744/744 746/746/746 360/360/360
f 935/935/935 939/939/939 941/941/941
f 942/942/942 943/943/943 614/614/614
f 935/935/935 941/941/941 936/936/936
f 944/944/944 943/943/943 942/942/942
f 362/362/362 273/273/273 360/360/360
f 943/943/943 944/944/944 945/945/945
f 936/936/936 946/946/946 935/935/935
f 936/936/936 938/938/938 946/946/946
f 947/947/947 360/360/360 746/746/746
f 942/942/942 614/614/614 630/630/630
f 948/948/948 949/949/949 950/950/950
f 947/947/947 362/362/362 360/360/360
f 951/951/951 936/936/936 941/941/941
f 944/944/944 942/942/942 630/630/630
f 950/950/950 952/952/952 953/953/953
f 949/949/949 952/952/952 950/950/950
f 954/954/954 955/955/955 956/956/956
f 630/630/630 956/956/956 955/955/955
f 957/957/957 958/958/958 959/959/959
f 630/630/630 955/955/955 944/944/944
f 960/960/960 961/961/961 962/962/962
f 954/954/954 963/963/963 955/955/955
f 959/959/959 964/964/964 965/965/965
f 954/954/954 956/956/956 716/716/716
f 948/948/948 954/954/954 716/716/716
f 957/957/957 953/953/953 958/958/958
f 966/966/966 967/967/967 957/957/957
f 953/953/953 954/954/954 948/948/948
f 950/950/950 953/953/953 948/948/948
f 968/968/968 969/969/969 748/748/748
f 953/953/953 970/970/970 963/963/963
f 953/953/953 963/963/963 954/954/954
f 968/968/968 960/960/960 969/969/969
f 971/971/971 966/966/966 957/957/957
f 615/615/615 968/968/968 748/748/748
f 939/939/939 940/940/940 972/972/972
f 716/716/716 718/718/718 948/948/948
f 972/972/972 941/941/941 939/939/939
f 973/973/973 971/971/971 959/959/959
f 718/718/718 607/607/607 948/948/948
f 607/607/607 949/949/949 948/948/948
f 974/974/974 961/961/961 960/960/960
f 941/941/941 972/972/972 967/967/967
f 607/607/607 975/975/975 949/949/949
f 951/951/951 941/941/941 976/976/976
f 964/964/964 949/949/949 975/975/975
f 607/607/607 585/585/585 975/975/975
f 960/960/960 968/968/968 943/943/943
f 972/972/972 977/977/977 967/967/967
f 974/974/974 960/960/960 945/945/945
f 976/976/976 941/941/941 967/967/967
f 585/585/585 719/719/719 975/975/975
f 960/960/960 943/943/943 945/945/945
f 966/966/966 976/976/976 967/967/967
f 967/967/967 977/977/977 970/970/970
f 959/959/959 965/965/965 978/978/978
f 961/961/961 280/280/280 962/962/962
f 979/979/979 980/980/980 981/981/981
f 982/982/982 976/976/976 966/966/966
f 280/280/280 961/961/961 281/281/281
f 976/976/976 983/983/983 951/951/951
f 281/281/281 961/961/961 984/984/984
f 961/961/961 974/974/974 984/984/984
f 290/290/290 281/281/281 984/984/984
f 943/943/943 968/968/968 615/615/615
f 615/615/615 614/614/614 943/943/943
f 391/391/391 562/562/562 934/934/934
f 562/562/562 391/391/391 393/393/393
f 985/985/985 937/937/937 951/951/951
f 978/978/978 965/965/965 986/986/986
f 937/937/937 985/985/985 987/987/987
f 988/988/988 978/978/978 986/986/986
f 989/989/989 951/951/951 983/983/983
f 986/986/986 965/965/965 843/843/843
f 497/497/497 990/990/990 505/505/505
f 392/392/392 935/935/935 946/946/946
f 991/991/991 505/505/505 990/990/990
f 395/395/395 392/392/392 946/946/946
f 992/992/992 993/993/993 982/982/982
f 982/982/982 971/971/971 992/992/992
f 994/994/994 995/995/995 990/990/990
f 395/395/395 946/946/946 996/996/996
f 989/989/989 983/983/983 993/993/993
f 997/997/997 989/989/989 993/993/993
f 992/992/992 998/998/998 993/993/993
f 990/990/990 995/995/995 991/991/991
f 999/999/999 971/971/971 973/973/973
f 992/992/992 971/971/971 999/999/999
f 1000/1000/1000 994/994/994 1001/1001/1001
f 1002/1002/1002 999/999/999 973/973/973
f 998/998/998 992/992/992 999/999/999
f 984/984/984 562/562/562 290/290/290
f 562/562/562 310/310/310 290/290/290
f 1003/1003/1003 1004/1004/1004 1005/1005/1005
f 1003/1003/1003 1006/1006/1006 1004/1004/1004
f 999/999/999 1002/1002/1002 1007/1007/1007
f 993/993/993 998/998/998 1008/1008/1008
f 993/993/993 1008/1008/1008 997/997/997
f 1009/1009/1009 1010/1010/1010 1011/1011/1011
f 1003/1003/1003 1012/1012/1012 1006/1006/1006
f 984/984/984 1013/1013/1013 562/562/562
f 1014/1014/1014 1006/1006/1006 1012/1012/1012
f 562/562/562 1013/1013/1013 934/934/934
f 1008/1008/1008 998/998/998 999/999/999
f 999/999/999 1015/1015/1015 1008/1008/1008
f 1015/1015/1015 999/999/999 1007/1007/1007
f 985/985/985 994/994/994 987/987/987
f 984/984/984 974/974/974 1013/1013/1013
f 1016/1016/1016 1017/1017/1017 1018/1018/1018
f 974/974/974 1019/1019/1019 1013/1013/1013
f 1019/1019/1019 974/974/974 945/945/945
f 1001/1001/1001 994/994/994 985/985/985
f 985/985/985 989/989/989 1020/1020/1020
f 1013/1013/1013 940/940/940 934/934/934
f 988/988/988 986/986/986 1021/1021/1021
f 983/983/983 976/976/976 982/982/982
f 1022/1022/1022 1023/1023/1023 988/988/988
f 1023/1023/1023 1022/1022/1022 1024/1024/1024
f 938/938/938 996/996/996 946/946/946
f 1024/1024/1024 1025/1025/1025 1023/1023/1023
f 1013/1013/1013 1026/1026/1026 940/940/940
f 978/978/978 1002/1002/1002 973/973/973
f 1026/1026/1026 1013/1013/1013 1019/1019/1019
f 1002/1002/1002 978/978/978 988/988/988
f 997/997/997 1001/1001/1001 1020/1020/1020
f 1007/1007/1007 1002/1002/1002 1023/1023/1023
f 1023/1023/1023 1002/1002/1002 988/988/988
f 1010/1010/1010 1027/1027/1027 1028/1028/1028
f 972/972/972 940/940/940 1026/1026/1026
f 1001/1001/1001 985/985/985 1020/1020/1020
f 987/987/987 938/938/938 937/937/937
f 1023/1023/1023 1025/1025/1025 1007/1007/1007
f 413/413/413 395/395/395 996/996/996
f 980/980/980 1017/1017/1017 1029/1029/1029
f 1030/1030/1030 413/413/413 996/996/996
f 1018/1018/1018 1017/1017/1017 1031/1031/1031
f 1031/1031/1031 1017/1017/1017 980/980/980
f 492/492/492 413/413/413 1030/1030/1030
f 1032/1032/1032 1000/1000/1000 1001/1001/1001
f 1020/1020/1020 989/989/989 997/997/997
f 1033/1033/1033 945/945/945 944/944/944
f 958/958/958 953/953/953 952/952/952
f 1010/1010/1010 1009/1009/1009 1027/1027/1027
f 1030/1030/1030 996/996/996 938/938/938
f 843/843/843 975/975/975 719/719/719
f 492/492/492 1030/1030/1030 990/990/990
f 958/958/958 952/952/952 959/959/959
f 964/964/964 959/959/959 952/952/952
f 990/990/990 497/497/497 492/492/492
f 844/844/844 866/866/866 843/843/843
f 944/944/944 955/955/955 963/963/963
f 994/994/994 938/938/938 987/987/987
f 994/994/994 1030/1030/1030 938/938/938
f 959/959/959 978/978/978 973/973/973
f 953/953/953 967/967/967 970/970/970
f 990/990/990 1030/1030/1030 994/994/994
f 967/967/967 953/953/953 957/957/957
f 944/944/944 963/963/963 1033/1033/1033
f 1034/1034/1034 986/986/986 843/843/843
f 937/937/937 936/936/936 951/951/951
f 843/843/843 866/866/866 1034/1034/1034
f 977/977/977 1033/1033/1033 963/963/963
f 1034/1034/1034 1021/1021/1021 986/986/986
f 970/970/970 977/977/977 963/963/963
f 1021/1021/1021 1034/1034/1034 1035/1035/1035
f 982/982/982 966/966/966 971/971/971
f 1033/1033/1033 1019/1019/1019 945/945/945
f 1019/1019/1019 1033/1033/1033 1026/1026/1026
f 993/993/993 983/983/983 982/982/982
f 985/985/985 951/951/951 989/989/989
f 971/971/971 957/957/957 959/959/959
f 1035/1035/1035 1034/1034/1034 866/866/866
f 869/869/869 1035/1035/1035 866/866/866
f 1036/1036/1036 1022/1022/1022 1035/1035/1035
f 1035/1035/1035 1022/1022/1022 1021/1021/1021
f 1033/1033/1033 977/977/977 1026/1026/1026
f 964/964/964 975/975/975 843/843/843
f 1022/1022/1022 988/988/988 1021/1021/1021
f 965/965/965 964/964/964 843/843/843
f 972/972/972 1026/1026/1026 977/977/977
f 952/952/952 949/949/949 964/964/964
f 1037/1037/1037 1036/1036/1036 1035/1035/1035
f 1038/1038/1038 1022/1022/1022 1036/1036/1036
f 1038/1038/1038 1036/1036/1036 1037/1037/1037
f 1024/1024/1024 1022/1022/1022 1038/1038/1038
f 1039/1039/1039 1024/1024/1024 1038/1038/1038
f 1040/1040/1040 1041/1041/1041 981/981/981
f 1042/1042/1042 1038/1038/1038 1037/1037/1037
f 1037/1037/1037 1043/1043/1043 1042/1042/1042
f 1044/1044/1044 1040/1040/1040 1045/1045/1045
f 1046/1046/1046 1044/1044/1044 1045/1045/1045
f 1040/1040/1040 1044/1044/1044 1041/1041/1041
f 1035/1035/1035 869/869/869 1037/1037/1037
f 1037/1037/1037 869/869/869 870/870/870
f 1037/1037/1037 870/870/870 895/895/895
f 895/895/895 1047/1047/1047 1037/1037/1037
f 1047/1047/1047 1043/1043/1043 1037/1037/1037
f 1046/1046/1046 1045/1045/1045 1048/1048/1048
f 1048/1048/1048 902/902/902 1049/1049/1049
f 1046/1046/1046 1048/1048/1048 1049/1049/1049
f 900/900/900 1048/1048/1048 1050/1050/1050
f 902/902/902 1048/1048/1048 900/900/900
f 1051/1051/1051 1052/1052/1052 1053/1053/1053
f 1054/1054/1054 1055/1055/1055 1056/1056/1056
f 1057/1057/1057 1058/1058/1058 1059/1059/1059
f 1060/1060/1060 1055/1055/1055 1061/1061/1061
f 1062/1062/1062 1063/1063/1063 1064/1064/1064
f 1065/1065/1065 1066/1066/1066 1067/1067/1067
f 1068/1068/1068 1069/1069/1069 1070/1070/1070
f 1071/1071/1071 1072/1072/1072 1073/1073/1073
f 1061/1061/1061 1055/1055/1055 1074/1074/1074
f 1074/1074/1074 1055/1055/1055 1054/1054/1054
f 1075/1075/1075 1076/1076/1076 1077/1077/1077
f 1063/1063/1063 1062/1062/1062 1078/1078/1078
f 1067/1067/1067 1079/1079/1079 1065/1065/1065
f 1059/1059/1059 1065/1065/1065 1079/1079/1079
f 1076/1076/1076 1080/1080/1080 1081/1081/1081
f 1082/1082/1082 1078/1078/1078 1062/1062/1062
f 1067/1067/1067 1083/1083/1083 1079/1079/1079
f 1084/1084/1084 1063/1063/1063 1078/1078/1078
f 1085/1085/1085 1054/1054/1054 1068/1068/1068
f 1068/1068/1068 1070/1070/1070 1085/1085/1085
f 1083/1083/1083 1067/1067/1067 1086/1086/1086
f 1087/1087/1087 1088/1088/1088 1089/1089/1089
f 1074/1074/1074 1054/1054/1054 1085/1085/1085
f 1063/1063/1063 1084/1084/1084 1090/1090/1090
f 1090/1090/1090 1084/1084/1084 1091/1091/1091
f 1076/1076/1076 1075/1075/1075 1092/1092/1092
f 1053/1053/1053 1052/1052/1052 1093/1093/1093
f 1070/1070/1070 1069/1069/1069 1094/1094/1094
f 1095/1095/1095 1096/1096/1096 1097/1097/1097
f 1080/1080/1080 1076/1076/1076 1092/1092/1092
f 1059/1059/1059 1079/1079/1079 1057/1057/1057
f 1098/1098/1098 1070/1070/1070 1094/1094/1094
f 1099/1099/1099 1070/1070/1070 1098/1098/1098
f 1098/1098/1098 1094/1094/1094 1100/1100/1100
f 1100/1100/1100 1101/1101/1101 1098/1098/1098
f 1087/1087/1087 1089/1089/1089 1102/1102/1102
f 1053/1053/1053 1093/1093/1093 1103/1103/1103
f 1103/1103/1103 1104/1104/1104 1053/1053/1053
f 1098/1098/1098 1105/1105/1105 1099/1099/1099
f 1101/1101/1101 1105/1105/1105 1098/1098/1098
f 1106/1106/1106 1103/1103/1103 1107/1107/1107
f 1101/1101/1101 1108/1108/1108 1105/1105/1105
f 1051/1051/1051 1053/1053/1053 1104/1104/1104
f 1079/1079/1079 1109/1109/1109 1057/1057/1057
f 1051/1051/1051 1082/1082/1082 1062/1062/1062
f 1104/1104/1104 1082/1082/1082 1051/1051/1051
f 1079/1079/1079 1110/1110/1110 1109/1109/1109
f 1111/1111/1111 1070/1070/1070 1099/1099/1099
f 1083/1083/1083 1112/1112/1112 1110/1110/1110
f 1070/1070/1070 1111/1111/1111 1085/1085/1085
f 1110/1110/1110 1079/1079/1079 1083/1083/1083
f 1113/1113/1113 1085/1085/1085 1111/1111/1111
f 1104/1104/1104 1114/1114/1114 1082/1082/1082
f 1096/1096/1096 1115/1115/1115 1097/1097/1097
f 1114/1114/1114 1104/1104/1104 1106/1106/1106
f 1116/1116/1116 1102/1102/1102 1117/1117/1117
f 1106/1106/1106 1104/1104/1104 1103/1103/1103
f 1115/1115/1115 1118/1118/1118 1097/1097/1097
f 1119/1119/1119 1099/1099/1099 1105/1105/1105
f 1099/1099/1099 1119/1119/1119 1111/1111/1111
f 1120/1120/1120 1114/1114/1114 1106/1106/1106
f 1121/1121/1121 1122/1122/1122 1117/1117/1117
f 1119/1119/1119 1123/1123/1123 1111/1111/1111
f 1124/1124/1124 1080/1080/1080 1125/1125/1125
f 1101/1101/1101 1100/1100/1100 1126/1126/1126
f 1080/1080/1080 1127/1127/1127 1125/1125/1125
f 1128/1128/1128 1119/1119/1119 1105/1105/1105
f 1106/1106/1106 1107/1107/1107 1129/1129/1129
f 1120/1120/1120 1106/1106/1106 1129/1129/1129
f 1130/1130/1130 1131/1131/1131 1132/1132/1132
f 1131/1131/1131 1133/1133/1133 1132/1132/1132
f 1127/1127/1127 1080/1080/1080 1092/1092/1092
f 1074/1074/1074 1134/1134/1134 1061/1061/1061
f 1092/1092/1092 1135/1135/1135 1127/1127/1127
f 1136/1136/1136 1078/1078/1078 1082/1082/1082
f 1137/1137/1137 1131/1131/1131 1130/1130/1130
f 1134/1134/1134 1138/1138/1138 1061/1061/1061
f 1078/1078/1078 1136/1136/1136 1084/1084/1084
f 1138/1138/1138 1134/1134/1134 1139/1139/1139
f 1074/1074/1074 1085/1085/1085 1140/1140/1140
f 1140/1140/1140 1134/1134/1134 1074/1074/1074
f 1141/1141/1141 1142/1142/1142 1143/1143/1143
f 1084/1084/1084 1136/1136/1136 1091/1091/1091
f 1091/1091/1091 1136/1136/1136 1144/1144/1144
f 1145/1145/1145 1125/1125/1125 1127/1127/1127
f 1140/1140/1140 1085/1085/1085 1113/1113/1113
f 1140/1140/1140 1146/1146/1146 1134/1134/1134
f 1147/1147/1147 1137/1137/1137 1125/1125/1125
f 1148/1148/1148 1125/1125/1125 1145/1145/1145
f 1140/1140/1140 1113/1113/1113 1149/1149/1149
f 1140/1140/1140 1149/1149/1149 1146/1146/1146
f 1144/1144/1144 1136/1136/1136 1150/1150/1150
f 1144/1144/1144 1150/1150/1150 1151/1151/1151
f 1152/1152/1152 1153/1153/1153 1154/1154/1154
f 1093/1093/1093 1052/1052/1052 1139/1139/1139
f 1136/1136/1136 1082/1082/1082 1155/1155/1155
f 1139/1139/1139 1134/1134/1134 1146/1146/1146
f 1146/1146/1146 1093/1093/1093 1139/1139/1139
f 1114/1114/1114 1155/1155/1155 1082/1082/1082
f 1145/1145/1145 1156/1156/1156 1148/1148/1148
f 1155/1155/1155 1114/1114/1114 1157/1157/1157
f 1158/1158/1158 1159/1159/1159 1075/1075/1075
f 1160/1160/1160 1146/1146/1146 1149/1149/1149
f 1146/1146/1146 1160/1160/1160 1093/1093/1093
f 1103/1103/1103 1093/1093/1093 1160/1160/1160
f 1156/1156/1156 1161/1161/1161 1148/1148/1148
f 1162/1162/1162 1157/1157/1157 1163/1163/1163
f 1114/1114/1114 1120/1120/1120 1157/1157/1157
f 1164/1164/1164 1156/1156/1156 1165/1165/1165
f 1157/1157/1157 1120/1120/1120 1163/1163/1163
f 1166/1166/1166 1167/1167/1167 1168/1168/1168
f 1164/1164/1164 1161/1161/1161 1156/1156/1156
f 1136/1136/1136 1155/1155/1155 1150/1150/1150
f 1123/1123/1123 1113/1113/1113 1111/1111/1111
f 1150/1150/1150 1155/1155/1155 1157/1157/1157
f 1164/1164/1164 1165/1165/1165 1169/1169/1169
f 1148/1148/1148 1170/1170/1170 1147/1147/1147
f 1150/1150/1150 1157/1157/1157 1162/1162/1162
f 1161/1161/1161 1171/1171/1171 1148/1148/1148
f 1172/1172/1172 1159/1159/1159 1173/1173/1173
f 1174/1174/1174 1141/1141/1141 1175/1175/1175
f 1151/1151/1151 1150/1150/1150 1162/1162/1162
f 1176/1176/1176 1177/1177/1177 1178/1178/1178
f 1178/1178/1178 1177/1177/1177 1179/1179/1179
f 1180/1180/1180 1181/1181/1181 1182/1182/1182
f 1180/1180/1180 1175/1175/1175 1181/1181/1181
f 1167/1167/1167 1166/1166/1166 1183/1183/1183
f 1120/1120/1120 1129/1129/1129 1184/1184/1184
f 1185/1185/1185 1186/1186/1186 1179/1179/1179
f 1163/1163/1163 1120/1120/1120 1184/1184/1184
f 1187/1187/1187 1186/1186/1186 1185/1185/1185
f 1188/1188/1188 1171/1171/1171 1161/1161/1161
f 1173/1173/1173 1159/1159/1159 1167/1167/1167
f 1189/1189/1189 1173/1173/1173 1167/1167/1167
f 1184/1184/1184 1129/1129/1129 1190/1190/1190
f 1191/1191/1191 1176/1176/1176 1192/1192/1192
f 1184/1184/1184 1190/1190/1190 1193/1193/1193
f 1194/1194/1194 1185/1185/1185 1179/1179/1179
f 1194/1194/1194 1179/1179/1179 1177/1177/1177
f 1174/1174/1174 1176/1176/1176 1191/1191/1191
f 1191/1191/1191 1142/1142/1142 1174/1174/1174
f 1195/1195/1195 1176/1176/1176 1174/1174/1174
f 1185/1185/1185 1194/1194/1194 1196/1196/1196
f 1187/1187/1187 1185/1185/1185 1196/1196/1196
f 1177/1177/1177 1197/1197/1197 1194/1194/1194
f 1162/1162/1162 1198/1198/1198 1151/1151/1151
f 1198/1198/1198 1162/1162/1162 1163/1163/1163
f 1199/1199/1199 1200/1200/1200 1201/1201/1201
f 1202/1202/1202 1174/1174/1174 1175/1175/1175
f 1199/1199/1199 1201/1201/1201 1203/1203/1203
f 1166/1166/1166 1200/1200/1200 1199/1199/1199
f 1204/1204/1204 1198/1198/1198 1163/1163/1163
f 1205/1205/1205 1206/1206/1206 1194/1194/1194
f 1174/1174/1174 1202/1202/1202 1195/1195/1195
f 1206/1206/1206 1196/1196/1196 1194/1194/1194
f 1163/1163/1163 1184/1184/1184 1204/1204/1204
f 1177/1177/1177 1176/1176/1176 1195/1195/1195
f 1203/1203/1203 1154/1154/1154 1207/1207/1207
f 1208/1208/1208 1184/1184/1184 1193/1193/1193
f 1184/1184/1184 1208/1208/1208 1204/1204/1204
f 1177/1177/1177 1195/1195/1195 1197/1197/1197
f 1209/1209/1209 1197/1197/1197 1195/1195/1195
f 1164/1164/1164 1188/1188/1188 1161/1161/1161
f 1169/1169/1169 1188/1188/1188 1164/1164/1164
f 1204/1204/1204 1208/1208/1208 1210/1210/1210
f 1169/1169/1169 1211/1211/1211 1188/1188/1188
f 1199/1199/1199 1203/1203/1203 1212/1212/1212
f 1149/1149/1149 1113/1113/1113 1213/1213/1213
f 1123/1123/1123 1214/1214/1214 1113/1113/1113
f 1196/1196/1196 1215/1215/1215 1187/1187/1187
f 1214/1214/1214 1213/1213/1213 1113/1113/1113
f 1216/1216/1216 1207/1207/1207 1217/1217/1217
f 1218/1218/1218 1215/1215/1215 1196/1196/1196
f 1219/1219/1219 1060/1060/1060 1220/1220/1220
f 1123/1123/1123 1119/1119/1119 1214/1214/1214
f 1203/1203/1203 1207/1207/1207 1216/1216/1216
f 1221/1221/1221 1220/1220/1220 1060/1060/1060
f 1196/1196/1196 1073/1073/1073 1218/1218/1218
f 1073/1073/1073 1072/1072/1072 1218/1218/1218
f 1119/1119/1119 1222/1222/1222 1214/1214/1214
f 1223/1223/1223 1166/1166/1166 1199/1199/1199
f 1175/1175/1175 1180/1180/1180 1202/1202/1202
f 1218/1218/1218 1072/1072/1072 1215/1215/1215
f 1224/1224/1224 1195/1195/1195 1202/1202/1202
f 1199/1199/1199 1212/1212/1212 1223/1223/1223
f 1225/1225/1225 1202/1202/1202 1180/1180/1180
f 1226/1226/1226 1227/1227/1227 1215/1215/1215
f 1160/1160/1160 1149/1149/1149 1213/1213/1213
f 1202/1202/1202 1225/1225/1225 1224/1224/1224
f 1061/1061/1061 1221/1221/1221 1060/1060/1060
f 1228/1228/1228 1229/1229/1229 1213/1213/1213
f 1228/1228/1228 1213/1213/1213 1214/1214/1214
f 1214/1214/1214 1222/1222/1222 1228/1228/1228
f 1215/1215/1215 1072/1072/1072 1226/1226/1226
f 1061/1061/1061 1138/1138/1138 1221/1221/1221
f 1230/1230/1230 1203/1203/1203 1216/1216/1216
f 1230/1230/1230 1212/1212/1212 1203/1203/1203
f 1228/1228/1228 1222/1222/1222 1231/1231/1231
f 1138/1138/1138 1232/1232/1232 1221/1221/1221
f 1090/1090/1090 1233/1233/1233 1234/1234/1234
f 1063/1063/1063 1090/1090/1090 1234/1234/1234
f 1228/1228/1228 1231/1231/1231 1229/1229/1229
f 1195/1195/1195 1224/1224/1224 1209/1209/1209
f 1235/1235/1235 1236/1236/1236 1212/1212/1212
f 1230/1230/1230 1235/1235/1235 1212/1212/1212
f 1237/1237/1237 1107/1107/1107 1160/1160/1160
f 1107/1107/1107 1103/1103/1103 1160/1160/1160
f 1238/1238/1238 1197/1197/1197 1209/1209/1209
f 1237/1237/1237 1160/1160/1160 1213/1213/1213
f 1223/1223/1223 1183/1183/1183 1166/1166/1166
f 1238/1238/1238 1209/1209/1209 1224/1224/1224
f 1237/1237/1237 1213/1213/1213 1229/1229/1229
f 1197/1197/1197 1238/1238/1238 1194/1194/1194
f 1194/1194/1194 1238/1238/1238 1205/1205/1205
f 1189/1189/1189 1183/1183/1183 1223/1223/1223
f 1189/1189/1189 1167/1167/1167 1183/1183/1183
f 1238/1238/1238 1239/1239/1239 1205/1205/1205
f 1232/1232/1232 1138/1138/1138 1139/1139/1139
f 1107/1107/1107 1237/1237/1237 1190/1190/1190
f 1232/1232/1232 1139/1139/1139 1052/1052/1052
f 1240/1240/1240 1052/1052/1052 1241/1241/1241
f 1052/1052/1052 1240/1240/1240 1232/1232/1232
f 1237/1237/1237 1229/1229/1229 1242/1242/1242
f 1212/1212/1212 1189/1189/1189 1223/1223/1223
f 1242/1242/1242 1229/1229/1229 1231/1231/1231
f 1243/1243/1243 1189/1189/1189 1212/1212/1212
f 1244/1244/1244 1240/1240/1240 1241/1241/1241
f 1190/1190/1190 1237/1237/1237 1242/1242/1242
f 1243/1243/1243 1212/1212/1212 1236/1236/1236
f 1051/1051/1051 1241/1241/1241 1052/1052/1052
f 1058/1058/1058 1165/1165/1165 1156/1156/1156
f 1129/1129/1129 1107/1107/1107 1190/1190/1190
f 1172/1172/1172 1092/1092/1092 1159/1159/1159
f 1073/1073/1073 1206/1206/1206 1205/1205/1205
f 1073/1073/1073 1196/1196/1196 1206/1206/1206
f 1172/1172/1172 1135/1135/1135 1092/1092/1092
f 1165/1165/1165 1057/1057/1057 1245/1245/1245
f 1073/1073/1073 1205/1205/1205 1246/1246/1246
f 1247/1247/1247 1190/1190/1190 1242/1242/1242
f 1062/1062/1062 1064/1064/1064 1244/1244/1244
f 1241/1241/1241 1051/1051/1051 1244/1244/1244
f 1169/1169/1169 1165/1165/1165 1245/1245/1245
f 1190/1190/1190 1247/1247/1247 1193/1193/1193
f 1169/1169/1169 1245/1245/1245 1248/1248/1248
f 1244/1244/1244 1051/1051/1051 1062/1062/1062
f 1245/1245/1245 1057/1057/1057 1109/1109/1109
f 1109/1109/1109 1249/1249/1249 1245/1245/1245
f 1249/1249/1249 1248/1248/1248 1245/1245/1245
f 1211/1211/1211 1169/1169/1169 1250/1250/1250
f 1251/1251/1251 1145/1145/1145 1127/1127/1127
f 1156/1156/1156 1145/1145/1145 1251/1251/1251
f 1252/1252/1252 1173/1173/1173 1189/1189/1189
f 1189/1189/1189 1066/1066/1066 1252/1252/1252
f 1243/1243/1243 1066/1066/1066 1189/1189/1189
f 1253/1253/1253 1066/1066/1066 1243/1243/1243
f 1254/1254/1254 1066/1066/1066 1253/1253/1253
f 1255/1255/1255 1256/1256/1256 1257/1257/1257
f 1066/1066/1066 1254/1254/1254 1067/1067/1067
f 1258/1258/1258 1259/1259/1259 1260/1260/1260
f 1261/1261/1261 1262/1262/1262 1263/1263/1263
f 1256/1256/1256 1255/1255/1255 1264/1264/1264
f 1258/1258/1258 1260/1260/1260 1265/1265/1265
f 1259/1259/1259 1266/1266/1266 1260/1260/1260
f 1067/1067/1067 1254/1254/1254 1267/1267/1267
f 1088/1088/1088 1266/1266/1266 1259/1259/1259
f 1236/1236/1236 1235/1235/1235 1268/1268/1268
f 1243/1243/1243 1236/1236/1236 1268/1268/1268
f 1243/1243/1243 1269/1269/1269 1253/1253/1253
f 1268/1268/1268 1269/1269/1269 1243/1243/1243
f 1269/1269/1269 1268/1268/1268 1095/1095/1095
f 1270/1270/1270 1135/1135/1135 1172/1172/1172
f 1252/1252/1252 1172/1172/1172 1173/1173/1173
f 1066/1066/1066 1065/1065/1065 1252/1252/1252
f 1270/1270/1270 1172/1172/1172 1252/1252/1252
f 1251/1251/1251 1127/1127/1127 1135/1135/1135
f 1270/1270/1270 1251/1251/1251 1135/1135/1135
f 1270/1270/1270 1252/1252/1252 1065/1065/1065
f 1270/1270/1270 1065/1065/1065 1059/1059/1059
f 1058/1058/1058 1251/1251/1251 1270/1270/1270
f 1058/1058/1058 1270/1270/1270 1059/1059/1059
f 1156/1156/1156 1251/1251/1251 1058/1058/1058
f 1165/1165/1165 1058/1058/1058 1057/1057/1057
f 256/256/256 1271/1271/1271 200/200/200
f 1272/1272/1272 1192/1192/1192 1178/1178/1178
f 1273/1273/1273 1271/1271/1271 256/256/256
f 1274/1274/1274 1275/1275/1275 1276/1276/1276
f 1272/1272/1272 1274/1274/1274 1276/1276/1276
f 1272/1272/1272 1178/1178/1178 1274/1274/1274
f 1179/1179/1179 1274/1274/1274 1178/1178/1178
f 1277/1277/1277 252/252/252 254/254/254
f 1275/1275/1275 1274/1274/1274 1186/1186/1186
f 254/254/254 1278/1278/1278 1277/1277/1277
f 1274/1274/1274 1179/1179/1179 1186/1186/1186
f 1279/1279/1279 1280/1280/1280 1281/1281/1281
f 1275/1275/1275 1279/1279/1279 1281/1281/1281
f 254/254/254 1282/1282/1282 1278/1278/1278
f 1277/1277/1277 1278/1278/1278 1153/1153/1153
f 1279/1279/1279 1283/1283/1283 1280/1280/1280
f 1284/1284/1284 1278/1278/1278 1282/1282/1282
f 1154/1154/1154 1153/1153/1153 1278/1278/1278
f 1279/1279/1279 1285/1285/1285 1283/1283/1283
f 1284/1284/1284 1154/1154/1154 1278/1278/1278
f 1186/1186/1186 1286/1286/1286 1287/1287/1287
f 1284/1284/1284 1207/1207/1207 1154/1154/1154
f 1186/1186/1186 1287/1287/1287 1275/1275/1275
f 1186/1186/1186 1187/1187/1187 1286/1286/1286
f 1288/1288/1288 263/263/263 198/198/198
f 1215/1215/1215 1286/1286/1286 1187/1187/1187
f 1287/1287/1287 1279/1279/1279 1275/1275/1275
f 219/219/219 215/215/215 244/244/244
f 1289/1289/1289 1279/1279/1279 1287/1287/1287
f 1279/1279/1279 1289/1289/1289 1290/1290/1290
f 1287/1287/1287 1286/1286/1286 1291/1291/1291
f 1287/1287/1287 1291/1291/1291 1289/1289/1289
f 1292/1292/1292 219/219/219 1293/1293/1293
f 1291/1291/1291 1286/1286/1286 1215/1215/1215
f 1292/1292/1292 1294/1294/1294 219/219/219
f 1294/1294/1294 218/218/218 219/219/219
f 1295/1295/1295 263/263/263 1288/1288/1288
f 218/218/218 1294/1294/1294 228/228/228
f 1147/1147/1147 1296/1296/1296 1137/1137/1137
f 1297/1297/1297 1298/1298/1298 1299/1299/1299
f 1300/1300/1300 1296/1296/1296 1147/1147/1147
f 1215/1215/1215 1227/1227/1227 1291/1291/1291
f 229/229/229 1297/1297/1297 1299/1299/1299
f 145/145/145 1301/1301/1301 143/143/143
f 1302/1302/1302 1299/1299/1299 1298/1298/1298
f 146/146/146 144/144/144 143/143/143
f 1303/1303/1303 146/146/146 143/143/143
f 1148/1148/1148 1147/1147/1147 1125/1125/1125
f 1302/1302/1302 1304/1304/1304 1299/1299/1299
f 1305/1305/1305 143/143/143 1301/1301/1301
f 229/229/229 1306/1306/1306 230/230/230
f 1307/1307/1307 143/143/143 1305/1305/1305
f 1308/1308/1308 230/230/230 1306/1306/1306
f 1303/1303/1303 143/143/143 1307/1307/1307
f 1170/1170/1170 1148/1148/1148 1171/1171/1171
f 1304/1304/1304 229/229/229 1299/1299/1299
f 1309/1309/1309 1170/1170/1170 1171/1171/1171
f 1304/1304/1304 1306/1306/1306 229/229/229
f 1310/1310/1310 1306/1306/1306 1304/1304/1304
f 1308/1308/1308 1306/1306/1306 1311/1311/1311
f 1312/1312/1312 1313/1313/1313 1191/1191/1191
f 152/152/152 1301/1301/1301 145/145/145
f 1142/1142/1142 1191/1191/1191 1313/1313/1313
f 1312/1312/1312 1191/1191/1191 1192/1192/1192
f 1314/1314/1314 232/232/232 236/236/236
f 237/237/237 232/232/232 1314/1314/1314
f 1308/1308/1308 1311/1311/1311 1315/1315/1315
f 1301/1301/1301 263/263/263 1316/1316/1316
f 1317/1317/1317 1192/1192/1192 1272/1272/1272
f 152/152/152 263/263/263 1301/1301/1301
f 1176/1176/1176 1178/1178/1178 1192/1192/1192
f 1316/1316/1316 1305/1305/1305 1301/1301/1301
f 1318/1318/1318 244/244/244 1303/1303/1303
f 1174/1174/1174 1142/1142/1142 1141/1141/1141
f 146/146/146 244/244/244 238/238/238
f 1303/1303/1303 244/244/244 146/146/146
f 263/263/263 1295/1295/1295 1316/1316/1316
f 1295/1295/1295 1319/1319/1319 1316/1316/1316
f 1316/1316/1316 1307/1307/1307 1305/1305/1305
f 1320/1320/1320 1303/1303/1303 1307/1307/1307
f 1320/1320/1320 1318/1318/1318 1303/1303/1303
f 1321/1321/1321 1318/1318/1318 1320/1320/1320
f 1318/1318/1318 1322/1322/1322 244/244/244
f 1322/1322/1322 1293/1293/1293 244/244/244
f 1322/1322/1322 1318/1318/1318 1323/1323/1323
f 1321/1321/1321 1323/1323/1323 1318/1318/1318
f 1130/1130/1130 1324/1324/1324 1124/1124/1124
f 219/219/219 244/244/244 1293/1293/1293
f 1293/1293/1293 1325/1325/1325 1292/1292/1292
f 1326/1326/1326 1327/1327/1327 1328/1328/1328
f 1329/1329/1329 1326/1326/1326 1328/1328/1328
f 1298/1298/1298 1326/1326/1326 1302/1302/1302
f 1329/1329/1329 1302/1302/1302 1326/1326/1326
f 1330/1330/1330 1320/1320/1320 1307/1307/1307
f 1080/1080/1080 1331/1331/1331 1081/1081/1081
f 1080/1080/1080 1324/1324/1324 1331/1331/1331
f 1080/1080/1080 1124/1124/1124 1324/1324/1324
f 1133/1133/1133 1332/1332/1332 1132/1132/1132
f 1333/1333/1333 1328/1328/1328 1334/1334/1334
f 1124/1124/1124 1137/1137/1137 1130/1130/1130
f 1333/1333/1333 1335/1335/1335 1312/1312/1312
f 1131/1131/1131 1296/1296/1296 1133/1133/1133
f 1137/1137/1137 1296/1296/1296 1131/1131/1131
f 1137/1137/1137 1124/1124/1124 1125/1125/1125
f 1336/1336/1336 1329/1329/1329 1328/1328/1328
f 1337/1337/1337 193/193/193 1338/1338/1338
f 1339/1339/1339 194/194/194 195/195/195
f 1333/1333/1333 1336/1336/1336 1328/1328/1328
f 194/194/194 1339/1339/1339 193/193/193
f 195/195/195 1340/1340/1340 1339/1339/1339
f 1341/1341/1341 1342/1342/1342 1343/1343/1343
f 1317/1317/1317 1329/1329/1329 1336/1336/1336
f 1317/1317/1317 1302/1302/1302 1329/1329/1329
f 1317/1317/1317 1344/1344/1344 1302/1302/1302
f 1336/1336/1336 1333/1333/1333 1312/1312/1312
f 1288/1288/1288 198/198/198 193/193/193
f 1336/1336/1336 1312/1312/1312 1317/1317/1317
f 1337/1337/1337 1288/1288/1288 193/193/193
f 1312/1312/1312 1192/1192/1192 1317/1317/1317
f 1345/1345/1345 1346/1346/1346 1200/1200/1200
f 1347/1347/1347 1346/1346/1346 1345/1345/1345
f 1200/1200/1200 1346/1346/1346 1341/1341/1341
f 1272/1272/1272 1344/1344/1344 1317/1317/1317
f 1295/1295/1295 1288/1288/1288 1337/1337/1337
f 1348/1348/1348 1315/1315/1315 1349/1349/1349
f 1349/1349/1349 1350/1350/1350 1348/1348/1348
f 1349/1349/1349 1315/1315/1315 1311/1311/1311
f 1280/1280/1280 1349/1349/1349 1311/1311/1311
f 1280/1280/1280 1311/1311/1311 1281/1281/1281
f 1347/1347/1347 1345/1345/1345 1158/1158/1158
f 206/206/206 1342/1342/1342 204/204/204
f 1343/1343/1343 1342/1342/1342 206/206/206
f 1341/1341/1341 1343/1343/1343 1153/1153/1153
f 1280/1280/1280 1283/1283/1283 1349/1349/1349
f 1302/1302/1302 1310/1310/1310 1304/1304/1304
f 1351/1351/1351 1273/1273/1273 256/256/256
f 1310/1310/1310 1302/1302/1302 1344/1344/1344
f 1306/1306/1306 1310/1310/1310 1281/1281/1281
f 1281/1281/1281 1311/1311/1311 1306/1306/1306
f 1201/1201/1201 1200/1200/1200 1341/1341/1341
f 1201/1201/1201 1341/1341/1341 1152/1152/1152
f 1152/1152/1152 1341/1341/1341 1153/1153/1153
f 1276/1276/1276 1281/1281/1281 1310/1310/1310
f 1281/1281/1281 1276/1276/1276 1275/1275/1275
f 1310/1310/1310 1344/1344/1344 1276/1276/1276
f 1272/1272/1272 1276/1276/1276 1344/1344/1344
f 1345/1345/1345 1168/1168/1168 1158/1158/1158
f 1345/1345/1345 1200/1200/1200 1168/1168/1168
f 1166/1166/1166 1168/1168/1168 1200/1200/1200
f 1158/1158/1158 1075/1075/1075 1347/1347/1347
f 1075/1075/1075 1077/1077/1077 1347/1347/1347
f 1075/1075/1075 1159/1159/1159 1092/1092/1092
f 1168/1168/1168 1167/1167/1167 1158/1158/1158
f 1159/1159/1159 1158/1158/1158 1167/1167/1167
f 1201/1201/1201 1152/1152/1152 1203/1203/1203
f 1203/1203/1203 1152/1152/1152 1154/1154/1154
f 1352/1352/1352 1353/1353/1353 1354/1354/1354
f 1355/1355/1355 1356/1356/1356 1357/1357/1357
f 1358/1358/1358 1359/1359/1359 1360/1360/1360
f 1361/1361/1361 1362/1362/1362 1355/1355/1355
f 1363/1363/1363 1352/1352/1352 1354/1354/1354
f 1364/1364/1364 1365/1365/1365 1366/1366/1366
f 1367/1367/1367 1352/1352/1352 1363/1363/1363
f 1357/1357/1357 1368/1368/1368 1369/1369/1369
f 1370/1370/1370 1371/1371/1371 1372/1372/1372
f 1373/1373/1373 1354/1354/1354 1374/1374/1374
f 1375/1375/1375 1128/1128/1128 1376/1376/1376
f 1375/1375/1375 1376/1376/1376 1377/1377/1377
f 1378/1378/1378 1379/1379/1379 1380/1380/1380
f 1381/1381/1381 1368/1368/1368 1382/1382/1382
f 1377/1377/1377 1376/1376/1376 1383/1383/1383
f 1384/1384/1384 1385/1385/1385 1359/1359/1359
f 1386/1386/1386 1366/1366/1366 1387/1387/1387
f 1369/1369/1369 1368/1368/1368 1381/1381/1381
f 1388/1388/1388 1369/1369/1369 1381/1381/1381
f 1207/1207/1207 1284/1284/1284 1217/1217/1217
f 1383/1383/1383 1376/1376/1376 1389/1389/1389
f 1364/1364/1364 1366/1366/1366 1386/1386/1386
f 1390/1390/1390 1380/1380/1380 1391/1391/1391
f 1217/1217/1217 1362/1362/1362 1361/1361/1361
f 1377/1377/1377 1383/1383/1383 1392/1392/1392
f 1384/1384/1384 1393/1393/1393 1385/1385/1385
f 1391/1391/1391 1380/1380/1380 1379/1379/1379
f 1394/1394/1394 1217/1217/1217 1361/1361/1361
f 1395/1395/1395 1361/1361/1361 1355/1355/1355
f 1391/1391/1391 1396/1396/1396 1397/1397/1397
f 1395/1395/1395 1355/1355/1355 1398/1398/1398
f 1397/1397/1397 1396/1396/1396 1399/1399/1399
f 1395/1395/1395 1394/1394/1394 1361/1361/1361
f 1357/1357/1357 1369/1369/1369 1398/1398/1398
f 1357/1357/1357 1398/1398/1398 1355/1355/1355
f 1400/1400/1400 1401/1401/1401 1367/1367/1367
f 1363/1363/1363 1402/1402/1402 1367/1367/1367
f 1400/1400/1400 1367/1367/1367 1402/1402/1402
f 1403/1403/1403 376/376/376 1404/1404/1404
f 1363/1363/1363 1354/1354/1354 1373/1373/1373
f 1405/1405/1405 1384/1384/1384 1359/1359/1359
f 1403/1403/1403 1404/1404/1404 1406/1406/1406
f 1384/1384/1384 1405/1405/1405 1393/1393/1393
f 1406/1406/1406 1404/1404/1404 1407/1407/1407
f 1363/1363/1363 1408/1408/1408 1402/1402/1402
f 1379/1379/1379 1409/1409/1409 1410/1410/1410
f 1408/1408/1408 1363/1363/1363 1373/1373/1373
f 1411/1411/1411 1406/1406/1406 1407/1407/1407
f 1391/1391/1391 1379/1379/1379 1396/1396/1396
f 1379/1379/1379 1410/1410/1410 1396/1396/1396
f 1412/1412/1412 1359/1359/1359 1358/1358/1358
f 1396/1396/1396 1410/1410/1410 1413/1413/1413
f 1216/1216/1216 1217/1217/1217 1394/1394/1394
f 1414/1414/1414 1216/1216/1216 1394/1394/1394
f 1415/1415/1415 1416/1416/1416 1417/1417/1417
f 1405/1405/1405 1359/1359/1359 1412/1412/1412
f 1418/1418/1418 1400/1400/1400 1419/1419/1419
f 1417/1417/1417 1420/1420/1420 1415/1415/1415
f 1421/1421/1421 1405/1405/1405 1412/1412/1412
f 1419/1419/1419 1400/1400/1400 1402/1402/1402
f 1216/1216/1216 1414/1414/1414 1230/1230/1230
f 1422/1422/1422 1423/1423/1423 1424/1424/1424
f 1424/1424/1424 1423/1423/1423 1425/1425/1425
f 1408/1408/1408 1426/1426/1426 1402/1402/1402
f 1427/1427/1427 1235/1235/1235 1230/1230/1230
f 1415/1415/1415 1420/1420/1420 1428/1428/1428
f 1414/1414/1414 1427/1427/1427 1230/1230/1230
f 1414/1414/1414 1429/1429/1429 1427/1427/1427
f 1430/1430/1430 1431/1431/1431 1096/1096/1096
f 1415/1415/1415 1428/1428/1428 1432/1432/1432
f 1115/1115/1115 1096/1096/1096 1431/1431/1431
f 1414/1414/1414 1394/1394/1394 1433/1433/1433
f 1434/1434/1434 1414/1414/1414 1433/1433/1433
f 1435/1435/1435 1432/1432/1432 1428/1428/1428
f 1433/1433/1433 1394/1394/1394 1395/1395/1395
f 1433/1433/1433 1395/1395/1395 1436/1436/1436
f 1437/1437/1437 1438/1438/1438 1439/1439/1439
f 1433/1433/1433 1436/1436/1436 1440/1440/1440
f 1441/1441/1441 1442/1442/1442 1443/1443/1443
f 1434/1434/1434 1433/1433/1433 1440/1440/1440
f 1386/1386/1386 1444/1444/1444 1422/1422/1422
f 1437/1437/1437 1385/1385/1385 1393/1393/1393
f 1436/1436/1436 1445/1445/1445 1440/1440/1440
f 1364/1364/1364 1386/1386/1386 1422/1422/1422
f 1429/1429/1429 1414/1414/1414 1434/1434/1434
f 1446/1446/1446 1386/1386/1386 1387/1387/1387
f 1429/1429/1429 1434/1434/1434 1440/1440/1440
f 1386/1386/1386 1446/1446/1446 1444/1444/1444
f 1398/1398/1398 1369/1369/1369 1447/1447/1447
f 1436/1436/1436 1395/1395/1395 1398/1398/1398
f 1448/1448/1448 1449/1449/1449 1450/1450/1450
f 1398/1398/1398 1451/1451/1451 1436/1436/1436
f 1398/1398/1398 1447/1447/1447 1451/1451/1451
f 1438/1438/1438 1122/1122/1122 1121/1121/1121
f 1442/1442/1442 1450/1450/1450 1443/1443/1443
f 1369/1369/1369 1388/1388/1388 1447/1447/1447
f 1442/1442/1442 1448/1448/1448 1450/1450/1450
f 1444/1444/1444 1423/1423/1423 1422/1422/1422
f 1423/1423/1423 1444/1444/1444 1452/1452/1452
f 1453/1453/1453 1454/1454/1454 1455/1455/1455
f 1456/1456/1456 1454/1454/1454 1453/1453/1453
f 1442/1442/1442 1441/1441/1441 1457/1457/1457
f 1453/1453/1453 1455/1455/1455 1458/1458/1458
f 1442/1442/1442 1457/1457/1457 1459/1459/1459
f 1460/1460/1460 1461/1461/1461 1411/1411/1411
f 1448/1448/1448 1442/1442/1442 1459/1459/1459
f 1452/1452/1452 1444/1444/1444 1446/1446/1446
f 1462/1462/1462 1456/1456/1456 1453/1453/1453
f 1463/1463/1463 1437/1437/1437 1393/1393/1393
f 1464/1464/1464 1465/1465/1465 1466/1466/1466
f 1409/1409/1409 1417/1417/1417 1410/1410/1410
f 1459/1459/1459 1457/1457/1457 1467/1467/1467
f 1437/1437/1437 1122/1122/1122 1438/1438/1438
f 1437/1437/1437 1463/1463/1463 1122/1122/1122
f 1420/1420/1420 1409/1409/1409 1468/1468/1468
f 1417/1417/1417 1409/1409/1409 1420/1420/1420
f 1469/1469/1469 1436/1436/1436 1451/1451/1451
f 1445/1445/1445 1436/1436/1436 1469/1469/1469
f 1463/1463/1463 1393/1393/1393 1470/1470/1470
f 1471/1471/1471 1462/1462/1462 1472/1472/1472
f 1471/1471/1471 1472/1472/1472 1473/1473/1473
f 1459/1459/1459 1467/1467/1467 1474/1474/1474
f 1424/1424/1424 1475/1475/1475 1422/1422/1422
f 1453/1453/1453 1476/1476/1476 1462/1462/1462
f 1453/1453/1453 1458/1458/1458 1476/1476/1476
f 1477/1477/1477 1478/1478/1478 1479/1479/1479
f 1480/1480/1480 1393/1393/1393 1405/1405/1405
f 1478/1478/1478 1477/1477/1477 1481/1481/1481
f 1479/1479/1479 1399/1399/1399 1482/1482/1482
f 1464/1464/1464 1483/1483/1483 1465/1465/1465
f 1470/1470/1470 1393/1393/1393 1480/1480/1480
f 1472/1472/1472 1462/1462/1462 1476/1476/1476
f 1484/1484/1484 1485/1485/1485 1486/1486/1486
f 1476/1476/1476 1458/1458/1458 1487/1487/1487
f 1482/1482/1482 1399/1399/1399 1396/1396/1396
f 1396/1396/1396 1413/1413/1413 1482/1482/1482
f 1485/1485/1485 1465/1465/1465 1483/1483/1483
f 1360/1360/1360 1472/1472/1472 1476/1476/1476
f 1482/1482/1482 1477/1477/1477 1479/1479/1479
f 1485/1485/1485 1484/1484/1484 1465/1465/1465
f 1477/1477/1477 1482/1482/1482 1413/1413/1413
f 1480/1480/1480 1405/1405/1405 1421/1421/1421
f 1416/1416/1416 1488/1488/1488 1481/1481/1481
f 1489/1489/1489 523/523/523 340/340/340
f 524/524/524 523/523/523 1489/1489/1489
f 1490/1490/1490 1491/1491/1491 1360/1360/1360
f 1492/1492/1492 1465/1465/1465 1493/1493/1493
f 1358/1358/1358 1360/1360/1360 1491/1491/1491
f 1494/1494/1494 376/376/376 524/524/524
f 1495/1495/1495 1496/1496/1496 1497/1497/1497
f 524/524/524 1489/1489/1489 1494/1494/1494
f 1416/1416/1416 1413/1413/1413 1410/1410/1410
f 1494/1494/1494 1489/1489/1489 1498/1498/1498
f 1416/1416/1416 1410/1410/1410 1417/1417/1417
f 1499/1499/1499 1500/1500/1500 1399/1399/1399
f 1481/1481/1481 1477/1477/1477 1413/1413/1413
f 340/340/340 1501/1501/1501 1498/1498/1498
f 1416/1416/1416 1481/1481/1481 1413/1413/1413
f 1501/1501/1501 340/340/340 339/339/339
f 1493/1493/1493 1465/1465/1465 1484/1484/1484
f 1498/1498/1498 1489/1489/1489 340/340/340
f 1478/1478/1478 1502/1502/1502 1479/1479/1479
f 1491/1491/1491 1503/1503/1503 1443/1443/1443
f 1493/1493/1493 1484/1484/1484 1504/1504/1504
f 1504/1504/1504 1484/1484/1484 1505/1505/1505
f 1358/1358/1358 1491/1491/1491 1506/1506/1506
f 1507/1507/1507 1508/1508/1508 1478/1478/1478
f 1479/1479/1479 1502/1502/1502 1509/1509/1509
f 1506/1506/1506 1491/1491/1491 1443/1443/1443
f 1510/1510/1510 1498/1498/1498 1501/1501/1501
f 1484/1484/1484 1511/1511/1511 1505/1505/1505
f 1404/1404/1404 376/376/376 1494/1494/1494
f 1507/1507/1507 1478/1478/1478 1512/1512/1512
f 1450/1450/1450 1506/1506/1506 1443/1443/1443
f 1493/1493/1493 1504/1504/1504 1513/1513/1513
f 1494/1494/1494 1407/1407/1407 1404/1404/1404
f 1481/1481/1481 1512/1512/1512 1478/1478/1478
f 1495/1495/1495 1514/1514/1514 1515/1515/1515
f 1505/1505/1505 1516/1516/1516 1517/1517/1517
f 1512/1512/1512 1481/1481/1481 1518/1518/1518
f 1481/1481/1481 1488/1488/1488 1518/1518/1518
f 1494/1494/1494 1519/1519/1519 1407/1407/1407
f 1504/1504/1504 1517/1517/1517 1520/1520/1520
f 1517/1517/1517 1504/1504/1504 1505/1505/1505
f 1460/1460/1460 1407/1407/1407 1519/1519/1519
f 1521/1521/1521 1504/1504/1504 1520/1520/1520
f 1519/1519/1519 1494/1494/1494 1498/1498/1498
f 1522/1522/1522 1523/1523/1523 1524/1524/1524
f 1519/1519/1519 1498/1498/1498 1510/1510/1510
f 1525/1525/1525 1526/1526/1526 1527/1527/1527
f 1528/1528/1528 1510/1510/1510 1501/1501/1501
f 1526/1526/1526 1525/1525/1525 1500/1500/1500
f 1515/1515/1515 1514/1514/1514 1483/1483/1483
f 1412/1412/1412 1358/1358/1358 1506/1506/1506
f 1519/1519/1519 1510/1510/1510 1529/1529/1529
f 1519/1519/1519 1529/1529/1529 1530/1530/1530
f 1488/1488/1488 1416/1416/1416 1524/1524/1524
f 1531/1531/1531 1526/1526/1526 1500/1500/1500
f 1532/1532/1532 1501/1501/1501 339/339/339
f 1390/1390/1390 1500/1500/1500 1525/1525/1525
f 1390/1390/1390 1397/1397/1397 1500/1500/1500
f 1412/1412/1412 1506/1506/1506 1450/1450/1450
f 1510/1510/1510 1528/1528/1528 1529/1529/1529
f 1415/1415/1415 1524/1524/1524 1416/1416/1416
f 1391/1391/1391 1397/1397/1397 1390/1390/1390
f 1532/1532/1532 339/339/339 361/361/361
f 1533/1533/1533 1532/1532/1532 361/361/361
f 1421/1421/1421 1412/1412/1412 1449/1449/1449
f 1450/1450/1450 1449/1449/1449 1412/1412/1412
f 359/359/359 1534/1534/1534 361/361/361
f 1535/1535/1535 361/361/361 1534/1534/1534
f 1528/1528/1528 1501/1501/1501 1532/1532/1532
f 1500/1500/1500 1397/1397/1397 1399/1399/1399
f 1533/1533/1533 1528/1528/1528 1532/1532/1532
f 361/361/361 1535/1535/1535 1533/1533/1533
f 1536/1536/1536 1415/1415/1415 1432/1432/1432
f 1421/1421/1421 1449/1449/1449 1537/1537/1537
f 1537/1537/1537 1449/1449/1449 1448/1448/1448
f 1537/1537/1537 1538/1538/1538 1421/1421/1421
f 1524/1524/1524 1536/1536/1536 1522/1522/1522
f 1534/1534/1534 359/359/359 549/549/549
f 321/321/321 320/320/320 1539/1539/1539
f 320/320/320 1540/1540/1540 1539/1539/1539
f 1541/1541/1541 1535/1535/1535 1534/1534/1534
f 1542/1542/1542 1538/1538/1538 1537/1537/1537
f 1541/1541/1541 1534/1534/1534 549/549/549
f 1543/1543/1543 1539/1539/1539 1540/1540/1540
f 1459/1459/1459 1537/1537/1537 1448/1448/1448
f 1524/1524/1524 1415/1415/1415 1536/1536/1536
f 1459/1459/1459 1542/1542/1542 1537/1537/1537
f 1544/1544/1544 1545/1545/1545 1546/1546/1546
f 1541/1541/1541 1528/1528/1528 1533/1533/1533
f 1541/1541/1541 1533/1533/1533 1535/1535/1535
f 1541/1541/1541 1529/1529/1529 1528/1528/1528
f 1544/1544/1544 1546/1546/1546 1539/1539/1539
f 1547/1547/1547 1529/1529/1529 1541/1541/1541
f 1538/1538/1538 1542/1542/1542 1374/1374/1374
f 1548/1548/1548 1544/1544/1544 1539/1539/1539
f 1488/1488/1488 1523/1523/1523 1518/1518/1518
f 1541/1541/1541 1549/1549/1549 1547/1547/1547
f 1542/1542/1542 1373/1373/1373 1374/1374/1374
f 1544/1544/1544 1550/1550/1550 1545/1545/1545
f 1488/1488/1488 1524/1524/1524 1523/1523/1523
f 1551/1551/1551 1545/1545/1545 1550/1550/1550
f 1552/1552/1552 1542/1542/1542 1459/1459/1459
f 1474/1474/1474 1552/1552/1552 1459/1459/1459
f 549/549/549 1549/1549/1549 1541/1541/1541
f 1542/1542/1542 1552/1552/1552 1553/1553/1553
f 1540/1540/1540 320/320/320 514/514/514
f 1548/1548/1548 1550/1550/1550 1544/1544/1544
f 1543/1543/1543 1548/1548/1548 1539/1539/1539
f 1542/1542/1542 1553/1553/1553 1373/1373/1373
f 1545/1545/1545 1549/1549/1549 549/549/549
f 1373/1373/1373 1553/1553/1553 1408/1408/1408
f 514/514/514 334/334/334 336/336/336
f 1551/1551/1551 1549/1549/1549 1545/1545/1545
f 1540/1540/1540 514/514/514 336/336/336
f 1543/1543/1543 1554/1554/1554 1548/1548/1548
f 1411/1411/1411 1407/1407/1407 1460/1460/1460
f 1555/1555/1555 1540/1540/1540 336/336/336
f 1460/1460/1460 1519/1519/1519 1556/1556/1556
f 1460/1460/1460 1556/1556/1556 1557/1557/1557
f 1558/1558/1558 1553/1553/1553 1552/1552/1552
f 1559/1559/1559 1552/1552/1552 1474/1474/1474
f 1558/1558/1558 1552/1552/1552 1560/1560/1560
f 1561/1561/1561 1408/1408/1408 1553/1553/1553
f 1555/1555/1555 336/336/336 343/343/343
f 1562/1562/1562 1563/1563/1563 1551/1551/1551
f 1562/1562/1562 1551/1551/1551 1550/1550/1550
f 1564/1564/1564 1461/1461/1461 1460/1460/1460
f 1564/1564/1564 1460/1460/1460 1557/1557/1557
f 1565/1565/1565 1543/1543/1543 1540/1540/1540
f 1509/1509/1509 1566/1566/1566 1499/1499/1499
f 1479/1479/1479 1509/1509/1509 1499/1499/1499
f 1562/1562/1562 1550/1550/1550 1567/1567/1567
f 1565/1565/1565 1540/1540/1540 1555/1555/1555
f 1500/1500/1500 1499/1499/1499 1531/1531/1531
f 1556/1556/1556 1519/1519/1519 1530/1530/1530
f 1554/1554/1554 1543/1543/1543 1565/1565/1565
f 1399/1399/1399 1479/1479/1479 1499/1499/1499
f 1568/1568/1568 1554/1554/1554 1565/1565/1565
f 1568/1568/1568 1565/1565/1565 1569/1569/1569
f 1570/1570/1570 1562/1562/1562 1486/1486/1486
f 1571/1571/1571 1476/1476/1476 1487/1487/1487
f 1567/1567/1567 1548/1548/1548 1554/1554/1554
f 1567/1567/1567 1550/1550/1550 1548/1548/1548
f 1497/1497/1497 1572/1572/1572 1564/1564/1564
f 1497/1497/1497 1564/1564/1564 1557/1557/1557
f 1476/1476/1476 1571/1571/1571 1490/1490/1490
f 1573/1573/1573 1555/1555/1555 343/343/343
f 1569/1569/1569 1565/1565/1565 1555/1555/1555
f 1567/1567/1567 1554/1554/1554 1568/1568/1568
f 1574/1574/1574 1569/1569/1569 1555/1555/1555
f 1426/1426/1426 1408/1408/1408 1561/1561/1561
f 1574/1574/1574 1555/1555/1555 1573/1573/1573
f 1486/1486/1486 1562/1562/1562 1567/1567/1567
f 1575/1575/1575 1530/1530/1530 1529/1529/1529
f 1419/1419/1419 1576/1576/1576 1418/1418/1418
f 1497/1497/1497 1557/1557/1557 1556/1556/1556
f 1577/1577/1577 1568/1568/1568 1569/1569/1569
f 1569/1569/1569 1578/1578/1578 1577/1577/1577
f 1579/1579/1579 1580/1580/1580 1576/1576/1576
f 1556/1556/1556 1530/1530/1530 1575/1575/1575
f 1581/1581/1581 1567/1567/1567 1568/1568/1568
f 1562/1562/1562 1570/1570/1570 1563/1563/1563
f 1426/1426/1426 1582/1582/1582 1402/1402/1402
f 1583/1583/1583 1584/1584/1584 1585/1585/1585
f 1586/1586/1586 1587/1587/1587 1588/1588/1588
f 1587/1587/1587 1589/1589/1589 1588/1588/1588
f 1583/1583/1583 1402/1402/1402 1582/1582/1582
f 1584/1584/1584 1583/1583/1583 1582/1582/1582
f 1590/1590/1590 1591/1591/1591 1592/1592/1592
f 1593/1593/1593 1582/1582/1582 1426/1426/1426
f 1574/1574/1574 1578/1578/1578 1569/1569/1569
f 1583/1583/1583 1419/1419/1419 1402/1402/1402
f 1594/1594/1594 1576/1576/1576 1583/1583/1583
f 1583/1583/1583 1576/1576/1576 1419/1419/1419
f 1595/1595/1595 1590/1590/1590 1592/1592/1592
f 1574/1574/1574 1596/1596/1596 1578/1578/1578
f 1593/1593/1593 1426/1426/1426 1597/1597/1597
f 1596/1596/1596 1574/1574/1574 1598/1598/1598
f 1497/1497/1497 1496/1496/1496 1572/1572/1572
f 1491/1491/1491 1490/1490/1490 1571/1571/1571
f 1570/1570/1570 1483/1483/1483 1514/1514/1514
f 1599/1599/1599 1600/1600/1600 1601/1601/1601
f 1602/1602/1602 1599/1599/1599 1601/1601/1601
f 1603/1603/1603 1604/1604/1604 1605/1605/1605
f 1606/1606/1606 343/343/343 344/344/344
f 1497/1497/1497 1556/1556/1556 1575/1575/1575
f 1607/1607/1607 1608/1608/1608 1601/1601/1601
f 1601/1601/1601 1600/1600/1600 1607/1607/1607
f 343/343/343 1606/1606/1606 1573/1573/1573
f 1603/1603/1603 1609/1609/1609 1610/1610/1610
f 1483/1483/1483 1570/1570/1570 1485/1485/1485
f 1611/1611/1611 1573/1573/1573 1606/1606/1606
f 1486/1486/1486 1485/1485/1485 1570/1570/1570
f 1512/1512/1512 1518/1518/1518 1609/1609/1609
f 1611/1611/1611 1606/1606/1606 1612/1612/1612
f 1611/1611/1611 1612/1612/1612 1613/1613/1613
f 1614/1614/1614 1615/1615/1615 1606/1606/1606
f 1609/1609/1609 1518/1518/1518 1523/1523/1523
f 1497/1497/1497 1575/1575/1575 1495/1495/1495
f 1609/1609/1609 1603/1603/1603 1507/1507/1507
f 1616/1616/1616 1615/1615/1615 1617/1617/1617
f 1507/1507/1507 1512/1512/1512 1609/1609/1609
f 1495/1495/1495 1575/1575/1575 1514/1514/1514
f 1574/1574/1574 1573/1573/1573 1598/1598/1598
f 1575/1575/1575 1529/1529/1529 1547/1547/1547
f 1486/1486/1486 1567/1567/1567 1581/1581/1581
f 1208/1208/1208 1193/1193/1193 1618/1618/1618
f 1549/1549/1549 1619/1619/1619 1547/1547/1547
f 1563/1563/1563 1619/1619/1619 1549/1549/1549
f 1620/1620/1620 1621/1621/1621 1607/1607/1607
f 1596/1596/1596 1598/1598/1598 1622/1622/1622
f 1563/1563/1563 1549/1549/1549 1551/1551/1551
f 1511/1511/1511 1486/1486/1486 1581/1581/1581
f 1613/1613/1613 1622/1622/1622 1611/1611/1611
f 1622/1622/1622 1598/1598/1598 1611/1611/1611
f 1616/1616/1616 1613/1613/1613 1612/1612/1612
f 1619/1619/1619 1575/1575/1575 1547/1547/1547
f 1618/1618/1618 1621/1621/1621 1620/1620/1620
f 1486/1486/1486 1511/1511/1511 1484/1484/1484
f 1623/1623/1623 1613/1613/1613 1616/1616/1616
f 1620/1620/1620 1607/1607/1607 1624/1624/1624
f 1616/1616/1616 1617/1617/1617 1625/1625/1625
f 1616/1616/1616 1625/1625/1625 1623/1623/1623
f 1622/1622/1622 1613/1613/1613 1623/1623/1623
f 1210/1210/1210 1208/1208/1208 1618/1618/1618
f 1210/1210/1210 1618/1618/1618 1620/1620/1620
f 1516/1516/1516 1577/1577/1577 1578/1578/1578
f 1575/1575/1575 1619/1619/1619 1514/1514/1514
f 1514/1514/1514 1619/1619/1619 1570/1570/1570
f 1619/1619/1619 1563/1563/1563 1570/1570/1570
f 1581/1581/1581 1568/1568/1568 1577/1577/1577
f 1625/1625/1625 1617/1617/1617 1626/1626/1626
f 1620/1620/1620 1627/1627/1627 1210/1210/1210
f 1222/1222/1222 1119/1119/1119 1128/1128/1128
f 1628/1628/1628 1627/1627/1627 1620/1620/1620
f 1222/1222/1222 1128/1128/1128 1375/1375/1375
f 1628/1628/1628 1629/1629/1629 1627/1627/1627
f 1581/1581/1581 1577/1577/1577 1630/1630/1630
f 1427/1427/1427 1268/1268/1268 1235/1235/1235
f 1516/1516/1516 1630/1630/1630 1577/1577/1577
f 1429/1429/1429 1631/1631/1631 1427/1427/1427
f 1628/1628/1628 1620/1620/1620 1624/1624/1624
f 1511/1511/1511 1581/1581/1581 1505/1505/1505
f 1268/1268/1268 1427/1427/1427 1631/1631/1631
f 1632/1632/1632 1268/1268/1268 1631/1631/1631
f 1222/1222/1222 1375/1375/1375 1633/1633/1633
f 1633/1633/1633 1231/1231/1231 1222/1222/1222
f 1505/1505/1505 1581/1581/1581 1630/1630/1630
f 1633/1633/1633 1375/1375/1375 1377/1377/1377
f 1634/1634/1634 1522/1522/1522 1536/1536/1536
f 1440/1440/1440 1631/1631/1631 1429/1429/1429
f 1635/1635/1635 1522/1522/1522 1634/1634/1634
f 1516/1516/1516 1578/1578/1578 1596/1596/1596
f 1445/1445/1445 1631/1631/1631 1440/1440/1440
f 1633/1633/1633 1636/1636/1636 1231/1231/1231
f 1637/1637/1637 1610/1610/1610 1609/1609/1609
f 1609/1609/1609 1638/1638/1638 1637/1637/1637
f 1377/1377/1377 1639/1639/1639 1633/1633/1633
f 1640/1640/1640 1631/1631/1631 1445/1445/1445
f 1600/1600/1600 1624/1624/1624 1607/1607/1607
f 1505/1505/1505 1630/1630/1630 1516/1516/1516
f 1641/1641/1641 1631/1631/1631 1640/1640/1640
f 1639/1639/1639 1377/1377/1377 1392/1392/1392
f 1095/1095/1095 1268/1268/1268 1632/1632/1632
f 1642/1642/1642 1633/1633/1633 1639/1639/1639
f 1517/1517/1517 1516/1516/1516 1643/1643/1643
f 1522/1522/1522 1637/1637/1637 1638/1638/1638
f 1644/1644/1644 1445/1445/1445 1645/1645/1645
f 1242/1242/1242 1231/1231/1231 1636/1636/1636
f 1633/1633/1633 1642/1642/1642 1636/1636/1636
f 1523/1523/1523 1522/1522/1522 1638/1638/1638
f 1646/1646/1646 1472/1472/1472 1360/1360/1360
f 1523/1523/1523 1638/1638/1638 1609/1609/1609
f 1247/1247/1247 1242/1242/1242 1636/1636/1636
f 1640/1640/1640 1445/1445/1445 1644/1644/1644
f 1636/1636/1636 1608/1608/1608 1247/1247/1247
f 1637/1637/1637 1635/1635/1635 1647/1647/1647
f 1635/1635/1635 1648/1648/1648 1647/1647/1647
f 1649/1649/1649 1623/1623/1623 1625/1625/1625
f 1392/1392/1392 1602/1602/1602 1639/1639/1639
f 1639/1639/1639 1602/1602/1602 1642/1642/1642
f 1635/1635/1635 1650/1650/1650 1648/1648/1648
f 1608/1608/1608 1636/1636/1636 1642/1642/1642
f 1476/1476/1476 1490/1490/1490 1360/1360/1360
f 1643/1643/1643 1516/1516/1516 1596/1596/1596
f 1601/1601/1601 1642/1642/1642 1602/1602/1602
f 1642/1642/1642 1601/1601/1601 1608/1608/1608
f 1095/1095/1095 1632/1632/1632 1430/1430/1430
f 1096/1096/1096 1095/1095/1095 1430/1430/1430
f 1517/1517/1517 1643/1643/1643 1520/1520/1520
f 1632/1632/1632 1631/1631/1631 1430/1430/1430
f 1641/1641/1641 1430/1430/1430 1631/1631/1631
f 1596/1596/1596 1622/1622/1622 1643/1643/1643
f 1622/1622/1622 1371/1371/1371 1643/1643/1643
f 1637/1637/1637 1522/1522/1522 1635/1635/1635
f 1247/1247/1247 1608/1608/1608 1621/1621/1621
f 1643/1643/1643 1371/1371/1371 1370/1370/1370
f 1193/1193/1193 1247/1247/1247 1621/1621/1621
f 1623/1623/1623 1371/1371/1371 1622/1622/1622
f 1623/1623/1623 1649/1649/1649 1371/1371/1371
f 1651/1651/1651 1652/1652/1652 1385/1385/1385
f 1520/1520/1520 1643/1643/1643 1370/1370/1370
f 1607/1607/1607 1621/1621/1621 1608/1608/1608
f 1641/1641/1641 1653/1653/1653 1430/1430/1430
f 1649/1649/1649 1372/1372/1372 1371/1371/1371
f 1651/1651/1651 1385/1385/1385 1437/1437/1437
f 1654/1654/1654 1418/1418/1418 1576/1576/1576
f 1646/1646/1646 1385/1385/1385 1652/1652/1652
f 1646/1646/1646 1359/1359/1359 1385/1385/1385
f 1646/1646/1646 1360/1360/1360 1359/1359/1359
f 1649/1649/1649 1625/1625/1625 1655/1655/1655
f 1655/1655/1655 1625/1625/1625 1626/1626/1626
f 1618/1618/1618 1193/1193/1193 1621/1621/1621
f 1655/1655/1655 1626/1626/1626 1656/1656/1656
f 1657/1657/1657 1658/1658/1658 1659/1659/1659
f 1660/1660/1660 1649/1649/1649 1655/1655/1655
f 1387/1387/1387 1661/1661/1661 1446/1446/1446
f 1372/1372/1372 1649/1649/1649 1660/1660/1660
f 1662/1662/1662 1446/1446/1446 1657/1657/1657
f 1657/1657/1657 1446/1446/1446 1661/1661/1661
f 1662/1662/1662 1657/1657/1657 1659/1659/1659
f 1663/1663/1663 1662/1662/1662 1659/1659/1659
f 1663/1663/1663 1452/1452/1452 1662/1662/1662
f 1446/1446/1446 1662/1662/1662 1452/1452/1452
f 1122/1122/1122 1463/1463/1463 1664/1664/1664
f 1665/1665/1665 1122/1122/1122 1664/1664/1664
f 1666/1666/1666 1108/1108/1108 1101/1101/1101
f 1666/1666/1666 1667/1667/1667 1108/1108/1108
f 1668/1668/1668 1664/1664/1664 1463/1463/1463
f 1669/1669/1669 1664/1664/1664 1668/1668/1668
f 1670/1670/1670 1669/1669/1669 1668/1668/1668
f 1108/1108/1108 1128/1128/1128 1105/1105/1105
f 1108/1108/1108 1667/1667/1667 1128/1128/1128
f 1670/1670/1670 1671/1671/1671 1669/1669/1669
f 1667/1667/1667 1376/1376/1376 1128/1128/1128
f 1670/1670/1670 1352/1352/1352 1671/1671/1671
f 1470/1470/1470 1668/1668/1668 1463/1463/1463
f 1480/1480/1480 1668/1668/1668 1470/1470/1470
f 1480/1480/1480 1353/1353/1353 1668/1668/1668
f 1480/1480/1480 1421/1421/1421 1672/1672/1672
f 1672/1672/1672 1421/1421/1421 1538/1538/1538
f 1672/1672/1672 1353/1353/1353 1480/1480/1480
f 1374/1374/1374 1353/1353/1353 1672/1672/1672
f 1672/1672/1672 1538/1538/1538 1374/1374/1374
f 1354/1354/1354 1353/1353/1353 1374/1374/1374
f 1668/1668/1668 1353/1353/1353 1670/1670/1670
f 1670/1670/1670 1353/1353/1353 1352/1352/1352
f 1282/1282/1282 254/254/254 550/550/550
f 551/551/551 1282/1282/1282 550/550/550
f 1673/1673/1673 1282/1282/1282 551/551/551
f 1674/1674/1674 551/551/551 552/552/552
f 1674/1674/1674 552/552/552 554/554/554
f 1673/1673/1673 551/551/551 1674/1674/1674
f 1362/1362/1362 1282/1282/1282 1673/1673/1673
f 1362/1362/1362 1284/1284/1284 1282/1282/1282
f 1284/1284/1284 1362/1362/1362 1217/1217/1217
f 1674/1674/1674 1356/1356/1356 1673/1673/1673
f 1673/1673/1673 1356/1356/1356 1355/1355/1355
f 1362/1362/1362 1673/1673/1673 1355/1355/1355
f 554/554/554 560/560/560 1675/1675/1675
f 1674/1674/1674 554/554/554 1675/1675/1675
f 1356/1356/1356 1674/1674/1674 1675/1675/1675
f 1675/1675/1675 560/560/560 370/370/370
f 1675/1675/1675 370/370/370 366/366/366
f 1675/1675/1675 366/366/366 1382/1382/1382
f 1381/1381/1381 1382/1382/1382 366/366/366
f 376/376/376 1403/1403/1403 372/372/372
f 1357/1357/1357 1356/1356/1356 1675/1675/1675
f 1368/1368/1368 1357/1357/1357 1675/1675/1675
f 1675/1675/1675 1382/1382/1382 1368/1368/1368
f 343/343/343 342/342/342 344/344/344
f 376/376/376 374/374/374 524/524/524
f 340/340/340 523/523/523 521/521/521
f 1606/1606/1606 344/344/344 346/346/346
f 347/347/347 1614/1614/1614 346/346/346
f 321/321/321 546/546/546 322/322/322
f 1546/1546/1546 546/546/546 321/321/321
f 356/356/356 1614/1614/1614 347/347/347
f 1606/1606/1606 346/346/346 1614/1614/1614
f 1676/1676/1676 1615/1615/1615 1614/1614/1614
f 1539/1539/1539 1546/1546/1546 321/321/321
f 1612/1612/1612 1606/1606/1606 1615/1615/1615
f 1612/1612/1612 1615/1615/1615 1616/1616/1616
f 1614/1614/1614 356/356/356 1676/1676/1676
f 1676/1676/1676 356/356/356 510/510/510
f 546/546/546 1546/1546/1546 549/549/549
f 510/510/510 512/512/512 1676/1676/1676
f 1545/1545/1545 549/549/549 1546/1546/1546
f 1677/1677/1677 1615/1615/1615 1676/1676/1676
f 1677/1677/1677 1617/1617/1617 1615/1615/1615
f 512/512/512 1677/1677/1677 1676/1676/1676
f 1626/1626/1626 1617/1617/1617 1677/1677/1677
f 1626/1626/1626 1677/1677/1677 512/512/512
f 1598/1598/1598 1573/1573/1573 1611/1611/1611
f 1626/1626/1626 512/512/512 1678/1678/1678
f 1678/1678/1678 1656/1656/1656 1626/1626/1626
f 1679/1679/1679 1680/1680/1680 1681/1681/1681
f 1682/1682/1682 1683/1683/1683 1684/1684/1684
f 1685/1685/1685 1686/1686/1686 1687/1687/1687
f 1681/1681/1681 1688/1688/1688 1689/1689/1689
f 1685/1685/1685 1690/1690/1690 1686/1686/1686
f 1688/1688/1688 1681/1681/1681 1680/1680/1680
f 1691/1691/1691 1692/1692/1692 1151/1151/1151
f 1692/1692/1692 1693/1693/1693 1151/1151/1151
f 1694/1694/1694 1693/1693/1693 1692/1692/1692
f 1695/1695/1695 1696/1696/1696 1697/1697/1697
f 1698/1698/1698 1699/1699/1699 1690/1690/1690
f 1700/1700/1700 1701/1701/1701 1702/1702/1702
f 1703/1703/1703 1700/1700/1700 1702/1702/1702
f 1702/1702/1702 1704/1704/1704 1705/1705/1705
f 1706/1706/1706 1707/1707/1707 1704/1704/1704
f 1705/1705/1705 1704/1704/1704 1707/1707/1707
f 1708/1708/1708 1709/1709/1709 1710/1710/1710
f 1683/1683/1683 1682/1682/1682 1711/1711/1711
f 1683/1683/1683 1711/1711/1711 1712/1712/1712
f 1713/1713/1713 1708/1708/1708 1710/1710/1710
f 1714/1714/1714 1710/1710/1710 1715/1715/1715
f 1714/1714/1714 1713/1713/1713 1710/1710/1710
f 1705/1705/1705 1707/1707/1707 1716/1716/1716
f 1717/1717/1717 1227/1227/1227 1226/1226/1226
f 1718/1718/1718 1716/1716/1716 1707/1707/1707
f 1707/1707/1707 1719/1719/1719 1718/1718/1718
f 1720/1720/1720 1721/1721/1721 1691/1691/1691
f 1722/1722/1722 1682/1682/1682 1699/1699/1699
f 1699/1699/1699 1723/1723/1723 1722/1722/1722
f 1721/1721/1721 1692/1692/1692 1691/1691/1691
f 1702/1702/1702 1705/1705/1705 1716/1716/1716
f 1722/1722/1722 1711/1711/1711 1682/1682/1682
f 1702/1702/1702 1716/1716/1716 1703/1703/1703
f 1724/1724/1724 1703/1703/1703 1716/1716/1716
f 1698/1698/1698 1723/1723/1723 1699/1699/1699
f 1724/1724/1724 1716/1716/1716 1718/1718/1718
f 1714/1714/1714 1715/1715/1715 1090/1090/1090
f 1724/1724/1724 1725/1725/1725 1703/1703/1703
f 1233/1233/1233 1090/1090/1090 1715/1715/1715
f 1703/1703/1703 1725/1725/1725 1700/1700/1700
f 1726/1726/1726 1727/1727/1727 1728/1728/1728
f 1729/1729/1729 1730/1730/1730 1731/1731/1731
f 1732/1732/1732 1720/1720/1720 1691/1691/1691
f 1720/1720/1720 1732/1732/1732 1733/1733/1733
f 1732/1732/1732 1691/1691/1691 1198/1198/1198
f 1732/1732/1732 1734/1734/1734 1733/1733/1733
f 1731/1731/1731 1730/1730/1730 1735/1735/1735
f 1198/1198/1198 1691/1691/1691 1151/1151/1151
f 1736/1736/1736 1718/1718/1718 1737/1737/1737
f 1727/1727/1727 1726/1726/1726 1712/1712/1712
f 1738/1738/1738 1736/1736/1736 1737/1737/1737
f 1718/1718/1718 1736/1736/1736 1739/1739/1739
f 1204/1204/1204 1732/1732/1732 1198/1198/1198
f 1713/1713/1713 1714/1714/1714 1740/1740/1740
f 1741/1741/1741 1742/1742/1742 1688/1688/1688
f 1738/1738/1738 1742/1742/1742 1741/1741/1741
f 1743/1743/1743 1712/1712/1712 1711/1711/1711
f 1744/1744/1744 1738/1738/1738 1741/1741/1741
f 1741/1741/1741 1745/1745/1745 1744/1744/1744
f 1724/1724/1724 1718/1718/1718 1739/1739/1739
f 1743/1743/1743 1727/1727/1727 1712/1712/1712
f 1739/1739/1739 1744/1744/1744 1746/1746/1746
f 1724/1724/1724 1739/1739/1739 1746/1746/1746
f 1746/1746/1746 1725/1725/1725 1724/1724/1724
f 1747/1747/1747 1733/1733/1733 1734/1734/1734
f 1711/1711/1711 1722/1722/1722 1743/1743/1743
f 1748/1748/1748 1749/1749/1749 1708/1708/1708
f 1750/1750/1750 1749/1749/1749 1748/1748/1748
f 1738/1738/1738 1744/1744/1744 1736/1736/1736
f 1744/1744/1744 1739/1739/1739 1736/1736/1736
f 1751/1751/1751 1752/1752/1752 1753/1753/1753
f 1746/1746/1746 1744/1744/1744 1754/1754/1754
f 1740/1740/1740 1755/1755/1755 1713/1713/1713
f 1754/1754/1754 1744/1744/1744 1745/1745/1745
f 1752/1752/1752 1751/1751/1751 1756/1756/1756
f 1753/1753/1753 1757/1757/1757 1758/1758/1758
f 1759/1759/1759 1746/1746/1746 1754/1754/1754
f 1754/1754/1754 1760/1760/1760 1759/1759/1759
f 1761/1761/1761 1762/1762/1762 1763/1763/1763
f 1713/1713/1713 1748/1748/1748 1708/1708/1708
f 1751/1751/1751 1753/1753/1753 1758/1758/1758
f 1745/1745/1745 1764/1764/1764 1754/1754/1754
f 1748/1748/1748 1713/1713/1713 1755/1755/1755
f 1758/1758/1758 1765/1765/1765 1766/1766/1766
f 1743/1743/1743 1767/1767/1767 1727/1727/1727
f 1768/1768/1768 1769/1769/1769 1770/1770/1770
f 1758/1758/1758 1766/1766/1766 1771/1771/1771
f 1749/1749/1749 1750/1750/1750 1752/1752/1752
f 1772/1772/1772 1773/1773/1773 1766/1766/1766
f 1774/1774/1774 1775/1775/1775 1776/1776/1776
f 1753/1753/1753 1752/1752/1752 1757/1757/1757
f 1757/1757/1757 1752/1752/1752 1750/1750/1750
f 1774/1774/1774 1776/1776/1776 1777/1777/1777
f 1766/1766/1766 1773/1773/1773 1778/1778/1778
f 1775/1775/1775 1731/1731/1731 1776/1776/1776
f 1779/1779/1779 1771/1771/1771 1766/1766/1766
f 1766/1766/1766 1778/1778/1778 1779/1779/1779
f 1780/1780/1780 1751/1751/1751 1781/1781/1781
f 1782/1782/1782 1768/1768/1768 1783/1783/1783
f 1768/1768/1768 1784/1784/1784 1783/1783/1783
f 1751/1751/1751 1780/1780/1780 1756/1756/1756
f 1784/1784/1784 1768/1768/1768 1785/1785/1785
f 1786/1786/1786 1751/1751/1751 1758/1758/1758
f 1714/1714/1714 1090/1090/1090 1694/1694/1694
f 1787/1787/1787 1786/1786/1786 1771/1771/1771
f 1786/1786/1786 1758/1758/1758 1771/1771/1771
f 1788/1788/1788 1783/1783/1783 1784/1784/1784
f 1694/1694/1694 1740/1740/1740 1714/1714/1714
f 1771/1771/1771 1789/1789/1789 1787/1787/1787
f 1786/1786/1786 1790/1790/1790 1751/1751/1751
f 1741/1741/1741 1688/1688/1688 1791/1791/1791
f 1741/1741/1741 1791/1791/1791 1792/1792/1792
f 1789/1789/1789 1771/1771/1771 1779/1779/1779
f 1793/1793/1793 1794/1794/1794 1795/1795/1795
f 1793/1793/1793 1795/1795/1795 1796/1796/1796
f 1728/1728/1728 1727/1727/1727 1797/1797/1797
f 1797/1797/1797 1798/1798/1798 1728/1728/1728
f 1779/1779/1779 1799/1799/1799 1789/1789/1789
f 1792/1792/1792 1745/1745/1745 1741/1741/1741
f 1799/1799/1799 1779/1779/1779 1778/1778/1778
f 1793/1793/1793 1796/1796/1796 1800/1800/1800
f 1694/1694/1694 1692/1692/1692 1740/1740/1740
f 1773/1773/1773 1801/1801/1801 1778/1778/1778
f 1802/1802/1802 1778/1778/1778 1801/1801/1801
f 1767/1767/1767 1797/1797/1797 1727/1727/1727
f 1803/1803/1803 1797/1797/1797 1767/1767/1767
f 1768/1768/1768 1800/1800/1800 1769/1769/1769
f 1800/1800/1800 1796/1796/1796 1769/1769/1769
f 1793/1793/1793 1761/1761/1761 1804/1804/1804
f 1798/1798/1798 1797/1797/1797 1805/1805/1805
f 1757/1757/1757 1750/1750/1750 1748/1748/1748
f 1806/1806/1806 1807/1807/1807 1802/1802/1802
f 1808/1808/1808 1805/1805/1805 1797/1797/1797
f 1782/1782/1782 1793/1793/1793 1800/1800/1800
f 1761/1761/1761 1793/1793/1793 1782/1782/1782
f 1765/1765/1765 1748/1748/1748 1755/1755/1755
f 1761/1761/1761 1809/1809/1809 1762/1762/1762
f 1757/1757/1757 1748/1748/1748 1765/1765/1765
f 1810/1810/1810 1805/1805/1805 1808/1808/1808
f 1809/1809/1809 1761/1761/1761 1782/1782/1782
f 1811/1811/1811 1812/1812/1812 1813/1813/1813
f 1802/1802/1802 1814/1814/1814 1799/1799/1799
f 1814/1814/1814 1802/1802/1802 1807/1807/1807
f 1782/1782/1782 1800/1800/1800 1768/1768/1768
f 1757/1757/1757 1765/1765/1765 1758/1758/1758
f 1807/1807/1807 1679/1679/1679 1814/1814/1814
f 1778/1778/1778 1802/1802/1802 1799/1799/1799
f 1765/1765/1765 1772/1772/1772 1766/1766/1766
f 1815/1815/1815 1816/1816/1816 1817/1817/1817
f 1811/1811/1811 1818/1818/1818 1812/1812/1812
f 1781/1781/1781 1751/1751/1751 1819/1819/1819
f 1812/1812/1812 1818/1818/1818 1695/1695/1695
f 1820/1820/1820 1821/1821/1821 1725/1725/1725
f 1725/1725/1725 1746/1746/1746 1820/1820/1820
f 1820/1820/1820 1746/1746/1746 1759/1759/1759
f 1695/1695/1695 1818/1818/1818 1696/1696/1696
f 1759/1759/1759 1822/1822/1822 1820/1820/1820
f 1790/1790/1790 1819/1819/1819 1751/1751/1751
f 1822/1822/1822 1759/1759/1759 1760/1760/1760
f 1822/1822/1822 1760/1760/1760 1823/1823/1823
f 1824/1824/1824 1765/1765/1765 1755/1755/1755
f 1825/1825/1825 1806/1806/1806 1802/1802/1802
f 1826/1826/1826 1806/1806/1806 1825/1825/1825
f 1811/1811/1811 1813/1813/1813 1827/1827/1827
f 1787/1787/1787 1828/1828/1828 1786/1786/1786
f 1740/1740/1740 1824/1824/1824 1755/1755/1755
f 1824/1824/1824 1740/1740/1740 1692/1692/1692
f 1816/1816/1816 1829/1829/1829 1830/1830/1830
f 1819/1819/1819 1790/1790/1790 1719/1719/1719
f 1828/1828/1828 1719/1719/1719 1790/1790/1790
f 1762/1762/1762 1809/1809/1809 1815/1815/1815
f 1816/1816/1816 1809/1809/1809 1829/1829/1829
f 1831/1831/1831 1772/1772/1772 1824/1824/1824
f 1787/1787/1787 1789/1789/1789 1832/1832/1832
f 1809/1809/1809 1782/1782/1782 1783/1783/1783
f 1783/1783/1783 1829/1829/1829 1809/1809/1809
f 1833/1833/1833 1781/1781/1781 1704/1704/1704
f 1704/1704/1704 1781/1781/1781 1706/1706/1706
f 1789/1789/1789 1799/1799/1799 1689/1689/1689
f 1816/1816/1816 1815/1815/1815 1809/1809/1809
f 1824/1824/1824 1692/1692/1692 1721/1721/1721
f 1819/1819/1819 1706/1706/1706 1781/1781/1781
f 1834/1834/1834 1835/1835/1835 1836/1836/1836
f 1689/1689/1689 1832/1832/1832 1789/1789/1789
f 1837/1837/1837 1731/1731/1731 1838/1838/1838
f 1829/1829/1829 1788/1788/1788 1835/1835/1835
f 1742/1742/1742 1832/1832/1832 1689/1689/1689
f 1731/1731/1731 1837/1837/1837 1776/1776/1776
f 1681/1681/1681 1689/1689/1689 1799/1799/1799
f 1830/1830/1830 1829/1829/1829 1835/1835/1835
f 1814/1814/1814 1681/1681/1681 1799/1799/1799
f 1814/1814/1814 1679/1679/1679 1681/1681/1681
f 1831/1831/1831 1824/1824/1824 1721/1721/1721
f 1783/1783/1783 1788/1788/1788 1829/1829/1829
f 1706/1706/1706 1819/1819/1819 1719/1719/1719
f 1707/1707/1707 1706/1706/1706 1719/1719/1719
f 1816/1816/1816 1839/1839/1839 1817/1817/1817
f 1839/1839/1839 1816/1816/1816 1830/1830/1830
f 1765/1765/1765 1824/1824/1824 1772/1772/1772
f 1790/1790/1790 1786/1786/1786 1828/1828/1828
f 1773/1773/1773 1772/1772/1772 1831/1831/1831
f 1828/1828/1828 1840/1840/1840 1719/1719/1719
f 1840/1840/1840 1828/1828/1828 1787/1787/1787
f 1840/1840/1840 1787/1787/1787 1832/1832/1832
f 1831/1831/1831 1841/1841/1841 1773/1773/1773
f 1721/1721/1721 1720/1720/1720 1831/1831/1831
f 1720/1720/1720 1841/1841/1841 1831/1831/1831
f 1737/1737/1737 1840/1840/1840 1832/1832/1832
f 1840/1840/1840 1718/1718/1718 1719/1719/1719
f 1841/1841/1841 1720/1720/1720 1733/1733/1733
f 1718/1718/1718 1840/1840/1840 1737/1737/1737
f 1825/1825/1825 1841/1841/1841 1733/1733/1733
f 1825/1825/1825 1733/1733/1733 1747/1747/1747
f 1738/1738/1738 1737/1737/1737 1832/1832/1832
f 1738/1738/1738 1832/1832/1832 1742/1742/1742
f 1841/1841/1841 1801/1801/1801 1773/1773/1773
f 1689/1689/1689 1688/1688/1688 1742/1742/1742
f 1802/1802/1802 1801/1801/1801 1825/1825/1825
f 1791/1791/1791 1688/1688/1688 1680/1680/1680
f 1841/1841/1841 1825/1825/1825 1801/1801/1801
f 1696/1696/1696 1818/1818/1818 1842/1842/1842
f 1843/1843/1843 1697/1697/1697 1795/1795/1795
f 1795/1795/1795 1697/1697/1697 1696/1696/1696
f 1806/1806/1806 1826/1826/1826 1844/1844/1844
f 1747/1747/1747 1826/1826/1826 1825/1825/1825
f 1091/1091/1091 1144/1144/1144 1693/1693/1693
f 1091/1091/1091 1694/1694/1694 1090/1090/1090
f 1845/1845/1845 1769/1769/1769 1842/1842/1842
f 1796/1796/1796 1842/1842/1842 1769/1769/1769
f 1091/1091/1091 1693/1693/1693 1694/1694/1694
f 1144/1144/1144 1151/1151/1151 1693/1693/1693
f 1795/1795/1795 1842/1842/1842 1796/1796/1796
f 1795/1795/1795 1696/1696/1696 1842/1842/1842
f 1687/1687/1687 1227/1227/1227 1685/1685/1685
f 1717/1717/1717 1685/1685/1685 1227/1227/1227
f 1846/1846/1846 1847/1847/1847 1848/1848/1848
f 1849/1849/1849 1846/1846/1846 1848/1848/1848
f 1704/1704/1704 1702/1702/1702 1850/1850/1850
f 1350/1350/1350 1851/1851/1851 1348/1348/1348
f 1701/1701/1701 1850/1850/1850 1702/1702/1702
f 1852/1852/1852 851/851/851 848/848/848
f 1853/1853/1853 1851/1851/1851 1350/1350/1350
f 1854/1854/1854 1853/1853/1853 1350/1350/1350
f 1350/1350/1350 1349/1349/1349 1854/1854/1854
f 1855/1855/1855 1856/1856/1856 1701/1701/1701
f 1854/1854/1854 1349/1349/1349 1283/1283/1283
f 1857/1857/1857 1858/1858/1858 1859/1859/1859
f 1855/1855/1855 1701/1701/1701 1860/1860/1860
f 1858/1858/1858 1857/1857/1857 1861/1861/1861
f 1700/1700/1700 1860/1860/1860 1701/1701/1701
f 1853/1853/1853 1854/1854/1854 1862/1862/1862
f 1821/1821/1821 1860/1860/1860 1700/1700/1700
f 1700/1700/1700 1725/1725/1725 1821/1821/1821
f 1863/1863/1863 1862/1862/1862 1854/1854/1854
f 1821/1821/1821 1864/1864/1864 1860/1860/1860
f 1863/1863/1863 1854/1854/1854 1283/1283/1283
f 890/890/890 1865/1865/1865 1866/1866/1866
f 1867/1867/1867 1868/1868/1868 1869/1869/1869
f 1867/1867/1867 1870/1870/1870 1868/1868/1868
f 1870/1870/1870 1867/1867/1867 1871/1871/1871
f 1866/1866/1866 1868/1868/1868 1870/1870/1870
f 1868/1868/1868 1865/1865/1865 1872/1872/1872
f 1868/1868/1868 1866/1866/1866 1865/1865/1865
f 888/888/888 890/890/890 1870/1870/1870
f 1866/1866/1866 1870/1870/1870 890/890/890
f 1871/1871/1871 888/888/888 1870/1870/1870
f 1871/1871/1871 889/889/889 888/888/888
f 1873/1873/1873 892/892/892 1871/1871/1871
f 1873/1873/1873 1867/1867/1867 1874/1874/1874
f 1873/1873/1873 1871/1871/1871 1867/1867/1867
f 1873/1873/1873 1874/1874/1874 1875/1875/1875
f 1853/1853/1853 801/801/801 1876/1876/1876
f 1877/1877/1877 892/892/892 1873/1873/1873
f 1878/1878/1878 1877/1877/1877 1873/1873/1873
f 892/892/892 889/889/889 1871/1871/1871
f 1862/1862/1862 801/801/801 1853/1853/1853
f 1687/1687/1687 1289/1289/1289 1291/1291/1291
f 1879/1879/1879 1878/1878/1878 1880/1880/1880
f 1877/1877/1877 1878/1878/1878 1879/1879/1879
f 1877/1877/1877 1879/1879/1879 1881/1881/1881
f 1881/1881/1881 1879/1879/1879 1882/1882/1882
f 1883/1883/1883 1879/1879/1879 1884/1884/1884
f 1882/1882/1882 1879/1879/1879 1883/1883/1883
f 1885/1885/1885 801/801/801 1862/1862/1862
f 1687/1687/1687 1291/1291/1291 1227/1227/1227
f 1886/1886/1886 1887/1887/1887 1888/1888/1888
f 1889/1889/1889 1890/1890/1890 1891/1891/1891
f 1882/1882/1882 1883/1883/1883 1892/1892/1892
f 1886/1886/1886 1893/1893/1893 1887/1887/1887
f 1894/1894/1894 1862/1862/1862 1863/1863/1863
f 1895/1895/1895 1882/1882/1882 1892/1892/1892
f 1839/1839/1839 1893/1893/1893 1886/1886/1886
f 1896/1896/1896 1897/1897/1897 901/901/901
f 1898/1898/1898 1889/1889/1889 1891/1891/1891
f 1891/1891/1891 1899/1899/1899 1898/1898/1898
f 1900/1900/1900 780/780/780 1901/1901/1901
f 1902/1902/1902 1900/1900/1900 1901/1901/1901
f 1903/1903/1903 1894/1894/1894 1863/1863/1863
f 1904/1904/1904 902/902/902 1897/1897/1897
f 1900/1900/1900 777/777/777 780/780/780
f 1904/1904/1904 1049/1049/1049 902/902/902
f 902/902/902 897/897/897 1897/1897/1897
f 1897/1897/1897 897/897/897 901/901/901
f 1885/1885/1885 1862/1862/1862 1894/1894/1894
f 1905/1905/1905 1904/1904/1904 1897/1897/1897
f 1904/1904/1904 1906/1906/1906 1049/1049/1049
f 1907/1907/1907 1885/1885/1885 1894/1894/1894
f 1908/1908/1908 777/777/777 1900/1900/1900
f 1909/1909/1909 1906/1906/1906 1904/1904/1904
f 1910/1910/1910 1911/1911/1911 1908/1908/1908
f 1900/1900/1900 1910/1910/1910 1908/1908/1908
f 1909/1909/1909 1904/1904/1904 1905/1905/1905
f 1885/1885/1885 1907/1907/1907 1912/1912/1912
f 1901/1901/1901 1913/1913/1913 1902/1902/1902
f 1914/1914/1914 1902/1902/1902 1913/1913/1913
f 1894/1894/1894 1915/1915/1915 1916/1916/1916
f 1916/1916/1916 1907/1907/1907 1894/1894/1894
f 1917/1917/1917 1907/1907/1907 1916/1916/1916
f 1798/1798/1798 1918/1918/1918 1914/1914/1914
f 1735/1735/1735 1909/1909/1909 1919/1919/1919
f 1918/1918/1918 1920/1920/1920 1914/1914/1914
f 1735/1735/1735 1730/1730/1730 1909/1909/1909
f 1902/1902/1902 1910/1910/1910 1900/1900/1900
f 1920/1920/1920 1902/1902/1902 1914/1914/1914
f 1920/1920/1920 1910/1910/1910 1902/1902/1902
f 1921/1921/1921 1910/1910/1910 1920/1920/1920
f 1922/1922/1922 1923/1923/1923 1893/1893/1893
f 1290/1290/1290 1285/1285/1285 1279/1279/1279
f 1922/1922/1922 1893/1893/1893 1830/1830/1830
f 1893/1893/1893 1839/1839/1839 1830/1830/1830
f 1924/1924/1924 1921/1921/1921 1920/1920/1920
f 777/777/777 1908/1908/1908 796/796/796
f 797/797/797 796/796/796 1908/1908/1908
f 1911/1911/1911 797/797/797 1908/1908/1908
f 1925/1925/1925 795/795/795 797/797/797
f 1285/1285/1285 1863/1863/1863 1283/1283/1283
f 1830/1830/1830 1835/1835/1835 1922/1922/1922
f 1919/1919/1919 1909/1909/1909 1905/1905/1905
f 1285/1285/1285 1903/1903/1903 1863/1863/1863
f 1921/1921/1921 1911/1911/1911 1910/1910/1910
f 1926/1926/1926 822/822/822 1927/1927/1927
f 1285/1285/1285 1290/1290/1290 1903/1903/1903
f 1928/1928/1928 820/820/820 818/818/818
f 1929/1929/1929 820/820/820 1928/1928/1928
f 1926/1926/1926 818/818/818 822/822/822
f 1930/1930/1930 1928/1928/1928 818/818/818
f 836/836/836 821/821/821 820/820/820
f 820/820/820 1929/1929/1929 836/836/836
f 1931/1931/1931 837/837/837 836/836/836
f 1915/1915/1915 1903/1903/1903 1290/1290/1290
f 1290/1290/1290 1932/1932/1932 1915/1915/1915
f 1933/1933/1933 1931/1931/1931 836/836/836
f 1929/1929/1929 1933/1933/1933 836/836/836
f 837/837/837 1931/1931/1931 838/838/838
f 1934/1934/1934 838/838/838 1931/1931/1931
f 841/841/841 838/838/838 1934/1934/1934
f 1935/1935/1935 841/841/841 1934/1934/1934
f 1934/1934/1934 1931/1931/1931 1936/1936/1936
f 1936/1936/1936 1935/1935/1935 1934/1934/1934
f 1931/1931/1931 1869/1869/1869 1936/1936/1936
f 1933/1933/1933 1869/1869/1869 1931/1931/1931
f 1936/1936/1936 1869/1869/1869 1868/1868/1868
f 1937/1937/1937 1935/1935/1935 1936/1936/1936
f 1872/1872/1872 1936/1936/1936 1868/1868/1868
f 1937/1937/1937 1936/1936/1936 1872/1872/1872
f 1933/1933/1933 1929/1929/1929 1928/1928/1928
f 1930/1930/1930 1875/1875/1875 1928/1928/1928
f 1933/1933/1933 1928/1928/1928 1875/1875/1875
f 1867/1867/1867 1869/1869/1869 1933/1933/1933
f 1874/1874/1874 1867/1867/1867 1933/1933/1933
f 1875/1875/1875 1874/1874/1874 1933/1933/1933
f 1878/1878/1878 1873/1873/1873 1875/1875/1875
f 1938/1938/1938 797/797/797 1911/1911/1911
f 1911/1911/1911 1921/1921/1921 1938/1938/1938
f 1924/1924/1924 1938/1938/1938 1921/1921/1921
f 1924/1924/1924 1939/1939/1939 1938/1938/1938
f 1859/1859/1859 1930/1930/1930 1926/1926/1926
f 1289/1289/1289 1932/1932/1932 1290/1290/1290
f 1687/1687/1687 1932/1932/1932 1289/1289/1289
f 1930/1930/1930 818/818/818 1926/1926/1926
f 1940/1940/1940 1821/1821/1821 1941/1941/1941
f 1820/1820/1820 1941/1941/1941 1821/1821/1821
f 1875/1875/1875 1930/1930/1930 1880/1880/1880
f 1820/1820/1820 1822/1822/1822 1941/1941/1941
f 1880/1880/1880 1878/1878/1878 1875/1875/1875
f 1880/1880/1880 1884/1884/1884 1879/1879/1879
f 1686/1686/1686 1932/1932/1932 1687/1687/1687
f 1930/1930/1930 1859/1859/1859 1858/1858/1858
f 1815/1815/1815 1942/1942/1942 1943/1943/1943
f 1817/1817/1817 1942/1942/1942 1815/1815/1815
f 1858/1858/1858 1884/1884/1884 1930/1930/1930
f 1884/1884/1884 1880/1880/1880 1930/1930/1930
f 1883/1883/1883 1884/1884/1884 1861/1861/1861
f 1861/1861/1861 1884/1884/1884 1858/1858/1858
f 1864/1864/1864 1821/1821/1821 1940/1940/1940
f 1918/1918/1918 1798/1798/1798 1805/1805/1805
f 1848/1848/1848 1918/1918/1918 1805/1805/1805
f 1848/1848/1848 1847/1847/1847 1918/1918/1918
f 1918/1918/1918 1847/1847/1847 1920/1920/1920
f 1944/1944/1944 1942/1942/1942 1945/1945/1945
f 1817/1817/1817 1945/1945/1945 1942/1942/1942
f 1915/1915/1915 1894/1894/1894 1903/1903/1903
f 1810/1810/1810 1848/1848/1848 1805/1805/1805
f 1817/1817/1817 1839/1839/1839 1945/1945/1945
f 1849/1849/1849 1848/1848/1848 1810/1810/1810
f 1920/1920/1920 1847/1847/1847 1924/1924/1924
f 1946/1946/1946 1924/1924/1924 1847/1847/1847
f 1847/1847/1847 1947/1947/1947 1946/1946/1946
f 1684/1684/1684 1915/1915/1915 1932/1932/1932
f 1935/1935/1935 912/912/912 841/841/841
f 1948/1948/1948 912/912/912 1935/1935/1935
f 1915/1915/1915 1684/1684/1684 1916/1916/1916
f 914/914/914 910/910/910 912/912/912
f 1948/1948/1948 914/914/914 912/912/912
f 1949/1949/1949 1937/1937/1937 1872/1872/1872
f 1935/1935/1935 1937/1937/1937 1948/1948/1948
f 1948/1948/1948 1950/1950/1950 914/914/914
f 1950/1950/1950 1948/1948/1948 1937/1937/1937
f 1950/1950/1950 1937/1937/1937 1949/1949/1949
f 913/913/913 914/914/914 1951/1951/1951
f 1950/1950/1950 1951/1951/1951 914/914/914
f 1683/1683/1683 1916/1916/1916 1684/1684/1684
f 1865/1865/1865 925/925/925 1952/1952/1952
f 925/925/925 924/924/924 1952/1952/1952
f 1865/1865/1865 1949/1949/1949 1872/1872/1872
f 1949/1949/1949 1865/1865/1865 1952/1952/1952
f 1949/1949/1949 1951/1951/1951 1950/1950/1950
f 1952/1952/1952 1951/1951/1951 1949/1949/1949
f 1865/1865/1865 890/890/890 925/925/925
f 1951/1951/1951 1952/1952/1952 924/924/924
f 913/913/913 1951/1951/1951 924/924/924
f 928/928/928 926/926/926 892/892/892
f 928/928/928 892/892/892 1881/1881/1881
f 1877/1877/1877 1881/1881/1881 892/892/892
f 1699/1699/1699 1932/1932/1932 1686/1686/1686
f 1889/1889/1889 1953/1953/1953 928/928/928
f 928/928/928 1881/1881/1881 1889/1889/1889
f 1889/1889/1889 1881/1881/1881 1890/1890/1890
f 1699/1699/1699 1684/1684/1684 1932/1932/1932
f 1953/1953/1953 927/927/927 928/928/928
f 1699/1699/1699 1682/1682/1682 1684/1684/1684
f 1953/1953/1953 933/933/933 927/927/927
f 1898/1898/1898 933/933/933 1953/1953/1953
f 1889/1889/1889 1898/1898/1898 1953/1953/1953
f 1686/1686/1686 1690/1690/1690 1699/1699/1699
f 802/802/802 801/801/801 1885/1885/1885
f 1912/1912/1912 802/802/802 1885/1885/1885
f 1954/1954/1954 833/833/833 802/802/802
f 1954/1954/1954 802/802/802 1912/1912/1912
f 1955/1955/1955 1912/1912/1912 1907/1907/1907
f 1955/1955/1955 1907/1907/1907 1917/1917/1917
f 1955/1955/1955 1954/1954/1954 1912/1912/1912
f 1726/1726/1726 1955/1955/1955 1917/1917/1917
f 1956/1956/1956 1955/1955/1955 1726/1726/1726
f 802/802/802 833/833/833 811/811/811
f 1955/1955/1955 1913/1913/1913 1954/1954/1954
f 830/830/830 833/833/833 780/780/780
f 1901/1901/1901 780/780/780 833/833/833
f 1954/1954/1954 1901/1901/1901 833/833/833
f 1954/1954/1954 1913/1913/1913 1901/1901/1901
f 1957/1957/1957 1913/1913/1913 1955/1955/1955
f 1955/1955/1955 1956/1956/1956 1957/1957/1957
f 1957/1957/1957 1956/1956/1956 1914/1914/1914
f 1914/1914/1914 1913/1913/1913 1957/1957/1957
f 1956/1956/1956 1798/1798/1798 1914/1914/1914
f 1916/1916/1916 1683/1683/1683 1726/1726/1726
f 1917/1917/1917 1916/1916/1916 1726/1726/1726
f 1728/1728/1728 1956/1956/1956 1726/1726/1726
f 1712/1712/1712 1726/1726/1726 1683/1683/1683
f 1798/1798/1798 1956/1956/1956 1728/1728/1728
f 1958/1958/1958 1959/1959/1959 1960/1960/1960
f 979/979/979 1961/1961/1961 1962/1962/1962
f 1963/1963/1963 1962/1962/1962 1964/1964/1964
f 1965/1965/1965 1966/1966/1966 1827/1827/1827
f 1967/1967/1967 1968/1968/1968 1969/1969/1969
f 1970/1970/1970 1971/1971/1971 1972/1972/1972
f 1972/1972/1972 1973/1973/1973 1970/1970/1970
f 1974/1974/1974 1975/1975/1975 1973/1973/1973
f 1976/1976/1976 1968/1968/1968 1977/1977/1977
f 1966/1966/1966 1978/1978/1978 1979/1979/1979
f 1980/1980/1980 1963/1963/1963 1964/1964/1964
f 1972/1972/1972 1974/1974/1974 1973/1973/1973
f 1976/1976/1976 1969/1969/1969 1968/1968/1968
f 1960/1960/1960 1981/1981/1981 1982/1982/1982
f 1983/1983/1983 1984/1984/1984 1985/1985/1985
f 1983/1983/1983 1985/1985/1985 1986/1986/1986
f 1987/1987/1987 1432/1432/1432 1435/1435/1435
f 1988/1988/1988 1989/1989/1989 1990/1990/1990
f 1991/1991/1991 1986/1986/1986 1985/1985/1985
f 1992/1992/1992 1993/1993/1993 1994/1994/1994
f 1995/1995/1995 1996/1996/1996 1997/1997/1997
f 1998/1998/1998 1999/1999/1999 1990/1990/1990
f 1982/1982/1982 2000/2000/2000 2001/2001/2001
f 1995/1995/1995 1990/1990/1990 1996/1996/1996
f 2002/2002/2002 1989/1989/1989 1988/1988/1988
f 2003/2003/2003 1435/1435/1435 1428/1428/1428
f 2003/2003/2003 1958/1958/1958 1435/1435/1435
f 2004/2004/2004 1818/1818/1818 2005/2005/2005
f 2001/2001/2001 2006/2006/2006 1982/1982/1982
f 1992/1992/1992 2007/2007/2007 2008/2008/2008
f 2004/2004/2004 2009/2009/2009 2010/2010/2010
f 2011/2011/2011 1982/1982/1982 1981/1981/1981
f 2004/2004/2004 2005/2005/2005 2009/2009/2009
f 2007/2007/2007 2012/2012/2012 2013/2013/2013
f 1981/1981/1981 2014/2014/2014 2011/2011/2011
f 2015/2015/2015 1435/1435/1435 1958/1958/1958
f 2015/2015/2015 1958/1958/1958 1960/1960/1960
f 2015/2015/2015 1987/1987/1987 1435/1435/1435
f 2010/2010/2010 2009/2009/2009 2016/2016/2016
f 2017/2017/2017 1982/1982/1982 2006/2006/2006
f 2018/2018/2018 2019/2019/2019 2020/2020/2020
f 2021/2021/2021 1973/1973/1973 1423/1423/1423
f 1423/1423/1423 1452/1452/1452 2021/2021/2021
f 1978/1978/1978 2022/2022/2022 1979/1979/1979
f 2023/2023/2023 2006/2006/2006 2024/2024/2024
f 1970/1970/1970 2025/2025/2025 1971/1971/1971
f 2021/2021/2021 2026/2026/2026 1973/1973/1973
f 2016/2016/2016 2009/2009/2009 1995/1995/1995
f 2023/2023/2023 2027/2027/2027 2006/2006/2006
f 1973/1973/1973 2026/2026/2026 1970/1970/1970
f 1995/1995/1995 1997/1997/1997 2016/2016/2016
f 1425/1425/1425 1423/1423/1423 1973/1973/1973
f 1972/1972/1972 1969/1969/1969 1974/1974/1974
f 1960/1960/1960 1982/1982/1982 2017/2017/2017
f 1974/1974/1974 1969/1969/1969 2028/2028/2028
f 2006/2006/2006 2027/2027/2027 2017/2017/2017
f 2029/2029/2029 2030/2030/2030 2031/2031/2031
f 1979/1979/1979 2002/2002/2002 1988/1988/1988
f 1659/1659/1659 1658/1658/1658 2008/2008/2008
f 2032/2032/2032 1659/1659/1659 2008/2008/2008
f 2033/2033/2033 1974/1974/1974 2028/2028/2028
f 2034/2034/2034 2035/2035/2035 2036/2036/2036
f 2037/2037/2037 2038/2038/2038 2039/2039/2039
f 2040/2040/2040 2037/2037/2037 2039/2039/2039
f 1747/1747/1747 1734/1734/1734 2036/2036/2036
f 2036/2036/2036 2041/2041/2041 1747/1747/1747
f 2031/2031/2031 2037/2037/2037 2040/2040/2040
f 1634/1634/1634 1432/1432/1432 1987/1987/1987
f 1734/1734/1734 1732/1732/1732 2036/2036/2036
f 1663/1663/1663 1659/1659/1659 2032/2032/2032
f 1432/1432/1432 1634/1634/1634 1536/1536/1536
f 2032/2032/2032 2007/2007/2007 2019/2019/2019
f 2008/2008/2008 2007/2007/2007 2032/2032/2032
f 2030/2030/2030 1967/1967/1967 2037/2037/2037
f 2035/2035/2035 2042/2042/2042 2036/2036/2036
f 2018/2018/2018 2032/2032/2032 2019/2019/2019
f 2037/2037/2037 1967/1967/1967 2038/2038/2038
f 2041/2041/2041 2036/2036/2036 2042/2042/2042
f 2043/2043/2043 2009/2009/2009 2005/2005/2005
f 2044/2044/2044 2045/2045/2045 2046/2046/2046
f 2030/2030/2030 2037/2037/2037 2031/2031/2031
f 2018/2018/2018 2020/2020/2020 2047/2047/2047
f 2048/2048/2048 2022/2022/2022 2044/2044/2044
f 1811/1811/1811 1827/1827/1827 2049/2049/2049
f 2049/2049/2049 1988/1988/1988 2043/2043/2043
f 2031/2031/2031 2050/2050/2050 1984/1984/1984
f 2031/2031/2031 2040/2040/2040 2050/2050/2050
f 1811/1811/1811 2049/2049/2049 2005/2005/2005
f 2051/2051/2051 2032/2032/2032 2018/2018/2018
f 2052/2052/2052 2048/2048/2048 2046/2046/2046
f 2043/2043/2043 2005/2005/2005 2049/2049/2049
f 2044/2044/2044 2046/2046/2046 2048/2048/2048
f 1732/1732/1732 1204/1204/1204 1210/1210/1210
f 1210/1210/1210 2034/2034/2034 1732/1732/1732
f 1988/1988/1988 1990/1990/1990 1995/1995/1995
f 2035/2035/2035 2034/2034/2034 1627/1627/1627
f 2034/2034/2034 1210/1210/1210 1627/1627/1627
f 1985/1985/1985 1984/1984/1984 2053/2053/2053
f 2054/2054/2054 2018/2018/2018 2047/2047/2047
f 2009/2009/2009 2043/2043/2043 1995/1995/1995
f 2031/2031/2031 1984/1984/1984 2029/2029/2029
f 1732/1732/1732 2034/2034/2034 2036/2036/2036
f 2043/2043/2043 1988/1988/1988 1995/1995/1995
f 2029/2029/2029 1983/1983/1983 1986/1986/1986
f 2051/2051/2051 1663/1663/1663 2032/2032/2032
f 1983/1983/1983 2029/2029/2029 1984/1984/1984
f 2035/2035/2035 1627/1627/1627 1629/1629/1629
f 1663/1663/1663 2051/2051/2051 1452/1452/1452
f 1811/1811/1811 2005/2005/2005 1818/1818/1818
f 2055/2055/2055 2035/2035/2035 2056/2056/2056
f 2026/2026/2026 2021/2021/2021 2051/2051/2051
f 2021/2021/2021 1452/1452/1452 2051/2051/2051
f 1977/1977/1977 2030/2030/2030 2029/2029/2029
f 2057/2057/2057 1977/1977/1977 2029/2029/2029
f 1996/1996/1996 1990/1990/1990 1999/1999/1999
f 2058/2058/2058 2059/2059/2059 1650/1650/1650
f 981/981/981 1041/1041/1041 2060/2060/2060
f 2060/2060/2060 979/979/979 981/981/981
f 2058/2058/2058 2061/2061/2061 2027/2027/2027
f 2018/2018/2018 2054/2054/2054 2051/2051/2051
f 1987/1987/1987 2015/2015/2015 2061/2061/2061
f 1041/1041/1041 2062/2062/2062 2060/2060/2060
f 2051/2051/2051 2054/2054/2054 2025/2025/2025
f 2063/2063/2063 2060/2060/2060 2062/2062/2062
f 1987/1987/1987 2061/2061/2061 1634/1634/1634
f 2026/2026/2026 2051/2051/2051 2025/2025/2025
f 1650/1650/1650 1635/1635/1635 2058/2058/2058
f 2026/2026/2026 2025/2025/2025 1970/1970/1970
f 1635/1635/1635 1634/1634/1634 2058/2058/2058
f 1968/1968/1968 1967/1967/1967 2030/2030/2030
f 2062/2062/2062 1041/1041/1041 2064/2064/2064
f 1977/1977/1977 1968/1968/1968 2030/2030/2030
f 1044/1044/1044 2064/2064/2064 1041/1041/1041
f 2061/2061/2061 2058/2058/2058 1634/1634/1634
f 2064/2064/2064 2065/2065/2065 2062/2062/2062
f 2059/2059/2059 2058/2058/2058 2023/2023/2023
f 2027/2027/2027 2023/2023/2023 2058/2058/2058
f 2065/2065/2065 2064/2064/2064 2066/2066/2066
f 2044/2044/2044 2022/2022/2022 1978/1978/1978
f 2029/2029/2029 1986/1986/1986 2067/2067/2067
f 2068/2068/2068 2047/2047/2047 2069/2069/2069
f 2070/2070/2070 2062/2062/2062 2071/2071/2071
f 2072/2072/2072 2073/2073/2073 2074/2074/2074
f 2070/2070/2070 2071/2071/2071 2075/2075/2075
f 2076/2076/2076 2070/2070/2070 2075/2075/2075
f 2069/2069/2069 2077/2077/2077 2038/2038/2038
f 2061/2061/2061 2017/2017/2017 2027/2027/2027
f 2078/2078/2078 1985/1985/1985 2053/2053/2053
f 2069/2069/2069 1967/1967/1967 2068/2068/2068
f 2070/2070/2070 2063/2063/2063 2062/2062/2062
f 2053/2053/2053 2079/2079/2079 2078/2078/2078
f 2069/2069/2069 2038/2038/2038 1967/1967/1967
f 2059/2059/2059 1648/1648/1648 1650/1650/1650
f 2080/2080/2080 2070/2070/2070 2076/2076/2076
f 1991/1991/1991 1985/1985/1985 2074/2074/2074
f 2071/2071/2071 2062/2062/2062 2065/2065/2065
f 1966/1966/1966 2045/2045/2045 2044/2044/2044
f 1729/1729/1729 2065/2065/2065 1730/1730/1730
f 2041/2041/2041 1826/1826/1826 1747/1747/1747
f 1978/1978/1978 1966/1966/1966 2044/2044/2044
f 1985/1985/1985 2078/2078/2078 2074/2074/2074
f 1729/1729/1729 2075/2075/2075 2071/2071/2071
f 2078/2078/2078 2080/2080/2080 2074/2074/2074
f 1729/1729/1729 2071/2071/2071 2065/2065/2065
f 1425/1425/1425 1973/1973/1973 1975/1975/1975
f 1731/1731/1731 1775/1775/1775 1729/1729/1729
f 2065/2065/2065 2066/2066/2066 1730/1730/1730
f 2054/2054/2054 2047/2047/2047 2068/2068/2068
f 1777/1777/1777 2076/2076/2076 1774/1774/1774
f 2074/2074/2074 2080/2080/2080 2081/2081/2081
f 1845/1845/1845 2082/2082/2082 1770/1770/1770
f 1971/1971/1971 2068/2068/2068 2083/2083/2083
f 1971/1971/1971 2054/2054/2054 2068/2068/2068
f 1774/1774/1774 2075/2075/2075 1729/1729/1729
f 1774/1774/1774 2076/2076/2076 2075/2075/2075
f 1972/1972/1972 1971/1971/1971 1969/1969/1969
f 2025/2025/2025 2054/2054/2054 1971/1971/1971
f 1971/1971/1971 2083/2083/2083 1969/1969/1969
f 2081/2081/2081 2080/2080/2080 2076/2076/2076
f 2081/2081/2081 2076/2076/2076 1777/1777/1777
f 1967/1967/1967 1969/1969/1969 2083/2083/2083
f 1785/1785/1785 1768/1768/1768 1770/1770/1770
f 1729/1729/1729 1775/1775/1775 1774/1774/1774
f 2083/2083/2083 2068/2068/2068 1967/1967/1967
f 2028/2028/2028 1969/1969/1969 1976/1976/1976
f 2084/2084/2084 1018/1018/1018 1031/1031/1031
f 2085/2085/2085 1845/1845/1845 2010/2010/2010
f 2084/2084/2084 1031/1031/1031 1962/1962/1962
f 2010/2010/2010 1845/1845/1845 2004/2004/2004
f 1845/1845/1845 1842/1842/1842 2004/2004/2004
f 1018/1018/1018 2084/2084/2084 2086/2086/2086
f 2004/2004/2004 1842/1842/1842 1818/1818/1818
f 2016/2016/2016 2087/2087/2087 2085/2085/2085
f 2010/2010/2010 2016/2016/2016 2085/2085/2085
f 1963/1963/1963 2050/2050/2050 2084/2084/2084
f 2040/2040/2040 2084/2084/2084 2050/2050/2050
f 1845/1845/1845 1770/1770/1770 1769/1769/1769
f 2050/2050/2050 1963/1963/1963 1980/1980/1980
f 1984/1984/1984 2050/2050/2050 1980/1980/1980
f 2053/2053/2053 1984/1984/1984 1980/1980/1980
f 1960/1960/1960 2017/2017/2017 2015/2015/2015
f 1964/1964/1964 1962/1962/1962 1961/1961/1961
f 2017/2017/2017 2061/2061/2061 2015/2015/2015
f 1961/1961/1961 979/979/979 2060/2060/2060
f 2063/2063/2063 1961/1961/1961 2060/2060/2060
f 1980/1980/1980 1964/1964/1964 2079/2079/2079
f 2053/2053/2053 1980/1980/1980 2079/2079/2079
f 1988/1988/1988 2049/2049/2049 1979/1979/1979
f 1964/1964/1964 1961/1961/1961 2063/2063/2063
f 2070/2070/2070 1964/1964/1964 2063/2063/2063
f 2088/2088/2088 1826/1826/1826 2041/2041/2041
f 2079/2079/2079 2080/2080/2080 2078/2078/2078
f 2070/2070/2070 2080/2080/2080 2079/2079/2079
f 2070/2070/2070 2079/2079/2079 1964/1964/1964
f 1963/1963/1963 2084/2084/2084 1962/1962/1962
f 1966/1966/1966 2049/2049/2049 1827/1827/1827
f 1979/1979/1979 2049/2049/2049 1966/1966/1966
f 1009/1009/1009 1018/1018/1018 2089/2089/2089
f 2090/2090/2090 1009/1009/1009 2089/2089/2089
f 2090/2090/2090 2091/2091/2091 1009/1009/1009
f 2091/2091/2091 2090/2090/2090 2077/2077/2077
f 2086/2086/2086 2090/2090/2090 2089/2089/2089
f 2038/2038/2038 2090/2090/2090 2039/2039/2039
f 1006/1006/1006 1994/1994/1994 1004/1004/1004
f 1009/1009/1009 1016/1016/1016 1018/1018/1018
f 1993/1993/1993 1004/1004/1004 1994/1994/1994
f 2089/2089/2089 1018/1018/1018 2086/2086/2086
f 2012/2012/2012 1006/1006/1006 1014/1014/1014
f 1006/1006/1006 2012/2012/2012 2007/2007/2007
f 2039/2039/2039 2090/2090/2090 2086/2086/2086
f 2013/2013/2013 2012/2012/2012 1014/1014/1014
f 2086/2086/2086 2040/2040/2040 2039/2039/2039
f 1992/1992/1992 1994/1994/1994 2007/2007/2007
f 1658/1658/1658 1992/1992/1992 2008/2008/2008
f 2086/2086/2086 2084/2084/2084 2040/2040/2040
f 2013/2013/2013 2019/2019/2019 2007/2007/2007
f 1006/1006/1006 2007/2007/2007 1994/1994/1994
f 1028/1028/1028 1027/1027/1027 1014/1014/1014
f 1027/1027/1027 2092/2092/2092 1014/1014/1014
f 2064/2064/2064 1044/1044/1044 2066/2066/2066
f 2091/2091/2091 1027/1027/1027 1009/1009/1009
f 979/979/979 1031/1031/1031 980/980/980
f 1962/1962/1962 1031/1031/1031 979/979/979
f 1046/1046/1046 1049/1049/1049 2066/2066/2066
f 2066/2066/2066 1044/1044/1044 1046/1046/1046
f 2092/2092/2092 1027/1027/1027 2091/2091/2091
f 1906/1906/1906 2066/2066/2066 1049/1049/1049
f 1906/1906/1906 1730/1730/1730 2066/2066/2066
f 1906/1906/1906 1909/1909/1909 1730/1730/1730
f 2047/2047/2047 2020/2020/2020 2077/2077/2077
f 2090/2090/2090 2038/2038/2038 2077/2077/2077
f 2077/2077/2077 2092/2092/2092 2091/2091/2091
f 2020/2020/2020 2092/2092/2092 2077/2077/2077
f 2013/2013/2013 1014/1014/1014 2092/2092/2092
f 2020/2020/2020 2013/2013/2013 2092/2092/2092
f 2019/2019/2019 2013/2013/2013 2020/2020/2020
f 2069/2069/2069 2047/2047/2047 2077/2077/2077
