mtllib 021_bleach_cleanser.mtl
o 021_bleach_cleanser
usemtl ycb_021_bleach_cleanser_material
v -0.0399390012 -0.0212200005 0.00361200003
v -0.0247770008 -0.0214479994 0.0045909998
v -0.038798999 -0.0216790009 0.00522699999
v -0.0601989999 -0.0124289999 0.045922
v -0.0593269989 -0.0111790001 0.0695279986
v -0.0619449988 -0.010241 0.0459380001
v -0.0648450032 0.00199000002 0.0754360035
v -0.0647350028 0.00594400009 0.0855979994
v -0.0660860017 0.00522800023 0.064971
v -0.0661149994 0.0102700004 0.0714709982
v -0.0625590011 -0.00811600033 0.0576400012
v -0.0628829971 -0.00572599983 0.0697939992
v -0.0646789968 -0.00388500001 0.0538440011
v -0.0108319996 -0.0137170004 -0.000475999987
v -0.0155849997 -0.0167970005 -0.000132999994
v -0.0307640005 -0.013541 -0.000350999995
v -0.0281460006 -0.0206429996 0.00262299995
v -0.0200999994 -0.0194690004 0.00116400002
v -0.0166519992 -0.0201469995 0.00208700006
v -0.0149060003 -0.0210100003 0.00373300002
v -0.00511700008 -0.0176180005 0.000421000004
v -0.0266769994 -0.018375 0.000423999998
v -0.057289999 -0.0133539997 0.0639540032
v -0.057833001 -0.014161 0.0477459989
v -0.00810499955 -0.0197609998 0.00211500004
v -0.0299910009 -0.0221790001 0.0146690002
v -0.00312500005 -0.020211 0.0036259999
v -0.00989000034 -0.0211469997 0.00561100012
v 0.00199800008 -0.0199239999 0.00476799998
v 0.00213199994 -0.0202239994 0.00668600015
v 0.00121799996 -0.0190079994 0.00248500006
v 0.00110999995 -0.0140810004 -0.000315000012
v 0.00241800002 -0.0166280009 0.00067899999
v -0.0629189983 -0.0160130002 0.00186900003
v -0.0607869998 -0.0146669997 0.000291000004
v -0.0587540008 -0.0171709992 0.00124500005
v -0.0643500015 -0.001238 0.0715340003
v -0.0663489997 0.00236100005 0.0527230017
v -0.0649090037 -0.0143339997 0.00192299997
v -0.0647369996 -0.0165369995 0.00473000016
v -0.0608180016 -0.0180450007 0.00287800003
v -0.0666600019 -0.0144300004 0.00454600016
v -0.0653209984 0.0230390001 0.0608929992
v -0.0656509995 0.0183940008 0.0699520037
v -0.0644730031 0.0213569999 0.0796829984
v -0.0611869991 -0.0186129995 0.00502699986
v -0.0338990018 -0.016911 2.80000004e-05
v -0.0624300018 -0.0178219993 0.0129819997
v -0.0645150021 -0.0165069997 0.0121879997
v -0.0309519991 -0.00503499992 0.000872000004
v -0.0649280027 0.0109710004 0.0871469975
v -0.00328200008 -0.00819400046 0.00054400001
v -0.0539450012 -0.0191670004 0.00194900006
v -0.0521840006 -0.0205080006 0.0036249999
v -0.0434539989 -0.0206039995 0.00255300011
v -0.0472839996 -0.0213760007 0.00476700021
v -0.0580830015 -0.019483 0.00410200004
v -0.0645510033 0.0175570007 0.0859609991
v -0.0552950017 -0.0203569997 0.00552800018
v -0.0132750003 -0.0217499994 0.0182980001
v -0.0365759991 -0.0219829995 0.014618
v -0.0566760004 -0.0199379995 0.0124890003
v -0.0520510003 -0.0207189992 0.0135519998
v -0.0354400016 -0.0204150006 0.0192380007
v -0.0247230008 -0.0210360009 0.0197459999
v -0.0659649968 -0.00216499995 0.0358770005
v -0.0583930016 -0.0190869998 0.0140150003
v -0.0169910006 -0.0220330004 0.0163230002
v -0.0457840003 -0.021497 0.0134680001
v -0.0414259993 -0.0212900005 0.0155750001
v -0.0476940013 -0.0193429999 0.0174369998
v -0.0711179972 -0.002507 0.00337500009
v -0.0701590031 -0.000414999988 0.00132699998
v -0.0686890036 -0.0092740003 0.00273699989
v -0.0680639967 -0.0060800002 0.000849000004
v -0.066866003 0.00973900035 0.0586789995
v -0.0674970001 0.00935200043 0.0445129983
v -0.0703620017 -0.00682599982 0.00494300015
v -0.0662290007 -0.00820100028 0.000288999989
v -0.0635130033 -0.013235 0.00056299998
v -0.0652820021 -0.00782500021 -4.19999997e-05
v -0.0676020011 -0.011008 0.00239300006
v -0.00738199987 -0.0215259995 0.0180799998
v -0.0606460012 -0.011008 -0.000280000007
v -0.0607869998 -0.0146669997 0.000291000004
v -0.0650520027 0.0037789999 -0.000365000014
v 0.000228999997 -0.0205680002 0.0188359991
v -0.0641350001 0.00904799998 0.0949279964
v -0.0671240017 0.015443 0.0474970005
v -0.068076998 -0.0123349996 0.00563800009
v -0.0689620003 0.0037779999 0.000117000003
v -0.0637179986 0.0149010001 0.0968379974
v -0.015443 -0.0209539998 0.0204339996
v -0.029995 -0.0207230002 0.0248099994
v -0.0179859996 -0.0209149998 0.0239620004
v -0.0711169988 0.0048750001 0.00156
v -0.070514001 0.011558 0.00114299997
v -0.00954 -0.0207509995 0.0206390005
v -0.0650520027 0.0037789999 -0.000365000014
v -0.0588760003 -0.00035799999 0.000682000013
v -0.0606460012 -0.011008 -0.000280000007
v -0.0551569983 -0.00578799983 0.000986000057
v -0.00395100005 -0.0209730007 0.0198800005
v -0.003211 -0.0199859999 0.0218710005
v -0.0068450002 -0.0202530008 0.0255839992
v -0.0134530002 -0.0208160002 0.0279029999
v -0.0606169999 0.00630000001 0.000511999999
v -0.0619239993 0.0249719992 0.0965220034
v -0.0523310006 -0.0181450006 0.000972000009
v -0.0458750017 -0.0189319998 0.0193099994
v -0.0534930006 -0.0158270001 0.000144999998
v -0.0421050005 -0.0193460006 0.0258200001
v -0.0510420017 -0.0176270008 0.0237360001
v -0.0456789993 -0.0136940004 0.000235
v -0.0363680013 -0.0201169997 0.0233260002
v -0.0627920032 0.0258499999 0.0853060037
v -0.0433240011 -0.0177270006 0.000592999975
v -0.0628020018 0.0214850008 0.0965349972
v -0.0527839996 -0.0174640007 0.0286100004
v -0.0493130013 -0.00717000011 0.00115999999
v -0.0403509997 -0.0197149999 0.00156600005
v -0.0320530012 -0.0202859994 0.0316229984
v -0.0624249987 0.0177069996 0.106233999
v -0.023178 -0.0209459998 0.0261000004
v -0.0520690009 -0.0168789998 0.0362409987
v -0.0667579994 0.0196950007 0.0440649986
v -0.0596720017 0.0293979999 0.101179004
v -0.0617199987 0.0288180001 0.0842870027
v -0.0389439985 -0.0188040007 0.0441650003
v -0.0475349985 -0.0167449992 0.0532820001
v -0.0520530008 -0.0163739994 0.0450190008
v -0.0600319989 -0.00854500011 0.0845519975
v -0.0314369984 0.00179400004 0.00147500006
v -0.0555419996 -0.01535 0.0458160006
v -0.0557219982 -0.0121299997 0.0910469964
v -0.0539380014 -0.0132750003 0.0880250037
v -0.0302360002 -0.0197439995 0.0442890003
v -0.0222120006 -0.0203060005 0.0409080014
v -0.0611450002 -0.00481199985 0.0944589972
v -0.0516749993 -0.00159899995 0.00127699994
v -0.0579829998 -0.0101920003 0.0915969983
v -0.0683069974 -0.0110600004 0.0130970003
v -0.0665559992 -0.0140450001 0.01284
v -0.0647030026 -0.0156779997 0.0139359999
v -0.0653079972 -0.0138539998 0.0150560001
v -0.0687600002 -0.00848999992 0.0144790001
v -0.0618630014 -0.0169690009 0.0150960004
v -0.0522780009 -0.0142869996 0.0796770006
v -0.049784001 -0.0150070004 0.0769700035
v -0.0496670008 -0.0137449997 0.0993750021
v -0.052023001 -0.015625 0.0571019985
v -0.0601550005 -0.0148940003 0.0183760002
v -0.0572540015 -0.016973 0.0176449995
v -0.0515689999 -0.0164219998 0.0494670011
v -0.0589409992 -0.0154830003 0.0188790001
v -0.0444150008 -0.0158300009 0.0802529976
v -0.0473800004 -0.0145460004 0.0940070003
v -0.0630479977 -0.0114869997 0.0187619999
v -0.0644830018 -0.0112370001 0.0172550008
v -0.0622400008 -0.0116419997 0.0206950009
v -0.0637309998 -0.00931399968 0.0201660004
v -0.0599309988 -0.0143109998 0.0206519999
v -0.0574060008 -0.0160269998 0.0201280005
v -0.0557219982 -0.0167720001 0.0193370003
v -0.00790099986 -0.0201820005 0.0329810008
v -0.0566119999 -0.0160329994 0.0268339999
v -0.0545569994 -0.0166239999 0.0282160006
v -0.0378869995 -0.0178989992 0.0590369999
v -0.0588949993 -0.00734099979 0.101906002
v -0.0586289987 -0.0149870003 0.0267939996
v -0.0605820008 -0.0129030002 0.0336700007
v -0.0153860003 -0.0191740002 0.0564949997
v -0.00795799959 -0.0188929997 0.0540650003
v -0.0525339991 -0.0129760001 0.100078002
v -0.0717319995 -0.00177500001 0.00647300016
v -0.0725319982 0.00415100018 0.00466200011
v -0.0700690001 -0.00724999979 0.012387
v -0.0710669979 -0.00312600005 0.0130810002
v -0.0722260028 0.00280799996 0.0128739998
v -0.0289389994 -0.0187129993 0.0605559982
v -0.0643680021 -0.00717499992 0.0298810005
v -0.0700789988 -0.00283999997 0.0151289999
v -0.0379519984 -0.0166960005 0.0810479969
v -0.0374610014 -0.0164400004 0.0864650011
v -0.0663309991 -0.00586300017 0.0179769993
v -0.0206400007 -0.0193119999 0.0556240007
v -0.0364670008 -0.0169300009 0.0788080022
v -0.0332089998 -0.017097 0.0833460018
v -0.031998001 -0.0171239991 0.0855640024
v -0.0724999979 0.0106389998 0.00358400005
v -0.0407029986 -0.0158639997 0.0899439976
v -0.0728909969 0.0113589996 0.00570299989
v -0.0728410035 0.0104069998 0.0120409997
v -0.0714100003 0.00423400011 0.0148900002
v -0.0651549995 -0.0062640002 0.0197560005
v -0.0316610001 -0.0172019992 0.0835110024
v -0.0672049969 0.00358200003 0.0339629985
v -0.0674630031 0.00306800008 0.0198819991
v -0.0665149987 -0.00169399998 0.0200430006
v -0.0308149997 -0.016934 0.0870819986
v -0.0301879998 -0.0170339998 0.0892020017
v -0.0677660033 -1.29999999e-05 0.0182470009
v -0.0290670004 -0.0171019994 0.0884720013
v -0.0679249987 0.00960399956 0.0290220007
v -0.0680669993 0.010032 0.0207979996
v -0.0233369991 -0.0172850005 0.0905869976
v -0.0677689984 0.0154200001 0.0210510008
v -0.0723600015 0.0101190004 0.0140300002
v -0.0342780016 -0.0159380008 0.101829
v -0.0264199991 -0.0167810004 0.0968850031
v -0.0684949979 0.00847200025 0.0188619997
v -0.0167980008 -0.018623 0.0661310032
v -0.0250860006 -0.0183620006 0.0700749978
v -0.0390679985 -0.0151209999 0.106766
v -0.0544509999 -0.0144090001 0.0669649988
v -0.0482949987 -0.0155149996 0.0724039972
v -0.0412609987 -0.0166599993 0.073096998
v -0.0604699999 -0.000890999974 0.112879999
v -0.0627719983 -0.000851000019 0.0924969986
v -0.0592829995 -0.00408300012 0.112824999
v -0.0531359985 -0.0115599995 0.113334998
v -0.0572489984 -0.00739900023 0.113996997
v -0.0545459986 -0.0101079997 0.116301998
v -0.0626960024 0.00412999978 0.103377998
v -0.0328090005 -0.0177149996 0.0729470029
v -0.0612839982 0.00264599989 0.113416001
v -0.0625220016 0.00824800041 0.109289996
v -0.0622150004 0.0111459997 0.113076001
v -0.0491439998 -0.013305 0.110279001
v -0.020552 -0.0177800003 0.0824970007
v -0.0442619994 -0.0138109997 0.117624
v -0.0498029999 -0.0120550003 0.125705004
v -0.0431089997 -0.0133600002 0.128246993
v -0.0506189987 -0.0103839999 0.136980996
v -0.0286630001 -0.0156720001 0.113701999
v -0.0392209999 -0.0146199996 0.115419999
v -0.03314 -0.0151699996 0.117129996
v 0.0112220002 -0.0175039992 0.00358400005
v 0.0107030002 -0.0182339996 0.00634999992
v 0.0203760006 -0.0111370003 0.0966380015
v 0.0212670006 -0.0114359995 0.0686340034
v 0.0222689994 -0.0100790001 0.0872720033
v 0.00152100006 -0.0176720005 0.0551929995
v 0.00936200004 -0.0167929996 0.0468840003
v 0.0109350001 -0.0157760009 0.0579999983
v 0.0026120001 -0.0136980005 0.120506003
v -0.00297000003 -0.0145880003 0.116974004
v -0.000923999993 -0.0147000002 0.112218998
v 0.005932 -0.0134100001 0.118252002
v 0.00625600014 -0.0166449994 0.059365999
v 0.00488599995 -0.0196880009 0.0193319991
v 0.0129979998 -0.0159489997 0.0458320007
v 0.016547 -0.0141909998 0.0636920035
v 0.0156750008 -0.0151070002 0.0506640002
v 0.0186149999 -0.0137750003 0.0542730018
v 0.0103540001 -0.0182729997 0.0223140009
v 0.0253170002 -0.00578199979 0.110237002
v 0.0241519995 -0.0077709998 0.0950810015
v 0.0244490001 -0.00755999982 0.0810720026
v 0.0262289997 -0.00440300023 0.091697
v 0.0236639995 -0.00861100014 0.060238
v 0.0226329993 -0.0100060003 0.0672039986
v 0.0212769993 -0.0117410002 0.0495329984
v 0.0193160009 -0.0127130002 0.0722599998
v -0.0223949999 -0.0170949996 0.0935150012
v -0.0115670003 -0.0146749998 0.126859993
v -0.00724600023 -0.015203 0.113615997
v -0.00102600001 -0.0195310004 0.0251589995
v -0.0207330007 -0.0172700007 0.0912920013
v 0.00495600002 -0.0195499994 0.0216530003
v -0.0147320004 -0.0168529991 0.0962779969
v 0.00844900031 -0.0156330001 0.0716010034
v 0.00141799997 -0.0169789996 0.068005003
v 0.00634199986 -0.0183329992 0.0239829998
v 0.00684700022 -0.018158 0.0288609993
v -0.0164609998 -0.0171039999 0.0930230021
v -0.0128290001 -0.0168970004 0.0943040028
v 0.00254500005 -0.0134070003 0.126211002
v 0.0128279999 -0.0169629995 0.0253630001
v 0.015017 -0.0165379997 0.0237060003
v -0.005076 -0.0133260004 0.136004999
v 0.0140119996 -0.0142339999 0.0741870031
v -0.00889999978 -0.017128 0.0863339975
v -0.00339099998 -0.0164960008 0.0887349993
v 0.0116839996 -0.0167730004 0.0339480005
v -0.00685600005 -0.016392 0.095840998
v 0.0171189997 -0.0131660001 0.0818239972
v 0.00506599993 -0.0124169998 0.133801997
v 0.001055 -0.018383 0.0453669988
v 0.00790399965 -0.0141460001 0.101392999
v 0.0118509997 -0.0130179999 0.108704001
v -0.0115390001 -0.0179370008 0.0742190033
v -0.0102930004 -0.0182770006 0.0670970008
v 0.0190280005 -0.0122260004 0.0869800001
v 0.0171789993 -0.0125089996 0.0951220021
v -0.0218870007 -0.0167139992 0.100143999
v 0.000222000002 -0.0167989992 0.0745740011
v -0.0260600001 -0.0161610004 0.107508004
v 0.0105950003 -0.0136169996 0.101983003
v 0.01413 -0.0132689998 0.0924339965
v 0.0139910001 -0.0125080002 0.108788997
v -0.0242560003 -0.0162049998 0.106881998
v 0.0225850008 -0.00911200047 0.107969999
v -0.0171709992 -0.0161199998 0.108750001
v 0.0182540007 -0.0110870004 0.117977999
v -0.010237 -0.0157050006 0.109785996
v -0.00135899999 -0.0157549996 0.0972329974
v 0.0274049994 -0.00144799997 0.115699001
v 0.0270750001 -0.00216099992 0.0864749998
v 0.0283020008 0.00153100002 0.104401
v 0.0174529999 -0.0149250003 0.0395950004
v 0.0168370008 -0.0156859998 0.0247770008
v 0.00497200014 -0.0152319996 0.0897419974
v 0.00148099998 -0.0153780002 0.0966940001
v 0.0195819996 -0.0136489999 0.0357050002
v -0.00359899993 -0.017678 0.0664839968
v 0.00302399998 -0.0163119994 0.0743220001
v 0.0204329994 -0.0101319999 0.118592001
v 0.00826499984 -0.0154839996 0.0749600008
v 0.0142959999 -0.011957 0.118689001
v 0.00771699985 -0.014277 0.0977329984
v 0.005748 -0.0147409998 0.0982720032
v 0.0118659995 -0.0141249998 0.0870580003
v -0.0111290002 -0.0187660009 0.0596520007
v 0.0288180001 0.00412499998 0.127526999
v -0.0025210001 -0.0179910008 0.0592029989
v 0.0252950005 -0.00563299982 0.0642210022
v 0.0139189996 -0.0113120005 0.131816
v 0.0071510002 -0.0125540001 0.129462004
v 0.0166880004 -0.010977 0.127783
v -0.0242320001 -0.0159619991 0.111922003
v -0.022961 -0.0161390007 0.109127998
v 0.0169670004 -0.01009 0.141457006
v 0.0199539997 -0.00975800026 0.131704003
v -0.0211689994 -0.0150680002 0.126491994
v -0.0176810008 -0.0159370005 0.112171002
v -0.0143750003 -0.0158849992 0.111713998
v 0.0220120009 -0.00901299994 0.120329
v 0.0229989998 -0.00762100006 0.132111996
v 0.0242899992 -0.00617399998 0.133219004
v 0.0257820003 -0.00384199992 0.136206999
v -0.0267939996 -0.0150680002 0.125781
v 0.0267379992 -0.00211200002 0.133327007
v 0.0279670004 0.000905999972 0.129703
v -0.00959399994 -0.0154489996 0.11265
v 0.0217109993 -0.00777200004 0.146871999
v -0.0650020018 0.0288740005 0.0287820008
v -0.0655039996 0.0282380003 0.0203770008
v -0.0664869994 0.0245130006 0.0213280004
v -0.0662449971 0.0238669999 0.0361949988
v 0.00117900001 -0.0121010002 -0.000384000014
v -0.0633559972 0.0332649983 0.0199839994
v 0.00788700022 -0.0143419998 -1.29999999e-05
v -0.0212750006 0.044013001 0.0324289985
v -0.0141540002 0.0427060015 0.0485510007
v -0.00905399956 0.0438099988 0.0228770003
v -0.0673049986 0.0198350009 0.0219059996
v -0.0245009996 0.0432920009 0.0448659994
v 0.00952399988 -0.00639900006 0.000566000002
v 0.00257800007 -0.00500100013 0.000991999987
v 0.00663400022 -0.00236100005 0.00105299999
v -0.0100849997 -0.00331799989 0.000883999979
v -0.00759899989 0.0210970007 0.00127300003
v -0.0291719995 0.0193440001 0.00168900006
v -0.0302489996 0.0250620004 0.00134199997
v -0.0170489997 0.0106419995 0.00158599997
v -0.0665789992 0.0118030002 0.00026500001
v -0.0690610036 0.0117640002 0.000534999999
v -0.0631420016 0.0105590001 0.000584999972
v -0.0665789992 0.0118030002 0.00026500001
v -0.0163659994 0.0288069993 0.000902
v -0.0652090013 0.0258399993 0.048932001
v -0.0275340006 0.0365770012 -0.000237999993
v -0.00111399998 0.030057 0.000896000012
v -0.0052720001 0.0424549989 0.0393069983
v 0.00414799992 0.0412769988 0.0347139984
v -0.0637239963 0.0304099992 0.0447090007
v -0.0431360006 0.0124030001 0.00111399998
v -0.0620179996 0.0345919989 0.031502001
v -0.0605080016 0.017616 0.000488999998
v -0.0621730015 0.0330099985 0.0481659994
v -0.0652619973 0.0379859991 0.0145110004
v -0.067305997 0.0363480002 0.0125489999
v -0.0676160008 0.0341340005 0.0144800004
v -0.066542998 0.0285289995 0.0179709997
v -0.0637400001 0.0347330011 0.0177309997
v -0.0516950004 0.024495 0.00102500001
v -0.0484719984 0.0208730008 0.00105299999
v -0.00160600001 0.0143579999 0.00107600004
v -0.0117720002 0.00423800014 0.00125099998
v -0.0654940009 0.0293850005 0.0191190001
v -0.0652429983 0.0392029993 0.0126109999
v -0.0629260018 0.0411479995 0.013022
v -0.0623800009 0.0400560014 0.0151840001
v -0.061861001 0.0366329998 0.0184240006
v -0.0611979999 0.0364199989 0.0201960001
v -0.0595569983 0.0382010005 0.0197829995
v -0.0589179993 0.0396209992 0.0178050008
v 0.0126059996 0.00578999985 0.000522000017
v -0.0294129997 0.00754200015 0.00162
v -0.0568340011 0.0399420001 0.0193269998
v 0.0144170001 0.0117260003 0.000604000001
v 0.012356 0.0172850005 0.000579999993
v -0.0577979982 0.0389639996 0.0293220002
v -0.0592450015 0.0421000011 0.0145859998
v -0.0588730015 0.0429570004 0.012511
v 0.0068049999 0.0255180001 0.00116500002
v -0.0552010015 0.0438469984 0.0132020004
v -0.0538530014 0.0433100015 0.0151000004
v -0.0550800003 0.0410489999 0.0179629996
v -0.00417699991 0.0414360017 0.0526380017
v 0.00590000022 0.039489001 0.0575370006
v -0.0540889986 0.040812999 0.0195560008
v -0.0456189997 0.0430030003 0.0179069992
v -0.0451189987 0.0447340012 0.0151049998
v -0.0459429994 0.0265299994 0.00111900002
v -0.0444139987 0.0305100009 0.000874000019
v -0.0600339994 0.0369630009 0.0325499997
v -0.0410949998 0.0432230011 0.00160600001
v -0.0513270013 0.0433150008 0.00256099994
v -0.0412340015 0.0441210009 0.00258399989
v -0.0478859991 0.0447209999 0.0042539998
v -0.0519779995 0.0446599983 0.00610700017
v -0.0494440012 0.0449789986 0.00673200004
v -0.0549519993 0.0389130004 0.0510950014
v -0.0523770005 0.0409389995 0.0238240007
v -0.0398619995 0.0413869992 0.000452999986
v -0.0495989993 0.0417319983 0.000995000009
v -0.0258200001 0.0403690003 -4.09999993e-05
v -0.0236489996 0.0378389992 -0.000325000001
v -0.0398619995 0.0413869992 0.000452999986
v -0.0432699993 0.0374189988 -4.70000014e-05
v -0.0638300031 0.0272049997 0.0660440028
v -0.0616439991 0.0312450007 0.0711629987
v -0.0631219968 0.0304049999 0.0555670001
v -0.0330489986 0.0446549989 0.00344099989
v -0.0395280011 0.045198001 0.00532299979
v -0.0579870008 0.0375740007 0.0492440015
v -0.0605840012 0.0340519994 0.0609339997
v -0.0163669996 0.04146 0.000316999998
v -0.0426659994 0.0430580005 0.0194109995
v -0.0236060005 0.0428179987 0.00109499996
v -0.0236060005 0.0428179987 0.00109499996
v -0.0466100015 0.0420869999 0.0262570009
v -0.0158900004 0.0437319987 0.00243399991
v -0.0249739997 0.0448919982 0.0046959999
v -0.0379390009 0.044137001 0.0177490003
v -0.0715790018 0.0161109995 0.0021530001
v -0.0686570033 0.0200260002 7.6999997e-05
v -0.0702460036 0.0190079994 0.00089700002
v -0.0647709966 0.0195070002 -0.000284000009
v -0.0722820014 0.0207950007 0.00469300011
v -0.0713720024 0.0210960004 0.00248400006
v -0.0372360013 0.0455630012 0.0131829996
v -0.0477650017 0.0450519994 0.0128159998
v -0.0721779987 0.0205770005 0.0117149996
v -0.0364009999 0.0453680009 0.0153200002
v -0.0647709966 0.0195070002 -0.000284000009
v -0.0565190017 0.0378829986 0.0570890009
v -0.0525479987 0.037494 0.0890199989
v -0.0340979993 0.044050999 0.0191970002
v -0.0533250012 0.0391019993 0.0553429984
v -0.0588250011 0.0274410006 0.000533999992
v -0.0673149973 0.0297699999 0.000456000009
v -0.0239649992 0.0454670005 0.0161780007
v -0.0653870031 0.0319310017 9.30000024e-05
v -0.0628930032 0.0298660006 -0.000310000003
v -0.0628930032 0.0298660006 -0.000310000003
v -0.069381997 0.0270009991 0.00138599996
v -0.070404999 0.0279820003 0.00310399989
v -0.0390839987 0.0423059985 0.0448199995
v -0.0270680003 0.0446490012 0.0185400005
v -0.0713540018 0.0263899993 0.00586999999
v -0.023325 0.0443900004 0.0200939998
v -0.0546009988 0.0266089998 0.000994000002
v -0.0604019985 0.0313769989 0.0843349993
v -0.0718920007 0.018623 0.0141709996
v -0.0582539998 0.0344710015 0.0830570012
v -0.010818 0.0398680009 -8.09999983e-05
v -0.0682139993 0.0161799993 0.0189089999
v -0.0595030002 0.0360389985 0.053098999
v 0.00535199977 0.0349700004 -0.00029299999
v -0.0683460012 0.0202929992 0.0181300007
v -0.0562210009 0.0362330005 0.0822110027
v -0.0711119995 0.0261369999 0.0129000004
v -0.0702949986 0.0254870001 0.0149219995
v -0.0543049984 0.0369290002 0.0872080028
v 0.000369999994 0.0369869992 -0.000348000001
v -0.0474769995 0.0403160006 0.0553699993
v -0.0438220017 0.0393740013 0.0864199996
v -0.00701399986 0.0420340002 0.00119600003
v -0.00126799999 0.0396450013 0.000140999997
v -0.00701399986 0.0420340002 0.00119600003
v -0.0696649998 0.0319910012 0.00480500003
v 0.00519100018 0.0401029997 0.00104999996
v -0.0499409996 0.0378139988 0.0941129997
v -0.0695419982 0.031583 0.0128309997
v -0.000214999993 0.0423870012 0.00248400006
v -0.00526899984 0.0436890014 0.00402100012
v -0.0582810007 0.0362300016 -0.000322999986
v 0.0119479997 0.0259230006 0.000648999994
v 0.00860899966 0.0295330007 0.000759000017
v -0.0680460036 0.0333210006 0.00231999997
v -0.0609700009 0.0373920016 2.30000005e-05
v -0.0658190027 0.0358389989 0.00147500006
v -0.0633929968 0.0371459983 0.000563999987
v -0.0609700009 0.0373920016 2.30000005e-05
v -0.0418299995 0.0411060005 0.0587840006
v -0.0657579973 0.0375729986 0.00251400005
v 0.0145070003 0.0310299993 -0.000254000013
v 0.016725 0.0253580008 -0.000380999991
v -0.0547530018 0.0296260007 0.000791999977
v 0.0119939996 0.0340659991 -0.000354999996
v 0.00678399997 0.0379940011 5.99999985e-05
v 0.0136789996 0.0365330018 0.000410000008
v 0.0118749999 0.0384569988 0.00113700004
v 0.0169810001 0.0333329998 5.80000014e-05
v 0.0175790004 0.0348960012 0.000665
v 0.016384 0.0371380001 0.00166399998
v -0.0638440028 0.0394060016 0.00229700003
v -0.0617550015 0.0399859995 0.00155299995
v -0.0633929968 0.0371459983 0.000563999987
v -0.0617550015 0.0399859995 0.00155299995
v -0.0569839999 0.041003 0.00113999995
v -0.0551390015 0.0390809998 6.70000009e-05
v -0.0580549985 0.0426069982 0.00308399997
v -0.0569839999 0.041003 0.00113999995
v -0.000214999993 0.0423870012 0.00248400006
v -0.0581550002 0.0327269994 0.0966660008
v 0.0109059997 0.0404810011 0.00310999993
v 0.00479200017 0.0421230011 0.00364700006
v 0.0109059997 0.0404810011 0.00310999993
v -0.0495989993 0.0417319983 0.000995000009
v -0.0114890002 0.0444240011 0.00495100021
v 0.00258000009 0.0430070013 0.00568500021
v -0.0561099984 0.0346099995 0.0988660008
v 0.00819000043 0.0419030003 0.00545200007
v 0.0148149999 0.0397379994 0.00511300005
v 0.0161869992 0.0385069996 0.00316000008
v 0.0161869992 0.0385069996 0.00316000008
v 0.0184940007 0.0376680009 0.00478000008
v -0.0662930012 0.0380490012 0.00402399991
v 0.0115809999 0.0409549996 0.00647300016
v -0.0676579997 0.0364079997 0.00623100018
v -0.0647979975 0.0401879996 0.005167
v -0.0141049996 0.0451220013 0.0166650005
v -0.0621830001 0.0412870012 0.00340600009
v -0.0614459999 0.0422030017 0.0055999998
v -0.0590629987 0.0429820009 0.00471499981
v -0.0580030009 0.0434690006 0.00777899986
v -0.00593100023 0.0444069989 0.0181169994
v -0.00841999985 0.044555001 0.0189280007
v -0.0390289985 0.040550001 0.0763669983
v -0.0322199985 0.0413989983 0.0717839971
v -0.0114439996 0.0438960008 0.0208170004
v -0.00555100013 0.0433319993 0.0213719998
v -0.0140620004 -0.00379600003 0.000865000009
v 0.00234299991 0.0430440009 0.0206659995
v 0.013154 0.0402310006 0.0228000004
v 0.00709199999 0.0421109982 0.0202920008
v 0.00202200003 0.0421600007 0.0227070004
v -0.0342260003 0.0400010012 0.0944840014
v 0.0132029997 0.0398010015 0.0251189992
v -0.0672430024 0.022411 0.0194249991
v -0.0140190003 0.0399239995 0.092445001
v -0.0140770003 0.0411470011 0.0712279975
v -0.0238569994 0.0413709991 0.074996002
v -0.00737900008 0.0401530005 0.0768660009
v -0.0259220004 0.0399740003 0.0997420028
v -0.0308410004 0.0434419997 0.0381980017
v -0.0204520002 0.0400509983 0.0964519978
v -0.0318100005 0.0421429984 0.0584339984
v -0.0221280009 0.0426970012 0.0536510013
v -0.0540169999 0.0353850015 0.106725998
v -0.0555210002 0.0334229991 0.112278998
v -0.0512280017 0.0359200016 0.116823003
v -0.0410329998 0.038013 0.116760001
v -0.0343080014 0.0388140008 0.114473
v -0.00194900006 0.0403219983 0.0643860027
v 0.00834100042 -0.0166599993 0.00145500002
v 0.00926399976 -0.0118410001 -0.000463000004
v 0.0140850004 -0.0137170004 0.000479999988
v 0.0140530001 -0.0157810003 0.00229600002
v 0.00190599996 0.0387590006 0.0791879967
v 0.0143990004 -0.00832400005 -0.000345000008
v 0.016392 -0.0106790001 -0.000136000002
v 0.0161509998 -0.0139809996 0.001422
v 0.0155440001 0.036621999 0.0737430006
v 0.0143139996 -0.016996 0.0061809998
v 0.0167520009 -0.0154090002 0.00378699997
v 0.0183869991 -0.0110839996 0.000707000028
v 0.0186790004 -0.0128680002 0.00214700005
v 0.0183869991 -0.0110839996 0.000707000028
v 0.0177159999 -0.0151300002 0.00531799998
v 0.0193000007 -0.0138520002 0.00527400011
v 0.0203760006 -0.0123490002 0.00403800001
v 0.0280760005 0.0117720002 0.0512849987
v 0.0285780001 0.0169169996 0.0726120025
v 0.0288490001 0.0110259997 0.0749690011
v 0.0213980004 -0.00960600004 0.00280099991
v 0.0274500009 0.0235649999 0.0726089999
v 0.0287239999 0.0187570006 0.085326001
v 0.0264769997 0.0242819991 0.0469360016
v 0.0187299997 -0.0144760003 0.0196959991
v 0.0275769997 0.0193019994 0.0512350015
v 0.0264309999 0.0168110002 0.0239690002
v 0.0263769999 0.0210229997 0.0305679999
v 0.0209079999 -0.0120169995 0.0122269997
v 0.0218720008 -0.00998300035 0.00533899991
v 0.00410400005 0.0373100005 0.0989269987
v 0.0159259997 0.0355399996 0.0924360007
v 0.0225179996 -0.00930199958 0.0172809996
v 0.0115240002 -0.00277499994 0.000614000019
v 0.0160269998 0.0348489992 0.105251998
v 0.0204910003 0.0027079999 -0.000167999999
v 0.0172930006 0.00377200008 -0.000449999992
v 0.0210030004 0.020025 -5.60000008e-05
v 0.0175359994 0.0185070001 -0.000384000014
v 0.0206049997 0.0269029997 0.000205000004
v 0.0222900007 0.0266430005 0.00129199994
v 0.0245929994 0.0169329997 0.00273100007
v 0.022961 0.0189340003 0.000837999978
v 0.0218739994 -0.00645799981 0.00195800001
v 0.0212949999 -0.00352100004 0.000608999981
v 0.0210030004 0.020025 -5.60000008e-05
v 0.0206049997 0.0269029997 0.000205000004
v 0.0199289992 -0.00367800007 -9.99999997e-07
v 0.016392 -0.0106790001 -0.000136000002
v 0.020676 0.0345290005 0.074300997
v 0.0217489991 0.0339769982 0.0648339987
v 0.0195579994 0.0361079983 0.0502160005
v 0.0179719999 0.0370609984 0.0495980009
v 0.020676 0.0345290005 0.074300997
v 0.0195579994 0.0361079983 0.0502160005
v 0.0204910003 0.0027079999 -0.000167999999
v 0.0192789994 0.0332910009 0.000874000019
v 0.0233420003 -0.00368100009 0.00313699991
v 0.0235229991 0.0289609991 0.00472600013
v 0.0247300006 0.0233190004 0.00514200004
v 0.0236719996 0.0256130006 0.00285800011
v 0.0221549999 0.0314580016 0.00288000004
v 0.0234910008 -0.00539099984 0.0051190001
v 0.0238199998 0.0315399989 0.0744690001
v 0.0245660003 0.0301280003 0.0547869988
v 0.0230720006 0.0326070003 0.0576840006
v 0.0250119995 0.0194889996 0.00420900015
v 0.023085 0.000118999997 0.00158799998
v 0.0244190004 -0.000269000011 0.00429600012
v 0.0192789994 0.0332910009 0.000874000019
v 0.0192409996 0.0357570015 0.00237099989
v 0.0192409996 0.0357570015 0.00237099989
v 0.0268430002 0.0261220001 0.0867149979
v 0.0257959999 0.027586 0.059861999
v 0.0205049999 0.0357570015 0.00469399989
v 0.0184940007 0.0376680009 0.00478000008
v 0.0188970007 0.0110419998 6.50000002e-05
v 0.0220309999 0.0331030004 0.00506199989
v 0.0215099994 0.0114780003 0.000388999993
v 0.0222280007 0.00458100019 0.000511999999
v 0.0244050007 0.003945 0.00292499992
v 0.0244779997 0.0276759993 0.018135
v 0.0235450007 0.00678300019 0.00147100003
v 0.0215099994 0.0114780003 0.000388999993
v 0.0249310005 0.00364500005 0.00453899987
v 0.0247380007 0.0287820008 0.0375569984
v 0.022171 0.0334360003 0.0184289999
v 0.0280699991 0.0228489991 0.101259001
v 0.0234099999 0.0118509997 0.00143399998
v 0.0161869992 0.0385069996 0.00316000008
v 0.0195049997 0.0368600003 0.0228710007
v 0.0171610005 0.0385310017 0.0154290004
v 0.0187129993 0.0356049985 0.0742240027
v 0.020885 0.0354470015 0.0227729995
v 0.0171610005 0.0385310017 0.0154290004
v 0.0200999994 -0.0132020004 0.0216959994
v 0.0252739992 -0.000904000015 0.021776
v 0.0243469998 -0.00484200008 0.023054
v 0.0259160008 0.0281639993 0.0906329975
v 0.0246149991 0.0302620009 0.0898199975
v 0.0232599992 0.031773001 0.0942199975
v 0.0175880007 0.038141001 0.0277789999
v -0.00705299992 0.0388510004 0.0993150026
v 0.00596200023 0.0358580016 0.117551997
v 0.0261889994 -0.00257300003 0.0543409996
v 0.0175880007 0.038141001 0.0277789999
v 0.0276299994 0.000157000002 0.0807520002
v 0.0225120001 -0.010152 0.0439709984
v 0.024092 -0.00733399997 0.0456280001
v 0.0244939998 -0.00567999994 0.0351609997
v 0.0231829993 0.0322039984 0.0416899994
v 0.0286180004 0.00427999999 0.0888980031
v 0.0279929992 0.00371400011 0.0668649971
v 0.0215269998 0.0345319994 0.0464820005
v 0.026997 0.00575400004 0.0362030007
v 0.0257970002 0.00429099984 0.0177340005
v 0.0195310004 0.0341779999 0.0980610028
v 0.0198500007 0.0329389982 0.120508999
v 0.0291760005 0.0102380002 0.0904640034
v 0.0252860002 0.0125399996 0.00483400002
v 0.0291530006 0.013541 0.0864190012
v 0.0273039993 0.00335199991 0.0488060005
v 0.0265640002 0.0127210002 0.0234810002
v 0.0178570002 0.033431001 0.123498
v 0.0144969998 0.0337679982 0.129685998
v 0.0291159991 0.00568599999 0.111367002
v 0.028717 0.0199880004 0.099740997
v 0.0293969996 0.00901699997 0.107771002
v 0.0146080004 0.0382849984 0.0479970016
v 0.0295030009 0.0129920002 0.105818003
v 0.0272720009 0.0250840001 0.104125001
v 0.0260840002 0.0274330005 0.111401998
v 0.0245740004 0.0295759998 0.11338
v 0.0295889992 0.0118159996 0.120434001
v 0.0294160005 0.0142909996 0.129397005
v 0.0290610008 0.0179670006 0.11671
v 0.0278670006 0.0221170001 0.130603001
v 0.0293860007 0.0101220002 0.13369
v 0.0264190007 0.0252279993 0.137942001
v 0.0254340004 0.0272569992 0.132882997
v 0.0226869993 0.031397 0.116775997
v 0.0217569992 0.0328629985 0.0992269963
v 0.0226869993 0.031397 0.116775997
v 0.0217569992 0.0328629985 0.0992269963
v -0.0455930009 -0.0124049997 0.137877002
v -0.0604659989 0.00561100012 0.122841001
v -0.0599489994 0.00969099998 0.128667995
v -0.0567819998 0.00855300017 0.146014005
v -0.0579599999 0.00491600018 0.137351006
v -0.0552590005 0.00220900006 0.148736
v -0.0538620017 -0.00716899987 0.135904998
v -0.0535189994 -0.00867300015 0.131137997
v -0.0608399995 0.0150189996 0.121091001
v -0.0531499982 0.00566999987 0.160935998
v -0.0531929992 0.0101380004 0.161459997
v -0.0531059988 0.0166180003 0.160916001
v -0.0543650016 0.0109179998 0.157563001
v -0.056318 0.017066 0.146467
v -0.058623001 0.0120139997 0.136368006
v -0.0527350008 0.0217039995 0.159357995
v -0.0569030009 -0.0049180002 0.126206994
v -0.0514280014 -0.00142700004 0.161721006
v -0.0563019998 -0.000384999992 0.140185997
v -0.0589540005 -0.000123999998 0.125439003
v -0.0548029989 -0.00406499999 0.140746996
v -0.0603840016 0.0220539998 0.116455004
v -0.0457220003 -0.0114000002 0.149992004
v -0.0409540012 -0.0126729999 0.144044995
v -0.0479229987 -0.0102089997 0.150297001
v -0.0499279983 0.0103010004 0.167814001
v -0.0593569987 0.0264299996 0.114482
v -0.0493809991 0.0185819995 0.167702004
v -0.0578409992 0.0302210003 0.112400003
v -0.0474609993 0.00975599978 0.173044994
v -0.0517540015 0.0213890001 0.162374005
v -0.0501159988 -0.00825699978 0.150261
v -0.0567319989 0.0246409997 0.135618001
v -0.0586900003 0.0190479998 0.131753996
v -0.0520469993 -0.00598399993 0.149051994
v -0.0468010008 0.0149109997 0.174135998
v -0.0464299992 0.0206300002 0.173123002
v -0.0502739996 0.0266529992 0.162499994
v -0.0503779985 -0.00431300001 0.161117002
v -0.0472720005 -0.00809300039 0.163181007
v -0.0553970002 0.0298250001 0.130035996
v -0.055819001 0.0315530002 0.120118
v -0.0544999987 0.0268709995 0.143211007
v -0.0527860001 0.0326839983 0.132505
v -0.0513160005 0.0251419991 0.160931006
v -0.0521549992 0.0286839996 0.150316
v -0.049637001 0.0342409983 0.139354005
v -0.0514630005 0.0345290005 0.128370002
v -0.0488939993 0.0296379998 0.162035003
v -0.0509550013 0.0315390006 0.146801993
v -0.0464200005 0.0334919989 0.157932997
v -0.0467769988 0.0354779996 0.141487002
v -0.0495480001 0.0329280011 0.147308007
v -0.0425859988 0.0346099995 0.164410993
v -0.0472319983 0.0315219983 0.162911996
v -0.0398860015 0.0352820009 0.165638998
v -0.0384019986 0.0360339992 0.155154005
v -0.042041 0.0367179997 0.136026993
v -0.0440669991 0.023844 0.176328003
v -0.0441210009 0.0282869991 0.172465995
v -0.0450280011 0.0311329998 0.168115005
v -0.0481569991 -0.00580799999 0.164793998
v -0.044484999 0.0335349999 0.164518997
v -0.0470269993 -0.000590000011 0.170472994
v -0.0521689989 0.00145500002 0.161704004
v -0.048018001 0.00387299992 0.170460001
v -0.0417880006 0.0336439982 0.169677004
v -0.0369700007 0.0350789987 0.174143001
v -0.0396689996 0.0297260005 0.179070994
v -0.0358659998 -0.0138919996 0.134788007
v -0.0298810005 0.0337049998 0.215656996
v -0.0233859997 0.0361119993 0.203704998
v -0.0278210007 0.034754999 0.206899002
v -0.00613499992 -0.0116959997 0.177054003
v -0.0251579992 -0.014184 0.174437001
v -0.0320889987 -0.0123469997 0.169628993
v -0.0126189999 -0.0151690003 0.179689005
v 0.0285819992 0.0125479996 0.189781994
v 0.0264459997 0.0111649996 0.182944
v 0.0282160006 0.0179040004 0.190106004
v -0.022814 -0.012139 0.171884999
v 0.0247750003 0.0206909999 0.181646004
v 0.0261010006 0.0151880002 0.181896999
v 0.0257339999 0.0169350002 0.180864006
v -0.0237009991 0.0354229994 0.216358006
v -0.00941599999 -0.0116069997 0.172276005
v -0.0164780002 -0.0118589997 0.172064006
v -0.020668 -0.0121579999 0.168933004
v -0.024619 -0.0145779997 0.133201003
v -0.0216509998 -0.0150189996 0.177192003
v -0.0133680003 -0.0156070003 0.180620998
v 0.0287529994 0.0128899999 0.191511005
v -0.0182750002 0.036107 0.216885999
v -0.0183429997 0.0370270014 0.201711997
v -0.0239630006 -0.0146819996 0.177783996
v 0.0282240007 0.0171440002 0.191826999
v -0.0375149995 -0.0131350001 0.144654006
v -0.0285919998 -0.0128920004 0.185936004
v -0.0337370001 -0.011868 0.179436997
v -0.0270719994 -0.0135880001 0.183667004
v -0.0120280003 0.037289001 0.202197999
v -0.0300810002 -0.0138210002 0.141517997
v 0.0258590002 0.0248009991 0.189319998
v -0.0299159996 -0.0118429996 0.187745005
v 0.0269310009 0.0226349998 0.191212997
v -0.0259399991 -0.0139889996 0.141121998
v -0.0150469998 0.0361060016 0.218254
v -0.0303499997 -0.0132649997 0.149387002
v -0.0385719985 -0.00815800019 0.178632006
v -0.0342409983 -0.00836099964 0.187510997
v -0.0247879997 -0.0131909996 0.152239993
v -0.0190980006 -0.0137590002 0.143843994
v 0.0236729998 -0.00587400002 0.190594003
v 0.019754 -0.00196300005 0.206049994
v 0.0190609992 -0.00720999995 0.197345003
v -0.0426679999 -0.0119690001 0.153822005
v -0.0370119996 0.0198650006 0.219518006
v -0.0437310003 0.0221299995 0.214415997
v -0.0390620008 0.0158859994 0.219015002
v 0.0171329994 -0.00266800006 0.210333005
v -0.0198560003 -0.0142909996 0.193441004
v -0.0421760008 0.0250279997 0.214120999
v -0.0389790013 0.0269910004 0.215642005
v -0.0382120013 -0.0127140004 0.149664
v -0.0382689983 0.0288270004 0.214854002
v -0.0405780002 0.027454 0.213005006
v -0.0399859995 -0.00304599991 0.183945999
v -0.037788 -0.0063649998 0.183434993
v -0.0367680006 -0.0051330002 0.189775005
v -0.0361640006 0.0306679998 0.214341
v -0.0387249999 -0.00256399997 0.189403996
v -0.0431040004 -0.000608999981 0.178948
v -0.0417490005 -0.0051409998 0.176975995
v -0.0424089991 0.00107600004 0.182403997
v -0.0350899994 0.0105600003 0.222568005
v -0.0335219987 0.0142590003 0.223658994
v -0.0365479998 -0.0126350001 0.153069004
v 0.0101020001 -0.00462700007 0.220017999
v -0.0396919996 -8.6e-05 0.195926994
v -0.0402959995 0.00058599998 0.189787
v -0.0418240018 0.00445500016 0.188619003
v -0.042913001 0.00654699979 0.185316995
v -0.0418090001 0.00634500012 0.192829996
v -0.0376029983 -0.00345800002 0.195304006
v -0.0307739992 -0.012937 0.154661
v 0.0266789999 0.000303000008 0.191966996
v 0.0254069995 0.00514800008 0.199919999
v 0.0235649999 -0.000711000001 0.198920995
v -0.0245929994 -0.01291 0.157206997
v -0.0413269997 0.00380600011 0.195565
v -0.0324480012 0.0186250005 0.223438993
v -0.0292450003 -0.0127100004 0.157521993
v 0.0211219992 0.0041410001 0.210296005
v -0.0391470008 -0.00256599998 0.200007007
v -0.0413540006 0.00189700001 0.199288994
v -0.0449739993 -0.00977999996 0.164409995
v -0.0414239988 -2.90000007e-05 0.201479003
v -0.0311830007 0.0110069998 0.226319
v -0.0423990004 0.00634700013 0.197966993
v -0.0432929993 0.00548799988 0.201126993
v -0.0427329987 -0.0108589996 0.165289
v 0.013483 -0.00926699955 0.201263994
v 0.00733700022 -0.00650400016 0.220381007
v -0.0300609991 0.0159430001 0.226821005
v -0.0326929986 -0.008684 0.192257002
v -0.0271850005 -0.0125089996 0.194085002
v -0.0312419999 0.0223949999 0.222698003
v -0.0287580006 0.0195599999 0.226533994
v -0.0321430005 -0.00901800022 0.196067005
v -0.0351650007 -0.00627799984 0.194374993
v -0.0291089993 0.0131649999 0.229286
v -0.0404519998 -0.0115489997 0.166485995
v -0.0301970001 0.00801500026 0.227230996
v -0.0294550005 0.0096450001 0.228844002
v -0.0347639993 -0.0124040004 0.159189001
v -0.0260189995 0.0134150004 0.230572999
v -0.0265040006 0.0110020004 0.230176002
v -0.0261710007 0.00956900045 0.230285004
v -0.0334669985 -0.0122720003 0.164157003
v -0.0259700008 0.0139189996 0.230232999
v -0.0254239999 -0.0123349996 0.206769004
v -0.0290750004 -0.0114010004 0.197814003
v -0.0278779995 0.0178890005 0.229256004
v -0.0263519995 0.00987999979 0.230627
v -0.0271649994 0.0150680002 0.231586993
v -0.0275079999 0.0101030003 0.231705993
v -0.0255399998 0.0164889991 0.230587006
v -0.0276560001 0.0126940003 0.232215002
v -0.0377050005 -0.0118690003 0.166841999
v 0.0134880003 -0.00126299995 0.219919994
v -0.0255820006 0.0167619996 0.230207995
v -0.0197400004 -0.0130009996 0.153786004
v -0.0261909999 0.0180680007 0.231927007
v -0.0262410007 0.0207720008 0.229279995
v -0.0240390003 0.0194070004 0.230246007
v -0.0238109995 0.0195199996 0.230485007
v -0.0239179991 0.0207780004 0.231145993
v -0.0343540013 -0.00754699996 0.198755994
v 0.0167270005 0.00439799996 0.220356002
v -0.0342530012 -0.00886000041 0.202996999
v -0.035087999 0.0239279997 0.219271004
v 0.0226399992 0.00848700013 0.209469005
v -0.0371310003 -0.00549599994 0.200835004
v -0.0180510003 -0.0125740003 0.159502
v -0.040589001 -0.0034680001 0.204005003
v -0.0374719985 -0.00660399999 0.204089999
v -0.0232139993 -0.0126609998 0.159121007
v -0.0370430015 -0.00699600019 0.209336996
v -0.0327770002 0.0280809999 0.218579993
v -0.0162550006 -0.0122570004 0.162485003
v -0.0298309997 -0.0111689996 0.201573998
v -0.0327869989 0.0314420015 0.216702998
v -0.0268409997 -0.0121449996 0.169103995
v -0.0289980005 0.0263950005 0.221680999
v 0.0267789997 0.00877000019 0.197962001
v 0.0255890004 0.0109559996 0.201979995
v -0.0145650003 -0.0123140002 0.161881998
v 0.0249140002 0.0137510002 0.203624994
v -0.0257150009 0.0291399993 0.221472993
v -0.024487 0.0262460001 0.224776
v -0.0215029996 0.0293199997 0.223288998
v -0.0266410001 0.0229109991 0.226318002
v -0.0144560002 -0.0119510004 0.165956005
v -0.00619600015 -0.0112349996 0.175704002
v -0.0106659997 -0.011798 0.166170001
v -0.023209 0.0220829993 0.229842007
v -0.0234169997 0.0240209997 0.229231
v -0.0233549997 0.0252260007 0.227225006
v 0.0237910002 0.0168479998 0.204949006
v -0.00332399993 -0.0155840004 0.184186995
v -0.0206770003 0.0278789997 0.225384995
v -0.0189280007 0.0277490001 0.226941004
v 0.000569999975 -0.0150300004 0.184487998
v -0.0194290001 0.026486 0.229340002
v -0.0279150009 0.0107279997 0.237039
v -0.0276289992 0.0144809997 0.236298993
v -0.0265430007 0.0179060008 0.239968002
v 0.00371400011 -0.0148689998 0.186470002
v 0.0242260005 0.0222740006 0.198759004
v 0.0248009991 0.0270370003 0.190819994
v -0.0247770008 0.0209640004 0.237009004
v -0.0250320006 0.0201549996 0.232108995
v -0.0132029997 -0.0134899998 0.143148005
v -0.0230149999 0.022504 0.231983006
v 0.0194850005 0.0241030008 0.207881004
v 0.0194850005 0.0241030008 0.207881004
v 0.0248009991 0.0270370003 0.190819994
v 0.0188599993 0.0267130006 0.204875007
v -0.0336109996 0.032102 0.214763999
v 0.0220190007 0.0118819997 0.211445004
v -0.0148649998 -0.014397 0.198807999
v -0.0267459992 0.0338330008 0.217699006
v -0.0125259999 -0.0139509998 0.205836996
v -0.002538 -0.0147489998 0.191300005
v 0.00290700002 -0.0133440001 0.197136998
v 0.0187599994 0.0125820003 0.219156995
v 0.0181070007 0.0154330004 0.219573006
v -0.0194889996 0.0315920003 0.221790999
v -0.0177510008 0.0290649999 0.225042
v -0.00227400009 -0.0117330002 0.153319001
v 0.009265 -0.0135040004 0.186587006
v 0.00955399964 -0.0136989998 0.187875003
v -0.0212629996 0.0354719982 0.217843994
v -0.0173209999 0.0350699984 0.219551995
v 0.010613 0.0275580008 0.219522998
v 0.0209689997 0.0310559999 0.190849006
v 0.0123629998 0.0308049992 0.207387999
v 0.0224859994 0.0300319996 0.190187007
v -0.0132860001 0.0317620002 0.222693995
v 0.0191210005 0.0194419995 0.214331999
v 0.00477699982 0.00166399998 0.225169003
v 0.00251300004 -0.00384799996 0.223652005
v 0.00582600012 -0.00114900002 0.223692998
v 0.0103949998 -0.00315600005 0.221386999
v 0.0148879997 0.001621 0.220886007
v 0.0116889998 -0.000798999972 0.221826002
v -0.00958199985 -0.0121489996 0.157395005
v -0.0127410004 -0.013022 0.217733994
v 0.00999199972 0.00552200014 0.223827004
v 0.0147310002 0.00333600002 0.221793994
v -0.0233699996 -0.0123610003 0.215937003
v -0.0431419984 3.70000016e-05 0.204467997
v -0.0445850007 0.00298000011 0.204394996
v -0.0433439985 -0.00123000005 0.211513996
v -0.0181230009 -0.0129340002 0.217663005
v 0.0182109997 0.00911599956 0.219960004
v -0.0456160009 0.00603799988 0.204429999
v -0.0442029983 0.00955700036 0.201471001
v 0.0161920004 0.0101910001 0.222119004
v 0.00886199996 0.00929099973 0.224680007
v 0.0168009996 0.00778299989 0.221518993
v -0.0462430008 0.00366199994 0.210828006
v -0.0446450002 0.000528000004 0.212466002
v -0.0463659987 0.00956299994 0.204843
v -0.0472779982 0.00699200016 0.210849002
v 0.0178800002 0.0122579997 0.220860004
v -0.00747600012 -0.0123349996 0.219148993
v -0.0479069985 0.0121219996 0.210823998
v 0.0117269997 -0.010392 0.151096001
v 0.0166139994 0.0141899996 0.221853003
v -0.0468450002 0.00588299986 0.212665007
v -0.0457039997 0.00320299994 0.213250995
v 0.0108160004 -0.011678 0.196012005
v -0.043765001 0.00127799995 0.214524999
v 0.00131199998 -0.00120199996 0.225645006
v 0.002721 0.00290600001 0.227092996
v 0.00311699999 -0.0109449998 0.211555004
v 0.0188919995 -0.00913999975 0.148314998
v -0.0457339995 0.00597799988 0.214423999
v 6.70000009e-05 -0.000523999974 0.227172002
v -0.00260700006 -0.00153300003 0.229213998
v 0.000916999998 0.00238900003 0.229192004
v -0.0381699987 0.00336800003 0.218839005
v 0.00569600007 0.00511199981 0.225736007
v -0.0479400009 0.0107150003 0.211732
v 0.00441400008 0.00800899975 0.227593005
v 0.00573799992 0.00946899969 0.226558
v -0.00345700001 0.00171400001 0.230281994
v -0.00122099998 0.00400900003 0.230375007
v -0.00357399997 0.00199000002 0.230601996
v -0.00243899995 0.00135200005 0.230830997
v -0.00169199996 0.00342900003 0.230748996
v -0.0477220006 0.0135460002 0.212167993
v -0.0471710004 0.0114759998 0.213746995
v -0.00295199989 0.00104500004 0.230220005
v -0.0458929986 0.0091599999 0.214751005
v 0.00265799998 0.00585599989 0.229260996
v -0.000344 0.00579999993 0.230345994
v -0.000322999986 0.00357499998 0.231376007
v -3.79999983e-05 0.0030139999 0.232240006
v -0.000508999976 0.00549700018 0.230612993
v 0.00155599997 0.00609799987 0.232416004
v 0.00402300013 -0.00862199999 0.219899997
v 0.00353499991 0.00960700028 0.229254007
v 0.00151600002 0.0108099999 0.230251998
v 2.7e-05 0.00749900006 0.230445996
v 0.00220500003 0.00850099977 0.232115999
v -0.0406670012 -0.00419999985 0.213056996
v 0.000665 0.00997400004 0.230307996
v -0.00121899997 -0.0107429996 0.219848007
v 0.00170599995 0.00952699967 0.231112003
v 0.000613000011 0.00980500039 0.230527997
v 0.00930100027 0.0127119999 0.224572003
v 0.00604599994 0.0153959999 0.226129994
v 0.00985800009 0.0165769998 0.224013001
v 0.00365100009 0.013886 0.229111001
v 0.0164110009 -0.0091380002 0.160677999
v 0.00494599994 0.0135549996 0.227257997
v 0.000448000006 0.0158249997 0.230248004
v -0.0411860012 -0.00331100007 0.214102
v -0.0370130017 -0.00694700005 0.214387
v -0.0448880009 0.00612000003 0.178643003
v -0.0447710007 0.0102930004 0.180041999
v 0.00370600005 0.0186020005 0.227149993
v -0.0351440012 -0.00712999981 0.216154993
v 0.0127640003 -0.00958700012 0.163875997
v -0.0289779995 -0.0108650001 0.215432003
v -0.0325860009 -0.00946099963 0.214526996
v 0.0202879999 -0.00826499984 0.151934996
v 0.00224799989 0.0184950009 0.229261994
v 0.00543300016 0.0212299991 0.224990994
v -0.0301779993 0.0360120013 0.162732005
v -0.0342039987 0.0365709998 0.152939007
v -0.0362720005 0.0355009995 0.167025998
v -0.0307969991 -0.00946300011 0.216841996
v -0.0316030011 0.0355570018 0.168744996
v -0.0357710011 0.0361859985 0.170644
v -0.0278869998 -0.0107800001 0.216970995
v -0.0331449993 0.0364109986 0.170430005
v -0.022992 -0.0110719996 0.218872994
v -0.0287459996 -0.00512500014 0.220699996
v -0.0227710009 -0.0068049999 0.222142994
v 0.0232020002 -0.0054990002 0.159029007
v 0.0249729995 -0.00365899992 0.154108003
v -0.0390850008 -0.00364000001 0.215719998
v -0.0226700008 0.0354249999 0.172089994
v 0.0274119992 0.00121100002 0.150323004
v 0.0279600006 0.00368100009 0.150631994
v -0.0319759995 -0.00174900005 0.220865995
v -0.0440110005 0.0155149996 0.181494996
v -0.00742400018 0.0355609991 0.218317002
v 0.000602999993 0.0358810015 0.203328997
v -0.0109489998 0.0359769985 0.218239993
v -0.00563600007 0.037103001 0.200659007
v 0.0289069992 0.0086930003 0.146207005
v -0.0428100005 0.0114930002 0.187457994
v -0.0425980017 0.0147080002 0.187640995
v 0.00696199993 0.0344870016 0.202067003
v 0.00520200003 0.0336770006 0.209224001
v 0.0259620007 -0.00123299996 0.158164993
v -0.0268949997 -0.0032589999 0.223184004
v -0.0424429998 0.00939599983 0.189686
v -0.0442500003 0.0181639995 0.179673001
v 0.0271070004 0.00169499998 0.158271
v -0.0039570001 0.0300709996 0.223471001
v 0.000552000012 0.0270569995 0.224286005
v 0.00190699997 0.0319599994 0.220853999
v -0.0426080003 0.0205070004 0.183128998
v -0.0312959999 0.00156300003 0.223157004
v -0.0418200009 0.0195920002 0.187271997
v -0.0409960002 0.00981799979 0.218045995
v 0.0283969995 0.00769399991 0.154314995
v 0.0285199992 0.0110210003 0.154414997
v 0.0284800008 0.0144119998 0.154140994
v -0.0422899984 0.00958899967 0.194572002
v -0.0420619994 0.015501 0.192166999
v -0.0327010006 0.00675499998 0.224055007
v -0.0432679988 0.011651 0.199037999
v -0.0424599983 0.0134009998 0.196282998
v -0.00286299991 0.0343130007 0.219459996
v -0.031330999 0.00341899996 0.224025995
v -0.00865599979 0.0350320004 0.220087007
v -0.0417530015 0.0180280004 0.196110994
v 0.00122199999 -0.0109329997 0.161733001
v 0.001773 0.0328730009 0.219199002
v 0.00499799987 0.0312790014 0.219591007
v -0.0410350002 0.0201089997 0.191681996
v -0.0401890017 0.0235050004 0.188299
v -0.0409439988 0.0247779991 0.183461994
v -0.0267580003 0.000524999981 0.226661995
v 0.0085789999 -0.0100370003 0.164689004
v -0.0285260007 0.00304299989 0.226702005
v -0.0396689996 0.0232950002 0.194511995
v 0.00281400001 -0.0105990004 0.166858003
v -0.0378490016 0.0267670006 0.190835997
v -0.00285200006 0.0335250013 0.220760003
v -0.0283460002 0.00605499977 0.229247004
v -0.0259390008 0.00162899995 0.229293004
v -0.0270639993 0.00397300022 0.229464993
v -0.0421410017 0.0270230006 0.177713007
v -0.00304999994 -0.0111980001 0.165781006
v 0.00608299999 0.0294860005 0.221272007
v -0.00611199997 -0.0113700004 0.167457998
v -0.00428099977 -0.0111419996 0.167447001
v -0.00123699999 -0.0109759998 0.168782994
v -0.0252330005 0.00593600003 0.230302006
v -0.0257399995 0.00740899984 0.230477005
v -0.0270879995 0.00742800022 0.231904
v -0.03785 0.0315669999 0.179652005
v 6.70000009e-05 -0.0107209999 0.170921996
v 0.00185999996 -0.0106870001 0.174559996
v -0.0273909997 0.0376549996 0.174829006
v -0.0335909985 0.0337520018 0.183392003
v -0.0317949988 0.0352110006 0.183218002
v 0.0131980004 -0.00925900042 0.170586005
v 0.016663 0.0184560008 0.220551997
v 0.00767799979 -0.00991499983 0.173130006
v -0.0232410002 -0.0120909996 0.217484996
v 0.0152899995 0.0183920003 0.221830994
v 0.0141209997 0.0231400002 0.220457003
v -0.0241149999 0.0377489999 0.175059006
v 0.00336199999 -0.0104329996 0.174879
v -0.0166159999 -0.0123300003 0.219244003
v -0.0302169994 0.0361620001 0.182669997
v 0.00693800021 -0.0100459997 0.175395995
v 0.0118589997 0.0324809998 0.202632993
v -0.0187400002 -0.00720799994 0.223279998
v 0.0212869998 -0.00612699986 0.169879004
v 0.018321 -0.00718599977 0.179325998
v -0.0114489999 -0.0123920003 0.219652995
v -0.0382849984 0.0275170002 0.186703995
v 0.0138769997 -0.00903000031 0.170499995
v -0.0359449983 0.0303959996 0.186278999
v 0.0143480003 -0.00865899958 0.179102004
v -0.0339099988 0.0312339999 0.190400004
v -0.0121579999 -0.0090330001 0.222578004
v 0.0239909999 -0.00433300016 0.161777005
v 0.023604 -0.00364700006 0.170165002
v 0.0250690002 -0.00168300001 0.166170001
v -0.0378450006 0.0264890008 0.195905
v -0.0355889983 0.0292010009 0.193441004
v 0.012325 -0.00925800018 0.173426002
v 0.00971500017 -0.00945100002 0.176532999
v -0.00544600002 -0.0110160001 0.220756993
v 0.00882100035 0.0287759993 0.219872996
v -0.0057000001 -0.00758199999 0.223363996
v -0.0267309994 0.0364420004 0.189476997
v 0.0163339991 -0.00805800036 0.179701
v -0.0285630003 0.0350220017 0.192260996
v -0.0245360006 -0.00324600004 0.224794
v 0.0141209997 0.0231400002 0.220457003
v -0.0198960006 -0.0047439998 0.226031005
v 0.0203549992 -0.00555700017 0.180501997
v 0.0225789994 -0.00363199995 0.178008005
v -0.0151260002 -0.00584799983 0.226333007
v -0.0237530004 -0.00234699994 0.226656005
v -0.0168849993 0.0377149992 0.194588006
v -0.0207829997 0.0383529998 0.177368999
v 0.00960399956 0.026966 0.221391007
v 0.0124230003 0.0234789997 0.221722007
v 0.0250790007 1.99999999e-06 0.173354998
v -0.0169099998 -0.00513100019 0.227341995
v -0.0177740008 -0.00418999977 0.229315996
v -0.0152019998 -0.00708799995 0.224281996
v 0.00543300016 0.0212299991 0.224990994
v 0.00127600005 0.0226370003 0.226991996
v 0.00370600005 0.0186020005 0.227149993
v -0.000480999995 0.0246539991 0.226723999
v 0.00354199996 0.0250799991 0.224204004
v -0.0271979999 0.0356019996 0.196945995
v 0.00824099965 0.0216450002 0.223655999
v -0.0106739998 -0.00662899995 0.225202993
v 0.00824099965 0.0216450002 0.223655999
v 0.0265859999 0.001911 0.165907994
v -0.0211229995 -0.00268599996 0.229278997
v -0.0238530003 -0.000861999986 0.229043007
v -0.0192830004 -0.000615999976 0.230322003
v -0.0155769996 -0.00256199995 0.230174005
v 0.0279009994 0.00822299998 0.162083
v 0.00452800002 -0.0101469997 0.178103998
v -0.00912600011 -0.00540699996 0.227202997
v 0.0279690009 0.01437 0.161988005
v -0.0139969997 -0.00497000013 0.229257002
v 0.00667899987 -0.0123929996 0.183247
v 0.0105290003 -0.0102430005 0.181495994
v 0.0124230003 0.0234789997 0.221722007
v -0.010942 -0.00185899995 0.230398998
v -0.0137879997 -0.00187799998 0.230400994
v -0.0167319998 -0.00125700003 0.230615005
v 0.0257859994 0.00206000009 0.174112007
v -0.00937199965 -0.00465800008 0.229260996
v 0.0272279996 0.00789100025 0.170150995
v -0.00901000015 -0.00144499994 0.230502993
v -0.00638400018 -0.003608 0.229331002
v 0.0150349997 -0.00879599992 0.180906996
v -0.0135840001 -0.00200999994 0.230823994
v -0.013541 -0.00301199988 0.231055006
v -0.0103940004 -0.00184100005 0.230788007
v -0.00973699987 -0.00271699997 0.231280997
v -0.0114500001 -0.00374200009 0.232392997
v -0.00797300041 -0.00298000011 0.232262
v 0.0261029992 0.00747299986 0.179619998
v -0.00808800012 -0.00132599997 0.230803996
v -0.00671500014 -0.000457999995 0.230490997
v 0.0188810006 -0.00696599996 0.181348994
v 0.0273180008 0.0141820004 0.170166001
v 0.0273260009 0.0151650002 0.167374
v 0.0266570002 0.0203820001 0.166061997
v 0.0160429999 -0.0113970004 0.188216001
v 0.0156529993 -0.0117250001 0.189282998
v 0.0148130003 -0.0105919996 0.185074002
v 0.0258910004 0.0202980004 0.173988
v 0.000237999993 -0.00917499978 0.221180007
v 0.0264630001 0.0136860004 0.178463995
v 0.00438700011 -0.00699200016 0.221548006
v 0.0193709992 -0.00974200014 0.189123005
v -0.0201699995 0.0239090007 0.230972007
v -0.0186400004 0.0241700001 0.230287999
v -0.0187650006 0.0240359996 0.230610996
v -0.0438060015 -0.00848899968 0.169437006
v -0.0409779996 -0.0103049995 0.170900002
v -0.0167420004 0.0248050001 0.230474994
v -0.0176819991 0.0258629993 0.232001007
v -0.0169430003 0.0276340004 0.228906006
v 0.0215639994 -0.00419900008 0.181125
v -0.014521 0.0252749994 0.230261996
v 0.023302 -0.00161899999 0.180997998
v -0.0140659995 0.0251410007 0.230555996
v -0.00136800006 -0.00447299983 0.224638999
v -0.0125320004 0.0279690009 0.229311004
v 0.0237499997 -0.0019739999 0.183349997
v -0.0109550003 0.0261589997 0.230008006
v -0.0449989997 -0.00410200004 0.171827003
v -0.014192 0.025905 0.230927005
v 0.0246510003 0.00155499997 0.181115001
v -0.0106539996 0.0252429992 0.230230004
v -0.0103390003 0.0258600004 0.230998993
v -0.0102070002 0.0250320006 0.230472997
v 0.0216460004 -0.00810700003 0.189893007
v -0.00494999997 0.0245200004 0.229846001
v -0.00269200001 0.0208650008 0.230336994
v -0.00233800011 0.0215109996 0.230244994
v 0.0237559993 -0.00559900003 0.189283997
v -0.00804399978 0.0248240009 0.230359003
v -0.00259799999 0.0217010006 0.230800003
v -0.002783 0.0210190006 0.230551004
v -0.00541999983 0.0233040005 0.230499998
v 0.0255970005 0.00443900004 0.182312995
v 0.0263470002 -0.00117399998 0.190064996
v -0.0379769988 -0.0121550001 0.169479996
v -0.0276229996 0.0145399999 0.241878003
v -0.0307860002 -0.0137219997 0.172859997
v -0.0275749993 0.0157789998 0.243453994
v -0.0251509994 0.0204789992 0.241427004
v -0.0053989999 -0.00541500002 0.225396007
v 0.019777 -0.00915800035 0.191027001
v -0.00313699991 -0.00335499994 0.226648003
v -0.0207330007 0.0243030004 0.231978998
v -0.0220430009 0.0237019993 0.240200996
v -0.0203329995 0.0248349998 0.241246
v -0.0176209994 0.0260719992 0.241312996
v -0.0128650004 0.0268120002 0.232097998
v 0.0253120009 -0.00317599997 0.191137999
v -0.00665199989 -0.00177800003 0.231418997
v -0.0148630003 0.0267340001 0.240643993
v 0.0275950003 0.00228999997 0.190704003
v -0.003792 0.000136000002 0.231048003
v -0.00414500013 0.00122900004 0.230666995
v -0.00387599994 -0.000988999964 0.232279003
v -0.0234910008 0.0221849997 0.241945997
v -0.00149599998 0.00110899995 0.232392997
v -0.0206489991 -0.00142700004 0.241804004
v -0.0217179991 -0.000877999992 0.238400996
v -0.0190820005 -0.00231899996 0.232461005
v -0.0156570002 -0.0035649999 0.233686
v -0.0173950009 -0.00301799993 0.241545007
v -0.0125289997 0.0268879998 0.241547003
v -0.0162940007 0.0258370005 0.242199004
v 0.0260889996 0.0093790004 0.180897996
v -0.00926099997 0.0264650006 0.232181996
v -0.0137719996 -0.003792 0.241432995
v -0.00857700035 0.0263449997 0.241074994
v -0.00398400007 0.0242439993 0.241004005
v -0.0026159999 0.023023 0.232007995
v -0.00525700022 0.0249610003 0.232254997
v -0.00639399979 0.0255270004 0.241154999
v -0.022504 0.0022499999 0.230277002
v -0.0160249993 0.0234030001 0.242629007
v -0.0161889996 0.0222399998 0.243562996
v -0.0115139997 0.0230250005 0.243217006
v -0.0130690001 0.0223030001 0.244518995
v -0.0125900004 0.0242199991 0.242538005
v -0.00775599992 0.0214089993 0.244030997
v -0.00736200018 0.0225259997 0.242700994
v -0.00997599959 0.0219870005 0.244892001
v -0.0244619995 0.00320199993 0.230106995
v -0.0242100004 0.00474799983 0.230401993
v -0.0237380005 0.00385600002 0.230645999
v -0.0224099997 -0.000132999994 0.232089996
v -0.0247450005 0.00357299997 0.231178001
v -0.0222510006 0.000532999984 0.231310993
v -0.0256089997 0.00363599998 0.232222006
v -0.0214750003 0.00120399997 0.230373994
v -0.011341 0.0266040005 0.241962999
v -0.0191210005 -0.000484999997 0.230691999
v -0.0080629997 0.0255350005 0.242275
v -0.0216470007 0.00140299997 0.230671003
v -0.0196579993 -0.00116700004 0.231229007
v 0.0285960007 0.0077399998 0.190876007
v 0.0282390006 0.00538499979 0.191180006
v -0.0251749996 0.00597399985 0.230618
v -0.00472899992 0.0240119994 0.242266998
v -0.000148000006 0.00255899993 0.240122005
v 0.00174900005 0.00615100004 0.240454003
v -0.0233469997 0.000482000003 0.241367996
v -0.0250659995 0.00246100011 0.240621001
v 0.000691999972 0.0119949998 0.230304003
v 0.00151199999 0.011674 0.230618998
v 0.00078100001 0.0122199999 0.230611995
v 0.00190499995 0.0124479998 0.231085002
v 0.00243199989 0.0140789999 0.232429996
v -0.0270070005 0.00609999988 0.242154002
v 0.00256599998 0.00937999971 0.239159003
v 0.00263 0.0125430003 0.236041993
v -0.0158610009 -0.0032850001 0.232111007
v 0.000472000014 0.00402100012 0.241777003
v 0.00257300003 0.0117279999 0.241705
v 3.40000006e-05 0.00439399993 0.242375001
v -0.00171800004 0.00092000002 0.241644993
v 0.001957 0.00779999979 0.24188
v 0.001865 0.0107669998 0.242388994
v 0.000326000008 0.0160179995 0.230669007
v -0.000339999999 0.0172930006 0.230581999
v -0.00944500044 -0.00353499991 0.240665004
v -0.0240339991 0.00162999996 0.242026001
v -0.0192200001 -0.00156200002 0.242397994
v 0.00137199997 0.0149349999 0.230978996
v 0.00128900004 0.0176669993 0.232232004
v -0.0133539997 -0.00358300004 0.242155001
v -0.0110820001 -0.00300600007 0.242488995
v -0.0172460005 -0.000302 0.242650002
v -0.000559000007 0.0181249995 0.230489999
v 0.000448000006 0.0158249997 0.230248004
v 0.00224799989 0.0184950009 0.229261994
v -0.00088800001 0.0198090002 0.230136007
v -0.000559000007 0.0181249995 0.230489999
v -0.0183860008 0.000914999982 0.248662993
v -0.0173310004 -0.00126299995 0.248999
v -0.0204869993 0.000342000014 0.248876005
v -0.0131999999 -0.000665 0.248725995
v -0.0201130006 -0.000216 0.249329999
v -0.0186659992 -0.000971000001 0.249846995
v -0.00136600004 0.0190409999 0.230476007
v -0.000163000004 0.0192070007 0.231096998
v -0.0148600005 -0.00205800007 0.249321997
v -0.0137449997 -0.00215500011 0.249918997
v -0.000163000004 0.0192070007 0.231096998
v -0.000339999999 0.0172930006 0.230581999
v -0.0159060005 -0.00133700005 0.250131994
v 0.00128900004 0.0176669993 0.232232004
v -0.000523999974 0.0208240002 0.232189
v 3.60000013e-05 0.0219769999 0.229256004
v 0.00211500004 0.0158629995 0.240033999
v -0.0257709995 0.00465299981 0.242291003
v -0.0235709995 0.00565600023 0.242698997
v -0.0212789997 0.00236000004 0.242603004
v -0.0276149996 0.0081430003 0.241877005
v -0.000421000004 0.0208049994 0.237645
v -0.0279450007 0.010849 0.242774993
v -0.0260719992 0.00521699991 0.242883995
v -0.0280419998 0.00761299999 0.244294003
v -0.0275250003 0.00684399996 0.245995998
v 0.000679999997 0.0192029998 0.240812004
v -0.00348399999 0.00610399991 0.244875997
v -0.00487599988 0.00342299999 0.243640006
v -0.00254800008 0.00582600012 0.243114993
v -0.0041720001 0.0025549999 0.242739007
v -0.000768999977 0.00839500036 0.242728993
v -0.0232410002 0.00648800004 0.243664995
v -0.0199790001 0.00285300007 0.243448004
v -0.0224690009 0.0062810001 0.243922994
v -0.00188600004 0.00830799993 0.243542001
v -0.026385 0.00561700016 0.245545
v -0.0251989998 0.00559900003 0.245018005
v -0.00233400008 0.00830699969 0.247257993
v -0.00415300019 0.00486099999 0.247404993
v -0.00207699998 0.00962200016 0.245036006
v -0.0255910009 0.00525300018 0.247794002
v -0.00142600003 0.011136 0.243599996
v -0.0222689994 0.00660300022 0.246278003
v -0.000640999991 0.0141350003 0.242693007
v -0.00207399996 0.0136120003 0.244371995
v -0.0284870006 0.00988299958 0.245207995
v -0.00243499991 0.0169859994 0.243185997
v -0.00113999995 0.00796500035 0.248208001
v -0.00282700011 0.00483699981 0.248301998
v -0.0185429994 0.00135699997 0.243042007
v -0.00191300001 0.0126090003 0.247211993
v 0.000702999998 0.0104689999 0.248650998
v -0.0163550004 0.00119099999 0.244122997
v -0.0183669999 0.00248400006 0.245115995
v -0.0134439999 -0.000776999979 0.242737994
v -0.0129490001 0.000264000002 0.243552998
v -0.0095490003 -0.000178999995 0.242819995
v -0.0154809998 0.00121100002 0.245186001
v -0.0128840003 0.000828000018 0.245110005
v -0.001223 0.0126050003 0.247906998
v -0.0101490002 0.00105700002 0.244510993
v -0.00280799996 0.0157069992 0.244771004
v -0.00311299996 0.0167590007 0.247250006
v -0.0204639994 0.00412000017 0.244440004
v -0.0179719999 0.00210799999 0.247310996
v -0.00280799996 0.0157069992 0.244771004
v -0.00419100001 0.018158 0.244859993
v -0.00311299996 0.0167590007 0.247250006
v -0.0215269998 0.00321900006 0.248600006
v -0.0220970009 0.00616999995 0.247174993
v -0.0205090009 0.00412900001 0.247245997
v -0.001468 0.0159259997 0.248223007
v 0.00114900002 0.0131839998 0.248962
v 0.000304999994 0.0161380004 0.248817995
v 0.000193999993 0.00790099986 0.248610005
v -0.00168999995 0.00346500007 0.248771995
v 0.000358999998 0.00676999986 0.249053001
v 0.000506000011 0.00709199999 0.249574006
v 0.000368000008 0.00807099976 0.249962002
v -0.00140199997 0.00389300007 0.249893993
v -0.014432 0.000872000004 0.247307003
v -0.0108200004 0.000870999997 0.247397006
v 0.00127699994 0.0108599998 0.249502003
v 0.000737999973 0.0144779999 0.249873996
v -0.00622900017 0.000216 0.250129014
v 0.000368000008 0.00807099976 0.249962002
v 0.000737999973 0.0144779999 0.249873996
v -0.0029829999 0.0193360001 0.242656007
v 0.00168099999 0.0162010007 0.241883993
v 0.000679999997 0.0192029998 0.240812004
v -0.00587600004 -0.00228499994 0.240749002
v -5.19999994e-05 0.0192820001 0.242277995
v -0.00292999996 -0.000487999991 0.239546999
v -0.00136400003 0.0219860002 0.241022006
v -0.00198499998 0.0221779998 0.241995007
v -5.19999994e-05 0.0192820001 0.242277995
v -0.0080629997 -0.00288999989 0.241966993
v -0.00448099989 0.019475 0.243414998
v -0.00243499991 0.0169859994 0.243185997
v -0.00634799991 0.0202339999 0.245004997
v -0.0029829999 0.0193360001 0.242656007
v -0.00471099978 -0.00120199996 0.242138997
v -0.003394 0.000107 0.242411003
v -0.00577299995 0.0199350007 0.247217
v -0.0139149996 0.0292649996 0.225742996
v -0.0128629999 -0.00244800001 0.249489993
v -0.00963499956 -0.00201900001 0.249614999
v -0.0088759996 0.0285860002 0.226775005
v -0.0103099998 0.0298619997 0.224841997
v -0.0128539996 -0.00179600006 0.248845994
v -0.00896999985 -0.001544 0.248916
v -0.00793800037 -0.00129199994 0.250037014
v -0.00796199962 0.00104 0.243277997
v -0.00772000011 0.00205700006 0.245026007
v -0.00891000032 0.0315809995 0.222867996
v -0.00664300006 0.00250800001 0.247489005
v -0.00618600007 0.0285400003 0.225715995
v -0.00515200011 0.00394299999 0.245138004
v -0.00779299997 0.000508999976 0.248657003
v -0.00889699999 0.0277830008 0.228911996
v -0.00325000007 0.0269579999 0.226093993
v -0.00578500004 0.0265239999 0.229283005
v -0.00229500001 0.0243580006 0.229195997
v -0.00656899996 -0.000882999972 0.249287993
v -0.00389999989 0.00111399998 0.248891994
v -0.00476799998 2.99999992e-05 0.249557003
v -0.00504700001 0.00232700002 0.248653993
v -0.00360199995 0.00116900005 0.249867007
v -0.00622900017 0.000216 0.250129014
v -0.00779799977 0.0246399995 0.230673999
v -0.00182799995 0.00280999998 0.249442995
v -0.00676999986 0.0249990001 0.231223002
v -0.0445200019 0.0144189997 0.202181995
v -0.0429840013 0.0172949992 0.200259
v -0.0462110005 0.0142940003 0.204825997
v -0.0432190001 0.0200210009 0.202319995
v -0.045361001 0.0179609992 0.204518005
v -0.0415639989 0.0197940003 0.197899997
v -0.0416599996 0.0219630003 0.200920001
v -0.0237240009 0.0032579999 0.249380007
v -0.022442 0.00153699995 0.249406993
v -0.0226990003 0.0022760001 0.249935001
v -0.0235319994 0.00381699996 0.248705
v -0.0397940017 0.0249019992 0.200204
v -0.0276619997 0.0085789999 0.247402996
v -0.0264040008 0.0055610002 0.248677
v -0.0265980009 0.0064960001 0.249785006
v -0.0366710015 0.028252 0.197874993
v -0.0250119995 0.00471899984 0.248898
v -0.0250690002 0.00484000007 0.249632001
v -0.0243679993 0.00532800006 0.249988005
v -0.0237089992 0.00546600018 0.248062998
v -0.0436590016 0.0221619997 0.204560995
v -0.0421819985 0.0246370006 0.204504997
v -0.0275929999 0.0117269997 0.249509007
v -0.0277469996 0.0133659998 0.246197
v -0.038736999 0.0286810007 0.203878999
v -0.0373659991 0.0285400003 0.201036006
v -0.0283359997 0.0141759999 0.244760007
v -0.0473910011 0.0160140004 0.210895002
v -0.0461409986 0.0196899995 0.211051002
v -0.0273369998 0.0146359997 0.249074996
v -0.0262950007 0.0172140002 0.249634996
v -0.0467809997 0.0172710009 0.212735996
v -0.0456879996 0.0175679997 0.214120999
v -0.0454079993 0.0209439993 0.212658003
v -0.00228299992 0.0203430001 0.25000301
v -0.0439880006 0.0235370006 0.211989999
v -0.0405509993 0.0269269999 0.205129996
v -0.0273759998 0.0174930003 0.244969994
v -0.0266650002 0.0175519995 0.246558994
v -0.0253940001 0.0194150005 0.249237999
v -0.0257130004 0.0206569992 0.244856
v -0.0239640009 0.0218310002 0.243290007
v -0.0235319994 0.0217860006 0.246472999
v -0.0228470005 0.0216240007 0.245682999
v -0.0229139999 0.0219379999 0.242846996
v -0.0207490008 0.0196490008 0.244387001
v -0.0203520004 0.0202610008 0.243174002
v -0.0214750003 0.0209379997 0.242519006
v -0.0207490008 0.0196490008 0.244387001
v -0.0193629991 0.0199740008 0.244449005
v -0.0181569997 0.0219839998 0.242923006
v -0.0199699998 0.0198609997 0.246948004
v -0.0193629991 0.0199740008 0.244449005
v -0.0173649993 0.0211469997 0.245189995
v -0.0173649993 0.0211469997 0.245189995
v -0.0164819993 0.0216959994 0.247229993
v -0.0212990008 0.0210870001 0.247682005
v -0.0200319998 0.0207649991 0.247778997
v -0.0236179996 0.0213259999 0.249853
v -0.0217610002 0.0217850003 0.249873996
v -0.0326379985 0.0318440013 0.195586994
v -0.0332110003 0.0318850018 0.199417993
v -0.0237339996 0.0217029992 0.249282002
v -0.0224520005 0.0220389999 0.248789996
v -0.0213590004 0.0222360007 0.248769
v -0.0216000006 0.0222849995 0.249514997
v -0.0189609993 0.0219470002 0.248607993
v -0.0193990003 0.0237739999 0.249568999
v -0.0346999988 0.0318359993 0.203504995
v -0.0308839995 0.0339049995 0.201434001
v -0.0200670008 0.0244570002 0.242044002
v -0.0222430006 0.0223769993 0.242319003
v -0.0158750005 0.0248319991 0.248796999
v -0.0174679998 0.0246329997 0.249083996
v -0.0167789999 0.0246539991 0.249938995
v -0.0153580001 0.0219439995 0.244849995
v -0.0129300002 0.0224140007 0.247242004
v -0.0153580001 0.0219439995 0.244849995
v -0.0155710001 0.0234079994 0.248604998
v -0.0129300002 0.0224140007 0.247242004
v -0.0123239998 0.0238019992 0.248552993
v -0.0109280003 0.0222830009 0.247305006
v -0.00831899978 0.0214869995 0.247200996
v -0.00502499985 0.0210159998 0.248538002
v -0.00836099964 0.0228220001 0.248609006
v -0.0136169996 0.0251850002 0.249982998
v -0.0109280003 0.0222830009 0.247305006
v -0.0126940003 0.0248559993 0.248568997
v -0.00887800008 0.0247300006 0.248848006
v -0.00836099964 0.0228220001 0.248609006
v -0.00620200019 0.0234990008 0.248761997
v -0.00502000004 0.0233130008 0.249270007
v -0.00919499993 0.0251030009 0.249575004
v -0.0144480001 0.0254309997 0.249199003
v -0.012267 0.0256709997 0.249302
v -0.00822800025 0.0244820006 0.249951005
v -0.000812000013 0.0182000007 0.249939993
v -0.00502499985 0.0210159998 0.248538002
v -0.00302099995 0.020978 0.248706996
v -0.00203799992 0.0207390003 0.249206007
v -0.00495899981 0.0230509993 0.249789998
v -0.001468 0.0159259997 0.248223007
v -0.00302099995 0.020978 0.248706996
v 0.000304999994 0.0161380004 0.248817995
v -0.000812000013 0.0182000007 0.249939993
v -0.000624999986 0.0187180005 0.249535993
v -0.000624999986 0.0187180005 0.249535993
v -0.00203799992 0.0207390003 0.249206007
v -0.000624999986 0.0187180005 0.249535993
v -0.0384089984 0.0373440012 0.134084001
v -0.0482299998 0.0365969986 0.121476002
v -0.0247600004 0.0389529988 0.117297001
v -0.0300910007 0.0377959982 0.135584995
v -0.0199459996 0.038217999 0.126650006
v 0.0184850004 0.0306269992 0.168022007
v 0.0209320001 0.0295279995 0.164672002
v 0.0198240001 0.0317829996 0.141249001
v 0.00254000002 0.0332700014 0.173402995
v 0.0116039999 0.0320990011 0.171168
v 0.00824899971 0.0330250002 0.158279002
v 0.0288910009 0.0144450003 0.146230996
v 0.0275890008 0.0210079998 0.150101006
v 0.0271179993 0.0209819991 0.158195004
v -0.0135899996 0.0370209999 0.138123006
v -0.00533800013 0.0364889987 0.131451994
v 0.0259470008 0.0247450005 0.152340993
v 0.0149670001 0.0312120002 0.179087996
v 0.0172370002 0.0319969989 0.151133999
v -0.0118939998 0.0355050005 0.158397004
v -0.00399400014 0.0346830003 0.157701001
v 0.00246999995 0.0339489989 0.155604005
v 0.00491699995 0.0343240015 0.143006995
v 0.0139889996 0.0329690017 0.144240007
v 0.00853800029 0.0333889984 0.150753006
v 0.0183019992 0.0297640003 0.179884002
v 0.0135890003 0.0325729996 0.153043002
v 0.0285739992 0.0185029991 0.136830002
v 0.0241599996 0.0265699998 0.162400007
v 0.0250809994 0.0238889996 0.168274
v 0.0236179996 0.0261640009 0.170331001
v 0.0221129991 0.0280419998 0.169282004
v 0.0230190009 0.0284630004 0.157114998
v 0.00156899996 0.0337990001 0.178614005
v 0.0147700002 0.0315029994 0.180597007
v 0.000995000009 0.0334790014 0.177252993
v 0.00915499963 0.0339669995 0.182429001
v 0.0219960008 0.030948 0.135242
v 0.0147120003 0.0325109996 0.183043003
v -0.0259809997 0.0364999995 0.155899003
v 0.0175710004 0.0305390004 0.181710005
v 0.0237269998 0.0292319991 0.137734994
v 0.0250470005 0.0271540005 0.143678993
v 0.0219960008 0.030948 0.135242
v 0.0235859994 0.0237150006 0.180389002
v 0.0225729998 0.0258499999 0.179361999
v 0.0209320001 0.0295279995 0.164672002
v 0.0183019992 0.0297640003 0.179884002
v -0.0227339994 0.0375859998 0.139000997
v 0.0198059995 0.0286219995 0.18073
v 0.0221490003 0.0262800008 0.181476995
v -0.0202580001 0.0362779982 0.156195
v 0.0241199993 0.0231880005 0.182390004
v -0.0204450004 0.0354119986 0.167897999
v -0.0123610003 0.0351379998 0.167641997
v 0.0221490003 0.0262800008 0.181476995
v 0.0198059995 0.0286219995 0.18073
v 0.0208529998 0.0311450008 0.188418001
v 0.0238179993 0.0280820001 0.188852996
v 0.00144000002 0.0378509983 0.184580997
v -0.00042299999 0.0382869989 0.184943005
v 0.0101880003 0.0362630002 0.187004998
v 0.00690199994 0.0370809995 0.187373996
v 0.0148329996 0.0347220004 0.188014001
v 0.013061 0.0353859998 0.188950002
v 0.00927999988 0.0351230018 0.195352003
v -0.00944999978 0.0346419998 0.170214996
v -0.0162129998 0.035046 0.173023999
v -0.0146260001 0.035149999 0.174590006
v -0.00584199978 0.038635999 0.183656007
v -0.0106560001 0.0384869985 0.180657998
v 0.0238179993 0.0280820001 0.188852996
v 0.0189720001 0.032802999 0.189418003
v 0.0172000006 0.0336299986 0.189813003
v -0.0132689998 0.0387249999 0.180859998
vt 0.316753 0.772982001
vt 0.279597998 0.741412014
vt 0.317703009 0.766542003
vt 0.453684986 0.698852986
vt 0.49169299 0.634995013
vt 0.462159991 0.704566985
vt 0.540795028 0.640471011
vt 0.565419972 0.617265999
vt 0.535507977 0.674346
vt 0.560176015 0.66278401
vt 0.484970987 0.674650013
vt 0.510007977 0.643658012
vt 0.492462993 0.694622993
vt 0.225646004 0.738555998
vt 0.242816001 0.741358995
vt 0.275959998 0.779214993
vt 0.283275008 0.753801003
vt 0.259894013 0.742754012
vt 0.253111005 0.733345985
vt 0.252297014 0.72516799
vt 0.218272999 0.718284011
vt 0.274188012 0.758670002
vt 0.473975986 0.645090997
vt 0.449137986 0.689633012
vt 0.230766997 0.716702014
vt 0.311769009 0.726678997
vt 0.221282005 0.704443008
vt 0.242524996 0.711198002
vt 0.209360003 0.69233799
vt 0.213107005 0.686069012
vt 0.206764996 0.70004499
vt 0.195145994 0.713923991
vt 0.197566003 0.704894006
vt 0.374704003 0.827243999
vt 0.361281991 0.831946
vt 0.360049993 0.820344001
vt 0.526124001 0.64674601
vt 0.510508001 0.705826014
vt 0.38438499 0.830963001
vt 0.383718014 0.819554001
vt 0.369129986 0.817646995
vt 0.391270995 0.824383005
vt 0.583581984 0.710509986
vt 0.579519987 0.678562999
vt 0.603963971 0.654435992
vt 0.374437004 0.811261997
vt 0.291033 0.777520999
vt 0.391407996 0.792477995
vt 0.395711988 0.798794001
vt 0.262926996 0.800271004
vt 0.582899988 0.619452
vt 0.194392994 0.737423986
vt 0.348742992 0.806344002
vt 0.347725004 0.796901003
vt 0.323527992 0.782809004
vt 0.337291002 0.783194005
vt 0.363965005 0.807811007
vt 0.600612998 0.631152987
vt 0.359699994 0.797876
vt 0.274908006 0.684228987
vt 0.329522997 0.738308012
vt 0.376417994 0.783324003
vt 0.365960985 0.770062998
vt 0.335509986 0.723459005
vt 0.307633996 0.702349007
vt 0.473037988 0.747711986
vt 0.383489996 0.781992003
vt 0.280393988 0.69699201
vt 0.350351989 0.760692999
vt 0.343340009 0.745575011
vt 0.365610003 0.752028003
vt 0.425368011 0.846796006
vt 0.427623004 0.855331004
vt 0.405481011 0.837158993
vt 0.408250004 0.847874999
vt 0.539732993 0.698668003
vt 0.519654989 0.739951998
vt 0.416391999 0.835080996
vt 0.398755014 0.847513005
vt 0.380127996 0.837331995
vt 0.396297008 0.851910993
vt 0.395972997 0.834676996
vt 0.258219004 0.673848987
vt 0.384259999 0.851493001
vt 0.371683002 0.835722998
vt 0.428837001 0.877685003
vt 0.239127994 0.658679008
vt 0.587350011 0.594592988
vt 0.543307006 0.738779008
vt 0.400270998 0.824430004
vt 0.43603301 0.867550999
vt 0.606845021 0.596536011
vt 0.285679013 0.68217501
vt 0.330689996 0.698327988
vt 0.297190994 0.678451985
vt 0.444337994 0.862645
vt 0.462361991 0.874879003
vt 0.268694997 0.671355009
vt 0.328538001 0.894139998
vt 0.324483007 0.866474003
vt 0.352600992 0.843336999
vt 0.327288002 0.844585001
vt 0.252398998 0.663246989
vt 0.254007995 0.655948013
vt 0.271126986 0.653376013
vt 0.292447001 0.660638005
vt 0.316509992 0.886307999
vt 0.636371017 0.610114008
vt 0.341845006 0.807328999
vt 0.364948988 0.743405998
vt 0.342738003 0.815445006
vt 0.363546997 0.714821011
vt 0.386945993 0.74128601
vt 0.315411001 0.806701005
vt 0.345797002 0.714105994
vt 0.625464022 0.644089997
vt 0.316287994 0.792157993
vt 0.626137972 0.605906993
vt 0.399093002 0.73032999
vt 0.311661005 0.829352006
vt 0.312943012 0.780495003
vt 0.348675013 0.684222996
vt 0.627300024 0.573020011
vt 0.313953996 0.680759996
vt 0.411284 0.711809993
vt 0.550629973 0.754885003
vt 0.655243993 0.602771997
vt 0.632914007 0.650310993
vt 0.388911992 0.665210009
vt 0.427569002 0.655862004
vt 0.427246988 0.685887992
vt 0.522587001 0.601615012
vt 0.246912003 0.817673996
vt 0.438591003 0.691009998
vt 0.515766025 0.570647001
vt 0.505204976 0.575233996
vt 0.366746008 0.649057001
vt 0.337846011 0.640670002
vt 0.546752989 0.577284008
vt 0.305860996 0.853137001
vt 0.524488986 0.573610991
vt 0.41535601 0.805728003
vt 0.405786008 0.801769003
vt 0.401501 0.794614002
vt 0.409323007 0.793380007
vt 0.425107986 0.804689005
vt 0.396169007 0.785921007
vt 0.486423999 0.59403199
vt 0.475876004 0.597052008
vt 0.51176399 0.537063986
vt 0.445448011 0.654823989
vt 0.403948992 0.775889993
vt 0.391965002 0.770071998
vt 0.433236986 0.673783004
vt 0.400729001 0.770581007
vt 0.465512991 0.57743901
vt 0.49712199 0.546050996
vt 0.417751998 0.781241
vt 0.417764992 0.788076997
vt 0.419530004 0.773784995
vt 0.427814007 0.780791998
vt 0.408782989 0.769062996
vt 0.398510993 0.764083996
vt 0.391631007 0.763080001
vt 0.287030995 0.635327995
vt 0.408284992 0.74435401
vt 0.402918994 0.73586899
vt 0.411879003 0.622723997
vt 0.548883975 0.550924003
vt 0.414472997 0.748219013
vt 0.434222013 0.73376599
vt 0.347133994 0.587017
vt 0.320120007 0.578310996
vt 0.521450996 0.540800989
vt 0.433070987 0.837702006
vt 0.446612 0.851628006
vt 0.425783992 0.813623995
vt 0.438178003 0.817503005
vt 0.454153001 0.826977998
vt 0.389582992 0.60760501
vt 0.448707998 0.756095007
vt 0.442115992 0.810963005
vt 0.450767994 0.564233005
vt 0.458418012 0.548783988
vt 0.435930997 0.793798
vt 0.360208005 0.598845005
vt 0.441686004 0.566118985
vt 0.44176501 0.549872011
vt 0.441597998 0.542176008
vt 0.464233011 0.863940999
vt 0.472891003 0.546644002
vt 0.468865991 0.858110994
vt 0.475993991 0.840305001
vt 0.461593986 0.820648998
vt 0.437617004 0.787573993
vt 0.437615991 0.547237992
vt 0.488662004 0.761388004
vt 0.467198014 0.801251993
vt 0.452490985 0.793340996
vt 0.441442996 0.535620987
vt 0.443482995 0.528362989
vt 0.454991996 0.802175
vt 0.440003008 0.529381007
vt 0.498282999 0.784253001
vt 0.48882699 0.808916003
vt 0.428061008 0.512724996
vt 0.506147981 0.815495998
vt 0.477721006 0.832962006
vt 0.476749986 0.504736006
vt 0.446099013 0.501511008
vt 0.482030004 0.814098001
vt 0.367675006 0.564588994
vt 0.394448012 0.569032013
vt 0.498795003 0.499553978
vt 0.470019013 0.630116999
vt 0.463211 0.605796009
vt 0.445551008 0.593594998
vt 0.582391024 0.529998988
vt 0.556159019 0.588113993
vt 0.573850989 0.525837004
vt 0.54479599 0.508552998
vt 0.564593971 0.51650399
vt 0.557500005 0.503926009
vt 0.585372984 0.565182
vt 0.423222989 0.577396989
vt 0.592905998 0.532956004
vt 0.60373503 0.552902013
vt 0.618595004 0.546249986
vt 0.530107021 0.508376986
vt 0.407261014 0.528274
vt 0.53136301 0.481167018
vt 0.559248984 0.47043103
vt 0.546455026 0.451843023
vt 0.584426999 0.445257008
vt 0.485379994 0.463006973
vt 0.514726996 0.476795018
vt 0.501680017 0.46243
vt 0.181068003 0.679839998
vt 0.188214004 0.673712999
vt 0.324589998 0.411823988
vt 0.269869 0.484072983
vt 0.30053699 0.431487024
vt 0.29993999 0.561816007
vt 0.263942003 0.565559
vt 0.281313002 0.532285988
vt 0.416043013 0.384452999
vt 0.422930002 0.404362977
vt 0.409530997 0.416763008
vt 0.402824998 0.382673979
vt 0.295262992 0.539790004
vt 0.226877004 0.648532003
vt 0.252110988 0.56200999
vt 0.275186986 0.507831991
vt 0.254979998 0.545296013
vt 0.252178013 0.528764993
vt 0.216719002 0.631105989
vt 0.332520992 0.361369014
vt 0.308501989 0.405618012
vt 0.280454993 0.441502988
vt 0.291584015 0.406262994
vt 0.244813994 0.499222994
vt 0.262943 0.484058976
vt 0.234630004 0.534857988
vt 0.282092005 0.47902298
vt 0.433146 0.502911001
vt 0.462460995 0.395465016
vt 0.428018987 0.421626985
vt 0.252499998 0.642197996
vt 0.422432989 0.506200999
vt 0.231307 0.64259699
vt 0.415865004 0.481485009
vt 0.31120199 0.506969988
vt 0.322694004 0.526982009
vt 0.231518 0.633221
vt 0.241154 0.618083
vt 0.414575994 0.493090987
vt 0.406352013 0.483421981
vt 0.426537007 0.37065202
vt 0.216939002 0.618055999
vt 0.210304007 0.618728995
vt 0.463488996 0.360920012
vt 0.304437011 0.484200001
vt 0.38271001 0.499903023
vt 0.372664988 0.481171012
vt 0.236222997 0.596630007
vt 0.394510001 0.466790974
vt 0.307550997 0.460969985
vt 0.434760988 0.343593001
vt 0.283109993 0.586679995
vt 0.365049988 0.423425972
vt 0.369493991 0.397381008
vt 0.370671004 0.53283301
vt 0.351960987 0.551414013
vt 0.310205996 0.440172017
vt 0.331030011 0.422537982
vt 0.44163999 0.484117985
vt 0.337994993 0.509799987
vt 0.465310991 0.473361015
vt 0.360785991 0.418276012
vt 0.334935993 0.436071992
vt 0.36481601 0.393483996
vt 0.458620995 0.471799016
vt 0.339854985 0.376305997
vt 0.441913992 0.452266991
vt 0.36995101 0.359853029
vt 0.428124011 0.437255025
vt 0.382654011 0.453288019
vt 0.329465985 0.338138998
vt 0.27580899 0.415561974
vt 0.300686985 0.360418022
vt 0.229165003 0.570641994
vt 0.205114007 0.611883998
vt 0.352708012 0.461215973
vt 0.374296993 0.449225008
vt 0.215593994 0.576368004
vt 0.334044009 0.540028006
vt 0.329448998 0.506392986
vt 0.366385996 0.354072988
vt 0.317654014 0.494449019
vt 0.382532001 0.366455019
vt 0.360430002 0.434108973
vt 0.366095006 0.43691802
vt 0.330385 0.455283999
vt 0.34039399 0.570414007
vt 0.341111004 0.29518199
vt 0.318392009 0.555570006
vt 0.243939996 0.482092977
vt 0.410762995 0.33355099
vt 0.421986014 0.353613019
vt 0.394001991 0.332814991
vt 0.466556013 0.458487988
vt 0.460725993 0.463388026
vt 0.420803994 0.302206993
vt 0.392814994 0.320487022
vt 0.487713993 0.414808989
vt 0.453388005 0.446070015
vt 0.443560988 0.440303981
vt 0.364681005 0.345426977
vt 0.384048998 0.31159699
vt 0.381646007 0.30477798
vt 0.382492989 0.292210996
vt 0.499848008 0.427356005
vt 0.369585007 0.294077992
vt 0.354680002 0.29648602
vt 0.432204992 0.428762972
vt 0.417466015 0.276740015
vt 0.559355021 0.811131001
vt 0.545751989 0.835795999
vt 0.534964025 0.827400997
vt 0.552699029 0.783399001
vt 0.190786004 0.718726993
vt 0.56239301 0.843456998
vt 0.179111004 0.698767006
vt 0.720708013 0.853475004
vt 0.758262992 0.807367995
vt 0.750079989 0.891579002
vt 0.517934024 0.817280993
vt 0.723151028 0.810102001
vt 0.158363998 0.71527499
vt 0.173932999 0.733911008
vt 0.155663997 0.731723994
vt 0.200240001 0.764997005
vt 0.150317997 0.819339007
vt 0.208459005 0.860076994
vt 0.200207993 0.87641
vt 0.192931995 0.812483996
vt 0.458106011 0.888729997
vt 0.460635006 0.880106002
vt 0.314002007 0.903440997
vt 0.318659991 0.913214996
vt 0.155321002 0.856870994
vt 0.574706018 0.748322994
vt 0.169856995 0.900633
vt 0.117071003 0.830127999
vt 0.777589023 0.842961997
vt 0.80438298 0.866646007
vt 0.584219992 0.767156005
vt 0.264079005 0.869029
vt 0.583833992 0.812418997
vt 0.293042004 0.916330002
vt 0.599413991 0.760767996
vt 0.562299013 0.868195996
vt 0.552810013 0.871715993
vt 0.54893899 0.863563001
vt 0.541334987 0.843125001
vt 0.562816024 0.852990001
vt 0.257519007 0.915481001
vt 0.255528003 0.900280997
vt 0.141523004 0.794636995
vt 0.193747997 0.784155995
vt 0.54745698 0.841076002
vt 0.560836971 0.876215003
vt 0.571045995 0.877187997
vt 0.574339986 0.868673995
vt 0.572365999 0.854039997
vt 0.574795008 0.848965004
vt 0.584774017 0.852869004
vt 0.584104002 0.861342996
vt 0.126727998 0.740087003
vt 0.234274998 0.838078007
vt 0.592526019 0.857638001
vt 0.110362001 0.752716005
vt 0.105067 0.771192998
vt 0.599255979 0.825611994
vt 0.584127009 0.874891996
vt 0.583642006 0.881927997
vt 0.104387999 0.802830994
vt 0.595430017 0.883317001
vt 0.601549983 0.876768999
vt 0.598715007 0.865048006
vt 0.793883026 0.802123994
vt 0.831997991 0.797275007
vt 0.604255974 0.859404996
vt 0.629408002 0.873829007
vt 0.628916979 0.884112
vt 0.236934006 0.909773998
vt 0.226275995 0.916879997
vt 0.593330979 0.812390998
vt 0.629712999 0.932626002
vt 0.598411024 0.919891
vt 0.630653977 0.927914001
vt 0.611365974 0.917057998
vt 0.598944008 0.907916002
vt 0.609044015 0.907774001
vt 0.631529987 0.762161002
vt 0.618583977 0.848158002
vt 0.632436991 0.939204
vt 0.601402998 0.928204
vt 0.158401996 0.905504003
vt 0.157672003 0.896381997
vt 0.192927003 0.937285997
vt 0.210088998 0.934096999
vt 0.602850974 0.700697005
vt 0.623425007 0.693984985
vt 0.599744022 0.734692007
vt 0.657307029 0.931546003
vt 0.639208972 0.919735998
vt 0.619659007 0.764530003
vt 0.620082021 0.72458601
vt 0.132080004 0.890918002
vt 0.640717983 0.871536002
vt 0.146602005 0.908474997
vt 0.682599008 0.948111001
vt 0.634046018 0.846622005
vt 0.710160971 0.949781001
vt 0.683273017 0.933838002
vt 0.65407598 0.881370999
vt 0.478837013 0.876507998
vt 0.486862987 0.892559998
vt 0.485385001 0.88504
vt 0.300137013 0.929296002
vt 0.495797008 0.874138996
vt 0.494055986 0.882054001
vt 0.652198017 0.897472002
vt 0.619162023 0.889399
vt 0.504429996 0.854260996
vt 0.656904995 0.891223997
vt 0.484795988 0.903622001
vt 0.632740974 0.742255002
vt 0.677731991 0.649648011
vt 0.668362975 0.880383
vt 0.641095996 0.751164004
vt 0.270879 0.939422
vt 0.518985987 0.902001001
vt 0.69522202 0.900141999
vt 0.525834024 0.909278996
vt 0.518603027 0.914999999
vt 0.276156008 0.951910999
vt 0.510702014 0.894098997
vt 0.515213013 0.888428003
vt 0.678291023 0.797056004
vt 0.689220011 0.888793997
vt 0.513791978 0.877038002
vt 0.701411009 0.884291001
vt 0.260704994 0.924603999
vt 0.641824007 0.653409988
vt 0.503297985 0.844378993
vt 0.651192009 0.663257003
vt 0.120454997 0.876261003
vt 0.50503099 0.823017001
vt 0.617577016 0.750639006
vt 0.0904389992 0.829834998
vt 0.515911996 0.831815004
vt 0.658321977 0.665385008
vt 0.522542 0.857595995
vt 0.523792028 0.850118995
vt 0.670171022 0.65339601
vt 0.0969040021 0.846882999
vt 0.653672993 0.756137997
vt 0.698954999 0.665033996
vt 0.736909986 0.962572999
vt 0.0958560035 0.857056007
vt 0.105584003 0.875134997
vt 0.529217005 0.887962997
vt 0.0781359971 0.845706999
vt 0.692550004 0.63794601
vt 0.53887099 0.865145996
vt 0.759338975 0.963810999
vt 0.74476397 0.953736998
vt 0.251421005 0.95764
vt 0.0897729993 0.795433998
vt 0.0919699967 0.811476007
vt 0.531140029 0.898436002
vt 0.534489989 0.916212
vt 0.540021002 0.906350002
vt 0.546411991 0.913831003
vt 0.255562007 0.967709001
vt 0.682017982 0.750710994
vt 0.546290994 0.904215001
vt 0.0728780031 0.802996993
vt 0.0780640021 0.782723993
vt 0.254974991 0.936489001
vt 0.0731450021 0.816907004
vt 0.0771640018 0.836825997
vt 0.064023003 0.819508001
vt 0.0636970028 0.827676997
vt 0.0622060001 0.804815993
vt 0.0566550009 0.807520002
vt 0.054570999 0.816400006
vt 0.554409981 0.908302002
vt 0.560356975 0.913681999
vt 0.260713995 0.972157
vt 0.252694011 0.976118
vt 0.240770996 0.968779
vt 0.237330005 0.961102001
vt 0.577207029 0.912293002
vt 0.576813996 0.921044998
vt 0.0832170025 0.857678995
vt 0.662828982 0.619614989
vt 0.0625090003 0.837227002
vt 0.776180029 0.963893
vt 0.79470402 0.970536999
vt 0.227817997 0.962382998
vt 0.727271974 0.943991002
vt 0.770020008 0.952519
vt 0.673442006 0.615785986
vt 0.788788021 0.960501999
vt 0.809207022 0.968203999
vt 0.050241001 0.821147993
vt 0.813418984 0.975601999
vt 0.818365991 0.971398
vt 0.548614979 0.899216004
vt 0.80211699 0.961155999
vt 0.544395983 0.890079997
vt 0.558211029 0.898179002
vt 0.728386998 0.906470001
vt 0.563781023 0.907026
vt 0.569387972 0.900723003
vt 0.576237023 0.906129003
vt 0.582894981 0.898284003
vt 0.75575 0.910616003
vt 0.747577012 0.904579997
vt 0.708323002 0.700204015
vt 0.724600017 0.721017987
vt 0.740070999 0.894634001
vt 0.758653998 0.897987001
vt 0.212856993 0.772547007
vt 0.783963025 0.909381002
vt 0.821075976 0.912657
vt 0.798841 0.914261997
vt 0.785291016 0.901733004
vt 0.73980701 0.648386002
vt 0.820339978 0.902477004
vt 0.525426984 0.829965994
vt 0.801554024 0.669252008
vt 0.77888602 0.741346002
vt 0.754507005 0.715936989
vt 0.807079017 0.723818004
vt 0.770295024 0.638336003
vt 0.696178973 0.824553996
vt 0.784653008 0.652325988
vt 0.714515984 0.761721998
vt 0.742181003 0.778530002
vt 0.688049018 0.594294012
vt 0.685612977 0.575118989
vt 0.705712974 0.566211998
vt 0.737686992 0.575363994
vt 0.757918 0.585927993
vt 0.812264025 0.769299999
vt 0.183844 0.69015801
vt 0.169750005 0.699142009
vt 0.162957996 0.68462801
vt 0.169561997 0.678088009
vt 0.842200994 0.723367989
vt 0.149942994 0.701723009
vt 0.150221005 0.690174997
vt 0.159384996 0.677206993
vt 0.876030982 0.752449006
vt 0.178225994 0.666765004
vt 0.165133998 0.669339001
vt 0.144907996 0.672311008
vt 0.152989998 0.669487
vt 0.147187993 0.677630991
vt 0.165197 0.663102001
vt 0.160033002 0.659545988
vt 0.152781993 0.659990013
vt 0.175331995 0.482187986
vt 0.199803993 0.415702999
vt 0.218024999 0.421715021
vt 0.143040001 0.658365011
vt 0.182126001 0.402916014
vt 0.219835997 0.377793014
vt 0.131385997 0.471276999
vt 0.189070001 0.621170998
vt 0.152441993 0.468874991
vt 0.110918999 0.548729002
vt 0.111241996 0.523672998
vt 0.166651994 0.635969996
vt 0.148487002 0.65021199
vt 0.864777982 0.662162006
vt 0.895011008 0.692858011
vt 0.167474002 0.615976006
vt 0.145811006 0.719814986
vt 0.907531023 0.649801999
vt 0.110091999 0.721569985
vt 0.118166998 0.725654989
vt 0.0766649991 0.761893004
vt 0.0888580009 0.764559001
vt 0.0628969967 0.786192
vt 0.0410039984 0.591825008
vt 0.0706690028 0.605924994
vt 0.0609720014 0.607946008
vt 0.132404998 0.65437001
vt 0.122097 0.652787
vt 0.0540670007 0.610473007
vt 0.0366300009 0.594949007
vt 0.120633997 0.657541007
vt 0.131826997 0.668536991
vt 0.150402993 0.373787999
vt 0.13538 0.402221024
vt 0.0995759964 0.437223017
vt 0.861128986 0.831866995
vt 0.895197988 0.756081
vt 0.867587984 0.831664994
vt 0.100528002 0.646032989
vt 0.0207630005 0.580352992
vt 0.126994997 0.644120991
vt 0.0429649986 0.577459991
vt 0.0610949993 0.588252991
vt 0.0481080003 0.589248002
vt 0.0309849996 0.577883989
vt 0.135968998 0.641467988
vt 0.161350995 0.380865991
vt 0.129746005 0.439009011
vt 0.126337007 0.425471008
vt 0.0673469976 0.597263008
vt 0.113770999 0.641718
vt 0.120353997 0.633630008
vt 0.0539529994 0.800403997
vt 0.0492479987 0.808855996
vt 0.0163620003 0.571419001
vt 0.202219993 0.358947992
vt 0.146669999 0.429744005
vt 0.0230659992 0.565340996
vt 0.0150699997 0.560811996
vt 0.100694001 0.743131012
vt 0.0311479997 0.569074005
vt 0.0951049998 0.739971995
vt 0.0990189984 0.637335002
vt 0.105911002 0.629837006
vt 0.0694580004 0.543289006
vt 0.0955229998 0.629990011
vt 0.0785629973 0.627826005
vt 0.108019002 0.620842993
vt 0.102192 0.489785016
vt 0.0538720004 0.53234899
vt 0.240542993 0.326207995
vt 0.0811550021 0.620020986
vt 0.0103730001 0.563073009
vt 0.0498480015 0.512793005
vt 0.0261189993 0.535589993
vt 0.887293994 0.753534004
vt 0.0546060018 0.516276985
vt 0.827099979 0.938529
vt 0.188509002 0.612980008
vt 0.152355999 0.586652011
vt 0.165208995 0.591062009
vt 0.204224005 0.343982995
vt 0.196014002 0.341359973
vt 0.199873999 0.325607002
vt 0.0521420017 0.497408986
vt 0.83100301 0.651654005
vt 0.887162983 0.600115001
vt 0.215272993 0.500308007
vt 0.838172972 0.903201997
vt 0.259045005 0.426136017
vt 0.219607994 0.545886993
vt 0.213092998 0.536285996
vt 0.192422003 0.560443014
vt 0.0979679972 0.470077991
vt 0.260334015 0.397203982
vt 0.223085001 0.455842018
vt 0.100827001 0.451915026
vt 0.159339994 0.536700994
vt 0.132312 0.586347997
vt 0.913240016 0.677358001
vt 0.932895005 0.602472007
vt 0.251504987 0.379896998
vt 0.0862179995 0.606278002
vt 0.234513998 0.384048998
vt 0.189325005 0.506406993
vt 0.120282002 0.557449013
vt 0.927397013 0.590961993
vt 0.922152996 0.565149993
vt 0.30487901 0.33415103
vt 0.245680004 0.336516023
vt 0.289409995 0.33692503
vt 0.848450005 0.834202006
vt 0.275155991 0.333311021
vt 0.240565002 0.314019978
vt 0.248965994 0.289041996
vt 0.246517003 0.278319001
vt 0.308331013 0.298138976
vt 0.32148701 0.26918602
vt 0.285874009 0.295207977
vt 0.304607004 0.249050975
vt 0.342052013 0.26857698
vt 0.312651008 0.222778976
vt 0.294972986 0.230745018
vt 0.246726006 0.263634026
vt 0.205369994 0.308327019
vt 0.939069986 0.613647997
vt 0.922136009 0.674160004
vt 0.57061702 0.432321012
vt 0.614283025 0.511061013
vt 0.63398999 0.500057995
vt 0.651354015 0.449697971
vt 0.631973028 0.467231989
vt 0.637796998 0.433031023
vt 0.593029022 0.454428971
vt 0.581804991 0.465045989
vt 0.640780985 0.528315991
vt 0.663782001 0.404102981
vt 0.676270008 0.407081008
vt 0.693916023 0.415937006
vt 0.672203004 0.420171976
vt 0.674766004 0.461043
vt 0.649712026 0.481311023
vt 0.706140995 0.426642001
vt 0.587248981 0.485776007
vt 0.643440008 0.39113301
vt 0.618939996 0.453653991
vt 0.601503015 0.495563984
vt 0.609526992 0.446838975
vt 0.653841019 0.549555987
vt 0.594157994 0.402877986
vt 0.567853987 0.407662988
vt 0.600759983 0.406490028
vt 0.685544014 0.387211978
vt 0.664578021 0.560811013
vt 0.709933996 0.396636009
vt 0.674908996 0.572331011
vt 0.690804005 0.369095981
vt 0.71101898 0.417671025
vt 0.607659996 0.41099
vt 0.683246017 0.498052001
vt 0.66456902 0.50346601
vt 0.614104986 0.419592023
vt 0.708341002 0.372536004
vt 0.724631011 0.38210398
vt 0.727825999 0.42255199
vt 0.634355009 0.387953997
vt 0.625750005 0.375370979
vt 0.696937978 0.520727009
vt 0.688507974 0.550072014
vt 0.700744987 0.479219019
vt 0.710478008 0.51631999
vt 0.719572008 0.425907016
vt 0.716944993 0.460067987
vt 0.726338983 0.498351991
vt 0.712238014 0.53056401
vt 0.735172987 0.427124977
vt 0.723147988 0.473348975
vt 0.744135022 0.443360984
vt 0.736406028 0.493201017
vt 0.730206013 0.473589003
vt 0.762610018 0.425414026
vt 0.743695021 0.426571012
vt 0.771708012 0.422430992
vt 0.773470998 0.456153989
vt 0.753323019 0.513918996
vt 0.739089012 0.37668699
vt 0.747542977 0.394194007
vt 0.749845982 0.409632027
vt 0.63518101 0.374255002
vt 0.753938019 0.423868001
vt 0.655671 0.364493012
vt 0.653891981 0.395420015
vt 0.669349015 0.370850027
vt 0.764382005 0.40693301
vt 0.781086028 0.395678997
vt 0.764334023 0.374746978
vt 0.540521979 0.421853006
vt 0.818193018 0.263303995
vt 0.832006991 0.304027021
vt 0.821038008 0.292087972
vt 0.548717976 0.260466993
vt 0.592400014 0.303215981
vt 0.598236024 0.329288006
vt 0.572519004 0.266023993
vt 0.468952 0.124401987
vt 0.456203997 0.144133985
vt 0.459170997 0.110064983
vt 0.579355001 0.30607897
vt 0.429984003 0.122419
vt 0.443138987 0.136021972
vt 0.434942007 0.134645998
vt 0.834205985 0.262983024
vt 0.546262026 0.280866981
vt 0.563845992 0.293245971
vt 0.567606986 0.308596015
vt 0.510628998 0.404541016
vt 0.589556992 0.289615989
vt 0.576053977 0.264504015
vt 0.474139988 0.119575024
vt 0.849457979 0.260438025
vt 0.848930001 0.312485993
vt 0.599350989 0.293267012
vt 0.46706599 0.108841002
vt 0.561306 0.400466979
vt 0.626464009 0.284487009
vt 0.625658989 0.310648024
vt 0.616539001 0.285767972
vt 0.866647005 0.310994029
vt 0.537330985 0.396073997
vt 0.44363001 0.0961800218
vt 0.633228004 0.282274008
vt 0.456155002 0.0951550007
vt 0.527032971 0.386955976
vt 0.859052002 0.256281972
vt 0.553552985 0.374876976
vt 0.639357984 0.323190987
vt 0.647010028 0.292743981
vt 0.545642018 0.357820988
vt 0.515065014 0.367648005
vt 0.508337021 0.165973008
vt 0.545183003 0.129931986
vt 0.532364011 0.157602012
vt 0.591511011 0.387233019
vt 0.778469026 0.234659016
vt 0.770412982 0.259310007
vt 0.763786018 0.235588014
vt 0.560904026 0.126186013
vt 0.617214024 0.248320997
vt 0.778029025 0.262696028
vt 0.787817001 0.258354008
vt 0.573540986 0.388332009
vt 0.791873991 0.262807012
vt 0.784973025 0.267831981
vt 0.662747025 0.316371024
vt 0.651102006 0.311526
vt 0.661987007 0.295156002
vt 0.799938977 0.265892982
vt 0.671773016 0.302267015
vt 0.665877998 0.336902976
vt 0.649167001 0.335640013
vt 0.677015007 0.329005003
vt 0.755264997 0.211520016
vt 0.770142972 0.210798979
vt 0.57625401 0.378144026
vt 0.599906981 0.118915021
vt 0.686594009 0.287401021
vt 0.682582974 0.306198001
vt 0.692921996 0.315712988
vt 0.695505023 0.328374028
vt 0.704185009 0.308255017
vt 0.676798999 0.28164798
vt 0.564804971 0.362655997
vt 0.500539005 0.148341
vt 0.511846006 0.121156991
vt 0.523773015 0.136243999
vt 0.555007994 0.344268978
vt 0.698536992 0.295920014
vt 0.783574998 0.216135025
vt 0.567407012 0.352434993
vt 0.543753028 0.106692016
vt 0.686672986 0.271704018
vt 0.699024022 0.282482028
vt 0.620774984 0.367236018
vt 0.697760999 0.273402989
vt 0.763464987 0.197057009
vt 0.710269988 0.29321003
vt 0.712597013 0.283343971
vt 0.615697026 0.360342979
vt 0.555598021 0.162464976
vt 0.608514011 0.125015974
vt 0.78185302 0.200221002
vt 0.651804984 0.277782023
vt 0.637856007 0.261012018
vt 0.796263993 0.222908974
vt 0.79500699 0.205034018
vt 0.656184018 0.266457975
vt 0.664090991 0.278752983
vt 0.774123013 0.18868202
vt 0.611676991 0.352418005
vt 0.753925979 0.188754976
vt 0.761503994 0.185424984
vt 0.584554017 0.358901978
vt 0.780471981 0.179207981
vt 0.76996398 0.178574026
vt 0.764010012 0.174386978
vt 0.591060996 0.344724
vt 0.782020986 0.180863023
vt 0.655677974 0.225000024
vt 0.64971602 0.25631398
vt 0.793228984 0.194144011
vt 0.765772998 0.173539996
vt 0.787697971 0.17630899
vt 0.769290984 0.169642985
vt 0.793668985 0.183305025
vt 0.779677987 0.170908988
vt 0.606423974 0.346576989
vt 0.589744985 0.108730018
vt 0.794386983 0.184922993
vt 0.537175 0.341188014
vt 0.799512982 0.178466022
vt 0.806123018 0.198125005
vt 0.80764699 0.188346982
vt 0.808952987 0.187403977
vt 0.813116014 0.184866011
vt 0.667590976 0.263469994
vt 0.576756001 0.091892004
vt 0.671608984 0.251609027
vt 0.790777028 0.239274025
vt 0.535368025 0.0967609882
vt 0.679053009 0.264347017
vt 0.542892992 0.325773001
vt 0.692955971 0.260915995
vt 0.682617009 0.253808022
vt 0.556087971 0.335735023
vt 0.689224005 0.240059972
vt 0.802636981 0.247061014
vt 0.544170022 0.315496981
vt 0.659704983 0.246276975
vt 0.807771027 0.257947981
vt 0.582458019 0.324150026
vt 0.809433997 0.231366992
vt 0.498582989 0.118193984
vt 0.507704973 0.101400971
vt 0.538106024 0.314729989
vt 0.507937014 0.0918310285
vt 0.82208699 0.236078024
vt 0.822225988 0.219372988
vt 0.835043013 0.228959024
vt 0.808614016 0.20994103
vt 0.546127021 0.303483009
vt 0.54559499 0.264177024
vt 0.536220014 0.295517981
vt 0.816667974 0.193894029
vt 0.821416974 0.202575982
vt 0.823346019 0.209903002
vt 0.508554995 0.0807690024
vt 0.560523987 0.236871004
vt 0.836089015 0.219464004
vt 0.841352999 0.213824987
vt 0.550297976 0.228383005
vt 0.838307977 0.20510602
vt 0.776699007 0.155547023
vt 0.789186001 0.160385013
vt 0.806007981 0.152436018
vt 0.548882008 0.217405975
vt 0.479012012 0.0777750015
vt 0.442562014 0.0841050148
vt 0.816199005 0.163843989
vt 0.811221004 0.179557979
vt 0.498966992 0.356936991
vt 0.820596993 0.182157993
vt 0.510266006 0.0520679951
vt 0.978384972 0.289721012
vt 0.986922026 0.353600025
vt 0.97210902 0.301953018
vt 0.807591021 0.265546978
vt 0.537714005 0.0848100185
vt 0.617151976 0.224245012
vt 0.826191008 0.255585015
vt 0.62412101 0.203339994
vt 0.573445022 0.217788994
vt 0.573342025 0.193619013
vt 0.563476026 0.0732600093
vt 0.56190902 0.0638290048
vt 0.843647003 0.237017989
vt 0.84692502 0.222241998
vt 0.488936007 0.309360027
vt 0.534235001 0.205879986
vt 0.537702978 0.203370988
vt 0.841436028 0.256290972
vt 0.852257013 0.250600994
vt 0.945948005 0.250469983
vt 0.972243011 0.353883028
vt 0.945639014 0.295086026
vt 0.977023005 0.356018007
vt 0.860337019 0.235388994
vt 0.534859002 0.0585430264
vt 0.62471199 0.0973709822
vt 0.629325986 0.117051005
vt 0.61867398 0.106971025
vt 0.601531029 0.113228023
vt 0.586439013 0.100233972
vt 0.598048985 0.105561018
vt 0.517655015 0.315190017
vt 0.650207996 0.173653007
vt 0.603276014 0.0864909887
vt 0.588147998 0.0940060019
vt 0.671046972 0.199615002
vt 0.705156028 0.265865982
vt 0.711562991 0.270316005
vt 0.711273015 0.245483994
vt 0.661994994 0.183122993
vt 0.569242001 0.0829219818
vt 0.719972014 0.274498999
vt 0.724417984 0.287464023
vt 0.578886986 0.0749800205
vt 0.606287003 0.073620975
vt 0.578091025 0.0825309753
vt 0.722770989 0.254377007
vt 0.71706897 0.246668994
vt 0.729761004 0.276277006
vt 0.730370998 0.257890999
vt 0.569979012 0.0710279942
vt 0.641825974 0.160425007
vt 0.741936028 0.263417006
vt 0.452812999 0.287806988
vt 0.572842002 0.0642210245
vt 0.729815006 0.251770973
vt 0.724345982 0.246618986
vt 0.551580012 0.180212975
vt 0.721563995 0.239901006
vt 0.636242986 0.108714998
vt 0.633813024 0.0929269791
vt 0.600485027 0.158019006
vt 0.428261995 0.279843986
vt 0.732339978 0.246290982
vt 0.643121004 0.106056988
vt 0.655438006 0.109588027
vt 0.644290984 0.0936200023
vt 0.731173992 0.220085025
vt 0.621044993 0.0860019922
vt 0.738663971 0.258863986
vt 0.626495004 0.0756469965
vt 0.61878401 0.071408987
vt 0.660795987 0.0996659994
vt 0.653630018 0.0886440277
vt 0.661424994 0.0984969735
vt 0.664292991 0.0957819819
vt 0.656759977 0.0904020071
vt 0.746496975 0.260334015
vt 0.743722022 0.254419982
vt 0.658738971 0.101333976
vt 0.740594029 0.247644007
vt 0.637767971 0.081502974
vt 0.649312973 0.0814350247
vt 0.658571005 0.0854189992
vt 0.663918972 0.0852760077
vt 0.651721001 0.0821319818
vt 0.657123029 0.0739759803
vt 0.615929008 0.13517803
vt 0.630747974 0.0689749718
vt 0.637992024 0.0635949969
vt 0.646706998 0.0747969747
vt 0.652577996 0.0662170053
vt 0.705025971 0.237558007
vt 0.641803026 0.0662059784
vt 0.629235983 0.144858003
vt 0.647548974 0.0653489828
vt 0.64340198 0.0659840107
vt 0.601399004 0.0634440184
vt 0.611021996 0.0526739955
vt 0.594133973 0.0514000058
vt 0.625810981 0.0554440022
vt 0.459856987 0.254306018
vt 0.618708014 0.057494998
vt 0.635253012 0.0458670259
vt 0.709348977 0.234413028
vt 0.698010027 0.226447999
vt 0.686188996 0.347715974
vt 0.701290011 0.349463999
vt 0.615935028 0.0439190269
vt 0.698799014 0.218491971
vt 0.47557801 0.253683984
vt 0.681587994 0.209006011
vt 0.687479973 0.218123019
vt 0.43186301 0.267455995
vt 0.625213981 0.0428760052
vt 0.605560005 0.0390350223
vt 0.799441993 0.435106993
vt 0.783001006 0.466368973
vt 0.782588005 0.419116974
vt 0.689249992 0.208805025
vt 0.797384024 0.414942026
vt 0.784470975 0.407382011
vt 0.682844996 0.203037024
vt 0.793955982 0.408765018
vt 0.677456021 0.189265013
vt 0.703647971 0.194845021
vt 0.691829026 0.178853989
vt 0.438281 0.242681026
vt 0.420089006 0.247480989
vt 0.709092021 0.227252007
vt 0.827768028 0.409153998
vt 0.398752004 0.244992018
vt 0.392684013 0.238950014
vt 0.714779973 0.200384974
vt 0.718344986 0.349529028
vt 0.883827984 0.25742799
vt 0.906221986 0.308879018
vt 0.873432994 0.256330013
vt 0.887687981 0.317008972
vt 0.371636003 0.23922801
vt 0.714230001 0.329640985
vt 0.72448498 0.333051026
vt 0.927883029 0.311994016
vt 0.923229992 0.285912991
vt 0.424477994 0.233128011
vt 0.709047019 0.18402499
vt 0.710278988 0.320649028
vt 0.724205017 0.361361027
vt 0.416106999 0.224740982
vt 0.893947005 0.233165026
vt 0.912266016 0.228299022
vt 0.91148901 0.248690009
vt 0.738002002 0.35334003
vt 0.72637099 0.19511199
vt 0.739947975 0.339215994
vt 0.747901022 0.230485022
vt 0.392762989 0.220592022
vt 0.385279 0.212687016
vt 0.376953006 0.206309021
vt 0.716430008 0.307197988
vt 0.732196987 0.320531011
vt 0.745483994 0.199513972
vt 0.726792991 0.296845973
vt 0.729382992 0.306792974
vt 0.896366 0.253512025
vt 0.736563027 0.194757998
vt 0.877995014 0.250400007
vt 0.74368 0.312820017
vt 0.499291986 0.281502008
vt 0.910817981 0.255519986
vt 0.92196101 0.253048003
vt 0.74673003 0.327808022
vt 0.754148006 0.340610981
vt 0.752614975 0.357963979
vt 0.724538028 0.177242994
vt 0.486663997 0.26049602
vt 0.734498978 0.182159007
vt 0.760776997 0.322609007
vt 0.50505197 0.267126024
vt 0.769007027 0.336574972
vt 0.896156013 0.248144984
vt 0.748724997 0.17958802
vt 0.730419993 0.170554996
vt 0.740571022 0.173480988
vt 0.752749026 0.375576973
vt 0.518351972 0.28115499
vt 0.926518023 0.245931029
vt 0.528661013 0.283506989
vt 0.524152994 0.279815972
vt 0.518903017 0.270789027
vt 0.747533977 0.168214023
vt 0.754517019 0.170543015
vt 0.759401023 0.165535986
vt 0.773617983 0.37499702
vt 0.518962026 0.263297975
vt 0.523589015 0.250346005
vt 0.813591003 0.396447003
vt 0.788055003 0.364679992
vt 0.798259974 0.367112994
vt 0.487399012 0.235558987
vt 0.563839972 0.0535290241
vt 0.50374198 0.241885006
vt 0.673482001 0.193232
vt 0.571254015 0.0507469773
vt 0.564552009 0.0383870006
vt 0.822842002 0.396136999
vt 0.520554006 0.245666027
vt 0.66348201 0.176356971
vt 0.804175973 0.372020006
vt 0.512647986 0.237730026
vt 0.942891002 0.312839985
vt 0.684011996 0.167171001
vt 0.465034992 0.21854502
vt 0.491149008 0.201246977
vt 0.652969003 0.165147007
vt 0.767630994 0.34939301
vt 0.485574991 0.234695017
vt 0.779146016 0.353555977
vt 0.50316602 0.214250982
vt 0.789249003 0.341969013
vt 0.663911998 0.155915976
vt 0.439608991 0.231290996
vt 0.457736999 0.209909022
vt 0.443044007 0.214286029
vt 0.773379982 0.321258008
vt 0.78282702 0.330659986
vt 0.495734006 0.230996013
vt 0.508517981 0.229704022
vt 0.641189992 0.150008976
vt 0.936200023 0.250964999
vt 0.649524987 0.138876021
vt 0.815989017 0.348753989
vt 0.499372005 0.207540989
vt 0.811096013 0.338581026
vt 0.707626998 0.17592299
vt 0.959847987 0.243803978
vt 0.696964979 0.162735999
vt 0.488985002 0.193780005
vt 0.47586301 0.192875981
vt 0.683375001 0.151078999
vt 0.711809993 0.169355989
vt 0.852289021 0.340632975
vt 0.835384011 0.388239026
vt 0.940301001 0.243718982
vt 0.953043997 0.238932014
vt 0.455677986 0.193479002
vt 0.690452993 0.152924001
vt 0.698047996 0.150479972
vt 0.677371025 0.156717002
vt 0.933081985 0.216009974
vt 0.918169975 0.212320983
vt 0.930514991 0.206668019
vt 0.909080029 0.216786027
vt 0.923326015 0.226603985
vt 0.818282008 0.323722005
vt 0.943328977 0.225706995
vt 0.668711007 0.144127011
vt 0.591591001 0.0395240188
vt 0.433346987 0.206312001
vt 0.709527016 0.157917023
vt 0.719195008 0.165008008
vt 0.712816 0.149239004
vt 0.697345018 0.140658021
vt 0.409877986 0.200869024
vt 0.522230983 0.235221982
vt 0.668401003 0.13489902
vt 0.395240009 0.186926007
vt 0.686689973 0.141539991
vt 0.535037994 0.219987988
vt 0.518320978 0.215753019
vt 0.572290003 0.0378450155
vt 0.685123026 0.126753986
vt 0.693889022 0.134211004
vt 0.704087973 0.141888976
vt 0.452894986 0.186837971
vt 0.673970997 0.13044697
vt 0.429614007 0.182098985
vt 0.679175019 0.120140016
vt 0.666203976 0.121111989
vt 0.504752994 0.207094014
vt 0.694253981 0.132147014
vt 0.695874989 0.130056024
vt 0.684341013 0.123210013
vt 0.685441017 0.119683981
vt 0.693651974 0.121785998
vt 0.68413502 0.112568974
vt 0.453373998 0.163604975
vt 0.677061975 0.116244018
vt 0.671050012 0.112236023
vt 0.49635601 0.196133971
vt 0.415322006 0.167083979
vt 0.406455994 0.17177099
vt 0.391557992 0.163806975
vt 0.522598028 0.191928983
vt 0.526122987 0.1875
vt 0.518243015 0.199039996
vt 0.411009014 0.143519998
vt 0.628543973 0.137498975
vt 0.436545014 0.148889005
vt 0.618165016 0.12737
vt 0.516384006 0.181167006
vt 0.831803024 0.190258026
vt 0.837641001 0.195774972
vt 0.836668015 0.193673015
vt 0.630595028 0.354279995
vt 0.624657989 0.344415009
vt 0.845735013 0.196199
vt 0.843937993 0.188068986
vt 0.847914994 0.208214998
vt 0.485962003 0.187052011
vt 0.856043994 0.199249983
vt 0.478563994 0.180957973
vt 0.85700202 0.197441995
vt 0.641606987 0.122349977
vt 0.863689005 0.208279014
vt 0.484057009 0.176114976
vt 0.870625019 0.201506972
vt 0.647292972 0.354279995
vt 0.856575012 0.194540977
vt 0.47043401 0.171868026
vt 0.870580018 0.199804008
vt 0.871187985 0.195932984
vt 0.872420013 0.198571026
vt 0.512372971 0.173151016
vt 0.893010974 0.202621996
vt 0.906778991 0.196543992
vt 0.906910002 0.19876802
vt 0.504112005 0.16851902
vt 0.881202996 0.199545026
vt 0.904120982 0.193852007
vt 0.905933022 0.195614994
vt 0.892683983 0.197905004
vt 0.46698001 0.161822021
vt 0.496580005 0.155779004
vt 0.615150988 0.33990097
vt 0.794348001 0.14468199
vt 0.602800012 0.318171024
vt 0.799492002 0.14062202
vt 0.817103982 0.147890985
vt 0.654618025 0.130107999
vt 0.519230008 0.174995005
vt 0.651431978 0.118673027
vt 0.830682993 0.185118973
vt 0.830291986 0.155480027
vt 0.837261975 0.155373991
vt 0.847126007 0.157905996
vt 0.861853004 0.190501988
vt 0.503039002 0.157727003
vt 0.677383006 0.110180974
vt 0.855727971 0.161683977
vt 0.491277009 0.146360993
vt 0.668147981 0.100885987
vt 0.664695024 0.101660013
vt 0.674480975 0.100445986
vt 0.826057971 0.147055984
vt 0.669064999 0.091975987
vt 0.73593998 0.120998979
vt 0.732776999 0.131098986
vt 0.715094984 0.139411986
vt 0.708052993 0.127794027
vt 0.72727102 0.115042984
vt 0.86382997 0.160753012
vt 0.852410018 0.155389011
vt 0.451613992 0.153365016
vt 0.87539798 0.190997005
vt 0.718791008 0.108038008
vt 0.875302017 0.162548006
vt 0.891012013 0.162429988
vt 0.899385989 0.190024972
vt 0.887678027 0.19045198
vt 0.882672012 0.16208303
vt 0.729752004 0.159241021
vt 0.853128016 0.147055984
vt 0.853160977 0.142064989
vt 0.868906021 0.146723986
vt 0.864066005 0.141398013
vt 0.864521027 0.150389016
vt 0.882964015 0.143764973
vt 0.882619977 0.148872018
vt 0.874755025 0.140643001
vt 0.735876024 0.165145993
vt 0.741573989 0.164497972
vt 0.738080978 0.161850989
vt 0.728433013 0.14903003
vt 0.740857005 0.160067022
vt 0.726908982 0.152092993
vt 0.745499015 0.157850981
vt 0.72409302 0.155580997
vt 0.867358983 0.15883702
vt 0.713571012 0.147772014
vt 0.877563 0.158078015
vt 0.725525975 0.155175984
vt 0.716219008 0.145570993
vt 0.479155988 0.132731974
vt 0.485552996 0.137049973
vt 0.748239994 0.166804016
vt 0.888566971 0.157052994
vt 0.687025011 0.073153019
vt 0.681240022 0.0623750091
vt 0.742908001 0.127783
vt 0.751847982 0.134935975
vt 0.639310002 0.058866024
vt 0.643136024 0.059005022
vt 0.640151024 0.0577949882
vt 0.644780993 0.0547969937
vt 0.648115993 0.0496760011
vt 0.765899003 0.134963989
vt 0.673384011 0.0558279753
vt 0.659353018 0.0490019917
vt 0.70480299 0.132830977
vt 0.689217985 0.0657089949
vt 0.677332997 0.0450789928
vt 0.691843987 0.064463973
vt 0.694848001 0.0754539967
vt 0.683759987 0.0554919839
vt 0.682385981 0.0465989709
vt 0.636896014 0.0449410081
vt 0.634963989 0.0403940082
vt 0.708640993 0.0988410115
vt 0.747784019 0.127592981
vt 0.733577013 0.11589098
vt 0.640733004 0.0481600165
vt 0.642448008 0.038523972
vt 0.719745994 0.103724003
vt 0.716989994 0.0968549848
vt 0.734323025 0.108242989
vt 0.634123981 0.0406739712
vt 0.925666988 0.193385005
vt 0.925731003 0.199703991
vt 0.914008021 0.197349012
vt 0.917957008 0.192902982
vt 0.752722979 0.0960239768
vt 0.753576994 0.0894910097
vt 0.758661985 0.0974569917
vt 0.744033992 0.0822259784
vt 0.758974016 0.0953379869
vt 0.757709026 0.0912340283
vt 0.914116025 0.194215
vt 0.915260971 0.19006902
vt 0.750826001 0.0834419727
vt 0.751425028 0.0797849894
vt 0.639414012 0.0385959744
vt 0.919716001 0.192030013
vt 0.755897999 0.0842540264
vt 0.918588996 0.184810996
vt 0.909546971 0.187119007
vt 0.913543999 0.205250025
vt 0.668238997 0.034973979
vt 0.759081006 0.131183028
vt 0.756955981 0.123915017
vt 0.746222973 0.118835986
vt 0.772907019 0.138366997
vt 0.907355011 0.169725001
vt 0.782405972 0.139092982
vt 0.763028979 0.129734993
vt 0.774396002 0.130832016
vt 0.773222029 0.125109017
vt 0.911803007 0.157950997
vt 0.707792997 0.0560020208
vt 0.709978998 0.0677189827
vt 0.701901972 0.0592409968
vt 0.706614971 0.070825994
vt 0.693193972 0.0511890054
vt 0.758562028 0.121397972
vt 0.746563971 0.113259971
vt 0.757224023 0.119431973
vt 0.697906971 0.0504350066
vt 0.768922985 0.123970985
vt 0.765353024 0.123265982
vt 0.709580004 0.0441849828
vt 0.718635976 0.0555589795
vt 0.700688004 0.0441020131
vt 0.770304978 0.116504014
vt 0.69321698 0.0413060188
vt 0.76047802 0.11540103
vt 0.684065998 0.0339180231
vt 0.691793025 0.0320820212
vt 0.782400012 0.130739987
vt 0.684759021 0.0230659842
vt 0.71411401 0.041293025
vt 0.720982015 0.0508739948
vt 0.740369022 0.110381007
vt 0.701592028 0.0313509703
vt 0.713472009 0.0317569971
vt 0.738014996 0.101854026
vt 0.745283008 0.105720997
vt 0.726761997 0.0974699855
vt 0.728685975 0.0936359763
vt 0.718914986 0.0869650245
vt 0.738520026 0.0970730186
vt 0.732589006 0.089715004
vt 0.704352975 0.0294089913
vt 0.726261973 0.0830749869
vt 0.690508008 0.0251749754
vt 0.694947004 0.0214819908
vt 0.750742018 0.113004982
vt 0.748869002 0.0999090075
vt 0.907393992 0.136210978
vt 0.898945987 0.138516009
vt 0.902119994 0.129359007
vt 0.75989902 0.105388999
vt 0.760779023 0.112987995
vt 0.755753994 0.107618988
vt 0.699494004 0.0193939805
vt 0.710820019 0.0237330198
vt 0.70421797 0.0163930058
vt 0.716969013 0.038146019
vt 0.726842999 0.0482159853
vt 0.720596015 0.0390329957
vt 0.721328974 0.0373139977
vt 0.721158981 0.0345020294
vt 0.728770971 0.0446460247
vt 0.741292 0.0895370245
vt 0.734957993 0.0785899758
vt 0.715092003 0.0284019709
vt 0.80428803 0.0360770226
vt 0.752099991 0.0551810265
vt 0.777760983 0.037522018
vt 0.710326016 0.0186420083
vt 0.680230975 0.0226969719
vt 0.673498988 0.0319529772
vt 0.667747974 0.0234379768
vt 0.701009989 0.0889149904
vt 0.673111022 0.0226259828
vt 0.692117989 0.0843290091
vt 0.900840998 0.160118997
vt 0.898774981 0.156876981
vt 0.908290029 0.153734982
vt 0.709007025 0.0923600197
vt 0.895874977 0.14388603
vt 0.904604018 0.142916024
vt 0.888927996 0.138870001
vt 0.900577009 0.147338986
vt 0.702920973 0.0831260085
vt 0.701137006 0.0776529908
vt 0.889653981 0.131937027
vt 0.859542012 0.220668972
vt 0.749230027 0.0781589746
vt 0.74703598 0.0694389939
vt 0.877156973 0.217907012
vt 0.872554004 0.225800991
vt 0.746743023 0.0794190168
vt 0.744135022 0.0684490204
vt 0.747112989 0.0637310147
vt 0.717311978 0.0800679922
vt 0.72209698 0.0730609894
vt 0.877425015 0.235194981
vt 0.726629972 0.065294981
vt 0.886986017 0.223136008
vt 0.714779973 0.063732028
vt 0.736434996 0.0669460297
vt 0.876865983 0.210649014
vt 0.898401022 0.219982982
vt 0.888697982 0.208548009
vt 0.902981997 0.207724988
vt 0.742761016 0.0614439845
vt 0.733943999 0.0552030206
vt 0.739304006 0.0565760136
vt 0.72933197 0.0590190291
vt 0.736099005 0.0522770286
vt 0.745227993 0.0561209917
vt 0.882194996 0.198099971
vt 0.729689002 0.0482079983
vt 0.884950995 0.195363998
vt 0.738846004 0.289758027
vt 0.744911015 0.299382985
vt 0.741555989 0.281486988
vt 0.754364014 0.295413017
vt 0.750755012 0.28588903
vt 0.751658976 0.308915973
vt 0.760212004 0.301871002
vt 0.767485023 0.105795979
vt 0.763948977 0.101239979
vt 0.766344011 0.101879001
vt 0.76652199 0.107959986
vt 0.769913018 0.306351006
vt 0.780130982 0.123722017
vt 0.773370981 0.115797997
vt 0.776805997 0.114781022
vt 0.781728983 0.31606698
vt 0.770474017 0.111500978
vt 0.772533 0.110210001
vt 0.774218976 0.107324004
vt 0.765942991 0.112764001
vt 0.762197971 0.289416015
vt 0.770488977 0.291384995
vt 0.790494978 0.120496988
vt 0.793137014 0.130725026
vt 0.784138978 0.296370983
vt 0.783648014 0.306509972
vt 0.794655025 0.135825992
vt 0.750769973 0.266538024
vt 0.759970009 0.268409014
vt 0.798180997 0.123179972
vt 0.806124985 0.121743977
vt 0.755528986 0.261816978
vt 0.758194983 0.256726027
vt 0.764662027 0.264508009
vt 0.828989983 0.0505080223
vt 0.771741986 0.268513024
vt 0.77750802 0.290486991
vt 0.805644989 0.136312008
vt 0.806985021 0.130429029
vt 0.814553022 0.12291503
vt 0.817708015 0.135683
vt 0.824937999 0.141079009
vt 0.823974013 0.128305972
vt 0.827777028 0.130792022
vt 0.82860899 0.142292976
vt 0.838003993 0.132656991
vt 0.838660002 0.137180984
vt 0.834465027 0.140263975
vt 0.838244021 0.128226995
vt 0.842639983 0.13420397
vt 0.845743001 0.142892003
vt 0.837047994 0.120782018
vt 0.842902005 0.122299016
vt 0.850145996 0.135079026
vt 0.847132981 0.114346027
vt 0.844078004 0.107066989
vt 0.83060497 0.120862007
vt 0.834110022 0.117594004
vt 0.819679022 0.117735028
vt 0.823175013 0.112993002
vt 0.797155023 0.326429009
vt 0.798547029 0.314229012
vt 0.821030021 0.119719982
vt 0.825058997 0.118036985
vt 0.827853024 0.114886999
vt 0.824975014 0.11371398
vt 0.834590971 0.111244023
vt 0.829465985 0.106424987
vt 0.797111988 0.299206018
vt 0.808207989 0.308140993
vt 0.839740992 0.152155995
vt 0.831067026 0.145700991
vt 0.836742997 0.0974019766
vt 0.833540976 0.101248026
vt 0.832103014 0.0981699824
vt 0.856683016 0.139172971
vt 0.865055978 0.134660006
vt 0.852218986 0.103712976
vt 0.840665996 0.099560976
vt 0.849308014 0.0937960148
vt 0.844549 0.0880010128
vt 0.871460974 0.132978022
vt 0.880114019 0.133176982
vt 0.888957977 0.125970006
vt 0.87855798 0.129895985
vt 0.835615993 0.0892660022
vt 0.85038501 0.0843039751
vt 0.841243982 0.0882779956
vt 0.840744019 0.0755439997
vt 0.845112979 0.0702750087
vt 0.839989007 0.0656369925
vt 0.836553991 0.0622249842
vt 0.838349998 0.0764859915
vt 0.836926997 0.0923259854
vt 0.838200986 0.0857980251
vt 0.83653897 0.0728870034
vt 0.822344005 0.0436729789
vt 0.843438029 0.0601199865
vt 0.835748017 0.0521829724
vt 0.831013024 0.0497699976
vt 0.834797978 0.0619000196
vt 0.903339982 0.12469703
vt 0.893616974 0.120702982
vt 0.903599977 0.118779004
vt 0.705950975 0.0122730136
vt 0.702646017 0.0108169913
vt 0.901423991 0.116455972
vt 0.897989988 0.11797303
vt 0.824490011 0.0435649753
vt 0.758935988 0.521632999
vt 0.719978988 0.555608988
vt 0.788161993 0.58178401
vt 0.786451995 0.525061011
vt 0.811522007 0.556524992
vt 0.959842026 0.438004971
vt 0.965584993 0.450627983
vt 0.947875977 0.531608999
vt 0.90941 0.414610982
vt 0.936939001 0.423653007
vt 0.92109102 0.467400014
vt 0.358833998 0.225839972
vt 0.351752013 0.202220976
vt 0.370218009 0.181483984
vt 0.841130018 0.523497999
vt 0.862361014 0.547441006
vt 0.349180013 0.187438011
vt 0.951081991 0.397908986
vt 0.944266975 0.495891988
vt 0.854439974 0.45817697
vt 0.881505013 0.462898016
vt 0.902233005 0.475822985
vt 0.901190996 0.517641991
vt 0.927836001 0.521221995
vt 0.916510999 0.491048992
vt 0.964188993 0.394378006
vt 0.934769988 0.487955987
vt 0.327722013 0.241244972
vt 0.367354989 0.156313002
vt 0.389274001 0.149451971
vt 0.388215005 0.137310028
vt 0.379565001 0.133530021
vt 0.348387003 0.163663983
vt 0.907082975 0.395626009
vt 0.951400995 0.391255021
vt 0.90515101 0.400829017
vt 0.931593001 0.383194983
vt 0.951750994 0.552152991
vt 0.950408995 0.381735981
vt 0.81161201 0.462103009
vt 0.960934997 0.387441993
vt 0.300960988 0.213500023
vt 0.321186006 0.203469992
vt 0.289440989 0.214622974
vt 0.418738991 0.117600977
vt 0.409714013 0.114858985
vt 0.363678008 0.140263021
vt 0.397697985 0.106519997
vt 0.812658012 0.513523012
vt 0.406819999 0.103680015
vt 0.416296989 0.108016014
vt 0.82921499 0.461935997
vt 0.426313996 0.114036977
vt 0.833019972 0.424784005
vt 0.859498978 0.427515984
vt 0.978318989 0.377126992
vt 0.971391022 0.390706003
vt 0.970844984 0.36293298
vt 0.434177011 0.0872719884
vt 0.906670988 0.373241007
vt 0.900186002 0.369373024
vt 0.933695972 0.367933989
vt 0.924063981 0.36196202
vt 0.949283004 0.363321006
vt 0.943279028 0.359431028
vt 0.932792008 0.335799992
vt 0.869014978 0.419825017
vt 0.848353028 0.409147978
vt 0.853716016 0.403805017
vt 0.878715992 0.370221972
vt 0.867775023 0.383248985
vt 0.985131979 0.360956013
vt 0.964716017 0.358340979
vt 0.958929002 0.35629499
vt 0.859517992 0.380056024
vn -0.0129998699 -0.918590844 -0.394996047
vn 0.0302997828 -0.978793025 -0.202598557
vn -0.015199217 -0.993648827 -0.111494258
vn -0.7049281 -0.707528174 0.0498019829
vn -0.719182611 -0.690783322 0.0747981966
vn -0.830089569 -0.555392981 0.0498993732
vn -0.977059603 -0.199991733 0.0731969774
vn -0.987491369 -0.130898863 0.0878992304
vn -0.989733398 -0.130404398 0.0585019737
vn -0.997544527 -0.004300192 0.0699031204
vn -0.86191684 -0.503709853 0.0581011362
vn -0.910189867 -0.408095449 0.0707992092
vn -0.942308009 -0.331802815 0.0443003774
vn 0.0352007113 0.0228004605 -0.999120116
vn 0.022001015 -0.257811904 -0.965944588
vn -0.0443018302 0.0124005117 -0.998941243
vn -0.00190004928 -0.84692198 -0.531713784
vn 0.0220002085 -0.64530611 -0.763607264
vn 0.0262992904 -0.815977991 -0.577484429
vn 0.0457990803 -0.946480989 -0.319493592
vn 0.0627014115 -0.493611097 -0.867419541
vn -0.0133996876 -0.450889498 -0.892479181
vn -0.5312801 -0.844668329 0.0653975531
vn -0.527573884 -0.847458065 0.0589970797
vn 0.0624017268 -0.788921833 -0.611316919
vn -0.0095999958 -0.994499564 0.104299955
vn 0.104204342 -0.932238817 -0.346514434
vn 0.0677981153 -0.99157244 -0.110396937
vn 0.179793403 -0.940665483 -0.287789434
vn 0.159095064 -0.984169483 -0.0780975744
vn 0.138906837 -0.785838664 -0.602629662
vn 0.0360981598 -0.191390246 -0.980849981
vn 0.0759022087 -0.498214513 -0.863725185
vn -0.427086025 -0.628279448 -0.650278747
vn -0.177695468 -0.326691657 -0.9282763
vn -0.182294503 -0.594082057 -0.783476353
vn -0.958814204 -0.274704069 0.0722010732
vn -0.9827438 -0.17830795 0.0492021926
vn -0.58131659 -0.515414715 -0.629617929
vn -0.603398621 -0.765098214 -0.224799484
vn -0.349703938 -0.776408732 -0.52430588
vn -0.783534288 -0.584925592 -0.209609181
vn -0.97363627 0.222308293 0.0511019044
vn -0.989859641 0.128094777 0.0613974966
vn -0.974363744 0.209892198 0.0809969902
vn -0.390496075 -0.913190842 -0.11659883
vn -0.0493990891 -0.246895462 -0.967782199
vn -0.43698892 -0.868578017 0.233694077
vn -0.664522052 -0.735624433 0.13140437
vn -0.0186994486 0.114296623 -0.993270636
vn -0.996146977 0.0125005897 0.0868040919
vn -0.00110003212 0.159304664 -0.98722887
vn -0.12980026 -0.741301477 -0.658501327
vn -0.11070554 -0.920546055 -0.374618739
vn -0.044199951 -0.80479908 -0.591899335
vn -0.0569981411 -0.976468146 -0.207993209
vn -0.231393605 -0.921374559 -0.312291384
vn -0.987517893 0.128202319 0.0915016606
vn -0.193598226 -0.978391051 -0.0725993365
vn 0.0172993932 -0.970965922 0.238591626
vn -0.0687998459 -0.983297765 0.168499619
vn -0.235206157 -0.963625252 0.126903325
vn -0.152605966 -0.952037215 0.26521036
vn -0.088198185 -0.972180009 0.216995537
vn -0.00660021557 -0.987432241 0.157905146
vn -0.96263063 -0.26890856 0.0321010202
vn -0.278495997 -0.878887355 0.387294441
vn 0.0274992175 -0.999171555 0.0299991462
vn -0.0876966417 -0.985062301 0.148194328
vn -0.0821031928 -0.92033577 0.382414877
vn -0.159203336 -0.888918638 0.429508984
vn -0.90479207 -0.21669811 -0.366596788
vn -0.683219016 -0.129603609 -0.718620002
vn -0.80499649 -0.344098508 -0.483297884
vn -0.585414231 -0.177704319 -0.791019201
vn -0.998474896 -0.0157996025 0.0528986678
vn -0.998921752 -0.0350007638 0.0305006634
vn -0.933743834 -0.324715227 -0.150607064
vn -0.428497851 -0.216198921 -0.877295613
vn -0.344411522 -0.298709989 -0.890029788
vn -0.182105497 -0.076102294 -0.980329573
vn -0.70191443 -0.404708326 -0.586112022
vn 0.0720966533 -0.996153712 0.0497976877
vn -0.0149999047 -0.0136999125 -0.999793649
vn -0.177695468 -0.326691657 -0.9282763
vn 0.0213996358 0.0675988495 -0.997483075
vn 0.148495749 -0.98777169 0.0474986397
vn -0.993115187 -0.0634009689 0.0985015035
vn -0.995554268 0.0835961625 0.0433980078
vn -0.872703373 -0.481701851 -0.0797003061
vn -0.355811179 0.00730022928 -0.934529364
vn -0.990132272 0.0928030238 0.105003424
vn 0.0326985419 -0.982756197 0.18199189
vn -0.0764998868 -0.996698499 0.0271999594
vn 0.021099044 -0.999554753 0.021099044
vn -0.762783766 -0.0528988764 -0.644486308
vn -0.526800334 0.0179000124 -0.849800527
vn 0.0209003966 -0.905417204 0.424008071
vn 0.0213996358 0.0675988495 -0.997483075
vn 0.143896163 0.0287992321 -0.989173651
vn -0.0149999047 -0.0136999125 -0.999793649
vn 0.0896958336 0.0811962336 -0.992653906
vn 0.0799981132 -0.964677274 0.250994086
vn 0.113096632 -0.967471182 0.226293266
vn 0.0941007137 -0.995107532 0.0301002283
vn 0.053998448 -0.99847132 0.0117996605
vn 0.0947000831 0.0347000323 -0.994900882
vn -0.951132298 0.292209923 0.0998033881
vn -0.0506010316 -0.507410347 -0.860217571
vn -0.156501338 -0.969308317 0.189601615
vn -0.0291994102 -0.205695853 -0.97818023
vn -0.143795654 -0.988770127 0.0406987704
vn -0.218699247 -0.97489661 0.0417998545
vn -0.00289992802 0.0428989343 -0.999075234
vn -0.113704838 -0.9921422 0.052202221
vn -0.948260009 0.302887231 0.0951959863
vn -0.0109995333 -0.29588744 -0.955159485
vn -0.975665033 0.200392827 0.0889968127
vn -0.291805655 -0.955918491 0.0327006318
vn 0.0253997035 0.106498756 -0.993988395
vn -0.0136001818 -0.627608359 -0.778410375
vn -0.0843019933 -0.995423555 0.0450010672
vn -0.983855963 0.13729386 0.114794858
vn -0.0161007717 -0.999847949 -0.0067003211
vn -0.23009111 -0.970962465 0.0654974729
vn -0.986819148 0.157703057 0.0363007039
vn -0.890886068 0.441493094 0.106798328
vn -0.908445179 0.409720391 0.0828041211
vn -0.140905067 -0.9880355 0.0627022535
vn -0.163591936 -0.984351516 0.0654967725
vn -0.235307366 -0.970230341 0.0573017932
vn -0.826684952 -0.556789875 0.0810985267
vn -0.00600013742 0.0540012345 -0.998522818
vn -0.333005995 -0.940916896 0.0615011044
vn -0.551612675 -0.829819083 0.0844019428
vn -0.367593616 -0.92798388 0.060998939
vn -0.0750987977 -0.995184064 0.0629989877
vn -0.00990047306 -0.9983477 0.0566027053
vn -0.904700518 -0.414600223 0.0981000587
vn 0.0434977673 0.00309984083 -0.99904871
vn -0.71850276 -0.68970263 0.0898003429
vn -0.8382743 -0.440386504 0.321490139
vn -0.774402201 -0.588701665 0.23180066
vn -0.614617944 -0.640518725 0.460413456
vn -0.655455172 -0.461068481 0.598159134
vn -0.775238991 -0.299676418 0.556056261
vn -0.432789057 -0.702082276 0.565485716
vn -0.270109832 -0.95993495 0.0746027157
vn -0.209893435 -0.976769507 0.0431986488
vn -0.235187098 -0.970046818 0.0607966669
vn -0.224589884 -0.9723562 0.063897118
vn -0.550975084 -0.691768706 0.466778874
vn -0.265800416 -0.818201244 0.509800792
vn -0.345711708 -0.938231826 0.0143004842
vn -0.471702605 -0.832004607 0.292001635
vn -0.150907487 -0.986948907 0.0562027842
vn -0.188301682 -0.980208755 0.0611005463
vn -0.712502837 -0.494401962 0.497901976
vn -0.691720009 -0.288308322 0.66211915
vn -0.789408922 -0.596006751 0.147001669
vn -0.893578768 -0.429489791 0.130596891
vn -0.646992326 -0.751591027 0.128498465
vn -0.447524339 -0.891448498 0.0710038617
vn -0.297706485 -0.937820435 0.178503886
vn 0.100099467 -0.99379468 0.0484997407
vn -0.386400938 -0.920002222 0.0655001551
vn -0.331906348 -0.942318022 0.0433008261
vn -0.12540029 -0.990302324 0.0598001406
vn -0.834715366 -0.540809929 0.103801914
vn -0.549684882 -0.833377123 0.0576984137
vn -0.740582705 -0.670284331 0.0474988893
vn 0.0349986814 -0.997462451 0.061997667
vn 0.0905034915 -0.994038343 0.0608023442
vn -0.34650147 -0.935403943 0.0704002976
vn -0.979405046 -0.200401038 -0.0246001277
vn -0.979731798 -0.0893028975 -0.179305822
vn -0.921034455 -0.340712756 0.188707054
vn -0.949610353 -0.186102033 0.252202749
vn -0.96384573 -0.113005362 0.241311446
vn -0.0693967268 -0.99575305 0.0604971498
vn -0.910602868 -0.410601288 0.0470001474
vn -0.785879195 -0.175395355 0.592984319
vn -0.107095689 -0.993860006 0.0277988818
vn -0.115299404 -0.991594851 0.0586996973
vn -0.723175406 -0.312389374 0.615979075
vn -0.00559979212 -0.997662961 0.0680974722
vn -0.125498056 -0.990984738 0.0468992777
vn -0.110797927 -0.993581414 -0.0227995738
vn -0.0534024276 -0.997345328 0.0495022498
vn -0.931887269 0.00619991543 -0.362695038
vn -0.133296847 -0.989576578 0.0544987097
vn -0.997778237 0.00909980107 -0.0659985617
vn -0.991838932 -0.00700027449 0.127305001
vn -0.82602793 -0.103103481 0.554118752
vn -0.886619151 -0.365107894 0.283906132
vn -0.0641994327 -0.997291148 0.0358996801
vn -0.98804456 -0.150506794 0.0334015079
vn -0.969633818 -0.129104495 0.207707241
vn -0.944509387 -0.267102659 0.191201895
vn -0.0101000797 -0.982307732 0.187001467
vn -0.071296744 -0.996954501 0.0315985568
vn -0.8094908 -0.153198257 0.566793561
vn -0.0647983551 -0.997174621 0.0379990339
vn -0.999450803 -0.0148992669 0.0295985434
vn -0.99500221 -0.0114000253 0.0992002189
vn -0.0273004156 -0.997215211 0.0694010556
vn -0.990881741 0.0748986229 0.11199794
vn -0.898702621 0.024000071 0.437901288
vn -0.0881036893 -0.994241655 0.0610025562
vn -0.0420994125 -0.997286081 0.0603991598
vn -0.869818389 -0.0662014037 0.488910347
vn 0.0253987741 -0.997251809 0.0695966408
vn -0.0272996929 -0.997788787 0.0605993196
vn -0.120102867 -0.991123676 0.0570013635
vn -0.313902944 -0.947408855 0.0623005852
vn -0.187196583 -0.980982065 0.0512990616
vn -0.138805717 -0.988840699 0.0541022271
vn -0.946870148 -0.298190594 0.120496199
vn -0.959705293 -0.267201483 0.0870004818
vn -0.899463356 -0.419882894 0.121095069
vn -0.527091682 -0.844986677 0.0903985724
vn -0.809864938 -0.574275136 0.119694822
vn -0.680696368 -0.72439611 0.109099418
vn -0.981719613 -0.157203138 0.107302144
vn -0.0911003053 -0.994203329 0.0571001917
vn -0.97583437 -0.180806369 0.12270432
vn -0.989157319 -0.0915960521 0.114795052
vn -0.991043627 0.0181007981 0.132305831
vn -0.227297127 -0.971987665 0.0597992428
vn -0.00190003624 -0.99861908 0.0525010005
vn -0.159506381 -0.98513943 0.0637025461
vn -0.37479642 -0.922491193 0.0923991203
vn -0.144805253 -0.987335861 0.0648023561
vn -0.587119937 -0.799427152 0.12730433
vn -0.0584030412 -0.996451855 0.0606031567
vn -0.119798891 -0.991090834 0.0581994615
vn -0.0785036385 -0.995546103 0.0522024184
vn 0.265713155 -0.878143489 -0.397819698
vn 0.280716777 -0.955057025 -0.095205687
vn 0.489827961 -0.870849669 0.041102346
vn 0.660819232 -0.750421882 0.013600396
vn 0.685717285 -0.72781837 0.00850021467
vn 0.148901999 -0.98671329 0.0650008768
vn 0.209898815 -0.976494491 0.048999723
vn 0.211502537 -0.97581172 0.0553006642
vn 0.122201689 -0.990413666 0.064400889
vn 0.099297151 -0.992571533 0.0702979863
vn 0.115404367 -0.991437495 0.0611023121
vn 0.15100351 -0.98692292 0.0564013086
vn 0.175999925 -0.983199596 0.0483999811
vn 0.211393043 -0.976967871 0.0290990435
vn 0.235195756 -0.970882475 0.0454991795
vn 0.299310207 -0.952932477 0.0483016483
vn 0.289906681 -0.956421971 0.0348008014
vn 0.483208835 -0.875115991 0.0261004772
vn 0.255612075 -0.951444924 0.171508104
vn 0.838971078 -0.543681264 0.0231992006
vn 0.786230266 -0.617723823 0.0161006209
vn 0.82942462 -0.558616579 -0.0015000446
vn 0.901618481 -0.432508856 -0.00450009201
vn 0.8460446 -0.532828093 -0.0174009167
vn 0.767045319 -0.641437948 0.0141008338
vn 0.7519117 -0.659210265 -0.00840013102
vn 0.487109959 -0.872517884 0.0379007757
vn -0.00790006854 -0.997508645 0.0701006055
vn 0.0648014918 -0.994922876 0.0770017728
vn 0.0797971115 -0.99416399 0.0725973696
vn 0.150301397 -0.988109171 0.0324002989
vn 0.0157007277 -0.997946262 0.0621028766
vn 0.177703187 -0.952917039 0.245704398
vn 0.041399017 -0.996376395 0.0742982402
vn 0.194205135 -0.977725863 0.0796021074
vn 0.142492652 -0.98834908 0.0534972437
vn 0.163008928 -0.968253016 0.189510375
vn 0.214495927 -0.976381421 0.0258995071
vn 0.0990044624 -0.986144483 -0.133106008
vn 0.0548022315 -0.99674058 0.0592024103
vn 0.122497901 -0.989983022 0.0701987967
vn 0.234988958 -0.965454638 0.112594709
vn 0.363999516 -0.930098772 0.049199935
vn 0.0982002094 -0.99200213 0.0793001726
vn 0.214491144 -0.975259721 0.0534977913
vn 0.0672006384 -0.9963094 0.0534005053
vn 0.111004554 -0.992340744 0.0542022251
vn 0.214794844 -0.975676596 0.0437989496
vn 0.0814016461 -0.994520128 0.0656013265
vn 0.282495171 -0.95838356 0.041199293
vn 0.121200934 -0.989007652 0.0847006515
vn 0.148598403 -0.987189412 0.0580993779
vn 0.163605452 -0.985332847 0.0485016182
vn 0.200800568 -0.97820282 0.0529001504
vn 0.0608972609 -0.996655166 0.0544975474
vn 0.0750022531 -0.99552989 0.0574017204
vn 0.391990542 -0.918977797 0.0426989682
vn 0.29290387 -0.954812586 0.0504006669
vn -0.00649997732 -0.997896552 0.0644997805
vn 0.138505071 -0.989236236 0.0472017303
vn -0.0448977649 -0.996550381 0.0697965249
vn 0.193506613 -0.979533494 0.0554018915
vn 0.215505958 -0.975326955 0.0479013249
vn 0.235891923 -0.970266759 0.0541981421
vn 0.00720022991 -0.998231888 0.0590018854
vn 0.670104861 -0.741105378 0.0415003002
vn 0.0169995762 -0.997875154 0.0628984347
vn 0.306305587 -0.950517297 0.0519009456
vn 0.0773009881 -0.995212734 0.0598007664
vn 0.1196042 -0.990434766 0.0688024163
vn 0.933100224 -0.35920009 0.0173000041
vn 0.947719991 -0.318706721 -0.0159003362
vn 0.972574115 -0.232493803 -0.00679981895
vn 0.452894479 -0.891089141 0.0290996451
vn 0.476397127 -0.879194736 0.00789995212
vn 0.162303865 -0.985223413 0.0547013022
vn 0.152700543 -0.986903489 0.0520001836
vn 0.648617983 -0.761021078 0.01190033
vn 0.102896325 -0.992964566 0.0585979074
vn 0.179293975 -0.983766973 -0.00749974791
vn 0.479712963 -0.87662369 0.0375010148
vn 0.1931981 -0.977990389 -0.0787992254
vn 0.188506767 -0.980635166 0.0531019047
vn 0.190895438 -0.981276512 0.0255993865
vn 0.172498152 -0.984889448 0.0153998351
vn 0.204491541 -0.97745955 0.0524978265
vn 0.0688000172 -0.996200264 0.0534000136
vn 0.983812511 -0.17840226 0.0169002153
vn 0.1243935 -0.990548193 0.0577969775
vn 0.913871169 -0.405587196 -0.0183994193
vn 0.17290464 -0.982426405 0.0703018904
vn 0.143594548 -0.98596251 0.0851967633
vn 0.242493689 -0.968974769 0.0477987565
vn -0.0161999129 -0.997894645 0.0627996624
vn 0.018399151 -0.999753833 0.0123994276
vn 0.233908355 -0.970234692 0.0627022386
vn 0.423506618 -0.904714108 0.0462007225
vn 0.0150993085 -0.997254372 0.0724966824
vn 0.0193003435 -0.998017728 0.0599010624
vn 0.0544992834 -0.996986866 0.0551992729
vn 0.599235058 -0.799646735 0.0385022499
vn 0.66741091 -0.743412137 0.043600712
vn 0.785110176 -0.618508041 0.0324004218
vn 0.863942742 -0.501724839 0.0433021449
vn -0.0357010327 -0.996928811 0.0697020143
vn 0.915111661 -0.402105123 0.029700378
vn 0.954686344 -0.296395749 0.0268996153
vn 0.0856027082 -0.993731499 0.0719022751
vn 0.582603455 -0.810104787 0.0656003878
vn -0.938602209 0.343200803 0.0352000855
vn -0.944415033 0.304104835 0.124901988
vn -0.974257052 0.216690436 0.0621972568
vn -0.974105835 0.223901346 0.0314001888
vn 0.00840021577 0.13040334 -0.991425455
vn -0.845365405 0.483280241 0.227590695
vn 0.086698696 -0.3532947 -0.931486011
vn 0.0108996956 0.998972118 0.0439987704
vn 0.068399474 0.995492399 0.0656994954
vn 0.0918999538 0.995699525 -0.0116999941
vn -0.990972042 0.124596484 0.0494986027
vn -0.00659988495 0.998182654 0.0598989576
vn -0.0764027908 0.159505829 -0.984236002
vn -0.0145003162 0.0996021703 -0.994921684
vn -0.0447018743 0.0334013999 -0.998441815
vn -0.00290005491 0.0485009179 -0.998818934
vn -0.0106000649 -0.0218001343 -0.999706149
vn 0.00470012706 -0.0269007273 -0.999627054
vn -0.00520023191 -0.0887039602 -0.996044457
vn -0.0187006108 0.0136004435 -0.999732614
vn -0.0212006867 0.0169005468 -0.999632359
vn -0.268408209 0.0184005629 -0.96312952
vn 0.0875033885 0.035301365 -0.995538533
vn -0.0212006867 0.0169005468 -0.999632359
vn 0.000400018005 -0.0974043831 -0.995244801
vn -0.959553719 0.277986586 0.044497855
vn -0.00849960931 -0.0721966848 -0.997354209
vn -0.00470011635 -0.139403448 -0.99022454
vn 0.123197377 0.99057889 0.0597987249
vn 0.181697696 0.982087553 0.0498993695
vn -0.909913421 0.4123061 0.0454006717
vn 0.0374994762 -0.00459993584 -0.999286056
vn -0.822023094 0.567315936 0.0493013859
vn 0.0814038739 -0.0294014011 -0.99624747
vn -0.847282112 0.527788818 0.0595987402
vn -0.635391831 0.551492929 0.540493071
vn -0.841936707 0.518622637 0.148906499
vn -0.772988558 0.342394948 0.534092128
vn -0.756809056 0.229002744 0.612207294
vn -0.659487605 0.398992479 0.637088001
vn 0.0323996507 0.0238997415 -0.999189198
vn 0.0400994122 0.0204997007 -0.99898541
vn -0.030100137 0.00920004211 -0.999504566
vn -0.0234991685 0.0302989278 -0.999264598
vn -0.853439331 0.324914962 0.407518774
vn -0.708600521 0.670600474 0.219500154
vn -0.500210345 0.828117132 0.253005236
vn -0.500483036 0.62927866 0.594579816
vn -0.659594178 0.561195076 0.499995589
vn -0.750521362 0.626017809 0.211706012
vn -0.616622388 0.760527611 0.203407392
vn -0.407816827 0.744830728 0.528121769
vn -0.104498982 0.0293997154 -0.994090319
vn 0.00520013506 0.0110002859 -0.999925971
vn -0.369507194 0.908017695 0.197403848
vn -0.0850975662 0.00149995706 -0.996371508
vn -0.100796223 -0.00939964782 -0.994862676
vn -0.516226888 0.854444563 0.0586030558
vn -0.317102969 0.823107719 0.471104413
vn -0.32190302 0.933308721 0.159101486
vn -0.0422979556 -0.0224989112 -0.998851657
vn -0.185992047 0.958359063 0.216690749
vn -0.1892979 0.854690552 0.483394653
vn -0.24520275 0.851709545 0.463105202
vn 0.127795711 0.989466786 0.0679977164
vn 0.178904295 0.981923521 0.061801482
vn -0.231692985 0.95757097 0.17139481
vn -0.136897311 0.899282336 0.415391833
vn -0.0942024738 0.914524019 0.393410325
vn 0.0184001625 -0.032300286 -0.999308825
vn 0.00479990523 -0.102897964 -0.994680345
vn -0.712344468 0.699543715 0.056603536
vn -0.0146993985 0.654673219 -0.755769074
vn -0.0955993682 0.788394809 -0.607695997
vn -0.0338002071 0.836905122 -0.546303332
vn -0.076200448 0.93700552 -0.340902001
vn -0.160899624 0.976497769 -0.143399671
vn -0.0844013169 0.995115519 -0.0512007996
vn -0.309382915 0.949547529 0.0513971597
vn -0.230501652 0.971806943 0.0496003553
vn -0.00280010002 0.339412123 -0.940633595
vn -0.0659988597 0.535290778 -0.842085481
vn 0.00270005595 0.241005003 -0.970520139
vn 0.00380011881 0.0415012985 -0.999131203
vn -0.00280010002 0.339412123 -0.940633595
vn -0.00639978237 -0.00519982306 -0.999966025
vn -0.939309478 0.336203396 0.0683006868
vn -0.865807772 0.494904429 0.0738006607
vn -0.899706185 0.433302969 0.0527003631
vn 0.0143000847 0.900605321 -0.434402555
vn -0.0264994781 0.986680567 -0.160496846
vn -0.567297637 0.821396589 0.0589997582
vn -0.80061698 0.595812619 0.0634013489
vn 0.033298336 0.452277422 -0.891255498
vn -0.116295204 0.982559502 0.145094022
vn -0.00860009063 0.643606782 -0.765308022
vn -0.00860009063 0.643606782 -0.765308022
vn -0.186392441 0.981360197 0.0467981026
vn 0.0565002784 0.848604143 -0.526002586
vn 0.0191998836 0.976094067 -0.216498688
vn -0.0784974843 0.920370519 0.383087724
vn -0.831146955 0.0432972349 -0.554364622
vn -0.293412268 0.0292012207 -0.955539942
vn -0.609901607 0.0841002166 -0.788002014
vn 0.0179999433 -0.0167999472 -0.999696851
vn -0.980087399 0.128598347 -0.151298061
vn -0.846222579 0.123103283 -0.518413842
vn -0.00440004235 0.999909699 0.0127001228
vn -0.0837015659 0.988118529 0.12890242
vn -0.986537874 0.110004224 0.121004641
vn -0.0561976433 0.962059677 0.266988814
vn 0.0179999433 -0.0167999472 -0.999696851
vn -0.455315799 0.88823086 0.0611021221
vn -0.294399112 0.953597188 0.0630998164
vn -0.0775015578 0.98511982 0.153403088
vn -0.222193301 0.973770678 0.0489985235
vn 0.139102921 -0.0537011288 -0.988820791
vn -0.463600129 0.169400051 -0.869700253
vn 0.0376994051 0.98978436 0.137497827
vn -0.261503994 0.160202444 -0.951814473
vn 0.00410012761 0.0110003417 -0.999931097
vn 0.00410012761 0.0110003417 -0.999931097
vn -0.680206895 0.187601894 -0.708607197
vn -0.889288485 0.235596955 -0.391994923
vn -0.126604736 0.990337014 0.0566021167
vn -0.0316998772 0.950696349 0.30849883
vn -0.97292304 0.22240527 -0.0629014894
vn 0.022100972 0.997343838 0.0694030523
vn 0.0576978438 -0.0184993092 -0.998162687
vn -0.846240401 0.526025116 0.0847040415
vn -0.897191703 0.10159906 0.42979604
vn -0.72968775 0.679588556 0.0755987316
vn 0.0396012701 0.238107622 -0.970431089
vn -0.889967978 0.0574979298 0.452383727
vn -0.700700939 0.711400986 0.0541000739
vn -0.000700020057 -0.112703227 -0.993628442
vn -0.785985231 0.0937982351 0.611088514
vn -0.567105353 0.820707738 0.0695006549
vn -0.937005341 0.241901383 0.252001435
vn -0.800681293 0.185995653 0.569486678
vn -0.433091372 0.898682117 0.069298625
vn 0.0072996919 0.096995905 -0.995258033
vn -0.184807956 0.98154223 0.0492021181
vn -0.149500355 0.987302363 0.0537001267
vn 0.067097947 0.664379716 -0.744377255
vn 0.064502053 0.389112413 -0.918929279
vn 0.067097947 0.664379716 -0.744377255
vn -0.916298687 0.36419946 -0.166599765
vn 0.139399558 0.64179796 -0.754097581
vn -0.198501334 0.978406549 0.0576003864
vn -0.902395964 0.323198557 0.284998715
vn 0.126302689 0.825817525 -0.549611688
vn 0.0974994972 0.953795075 -0.284198523
vn 0.0141998688 0.04019963 -0.999090791
vn -0.152000353 -0.0338000804 -0.987802327
vn -0.075798735 -0.147297546 -0.986183524
vn -0.76214242 0.348619401 -0.545530379
vn -0.140895516 0.277391165 -0.950369716
vn -0.578707099 0.352104306 -0.735609055
vn -0.360900402 0.361000389 -0.859900951
vn -0.140895516 0.277391165 -0.950369716
vn -0.138598084 0.988886356 0.0537992567
vn -0.661135435 0.507227182 -0.552829623
vn -0.0193996076 -0.00799983833 -0.99977982
vn -0.00339991762 0.0208994932 -0.999775827
vn 0.0623015128 -0.092902258 -0.993724167
vn 0.0469980016 0.0827964768 -0.995457649
vn 0.0693999529 0.331499755 -0.940899312
vn 0.202597871 0.372396082 -0.905690491
vn 0.186312169 0.618040383 -0.763749897
vn 0.165698975 0.203298748 -0.964994013
vn 0.332888037 0.418784946 -0.844869673
vn 0.343389452 0.633380592 -0.693478703
vn -0.537285268 0.609183311 -0.58328402
vn -0.288891047 0.631580412 -0.719477713
vn -0.360900402 0.361000389 -0.859900951
vn -0.288891047 0.631580412 -0.719477713
vn -0.120095268 0.576577306 -0.808168173
vn -0.0388005599 0.276904017 -0.960113883
vn -0.169806108 0.84013021 -0.515118539
vn -0.120095268 0.576577306 -0.808168173
vn 0.126302689 0.825817525 -0.549611688
vn -0.795593917 0.598095477 0.0964992642
vn 0.264109284 0.843829691 -0.467116416
vn 0.173702881 0.893314838 -0.414506882
vn 0.264109284 0.843829691 -0.467116416
vn -0.0659988597 0.535290778 -0.842085481
vn 0.0460019931 0.979642451 -0.195408463
vn 0.1762923 0.975257397 -0.133394182
vn -0.660725474 0.744228661 0.097803764
vn 0.247691885 0.957668662 -0.146695197
vn 0.402520239 0.905445516 -0.134706765
vn 0.428987831 0.783077776 -0.450287223
vn 0.428987831 0.783077776 -0.450287223
vn 0.603511631 0.778315008 -0.173203349
vn -0.764298677 0.580998957 -0.279799521
vn 0.302009523 0.952330053 -0.0431013592
vn -0.868442655 0.494024247 -0.0418020524
vn -0.652234852 0.74653995 -0.131407022
vn 0.0364989787 0.996872127 0.0700980425
vn -0.409586281 0.812572777 -0.414686114
vn -0.421018541 0.903639793 -0.0786034614
vn -0.291207552 0.932324171 -0.214405566
vn -0.265402555 0.964109302 0.00740007125
vn 0.102200657 0.993506432 0.0500003211
vn 0.0706958175 0.966742814 0.24578546
vn -0.111395359 0.992258668 0.0548977144
vn -0.0551011227 0.996920288 0.0558011383
vn 0.0243006013 0.981424272 0.190304711
vn 0.135297298 0.972280622 0.190696195
vn -0.00329989055 0.0651978403 -0.997866929
vn 0.123601548 0.968112111 0.21790272
vn 0.320284545 0.941954494 0.100695141
vn 0.230690569 0.965760469 0.118695147
vn 0.167798057 0.959188879 0.227597356
vn -0.0740963891 0.995551527 0.0581971668
vn 0.251288325 0.960155368 0.122294314
vn -0.911956072 0.258287549 0.318784654
vn 0.0756965205 0.995354235 0.059497267
vn 0.0745030642 0.995340943 0.0612025149
vn 0.0135004567 0.998333752 0.0561018959
vn 0.114603214 0.991627753 0.0595016666
vn -0.00809977017 0.998171628 0.0598982982
vn -0.0637970492 0.996653914 0.0510976352
vn 0.039000757 0.997519374 0.0586011373
vn -0.0564972535 0.996751547 0.0573972091
vn 0.0109996945 0.997772336 0.0657981783
vn -0.550711513 0.829317331 0.0946019813
vn -0.721758127 0.682760358 0.113593407
vn -0.422390312 0.902679265 0.0821981132
vn -0.130998597 0.989589453 0.059599366
vn -0.0663012192 0.996118248 0.0579010621
vn 0.134600684 0.988605022 0.0674003437
vn 0.16289933 -0.676397204 -0.718297005
vn 0.0398981161 -0.0864959136 -0.99545294
vn 0.206403762 -0.46220842 -0.862415731
vn 0.288405597 -0.759014726 -0.583711326
vn 0.154701114 0.986107111 0.0605004355
vn 0.0089996038 0.0424981304 -0.999056041
vn 0.210989043 -0.183290482 -0.960150123
vn 0.370293885 -0.605690002 -0.704288363
vn 0.239397064 0.969288111 0.0562993102
vn 0.379185945 -0.920765877 -0.0916965976
vn 0.47740525 -0.803908825 -0.354703903
vn 0.478984594 -0.334789246 -0.811473906
vn 0.583594739 -0.601994574 -0.544995129
vn 0.478984594 -0.334789246 -0.811473906
vn 0.549100935 -0.832201421 -0.0770001262
vn 0.702513158 -0.701013148 -0.122702301
vn 0.781717896 -0.550512612 -0.293006718
vn 0.998944283 -0.00970043056 -0.0449019894
vn 0.995534301 0.0881030336 -0.0339011699
vn 0.999309957 -0.025400253 -0.0271002706
vn 0.806290388 -0.357195765 -0.471494406
vn 0.967253327 0.251787841 -0.0319984555
vn 0.989284694 0.145097762 -0.016199749
vn 0.970482349 0.238095671 -0.0383993015
vn 0.604700089 -0.79640013 -0.00920000114
vn 0.990583718 0.131897837 -0.0366993956
vn 0.995933652 0.069102332 -0.0578019507
vn 0.987751544 0.148007721 -0.0494025759
vn 0.833872974 -0.551682115 -0.0173994359
vn 0.908441842 -0.399718404 -0.122305632
vn 0.156205058 0.98603189 0.0578018688
vn 0.226004973 0.972821414 0.0504011102
vn 0.907186985 -0.420293957 -0.0190997254
vn -0.154603481 0.0386008695 -0.987222254
vn 0.22580187 0.97260803 0.0552004576
vn 0.242812857 -0.00650034426 -0.970051348
vn -0.070098348 0.0414990224 -0.996676505
vn 0.278801024 0.0426001586 -0.959403574
vn -0.0470990427 -0.0566988476 -0.997279763
vn 0.367516696 0.129605889 -0.92094183
vn 0.67207545 0.179593429 -0.718373716
vn 0.880272925 0.0234992765 -0.473885417
vn 0.62971288 0.0282005779 -0.776315928
vn 0.746138215 -0.235812068 -0.622631848
vn 0.566115439 -0.121503308 -0.81532222
vn 0.278801024 0.0426001586 -0.959403574
vn 0.367516696 0.129605889 -0.92094183
vn 0.274098068 -0.0887993798 -0.957593322
vn 0.210989043 -0.183290482 -0.960150123
vn 0.567898631 0.82259798 0.0286999308
vn 0.677814424 0.734915674 0.0216004606
vn 0.57701087 0.816515386 0.0190003589
vn 0.417108715 0.908418953 0.0282005891
vn 0.567898631 0.82259798 0.0286999308
vn 0.57701087 0.816515386 0.0190003589
vn 0.242812857 -0.00650034426 -0.970051348
vn 0.517288268 0.30509308 -0.799581826
vn 0.891971231 -0.195393696 -0.407686859
vn 0.948223233 0.270706654 -0.166104078
vn 0.97874105 0.140405893 -0.149506271
vn 0.869016826 0.162003145 -0.467509061
vn 0.811486363 0.349694133 -0.46819213
vn 0.955790818 -0.255697548 -0.145198613
vn 0.807993889 0.589095533 0.0105999196
vn 0.889373779 0.45688653 -0.0163995177
vn 0.800982654 0.598687053 -0.000799982692
vn 0.967793047 0.0796994269 -0.23879829
vn 0.745919406 -0.11220292 -0.656517088
vn 0.964727759 -0.138603985 -0.223806441
vn 0.517288268 0.30509308 -0.799581826
vn 0.597312689 0.577312291 -0.556711853
vn 0.597312689 0.577312291 -0.556711853
vn 0.932331324 0.361512154 -0.00820027571
vn 0.929479897 0.368192047 -0.0223995149
vn 0.786314547 0.58581084 -0.196303636
vn 0.603511631 0.778315008 -0.173203349
vn 0.0198003985 0.0311006252 -0.99932009
vn 0.892184913 0.430992693 -0.135097712
vn 0.299810827 0.0177006386 -0.953834474
vn 0.509790778 -0.0139997471 -0.860184491
vn 0.887718081 -0.0505010262 -0.457609326
vn 0.961735547 0.271510035 -0.0367013589
vn 0.715306342 -0.00260002306 -0.698806167
vn 0.299810827 0.0177006386 -0.953834474
vn 0.980756819 -0.0716968402 -0.181592003
vn 0.928533673 0.370613426 -0.0217007864
vn 0.872202992 0.489001691 -0.0118000405
vn 0.960867286 0.276990563 0.00319989119
vn 0.622592509 0.0199997593 -0.782290578
vn 0.428987831 0.783077776 -0.450287223
vn 0.639181972 0.768978298 0.0108996928
vn 0.493276358 0.869858265 0.00499976007
vn 0.383916616 0.922139943 0.0476020612
vn 0.785729647 0.618523359 -0.00760028698
vn 0.493276358 0.869858265 0.00499976007
vn 0.744177043 -0.667979419 0.00199993839
vn 0.981141925 -0.187808022 -0.0457019545
vn 0.956368327 -0.290190399 -0.0338988788
vn 0.880826294 0.473314106 0.0109003251
vn 0.806906998 0.59030509 0.0210001823
vn 0.708885372 0.70468545 0.0299993809
vn 0.4650231 0.884343922 0.0411020406
vn 0.11469847 0.991586804 0.0599992014
vn 0.150394112 0.986661375 0.0622975603
vn 0.956884563 -0.288495332 -0.0337994546
vn 0.4650231 0.884343922 0.0411020406
vn 0.971112132 -0.237202957 -0.0260003246
vn 0.833429098 -0.552619278 -0.00280009769
vn 0.902088225 -0.431294382 -0.0148998052
vn 0.938135386 -0.344412982 -0.0358013511
vn 0.861693442 0.507396102 -0.00579995569
vn 0.98964268 -0.142506152 -0.0173007473
vn 0.988427341 -0.147904098 -0.0337009318
vn 0.735829115 0.677126825 0.0074002929
vn 0.99437052 -0.0930972397 -0.0505984984
vn 0.993323207 -0.0969022661 -0.062601462
vn 0.397884101 0.915663421 0.0569977239
vn 0.410390884 0.910279751 0.054498788
vn 0.998220325 -0.0540010966 -0.025300514
vn 0.978092432 -0.0200998448 -0.207198396
vn 0.999166787 0.0357988104 -0.0195993483
vn 0.988234282 -0.147705123 -0.0397013761
vn 0.998366416 -0.00619979156 -0.0567980893
vn 0.249594674 0.967079341 0.0495989397
vn 0.17039527 0.983372688 0.0627982542
vn 0.990795016 -0.13529931 0.00439997762
vn 0.98536402 0.170293778 -0.00759972259
vn 0.997807205 -0.0653004721 -0.0108000776
vn 0.264999479 0.962298095 0.0612998791
vn 0.999362767 0.031598825 -0.0165993813
vn 0.92663312 0.375713438 0.0138004934
vn 0.873573482 0.486085266 0.0242992621
vn 0.781386912 0.623189569 0.0326994509
vn 0.999944091 -0.00810035691 0.00680029951
vn 0.995828509 0.0885025337 0.0222006366
vn 0.987085879 0.160097703 0.00549992127
vn 0.951329231 0.307309449 0.0231007095
vn 0.998363972 -0.0497982018 0.0280989856
vn 0.887322009 0.459711403 0.036400903
vn 0.83515811 0.549072504 0.0320983902
vn 0.622636914 0.781446338 0.0408024192
vn 0.573173106 0.818761528 0.0331984423
vn 0.622636914 0.781446338 0.0408024192
vn 0.573173106 0.818761528 0.0331984423
vn -0.21830982 -0.972643793 0.0794035718
vn -0.980990767 -0.131398767 0.142798662
vn -0.986264765 -0.038198635 0.160694256
vn -0.977904379 -0.0564002506 0.201300904
vn -0.973418772 -0.151002914 0.172203317
vn -0.955405474 -0.210301206 0.207301185
vn -0.796601534 -0.583301127 0.158700302
vn -0.736698329 -0.665198505 0.121599726
vn -0.984359801 0.100495897 0.14469409
vn -0.933930159 -0.0999032259 0.343211085
vn -0.920810401 -0.00910010282 0.38990438
vn -0.929736733 0.108704291 0.351813883
vn -0.972967923 0.00469984533 0.23089239
vn -0.972468674 0.131195769 0.192593798
vn -0.982216656 0.0449007601 0.182303086
vn -0.941926479 0.217806116 0.255607188
vn -0.878667235 -0.453983068 0.147794485
vn -0.89246136 -0.302486897 0.334685504
vn -0.943838775 -0.280811518 0.174107149
vn -0.949679494 -0.27669403 0.146796823
vn -0.887880325 -0.424790591 0.176696077
vn -0.966039479 0.220809028 0.13420549
vn -0.367202669 -0.924206734 0.104900762
vn -0.131194517 -0.989658654 0.0579975769
vn -0.566708446 -0.811112106 0.144702151
vn -0.893321693 -0.00250006071 0.449410886
vn -0.92581588 0.356106102 0.126702175
vn -0.888286889 0.124498159 0.442093462
vn -0.854180515 0.505988419 0.119797267
vn -0.918862939 -0.0249989927 0.393784136
vn -0.894925654 0.173004955 0.411311775
vn -0.737914026 -0.654312432 0.165403143
vn -0.937431455 0.304010212 0.169705704
vn -0.973252773 0.163892046 0.16099219
vn -0.831496418 -0.524697721 0.182499215
vn -0.922479451 0.0759983063 0.37849158
vn -0.891194284 0.178098857 0.417197317
vn -0.863327503 0.361111492 0.352511227
vn -0.852817357 -0.451609194 0.262205333
vn -0.720221639 -0.644819379 0.255907685
vn -0.857113719 0.493407905 0.148002371
vn -0.79741776 0.589213133 0.130202904
vn -0.909613609 0.37510559 0.178602666
vn -0.721812308 0.677111566 0.143202439
vn -0.911372662 0.301390946 0.280291587
vn -0.862999856 0.468599916 0.188799962
vn -0.551408768 0.825413167 0.121001929
vn -0.560097277 0.822296023 0.100599512
vn -0.822986901 0.494092107 0.280295521
vn -0.774511397 0.612509012 0.158002332
vn -0.569992483 0.807089329 0.153997973
vn -0.337116659 0.937246263 0.0890043974
vn -0.672748923 0.725344956 0.145888925
vn -0.375110507 0.915425658 0.145904094
vn -0.73099786 0.61899817 0.287199169
vn -0.165605158 0.984830737 0.0518016145
vn -0.0930006504 0.993606985 0.0640004501
vn -0.14370203 0.987913966 0.0581008233
vn -0.872193038 0.29749763 0.388296902
vn -0.804425061 0.401412487 0.437913626
vn -0.741483152 0.531987906 0.408890694
vn -0.798022091 -0.450812489 0.399911076
vn -0.602305233 0.758206606 0.24970217
vn -0.863925099 -0.252907366 0.435512662
vn -0.927274704 -0.181595042 0.327391058
vn -0.89170289 -0.14160046 0.429901391
vn -0.583072782 0.738365531 0.338884175
vn -0.430522293 0.86994499 0.240512446
vn -0.755588949 0.541092098 0.369194597
vn -0.0912963897 -0.993560731 0.067097351
vn -0.361389875 0.883075237 0.299291611
vn -0.194694027 0.979269922 0.0558982827
vn -0.294402748 0.954308927 0.0512004793
vn 0.233993068 -0.86647433 -0.440986931
vn 0.0909988135 -0.865488768 -0.492593586
vn 0.0460989252 -0.937178135 -0.345791936
vn 0.188396826 -0.832385957 -0.52119118
vn 0.971101046 0.032100033 -0.236500248
vn 0.970992744 -0.0316997655 -0.23699823
vn 0.969599664 0.200199932 -0.140699953
vn 0.0097001791 -0.999818444 -0.0164003018
vn 0.949280202 0.300793737 -0.0915980935
vn 0.989316583 0.116901956 -0.0871014595
vn 0.976322174 0.207004711 0.0628014281
vn -0.211392149 0.954664588 0.209592223
vn 0.062900193 -0.996903062 0.0472001433
vn 0.0396002233 -0.997605562 0.0567003191
vn -0.00409980863 -0.998853385 0.0476977751
vn -0.0103004659 -0.997145116 0.0748033822
vn -0.0460998826 -0.993797481 -0.101199746
vn 0.037500497 -0.989213109 -0.141601875
vn 0.993190587 0.0340996757 0.111398943
vn -0.103804544 0.979942918 0.170107439
vn -0.0997031853 0.99273169 0.0674021542
vn -0.155697197 -0.985482275 0.0676987767
vn 0.964056849 0.163909674 0.209112331
vn -0.104799397 -0.992294252 0.0660996214
vn -0.368805856 -0.91911459 0.138602197
vn -0.49100858 -0.845214784 0.211003691
vn -0.256000578 -0.963302255 0.0807001889
vn 0.00729980692 0.99707365 0.0760979876
vn -0.0424984321 -0.9976632 0.053498026
vn 0.885731578 0.417014867 -0.203907266
vn -0.548387229 -0.811981082 0.199895352
vn 0.930337071 0.349213898 0.111904457
vn -0.014000576 -0.997741044 0.0657026991
vn -0.0336006992 0.935619533 0.351407319
vn -0.0409003086 -0.996507525 0.0728005469
vn -0.681587636 -0.636888444 0.360293478
vn -0.652990699 -0.719789803 0.235596657
vn -9.99969125e-05 -0.99796921 0.0636980385
vn 0.0333988965 -0.997166991 0.0673977733
vn 0.78454119 -0.607631922 0.123606488
vn 0.763098955 -0.536999285 0.359599501
vn 0.596295714 -0.731394708 0.330897599
vn -0.194002986 -0.977415025 0.0838012919
vn -0.560372651 0.245688006 0.790961385
vn -0.682302117 0.369701147 0.630701959
vn -0.586081266 0.127395928 0.800174415
vn 0.708388984 -0.612190485 0.351294547
vn -0.136703163 -0.988522947 0.0643014908
vn -0.673087835 0.535690308 0.509890795
vn -0.521291196 0.404193163 0.751587272
vn -0.118303418 -0.990428567 0.0711020529
vn -0.564522445 0.658626199 0.497519791
vn -0.683407307 0.714207649 0.151201621
vn -0.828079462 -0.488587886 0.274893194
vn -0.752384245 -0.583287776 0.306093603
vn -0.74479264 -0.645593584 0.168798327
vn -0.532109201 0.811114013 0.242804199
vn -0.832200766 -0.525900483 0.175700158
vn -0.865490794 -0.351396263 0.356996208
vn -0.779110849 -0.484906763 0.397305548
vn -0.903321147 -0.30650717 0.300107032
vn -0.648485959 -0.0451990217 0.759883523
vn -0.659501612 0.125800312 0.741101801
vn -0.078200914 -0.995611668 0.0514006019
vn 0.592478216 -0.662875652 0.457783163
vn -0.886367679 -0.457583308 -0.0704974309
vn -0.9158746 -0.375589609 0.141796067
vn -0.95370698 -0.244001791 0.175801292
vn -0.959377468 -0.145196587 0.24189432
vn -0.981550574 -0.185709566 0.0455023423
vn -0.80120945 -0.596407056 -0.0486005731
vn -0.0514994115 -0.996188641 0.070399195
vn 0.91481787 -0.334506512 0.226304412
vn 0.911213636 -0.249203727 0.328004897
vn 0.838810742 -0.421805412 0.344204426
vn 0.0108994637 -0.995351017 0.095695287
vn -0.956184328 -0.279695421 -0.0864985809
vn -0.631471336 0.263188034 0.729366899
vn -0.00579974847 -0.996656775 0.0814964622
vn 0.86639595 -0.333798438 0.37139827
vn -0.785481513 -0.553986967 -0.275893509
vn -0.898323357 -0.350409091 -0.26500687
vn -0.567003191 -0.785904467 0.24670139
vn -0.805088878 -0.427494079 -0.411194295
vn -0.768393576 -0.0102999145 0.639894664
vn -0.953675985 -0.176395565 -0.243693873
vn -0.872313261 -0.219703332 -0.436806649
vn -0.418410152 -0.892921686 0.166204035
vn 0.433792681 -0.862685442 0.25999561
vn 0.45019424 -0.713190854 0.537293136
vn -0.758802354 0.225600705 0.611001909
vn -0.644803345 -0.75740391 0.102800533
vn -0.520188987 -0.850481987 0.0779983476
vn -0.557693601 0.409695297 0.721891701
vn -0.697969973 0.380983621 0.606373966
vn -0.612608731 -0.78991127 -0.0274003893
vn -0.711989701 -0.701789856 0.023699658
vn -0.609404147 0.0237001628 0.792505443
vn -0.227191463 -0.973263443 0.0337987281
vn -0.801500857 -0.182700187 0.569400609
vn -0.66818136 -0.0742979273 0.740279317
vn -0.0786012933 -0.99581635 0.0466007665
vn -0.818806291 0.266802073 -0.50830394
vn -0.423604816 0.0247002803 0.905510306
vn -0.704467952 0.0739966333 0.705867887
vn -0.0491011813 -0.996223986 0.0716017261
vn -0.739202619 0.203500718 0.642002285
vn -0.264604926 -0.963017941 0.0508009456
vn -0.595286191 -0.801381469 -0.0584986471
vn -0.625585735 0.333492368 0.70528388
vn -0.84285444 -0.07859575 -0.532371223
vn -0.867311776 0.207602829 -0.452406138
vn -0.912613213 -0.0988014266 -0.396705747
vn -0.807115376 0.455008686 -0.376207173
vn -0.961108208 -0.00620005326 -0.276102364
vn -0.0525992848 -0.993686438 -0.0990986526
vn 0.676700354 -0.578600287 0.455300242
vn -0.587990642 0.195896879 0.784787476
vn 0.0415013358 -0.996732056 0.0693022311
vn -0.819491267 0.43509537 -0.372996032
vn -0.494915009 0.456413835 0.739422441
vn -0.418173403 0.329379052 0.846546173
vn -0.732151806 0.665356219 -0.145790398
vn -0.590818584 0.472014844 -0.654320598
vn -0.657795429 -0.736694872 -0.156798899
vn 0.793120682 -0.311108112 0.523613691
vn -0.565783918 -0.819876671 -0.087697506
vn -0.511290312 0.344393492 0.787385106
vn 0.921472847 -0.134296045 0.364489257
vn -0.689086258 -0.657186925 -0.305393934
vn 0.0387011282 -0.996529102 0.0737021491
vn -0.771723628 -0.585817933 -0.247507572
vn -0.624215126 -0.766618609 -0.15050365
vn 0.0117003694 -0.99553144 0.093702957
vn -0.561211944 -0.827617586 0.00950020179
vn -0.451702893 0.424502701 0.784704983
vn 0.0239997096 -0.996687949 0.0776990578
vn -0.40960741 -0.912216485 0.00910016429
vn -0.424210668 0.59801507 0.680017114
vn 0.0153996656 -0.999878287 0.00249994569
vn -0.4470101 0.507811487 0.736416638
vn 0.947815537 -0.107901767 0.3000049
vn 0.944336236 -0.0239009168 0.328112572
vn 0.0442996509 -0.995992124 0.0776993856
vn 0.936481655 0.120697632 0.329293549
vn -0.348397285 0.592795372 0.726094306
vn -0.437899023 0.644198537 0.62709862
vn -0.30760017 0.687900364 0.65740037
vn -0.600179374 0.549981117 0.580780029
vn 0.0461990833 -0.997680187 0.0499990061
vn 0.11950174 -0.982114255 -0.14550212
vn 0.0598997585 -0.997496009 0.0375998504
vn -0.225910068 0.246510997 0.942442
vn -0.373503238 0.596505165 0.710406184
vn -0.498601228 0.736701787 0.456801116
vn 0.903158903 0.249188662 0.349584073
vn 0.12940301 -0.978922725 -0.158003673
vn -0.354097247 0.759494066 0.545695782
vn -0.3172988 0.863696754 0.391598523
vn 0.224595383 -0.897181571 -0.380292177
vn -0.179493412 0.687374771 0.703774154
vn -0.997680604 -0.0626987815 -0.0264994856
vn -0.977604389 0.209100947 -0.0238001067
vn -0.919041634 0.394117832 -0.00580026256
vn 0.185994014 -0.979568481 -0.0764975399
vn 0.857679009 0.386790544 0.338791698
vn 0.817817926 0.562112331 0.123302706
vn -0.802822053 0.595816374 -0.0219006017
vn -0.794213533 0.549909353 -0.258504421
vn 0.067696847 -0.994753659 0.0766964257
vn -0.630025506 0.712228835 -0.309512526
vn 0.785801172 0.508400738 0.352200508
vn 0.785801172 0.508400738 0.352200508
vn 0.817817926 0.562112331 0.123302706
vn 0.69627732 0.639679193 0.325589389
vn -0.463923067 0.852742434 0.240011945
vn 0.918669343 0.0583980531 0.390686959
vn -0.0543990396 -0.996282399 0.0667988211
vn -0.286502987 0.711607456 0.641506732
vn 0.00449985033 -0.996966839 0.0776974186
vn 0.0893990174 -0.988789141 0.119598687
vn 0.175798565 -0.972792089 0.150898769
vn 0.89961797 0.0580011606 0.432808667
vn 0.854536176 0.219309285 0.47081992
vn -0.210308522 0.660326719 0.720929205
vn -0.178395718 0.796380937 0.577886164
vn 0.0958022252 -0.993223071 0.0658015311
vn 0.285295725 -0.884686768 -0.368694484
vn 0.275892794 -0.961174905 0.00509986654
vn -0.171894655 0.855473459 0.48848483
vn -0.108298205 0.721788049 0.683588684
vn 0.600996733 0.69339627 0.397497863
vn 0.570198536 0.783997953 0.245399356
vn 0.502110302 0.823616862 0.263705403
vn 0.715182781 0.694683254 0.0769981444
vn -0.049698066 0.70237267 0.710072339
vn 0.850116372 0.366107047 0.378507286
vn 0.418008268 -0.31490624 0.852116883
vn 0.294395715 -0.460193276 0.837587774
vn 0.301899821 -0.364999801 0.880699515
vn 0.490822166 -0.480121702 0.72703284
vn 0.686601996 -0.443101287 0.576401711
vn 0.409608513 -0.321006685 0.853917778
vn 0.0818009526 -0.995011628 0.0571006648
vn 0.0423996374 -0.981691599 0.185698405
vn 0.36609751 -0.140599042 0.919893742
vn 0.518381655 -0.248091221 0.818371058
vn -0.189803153 -0.97341615 0.128202125
vn -0.831633031 -0.48221916 -0.27541095
vn -0.87339288 -0.317497402 -0.369296998
vn -0.776707828 -0.62980634 -0.00830008369
vn -0.088997677 -0.958174944 0.271992892
vn 0.87092495 -0.127403647 0.474613577
vn -0.905576169 -0.214094371 -0.366190374
vn -0.86150682 -0.0800006315 -0.501403987
vn 0.471774131 -0.0631965324 0.879451752
vn 0.42491737 -0.0698028505 0.902536869
vn 0.613804579 -0.157901183 0.773505747
vn -0.909705877 -0.410102636 -0.0652004182
vn -0.837265909 -0.507279336 0.204091698
vn -0.919022977 -0.0396009907 -0.392209798
vn -0.977216065 -0.205803379 -0.0519008525
vn 0.793209255 0.0232002698 0.608507097
vn 0.13539806 -0.93958652 0.314395487
vn -0.994032502 0.0397012979 -0.101603322
vn 0.131903738 -0.989628017 0.0569016114
vn 0.55753082 0.12130671 0.821245432
vn -0.932477713 -0.229694515 0.278793335
vn -0.832215965 -0.356306851 0.424808174
vn 0.287111223 -0.932336509 0.219808608
vn -0.633473933 -0.357985288 0.685971797
vn 0.457891375 -0.463391274 0.758685708
vn 0.636616826 -0.379010022 0.671617746
vn 0.298695236 -0.935285091 0.189796984
vn 0.36420387 -0.929609895 0.0564006008
vn -0.679701388 -0.168800339 0.713801444
vn 0.56410104 -0.560200989 0.606601059
vn 0.334387958 -0.57787919 0.744473219
vn 0.59646821 -0.289884567 0.748460114
vn -0.557004511 -0.237901911 0.795706391
vn 0.504780054 -0.208191767 0.837766886
vn -0.982668698 -0.113196388 0.146795318
vn 0.74796772 -0.133494243 0.650171936
vn 0.565585315 -0.053098619 0.822978616
vn 0.260994971 -0.406492144 0.875583112
vn 0.599282205 -0.194394231 0.776576936
vn 0.635322154 -0.65862298 -0.403214067
vn 0.433686852 -0.444886506 -0.78357625
vn 0.439890534 -0.299093574 -0.84678179
vn -0.958068907 0.135095611 0.252691805
vn -0.78198123 0.00459988927 0.623285055
vn 0.178502038 -0.173001975 0.968611062
vn -0.635432243 -0.0623031594 0.769639015
vn 0.681123674 -0.193906739 0.706024587
vn 0.59936434 -0.244085491 0.762354672
vn 0.622503519 -0.343501925 -0.703203976
vn 0.822934985 -0.522622228 -0.222809464
vn 0.746991694 -0.208197683 -0.631393015
vn 0.927707493 -0.266902149 -0.261002094
vn 0.400091916 -0.805583715 0.436991185
vn 0.655811131 0.017900303 0.75471276
vn 0.293611974 0.0128005221 0.955838978
vn 0.939392865 0.058599554 -0.337797433
vn 0.925549984 -0.160591319 -0.342881471
vn -0.6745013 -0.728701413 0.118500225
vn 0.588418305 -0.0388012081 0.807625115
vn 0.281697094 -0.867591023 0.409795761
vn 0.71354723 -0.145889208 -0.685249329
vn 0.864113271 -0.104601607 -0.492307574
vn 0.417705208 0.0222002771 0.908311367
vn 0.52790904 0.141002417 0.8375144
vn 0.386479139 0.135092705 0.912350714
vn 0.653790295 0.183097288 0.734189093
vn 0.225707069 -0.972730458 0.0534016714
vn 0.727386355 0.0589988939 0.68368721
vn 0.742976248 0.247992083 0.62168014
vn -0.683392227 -0.553193688 0.476394564
vn -0.570619047 -0.784126222 0.244008154
vn -0.925683558 -0.130997673 0.354893714
vn -0.947938085 -0.0342013761 0.31661272
vn 0.687922895 0.294109792 0.663522065
vn -0.467807472 -0.616809845 0.633010089
vn 0.141506851 -0.987747788 0.0658031851
vn -0.361815155 -0.919938505 0.151006326
vn -0.443799019 -0.877698064 0.180799603
vn 0.472494125 -0.878889084 0.0655991882
vn 0.6305843 0.311692238 0.71078229
vn 0.457009643 0.318406731 0.83051753
vn -0.00450012414 0.99812752 0.0610016808
vn -0.0537996702 0.996593893 0.0624996163
vn -0.0390991718 0.997278869 -0.0624986775
vn -0.364085704 -0.721571624 0.588876843
vn 0.074903585 0.986547172 -0.145306945
vn -0.207299501 0.977997601 0.0233999435
vn -0.321702212 -0.806405544 0.496203393
vn 0.0244005416 0.952421188 -0.303806752
vn -0.220302552 -0.676407814 0.702808142
vn -0.392493039 -0.518190801 0.759886503
vn -0.315489173 -0.629378378 0.710175633
vn 0.706626952 -0.703726828 0.0738028139
vn 0.845373571 -0.532683372 0.0398987532
vn -0.487190664 -0.424491853 0.763185382
vn 0.160596728 0.941780806 -0.295393974
vn 0.949674606 -0.309091717 0.0507986397
vn 0.982420027 -0.181203693 0.0449009165
vn -0.483284354 -0.408386767 0.774374902
vn -0.94659102 0.111898944 0.302397132
vn 0.178499773 0.947498798 0.265299648
vn 0.198995292 0.969877064 0.140496686
vn 0.0580985509 0.967375875 0.246593848
vn 0.094097957 0.990578473 0.0994978398
vn 0.995915711 -0.0854013488 0.0293004625
vn -0.981276333 0.00649984321 0.192495361
vn -0.977270961 0.12009643 0.174694806
vn 0.299816877 0.933852553 0.195010975
vn 0.316679448 0.930039644 0.186387897
vn 0.903985858 -0.421693414 0.0705989003
vn -0.446891397 -0.562289178 0.695786595
vn -0.992062211 -0.0612976663 0.109795824
vn -0.923803866 0.169500709 0.343301445
vn 0.962926567 -0.26220724 0.0634017512
vn 0.172503099 0.632611394 0.755013585
vn 0.322085738 0.512077332 0.796264768
vn 0.31428957 0.71317637 0.626579225
vn -0.924072742 0.258992344 0.28109172
vn -0.572706699 -0.400604665 0.715208352
vn -0.946132958 0.251908779 0.203407079
vn -0.569277167 -0.0379984751 0.821267068
vn 0.993266165 -0.0984966457 0.060997922
vn 0.997833371 -0.00950031821 0.0651021749
vn 0.993809581 0.0972009376 0.0538005196
vn -0.995738387 -0.0605023317 -0.0696026832
vn -0.989945948 0.138606429 0.0282013081
vn -0.66490531 -0.198001578 0.720205724
vn -0.953077376 -0.0118997172 -0.302492827
vn -0.986589849 0.0906990692 -0.135698602
vn 0.223298326 0.922893107 0.313697636
vn -0.633196592 -0.308398336 0.709896147
vn 0.0600030832 0.785040319 0.61653167
vn -0.963718712 0.236104593 -0.12450242
vn 0.091799207 -0.994891405 0.0419996381
vn 0.331506759 0.887018085 0.321406543
vn 0.42341879 0.816436231 0.392617404
vn -0.953377187 0.292992979 0.0722982734
vn -0.888114035 0.424006701 0.177402809
vn -0.862879872 0.415190309 0.288193285
vn -0.626894116 -0.575294554 0.525395036
vn 0.112404168 -0.992836833 0.0405015014
vn -0.696790636 -0.39669466 0.597591937
vn -0.900619745 0.434009492 -0.0228004996
vn 0.111501805 -0.992816031 0.0434007011
vn -0.806684256 0.578588724 0.12039765
vn 0.160902694 0.755812645 0.63471061
vn -0.605885148 -0.119797058 0.786480665
vn -0.443086267 -0.435886502 0.78337574
vn -0.488380641 -0.327686995 0.808767915
vn -0.809912682 0.443806946 0.383506
vn 0.09899652 -0.994465053 0.035198763
vn 0.382111132 0.580516934 0.719020963
vn 0.103997141 -0.993572652 0.0446987711
vn 0.0826014653 -0.995917678 0.036400646
vn 0.0722021535 -0.995429754 0.0625018701
vn -0.60292834 -0.260012209 0.754235446
vn -0.949912429 -0.242603183 -0.19700259
vn -0.893399119 -0.275599718 -0.354799658
vn -0.695384145 0.62208581 0.359791785
vn 0.102097027 -0.994771063 0.00259992434
vn -0.00860025082 -0.781122804 0.624318182
vn -0.10360375 0.991935909 -0.0730026439
vn -0.625897348 0.720396996 0.29879874
vn -0.529912233 0.80361855 0.27090627
vn 0.24740918 -0.966535807 0.0678025112
vn 0.759122312 0.332509786 0.559616446
vn 0.129302427 -0.991518676 0.0131002469
vn -0.212394252 -0.89107585 0.401089132
vn 0.509794831 0.244597524 0.82479167
vn 0.685995758 0.478997052 0.54769665
vn 0.135404825 0.905832291 -0.401414305
vn 0.123998113 -0.99208492 0.0197996981
vn -0.0949979722 -0.791083097 0.604287088
vn -0.338912845 0.927335143 0.158706009
vn 0.130901113 -0.991008401 0.0277002342
vn 0.394909471 0.887221277 0.238505706
vn -0.191694871 -0.714480877 0.672881961
vn 0.6303792 -0.771374583 0.087197125
vn 0.494294196 -0.868489802 0.0373995602
vn 0.0304009542 -0.840526402 0.540916979
vn -0.794467449 0.554277301 0.248189822
vn 0.214002535 -0.975311518 0.0545006432
vn -0.708377719 0.656679332 0.258791864
vn 0.19929108 -0.97965616 -0.0235989429
vn -0.680807233 0.716707647 0.151101604
vn -0.0230002515 -0.685607493 0.727607965
vn 0.795207798 -0.602305889 0.0698006824
vn 0.820509851 -0.564406753 0.0906010866
vn 0.898493409 -0.430096835 0.0878993571
vn -0.806819618 0.587514281 -0.0622015148
vn -0.72020942 0.693009079 0.0322004221
vn 0.211496502 -0.975983858 0.0521991365
vn 0.179192945 -0.980661333 0.0786968991
vn 0.137598187 -0.734790266 0.664191246
vn 0.515421987 0.74123168 0.430018365
vn 0.138599828 -0.641499221 0.754499078
vn -0.295804411 0.94921416 0.107201599
vn 0.363705009 -0.931512833 -0.00160002196
vn -0.567688048 0.817882776 0.0937980264
vn -0.496111393 -0.626814365 0.600813806
vn 0.685995758 0.478997052 0.54769665
vn -0.314691901 -0.804279327 0.504087031
vn 0.680588365 -0.725587547 0.101598255
vn 0.798020065 -0.59621501 0.0877022073
vn -0.0833990052 -0.895589292 0.436994761
vn -0.523804128 -0.691605449 0.497303903
vn -0.0888026506 0.993529618 0.0708021149
vn 0.0175000038 0.987900257 -0.154100046
vn 0.453800797 0.533300936 0.713901222
vn 0.466004252 0.387103528 0.795607269
vn 0.910089314 -0.398595303 0.113398664
vn -0.211010292 -0.928545296 0.305414915
vn -0.100703076 -0.642519653 0.75962323
vn -0.0961956009 -0.805763185 0.584373295
vn 0.457009643 0.318406731 0.83051753
vn 0.598785043 0.491087735 0.632684231
vn 0.687922895 0.294109792 0.663522065
vn 0.486094564 0.619493067 0.616393089
vn 0.272992939 0.329091489 0.90397656
vn -0.43209064 0.900780499 0.04349906
vn 0.357201219 0.235300809 0.903903127
vn 0.0474007018 -0.800011873 0.598108888
vn 0.357201219 0.235300809 0.903903127
vn 0.960763991 -0.265490055 0.0802969933
vn -0.290003151 -0.614706635 0.733507931
vn -0.543793082 -0.50919354 0.667091489
vn -0.280701429 -0.562202871 0.777903974
vn -0.0421990231 -0.37889123 0.92447859
vn 0.993579388 -0.0804983303 0.0794983506
vn 0.167503044 -0.97641772 -0.136202469
vn 0.18120347 -0.901417315 0.39320755
vn 0.993243575 0.0861037746 0.0778034106
vn 0.0935978368 -0.713783503 0.694083989
vn 0.244105369 -0.824618101 -0.510311186
vn 0.248406097 -0.856621027 -0.452211082
vn 0.466004252 0.387103528 0.795607269
vn 0.11520309 -0.845922709 0.520713985
vn 0.140708402 -0.794947505 0.590135276
vn -0.464976281 -0.878955185 0.105994597
vn 0.957767546 -0.263591051 0.114896104
vn 0.189908966 -0.652130783 0.733934641
vn 0.991771579 -0.0846975744 0.0959972516
vn 0.299797893 -0.940693438 0.158798888
vn 0.377899379 -0.660198927 0.649098933
vn 0.324910164 -0.900728226 -0.288309038
vn 0.179898918 -0.70139575 -0.689695835
vn -0.104000285 -0.683501899 -0.722501993
vn 0.121407256 -0.664739728 -0.737144053
vn 0.189094469 -0.718079031 -0.669780433
vn 0.0994025096 -0.963024318 -0.250406325
vn 0.368908405 -0.862219632 -0.347107917
vn 0.988354683 -0.108495027 0.106695108
vn 0.399694979 -0.412894815 -0.818389773
vn 0.550170422 -0.798857093 0.243186936
vn 0.586687744 -0.779583752 -0.219195426
vn 0.991866887 0.0845971778 0.0950968266
vn 0.979889631 0.186098024 0.0719992369
vn 0.959188044 0.269596636 0.0852989405
vn 0.44339326 -0.866686821 -0.228596523
vn 0.372479796 -0.922150016 0.104394339
vn 0.32630524 -0.871613979 -0.365805864
vn 0.95189774 0.281599313 0.120799713
vn 0.265607774 -0.655419171 0.7070207
vn 0.992484212 0.060099043 0.106598303
vn 0.315900981 -0.528001666 0.788302481
vn 0.554318011 -0.82622683 -0.100403257
vn -0.338608563 0.559214115 -0.756719112
vn -0.227792472 0.794173777 0.563381374
vn -0.254687577 0.935554385 -0.244688064
vn -0.686016679 -0.5960145 0.417310178
vn -0.538704932 -0.771807015 0.337803066
vn -0.298792958 0.901078761 -0.31429258
vn -0.267802656 0.903208911 -0.335403323
vn -0.139596626 0.770081341 0.622484922
vn 0.764990032 -0.635091722 -0.106998608
vn -0.106999002 0.646593988 0.755292952
vn 0.89355278 -0.446276426 -0.0489974134
vn 0.0219996665 0.932385802 -0.360794514
vn 0.30791381 -0.583426178 0.751533747
vn 0.121696576 0.740379155 0.661081433
vn 0.867345333 -0.430122495 -0.25041309
vn 0.0521012098 0.318107396 0.946621954
vn -0.816205978 -0.390402853 0.425903112
vn -0.0524025746 0.707034707 -0.705234647
vn 0.952599823 -0.303799927 0.0160999969
vn 0.140100971 0.500703454 0.854205906
vn 0.167197838 0.660591483 -0.731890559
vn 0.0274996087 0.845987916 -0.532492399
vn 0.691654027 -0.721952021 0.0199986715
vn 0.211593211 0.362188369 0.907770872
vn 0.535304904 0.471804321 0.700606406
vn 0.162902623 0.178202868 0.970415592
vn 0.773477376 -0.591782689 -0.226993367
vn 0.452770412 0.749751031 0.482568473
vn 0.418498904 0.437498838 -0.795897901
vn 0.624604166 0.364602417 -0.690604627
vn 0.471793681 0.79398936 0.383394867
vn 0.965525448 -0.191605046 -0.176204652
vn 0.923085928 -0.375794262 -0.0817987546
vn -0.34361136 -0.92983073 0.13170436
vn -0.987420321 0.156703219 -0.0211004335
vn -0.0767977312 -0.98827076 -0.131996095
vn -0.951110423 0.250902742 -0.180101976
vn -0.810587645 0.582991123 -0.0553991534
vn 0.263815254 -0.710441053 0.652437747
vn 0.533584177 -0.805276096 0.258492351
vn 0.425987482 -0.720578849 0.547083914
vn -0.546997607 0.791196585 -0.273498803
vn -0.642385364 0.765782595 0.0302993115
vn -0.495494157 0.837690115 0.229697287
vn -0.271198392 0.921894491 0.276698351
vn 0.00110004074 0.968035877 -0.250809312
vn 0.869736433 -0.474319845 0.136305705
vn 0.301803291 -0.622706831 -0.721907914
vn -0.168206006 0.982335091 0.0820029303
vn 0.973920822 -0.225404829 -0.0259005539
vn 0.374492109 -0.538288653 -0.754984081
vn 0.389107883 -0.656213284 -0.646513104
vn 0.583301246 -0.784101665 -0.212000459
vn -0.567784309 0.814777553 0.117296763
vn 0.743388474 -0.616090477 -0.260395974
vn -0.454675287 -0.78985709 0.411577642
vn -0.572513223 -0.819818974 -0.0112002594
vn -0.349602669 -0.893006802 -0.283402175
vn -0.19529371 -0.97746855 -0.080097422
vn -0.257199019 -0.914196491 0.313198805
vn -0.011199981 0.954998374 0.296399504
vn -0.248101398 0.549503088 0.797804534
vn 0.99783349 -0.0635021329 0.0172005761
vn 0.230611339 0.948446631 -0.217410684
vn -0.0880009159 -0.98551023 0.145001501
vn 0.288204759 0.934615433 0.208403438
vn 0.526107311 0.81931144 0.227903172
vn 0.624468625 0.683165669 -0.378580987
vn 0.45601362 0.821424544 -0.342510253
vn 0.377101928 0.89410454 0.241601229
vn -0.42829141 -0.569388568 0.701685905
vn -0.140797719 0.37349394 0.916885078
vn -0.229594603 0.774081826 0.589986145
vn 0.0783012584 0.77571249 0.626210093
vn -0.0538017452 0.97273159 0.225607321
vn 0.00159998424 0.256697476 0.966490507
vn 0.396091461 0.761883616 0.512488961
vn 0.222003296 0.410306096 0.88451314
vn 0.317803442 0.940810204 0.117801279
vn -0.208800375 -0.213800386 0.954301715
vn -0.932585001 -0.280395478 0.227296337
vn -0.420884192 -0.474082172 -0.773370922
vn -0.58039391 -0.757892072 -0.297896862
vn -0.602280557 -0.399587095 -0.69107765
vn -0.446714997 -0.509217083 -0.735624671
vn -0.834993482 -0.479296267 -0.270297885
vn -0.474904865 -0.586506009 0.65610671
vn 0.129202068 0.738811791 0.66141057
vn -0.398604631 -0.858209968 -0.323403746
vn 0.149994448 0.517280877 0.842568815
vn -0.646567106 -0.728862882 -0.225188538
vn -0.340105355 -0.599509418 -0.724511385
vn 0.995938003 -0.0858032703 -0.0273010414
vn 0.977440953 -0.185388803 0.101193883
vn -0.707715988 -0.592113376 -0.3854087
vn 0.337806493 0.569310963 0.749514401
vn 0.81037569 -0.58148253 0.071897842
vn 0.932849824 -0.340081692 0.118893601
vn -0.602318883 -0.754723608 0.260008126
vn -0.796870291 -0.587778091 0.139694795
vn 0.832898736 -0.0189999714 0.553099155
vn 0.557515442 0.0506014042 -0.828622937
vn 0.479611665 0.0365008898 -0.876721323
vn 0.739400089 0.0938000157 -0.666700125
vn 0.963208854 0.186301708 -0.193701774
vn -0.882567644 -0.469582766 0.023799127
vn 0.991047621 -0.132106349 0.0193009283
vn 0.999599874 0.0222999975 -0.0173999984
vn -0.194100186 -0.885000885 -0.423200399
vn 0.776141167 -0.46052441 0.430722833
vn 0.897435069 0.0967037827 0.430416822
vn 0.428715348 -0.161805794 0.888831854
vn 0.60450232 -0.679902613 0.415101618
vn 0.833005846 -0.218701541 0.508203566
vn 0.370399922 0.0224999953 0.928599834
vn 0.737591982 0.271197051 -0.618393242
vn 0.913507819 0.297202528 -0.277802378
vn 0.207705244 -0.971324563 0.11570292
vn -0.576480031 -0.420885444 0.700375736
vn -0.098499395 -0.447397262 0.888894558
vn 0.631983101 0.250793278 -0.733280361
vn 0.877538621 0.40391776 -0.258411378
vn 0.0109000606 -0.746404111 0.665403664
vn 0.0523970127 -0.437175065 0.897848845
vn -0.075697735 -0.15139547 0.98557055
vn 0.91302669 0.403711796 0.0583017021
vn 0.742976248 0.247992083 0.62168014
vn 0.6305843 0.311692238 0.71078229
vn 0.297397077 0.225297779 0.92779088
vn 0.91302669 0.403711796 0.0583017021
vn -0.186592266 -0.363384932 -0.912762165
vn -0.125500917 -0.654804766 -0.745305419
vn -0.460996747 -0.395097196 -0.794594347
vn 0.0131001044 -0.378502995 -0.925507367
vn -0.622309029 -0.781511366 -0.0444006473
vn -0.331510782 -0.807126284 0.488515913
vn 0.86741668 0.481909245 -0.12390238
vn 0.620791972 0.44259429 -0.647091627
vn -0.222607583 -0.919031322 -0.325311095
vn -0.000900041894 -0.61982882 0.784736514
vn 0.620791972 0.44259429 -0.647091627
vn 0.913507819 0.297202528 -0.277802378
vn -0.0849021375 -0.262006581 0.961324155
vn 0.877538621 0.40391776 -0.258411378
vn 0.705510676 0.644609749 -0.294504464
vn 0.561994016 0.461995095 0.686092734
vn 0.956812918 0.28350383 0.0643008724
vn -0.513410926 -0.495810568 0.700414956
vn -0.173504606 -0.479312748 0.860322893
vn -0.212794319 -0.209494397 0.954374492
vn -0.977886438 -0.183297455 -0.100698598
vn 0.799836755 0.600027561 -0.0151006943
vn -0.992087185 -0.00939987879 -0.125198379
vn -0.281805694 -0.926918685 0.247804999
vn -0.947665274 -0.3086887 -0.0814970136
vn -0.864897609 -0.489498675 0.111099698
vn 0.833822727 0.510113895 0.211005762
vn 0.846298993 -0.473799437 0.243499711
vn 0.527484655 -0.600082517 0.601382494
vn 0.741993487 -0.390696585 0.544795215
vn 0.19690381 -0.28620553 0.937718153
vn 0.358219534 -0.0653035566 0.931350768
vn 0.157105133 -0.943330824 0.292309552
vn -0.48409003 -0.584587991 0.651086569
vn -0.624416113 -0.689817786 0.366409451
vn 0.754499257 -0.270199746 0.598099411
vn -0.520100832 -0.854001343 -0.0133000202
vn 0.283299685 -0.956798911 -0.0653999224
vn 0.844554842 -0.18479012 -0.502573133
vn 0.633698046 -0.612898111 -0.471998572
vn 0.968785524 -0.20739691 0.135797977
vn -0.0948032886 -0.986134171 -0.13620472
vn 0.82822901 0.0174006093 0.560119629
vn -0.305680782 -0.949940324 -0.0645959452
vn 0.409714639 0.133904785 0.902332246
vn 0.924010038 0.159301728 0.347603768
vn -0.99246943 -0.0208993573 0.120696284
vn 0.715324461 0.349311948 0.605220675
vn 0.412002951 -0.20420146 -0.888006389
vn 0.313611239 -0.288910329 -0.904532373
vn -0.294706345 -0.534211457 0.792317033
vn 0.941076458 0.147996292 -0.304092407
vn 0.680977046 -0.0686976835 -0.729075372
vn -0.270092368 -0.851475954 0.449487299
vn -0.527604401 -0.83810699 0.138601154
vn -0.0635977685 -0.355087519 0.932667255
vn 0.0371010974 -0.800623715 0.598017693
vn 0.170594275 -0.451384842 0.875870585
vn -0.289090067 -0.957067132 0.0211992729
vn 0.0221001767 -0.98780787 0.154101223
vn 0.475394428 0.0814990476 -0.875989735
vn 0.219193071 -0.910671234 0.350188941
vn 0.901234329 0.388914794 0.191107273
vn 0.775522709 0.493114412 -0.394211531
vn -0.722573161 -0.634376466 0.274689794
vn -0.474504232 -0.803807199 -0.358803213
vn 0.901234329 0.388914794 0.191107273
vn 0.809604168 0.572602928 0.129100665
vn 0.775522709 0.493114412 -0.394211531
vn -0.237910613 -0.376516789 -0.895339966
vn -0.501509905 -0.709614038 -0.494909793
vn -0.712780356 -0.589083731 -0.380689502
vn 0.394901007 0.162700415 -0.904202282
vn 0.933240592 0.107104659 -0.342914909
vn 0.730837882 0.277414382 -0.623632312
vn 0.481321037 -0.0749032721 -0.873338163
vn 0.480478317 -0.518976569 -0.706968069
vn 0.782278955 -0.385789633 -0.489086866
vn 0.867021203 -0.379309267 0.323107898
vn 0.452901483 -0.170000553 0.875202894
vn 0.491486073 -0.228493527 0.840376198
vn -0.18579334 -0.926266789 -0.32788825
vn 0.248998806 -0.902895689 -0.350398332
vn 0.977180123 0.0132997287 0.211995676
vn 0.640302002 0.231200725 0.732502282
vn 0.0991969407 -0.167494833 0.98086977
vn 0.452901483 -0.170000553 0.875202894
vn 0.640302002 0.231200725 0.732502282
vn 0.304094821 0.247295782 0.919984341
vn 0.790700555 0.233800173 0.565800428
vn 0.833822727 0.510113895 0.211005762
vn 0.459699154 -0.877998412 0.133399755
vn 0.438093126 0.383993953 0.812787235
vn 0.636432588 -0.770439446 0.0371019021
vn 0.726275742 0.673977494 0.135195494
vn 0.563601673 0.559401631 0.607801795
vn 0.438093126 0.383993953 0.812787235
vn 0.280989349 -0.812369227 0.510980666
vn 0.523912489 0.616814733 0.587414026
vn 0.715324461 0.349311948 0.605220675
vn 0.548990428 0.827285528 0.11919792
vn 0.304094821 0.247295782 0.919984341
vn 0.404403716 -0.697806418 0.591205418
vn 0.315296024 -0.359195471 0.878388882
vn 0.591627181 0.727133393 -0.348215967
vn -0.0642991886 0.859489202 0.507093608
vn -0.0134004848 -0.997736096 0.0659023821
vn 0.255101591 -0.944605947 0.206501305
vn 0.188097775 0.886489511 0.422794998
vn 0.0705982521 0.790880382 0.607884943
vn -0.00320008374 -0.356409311 -0.934324443
vn 0.159202218 -0.521107256 -0.838511705
vn 0.191898629 -0.574495852 0.795694292
vn 0.38819468 -0.730390012 0.561992288
vn 0.469978094 -0.865359664 0.173991889
vn 0.067300491 0.679904997 0.730205357
vn 0.51251632 -0.767924488 -0.384212226
vn 0.204498276 0.704894066 0.679194272
vn 0.691400528 -0.713000536 0.116600089
vn 0.221395746 -0.393692434 -0.892182827
vn 0.205701634 0.840106666 0.501904011
vn 0.374116004 0.709730327 0.596925497
vn 0.186603203 0.661111355 0.726712465
vn 0.476198584 0.497898519 0.724797845
vn 0.391885519 -0.811170042 -0.434083968
vn 0.434175611 -0.452974558 -0.778656244
vn 0.607083201 -0.784278333 0.127896458
vn 0.288404256 -0.283704191 -0.914513469
vn 0.550808966 -0.445307225 0.705911458
vn 0.0991969407 -0.167494833 0.98086977
vn 0.161503941 0.887921691 -0.430710524
vn 0.763089597 -0.646291196 0.00139998097
vn 0.327799708 0.69429934 -0.640699446
vn -0.868614376 0.104201719 -0.484407991
vn -0.911703885 0.218700945 -0.347801507
vn -0.914377689 0.122797005 -0.385790586
vn -0.833601177 0.289700419 -0.470300674
vn -0.873885691 0.30469501 -0.378793806
vn -0.920387208 0.324195504 -0.218596965
vn -0.839067221 0.378385216 -0.390884727
vn -0.740597546 -0.61509794 -0.27049911
vn -0.667434156 -0.741737962 -0.0660033748
vn -0.385490656 -0.39269048 0.834979713
vn -0.397720546 -0.374619335 -0.837543249
vn -0.816163063 0.504677176 -0.281387269
vn -0.953423023 -0.177604288 0.243805885
vn -0.677683175 -0.728481948 0.100297511
vn -0.492704749 -0.172101662 0.853008211
vn -0.728784442 0.67338562 -0.124197349
vn -0.453190297 -0.826882303 -0.332992852
vn -0.525291145 -0.582290232 0.620489538
vn -0.10440471 -0.103404671 0.989144623
vn -0.0222992506 -0.678377211 -0.734375298
vn -0.838824987 0.453813523 -0.300708979
vn -0.794509768 0.532106519 -0.292603582
vn -0.667094171 -0.0594994836 0.742593527
vn -0.944118023 0.155902982 0.290405542
vn -0.717298627 0.673698723 -0.177799657
vn -0.719377279 0.627880156 -0.29709062
vn -0.95575726 0.293317556 0.0222013295
vn -0.964801013 0.256300271 -0.058900062
vn -0.920203388 0.39050144 -0.0271000993
vn -0.873477697 0.236093968 0.425789118
vn -0.601632178 0.389920861 0.697137296
vn -0.890411139 0.266603351 0.36890462
vn -0.692008317 0.189002275 0.696708381
vn -0.851706982 0.43830359 0.287202358
vn 0.43128854 0.360690415 0.826978028
vn -0.830825925 0.550217152 0.0836026073
vn -0.745974898 0.651878059 -0.136295408
vn -0.889295578 0.452097774 0.0689996555
vn -0.905024767 0.353009671 0.237306491
vn -0.741420984 0.46881327 0.480113596
vn -0.764816523 0.638813794 0.0835018083
vn -0.395499766 0.911599457 0.112099931
vn -0.0904981494 0.994579673 0.0511989556
vn 0.422677726 0.906252265 -0.00709962612
vn 0.243613839 0.909951746 0.335619062
vn 0.198109075 0.974144638 0.108604975
vn -0.189902231 0.719608426 0.667907834
vn 0.238293722 0.604184091 0.76037997
vn 0.198109075 0.974144638 0.108604975
vn -0.387814999 0.882034123 0.267610371
vn -0.296399117 0.610098183 0.734797776
vn 0.00450000865 0.951601863 -0.307300597
vn -0.387814999 0.882034123 0.267610371
vn -0.451213121 0.888125837 0.0874025449
vn -0.451213121 0.888125837 0.0874025449
vn -0.262783408 0.86744523 -0.422473311
vn 0.419704527 0.799608588 -0.429504603
vn -0.044400733 0.662310898 -0.747912347
vn -0.20599997 0.290299952 0.93449986
vn -0.0792979747 0.315291941 0.94567585
vn -0.62499845 0.780598104 -0.00659998367
vn -0.614499509 0.773299396 -0.156199872
vn -0.525912404 0.838819802 0.140703321
vn -0.143297777 0.979784787 -0.139597833
vn -0.142708987 0.801050484 -0.581336617
vn -0.36441192 0.865128338 0.344611287
vn -0.151094705 0.369987041 -0.916667879
vn -0.478423923 0.845342278 0.237711892
vn -0.577119112 0.813226938 -0.0748024806
vn -0.465901554 0.884002924 -0.0384001285
vn -0.288888872 0.559478462 0.776870072
vn 0.00569977378 0.35018608 0.936662793
vn -0.130904168 0.432813793 -0.891928434
vn -0.34151566 0.851439059 -0.398018271
vn -0.190899879 0.528799653 0.826999485
vn -0.223489493 0.95775497 0.180991486
vn -0.0203011874 0.924054086 -0.381722331
vn -0.223489493 0.95775497 0.180991486
vn -0.129105702 0.432919115 -0.892139435
vn -0.0203011874 0.924054086 -0.381722331
vn 0.0812979415 0.458288401 -0.885077596
vn 0.105702698 0.876522422 -0.469612002
vn 0.346301973 0.902005196 -0.257801473
vn 0.317500085 0.309000075 -0.89650023
vn 0.147198737 0.38049674 -0.912992179
vn -0.0338999517 0.593799174 0.803898871
vn 0.105702698 0.876522422 -0.469612002
vn 0.0432012863 0.36161077 -0.931327701
vn 0.125798911 0.648794353 -0.750493526
vn 0.147198737 0.38049674 -0.912992179
vn 0.088601917 0.591912806 -0.801117301
vn 0.573791504 0.791088283 -0.211996853
vn 0.209307477 0.940233648 0.268609613
vn -0.0955996066 0.944996119 -0.312798709
vn 0.121096298 0.990069687 0.0713978186
vn 0.265311867 0.436219513 0.859838426
vn 0.263587654 0.0387981832 0.963854909
vn 0.317500085 0.309000075 -0.89650023
vn 0.377307385 0.328106403 -0.866016924
vn 0.792780697 0.595285475 -0.130896807
vn 0.383596122 0.521894753 0.761892319
vn 0.394901007 0.162700415 -0.904202282
vn 0.377307385 0.328106403 -0.866016924
vn 0.730837882 0.277414382 -0.623632312
vn 0.263587654 0.0387981832 0.963854909
vn 0.816384017 0.561389029 0.135497347
vn 0.816384017 0.561389029 0.135497347
vn 0.792780697 0.595285475 -0.130896807
vn 0.816384017 0.561389029 0.135497347
vn -0.102400802 0.992907763 0.0604004748
vn -0.250596493 0.965586543 0.0695990324
vn 0.00400003325 0.998208344 0.0597004965
vn -0.0288998485 0.99769479 0.0613996796
vn 0.0479977131 0.996952534 0.0614970699
vn 0.405996919 0.911393046 0.0672994852
vn 0.571027637 0.81733954 0.0767037123
vn 0.40108493 0.914465666 0.0536979809
vn 0.131201759 0.991213322 0.0168002266
vn 0.145506248 0.988342404 0.0448019207
vn 0.129000634 0.990804791 0.0408001989
vn 0.996120274 0.080301635 0.0360007323
vn 0.960580587 0.27509445 0.0400991887
vn 0.953136861 0.292811334 0.0761029422
vn 0.09389548 0.993352175 0.0665967911
vn 0.126704812 0.989537537 0.0690026209
vn 0.89013505 0.451417774 0.0623024516
vn 0.27028951 0.961862624 -0.0419983678
vn 0.242907792 0.968831122 0.0486015603
vn 0.0932020023 0.994121373 0.0551011823
vn 0.117897511 0.991679072 0.0516989082
vn 0.134501174 0.989208639 0.0581005067
vn 0.13739334 0.988752067 0.0590971336
vn 0.151904523 0.98652941 0.0607018098
vn 0.132294297 0.990057349 0.0477979407
vn 0.522806227 0.852410138 -0.00840010028
vn 0.155795366 0.986670613 0.0469986014
vn 0.981872678 0.187294781 0.0290991887
vn 0.825198174 0.560698748 0.0682998523
vn 0.904213965 0.417206436 0.0913014039
vn 0.809798539 0.577398956 0.10409981
vn 0.69210124 0.715401292 0.0959001705
vn 0.697524607 0.713925183 0.0614021681
vn 0.133504122 0.879227161 -0.457314134
vn 0.30570358 0.920910776 -0.241802841
vn 0.145493388 0.963156223 -0.226189718
vn 0.246905565 0.844519019 -0.475210726
vn 0.574699223 0.816798925 0.0505999327
vn 0.37438941 0.859375656 -0.348290145
vn 0.0126994597 0.997057617 0.075596787
vn 0.495592326 0.829787135 -0.256596029
vn 0.747878909 0.66118139 0.0592983291
vn 0.82180047 0.567800343 0.0474000275
vn 0.574699223 0.816798925 0.0505999327
vn 0.900335431 0.433017045 0.0435017124
vn 0.809544444 0.579531848 0.0937051475
vn 0.571027637 0.81733954 0.0767037123
vn 0.522806227 0.852410138 -0.00840010028
vn 0.0310992058 0.997374475 0.065398328
vn 0.644225538 0.759330094 -0.0916036293
vn 0.787392139 0.597394049 -0.152098492
vn 0.0512001105 0.996002138 0.0732001588
vn 0.885742128 0.387918442 -0.254912108
vn 0.0440985672 0.998367548 0.0362988189
vn 0.0721028522 0.992239237 0.101304002
vn 0.787392139 0.597394049 -0.152098492
vn 0.644225538 0.759330094 -0.0916036293
vn 0.612207294 0.755308986 -0.233902797
vn 0.777792156 0.587594092 -0.223097742
vn 0.164503932 0.923322082 -0.347008318
vn 0.0718974397 0.990864694 -0.114095934
vn 0.285402179 0.932007134 -0.22340171
vn 0.170905992 0.985234559 -0.010200358
vn 0.364386022 0.915264904 -0.171793416
vn 0.313383847 0.937351644 0.152192146
vn 0.272398025 0.94279319 0.192198619
vn 0.0779982284 0.994277358 0.0729983374
vn 0.104997545 0.994376719 -0.0137996767
vn 0.189595982 0.886981189 -0.42109108
vn 0.087199457 0.992793798 -0.0821994841
vn 0.181298405 0.897692144 -0.401596487
vn 0.777792156 0.587594092 -0.223097742
vn 0.573118329 0.818426132 -0.0414013229
vn 0.417495459 0.899490237 0.128898606
vn -0.0177000556 0.994503081 -0.103200324
f 1/1/1 2/2/2 3/3/3
f 4/4/4 5/5/5 6/6/6
f 7/7/7 8/8/8 9/9/9
f 8/8/8 10/10/10 9/9/9
f 11/11/11 12/12/12 13/13/13
f 14/14/14 15/15/15 16/16/16
f 17/17/17 2/2/2 1/1/1
f 17/17/17 18/18/18 19/19/19
f 17/17/17 20/20/20 2/2/2
f 21/21/21 18/18/18 22/22/22
f 5/5/5 11/11/11 6/6/6
f 21/21/21 22/22/22 15/15/15
f 23/23/23 4/4/4 24/24/24
f 17/17/17 19/19/19 20/20/20
f 19/19/19 25/25/25 20/20/20
f 21/21/21 25/25/25 18/18/18
f 19/19/19 18/18/18 25/25/25
f 26/26/26 3/3/3 2/2/2
f 20/20/20 25/25/25 27/27/27
f 27/27/27 28/28/28 20/20/20
f 29/29/29 30/30/30 27/27/27
f 28/28/28 27/27/27 30/30/30
f 31/31/31 25/25/25 21/21/21
f 31/31/31 27/27/27 25/25/25
f 15/15/15 32/32/32 21/21/21
f 32/32/32 15/15/15 14/14/14
f 27/27/27 31/31/31 29/29/29
f 33/33/33 31/31/31 21/21/21
f 34/34/34 35/35/35 36/36/36
f 37/37/37 38/38/38 13/13/13
f 37/37/37 7/7/7 38/38/38
f 39/39/39 34/34/34 40/40/40
f 34/34/34 41/41/41 40/40/40
f 42/42/42 39/39/39 40/40/40
f 43/43/43 44/44/44 45/45/45
f 40/40/40 41/41/41 46/46/46
f 22/22/22 47/47/47 15/15/15
f 47/47/47 16/16/16 15/15/15
f 40/40/40 46/46/46 48/48/48
f 49/49/49 42/42/42 40/40/40
f 50/50/50 14/14/14 16/16/16
f 49/49/49 40/40/40 48/48/48
f 51/51/51 10/10/10 8/8/8
f 52/52/52 14/14/14 50/50/50
f 41/41/41 36/36/36 53/53/53
f 53/53/53 54/54/54 41/41/41
f 12/12/12 37/37/37 13/13/13
f 55/55/55 54/54/54 53/53/53
f 55/55/55 56/56/56 54/54/54
f 44/44/44 10/10/10 51/51/51
f 46/46/46 41/41/41 57/57/57
f 36/36/36 41/41/41 34/34/34
f 58/58/58 44/44/44 51/51/51
f 54/54/54 57/57/57 41/41/41
f 57/57/57 59/59/59 46/46/46
f 59/59/59 57/57/57 54/54/54
f 54/54/54 56/56/56 59/59/59
f 60/60/60 61/61/61 26/26/26
f 62/62/62 46/46/46 59/59/59
f 63/63/63 62/62/62 59/59/59
f 64/64/64 61/61/61 65/65/65
f 61/61/61 60/60/60 65/65/65
f 48/48/48 46/46/46 62/62/62
f 38/38/38 66/66/66 13/13/13
f 67/67/67 48/48/48 62/62/62
f 62/62/62 63/63/63 67/67/67
f 2/2/2 20/20/20 28/28/28
f 63/63/63 59/59/59 56/56/56
f 2/2/2 28/28/28 68/68/68
f 63/63/63 56/56/56 69/69/69
f 56/56/56 61/61/61 69/69/69
f 68/68/68 26/26/26 2/2/2
f 58/58/58 45/45/45 44/44/44
f 69/69/69 70/70/70 63/63/63
f 71/71/71 63/63/63 70/70/70
f 72/72/72 73/73/73 74/74/74
f 75/75/75 74/74/74 73/73/73
f 76/76/76 77/77/77 38/38/38
f 78/78/78 72/72/72 74/74/74
f 79/79/79 80/80/80 39/39/39
f 79/79/79 81/81/81 80/80/80
f 39/39/39 82/82/82 79/79/79
f 9/9/9 76/76/76 38/38/38
f 82/82/82 39/39/39 42/42/42
f 82/82/82 75/75/75 79/79/79
f 75/75/75 82/82/82 74/74/74
f 30/30/30 68/68/68 28/28/28
f 80/80/80 35/35/35 34/34/34
f 83/83/83 68/68/68 30/30/30
f 39/39/39 80/80/80 34/34/34
f 81/81/81 84/84/84 85/85/85
f 81/81/81 85/85/85 80/80/80
f 86/86/86 84/84/84 81/81/81
f 83/83/83 30/30/30 87/87/87
f 88/88/88 51/51/51 8/8/8
f 74/74/74 82/82/82 42/42/42
f 89/89/89 77/77/77 76/76/76
f 90/90/90 74/74/74 42/42/42
f 74/74/74 90/90/90 78/78/78
f 60/60/60 26/26/26 68/68/68
f 73/73/73 91/91/91 75/75/75
f 75/75/75 91/91/91 79/79/79
f 79/79/79 91/91/91 81/81/81
f 92/92/92 58/58/58 51/51/51
f 91/91/91 86/86/86 81/81/81
f 65/65/65 60/60/60 93/93/93
f 94/94/94 65/65/65 95/95/95
f 96/96/96 73/73/73 72/72/72
f 91/91/91 96/96/96 97/97/97
f 93/93/93 95/95/95 65/65/65
f 7/7/7 9/9/9 38/38/38
f 73/73/73 96/96/96 91/91/91
f 68/68/68 83/83/83 60/60/60
f 98/98/98 93/93/93 60/60/60
f 99/99/99 100/100/100 101/101/101
f 100/100/100 102/102/102 101/101/101
f 103/103/103 60/60/60 83/83/83
f 98/98/98 60/60/60 103/103/103
f 103/103/103 104/104/104 98/98/98
f 95/95/95 93/93/93 105/105/105
f 95/95/95 105/105/105 106/106/106
f 105/105/105 93/93/93 104/104/104
f 107/107/107 100/100/100 99/99/99
f 93/93/93 98/98/98 104/104/104
f 58/58/58 108/108/108 45/45/45
f 109/109/109 36/36/36 35/35/35
f 110/110/110 71/71/71 64/64/64
f 109/109/109 53/53/53 36/36/36
f 111/111/111 109/109/109 35/35/35
f 35/35/35 101/101/101 111/111/111
f 112/112/112 113/113/113 110/110/110
f 111/111/111 101/101/101 114/114/114
f 112/112/112 110/110/110 115/115/115
f 45/45/45 108/108/108 116/116/116
f 111/111/111 117/117/117 109/109/109
f 115/115/115 110/110/110 64/64/64
f 111/111/111 114/114/114 117/117/117
f 108/108/108 58/58/58 118/118/118
f 119/119/119 113/113/113 112/112/112
f 102/102/102 120/120/120 101/101/101
f 120/120/120 114/114/114 101/101/101
f 47/47/47 22/22/22 117/117/117
f 22/22/22 121/121/121 117/117/117
f 112/112/112 115/115/115 94/94/94
f 114/114/114 47/47/47 117/117/117
f 47/47/47 114/114/114 16/16/16
f 109/109/109 55/55/55 53/53/53
f 112/112/112 94/94/94 122/122/122
f 121/121/121 55/55/55 109/109/109
f 118/118/118 92/92/92 123/123/123
f 118/118/118 58/58/58 92/92/92
f 56/56/56 55/55/55 1/1/1
f 1/1/1 3/3/3 56/56/56
f 122/122/122 94/94/94 124/124/124
f 117/117/117 121/121/121 109/109/109
f 44/44/44 89/89/89 76/76/76
f 112/112/112 125/125/125 119/119/119
f 44/44/44 126/126/126 89/89/89
f 44/44/44 43/43/43 126/126/126
f 116/116/116 127/127/127 128/128/128
f 116/116/116 108/108/108 127/127/127
f 50/50/50 114/114/114 120/120/120
f 122/122/122 129/129/129 112/112/112
f 114/114/114 50/50/50 16/16/16
f 130/130/130 131/131/131 125/125/125
f 130/130/130 125/125/125 112/112/112
f 132/132/132 11/11/11 5/5/5
f 120/120/120 133/133/133 50/50/50
f 112/112/112 129/129/129 130/130/130
f 131/131/131 134/134/134 125/125/125
f 5/5/5 23/23/23 135/135/135
f 135/135/135 23/23/23 136/136/136
f 129/129/129 122/122/122 137/137/137
f 122/122/122 124/124/124 138/138/138
f 12/12/12 132/132/132 139/139/139
f 137/137/137 122/122/122 138/138/138
f 102/102/102 100/100/100 140/140/140
f 135/135/135 141/141/141 5/5/5
f 5/5/5 141/141/141 132/132/132
f 102/102/102 140/140/140 120/120/120
f 142/142/142 90/90/90 143/143/143
f 143/143/143 42/42/42 49/49/49
f 144/144/144 49/49/49 48/48/48
f 143/143/143 90/90/90 42/42/42
f 94/94/94 115/115/115 64/64/64
f 49/49/49 144/144/144 143/143/143
f 64/64/64 65/65/65 94/94/94
f 144/144/144 145/145/145 143/143/143
f 145/145/145 142/142/142 143/143/143
f 146/146/146 142/142/142 145/145/145
f 124/124/124 94/94/94 95/95/95
f 147/147/147 48/48/48 67/67/67
f 144/144/144 48/48/48 147/147/147
f 145/145/145 144/144/144 147/147/147
f 124/124/124 95/95/95 106/106/106
f 148/148/148 149/149/149 150/150/150
f 138/138/138 124/124/124 106/106/106
f 131/131/131 151/151/151 134/134/134
f 152/152/152 147/147/147 153/153/153
f 151/151/151 131/131/131 154/154/154
f 155/155/155 152/152/152 153/153/153
f 153/153/153 147/147/147 67/67/67
f 153/153/153 67/67/67 71/71/71
f 154/154/154 131/131/131 130/130/130
f 149/149/149 156/156/156 157/157/157
f 147/147/147 158/158/158 145/145/145
f 152/152/152 158/158/158 147/147/147
f 145/145/145 158/158/158 159/159/159
f 158/158/158 160/160/160 161/161/161
f 152/152/152 162/162/162 158/158/158
f 160/160/160 158/158/158 162/162/162
f 154/154/154 130/130/130 151/151/151
f 162/162/162 155/155/155 163/163/163
f 155/155/155 153/153/153 164/164/164
f 163/163/163 155/155/155 164/164/164
f 152/152/152 155/155/155 162/162/162
f 71/71/71 67/67/67 63/63/63
f 165/165/165 106/106/106 105/105/105
f 71/71/71 164/164/164 153/153/153
f 164/164/164 71/71/71 110/110/110
f 164/164/164 110/110/110 113/113/113
f 163/163/163 164/164/164 166/166/166
f 164/164/164 167/167/167 166/166/166
f 164/164/164 113/113/113 167/167/167
f 130/130/130 129/129/129 168/168/168
f 141/141/141 169/169/169 132/132/132
f 170/170/170 162/162/162 163/163/163
f 163/163/163 166/166/166 170/170/170
f 171/171/171 160/160/160 162/162/162
f 171/171/171 162/162/162 170/170/170
f 150/150/150 149/149/149 157/157/157
f 172/172/172 106/106/106 173/173/173
f 136/136/136 148/148/148 150/150/150
f 138/138/138 106/106/106 172/172/172
f 113/113/113 119/119/119 167/167/167
f 160/160/160 171/171/171 161/161/161
f 161/161/161 171/171/171 6/6/6
f 170/170/170 166/166/166 24/24/24
f 6/6/6 171/171/171 4/4/4
f 167/167/167 125/125/125 166/166/166
f 167/167/167 119/119/119 125/125/125
f 135/135/135 136/136/136 174/174/174
f 174/174/174 136/136/136 150/150/150
f 175/175/175 72/72/72 78/78/78
f 175/175/175 176/176/176 72/72/72
f 177/177/177 175/175/175 78/78/78
f 134/134/134 24/24/24 166/166/166
f 178/178/178 175/175/175 177/177/177
f 125/125/125 134/134/134 166/166/166
f 178/178/178 179/179/179 175/175/175
f 4/4/4 171/171/171 170/170/170
f 4/4/4 170/170/170 24/24/24
f 78/78/78 90/90/90 177/177/177
f 177/177/177 90/90/90 142/142/142
f 180/180/180 137/137/137 138/138/138
f 177/177/177 142/142/142 146/146/146
f 161/161/161 6/6/6 11/11/11
f 178/178/178 177/177/177 146/146/146
f 11/11/11 181/181/181 161/161/161
f 182/182/182 178/178/178 146/146/146
f 156/156/156 183/183/183 184/184/184
f 185/185/185 182/182/182 146/146/146
f 13/13/13 181/181/181 11/11/11
f 159/159/159 146/146/146 145/145/145
f 66/66/66 181/181/181 13/13/13
f 186/186/186 138/138/138 172/172/172
f 159/159/159 185/185/185 146/146/146
f 158/158/158 185/185/185 159/159/159
f 183/183/183 187/187/187 188/188/188
f 182/182/182 179/179/179 178/178/178
f 176/176/176 96/96/96 72/72/72
f 184/184/184 183/183/183 189/189/189
f 179/179/179 176/176/176 175/175/175
f 180/180/180 138/138/138 186/186/186
f 190/190/190 96/96/96 176/176/176
f 156/156/156 191/191/191 157/157/157
f 192/192/192 190/190/190 176/176/176
f 156/156/156 184/184/184 191/191/191
f 193/193/193 176/176/176 179/179/179
f 180/180/180 129/129/129 137/137/137
f 23/23/23 24/24/24 134/134/134
f 193/193/193 192/192/192 176/176/176
f 168/168/168 129/129/129 180/180/180
f 189/189/189 183/183/183 188/188/188
f 194/194/194 179/179/179 182/182/182
f 195/195/195 185/185/185 158/158/158
f 161/161/161 195/195/195 158/158/158
f 188/188/188 196/196/196 189/189/189
f 197/197/197 198/198/198 199/199/199
f 199/199/199 66/66/66 197/197/197
f 200/200/200 201/201/201 189/189/189
f 185/185/185 202/202/202 182/182/182
f 189/189/189 196/196/196 203/203/203
f 204/204/204 205/205/205 198/198/198
f 200/200/200 189/189/189 203/203/203
f 201/201/201 200/200/200 203/203/203
f 202/202/202 185/185/185 195/195/195
f 202/202/202 195/195/195 199/199/199
f 197/197/197 204/204/204 198/198/198
f 201/201/201 203/203/203 206/206/206
f 66/66/66 199/199/199 195/195/195
f 195/195/195 181/181/181 66/66/66
f 189/189/189 201/201/201 184/184/184
f 207/207/207 205/205/205 204/204/204
f 208/208/208 179/179/179 194/194/194
f 89/89/89 207/207/207 204/204/204
f 209/209/209 201/201/201 210/210/210
f 208/208/208 193/193/193 179/179/179
f 77/77/77 204/204/204 197/197/197
f 211/211/211 208/208/208 194/194/194
f 186/186/186 172/172/172 212/212/212
f 89/89/89 204/204/204 77/77/77
f 202/202/202 194/194/194 182/182/182
f 198/198/198 202/202/202 199/199/199
f 198/198/198 211/211/211 202/202/202
f 211/211/211 194/194/194 202/202/202
f 205/205/205 211/211/211 198/198/198
f 180/180/180 186/186/186 213/213/213
f 213/213/213 186/186/186 212/212/212
f 157/157/157 191/191/191 214/214/214
f 195/195/195 161/161/161 181/181/181
f 215/215/215 134/134/134 151/151/151
f 61/61/61 56/56/56 3/3/3
f 26/26/26 61/61/61 3/3/3
f 184/184/184 201/201/201 209/209/209
f 209/209/209 191/191/191 184/184/184
f 69/69/69 61/61/61 70/70/70
f 70/70/70 64/64/64 71/71/71
f 214/214/214 191/191/191 209/209/209
f 64/64/64 70/70/70 61/61/61
f 38/38/38 197/197/197 66/66/66
f 55/55/55 17/17/17 1/1/1
f 121/121/121 17/17/17 55/55/55
f 38/38/38 77/77/77 197/197/197
f 23/23/23 5/5/5 4/4/4
f 216/216/216 151/151/151 130/130/130
f 121/121/121 22/22/22 18/18/18
f 18/18/18 17/17/17 121/121/121
f 169/169/169 139/139/139 132/132/132
f 216/216/216 130/130/130 217/217/217
f 134/134/134 215/215/215 23/23/23
f 218/218/218 219/219/219 139/139/139
f 217/217/217 130/130/130 168/168/168
f 139/139/139 220/220/220 218/218/218
f 221/221/221 135/135/135 174/174/174
f 141/141/141 135/135/135 221/221/221
f 215/215/215 151/151/151 216/216/216
f 141/141/141 222/222/222 169/169/169
f 223/223/223 141/141/141 221/221/221
f 23/23/23 215/215/215 136/136/136
f 141/141/141 223/223/223 222/222/222
f 149/149/149 148/148/148 215/215/215
f 136/136/136 215/215/215 148/148/148
f 8/8/8 7/7/7 219/219/219
f 215/215/215 216/216/216 149/149/149
f 224/224/224 8/8/8 219/219/219
f 149/149/149 216/216/216 156/156/156
f 156/156/156 216/216/216 217/217/217
f 88/88/88 8/8/8 224/224/224
f 225/225/225 217/217/217 168/168/168
f 226/226/226 219/219/219 218/218/218
f 169/169/169 222/222/222 220/220/220
f 225/225/225 168/168/168 180/180/180
f 220/220/220 139/139/139 169/169/169
f 213/213/213 225/225/225 180/180/180
f 187/187/187 217/217/217 225/225/225
f 227/227/227 88/88/88 224/224/224
f 226/226/226 224/224/224 219/219/219
f 187/187/187 156/156/156 217/217/217
f 156/156/156 187/187/187 183/183/183
f 88/88/88 227/227/227 228/228/228
f 187/187/187 196/196/196 188/188/188
f 150/150/150 229/229/229 174/174/174
f 196/196/196 230/230/230 203/203/203
f 157/157/157 214/214/214 231/231/231
f 213/213/213 196/196/196 225/225/225
f 187/187/187 225/225/225 196/196/196
f 196/196/196 213/213/213 230/230/230
f 150/150/150 157/157/157 231/231/231
f 232/232/232 221/221/221 174/174/174
f 232/232/232 174/174/174 229/229/229
f 233/233/233 229/229/229 231/231/231
f 234/234/234 223/223/223 221/221/221
f 209/209/209 235/235/235 214/214/214
f 231/231/231 214/214/214 236/236/236
f 231/231/231 229/229/229 150/150/150
f 11/11/11 132/132/132 12/12/12
f 236/236/236 214/214/214 237/237/237
f 219/219/219 37/37/37 12/12/12
f 12/12/12 139/139/139 219/219/219
f 51/51/51 88/88/88 228/228/228
f 228/228/228 92/92/92 51/51/51
f 7/7/7 37/37/37 219/219/219
f 228/228/228 123/123/123 92/92/92
f 76/76/76 9/9/9 10/10/10
f 10/10/10 44/44/44 76/76/76
f 29/29/29 31/31/31 238/238/238
f 29/29/29 238/238/238 239/239/239
f 240/240/240 241/241/241 242/242/242
f 243/243/243 244/244/244 245/245/245
f 246/246/246 247/247/247 248/248/248
f 30/30/30 29/29/29 239/239/239
f 248/248/248 249/249/249 246/246/246
f 243/243/243 245/245/245 250/250/250
f 30/30/30 239/239/239 251/251/251
f 245/245/245 244/244/244 252/252/252
f 87/87/87 30/30/30 251/251/251
f 253/253/253 254/254/254 255/255/255
f 251/251/251 239/239/239 256/256/256
f 254/254/254 245/245/245 252/252/252
f 253/253/253 245/245/245 254/254/254
f 257/257/257 258/258/258 259/259/259
f 257/257/257 259/259/259 260/260/260
f 261/261/261 262/262/262 263/263/263
f 206/206/206 203/203/203 230/230/230
f 255/255/255 264/264/264 253/253/253
f 241/241/241 263/263/263 262/262/262
f 201/201/201 206/206/206 265/265/265
f 266/266/266 267/267/267 247/247/247
f 105/105/105 104/104/104 268/268/268
f 265/265/265 206/206/206 269/269/269
f 201/201/201 265/265/265 210/210/210
f 87/87/87 103/103/103 83/83/83
f 103/103/103 87/87/87 270/270/270
f 104/104/104 103/103/103 270/270/270
f 265/265/265 269/269/269 271/271/271
f 272/272/272 273/273/273 250/250/250
f 270/270/270 87/87/87 251/251/251
f 272/272/272 250/250/250 245/245/245
f 270/270/270 251/251/251 256/256/256
f 274/274/274 104/104/104 270/270/270
f 206/206/206 230/230/230 269/269/269
f 268/268/268 104/104/104 274/274/274
f 275/275/275 268/268/268 274/274/274
f 276/276/276 269/269/269 277/277/277
f 266/266/266 247/247/247 278/278/278
f 271/271/271 269/269/269 276/276/276
f 274/274/274 270/270/270 256/256/256
f 274/274/274 256/256/256 279/279/279
f 272/272/272 245/245/245 253/253/253
f 256/256/256 280/280/280 279/279/279
f 281/281/281 266/266/266 278/278/278
f 264/264/264 255/255/255 241/241/241
f 282/282/282 272/272/272 253/253/253
f 246/246/246 278/278/278 247/247/247
f 277/277/277 283/283/283 284/284/284
f 275/275/275 274/274/274 285/285/285
f 277/277/277 284/284/284 286/286/286
f 285/285/285 274/274/274 279/279/279
f 278/278/278 246/246/246 249/249/249
f 264/264/264 287/287/287 253/253/253
f 282/282/282 253/253/253 287/287/287
f 277/277/277 271/271/271 276/276/276
f 165/165/165 105/105/105 268/268/268
f 288/288/288 281/281/281 278/278/278
f 271/271/271 277/277/277 286/286/286
f 165/165/165 268/268/268 289/289/289
f 249/249/249 290/290/290 291/291/291
f 292/292/292 212/212/212 293/293/293
f 213/213/213 212/212/212 292/292/292
f 294/294/294 240/240/240 295/295/295
f 275/275/275 289/289/289 268/268/268
f 210/210/210 265/265/265 296/296/296
f 293/293/293 297/297/297 292/292/292
f 298/298/298 210/210/210 296/296/296
f 209/209/209 210/210/210 298/298/298
f 299/299/299 300/300/300 295/295/295
f 299/299/299 295/295/295 301/301/301
f 283/283/283 292/292/292 297/297/297
f 244/244/244 275/275/275 285/285/285
f 298/298/298 296/296/296 302/302/302
f 173/173/173 106/106/106 165/165/165
f 230/230/230 213/213/213 292/292/292
f 265/265/265 271/271/271 296/296/296
f 303/303/303 240/240/240 242/242/242
f 303/303/303 242/242/242 258/258/258
f 304/304/304 296/296/296 271/271/271
f 305/305/305 295/295/295 240/240/240
f 302/302/302 296/296/296 304/304/304
f 304/304/304 271/271/271 306/306/306
f 173/173/173 165/165/165 289/289/289
f 277/277/277 269/269/269 283/283/283
f 230/230/230 292/292/292 283/283/283
f 271/271/271 286/286/286 306/306/306
f 243/243/243 289/289/289 244/244/244
f 283/283/283 269/269/269 230/230/230
f 303/303/303 258/258/258 257/257/257
f 244/244/244 289/289/289 275/275/275
f 284/284/284 307/307/307 286/286/286
f 308/308/308 309/309/309 310/310/310
f 311/311/311 280/280/280 312/312/312
f 291/291/291 299/299/299 301/301/301
f 254/254/254 279/279/279 280/280/280
f 284/284/284 313/313/313 314/314/314
f 311/311/311 254/254/254 280/280/280
f 311/311/311 312/312/312 315/315/315
f 299/299/299 291/291/291 290/290/290
f 252/252/252 285/285/285 279/279/279
f 252/252/252 279/279/279 254/254/254
f 307/307/307 284/284/284 314/314/314
f 293/293/293 316/316/316 297/297/297
f 297/297/297 316/316/316 273/273/273
f 305/305/305 301/301/301 295/295/295
f 311/311/311 315/315/315 255/255/255
f 297/297/297 273/273/273 317/317/317
f 244/244/244 285/285/285 252/252/252
f 240/240/240 318/318/318 305/305/305
f 272/272/272 317/317/317 273/273/273
f 318/318/318 240/240/240 303/303/303
f 297/297/297 317/317/317 319/319/319
f 248/248/248 307/307/307 314/314/314
f 291/291/291 301/301/301 320/320/320
f 272/272/272 282/282/282 317/317/317
f 319/319/319 317/317/317 282/282/282
f 314/314/314 313/313/313 321/321/321
f 321/321/321 322/322/322 314/314/314
f 297/297/297 284/284/284 283/283/283
f 314/314/314 322/322/322 290/290/290
f 284/284/284 297/297/297 313/313/313
f 305/305/305 320/320/320 301/301/301
f 248/248/248 314/314/314 290/290/290
f 297/297/297 319/319/319 313/313/313
f 311/311/311 255/255/255 254/254/254
f 315/315/315 263/263/263 241/241/241
f 255/255/255 315/315/315 241/241/241
f 306/306/306 286/286/286 307/307/307
f 323/323/323 319/319/319 282/282/282
f 323/323/323 282/282/282 287/287/287
f 293/293/293 172/172/172 324/324/324
f 212/212/212 172/172/172 293/293/293
f 262/262/262 242/242/242 241/241/241
f 308/308/308 257/257/257 260/260/260
f 294/294/294 287/287/287 264/264/264
f 309/309/309 308/308/308 260/260/260
f 306/306/306 307/307/307 248/248/248
f 324/324/324 172/172/172 173/173/173
f 313/313/313 319/319/319 323/323/323
f 287/287/287 300/300/300 323/323/323
f 295/295/295 300/300/300 287/287/287
f 310/310/310 325/325/325 308/308/308
f 173/173/173 289/289/289 243/243/243
f 320/320/320 249/249/249 291/291/291
f 326/326/326 173/173/173 243/243/243
f 326/326/326 243/243/243 250/250/250
f 327/327/327 260/260/260 261/261/261
f 259/259/259 262/262/262 261/261/261
f 248/248/248 290/290/290 249/249/249
f 259/259/259 261/261/261 260/260/260
f 259/259/259 242/242/242 262/262/262
f 324/324/324 173/173/173 326/326/326
f 240/240/240 294/294/294 264/264/264
f 241/241/241 240/240/240 264/264/264
f 328/328/328 249/249/249 320/320/320
f 321/321/321 313/313/313 323/323/323
f 293/293/293 326/326/326 316/316/316
f 293/293/293 324/324/324 326/326/326
f 258/258/258 242/242/242 259/259/259
f 249/249/249 329/329/329 278/278/278
f 273/273/273 326/326/326 250/250/250
f 316/316/316 326/326/326 273/273/273
f 299/299/299 323/323/323 300/300/300
f 295/295/295 287/287/287 294/294/294
f 299/299/299 321/321/321 323/323/323
f 328/328/328 329/329/329 249/249/249
f 322/322/322 321/321/321 290/290/290
f 328/328/328 320/320/320 330/330/330
f 321/321/321 299/299/299 290/290/290
f 288/288/288 278/278/278 329/329/329
f 235/235/235 209/209/209 298/298/298
f 331/331/331 235/235/235 298/298/298
f 288/288/288 329/329/329 328/328/328
f 332/332/332 298/298/298 302/302/302
f 332/332/332 331/331/331 298/298/298
f 237/237/237 214/214/214 235/235/235
f 333/333/333 330/330/330 334/334/334
f 333/333/333 328/328/328 330/330/330
f 335/335/335 235/235/235 331/331/331
f 336/336/336 302/302/302 304/304/304
f 332/332/332 302/302/302 336/336/336
f 331/331/331 332/332/332 336/336/336
f 320/320/320 305/305/305 330/330/330
f 337/337/337 304/304/304 306/306/306
f 336/336/336 304/304/304 337/337/337
f 318/318/318 303/303/303 338/338/338
f 334/334/334 305/305/305 318/318/318
f 330/330/330 305/305/305 334/334/334
f 338/338/338 334/334/334 318/318/318
f 339/339/339 338/338/338 303/303/303
f 340/340/340 257/257/257 341/341/341
f 303/303/303 257/257/257 340/340/340
f 303/303/303 340/340/340 339/339/339
f 342/342/342 235/235/235 335/335/335
f 257/257/257 308/308/308 341/341/341
f 237/237/237 235/235/235 342/342/342
f 308/308/308 343/343/343 341/341/341
f 344/344/344 308/308/308 325/325/325
f 308/308/308 344/344/344 343/343/343
f 331/331/331 336/336/336 335/335/335
f 266/266/266 335/335/335 336/336/336
f 337/337/337 306/306/306 345/345/345
f 334/334/334 338/338/338 346/346/346
f 339/339/339 346/346/346 338/338/338
f 337/337/337 266/266/266 336/336/336
f 337/337/337 345/345/345 267/267/267
f 266/266/266 337/337/337 267/267/267
f 345/345/345 306/306/306 267/267/267
f 267/267/267 306/306/306 248/248/248
f 267/267/267 248/248/248 247/247/247
f 347/347/347 348/348/348 349/349/349
f 347/347/347 349/349/349 350/350/350
f 14/14/14 52/52/52 351/351/351
f 347/347/347 352/352/352 348/348/348
f 32/32/32 33/33/33 21/21/21
f 353/353/353 33/33/33 32/32/32
f 32/32/32 14/14/14 351/351/351
f 354/354/354 355/355/355 356/356/356
f 89/89/89 126/126/126 357/357/357
f 350/350/350 357/357/357 126/126/126
f 354/354/354 358/358/358 355/355/355
f 52/52/52 359/359/359 351/351/351
f 360/360/360 359/359/359 52/52/52
f 361/361/361 360/360/360 362/362/362
f 363/363/363 364/364/364 365/365/365
f 366/366/366 364/364/364 363/363/363
f 86/86/86 91/91/91 367/367/367
f 91/91/91 368/368/368 367/367/367
f 369/369/369 99/99/99 370/370/370
f 99/99/99 369/369/369 107/107/107
f 371/371/371 363/363/363 365/365/365
f 100/100/100 107/107/107 140/140/140
f 347/347/347 350/350/350 372/372/372
f 373/373/373 371/371/371 365/365/365
f 373/373/373 374/374/374 371/371/371
f 375/375/375 376/376/376 356/356/356
f 377/377/377 347/347/347 372/372/372
f 369/369/369 378/378/378 107/107/107
f 377/377/377 352/352/352 347/347/347
f 379/379/379 352/352/352 377/377/377
f 378/378/378 369/369/369 380/380/380
f 377/377/377 381/381/381 379/379/379
f 382/382/382 383/383/383 384/384/384
f 385/385/385 386/386/386 384/384/384
f 387/387/387 388/388/388 380/380/380
f 382/382/382 384/384/384 386/386/386
f 389/389/389 361/361/361 390/390/390
f 391/391/391 386/386/386 385/385/385
f 386/386/386 391/391/391 352/352/352
f 392/392/392 383/383/383 382/382/382
f 390/390/390 366/366/366 389/389/389
f 382/382/382 393/393/393 392/392/392
f 140/140/140 107/107/107 378/378/378
f 382/382/382 394/394/394 393/393/393
f 394/394/394 382/382/382 386/386/386
f 395/395/395 394/394/394 386/386/386
f 395/395/395 386/386/386 352/352/352
f 396/396/396 395/395/395 352/352/352
f 356/356/356 355/355/355 375/375/375
f 389/389/389 366/366/366 363/363/363
f 397/397/397 395/395/395 396/396/396
f 395/395/395 397/397/397 398/398/398
f 398/398/398 394/394/394 395/395/395
f 389/389/389 399/399/399 361/361/361
f 400/400/400 133/133/133 120/120/120
f 140/140/140 400/400/400 120/120/120
f 398/398/398 397/397/397 401/401/401
f 140/140/140 378/378/378 400/400/400
f 352/352/352 379/379/379 396/396/396
f 397/397/397 396/396/396 379/379/379
f 399/399/399 389/389/389 402/402/402
f 403/403/403 402/402/402 389/389/389
f 404/404/404 401/401/401 397/397/397
f 388/388/388 378/378/378 380/380/380
f 405/405/405 393/393/393 394/394/394
f 406/406/406 393/393/393 405/405/405
f 398/398/398 405/405/405 394/394/394
f 407/407/407 389/389/389 363/363/363
f 405/405/405 408/408/408 406/406/406
f 408/408/408 405/405/405 409/409/409
f 405/405/405 398/398/398 410/410/410
f 398/398/398 401/401/401 410/410/410
f 375/375/375 411/411/411 376/376/376
f 405/405/405 410/410/410 409/409/409
f 411/411/411 412/412/412 376/376/376
f 413/413/413 410/410/410 401/401/401
f 411/411/411 375/375/375 355/355/355
f 400/400/400 378/378/378 364/364/364
f 413/413/413 414/414/414 410/410/410
f 403/403/403 389/389/389 407/407/407
f 415/415/415 408/408/408 409/409/409
f 409/409/409 410/410/410 414/414/414
f 364/364/364 378/378/378 388/388/388
f 371/371/371 407/407/407 363/363/363
f 371/371/371 374/374/374 407/407/407
f 416/416/416 388/388/388 387/387/387
f 364/364/364 388/388/388 416/416/416
f 417/417/417 365/365/365 416/416/416
f 365/365/365 364/364/364 416/416/416
f 397/397/397 379/379/379 418/418/418
f 419/419/419 420/420/420 421/421/421
f 422/422/422 421/421/421 420/420/420
f 422/422/422 423/423/423 424/424/424
f 425/425/425 401/401/401 404/404/404
f 425/425/425 426/426/426 401/401/401
f 419/419/419 427/427/427 428/428/428
f 429/429/429 430/430/430 431/431/431
f 430/430/430 432/432/432 431/431/431
f 43/43/43 45/45/45 433/433/433
f 418/418/418 404/404/404 397/397/397
f 434/434/434 435/435/435 433/433/433
f 436/436/436 421/421/421 422/422/422
f 437/437/437 436/436/436 422/422/422
f 418/418/418 438/438/438 404/404/404
f 365/365/365 417/417/417 373/373/373
f 434/434/434 439/439/439 435/435/435
f 431/431/431 440/440/440 429/429/429
f 426/426/426 441/441/441 413/413/413
f 442/442/442 440/440/440 431/431/431
f 427/427/427 419/419/419 443/443/443
f 444/444/444 441/441/441 426/426/426
f 436/436/436 419/419/419 421/421/421
f 409/409/409 414/414/414 415/415/415
f 419/419/419 436/436/436 443/443/443
f 436/436/436 445/445/445 443/443/443
f 441/441/441 414/414/414 413/413/413
f 436/436/436 446/446/446 445/445/445
f 441/441/441 447/447/447 414/414/414
f 97/97/97 368/368/368 91/91/91
f 415/415/415 414/414/414 447/447/447
f 436/436/436 437/437/437 446/446/446
f 448/448/448 96/96/96 190/190/190
f 448/448/448 97/97/97 96/96/96
f 368/368/368 97/97/97 449/449/449
f 368/368/368 449/449/449 367/367/367
f 450/450/450 97/97/97 448/448/448
f 437/437/437 422/422/422 424/424/424
f 450/450/450 449/449/449 97/97/97
f 369/369/369 370/370/370 380/380/380
f 380/380/380 370/370/370 451/451/451
f 190/190/190 192/192/192 452/452/452
f 426/426/426 413/413/413 401/401/401
f 452/452/452 448/448/448 190/190/190
f 452/452/452 453/453/453 448/448/448
f 454/454/454 424/424/424 455/455/455
f 192/192/192 456/456/456 452/452/452
f 454/454/454 437/437/437 424/424/424
f 457/457/457 454/454/454 455/455/455
f 453/453/453 450/450/450 448/448/448
f 455/455/455 415/415/415 457/457/457
f 458/458/458 367/367/367 449/449/449
f 459/459/459 460/460/460 425/425/425
f 441/441/441 461/461/461 447/447/447
f 425/425/425 460/460/460 462/462/462
f 454/454/454 446/446/446 437/437/437
f 463/463/463 380/380/380 451/451/451
f 450/450/450 464/464/464 449/449/449
f 465/465/465 446/446/446 454/454/454
f 449/449/449 466/466/466 467/467/467
f 449/449/449 464/464/464 466/466/466
f 458/458/458 449/449/449 467/467/467
f 454/454/454 457/457/457 465/465/465
f 468/468/468 463/463/463 451/451/451
f 457/457/457 415/415/415 447/447/447
f 469/469/469 453/453/453 470/470/470
f 450/450/450 453/453/453 469/469/469
f 470/470/470 453/453/453 452/452/452
f 464/464/464 450/450/450 469/469/469
f 444/444/444 471/471/471 441/441/441
f 472/472/472 457/457/457 447/447/447
f 461/461/461 472/472/472 447/447/447
f 116/116/116 433/433/433 45/45/45
f 473/473/473 470/470/470 452/452/452
f 471/471/471 461/461/461 441/441/441
f 474/474/474 472/472/472 461/461/461
f 434/434/434 433/433/433 128/128/128
f 475/475/475 380/380/380 463/463/463
f 387/387/387 380/380/380 475/475/475
f 128/128/128 433/433/433 116/116/116
f 456/456/456 192/192/192 193/193/193
f 476/476/476 434/434/434 128/128/128
f 477/477/477 193/193/193 208/208/208
f 439/439/439 434/434/434 478/478/478
f 429/429/429 479/479/479 430/430/430
f 440/440/440 479/479/479 429/429/429
f 456/456/456 193/193/193 477/477/477
f 476/476/476 478/478/478 434/434/434
f 477/477/477 208/208/208 480/480/480
f 478/478/478 481/481/481 439/439/439
f 480/480/480 208/208/208 211/211/211
f 478/478/478 438/438/438 481/481/481
f 374/374/374 373/373/373 482/482/482
f 480/480/480 483/483/483 477/477/477
f 484/484/484 438/438/438 478/478/478
f 484/484/484 459/459/459 438/438/438
f 456/456/456 477/477/477 485/485/485
f 485/485/485 477/477/477 486/486/486
f 430/430/430 482/482/482 373/373/373
f 484/484/484 487/487/487 459/459/459
f 486/486/486 477/477/477 483/483/483
f 207/207/207 211/211/211 205/205/205
f 430/430/430 488/488/488 482/482/482
f 207/207/207 480/480/480 211/211/211
f 479/479/479 488/488/488 430/430/430
f 452/452/452 456/456/456 473/473/473
f 489/489/489 462/462/462 490/490/490
f 443/443/443 445/445/445 491/491/491
f 479/479/479 440/440/440 492/492/492
f 440/440/440 493/493/493 492/492/492
f 473/473/473 494/494/494 470/470/470
f 487/487/487 460/460/460 459/459/459
f 492/492/492 493/493/493 495/495/495
f 496/496/496 462/462/462 460/460/460
f 493/493/493 440/440/440 442/442/442
f 497/497/497 494/494/494 473/473/473
f 473/473/473 456/456/456 485/485/485
f 498/498/498 491/491/491 445/445/445
f 485/485/485 497/497/497 473/473/473
f 498/498/498 445/445/445 499/499/499
f 486/486/486 497/497/497 485/485/485
f 384/384/384 497/497/497 486/486/486
f 468/468/468 500/500/500 463/463/463
f 501/501/501 407/407/407 502/502/502
f 469/469/469 503/503/503 464/464/464
f 502/502/502 407/407/407 374/374/374
f 504/504/504 467/467/467 466/466/466
f 503/503/503 469/469/469 470/470/470
f 403/403/403 407/407/407 501/501/501
f 494/494/494 503/503/503 470/470/470
f 503/503/503 505/505/505 464/464/464
f 506/506/506 464/464/464 505/505/505
f 507/507/507 500/500/500 468/468/468
f 506/506/506 466/466/466 464/464/464
f 506/506/506 504/504/504 466/466/466
f 490/490/490 508/508/508 489/489/489
f 505/505/505 503/503/503 509/509/509
f 510/510/510 501/501/501 502/502/502
f 505/505/505 509/509/509 506/506/506
f 510/510/510 511/511/511 501/501/501
f 510/510/510 502/502/502 482/482/482
f 475/475/475 463/463/463 512/512/512
f 482/482/482 488/488/488 513/513/513
f 514/514/514 513/513/513 488/488/488
f 515/515/515 514/514/514 516/516/516
f 510/510/510 482/482/482 513/513/513
f 416/416/416 475/475/475 512/512/512
f 475/475/475 416/416/416 387/387/387
f 511/511/511 510/510/510 517/517/517
f 510/510/510 513/513/513 517/517/517
f 518/518/518 517/517/517 515/515/515
f 463/463/463 500/500/500 512/512/512
f 515/515/515 517/517/517 513/513/513
f 513/513/513 514/514/514 515/515/515
f 519/519/519 518/518/518 515/515/515
f 515/515/515 516/516/516 519/519/519
f 416/416/416 512/512/512 417/417/417
f 432/432/432 417/417/417 512/512/512
f 374/374/374 482/482/482 502/502/502
f 520/520/520 521/521/521 506/506/506
f 522/522/522 523/523/523 507/507/507
f 509/509/509 520/520/520 506/506/506
f 524/524/524 507/507/507 523/523/523
f 524/524/524 525/525/525 507/507/507
f 500/500/500 507/507/507 525/525/525
f 526/526/526 527/527/527 521/521/521
f 492/492/492 488/488/488 479/479/479
f 528/528/528 495/495/495 493/493/493
f 526/526/526 420/420/420 527/527/527
f 127/127/127 476/476/476 128/128/128
f 514/514/514 488/488/488 492/492/492
f 492/492/492 495/495/495 514/514/514
f 512/512/512 500/500/500 432/432/432
f 495/495/495 516/516/516 514/514/514
f 478/478/478 476/476/476 529/529/529
f 530/530/530 495/495/495 528/528/528
f 531/531/531 532/532/532 498/498/498
f 431/431/431 500/500/500 525/525/525
f 431/431/431 432/432/432 500/500/500
f 431/431/431 525/525/525 533/533/533
f 534/534/534 535/535/535 499/499/499
f 498/498/498 499/499/499 531/531/531
f 536/536/536 478/478/478 529/529/529
f 484/484/484 478/478/478 536/536/536
f 531/531/531 499/499/499 535/535/535
f 537/537/537 531/531/531 535/535/535
f 524/524/524 533/533/533 525/525/525
f 537/537/537 532/532/532 531/531/531
f 420/420/420 428/428/428 527/527/527
f 516/516/516 495/495/495 530/530/530
f 532/532/532 537/537/537 538/538/538
f 420/420/420 419/419/419 428/428/428
f 539/539/539 516/516/516 530/530/530
f 538/538/538 540/540/540 532/532/532
f 539/539/539 519/519/519 516/516/516
f 538/538/538 541/541/541 540/540/540
f 542/542/542 503/503/503 494/494/494
f 543/543/543 538/538/538 537/537/537
f 435/435/435 381/381/381 377/377/377
f 503/503/503 542/542/542 509/509/509
f 542/542/542 494/494/494 544/544/544
f 544/544/544 545/545/545 542/542/542
f 372/372/372 350/350/350 126/126/126
f 43/43/43 372/372/372 126/126/126
f 544/544/544 494/494/494 497/497/497
f 127/127/127 529/529/529 476/476/476
f 383/383/383 544/544/544 497/497/497
f 446/446/446 534/534/534 445/445/445
f 497/497/497 384/384/384 383/383/383
f 439/439/439 379/379/379 381/381/381
f 544/544/544 392/392/392 545/545/545
f 379/379/379 439/439/439 481/481/481
f 392/392/392 393/393/393 545/545/545
f 544/544/544 383/383/383 392/392/392
f 446/446/446 546/546/546 534/534/534
f 542/542/542 520/520/520 509/509/509
f 546/546/546 446/446/446 465/465/465
f 490/490/490 462/462/462 496/496/496
f 547/547/547 521/521/521 520/520/520
f 520/520/520 542/542/542 545/545/545
f 545/545/545 547/547/547 520/520/520
f 545/545/545 548/548/548 547/547/547
f 547/547/547 526/526/526 521/521/521
f 526/526/526 547/547/547 549/549/549
f 547/547/547 548/548/548 549/549/549
f 549/549/549 423/423/423 526/526/526
f 372/372/372 435/435/435 377/377/377
f 550/550/550 549/549/549 548/548/548
f 499/499/499 445/445/445 534/534/534
f 393/393/393 548/548/548 545/545/545
f 406/406/406 550/550/550 548/548/548
f 551/551/551 535/535/535 534/534/534
f 548/548/548 393/393/393 406/406/406
f 420/420/420 526/526/526 422/422/422
f 423/423/423 422/422/422 526/526/526
f 550/550/550 423/423/423 549/549/549
f 433/433/433 372/372/372 43/43/43
f 372/372/372 433/433/433 435/435/435
f 546/546/546 551/551/551 534/534/534
f 408/408/408 550/550/550 406/406/406
f 408/408/408 423/423/423 550/550/550
f 455/455/455 424/424/424 423/423/423
f 423/423/423 408/408/408 455/455/455
f 546/546/546 465/465/465 552/552/552
f 415/415/415 455/455/455 408/408/408
f 457/457/457 472/472/472 465/465/465
f 465/465/465 472/472/472 552/552/552
f 435/435/435 439/439/439 381/381/381
f 553/553/553 554/554/554 508/508/508
f 552/552/552 551/551/551 546/546/546
f 552/552/552 472/472/472 555/555/555
f 474/474/474 555/555/555 472/472/472
f 432/432/432 373/373/373 417/417/417
f 430/430/430 373/373/373 432/432/432
f 552/552/552 555/555/555 556/556/556
f 356/356/356 555/555/555 474/474/474
f 481/481/481 418/418/418 379/379/379
f 481/481/481 438/438/438 418/418/418
f 50/50/50 133/133/133 557/557/557
f 535/535/535 551/551/551 558/558/558
f 50/50/50 557/557/557 52/52/52
f 489/489/489 444/444/444 426/426/426
f 559/559/559 538/538/538 543/543/543
f 553/553/553 508/508/508 490/490/490
f 537/537/537 535/535/535 560/560/560
f 558/558/558 560/560/560 535/535/535
f 560/560/560 543/543/543 537/537/537
f 459/459/459 404/404/404 438/438/438
f 425/425/425 404/404/404 459/459/459
f 559/559/559 543/543/543 560/560/560
f 556/556/556 555/555/555 356/356/356
f 462/462/462 426/426/426 425/425/425
f 400/400/400 366/366/366 133/133/133
f 356/356/356 561/561/561 556/556/556
f 356/356/356 376/376/376 561/561/561
f 489/489/489 426/426/426 462/462/462
f 390/390/390 557/557/557 133/133/133
f 554/554/554 553/553/553 562/562/562
f 563/563/563 561/561/561 376/376/376
f 489/489/489 471/471/471 444/444/444
f 366/366/366 390/390/390 133/133/133
f 552/552/552 558/558/558 551/551/551
f 561/561/561 552/552/552 556/556/556
f 561/561/561 558/558/558 552/552/552
f 489/489/489 508/508/508 471/471/471
f 558/558/558 559/559/559 560/560/560
f 558/558/558 561/561/561 563/563/563
f 563/563/563 559/559/559 558/558/558
f 480/480/480 564/564/564 483/483/483
f 400/400/400 364/364/364 366/366/366
f 564/564/564 207/207/207 357/357/357
f 564/564/564 480/480/480 207/207/207
f 349/349/349 564/564/564 357/357/357
f 362/362/362 52/52/52 557/557/557
f 207/207/207 89/89/89 357/357/357
f 362/362/362 360/360/360 52/52/52
f 349/349/349 357/357/357 350/350/350
f 385/385/385 486/486/486 483/483/483
f 483/483/483 564/564/564 385/385/385
f 390/390/390 362/362/362 557/557/557
f 391/391/391 385/385/385 564/564/564
f 348/348/348 391/391/391 564/564/564
f 348/348/348 564/564/564 349/349/349
f 486/486/486 385/385/385 384/384/384
f 361/361/361 362/362/362 390/390/390
f 352/352/352 391/391/391 348/348/348
f 565/565/565 566/566/566 567/567/567
f 565/565/565 568/568/568 566/566/566
f 569/569/569 567/567/567 554/554/554
f 570/570/570 461/461/461 471/471/471
f 358/358/358 354/354/354 570/570/570
f 571/571/571 565/565/565 567/567/567
f 572/572/572 570/570/570 471/471/471
f 355/355/355 358/358/358 573/573/573
f 572/572/572 358/358/358 570/570/570
f 553/553/553 490/490/490 562/562/562
f 574/574/574 487/487/487 484/484/484
f 554/554/554 471/471/471 508/508/508
f 471/471/471 554/554/554 572/572/572
f 529/529/529 575/575/575 536/536/536
f 574/574/574 484/484/484 536/536/536
f 576/576/576 460/460/460 487/487/487
f 576/576/576 487/487/487 574/574/574
f 572/572/572 573/573/573 358/358/358
f 554/554/554 573/573/573 572/572/572
f 567/567/567 573/573/573 554/554/554
f 490/490/490 577/577/577 562/562/562
f 562/562/562 578/578/578 569/569/569
f 573/573/573 567/567/567 566/566/566
f 573/573/573 566/566/566 355/355/355
f 355/355/355 566/566/566 411/411/411
f 579/579/579 411/411/411 566/566/566
f 579/579/579 566/566/566 568/568/568
f 569/569/569 554/554/554 562/562/562
f 569/569/569 571/571/571 567/567/567
f 354/354/354 461/461/461 570/570/570
f 354/354/354 474/474/474 461/461/461
f 356/356/356 474/474/474 354/354/354
f 33/33/33 353/353/353 580/580/580
f 580/580/580 31/31/31 33/33/33
f 580/580/580 238/238/238 31/31/31
f 32/32/32 581/581/581 353/353/353
f 353/353/353 582/582/582 580/580/580
f 582/582/582 583/583/583 580/580/580
f 238/238/238 580/580/580 583/583/583
f 584/584/584 412/412/412 579/579/579
f 32/32/32 351/351/351 581/581/581
f 585/585/585 351/351/351 359/359/359
f 581/581/581 351/351/351 585/585/585
f 353/353/353 581/581/581 586/586/586
f 586/586/586 582/582/582 353/353/353
f 583/583/583 582/582/582 587/587/587
f 412/412/412 584/584/584 588/588/588
f 589/589/589 238/238/238 590/590/590
f 238/238/238 583/583/583 590/590/590
f 587/587/587 591/591/591 592/592/592
f 582/582/582 586/586/586 593/593/593
f 587/587/587 582/582/582 591/591/591
f 590/590/590 583/583/583 587/587/587
f 590/590/590 587/587/587 592/592/592
f 594/594/594 590/590/590 595/595/595
f 595/595/595 590/590/590 596/596/596
f 592/592/592 596/596/596 590/590/590
f 597/597/597 598/598/598 599/599/599
f 592/592/592 600/600/600 596/596/596
f 239/239/239 238/238/238 589/589/589
f 590/590/590 594/594/594 589/589/589
f 601/601/601 602/602/602 603/603/603
f 312/312/312 589/589/589 604/604/604
f 589/589/589 594/594/594 604/604/604
f 598/598/598 605/605/605 602/602/602
f 605/605/605 606/606/606 607/607/607
f 606/606/606 605/605/605 597/597/597
f 608/608/608 595/595/595 596/596/596
f 608/608/608 596/596/596 609/609/609
f 594/594/594 595/595/595 604/604/604
f 610/610/610 611/611/611 584/584/584
f 612/612/612 608/608/608 609/609/609
f 586/586/586 581/581/581 585/585/585
f 613/613/613 585/585/585 359/359/359
f 603/603/603 605/605/605 607/607/607
f 614/614/614 611/611/611 610/610/610
f 586/586/586 585/585/585 615/615/615
f 585/585/585 616/616/616 615/615/615
f 361/361/361 359/359/359 360/360/360
f 511/511/511 617/617/617 618/618/618
f 403/403/403 501/501/501 511/511/511
f 361/361/361 613/613/613 359/359/359
f 511/511/511 619/619/619 617/617/617
f 399/399/399 613/613/613 361/361/361
f 620/620/620 621/621/621 622/622/622
f 600/600/600 592/592/592 591/591/591
f 600/600/600 591/591/591 623/623/623
f 623/623/623 591/591/591 624/624/624
f 517/517/517 619/619/619 511/511/511
f 625/625/625 626/626/626 622/622/622
f 627/627/627 591/591/591 628/628/628
f 626/626/626 620/620/620 622/622/622
f 627/627/627 624/624/624 591/591/591
f 629/629/629 630/630/630 631/631/631
f 632/632/632 633/633/633 634/634/634
f 635/635/635 627/627/627 628/628/628
f 636/636/636 620/620/620 626/626/626
f 623/623/623 637/637/637 600/600/600
f 638/638/638 639/639/639 640/640/640
f 600/600/600 609/609/609 596/596/596
f 640/640/640 620/620/620 641/641/641
f 600/600/600 642/642/642 609/609/609
f 638/638/638 640/640/640 641/641/641
f 643/643/643 644/644/644 645/645/645
f 642/642/642 600/600/600 637/637/637
f 645/645/645 630/630/630 643/643/643
f 640/640/640 646/646/646 621/621/621
f 620/620/620 640/640/640 621/621/621
f 647/647/647 637/637/637 623/623/623
f 642/642/642 637/637/637 648/648/648
f 639/639/639 646/646/646 640/640/640
f 613/613/613 616/616/616 585/585/585
f 518/518/518 649/649/649 517/517/517
f 399/399/399 616/616/616 613/613/613
f 649/649/649 619/619/619 517/517/517
f 641/641/641 620/620/620 636/636/636
f 518/518/518 650/650/650 649/649/649
f 518/518/518 519/519/519 650/650/650
f 651/651/651 641/641/641 636/636/636
f 652/652/652 601/601/601 653/653/653
f 654/654/654 651/651/651 655/655/655
f 654/654/654 641/641/641 651/651/651
f 402/402/402 656/656/656 399/399/399
f 657/657/657 638/638/638 641/641/641
f 657/657/657 641/641/641 654/654/654
f 658/658/658 615/615/615 616/616/616
f 539/539/539 650/650/650 519/519/519
f 652/652/652 653/653/653 644/644/644
f 399/399/399 656/656/656 616/616/616
f 616/616/616 656/656/656 658/658/658
f 623/623/623 624/624/624 647/647/647
f 627/627/627 635/635/635 624/624/624
f 659/659/659 624/624/624 635/635/635
f 624/624/624 659/659/659 647/647/647
f 647/647/647 660/660/660 637/637/637
f 648/648/648 637/637/637 660/660/660
f 661/661/661 639/639/639 638/638/638
f 647/647/647 662/662/662 660/660/660
f 659/659/659 662/662/662 647/647/647
f 635/635/635 663/663/663 659/659/659
f 648/648/648 660/660/660 664/664/664
f 665/665/665 661/661/661 657/657/657
f 657/657/657 666/666/666 665/665/665
f 652/652/652 667/667/667 601/601/601
f 668/668/668 659/659/659 663/663/663
f 662/662/662 659/659/659 668/668/668
f 661/661/661 638/638/638 657/657/657
f 662/662/662 668/668/668 621/621/621
f 660/660/660 662/662/662 621/621/621
f 622/622/622 668/668/668 663/663/663
f 589/589/589 256/256/256 239/239/239
f 669/669/669 655/655/655 651/651/651
f 280/280/280 256/256/256 589/589/589
f 670/670/670 655/655/655 671/671/671
f 670/670/670 654/654/654 655/655/655
f 312/312/312 280/280/280 589/589/589
f 654/654/654 666/666/666 657/657/657
f 632/632/632 672/672/672 633/633/633
f 673/673/673 666/666/666 654/654/654
f 674/674/674 541/541/541 538/538/538
f 604/604/604 595/595/595 675/675/675
f 675/675/675 595/595/595 608/608/608
f 607/607/607 639/639/639 661/661/661
f 609/609/609 642/642/642 612/612/612
f 676/676/676 677/677/677 642/642/642
f 642/642/642 677/677/677 612/612/612
f 678/678/678 652/652/652 644/644/644
f 678/678/678 644/644/644 643/643/643
f 679/679/679 678/678/678 643/643/643
f 670/670/670 673/673/673 654/654/654
f 680/680/680 630/630/630 629/629/629
f 630/630/630 680/680/680 643/643/643
f 671/671/671 681/681/681 670/670/670
f 538/538/538 559/559/559 674/674/674
f 610/610/610 682/682/682 683/683/683
f 309/309/309 327/327/327 684/684/684
f 685/685/685 674/674/674 559/559/559
f 309/309/309 684/684/684 686/686/686
f 604/604/604 675/675/675 315/315/315
f 312/312/312 604/604/604 315/315/315
f 675/675/675 608/608/608 687/687/687
f 260/260/260 327/327/327 309/309/309
f 612/612/612 688/688/688 608/608/608
f 665/665/665 603/603/603 661/661/661
f 612/612/612 689/689/689 688/688/688
f 666/666/666 673/673/673 690/690/690
f 691/691/691 686/686/686 692/692/692
f 666/666/666 690/690/690 665/665/665
f 689/689/689 612/612/612 677/677/677
f 693/693/693 673/673/673 670/670/670
f 631/631/631 670/670/670 681/681/681
f 694/694/694 676/676/676 695/695/695
f 614/614/614 696/696/696 611/611/611
f 693/693/693 690/690/690 673/673/673
f 642/642/642 648/648/648 676/676/676
f 697/697/697 696/696/696 614/614/614
f 676/676/676 648/648/648 664/664/664
f 563/563/563 685/685/685 559/559/559
f 691/691/691 692/692/692 599/599/599
f 698/698/698 691/691/691 599/599/599
f 699/699/699 695/695/695 664/664/664
f 327/327/327 688/688/688 684/684/684
f 656/656/656 402/402/402 403/403/403
f 403/403/403 618/618/618 656/656/656
f 599/599/599 598/598/598 700/700/700
f 511/511/511 618/618/618 403/403/403
f 261/261/261 688/688/688 327/327/327
f 617/617/617 658/658/658 656/656/656
f 617/617/617 656/656/656 618/618/618
f 622/622/622 663/663/663 625/625/625
f 664/664/664 660/660/660 699/699/699
f 699/699/699 660/660/660 621/621/621
f 622/622/622 621/621/621 668/668/668
f 699/699/699 621/621/621 646/646/646
f 692/692/692 684/684/684 701/701/701
f 683/683/683 614/614/614 610/610/610
f 702/702/702 699/699/699 646/646/646
f 606/606/606 702/702/702 646/646/646
f 646/646/646 639/639/639 606/606/606
f 695/695/695 699/699/699 702/702/702
f 686/686/686 684/684/684 692/692/692
f 700/700/700 698/698/698 599/599/599
f 614/614/614 703/703/703 697/697/697
f 692/692/692 701/701/701 597/597/597
f 607/607/607 606/606/606 639/639/639
f 704/704/704 614/614/614 683/683/683
f 676/676/676 664/664/664 695/695/695
f 704/704/704 703/703/703 614/614/614
f 599/599/599 692/692/692 597/597/597
f 686/686/686 310/310/310 309/309/309
f 310/310/310 686/686/686 691/691/691
f 310/310/310 691/691/691 705/705/705
f 597/597/597 701/701/701 694/694/694
f 702/702/702 694/694/694 695/695/695
f 602/602/602 700/700/700 598/598/598
f 601/601/601 706/706/706 602/602/602
f 707/707/707 705/705/705 691/691/691
f 698/698/698 707/707/707 691/691/691
f 608/608/608 688/688/688 687/687/687
f 706/706/706 601/601/601 667/667/667
f 263/263/263 315/315/315 675/675/675
f 263/263/263 675/675/675 687/687/687
f 376/376/376 708/708/708 563/563/563
f 632/632/632 685/685/685 563/563/563
f 708/708/708 632/632/632 563/563/563
f 684/684/684 689/689/689 677/677/677
f 684/684/684 677/677/677 676/676/676
f 707/707/707 698/698/698 709/709/709
f 676/676/676 701/701/701 684/684/684
f 598/598/598 597/597/597 605/605/605
f 709/709/709 698/698/698 700/700/700
f 701/701/701 676/676/676 694/694/694
f 632/632/632 634/634/634 685/685/685
f 687/687/687 261/261/261 263/263/263
f 693/693/693 670/670/670 631/631/631
f 261/261/261 687/687/687 688/688/688
f 605/605/605 603/603/603 602/602/602
f 689/689/689 684/684/684 688/688/688
f 665/665/665 653/653/653 603/603/603
f 653/653/653 665/665/665 644/644/644
f 325/325/325 310/310/310 705/705/705
f 376/376/376 412/412/412 708/708/708
f 601/601/601 603/603/603 653/653/653
f 602/602/602 709/709/709 700/700/700
f 607/607/607 661/661/661 603/603/603
f 706/706/706 709/709/709 602/602/602
f 606/606/606 597/597/597 702/702/702
f 702/702/702 597/597/597 694/694/694
f 568/568/568 584/584/584 579/579/579
f 644/644/644 665/665/665 690/690/690
f 690/690/690 645/645/645 644/644/644
f 710/710/710 667/667/667 652/652/652
f 690/690/690 693/693/693 645/645/645
f 693/693/693 631/631/631 630/630/630
f 630/630/630 645/645/645 693/693/693
f 652/652/652 678/678/678 710/710/710
f 412/412/412 411/411/411 579/579/579
f 588/588/588 708/708/708 412/412/412
f 711/711/711 678/678/678 679/679/679
f 711/711/711 710/710/710 678/678/678
f 712/712/712 711/711/711 679/679/679
f 680/680/680 712/712/712 679/679/679
f 632/632/632 708/708/708 672/672/672
f 588/588/588 672/672/672 708/708/708
f 713/713/713 707/707/707 709/709/709
f 705/705/705 707/707/707 713/713/713
f 714/714/714 713/713/713 715/715/715
f 667/667/667 715/715/715 706/706/706
f 715/715/715 709/709/709 706/706/706
f 713/713/713 709/709/709 715/715/715
f 716/716/716 715/715/715 667/667/667
f 325/325/325 705/705/705 713/713/713
f 717/717/717 325/325/325 713/713/713
f 714/714/714 717/717/717 713/713/713
f 682/682/682 568/568/568 565/565/565
f 716/716/716 710/710/710 711/711/711
f 718/718/718 716/716/716 711/711/711
f 682/682/682 584/584/584 568/568/568
f 584/584/584 682/682/682 610/610/610
f 710/710/710 716/716/716 667/667/667
f 719/719/719 718/718/718 711/711/711
f 720/720/720 680/680/680 721/721/721
f 696/696/696 672/672/672 588/588/588
f 680/680/680 720/720/720 712/712/712
f 588/588/588 584/584/584 611/611/611
f 588/588/588 611/611/611 696/696/696
f 696/696/696 722/722/722 723/723/723
f 697/697/697 722/722/722 696/696/696
f 721/721/721 680/680/680 629/629/629
f 672/672/672 723/723/723 633/633/633
f 696/696/696 723/723/723 672/672/672
f 680/680/680 679/679/679 643/643/643
f 234/234/234 221/221/221 232/232/232
f 229/229/229 724/724/724 232/232/232
f 228/228/228 725/725/725 726/726/726
f 727/727/727 728/728/728 729/729/729
f 730/730/730 222/222/222 731/731/731
f 726/726/726 732/732/732 228/228/228
f 727/727/727 729/729/729 733/733/733
f 724/724/724 229/229/229 233/233/233
f 734/734/734 735/735/735 736/736/736
f 736/736/736 735/735/735 737/737/737
f 732/732/732 726/726/726 738/738/738
f 233/233/233 231/231/231 236/236/236
f 735/735/735 739/739/739 737/737/737
f 730/730/730 740/740/740 222/222/222
f 741/741/741 729/729/729 742/742/742
f 743/743/743 740/740/740 744/744/744
f 731/731/731 223/223/223 234/234/234
f 742/742/742 743/743/743 744/744/744
f 727/727/727 737/737/737 738/738/738
f 744/744/744 740/740/740 730/730/730
f 745/745/745 118/118/118 123/123/123
f 746/746/746 232/232/232 724/724/724
f 724/724/724 233/233/233 747/747/747
f 732/732/732 123/123/123 228/228/228
f 737/737/737 727/727/727 736/736/736
f 234/234/234 232/232/232 748/748/748
f 732/732/732 745/745/745 123/123/123
f 734/734/734 749/749/749 735/735/735
f 108/108/108 118/118/118 745/745/745
f 750/750/750 108/108/108 745/745/745
f 127/127/127 108/108/108 750/750/750
f 749/749/749 751/751/751 735/735/735
f 127/127/127 752/752/752 529/529/529
f 751/751/751 749/749/749 753/753/753
f 750/750/750 752/752/752 127/127/127
f 748/748/748 232/232/232 746/746/746
f 754/754/754 739/739/739 735/735/735
f 730/730/730 731/731/731 234/234/234
f 755/755/755 730/730/730 234/234/234
f 735/735/735 751/751/751 754/754/754
f 755/755/755 234/234/234 748/748/748
f 756/756/756 745/745/745 757/757/757
f 750/750/750 745/745/745 756/756/756
f 758/758/758 730/730/730 755/755/755
f 758/758/758 744/744/744 730/730/730
f 753/753/753 759/759/759 751/751/751
f 760/760/760 751/751/751 759/759/759
f 761/761/761 754/754/754 751/751/751
f 745/745/745 732/732/732 757/757/757
f 744/744/744 758/758/758 762/762/762
f 742/742/742 744/744/744 741/741/741
f 748/748/748 763/763/763 755/755/755
f 761/761/761 751/751/751 760/760/760
f 755/755/755 763/763/763 762/762/762
f 741/741/741 744/744/744 762/762/762
f 764/764/764 750/750/750 756/756/756
f 762/762/762 758/758/758 755/755/755
f 575/575/575 752/752/752 765/765/765
f 756/756/756 766/766/766 764/764/764
f 731/731/731 222/222/222 223/223/223
f 740/740/740 220/220/220 222/222/222
f 764/764/764 752/752/752 750/750/750
f 764/764/764 767/767/767 765/765/765
f 752/752/752 764/764/764 765/765/765
f 766/766/766 768/768/768 769/769/769
f 767/767/767 575/575/575 765/765/765
f 768/768/768 766/766/766 739/739/739
f 743/743/743 220/220/220 740/740/740
f 726/726/726 725/725/725 728/728/728
f 743/743/743 226/226/226 218/218/218
f 743/743/743 218/218/218 220/220/220
f 757/757/757 732/732/732 738/738/738
f 224/224/224 226/226/226 227/227/227
f 725/725/725 227/227/227 226/226/226
f 726/726/726 727/727/727 738/738/738
f 737/737/737 757/757/757 738/738/738
f 770/770/770 771/771/771 767/767/767
f 772/772/772 773/773/773 769/769/769
f 757/757/757 737/737/737 756/756/756
f 774/774/774 775/775/775 770/770/770
f 774/774/774 770/770/770 776/776/776
f 777/777/777 775/775/775 774/774/774
f 725/725/725 226/226/226 743/743/743
f 228/228/228 227/227/227 725/725/725
f 743/743/743 742/742/742 728/728/728
f 774/774/774 776/776/776 773/773/773
f 769/769/769 764/764/764 766/766/766
f 773/773/773 767/767/767 764/764/764
f 772/772/772 778/778/778 773/773/773
f 773/773/773 778/778/778 774/774/774
f 729/729/729 728/728/728 742/742/742
f 779/779/779 780/780/780 781/781/781
f 739/739/739 756/756/756 737/737/737
f 727/727/727 726/726/726 728/728/728
f 743/743/743 728/728/728 725/725/725
f 766/766/766 756/756/756 739/739/739
f 779/779/779 775/775/775 777/777/777
f 764/764/764 769/769/769 773/773/773
f 776/776/776 767/767/767 773/773/773
f 771/771/771 770/770/770 775/775/775
f 776/776/776 770/770/770 767/767/767
f 768/768/768 761/761/761 769/769/769
f 769/769/769 761/761/761 772/772/772
f 768/768/768 739/739/739 754/754/754
f 761/761/761 768/768/768 754/754/754
f 760/760/760 782/782/782 761/761/761
f 783/783/783 761/761/761 782/782/782
f 772/772/772 761/761/761 784/784/784
f 772/772/772 784/784/784 778/778/778
f 761/761/761 783/783/783 784/784/784
f 741/741/741 762/762/762 785/785/785
f 786/786/786 777/777/777 774/774/774
f 787/787/787 788/788/788 741/741/741
f 787/787/787 789/789/789 788/788/788
f 786/786/786 774/774/774 778/778/778
f 736/736/736 727/727/727 733/733/733
f 788/788/788 729/729/729 741/741/741
f 733/733/733 729/729/729 788/788/788
f 786/786/786 778/778/778 784/784/784
f 786/786/786 784/784/784 790/790/790
f 790/790/790 777/777/777 786/786/786
f 791/791/791 777/777/777 790/790/790
f 789/789/789 733/733/733 788/788/788
f 789/789/789 749/749/749 733/733/733
f 734/734/734 736/736/736 733/733/733
f 733/733/733 749/749/749 734/734/734
f 783/783/783 792/792/792 784/784/784
f 793/793/793 236/236/236 237/237/237
f 794/794/794 795/795/795 796/796/796
f 797/797/797 798/798/798 799/799/799
f 797/797/797 800/800/800 798/798/798
f 801/801/801 802/802/802 803/803/803
f 747/747/747 236/236/236 793/793/793
f 804/804/804 797/797/797 799/799/799
f 233/233/233 236/236/236 747/747/747
f 805/805/805 806/806/806 807/807/807
f 808/808/808 795/795/795 794/794/794
f 809/809/809 810/810/810 811/811/811
f 793/793/793 342/342/342 812/812/812
f 805/805/805 803/803/803 806/806/806
f 813/813/813 798/798/798 800/800/800
f 813/813/813 800/800/800 814/814/814
f 815/815/815 801/801/801 803/803/803
f 795/795/795 816/816/816 817/817/817
f 818/818/818 813/813/813 814/814/814
f 819/819/819 815/815/815 803/803/803
f 747/747/747 793/793/793 820/820/820
f 821/821/821 822/822/822 823/823/823
f 816/816/816 824/824/824 817/817/817
f 820/820/820 793/793/793 825/825/825
f 803/803/803 805/805/805 826/826/826
f 827/827/827 822/822/822 821/821/821
f 828/828/828 803/803/803 826/826/826
f 825/825/825 793/793/793 829/829/829
f 829/829/829 793/793/793 812/812/812
f 819/819/819 803/803/803 828/828/828
f 808/808/808 816/816/816 795/795/795
f 830/830/830 824/824/824 816/816/816
f 831/831/831 825/825/825 829/829/829
f 832/832/832 822/822/822 833/833/833
f 834/834/834 829/829/829 835/835/835
f 833/833/833 822/822/822 827/827/827
f 836/836/836 837/837/837 838/838/838
f 724/724/724 747/747/747 839/839/839
f 840/840/840 841/841/841 842/842/842
f 838/838/838 837/837/837 843/843/843
f 844/844/844 818/818/818 814/814/814
f 845/845/845 841/841/841 846/846/846
f 747/747/747 820/820/820 847/847/847
f 848/848/848 849/849/849 845/845/845
f 839/839/839 746/746/746 724/724/724
f 846/846/846 848/848/848 845/845/845
f 747/747/747 847/847/847 839/839/839
f 850/850/850 851/851/851 852/852/852
f 853/853/853 849/849/849 848/848/848
f 850/850/850 852/852/852 854/854/854
f 850/850/850 855/855/855 856/856/856
f 857/857/857 855/855/855 850/850/850
f 842/842/842 858/858/858 859/859/859
f 839/839/839 847/847/847 860/860/860
f 831/831/831 820/820/820 825/825/825
f 861/861/861 838/838/838 843/843/843
f 854/854/854 852/852/852 862/862/862
f 850/850/850 863/863/863 857/857/857
f 831/831/831 829/829/829 834/834/834
f 864/864/864 865/865/865 857/857/857
f 864/864/864 857/857/857 863/863/863
f 864/864/864 863/863/863 866/866/866
f 863/863/863 850/850/850 854/854/854
f 854/854/854 862/862/862 863/863/863
f 860/860/860 847/847/847 820/820/820
f 831/831/831 860/860/860 820/820/820
f 867/867/867 862/862/862 852/852/852
f 868/868/868 831/831/831 834/834/834
f 869/869/869 870/870/870 871/871/871
f 840/840/840 842/842/842 859/859/859
f 868/868/868 834/834/834 872/872/872
f 873/873/873 863/863/863 862/862/862
f 866/866/866 863/863/863 873/873/873
f 874/874/874 840/840/840 859/859/859
f 875/875/875 868/868/868 872/872/872
f 871/871/871 876/876/876 837/837/837
f 862/862/862 877/877/877 878/878/878
f 746/746/746 879/879/879 748/748/748
f 880/880/880 878/878/878 877/877/877
f 871/871/871 870/870/870 876/876/876
f 858/858/858 881/881/881 859/859/859
f 873/873/873 862/862/862 878/878/878
f 878/878/878 882/882/882 873/873/873
f 883/883/883 878/878/878 880/880/880
f 884/884/884 879/879/879 746/746/746
f 878/878/878 883/883/883 882/882/882
f 885/885/885 838/838/838 886/886/886
f 887/887/887 859/859/859 881/881/881
f 861/861/861 886/886/886 838/838/838
f 879/879/879 763/763/763 748/748/748
f 833/833/833 827/827/827 888/888/888
f 889/889/889 888/888/888 827/827/827
f 859/859/859 887/887/887 874/874/874
f 884/884/884 746/746/746 839/839/839
f 890/890/890 874/874/874 891/891/891
f 892/892/892 888/888/888 889/889/889
f 893/893/893 888/888/888 892/892/892
f 887/887/887 881/881/881 894/894/894
f 839/839/839 895/895/895 884/884/884
f 881/881/881 896/896/896 897/897/897
f 831/831/831 898/898/898 860/860/860
f 898/898/898 831/831/831 868/868/868
f 897/897/897 894/894/894 881/881/881
f 889/889/889 827/827/827 821/821/821
f 889/889/889 821/821/821 823/823/823
f 899/899/899 900/900/900 901/901/901
f 823/823/823 818/818/818 844/844/844
f 902/902/902 898/898/898 868/868/868
f 902/902/902 868/868/868 875/875/875
f 903/903/903 900/900/900 899/899/899
f 823/823/823 844/844/844 904/904/904
f 903/903/903 894/894/894 900/900/900
f 889/889/889 905/905/905 892/892/892
f 906/906/906 894/894/894 903/903/903
f 839/839/839 860/860/860 898/898/898
f 907/907/907 908/908/908 899/899/899
f 889/889/889 823/823/823 904/904/904
f 908/908/908 907/907/907 909/909/909
f 910/910/910 903/903/903 899/899/899
f 908/908/908 910/910/910 899/899/899
f 911/911/911 908/908/908 909/909/909
f 895/895/895 839/839/839 898/898/898
f 902/902/902 895/895/895 898/898/898
f 895/895/895 902/902/902 912/912/912
f 906/906/906 891/891/891 887/887/887
f 874/874/874 887/887/887 891/891/891
f 843/843/843 913/913/913 861/861/861
f 852/852/852 851/851/851 833/833/833
f 906/906/906 887/887/887 894/894/894
f 914/914/914 906/906/906 903/903/903
f 834/834/834 835/835/835 915/915/915
f 903/903/903 910/910/910 914/914/914
f 908/908/908 916/916/916 910/910/910
f 888/888/888 893/893/893 852/852/852
f 852/852/852 833/833/833 888/888/888
f 917/917/917 906/906/906 914/914/914
f 891/891/891 906/906/906 917/917/917
f 867/867/867 852/852/852 893/893/893
f 918/918/918 914/914/914 910/910/910
f 916/916/916 919/919/919 910/910/910
f 919/919/919 918/918/918 910/910/910
f 920/920/920 919/919/919 916/916/916
f 872/872/872 834/834/834 915/915/915
f 841/841/841 840/840/840 846/846/846
f 921/921/921 893/893/893 892/892/892
f 837/837/837 876/876/876 922/922/922
f 921/921/921 892/892/892 905/905/905
f 923/923/923 921/921/921 905/905/905
f 846/846/846 840/840/840 924/924/924
f 876/876/876 870/870/870 925/925/925
f 923/923/923 926/926/926 921/921/921
f 915/915/915 927/927/927 872/872/872
f 928/928/928 926/926/926 929/929/929
f 924/924/924 840/840/840 890/890/890
f 840/840/840 874/874/874 890/890/890
f 928/928/928 877/877/877 926/926/926
f 875/875/875 872/872/872 930/930/930
f 929/929/929 926/926/926 923/923/923
f 931/931/931 929/929/929 923/923/923
f 924/924/924 932/932/932 846/846/846
f 930/930/930 872/872/872 927/927/927
f 927/927/927 933/933/933 930/930/930
f 889/889/889 934/934/934 905/905/905
f 889/889/889 904/904/904 934/934/934
f 923/923/923 905/905/905 934/934/934
f 935/935/935 846/846/846 932/932/932
f 848/848/848 846/846/846 935/935/935
f 902/902/902 875/875/875 936/936/936
f 924/924/924 890/890/890 932/932/932
f 937/937/937 932/932/932 890/890/890
f 933/933/933 936/936/936 930/930/930
f 930/930/930 936/936/936 875/875/875
f 938/938/938 815/815/815 939/939/939
f 936/936/936 933/933/933 811/811/811
f 933/933/933 927/927/927 940/940/940
f 939/939/939 815/815/815 941/941/941
f 921/921/921 867/867/867 893/893/893
f 925/925/925 870/870/870 938/938/938
f 939/939/939 925/925/925 938/938/938
f 942/942/942 937/937/937 943/943/943
f 877/877/877 867/867/867 921/921/921
f 943/943/943 944/944/944 942/942/942
f 926/926/926 877/877/877 921/921/921
f 945/945/945 890/890/890 891/891/891
f 811/811/811 933/933/933 946/946/946
f 877/877/877 862/862/862 867/867/867
f 937/937/937 890/890/890 945/945/945
f 928/928/928 880/880/880 877/877/877
f 811/811/811 946/946/946 809/809/809
f 947/947/947 810/810/810 809/809/809
f 809/809/809 946/946/946 948/948/948
f 804/804/804 810/810/810 947/947/947
f 947/947/947 797/797/797 804/804/804
f 891/891/891 917/917/917 945/945/945
f 949/949/949 917/917/917 914/914/914
f 949/949/949 914/914/914 918/918/918
f 819/819/819 941/941/941 815/815/815
f 237/237/237 342/342/342 793/793/793
f 950/950/950 945/945/945 917/917/917
f 950/950/950 951/951/951 945/945/945
f 950/950/950 917/917/917 949/949/949
f 952/952/952 941/941/941 819/819/819
f 943/943/943 937/937/937 945/945/945
f 819/819/819 828/828/828 952/952/952
f 800/800/800 953/953/953 814/814/814
f 945/945/945 951/951/951 943/943/943
f 335/335/335 812/812/812 342/342/342
f 944/944/944 943/943/943 954/954/954
f 954/954/954 943/943/943 951/951/951
f 951/951/951 955/955/955 954/954/954
f 800/800/800 797/797/797 956/956/956
f 957/957/957 951/951/951 950/950/950
f 911/911/911 958/958/958 959/959/959
f 911/911/911 959/959/959 908/908/908
f 953/953/953 800/800/800 956/956/956
f 960/960/960 916/916/916 908/908/908
f 908/908/908 959/959/959 960/960/960
f 835/835/835 829/829/829 812/812/812
f 961/961/961 953/953/953 956/956/956
f 962/962/962 828/828/828 963/963/963
f 964/964/964 965/965/965 916/916/916
f 335/335/335 266/266/266 966/966/966
f 965/965/965 920/920/920 916/916/916
f 920/920/920 965/965/965 967/967/967
f 962/962/962 963/963/963 968/968/968
f 966/966/966 266/266/266 281/281/281
f 969/969/969 970/970/970 971/971/971
f 935/935/935 972/972/972 853/853/853
f 853/853/853 848/848/848 935/935/935
f 952/952/952 828/828/828 962/962/962
f 812/812/812 335/335/335 966/966/966
f 925/925/925 939/939/939 973/973/973
f 844/844/844 814/814/814 974/974/974
f 966/966/966 835/835/835 812/812/812
f 972/972/972 935/935/935 794/794/794
f 935/935/935 975/975/975 794/794/794
f 974/974/974 814/814/814 953/953/953
f 935/935/935 932/932/932 937/937/937
f 975/975/975 935/935/935 937/937/937
f 974/974/974 953/953/953 976/976/976
f 973/973/973 939/939/939 941/941/941
f 808/808/808 794/794/794 975/975/975
f 977/977/977 953/953/953 961/961/961
f 937/937/937 942/942/942 975/975/975
f 977/977/977 961/961/961 978/978/978
f 941/941/941 979/979/979 973/973/973
f 941/941/941 952/952/952 979/979/979
f 980/980/980 979/979/979 952/952/952
f 977/977/977 976/976/976 953/953/953
f 981/981/981 942/942/942 944/944/944
f 954/954/954 982/982/982 944/944/944
f 288/288/288 983/983/983 281/281/281
f 944/944/944 982/982/982 981/981/981
f 961/961/961 956/956/956 984/984/984
f 961/961/961 984/984/984 985/985/985
f 808/808/808 975/975/975 986/986/986
f 986/986/986 816/816/816 808/808/808
f 986/986/986 975/975/975 987/987/987
f 981/981/981 975/975/975 942/942/942
f 988/988/988 989/989/989 990/990/990
f 987/987/987 975/975/975 981/981/981
f 961/961/961 985/985/985 978/978/978
f 988/988/988 991/991/991 989/989/989
f 988/988/988 971/971/971 991/991/991
f 987/987/987 981/981/981 992/992/992
f 986/986/986 830/830/830 816/816/816
f 987/987/987 830/830/830 986/986/986
f 993/993/993 952/952/952 962/962/962
f 994/994/994 995/995/995 996/996/996
f 997/997/997 886/886/886 861/861/861
f 997/997/997 861/861/861 913/913/913
f 998/998/998 997/997/997 913/913/913
f 999/999/999 997/997/997 998/998/998
f 913/913/913 843/843/843 837/837/837
f 837/837/837 998/998/998 913/913/913
f 993/993/993 962/962/962 968/968/968
f 998/998/998 837/837/837 922/922/922
f 281/281/281 983/983/983 966/966/966
f 999/999/999 996/996/996 997/997/997
f 966/966/966 915/915/915 835/835/835
f 994/994/994 996/996/996 999/999/999
f 1000/1000/1000 915/915/915 966/966/966
f 927/927/927 915/915/915 1000/1000/1000
f 976/976/976 977/977/977 1001/1001/1001
f 1000/1000/1000 966/966/966 983/983/983
f 994/994/994 999/999/999 1002/1002/1002
f 978/978/978 1001/1001/1001 977/977/977
f 999/999/999 1003/1003/1003 1002/1002/1002
f 974/974/974 1004/1004/1004 844/844/844
f 999/999/999 998/998/998 1003/1003/1003
f 904/904/904 844/844/844 1004/1004/1004
f 880/880/880 928/928/928 1005/1005/1005
f 940/940/940 927/927/927 1000/1000/1000
f 1006/1006/1006 880/880/880 1005/1005/1005
f 883/883/883 880/880/880 1006/1006/1006
f 1005/1005/1005 928/928/928 1007/1007/1007
f 940/940/940 1000/1000/1000 948/948/948
f 1004/1004/1004 974/974/974 1008/1008/1008
f 876/876/876 1009/1009/1009 922/922/922
f 946/946/946 933/933/933 940/940/940
f 940/940/940 948/948/948 946/946/946
f 1008/1008/1008 974/974/974 976/976/976
f 883/883/883 1010/1010/1010 1011/1011/1011
f 925/925/925 1009/1009/1009 876/876/876
f 1009/1009/1009 925/925/925 973/973/973
f 979/979/979 1009/1009/1009 973/973/973
f 1006/1006/1006 1010/1010/1010 883/883/883
f 1002/1002/1002 1012/1012/1012 1013/1013/1013
f 998/998/998 922/922/922 1003/1003/1003
f 1003/1003/1003 922/922/922 1014/1014/1014
f 1008/1008/1008 976/976/976 1001/1001/1001
f 1005/1005/1005 1015/1015/1015 1006/1006/1006
f 1006/1006/1006 1015/1015/1015 1010/1010/1010
f 1014/1014/1014 1012/1012/1012 1003/1003/1003
f 1005/1005/1005 1016/1016/1016 1015/1015/1015
f 1016/1016/1016 1005/1005/1005 1007/1007/1007
f 1002/1002/1002 1003/1003/1003 1012/1012/1012
f 1014/1014/1014 922/922/922 1009/1009/1009
f 1017/1017/1017 1010/1010/1010 1018/1018/1018
f 1014/1014/1014 1009/1009/1009 1019/1019/1019
f 1017/1017/1017 1011/1011/1011 1010/1010/1010
f 1019/1019/1019 1009/1009/1009 979/979/979
f 1020/1020/1020 1001/1001/1001 978/978/978
f 1018/1018/1018 1010/1010/1010 1015/1015/1015
f 1017/1017/1017 1018/1018/1018 1021/1021/1021
f 1019/1019/1019 1012/1012/1012 1014/1014/1014
f 983/983/983 288/288/288 1022/1022/1022
f 1012/1012/1012 1019/1019/1019 1023/1023/1023
f 1024/1024/1024 1015/1015/1015 1025/1025/1025
f 1016/1016/1016 1025/1025/1025 1015/1015/1015
f 978/978/978 985/985/985 1026/1026/1026
f 1025/1025/1025 1016/1016/1016 1027/1027/1027
f 1028/1028/1028 995/995/995 994/994/994
f 1029/1029/1029 1028/1028/1028 994/994/994
f 1024/1024/1024 1018/1018/1018 1015/1015/1015
f 978/978/978 1026/1026/1026 1030/1030/1030
f 333/333/333 334/334/334 1031/1031/1031
f 1025/1025/1025 1027/1027/1027 1032/1032/1032
f 1033/1033/1033 1028/1028/1028 1029/1029/1029
f 1030/1030/1030 1026/1026/1026 885/885/885
f 1034/1034/1034 1033/1033/1033 1035/1035/1035
f 1032/1032/1032 1024/1024/1024 1025/1025/1025
f 1035/1035/1035 1033/1033/1033 1029/1029/1029
f 1027/1027/1027 1036/1036/1036 1032/1032/1032
f 1022/1022/1022 288/288/288 328/328/328
f 1037/1037/1037 1029/1029/1029 994/994/994
f 1021/1021/1021 1018/1018/1018 1038/1038/1038
f 1039/1039/1039 1029/1029/1029 1037/1037/1037
f 1040/1040/1040 1037/1037/1037 1013/1013/1013
f 1039/1039/1039 1037/1037/1037 1040/1040/1040
f 1038/1038/1038 1018/1018/1018 1024/1024/1024
f 1041/1041/1041 1042/1042/1042 1043/1043/1043
f 1044/1044/1044 1043/1043/1043 1045/1045/1045
f 1042/1042/1042 1045/1045/1045 1043/1043/1043
f 334/334/334 346/346/346 1031/1031/1031
f 1046/1046/1046 1021/1021/1021 1038/1038/1038
f 333/333/333 1022/1022/1022 328/328/328
f 1047/1047/1047 1038/1038/1038 1024/1024/1024
f 1035/1035/1035 1048/1048/1048 1034/1034/1034
f 1049/1049/1049 1032/1032/1032 1036/1036/1036
f 1038/1038/1038 1047/1047/1047 1046/1046/1046
f 978/978/978 1030/1030/1030 1020/1020/1020
f 1035/1035/1035 1050/1050/1050 1051/1051/1051
f 1032/1032/1032 1047/1047/1047 1024/1024/1024
f 1029/1029/1029 1050/1050/1050 1035/1035/1035
f 1045/1045/1045 1052/1052/1052 1044/1044/1044
f 1047/1047/1047 1032/1032/1032 1049/1049/1049
f 1053/1053/1053 1044/1044/1044 1052/1052/1052
f 1048/1048/1048 1042/1042/1042 1041/1041/1041
f 1042/1042/1042 1048/1048/1048 1035/1035/1035
f 1042/1042/1042 1035/1035/1035 1051/1051/1051
f 1045/1045/1045 1042/1042/1042 1054/1054/1054
f 1054/1054/1054 1042/1042/1042 1051/1051/1051
f 1054/1054/1054 1052/1052/1052 1045/1045/1045
f 1055/1055/1055 1053/1053/1053 1052/1052/1052
f 1050/1050/1050 1029/1029/1029 1039/1039/1039
f 1030/1030/1030 885/885/885 1056/1056/1056
f 1039/1039/1039 1057/1057/1057 1050/1050/1050
f 1050/1050/1050 1058/1058/1058 1051/1051/1051
f 1051/1051/1051 1059/1059/1059 1054/1054/1054
f 1052/1052/1052 1054/1054/1054 1059/1059/1059
f 1052/1052/1052 1060/1060/1060 1055/1055/1055
f 1061/1061/1061 928/928/928 929/929/929
f 929/929/929 931/931/931 1061/1061/1061
f 1059/1059/1059 1051/1051/1051 1062/1062/1062
f 1020/1020/1020 1030/1030/1030 1063/1063/1063
f 1064/1064/1064 1052/1052/1052 1059/1059/1059
f 1065/1065/1065 1064/1064/1064 1059/1059/1059
f 1060/1060/1060 1052/1052/1052 1064/1064/1064
f 1061/1061/1061 1007/1007/1007 928/928/928
f 1058/1058/1058 1050/1050/1050 1057/1057/1057
f 1062/1062/1062 1051/1051/1051 1058/1058/1058
f 1062/1062/1062 1065/1065/1065 1059/1059/1059
f 1037/1037/1037 994/994/994 1002/1002/1002
f 1056/1056/1056 885/885/885 886/886/886
f 1066/1066/1066 1040/1040/1040 1013/1013/1013
f 1040/1040/1040 1066/1066/1066 1067/1067/1067
f 1066/1066/1066 1068/1068/1068 1067/1067/1067
f 1039/1039/1039 1069/1069/1069 1057/1057/1057
f 1070/1070/1070 333/333/333 1031/1031/1031
f 1071/1071/1071 1040/1040/1040 1067/1067/1067
f 1071/1071/1071 1039/1039/1039 1040/1040/1040
f 1039/1039/1039 1071/1071/1071 1069/1069/1069
f 789/789/789 753/753/753 749/749/749
f 1058/1058/1058 1057/1057/1057 1069/1069/1069
f 1069/1069/1069 1072/1072/1072 1058/1058/1058
f 1073/1073/1073 1007/1007/1007 1061/1061/1061
f 1007/1007/1007 1073/1073/1073 1016/1016/1016
f 1074/1074/1074 1061/1061/1061 931/931/931
f 1075/1075/1075 753/753/753 789/789/789
f 1076/1076/1076 753/753/753 1075/1075/1075
f 857/857/857 1075/1075/1075 789/789/789
f 1067/1067/1067 1077/1077/1077 1071/1071/1071
f 1073/1073/1073 1061/1061/1061 1074/1074/1074
f 1078/1078/1078 1073/1073/1073 1074/1074/1074
f 1022/1022/1022 333/333/333 1070/1070/1070
f 1079/1079/1079 1022/1022/1022 1070/1070/1070
f 934/934/934 1080/1080/1080 1081/1081/1081
f 346/346/346 1082/1082/1082 1031/1031/1031
f 1069/1069/1069 1071/1071/1071 1077/1077/1077
f 904/904/904 1080/1080/1080 934/934/934
f 1069/1069/1069 1077/1077/1077 1083/1083/1083
f 1067/1067/1067 1084/1084/1084 1077/1077/1077
f 1037/1037/1037 1002/1002/1002 1013/1013/1013
f 1085/1085/1085 1086/1086/1086 780/780/780
f 1004/1004/1004 1080/1080/1080 904/904/904
f 1081/1081/1081 923/923/923 934/934/934
f 931/931/931 923/923/923 1081/1081/1081
f 1074/1074/1074 931/931/931 1081/1081/1081
f 1087/1087/1087 1085/1085/1085 780/780/780
f 1088/1088/1088 1081/1081/1081 1080/1080/1080
f 1088/1088/1088 1078/1078/1078 1074/1074/1074
f 1068/1068/1068 1066/1066/1066 1012/1012/1012
f 1088/1088/1088 1074/1074/1074 1081/1081/1081
f 1089/1089/1089 1085/1085/1085 1087/1087/1087
f 777/777/777 791/791/791 1090/1090/1090
f 779/779/779 1087/1087/1087 780/780/780
f 1090/1090/1090 779/779/779 777/777/777
f 1088/1088/1088 1080/1080/1080 1091/1091/1091
f 1090/1090/1090 1087/1087/1087 779/779/779
f 1090/1090/1090 1092/1092/1092 1087/1087/1087
f 1012/1012/1012 1066/1066/1066 1013/1013/1013
f 1068/1068/1068 1012/1012/1012 1023/1023/1023
f 1091/1091/1091 1093/1093/1093 1088/1088/1088
f 1092/1092/1092 1089/1089/1089 1087/1087/1087
f 1078/1078/1078 1088/1088/1088 1094/1094/1094
f 1095/1095/1095 1088/1088/1088 1093/1093/1093
f 1096/1096/1096 339/339/339 340/340/340
f 1096/1096/1096 346/346/346 339/339/339
f 1027/1027/1027 1016/1016/1016 1073/1073/1073
f 1097/1097/1097 1096/1096/1096 340/340/340
f 341/341/341 1097/1097/1097 340/340/340
f 1027/1027/1027 1073/1073/1073 1098/1098/1098
f 1098/1098/1098 1036/1036/1036 1027/1027/1027
f 1092/1092/1092 1099/1099/1099 1089/1089/1089
f 1098/1098/1098 1073/1073/1073 1078/1078/1078
f 1100/1100/1100 343/343/343 344/344/344
f 1075/1075/1075 857/857/857 865/865/865
f 1101/1101/1101 344/344/344 325/325/325
f 1036/1036/1036 1098/1098/1098 1102/1102/1102
f 1103/1103/1103 753/753/753 1076/1076/1076
f 1103/1103/1103 759/759/759 753/753/753
f 1104/1104/1104 1105/1105/1105 1106/1106/1106
f 1098/1098/1098 1078/1078/1078 1102/1102/1102
f 1102/1102/1102 1078/1078/1078 1094/1094/1094
f 1106/1106/1106 1105/1105/1105 1107/1107/1107
f 1100/1100/1100 344/344/344 1101/1101/1101
f 325/325/325 717/717/717 1101/1101/1101
f 1108/1108/1108 1101/1101/1101 717/717/717
f 1076/1076/1076 1075/1075/1075 865/865/865
f 1109/1109/1109 1076/1076/1076 865/865/865
f 1088/1088/1088 1095/1095/1095 1094/1094/1094
f 1103/1103/1103 1076/1076/1076 1109/1109/1109
f 1109/1109/1109 1110/1110/1110 1103/1103/1103
f 1111/1111/1111 1105/1105/1105 1112/1112/1112
f 1097/1097/1097 341/341/341 343/343/343
f 1113/1113/1113 1097/1097/1097 343/343/343
f 1102/1102/1102 1094/1094/1094 1114/1114/1114
f 1113/1113/1113 343/343/343 1100/1100/1100
f 1115/1115/1115 865/865/865 864/864/864
f 865/865/865 1115/1115/1115 1109/1109/1109
f 1103/1103/1103 1116/1116/1116 759/759/759
f 1116/1116/1116 760/760/760 759/759/759
f 1117/1117/1117 1113/1113/1113 1100/1100/1100
f 1117/1117/1117 1100/1100/1100 1101/1101/1101
f 760/760/760 1116/1116/1116 782/782/782
f 1118/1118/1118 1119/1119/1119 1120/1120/1120
f 1103/1103/1103 1121/1121/1121 1116/1116/1116
f 1102/1102/1102 1122/1122/1122 1036/1036/1036
f 1123/1123/1123 1103/1103/1103 1110/1110/1110
f 1123/1123/1123 1121/1121/1121 1103/1103/1103
f 824/824/824 1106/1106/1106 1107/1107/1107
f 782/782/782 1116/1116/1116 1121/1121/1121
f 830/830/830 1106/1106/1106 824/824/824
f 1124/1124/1124 1049/1049/1049 1036/1036/1036
f 1125/1125/1125 1101/1101/1101 1108/1108/1108
f 866/866/866 1115/1115/1115 864/864/864
f 1125/1125/1125 1108/1108/1108 1126/1126/1126
f 1127/1127/1127 1126/1126/1126 1108/1108/1108
f 1128/1128/1128 1115/1115/1115 866/866/866
f 1036/1036/1036 858/858/858 1124/1124/1124
f 1129/1129/1129 1115/1115/1115 1128/1128/1128
f 1109/1109/1109 1115/1115/1115 1129/1129/1129
f 1036/1036/1036 1130/1130/1130 858/858/858
f 1129/1129/1129 1110/1110/1110 1109/1109/1109
f 1128/1128/1128 866/866/866 873/873/873
f 1128/1128/1128 873/873/873 882/882/882
f 1131/1131/1131 1128/1128/1128 882/882/882
f 1131/1131/1131 1132/1132/1132 1128/1128/1128
f 1133/1133/1133 1105/1105/1105 1104/1104/1104
f 1129/1129/1129 1128/1128/1128 1132/1132/1132
f 1122/1122/1122 1134/1134/1134 1036/1036/1036
f 1135/1135/1135 1104/1104/1104 1106/1106/1106
f 1136/1136/1136 1129/1129/1129 1132/1132/1132
f 1137/1137/1137 948/948/948 1000/1000/1000
f 1036/1036/1036 1134/1134/1134 1130/1130/1130
f 1137/1137/1137 1000/1000/1000 983/983/983
f 1138/1138/1138 1139/1139/1139 1112/1112/1112
f 1140/1140/1140 1123/1123/1123 1110/1110/1110
f 1141/1141/1141 1121/1121/1121 1123/1123/1123
f 1141/1141/1141 1142/1142/1142 1121/1121/1121
f 1122/1122/1122 1102/1102/1102 1114/1114/1114
f 1114/1114/1114 1143/1143/1143 1122/1122/1122
f 1144/1144/1144 983/983/983 1022/1022/1022
f 1140/1140/1140 1110/1110/1110 1129/1129/1129
f 1144/1144/1144 1022/1022/1022 1079/1079/1079
f 1138/1138/1138 1112/1112/1112 1133/1133/1133
f 1137/1137/1137 983/983/983 1144/1144/1144
f 1134/1134/1134 1122/1122/1122 1145/1145/1145
f 1129/1129/1129 1136/1136/1136 1140/1140/1140
f 1143/1143/1143 1145/1145/1145 1122/1122/1122
f 1146/1146/1146 1140/1140/1140 1136/1136/1136
f 1123/1123/1123 1140/1140/1140 1141/1141/1141
f 1147/1147/1147 1137/1137/1137 1144/1144/1144
f 1141/1141/1141 1140/1140/1140 1146/1146/1146
f 1146/1146/1146 1148/1148/1148 1141/1141/1141
f 1149/1149/1149 1118/1118/1118 1120/1120/1120
f 1150/1150/1150 1145/1145/1145 1151/1151/1151
f 1135/1135/1135 1133/1133/1133 1104/1104/1104
f 1152/1152/1152 1150/1150/1150 1151/1151/1151
f 1153/1153/1153 783/783/783 782/782/782
f 1149/1149/1149 1133/1133/1133 1135/1135/1135
f 783/783/783 1153/1153/1153 792/792/792
f 881/881/881 858/858/858 1130/1130/1130
f 1138/1138/1138 1120/1120/1120 1139/1139/1139
f 782/782/782 1142/1142/1142 1153/1153/1153
f 1130/1130/1130 896/896/896 881/881/881
f 1142/1142/1142 782/782/782 1121/1121/1121
f 948/948/948 1137/1137/1137 1154/1154/1154
f 1119/1119/1119 1155/1155/1155 1120/1120/1120
f 792/792/792 1153/1153/1153 1142/1142/1142
f 896/896/896 1134/1134/1134 1145/1145/1145
f 1156/1156/1156 948/948/948 1154/1154/1154
f 896/896/896 1130/1130/1130 1134/1134/1134
f 1120/1120/1120 1138/1138/1138 1133/1133/1133
f 1156/1156/1156 1154/1154/1154 1157/1157/1157
f 1149/1149/1149 1120/1120/1120 1133/1133/1133
f 1154/1154/1154 1137/1137/1137 1147/1147/1147
f 1133/1133/1133 1112/1112/1112 1105/1105/1105
f 1150/1150/1150 896/896/896 1145/1145/1145
f 1158/1158/1158 1157/1157/1157 1154/1154/1154
f 1152/1152/1152 1159/1159/1159 1150/1150/1150
f 1154/1154/1154 1147/1147/1147 1158/1158/1158
f 1150/1150/1150 897/897/897 896/896/896
f 809/809/809 948/948/948 1156/1156/1156
f 1150/1150/1150 894/894/894 897/897/897
f 1150/1150/1150 1159/1159/1159 900/900/900
f 1159/1159/1159 1160/1160/1160 900/900/900
f 894/894/894 1150/1150/1150 900/900/900
f 1160/1160/1160 901/901/901 900/900/900
f 784/784/784 792/792/792 790/790/790
f 909/909/909 907/907/907 1161/1161/1161
f 792/792/792 1162/1162/1162 790/790/790
f 958/958/958 911/911/911 909/909/909
f 809/809/809 1156/1156/1156 1157/1157/1157
f 1163/1163/1163 1157/1157/1157 1158/1158/1158
f 809/809/809 1157/1157/1157 1163/1163/1163
f 980/980/980 952/952/952 993/993/993
f 1164/1164/1164 809/809/809 1163/1163/1163
f 1090/1090/1090 1165/1165/1165 1092/1092/1092
f 1019/1019/1019 979/979/979 980/980/980
f 1166/1166/1166 790/790/790 1162/1162/1162
f 791/791/791 790/790/790 1166/1166/1166
f 1167/1167/1167 791/791/791 1166/1166/1166
f 1168/1168/1168 1144/1144/1144 1079/1079/1079
f 1169/1169/1169 1023/1023/1023 1019/1019/1019
f 1163/1163/1163 1147/1147/1147 1144/1144/1144
f 1144/1144/1144 1170/1170/1170 1163/1163/1163
f 1170/1170/1170 1144/1144/1144 1168/1168/1168
f 1171/1171/1171 1080/1080/1080 1004/1004/1004
f 1080/1080/1080 1171/1171/1171 1091/1091/1091
f 1169/1169/1169 1019/1019/1019 980/980/980
f 1169/1169/1169 1172/1172/1172 1023/1023/1023
f 1093/1093/1093 1091/1091/1091 1171/1171/1171
f 993/993/993 968/968/968 1173/1173/1173
f 1169/1169/1169 993/993/993 1173/1173/1173
f 1174/1174/1174 1099/1099/1099 1092/1092/1092
f 1174/1174/1174 1092/1092/1092 1165/1165/1165
f 1164/1164/1164 1163/1163/1163 1175/1175/1175
f 1163/1163/1163 1158/1158/1158 1147/1147/1147
f 1004/1004/1004 1008/1008/1008 1171/1171/1171
f 1171/1171/1171 1008/1008/1008 1176/1176/1176
f 1093/1093/1093 1171/1171/1171 1176/1176/1176
f 1175/1175/1175 1163/1163/1163 1170/1170/1170
f 980/980/980 993/993/993 1169/1169/1169
f 1177/1177/1177 791/791/791 1167/1167/1167
f 1178/1178/1178 1175/1175/1175 1170/1170/1170
f 791/791/791 1177/1177/1177 1090/1090/1090
f 1112/1112/1112 1179/1179/1179 1111/1111/1111
f 1177/1177/1177 1165/1165/1165 1090/1090/1090
f 1180/1180/1180 1093/1093/1093 1176/1176/1176
f 346/346/346 1181/1181/1181 1082/1082/1082
f 1182/1182/1182 1082/1082/1082 1181/1181/1181
f 1181/1181/1181 346/346/346 1096/1096/1096
f 1182/1182/1182 1031/1031/1031 1082/1082/1082
f 1183/1183/1183 1008/1008/1008 1001/1001/1001
f 792/792/792 1142/1142/1142 1184/1184/1184
f 1142/1142/1142 1141/1141/1141 1184/1184/1184
f 1184/1184/1184 1162/1162/1162 792/792/792
f 1185/1185/1185 1079/1079/1079 1070/1070/1070
f 1186/1186/1186 1166/1166/1166 1162/1162/1162
f 1187/1187/1187 1070/1070/1070 1031/1031/1031
f 1185/1185/1185 1070/1070/1070 1187/1187/1187
f 1183/1183/1183 1001/1001/1001 1020/1020/1020
f 1186/1186/1186 1162/1162/1162 1184/1184/1184
f 1176/1176/1176 1008/1008/1008 1183/1183/1183
f 1186/1186/1186 1188/1188/1188 1166/1166/1166
f 1141/1141/1141 1148/1148/1148 1184/1184/1184
f 1189/1189/1189 1176/1176/1176 1183/1183/1183
f 1186/1186/1186 1184/1184/1184 1148/1148/1148
f 1188/1188/1188 1186/1186/1186 1148/1148/1148
f 1181/1181/1181 1096/1096/1096 1190/1190/1190
f 1190/1190/1190 1191/1191/1191 1181/1181/1181
f 1190/1190/1190 1192/1192/1192 1191/1191/1191
f 1148/1148/1148 1146/1146/1146 1193/1193/1193
f 1168/1168/1168 1079/1079/1079 1185/1185/1185
f 1193/1193/1193 1194/1194/1194 1148/1148/1148
f 1194/1194/1194 1188/1188/1188 1148/1148/1148
f 1189/1189/1189 1180/1180/1180 1176/1176/1176
f 1168/1168/1168 1195/1195/1195 1170/1170/1170
f 1168/1168/1168 1185/1185/1185 1195/1195/1195
f 1195/1195/1195 1185/1185/1185 1187/1187/1187
f 1170/1170/1170 1195/1195/1195 1178/1178/1178
f 1196/1196/1196 1178/1178/1178 1195/1195/1195
f 1189/1189/1189 1183/1183/1183 1197/1197/1197
f 1020/1020/1020 1197/1197/1197 1183/1183/1183
f 990/990/990 1179/1179/1179 1139/1139/1139
f 1139/1139/1139 1179/1179/1179 1112/1112/1112
f 1139/1139/1139 1198/1198/1198 990/990/990
f 1189/1189/1189 1197/1197/1197 1199/1199/1199
f 988/988/988 990/990/990 1198/1198/1198
f 1167/1167/1167 1200/1200/1200 1177/1177/1177
f 1188/1188/1188 1167/1167/1167 1166/1166/1166
f 1201/1201/1201 1187/1187/1187 1031/1031/1031
f 1182/1182/1182 1201/1201/1201 1031/1031/1031
f 1114/1114/1114 1094/1094/1094 1095/1095/1095
f 1167/1167/1167 1202/1202/1202 1200/1200/1200
f 1177/1177/1177 1200/1200/1200 1165/1165/1165
f 1095/1095/1095 1203/1203/1203 1114/1114/1114
f 1093/1093/1093 1180/1180/1180 1095/1095/1095
f 1204/1204/1204 969/969/969 971/971/971
f 1188/1188/1188 1202/1202/1202 1167/1167/1167
f 1180/1180/1180 1205/1205/1205 1095/1095/1095
f 1182/1182/1182 1181/1181/1181 1206/1206/1206
f 1206/1206/1206 1181/1181/1181 1207/1207/1207
f 1181/1181/1181 1191/1191/1191 1207/1207/1207
f 1205/1205/1205 1180/1180/1180 1208/1208/1208
f 1209/1209/1209 1203/1203/1203 1095/1095/1095
f 1210/1210/1210 1211/1211/1211 1165/1165/1165
f 1204/1204/1204 988/988/988 1212/1212/1212
f 1213/1213/1213 1204/1204/1204 1212/1212/1212
f 1209/1209/1209 1095/1095/1095 1205/1205/1205
f 1214/1214/1214 1207/1207/1207 1191/1191/1191
f 1097/1097/1097 1190/1190/1190 1096/1096/1096
f 1215/1215/1215 1216/1216/1216 1205/1205/1205
f 1097/1097/1097 1113/1113/1113 1190/1190/1190
f 1180/1180/1180 1189/1189/1189 1217/1217/1217
f 1218/1218/1218 1219/1219/1219 1220/1220/1220
f 1219/1219/1219 1218/1218/1218 1221/1221/1221
f 1222/1222/1222 1119/1119/1119 1218/1218/1218
f 1200/1200/1200 1202/1202/1202 1223/1223/1223
f 1218/1218/1218 1224/1224/1224 1222/1222/1222
f 1180/1180/1180 1217/1217/1217 1208/1208/1208
f 1210/1210/1210 1165/1165/1165 1200/1200/1200
f 1225/1225/1225 1208/1208/1208 1217/1217/1217
f 1223/1223/1223 795/795/795 1200/1200/1200
f 1068/1068/1068 1084/1084/1084 1067/1067/1067
f 1200/1200/1200 795/795/795 1210/1210/1210
f 1190/1190/1190 1113/1113/1113 1192/1192/1192
f 1225/1225/1225 1217/1217/1217 1189/1189/1189
f 795/795/795 817/817/817 1210/1210/1210
f 1084/1084/1084 1068/1068/1068 1226/1226/1226
f 1215/1215/1215 1205/1205/1205 1208/1208/1208
f 1113/1113/1113 1227/1227/1227 1192/1192/1192
f 1227/1227/1227 1113/1113/1113 1117/1117/1117
f 1143/1143/1143 1114/1114/1114 1203/1203/1203
f 1143/1143/1143 1203/1203/1203 1209/1209/1209
f 1213/1213/1213 1212/1212/1212 1222/1222/1222
f 1125/1125/1125 1117/1117/1117 1101/1101/1101
f 1228/1228/1228 1209/1209/1209 1205/1205/1205
f 1229/1229/1229 1209/1209/1209 1228/1228/1228
f 1228/1228/1228 1205/1205/1205 1216/1216/1216
f 1228/1228/1228 1216/1216/1216 1230/1230/1230
f 1216/1216/1216 1231/1231/1231 1230/1230/1230
f 1155/1155/1155 1119/1119/1119 1212/1212/1212
f 1212/1212/1212 1119/1119/1119 1222/1222/1222
f 1175/1175/1175 809/809/809 1164/1164/1164
f 947/947/947 809/809/809 1175/1175/1175
f 1225/1225/1225 1189/1189/1189 1199/1199/1199
f 1232/1232/1232 1125/1125/1125 1126/1126/1126
f 1213/1213/1213 1222/1222/1222 1224/1224/1224
f 1232/1232/1232 1117/1117/1117 1125/1125/1125
f 1232/1232/1232 1227/1227/1227 1117/1117/1117
f 947/947/947 1175/1175/1175 1233/1233/1233
f 1225/1225/1225 1234/1234/1234 1208/1208/1208
f 1068/1068/1068 1023/1023/1023 1172/1172/1172
f 1233/1233/1233 797/797/797 947/947/947
f 1235/1235/1235 1126/1126/1126 1127/1127/1127
f 1208/1208/1208 1236/1236/1236 1215/1215/1215
f 1216/1216/1216 1215/1215/1215 1236/1236/1236
f 1235/1235/1235 1232/1232/1232 1126/1126/1126
f 1237/1237/1237 797/797/797 1238/1238/1238
f 1233/1233/1233 1238/1238/1238 797/797/797
f 1239/1239/1239 1226/1226/1226 1068/1068/1068
f 1172/1172/1172 1239/1239/1239 1068/1068/1068
f 1178/1178/1178 1233/1233/1233 1175/1175/1175
f 1236/1236/1236 1240/1240/1240 1231/1231/1231
f 1231/1231/1231 1216/1216/1216 1236/1236/1236
f 1233/1233/1233 1178/1178/1178 1196/1196/1196
f 1241/1241/1241 1242/1242/1242 1231/1231/1231
f 1192/1192/1192 1214/1214/1214 1191/1191/1191
f 1173/1173/1173 1172/1172/1172 1169/1169/1169
f 1192/1192/1192 1227/1227/1227 1214/1214/1214
f 1236/1236/1236 1208/1208/1208 1234/1234/1234
f 1227/1227/1227 1243/1243/1243 1214/1214/1214
f 1237/1237/1237 956/956/956 797/797/797
f 1236/1236/1236 1234/1234/1234 1244/1244/1244
f 1239/1239/1239 1172/1172/1172 1173/1173/1173
f 1227/1227/1227 1232/1232/1232 1245/1245/1245
f 1240/1240/1240 1244/1244/1244 1246/1246/1246
f 1233/1233/1233 1196/1196/1196 1187/1187/1187
f 1246/1246/1246 1244/1244/1244 1247/1247/1247
f 1244/1244/1244 1240/1240/1240 1236/1236/1236
f 1195/1195/1195 1187/1187/1187 1196/1196/1196
f 1187/1187/1187 1248/1248/1248 1233/1233/1233
f 1238/1238/1238 1233/1233/1233 1248/1248/1248
f 1240/1240/1240 1241/1241/1241 1231/1231/1231
f 1249/1249/1249 1241/1241/1241 1240/1240/1240
f 1250/1250/1250 1249/1249/1249 1251/1251/1251
f 1252/1252/1252 1250/1250/1250 1251/1251/1251
f 1240/1240/1240 1251/1251/1251 1249/1249/1249
f 1227/1227/1227 1245/1245/1245 1243/1243/1243
f 1252/1252/1252 1253/1253/1253 1250/1250/1250
f 1253/1253/1253 1252/1252/1252 1254/1254/1254
f 1243/1243/1243 1245/1245/1245 1255/1255/1255
f 1251/1251/1251 1240/1240/1240 1246/1246/1246
f 1248/1248/1248 1187/1187/1187 1201/1201/1201
f 1256/1256/1256 1246/1246/1246 1257/1257/1257
f 1246/1246/1246 1256/1256/1256 1252/1252/1252
f 1246/1246/1246 1252/1252/1252 1251/1251/1251
f 1248/1248/1248 1201/1201/1201 1258/1258/1258
f 1259/1259/1259 1232/1232/1232 1235/1235/1235
f 1235/1235/1235 1260/1260/1260 1259/1259/1259
f 984/984/984 1237/1237/1237 1238/1238/1238
f 1020/1020/1020 1063/1063/1063 1197/1197/1197
f 971/971/971 988/988/988 1204/1204/1204
f 956/956/956 1237/1237/1237 984/984/984
f 1212/1212/1212 988/988/988 1198/1198/1198
f 1212/1212/1212 1198/1198/1198 1155/1155/1155
f 1260/1260/1260 1261/1261/1261 1259/1259/1259
f 985/985/985 984/984/984 1262/1262/1262
f 985/985/985 1262/1262/1262 1263/1263/1263
f 984/984/984 1238/1238/1238 1264/1264/1264
f 1259/1259/1259 1261/1261/1261 1265/1265/1265
f 984/984/984 1264/1264/1264 1262/1262/1262
f 1245/1245/1245 1232/1232/1232 1259/1259/1259
f 1248/1248/1248 1264/1264/1264 1238/1238/1238
f 1030/1030/1030 1056/1056/1056 1063/1063/1063
f 1264/1264/1264 1248/1248/1248 1262/1262/1262
f 1139/1139/1139 1155/1155/1155 1198/1198/1198
f 1266/1266/1266 1197/1197/1197 1063/1063/1063
f 1262/1262/1262 1248/1248/1248 1258/1258/1258
f 1259/1259/1259 1267/1267/1267 1245/1245/1245
f 1155/1155/1155 1139/1139/1139 1120/1120/1120
f 1266/1266/1266 1063/1063/1063 1056/1056/1056
f 1266/1266/1266 1056/1056/1056 1268/1268/1268
f 1269/1269/1269 1262/1262/1262 1258/1258/1258
f 907/907/907 899/899/899 901/901/901
f 1263/1263/1263 1262/1262/1262 1269/1269/1269
f 1270/1270/1270 919/919/919 920/920/920
f 762/762/762 763/763/763 785/785/785
f 1271/1271/1271 918/918/918 919/919/919
f 949/949/949 918/918/918 1271/1271/1271
f 1272/1272/1272 1271/1271/1271 919/919/919
f 1272/1272/1272 919/919/919 1270/1270/1270
f 785/785/785 763/763/763 1273/1273/1273
f 1266/1266/1266 1199/1199/1199 1197/1197/1197
f 1258/1258/1258 1201/1201/1201 1182/1182/1182
f 763/763/763 879/879/879 1273/1273/1273
f 1274/1274/1274 879/879/879 884/884/884
f 957/957/957 950/950/950 949/949/949
f 957/957/957 949/949/949 1271/1271/1271
f 1273/1273/1273 879/879/879 1274/1274/1274
f 1206/1206/1206 1258/1258/1258 1182/1182/1182
f 1272/1272/1272 1275/1275/1275 1271/1271/1271
f 1276/1276/1276 1272/1272/1272 1270/1270/1270
f 951/951/951 957/957/957 955/955/955
f 1277/1277/1277 955/955/955 957/957/957
f 1278/1278/1278 1258/1258/1258 1206/1206/1206
f 1278/1278/1278 1206/1206/1206 1207/1207/1207
f 957/957/957 1271/1271/1271 1279/1279/1279
f 1279/1279/1279 1271/1271/1271 1275/1275/1275
f 1207/1207/1207 1280/1280/1280 1278/1278/1278
f 1214/1214/1214 1280/1280/1280 1207/1207/1207
f 1214/1214/1214 1243/1243/1243 1280/1280/1280
f 1276/1276/1276 1275/1275/1275 1272/1272/1272
f 1281/1281/1281 1279/1279/1279 1275/1275/1275
f 1282/1282/1282 1199/1199/1199 1266/1266/1266
f 957/957/957 1279/1279/1279 1283/1283/1283
f 1284/1284/1284 1278/1278/1278 1280/1280/1280
f 1279/1279/1279 1285/1285/1285 1283/1283/1283
f 1286/1286/1286 785/785/785 1273/1273/1273
f 1275/1275/1275 1276/1276/1276 1287/1287/1287
f 1287/1287/1287 1281/1281/1281 1275/1275/1275
f 1288/1288/1288 1280/1280/1280 1243/1243/1243
f 1286/1286/1286 1273/1273/1273 856/856/856
f 1266/1266/1266 995/995/995 1282/1282/1282
f 1285/1285/1285 1279/1279/1279 1289/1289/1289
f 1289/1289/1289 1279/1279/1279 1281/1281/1281
f 1266/1266/1266 1268/1268/1268 995/995/995
f 1290/1290/1290 1281/1281/1281 1287/1287/1287
f 1290/1290/1290 1291/1291/1291 1281/1281/1281
f 1292/1292/1292 1269/1269/1269 1258/1258/1258
f 1278/1278/1278 1292/1292/1292 1258/1258/1258
f 787/787/787 741/741/741 785/785/785
f 787/787/787 785/785/785 1286/1286/1286
f 1293/1293/1293 1294/1294/1294 1295/1295/1295
f 1278/1278/1278 1296/1296/1296 1292/1292/1292
f 1291/1291/1291 1297/1297/1297 1289/1289/1289
f 1289/1289/1289 1281/1281/1281 1291/1291/1291
f 1284/1284/1284 1296/1296/1296 1278/1278/1278
f 1298/1298/1298 1299/1299/1299 1300/1300/1300
f 1300/1300/1300 1299/1299/1299 1294/1294/1294
f 1293/1293/1293 1300/1300/1300 1294/1294/1294
f 1284/1284/1284 1280/1280/1280 1288/1288/1288
f 1288/1288/1288 1301/1301/1301 1284/1284/1284
f 1284/1284/1284 1301/1301/1301 1302/1302/1302
f 895/895/895 1303/1303/1303 884/884/884
f 967/967/967 965/965/965 964/964/964
f 960/960/960 964/964/964 916/916/916
f 1302/1302/1302 1296/1296/1296 1284/1284/1284
f 912/912/912 936/936/936 799/799/799
f 912/912/912 902/902/902 936/936/936
f 1304/1304/1304 959/959/959 958/958/958
f 936/936/936 804/804/804 799/799/799
f 1305/1305/1305 895/895/895 912/912/912
f 1305/1305/1305 912/912/912 799/799/799
f 1304/1304/1304 960/960/960 959/959/959
f 1303/1303/1303 895/895/895 1305/1305/1305
f 1026/1026/1026 985/985/985 1263/1263/1263
f 1268/1268/1268 1056/1056/1056 886/886/886
f 1274/1274/1274 884/884/884 1303/1303/1303
f 1304/1304/1304 1306/1306/1306 960/960/960
f 1274/1274/1274 1303/1303/1303 822/822/822
f 1268/1268/1268 886/886/886 997/997/997
f 1307/1307/1307 964/964/964 960/960/960
f 996/996/996 1268/1268/1268 997/997/997
f 996/996/996 995/995/995 1268/1268/1268
f 1308/1308/1308 1225/1225/1225 1199/1199/1199
f 1309/1309/1309 885/885/885 1263/1263/1263
f 1263/1263/1263 1269/1269/1269 1309/1309/1309
f 1199/1199/1199 1282/1282/1282 1308/1308/1308
f 1269/1269/1269 1292/1292/1292 1309/1309/1309
f 1234/1234/1234 1225/1225/1225 1308/1308/1308
f 967/967/967 1270/1270/1270 920/920/920
f 1310/1310/1310 1234/1234/1234 1308/1308/1308
f 967/967/967 1311/1311/1311 1270/1270/1270
f 1244/1244/1244 1234/1234/1234 1247/1247/1247
f 1247/1247/1247 1234/1234/1234 1310/1310/1310
f 838/838/838 1309/1309/1309 1292/1292/1292
f 1310/1310/1310 1308/1308/1308 1282/1282/1282
f 1247/1247/1247 1310/1310/1310 1034/1034/1034
f 1263/1263/1263 885/885/885 1026/1026/1026
f 1033/1033/1033 1034/1034/1034 1310/1310/1310
f 1312/1312/1312 1313/1313/1313 1311/1311/1311
f 1276/1276/1276 1270/1270/1270 1311/1311/1311
f 855/855/855 787/787/787 1286/1286/1286
f 1282/1282/1282 995/995/995 1028/1028/1028
f 855/855/855 1286/1286/1286 856/856/856
f 1282/1282/1282 1028/1028/1028 1033/1033/1033
f 789/789/789 787/787/787 855/855/855
f 838/838/838 1292/1292/1292 836/836/836
f 1033/1033/1033 1310/1310/1310 1282/1282/1282
f 838/838/838 885/885/885 1309/1309/1309
f 857/857/857 789/789/789 855/855/855
f 1313/1313/1313 1276/1276/1276 1311/1311/1311
f 1314/1314/1314 1276/1276/1276 1313/1313/1313
f 1315/1315/1315 1287/1287/1287 1276/1276/1276
f 1292/1292/1292 1296/1296/1296 836/836/836
f 832/832/832 856/856/856 1273/1273/1273
f 832/832/832 1273/1273/1273 1274/1274/1274
f 836/836/836 1296/1296/1296 1316/1316/1316
f 1317/1317/1317 1254/1254/1254 1252/1252/1252
f 1318/1318/1318 1315/1315/1315 1276/1276/1276
f 1316/1316/1316 1296/1296/1296 1302/1302/1302
f 1246/1246/1246 1247/1247/1247 1048/1048/1048
f 837/837/837 836/836/836 1316/1316/1316
f 1048/1048/1048 1257/1257/1257 1246/1246/1246
f 1247/1247/1247 1034/1034/1034 1048/1048/1048
f 1314/1314/1314 1318/1318/1318 1276/1276/1276
f 1302/1302/1302 869/869/869 1316/1316/1316
f 869/869/869 1302/1302/1302 1319/1319/1319
f 1312/1312/1312 967/967/967 964/964/964
f 1274/1274/1274 822/822/822 832/832/832
f 1320/1320/1320 1317/1317/1317 1256/1256/1256
f 1321/1321/1321 1320/1320/1320 1256/1256/1256
f 1256/1256/1256 1317/1317/1317 1252/1252/1252
f 1316/1316/1316 871/871/871 837/837/837
f 967/967/967 1312/1312/1312 1311/1311/1311
f 1254/1254/1254 1317/1317/1317 1322/1322/1322
f 1322/1322/1322 1317/1317/1317 1320/1320/1320
f 856/856/856 832/832/832 850/850/850
f 1316/1316/1316 869/869/869 871/871/871
f 1307/1307/1307 1312/1312/1312 964/964/964
f 1257/1257/1257 1321/1321/1321 1256/1256/1256
f 1257/1257/1257 1048/1048/1048 1041/1041/1041
f 1322/1322/1322 1320/1320/1320 1044/1044/1044
f 1312/1312/1312 1307/1307/1307 1323/1323/1323
f 1321/1321/1321 1257/1257/1257 1041/1041/1041
f 1321/1321/1321 1041/1041/1041 1043/1043/1043
f 1321/1321/1321 1044/1044/1044 1320/1320/1320
f 1044/1044/1044 1321/1321/1321 1043/1043/1043
f 850/850/850 832/832/832 851/851/851
f 833/833/833 851/851/851 832/832/832
f 1324/1324/1324 1322/1322/1322 1044/1044/1044
f 1288/1288/1288 1243/1243/1243 1255/1255/1255
f 1053/1053/1053 1324/1324/1324 1044/1044/1044
f 1325/1325/1325 1326/1326/1326 1327/1327/1327
f 1301/1301/1301 1288/1288/1288 1255/1255/1255
f 1328/1328/1328 1329/1329/1329 1327/1327/1327
f 1302/1302/1302 1301/1301/1301 1319/1319/1319
f 1327/1327/1327 1329/1329/1329 1325/1325/1325
f 1314/1314/1314 1330/1330/1330 1318/1318/1318
f 1331/1331/1331 1330/1330/1330 1314/1314/1314
f 804/804/804 936/936/936 810/810/810
f 1301/1301/1301 1255/1255/1255 1332/1332/1332
f 1330/1330/1330 1315/1315/1315 1318/1318/1318
f 1330/1330/1330 1333/1333/1333 1315/1315/1315
f 1332/1332/1332 1255/1255/1255 1267/1267/1267
f 1328/1328/1328 1334/1334/1334 1329/1329/1329
f 1333/1333/1333 1330/1330/1330 1335/1335/1335
f 1301/1301/1301 1332/1332/1332 802/802/802
f 810/810/810 936/936/936 811/811/811
f 1336/1336/1336 1337/1337/1337 1338/1338/1338
f 1151/1151/1151 1143/1143/1143 1229/1229/1229
f 1339/1339/1339 1338/1338/1338 1335/1335/1335
f 1229/1229/1229 1143/1143/1143 1209/1209/1209
f 1338/1338/1338 1339/1339/1339 1336/1336/1336
f 823/823/823 1303/1303/1303 1305/1305/1305
f 1151/1151/1151 1229/1229/1229 1228/1228/1228
f 1340/1340/1340 1151/1151/1151 1228/1228/1228
f 823/823/823 822/822/822 1303/1303/1303
f 1145/1145/1145 1143/1143/1143 1151/1151/1151
f 1341/1341/1341 1342/1342/1342 1343/1343/1343
f 1343/1343/1343 1342/1342/1342 1344/1344/1344
f 798/798/798 1305/1305/1305 799/799/799
f 1341/1341/1341 1343/1343/1343 1345/1345/1345
f 805/805/805 807/807/807 1265/1265/1265
f 1346/1346/1346 1347/1347/1347 1343/1343/1343
f 1344/1344/1344 1348/1348/1348 1343/1343/1343
f 1305/1305/1305 813/813/813 818/818/818
f 1305/1305/1305 798/798/798 813/813/813
f 1159/1159/1159 1152/1152/1152 1349/1349/1349
f 1255/1255/1255 1245/1245/1245 1267/1267/1267
f 1343/1343/1343 1348/1348/1348 1346/1346/1346
f 823/823/823 1305/1305/1305 818/818/818
f 1152/1152/1152 1151/1151/1151 1349/1349/1349
f 1349/1349/1349 1151/1151/1151 1340/1340/1340
f 1340/1340/1340 1350/1350/1350 1349/1349/1349
f 1350/1350/1350 1340/1340/1340 1351/1351/1351
f 1352/1352/1352 1353/1353/1353 1354/1354/1354
f 1355/1355/1355 1353/1353/1353 1352/1352/1352
f 1230/1230/1230 1356/1356/1356 1228/1228/1228
f 1259/1259/1259 1265/1265/1265 1267/1267/1267
f 1231/1231/1231 1242/1242/1242 1230/1230/1230
f 1228/1228/1228 1356/1356/1356 1340/1340/1340
f 806/806/806 1332/1332/1332 1267/1267/1267
f 1331/1331/1331 1357/1357/1357 1330/1330/1330
f 1230/1230/1230 1242/1242/1242 1358/1358/1358
f 1356/1356/1356 1230/1230/1230 1358/1358/1358
f 806/806/806 802/802/802 1332/1332/1332
f 1359/1359/1359 1331/1331/1331 1345/1345/1345
f 1357/1357/1357 1331/1331/1331 1359/1359/1359
f 1358/1358/1358 1360/1360/1360 1356/1356/1356
f 1359/1359/1359 1345/1345/1345 1347/1347/1347
f 807/807/807 806/806/806 1267/1267/1267
f 1265/1265/1265 807/807/807 1267/1267/1267
f 1357/1357/1357 1335/1335/1335 1330/1330/1330
f 1352/1352/1352 1354/1354/1354 1361/1361/1361
f 1361/1361/1361 1354/1354/1354 1358/1358/1358
f 1327/1327/1327 1326/1326/1326 1352/1352/1352
f 1353/1353/1353 1360/1360/1360 1354/1354/1354
f 1358/1358/1358 1354/1354/1354 1360/1360/1360
f 1351/1351/1351 1340/1340/1340 1356/1356/1356
f 1351/1351/1351 1356/1356/1356 1360/1360/1360
f 1360/1360/1360 1353/1353/1353 1351/1351/1351
f 1301/1301/1301 1362/1362/1362 1319/1319/1319
f 1362/1362/1362 1363/1363/1363 1319/1319/1319
f 1364/1364/1364 1159/1159/1159 1350/1350/1350
f 1343/1343/1343 1347/1347/1347 1345/1345/1345
f 1159/1159/1159 1349/1349/1349 1350/1350/1350
f 1350/1350/1350 1351/1351/1351 1353/1353/1353
f 1350/1350/1350 1353/1353/1353 1364/1364/1364
f 1362/1362/1362 1301/1301/1301 802/802/802
f 1359/1359/1359 1347/1347/1347 1365/1365/1365
f 1335/1335/1335 1357/1357/1357 1359/1359/1359
f 1359/1359/1359 1339/1339/1339 1335/1335/1335
f 1359/1359/1359 1365/1365/1365 1339/1339/1339
f 801/801/801 1362/1362/1362 802/802/802
f 869/869/869 1319/1319/1319 1363/1363/1363
f 1363/1363/1363 870/870/870 869/869/869
f 870/870/870 1363/1363/1363 938/938/938
f 1053/1053/1053 1366/1366/1366 1324/1324/1324
f 1362/1362/1362 801/801/801 815/815/815
f 1053/1053/1053 1055/1055/1055 1367/1367/1367
f 1363/1363/1363 1362/1362/1362 938/938/938
f 815/815/815 938/938/938 1362/1362/1362
f 1352/1352/1352 1368/1368/1368 1369/1369/1369
f 1369/1369/1369 1355/1355/1355 1352/1352/1352
f 1368/1368/1368 1352/1352/1352 1326/1326/1326
f 1355/1355/1355 1161/1161/1161 1353/1353/1353
f 1161/1161/1161 1160/1160/1160 1364/1364/1364
f 1161/1161/1161 1364/1364/1364 1353/1353/1353
f 806/806/806 803/803/803 802/802/802
f 1065/1065/1065 1062/1062/1062 1370/1370/1370
f 1371/1371/1371 1065/1065/1065 1372/1372/1372
f 1064/1064/1064 1065/1065/1065 1371/1371/1371
f 1060/1060/1060 1064/1064/1064 1373/1373/1373
f 1374/1374/1374 1060/1060/1060 1373/1373/1373
f 907/907/907 1160/1160/1160 1161/1161/1161
f 1160/1160/1160 1159/1159/1159 1364/1364/1364
f 907/907/907 901/901/901 1160/1160/1160
f 1367/1367/1367 1055/1055/1055 1060/1060/1060
f 1161/1161/1161 1355/1355/1355 1375/1375/1375
f 1367/1367/1367 1060/1060/1060 1376/1376/1376
f 1377/1377/1377 1060/1060/1060 1374/1374/1374
f 1376/1376/1376 1060/1060/1060 1377/1377/1377
f 958/958/958 909/909/909 1161/1161/1161
f 1366/1366/1366 1053/1053/1053 1367/1367/1367
f 1250/1250/1250 1378/1378/1378 1361/1361/1361
f 1361/1361/1361 1242/1242/1242 1250/1250/1250
f 1379/1379/1379 1366/1366/1366 1367/1367/1367
f 1327/1327/1327 1352/1352/1352 1361/1361/1361
f 1358/1358/1358 1242/1242/1242 1361/1361/1361
f 1378/1378/1378 1327/1327/1327 1361/1361/1361
f 1250/1250/1250 1242/1242/1242 1249/1249/1249
f 1241/1241/1241 1249/1249/1249 1242/1242/1242
f 1380/1380/1380 1376/1376/1376 1377/1377/1377
f 1327/1327/1327 1378/1378/1378 1328/1328/1328
f 1328/1328/1328 1378/1378/1378 1253/1253/1253
f 1378/1378/1378 1250/1250/1250 1253/1253/1253
f 1381/1381/1381 1382/1382/1382 1379/1379/1379
f 1383/1383/1383 1379/1379/1379 1367/1367/1367
f 1383/1383/1383 1381/1381/1381 1379/1379/1379
f 1381/1381/1381 1383/1383/1383 1384/1384/1384
f 1383/1383/1383 1367/1367/1367 1376/1376/1376
f 1383/1383/1383 1376/1376/1376 1380/1380/1380
f 1328/1328/1328 1253/1253/1253 1334/1334/1334
f 1372/1372/1372 1370/1370/1370 1385/1385/1385
f 1372/1372/1372 1385/1385/1385 1373/1373/1373
f 1072/1072/1072 1370/1370/1370 1058/1058/1058
f 1385/1385/1385 1370/1370/1370 1072/1072/1072
f 1385/1385/1385 1072/1072/1072 1386/1386/1386
f 1387/1387/1387 1334/1334/1334 1253/1253/1253
f 1370/1370/1370 1372/1372/1372 1065/1065/1065
f 1370/1370/1370 1062/1062/1062 1058/1058/1058
f 1373/1373/1373 1064/1064/1064 1371/1371/1371
f 1373/1373/1373 1371/1371/1371 1372/1372/1372
f 1325/1325/1325 1388/1388/1388 1368/1368/1368
f 1389/1389/1389 1388/1388/1388 1325/1325/1325
f 1368/1368/1368 1326/1326/1326 1325/1325/1325
f 1083/1083/1083 1072/1072/1072 1069/1069/1069
f 1390/1390/1390 1373/1373/1373 1385/1385/1385
f 1374/1374/1374 1373/1373/1373 1390/1390/1390
f 1374/1374/1374 1390/1390/1390 1391/1391/1391
f 1329/1329/1329 1389/1389/1389 1325/1325/1325
f 1334/1334/1334 1392/1392/1392 1329/1329/1329
f 1389/1389/1389 1329/1329/1329 1392/1392/1392
f 1392/1392/1392 1393/1393/1393 1389/1389/1389
f 1393/1393/1393 1394/1394/1394 1389/1389/1389
f 1072/1072/1072 1395/1395/1395 1386/1386/1386
f 1396/1396/1396 1397/1397/1397 1398/1398/1398
f 1399/1399/1399 1396/1396/1396 1398/1398/1398
f 1400/1400/1400 1401/1401/1401 1402/1402/1402
f 1403/1403/1403 1401/1401/1401 1400/1400/1400
f 1404/1404/1404 1401/1401/1401 1405/1405/1405
f 1404/1404/1404 1402/1402/1402 1401/1401/1401
f 1399/1399/1399 1398/1398/1398 1406/1406/1406
f 1399/1399/1399 1406/1406/1406 1407/1407/1407
f 1405/1405/1405 1401/1401/1401 1408/1408/1408
f 1405/1405/1405 1408/1408/1408 1409/1409/1409
f 1410/1410/1410 1385/1385/1385 1386/1386/1386
f 1391/1391/1391 1390/1390/1390 1410/1410/1410
f 1410/1410/1410 1390/1390/1390 1385/1385/1385
f 1411/1411/1411 1399/1399/1399 1407/1407/1407
f 1412/1412/1412 1405/1405/1405 1409/1409/1409
f 1413/1413/1413 1407/1407/1407 1414/1414/1414
f 1294/1294/1294 1406/1406/1406 1398/1398/1398
f 1295/1295/1295 1398/1398/1398 1415/1415/1415
f 1397/1397/1397 1415/1415/1415 1398/1398/1398
f 1299/1299/1299 1407/1407/1407 1406/1406/1406
f 1299/1299/1299 1406/1406/1406 1294/1294/1294
f 1295/1295/1295 1294/1294/1294 1398/1398/1398
f 1407/1407/1407 1299/1299/1299 1298/1298/1298
f 1369/1369/1369 1375/1375/1375 1355/1355/1355
f 1337/1337/1337 1407/1407/1407 1298/1298/1298
f 1416/1416/1416 1374/1374/1374 1391/1391/1391
f 1377/1377/1377 1374/1374/1374 1416/1416/1416
f 1417/1417/1417 1369/1369/1369 1388/1388/1388
f 1388/1388/1388 1369/1369/1369 1368/1368/1368
f 1417/1417/1417 1388/1388/1388 1389/1389/1389
f 1416/1416/1416 1380/1380/1380 1377/1377/1377
f 1418/1418/1418 1417/1417/1417 1419/1419/1419
f 1420/1420/1420 1161/1161/1161 1375/1375/1375
f 1337/1337/1337 1414/1414/1414 1407/1407/1407
f 1420/1420/1420 958/958/958 1161/1161/1161
f 1421/1421/1421 1413/1413/1413 1414/1414/1414
f 1422/1422/1422 958/958/958 1420/1420/1420
f 1337/1337/1337 1421/1421/1421 1414/1414/1414
f 1417/1417/1417 1375/1375/1375 1369/1369/1369
f 1423/1423/1423 1375/1375/1375 1417/1417/1417
f 1424/1424/1424 1375/1375/1375 1425/1425/1425
f 1423/1423/1423 1425/1425/1425 1375/1375/1375
f 1424/1424/1424 1420/1420/1420 1375/1375/1375
f 1426/1426/1426 1413/1413/1413 1421/1421/1421
f 1427/1427/1427 1428/1428/1428 1429/1429/1429
f 1418/1418/1418 1423/1423/1423 1417/1417/1417
f 1429/1429/1429 1430/1430/1430 1431/1431/1431
f 1381/1381/1381 1431/1431/1431 1430/1430/1430
f 1432/1432/1432 1423/1423/1423 1418/1418/1418
f 1384/1384/1384 1431/1431/1431 1381/1381/1381
f 1433/1433/1433 1418/1418/1418 1419/1419/1419
f 1434/1434/1434 1418/1418/1418 1433/1433/1433
f 1435/1435/1435 1429/1429/1429 1431/1431/1431
f 1418/1418/1418 1434/1434/1434 1432/1432/1432
f 1427/1427/1427 1429/1429/1429 1435/1435/1435
f 1436/1436/1436 1423/1423/1423 1437/1437/1437
f 1425/1425/1425 1423/1423/1423 1436/1436/1436
f 1438/1438/1438 1439/1439/1439 1427/1427/1427
f 1432/1432/1432 1437/1437/1437 1423/1423/1423
f 1438/1438/1438 1427/1427/1427 1440/1440/1440
f 1436/1436/1436 1437/1437/1437 1441/1441/1441
f 1435/1435/1435 1440/1440/1440 1427/1427/1427
f 1442/1442/1442 1440/1440/1440 1435/1435/1435
f 1443/1443/1443 1432/1432/1432 1434/1434/1434
f 1437/1437/1437 1432/1432/1432 1443/1443/1443
f 1441/1441/1441 1437/1437/1437 1443/1443/1443
f 1444/1444/1444 1431/1431/1431 1384/1384/1384
f 1442/1442/1442 1445/1445/1445 1440/1440/1440
f 1442/1442/1442 1435/1435/1435 1431/1431/1431
f 1442/1442/1442 1431/1431/1431 1444/1444/1444
f 1445/1445/1445 1442/1442/1442 1444/1444/1444
f 1422/1422/1422 1420/1420/1420 1424/1424/1424
f 1424/1424/1424 1446/1446/1446 1422/1422/1422
f 1445/1445/1445 1444/1444/1444 1447/1447/1447
f 1304/1304/1304 958/958/958 1422/1422/1422
f 1422/1422/1422 1306/1306/1306 1304/1304/1304
f 1439/1439/1439 1448/1448/1448 1449/1449/1449
f 1448/1448/1448 1439/1439/1439 1438/1438/1438
f 1419/1419/1419 1389/1389/1389 1394/1394/1394
f 1419/1419/1419 1394/1394/1394 1450/1450/1450
f 1417/1417/1417 1389/1389/1389 1419/1419/1419
f 1438/1438/1438 1440/1440/1440 1451/1451/1451
f 1433/1433/1433 1419/1419/1419 1450/1450/1450
f 1452/1452/1452 1448/1448/1448 1438/1438/1438
f 1433/1433/1433 1450/1450/1450 1453/1453/1453
f 1453/1453/1453 1454/1454/1454 1433/1433/1433
f 1394/1394/1394 1393/1393/1393 1455/1455/1455
f 1456/1456/1456 1455/1455/1455 1457/1457/1457
f 1455/1455/1455 1450/1450/1450 1394/1394/1394
f 1453/1453/1453 1450/1450/1450 1455/1455/1455
f 1458/1458/1458 1454/1454/1454 1453/1453/1453
f 1451/1451/1451 1440/1440/1440 1445/1445/1445
f 1455/1455/1455 1456/1456/1456 1453/1453/1453
f 1453/1453/1453 1456/1456/1456 1459/1459/1459
f 1458/1458/1458 1453/1453/1453 1459/1459/1459
f 1460/1460/1460 1438/1438/1438 1451/1451/1451
f 1452/1452/1452 1438/1438/1438 1460/1460/1460
f 1459/1459/1459 1456/1456/1456 1461/1461/1461
f 1462/1462/1462 1445/1445/1445 1447/1447/1447
f 1445/1445/1445 1462/1462/1462 1451/1451/1451
f 1451/1451/1451 1462/1462/1462 1463/1463/1463
f 1464/1464/1464 1434/1434/1434 1433/1433/1433
f 1464/1464/1464 1433/1433/1433 1454/1454/1454
f 1460/1460/1460 1451/1451/1451 1463/1463/1463
f 1464/1464/1464 1454/1454/1454 1465/1465/1465
f 1466/1466/1466 1467/1467/1467 1468/1468/1468
f 1469/1469/1469 1470/1470/1470 1471/1471/1471
f 1472/1472/1472 1460/1460/1460 1463/1463/1463
f 1472/1472/1472 1473/1473/1473 1460/1460/1460
f 1469/1469/1469 1471/1471/1471 1465/1465/1465
f 1473/1473/1473 1472/1472/1472 1474/1474/1474
f 1469/1469/1469 1465/1465/1465 1400/1400/1400
f 1443/1443/1443 1434/1434/1434 1464/1464/1464
f 1471/1471/1471 1443/1443/1443 1464/1464/1464
f 1470/1470/1470 1443/1443/1443 1471/1471/1471
f 1384/1384/1384 1383/1383/1383 1380/1380/1380
f 1471/1471/1471 1464/1464/1464 1465/1465/1465
f 1475/1475/1475 1476/1476/1476 1448/1448/1448
f 1477/1477/1477 1476/1476/1476 1475/1475/1475
f 1465/1465/1465 1454/1454/1454 1458/1458/1458
f 1478/1478/1478 1479/1479/1479 1480/1480/1480
f 1465/1465/1465 1458/1458/1458 1481/1481/1481
f 1458/1458/1458 1459/1459/1459 1481/1481/1481
f 1481/1481/1481 1459/1459/1459 1482/1482/1482
f 1475/1475/1475 1452/1452/1452 1477/1477/1477
f 1481/1481/1481 1403/1403/1403 1465/1465/1465
f 1478/1478/1478 1477/1477/1477 1483/1483/1483
f 1452/1452/1452 1475/1475/1475 1448/1448/1448
f 1483/1483/1483 1477/1477/1477 1452/1452/1452
f 1400/1400/1400 1465/1465/1465 1403/1403/1403
f 1484/1484/1484 1485/1485/1485 1486/1486/1486
f 1479/1479/1479 1478/1478/1478 1483/1483/1483
f 1483/1483/1483 1452/1452/1452 1473/1473/1473
f 1487/1487/1487 1479/1479/1479 1483/1483/1483
f 1473/1473/1473 1452/1452/1452 1460/1460/1460
f 1392/1392/1392 1334/1334/1334 1387/1387/1387
f 1253/1253/1253 1254/1254/1254 1387/1387/1387
f 1473/1473/1473 1487/1487/1487 1483/1483/1483
f 1487/1487/1487 1473/1473/1473 1474/1474/1474
f 1447/1447/1447 1444/1444/1444 1488/1488/1488
f 1489/1489/1489 1380/1380/1380 1416/1416/1416
f 1384/1384/1384 1380/1380/1380 1489/1489/1489
f 1391/1391/1391 1490/1490/1490 1416/1416/1416
f 1489/1489/1489 1416/1416/1416 1490/1490/1490
f 1387/1387/1387 1254/1254/1254 1491/1491/1491
f 1444/1444/1444 1384/1384/1384 1492/1492/1492
f 1489/1489/1489 1492/1492/1492 1384/1384/1384
f 1491/1491/1491 1254/1254/1254 1322/1322/1322
f 1490/1490/1490 1492/1492/1492 1489/1489/1489
f 1493/1493/1493 1491/1491/1491 1322/1322/1322
f 1444/1444/1444 1492/1492/1492 1488/1488/1488
f 1494/1494/1494 1421/1421/1421 1337/1337/1337
f 1324/1324/1324 1493/1493/1493 1322/1322/1322
f 1495/1495/1495 1496/1496/1496 1494/1494/1494
f 1336/1336/1336 1494/1494/1494 1337/1337/1337
f 1366/1366/1366 1493/1493/1493 1324/1324/1324
f 1494/1494/1494 1426/1426/1426 1421/1421/1421
f 1494/1494/1494 1496/1496/1496 1426/1426/1426
f 1387/1387/1387 1491/1491/1491 1497/1497/1497
f 1498/1498/1498 1466/1466/1466 1499/1499/1499
f 1466/1466/1466 1498/1498/1498 1467/1467/1467
f 1500/1500/1500 1467/1467/1467 1498/1498/1498
f 1498/1498/1498 1501/1501/1501 1347/1347/1347
f 1392/1392/1392 1387/1387/1387 1497/1497/1497
f 1497/1497/1497 1393/1393/1393 1392/1392/1392
f 1499/1499/1499 1501/1501/1501 1498/1498/1498
f 1502/1502/1502 1393/1393/1393 1497/1497/1497
f 1365/1365/1365 1501/1501/1501 1496/1496/1496
f 1503/1503/1503 1457/1457/1457 1393/1393/1393
f 1467/1467/1467 1500/1500/1500 1504/1504/1504
f 1468/1468/1468 1467/1467/1467 1504/1504/1504
f 1502/1502/1502 1491/1491/1491 1493/1493/1493
f 1500/1500/1500 1498/1498/1498 1346/1346/1346
f 1502/1502/1502 1497/1497/1497 1491/1491/1491
f 1347/1347/1347 1346/1346/1346 1498/1498/1498
f 1500/1500/1500 1346/1346/1346 1348/1348/1348
f 1503/1503/1503 1393/1393/1393 1502/1502/1502
f 1457/1457/1457 1503/1503/1503 1430/1430/1430
f 1365/1365/1365 1347/1347/1347 1501/1501/1501
f 1382/1382/1382 1493/1493/1493 1366/1366/1366
f 1495/1495/1495 1365/1365/1365 1496/1496/1496
f 1430/1430/1430 1503/1503/1503 1381/1381/1381
f 1382/1382/1382 1502/1502/1502 1493/1493/1493
f 1336/1336/1336 1365/1365/1365 1495/1495/1495
f 1382/1382/1382 1503/1503/1503 1502/1502/1502
f 1365/1365/1365 1336/1336/1336 1339/1339/1339
f 1336/1336/1336 1495/1495/1495 1494/1494/1494
f 1366/1366/1366 1379/1379/1379 1382/1382/1382
f 1381/1381/1381 1503/1503/1503 1382/1382/1382
f 982/982/982 992/992/992 981/981/981
f 992/992/992 982/982/982 1505/1505/1505
f 1409/1409/1409 1506/1506/1506 1507/1507/1507
f 1505/1505/1505 1508/1508/1508 1509/1509/1509
f 1401/1401/1401 1510/1510/1510 1408/1408/1408
f 1403/1403/1403 1510/1510/1510 1401/1401/1401
f 1511/1511/1511 1506/1506/1506 1510/1510/1510
f 1510/1510/1510 1403/1403/1403 1511/1511/1511
f 1510/1510/1510 1506/1506/1506 1408/1408/1408
f 1507/1507/1507 1506/1506/1506 1511/1511/1511
f 1409/1409/1409 1507/1507/1507 1512/1512/1512
f 987/987/987 992/992/992 1135/1135/1135
f 1409/1409/1409 1408/1408/1408 1506/1506/1506
f 1512/1512/1512 1412/1412/1412 1409/1409/1409
f 1457/1457/1457 1455/1455/1455 1393/1393/1393
f 1456/1456/1456 1457/1457/1457 1461/1461/1461
f 1461/1461/1461 1457/1457/1457 1513/1513/1513
f 1514/1514/1514 1461/1461/1461 1513/1513/1513
f 1482/1482/1482 1459/1459/1459 1461/1461/1461
f 1515/1515/1515 992/992/992 1509/1509/1509
f 1505/1505/1505 1509/1509/1509 992/992/992
f 1514/1514/1514 1482/1482/1482 1461/1461/1461
f 1516/1516/1516 1482/1482/1482 1514/1514/1514
f 1430/1430/1430 1513/1513/1513 1457/1457/1457
f 1515/1515/1515 1509/1509/1509 1517/1517/1517
f 1428/1428/1428 1513/1513/1513 1430/1430/1430
f 1508/1508/1508 1517/1517/1517 1509/1509/1509
f 1513/1513/1513 1428/1428/1428 1514/1514/1514
f 955/955/955 982/982/982 954/954/954
f 1514/1514/1514 1428/1428/1428 1518/1518/1518
f 1428/1428/1428 1430/1430/1430 1429/1429/1429
f 955/955/955 1505/1505/1505 982/982/982
f 955/955/955 1277/1277/1277 1505/1505/1505
f 1518/1518/1518 1428/1428/1428 1427/1427/1427
f 1516/1516/1516 1514/1514/1514 1518/1518/1518
f 1277/1277/1277 957/957/957 1283/1283/1283
f 1439/1439/1439 1518/1518/1518 1427/1427/1427
f 1516/1516/1516 1518/1518/1518 1439/1439/1439
f 1482/1482/1482 1403/1403/1403 1481/1481/1481
f 1403/1403/1403 1482/1482/1482 1519/1519/1519
f 1283/1283/1283 1508/1508/1508 1505/1505/1505
f 1519/1519/1519 1511/1511/1511 1403/1403/1403
f 1283/1283/1283 1520/1520/1520 1508/1508/1508
f 1277/1277/1277 1283/1283/1283 1505/1505/1505
f 1516/1516/1516 1519/1519/1519 1482/1482/1482
f 1287/1287/1287 1315/1315/1315 1290/1290/1290
f 1508/1508/1508 1521/1521/1521 1517/1517/1517
f 1522/1522/1522 1521/1521/1521 1508/1508/1508
f 1412/1412/1412 1512/1512/1512 1485/1485/1485
f 1523/1523/1523 1522/1522/1522 1293/1293/1293
f 1507/1507/1507 1511/1511/1511 1524/1524/1524
f 1293/1293/1293 1295/1295/1295 1523/1523/1523
f 1525/1525/1525 1524/1524/1524 1511/1511/1511
f 1507/1507/1507 1524/1524/1524 1512/1512/1512
f 1512/1512/1512 1524/1524/1524 1526/1526/1526
f 1522/1522/1522 1523/1523/1523 1521/1521/1521
f 1511/1511/1511 1519/1519/1519 1525/1525/1525
f 1519/1519/1519 1516/1516/1516 1527/1527/1527
f 1527/1527/1527 1525/1525/1525 1519/1519/1519
f 1521/1521/1521 1523/1523/1523 1221/1221/1221
f 1526/1526/1526 1524/1524/1524 1525/1525/1525
f 1526/1526/1526 1528/1528/1528 1512/1512/1512
f 1528/1528/1528 1529/1529/1529 1512/1512/1512
f 1517/1517/1517 1118/1118/1118 1515/1515/1515
f 1119/1119/1119 1118/1118/1118 1521/1521/1521
f 1118/1118/1118 1517/1517/1517 1521/1521/1521
f 1527/1527/1527 1516/1516/1516 1439/1439/1439
f 1221/1221/1221 1119/1119/1119 1521/1521/1521
f 1527/1527/1527 1449/1449/1449 1525/1525/1525
f 1479/1479/1479 1529/1529/1529 1528/1528/1528
f 1480/1480/1480 1479/1479/1479 1528/1528/1528
f 1527/1527/1527 1439/1439/1439 1449/1449/1449
f 1449/1449/1449 1476/1476/1476 1525/1525/1525
f 1285/1285/1285 1289/1289/1289 1297/1297/1297
f 1448/1448/1448 1476/1476/1476 1449/1449/1449
f 1283/1283/1283 1285/1285/1285 1522/1522/1522
f 1285/1285/1285 1297/1297/1297 1293/1293/1293
f 1297/1297/1297 1291/1291/1291 1530/1530/1530
f 1522/1522/1522 1285/1285/1285 1293/1293/1293
f 1520/1520/1520 1283/1283/1283 1522/1522/1522
f 1522/1522/1522 1508/1508/1508 1520/1520/1520
f 1526/1526/1526 1525/1525/1525 1531/1531/1531
f 1528/1528/1528 1526/1526/1526 1531/1531/1531
f 1476/1476/1476 1531/1531/1531 1525/1525/1525
f 1528/1528/1528 1531/1531/1531 1480/1480/1480
f 1315/1315/1315 1333/1333/1333 1290/1290/1290
f 1476/1476/1476 1477/1477/1477 1531/1531/1531
f 1532/1532/1532 1291/1291/1291 1290/1290/1290
f 1532/1532/1532 1530/1530/1530 1291/1291/1291
f 1333/1333/1333 1532/1532/1532 1290/1290/1290
f 1333/1333/1333 1338/1338/1338 1532/1532/1532
f 1333/1333/1333 1335/1335/1335 1338/1338/1338
f 1531/1531/1531 1477/1477/1477 1478/1478/1478
f 1480/1480/1480 1531/1531/1531 1478/1478/1478
f 1293/1293/1293 1297/1297/1297 1300/1300/1300
f 1131/1131/1131 882/882/882 883/883/883
f 1530/1530/1530 1300/1300/1300 1297/1297/1297
f 1300/1300/1300 1530/1530/1530 1532/1532/1532
f 883/883/883 1011/1011/1011 1131/1131/1131
f 1532/1532/1532 1298/1298/1298 1300/1300/1300
f 1298/1298/1298 1532/1532/1532 1337/1337/1337
f 1338/1338/1338 1337/1337/1337 1532/1532/1532
f 1533/1533/1533 1131/1131/1131 1011/1011/1011
f 1132/1132/1132 1131/1131/1131 1136/1136/1136
f 1135/1135/1135 1106/1106/1106 830/830/830
f 987/987/987 1135/1135/1135 830/830/830
f 1533/1533/1533 1534/1534/1534 1131/1131/1131
f 1136/1136/1136 1131/1131/1131 1534/1534/1534
f 992/992/992 1515/1515/1515 1135/1135/1135
f 1533/1533/1533 1011/1011/1011 1017/1017/1017
f 1533/1533/1533 1017/1017/1017 1535/1535/1535
f 1135/1135/1135 1515/1515/1515 1118/1118/1118
f 1149/1149/1149 1135/1135/1135 1118/1118/1118
f 1021/1021/1021 1535/1535/1535 1017/1017/1017
f 1533/1533/1533 1536/1536/1536 1534/1534/1534
f 1533/1533/1533 1535/1535/1535 1537/1537/1537
f 1533/1533/1533 1537/1537/1537 1536/1536/1536
f 1219/1219/1219 1415/1415/1415 1397/1397/1397
f 1523/1523/1523 1415/1415/1415 1219/1219/1219
f 1523/1523/1523 1219/1219/1219 1221/1221/1221
f 1146/1146/1146 1136/1136/1136 1538/1538/1538
f 1219/1219/1219 1397/1397/1397 1220/1220/1220
f 1136/1136/1136 1534/1534/1534 1538/1538/1538
f 1218/1218/1218 1119/1119/1119 1221/1221/1221
f 1534/1534/1534 1539/1539/1539 1538/1538/1538
f 1523/1523/1523 1295/1295/1295 1415/1415/1415
f 1540/1540/1540 1541/1541/1541 1542/1542/1542
f 1541/1541/1541 1543/1543/1543 1402/1402/1402
f 1541/1541/1541 1404/1404/1404 1405/1405/1405
f 1405/1405/1405 1542/1542/1542 1541/1541/1541
f 1405/1405/1405 1412/1412/1412 1542/1542/1542
f 1541/1541/1541 1402/1402/1402 1404/1404/1404
f 1544/1544/1544 1146/1146/1146 1538/1538/1538
f 1539/1539/1539 1544/1544/1544 1538/1538/1538
f 1545/1545/1545 1446/1446/1446 1425/1425/1425
f 1446/1446/1446 1424/1424/1424 1425/1425/1425
f 1436/1436/1436 1546/1546/1546 1425/1425/1425
f 1544/1544/1544 1193/1193/1193 1146/1146/1146
f 1425/1425/1425 1546/1546/1546 1547/1547/1547
f 1546/1546/1546 1436/1436/1436 1441/1441/1441
f 1544/1544/1544 1548/1548/1548 1193/1193/1193
f 1549/1549/1549 1543/1543/1543 1540/1540/1540
f 1550/1550/1550 1549/1549/1549 1540/1540/1540
f 1536/1536/1536 1539/1539/1539 1534/1534/1534
f 1551/1551/1551 1550/1550/1550 1542/1542/1542
f 1552/1552/1552 1549/1549/1549 1441/1441/1441
f 1546/1546/1546 1441/1441/1441 1549/1549/1549
f 1550/1550/1550 1546/1546/1546 1549/1549/1549
f 1552/1552/1552 1543/1543/1543 1549/1549/1549
f 1441/1441/1441 1443/1443/1443 1552/1552/1552
f 1553/1553/1553 1536/1536/1536 1537/1537/1537
f 1552/1552/1552 1443/1443/1443 1470/1470/1470
f 1547/1547/1547 1546/1546/1546 1550/1550/1550
f 1553/1553/1553 1539/1539/1539 1536/1536/1536
f 1547/1547/1547 1550/1550/1550 1551/1551/1551
f 1554/1554/1554 1539/1539/1539 1553/1553/1553
f 1547/1547/1547 1545/1545/1545 1425/1425/1425
f 1555/1555/1555 1545/1545/1545 1547/1547/1547
f 1544/1544/1544 1539/1539/1539 1554/1554/1554
f 1545/1545/1545 1556/1556/1556 1446/1446/1446
f 1544/1544/1544 1557/1557/1557 1558/1558/1558
f 1557/1557/1557 1544/1544/1544 1554/1554/1554
f 1559/1559/1559 1422/1422/1422 1446/1446/1446
f 1559/1559/1559 1306/1306/1306 1422/1422/1422
f 1559/1559/1559 1446/1446/1446 1556/1556/1556
f 1556/1556/1556 1545/1545/1545 1555/1555/1555
f 1046/1046/1046 1560/1560/1560 1021/1021/1021
f 1560/1560/1560 1535/1535/1535 1021/1021/1021
f 1537/1537/1537 1535/1535/1535 1560/1560/1560
f 1560/1560/1560 1561/1561/1561 1537/1537/1537
f 1553/1553/1553 1537/1537/1537 1561/1561/1561
f 1556/1556/1556 1555/1555/1555 1562/1562/1562
f 1555/1555/1555 1547/1547/1547 1563/1563/1563
f 1551/1551/1551 1563/1563/1563 1547/1547/1547
f 1564/1564/1564 1046/1046/1046 1047/1047/1047
f 1540/1540/1540 1543/1543/1543 1541/1541/1541
f 1400/1400/1400 1402/1402/1402 1543/1543/1543
f 1543/1543/1543 1469/1469/1469 1400/1400/1400
f 1561/1561/1561 1560/1560/1560 1564/1564/1564
f 1469/1469/1469 1543/1543/1543 1552/1552/1552
f 1047/1047/1047 1565/1565/1565 1564/1564/1564
f 1564/1564/1564 1560/1560/1560 1046/1046/1046
f 1540/1540/1540 1542/1542/1542 1550/1550/1550
f 1542/1542/1542 1412/1412/1412 1551/1551/1551
f 1470/1470/1470 1469/1469/1469 1552/1552/1552
f 1047/1047/1047 1049/1049/1049 1124/1124/1124
f 1124/1124/1124 842/842/842 1047/1047/1047
f 842/842/842 1565/1565/1565 1047/1047/1047
f 1561/1561/1561 1564/1564/1564 1566/1566/1566
f 1565/1565/1565 841/841/841 1564/1564/1564
f 841/841/841 1566/1566/1566 1564/1564/1564
f 1565/1565/1565 842/842/842 841/841/841
f 1567/1567/1567 1551/1551/1551 1412/1412/1412
f 1554/1554/1554 1553/1553/1553 1561/1561/1561
f 1554/1554/1554 1561/1561/1561 1568/1568/1568
f 1569/1569/1569 1554/1554/1554 1568/1568/1568
f 1412/1412/1412 1485/1485/1485 1567/1567/1567
f 1554/1554/1554 1569/1569/1569 1557/1557/1557
f 1559/1559/1559 1556/1556/1556 1570/1570/1570
f 1570/1570/1570 1306/1306/1306 1559/1559/1559
f 1569/1569/1569 849/849/849 1557/1557/1557
f 1556/1556/1556 1562/1562/1562 1571/1571/1571
f 1570/1570/1570 1556/1556/1556 1571/1571/1571
f 1572/1572/1572 1573/1573/1573 1571/1571/1571
f 1307/1307/1307 960/960/960 1306/1306/1306
f 1570/1570/1570 1307/1307/1307 1306/1306/1306
f 1568/1568/1568 1561/1561/1561 1566/1566/1566
f 1573/1573/1573 1307/1307/1307 1570/1570/1570
f 845/845/845 1566/1566/1566 841/841/841
f 845/845/845 1568/1568/1568 1566/1566/1566
f 1323/1323/1323 1307/1307/1307 1573/1573/1573
f 1573/1573/1573 1570/1570/1570 1571/1571/1571
f 845/845/845 849/849/849 1568/1568/1568
f 1568/1568/1568 849/849/849 1569/1569/1569
f 1573/1573/1573 1574/1574/1574 1323/1323/1323
f 1575/1575/1575 1574/1574/1574 1573/1573/1573
f 1574/1574/1574 1576/1576/1576 1577/1577/1577
f 1575/1575/1575 1576/1576/1576 1574/1574/1574
f 1578/1578/1578 1579/1579/1579 1580/1580/1580
f 1580/1580/1580 1577/1577/1577 1581/1581/1581
f 1576/1576/1576 1581/1581/1581 1577/1577/1577
f 1578/1578/1578 1582/1582/1582 1579/1579/1579
f 1579/1579/1579 1582/1582/1582 1583/1583/1583
f 1584/1584/1584 1585/1585/1585 1581/1581/1581
f 1586/1586/1586 1342/1342/1342 1582/1582/1582
f 1587/1587/1587 1585/1585/1585 1588/1588/1588
f 1589/1589/1589 1581/1581/1581 1576/1576/1576
f 1584/1584/1584 1588/1588/1588 1585/1585/1585
f 1589/1589/1589 1584/1584/1584 1581/1581/1581
f 1590/1590/1590 1584/1584/1584 1589/1589/1589
f 1563/1563/1563 1571/1571/1571 1562/1562/1562
f 1562/1562/1562 1555/1555/1555 1563/1563/1563
f 858/858/858 842/842/842 1124/1124/1124
f 1563/1563/1563 1572/1572/1572 1571/1571/1571
f 1563/1563/1563 1591/1591/1591 1572/1572/1572
f 1548/1548/1548 1194/1194/1194 1193/1193/1193
f 1592/1592/1592 1591/1591/1591 1563/1563/1563
f 1563/1563/1563 1551/1551/1551 1592/1592/1592
f 1593/1593/1593 1194/1194/1194 1548/1548/1548
f 1593/1593/1593 1548/1548/1548 1594/1594/1594
f 1595/1595/1595 1573/1573/1573 1572/1572/1572
f 1595/1595/1595 1575/1575/1575 1573/1573/1573
f 1593/1593/1593 1188/1188/1188 1194/1194/1194
f 1572/1572/1572 1591/1591/1591 1595/1595/1595
f 1593/1593/1593 1202/1202/1202 1188/1188/1188
f 1576/1576/1576 1575/1575/1575 1589/1589/1589
f 1596/1596/1596 1589/1589/1589 1575/1575/1575
f 1597/1597/1597 1589/1589/1589 1596/1596/1596
f 1595/1595/1595 1596/1596/1596 1575/1575/1575
f 1595/1595/1595 1598/1598/1598 1596/1596/1596
f 1597/1597/1597 1590/1590/1590 1589/1589/1589
f 1599/1599/1599 1590/1590/1590 1597/1597/1597
f 1598/1598/1598 1597/1597/1597 1596/1596/1596
f 1598/1598/1598 1600/1600/1600 1597/1597/1597
f 1598/1598/1598 1592/1592/1592 1600/1600/1600
f 1591/1591/1591 1598/1598/1598 1595/1595/1595
f 1223/1223/1223 1593/1593/1593 1594/1594/1594
f 1592/1592/1592 1598/1598/1598 1591/1591/1591
f 1558/1558/1558 1548/1548/1548 1544/1544/1544
f 1558/1558/1558 1594/1594/1594 1548/1548/1548
f 1567/1567/1567 1592/1592/1592 1551/1551/1551
f 1594/1594/1594 1558/1558/1558 1557/1557/1557
f 1557/1557/1557 1601/1601/1601 1594/1594/1594
f 1602/1602/1602 1223/1223/1223 1594/1594/1594
f 1602/1602/1602 1594/1594/1594 1601/1601/1601
f 1590/1590/1590 1588/1588/1588 1584/1584/1584
f 849/849/849 1601/1601/1601 1557/1557/1557
f 1601/1601/1601 849/849/849 853/853/853
f 1313/1313/1313 1312/1312/1312 1323/1323/1323
f 1603/1603/1603 1313/1313/1313 1323/1323/1323
f 1323/1323/1323 1574/1574/1574 1577/1577/1577
f 1604/1604/1604 1577/1577/1577 1580/1580/1580
f 1323/1323/1323 1577/1577/1577 1604/1604/1604
f 1323/1323/1323 1604/1604/1604 1603/1603/1603
f 1341/1341/1341 1604/1604/1604 1580/1580/1580
f 1580/1580/1580 1579/1579/1579 1583/1583/1583
f 1342/1342/1342 1583/1583/1583 1582/1582/1582
f 1583/1583/1583 1341/1341/1341 1580/1580/1580
f 1331/1331/1331 1603/1603/1603 1604/1604/1604
f 1603/1603/1603 1314/1314/1314 1313/1313/1313
f 1314/1314/1314 1603/1603/1603 1331/1331/1331
f 1341/1341/1341 1331/1331/1331 1604/1604/1604
f 1593/1593/1593 1223/1223/1223 1202/1202/1202
f 1345/1345/1345 1331/1331/1331 1341/1341/1341
f 1605/1605/1605 1599/1599/1599 1597/1597/1597
f 1600/1600/1600 1606/1606/1606 1597/1597/1597
f 1597/1597/1597 1606/1606/1606 1605/1605/1605
f 1600/1600/1600 1592/1592/1592 1607/1607/1607
f 1342/1342/1342 1586/1586/1586 1608/1608/1608
f 1341/1341/1341 1583/1583/1583 1342/1342/1342
f 1342/1342/1342 1608/1608/1608 1344/1344/1344
f 1609/1609/1609 1344/1344/1344 1608/1608/1608
f 1588/1588/1588 1610/1610/1610 1587/1587/1587
f 1588/1588/1588 1590/1590/1590 1611/1611/1611
f 1610/1610/1610 1588/1588/1588 1612/1612/1612
f 1613/1613/1613 1612/1612/1612 1588/1588/1588
f 1611/1611/1611 1613/1613/1613 1588/1588/1588
f 1344/1344/1344 1609/1609/1609 1348/1348/1348
f 1609/1609/1609 1614/1614/1614 1348/1348/1348
f 1348/1348/1348 1615/1615/1615 1500/1500/1500
f 1614/1614/1614 1615/1615/1615 1348/1348/1348
f 1616/1616/1616 1615/1615/1615 1617/1617/1617
f 1618/1618/1618 1592/1592/1592 1567/1567/1567
f 1613/1613/1613 1619/1619/1619 1612/1612/1612
f 1613/1613/1613 1620/1620/1620 1621/1621/1621
f 1617/1617/1617 1615/1615/1615 1614/1614/1614
f 1619/1619/1619 1613/1613/1613 1622/1622/1622
f 1613/1613/1613 1621/1621/1621 1622/1622/1622
f 1223/1223/1223 796/796/796 795/795/795
f 1622/1622/1622 1621/1621/1621 1623/1623/1623
f 1624/1624/1624 1621/1621/1621 1625/1625/1625
f 1611/1611/1611 1590/1590/1590 1599/1599/1599
f 796/796/796 1223/1223/1223 1602/1602/1602
f 1599/1599/1599 1605/1605/1605 1611/1611/1611
f 1600/1600/1600 1607/1607/1607 1606/1606/1606
f 1626/1626/1626 1605/1605/1605 1606/1606/1606
f 1607/1607/1607 1626/1626/1626 1606/1606/1606
f 1613/1613/1613 1611/1611/1611 1605/1605/1605
f 1620/1620/1620 1613/1613/1613 1605/1605/1605
f 1627/1627/1627 1620/1620/1620 1605/1605/1605
f 1627/1627/1627 1605/1605/1605 1626/1626/1626
f 1618/1618/1618 1626/1626/1626 1607/1607/1607
f 1618/1618/1618 1627/1627/1627 1626/1626/1626
f 1592/1592/1592 1618/1618/1618 1607/1607/1607
f 1620/1620/1620 1627/1627/1627 1621/1621/1621
f 1627/1627/1627 1618/1618/1618 1625/1625/1625
f 1625/1625/1625 1618/1618/1618 1628/1628/1628
f 1625/1625/1625 1621/1621/1621 1627/1627/1627
f 824/824/824 1210/1210/1210 817/817/817
f 1485/1485/1485 1484/1484/1484 1629/1629/1629
f 1567/1567/1567 1485/1485/1485 1629/1629/1629
f 1616/1616/1616 1468/1468/1468 1504/1504/1504
f 1615/1615/1615 1504/1504/1504 1500/1500/1500
f 1616/1616/1616 1504/1504/1504 1615/1615/1615
f 972/972/972 1602/1602/1602 1601/1601/1601
f 1630/1630/1630 1623/1623/1623 1631/1631/1631
f 1624/1624/1624 1631/1631/1631 1623/1623/1623
f 1624/1624/1624 1632/1632/1632 1631/1631/1631
f 1622/1622/1622 1623/1623/1623 1630/1630/1630
f 1628/1628/1628 1618/1618/1618 1567/1567/1567
f 1633/1633/1633 1628/1628/1628 1567/1567/1567
f 796/796/796 1602/1602/1602 794/794/794
f 1616/1616/1616 1634/1634/1634 1468/1468/1468
f 1616/1616/1616 1635/1635/1635 1634/1634/1634
f 1634/1634/1634 1635/1635/1635 1636/1636/1636
f 1637/1637/1637 1487/1487/1487 1638/1638/1638
f 1638/1638/1638 1487/1487/1487 1474/1474/1474
f 1639/1639/1639 1636/1636/1636 1640/1640/1640
f 853/853/853 972/972/972 1601/1601/1601
f 1640/1640/1640 1636/1636/1636 1635/1635/1635
f 1641/1641/1641 1567/1567/1567 1629/1629/1629
f 1567/1567/1567 1641/1641/1641 1632/1632/1632
f 1633/1633/1633 1567/1567/1567 1632/1632/1632
f 1633/1633/1633 1632/1632/1632 1624/1624/1624
f 1624/1624/1624 1623/1623/1623 1621/1621/1621
f 1628/1628/1628 1624/1624/1624 1625/1625/1625
f 1628/1628/1628 1633/1633/1633 1624/1624/1624
f 794/794/794 1602/1602/1602 972/972/972
f 577/577/577 1642/1642/1642 578/578/578
f 771/771/771 575/575/575 767/767/767
f 752/752/752 575/575/575 529/529/529
f 1642/1642/1642 577/577/577 1643/1643/1643
f 460/460/460 1643/1643/1643 496/496/496
f 562/562/562 577/577/577 578/578/578
f 575/575/575 574/574/574 536/536/536
f 1644/1644/1644 578/578/578 1645/1645/1645
f 1643/1643/1643 460/460/460 576/576/576
f 577/577/577 496/496/496 1643/1643/1643
f 569/569/569 578/578/578 1644/1644/1644
f 1644/1644/1644 571/571/571 569/569/569
f 577/577/577 490/490/490 496/496/496
f 1643/1643/1643 779/779/779 781/781/781
f 775/775/775 779/779/779 1643/1643/1643
f 575/575/575 771/771/771 574/574/574
f 576/576/576 574/574/574 771/771/771
f 771/771/771 775/775/775 576/576/576
f 1642/1642/1642 781/781/781 1086/1086/1086
f 775/775/775 1643/1643/1643 576/576/576
f 780/780/780 1086/1086/1086 781/781/781
f 1086/1086/1086 1645/1645/1645 1642/1642/1642
f 1643/1643/1643 781/781/781 1642/1642/1642
f 1642/1642/1642 1645/1645/1645 578/578/578
f 571/571/571 1646/1646/1646 565/565/565
f 1647/1647/1647 1648/1648/1648 1649/1649/1649
f 571/571/571 1644/1644/1644 1646/1646/1646
f 682/682/682 565/565/565 1646/1646/1646
f 1650/1650/1650 1651/1651/1651 1652/1652/1652
f 1653/1653/1653 1654/1654/1654 1127/1127/1127
f 1654/1654/1654 1655/1655/1655 1127/1127/1127
f 1656/1656/1656 682/682/682 1646/1646/1646
f 682/682/682 1657/1657/1657 683/683/683
f 1654/1654/1654 1658/1658/1658 1655/1655/1655
f 1659/1659/1659 1660/1660/1660 1651/1651/1651
f 1659/1659/1659 1647/1647/1647 1660/1660/1660
f 1235/1235/1235 1127/1127/1127 1655/1655/1655
f 1656/1656/1656 1661/1661/1661 1662/1662/1662
f 1662/1662/1662 1663/1663/1663 1664/1664/1664
f 1646/1646/1646 1644/1644/1644 1645/1645/1645
f 1663/1663/1663 1665/1665/1665 1664/1664/1664
f 1665/1665/1665 1663/1663/1663 1666/1666/1666
f 1667/1667/1667 1648/1648/1648 1647/1647/1647
f 1659/1659/1659 1667/1667/1667 1647/1647/1647
f 1655/1655/1655 1261/1261/1261 1235/1235/1235
f 1668/1668/1668 1652/1652/1652 1651/1651/1651
f 1260/1260/1260 1235/1235/1235 1261/1261/1261
f 715/715/715 1669/1669/1669 714/714/714
f 1657/1657/1657 682/682/682 1656/1656/1656
f 1670/1670/1670 1655/1655/1655 1658/1658/1658
f 1655/1655/1655 1670/1670/1670 1671/1671/1671
f 1671/1671/1671 1261/1261/1261 1655/1655/1655
f 711/711/711 712/712/712 719/719/719
f 715/715/715 716/716/716 1669/1669/1669
f 1265/1265/1265 1261/1261/1261 1671/1671/1671
f 1670/1670/1670 1672/1672/1672 1671/1671/1671
f 1673/1673/1673 1670/1670/1670 1674/1674/1674
f 1675/1675/1675 1676/1676/1676 1677/1677/1677
f 1678/1678/1678 1676/1676/1676 1675/1675/1675
f 703/703/703 704/704/704 1660/1660/1660
f 1657/1657/1657 1664/1664/1664 704/704/704
f 1659/1659/1659 1651/1651/1651 1650/1650/1650
f 1650/1650/1650 1677/1677/1677 1659/1659/1659
f 1649/1649/1649 1679/1679/1679 697/697/697
f 704/704/704 1665/1665/1665 1660/1660/1660
f 1664/1664/1664 1665/1665/1665 704/704/704
f 1659/1659/1659 1677/1677/1677 1676/1676/1676
f 1678/1678/1678 1680/1680/1680 1676/1676/1676
f 1085/1085/1085 1681/1681/1681 1086/1086/1086
f 718/718/718 1654/1654/1654 716/716/716
f 1676/1676/1676 1667/1667/1667 1659/1659/1659
f 1667/1667/1667 1676/1676/1676 1682/1682/1682
f 1680/1680/1680 1682/1682/1682 1676/1676/1676
f 1683/1683/1683 718/718/718 719/719/719
f 718/718/718 1683/1683/1683 1684/1684/1684
f 1684/1684/1684 1683/1683/1683 1674/1674/1674
f 1674/1674/1674 1683/1683/1683 1685/1685/1685
f 1670/1670/1670 1673/1673/1673 1672/1672/1672
f 1657/1657/1657 704/704/704 683/683/683
f 1265/1265/1265 1671/1671/1671 1686/1686/1686
f 714/714/714 1653/1653/1653 717/717/717
f 1671/1671/1671 1687/1687/1687 1686/1686/1686
f 1687/1687/1687 1671/1671/1671 1672/1672/1672
f 1653/1653/1653 1108/1108/1108 717/717/717
f 805/805/805 1265/1265/1265 1686/1686/1686
f 1669/1669/1669 1653/1653/1653 714/714/714
f 1672/1672/1672 1673/1673/1673 1687/1687/1687
f 1669/1669/1669 1654/1654/1654 1653/1653/1653
f 716/716/716 1654/1654/1654 1669/1669/1669
f 1688/1688/1688 1689/1689/1689 1673/1673/1673
f 1127/1127/1127 1108/1108/1108 1653/1653/1653
f 1690/1690/1690 1646/1646/1646 1645/1645/1645
f 1691/1691/1691 1687/1687/1687 1673/1673/1673
f 1692/1692/1692 1687/1687/1687 1691/1691/1691
f 1085/1085/1085 1693/1693/1693 1681/1681/1681
f 805/805/805 1686/1686/1686 1694/1694/1694
f 1679/1679/1679 722/722/722 697/697/697
f 1085/1085/1085 1089/1089/1089 1695/1695/1695
f 1692/1692/1692 1694/1694/1694 1686/1686/1686
f 1696/1696/1696 1693/1693/1693 1085/1085/1085
f 1692/1692/1692 1686/1686/1686 1687/1687/1687
f 1690/1690/1690 1656/1656/1656 1646/1646/1646
f 720/720/720 1683/1683/1683 712/712/712
f 1683/1683/1683 720/720/720 1685/1685/1685
f 1691/1691/1691 1673/1673/1673 1689/1689/1689
f 1683/1683/1683 719/719/719 712/712/712
f 1695/1695/1695 1696/1696/1696 1085/1085/1085
f 1089/1089/1089 1099/1099/1099 1695/1695/1695
f 1649/1649/1649 697/697/697 703/703/703
f 1660/1660/1660 1649/1649/1649 703/703/703
f 1694/1694/1694 1692/1692/1692 826/826/826
f 1697/1697/1697 1698/1698/1698 1699/1699/1699
f 1700/1700/1700 826/826/826 1692/1692/1692
f 1698/1698/1698 1667/1667/1667 1682/1682/1682
f 1699/1699/1699 1698/1698/1698 1682/1682/1682
f 1665/1665/1665 1666/1666/1666 1668/1668/1668
f 826/826/826 805/805/805 1694/1694/1694
f 1660/1660/1660 1665/1665/1665 1668/1668/1668
f 1658/1658/1658 1654/1654/1654 718/718/718
f 1658/1658/1658 718/718/718 1684/1684/1684
f 1701/1701/1701 1678/1678/1678 1675/1675/1675
f 1645/1645/1645 1086/1086/1086 1690/1690/1690
f 1649/1649/1649 1660/1660/1660 1647/1647/1647
f 1649/1649/1649 1648/1648/1648 1679/1679/1679
f 1681/1681/1681 1690/1690/1690 1086/1086/1086
f 1681/1681/1681 1693/1693/1693 1690/1690/1690
f 1670/1670/1670 1658/1658/1658 1684/1684/1684
f 1684/1684/1684 1674/1674/1674 1670/1670/1670
f 1685/1685/1685 1688/1688/1688 1674/1674/1674
f 1674/1674/1674 1688/1688/1688 1673/1673/1673
f 1702/1702/1702 1703/1703/1703 1701/1701/1701
f 1656/1656/1656 1690/1690/1690 1693/1693/1693
f 1663/1663/1663 1652/1652/1652 1666/1666/1666
f 1663/1663/1663 1662/1662/1662 1652/1652/1652
f 1703/1703/1703 1702/1702/1702 1704/1704/1704
f 1661/1661/1661 1696/1696/1696 1662/1662/1662
f 1656/1656/1656 1693/1693/1693 1661/1661/1661
f 1652/1652/1652 1668/1668/1668 1666/1666/1666
f 1650/1650/1650 1662/1662/1662 1696/1696/1696
f 1701/1701/1701 1703/1703/1703 1678/1678/1678
f 1657/1657/1657 1656/1656/1656 1664/1664/1664
f 1703/1703/1703 1680/1680/1680 1678/1678/1678
f 1680/1680/1680 1703/1703/1703 1682/1682/1682
f 1650/1650/1650 1652/1652/1652 1662/1662/1662
f 1682/1682/1682 1703/1703/1703 1705/1705/1705
f 1696/1696/1696 1661/1661/1661 1693/1693/1693
f 1706/1706/1706 1703/1703/1703 1704/1704/1704
f 1662/1662/1662 1664/1664/1664 1656/1656/1656
f 1707/1707/1707 1706/1706/1706 1704/1704/1704
f 1706/1706/1706 1705/1705/1705 1703/1703/1703
f 1651/1651/1651 1660/1660/1660 1668/1668/1668
f 1708/1708/1708 1696/1696/1696 1695/1695/1695
f 1695/1695/1695 1099/1099/1099 1709/1709/1709
f 1709/1709/1709 1708/1708/1708 1695/1695/1695
f 1710/1710/1710 1709/1709/1709 1099/1099/1099
f 1107/1107/1107 1702/1702/1702 1711/1711/1711
f 1107/1107/1107 1704/1704/1704 1702/1702/1702
f 1650/1650/1650 1696/1696/1696 1708/1708/1708
f 1105/1105/1105 1704/1704/1704 1107/1107/1107
f 1677/1677/1677 1708/1708/1708 1709/1709/1709
f 1710/1710/1710 1677/1677/1677 1709/1709/1709
f 1675/1675/1675 1677/1677/1677 1710/1710/1710
f 1650/1650/1650 1708/1708/1708 1677/1677/1677
f 1105/1105/1105 1707/1707/1707 1704/1704/1704
f 1211/1211/1211 1174/1174/1174 1165/1165/1165
f 1111/1111/1111 1707/1707/1707 1105/1105/1105
f 1712/1712/1712 1099/1099/1099 1174/1174/1174
f 1712/1712/1712 1710/1710/1710 1099/1099/1099
f 1211/1211/1211 1712/1712/1712 1174/1174/1174
f 1111/1111/1111 1179/1179/1179 1707/1707/1707
f 1699/1699/1699 1713/1713/1713 1697/1697/1697
f 991/991/991 1713/1713/1713 1699/1699/1699
f 970/970/970 1713/1713/1713 991/991/991
f 1682/1682/1682 1705/1705/1705 1714/1714/1714
f 1715/1715/1715 1714/1714/1714 1705/1705/1705
f 1714/1714/1714 1699/1699/1699 1682/1682/1682
f 1699/1699/1699 1714/1714/1714 991/991/991
f 989/989/989 991/991/991 1714/1714/1714
f 1716/1716/1716 1712/1712/1712 1211/1211/1211
f 1716/1716/1716 1211/1211/1211 1210/1210/1210
f 1712/1712/1712 1675/1675/1675 1710/1710/1710
f 1706/1706/1706 1715/1715/1715 1705/1705/1705
f 963/963/963 828/828/828 826/826/826
f 1701/1701/1701 1675/1675/1675 1712/1712/1712
f 963/963/963 826/826/826 1700/1700/1700
f 971/971/971 970/970/970 991/991/991
f 1706/1706/1706 1707/1707/1707 1715/1715/1715
f 1712/1712/1712 1716/1716/1716 1711/1711/1711
f 990/990/990 1714/1714/1714 1715/1715/1715
f 1702/1702/1702 1701/1701/1701 1712/1712/1712
f 1712/1712/1712 1711/1711/1711 1702/1702/1702
f 1179/1179/1179 1715/1715/1715 1707/1707/1707
f 1179/1179/1179 990/990/990 1715/1715/1715
f 990/990/990 989/989/989 1714/1714/1714
f 1716/1716/1716 1210/1210/1210 1711/1711/1711
f 824/824/824 1711/1711/1711 1210/1210/1210
f 824/824/824 1107/1107/1107 1711/1711/1711
