mtllib 013_apple.mtl
o 013_apple
usemtl ycb_013_apple_material
v -0.000521000009 -0.0172470007 0.000837000029
v 0.00248600007 -0.0183259994 1.80000006e-05
v -0.00169900001 -0.0189159997 0.000638999976
v -0.00291400007 -0.0229470003 0.000666000007
v -0.0101300003 -0.0212999992 0.00118400005
v -0.00747699989 -0.0180760007 0.000952999981
v 0.002996 -0.0233939998 4.70000014e-05
v 0.000205000004 -0.0213879999 0.000279
v 0.00742499996 -0.0185800008 -0.000302
v -0.0241829995 -0.0135939997 0.0056830002
v -0.0219550002 -0.0150420005 0.00379900006
v -0.0246489998 -0.016539 0.00766699994
v -0.0221500006 -0.0187229998 0.00610399991
v -0.00804900005 -0.0358599983 0.0160029996
v -0.0079330001 -0.0345779993 0.0132149998
v -0.00299399998 -0.0364589989 0.0149219995
v 0.000207000005 -0.034421999 0.0100370003
v -0.000102999998 -0.0361220017 0.0133950002
v -0.00504200021 -0.0345799997 0.0116490005
v -0.0111029996 -0.034407001 0.0153480005
v -0.00267999992 -0.0403629988 0.0289340001
v -0.0046649999 -0.0403480008 0.0310890004
v -0.00901299994 -0.0390870012 0.0293879993
v -0.00701399986 -0.0401519984 0.0342070013
v -0.0086190002 -0.0398380011 0.0361469984
v -0.0260749999 -0.013212 0.00808400009
v -0.0260790009 -0.0168590005 0.0103789996
v 0.00341699994 -0.0358639993 0.0127579998
v -0.0107399998 -0.0376069993 0.0242250003
v -0.0138229998 -0.0362690017 0.0241749994
v -0.0139149996 -0.0347779989 0.0195530001
v -0.0165940002 -0.0342070013 0.0223750006
v -0.0101359999 -0.0365430005 0.0198379997
v 0.00138000003 -0.0371849984 0.0156640001
v -0.002354 -0.0382310003 0.0191680007
v 0.000632999989 -0.0381520018 0.0182729997
v -0.0124300001 -0.0218720008 0.00176000001
v -0.0156609993 -0.0180580001 0.00109699997
v -0.0122229997 -0.0238879994 0.00275300001
v -0.0164299998 -0.0188180003 0.00161200005
v -0.0227630008 -0.00704000005 0.00292799994
v -0.0238099992 -0.00303100003 0.00368400011
v -0.0212549996 -0.00269300002 0.00206000009
v -0.0243449993 -0.00999599975 0.0048179999
v -0.025014 -0.00494399993 0.00493900012
v -0.0260710008 -0.00785399973 0.006544
v -0.00589600019 -0.0390300006 0.0243580006
v -0.00127200002 -0.0398869999 0.0249879993
v -0.0134899998 -0.0169939995 0.000706000021
v -0.00993099995 -0.0186989997 0.000949000008
v -0.0200449992 -0.0185349993 0.00379400002
v -0.0177539997 -0.0214889999 0.00392000005
v -0.0265689995 -0.00911900029 0.00765499985
v -0.0188229997 -0.0219679996 0.00506500015
v -0.0224820003 -0.0323630013 0.0321240015
v -0.0207289997 -0.032763999 0.0275960006
v -0.0183729995 -0.0349689983 0.0302130003
v -0.00813800003 -0.0153940003 0.00119500002
v -0.0203750003 -0.0218519997 0.00661299983
v -0.0229870006 -0.0214419998 0.00959399994
v -0.00654300023 -0.023511 0.00130799995
v -0.00180500001 -0.0254590008 0.00125099998
v -0.00822899956 -0.0258440003 0.0027040001
v -0.0268179998 -0.00506399991 0.00705600018
v -0.0256650001 -0.00275400002 0.00549799995
v -0.0091040004 -0.0243769996 0.00216399995
v -0.0180430003 -0.0187040009 0.00233800011
v -0.0200089999 -0.0162630007 0.00277699996
v -0.0195799991 -0.0329539999 0.0252049994
v -0.0231410004 -0.0291189998 0.0230219997
v -0.0255960003 -0.0281559993 0.0277769994
v -0.0179990008 -0.0144710001 0.00106200005
v -0.0253020003 -0.0246200003 0.0187539998
v -0.0256919991 -0.0268370006 0.0248039998
v -0.0156929996 -0.0150539996 0.000614000019
v -0.0200180002 -0.0135599999 0.00180600001
v -0.0125829997 -0.0140199997 0.000592999975
v -0.0272940006 -0.0148689998 0.0114059998
v -0.0295369998 -0.0109869996 0.0138659999
v -0.0280799996 -0.00938399974 0.00996800046
v -0.0298870001 -0.00798800029 0.0131480005
v -0.00637099985 -0.0136230001 0.001834
v -0.00216099992 -0.0159259997 0.00145700003
v -0.0305679999 -0.0119329998 0.0171429999
v -0.00398899987 -0.0134800002 0.0023719999
v -0.0279559996 -0.0243299995 0.0259780008
v -0.0218669996 -0.0109700002 0.00268899999
v -0.0150490003 -0.0232950002 0.0035949999
v -0.0313090011 -0.00897500012 0.017159
v -0.0204210002 -0.00472000008 0.00171700004
v -0.0207100008 -0.00914099999 0.00174700003
v -0.0140469996 -0.00938799977 0.000568000018
v -0.018592 -0.0116640003 0.000996000017
v -0.011806 -0.0100440001 0.000704000005
v -0.0291159991 -0.0044300002 0.0107509997
v -0.0248649996 -0.0295770001 0.0301060006
v -0.00865400024 -0.0127630001 0.001407
v -0.0110069998 -0.00647799997 0.00144100003
v -0.00734600006 -0.0113129998 0.00222699996
v -0.00682300003 -0.00984799955 0.00296099996
v -0.0263640005 -0.000908999995 0.00666399999
v -0.0286289994 -0.00188700005 0.00989400037
v -0.00551400008 -0.010942 0.00320699997
v -0.00447400007 -0.0104700001 0.0039880001
v -0.0210369993 -0.0341619998 0.0361349992
v -0.00170000002 -0.0128070004 0.00321400003
v -0.0165660009 -0.0366640016 0.0338519998
v -0.0303910002 -0.00430000015 0.0134849995
v -0.0250770003 -0.0305400006 0.0352870002
v -0.0232730005 -0.0329560004 0.042456001
v 0.00141699996 -0.0265960004 0.00149000005
v -0.0309159998 -0.001299 0.0147660002
v -0.0212939996 -0.0342909992 0.0391569994
v -0.0273269992 -0.0274349991 0.0325229988
v -0.0295700002 -0.0208369996 0.0246300008
v -0.0289200004 -0.0251519997 0.032141
v -0.0299459994 -0.0182990003 0.0221590009
v -0.0291610006 -0.0180229992 0.0193099994
v -0.0290600006 -0.0260860007 0.0360639989
v 0.00327500002 -0.0164570007 0.000246000011
v 6.80000012e-05 -0.0155330002 0.00146199996
v 0.00613099989 -0.0269910004 0.00166399998
v 0.00617399998 -0.0280610006 0.00243499991
v 0.00575899985 -0.0250780005 0.000612000003
v -0.027299 -0.0286369994 0.038803
v -0.000257999985 -0.0135519998 0.00276600011
v 0.00383200007 -0.0140119996 0.00127000001
v 0.00469300011 -0.0120710004 0.00237799995
v 0.00762599986 -0.0231800005 -9.89999971e-05
v 0.00831799954 -0.0164780002 -0.000274999999
v -0.015466 -0.0360560007 0.0265939999
v 0.0112530002 -0.0236150008 0.000524999981
v -0.0308170002 -0.0215009991 0.0307229999
v -0.0292210001 -0.0162909999 0.0174119994
v -0.031188 -0.0224489998 0.0357530005
v -0.0278810002 -0.0164349992 0.0140239997
v -0.0315029994 -0.0146979997 0.0227000006
v 0.0131090004 -0.0205450002 -9.50000031e-05
v -0.0315180011 -0.0175739992 0.0261819996
v 0.00985800009 -0.0210999995 -0.000161000004
v -0.0324789993 -0.00850799959 0.020761
v -0.0124399997 -0.0380429998 0.0302859992
v -0.0120940004 -0.0386409983 0.0345779993
v -0.0171329994 -0.0317380019 0.016996
v -0.0139049999 -0.0331109986 0.0156220002
v -0.0324629992 -0.0114540001 0.0227429997
v -0.0190459993 -0.032393001 0.0222679991
v -0.0328780003 -0.0140040005 0.0266120005
v -0.0219020005 -0.0278859995 0.0171869993
v -0.0195959993 -0.0297190007 0.0167159997
v -0.0207739994 -0.0302230008 0.0200389996
v 0.0117520001 -0.0161090009 -0.000326000008
v -0.0125930002 -0.0258799996 0.004495
v -0.0088200001 -0.0398770012 0.0388530008
v -0.0339209996 -0.0133790001 0.0308059994
v -0.00604100013 -0.0405079983 0.0374009982
v -0.0169249997 -0.0367680006 0.0369610004
v -0.00939099956 -0.0275979992 0.00442800019
v -0.0104210004 -0.0303479992 0.00786099955
v -0.0126299998 -0.0387899987 0.0403999984
v -0.0165340006 -0.037117999 0.0416380018
v -0.00432900013 -0.0282700006 0.00337400008
v -0.00729400013 -0.0306279995 0.006635
v -0.0203360002 -0.0349939987 0.0435229987
v -0.0319520012 -0.0198170003 0.0325650014
v -0.0331970006 -0.0166040007 0.0322489999
v -0.0134410001 -0.0301900003 0.0098980004
v -0.0170009993 -0.0277120005 0.00986200012
v -0.0144220004 -0.0271269996 0.00684599997
v -0.00585199986 -0.0372520015 0.0182249993
v -0.0078800004 -0.0378509983 0.0216770004
v -0.0143630002 -0.0379979983 0.0444089994
v -0.00725599984 -0.0401719995 0.0418290012
v -0.0101349996 -0.0393490009 0.0443109982
v -0.0214990005 -0.0263209995 0.0138569996
v -0.0248210002 -0.0228480007 0.0149849998
v -0.0237470008 -0.0226670001 0.0125529999
v -0.0198800005 -0.0249070004 0.00950499997
v -0.00836099964 -0.032850001 0.0101849996
v -0.0111889997 -0.032745 0.0120329997
v -0.0346180014 -0.0088630002 0.0296800006
v -0.0346110016 -0.00615399983 0.0276319999
v -0.0336420015 -0.0120050004 0.0278379992
v -0.0159740001 -0.0305610001 0.0131099997
v -0.0256169997 -0.0195240006 0.0121569997
v -0.0325799994 0.00335199991 0.0204390008
v -0.0302179996 0.00202700007 0.0140519999
v -0.0333760008 -0.000552000012 0.0216329992
v -0.0335859992 0.00441499986 0.0241839997
v -0.0176599994 -0.0238419995 0.00591399986
v -0.0271290001 -0.0197069999 0.0158539992
v -0.0233510006 -0.0257450007 0.0162279997
v -0.0185870007 -0.0259629991 0.00920800027
v -0.0317570008 -0.00487700012 0.0168830007
v -0.00241099996 -0.0317239985 0.0065779998
v -0.00541399978 -0.0322320014 0.00799500011
v -0.00344399991 -0.0337340012 0.00972199999
v -0.0335410014 -0.00682199979 0.0235469993
v 0.00183800003 -0.0328149982 0.00745100016
v -0.0333769992 -0.00295899995 0.0216530003
v 0.00473099994 -0.0332270004 0.00813100021
v -0.00227100006 -0.0296059996 0.00410800008
v 3.09999996e-05 -0.0311990008 0.00545699988
v -0.0189299993 -0.0275389999 0.011674
v 0.00153000001 -0.0292249992 0.00328400009
v 0.00388400001 -0.0298549999 0.003914
v 0.00368400011 -0.0314900018 0.00555999996
v 0.00730900001 -0.0292739999 0.00374699989
v 0.024557 -0.027098 0.0131829996
v 0.0271719992 -0.0245040003 0.013669
v 0.027942 -0.0252650008 0.0164000001
v 0.0203370005 -0.0245469995 0.00523399981
v 0.0225419998 -0.0251230001 0.00784800015
v 0.0190420002 -0.0269230008 0.00664300006
v -0.00178799999 -0.0409700014 0.0434890017
v -0.00349400006 -0.040874999 0.0408769995
v 0.00137499999 -0.0412059985 0.0398459993
v 0.0225419998 -0.0251230001 0.00784800015
v 0.0203370005 -0.0245469995 0.00523399981
v 0.0229759999 -0.0221539997 0.00561399991
v 0.00100000005 -0.0411069989 0.0438220017
v 0.0253599994 -0.0240020007 0.0100180004
v 0.00162200001 -0.0410909988 0.0451949984
v 0.00427900022 -0.0408370011 0.0444840007
v 0.0301270001 -0.0245670006 0.0205789991
v 0.0319940001 -0.0239310004 0.0261560008
v 0.0293419994 -0.0270649996 0.0249170009
v 0.00513699977 -0.0381209999 0.0188449994
v 0.00185899995 -0.039427001 0.0223750006
v 0.0226339996 -0.0208110008 0.00445300015
v 0.0257779993 -0.0192479994 0.00653599994
v -0.00167599996 -0.0403999984 0.0484380014
v -0.00663099997 -0.0398240015 0.0471060015
v 0.0114519997 -0.0300319996 0.00566100003
v 0.030359 -0.0263480004 0.0270240009
v 0.026695 -0.0211369991 0.0090549998
v 0.0228729993 -0.0273770001 0.0110959997
v 0.0123410001 -0.0275560003 0.00344699994
v 0.011833 -0.0262790006 0.0022499999
v 0.0265439991 -0.0304760002 0.0271979999
v 0.0294429995 -0.0279740002 0.0292659998
v 0.00591999991 -0.0409330018 0.0416040011
v 0.00559299998 -0.0410620011 0.0366800018
v 0.00854900014 -0.0405579992 0.0387389995
v 0.0288810004 -0.0211539995 0.0125169996
v 0.0150849996 -0.0285829995 0.00574599998
v 0.00693200016 -0.0407180004 0.0335969999
v 0.0300459992 -0.0225450005 0.0167149995
v 0.00959600043 -0.0401359983 0.0342100002
v 0.0136120003 -0.0390259996 0.0377149992
v 0.0113500003 -0.0396910012 0.0399129987
v 0.0318880007 -0.0254810005 0.0323339999
v 0.0208550002 -0.0304429997 0.0137790004
v 0.0224009994 -0.0290169995 0.0132370004
v 0.0250460003 -0.0290159993 0.0175570007
v 0.0250460003 -0.0290159993 0.0175570007
v 0.0228300001 -0.0311740004 0.0188599993
v 0.0157329999 -0.0266420003 0.00433100015
v 0.0172700007 -0.0250770003 0.00371400011
v 0.00905399956 -0.0401890017 0.0426860005
v 0.0325280018 -0.0216700006 0.0224840008
v 0.0122060003 -0.0392079987 0.0440069996
v 0.0278760009 -0.0273080003 0.020459
v 0.0256760009 -0.0302009992 0.0228780005
v 0.0171889998 -0.0371799991 0.043974001
v 0.0173269995 -0.0373639986 0.0375569984
v 0.0156030003 -0.0223520007 0.00126799999
v 0.0340720005 -0.0203629993 0.0259959996
v 0.0344090015 -0.0215039998 0.0321739987
v 0.0154640004 -0.037845999 0.0452839993
v 0.0197509993 -0.0359539986 0.0409509987
v 0.0163189992 -0.0189650003 0.000218999994
v 0.0182709992 -0.0201140009 0.00134700001
v 0.0325619988 -0.0188379996 0.0180680007
v 0.0299009997 -0.0280709993 0.0337590016
v 0.0278450008 -0.0300869998 0.0317049995
v 0.0199129991 -0.0222430006 0.00323299994
v 0.00793599989 -0.0400820002 0.0466179997
v 0.00363699999 -0.0406539999 0.0476970002
v 0.0199129991 -0.0222430006 0.00323299994
v 0.0182709992 -0.0201140009 0.00134700001
v 0.0204569995 -0.0203709994 0.00268399995
v 0.0306529999 -0.0273170006 0.0392550007
v 0.0291150007 -0.0290670004 0.0386249982
v 0.00633100001 -0.0390640013 0.0228220001
v 0.000862999994 -0.0405099988 0.0280089993
v 0.0333539993 -0.0237520002 0.0381009988
v 0.0338679999 -0.0226380005 0.0335579999
v 0.019545 -0.0355909988 0.046870999
v 0.0174870007 -0.0365709998 0.0481069982
v 0.0134490002 -0.0379990004 0.0499709994
v 0.00761200022 -0.0338580012 0.00970000029
v 0.0035910001 -0.0401789993 0.0262630004
v 0.0360939987 -0.0180290006 0.0323249996
v 0.0104350001 -0.0388539992 0.0507289991
v 0.00775999995 -0.0355550013 0.0132769998
v 0.0111090001 -0.0386679992 0.0260530002
v 0.0108700003 -0.0381230004 0.0230810009
v 0.0129800001 -0.0329560004 0.0106499996
v 0.0087059997 -0.0362920016 0.0155220004
v 0.0181939993 -0.0355699994 0.0520399995
v 0.00810899958 -0.0318939984 0.00692200009
v 0.007063 -0.0399600007 0.0277839992
v 0.0107620005 -0.032412 0.00846500043
v 0.0358109996 -0.0193319991 0.0381439999
v 0.0104210004 -0.039593 0.0305940006
v 0.0159510002 -0.0368379988 0.0259450004
v 0.0243139993 -0.0333300009 0.0360479988
v 0.0220100004 -0.0346530005 0.0400060005
v 0.0204220004 -0.0356939994 0.0363700017
v 0.0136399996 -0.0308379997 0.00768700009
v -0.000599000021 -0.041065 0.0343080014
v 0.025897 -0.0319229998 0.0405329987
v 0.00314299995 -0.0411049984 0.0335230008
v 0.0155220004 -0.0360100009 0.0216690004
v 0.00347000011 -0.0407080017 0.0297740009
v 0.0202949997 -0.0342710018 0.0238099992
v 0.0217489991 -0.0346900001 0.0434730016
v 0.01315 -0.0389139988 0.0322929993
v 0.0254960004 -0.0319229998 0.0439499989
v 0.0173710007 -0.0369540006 0.0303240009
v 0.0170590002 -0.0297950003 0.00864099991
v 0.0274889991 -0.0307219997 0.0372250006
v 0.0213929992 -0.0346530005 0.0290249996
v 0.0227680001 -0.0331120007 0.0255539995
v 0.028492 -0.0296110008 0.0422220007
v 0.0179849993 -0.0310299993 0.0115660001
v 0.01449 -0.0338159986 0.0138060004
v 0.0242619999 -0.033121001 0.0317629986
v 0.00564499991 -0.0371749997 0.0163649991
v 0.0320720002 -0.0253420006 0.0412670001
v 0.0296909995 -0.0281680003 0.0437299982
v -0.00332299992 -0.0408950001 0.0370160006
v 0.0216610003 -0.0341110006 0.0485589989
v 0.0213639997 -0.0350550003 0.0325369984
v 0.0254539996 -0.0312910005 0.0477739982
v 0.0115240002 -0.0353149995 0.0149149997
v 0.0160649996 -0.0346129984 0.0175129995
v 0.0239189994 -0.0318080001 0.0513079986
v 0.0103780003 -0.0369650014 0.0185809992
v 0.0253529996 -0.0305630006 0.0518600009
v 0.0276989993 -0.0296509992 0.0473049991
v 0.0290530007 -0.0281319991 0.0479080006
v 0.0318850018 -0.0247210003 0.0467270017
v 0.01877 -0.0328200012 0.0163020007
v 0.0297849998 -0.0262800008 0.0508579984
v 0.0334770009 -0.0231410004 0.0411590002
v 0.0328270011 -0.0239540003 0.0433179997
v 0.0352110006 -0.0202530008 0.041813001
v 0.034031 -0.0217969995 0.0450720005
v 0.0374730006 -0.0150459995 0.0382700004
v 0.0376119986 -0.0140490001 0.0349269994
v 0.0371059999 -0.0157399997 0.0428260006
v 0.035893999 -0.0180409998 0.046213001
v 0.0193150006 -0.0294250008 0.0100260004
v 0.0317399986 -0.0233420003 0.0517630018
v 0.0340869986 -0.0204319991 0.0496900007
v 0.0228729993 -0.0273770001 0.0110959997
v 0.0372780003 -0.0143480003 0.0458230004
v 0.024557 -0.027098 0.0131829996
v 0.0224009994 -0.0290169995 0.0132370004
v -0.0186470002 -0.000980000012 0.00127200002
v -0.0148029998 -0.00452800002 0.00103799999
v -0.0126750004 -0.00580399996 0.000988999964
v 0.0157510005 0.00695700012 0.000844000024
v 0.0171399992 0.00116800005 0.000344
v 0.0146279996 0.0053770002 0.000650000002
v -0.00129599997 0.00909799989 0.000613000011
v -0.00489899982 0.0097939996 0.000303999986
v -0.00124799996 0.0114270002 0.000521000009
v -0.0133530004 -0.00218600011 0.000600000028
v -0.0127450004 -0.00364300003 0.00091599999
v -0.00613000011 0.0123509998 0.000308999995
v -0.00711299991 0.0109040001 0.000132000001
v -0.0107730003 0.00982499961 0.000192000007
v 0.0142310001 0.00273699989 0.000436000002
v 0.0115870005 0.00296800002 0.00127799995
v 0.0118979998 0.00539600011 0.000876999984
v -0.0058840001 0.0179409999 0.00271299994
v -0.00243799994 0.0185749996 0.00305900001
v -0.00347699993 0.0177490003 0.00255399989
v -0.00909100007 0.0200079996 0.00544199999
v -0.00975199975 0.0160719994 0.002049
v -0.0127879996 0.0184770003 0.00493700011
v -0.0177500006 0.0182039998 0.00718299998
v -0.0148139996 0.0198229998 0.00721100019
v -0.0162170008 0.0167929996 0.00504799979
v -0.00473999977 0.0218550004 0.00660800003
v 0.00869600009 0.00258999993 0.00329199992
v 0.00582400011 0.00404000003 0.00322100008
v 0.00518199988 0.00657900004 0.00139500003
v 0.0103439996 0.00396700017 0.00181000005
v -0.0110010002 0.0213200003 0.00729699992
v 0.000994000002 0.00399800017 0.0040409998
v 0.00341799995 0.00490400009 0.00294400007
v 0.00171600003 0.00222499995 0.00638299994
v -0.00293900003 0.0212389994 0.00586999999
v -0.0144640002 0.0217710007 0.00934199989
v 0.000411999994 0.0200069994 0.00405400014
v 0.001391 0.00116900005 0.00789500028
v 0.00572799984 0.00133700005 0.00602599978
v 0.00727599999 -0.001192 0.00544100022
v -0.029631 0.00418200018 0.0138269998
v -0.0275299996 0.00197899994 0.00900399964
v 0.00422800006 0.0136320004 0.000686999992
v -0.000967999978 0.0134070003 0.000777999987
v 0.00498900004 -0.00211900007 0.00798800029
v 0.00416000001 -0.00026999999 0.00815400016
v -0.0289830007 0.00853999984 0.0149450004
v -0.0267430004 0.00648499979 0.00973900035
v 0.00153200002 0.0163940005 0.00195299997
v -0.0315079987 0.0056830002 0.0187689997
v 0.00128600001 0.00586500019 0.00226700003
v 0.00364500005 0.0187040009 0.00308099994
v -0.0300840009 0.00852200016 0.0172450002
v -0.0258729998 0.0107380003 0.010861
v 0.00606699986 0.0186119992 0.00311099994
v -0.0270680003 0.0120390002 0.0138069997
v -0.0285899993 0.0117790001 0.0166270006
v 0.0121069998 -0.00270899991 0.00163199997
v 0.0093390001 -0.0021269999 0.00363099994
v -0.0147919999 0.00219099992 -9.00000014e-05
v -0.0128720002 0.000968999986 -0.000216999993
v -0.0321809985 0.0085230004 0.022473
v -0.0111750001 0.000736000016 0.000109000001
v -0.0302579999 0.0114930002 0.0202190001
v 0.00858000014 0.00689799991 0.000693999988
v 0.00361700007 0.00943899993 0.000422000012
v -0.0283310004 0.0143109998 0.0186889991
v -0.013448 0.00399000011 -0.000411999994
v -0.0115040001 0.00444399985 -0.000293999998
v 0.00385900005 0.0201169997 0.00420100009
v 0.000867999974 0.0220749993 0.00640900014
v 0.00838799961 0.0094750002 3.60000013e-05
v 0.00527899992 0.0214120001 0.00569099979
v 0.00196500006 0.00737199979 0.00126000005
v 0.00442800019 0.0119009996 0.000218000001
v 0.00958700012 0.0101410002 4.40000003e-05
v -0.0128530003 0.00721300021 -0.000161000004
v -0.007369 0.0211440008 0.0061590001
v -0.0253730007 0.0091040004 0.00898899976
v 0.0126649998 0.00737199979 0.000528000004
v -0.0107730003 0.00982499961 0.000192000007
v -0.00951999985 0.00702999998 0.000304999994
v 0.0127640003 0.0103949998 0.000546999974
v 0.0122410003 -0.0139189996 -0.000205000004
v -0.00217600004 0.0235879999 0.00844999962
v 0.00897299964 0.0128610004 0.000452999986
v 0.00966999959 0.0158859994 0.00175000005
v -0.00966900028 -0.00584300002 0.00219699997
v -0.0250439998 0.0152019998 0.0131829996
v -0.0220340006 0.0168859996 0.0103449998
v -0.0236499999 0.0143929999 0.0103059998
v -0.00931099989 0.0241979994 0.0104149999
v -0.00622900017 0.0235900003 0.0089680003
v -0.00681200018 -0.00648499979 0.00394799979
v -0.00449799979 0.0245990008 0.00998099986
v -0.0109919999 -0.00434400002 0.00159
v -0.0109050004 -0.0019749999 0.00102199998
v 0.013704 0.014889 0.001865
v -0.00948899984 -0.00398400007 0.00240899995
v 0.0139079997 0.0160559993 0.00238299998
v -0.00309100002 0.0259150006 0.0116609996
v -0.0221250001 0.0185199995 0.0123460004
v 0.0104080001 0.0178599991 0.00290700002
v -0.0247290004 0.0171629991 0.0150149995
v -0.00824599992 -0.00456199981 0.00339299999
v -0.0219049994 0.0200520009 0.0143529996
v 0.00128299999 0.0236799996 0.00842100009
v -0.00768500008 -0.00351800001 0.00384099991
v 0.0183639992 0.00999299996 0.00203799992
v -0.0197199993 0.0184649993 0.00921699964
v 0.0166570004 0.0135899996 0.00227000006
v -0.0197199993 0.0184649993 0.00921699964
v -0.016485 0.0213580001 0.0101129999
v -0.0187229998 0.0209550001 0.0114259999
v -0.0187229998 0.0209550001 0.0114259999
v 0.0035649999 0.0240579993 0.00906999968
v 0.00675499998 0.0222149994 0.00677700015
v -0.0174509995 0.0230679996 0.013731
v 0.0161220003 0.0163070001 0.00347499992
v -0.0189689994 0.0232229996 0.0159370005
v -0.0187229998 0.0209550001 0.0114259999
v -0.0219049994 0.0200520009 0.0143529996
v -0.0174509995 0.0230679996 0.013731
v -0.00537900021 -0.00897900015 0.00440300023
v -0.000293999998 0.0248080008 0.0100039998
v 0.019754 0.0144250002 0.00460600015
v 0.0153419999 0.0181060005 0.00486500002
v -0.00312800007 -0.00719100004 0.00728699984
v -0.000176000001 0.0264059994 0.012321
v -0.000205999997 -0.00847699959 0.00740899984
v -0.0262100007 0.0174150001 0.0183899999
v -0.0229989998 -0.00139200001 0.00321
v -0.0223479997 0.0209929999 0.0168980006
v 0.000536000007 0.0272310004 0.0138879996
v -0.0216070004 0.00249699992 0.00239200005
v -0.0186969992 0.00451300014 0.000722000026
v 0.00553799979 0.0253069997 0.0109980004
v -0.0290820003 0.0152310003 0.021768
v -0.00567999994 -0.00368400011 0.00595000014
v -0.0241390001 0.000696000003 0.00441299984
v 0.0083349999 0.0187749993 0.00329399994
v -0.0245960001 0.0202549994 0.0201779995
v -0.00381299993 -0.00376900006 0.00796100032
v -0.0228780005 0.00406799978 0.00395999989
v -0.00954800006 -0.000273000012 0.001208
v -0.0223479997 0.0209929999 0.0168980006
v 0.01291 0.0193050001 0.00490499986
v -0.0199640002 0.00405200012 0.00132000004
v 0.00932500046 0.0201559998 0.00480300002
v -0.0196080003 0.00540400017 0.00130200002
v -0.0206560008 0.0236370005 0.0199439991
v -0.0245960001 0.0202549994 0.0201779995
v -0.00405200012 -0.00118999998 0.00673800008
v -0.0255369991 0.00511599984 0.00719199982
v -0.00795700029 0.00399499992 0.00149900001
v -0.0170990005 0.0259440001 0.0198819991
v -0.0222229995 0.00683199987 0.00415300019
v 0.00850799959 0.0220960006 0.00707900012
v -0.0207380001 0.0086319996 0.00347899995
v -0.0060200002 0.00128700002 0.00383700011
v -0.00300000003 -0.00396300014 0.00846000016
v -0.00140399998 -0.00671300013 0.00799600035
v -0.00238399999 -0.00434100023 0.00850899983
v 0.0149769997 0.0203939993 0.00687299995
v -0.0060279998 0.00289499993 0.00331400009
v 0.0117330002 0.0230800007 0.00903400034
v -0.0276699997 0.000916999998 0.00900799967
v -0.00262599997 -0.00192199997 0.00857499987
v -5.50000004e-05 -0.0124960002 0.00361200003
v -0.00132699998 -0.00309500005 0.0078189997
v -0.00214200001 -0.00280199992 0.00853499956
v -0.00116099999 -0.00135100004 0.00878399983
v 0.0201639999 0.0170460008 0.00666699978
v -0.00236000004 -0.000433000008 0.00833099987
v 0.00876300037 -0.0144349998 0.000197999994
v -0.00325000007 0.000717999996 0.00688199978
v -0.0234779995 0.0105919996 0.00730099995
v -0.00477899984 0.0029529999 0.00408700015
v -0.00161299994 0.000859000022 0.00720199989
v -0.00302399998 0.00332899997 0.00412000017
v 0.0163100008 0.0216329992 0.00925500039
v 0.010125 -0.0117610004 0.00116400002
v -0.00161299994 0.000859000022 0.00720199989
v -0.00302399998 0.00332899997 0.00412000017
v -0.000637000019 1.49999996e-05 0.00844699983
v 0.0191750005 0.0198040009 0.00899999961
v -0.000823999988 -0.00761500001 0.00782600045
v 0.000163000004 -0.00478400011 0.00721699977
v 0.000559000007 -0.00371200009 0.00747600012
v -0.000645000022 -0.00234899996 0.00793700013
v 0.0197550002 0.0214750003 0.0116999997
v -0.0168740004 0.00811399985 0.000623000029
v 0.00225499994 -0.0027389999 0.00753400009
v -0.0183889996 0.0100060003 0.00225899997
v 0.0126689998 -0.0112640001 0.000335999997
v 0.000307000009 -0.00126299995 0.00883099996
v 0.00105700002 -0.00207399996 0.0085230004
v 0.00213699997 -0.000896000012 0.00865000021
v 0.00105700002 -0.00207399996 0.0085230004
v 0.000307000009 -0.00126299995 0.00883099996
v 0.00225499994 -0.0027389999 0.00753400009
v 0.00127899996 7.50000036e-05 0.00850300025
v -0.000637000019 1.49999996e-05 0.00844699983
v 0.0126689998 -0.0112640001 0.000335999997
v 0.010125 -0.0117610004 0.00116400002
v 0.0112039996 -0.00964299962 0.00131900003
v -0.0170949996 0.0123079997 0.00253699999
v -0.0153029999 0.0101669999 0.000791000028
v -0.0200280007 0.0132160001 0.0052459999
v 0.00377300009 -0.00191500003 0.00843499973
v 0.00792900007 -0.00902100001 0.00371999992
v 0.00815800019 0.0252190009 0.01131
v -0.00697600003 0.00512199989 0.00170200004
v 0.00792900007 -0.00902100001 0.00371999992
v -0.00977599993 0.0124869999 0.000665
v -0.00711299991 0.0109040001 0.000132000001
v 0.0148480004 -0.00787699968 -0.000150000007
v -0.0146620004 0.0125139998 0.00158100005
v 0.0131820003 -0.00491600018 0.00107500004
v -0.0120249996 0.0136019997 0.00144599995
v 0.0148639996 -0.0050929999 0.000377999997
v -0.00456399983 0.014157 0.000916999998
v -0.00977599993 0.0124869999 0.000665
v 0.013948 0.0240669996 0.0115879998
v -0.0120249996 0.0136019997 0.00144599995
v 0.00812300015 -0.008378 0.00385700003
v -0.0171329994 0.0146770002 0.00393899996
v -0.0162170008 0.0167929996 0.00504799979
v -0.0136219999 0.0155020002 0.00302099995
v 0.0106480001 -0.00534699997 0.002782
v 0.0149630001 0.0250070002 0.013824
v 0.0118420003 0.0257079992 0.0134619996
v -0.0136219999 0.0155020002 0.00302099995
v -0.0217649993 0.0114979995 0.00601699995
v -0.0185439996 0.0165929999 0.00619299989
v -0.00732399989 0.0252710003 0.0113890003
v 0.00579900015 -0.0085230004 0.00521800015
v 0.000737999973 -0.00914600026 0.00677199988
v -0.00597700011 0.0263459999 0.0126329996
v -0.0071820002 0.0273659993 0.0149889998
v -0.014583 0.0235149991 0.0118659995
v -0.00975700002 0.0260109995 0.0136000002
v -0.0177500006 0.0182039998 0.00718299998
v 0.000874000019 -0.00545899989 0.00718900003
v 0.00247800001 -0.00673000002 0.00759299984
v -0.00322599988 0.0280329995 0.0153559996
v 0.00471400004 -0.00679400004 0.00730799977
v -0.0129399998 0.0254670009 0.0143139996
v -0.0138299996 0.0263010003 0.0168319996
v 0.00305499998 -0.0047530001 0.00726100011
v -0.0138299996 0.0263010003 0.0168319996
v 0.00519500021 -0.00511100003 0.00770699978
v 0.00812300015 -0.008378 0.00385700003
v -0.0145030003 0.0272179991 0.0199989993
v -0.0104860002 0.0283029992 0.0189800002
v -0.0110600004 0.0290450007 0.0219170004
v 0.00519500021 -0.00511100003 0.00770699978
v 0.00572700007 -0.00424200017 0.00760200014
v 0.00634900015 -0.00284800003 0.00714399992
v 9.89999971e-05 0.0296609998 0.0185310002
v 0.00808500033 -0.00447099982 0.00523700006
v 0.00686000008 -0.00561300013 0.00572900008
v 0.00465099979 0.0272400007 0.0142179998
v 0.00737599982 0.0280380007 0.016322
v 0.00602599978 -0.00623500021 0.00656499993
v -0.0104860002 0.0283029992 0.0189800002
v -0.0052240002 0.0293160006 0.0185250007
v 0.00602599978 -0.00623500021 0.00656499993
v -0.00690900022 0.0298560001 0.0211720001
v -0.00766099989 0.00777499983 0.000597000006
v -0.00563499983 0.006482 0.00142500002
v -0.00766099989 0.00777499983 0.000597000006
v 0.00311099994 0.0304480009 0.0205729995
v 0.00400700001 0.0295560006 0.0185049996
v -0.00276799989 0.0307560004 0.0218700003
v -0.00563499983 0.006482 0.00142500002
v -0.000251999998 0.031578999 0.0239879992
v 0.0100889998 0.0280269999 0.0170109998
v 0.00665199989 0.0299379993 0.0200929996
v 0.0109719997 0.0289939996 0.0196230002
v 0.0139880003 0.0270319991 0.0171119999
v 0.0172830001 0.0247600004 0.0150560001
v 0.0153489998 0.0281419996 0.0207739994
v 0.0182719994 0.0257760007 0.0179660004
v 0.0145680001 -0.00186399999 0.000449000014
v 0.00528099993 0.0312820002 0.0233529992
v 0.0161959995 -0.00431399979 0.000193
v 0.0102399997 0.0308720004 0.0248230007
v 0.00548500009 0.0319949985 0.0260460004
v 0.0174460001 0.0280019995 0.0230069999
v 0.0152439997 0.0296780001 0.0257530008
v 0.0152620003 -0.0113500003 -0.000333000004
v 0.0175969992 -0.00442800019 0.000155000002
v 0.0184119996 -0.0159590002 0.000116000003
v 0.0175609998 -0.0135979997 -0.000258999993
v 0.0189270005 0.00237299991 0.000618999999
v 0.0200190004 0.00518199988 0.00131199998
v 0.0283569992 0.0075050001 0.00821300037
v 0.0253880005 0.00356299989 0.00341599993
v 0.0254469998 0.00647599995 0.00475500012
v 0.0205019992 0.0231560003 0.0152780004
v 0.0229710005 0.0201140009 0.0131400004
v 0.0378520004 -0.00734699983 0.0285570007
v 0.0384900011 -0.00570899993 0.034012001
v 0.038178999 -0.00928100012 0.0323660001
v 0.0301849991 -0.00928799994 0.0076580001
v 0.0272179991 -0.00902500004 0.0038699999
v 0.0291469991 -0.00693400018 0.00573500013
v 0.0379480012 -0.00389000005 0.0291910004
v 0.0267210007 -0.00548500009 0.00310799992
v 0.0249530002 -0.00814799964 0.00174600002
v 0.014862 -0.0142869996 -0.000299000007
v 0.037349999 -0.012751 0.0299469996
v 0.0300999992 -0.00433300016 0.00692499988
v 0.0290910006 -0.00326399994 0.00581200002
v 0.0308890007 -0.00596099999 0.00811799988
v 0.0237050001 0.0215780009 0.0164650008
v 0.0307689998 -0.00842900015 0.00861600041
v 0.0320580006 -0.00913599972 0.0108559998
v 0.0367380008 -0.00693400018 0.0234479997
v 0.035108 -0.00703199999 0.0175000001
v 0.0355889983 -0.00419900008 0.0186749995
v 0.0122410003 -0.0139189996 -0.000205000004
v 0.014862 -0.0142869996 -0.000299000007
v 0.0358560011 -0.00121799996 0.0201430004
v 0.0365049988 -0.0035339999 0.0221849997
v 0.0184119996 -0.0159590002 0.000116000003
v 0.0175609998 -0.0135979997 -0.000258999993
v 0.0196109992 -0.0138980001 0.000155999995
v 0.0262800008 0.0187759995 0.0157680009
v 0.0275279991 0.0161199998 0.0141780004
v 0.0249220002 0.0180530008 0.0127020003
v 0.0163189992 -0.0189650003 0.000218999994
v 0.0204360001 -0.0171239991 0.00133799994
v 0.0365930013 0.00122199999 0.0243810005
v 0.0306540001 -0.00164599996 0.00824300013
v 0.0216680001 -0.0188510008 0.00274299993
v 0.0282579996 0.00324500003 0.00623700023
v 0.0267609991 -0.000584999972 0.0037440001
v 0.0286740009 0.0171770006 0.0178180002
v 0.0258070007 0.0206209999 0.0183569994
v 0.0375059992 0.000541999994 0.0286909994
v 0.0277219992 0.0198800005 0.0209410004
v 0.0223660003 -0.012662 0.000855999999
v 0.0335110016 -0.00580900023 0.0131820003
v 0.0239530001 -0.0133769996 0.00204499997
v 0.0336720012 -0.0091690002 0.0141070001
v 0.0249850005 -0.017128 0.0045599998
v 0.033555001 -0.00154700002 0.0133509999
v 0.0319879986 0.00595400017 0.0129610002
v 0.0304349996 0.00530700013 0.00999899954
v 0.0298590008 0.00990100019 0.0117790001
v 0.0346399993 -0.00383100007 0.0158200003
v 0.0327310003 0.00767299999 0.0156779997
v 0.0176449995 -0.00874099974 -0.000334000011
v 0.0196189992 -0.0100299995 -0.000163000004
v 0.0369199999 0.00516600022 0.0294000003
v 0.0350919999 0.007522 0.0230139997
v 0.0352419987 0.00411400013 0.0205819998
v 0.036003001 0.00824199989 0.0286759995
v 0.0293349996 0.013731 0.0142839998
v 0.027888 0.0118420003 0.0102519998
v 0.0381009988 -0.0121480003 0.036669001
v 0.0317380019 0.00175099995 0.0107709998
v 0.0249600001 -0.0101640001 0.00210799999
v 0.0261080004 -0.0133530004 0.0038389999
v 0.0226499997 -0.00681800023 0.000753999979
v 0.0207599998 -0.00691 0.000172
v 0.0382109992 -0.0117189996 0.0388050005
v 0.0377239995 -0.0136000002 0.0413970016
v 0.0337250009 0.0021540001 0.0150210001
v 0.0315119997 0.0135329999 0.0188669991
v 0.0385730006 -0.00646199984 0.0358659998
v 0.032745 -0.0165860001 0.0161169991
v 0.0350079983 -0.0173140001 0.0243459996
v 0.0330570005 0.0108409999 0.0199459996
v 0.0344900005 -0.0126339998 0.0179580003
v 0.0353339985 -0.0143370004 0.0221660007
v 0.0222319998 0.00514200004 0.00199400005
v 0.0201210007 0.0109050004 0.00318100001
v 0.0227419995 0.00797399972 0.00336900004
v 0.0234159995 0.0119730001 0.00587200001
v 0.0384179987 -0.000812000013 0.0357440002
v 0.0297350008 0.0174380001 0.0208930001
v 0.0320819989 0.0152350003 0.0239259992
v 0.0269450005 -0.0158130005 0.00588800013
v 0.0379489996 -0.0109959999 0.0454530008
v 0.038369 -0.009296 0.043432001
v 0.0294879992 -0.0169500001 0.00978500023
v 0.0226550009 0.0157900006 0.00777299982
v 0.0375179984 -0.0104499999 0.0489679985
v 0.0369849987 -0.0115900002 0.0512100011
v 0.0342399999 0.0112699997 0.0245520007
v 0.0379090011 -0.00889000017 0.0476570018
v 0.0385599993 -0.00570600014 0.0429029986
v 0.0257769991 0.0114289997 0.00764100021
v 0.0384749994 -0.00258000009 0.041774001
v 0.0291629992 -0.0142240003 0.00784299988
v 0.0383719988 -0.00487300009 0.0458160006
v 0.0303579997 -0.0185739994 0.0127940001
v 0.0376080014 0.00318500004 0.0319800004
v 0.0348200016 1.89999992e-05 0.0171050001
v 0.0194979999 0.0264369994 0.0210970007
v 0.0379809998 0.00347499992 0.0389060006
v 0.0376170017 0.00489100022 0.0361489989
v 0.0284240004 -0.0118009998 0.00598599995
v 0.0214729998 0.0251059998 0.020606
v 0.0300329998 -0.0113730002 0.00801699981
v 0.0247239992 0.0227349997 0.0208960008
v 0.0309229996 -0.0114839999 0.00939000025
v 0.0263810009 0.0222810004 0.023635
v 0.0243829992 0.0246600006 0.0253570005
v 0.0203510001 0.0273780003 0.0255529992
v 0.0324819982 -0.0121999998 0.0125590004
v 0.035902001 0.0105480002 0.033241
v 0.0368430018 0.00778099988 0.0348550007
v 0.0382129997 0.00158299995 0.040936999
v 0.0220989995 0.0270179994 0.0288379993
v 0.0281380005 0.0211989991 0.0257009994
v 0.0254689995 0.0246740002 0.0295650009
v 0.0381750017 -0.000487999991 0.0453939997
v 0.0365360007 -0.0154820001 0.0290130004
v 0.0365989991 -0.0120200003 0.0253890008
v 0.0204799995 0.0283480007 0.0313410014
v 0.0370460004 0.00698600011 0.0425290018
v 0.0370750017 0.007216 0.0380069986
v 0.0352029987 -0.010117 0.0188909993
v 0.034984 0.0131090004 0.0353339985
v 0.0358650014 0.011252 0.0388760008
v 0.034111999 0.0134220002 0.0287820008
v 0.033431001 0.0148759997 0.029259
v 0.0276989993 0.0142270001 0.0121590002
v 0.0255769994 0.0151249999 0.0102779996
v 0.0307010002 0.0184809994 0.0272950009
v 0.0328329988 0.0166289993 0.0322909988
v 0.0206230003 -0.00271699997 0.000601999986
v 0.0204569995 0.00108900003 0.000803000003
v 0.0226799995 0.0179939996 0.009877
v 0.023302 -0.000752000022 0.00151600002
v 0.0247389991 -0.00388700003 0.00186700001
v 0.0249400008 0.000184000004 0.00240399991
v 0.0340230018 0.015288 0.0391019993
v 0.0319049992 0.0186030008 0.0364580005
v 0.0305579994 0.019847 0.0320190005
v 0.023821 0.00306900009 0.00213399995
v 0.0286090001 0.0216390006 0.0294170007
v 0.0274010003 0.0236179996 0.0344020016
v 0.0292789992 0.021807 0.0355940014
v 0.0178609993 0.0293119997 0.0290399995
v -0.015497 -0.000569999975 0.066986002
v -0.0190839991 0.001254 0.0675069988
v -0.0193739999 -0.00322100008 0.067452997
v -0.0248649996 -0.00968400016 0.0673459992
v -0.0257980004 -0.00798400026 0.0670799986
v -0.0271749999 -0.0106060002 0.0663440004
v -0.0234639999 -0.00980100036 0.0675840005
v -0.0194499996 -0.008653 0.0676100031
v -0.0187870003 -0.00629700022 0.0673779994
v -0.0217569992 -0.00757399993 0.0676229969
v -0.0160920005 -0.0102829998 0.0672030002
v -0.0203009993 -0.011492 0.0678080022
v -0.0187749993 -0.0293790009 0.064414002
v -0.0179239996 -0.0273289997 0.0664540008
v -0.0202910006 -0.0272920001 0.0652140006
v -0.0155739998 -0.0084309997 0.0669030026
v -0.0162250008 -0.0295100007 0.0655959994
v -0.0306299999 -0.00322699989 0.0643080026
v -0.0320079997 -0.00547700003 0.0627090037
v -0.0303240009 -0.00636200001 0.064466998
v -0.0284460001 -0.00551000005 0.065948002
v -0.0240850002 -0.0220720004 0.0656509995
v -0.0270150006 -0.0201960001 0.064052999
v -0.0259099994 -0.0225520004 0.0637969971
v -0.0280159991 -0.0162879992 0.0647170022
v -0.0261710007 -0.0175509993 0.0657579973
v -0.0298079997 0.00174500002 0.0646639988
v -0.0317369998 -0.00181399996 0.0630780011
v -0.0153799998 0.00318800006 0.0672210008
v -0.0288929995 -0.00179500005 0.065591
v -0.0171140004 -0.00657999981 0.067181997
v -0.0126080001 -0.00445799995 0.065880999
v -0.0162269995 -0.0042539998 0.0669379979
v -0.0141240004 -0.00656400016 0.0663300008
v -0.0223939996 -0.00276300008 0.0675359964
v -0.0121680005 -0.000361000013 0.0662430003
v -0.0270809997 -0.00326099992 0.0666190013
v -0.0281680003 0.00188600004 0.0658570006
v -0.0293940008 -0.00820999965 0.065053001
v -0.00982000027 -0.000538000022 0.0654089972
v -0.0266319998 -0.0145800002 0.0661809966
v -0.0313789994 0.00287199998 0.0629960001
v -0.0252480004 -0.00494999997 0.0672070011
v -0.0239930004 -0.0165899992 0.0671700016
v -0.0117760003 0.00274999999 0.0665759966
v -0.0200929996 -0.0249489993 0.0667560026
v -0.0220209993 -0.0247869994 0.0657280013
v -0.0202910006 -0.0272920001 0.0652140006
v -0.024278 -0.0249480009 0.0638919994
v -0.0293029994 0.00462999986 0.064643003
v -0.0257740002 -0.00298499991 0.0670939982
v -0.0218499992 -0.0224040002 0.0668219998
v -0.0189650003 0.00432700012 0.0676449984
v -0.0286519993 0.00749399979 0.0643739998
v -0.0277939998 0.00605800003 0.0654070005
v -0.0262909997 0.0043589999 0.0666339993
v -0.0200929996 -0.0249489993 0.0667560026
v -0.0167469997 0.00627399981 0.0675309971
v -0.0201309994 0.00812300015 0.0676390007
v -0.025812 -0.000243000002 0.0670259967
v -0.0181099996 -0.0250320006 0.0674199983
v -0.0246970002 -0.000783999974 0.067290999
v -0.0131750004 0.00564299989 0.0672589988
v -0.0220640004 0.00144599995 0.0675980002
v -0.0238550007 0.00238700002 0.0674510002
v -0.0141380001 -0.0291390009 0.066624999
v -0.0118100001 0.00516900001 0.0671029985
v -0.0151730003 -0.0266709998 0.0675669983
v -0.0244839992 0.0052720001 0.0671619996
v -0.0224329997 0.00612600008 0.0675100014
v -0.0169680007 -0.0241439994 0.0679370016
v -0.0172959995 -0.0128809996 0.0676259995
v -0.0199250001 -0.0145579996 0.0679090023
v -0.0174509995 -0.0165129993 0.068039
v -0.0209720004 -0.0146249998 0.0678849965
v -0.0168169998 -0.0183930006 0.0682120025
v -0.0281659998 0.0110590002 0.0632980019
v -0.0300849993 0.00889800023 0.0624670014
v -0.0267779995 0.00933299959 0.0651500002
v -0.0295289997 0.0117509998 0.0614069998
v -0.0142240003 0.0089809997 0.0676650032
v -0.0118969996 0.00860400032 0.0677319989
v -0.0242669992 -0.0196359996 0.0663259998
v -0.0109940004 -0.00566100003 0.0651770011
v -0.0105140004 -0.0200999994 0.0681359991
v -0.0152700003 -0.0155509999 0.0677289963
v -0.0115120001 -0.0165749993 0.0675150007
v -0.00907600019 -0.00668200012 0.0643600002
v -0.00585900014 -0.00451700017 0.0629210025
v -0.019382 -0.0222399998 0.0677649975
v -0.0215210002 -0.0201169997 0.0675000027
v -0.00854600035 0.00346400007 0.0661529973
v -0.00855899975 0.00192099996 0.0655990019
v -0.0152460001 -0.0131409997 0.0672969967
v -0.00714300014 -0.00165400002 0.0640430003
v -0.0122469999 -0.014068 0.0668929964
v -0.0132600004 -0.0116950003 0.0666550025
v -0.00612400007 1.80000006e-05 0.0642580017
v -0.00981399976 0.00562699977 0.0671020001
v -0.0056090001 0.00295899995 0.0655680001
v -0.0054159998 0.00548300007 0.0667330027
v -0.0115130004 -0.00939300004 0.0657470003
v -0.0197010003 -0.0191520005 0.0680499971
v -0.0231500007 -0.015284 0.0675560012
v -0.00902500004 -0.0121569997 0.0655819997
v -0.0104510002 -0.0108500002 0.0656519979
v -0.00779200019 0.00809200015 0.0677499995
v -0.0181099996 -0.0250320006 0.0674199983
v -0.0169680007 -0.0241439994 0.0679370016
v -0.00731799984 -0.00911599956 0.0640640035
v -0.0130960001 -0.0257610008 0.0681470037
v -0.0152139999 -0.0232730005 0.0682590008
v -0.024642 -0.0144269997 0.0671759993
v -0.0134709999 -0.0221790001 0.0684200004
v -0.0245559998 0.00731300004 0.0668039992
v -0.0183150005 -0.0215169992 0.0680970028
v -0.0152139999 -0.0232730005 0.0682590008
v -0.0134709999 -0.0221790001 0.0684200004
v -0.0257259998 0.0143440003 0.0633779988
v -0.0288670007 -0.0124070002 0.0649129972
v -0.0233820006 0.0111689996 0.0662650019
v -0.020614 0.0109390002 0.0672079995
v -0.02434 0.0125219999 0.0653249994
v -0.019196 0.00973999966 0.0675799996
v -0.01609 0.0113469996 0.0677099973
v -0.0359399989 0.00836499967 0.0434359983
v -0.0365730003 0.00513800001 0.043765001
v -0.0359390005 0.00796100032 0.0463330001
v -0.0236469992 -0.0278050005 0.0618689992
v -0.0258099996 -0.0264389999 0.0606530011
v -0.0215009991 -0.0281189997 0.0636740029
v -0.0363399982 0.00426599989 0.0482669994
v -0.0358589999 0.00550300023 0.0510739982
v -0.0173279997 -0.0309779998 0.063481003
v -0.0201040003 -0.0304460004 0.0619370006
v -0.0181360003 -0.0325310007 0.0603550002
v -0.0142679997 -0.0328529999 0.0628039986
v -0.0152930003 -0.0335390009 0.0610160008
v -0.0333050005 -0.0189800002 0.0408339985
v -0.0316860005 -0.0224849992 0.0419670008
v -0.0360380001 0.00226400001 0.0525479987
v -0.0355079994 0.00984499976 0.0421640016
v -0.0351979993 0.0103540001 0.0463429987
v -0.0215009991 -0.0281189997 0.0636740029
v -0.0335660018 -0.0150459995 0.0551289991
v -0.0342749991 -0.0141139999 0.0524570011
v -0.0337509997 -0.0167929996 0.0506890006
v -0.0130329998 -0.0309500005 0.0656210035
v -0.0342569984 -0.0121020004 0.0552750006
v -0.0326899998 -0.0148120001 0.0582400002
v -0.0342199989 -0.0143520003 0.0342819989
v -0.0327990018 -0.0197930001 0.0482719988
v -0.0340769999 -0.0168469995 0.0458489992
v -0.0266350005 -0.0247269999 0.0611549988
v -0.0274349991 -0.0227719992 0.0617569983
v -0.0330779999 -0.0182869993 0.0357600003
v -0.0309970006 -0.0140559999 0.0619830005
v -0.0326899998 -0.0148120001 0.0582400002
v -0.0308049992 -0.0180430003 0.0599940009
v -0.0289280005 -0.0189009998 0.0625559986
v -0.0298689995 -0.0214750003 0.058637999
v -0.0296759997 -0.0190699995 0.0612780005
v -0.0343579985 -0.0155499997 0.0388909988
v -0.0155410003 -0.0366399996 0.0513509996
v -0.0156129999 -0.0370699987 0.0482349992
v -0.0110269999 -0.03816 0.0513410009
v -0.011473 -0.0370609984 0.0557290018
v -0.0153409997 -0.0360019989 0.0546029992
v -0.0301910006 -0.0127600003 0.0635450035
v -0.0350620002 -0.0101410002 0.0336910002
v -0.0326800011 0.00297000003 0.0614250004
v -0.0288789999 -0.0270729996 0.0436110012
v -0.0265129991 -0.0297800004 0.0407200009
v -0.0291830003 -0.0264420006 0.040959999
v -0.0354040004 -0.0061110002 0.0323590003
v -0.035459999 -0.00837600045 0.035007
v -0.0312280003 0.0059969998 0.0623379983
v -0.0352229998 -0.0115099996 0.0387139991
v -0.0224810001 -0.0334810019 0.0462610014
v -0.0348820016 -0.0139370002 0.0444759987
v -0.0256789997 -0.030816 0.0477919988
v -0.0356109999 -0.0104780002 0.0423979983
v -0.0350160003 -0.00675499998 0.0563930012
v -0.0347720012 -0.00906599965 0.0555449985
v -0.0338059999 -0.00964799989 0.0581500009
v -0.0325369984 -0.00996300019 0.0609720014
v -0.0359539986 -0.00273799989 0.0537910014
v -0.0356349982 -0.00639000023 0.0532610007
v -0.0350160003 -0.00675499998 0.0563930012
v -0.0347720012 -0.00906599965 0.0555449985
v -0.0360100009 -0.00777299982 0.0389549993
v -0.0360740013 -0.00490299985 0.0357609987
v -0.0365099981 -0.00375399995 0.0392590016
v -0.0347869992 -0.000165999998 0.0269440003
v -0.0303220004 -0.0246629994 0.0402350016
v -0.0359539986 -0.00273799989 0.0537910014
v -0.0349630006 -0.004801 0.0571510009
v -0.0340700001 -0.00356999994 0.0593880005
v -0.0344239995 0.00522699999 0.0278079994
v -0.0354560018 0.00113800005 0.0303939991
v -0.0351779982 0.000647999987 0.0568559989
v -0.0360959992 0.00447200006 0.0353350006
v -0.0347130001 0.00740499981 0.0307180006
v -0.0340589993 5.40000001e-05 0.0596209988
v -0.0281119999 -0.028012 0.0463609993
v -0.0331519991 -0.0027699999 0.0611299984
v -0.0367190018 -0.000577999977 0.0486500002
v -0.0355350003 -0.0032279999 0.0310549997
v -0.0284349993 -0.0271199998 0.0502590016
v -0.0360380001 0.00226400001 0.0525479987
v -0.0358589999 0.00550300023 0.0510739982
v -0.0350969993 0.00611300021 0.0545939989
v -0.0241950005 -0.0319480002 0.0481900014
v -0.0348590016 0.00355600007 0.0569350012
v -0.0339360014 0.00257600006 0.0594439991
v -0.0265330002 -0.0297289994 0.0504430011
v -0.0363189988 2.7e-05 0.0351530015
v -0.0235530008 -0.0319099985 0.0523409992
v -0.0350969993 0.00611300021 0.0545939989
v -0.0353249982 0.00794100016 0.0516779982
v -0.0365279987 -0.000829000026 0.0380039997
v -0.0345849991 0.00961199962 0.0527549982
v -0.0351979993 0.0103540001 0.0463429987
v -0.0353249982 0.00794100016 0.0516779982
v -0.0340479985 0.012321 0.0495189987
v -0.036541 0.00364600006 0.038745001
v -0.0307279993 -0.0240679998 0.0456890017
v -0.0335809998 0.00837500021 0.0572229996
v -0.0323829986 0.0118279997 0.0565709993
v -0.0348500013 0.00933399983 0.0344570018
v -0.0356049985 0.00722000003 0.0358209983
v -0.0327630006 0.00718499999 0.0596739985
v -0.029972 -0.0250199996 0.0466729999
v -0.0354700014 -0.0110799996 0.0441780016
v -0.0352169983 -0.0120200003 0.0465250015
v -0.0316810012 0.0106939999 0.0591210015
v -0.0348370001 -0.0131909996 0.0494959988
v -0.0325729996 0.0129359998 0.0545630008
v -0.0354829989 -0.0105760004 0.0467449985
v -0.0364839993 -0.00515400013 0.0429110005
v -0.0342569984 -0.0121020004 0.0552750006
v -0.0331469998 -0.0110529996 0.0592550002
v -0.0365389995 -0.00526800007 0.0450070016
v -0.0367880017 -0.00206499989 0.0425629988
v -0.0214740001 -0.0339719988 0.0477779992
v -0.0182050001 -0.0360019989 0.0470600016
v -0.0358409993 -0.00898400042 0.0463539995
v -0.0362460017 -0.00510400021 0.0486809984
v -0.035046 -0.0112690004 0.0511399992
v -0.0102350004 -0.0387869999 0.0493750013
v -0.0199699998 -0.0343330018 0.0523639992
v -0.0364550017 -0.00326999999 0.0469300002
v -0.0359059982 -0.00789500028 0.0486930013
v -0.0207850002 -0.0329810008 0.0558030009
v -0.0170089994 -0.0344699994 0.0574319996
v -0.0292479992 -0.0256399997 0.0523860008
v -0.0240669996 -0.0304920003 0.0561029986
v -0.0263599996 -0.0293080006 0.0529589988
v -0.0279670004 -0.0269080009 0.0541229993
v -0.0258600004 -0.0279920008 0.0578319989
v -0.0286909994 -0.0251770001 0.0559980012
v -0.0367820002 0.00257600006 0.0433060005
v -0.0311629996 -0.0207749996 0.0562350005
v -0.0312380008 -0.0223520007 0.0521249995
v -0.0360280015 0.00635900022 0.0386799984
v -0.0356549993 0.00816699956 0.037889
v -0.0361919999 0.00695999991 0.0404790007
v -0.0368460007 0.00107300002 0.0465920009
v -0.0323100016 -0.0192959998 0.0539610013
v -0.0266350005 -0.0247269999 0.0611549988
v -0.0258099996 -0.0264389999 0.0606530011
v -0.0286909994 -0.0251770001 0.0559980012
v -0.0311629996 -0.0207749996 0.0562350005
v -0.0298689995 -0.0214750003 0.058637999
v -0.0224549994 -0.0303540006 0.0595320016
v -0.0244299993 -0.0285369996 0.0597120002
v -0.0199420005 -0.03266 0.0580150001
v -0.0118460003 -0.0354689993 0.059590999
v -0.0244299993 -0.0285369996 0.0597120002
v -0.0224549994 -0.0303540006 0.0595320016
v -0.00446600001 0.000969999994 0.0643789992
v -0.00438100006 -0.00046499999 0.0635949969
v 0.00931799971 -0.0206310004 0.0697209984
v 0.00723600015 -0.0232360009 0.0696199983
v 0.00911400001 -0.0241519995 0.0697529987
v 0.0298030004 -0.00994099956 0.0670379996
v 0.0281969998 -0.0141660003 0.0674199983
v 0.0302900001 -0.0126790004 0.0659030005
v 0.0269649997 -0.0125449998 0.068700999
v -0.00113500003 0.000456999987 0.0639360026
v -0.00318100001 0.00222699996 0.0649920031
v 0.0284129996 -0.00950799976 0.0682089999
v 0.0115480004 -0.0214060005 0.0700540021
v 0.030638 -0.00699099991 0.066486001
v 0.0133069996 -0.0230620001 0.070009999
v -0.0112410001 -0.0326059982 0.0644539967
v -0.010613 -0.0309779998 0.0661559999
v 0.0284129996 -0.00950799976 0.0682089999
v 0.030638 -0.00699099991 0.066486001
v 0.0294860005 -0.00572500005 0.067671001
v 0.0140570002 -0.0200769994 0.0703359991
v -0.00227200007 -0.000769999984 0.0630349964
v -0.0117180003 -0.0290389992 0.0671589971
v -0.000823999988 0.00344899995 0.0657949969
v 0.00165300001 0.00139200001 0.0652810037
v -0.00710600009 -0.0301150009 0.0672229975
v -0.00814499985 -0.0323720016 0.0655039996
v 0.0264800005 -0.00910999998 0.0695659965
v 0.00248500006 -0.0023109999 0.0633099973
v 0.00257800007 -0.00592799997 0.0626209974
v 0.00392299984 -0.00330900005 0.0637630001
v 0.0035600001 -0.0160150006 0.0671110004
v 0.00363499997 -0.0133720003 0.0660459995
v 0.00144899997 -0.0150450002 0.0662079975
v 0.000635000004 -0.00202000001 0.0628750026
v 0.00226199999 -0.00392699987 0.0629220009
v 0.00174900005 -0.00132000004 0.063533999
v 0.0264800005 -0.00910999998 0.0695659965
v 0.0274650007 -0.00522099994 0.069238998
v 0.00803900044 -0.0154250003 0.0683690012
v 0.00368100009 -0.0191459991 0.0682289973
v 0.00736299995 -0.0180360004 0.0688270032
v -0.000752000022 -0.000900999992 0.0629990026
v 0.00411800016 -0.00494599994 0.0635280013
v -0.00959500019 -0.0283560008 0.0677310005
v 0.00684399996 -0.00171800004 0.0662449971
v 0.00613099989 -0.0138050001 0.067181997
v 0.00598999998 -0.0116299996 0.0662129968
v 0.00382900005 -0.0111130001 0.064861998
v -0.0045599998 -0.0315649994 0.066595003
v -0.00974499993 -0.0266689993 0.0681639984
v 0.00488999998 0.000119999997 0.0658690035
v 0.0110729998 -0.0178849995 0.0697550029
v 0.000368999987 -0.0323750004 0.0662359968
v -0.00422400003 -0.0337820016 0.0646239966
v -0.000123999998 -0.0343040004 0.0643680021
v -0.0124420002 -0.0247409996 0.0683239996
v 0.00363199995 0.001116 0.0657609999
v -0.00176799996 -0.0307989996 0.0672800019
v -0.0112300003 -0.0213440005 0.0683360025
v 0.0139600001 -0.0161639992 0.0702290013
v -0.0078019998 -0.0243720002 0.0684399977
v -0.00728699984 -0.0259210002 0.0684100017
v -0.00285500009 -0.0108329998 0.0634749979
v -0.000746999984 -0.00974300038 0.0627129972
v -0.00356299989 -0.00906299986 0.0627499968
v -0.00233800011 -0.00872999988 0.0624760017
v -0.00278400001 -0.028229 0.0682969987
v 0.00653500017 0.0024029999 0.0675730035
v -0.00456799986 -0.00789500028 0.0626929998
v -0.00356299989 -0.00906299986 0.0627499968
v -0.00233800011 -0.00872999988 0.0624760017
v -0.00391699979 -0.00663799979 0.0625910014
v -0.00292799994 -0.00692499988 0.0629409999
v -0.00292799994 -0.00692499988 0.0629409999
v -0.001407 -0.00845499989 0.0625279993
v -0.00252799992 -0.00713999989 0.0631640032
v -0.000837999978 -0.00767400023 0.0630910024
v -0.00135399995 -0.0124319997 0.0643159971
v 0.00173999998 -0.0121900002 0.0647329986
v 0.00137299998 -0.00914699957 0.0627740026
v 0.00121200003 -0.00830699969 0.0624210015
v 0.00905899983 -0.011992 0.067847997
v -0.00301100011 -0.0270489994 0.0685150027
v 0.011186 -0.0128389997 0.0689710006
v -0.00714900019 -0.0210139994 0.0680830032
v -0.00366399996 -0.0232110005 0.0684780031
v 0.00310899992 -0.00856500026 0.0633300021
v -0.0105140004 -0.0200999994 0.0681359991
v 0.00854900014 -0.00734699983 0.0665649995
v 0.00741400011 -0.0106279999 0.066614002
v 0.0119700003 -0.0102909999 0.0689050034
v 0.001085 -0.00711499993 0.062609002
v -0.0112300003 -0.0213440005 0.0683360025
v 0.00683900015 -0.00856800005 0.0656730011
v 0.00341899996 -0.00646399986 0.0629789978
v -0.00363099994 -0.0251870006 0.0685739964
v -0.000123000005 -0.0264120009 0.0687320009
v 0.00341899996 -0.00646399986 0.0629789978
v 0.000101999998 -0.0249869991 0.0688240007
v -0.00490800012 -0.0218049996 0.068186
v 0.00251100003 -0.0346809998 0.0640269965
v 0.0137609998 -0.0126520004 0.0699229985
v 0.0112300003 -0.0152740004 0.0694200024
v 0.00535799982 -0.0320799984 0.0664039999
v -0.00558699993 -0.0178200006 0.0669490024
v 0.0155990003 -0.0125259999 0.0704569966
v 0.00488500018 -0.0346579999 0.0638410002
v 0.00749300001 -0.0336019993 0.0646739975
v 0.016206 -0.0278590005 0.0674839988
v 0.0144720003 -0.0305829998 0.0658600032
v 0.0183150005 -0.0280000009 0.066366002
v -0.00827599969 -0.0173589997 0.0671740025
v 0.0147749996 -0.010311 0.070138
v 0.019235 -0.0250749998 0.0679799989
v 0.00968599971 -0.0305620003 0.0671370029
v 0.0118770003 -0.00735299988 0.0686039999
v -0.00827599969 -0.0173589997 0.0671740025
v 0.0212529991 -0.0276730005 0.0647130013
v 0.0121050002 -0.0320300013 0.0652540028
v 0.0142050004 -0.00803100038 0.0698760003
v 0.0223609991 -0.0250720009 0.0661460012
v 0.013022 -0.0298030004 0.0670109987
v -0.00534000015 -0.0149529995 0.0658679977
v 0.0245650001 -0.0208790004 0.0672549978
v 0.0251979996 -0.0234629996 0.0649579987
v 0.0168370008 -0.00671100011 0.0708469972
v 0.00820299983 -0.00539800012 0.0662389994
v 0.00854900014 -0.00734699983 0.0665649995
v 0.00187100004 -0.0310789999 0.0672179982
v -0.0020659999 -0.0215000007 0.0682149976
v 0.00161799998 -0.0291900001 0.0682249963
v 0.0135040004 -0.0270770006 0.0686910003
v 0.0091380002 -0.00378499995 0.0671179965
v -0.00375399995 -0.0192179997 0.0674659982
v 0.0114129996 -0.00329399994 0.0686080009
v 0.0118770003 -0.00735299988 0.0686039999
v 0.0163679998 -0.0253679994 0.0689050034
v 0.00665599992 -0.0297040008 0.0680069998
v -0.000716999988 -0.0189360008 0.0675700009
v 0.000905999972 -0.0198810007 0.0680710003
v 0.00132000004 -0.0221590009 0.0686620027
v 0.0146460002 -0.0242890008 0.0697019994
v -0.001988 -0.0168970004 0.0665490031
v 0.00609900011 -0.0272959992 0.0690229982
v 0.00910199992 0.000816999993 0.0682509989
v 0.00176799996 -0.0280080009 0.0686020032
v 0.0185899995 -0.0210909992 0.0699089989
v 0.0110020004 -0.000386 0.0689600036
v 0.0145629998 -0.00325699989 0.0702849999
v 0.0192639995 -0.0222520009 0.0693280026
v -0.00534000015 -0.0149529995 0.0658679977
v 0.0117650004 -0.0252330005 0.0696579963
v 0.00454699993 -0.0263880007 0.0691519976
v 0.0137970001 -0.000247999997 0.0702669993
v 0.0170310009 -0.0201440006 0.0703459978
v 0.00394700002 -0.0229809992 0.0691360012
v 0.0234340001 -0.0204879995 0.0682500005
v -0.00410400005 -0.0140749998 0.0652759969
v 0.0147770001 -0.00475199986 0.0703440011
v 0.0142050004 -0.00803100038 0.0698760003
v 0.0168370008 -0.00671100011 0.0708469972
v 0.0147749996 -0.010311 0.070138
v 0.0162809994 -0.0174710006 0.0704979971
v 0.0105010001 -0.0280959997 0.0685980022
v -0.00285500009 -0.0108329998 0.0634749979
v 0.0200849995 -0.0171470009 0.0704779997
v -0.00410400005 -0.0140749998 0.0652759969
v 0.0187929999 -0.00551200006 0.0712879971
v 0.0178520009 -0.00148500002 0.0713070035
v 0.0157869998 0.000771999999 0.0709450021
v 0.0218889993 -0.0171029996 0.0701220036
v 0.0217189994 -0.0195790008 0.0694840029
v 0.0169869997 -0.0137560004 0.0707359985
v 0.018158 -0.00917099975 0.0710330009
v 0.0197010003 -0.0142280003 0.0708269998
v 0.0191430002 -0.0109019997 0.0710669979
v 0.0209229998 -0.0103230001 0.0710610002
v 0.0219739992 -0.0128330002 0.0707459971
v 0.0242369995 -0.0168559998 0.0692280009
v 0.0238259993 -0.0102979997 0.070524998
v -0.00463300012 -0.00627100002 0.0625210032
v 0.0187929999 -0.00551200006 0.0712879971
v 0.0279229991 -0.0168350004 0.0665609986
v 0.0275420006 -0.0206979997 0.0646490008
v 0.0294339992 -0.0169469994 0.0648979992
v 0.0214949995 -0.0080509996 0.0712189972
v 0.0220190007 -0.00492500002 0.0713919997
v 0.0214949995 -0.0080509996 0.0712189972
v -0.00414199987 -0.00417099986 0.0624269992
v 0.0226429999 -0.0142209996 0.0704229996
v 0.0240119994 -0.00645500002 0.0708250031
v -0.00277199992 -0.00308599998 0.0627299994
v -0.00271199993 -0.0020620001 0.0625410005
v -0.00456999987 -0.00231299992 0.0628139973
v 0.0240119994 -0.00645500002 0.0708250031
v 0.0264279991 -0.0156490002 0.0683000013
v 0.00467800023 -0.0212430004 0.0690009966
v -0.00339900004 -0.00509200012 0.0631140023
v -0.000821000023 -0.006513 0.0654909983
v -0.00131600001 -0.00477200001 0.0657029971
v -0.00242500007 -0.00580199994 0.0653029978
v 7.10000022e-05 -0.00539600011 0.0656429976
v -0.00196400005 -0.0042059999 0.0653740019
v 0.0252470002 -0.00335899997 0.0704609975
v 0.0231730007 -0.00296099996 0.0711579993
v 0.0203070007 -0.00286499993 0.0714659989
v 0.0243679993 -0.0135700004 0.069885999
v 0.0349459983 -0.017771 0.0516799986
v 0.0309929997 -0.0211779997 0.0583529994
v 0.0321099982 -0.0211089998 0.0556019992
v 0.0332750008 -0.0182540007 0.0565389991
v 0.0280230008 -0.0229930002 0.0618689992
v 0.0305909999 -0.0189980008 0.0616599992
v -0.00523700006 -0.0394160002 0.0512810014
v 0.0362749994 -0.0136460001 0.0521680005
v 0.0344079994 -0.0148520004 0.0573699996
v 0.0362330005 -0.0096230004 0.0555390008
v 0.00260200002 -0.0403579995 0.0497490019
v 0.0164979994 -0.0352220014 0.0564440005
v 0.0131059997 -0.0371689983 0.054175999
v -0.00174700003 -0.0393610001 0.0537559986
v -0.00579900015 -0.0387610011 0.0541739985
v 0.0197139997 -0.034097001 0.0544329993
v 0.0150220003 -0.0351549983 0.0583689995
v 0.0121689998 -0.0367109999 0.0569510013
v -0.00178599998 -0.00703800004 0.0648310035
v -0.000421000004 -0.00723400014 0.0646009967
v -0.00290700002 -0.0061590001 0.064561002
v -0.00252799992 -0.00713999989 0.0631640032
v -0.00178599998 -0.00703800004 0.0648310035
v 0.0335329995 -0.0135620004 0.0603969991
v -0.007828 -0.0377900004 0.0561649986
v 0.0166229997 -0.0326070003 0.0618989989
v 0.0198330004 -0.0321110003 0.0593970008
v 0.0350180008 -0.0107279997 0.0585430004
v -0.00233400008 -0.00326099992 0.0631129965
v -0.00618400006 -0.0371080004 0.0586769991
v -0.00861799996 -0.0363840014 0.0594459996
v -0.00283899996 -0.00430000015 0.064594999
v 0.0140939998 -0.0341279991 0.0613609999
v -0.00149000005 -0.00334400008 0.0647469983
v 0.0187090002 -0.0300500002 0.0638680011
v 0.0220439993 -0.0295950007 0.0614739992
v 0.0144039998 -0.0327689983 0.0632970035
v -5.09999991e-05 -0.00361300004 0.0651179999
v -0.00199300004 -0.0383250006 0.057147
v -0.000821000023 -0.006513 0.0654909983
v 0.000329000002 -0.00705200015 0.0634120032
v 0.0108749997 -0.0340530016 0.0631479993
v 0.000768000027 -0.00604700018 0.0648590028
v 0.00116900005 -0.005779 0.0635930002
v 0.00100699998 -0.0389109999 0.0558199994
v 0.00143900001 -0.00599400001 0.0629080012
v 0.00133899995 -0.00458500022 0.0632809997
v 0.00116900005 -0.005779 0.0635930002
v -0.00312200002 -0.0373920016 0.0593790002
v 0.000762999989 -0.00450399984 0.0650689974
v 0.000768000027 -0.00604700018 0.0648590028
v 7.10000022e-05 -0.00539600011 0.0656429976
v -0.000582000008 -0.0374060012 0.0595999993
v 0.0248920005 -0.0257610008 0.0631180033
v -0.000583000015 -0.00198900001 0.0627119988
v -0.000686999992 -0.00282000005 0.0632380024
v 0.000633999996 -0.00335199991 0.0633139983
v 0.00577299995 -0.0398439988 0.0509480014
v 0.0033760001 -0.039531 0.053470999
v 0.00727100018 -0.0390579998 0.0537290014
v 0.00124899996 -0.00375599996 0.0631500036
v 0.0108730001 -0.0377350003 0.0551409982
v 0.00665799994 -0.0378540009 0.0578369983
v 0.00257800007 -0.00592799997 0.0626209974
v 0.00143900001 -0.00599400001 0.0629080012
v 0.00248800009 -0.0380109996 0.0584109984
v 0.00103699998 -0.0366059989 0.0612920001
v 0.00602099998 -0.0368519984 0.0601870008
v 0.0305729993 -0.0158309992 0.0640840009
v 0.0235990006 -0.0316109993 0.0536010005
v 0.00953199994 -0.0360129997 0.0605610013
v 0.0225239992 -0.0308049992 0.058600001
v 0.0325709991 -0.0121510001 0.062905997
v 0.0269910004 -0.0286599994 0.0531440005
v 0.0250690002 -0.0288820006 0.0579539984
v 0.032407999 -0.00922199991 0.0641190037
v 0.0285250004 -0.0258339997 0.0564390011
v -0.00863599963 -0.0342889987 0.0631230026
v -0.00308299996 -0.0360779986 0.0618389994
v 0.0298030004 -0.00994099956 0.0670379996
v 0.032407999 -0.00922199991 0.0641190037
v 0.0343029983 -0.00930699985 0.0609709993
v 0.0258259997 -0.0266110003 0.0607950017
v 0.0273010004 -0.0255679991 0.0597429983
v 0.00581400003 -0.0354290009 0.0626590028
v -0.00476399995 0.0183889996 0.0685219988
v -0.00945299957 0.0171540007 0.0682540014
v -0.00516200019 0.0161450002 0.0688979998
v -0.0131529998 0.0155130001 0.0679140016
v -0.0153029999 0.0139619997 0.067681998
v -0.0120989997 0.0126350001 0.0681350008
v -0.0176880006 0.0119989999 0.0675700009
v -0.0178890005 0.0137019996 0.0672729984
v -0.00941899978 0.0184460003 0.0679010004
v -0.00342399999 0.0199510008 0.0681869984
v -0.00929099973 0.0206170008 0.0669120029
v -0.0210670009 0.0138299996 0.0663210005
v -0.00929000042 0.010365 0.0681470037
v -0.0221469998 0.0163909998 0.0645079985
v -0.00404699985 0.0074169999 0.0675659999
v -0.0102540003 0.0146819996 0.0684090033
v -0.00489100022 0.0119890003 0.0686829984
v -0.0052240002 0.0144170001 0.0689089969
v -0.0193840005 0.0172799993 0.0654129982
v -0.00151199999 0.0165509991 0.0692540035
v -0.0188040007 0.0154959997 0.0665180013
v -0.0106720002 0.0246970002 0.0634550005
v -0.0152639998 0.0210699998 0.0649460033
v -0.0122760003 0.0216060001 0.0656199977
v -0.0135159995 0.0203239992 0.0660350025
v -0.0169900004 0.0179389995 0.066099003
v -0.0146859996 0.0171959996 0.0671430007
v -0.0108460002 0.0233440008 0.064714998
v -0.0132330004 0.0187560003 0.0669289976
v -0.0184170008 0.0201040003 0.0639939979
v -0.00526000001 0.00920700002 0.0681049973
v -0.00731300004 0.0227400009 0.0660640001
v -0.00747299986 0.0245810002 0.0645639971
v -0.00449200021 0.022287 0.066881001
v -0.000220000002 0.0228930004 0.066990003
v -0.00417400012 0.0244030003 0.0654399991
v -0.00118999998 0.0250809994 0.0651360005
v -0.0335649997 0.00812199991 0.0267009996
v -0.00234199991 0.0332590006 0.0370279998
v -0.000644000014 0.0334439985 0.0425760001
v 0.00217400002 0.0334669985 0.0352470018
v -0.0169879999 0.0253989995 0.0578170009
v -0.0129049998 0.0263209995 0.0598820001
v -0.0149529995 0.0278309993 0.0544519983
v -0.016059 0.024487 0.0604620017
v -0.0208909996 0.0236009993 0.0566449985
v -0.0220979992 0.0210190006 0.059905
v 0.00315600005 0.0336339995 0.0429779999
v -0.00321700005 0.0329720005 0.044321999
v 0.000529000012 0.0332739986 0.0456210002
v -0.0212820005 0.0263759997 0.0415150002
v -0.0223859996 0.0254369993 0.0463839993
v -0.019382 0.0272429995 0.0459389985
v -0.0198049992 0.0207139999 0.0624849983
v -0.0148210004 0.0232009999 0.0632089972
v -0.0202149991 0.027098 0.0388199985
v -0.0137769999 0.0302319992 0.0420919992
v -0.0178830009 0.0282000005 0.0361430012
v 0.00864899997 0.0332800001 0.0383809991
v 0.00435000006 0.0335519984 0.0363299996
v 0.00720900018 0.0334720016 0.0408690013
v 0.010698 0.0327689983 0.0423670001
v 0.0120259998 0.0325220004 0.0372360013
v -0.0317149982 0.0122600002 0.0252439994
v -0.0165069997 0.0287730005 0.045279
v -0.0343529992 0.00966100022 0.0319840014
v 0.0064249998 0.0330060013 0.0463420004
v 0.00816600025 0.0327470005 0.0466919988
v -0.00694799982 0.0324640013 0.0413069986
v -0.00586399995 0.032430999 0.0454480015
v -0.0161029994 0.0288469996 0.0477089994
v -0.0111130001 0.0311990008 0.0440159999
v -0.0112330001 0.0285480004 0.0564719997
v -0.0116499998 0.0295299999 0.0532709993
v -0.00530700013 0.0320569985 0.0490459986
v -0.015532 0.027826 0.0238450002
v -0.00264400011 0.0324690007 0.0485670008
v -0.0117589999 0.0295429993 0.024797
v -0.000951000024 0.0317800008 0.0528439991
v 0.0043899999 0.0326760001 0.0495419987
v -0.0196509995 0.0258050002 0.0250129998
v -0.0324169993 0.0137050003 0.0306540001
v -0.0105990004 0.0264539998 0.0611339994
v -0.004098 0.0297229998 0.0577649996
v -0.00730099995 0.0302220006 0.0548329987
v -0.00773799978 0.0287640002 0.0581200011
v -0.0304279998 0.0148259997 0.0251819994
v -0.0127950003 0.0300060008 0.0298629999
v -0.0185829997 0.0270860009 0.0284749996
v -0.0159469992 0.0290520005 0.0333370008
v -0.0281530004 0.0175359994 0.0235779993
v -0.00661200006 0.0277180001 0.0607869998
v -0.00622900017 0.0267040003 0.0624799989
v 0.00921600033 0.0318760015 0.0507250018
v -0.0336580016 0.0129159996 0.0355949998
v -0.00768799987 0.0313500017 0.0284589995
v -0.00690900022 0.0298560001 0.0211720001
v -0.0291089993 0.0176209994 0.0267910007
v -0.0321950018 0.0148649998 0.0522189997
v -0.0334229991 0.0142179998 0.0455680005
v -0.00543199992 0.0309999995 0.0240950007
v -0.030491 0.0169840008 0.0308270007
v -0.00543199992 0.0309999995 0.0240950007
v -0.0318000019 0.0167159997 0.045545999
v -0.0303610004 0.0173579995 0.0520340018
v -0.0314039998 0.0163519997 0.033530999
v -0.000847999996 0.0321270004 0.0261269994
v -0.0302910004 0.0156839993 0.055737
v -0.00255000009 0.0325019993 0.0289939996
v -0.000847999996 0.0321270004 0.0261269994
v -0.0284989998 0.0205400009 0.0473029986
v -0.0308529995 0.0179469995 0.0461089984
v -0.0279300008 0.0206489991 0.0495410003
v -0.0269269999 0.0212149993 0.0508649983
v -0.00191700005 0.0284090005 0.0609499998
v -0.026478 0.0200399999 0.024526
v 0.000138000003 0.0303760003 0.0571650006
v -0.0273090005 0.0181670003 0.0574340001
v -0.0267810002 0.0199219994 0.0548
v -0.00872199982 0.0315110013 0.0315690003
v -0.002783 0.026811 0.0630559996
v -0.0125040002 0.0305799991 0.0357239991
v -0.0240630005 0.0222849995 0.0545650013
v -0.025014 0.0225530006 0.0516260006
v -0.0101030003 0.0315329991 0.0381940007
v -0.026478 0.0200399999 0.024526
v -0.0241589993 0.0224639997 0.0248429999
v -0.0293300003 0.0146559998 0.0590399988
v 0.00115100003 0.0271840002 0.0629360005
v -0.00627199979 0.0323520005 0.033640001
v 0.000591000018 0.0290169995 0.0601699986
v -0.0266650002 0.0160569996 0.0610539988
v 0.00418999977 0.0258019995 0.064538002
v -0.00179799995 0.0329839997 0.0321400017
v -0.0253090002 0.0190229993 0.0588539988
v -0.0243469998 0.0209689997 0.0569159985
v -0.0235639997 0.0180980004 0.0620540008
v -0.0262819994 0.0228499994 0.0449279994
v -0.0254170001 0.0234030001 0.0463149995
v 0.00323899998 0.0329510011 0.0296069998
v -0.0225019995 0.0249019992 0.0301009994
v -0.0226680003 0.0241429992 0.0522340015
v 0.00691299979 0.0327389985 0.030553
v 0.0102700004 0.0318319984 0.0288670007
v -0.0282969996 0.0193210002 0.0287919994
v 0.00323899998 0.0329510011 0.0296069998
v 0.00674800016 0.0332389995 0.0334869996
v -0.0264570005 0.0216400009 0.0295480005
v -0.0291089993 0.0176209994 0.0267910007
v -0.0282969996 0.0193210002 0.0287919994
v -0.0285870004 0.0200909991 0.0329280011
v -0.030491 0.0169840008 0.0308270007
v 0.00674800016 0.0332389995 0.0334869996
v 0.012631 0.0317710005 0.0316770002
v 0.00997400004 0.0328780003 0.0353070013
v 0.0120259998 0.0325220004 0.0372360013
v 0.00997400004 0.0328780003 0.0353070013
v -0.0230529997 0.0248569995 0.0325199999
v -0.0194899999 0.0264350008 0.0510010011
v -0.0192729998 0.0270959996 0.0317110009
v -0.0184279997 0.0262189992 0.0539369993
v -0.0053249998 0.0328049995 0.0368300006
v -0.0147460001 0.0287180003 0.0514839999
v -0.0126470001 0.0300639998 0.0493090004
v -0.0341320001 0.0128009999 0.0403500013
v -0.00983399991 0.0313600004 0.0468030013
v -0.00988100003 0.0309270006 0.0500000007
v -0.032912001 0.0149750002 0.0425999984
v -0.00615100004 0.0316389985 0.0507460013
v -0.0299849994 0.0190769993 0.0365349986
v -0.00358600006 0.0317509994 0.0518449992
v -0.0285870004 0.0200909991 0.0329280011
v -0.0320550017 0.0164810009 0.0395280011
v -0.0303559992 0.0189069994 0.0394079983
v -0.0299849994 0.0190769993 0.0365349986
v -0.0320550017 0.0164810009 0.0395280011
v -0.0341320001 0.0128009999 0.0403500013
v -0.0355079994 0.00984499976 0.0421640016
v 0.00703100022 0.0313710012 0.0536839999
v 0.00209499989 0.0314220004 0.0544460006
v -0.032912001 0.0149750002 0.0425999984
v 0.00209100009 0.0298500005 0.0584569983
v 0.00541999983 0.0300949998 0.0576209985
v -0.0297970008 0.0194429997 0.0433989987
v -0.0275090002 0.0219950005 0.0423830003
v -0.0270230006 0.0221079998 0.0361439995
v -0.0243009999 0.0243829992 0.036793001
v -0.0216019992 0.0261289999 0.0352759995
v -0.0229269993 0.0253570005 0.0398119986
v -0.0248629991 0.0241260007 0.0413630009
v 0.00730900001 0.019142 0.0689259991
v 0.00909900013 0.0170980003 0.0695609972
v 0.00940699968 0.0192479994 0.0687860027
v 0.0112589998 0.0220509991 0.0669270009
v 0.0115740001 0.0206300002 0.0678239986
v 0.0148780001 0.0221139994 0.0658060014
v 0.00687800022 0.0164330006 0.0697380006
v 0.00470199995 0.0137130003 0.0697560012
v 0.00778800016 0.0143179996 0.0700279996
v 0.0170179997 0.0197960008 0.066790998
v 0.0196959991 0.0184889995 0.0665350035
v 0.0191249996 0.0210309997 0.0647670031
v 0.0183789991 0.0173710007 0.0678030029
v 0.00438199984 0.0207000002 0.068291001
v 0.00789500028 0.0218039993 0.0676079988
v 0.00444999989 0.0225099996 0.0673549995
v 0.0287699997 -0.00160299998 0.0680129975
v 0.0119059999 0.0175659992 0.0692339987
v 0.0263320003 -0.000881000014 0.0697230026
v 0.00846500043 0.00567100011 0.0693899989
v 0.00136300002 0.0188069995 0.0690250024
v 0.00150599994 0.0174160004 0.0693129972
v 0.000666000007 0.0141829997 0.0694110021
v 0.0108540002 0.00406499999 0.0698060021
v 0.0133870002 0.00280499994 0.0705009997
v 0.00103799999 0.0210759994 0.0680849999
v 0.00274299993 0.0243539996 0.0659829974
v 0.0313819982 -0.00254100002 0.0656130016
v 0.00716299983 0.0234169997 0.0665350035
v 0.00791999977 0.0246099997 0.0653339997
v 0.0298699997 0.00127999997 0.0665720031
v 0.0119679999 0.0233469997 0.0656709969
v 0.0129089998 0.0247399993 0.0639159977
v 0.0176379997 0.00239600008 0.0713630021
v 0.0207599998 -0.000333000004 0.0714949965
v 0.0287960004 0.00607299991 0.0664919987
v 0.0304039996 0.0072900001 0.0644040033
v 0.0287670009 0.00967300031 0.0651670024
v 0.0229659993 0.000169999999 0.0711349994
v 0.0164860003 0.00468599983 0.071258001
v 0.0205559991 0.0029790001 0.0713749975
v 0.031583 0.000800999987 0.0648140013
v 0.0285529997 0.00287700002 0.0674429983
v 0.0240819994 0.00385800004 0.0701439977
v 0.0263909996 0.00258799992 0.0691229999
v 0.011349 0.00658100005 0.0703689978
v 0.0221590009 0.0143290004 0.067805998
v 0.0203319993 0.0140279997 0.0687739998
v 0.0225140005 0.0107180001 0.0690319985
v 0.0265319999 0.0130240005 0.0656220019
v 0.0254580006 0.0110160001 0.067309998
v 0.0236399993 0.0162930004 0.0657889992
v 0.0259189997 0.0140300002 0.0654750019
v -4.50000007e-05 0.00526400004 0.066918999
v 0.0225230008 0.00344699994 0.0708269998
v 0.00928600039 0.00906699989 0.0702359974
v 0.0041100001 0.00348499999 0.0670730025
v 0.022233 0.0192540009 0.0643460006
v 0.0147700002 0.00447099982 0.0710109994
v 0.018406 0.0145530002 0.0691919997
v 0.0145690003 0.0179970004 0.0685639977
v 0.0145410001 0.0153160002 0.0697320029
v 0.0259700008 0.00572100002 0.0687209964
v 0.0266709998 0.00939899962 0.067038998
v 0.0148820002 0.0201370008 0.067286998
v 0.0110560004 0.0147360004 0.0701790005
v 0.0250259992 0.00916299969 0.0681930035
v 0.0190830007 0.00573700015 0.071186997
v 0.0209800005 0.00619499991 0.0707779974
v 0.0154130002 0.0129559999 0.0703449994
v 0.000239000001 0.00713300006 0.0678239986
v 0.0224159993 0.0082949996 0.0697999969
v 0.0125190001 0.0101389997 0.0707829967
v 0.00979899988 0.0107730003 0.0704099983
v 0.0173669998 0.0114479996 0.0704239979
v -0.00144999998 0.0091380002 0.0683349967
v 0.0160399992 0.00908400025 0.0709860027
v 0.012081 0.0129399998 0.070524998
v 0.0197289996 0.0101110004 0.0701930001
v 0.00613099989 0.0126799997 0.0699319988
v -0.00160199997 0.0126710003 0.069114998
v 0.00170899997 0.00890299957 0.0687030032
v 0.000285999995 0.0103019997 0.0689020008
v 0.0188880004 0.00775599992 0.0709109977
v 0.00498099998 0.00695300009 0.0688380003
v 0.016601 0.0243149996 0.0626920015
v 0.0057959999 0.0094440002 0.0695760027
v 0.00296900002 0.0111509999 0.0693840012
v 0.00495600002 0.0176110007 0.0693869963
v 0.0043680002 0.0154980002 0.0696979985
v 0.0314959995 0.013142 0.0589260012
v 0.0315850005 0.0104130004 0.0610079989
v 0.0327700004 0.010152 0.0589030012
v 0.0239070002 0.0217829999 0.060233999
v 0.0274250004 0.0191760007 0.0593620017
v 0.0260199998 0.0211399999 0.0585639998
v 0.0298120007 0.0126940003 0.0621839985
v 0.0213300008 0.0239410009 0.059489999
v 0.0232050009 0.0238140002 0.0577410012
v 0.0258869994 0.0225239992 0.0562999994
v 0.0275669992 0.0206480008 0.0566530004
v 0.0296570007 0.0160130002 0.0592520013
v 0.0309960004 0.0163320005 0.0559680015
v 0.02403 0.0246130005 0.0545299985
v 0.0199040007 0.0230919998 0.0619359985
v 0.0214140005 0.0279169995 0.0478210002
v 0.0187240001 0.0289960001 0.0501799993
v 0.0210859999 0.0273800008 0.0515529998
v 0.0372279994 -0.00855999999 0.0520690009
v 0.0263519995 0.0166929998 0.0631259978
v 0.0281799994 0.0167670008 0.0608329996
v 0.0381579995 -0.00495499978 0.0474490002
v 0.0243480001 0.0195289999 0.0623890013
v 0.0370270014 -0.00560100004 0.053842999
v 0.0349459983 0.0127309998 0.0455060005
v 0.0332840011 0.0156839993 0.0472760014
v 0.0312450007 0.0196160004 0.0404930003
v 0.0378989987 -0.00247099996 0.0492510013
v 0.0163289998 0.0307219997 0.0338120013
v 0.0310500003 0.0190340001 0.0477170013
v 0.0317969993 0.0170799997 0.0512199998
v 0.0237249993 0.0267130006 0.0341410004
v 0.0295589995 0.0193470009 0.0539369993
v 0.0285119992 0.0215070006 0.0515139997
v 0.0197069999 0.0293000005 0.0364999995
v 0.0355859995 -0.0020969999 0.0582720004
v 0.0353140011 -0.00407799985 0.0593149997
v 0.035627 -0.00742000015 0.058180999
v 0.0368640013 -0.00226900005 0.0540230013
v 0.0220560003 0.0280579999 0.0410239995
v 0.0149370003 0.031622 0.0393919982
v 0.0368000008 0.00155499997 0.0526290014
v 0.0362300016 -0.000513000006 0.0556900017
v 0.0359850004 0.00306800008 0.055071
v 0.0234130006 0.0271729995 0.0403509997
v 0.0191459991 0.0296240002 0.0436130017
v 0.0377379991 0.00255000009 0.0444470011
v 0.0369450003 0.00642100023 0.0453509986
v 0.00973400008 0.0301300008 0.0557500012
v 0.0137 0.0290900003 0.0560379997
v 0.0117149996 0.0307119992 0.0528450012
v 0.0112669999 0.0283899996 0.0589150004
v 0.0063169999 0.0286049992 0.0602530017
v 0.0370690003 0.00393699994 0.0487550013
v 0.0285810009 0.0227719992 0.0394750014
v 0.0257200003 0.0253309999 0.0373389982
v 0.00432100007 0.0272300001 0.0627159998
v 0.0155220004 0.0300130006 0.0516990013
v 0.00742699997 0.0260090008 0.0638569966
v 0.0358750001 0.0103909997 0.0443589985
v 0.0148729999 0.0269859992 0.0596930012
v 0.0173860006 0.0274669994 0.0567720011
v 0.0119000003 0.026633 0.0616719984
v 0.0359130017 0.00873299967 0.0487879999
v 0.0309689995 0.0196429994 0.0440579988
v 0.0280440003 0.0231989995 0.0452729985
v 0.0360560007 0.0062330002 0.0522189997
v 0.0186999999 0.0259629991 0.058600001
v 0.0256239995 0.0254180003 0.0437479988
v 0.0233989991 0.026943 0.0441000015
v 0.0348739997 0.0116320001 0.0493469983
v 0.0334579982 0.0138280001 0.0518600009
v 0.0347860008 0.0100379996 0.0528480001
v 0.015315 0.0312579982 0.0445090011
v 0.0345260017 -0.00291100005 0.0608489998
v 0.0345899984 -0.0062330002 0.0607779995
v 0.0322000012 -0.00440600002 0.0647040009
v 0.012445 0.0318100005 0.0475829989
v 0.033183001 0.000262999994 0.0627800003
v 0.0160980001 0.030638 0.0475430004
v 0.0348180011 0.000707999978 0.0595309995
v 0.0336030014 0.00507500023 0.0603009984
v 0.0193189997 0.0275090002 0.054423999
v 0.0325030014 0.00714900019 0.061319001
v 0.0278389994 0.0229119994 0.0486590005
v 0.0266200006 0.0242710002 0.0469929986
v 0.0347599983 0.00522200018 0.0576119982
v 0.0343290009 0.00804600026 0.0568419993
v 0.0243200008 0.025355 0.0513300002
v 0.0239809994 0.0262150001 0.0476359986
v 0.0329240002 0.0129190003 0.0556770004
vt 0.228952006 0.231122971
vt 0.244137004 0.225502014
vt 0.231713995 0.239512026
vt 0.241834 0.255069971
vt 0.217264995 0.274098992
vt 0.211651996 0.256110013
vt 0.260978013 0.238201976
vt 0.246383995 0.240877986
vt 0.26334101 0.212563992
vt 0.164434999 0.319415987
vt 0.172196001 0.309319019
vt 0.173810005 0.329949975
vt 0.184358001 0.320869982
vt 0.279368013 0.33465302
vt 0.273366988 0.323754013
vt 0.294638008 0.319858015
vt 0.294077992 0.295553982
vt 0.301560014 0.307666004
vt 0.280321985 0.311607003
vt 0.266764998 0.338310003
vt 0.322881013 0.372748971
vt 0.319738001 0.384301007
vt 0.299986005 0.387421012
vt 0.315759003 0.399679005
vt 0.312510997 0.411882997
vt 0.159563005 0.332118988
vt 0.173324004 0.342221975
vt 0.313535005 0.296096027
vt 0.28571099 0.370465994
vt 0.273355007 0.376872003
vt 0.264333993 0.358229995
vt 0.258446991 0.373678982
vt 0.279751986 0.353478014
vt 0.312377989 0.313597977
vt 0.306641996 0.334546983
vt 0.316078007 0.324679971
vt 0.213511005 0.284035027
vt 0.193203002 0.286131978
vt 0.221324995 0.289431989
vt 0.194707006 0.291760981
vt 0.141194999 0.301922023
vt 0.124576002 0.304701984
vt 0.126167998 0.290107012
vt 0.150002003 0.315394998
vt 0.130474001 0.312602997
vt 0.139798 0.322483003
vt 0.303736001 0.361189008
vt 0.320968986 0.352702975
vt 0.195300996 0.276585996
vt 0.208086997 0.266752005
vt 0.187505007 0.30745101
vt 0.201236993 0.303358972
vt 0.144068003 0.330280006
vt 0.201735005 0.311233997
vt 0.248180002 0.423125982
vt 0.25028801 0.402961016
vt 0.263224989 0.407975018
vt 0.200183004 0.253243029
vt 0.199195996 0.320083022
vt 0.194626004 0.335812986
vt 0.233340994 0.267744005
vt 0.253351003 0.259449005
vt 0.238462001 0.281688988
vt 0.127110004 0.325097024
vt 0.120646998 0.314879
vt 0.229938999 0.278719008
vt 0.191075996 0.298427999
vt 0.180603996 0.301989973
vt 0.250241011 0.390588999
vt 0.227386996 0.389209986
vt 0.224701002 0.411104023
vt 0.17678 0.289949
vt 0.206136003 0.374629021
vt 0.216758996 0.399963021
vt 0.182595 0.28095597
vt 0.169650003 0.296775997
vt 0.185960993 0.266489029
vt 0.163560003 0.348986983
vt 0.148075998 0.359287977
vt 0.142829001 0.340167999
vt 0.136660993 0.354351997
vt 0.197703004 0.24149102
vt 0.217126995 0.23319
vt 0.154136002 0.374629974
vt 0.203115001 0.233056009
vt 0.204877004 0.407984972
vt 0.157351002 0.30181402
vt 0.213241994 0.299498975
vt 0.138065994 0.37342602
vt 0.135156006 0.287890971
vt 0.152388006 0.293980002
vt 0.163911998 0.266797006
vt 0.164991006 0.287545025
vt 0.170984 0.258042991
vt 0.123043999 0.342961013
vt 0.234090999 0.419062972
vt 0.188051999 0.249867022
vt 0.157763004 0.250891984
vt 0.185509995 0.241532028
vt 0.178470999 0.235274971
vt 0.112527996 0.319759011
vt 0.113043003 0.337449014
vt 0.188512996 0.232511997
vt 0.190130994 0.224887013
vt 0.261413008 0.435113013
vt 0.206403002 0.222169995
vt 0.278634995 0.417293012
vt 0.121206999 0.356454015
vt 0.239167005 0.441672027
vt 0.261510998 0.463715971
vt 0.267028004 0.252901018
vt 0.108035997 0.360405028
vt 0.266214997 0.448508024
vt 0.221941993 0.432210028
vt 0.187873006 0.403895974
vt 0.210666999 0.433529019
vt 0.176903993 0.394730985
vt 0.175071001 0.381049991
vt 0.217476994 0.448771
vt 0.239979997 0.216886997
vt 0.224322006 0.224237978
vt 0.284530997 0.242362976
vt 0.289151996 0.247036994
vt 0.276959002 0.23655802
vt 0.233236998 0.457277
vt 0.213887006 0.21904701
vt 0.231707007 0.20757401
vt 0.225866005 0.198646009
vt 0.276917011 0.224986017
vt 0.25831899 0.202275991
vt 0.271378011 0.389770985
vt 0.291655004 0.217975974
vt 0.193215996 0.429497004
vt 0.168712005 0.374068022
vt 0.199119002 0.450838983
vt 0.170205995 0.359247983
vt 0.162891001 0.397837996
vt 0.288554996 0.202606976
vt 0.174293995 0.412317991
vt 0.278151006 0.211847007
vt 0.135738999 0.390004992
vt 0.287768006 0.396820009
vt 0.296543986 0.412303984
vt 0.244844005 0.355758011
vt 0.254747987 0.344165027
vt 0.147799 0.397942007
vt 0.246787995 0.37874198
vt 0.158768997 0.415633023
vt 0.222993001 0.364712
vt 0.232295007 0.358169973
vt 0.234787002 0.373546004
vt 0.269710004 0.190934002
vt 0.228428006 0.298011005
vt 0.316875011 0.423255026
vt 0.156516001 0.435133994
vt 0.32436499 0.411144018
vt 0.282086998 0.432196975
vt 0.241174996 0.290795028
vt 0.249495998 0.307985008
vt 0.304670006 0.436380029
vt 0.291117996 0.449092984
vt 0.256936014 0.276557028
vt 0.257604986 0.296947002
vt 0.277657002 0.464425027
vt 0.184755996 0.439302027
vt 0.171961993 0.439513981
vt 0.242680997 0.322055995
vt 0.227605999 0.327709019
vt 0.229004994 0.310304999
vt 0.292284995 0.337480009
vt 0.290960014 0.355203986
vt 0.30519101 0.455678999
vt 0.327558994 0.430617988
vt 0.320071995 0.44560802
vt 0.215549007 0.348999023
vt 0.198089004 0.358844995
vt 0.198752999 0.348608017
vt 0.210538 0.331260026
vt 0.264299005 0.313175976
vt 0.258798003 0.326206028
vt 0.137843996 0.429843009
vt 0.125616997 0.419598997
vt 0.150373995 0.421661973
vt 0.240777999 0.337480009
vt 0.184677005 0.349498987
vt 0.0862229988 0.383354008
vt 0.0965159982 0.354089975
vt 0.103005998 0.391709983
vt 0.0823509991 0.400627017
vt 0.211429998 0.313135982
vt 0.184131995 0.365764022
vt 0.211712003 0.362474978
vt 0.217574 0.327696025
vt 0.122245997 0.371360004
vt 0.275541991 0.283960998
vt 0.270125002 0.29785198
vt 0.279307008 0.300229013
vt 0.127303004 0.403088987
vt 0.291902006 0.279102027
vt 0.112994 0.392872989
vt 0.302159011 0.275372982
vt 0.267040014 0.275264978
vt 0.279828012 0.275527
vt 0.223541006 0.337990999
vt 0.276847988 0.262851
vt 0.287126988 0.259441972
vt 0.293056995 0.268037021
vt 0.29804799 0.24941802
vt 0.423967004 0.22586602
vt 0.44037199 0.229255974
vt 0.440046012 0.243157983
vt 0.34048599 0.206794024
vt 0.360327989 0.21509701
vt 0.344469994 0.221156001
vt 0.349983007 0.425450981
vt 0.337513 0.418242991
vt 0.354660988 0.405000985
vt 0.429583997 0.194612026
vt 0.431735992 0.173053026
vt 0.443810999 0.182283998
vt 0.359661013 0.420471013
vt 0.438820988 0.208891988
vt 0.364037991 0.424346983
vt 0.373044014 0.416993022
vt 0.451011002 0.262880981
vt 0.465842009 0.28610301
vt 0.447988987 0.284642994
vt 0.332798988 0.315086007
vt 0.32771799 0.336363971
vt 0.451220006 0.17423898
vt 0.460819989 0.188281
vt 0.358473986 0.443925023
vt 0.338349998 0.449239016
vt 0.318168998 0.245920002
vt 0.455386996 0.293742001
vt 0.452558994 0.202955008
vt 0.420430005 0.213042021
vt 0.311967999 0.232348979
vt 0.30360499 0.226589978
vt 0.434040993 0.29974699
vt 0.45271799 0.305992007
vt 0.374529004 0.402440012
vt 0.364656001 0.383873999
vt 0.378762007 0.385591984
vt 0.457183987 0.222388029
vt 0.329477012 0.233730018
vt 0.364257008 0.369395971
vt 0.455974996 0.243055999
vt 0.375351995 0.365643978
vt 0.395651996 0.370925009
vt 0.390271008 0.38507998
vt 0.471659988 0.314705014
vt 0.379842013 0.249448001
vt 0.383830011 0.23969698
vt 0.406529009 0.247789979
vt 0.416381001 0.252617002
vt 0.402498007 0.266381979
vt 0.324739009 0.222640991
vt 0.32604599 0.213059008
vt 0.388354003 0.399371982
vt 0.470734 0.26840502
vt 0.402092993 0.398627996
vt 0.436006993 0.264550984
vt 0.425190985 0.280737996
vt 0.421561986 0.385810971
vt 0.409289986 0.362434983
vt 0.308122993 0.203585982
vt 0.483314008 0.282513022
vt 0.489901006 0.309274018
vt 0.415681005 0.397203028
vt 0.425612003 0.371901989
vt 0.297152996 0.189274013
vt 0.31042999 0.188941002
vt 0.475232989 0.24753201
vt 0.460631996 0.322993994
vt 0.446054995 0.318808973
vt 0.323282987 0.198693991
vt 0.389910012 0.420023978
vt 0.376314998 0.428324997
vt 0.437186003 0.164390028
vt 0.448152006 0.148559988
vt 0.447439998 0.161827028
vt 0.473585993 0.346163988
vt 0.463120997 0.346623003
vt 0.344718009 0.328051984
vt 0.333056003 0.361374021
vt 0.488979995 0.337028027
vt 0.485646993 0.316761017
vt 0.434507012 0.395915985
vt 0.428912997 0.40446198
vt 0.416397005 0.418908
vt 0.318722993 0.274070024
vt 0.34069699 0.348833025
vt 0.503813028 0.306788027
vt 0.406019986 0.427634001
vt 0.328081012 0.287491977
vt 0.368007988 0.331125021
vt 0.360574991 0.318412006
vt 0.341567993 0.26335597
vt 0.338476986 0.293564022
vt 0.438033015 0.418646991
vt 0.311473995 0.261458993
vt 0.355948001 0.345847011
vt 0.325753987 0.260262012
vt 0.508193016 0.332310975
vt 0.371670991 0.350637019
vt 0.385618001 0.318080008
vt 0.435837001 0.343201995
vt 0.433921009 0.363710999
vt 0.421499014 0.352792978
vt 0.332794011 0.247614026
vt 0.339105994 0.388857007
vt 0.45074001 0.358999014
vt 0.351386994 0.377858996
vt 0.375606 0.300390005
vt 0.347460985 0.362960994
vt 0.399847001 0.297541022
vt 0.437747985 0.378757
vt 0.385499001 0.350408018
vt 0.456360996 0.374738991
vt 0.397956997 0.332544982
vt 0.347065985 0.239498973
vt 0.453346997 0.343147993
vt 0.411401987 0.31962198
vt 0.415336013 0.300692022
vt 0.466513008 0.362573981
vt 0.361517012 0.249161005
vt 0.35483101 0.270947993
vt 0.429405004 0.324953973
vt 0.328808993 0.304145992
vt 0.48636201 0.352584004
vt 0.476431996 0.366747975
vt 0.333730996 0.404245973
vt 0.447526991 0.399267972
vt 0.417888999 0.33506602
vt 0.464482993 0.390389979
vt 0.346291989 0.283794999
vt 0.369498014 0.280065
vt 0.463553011 0.405430019
vt 0.350594014 0.301472008
vt 0.472535014 0.405421019
vt 0.472710997 0.384280026
vt 0.481873989 0.384507
vt 0.497480005 0.374774992
vt 0.37855801 0.267026007
vt 0.494275987 0.395017028
vt 0.495380998 0.350322008
vt 0.495074987 0.359341025
vt 0.510406017 0.350889027
vt 0.508140028 0.364852011
vt 0.525878012 0.329337001
vt 0.523500979 0.313455999
vt 0.530112982 0.34839499
vt 0.525794029 0.365541995
vt 0.359813005 0.237465024
vt 0.507640004 0.395805001
vt 0.520904005 0.383899987
vt 0.375084996 0.227890015
vt 0.540669978 0.360374987
vt 0.382230997 0.234450996
vt 0.412930995 0.228653014
vt 0.123115003 0.278339028
vt 0.141690999 0.264185011
vt 0.150555998 0.255891979
vt 0.574356019 0.116495013
vt 0.546582997 0.119957983
vt 0.567282021 0.109103024
vt 0.609699011 0.047680974
vt 0.620675981 0.0348780155
vt 0.620706022 0.0529000163
vt 0.131154999 0.256474972
vt 0.141085997 0.254106998
vt 0.633615971 0.0349599719
vt 0.62767601 0.028760016
vt 0.634581029 0.0196560025
vt 0.556002021 0.107419014
vt 0.558857977 0.0964630246
vt 0.570066988 0.0979459882
vt 0.658915997 0.047582984
vt 0.655034006 0.0626580119
vt 0.651457012 0.0561580062
vt 0.679763973 0.042756021
vt 0.660184026 0.0295680165
vt 0.681971014 0.0257670283
vt 0.700206995 0.00984400511
vt 0.696641982 0.0241119862
vt 0.686591983 0.0108619928
vt 0.679714978 0.0653920174
vt 0.559189975 0.0793780088
vt 0.569837987 0.0674570203
vt 0.584578991 0.0702769756
vt 0.565427005 0.0889549851
vt 0.692511022 0.0419399738
vt 0.577103019 0.0468299985
vt 0.580151021 0.0596889853
vt 0.566693008 0.0466939807
vt 0.672115982 0.0686100125
vt 0.706993997 0.0318030119
vt 0.656975985 0.0766119957
vt 0.557017982 0.0424979925
vt 0.553741992 0.0631859899
vt 0.543338001 0.0678629875
vt 0.0867609978 0.350974977
vt 0.0984160006 0.329393983
vt 0.620130002 0.0777419806
vt 0.628205001 0.0577260256
vt 0.538529992 0.0547599792
vt 0.547231019 0.0512760282
vt 0.0677039996 0.351724029
vt 0.0799759999 0.327772975
vt 0.636008978 0.0714219809
vt 0.0777729973 0.373808026
vt 0.586947024 0.0523779988
vt 0.643634975 0.0850880146
vt 0.0663369969 0.363132
vt 0.0615140013 0.326708019
vt 0.639280975 0.0933459997
vt 0.0531990007 0.341032028
vt 0.0528680012 0.356426001
vt 0.533888996 0.0976079702
vt 0.536153972 0.0819010139
vt 0.112360001 0.259418011
vt 0.119713001 0.251021028
vt 0.064414002 0.388332009
vt 0.122061998 0.244105995
vt 0.0533079989 0.375267982
vt 0.581685007 0.0852040052
vt 0.600512028 0.0679929852
vt 0.0398200005 0.362462997
vt 0.106688 0.253241003
vt 0.105088003 0.242502987
vt 0.650757015 0.0894410014
vt 0.668443978 0.0852100253
vt 0.592590988 0.0867850184
vt 0.656091988 0.0982559919
vt 0.595143974 0.0580559969
vt 0.610719979 0.0751489997
vt 0.595322013 0.0931710005
vt 0.0925239995 0.250241995
vt 0.680936992 0.0535370111
vt 0.0702069998 0.320035994
vt 0.578189015 0.103621006
vt 0.080610998 0.241015017
vt 0.0955410004 0.23309797
vt 0.592272997 0.106601
vt 0.264288992 0.18256098
vt 0.683714986 0.0790489912
vt 0.608954012 0.0949720144
vt 0.622575998 0.103013992
vt 0.156598002 0.242644012
vt 0.0404779986 0.33188498
vt 0.0346800014 0.311178029
vt 0.0473099984 0.316652
vt 0.705757976 0.0568140149
vt 0.693974972 0.0649110079
vt 0.163323 0.228555977
vt 0.696250021 0.0747810006
vt 0.147109002 0.246921003
vt 0.137096003 0.244841993
vt 0.611084998 0.115046024
vt 0.148415998 0.238852978
vt 0.616512001 0.117989004
vt 0.702170014 0.0838469863
vt 0.0255399998 0.318377018
vt 0.628555 0.108049989
vt 0.0288730003 0.336871028
vt 0.154165998 0.232891023
vt 0.0151399998 0.32456702
vt 0.68009001 0.092516005
vt 0.150583997 0.227693021
vt 0.586485982 0.129822016
vt 0.0274659991 0.298880994
vt 0.60293901 0.125802994
vt 0.711050987 0.012206018
vt 0.712850988 0.0240589976
vt 0.721665025 0.0161460042
vt 0.0130749997 0.303964019
vt 0.676388979 0.102283001
vt 0.658730984 0.107035995
vt 0.730805993 0.0278769732
vt 0.615383983 0.127999008
vt 0.964334011 0.208414972
vt 0.977061987 0.190494001
vt 0.981276989 0.209370971
vt 0.963765025 0.196394026
vt 0.179203004 0.225993991
vt 0.689769983 0.0898100138
vt 0.605181992 0.141974986
vt 0.624931991 0.129220009
vt 0.175937995 0.211067021
vt 0.69986999 0.0975580215
vt 0.190084994 0.202525973
vt 0.0244469997 0.354125023
vt 0.117559001 0.30004102
vt 0.0153280003 0.340979993
vt 0.704324007 0.10433501
vt 0.106458001 0.291224003
vt 0.0991349965 0.274522007
vt 0.682594001 0.115190029
vt 0.0345139988 0.37689501
vt 0.156659007 0.215444982
vt 0.108018003 0.305024981
vt 0.63735199 0.102423012
vt 0.0132990004 0.359542012
vt 0.161807001 0.205600023
vt 0.0958240032 0.298532009
vt 0.129922003 0.236824989
vt 0.978272021 0.220583022
vt 0.633677006 0.121236026
vt 0.0993359983 0.281349003
vt 0.642454028 0.110159993
vt 0.0916189998 0.280303001
vt 0.961400986 0.227975011
vt 0.982921004 0.236772001
vt 0.145466998 0.204841018
vt 0.0887489989 0.315316021
vt 0.112446003 0.226400018
vt 0.944859982 0.220275998
vt 0.0853649974 0.295278013
vt 0.656374991 0.113471985
vt 0.0778120011 0.287679017
vt 0.132181004 0.217284024
vt 0.164144993 0.202302992
vt 0.177376002 0.201312006
vt 0.167143002 0.200927973
vt 0.637190998 0.132555008
vt 0.122988999 0.215004981
vt 0.657929003 0.129025996
vt 0.104231998 0.330478013
vt 0.156403005 0.197912991
vt 0.209745005 0.210458994
vt 0.165404007 0.193445027
vt 0.161439002 0.196770012
vt 0.156491995 0.191381991
vt 0.618452013 0.148625016
vt 0.150673002 0.195017993
vt 0.251695007 0.194351017
vt 0.141797006 0.199748993
vt 0.0652469993 0.307063997
vt 0.124669001 0.20914501
vt 0.141736999 0.191812992
vt 0.123769999 0.201602995
vt 0.646079004 0.143374979
vt 0.246294007 0.181034029
vt 0.561164975 0.0329629779
vt 0.582231998 0.0303009748
vt 0.150361001 0.187518001
vt 0.634338021 0.150466979
vt 0.183730006 0.201897025
vt 0.175867006 0.191305995
vt 0.170680001 0.187375009
vt 0.163451001 0.189857006
vt 0.643437028 0.160426974
vt 0.0846249983 0.266465008
vt 0.174138993 0.179298997
vt 0.0732560009 0.274968028
vt 0.255351007 0.175535977
vt 0.159711003 0.183857024
vt 0.164917007 0.181915998
vt 0.546057999 0.0419290066
vt 0.542702019 0.0359839797
vt 0.547197998 0.0353760123
vt 0.537331998 0.041523993
vt 0.55191499 0.0395690203
vt 0.554940999 0.0324460268
vt 0.490006 0.103793025
vt 0.491196007 0.0926120281
vt 0.498448998 0.0960479975
vt 0.0622580014 0.27056402
vt 0.0758109987 0.259314001
vt 0.0557130016 0.286616027
vt 0.540189981 0.0484719872
vt 0.223891005 0.178487003
vt 0.676191986 0.127155006
vt 0.108445004 0.220825016
vt 0.502807975 0.0797629952
vt 0.643451989 0.0206699967
vt 0.0846310034 0.227384984
vt 0.504832983 0.112258017
vt 0.0651450008 0.257453978
vt 0.520421982 0.10304302
vt 0.0615880005 0.245580018
vt 0.519050002 0.110753
vt 0.639769971 0.0454919934
vt 0.0682180002 0.235584974
vt 0.662555993 0.143415987
vt 0.656517982 0.0210080147
vt 0.510900974 0.0770940185
vt 0.0519579984 0.273240983
vt 0.0412640013 0.27096498
vt 0.0498250015 0.255203009
vt 0.520381987 0.089106977
vt 0.669927001 0.152595997
vt 0.676182985 0.142023981
vt 0.670444012 0.0149610043
vt 0.0628689975 0.297119975
vt 0.0392739996 0.284753025
vt 0.70785898 0.0679249763
vt 0.210822001 0.185585976
vt 0.194135994 0.200509012
vt 0.711885989 0.0766710043
vt 0.723797023 0.0783879757
vt 0.719440997 0.0374230146
vt 0.721623003 0.0630810261
vt 0.0308890007 0.286940992
vt 0.181430995 0.190508008
vt 0.189754993 0.188235998
vt 0.718981981 0.0947849751
vt 0.197992995 0.181210995
vt 0.729191005 0.0506590009
vt 0.740221024 0.0510380268
vt 0.184136003 0.181032002
vt 0.943372011 0.202868998
vt 0.192015007 0.175437987
vt 0.212934002 0.176470995
vt 0.93285203 0.21429503
vt 0.917917013 0.201412022
vt 0.913366973 0.21549201
vt 0.525735021 0.054320991
vt 0.528692007 0.0574439764
vt 0.534290016 0.0610910058
vt 0.727280021 0.116813004
vt 0.525484979 0.0724660158
vt 0.520433009 0.0665770173
vt 0.697974026 0.119818985
vt 0.700339973 0.135842979
vt 0.51927501 0.061397016
vt 0.745207012 0.0726119876
vt 0.737302005 0.0954239964
vt 0.201681003 0.174749017
vt 0.751272976 0.0937389731
vt 0.0941419974 0.224524021
vt 0.103083 0.214856029
vt 0.616833985 0.0252060294
vt 0.72922802 0.13459897
vt 0.718346 0.131398022
vt 0.746330976 0.114238024
vt 0.605834007 0.02709198
vt 0.749063015 0.129719019
vt 0.696577013 0.146930993
vt 0.717894018 0.144958973
vt 0.704174995 0.158675015
vt 0.685599029 0.159183025
vt 0.667194009 0.163089991
vt 0.694923997 0.174889982
vt 0.674166977 0.174086988
vt 0.534482002 0.108238995
vt 0.73338598 0.149221003
vt 0.522496998 0.115370989
vt 0.725373983 0.172775984
vt 0.743452013 0.160510004
vt 0.695381999 0.187861025
vt 0.713084996 0.191313982
vt 0.491409004 0.115563989
vt 0.521269023 0.123184025
vt 0.291471988 0.179611981
vt 0.283562005 0.181864977
vt 0.552093983 0.125607014
vt 0.564427972 0.132705986
vt 0.577355981 0.176808
vt 0.556720972 0.156921029
vt 0.569812 0.159547985
vt 0.656000018 0.172149003
vt 0.637682974 0.172407985
vt 0.540278018 0.279735029
vt 0.55508399 0.30141902
vt 0.538356006 0.299157023
vt 0.507211983 0.192463994
vt 0.504311025 0.171859026
vt 0.516264021 0.180517972
vt 0.555539012 0.280019999
vt 0.520421982 0.166568995
vt 0.507156014 0.158496022
vt 0.274601996 0.180544019
vt 0.522085011 0.29191798
vt 0.526946008 0.185743988
vt 0.532094002 0.177103996
vt 0.520672977 0.192948997
vt 0.648225009 0.185109973
vt 0.511020005 0.196308017
vt 0.511498988 0.207992971
vt 0.534313023 0.258928001
vt 0.527203977 0.235098004
vt 0.539930999 0.237331986
vt 0.479016989 0.107721984
vt 0.475885004 0.116644025
vt 0.55428803 0.240181983
vt 0.547372997 0.251192987
vt 0.466942012 0.13796097
vt 0.478964001 0.130877972
vt 0.478610009 0.141036987
vt 0.632658005 0.190024018
vt 0.619238973 0.189279974
vt 0.626627982 0.180302024
vt 0.454762012 0.136722982
vt 0.46399501 0.151359975
vt 0.568279982 0.255407989
vt 0.539789975 0.189785004
vt 0.459455997 0.162384987
vt 0.55617702 0.174126029
vt 0.540654004 0.163125992
vt 0.627058029 0.204420984
vt 0.644334018 0.196255982
vt 0.571653008 0.271471977
vt 0.64408499 0.209973991
vt 0.485368997 0.150870025
vt 0.527758002 0.215008974
vt 0.483774006 0.160570025
vt 0.514633 0.222222984
vt 0.469051003 0.176559985
vt 0.545009971 0.211658001
vt 0.574513972 0.202112019
vt 0.569721997 0.188462019
vt 0.589596987 0.190563023
vt 0.538339019 0.225399017
vt 0.584977984 0.212054014
vt 0.501641989 0.125460029
vt 0.496208012 0.135556996
vt 0.590050995 0.269873023
vt 0.591978014 0.240480006
vt 0.574216008 0.236440003
vt 0.601927996 0.261961997
vt 0.608237028 0.195771992
vt 0.595804989 0.180764973
vt 0.534528017 0.319158971
vt 0.555203974 0.196575999
vt 0.496208996 0.161237001
vt 0.486054003 0.173029006
vt 0.511655986 0.146813989
vt 0.509332001 0.137881994
vt 0.539546013 0.327794015
vt 0.536848009 0.341158986
vt 0.562825978 0.21528703
vt 0.612173975 0.215137005
vt 0.555392981 0.313112974
vt 0.485996008 0.236873984
vt 0.494574994 0.273191988
vt 0.600955009 0.223272979
vt 0.504382014 0.24229002
vt 0.503989995 0.26118201
vt 0.564140975 0.141969025
vt 0.590104997 0.138517976
vt 0.576372981 0.147554994
vt 0.594716012 0.155483007
vt 0.574817002 0.303173006
vt 0.631717026 0.215498984
vt 0.625441015 0.231220007
vt 0.476659 0.186489999
vt 0.551828027 0.355390012
vt 0.555808008 0.343374014
vt 0.475313991 0.207306027
vt 0.612299979 0.157720029
vt 0.559355974 0.369207025
vt 0.55814302 0.381738007
vt 0.609574974 0.240989029
vt 0.563017011 0.361419022
vt 0.568754971 0.336611986
vt 0.59295702 0.166763008
vt 0.579026997 0.328251004
vt 0.485767007 0.196075976
vt 0.575541973 0.34858799
vt 0.470643997 0.223029017
vt 0.586327016 0.282123029
vt 0.554500997 0.22706902
vt 0.681219995 0.187702
vt 0.597441018 0.30774802
vt 0.598288 0.295350015
vt 0.495020002 0.185648024
vt 0.671851993 0.191712022
vt 0.498461992 0.196246028
vt 0.658887982 0.201732993
vt 0.499774009 0.203812003
vt 0.659422994 0.214061975
vt 0.675450981 0.214043021
vt 0.692858994 0.204459012
vt 0.50050199 0.218666971
vt 0.617273986 0.276066005
vt 0.608242989 0.286179006
vt 0.592499018 0.319552004
vt 0.693781972 0.220905006
vt 0.655604005 0.225530982
vt 0.680920005 0.231083989
vt 0.59158498 0.341706991
vt 0.508422017 0.290777981
vt 0.517549992 0.272583008
vt 0.708221018 0.225493014
vt 0.61481303 0.315568984
vt 0.610693991 0.298973024
vt 0.516719997 0.243807971
vt 0.63102603 0.279295981
vt 0.627596974 0.296832025
vt 0.623815 0.254175007
vt 0.631145 0.252892971
vt 0.608349979 0.184584975
vt 0.611302972 0.173480988
vt 0.644855976 0.235988975
vt 0.643193007 0.260456026
vt 0.529435992 0.134728014
vt 0.546159983 0.134172976
vt 0.624257028 0.163478971
vt 0.538801014 0.145287991
vt 0.52471 0.154663026
vt 0.542433023 0.155219972
vt 0.645790994 0.289104998
vt 0.657067001 0.272283971
vt 0.656871974 0.253682017
vt 0.554553986 0.148360014
vt 0.661922991 0.239513993
vt 0.681704998 0.251326025
vt 0.670925021 0.262275994
vt 0.71331799 0.209976017
vt 0.861711025 0.494188011
vt 0.877182007 0.482614994
vt 0.881675005 0.502204001
vt 0.910721004 0.524057001
vt 0.914309978 0.515013009
vt 0.922147989 0.525182992
vt 0.903757989 0.525979996
vt 0.886784017 0.524776995
vt 0.882452011 0.514465004
vt 0.89587599 0.51770699
vt 0.872933984 0.534310997
vt 0.892157018 0.534689009
vt 0.328543991 0.553846002
vt 0.340521991 0.564572006
vt 0.328256994 0.565537006
vt 0.868017018 0.526600003
vt 0.343169987 0.551398009
vt 0.935344994 0.490903974
vt 0.945172012 0.498754978
vt 0.936240017 0.50494501
vt 0.924696028 0.503096998
vt 0.923602998 0.576157004
vt 0.935494006 0.565679014
vt 0.934651017 0.576761007
vt 0.934688985 0.547692001
vt 0.92671299 0.554486006
vt 0.928050995 0.472150981
vt 0.942372978 0.482249975
vt 0.859925985 0.478281975
vt 0.924444973 0.487260997
vt 0.873553991 0.51709199
vt 0.849851012 0.510912001
vt 0.868638992 0.508675009
vt 0.858919978 0.518691003
vt 0.895084977 0.496671021
vt 0.846210003 0.494759023
vt 0.916391015 0.495248973
vt 0.918285012 0.473085999
vt 0.932798982 0.513278008
vt 0.834972978 0.497328997
vt 0.924583018 0.542284995
vt 0.934942007 0.464555025
vt 0.908775985 0.504188001
vt 0.914833009 0.554129004
vt 0.844763994 0.482187986
vt 0.908829987 0.592545986
vt 0.917604029 0.590158999
vt 0.915784001 0.602313995
vt 0.930597007 0.588791996
vt 0.924513996 0.460219026
vt 0.910890996 0.494884014
vt 0.913190007 0.579539001
vt 0.876428008 0.469976008
vt 0.920063972 0.447932005
vt 0.916059971 0.455506027
vt 0.908999026 0.465516984
vt 0.335079014 0.573558003
vt 0.865718007 0.46202302
vt 0.880493999 0.455560029
vt 0.908922017 0.483893991
vt 0.345640987 0.574238986
vt 0.903669 0.487273991
vt 0.849793971 0.467679977
vt 0.889355004 0.480735004
vt 0.898552001 0.475172997
vt 0.354456991 0.55162099
vt 0.844299972 0.469779015
vt 0.356359988 0.563311011
vt 0.899806976 0.462653995
vt 0.890630007 0.461256027
vt 0.354476988 0.576133013
vt 0.881600022 0.544777006
vt 0.892471015 0.547890991
vt 0.883892 0.558463007
vt 0.899227977 0.548570991
vt 0.884634018 0.568789989
vt 0.917077005 0.433548987
vt 0.928178012 0.439451993
vt 0.909636974 0.44323498
vt 0.926340997 0.426939011
vt 0.854035974 0.453365982
vt 0.843698025 0.455381989
vt 0.918828011 0.565762997
vt 0.843044996 0.519362003
vt 0.860867023 0.578612
vt 0.873876989 0.55815199
vt 0.860081017 0.564981014
vt 0.834939003 0.524982989
vt 0.817332983 0.518736988
vt 0.900470972 0.581928015
vt 0.906903982 0.570071995
vt 0.826945007 0.47922498
vt 0.828450978 0.487425983
vt 0.871401012 0.547654003
vt 0.821597993 0.503984988
vt 0.858892024 0.55418101
vt 0.862899005 0.542825997
vt 0.816475987 0.496731997
vt 0.832750022 0.469156027
vt 0.813970983 0.482061028
vt 0.812851012 0.470508993
vt 0.851647973 0.533013999
vt 0.898171008 0.568293005
vt 0.907854974 0.548581004
vt 0.841479003 0.549847007
vt 0.846499026 0.541987985
vt 0.827081025 0.460307002
vt 0.901329994 0.593961
vt 0.894795001 0.588786989
vt 0.83099401 0.537454009
vt 0.367541999 0.564204007
vt 0.364703 0.576790988
vt 0.914672017 0.543628007
vt 0.373654008 0.578408003
vt 0.900250018 0.453182995
vt 0.894959986 0.580092996
vt 0.887416005 0.587195992
vt 0.875986993 0.584208012
vt 0.905695021 0.422088027
vt 0.933919013 0.530934006
vt 0.892886996 0.439851999
vt 0.882099986 0.442131996
vt 0.898316026 0.431734025
vt 0.875750005 0.448774993
vt 0.860776007 0.444034994
vt 0.0635759979 0.486120999
vt 0.0789730027 0.488337994
vt 0.0659470037 0.499655008
vt 0.936716974 0.602366
vt 0.946228981 0.595602989
vt 0.925799012 0.605502993
vt 0.0834809989 0.508902013
vt 0.0781280026 0.521016002
vt 0.330558985 0.542773992
vt 0.315081 0.545650989
vt 0.31763801 0.532049
vt 0.340366989 0.530687988
vt 0.331043988 0.525893986
vt 0.187089995 0.474721014
vt 0.204071 0.477029026
vt 0.0920059979 0.526450008
vt 0.0557699986 0.479646981
vt 0.0545840003 0.49951297
vt 0.315463006 0.558066994
vt 0.181445003 0.539193988
vt 0.173548996 0.527541012
vt 0.183740005 0.518671006
vt 0.354382008 0.541428
vt 0.165194005 0.540235013
vt 0.182997003 0.547847986
vt 0.161884993 0.448881984
vt 0.198965997 0.506184995
vt 0.181647003 0.496872008
vt 0.946250021 0.585974008
vt 0.946083009 0.576148003
vt 0.180196002 0.45401597
vt 0.950470984 0.535443008
vt 0.969888985 0.536709994
vt 0.959568024 0.552792996
vt 0.943898976 0.557915986
vt 0.962239981 0.56971699
vt 0.952324986 0.558162987
vt 0.167981997 0.468254983
vt 0.311383992 0.487209976
vt 0.305633008 0.473999977
vt 0.328207999 0.476302981
vt 0.334520996 0.494087994
vt 0.316915005 0.49901402
vt 0.942696989 0.530800015
vt 0.144306004 0.446982026
vt 0.944485009 0.461152017
vt 0.229057997 0.480045974
vt 0.241676003 0.463642001
vt 0.222984001 0.470569015
vt 0.125596002 0.441633999
vt 0.137511998 0.453760028
vt 0.935172021 0.450594008
vt 0.152942002 0.469502985
vt 0.270572007 0.479692996
vt 0.164522007 0.493116021
vt 0.256671995 0.49219501
vt 0.149390996 0.48457098
vt 0.977306008 0.497961998
vt 0.979598999 0.509923011
vt 0.969084978 0.512634993
vt 0.955796003 0.51572299
vt 0.118215002 0.533877999
vt 0.135024995 0.531291991
vt 0.139675006 0.541547
vt 0.150158003 0.542809993
vt 0.136976004 0.470161974
vt 0.120219 0.455395997
vt 0.116919003 0.470523
vt 0.100346997 0.41702503
vt 0.214454994 0.468456984
vt 0.981175005 0.474159002
vt 0.971188009 0.48930198
vt 0.961766005 0.486088991
vt 0.0790690035 0.415538013
vt 0.0922449976 0.432317972
vt 0.97053802 0.463744998
vt 0.0808539987 0.45025003
vt 0.0686260015 0.42829901
vt 0.958289027 0.470538974
vt 0.239263996 0.490458012
vt 0.952081025 0.484346986
vt 0.106894001 0.512858003
vt 0.114721999 0.434107006
vt 0.239526004 0.507596999
vt 0.982017994 0.450433016
vt 0.980957985 0.438358009
vt 0.970637977 0.434949994
vt 0.266770989 0.492335975
vt 0.96559298 0.451380014
vt 0.955456972 0.458697021
vt 0.254842997 0.505032003
vt 0.100138001 0.451762974
vt 0.274922997 0.508396
vt 0.075891003 0.529262006
vt 0.0669950023 0.523465008
vt 0.102819003 0.464589
vt 0.968979001 0.413290024
vt 0.988361001 0.386507988
vt 0.978890002 0.418214023
vt 0.972867012 0.391183019
vt 0.0850569978 0.467420995
vt 0.218463004 0.492586017
vt 0.955174029 0.430670023
vt 0.948190987 0.41563201
vt 0.058871001 0.444073975
vt 0.0689370036 0.452271998
vt 0.946622014 0.440514028
vt 0.223337993 0.495280027
vt 0.152705997 0.492009997
vt 0.159622997 0.501783997
vt 0.940680981 0.425707996
vt 0.167137995 0.515004009
vt 0.952970982 0.405478001
vt 0.152167007 0.503266007
vt 0.127229005 0.486346006
vt 0.978084028 0.526679009
vt 0.964598 0.519988
vt 0.126576006 0.496815026
vt 0.111403003 0.484507024
vt 0.278531998 0.484758019
vt 0.291653007 0.474222004
vt 0.143735006 0.501551002
vt 0.126341999 0.510343999
vt 0.157116994 0.522327006
vt 0.32803601 0.465433002
vt 0.293076992 0.499927998
vt 0.117899999 0.505672991
vt 0.139644995 0.512104005
vt 0.294474006 0.518945009
vt 0.315777987 0.515442014
vt 0.234383002 0.518970996
vt 0.275227994 0.526457012
vt 0.257764995 0.515758008
vt 0.246645004 0.52451399
vt 0.263137996 0.537546009
vt 0.239492998 0.535432011
vt 0.0902620032 0.486827016
vt 0.212968007 0.539797008
vt 0.215498 0.521315992
vt 0.0725279972 0.465355992
vt 0.0639389977 0.46122402
vt 0.0705680028 0.473522007
vt 0.0982389972 0.501924008
vt 0.201931 0.531289995
vt 0.248410001 0.547477007
vt 0.260857999 0.547048002
vt 0.963774979 0.578900009
vt 0.971360028 0.561630011
vt 0.219329998 0.54461199
vt 0.294061989 0.540805995
vt 0.27293399 0.544205993
vt 0.304241002 0.526683986
vt 0.341726005 0.51087299
vt 0.946543992 0.606689006
vt 0.941505015 0.617807001
vt 0.808097005 0.492491007
vt 0.807404995 0.499400973
vt 0.471448988 0.527283013
vt 0.456959009 0.526194006
vt 0.461923003 0.516847014
vt 0.573695004 0.468720019
vt 0.552164018 0.46825701
vt 0.563929021 0.458333015
vt 0.55457902 0.479705989
vt 0.792182982 0.49454999
vt 0.800996006 0.485674024
vt 0.569986999 0.478652
vt 0.478435993 0.516355991
vt 0.578110993 0.47457999
vt 0.478408992 0.507055014
vt 0.356797993 0.529799998
vt 0.366849989 0.537927985
vt 0.624812007 0.465032995
vt 0.614344001 0.450226009
vt 0.625083029 0.451788008
vt 0.490143001 0.513015002
vt 0.797712028 0.50198099
vt 0.366409987 0.548599005
vt 0.792298973 0.479057014
vt 0.780369997 0.486886024
vt 0.382539004 0.53568399
vt 0.372902989 0.526739001
vt 0.56506598 0.492429018
vt 0.77205199 0.505427003
vt 0.766593993 0.520229012
vt 0.764289021 0.506466001
vt 0.465555012 0.559188008
vt 0.471960008 0.569395989
vt 0.459354997 0.56911701
vt 0.782335997 0.506363988
vt 0.771686971 0.512634993
vt 0.777348995 0.501163006
vt 0.639424026 0.47033602
vt 0.638399005 0.457530022
vt 0.483114004 0.548294991
vt 0.456591994 0.548831999
vt 0.472231001 0.540248007
vt 0.790436029 0.501865
vt 0.760299027 0.513895005
vt 0.377187014 0.548034996
vt 0.748975992 0.492883027
vt 0.480607003 0.558560997
vt 0.485931009 0.567333996
vt 0.480246007 0.577252001
vt 0.389575988 0.524771005
vt 0.380432993 0.554901004
vt 0.760914981 0.489884019
vt 0.48742801 0.528694987
vt 0.405972987 0.511150986
vt 0.383410007 0.514344007
vt 0.398113012 0.50275901
vt 0.375497013 0.566983998
vt 0.769694984 0.48606199
vt 0.402610004 0.522367001
vt 0.387205005 0.577933997
vt 0.501761019 0.524084985
vt 0.396506011 0.562070996
vt 0.392641008 0.553063005
vt 0.457186997 0.598120004
vt 0.467990994 0.597443998
vt 0.461759001 0.605266988
vt 0.465698987 0.605102986
vt 0.404644012 0.534678996
vt 0.756044984 0.476113975
vt 0.816156983 0.534341007
vt 0.813557029 0.540280998
vt 0.809919 0.535297006
vt 0.810193002 0.529045999
vt 0.806833982 0.531688005
vt 0.466627002 0.610213012
vt 0.469855011 0.604097009
vt 0.469089001 0.610576987
vt 0.474258989 0.606160015
vt 0.457203001 0.587558001
vt 0.468787014 0.580240995
vt 0.476826996 0.593252003
vt 0.479207009 0.597337008
vt 0.497253001 0.554536998
vt 0.408360988 0.539676011
vt 0.502331018 0.545540005
vt 0.406161994 0.571188986
vt 0.415493011 0.554785013
vt 0.485015988 0.589132994
vt 0.395861 0.581256002
vt 0.509172022 0.57141
vt 0.495835006 0.56564799
vt 0.513293982 0.54935801
vt 0.481862009 0.601422995
vt 0.867175996 0.58317399
vt 0.49979201 0.57544899
vt 0.491064012 0.594417006
vt 0.409745991 0.548476011
vt 0.420540988 0.534996003
vt 0.76137203 0.520521998
vt 0.426470011 0.539350003
vt 0.412734985 0.565441012
vt 0.406147003 0.495065987
vt 0.512055993 0.535742998
vt 0.495505989 0.536502987
vt 0.423768997 0.499626994
vt 0.423559994 0.578180999
vt 0.519887984 0.529056013
vt 0.414283007 0.489517987
vt 0.427662998 0.487652004
vt 0.471765012 0.483174026
vt 0.458299994 0.478694975
vt 0.476316005 0.473663986
vt 0.413331002 0.585640013
vt 0.524003029 0.538843006
vt 0.490278989 0.48061502
vt 0.443298995 0.494688988
vt 0.51968801 0.559900999
vt 0.847257972 0.571236998
vt 0.48419401 0.462037027
vt 0.445208997 0.479879022
vt 0.528330028 0.547111988
vt 0.497682989 0.467073977
vt 0.456297994 0.487698019
vt 0.434064001 0.588973999
vt 0.516555011 0.469686985
vt 0.509263992 0.458926022
vt 0.539229989 0.536781013
vt 0.737583995 0.506987989
vt 0.734924018 0.51305601
vt 0.415713012 0.512575001
vt 0.426200002 0.556719005
vt 0.419903994 0.520536989
vt 0.466663003 0.494526982
vt 0.734961987 0.499130011
vt 0.426737994 0.568264008
vt 0.723842978 0.491850972
vt 0.718456984 0.504431009
vt 0.480345994 0.490643978
vt 0.436235994 0.505672008
vt 0.439022005 0.56221199
vt 0.443055987 0.553669006
vt 0.43779999 0.544937015
vt 0.479048997 0.500223011
vt 0.441004992 0.573736012
vt 0.441590995 0.515540004
vt 0.740490019 0.478211999
vt 0.424668014 0.524334013
vt 0.500671029 0.495516002
vt 0.729287028 0.479308009
vt 0.706511974 0.48398298
vt 0.499008 0.489251971
vt 0.831241012 0.562956005
vt 0.466378987 0.506127
vt 0.438777 0.522998989
vt 0.71529001 0.473933995
vt 0.500131011 0.503547996
vt 0.445349991 0.535807997
vt 0.516391993 0.478034973
vt 0.826404989 0.555750012
vt 0.702112019 0.489459991
vt 0.701901972 0.499558985
vt 0.687897027 0.490301013
vt 0.69431603 0.499067008
vt 0.506549001 0.51316601
vt 0.454169005 0.500642985
vt 0.817243993 0.546216011
vt 0.518216014 0.500297993
vt 0.442761004 0.588472009
vt 0.681339979 0.485019028
vt 0.692313015 0.470354021
vt 0.70836699 0.466243982
vt 0.52383399 0.493269026
vt 0.515159011 0.486992002
vt 0.520376027 0.520516992
vt 0.539505005 0.525683999
vt 0.527036011 0.509180009
vt 0.537184 0.518759012
vt 0.546218991 0.512838006
vt 0.539252996 0.501998991
vt 0.530443013 0.482683003
vt 0.553671002 0.502319008
vt 0.813548028 0.526825994
vt 0.548915982 0.531237006
vt 0.540835023 0.463509977
vt 0.524556994 0.453639984
vt 0.543253005 0.453146994
vt 0.555961013 0.516790986
vt 0.667158008 0.474346995
vt 0.662747025 0.484297991
vt 0.808399022 0.517576009
vt 0.536212981 0.496612012
vt 0.563710988 0.506963015
vt 0.800565004 0.512914002
vt 0.799521983 0.508455008
vt 0.809617996 0.508269995
vt 0.653639972 0.474803984
vt 0.541691005 0.475115001
vt 0.454991013 0.538201988
vt 0.804856002 0.522904009
vt 0.790723026 0.532644987
vt 0.789866984 0.525932997
vt 0.795534015 0.528903991
vt 0.783720016 0.52778101
vt 0.792593002 0.523124009
vt 0.655614972 0.460178971
vt 0.666354001 0.464511991
vt 0.679269016 0.470248997
vt 0.543649018 0.489950001
vt 0.534658015 0.389518023
vt 0.524607003 0.425054014
vt 0.522957981 0.410456002
vt 0.537837982 0.41228199
vt 0.514747024 0.440889001
vt 0.535099983 0.438015997
vt 0.349415004 0.46232599
vt 0.550279975 0.387610018
vt 0.552582026 0.412393987
vt 0.573707998 0.400389016
vt 0.376509994 0.440644979
vt 0.441000015 0.436866999
vt 0.423254013 0.435881019
vt 0.368048012 0.463446021
vt 0.353096008 0.474259019
vt 0.450320989 0.425957024
vt 0.439895988 0.44827801
vt 0.425083995 0.446989
vt 0.474310994 0.615451992
vt 0.478608996 0.611297011
vt 0.79963398 0.529206008
vt 0.805234015 0.533582002
vt 0.796500027 0.534568012
vt 0.561845005 0.427519023
vt 0.350237012 0.487578988
vt 0.455089986 0.457023025
vt 0.461686999 0.444615006
vt 0.572156012 0.414954007
vt 0.797338009 0.514613003
vt 0.361216992 0.493045986
vt 0.353935987 0.501603007
vt 0.797120988 0.522134006
vt 0.441280007 0.461323023
vt 0.791239023 0.518712997
vt 0.470221013 0.463797987
vt 0.477860004 0.44807899
vt 0.449633002 0.468788981
vt 0.785580993 0.519760996
vt 0.373171002 0.476800025
vt 0.479829013 0.616468996
vt 0.480421007 0.605648994
vt 0.436419994 0.473590016
vt 0.485597998 0.611703008
vt 0.485843986 0.606005013
vt 0.381150991 0.465242028
vt 0.770877004 0.522356004
vt 0.775195003 0.517720014
vt 0.773609996 0.522686005
vt 0.374229997 0.488582015
vt 0.781484008 0.52234599
vt 0.777987003 0.526354998
vt 0.485229999 0.61699
vt 0.384117007 0.483457983
vt 0.498207003 0.450128019
vt 0.789004028 0.507753015
vt 0.788429976 0.511635989
vt 0.781439006 0.51285699
vt 0.388888001 0.43750298
vt 0.385854006 0.450703025
vt 0.401679993 0.444966018
vt 0.776956022 0.513633013
vt 0.414229006 0.442856014
vt 0.405800015 0.460708976
vt 0.488380015 0.599182993
vt 0.487168014 0.603385001
vt 0.391494989 0.472429991
vt 0.393456995 0.486478984
vt 0.409426004 0.472477019
vt 0.551231027 0.447549999
vt 0.466262996 0.415645003
vt 0.423696995 0.466305971
vt 0.472465992 0.437048972
vt 0.569525003 0.440283
vt 0.482342988 0.40713799
vt 0.483947992 0.429448009
vt 0.585033 0.448590994
vt 0.500714004 0.41792798
vt 0.362684011 0.517791986
vt 0.379808009 0.498319983
vt 0.609866977 0.456997991
vt 0.588667989 0.44491601
vt 0.582625985 0.425831974
vt 0.496470988 0.439724982
vt 0.502928972 0.43355602
vt 0.413991004 0.48171097
vt 0.816560984 0.41357702
vt 0.834807992 0.419507027
vt 0.817265987 0.422255993
vt 0.84996599 0.426322997
vt 0.858564973 0.432335019
vt 0.844366014 0.438970029
vt 0.86847198 0.438690007
vt 0.869837999 0.431827009
vt 0.835888982 0.413112998
vt 0.812412024 0.405389011
vt 0.835784972 0.40357399
vt 0.884365976 0.429624975
vt 0.832599998 0.448886991
vt 0.88953203 0.416637003
vt 0.807650983 0.461926997
vt 0.837056994 0.429126978
vt 0.814846992 0.439427018
vt 0.815801024 0.430661976
vt 0.878089011 0.415099978
vt 0.801191986 0.41979897
vt 0.874193013 0.423987985
vt 0.845323026 0.381558001
vt 0.861029029 0.399470985
vt 0.848160028 0.397795975
vt 0.853852987 0.404142022
vt 0.866927028 0.413604975
vt 0.856352985 0.418747008
vt 0.844944 0.389392018
vt 0.851042986 0.411436021
vt 0.874478996 0.402566016
vt 0.812579989 0.453312993
vt 0.829697013 0.392579019
vt 0.831578016 0.382628977
vt 0.818111002 0.396512985
vt 0.802757978 0.388993025
vt 0.818956017 0.384082973
vt 0.807792008 0.377426982
vt 0.0647310019 0.407728016
vt 0.844008029 0.256614983
vt 0.829869986 0.272696972
vt 0.827643991 0.241258025
vt 0.876869977 0.366833985
vt 0.859459996 0.368008971
vt 0.873440981 0.347603977
vt 0.869732976 0.377867997
vt 0.89418602 0.370817006
vt 0.894801974 0.388559997
vt 0.811061025 0.271121979
vt 0.837517023 0.286119998
vt 0.819962978 0.285502017
vt 0.919450998 0.312039971
vt 0.917635024 0.333326995
vt 0.905999005 0.322296977
vt 0.881403029 0.397174001
vt 0.862604022 0.386713028
vt 0.920413017 0.298488021
vt 0.88755703 0.297326028
vt 0.914511025 0.283900976
vt 0.79044801 0.243039012
vt 0.814418972 0.242442012
vt 0.794017971 0.257722974
vt 0.777702987 0.260338008
vt 0.761500001 0.227921009
vt 0.0473710001 0.398470998
vt 0.893956006 0.314149976
vt 0.0581209995 0.432452023
vt 0.794847012 0.281916976
vt 0.785848975 0.282998979
vt 0.856316984 0.280066013
vt 0.847481012 0.294777989
vt 0.887732983 0.323145986
vt 0.87194097 0.29788202
vt 0.855885983 0.348882973
vt 0.86135602 0.336830974
vt 0.841018021 0.307826996
vt 0.928331971 0.231404006
vt 0.829493999 0.302578986
vt 0.909597993 0.22616601
vt 0.819666982 0.318436027
vt 0.801182985 0.298735023
vt 0.945787013 0.245037019
vt 0.0392949991 0.422802985
vt 0.848259985 0.369585991
vt 0.827252984 0.344241023
vt 0.84215802 0.336115003
vt 0.840646029 0.350737989
vt 0.0343159996 0.395348012
vt 0.902114987 0.249405026
vt 0.932871997 0.254938006
vt 0.911010981 0.268748999
vt 0.0224169996 0.381846011
vt 0.833616018 0.361212015
vt 0.829916 0.369731009
vt 0.77907598 0.299803972
vt 0.0411069989 0.446251988
vt 0.885017991 0.231880009
vt 0.89823997 0.202941
vt 0.0198989995 0.398896992
vt 0.954581976 0.391276002
vt 0.976633012 0.372226
vt 0.884259999 0.209954977
vt 0.0228710007 0.419633985
vt 0.755798995 0.112061977
vt 0.965755999 0.362187028
vt 0.944239974 0.380015016
vt 0.0255830009 0.433941007
vt 0.759559989 0.134292006
vt 0.938054979 0.398397028
vt 0.861617029 0.224429011
vt 0.860303998 0.210291028
vt 0.944626987 0.355679989
vt 0.956512988 0.360031009
vt 0.937096 0.362716019
vt 0.928134978 0.363273978
vt 0.815916002 0.356585979
vt 0.00916100014 0.382331014
vt 0.813219011 0.33613801
vt 0.920840979 0.395231009
vt 0.923161983 0.381546021
vt 0.882914007 0.245508015
vt 0.816820979 0.368632019
vt 0.88982898 0.269282997
vt 0.91109699 0.37025398
vt 0.919815004 0.361621022
vt 0.873970985 0.274055004
vt 0.982858002 0.257781029
vt 0.966219008 0.25425297
vt 0.928059995 0.411037028
vt 0.802264988 0.363166988
vt 0.868450999 0.248308003
vt 0.807016015 0.349898994
vt 0.911970019 0.410647988
vt 0.788736999 0.370269001
vt 0.850175023 0.234889984
vt 0.909708977 0.393070996
vt 0.908746004 0.382580996
vt 0.898727 0.404949009
vt 0.937505007 0.338759005
vt 0.930922985 0.340858996
vt 0.762162983 0.162775993
vt 0.948345006 0.270309985
vt 0.908194005 0.357876003
vt 0.754980981 0.180235028
vt 0.740038991 0.187664986
vt 0.0121309999 0.405879021
vt 0.834073007 0.220577002
vt 0.764729023 0.193897009
vt 0.969493985 0.277743995
vt 0.985158026 0.271434009
vt 0.982897997 0.279124975
vt 0.975067973 0.296931982
vt 0.985548973 0.285283983
vt 0.809623003 0.227716029
vt 0.741168976 0.206228018
vt 0.76127702 0.211118996
vt 0.764491975 0.232061982
vt 0.789043009 0.233815014
vt 0.945720017 0.282091022
vt 0.897036016 0.343699992
vt 0.92988199 0.271061003
vt 0.887579024 0.353857994
vt 0.858312011 0.259139001
vt 0.876295984 0.334010005
vt 0.871762991 0.320501029
vt 0.0434219986 0.468729019
vt 0.862248003 0.306873977
vt 0.85750699 0.319554985
vt 0.0314229988 0.465398014
vt 0.842213988 0.316676974
vt 0.0171770006 0.445933998
vt 0.831351995 0.317641973
vt 0.00963199977 0.424883008
vt 0.0236770008 0.456863999
vt 0.970557988 0.331601024
vt 0.976495981 0.317770004
vt 0.982298017 0.339425981
vt 0.987802982 0.358659029
vt 0.991737008 0.371770024
vt 0.787250996 0.314090014
vt 0.805764973 0.322197974
vt 0.979538977 0.355089009
vt 0.802781999 0.341410995
vt 0.790269017 0.334610999
vt 0.959252 0.343275011
vt 0.949132025 0.331390023
vt 0.959628999 0.305997014
vt 0.943961024 0.300890028
vt 0.934010983 0.287748992
vt 0.930393994 0.308808029
vt 0.937412977 0.31990701
vt 0.769616008 0.402318001
vt 0.760914981 0.409355998
vt 0.761726022 0.399562001
vt 0.75880897 0.382650018
vt 0.755405009 0.391237974
vt 0.745599985 0.37716198
vt 0.768449008 0.414910018
vt 0.774739027 0.427138984
vt 0.762717009 0.423192978
vt 0.733483016 0.385302007
vt 0.722934008 0.386003971
vt 0.72794199 0.374339998
vt 0.726027012 0.393808007
vt 0.782344997 0.397683978
vt 0.770277023 0.389203012
vt 0.783913016 0.389238
vt 0.644617021 0.441615999
vt 0.750638008 0.403559983
vt 0.656719983 0.448037982
vt 0.750923991 0.459221005
vt 0.792751014 0.407869995
vt 0.790584981 0.415356994
vt 0.792484999 0.429365993
vt 0.737354994 0.463158011
vt 0.722862005 0.462468028
vt 0.79539001 0.39784497
vt 0.792382002 0.380061984
vt 0.62558198 0.433148026
vt 0.775189996 0.381358981
vt 0.773768008 0.373737991
vt 0.646315992 0.426854014
vt 0.758275986 0.374248981
vt 0.756622016 0.364105999
vt 0.702355981 0.457700014
vt 0.683254004 0.46053803
vt 0.663774014 0.414035022
vt 0.659628987 0.402270973
vt 0.672191024 0.399981022
vt 0.673560023 0.454375029
vt 0.711387992 0.448700011
vt 0.691785991 0.448885024
vt 0.636223972 0.419234991
vt 0.656561971 0.426562011
vt 0.678009987 0.437026978
vt 0.665032029 0.435000002
vt 0.738650978 0.451395988
vt 0.707047999 0.399622023
vt 0.714348972 0.405335009
vt 0.698879004 0.414322972
vt 0.686442018 0.395419002
vt 0.688705027 0.405348003
vt 0.706359982 0.387148023
vt 0.692004025 0.390142977
vt 0.788439989 0.470328987
vt 0.684072971 0.442677021
vt 0.749602973 0.443414986
vt 0.767675996 0.473990023
vt 0.714700997 0.375599027
vt 0.71973902 0.454348028
vt 0.72240603 0.407975972
vt 0.741326988 0.397786021
vt 0.737612009 0.409812987
vt 0.675010979 0.424404979
vt 0.680109978 0.407660007
vt 0.743225992 0.387901008
vt 0.749942005 0.417200983
vt 0.685769022 0.414404988
vt 0.702957988 0.441592991
vt 0.695351005 0.43542099
vt 0.730206013 0.418578029
vt 0.788299024 0.460474014
vt 0.694734991 0.424710989
vt 0.736504018 0.434163988
vt 0.749661028 0.434297979
vt 0.720503986 0.421507001
vt 0.797200978 0.452094018
vt 0.721884012 0.433704019
vt 0.742964983 0.42386198
vt 0.707189977 0.421702027
vt 0.766808987 0.432090998
vt 0.800593019 0.435976982
vt 0.783024013 0.450936973
vt 0.790583014 0.445632994
vt 0.707542002 0.433802009
vt 0.765003979 0.457638025
vt 0.742528021 0.359767973
vt 0.765404999 0.443839014
vt 0.778733015 0.440259993
vt 0.776095986 0.411630988
vt 0.777894974 0.420930982
vt 0.667586982 0.367709994
vt 0.662479997 0.381491005
vt 0.656183004 0.374267995
vt 0.712297022 0.354955018
vt 0.695640028 0.356260002
vt 0.703382015 0.349422991
vt 0.674975991 0.381428003
vt 0.723599017 0.347858012
vt 0.717153013 0.34028101
vt 0.705474973 0.337695003
vt 0.696501017 0.343634009
vt 0.680293977 0.36274302
vt 0.674326003 0.349341989
vt 0.714637995 0.326587021
vt 0.728437006 0.357743979
vt 0.726881981 0.29280901
vt 0.740200996 0.300951004
vt 0.728419006 0.309558988
vt 0.572254002 0.380658984
vt 0.695846021 0.375751972
vt 0.687946975 0.366263986
vt 0.580579996 0.357089996
vt 0.708271027 0.366750002
vt 0.587226987 0.384965003
vt 0.644038975 0.317062974
vt 0.658586979 0.318183005
vt 0.668026984 0.286626995
vt 0.589938998 0.358919024
vt 0.732711971 0.223320007
vt 0.674893975 0.31437099
vt 0.671266019 0.330428004
vt 0.698724985 0.243246973
vt 0.685432971 0.336350977
vt 0.69104898 0.323239028
vt 0.724183023 0.242442012
vt 0.606526971 0.396221995
vt 0.601486027 0.408181012
vt 0.586268008 0.409193993
vt 0.598864019 0.380356014
vt 0.718429029 0.265567005
vt 0.751112998 0.246900976
vt 0.611204028 0.366681993
vt 0.608312011 0.384226978
vt 0.620896995 0.375023007
vt 0.711197019 0.265850008
vt 0.735185981 0.271790028
vt 0.601185977 0.331650019
vt 0.618019998 0.329042017
vt 0.774967015 0.32398802
vt 0.758724988 0.325842977
vt 0.768583 0.310284972
vt 0.767480016 0.340161979
vt 0.784888983 0.346195996
vt 0.61371702 0.347171009
vt 0.682289004 0.274852991
vt 0.695061982 0.259452999
vt 0.79053998 0.360113978
vt 0.753144026 0.305885971
vt 0.777199984 0.365338027
vt 0.630676985 0.318355978
vt 0.751827002 0.342803001
vt 0.743340015 0.330631971
vt 0.761618972 0.354470015
vt 0.631690025 0.338059008
vt 0.673147023 0.301531971
vt 0.693565011 0.296194971
vt 0.627650976 0.35599798
vt 0.735965014 0.342368007
vt 0.702476025 0.284431994
vt 0.714752018 0.281383991
vt 0.644519985 0.334627986
vt 0.657021999 0.340399027
vt 0.64309299 0.351437986
vt 0.753979027 0.271304011
vt 0.608783007 0.411077976
vt 0.595404029 0.420135021
vt 0.613732994 0.433264971
vt 0.767575979 0.284806013
vt 0.627386987 0.412111998
vt 0.751640022 0.287580013
vt 0.621676028 0.397503972
vt 0.638234019 0.390446007
vt 0.735832989 0.320317984
vt 0.650063992 0.390015006
vt 0.694621027 0.308835983
vt 0.700317025 0.299344003
vt 0.633077979 0.380563021
vt 0.643191993 0.369840026
vt 0.713744998 0.312789977
vt 0.715148985 0.29647398
vt 0.659649014 0.35610199
vn -0.162101433 0.308202714 -0.937408268
vn -0.12890242 0.0837015659 -0.988118529
vn -0.0958018154 0.106202006 -0.989718735
vn -0.0967039689 -0.14400591 -0.984840393
vn -0.107400738 -0.22890158 -0.967506647
vn -0.0239998605 0.0288998317 -0.999294162
vn -0.0469997711 -0.216298953 -0.975195229
vn -0.120402306 -0.00350006693 -0.992718995
vn -0.0198003072 -0.0133002056 -0.999715507
vn -0.754013419 -0.224203989 -0.617411017
vn -0.655101657 -0.280100703 -0.70170176
vn -0.762286842 -0.371093571 -0.530290842
vn -0.676192105 -0.429894984 -0.598293006
vn -0.270992666 -0.893775761 -0.357390314
vn -0.272910237 -0.866332471 -0.418315679
vn -0.134702235 -0.91201514 -0.387406409
vn -0.0577008575 -0.853912652 -0.517207682
vn -0.0659993291 -0.904890835 -0.420495749
vn -0.188903272 -0.871315122 -0.45290786
vn -0.367097735 -0.85299468 -0.370997697
vn -0.130394697 -0.982160091 -0.1354945
vn -0.161195904 -0.981575072 -0.102597393
vn -0.275487393 -0.95105648 -0.139993593
vn -0.217191502 -0.972861946 -0.079796873
vn -0.276988089 -0.959658742 -0.0482979231
vn -0.824491858 -0.219197839 -0.521694839
vn -0.836392999 -0.366596937 -0.407496572
vn 0.0448001437 -0.895202875 -0.443401396
vn -0.333491802 -0.916677475 -0.220194578
vn -0.426300168 -0.872300327 -0.23950009
vn -0.444102943 -0.841005564 -0.309002042
vn -0.524009585 -0.810314834 -0.262304813
vn -0.334992588 -0.888680339 -0.313093066
vn -0.0115996869 -0.932574868 -0.360790253
vn -0.129797697 -0.943983197 -0.303394586
vn -0.0240001418 -0.945305586 -0.325301915
vn -0.21799022 -0.38788259 -0.895559788
vn -0.234212279 -0.238212496 -0.942549407
vn -0.309113294 -0.520822406 -0.795734227
vn -0.354994923 -0.375394642 -0.856187761
vn -0.606676459 -0.0351986364 -0.794169188
vn -0.644172847 0.0329986103 -0.764167786
vn -0.452102184 0.0287001394 -0.891504288
vn -0.730564952 -0.147292942 -0.666768014
vn -0.725380003 -0.0492986403 -0.686581075
vn -0.792653918 -0.136192083 -0.594265461
vn -0.20889543 -0.955279112 -0.209295422
vn -0.0877030119 -0.974633515 -0.205907077
vn -0.0268000122 -0.105100051 -0.994100451
vn 0.00590012129 -0.0878018066 -0.996120512
vn -0.614601254 -0.391900808 -0.684601367
vn -0.478395611 -0.498995423 -0.722593367
vn -0.816696882 -0.160499394 -0.554297864
vn -0.558200836 -0.518800795 -0.647500992
vn -0.644195259 -0.749094486 -0.15449886
vn -0.614719391 -0.761124015 -0.206906527
vn -0.54239887 -0.823998272 -0.163799658
vn 0.0941042304 0.121305451 -0.988144398
vn -0.627266526 -0.545170903 -0.556170285
vn -0.717105985 -0.527604401 -0.455403805
vn -0.163805395 -0.354411662 -0.920630336
vn -0.116502129 -0.413507551 -0.903016508
vn -0.230612084 -0.522527397 -0.820842981
vn -0.813380241 -0.0409990028 -0.580285907
vn -0.758674324 0.0533981919 -0.649277985
vn -0.184602827 -0.418806404 -0.889113605
vn -0.454619348 -0.381316245 -0.804934263
vn -0.574525833 -0.299213439 -0.761834204
vn -0.585819423 -0.774025679 -0.24020797
vn -0.693668246 -0.672469199 -0.258088171
vn -0.7357077 -0.645306766 -0.205702156
vn -0.349804908 -0.164802313 -0.922212958
vn -0.781662941 -0.545274138 -0.302785635
vn -0.757175803 -0.602480769 -0.252391934
vn -0.111204565 -0.0684028044 -0.991440654
vn -0.510310173 -0.174903482 -0.842016816
vn 0.0650023296 -0.0264009479 -0.997535825
vn -0.864225566 -0.294208705 -0.408112049
vn -0.89476794 -0.235491559 -0.379386395
vn -0.861611247 -0.164402142 -0.480206251
vn -0.907636285 -0.135705426 -0.397215873
vn 0.194991663 0.307786852 -0.931260169
vn 0.0246005319 0.373708099 -0.927220106
vn -0.912426949 -0.259907663 -0.316109329
vn 0.180607349 0.448518246 -0.875335574
vn -0.815269232 -0.528680027 -0.236291081
vn -0.610890329 -0.117898136 -0.782887638
vn -0.394109696 -0.552413583 -0.734518051
vn -0.928580105 -0.182796091 -0.3229931
vn -0.247302487 0.0320003219 -0.968409777
vn -0.429906607 -0.0288004428 -0.902413905
vn -0.0220995098 0.0578987151 -0.99807781
vn -0.255010486 -0.0138005679 -0.96683979
vn 0.198898375 0.08189933 -0.976592004
vn -0.883921564 -0.0324007906 -0.466511369
vn -0.698694289 -0.691194355 -0.184598491
vn 0.323613018 0.163606584 -0.931937516
vn 0.35789302 0.111497819 -0.927081883
vn 0.403509587 0.235605612 -0.88412106
vn 0.506512225 0.290507019 -0.811819613
vn -0.819701612 0.116100229 -0.560901105
vn -0.871241808 0.0658031553 -0.486423343
vn 0.37539655 0.408696234 -0.831892312
vn 0.347700894 0.534401357 -0.770402014
vn -0.585592151 -0.804389238 -0.100198656
vn 0.146706372 0.578425109 -0.802434802
vn -0.456495106 -0.883790493 -0.102598898
vn -0.915594459 -0.0456997231 -0.399497569
vn -0.706557095 -0.698657572 -0.112493165
vn -0.636597276 -0.770896673 -0.0214999076
vn -0.0671030357 -0.49702251 -0.865139186
vn -0.9228127 0.0657009035 -0.379605234
vn -0.572815359 -0.81752193 -0.0595015958
vn -0.767569959 -0.620675743 -0.159993738
vn -0.857660472 -0.443179578 -0.260787994
vn -0.823827326 -0.540017903 -0.172305703
vn -0.883095741 -0.377598196 -0.27849865
vn -0.879199982 -0.376099974 -0.292499989
vn -0.812897325 -0.572698116 -0.105899654
vn -0.16560401 0.307207435 -0.937122703
vn -0.200204819 0.455710977 -0.867320895
vn 0.0702987537 -0.527590632 -0.846585035
vn 0.0867003128 -0.63090229 -0.771002829
vn 0.0358017609 -0.424020857 -0.904944479
vn -0.757983327 -0.646685779 -0.0851981267
vn -0.0911951661 0.56147027 -0.822456419
vn -0.202591375 0.495478928 -0.844664037
vn -0.238794759 0.608486652 -0.756783366
vn 0.0563998111 -0.227699235 -0.972096741
vn -0.0703007057 0.140301406 -0.987609923
vn -0.471492618 -0.86008656 -0.19479695
vn 0.202205658 -0.391410947 -0.897725105
vn -0.868408203 -0.458704323 -0.188301772
vn -0.889202476 -0.340300947 -0.305800855
vn -0.878006816 -0.466603637 -0.10670083
vn -0.863461614 -0.341984808 -0.370783508
vn -0.911722541 -0.294407278 -0.2865071
vn 0.158298373 -0.18819806 -0.969290018
vn -0.898802757 -0.364901125 -0.242900744
vn 0.0194997694 -0.0532993674 -0.998388171
vn -0.945074916 -0.163895652 -0.282792509
vn -0.368983477 -0.91935879 -0.136493891
vn -0.338615209 -0.938242137 -0.0710031912
vn -0.540294826 -0.764592648 -0.35139662
vn -0.448810518 -0.80931896 -0.378908873
vn -0.923699558 -0.237399891 -0.30069986
vn -0.594479144 -0.758773386 -0.266190678
vn -0.932779729 -0.283893824 -0.222095177
vn -0.672290027 -0.657490253 -0.34019497
vn -0.593318522 -0.719022453 -0.361911297
vn -0.624476016 -0.729171991 -0.279889226
vn 0.00759974401 0.00309989555 -0.999966323
vn -0.353426516 -0.628747165 -0.692651927
vn -0.250809371 -0.968036175 -0.000800029899
vn -0.952692211 -0.249897957 -0.172998592
vn -0.181991339 -0.983153164 -0.0169991907
vn -0.457990587 -0.887381732 -0.0528989099
vn -0.291487128 -0.627072275 -0.722368062
vn -0.354601294 -0.737702668 -0.57450211
vn -0.337001473 -0.941504121 0.000200000868
vn -0.450709164 -0.89261812 0.0097001968
vn -0.16940026 -0.598900914 -0.782701254
vn -0.245407775 -0.731523156 -0.636120141
vn -0.514180839 -0.857367992 0.0231991336
vn -0.904110074 -0.397804439 -0.156001747
vn -0.931821883 -0.32220757 -0.167003915
vn -0.439985722 -0.735876143 -0.514683306
vn -0.510103285 -0.694504499 -0.507403314
vn -0.437199503 -0.660599232 -0.610299289
vn -0.188998267 -0.921091557 -0.340396881
vn -0.255992115 -0.931171298 -0.259591997
vn -0.366396338 -0.927390754 0.075499244
vn -0.19919458 -0.978673398 0.0501986369
vn -0.260608763 -0.962132335 0.0799026862
vn -0.671407104 -0.61580652 -0.412304342
vn -0.770123243 -0.526115835 -0.360710859
vn -0.735685229 -0.546089053 -0.400691956
vn -0.628272951 -0.607373834 -0.486179084
vn -0.278208554 -0.821025252 -0.498515338
vn -0.383600235 -0.807500482 -0.448100269
vn -0.970845878 -0.16339089 -0.175390214
vn -0.969283402 -0.113298059 -0.21829626
vn -0.9541592 -0.207191139 -0.215990767
vn -0.502681136 -0.754871726 -0.421284199
vn -0.800600767 -0.453700453 -0.391400397
vn -0.935295641 0.14319934 -0.323598504
vn -0.892258823 0.157992706 -0.422980487
vn -0.955898166 0.045199912 -0.290199429
vn -0.95038712 0.151297957 -0.271796316
vn -0.504711449 -0.62671423 -0.593713462
vn -0.839761615 -0.434580117 -0.32548511
vn -0.723969221 -0.583675206 -0.367684364
vn -0.587077498 -0.6750741 -0.446782887
vn -0.936927497 -0.058401715 -0.344610095
vn -0.126501888 -0.785411716 -0.60590905
vn -0.185003966 -0.8072173 -0.560512006
vn -0.138203114 -0.841418922 -0.522411764
vn -0.959917068 -0.127502263 -0.249604434
vn -0.0436985679 -0.821673095 -0.568281412
vn -0.960276067 -0.0437989086 -0.275593132
vn 0.062101353 -0.834818184 -0.547011912
vn -0.138595283 -0.681076765 -0.718975484
vn -0.0698987544 -0.755086541 -0.651888371
vn -0.604011536 -0.658112526 -0.449508578
vn -0.0364005938 -0.631510258 -0.774512589
vn 0.0489030071 -0.696442842 -0.715944052
vn 0.0453997292 -0.761395454 -0.646696091
vn 0.165098801 -0.674695134 -0.719394803
vn 0.64766413 -0.653363764 -0.391978264
vn 0.721091449 -0.564293325 -0.401995242
vn 0.727811456 -0.597709417 -0.336205274
vn 0.51510483 -0.564705312 -0.644806087
vn 0.589417219 -0.588017166 -0.553916156
vn 0.458214253 -0.662720621 -0.592318416
vn -0.105796821 -0.991970181 0.0692979172
vn -0.125094786 -0.991558671 0.0340985768
vn -0.00259999116 -0.999996603 9.99996628e-05
vn 0.589417219 -0.588017166 -0.553916156
vn 0.51510483 -0.564705312 -0.644806087
vn 0.613195479 -0.463996589 -0.63929528
vn -0.00739997579 -0.997896731 0.0643997863
vn 0.671830356 -0.559125245 -0.485821933
vn -0.0145000657 -0.997204483 0.0733003318
vn 0.1239959 -0.989667296 0.0719976202
vn 0.783823013 -0.567816675 -0.251407385
vn 0.820988059 -0.54739207 -0.162297636
vn 0.745435715 -0.642230749 -0.17850855
vn 0.122592017 -0.9443385 -0.305280119
vn 0.0200992003 -0.970961392 -0.23839052
vn 0.568421602 -0.41461575 -0.71062696
vn 0.681026936 -0.401115865 -0.612624228
vn -0.0932968482 -0.983166814 0.157094702
vn -0.180507168 -0.976838827 0.114904568
vn 0.230395988 -0.730487287 -0.642888784
vn 0.782891393 -0.605193377 -0.144298419
vn 0.716017127 -0.452210844 -0.531812727
vn 0.581287384 -0.673385382 -0.45679006
vn 0.274799675 -0.634299278 -0.722599149
vn 0.230609 -0.555021644 -0.799231172
vn 0.658736289 -0.736940563 -0.151608348
vn 0.744308233 -0.65570724 -0.1267014
vn 0.13930741 -0.98795253 0.0674035847
vn 0.100494996 -0.994650483 -0.0238988101
vn 0.234102681 -0.971711099 0.0312003568
vn 0.780128539 -0.45871678 -0.425415546
vn 0.375789255 -0.691280246 -0.617182374
vn 0.165607259 -0.982743025 -0.0824036077
vn 0.806798935 -0.48919937 -0.331299573
vn 0.252791822 -0.965768754 -0.0581981167
vn 0.35670346 -0.934209108 -0.00400003884
vn 0.301514089 -0.953044534 0.0282013193
vn 0.807785332 -0.583689392 -0.082398504
vn 0.502094626 -0.77319175 -0.387395859
vn 0.566192448 -0.721490383 -0.398594677
vn 0.639286101 -0.705984652 -0.304793358
vn 0.639286101 -0.705984652 -0.304793358
vn 0.556380332 -0.785772264 -0.270190448
vn 0.382498503 -0.617397606 -0.687397301
vn 0.3811979 -0.568296909 -0.729196012
vn 0.236506552 -0.967726827 0.0870024115
vn 0.85276103 -0.464878738 -0.238089114
vn 0.319993585 -0.943581104 0.0851982981
vn 0.719508529 -0.650207698 -0.244002894
vn 0.642977417 -0.738274038 -0.20379284
vn 0.448512197 -0.890624225 0.075002037
vn 0.442318946 -0.896838427 -0.00590025261
vn 0.302498996 -0.417398632 -0.856897175
vn 0.884665728 -0.427083462 -0.18699275
vn 0.872675598 -0.480986536 -0.0841976479
vn 0.393619061 -0.914444268 0.0941045582
vn 0.490721047 -0.870337307 0.041301772
vn 0.259397537 -0.26079753 -0.929891169
vn 0.395603806 -0.350503355 -0.848908126
vn 0.871594965 -0.382597774 -0.30649823
vn 0.754795551 -0.654496133 -0.0437997431
vn 0.681939423 -0.726841986 -0.0816047192
vn 0.482191086 -0.435091943 -0.760385931
vn 0.215797439 -0.970188498 0.110298686
vn 0.103603162 -0.984530091 0.141304314
vn 0.482191086 -0.435091943 -0.760385931
vn 0.395603806 -0.350503355 -0.848908126
vn 0.49096784 -0.374975443 -0.786348522
vn 0.752001524 -0.654601336 0.0774001554
vn 0.72812748 -0.685225844 0.0172006488
vn 0.158993423 -0.959660292 -0.23189041
vn -0.0208994169 -0.99007237 -0.138996124
vn 0.839555502 -0.543271244 -0.00169990992
vn 0.871671379 -0.487184018 -0.0532982498
vn 0.492319971 -0.86343503 0.110004462
vn 0.430203408 -0.894707084 0.120100953
vn 0.34339869 -0.924096465 0.167699352
vn 0.153300002 -0.862599969 -0.48209998
vn 0.0841002017 -0.977902353 -0.191400468
vn 0.926169932 -0.365888119 -0.0912970379
vn 0.277799457 -0.944098175 0.177499652
vn 0.181698665 -0.894993424 -0.407397002
vn 0.291710824 -0.939834893 -0.177806601
vn 0.269493937 -0.933078945 -0.23819463
vn 0.313604176 -0.837811112 -0.446905941
vn 0.207697749 -0.91309011 -0.35089618
vn 0.458280921 -0.869363785 0.184892297
vn 0.157407776 -0.784338713 -0.600029647
vn 0.185005203 -0.970627248 -0.153804317
vn 0.237593442 -0.80877769 -0.537985146
vn 0.906521916 -0.4221102 -0.0064001549
vn 0.270192415 -0.955573142 -0.117796689
vn 0.393609643 -0.901422083 -0.180304423
vn 0.58699131 -0.809588015 -0.00289995712
vn 0.543521762 -0.838333547 0.0422016904
vn 0.49530533 -0.868609369 0.0138001489
vn 0.336179882 -0.761354387 -0.554366827
vn -0.060602054 -0.996933758 -0.0495016761
vn 0.619209588 -0.783912122 0.0454007052
vn 0.0372014493 -0.997038841 -0.0673026219
vn 0.374097347 -0.89539361 -0.241498277
vn 0.061101757 -0.989928484 -0.127703667
vn 0.48598969 -0.847082019 -0.215095431
vn 0.541608036 -0.838012457 0.0663009882
vn 0.351079673 -0.931646049 -0.0936945751
vn 0.608709514 -0.787612259 0.0956014916
vn 0.421998173 -0.898296118 -0.122399472
vn 0.418597579 -0.735895753 -0.532196939
vn 0.677818418 -0.735220015 -0.00370010058
vn 0.516112685 -0.846020758 -0.133703277
vn 0.56787312 -0.803861976 -0.176991627
vn 0.697661161 -0.714560211 0.0516971238
vn 0.442112327 -0.794022143 -0.417211622
vn 0.358505636 -0.855113447 -0.374505907
vn 0.603270411 -0.79206109 -0.0932954177
vn 0.122401789 -0.927313566 -0.353705168
vn 0.80440098 -0.589900732 0.070400089
vn 0.753085732 -0.651387691 0.0924982503
vn -0.10949672 -0.993670225 -0.0250992477
vn 0.554487109 -0.819480956 0.144896626
vn 0.501283109 -0.863370836 -0.0574980602
vn 0.613888323 -0.776185215 0.143797264
vn 0.259010434 -0.894735992 -0.363814652
vn 0.387187153 -0.875770926 -0.288290441
vn 0.605777979 -0.779071689 0.161494136
vn 0.256498933 -0.922296166 -0.289098799
vn 0.653522491 -0.734425247 0.183106303
vn 0.661289752 -0.737588584 0.136597887
vn 0.748310268 -0.642008841 0.166902289
vn 0.811498404 -0.56789887 0.137699723
vn 0.46442154 -0.826238334 -0.318814784
vn 0.77008146 -0.604585469 0.203595102
vn 0.849983275 -0.52238971 0.0680986568
vn 0.835471213 -0.541981339 0.090796873
vn 0.887237847 -0.457419515 0.0598025508
vn 0.864910364 -0.490905881 0.104601257
vn 0.954969823 -0.296690613 0.00269991462
vn 0.968038976 -0.240509689 -0.071102865
vn 0.946838558 -0.317312926 0.05300216
vn 0.907052517 -0.400479048 0.129893199
vn 0.483911902 -0.728417933 -0.485011935
vn 0.809559405 -0.549972415 0.205289707
vn 0.859833002 -0.479718417 0.174806714
vn 0.581287384 -0.673385382 -0.45679006
vn 0.960289955 -0.251497358 0.120798729
vn 0.64766413 -0.653363764 -0.391978264
vn 0.566192448 -0.721490383 -0.398594677
vn -0.215297014 -0.0921987221 -0.972186506
vn -0.0716010332 -0.0209003016 -0.997214377
vn 0.152999729 0.0616998896 -0.986298263
vn 0.165504992 0.119603612 -0.978929579
vn 0.0637024119 0.0475018024 -0.996837795
vn 0.0164997075 0.0340993926 -0.999282241
vn 0.0241010766 -0.213509545 -0.976643622
vn 0.0486004278 -0.100900888 -0.99370873
vn 0.0189004466 0.0565013364 -0.998223603
vn 0.00949959736 -0.187292054 -0.98225832
vn 0.141399696 -0.158399656 -0.977197886
vn 0.0134003572 0.230306149 -0.973025978
vn 0.0159997419 0.0239996146 -0.9995839
vn -0.0431015268 0.137704879 -0.989535034
vn -0.124094248 0.0151992952 -0.992154002
vn -0.399606317 -0.0963015184 -0.911614418
vn -0.139294758 -0.151694283 -0.97856313
vn -0.130695879 0.566582143 -0.813574374
vn -0.0469997637 0.61439687 -0.787595987
vn 0.00279993634 0.473889232 -0.880580008
vn -0.160297081 0.684587538 -0.711087048
vn -0.154002383 0.509107888 -0.846813083
vn -0.255487293 0.644267917 -0.720864117
vn -0.444518566 0.646026969 -0.620525897
vn -0.324098527 0.696496844 -0.640197098
vn -0.349000335 0.586500585 -0.730900705
vn -0.0798974484 0.750276089 -0.656279087
vn -0.470286757 -0.386089146 -0.793577671
vn -0.238494888 -0.663885772 -0.708784819
vn -0.151698992 -0.485996753 -0.86069423
vn -0.353197038 -0.328197271 -0.876092672
vn -0.217194051 0.741879642 -0.634382606
vn 0.0507997014 -0.745295584 -0.664796114
vn -0.100702494 -0.665116429 -0.739918292
vn 0.0137000987 -0.803605795 -0.595004261
vn -0.0604985133 0.738181889 -0.671883523
vn -0.306509554 0.754123509 -0.580818117
vn -0.0152998986 0.696395397 -0.717495203
vn 0.00519997533 -0.707996666 -0.706196666
vn -0.519603491 -0.468503118 -0.714504778
vn -0.674157083 -0.259083509 -0.691655993
vn -0.870903909 0.222301006 -0.43830198
vn -0.819397271 0.150199503 -0.553198159
vn 0.0069002388 0.352112174 -0.935932398
vn -0.00100002822 0.255807221 -0.966727316
vn -0.492616624 -0.140504748 -0.858829021
vn -0.450894743 -0.309796393 -0.837090254
vn -0.856285989 0.287495285 -0.429092973
vn -0.829077482 0.256193042 -0.496986508
vn -0.00100000063 0.436300278 -0.899800599
vn -0.911004841 0.203301087 -0.358801901
vn 0.0184992105 -0.62517333 -0.780266702
vn 0.028499797 0.521796286 -0.852593899
vn -0.880289376 0.276696652 -0.385395348
vn -0.791393638 0.355797142 -0.497096032
vn 0.0579984263 0.568584561 -0.820577741
vn -0.811842799 0.369819492 -0.451823831
vn -0.850307167 0.36680311 -0.3774032
vn -0.506411135 -0.0583012849 -0.860318959
vn -0.668017805 -0.119303174 -0.734519541
vn -0.193896964 -0.0982984602 -0.976084709
vn 0.0186993051 -0.178493366 -0.983763397
vn -0.912804961 0.265401453 -0.310401678
vn 0.330996662 -0.171098277 -0.927990615
vn -0.865303457 0.362101436 -0.346601367
vn -0.124202736 -0.33770743 -0.933020532
vn -0.076701656 -0.201304346 -0.976521075
vn -0.826978385 0.431788713 -0.360090584
vn -0.0855994001 0.0164998844 -0.996192992
vn 0.233396113 -0.0137997707 -0.97228384
vn 0.0435008928 0.696214318 -0.716514707
vn -0.0246007629 0.770123899 -0.63741976
vn -0.0371981375 -0.114294276 -0.992750287
vn 0.0403008871 0.760816753 -0.647714257
vn -0.0342000835 -0.462801129 -0.88580215
vn -0.0462988056 0.111597121 -0.99267441
vn 0.0907038674 0.0454019383 -0.99484241
vn -0.053399805 0.140099496 -0.988696396
vn -0.147696242 0.736081302 -0.660583198
vn -0.781581759 0.31609264 -0.537787437
vn 0.0546024889 -0.086603947 -0.994745374
vn -0.0431015268 0.137704879 -0.989535034
vn 0.25459528 -0.0675987527 -0.964682162
vn 0.197491467 0.138594002 -0.970458031
vn -0.116499335 0.170799017 -0.978394389
vn -0.0537995845 0.779893994 -0.623595178
vn 0.056798581 0.26499337 -0.962575912
vn 0.0682008937 0.430705667 -0.899911821
vn 0.49697873 0.109995291 -0.860763133
vn -0.769615233 0.464209199 -0.438408703
vn -0.674050212 0.51796174 -0.526661098
vn -0.737001359 0.423200786 -0.527000964
vn -0.195496604 0.80468601 -0.560590267
vn -0.12080624 0.775140047 -0.620132029
vn 0.622093856 0.249297544 -0.742192686
vn -0.0625027716 0.79903543 -0.598026514
vn 0.415811121 -0.0636017025 -0.907224298
vn 0.338690609 -0.238093406 -0.910274804
vn 0.20149827 0.314597309 -0.927592039
vn 0.594303608 -0.0942005739 -0.798704863
vn 0.199206352 0.503316045 -0.840826809
vn -0.0431998745 0.83939755 -0.541798413
vn -0.66602087 0.600718796 -0.442213863
vn 0.0983013064 0.591607869 -0.800210595
vn -0.753203034 0.540702164 -0.374601513
vn 0.630314529 0.123102836 -0.766517639
vn -0.640784919 0.667084336 -0.379991055
vn 0.0290987156 0.798964739 -0.600673497
vn 0.680377185 -0.124695815 -0.722175777
vn 0.333706111 0.241504416 -0.911216676
vn -0.569304585 0.627805054 -0.530804276
vn 0.344204664 0.345504671 -0.873011827
vn -0.569304585 0.627805054 -0.530804276
vn -0.415988207 0.734479189 -0.536184788
vn -0.521399915 0.71299988 -0.468799919
vn -0.521399915 0.71299988 -0.468799919
vn 0.0249998942 0.821196556 -0.570097566
vn 0.0926041305 0.790035248 -0.606027067
vn -0.453999281 0.79059875 -0.410899341
vn 0.391097784 0.562696815 -0.728295863
vn -0.521010458 0.779115677 -0.348607004
vn -0.521399915 0.71299988 -0.468799919
vn -0.640784919 0.667084336 -0.379991055
vn -0.453999281 0.79059875 -0.410899341
vn 0.573520362 0.367513061 -0.732125998
vn -0.0113001149 0.81630832 -0.577505887
vn 0.511383295 0.437285721 -0.739775836
vn 0.33050704 0.664614141 -0.670114279
vn 0.445695817 0.447695792 -0.775192678
vn 0.0376008414 0.850819051 -0.524111748
vn 0.0601034239 0.532730341 -0.844148099
vn -0.755311251 0.56020838 -0.340105087
vn -0.615297258 0.0560997464 -0.786296487
vn -0.642897308 0.690597057 -0.33129859
vn 0.0268011168 0.880536675 -0.473219693
vn -0.612504542 0.0936006904 -0.784905791
vn -0.320302665 0.0310002584 -0.946807921
vn 0.0679016262 0.843820214 -0.532312751
vn -0.828273892 0.473885059 -0.298990577
vn 0.719124734 -0.193406656 -0.66742301
vn -0.703385592 0.138997152 -0.697085738
vn 0.0936976448 0.614184558 -0.783580303
vn -0.694379151 0.654280365 -0.299591005
vn 0.690000534 0.0435000323 -0.722500563
vn -0.695198774 0.20319964 -0.689498782
vn 0.550518513 -0.215507239 -0.806527138
vn -0.642897308 0.690597057 -0.33129859
vn 0.23238723 0.698561609 -0.676762819
vn -0.484111339 -0.0746017471 -0.87182039
vn 0.162793472 0.72487092 -0.669373155
vn -0.535475433 0.221589833 -0.814962566
vn -0.569579482 0.775172055 -0.273290157
vn -0.694379151 0.654280365 -0.299591005
vn 0.706198573 -0.238599524 -0.666598678
vn -0.775562584 0.225889117 -0.589471579
vn 0.513610423 -0.194803953 -0.835617006
vn -0.462293148 0.84018755 -0.283495814
vn -0.685507298 0.272102892 -0.675307155
vn 0.141001329 0.792307436 -0.593605578
vn -0.631118119 0.331209511 -0.701420128
vn 0.673395216 -0.245598257 -0.69729507
vn 0.340513974 0.152206242 -0.927838087
vn -0.047000207 0.238501042 -0.970004261
vn -0.155003533 0.18560423 -0.970322073
vn 0.312076688 0.717746377 -0.622453451
vn 0.558027327 -0.302714825 -0.772637844
vn 0.201508805 0.79973495 -0.565524697
vn -0.833100438 0.129700065 -0.537700295
vn 0.425507128 -0.0925015509 -0.900215089
vn -0.109100051 0.646000326 -0.755500376
vn -0.374693274 0.225595951 -0.899283826
vn -0.257404596 0.249204442 -0.933616638
vn -0.0765999407 0.15839988 -0.984399259
vn 0.498633206 0.580038667 -0.644142926
vn 0.436104327 -0.390803874 -0.810608029
vn -0.153594077 0.343886733 -0.926364303
vn 0.503412604 -0.51321286 -0.695117474
vn -0.725114763 0.357907295 -0.58831197
vn 0.316410452 -0.652021527 -0.689022779
vn 0.162407234 -0.756733716 -0.633228242
vn 0.120503522 -0.685720026 -0.717820942
vn 0.362676442 0.76265043 -0.535565197
vn -0.292008787 0.392811805 -0.872026205
vn 0.162407234 -0.756733716 -0.633228242
vn 0.120503522 -0.685720026 -0.717820942
vn 0.153500095 -0.502400279 -0.850900531
vn 0.441407114 0.693411171 -0.569509149
vn 0.0875036195 0.216108948 -0.972440243
vn -0.218506575 0.0443013348 -0.974829376
vn -0.101401567 0.391406059 -0.914614141
vn -0.0383989587 0.468787283 -0.882476091
vn 0.444617122 0.747828782 -0.493018985
vn -0.316582352 0.263785303 -0.911149204
vn 0.0459979624 0.418481439 -0.907059789
vn -0.526396632 0.354097754 -0.772995055
vn -0.317007333 0.188404351 -0.929521441
vn -0.0192009211 0.203209743 -0.978946924
vn -0.0888015404 0.457207948 -0.884915352
vn -0.105894759 0.132193461 -0.985551238
vn -0.0888015404 0.457207948 -0.884915352
vn -0.0192009211 0.203209743 -0.978946924
vn 0.0459979624 0.418481439 -0.907059789
vn -0.0589018129 -0.335410327 -0.940228939
vn 0.153500095 -0.502400279 -0.850900531
vn -0.317007333 0.188404351 -0.929521441
vn -0.292008787 0.392811805 -0.872026205
vn -0.476123303 0.224110976 -0.850341618
vn -0.453985363 0.421186417 -0.785174668
vn -0.234805167 0.30690676 -0.922320306
vn -0.630490482 0.40199393 -0.663989961
vn 0.0126997549 0.147497162 -0.988980949
vn -0.396696985 0.498196244 -0.770994186
vn 0.130305395 0.845934987 -0.517121375
vn 0.369105965 -0.339105487 -0.865313947
vn -0.396696985 0.498196244 -0.770994186
vn -0.121999033 0.285797715 -0.950492442
vn 0.0159997419 0.0239996146 -0.9995839
vn -0.231407225 0.135104224 -0.963430107
vn -0.291007698 0.432811439 -0.853222549
vn -0.473326296 0.069403857 -0.878148794
vn -0.203599349 0.391898751 -0.897197127
vn -0.294205338 0.118102141 -0.948417187
vn 0.00959967263 0.37178731 -0.928268313
vn -0.121999033 0.285797715 -0.950492442
vn 0.278184563 0.823354363 -0.494672567
vn -0.203599349 0.391898751 -0.897197127
vn -0.559874117 0.319585234 -0.764464676
vn -0.445200026 0.493900031 -0.746900082
vn -0.349000335 0.586500585 -0.730900705
vn -0.30818671 0.528577209 -0.790965915
vn -0.606998801 0.107499786 -0.787398398
vn 0.315710753 0.83502847 -0.450615346
vn 0.205791041 0.855262756 -0.475579292
vn -0.30818671 0.528577209 -0.790965915
vn -0.669415057 0.38750872 -0.633814216
vn -0.540693641 0.539793611 -0.645192385
vn -0.149602547 0.821113944 -0.550809383
vn -0.356687993 0.621979058 -0.697076559
vn -0.191209212 0.647331238 -0.737835586
vn -0.111295894 0.859668314 -0.498581618
vn -0.188104987 0.885523498 -0.424811274
vn -0.345288932 0.801774263 -0.487784356
vn -0.225709438 0.855935812 -0.465219468
vn -0.444518566 0.646026969 -0.620525897
vn -0.0520001128 -0.146100327 -0.987902164
vn 0.029498484 0.0762960762 -0.996648729
vn -0.0688985735 0.891981542 -0.446790755
vn -0.311599314 0.475298941 -0.822798133
vn -0.299699992 0.8495 -0.434200019
vn -0.349412501 0.86303091 -0.36481306
vn 0.138098985 0.0253998116 -0.990092695
vn -0.349412501 0.86303091 -0.36481306
vn -0.290403992 0.277403802 -0.915812552
vn -0.559874117 0.319585234 -0.764464676
vn -0.371790767 0.88577795 -0.27779308
vn -0.255400449 0.906201541 -0.337000579
vn -0.280495316 0.926484585 -0.250895828
vn -0.290403992 0.277403802 -0.915812552
vn -0.529110014 0.135802567 -0.837615848
vn -0.665097773 -0.143199518 -0.73289758
vn 0.00180004339 0.913421988 -0.40700981
vn -0.680899382 0.132999882 -0.720199347
vn -0.689563692 0.231987774 -0.686063826
vn 0.0783979073 0.876276612 -0.475387305
vn 0.118604094 0.889330685 -0.441615224
vn -0.692904472 0.250801623 -0.67600435
vn -0.255400449 0.906201541 -0.337000579
vn -0.128500879 0.922806323 -0.363202482
vn -0.692904472 0.250801623 -0.67600435
vn -0.2023945 0.940774441 -0.271992594
vn 0.162196606 -0.258194596 -0.952380061
vn 0.132204831 -0.432615817 -0.89183265
vn 0.162196606 -0.258194596 -0.952380061
vn 0.0346988849 0.939969778 -0.339489073
vn 0.064299643 0.88449508 -0.462097436
vn -0.094304055 0.94904083 -0.300712943
vn 0.132204831 -0.432615817 -0.89183265
vn -0.0469990559 0.959980726 -0.276094437
vn 0.152806073 0.895635605 -0.417716593
vn 0.135401338 0.920909107 -0.365503609
vn 0.213407636 0.911032617 -0.352812618
vn 0.282889128 0.867066681 -0.410084248
vn 0.372197419 0.814194381 -0.445596904
vn 0.313300341 0.892200947 -0.325300366
vn 0.401505083 0.833710551 -0.379104793
vn -0.301003158 -0.00500005251 -0.953610003
vn 0.0829020813 0.957024038 -0.277906984
vn -0.0801011026 0.0523007214 -0.995413721
vn 0.217096806 0.939886212 -0.263596117
vn 0.0968978927 0.967179 -0.234894902
vn 0.387218267 0.881041527 -0.27171281
vn 0.316995591 0.919387221 -0.23289676
vn -0.0935988724 0.0450994559 -0.994588017
vn 0.0495005175 0.0819008574 -0.995410442
vn 0.27451098 -0.17110686 -0.946237922
vn 0.104402535 -0.05480133 -0.993024111
vn 0.172398061 0.107998781 -0.979088962
vn 0.239184767 0.193787664 -0.95143944
vn 0.732417226 0.306007177 -0.608214319
vn 0.641911507 0.227304071 -0.732313097
vn 0.622186959 0.328993082 -0.710385084
vn 0.475212455 0.774720311 -0.41711095
vn 0.565118015 0.684721887 -0.460214704
vn 0.983430922 -0.0596018732 -0.171205387
vn 0.997573972 -0.0014999609 -0.069598183
vn 0.990507066 -0.10150072 -0.0927006602
vn 0.843512416 -0.153502256 -0.514707565
vn 0.687271297 -0.10569559 -0.718670011
vn 0.763432264 -0.041901771 -0.644527256
vn 0.986798763 0.0434999466 -0.15599981
vn 0.653184474 0.0218994804 -0.756882012
vn 0.541076541 -0.0535976775 -0.839263618
vn 0.00899961591 -0.00209991029 -0.999957323
vn 0.972270906 -0.189094335 -0.137595877
vn 0.809225202 0.0591018423 -0.584518194
vn 0.75319171 0.0833990797 -0.652492821
vn 0.860231102 -0.0283010229 -0.509118378
vn 0.571001112 0.723901451 -0.387200773
vn 0.871294439 -0.126799196 -0.474096984
vn 0.880892217 -0.101999097 -0.462195933
vn 0.970275521 -0.0646983683 -0.233194128
vn 0.94770515 -0.0742004067 -0.310401708
vn 0.961104214 0.0101000443 -0.276001215
vn -0.116499335 0.170799017 -0.978394389
vn 0.00899961591 -0.00209991029 -0.999957323
vn 0.961706638 0.0852005854 -0.260501802
vn 0.959207118 0.00110000814 -0.282702088
vn 0.27451098 -0.17110686 -0.946237922
vn 0.104402535 -0.05480133 -0.993024111
vn 0.278004438 -0.141402259 -0.950115204
vn 0.680811703 0.623910725 -0.383706599
vn 0.723218143 0.555813909 -0.409910262
vn 0.627787173 0.617887378 -0.473390341
vn 0.259397537 -0.26079753 -0.929891169
vn 0.438608438 -0.287005514 -0.851616383
vn 0.970989585 0.129998609 -0.200697839
vn 0.833890975 0.116498739 -0.539494157
vn 0.536599278 -0.345199555 -0.769999027
vn 0.748817742 0.206104875 -0.629914939
vn 0.678597093 0.144299388 -0.720196962
vn 0.745496392 0.570997238 -0.343798339
vn 0.660406947 0.680807114 -0.316803306
vn 0.982373416 0.103897192 -0.155395791
vn 0.701807678 0.644807041 -0.302803308
vn 0.427305698 -0.130001724 -0.894711912
vn 0.908065915 -0.0231991298 -0.41818431
vn 0.568968296 -0.246786237 -0.784456253
vn 0.919388711 -0.119698532 -0.37469539
vn 0.631411552 -0.355006516 -0.689412653
vn 0.898405373 0.0873005241 -0.430402577
vn 0.864793718 0.248198196 -0.436496824
vn 0.805751204 0.237685606 -0.542467117
vn 0.800299644 0.360399842 -0.479199797
vn 0.934425533 0.00590016134 -0.356109738
vn 0.884885967 0.296695292 -0.359094292
vn 0.0454015918 0.0605021231 -0.997134984
vn 0.202907711 -0.0109004136 -0.979137182
vn 0.966912389 0.207502648 -0.148401901
vn 0.938191235 0.252997637 -0.236197799
vn 0.947630644 0.184605971 -0.260608435
vn 0.944883168 0.288394868 -0.154997244
vn 0.786306024 0.467703581 -0.403703094
vn 0.716095626 0.416397452 -0.560196579
vn 0.98638767 -0.155998051 -0.0519993529
vn 0.848975301 0.157595426 -0.504385352
vn 0.615822613 -0.137305036 -0.775828481
vn 0.692219317 -0.230406433 -0.683919072
vn 0.348694891 0.0348994881 -0.93658632
vn 0.197691321 0.0594973899 -0.978457034
vn 0.99083811 -0.133505136 0.0204007849
vn 0.976229072 -0.211106285 0.0491014607
vn 0.912254572 0.172391415 -0.371581495
vn 0.832896888 0.454898298 -0.315198839
vn 0.999688208 -0.010399878 -0.0226997323
vn 0.879643381 -0.313815475 -0.357417643
vn 0.918627262 -0.332409859 -0.213606343
vn 0.893946886 0.347018182 -0.283614874
vn 0.928617179 -0.202503741 -0.310905755
vn 0.937491775 -0.235197932 -0.256497741
vn 0.381483048 0.257588565 -0.88776058
vn 0.471206784 0.351605058 -0.808911622
vn 0.496509045 0.337306142 -0.799814582
vn 0.557306826 0.420405149 -0.716008782
vn 0.995247364 0.0855040699 -0.0466022156
vn 0.772402227 0.582001686 -0.254300743
vn 0.841794848 0.496296972 -0.212298706
vn 0.717504501 -0.315501958 -0.621003866
vn 0.981230795 -0.158104971 0.110403463
vn 0.993899226 -0.0942999274 0.057199955
vn 0.802021146 -0.329008669 -0.498513162
vn 0.581094921 0.512995541 -0.631794512
vn 0.978583574 -0.136597708 0.153997421
vn 0.960781634 -0.18729642 0.204496101
vn 0.907210708 0.366504341 -0.206502438
vn 0.986174524 -0.0716981441 0.149396136
vn 0.999446452 -0.00210009771 0.0332015455
vn 0.649126768 0.415117115 -0.637426257
vn 0.998369396 0.0527983829 0.0216993354
vn 0.778140783 -0.261080146 -0.571256518
vn 0.99428463 0.00589990895 0.106598355
vn 0.828392625 -0.383696586 -0.408096343
vn 0.982594788 0.160399154 -0.0936995
vn 0.940197647 0.113399714 -0.321199179
vn 0.440295041 0.843190491 -0.308496505
vn 0.984009981 0.178001806 0.0063000638
vn 0.978367686 0.19959341 -0.0543982014
vn 0.755729735 -0.194207639 -0.625424623
vn 0.522333503 0.794350922 -0.310119867
vn 0.804023087 -0.167504817 -0.570516407
vn 0.618311226 0.730113268 -0.290905267
vn 0.843751371 -0.177510813 -0.506530881
vn 0.668692768 0.705092371 -0.235997438
vn 0.601014674 0.77201885 -0.206805035
vn 0.469204634 0.85330838 -0.22740224
vn 0.885064483 -0.198792025 -0.420883119
vn 0.938392818 0.331997454 -0.0958992615
vn 0.959583282 0.275695175 -0.0564990155
vn 0.990914941 0.129801959 0.0352005288
vn 0.525815547 0.836924732 -0.151904494
vn 0.72107327 0.664175391 -0.197292686
vn 0.637931645 0.7582376 -0.134606674
vn 0.990235865 0.107703902 0.0885032043
vn 0.945847332 -0.289314479 -0.147207364
vn 0.962326884 -0.168604702 -0.213305965
vn 0.472398937 0.872998059 -0.121299729
vn 0.966701508 0.24780038 0.0639000982
vn 0.962732911 0.270209253 -0.011500393
vn 0.950842738 -0.125705644 -0.283012718
vn 0.901342034 0.429220021 -0.0579027012
vn 0.936984599 0.349194258 0.0110998172
vn 0.886405826 0.438102901 -0.149500981
vn 0.858692288 0.489895612 -0.150498644
vn 0.701788723 0.517391682 -0.489692152
vn 0.655498087 0.531398475 -0.536598444
vn 0.793789923 0.581592619 -0.177897736
vn 0.847285151 0.522390842 -0.095998317
vn 0.171995729 0.0843979046 -0.981475651
vn 0.249300301 0.0995001197 -0.963301122
vn 0.565770626 0.618267894 -0.545571685
vn 0.362188578 0.0976969153 -0.92697072
vn 0.487809718 0.0936018601 -0.86791724
vn 0.542996049 0.134499028 -0.828894019
vn 0.874531627 0.484717518 0.015600564
vn 0.820661068 0.570372939 -0.0344983637
vn 0.776819229 0.618815303 -0.116702884
vn 0.458203912 0.209901795 -0.863707364
vn 0.723793864 0.675994277 -0.138398826
vn 0.681320608 0.727622032 -0.0798024163
vn 0.745984733 0.663786411 -0.0537988991
vn 0.406397015 0.898693442 -0.164898798
vn 0.181707889 -0.06880299 0.980942607
vn 0.0735998377 -0.034299925 0.996697843
vn 0.0876024663 -0.00740020815 0.996128023
vn -0.260997742 -0.00959991757 0.965291679
vn -0.325283289 -0.0110994307 0.945551455
vn -0.495321006 -0.0798033848 0.865036726
vn -0.12709707 0.00509988284 0.991877198
vn 0.101098999 0.0578994267 0.99319011
vn 0.119600751 0.032000199 0.992306232
vn -0.00669979909 0.0247992557 0.999670029
vn 0.18769221 0.0903962478 0.978059411
vn 0.0213002432 0.0415004753 0.99891144
vn -0.42011264 -0.665520012 0.616918564
vn -0.326419055 -0.48942855 0.808647215
vn -0.457595348 -0.518694758 0.722192645
vn 0.241390929 0.0830968767 0.966863632
vn -0.320298165 -0.621096492 0.715295911
vn -0.678416908 0.0195004866 0.734418273
vn -0.806900084 -0.0796000063 0.585300028
vn -0.691301703 -0.10150025 0.715401769
vn -0.516791761 -0.0326994807 0.855486393
vn -0.544501841 -0.326501101 0.772602618
vn -0.665375412 -0.335687608 0.666775346
vn -0.656879604 -0.41428715 0.629980445
vn -0.676419079 -0.231406525 0.699219704
vn -0.541705489 -0.240902439 0.805308163
vn -0.640172541 0.0826964527 0.763767242
vn -0.767905772 0.0368002765 0.63950485
vn 0.117894061 -0.0805959404 0.989750087
vn -0.543927789 0.0340017378 0.838442862
vn 0.175397754 0.00449994206 0.984487355
vn 0.308608264 -0.0811021701 0.947725356
vn 0.214599445 -0.0142999627 0.976597428
vn 0.305512697 0.00960039906 0.952139616
vn -0.0466003157 0.00370002515 0.998906791
vn 0.274208307 -0.124103762 0.953628898
vn -0.400411963 0.00380011345 0.916327357
vn -0.51049459 0.0816991329 0.855990946
vn -0.649715364 -0.0950022489 0.754217803
vn 0.340214521 -0.173307404 0.924239457
vn -0.528995991 -0.141798928 0.836693645
vn -0.737003148 0.126200542 0.664002836
vn -0.207892612 0.0129995383 0.978065252
vn -0.37439695 -0.152198762 0.914692521
vn 0.192594469 -0.193194449 0.962072372
vn -0.388511062 -0.361610293 0.847524107
vn -0.502677262 -0.418781072 0.756265819
vn -0.457595348 -0.518694758 0.722192645
vn -0.619608104 -0.469906151 0.628708243
vn -0.631827176 0.170907348 0.756032467
vn -0.245992213 0.00219993037 0.969269335
vn -0.408818394 -0.278012514 0.869239092
vn 0.0316995941 -0.0204997379 0.999287188
vn -0.626173735 0.252489388 0.737669051
vn -0.53267312 0.190690383 0.824558377
vn -0.407686204 0.119495958 0.905269384
vn -0.388511062 -0.361610293 0.847524107
vn 0.0445979759 -0.0457979217 0.997954667
vn -0.0673981085 0.0607982911 0.995872021
vn -0.311407864 0.0219005514 0.950023949
vn -0.27220583 -0.305306524 0.912519515
vn -0.16410403 -0.00610014936 0.986424148
vn 0.0581993647 -0.112998769 0.991889179
vn -0.0380015485 -0.00860035047 0.999240696
vn -0.187800303 0.020100031 0.982001543
vn -0.218395025 -0.510988355 0.831381083
vn 0.0719016641 -0.184904292 0.980122745
vn -0.188902572 -0.350504786 0.917312503
vn -0.263998032 0.097399272 0.959592819
vn -0.146001741 0.0804009587 0.986011744
vn -0.168104157 -0.202605024 0.964723885
vn 0.117900915 0.0997007713 0.988007665
vn 0.0101002213 0.0667014644 0.997721851
vn 0.0461002812 0.109600671 0.992906094
vn -0.0908001438 0.0116000185 0.995801568
vn -0.00770017272 0.0479010753 0.998822391
vn -0.613114953 0.386809409 0.688816786
vn -0.71869123 0.307596236 0.623592377
vn -0.513670504 0.279883921 0.811053395
vn -0.699226797 0.439016849 0.564221621
vn -0.0281995088 -0.0813985765 0.996282637
vn -0.0310994852 -0.148097545 0.988483667
vn -0.475808412 -0.241604269 0.845714927
vn 0.374893278 -0.0266995225 0.926683426
vn 0.0818000138 0.174800023 0.981200159
vn 0.120001704 0.169402406 0.978213906
vn 0.142591968 0.238786563 0.960545957
vn 0.392207474 0.0797015205 0.91641748
vn 0.361419052 -0.0729038417 0.929548979
vn -0.262004912 -0.189803556 0.946217775
vn -0.317386717 -0.156693444 0.935260832
vn 0.154100537 -0.351801246 0.923303246
vn 0.25630182 -0.288602024 0.922506511
vn 0.194409713 0.140207008 0.970848501
vn 0.35879451 -0.230196476 0.904586136
vn 0.192794159 0.243792623 0.950471222
vn 0.261387557 0.154092669 0.952854633
vn 0.23870565 -0.377008915 0.894921184
vn 0.067799665 -0.269198656 0.960695207
vn 0.105400994 -0.433004081 0.895208418
vn 0.0323008373 -0.393110186 0.918923855
vn 0.330402792 0.133801132 0.934307873
vn -0.140704915 -0.0426014885 0.98913461
vn -0.221002549 -0.0455005243 0.974211276
vn 0.228898257 0.293997765 0.92799294
vn 0.297098458 0.215998873 0.930095136
vn -0.00839995127 -0.253898531 0.967194378
vn -0.27220583 -0.305306524 0.912519515
vn -0.168104157 -0.202605024 0.964723885
vn 0.324900627 0.262800515 0.908501744
vn -0.101205237 -0.21321103 0.971750259
vn -0.0844973847 -0.096197024 0.991769314
vn -0.363190889 -0.0787980184 0.928376675
vn -0.0122996848 -0.00999974366 0.999874353
vn -0.344900936 0.203100547 0.916402459
vn -0.135796055 -0.07659778 0.987771332
vn -0.0844973847 -0.096197024 0.991769314
vn -0.0122996848 -0.00999974366 0.999874353
vn -0.562917888 0.470214933 0.679721594
vn -0.64356041 -0.124792323 0.755153537
vn -0.359609276 0.2635068 0.895123065
vn -0.224796802 0.179197446 0.957786322
vn -0.463481277 0.366485208 0.806767404
vn -0.0815986693 0.0673988983 0.994383752
vn -0.0601982698 -0.00549984165 0.99817127
vn -0.967764914 0.251790851 0.00569979334
vn -0.990318954 0.138802648 0.00150002865
vn -0.970200658 0.229200155 0.0786000565
vn -0.585603416 -0.629403651 0.510802984
vn -0.726929128 -0.525121033 0.442517728
vn -0.5087865 -0.612083793 0.605383933
vn -0.987505853 0.119000703 0.103300616
vn -0.979902148 0.141900301 0.140200302
vn -0.369804561 -0.735109091 0.568207026
vn -0.480304092 -0.728606224 0.488304168
vn -0.430618763 -0.793234587 0.430518746
vn -0.293395251 -0.781587362 0.550491095
vn -0.344487846 -0.825170875 0.447684199
vn -0.927346885 -0.372318834 -0.0375018977
vn -0.883875906 -0.467487276 -0.0147995967
vn -0.982672215 0.0780977905 0.168095246
vn -0.93928951 0.341496199 -0.0333996266
vn -0.930414557 0.361105651 0.0627009794
vn -0.5087865 -0.612083793 0.605383933
vn -0.932801008 -0.278200299 0.229100242
vn -0.959324062 -0.238905996 0.150403768
vn -0.940867126 -0.323588699 0.100296497
vn -0.23881124 -0.65823096 0.713933587
vn -0.955222249 -0.19250448 0.224705234
vn -0.893622756 -0.265306771 0.362009227
vn -0.957983494 -0.264095455 -0.111898072
vn -0.912201762 -0.404600799 0.0647001266
vn -0.949361145 -0.311487257 0.041098319
vn -0.738164604 -0.48677665 0.467077613
vn -0.750919878 -0.422911197 0.507213414
vn -0.925121069 -0.363808304 -0.108602479
vn -0.823486865 -0.246696055 0.510891855
vn -0.893622756 -0.265306771 0.362009227
vn -0.847115278 -0.343806207 0.405207306
vn -0.755731225 -0.325913489 0.568023503
vn -0.830493569 -0.417896748 0.36829713
vn -0.788680196 -0.378490508 0.484487832
vn -0.960582852 -0.272295147 -0.0559990034
vn -0.376394033 -0.910785556 0.169697315
vn -0.380307615 -0.917518318 0.116302326
vn -0.272800922 -0.940903246 0.200700685
vn -0.268509626 -0.924133122 0.271809757
vn -0.368108153 -0.899619877 0.234905198
vn -0.741232574 -0.179407895 0.646828473
vn -0.977861643 -0.172193244 -0.118895337
vn -0.80769062 0.139798388 0.572793365
vn -0.813772678 -0.581180513 -0.00179993955
vn -0.722870708 -0.687872112 -0.0654973462
vn -0.817781925 -0.574087322 -0.040699102
vn -0.980885088 -0.131098002 -0.143797815
vn -0.983752966 -0.146692991 -0.103495054
vn -0.7439394 0.234012395 0.62593317
vn -0.979174256 -0.193194911 -0.0623983592
vn -0.575987756 -0.815482676 0.0567987934
vn -0.974030912 -0.226407185 0.00190006022
vn -0.694727302 -0.718028247 0.0423016623
vn -0.981110036 -0.19270198 -0.0170001741
vn -0.949180484 -0.134397238 0.284594148
vn -0.959138691 -0.181907341 0.21670875
vn -0.922390163 -0.163398251 0.349996269
vn -0.85554862 -0.153090805 0.494570285
vn -0.98320049 -0.0347000174 0.179200098
vn -0.981464028 -0.133195117 0.137794942
vn -0.949180484 -0.134397238 0.284594148
vn -0.959138691 -0.181907341 0.21670875
vn -0.985553503 -0.159592465 -0.0566973239
vn -0.987961471 -0.0963962451 -0.120995283
vn -0.994880497 -0.0790984482 -0.06289877
vn -0.971998572 0.0165999755 -0.234399661
vn -0.859727561 -0.507216275 -0.0600019209
vn -0.98320049 -0.0347000174 0.179200098
vn -0.936341524 -0.0711031556 0.343815237
vn -0.899434388 -0.0506019332 0.434116602
vn -0.960836947 0.152605861 -0.231308892
vn -0.979516983 0.0502008721 -0.19500339
vn -0.949017167 0.0520009398 0.310905635
vn -0.98339057 0.124998808 -0.131598741
vn -0.958215594 0.204503328 -0.200003251
vn -0.882282972 0.0222995691 0.470190912
vn -0.803886294 -0.593489885 0.0391993299
vn -0.844503462 -0.019300079 0.535202205
vn -0.996904552 -0.00710003218 0.0783003569
vn -0.983761072 -0.0598976314 -0.169193313
vn -0.821414649 -0.56381005 0.0860015303
vn -0.982672215 0.0780977905 0.168095246
vn -0.979902148 0.141900301 0.140200302
vn -0.94268471 0.210396588 0.258995801
vn -0.602722764 -0.791429877 0.101803847
vn -0.932429016 0.150304675 0.328610212
vn -0.877893269 0.134098977 0.459696472
vn -0.726588905 -0.67528969 0.126698062
vn -0.994091809 0.0117999027 -0.107899114
vn -0.603198111 -0.779697537 0.167999461
vn -0.94268471 0.210396588 0.258995801
vn -0.953923941 0.25810647 0.153003842
vn -0.997464776 -0.00969965756 -0.0704975128
vn -0.912834287 0.339812756 0.226408511
vn -0.930414557 0.361105651 0.0627009794
vn -0.953923941 0.25810647 0.153003842
vn -0.898851573 0.417777479 0.132392868
vn -0.993659973 0.0822966844 -0.0765969157
vn -0.858992636 -0.509195626 0.0533995405
vn -0.891688704 0.282096446 0.353995532
vn -0.825905442 0.429202825 0.365602404
vn -0.947586417 0.29269582 -0.12809816
vn -0.96915853 0.198391512 -0.146193743
vn -0.82625556 0.266485661 0.496273279
vn -0.839202106 -0.539701343 0.0668001696
vn -0.981382906 -0.190196678 0.0266995337
vn -0.979836404 -0.192807168 0.0524019487
vn -0.793914318 0.381306887 0.473608553
vn -0.974547446 -0.209610209 0.0795038715
vn -0.837712884 0.45460701 0.302604645
vn -0.980548263 -0.190089971 0.0488974191
vn -0.992495716 -0.117399491 -0.0341998525
vn -0.955222249 -0.19250448 0.224705234
vn -0.902011693 -0.184702396 0.390205055
vn -0.994249821 -0.0994949788 0.039598003
vn -0.999490201 -0.031699691 0.00379996281
vn -0.538592041 -0.836587608 0.100198522
vn -0.458680302 -0.884361982 0.0866962746
vn -0.980655134 -0.18969132 0.0482977927
vn -0.99223423 -0.0949032754 0.0804027766
vn -0.975635886 -0.185906842 0.116504289
vn -0.252192497 -0.954971552 0.156295344
vn -0.484301239 -0.857302189 0.174600437
vn -0.995987773 -0.0763990656 0.0465994291
vn -0.986840963 -0.146606088 0.0682028309
vn -0.509601295 -0.823502123 0.249300629
vn -0.386093646 -0.864585757 0.321594715
vn -0.829399168 -0.541799426 0.136199862
vn -0.62519908 -0.734098971 0.264999628
vn -0.702373564 -0.685174227 0.192892745
vn -0.786785483 -0.583789229 0.200396314
vn -0.71332258 -0.629719913 0.307609737
vn -0.804807961 -0.523605168 0.279502749
vn -0.999028027 0.0401011258 -0.0183005128
vn -0.868612528 -0.409405917 0.279104024
vn -0.877865016 -0.462281585 0.12509501
vn -0.975928426 0.173605055 -0.132003844
vn -0.960105956 0.261901617 -0.0980006084
vn -0.977397919 0.201199576 -0.0648998618
vn -0.999295294 0.0316998512 0.0200999063
vn -0.91260916 -0.3700037 0.173901737
vn -0.738164604 -0.48677665 0.467077613
vn -0.726929128 -0.525121033 0.442517728
vn -0.804807961 -0.523605168 0.279502749
vn -0.868612528 -0.409405917 0.279104024
vn -0.830493569 -0.417896748 0.36829713
vn -0.546082139 -0.738875806 0.394787073
vn -0.635504901 -0.665005147 0.39230302
vn -0.470618874 -0.812932611 0.343013763
vn -0.262904435 -0.870814741 0.415407032
vn -0.635504901 -0.665005147 0.39230302
vn -0.546082139 -0.738875806 0.394787073
vn 0.124702282 -0.469808608 0.87391603
vn 0.197099715 -0.436199367 0.877998769
vn -0.161401868 0.0939010829 0.982411325
vn -0.123201013 0.0233001914 0.992108166
vn -0.0559992492 -0.0940987393 0.993986666
vn 0.677410245 -0.106801614 0.727810979
vn 0.629456222 -0.23998332 0.7390486
vn 0.732107997 -0.221102417 0.644307077
vn 0.530013204 -0.164804101 0.831820667
vn -0.0861025676 -0.567116916 0.819124401
vn 0.0185989626 -0.483673006 0.875051141
vn 0.600611985 -0.10500209 0.792615831
vn -0.0988021344 -0.0277005974 0.994721472
vn 0.728210688 -0.0378005579 0.684310079
vn 0.00290002814 -0.145801425 0.989309609
vn -0.210100517 -0.750401855 0.626701534
vn -0.154798612 -0.597094655 0.787092984
vn 0.600611985 -0.10500209 0.792615831
vn 0.728210688 -0.0378005579 0.684310079
vn 0.662838936 -0.00520030549 0.748743951
vn -0.0694034323 -0.0328016207 0.997049272
vn 0.0508996695 -0.478896886 0.876394331
vn -0.150005668 -0.453517109 0.878533185
vn -0.127699167 -0.472196937 0.87219435
vn -0.240702391 -0.493104905 0.83600831
vn -0.0906009078 -0.469804704 0.878108799
vn -0.130701855 -0.680909634 0.720610201
vn 0.471303701 -0.0925007239 0.877106845
vn -0.361502409 -0.302002013 0.882105887
vn -0.192293227 -0.108996168 0.975265682
vn -0.491924047 -0.23061128 0.839541018
vn -0.241988927 0.346084177 0.906458557
vn -0.313192934 0.4211905 0.851180792
vn -0.193299025 0.42669785 0.883495569
vn -0.156606674 -0.0809034407 0.984341919
vn 0.0733015165 -0.13580282 0.98802048
vn -0.295302421 -0.463203788 0.835606813
vn 0.471303701 -0.0925007239 0.877106845
vn 0.550907373 -0.00960012898 0.834511161
vn -0.310192674 0.249394119 0.917378366
vn -0.187909633 0.28261447 0.940648198
vn -0.23019594 0.206496358 0.950983226
vn -0.130600765 -0.444902599 0.886005163
vn -0.500104249 -0.136701167 0.855107307
vn -0.0799007043 -0.334202945 0.939108253
vn -0.493270487 -0.255684704 0.831450284
vn -0.340212256 0.321911603 0.883531868
vn -0.40638569 0.340788007 0.847770154
vn -0.376711965 0.424913496 0.823126137
vn -0.0636036769 -0.591834188 0.803546429
vn -0.0370985493 -0.19419241 0.980261683
vn -0.422296345 -0.359796882 0.831992805
vn -0.205806792 0.105103463 0.9729321
vn -0.0184988733 -0.646660566 0.762553513
vn -0.0864028633 -0.734924376 0.672622263
vn -0.0360011607 -0.747024119 0.663821399
vn -0.0531020761 -0.0767029971 0.995638907
vn -0.333594501 -0.424593002 0.84168613
vn -0.0416996703 -0.488096148 0.871793151
vn 0.0324988812 0.0734974742 0.996765733
vn -0.185805038 0.0411011167 0.981726646
vn -0.0169992428 0.000199991089 0.999855459
vn -0.0546999536 -0.107499912 0.992699206
vn 0.102605738 0.457925618 0.883049369
vn -0.0293004848 0.389606446 0.920515239
vn 0.206193745 0.340189666 0.917472124
vn 0.108104654 0.0868037343 0.990342617
vn -0.0556972399 -0.285185874 0.956852555
vn -0.368108302 -0.330607444 0.869019568
vn 0.238091171 0.171593636 0.955964565
vn 0.206193745 0.340189666 0.917472124
vn 0.108104654 0.0868037343 0.990342617
vn -0.231692508 -0.0849972516 0.969068646
vn -0.560303092 -0.430202365 0.707803905
vn -0.560303092 -0.430202365 0.707803905
vn 0.113496557 -0.429986954 0.895672798
vn -0.573096097 -0.761494756 0.302797914
vn 0.118200906 -0.873906672 0.471503615
vn -0.063102372 0.48661828 0.871332765
vn -0.234095007 0.483289689 0.843582034
vn -0.263407022 0.418411136 0.869223118
vn -0.15019615 0.142896339 0.978274882
vn -0.411608696 0.225904763 0.882918656
vn -0.0536989048 -0.13359727 0.989579797
vn -0.366709352 0.167004257 0.91522336
vn 0.0528984144 0.208593756 0.976570725
vn -0.0370005332 0.113801636 0.992814243
vn -0.431503326 0.286802202 0.855306566
vn 0.0818000138 0.174800023 0.981200159
vn -0.525507092 0.111801505 0.843411386
vn -0.482805818 0.242402926 0.841510177
vn -0.425390512 0.104297675 0.898979902
vn 0.318604022 -0.420705289 0.849410713
vn 0.0324988812 0.0734974742 0.996765733
vn -0.538406193 0.200402305 0.8185094
vn -0.469288319 0.0710982308 0.880178094
vn -0.0563007481 -0.00110001455 0.998413265
vn -0.0692025125 -0.113404118 0.991135955
vn -0.469288319 0.0710982308 0.880178094
vn -0.0729019046 0.00510013336 0.997326076
vn 0.0149002979 0.255405098 0.966719329
vn 0.0242001023 -0.764303267 0.644402742
vn -0.319293171 0.0919980332 0.943179846
vn -0.290589601 0.143894851 0.945966125
vn 0.0575016662 -0.639518499 0.766622186
vn 0.061298538 0.323392272 0.944277465
vn -0.234091386 0.0170993712 0.972064197
vn 0.0693984255 -0.770882487 0.633185625
vn 0.136398599 -0.744892359 0.653093278
vn 0.296398789 -0.554097712 0.777896821
vn 0.297588974 -0.682874739 0.667175293
vn 0.392793924 -0.615490437 0.683289409
vn 0.143704757 0.28420943 0.947931409
vn -0.356091529 0.0225994624 0.934177756
vn 0.385599375 -0.471999258 0.792798758
vn 0.134299383 -0.607097208 0.783196449
vn -0.505002856 0.00470002647 0.86310488
vn 0.143704757 0.28420943 0.947931409
vn 0.493111998 -0.62831527 0.601714611
vn 0.216485992 -0.720353365 0.658957362
vn -0.400990367 -0.00279993284 0.916077971
vn 0.502402306 -0.522102416 0.689203143
vn 0.203898236 -0.597394824 0.775593281
vn 0.158995464 0.353889883 0.921673715
vn 0.559691489 -0.411893725 0.719089031
vn 0.615583181 -0.505386174 0.604683518
vn -0.252990603 -0.0341987312 0.966864109
vn -0.546906292 -0.0752008632 0.833809555
vn -0.525507092 0.111801505 0.843411386
vn -0.00219999207 -0.535398066 0.844596982
vn -0.0641982034 0.244693145 0.967472911
vn -0.0275995564 -0.387193769 0.921585202
vn 0.169092283 -0.458879054 0.872260153
vn -0.522501171 -0.155700341 0.838301837
vn -0.0334010534 0.318810076 0.947229922
vn -0.492413133 -0.128503427 0.860822976
vn -0.505002856 0.00470002647 0.86310488
vn 0.253114194 -0.419923544 0.871548891
vn 0.039498996 -0.490087539 0.870777845
vn -0.101997219 0.343290627 0.933674514
vn -0.117501274 0.264102846 0.957310379
vn -0.121101849 0.163902506 0.979014993
vn 0.121404432 -0.285910428 0.950534701
vn -0.0670961216 0.411476195 0.908947408
vn -0.0121005205 -0.299112856 0.954141021
vn -0.429209262 -0.233805045 0.872418821
vn -0.0503983051 -0.240791902 0.969267368
vn 0.20169118 -0.274287999 0.940258861
vn -0.432297498 -0.165599033 0.886394858
vn -0.396891862 -0.0798983648 0.914381266
vn 0.304309636 -0.354311228 0.884228051
vn 0.158995464 0.353889883 0.921673715
vn 0.0318998732 -0.277498901 0.960196197
vn -0.0733992308 -0.136698574 0.987889707
vn -0.343904972 -0.105901532 0.933013499
vn 0.0731006265 -0.133801147 0.98830843
vn -0.121299259 0.0692995787 0.990193963
vn 0.474079937 -0.385783672 0.791466475
vn 0.128493458 0.401379555 0.906853855
vn -0.346300483 -0.0313000455 0.937601328
vn -0.400990367 -0.00279993284 0.916077971
vn -0.252990603 -0.0341987312 0.966864109
vn -0.356091529 0.0225994624 0.934177756
vn -0.037998721 -0.0376987308 0.998566449
vn 0.0960001424 -0.455000669 0.885301292
vn 0.102605738 0.457925618 0.883049369
vn 0.115303606 -0.135604247 0.984030783
vn 0.128493458 0.401379555 0.906853855
vn -0.105704486 -0.0519022048 0.993042171
vn -0.140595913 -0.0241992977 0.989771307
vn -0.229998961 -0.0556997471 0.971595585
vn 0.279215574 -0.202411294 0.938652396
vn 0.345599353 -0.321199417 0.88169837
vn -0.106998928 -0.0390996076 0.99349004
vn -0.11550054 -0.0316001475 0.992804646
vn 0.0373010188 -0.100602753 0.994227171
vn -0.0194999352 -0.0449998491 0.998796642
vn 0.0790027454 -0.0697024241 0.994434595
vn 0.163304046 -0.108202681 0.980624259
vn 0.448200941 -0.258300543 0.855801821
vn 0.294402629 -0.0993008912 0.950508535
vn 0.179203853 0.0804017261 0.980521083
vn -0.105704486 -0.0519022048 0.993042171
vn 0.651314139 -0.331607223 0.682514846
vn 0.672724903 -0.448816627 0.588221788
vn 0.725211442 -0.354405582 0.590309322
vn 0.0878996328 -0.0709997043 0.993595839
vn 0.12060041 -0.0281000938 0.992303371
vn 0.0878996328 -0.0709997043 0.993595839
vn -0.0640017986 0.0776021853 0.994928002
vn 0.266408592 -0.151804894 0.951830745
vn 0.310101956 -0.0646004081 0.948505938
vn -0.293801159 0.274501085 0.915603638
vn 0.0403012633 -0.0932029188 0.994831145
vn 0.263307393 -0.253807127 0.930726171
vn 0.310101956 -0.0646004081 0.948505938
vn 0.541808307 -0.254603893 0.801012278
vn -0.154498562 0.177098349 0.971990943
vn -0.873808324 0.0127001209 0.486104637
vn 0.088403143 -0.523818612 0.847230136
vn -0.121395074 0.178292766 0.976460397
vn -0.621494472 -0.175998434 0.763393223
vn 0.380510956 -0.110703193 0.918126464
vn -0.388917595 0.468021184 0.793535948
vn 0.418803573 0.0112000955 0.908007801
vn 0.24339816 0.00809993874 0.969892621
vn 0.00980035681 -0.0152005535 0.999836445
vn 0.409987509 -0.163195029 0.897372603
vn 0.895499468 -0.383999765 0.22499986
vn 0.794694066 -0.492596328 0.354697347
vn 0.822216332 -0.497609884 0.276305497
vn 0.860606194 -0.397302866 0.318602294
vn 0.722676277 -0.518382967 0.45718497
vn 0.797003865 -0.404401958 0.44860217
vn -0.147405088 -0.974233687 0.1707059
vn 0.935696185 -0.265798926 0.231999055
vn 0.891245008 -0.302815288 0.33761704
vn 0.944461644 -0.150393888 0.292188138
vn 0.0193996448 -0.981282055 0.191596493
vn 0.422211379 -0.858923137 0.289807826
vn 0.356799722 -0.904399276 0.233999819
vn -0.0709975809 -0.968766987 0.237591892
vn -0.169407934 -0.953044593 0.251011759
vn 0.513926089 -0.8217417 0.246212497
vn 0.368799746 -0.857299387 0.359199762
vn 0.29730022 -0.900200665 0.318200231
vn -0.319586128 -0.812364757 0.487778842
vn 0.312491894 -0.865677536 0.391089827
vn -0.854382455 -0.366292477 0.368592441
vn -0.573096097 -0.761494756 0.302797914
vn -0.319586128 -0.812364757 0.487778842
vn 0.86699599 -0.275098741 0.415498078
vn -0.197997347 -0.935887456 0.291396111
vn 0.411791503 -0.779883921 0.471390277
vn 0.468494743 -0.799791038 0.375295788
vn 0.92092067 -0.183204114 0.34400773
vn -0.458024383 0.672335804 0.581530929
vn -0.153603688 -0.907521784 0.390909374
vn -0.199297324 -0.885088086 0.420594364
vn -0.783571482 0.405785233 0.470482856
vn 0.321803004 -0.833407819 0.449304193
vn -0.271604568 0.842614174 0.465007842
vn 0.429426968 -0.708644509 0.559835196
vn 0.54389286 -0.702890813 0.458393991
vn 0.326191783 -0.758480906 0.564185798
vn 0.340200305 0.634200573 0.694300652
vn -0.0746989921 -0.943687201 0.322295636
vn 0.088403143 -0.523818612 0.847230136
vn 0.601571083 -0.714365661 0.357482821
vn 0.210295945 -0.796784639 0.5664891
vn 0.785487592 -0.421993345 0.452692866
vn 0.877836585 -0.286911964 0.383515984
vn -0.00389988651 -0.954872191 0.296991348
vn 0.547103763 -0.192601323 0.814605594
vn 0.779727638 0.0524018593 0.62392211
vn 0.877836585 -0.286911964 0.383515984
vn -0.10880667 -0.899655104 0.422825903
vn 0.809134483 0.320813686 0.492320985
vn 0.785487592 -0.421993345 0.452692866
vn 0.380510956 -0.110703193 0.918126464
vn -0.0288999155 -0.908997357 0.415798783
vn 0.625013411 -0.582012475 0.52021116
vn -0.0557994768 0.077999264 0.995390654
vn 0.104300603 0.811404705 0.575103343
vn 0.395173669 0.508466125 0.76504904
vn 0.148905635 -0.972236812 0.180506825
vn 0.04329836 -0.966263413 0.253890365
vn 0.172698081 -0.952589393 0.250497192
vn 0.332484871 0.189091384 0.923957944
vn 0.284901112 -0.919803619 0.26980108
vn 0.154598325 -0.920290053 0.35939613
vn -0.192293227 -0.108996168 0.975265682
vn 0.547103763 -0.192601323 0.814605594
vn 0.0457996689 -0.923193336 0.381597251
vn 0.00799946208 -0.859742165 0.510665655
vn 0.115199268 -0.878894448 0.462897062
vn 0.783426166 -0.324210823 0.530217707
vn 0.603672624 -0.76636523 0.21969004
vn 0.224210262 -0.860839367 0.456820905
vn 0.5737198 -0.751025915 0.326811284
vn 0.829277873 -0.232693791 0.508086443
vn 0.692376435 -0.687976599 0.21749261
vn 0.66149497 -0.683694839 0.308197647
vn 0.815882802 -0.10289783 0.568987966
vn 0.74782598 -0.600220859 0.283709854
vn -0.175002649 -0.806312203 0.565008581
vn -0.0845984668 -0.843584716 0.530290425
vn 0.677410245 -0.106801614 0.727810979
vn 0.815882802 -0.10289783 0.568987966
vn 0.89231813 -0.120202444 0.43510884
vn 0.66299367 -0.612394154 0.430595875
vn 0.723619044 -0.577415228 0.378109962
vn 0.117203146 -0.830522299 0.544514596
vn -0.109296925 0.244093135 0.963572919
vn -0.146701872 0.199702561 0.968812406
vn -0.110998638 0.0926988646 0.989487886
vn -0.168295339 0.149895847 0.974273026
vn -0.141106427 0.0710032284 0.987444937
vn -0.103300303 -0.0434001274 0.993702888
vn -0.122502469 0.0928018689 0.9881199
vn -0.214898229 0.20999828 0.953792155
vn -0.169005901 0.332511634 0.927832425
vn -0.102802046 0.377907515 0.920118272
vn -0.17839247 0.466280311 0.866463363
vn -0.340409815 0.330109507 0.880425394
vn -0.0621982552 -0.14569591 0.987372339
vn -0.45051676 0.495818436 0.742427588
vn -0.039500311 -0.364902854 0.930207312
vn -0.122501992 0.033100538 0.99191612
vn -0.0770032704 -0.136505798 0.98764199
vn -0.0739965886 -0.0489977412 0.996054053
vn -0.383711159 0.458613336 0.801523268
vn -0.0848959014 0.0884957314 0.992452085
vn -0.301602274 0.3308025 0.894206762
vn -0.26150015 0.734500408 0.626200318
vn -0.329495102 0.562791646 0.758088768
vn -0.247399837 0.556299627 0.793299496
vn -0.258706182 0.479011476 0.8388201
vn -0.31820941 0.431112736 0.844324946
vn -0.243998617 0.314698219 0.9172948
vn -0.276595265 0.632389188 0.723587573
vn -0.222698167 0.396996737 0.890392661
vn -0.417604536 0.579306304 0.700007617
vn -0.039297998 -0.246087462 0.968450606
vn -0.160104692 0.568116605 0.807223618
vn -0.164804354 0.679717958 0.714718878
vn -0.127507225 0.513029039 0.848848104
vn -0.0576015189 0.541814268 0.838522136
vn -0.125600487 0.651702523 0.748002887
vn -0.0523012951 0.696017206 0.71611774
vn -0.936687648 0.245596752 -0.2495967
vn -0.12010593 0.992348969 -0.0286014117
vn -0.0917951167 0.994747102 0.0452975892
vn -0.0284006875 0.997824132 -0.0595014393
vn -0.437492967 0.811686933 0.386993796
vn -0.346716106 0.81853801 0.458021253
vn -0.394507051 0.868815482 0.299205333
vn -0.42172277 0.764441252 0.487626344
vn -0.511001229 0.778001845 0.365500867
vn -0.526989341 0.705485702 0.473890424
vn 0.00210001715 0.998208165 0.059800487
vn -0.155595317 0.98407042 0.0859974101
vn -0.0639019534 0.987930238 0.141104311
vn -0.517591476 0.855185866 0.0274995454
vn -0.534197271 0.839495718 0.0993994921
vn -0.486284792 0.869972765 0.0816974416
vn -0.475411505 0.657515883 0.584514141
vn -0.351977617 0.6963557 0.625460207
vn -0.492871284 0.870049298 -0.00959944073
vn -0.3876926 0.92158246 0.0194996279
vn -0.445808142 0.894216359 -0.0404007398
vn 0.153694674 0.98806572 -0.0101996465
vn 0.0216999706 0.998898685 -0.0415999442
vn 0.0789018571 0.996723473 0.0178004187
vn 0.234291494 0.969664752 0.0696974695
vn 0.280109197 0.959231436 -0.0376012325
vn -0.884320378 0.387108922 -0.261006027
vn -0.448607624 0.892815173 0.0404006876
vn -0.928382158 0.322193801 -0.185196444
vn 0.0864024982 0.987728536 0.130103752
vn 0.145304322 0.979729116 0.137904093
vn -0.227894694 0.97327733 0.028199343
vn -0.200893357 0.974267781 0.102196619
vn -0.438202202 0.891004503 0.118700601
vn -0.320796967 0.945991099 0.0467995591
vn -0.30489099 0.879174054 0.366189182
vn -0.313905895 0.913017154 0.260504901
vn -0.158200979 0.972906053 0.168601051
vn -0.418521494 0.887045562 -0.19491002
vn -0.105802737 0.979625344 0.170704409
vn -0.313697964 0.930094004 -0.191098765
vn -0.0758977756 0.960871875 0.266392201
vn 0.0376003049 0.977807939 0.206101671
vn -0.527721763 0.825534046 -0.200008243
vn -0.878849506 0.443524987 -0.175809905
vn -0.26759702 0.814290941 0.51509428
vn -0.134999037 0.910093486 0.391797215
vn -0.202797338 0.929687858 0.307495981
vn -0.223792687 0.884071112 0.410286605
vn -0.841439307 0.47252205 -0.26211223
vn -0.354309618 0.927525163 -0.119003229
vn -0.482219845 0.864935637 -0.139105722
vn -0.424089372 0.903377414 -0.0636984035
vn -0.767512977 0.580509841 -0.271904618
vn -0.18100144 0.851106763 0.492803931
vn -0.165695593 0.792978942 0.586284399
vn 0.170394301 0.957068026 0.234492168
vn -0.897071421 0.429786295 -0.102696724
vn -0.229308769 0.961236775 -0.153105855
vn -0.2023945 0.940774441 -0.271992594
vn -0.786883533 0.576287985 -0.220695391
vn -0.818356574 0.536871493 0.205089107
vn -0.866680801 0.497288972 0.0395991206
vn -0.180608705 0.957046151 -0.226810932
vn -0.818575263 0.549283385 -0.167994916
vn -0.180608705 0.957046151 -0.226810932
vn -0.818336546 0.571925521 0.0568025336
vn -0.749982476 0.625885367 0.213994995
vn -0.841494858 0.526996791 -0.118999273
vn -0.0673988685 0.972783685 -0.221696287
vn -0.747817755 0.5695135 0.3412081
vn -0.119602263 0.981818557 -0.147402793
vn -0.0673988685 0.972783685 -0.221696287
vn -0.705788136 0.699288249 0.11339809
vn -0.78087604 0.620580971 0.0714978054
vn -0.668318748 0.723020256 0.174904913
vn -0.656044364 0.722848833 0.21701467
vn -0.0936991125 0.848891973 0.520195067
vn -0.720998704 0.646498859 -0.249399543
vn -0.0462007485 0.930015087 0.364605904
vn -0.653117776 0.644717574 0.397210807
vn -0.634511888 0.71121335 0.302605689
vn -0.273087859 0.95725739 -0.0952957571
vn -0.0953007489 0.783606172 0.613904834
vn -0.35481751 0.933946133 -0.0430021249
vn -0.582129359 0.752537966 0.307915539
vn -0.590694964 0.775093436 0.22429809
vn -0.305502743 0.951908529 -0.0232002083
vn -0.720998704 0.646498859 -0.249399543
vn -0.629118025 0.745021343 -0.221706346
vn -0.711717188 0.530112803 0.460911125
vn -0.0119999219 0.788594902 0.614795983
vn -0.227008104 0.970034659 -0.0866030902
vn -0.0119992504 0.876545191 0.481169939
vn -0.622617245 0.549315214 0.557315469
vn 0.0493024476 0.737236559 0.67383343
vn -0.104800008 0.989300132 -0.101500012
vn -0.586973071 0.672369182 0.450979322
vn -0.579220891 0.727826238 0.367113233
vn -0.525116444 0.609519064 0.593918562
vn -0.634383976 0.7702806 0.0649983585
vn -0.609914899 0.784019113 0.115402818
vn 0.0213003978 0.984918416 -0.171703205
vn -0.574315786 0.805922151 -0.143703952
vn -0.545705438 0.80120796 0.245502427
vn 0.139704719 0.975732923 -0.168605685
vn 0.21299994 0.957699716 -0.193499953
vn -0.746792257 0.631793439 -0.207697839
vn 0.0213003978 0.984918416 -0.171703205
vn 0.112403005 0.988926411 -0.0969025865
vn -0.688616276 0.707116723 -0.160603791
vn -0.786883533 0.576287985 -0.220695391
vn -0.746792257 0.631793439 -0.207697839
vn -0.746088326 0.653989792 -0.12509805
vn -0.818575263 0.549283385 -0.167994916
vn 0.112403005 0.988926411 -0.0969025865
vn 0.283294529 0.949081719 -0.137797341
vn 0.201997086 0.975785911 -0.0838987902
vn 0.280109197 0.959231436 -0.0376012325
vn 0.201997086 0.975785911 -0.0838987902
vn -0.575430453 0.811042905 -0.105305567
vn -0.491609275 0.848816037 0.194503665
vn -0.486807823 0.868713975 -0.0914014652
vn -0.463602483 0.840604484 0.280101508
vn -0.206398815 0.977694392 -0.0388997756
vn -0.399790227 0.891778171 0.211894825
vn -0.355487764 0.919368327 0.168494195
vn -0.888308823 0.45630452 -0.0519005135
vn -0.278891474 0.955370784 0.0973970219
vn -0.271304071 0.943714142 0.18920283
vn -0.860983431 0.508590221 -0.00659987284
vn 0.0652003884 0.950405717 0.304101825
vn -0.78242451 0.616119325 -0.0906028375
vn -0.143405914 0.958239496 0.247410193
vn -0.746088326 0.653989792 -0.12509805
vn -0.859178305 0.510387123 -0.0362990834
vn -0.775208354 0.63120681 -0.0251002703
vn -0.78242451 0.616119325 -0.0906028375
vn -0.859178305 0.510387123 -0.0362990834
vn -0.888308823 0.45630452 -0.0519005135
vn -0.93928951 0.341496199 -0.0333996266
vn 0.119897991 0.947884142 0.295195073
vn -0.00270004757 0.953016818 0.302905351
vn -0.860983431 0.508590221 -0.00659987284
vn 0.0176007338 0.904637754 0.425817758
vn 0.102101848 0.909616411 0.402707279
vn -0.750995457 0.657996058 0.0551996678
vn -0.678593755 0.734493196 0.00549994921
vn -0.668191254 0.740290344 -0.0740990341
vn -0.601802647 0.796803534 -0.0542002395
vn -0.530388117 0.845381021 -0.0633985773
vn -0.543007851 0.839712143 -0.00510007376
vn -0.588110149 0.808713973 0.0104001798
vn 0.0168003738 0.360208005 0.932720721
vn 0.0290005542 0.288905501 0.95691824
vn 0.0791023895 0.404912233 0.910927474
vn 0.156000361 0.584301353 0.796401799
vn 0.131296501 0.512686372 0.848477423
vn 0.281999409 0.636698663 0.717698514
vn -0.042799972 0.200299859 0.978799343
vn -0.102404349 0.00110004668 0.994742274
vn -0.0878979787 0.0739983022 0.993377149
vn 0.302304834 0.553408861 0.776112378
vn 0.398296356 0.523795187 0.752993107
vn 0.398808986 0.635514319 0.661114931
vn 0.300590336 0.464185089 0.833173215
vn 0.00789994933 0.416297346 0.909194231
vn 0.0913985297 0.509191811 0.855786204
vn 0.0250996444 0.539692342 0.841488063
vn 0.640086591 0.0893981233 0.763083994
vn 0.106097206 0.361090481 0.926475585
vn 0.512990594 0.10139814 0.852384329
vn -0.27839756 -0.228897989 0.93279177
vn -0.0469992086 0.296795011 0.953783929
vn -0.0491992682 0.139597923 0.98898524
vn -0.0803992376 -0.0365996547 0.996090591
vn -0.338000059 -0.175700024 0.924600184
vn -0.273694128 -0.104897752 0.956079483
vn -0.0402988605 0.431787789 0.901074529
vn 0.010200101 0.655406475 0.755207479
vn 0.749812424 0.0730012134 0.657610893
vn 0.0864985287 0.628989279 0.772586882
vn 0.130805209 0.698827863 0.703227997
vn 0.704329967 0.167907134 0.689729333
vn 0.197307378 0.666924953 0.7185269
vn 0.245608956 0.742727101 0.622922719
vn -0.0841957107 -9.99949043e-05 0.996449232
vn 0.0564985983 0.00739981653 0.998375237
vn 0.650578558 0.212592989 0.729075968
vn 0.757814765 0.238004625 0.607511818
vn 0.681408644 0.318004042 0.659208357
vn 0.286795408 0.0818986818 0.954484701
vn -0.0702025816 0.0243008938 0.997236729
vn 0.125605538 0.0894039497 0.988043606
vn 0.767692983 0.138398737 0.625694275
vn 0.638614357 0.160903618 0.752516925
vn 0.406701744 0.175200745 0.896603823
vn 0.537622273 0.152206317 0.829334378
vn -0.238194898 -0.104497761 0.965579331
vn 0.433112323 0.403211474 0.806122959
vn 0.327401638 0.361001819 0.87320435
vn 0.401092499 0.286494642 0.87008369
vn 0.604996502 0.392797709 0.692595959
vn 0.515833318 0.297019184 0.803551853
vn 0.490090638 0.49889046 0.714786351
vn 0.570200622 0.446300477 0.689700723
vn -0.16559951 -0.44199869 0.8815974
vn 0.311480284 0.159089923 0.936840653
vn -0.189606845 -0.108603925 0.975835264
vn -0.290909439 -0.40301308 0.867728174
vn 0.473281801 0.596877038 0.647875071
vn -0.187707871 -0.0502021052 0.980941117
vn 0.25599575 0.360394031 0.896985114
vn 0.201395482 0.437890202 0.876180351
vn 0.140002415 0.33260572 0.932616055
vn 0.513577759 0.224090293 0.828264117
vn 0.57801342 0.282906562 0.765417755
vn 0.240297899 0.531295359 0.81239289
vn 0.000799967034 0.223690778 0.97465986
vn 0.481376082 0.306284785 0.821259201
vn 0.0975004286 0.109400481 0.989204347
vn 0.261787623 0.192390889 0.945755243
vn 0.121495731 0.24229148 0.962566137
vn -0.141602561 -0.368906677 0.918616652
vn 0.367304504 0.249503046 0.896010935
vn -0.097002238 0.0228005257 0.995022953
vn -0.133295253 0.00479982933 0.991064727
vn 0.171700686 0.230500922 0.957803845
vn -0.091796957 -0.275290877 0.956968248
vn 0.0309014879 0.112705424 0.99314779
vn -0.0272996351 0.144098073 0.989186764
vn 0.258693039 0.258693039 0.930674911
vn -0.131197989 -0.0118998168 0.991284788
vn -0.0910976231 -0.117596932 0.988874197
vn -0.152396038 -0.263393134 0.952575207
vn -0.120505743 -0.20720987 0.970846236
vn 0.15360184 0.170502037 0.973311603
vn -0.220797092 -0.296096087 0.929287732
vn 0.34169805 0.74569577 0.571996748
vn -0.174994081 -0.163094491 0.970967174
vn -0.131206855 -0.13330695 0.982351243
vn -0.0193004552 0.232005477 0.972522974
vn -0.0604991615 0.0770989358 0.99518621
vn 0.817165971 0.416282684 0.398683399
vn 0.810417056 0.329206914 0.4846102
vn 0.862598598 0.311899483 0.398299336
vn 0.519607067 0.680609286 0.51650703
vn 0.688790441 0.574792027 0.441793889
vn 0.605686665 0.660785437 0.443290234
vn 0.737695694 0.401197642 0.542996824
vn 0.448201388 0.75710237 0.475301474
vn 0.506509483 0.763414323 0.40080753
vn 0.631362975 0.710358322 0.311081737
vn 0.725103676 0.623103142 0.293201476
vn 0.77126193 0.494175583 0.401180178
vn 0.813887715 0.503592372 0.289795637
vn 0.571107328 0.776409924 0.266503423
vn 0.426988095 0.714380085 0.55438453
vn 0.508229077 0.853548825 0.114706561
vn 0.422413588 0.887028515 0.186405987
vn 0.501514375 0.83772397 0.216106191
vn 0.975703657 -0.088100329 0.200600758
vn 0.624991059 0.501192808 0.59849143
vn 0.699129045 0.497920692 0.513121367
vn 0.98956877 -0.0204993524 0.1425955
vn 0.543918431 0.600220323 0.58641988
vn 0.971036315 -0.0158005916 0.238408923
vn 0.914088607 0.39569506 0.0886988938
vn 0.866194427 0.48789686 0.107999302
vn 0.808178902 0.588784635 0.0133996503
vn 0.985407412 0.062300466 0.158401191
vn 0.379521996 0.91955328 -0.101905905
vn 0.80911088 0.578307807 0.10440141
vn 0.828715146 0.530709684 0.177703246
vn 0.572298288 0.816497564 -0.07619977
vn 0.774494708 0.583796024 0.243598342
vn 0.732949257 0.656444132 0.178511992
vn 0.468516082 0.882230282 -0.0465015955
vn 0.939498723 0.0794998929 0.333199531
vn 0.936129034 0.0177005492 0.351210892
vn 0.938345373 -0.0884948447 0.334180534
vn 0.96772933 0.0637019277 0.24380739
vn 0.517499268 0.85519886 0.0287999604
vn 0.350278497 0.936642528 -0.00239985273
vn 0.967856526 0.146693408 0.204290822
vn 0.957217157 0.100101799 0.271504879
vn 0.95120281 0.163800478 0.261500776
vn 0.584484279 0.811378181 -0.00659982255
vn 0.451206625 0.890513122 0.0583008565
vn 0.98109597 0.174099281 0.0844996497
vn 0.96736753 0.234692127 0.0954967961
vn 0.189998418 0.910692394 0.366796941
vn 0.270910233 0.889933646 0.366913855
vn 0.220603973 0.93291682 0.284605145
vn 0.207099795 0.866599143 0.453999549
vn 0.110601865 0.861014485 0.496408373
vn 0.974920511 0.174203664 0.138502911
vn 0.724822938 0.688921809 -0.00430013612
vn 0.636020482 0.771024823 -0.0316010192
vn 0.0695986673 0.813284397 0.577688932
vn 0.325303197 0.914409041 0.240902379
vn 0.133506268 0.777436495 0.614628851
vn 0.945989013 0.315896332 0.0728991553
vn 0.290817767 0.829550683 0.476729125
vn 0.36438486 0.851664603 0.376684338
vn 0.204890952 0.815963924 0.5405761
vn 0.949871004 0.280391425 0.138295785
vn 0.809288681 0.583391845 0.0685990378
vn 0.721400678 0.690900683 0.0473000444
vn 0.953278899 0.222995058 0.203795478
vn 0.403617203 0.804134309 0.436418593
vn 0.617676318 0.78546983 0.038898509
vn 0.556376934 0.82756573 0.0746969059
vn 0.919458687 0.366883516 0.141393647
vn 0.881112695 0.432706237 0.190802753
vn 0.922587574 0.315795749 0.221597016
vn 0.340484589 0.937157571 0.0761965513
vn 0.884203255 0.0661002472 0.462401718
vn 0.887286603 -0.0321995132 0.460093081
vn 0.812387168 0.012199807 0.582990766
vn 0.247589454 0.956159294 0.156393334
vn 0.845593452 0.120299071 0.520096004
vn 0.362792373 0.921580613 0.138097093
vn 0.907173872 0.117596611 0.403988361
vn 0.872495055 0.218198761 0.437197536
vn 0.440480024 0.84566164 0.301386327
vn 0.83651787 0.255905449 0.484510332
vn 0.71101135 0.68651098 0.152202427
vn 0.632126749 0.768332481 0.100404248
vn 0.918713689 0.20540306 0.337305039
vn 0.905072212 0.274391592 0.324890018
vn 0.594829679 0.779738903 0.195409745
vn 0.581309855 0.806813657 0.105501786
vn 0.872021735 0.405110121 0.274706841
f 1/1/1 2/2/2 3/3/3
f 4/4/4 5/5/5 6/6/6
f 2/2/2 7/7/7 8/8/8
f 8/8/8 3/3/3 2/2/2
f 9/9/9 7/7/7 2/2/2
f 10/10/10 11/11/11 12/12/12
f 12/12/12 11/11/11 13/13/13
f 14/14/14 15/15/15 16/16/16
f 17/17/17 18/18/18 19/19/19
f 14/14/14 20/20/20 15/15/15
f 21/21/21 22/22/22 23/23/23
f 19/19/19 18/18/18 16/16/16
f 24/24/24 25/25/25 23/23/23
f 23/23/23 22/22/22 24/24/24
f 26/26/26 12/12/12 27/27/27
f 28/28/28 18/18/18 17/17/17
f 29/29/29 30/30/30 31/31/31
f 30/30/30 32/32/32 31/31/31
f 33/33/33 29/29/29 31/31/31
f 28/28/28 34/34/34 18/18/18
f 35/35/35 14/14/14 16/16/16
f 36/36/36 16/16/16 34/34/34
f 16/16/16 18/18/18 34/34/34
f 35/35/35 16/16/16 36/36/36
f 37/37/37 38/38/38 5/5/5
f 39/39/39 40/40/40 37/37/37
f 41/41/41 42/42/42 43/43/43
f 41/41/41 44/44/44 45/45/45
f 40/40/40 38/38/38 37/37/37
f 46/46/46 45/45/45 44/44/44
f 45/45/45 42/42/42 41/41/41
f 47/47/47 48/48/48 21/21/21
f 5/5/5 38/38/38 49/49/49
f 49/49/49 50/50/50 5/5/5
f 13/13/13 51/51/51 52/52/52
f 46/46/46 44/44/44 53/53/53
f 13/13/13 52/52/52 54/54/54
f 55/55/55 56/56/56 57/57/57
f 49/49/49 58/58/58 6/6/6
f 54/54/54 59/59/59 13/13/13
f 59/59/59 60/60/60 13/13/13
f 61/61/61 62/62/62 63/63/63
f 62/62/62 61/61/61 4/4/4
f 5/5/5 4/4/4 61/61/61
f 64/64/64 45/45/45 46/46/46
f 65/65/65 42/42/42 45/45/45
f 65/65/65 45/45/45 64/64/64
f 4/4/4 6/6/6 3/3/3
f 66/66/66 37/37/37 5/5/5
f 51/51/51 67/67/67 52/52/52
f 51/51/51 68/68/68 67/67/67
f 69/69/69 56/56/56 70/70/70
f 71/71/71 70/70/70 56/56/56
f 61/61/61 66/66/66 5/5/5
f 50/50/50 6/6/6 5/5/5
f 72/72/72 38/38/38 40/40/40
f 72/72/72 40/40/40 67/67/67
f 73/73/73 70/70/70 74/74/74
f 72/72/72 75/75/75 38/38/38
f 6/6/6 50/50/50 49/49/49
f 72/72/72 67/67/67 68/68/68
f 68/68/68 76/76/76 72/72/72
f 77/77/77 58/58/58 49/49/49
f 78/78/78 79/79/79 80/80/80
f 80/80/80 79/79/79 81/81/81
f 68/68/68 13/13/13 11/11/11
f 71/71/71 74/74/74 70/70/70
f 58/58/58 82/82/82 83/83/83
f 3/3/3 6/6/6 58/58/58
f 3/3/3 58/58/58 83/83/83
f 13/13/13 68/68/68 51/51/51
f 84/84/84 79/79/79 78/78/78
f 11/11/11 76/76/76 68/68/68
f 85/85/85 83/83/83 82/82/82
f 86/86/86 74/74/74 71/71/71
f 87/87/87 76/76/76 11/11/11
f 67/67/67 40/40/40 52/52/52
f 88/88/88 52/52/52 40/40/40
f 75/75/75 49/49/49 38/38/38
f 10/10/10 87/87/87 11/11/11
f 89/89/89 81/81/81 79/79/79
f 77/77/77 49/49/49 75/75/75
f 44/44/44 41/41/41 87/87/87
f 43/43/43 90/90/90 91/91/91
f 41/41/41 43/43/43 91/91/91
f 77/77/77 75/75/75 92/92/92
f 72/72/72 76/76/76 93/93/93
f 64/64/64 46/46/46 53/53/53
f 94/94/94 77/77/77 92/92/92
f 80/80/80 64/64/64 53/53/53
f 64/64/64 80/80/80 95/95/95
f 75/75/75 72/72/72 93/93/93
f 96/96/96 71/71/71 56/56/56
f 94/94/94 58/58/58 77/77/77
f 97/97/97 58/58/58 94/94/94
f 96/96/96 56/56/56 55/55/55
f 98/98/98 97/97/97 94/94/94
f 99/99/99 97/97/97 98/98/98
f 99/99/99 98/98/98 100/100/100
f 97/97/97 82/82/82 58/58/58
f 101/101/101 64/64/64 102/102/102
f 99/99/99 82/82/82 97/97/97
f 102/102/102 64/64/64 95/95/95
f 103/103/103 85/85/85 82/82/82
f 75/75/75 93/93/93 92/92/92
f 82/82/82 99/99/99 103/103/103
f 99/99/99 100/100/100 103/103/103
f 81/81/81 95/95/95 80/80/80
f 104/104/104 85/85/85 103/103/103
f 55/55/55 57/57/57 105/105/105
f 85/85/85 104/104/104 106/106/106
f 105/105/105 57/57/57 107/107/107
f 76/76/76 87/87/87 91/91/91
f 108/108/108 95/95/95 81/81/81
f 76/76/76 91/91/91 93/93/93
f 109/109/109 55/55/55 105/105/105
f 105/105/105 110/110/110 109/109/109
f 10/10/10 44/44/44 87/87/87
f 7/7/7 111/111/111 62/62/62
f 4/4/4 7/7/7 62/62/62
f 108/108/108 112/112/112 95/95/95
f 87/87/87 41/41/41 91/91/91
f 112/112/112 102/102/102 95/95/95
f 93/93/93 91/91/91 90/90/90
f 113/113/113 110/110/110 105/105/105
f 71/71/71 96/96/96 114/114/114
f 4/4/4 3/3/3 8/8/8
f 7/7/7 4/4/4 8/8/8
f 109/109/109 96/96/96 55/55/55
f 115/115/115 73/73/73 86/86/86
f 114/114/114 96/96/96 109/109/109
f 93/93/93 90/90/90 92/92/92
f 71/71/71 116/116/116 86/86/86
f 117/117/117 118/118/118 115/115/115
f 83/83/83 1/1/1 3/3/3
f 116/116/116 71/71/71 114/114/114
f 119/119/119 116/116/116 114/114/114
f 119/119/119 114/114/114 109/109/109
f 1/1/1 120/120/120 2/2/2
f 121/121/121 120/120/120 1/1/1
f 111/111/111 122/122/122 123/123/123
f 7/7/7 124/124/124 111/111/111
f 124/124/124 122/122/122 111/111/111
f 125/125/125 119/119/119 109/109/109
f 83/83/83 121/121/121 1/1/1
f 126/126/126 121/121/121 83/83/83
f 85/85/85 106/106/106 83/83/83
f 106/106/106 126/126/126 83/83/83
f 127/127/127 120/120/120 121/121/121
f 126/126/126 127/127/127 121/121/121
f 126/126/126 128/128/128 127/127/127
f 129/129/129 124/124/124 7/7/7
f 9/9/9 2/2/2 130/130/130
f 120/120/120 130/130/130 2/2/2
f 107/107/107 57/57/57 131/131/131
f 132/132/132 122/122/122 129/129/129
f 133/133/133 86/86/86 116/116/116
f 122/122/122 124/124/124 129/129/129
f 118/118/118 84/84/84 134/134/134
f 135/135/135 116/116/116 119/119/119
f 135/135/135 133/133/133 116/116/116
f 84/84/84 136/136/136 134/134/134
f 7/7/7 9/9/9 129/129/129
f 137/137/137 84/84/84 118/118/118
f 138/138/138 132/132/132 129/129/129
f 137/137/137 117/117/117 139/139/139
f 129/129/129 140/140/140 138/138/138
f 129/129/129 9/9/9 140/140/140
f 141/141/141 84/84/84 137/137/137
f 131/131/131 142/142/142 107/107/107
f 142/142/142 143/143/143 107/107/107
f 144/144/144 145/145/145 31/31/31
f 146/146/146 141/141/141 137/137/137
f 20/20/20 31/31/31 145/145/145
f 31/31/31 32/32/32 144/144/144
f 147/147/147 144/144/144 32/32/32
f 148/148/148 146/146/146 137/137/137
f 23/23/23 143/143/143 142/142/142
f 149/149/149 150/150/150 151/151/151
f 70/70/70 149/149/149 151/151/151
f 9/9/9 152/152/152 140/140/140
f 25/25/25 143/143/143 23/23/23
f 153/153/153 88/88/88 39/39/39
f 70/70/70 151/151/151 147/147/147
f 88/88/88 40/40/40 39/39/39
f 117/117/117 137/137/137 118/118/118
f 143/143/143 25/25/25 154/154/154
f 148/148/148 139/139/139 155/155/155
f 66/66/66 61/61/61 63/63/63
f 24/24/24 156/156/156 25/25/25
f 115/115/115 86/86/86 133/133/133
f 151/151/151 144/144/144 147/147/147
f 157/157/157 107/107/107 143/143/143
f 151/151/151 150/150/150 144/144/144
f 158/158/158 159/159/159 153/153/153
f 157/157/157 143/143/143 160/160/160
f 161/161/161 157/157/157 160/160/160
f 162/162/162 163/163/163 158/158/158
f 107/107/107 157/157/157 105/105/105
f 115/115/115 139/139/139 117/117/117
f 153/153/153 63/63/63 158/158/158
f 133/133/133 139/139/139 115/115/115
f 32/32/32 131/131/131 69/69/69
f 157/157/157 164/164/164 113/113/113
f 131/131/131 32/32/32 30/30/30
f 69/69/69 147/147/147 32/32/32
f 63/63/63 39/39/39 66/66/66
f 161/161/161 164/164/164 157/157/157
f 56/56/56 69/69/69 131/131/131
f 57/57/57 56/56/56 131/131/131
f 39/39/39 63/63/63 153/153/153
f 105/105/105 157/157/157 113/113/113
f 70/70/70 147/147/147 69/69/69
f 37/37/37 66/66/66 39/39/39
f 162/162/162 158/158/158 63/63/63
f 135/135/135 165/165/165 133/133/133
f 143/143/143 154/154/154 160/160/160
f 20/20/20 14/14/14 31/31/31
f 14/14/14 33/33/33 31/31/31
f 166/166/166 139/139/139 165/165/165
f 167/167/167 168/168/168 169/169/169
f 165/165/165 139/139/139 133/133/133
f 33/33/33 14/14/14 170/170/170
f 170/170/170 171/171/171 33/33/33
f 161/161/161 160/160/160 172/172/172
f 155/155/155 139/139/139 166/166/166
f 173/173/173 174/174/174 154/154/154
f 172/172/172 160/160/160 174/174/174
f 154/154/154 174/174/174 160/160/160
f 139/139/139 148/148/148 137/137/137
f 33/33/33 171/171/171 29/29/29
f 175/175/175 176/176/176 177/177/177
f 167/167/167 169/169/169 159/159/159
f 47/47/47 171/171/171 35/35/35
f 170/170/170 14/14/14 35/35/35
f 60/60/60 59/59/59 178/178/178
f 170/170/170 35/35/35 171/171/171
f 163/163/163 159/159/159 158/158/158
f 167/167/167 159/159/159 179/179/179
f 167/167/167 179/179/179 180/180/180
f 29/29/29 171/171/171 47/47/47
f 181/181/181 182/182/182 183/183/183
f 183/183/183 146/146/146 148/148/148
f 47/47/47 35/35/35 48/48/48
f 168/168/168 167/167/167 184/184/184
f 12/12/12 13/13/13 60/60/60
f 185/185/185 60/60/60 177/177/177
f 131/131/131 30/30/30 29/29/29
f 184/184/184 167/167/167 180/180/180
f 131/131/131 29/29/29 142/142/142
f 23/23/23 142/142/142 29/29/29
f 186/186/186 187/187/187 112/112/112
f 145/145/145 180/180/180 20/20/20
f 23/23/23 29/29/29 47/47/47
f 112/112/112 188/188/188 186/186/186
f 23/23/23 47/47/47 21/21/21
f 176/176/176 185/185/185 177/177/177
f 27/27/27 12/12/12 60/60/60
f 185/185/185 27/27/27 60/60/60
f 78/78/78 27/27/27 185/185/185
f 169/169/169 88/88/88 153/153/153
f 189/189/189 186/186/186 188/188/188
f 169/169/169 190/190/190 88/88/88
f 176/176/176 73/73/73 191/191/191
f 73/73/73 176/176/176 192/192/192
f 88/88/88 190/190/190 52/52/52
f 84/84/84 89/89/89 79/79/79
f 54/54/54 52/52/52 190/190/190
f 191/191/191 115/115/115 118/118/118
f 89/89/89 108/108/108 81/81/81
f 115/115/115 191/191/191 73/73/73
f 78/78/78 136/136/136 84/84/84
f 178/178/178 190/190/190 193/193/193
f 178/178/178 59/59/59 190/190/190
f 141/141/141 89/89/89 84/84/84
f 191/191/191 185/185/185 176/176/176
f 89/89/89 141/141/141 194/194/194
f 191/191/191 136/136/136 185/185/185
f 136/136/136 78/78/78 185/185/185
f 169/169/169 168/168/168 193/193/193
f 193/193/193 190/190/190 169/169/169
f 59/59/59 54/54/54 190/190/190
f 136/136/136 191/191/191 134/134/134
f 194/194/194 108/108/108 89/89/89
f 118/118/118 134/134/134 191/191/191
f 153/153/153 159/159/159 169/169/169
f 26/26/26 10/10/10 12/12/12
f 112/112/112 108/108/108 194/194/194
f 26/26/26 44/44/44 10/10/10
f 187/187/187 102/102/102 112/112/112
f 27/27/27 78/78/78 26/26/26
f 80/80/80 26/26/26 78/78/78
f 188/188/188 112/112/112 194/194/194
f 26/26/26 53/53/53 44/44/44
f 195/195/195 196/196/196 163/163/163
f 80/80/80 53/53/53 26/26/26
f 196/196/196 195/195/195 197/197/197
f 146/146/146 183/183/183 198/198/198
f 141/141/141 146/146/146 198/198/198
f 197/197/197 199/199/199 17/17/17
f 199/199/199 197/197/197 195/195/195
f 141/141/141 200/200/200 194/194/194
f 141/141/141 198/198/198 200/200/200
f 183/183/183 182/182/182 198/198/198
f 201/201/201 28/28/28 17/17/17
f 17/17/17 199/199/199 201/201/201
f 202/202/202 203/203/203 195/195/195
f 198/198/198 182/182/182 200/200/200
f 194/194/194 200/200/200 188/188/188
f 62/62/62 162/162/162 63/63/63
f 162/162/162 111/111/111 202/202/202
f 62/62/62 111/111/111 162/162/162
f 184/184/184 204/204/204 168/168/168
f 205/205/205 202/202/202 111/111/111
f 149/149/149 204/204/204 150/150/150
f 204/204/204 184/184/184 150/150/150
f 204/204/204 178/178/178 168/168/168
f 178/178/178 193/193/193 168/168/168
f 175/175/175 178/178/178 204/204/204
f 162/162/162 202/202/202 163/163/163
f 177/177/177 178/178/178 175/175/175
f 202/202/202 195/195/195 163/163/163
f 192/192/192 175/175/175 149/149/149
f 203/203/203 206/206/206 207/207/207
f 150/150/150 184/184/184 144/144/144
f 199/199/199 203/203/203 207/207/207
f 204/204/204 149/149/149 175/175/175
f 199/199/199 207/207/207 201/201/201
f 203/203/203 205/205/205 206/206/206
f 123/123/123 206/206/206 205/205/205
f 123/123/123 205/205/205 111/111/111
f 202/202/202 205/205/205 203/203/203
f 192/192/192 176/176/176 175/175/175
f 123/123/123 207/207/207 206/206/206
f 123/123/123 208/208/208 207/207/207
f 195/195/195 203/203/203 199/199/199
f 184/184/184 145/145/145 144/144/144
f 145/145/145 184/184/184 180/180/180
f 15/15/15 180/180/180 179/179/179
f 177/177/177 60/60/60 178/178/178
f 16/16/16 15/15/15 19/19/19
f 179/179/179 197/197/197 19/19/19
f 15/15/15 179/179/179 19/19/19
f 70/70/70 73/73/73 149/149/149
f 179/179/179 159/159/159 163/163/163
f 179/179/179 163/163/163 196/196/196
f 149/149/149 73/73/73 192/192/192
f 196/196/196 197/197/197 179/179/179
f 19/19/19 197/197/197 17/17/17
f 20/20/20 180/180/180 15/15/15
f 86/86/86 73/73/73 74/74/74
f 209/209/209 210/210/210 211/211/211
f 212/212/212 213/213/213 214/214/214
f 215/215/215 216/216/216 217/217/217
f 218/218/218 219/219/219 220/220/220
f 217/217/217 221/221/221 215/215/215
f 222/222/222 218/218/218 220/220/220
f 223/223/223 221/221/221 224/224/224
f 225/225/225 226/226/226 227/227/227
f 228/228/228 229/229/229 36/36/36
f 230/230/230 231/231/231 220/220/220
f 232/232/232 233/233/233 215/215/215
f 215/215/215 221/221/221 232/232/232
f 234/234/234 208/208/208 123/123/123
f 235/235/235 227/227/227 226/226/226
f 220/220/220 236/236/236 222/222/222
f 232/232/232 221/221/221 223/223/223
f 218/218/218 222/222/222 237/237/237
f 123/123/123 238/238/238 234/234/234
f 123/123/123 239/239/239 238/238/238
f 237/237/237 222/222/222 209/209/209
f 240/240/240 227/227/227 241/241/241
f 227/227/227 235/235/235 241/241/241
f 222/222/222 210/210/210 209/209/209
f 242/242/242 243/243/243 244/244/244
f 222/222/222 245/245/245 210/210/210
f 246/246/246 234/234/234 238/238/238
f 132/132/132 239/239/239 122/122/122
f 244/244/244 243/243/243 247/247/247
f 222/222/222 236/236/236 245/245/245
f 239/239/239 123/123/123 122/122/122
f 210/210/210 245/245/245 248/248/248
f 249/249/249 250/250/250 251/251/251
f 241/241/241 235/235/235 252/252/252
f 253/253/253 254/254/254 255/255/255
f 244/244/244 249/249/249 251/251/251
f 253/253/253 256/256/256 257/257/257
f 235/235/235 226/226/226 252/252/252
f 258/258/258 238/238/238 239/239/239
f 258/258/258 246/246/246 238/238/238
f 239/239/239 259/259/259 258/258/258
f 260/260/260 242/242/242 244/244/244
f 226/226/226 225/225/225 261/261/261
f 251/251/251 260/260/260 244/244/244
f 256/256/256 209/209/209 211/211/211
f 262/262/262 260/260/260 251/251/251
f 256/256/256 211/211/211 263/263/263
f 212/212/212 214/214/214 258/258/258
f 225/225/225 263/263/263 211/211/211
f 256/256/256 264/264/264 257/257/257
f 265/265/265 250/250/250 266/266/266
f 267/267/267 239/239/239 132/132/132
f 264/264/264 256/256/256 263/263/263
f 227/227/227 264/264/264 263/263/263
f 226/226/226 261/261/261 268/268/268
f 267/267/267 259/259/259 239/239/239
f 226/226/226 268/268/268 269/269/269
f 262/262/262 251/251/251 250/250/250
f 210/210/210 248/248/248 211/211/211
f 138/138/138 140/140/140 152/152/152
f 262/262/262 250/250/250 270/270/270
f 250/250/250 265/265/265 270/270/270
f 266/266/266 271/271/271 265/265/265
f 272/272/272 132/132/132 138/138/138
f 132/132/132 272/272/272 267/267/267
f 225/225/225 211/211/211 248/248/248
f 224/224/224 242/242/242 260/260/260
f 267/267/267 272/272/272 273/273/273
f 242/242/242 224/224/224 221/221/221
f 248/248/248 245/245/245 274/274/274
f 275/275/275 276/276/276 241/241/241
f 259/259/259 267/267/267 277/277/277
f 252/252/252 275/275/275 241/241/241
f 278/278/278 224/224/224 260/260/260
f 277/277/277 212/212/212 259/259/259
f 261/261/261 248/248/248 274/274/274
f 225/225/225 248/248/248 261/261/261
f 223/223/223 224/224/224 279/279/279
f 227/227/227 263/263/263 225/225/225
f 279/279/279 224/224/224 278/278/278
f 258/258/258 259/259/259 212/212/212
f 220/220/220 219/219/219 280/280/280
f 48/48/48 35/35/35 229/229/229
f 277/277/277 267/267/267 273/273/273
f 36/36/36 229/229/229 35/35/35
f 280/280/280 281/281/281 282/282/282
f 252/252/252 283/283/283 275/275/275
f 284/284/284 275/275/275 283/283/283
f 262/262/262 278/278/278 260/260/260
f 285/285/285 229/229/229 228/228/228
f 220/220/220 280/280/280 282/282/282
f 282/282/282 230/230/230 220/220/220
f 229/229/229 286/286/286 48/48/48
f 287/287/287 283/283/283 252/252/252
f 287/287/287 252/252/252 288/288/288
f 270/270/270 265/265/265 289/289/289
f 290/290/290 270/270/270 289/289/289
f 291/291/291 278/278/278 262/262/262
f 226/226/226 269/269/269 252/252/252
f 291/291/291 262/262/262 270/270/270
f 201/201/201 292/292/292 28/28/28
f 229/229/229 293/293/293 286/286/286
f 268/268/268 294/294/294 269/269/269
f 295/295/295 278/278/278 291/291/291
f 28/28/28 292/292/292 296/296/296
f 285/285/285 293/293/293 229/229/229
f 252/252/252 269/269/269 288/288/288
f 290/290/290 291/291/291 270/270/270
f 297/297/297 285/285/285 298/298/298
f 299/299/299 300/300/300 296/296/296
f 301/301/301 291/291/291 290/290/290
f 201/201/201 207/207/207 302/302/302
f 301/301/301 290/290/290 289/289/289
f 303/303/303 293/293/293 285/285/285
f 303/303/303 285/285/285 297/297/297
f 269/269/269 287/287/287 288/288/288
f 304/304/304 292/292/292 302/302/302
f 305/305/305 287/287/287 269/269/269
f 207/207/207 208/208/208 302/302/302
f 303/303/303 297/297/297 306/306/306
f 305/305/305 269/269/269 294/294/294
f 297/297/297 298/298/298 307/307/307
f 234/234/234 302/302/302 208/208/208
f 308/308/308 309/309/309 310/310/310
f 304/304/304 302/302/302 234/234/234
f 304/304/304 234/234/234 311/311/311
f 312/312/312 21/21/21 286/286/286
f 309/309/309 308/308/308 313/313/313
f 314/314/314 312/312/312 286/286/286
f 22/22/22 21/21/21 312/312/312
f 298/298/298 315/315/315 307/307/307
f 314/314/314 286/286/286 316/316/316
f 307/307/307 315/315/315 317/317/317
f 302/302/302 292/292/292 201/201/201
f 289/289/289 265/265/265 271/271/271
f 318/318/318 271/271/271 309/309/309
f 286/286/286 293/293/293 316/316/316
f 286/286/286 21/21/21 48/48/48
f 316/316/316 293/293/293 303/303/303
f 319/319/319 306/306/306 297/297/297
f 318/318/318 309/309/309 320/320/320
f 319/319/319 297/297/297 307/307/307
f 304/304/304 311/311/311 299/299/299
f 319/319/319 307/307/307 321/321/321
f 309/309/309 313/313/313 320/320/320
f 306/306/306 247/247/247 303/303/303
f 316/316/316 303/303/303 247/247/247
f 322/322/322 299/299/299 311/311/311
f 299/299/299 296/296/296 292/292/292
f 308/308/308 323/323/323 313/313/313
f 307/307/307 317/317/317 324/324/324
f 314/314/314 316/316/316 247/247/247
f 324/324/324 317/317/317 325/325/325
f 299/299/299 292/292/292 304/304/304
f 324/324/324 321/321/321 307/307/307
f 247/247/247 243/243/243 314/314/314
f 313/313/313 323/323/323 284/284/284
f 284/284/284 326/326/326 313/313/313
f 247/247/247 306/306/306 249/249/249
f 322/322/322 327/327/327 299/299/299
f 240/240/240 325/325/325 264/264/264
f 244/244/244 247/247/247 249/249/249
f 328/328/328 299/299/299 327/327/327
f 249/249/249 306/306/306 319/319/319
f 250/250/250 249/249/249 319/319/319
f 240/240/240 324/324/324 325/325/325
f 324/324/324 240/240/240 329/329/329
f 330/330/330 34/34/34 28/28/28
f 284/284/284 283/283/283 331/331/331
f 34/34/34 330/330/330 36/36/36
f 250/250/250 319/319/319 321/321/321
f 240/240/240 276/276/276 329/329/329
f 332/332/332 326/326/326 284/284/284
f 321/321/321 266/266/266 250/250/250
f 36/36/36 330/330/330 228/228/228
f 284/284/284 331/331/331 332/332/332
f 22/22/22 312/312/312 24/24/24
f 24/24/24 312/312/312 333/333/333
f 318/318/318 289/289/289 271/271/271
f 289/289/289 318/318/318 334/334/334
f 321/321/321 324/324/324 335/335/335
f 330/330/330 28/28/28 296/296/296
f 156/156/156 24/24/24 333/333/333
f 330/330/330 296/296/296 300/300/300
f 333/333/333 217/217/217 216/216/216
f 335/335/335 266/266/266 321/321/321
f 314/314/314 243/243/243 312/312/312
f 334/334/334 318/318/318 320/320/320
f 228/228/228 330/330/330 300/300/300
f 336/336/336 334/334/334 320/320/320
f 310/310/310 266/266/266 335/335/335
f 334/334/334 301/301/301 289/289/289
f 333/333/333 312/312/312 217/217/217
f 299/299/299 337/337/337 300/300/300
f 243/243/243 217/217/217 312/312/312
f 335/335/335 324/324/324 329/329/329
f 217/217/217 243/243/243 242/242/242
f 242/242/242 221/221/221 217/217/217
f 328/328/328 338/338/338 337/337/337
f 336/336/336 339/339/339 334/334/334
f 156/156/156 154/154/154 25/25/25
f 340/340/340 300/300/300 337/337/337
f 216/216/216 154/154/154 156/156/156
f 240/240/240 264/264/264 227/227/227
f 338/338/338 340/340/340 337/337/337
f 173/173/173 154/154/154 216/216/216
f 233/233/233 173/173/173 216/216/216
f 156/156/156 333/333/333 216/216/216
f 336/336/336 341/341/341 339/339/339
f 271/271/271 266/266/266 310/310/310
f 300/300/300 340/340/340 228/228/228
f 320/320/320 313/313/313 326/326/326
f 336/336/336 320/320/320 342/342/342
f 174/174/174 173/173/173 233/233/233
f 285/285/285 228/228/228 340/340/340
f 271/271/271 310/310/310 309/309/309
f 285/285/285 340/340/340 298/298/298
f 342/342/342 320/320/320 326/326/326
f 233/233/233 216/216/216 215/215/215
f 342/342/342 326/326/326 332/332/332
f 298/298/298 340/340/340 315/315/315
f 315/315/315 340/340/340 338/338/338
f 241/241/241 276/276/276 240/240/240
f 335/335/335 329/329/329 308/308/308
f 310/310/310 335/335/335 308/308/308
f 342/342/342 332/332/332 343/343/343
f 343/343/343 332/332/332 344/344/344
f 337/337/337 299/299/299 328/328/328
f 341/341/341 336/336/336 342/342/342
f 328/328/328 345/345/345 338/338/338
f 345/345/345 328/328/328 327/327/327
f 346/346/346 343/343/343 344/344/344
f 327/327/327 253/253/253 345/345/345
f 308/308/308 329/329/329 276/276/276
f 308/308/308 276/276/276 323/323/323
f 275/275/275 323/323/323 276/276/276
f 284/284/284 323/323/323 275/275/275
f 331/331/331 287/287/287 347/347/347
f 283/283/283 287/287/287 331/331/331
f 344/344/344 332/332/332 331/331/331
f 331/331/331 347/347/347 348/348/348
f 345/345/345 253/253/253 257/257/257
f 349/349/349 350/350/350 347/347/347
f 338/338/338 345/345/345 317/317/317
f 317/317/317 345/345/345 257/257/257
f 317/317/317 315/315/315 338/338/338
f 294/294/294 351/351/351 305/305/305
f 294/294/294 352/352/352 351/351/351
f 349/349/349 347/347/347 287/287/287
f 349/349/349 287/287/287 305/305/305
f 325/325/325 257/257/257 264/264/264
f 305/305/305 353/353/353 349/349/349
f 317/317/317 257/257/257 325/325/325
f 354/354/354 349/349/349 353/353/353
f 305/305/305 351/351/351 353/353/353
f 344/344/344 331/331/331 348/348/348
f 311/311/311 234/234/234 246/246/246
f 348/348/348 347/347/347 350/350/350
f 348/348/348 350/350/350 344/344/344
f 246/246/246 258/258/258 214/214/214
f 311/311/311 246/246/246 214/214/214
f 311/311/311 214/214/214 322/322/322
f 327/327/327 322/322/322 355/355/355
f 344/344/344 356/356/356 346/346/346
f 214/214/214 355/355/355 322/322/322
f 344/344/344 357/357/357 356/356/356
f 350/350/350 357/357/357 344/344/344
f 357/357/357 350/350/350 349/349/349
f 349/349/349 354/354/354 357/357/357
f 214/214/214 358/358/358 355/355/355
f 214/214/214 213/213/213 358/358/358
f 355/355/355 254/254/254 327/327/327
f 327/327/327 254/254/254 253/253/253
f 254/254/254 355/355/355 358/358/358
f 359/359/359 354/354/354 353/353/353
f 358/358/358 360/360/360 254/254/254
f 361/361/361 209/209/209 256/256/256
f 362/362/362 363/363/363 90/90/90
f 94/94/94 92/92/92 364/364/364
f 365/365/365 366/366/366 367/367/367
f 368/368/368 369/369/369 370/370/370
f 363/363/363 362/362/362 371/371/371
f 363/363/363 371/371/371 372/372/372
f 373/373/373 374/374/374 375/375/375
f 376/376/376 377/377/377 378/378/378
f 376/376/376 367/367/367 366/366/366
f 379/379/379 380/380/380 381/381/381
f 378/378/378 367/367/367 376/376/376
f 382/382/382 383/383/383 384/384/384
f 385/385/385 386/386/386 387/387/387
f 388/388/388 380/380/380 379/379/379
f 389/389/389 390/390/390 391/391/391
f 386/386/386 384/384/384 387/387/387
f 391/391/391 392/392/392 389/389/389
f 384/384/384 386/386/386 393/393/393
f 394/394/394 395/395/395 396/396/396
f 380/380/380 388/388/388 397/397/397
f 398/398/398 386/386/386 385/385/385
f 397/397/397 399/399/399 380/380/380
f 390/390/390 400/400/400 396/396/396
f 401/401/401 389/389/389 402/402/402
f 398/398/398 393/393/393 386/386/386
f 403/403/403 404/404/404 187/187/187
f 381/381/381 405/405/405 406/406/406
f 407/407/407 408/408/408 401/401/401
f 90/90/90 363/363/363 92/92/92
f 401/401/401 400/400/400 390/390/390
f 403/403/403 409/409/409 410/410/410
f 405/405/405 381/381/381 411/411/411
f 187/187/187 412/412/412 403/403/403
f 380/380/380 411/411/411 381/381/381
f 412/412/412 187/187/187 186/186/186
f 395/395/395 394/394/394 413/413/413
f 390/390/390 396/396/396 395/395/395
f 390/390/390 389/389/389 401/401/401
f 414/414/414 405/405/405 411/411/411
f 415/415/415 409/409/409 403/403/403
f 415/415/415 403/403/403 412/412/412
f 410/410/410 409/409/409 416/416/416
f 395/395/395 391/391/391 390/390/390
f 364/364/364 363/363/363 372/372/372
f 414/414/414 417/417/417 405/405/405
f 380/380/380 414/414/414 411/411/411
f 418/418/418 409/409/409 419/419/419
f 389/389/389 420/420/420 421/421/421
f 402/402/402 389/389/389 421/421/421
f 377/377/377 420/420/420 392/392/392
f 422/422/422 423/423/423 362/362/362
f 389/389/389 392/392/392 420/420/420
f 362/362/362 423/423/423 371/371/371
f 412/412/412 186/186/186 424/424/424
f 380/380/380 399/399/399 414/414/414
f 412/412/412 424/424/424 415/415/415
f 423/423/423 425/425/425 371/371/371
f 426/426/426 415/415/415 424/424/424
f 409/409/409 415/415/415 419/419/419
f 391/391/391 427/427/427 392/392/392
f 427/427/427 391/391/391 428/428/428
f 418/418/418 419/419/419 429/429/429
f 423/423/423 422/422/422 430/430/430
f 423/423/423 430/430/430 431/431/431
f 423/423/423 431/431/431 425/425/425
f 432/432/432 414/414/414 399/399/399
f 433/433/433 432/432/432 399/399/399
f 432/432/432 417/417/417 414/414/414
f 428/428/428 434/434/434 427/427/427
f 378/378/378 427/427/427 434/434/434
f 419/419/419 415/415/415 429/429/429
f 426/426/426 429/429/429 415/415/415
f 417/417/417 432/432/432 435/435/435
f 432/432/432 433/433/433 435/435/435
f 428/428/428 391/391/391 436/436/436
f 434/434/434 437/437/437 438/438/438
f 431/431/431 430/430/430 439/439/439
f 404/404/404 403/403/403 410/410/410
f 440/440/440 379/379/379 383/383/383
f 382/382/382 440/440/440 383/383/383
f 427/427/427 378/378/378 392/392/392
f 392/392/392 378/378/378 377/377/377
f 416/416/416 441/441/441 410/410/410
f 442/442/442 367/367/367 378/378/378
f 443/443/443 431/431/431 439/439/439
f 388/388/388 379/379/379 440/440/440
f 434/434/434 442/442/442 378/378/378
f 442/442/442 434/434/434 438/438/438
f 418/418/418 416/416/416 409/409/409
f 431/431/431 443/443/443 444/444/444
f 438/438/438 445/445/445 442/442/442
f 130/130/130 152/152/152 9/9/9
f 367/367/367 442/442/442 365/365/365
f 446/446/446 152/152/152 130/130/130
f 442/442/442 445/445/445 365/365/365
f 94/94/94 364/364/364 98/98/98
f 447/447/447 399/399/399 397/397/397
f 447/447/447 397/397/397 388/388/388
f 382/382/382 393/393/393 440/440/440
f 445/445/445 438/438/438 448/448/448
f 448/448/448 438/438/438 437/437/437
f 405/405/405 448/448/448 437/437/437
f 449/449/449 448/448/448 405/405/405
f 100/100/100 98/98/98 450/450/450
f 451/451/451 452/452/452 453/453/453
f 454/454/454 440/440/440 393/393/393
f 449/449/449 405/405/405 417/417/417
f 454/454/454 455/455/455 440/440/440
f 455/455/455 388/388/388 440/440/440
f 92/92/92 363/363/363 364/364/364
f 451/451/451 453/453/453 416/416/416
f 456/456/456 100/100/100 450/450/450
f 457/457/457 388/388/388 455/455/455
f 447/447/447 388/388/388 457/457/457
f 458/458/458 98/98/98 364/364/364
f 458/458/458 364/364/364 372/372/372
f 451/451/451 416/416/416 418/418/418
f 458/458/458 450/450/450 98/98/98
f 459/459/459 458/458/458 372/372/372
f 449/449/449 460/460/460 448/448/448
f 458/458/458 459/459/459 461/461/461
f 462/462/462 460/460/460 449/449/449
f 447/447/447 457/457/457 463/463/463
f 464/464/464 452/452/452 451/451/451
f 465/465/465 462/462/462 449/449/449
f 451/451/451 466/466/466 464/464/464
f 461/461/461 450/450/450 458/458/458
f 461/461/461 467/467/467 450/450/450
f 456/456/456 450/450/450 467/467/467
f 464/464/464 466/466/466 468/468/468
f 447/447/447 433/433/433 399/399/399
f 460/460/460 445/445/445 448/448/448
f 433/433/433 447/447/447 469/469/469
f 467/467/467 461/461/461 470/470/470
f 365/365/365 445/445/445 471/471/471
f 464/464/464 472/472/472 452/452/452
f 445/445/445 473/473/473 471/471/471
f 474/474/474 475/475/475 385/385/385
f 476/476/476 475/475/475 474/474/474
f 445/445/445 460/460/460 473/473/473
f 460/460/460 462/462/462 473/473/473
f 464/464/464 477/477/477 472/472/472
f 478/478/478 479/479/479 435/435/435
f 433/433/433 478/478/478 435/435/435
f 468/468/468 477/477/477 464/464/464
f 469/469/469 478/478/478 433/433/433
f 480/480/480 475/475/475 476/476/476
f 462/462/462 481/481/481 473/473/473
f 482/482/482 483/483/483 484/484/484
f 482/482/482 485/485/485 483/483/483
f 100/100/100 456/456/456 486/486/486
f 487/487/487 469/469/469 447/447/447
f 481/481/481 488/488/488 473/473/473
f 475/475/475 398/398/398 385/385/385
f 462/462/462 489/489/489 481/481/481
f 486/486/486 103/103/103 100/100/100
f 104/104/104 103/103/103 486/486/486
f 429/429/429 451/451/451 418/418/418
f 486/486/486 490/490/490 104/104/104
f 491/491/491 469/469/469 487/487/487
f 492/492/492 104/104/104 490/490/490
f 43/43/43 362/362/362 90/90/90
f 493/493/493 466/466/466 451/451/451
f 493/493/493 451/451/451 429/429/429
f 43/43/43 42/42/42 494/494/494
f 491/491/491 478/478/478 469/469/469
f 468/468/468 466/466/466 495/495/495
f 496/496/496 478/478/478 491/491/491
f 43/43/43 497/497/497 498/498/498
f 499/499/499 478/478/478 496/496/496
f 43/43/43 494/494/494 497/497/497
f 493/493/493 429/429/429 500/500/500
f 65/65/65 494/494/494 42/42/42
f 501/501/501 467/467/467 470/470/470
f 466/466/466 493/493/493 495/495/495
f 101/101/101 502/502/502 65/65/65
f 503/503/503 449/449/449 417/417/417
f 493/493/493 504/504/504 495/495/495
f 449/449/449 503/503/503 465/465/465
f 494/494/494 65/65/65 502/502/502
f 486/486/486 456/456/456 490/490/490
f 505/505/505 456/456/456 467/467/467
f 497/497/497 494/494/494 502/502/502
f 502/502/502 506/506/506 497/497/497
f 459/459/459 372/372/372 371/371/371
f 425/425/425 459/459/459 371/371/371
f 507/507/507 459/459/459 425/425/425
f 484/484/484 508/508/508 482/482/482
f 362/362/362 43/43/43 498/498/498
f 507/507/507 461/461/461 459/459/459
f 509/509/509 462/462/462 465/465/465
f 470/470/470 461/461/461 507/507/507
f 510/510/510 498/498/498 497/497/497
f 511/511/511 509/509/509 465/465/465
f 512/512/512 510/510/510 497/497/497
f 511/511/511 465/465/465 503/503/503
f 513/513/513 508/508/508 514/514/514
f 470/470/470 507/507/507 515/515/515
f 510/510/510 512/512/512 498/498/498
f 435/435/435 511/511/511 503/503/503
f 417/417/417 435/435/435 503/503/503
f 502/502/502 516/516/516 506/506/506
f 479/479/479 511/511/511 435/435/435
f 508/508/508 513/513/513 482/482/482
f 517/517/517 507/507/507 425/425/425
f 518/518/518 482/482/482 513/513/513
f 506/506/506 512/512/512 497/497/497
f 519/519/519 512/512/512 506/506/506
f 505/505/505 467/467/467 501/501/501
f 520/520/520 511/511/511 479/479/479
f 505/505/505 490/490/490 456/456/456
f 512/512/512 519/519/519 521/521/521
f 507/507/507 517/517/517 522/522/522
f 490/490/490 523/523/523 524/524/524
f 525/525/525 524/524/524 523/523/523
f 515/515/515 507/507/507 522/522/522
f 362/362/362 498/498/498 422/422/422
f 498/498/498 430/430/430 422/422/422
f 505/505/505 523/523/523 490/490/490
f 526/526/526 509/509/509 511/511/511
f 517/517/517 527/527/527 522/522/522
f 65/65/65 64/64/64 101/101/101
f 520/520/520 528/528/528 511/511/511
f 502/502/502 101/101/101 529/529/529
f 529/529/529 101/101/101 102/102/102
f 515/515/515 501/501/501 470/470/470
f 489/489/489 462/462/462 509/509/509
f 404/404/404 516/516/516 529/529/529
f 529/529/529 516/516/516 502/502/502
f 515/515/515 530/530/530 501/501/501
f 501/501/501 530/530/530 505/505/505
f 126/126/126 531/531/531 128/128/128
f 526/526/526 489/489/489 509/509/509
f 102/102/102 187/187/187 529/529/529
f 532/532/532 525/525/525 533/533/533
f 533/533/533 525/525/525 523/523/523
f 187/187/187 404/404/404 529/529/529
f 505/505/505 530/530/530 523/523/523
f 533/533/533 534/534/534 532/532/532
f 489/489/489 535/535/535 481/481/481
f 530/530/530 533/533/533 523/523/523
f 516/516/516 404/404/404 410/410/410
f 515/515/515 536/536/536 530/530/530
f 535/535/535 489/489/489 526/526/526
f 530/530/530 534/534/534 533/533/533
f 530/530/530 536/536/536 534/534/534
f 537/537/537 130/130/130 120/120/120
f 516/516/516 519/519/519 506/506/506
f 515/515/515 522/522/522 527/527/527
f 527/527/527 538/538/538 515/515/515
f 127/127/127 537/537/537 120/120/120
f 519/519/519 516/516/516 539/539/539
f 539/539/539 521/521/521 519/519/519
f 540/540/540 538/538/538 527/527/527
f 528/528/528 526/526/526 511/511/511
f 541/541/541 540/540/540 542/542/542
f 543/543/543 526/526/526 528/528/528
f 544/544/544 537/537/537 127/127/127
f 396/396/396 545/545/545 546/546/546
f 538/538/538 536/536/536 515/515/515
f 538/538/538 547/547/547 536/536/536
f 548/548/548 535/535/535 526/526/526
f 543/543/543 548/548/548 526/526/526
f 541/541/541 547/547/547 538/538/538
f 441/441/441 516/516/516 410/410/410
f 446/446/446 130/130/130 537/537/537
f 547/547/547 534/534/534 536/536/536
f 541/541/541 538/538/538 540/540/540
f 441/441/441 539/539/539 516/516/516
f 490/490/490 524/524/524 549/549/549
f 550/550/550 524/524/524 525/525/525
f 537/537/537 544/544/544 446/446/446
f 525/525/525 532/532/532 550/550/550
f 550/550/550 532/532/532 551/551/551
f 539/539/539 441/441/441 416/416/416
f 552/552/552 551/551/551 532/532/532
f 548/548/548 543/543/543 553/553/553
f 512/512/512 554/554/554 498/498/498
f 550/550/550 551/551/551 555/555/555
f 556/556/556 554/554/554 512/512/512
f 544/544/544 557/557/557 446/446/446
f 552/552/552 558/558/558 551/551/551
f 555/555/555 551/551/551 559/559/559
f 521/521/521 556/556/556 512/512/512
f 534/534/534 552/552/552 532/532/532
f 534/534/534 558/558/558 552/552/552
f 558/558/558 559/559/559 551/551/551
f 560/560/560 561/561/561 562/562/562
f 561/561/561 560/560/560 563/563/563
f 558/558/558 534/534/534 547/547/547
f 564/564/564 562/562/562 565/565/565
f 566/566/566 567/567/567 568/568/568
f 569/569/569 570/570/570 556/556/556
f 560/560/560 562/562/562 564/564/564
f 554/554/554 556/556/556 570/570/570
f 560/560/560 564/564/564 408/408/408
f 545/545/545 400/400/400 565/565/565
f 128/128/128 544/544/544 127/127/127
f 400/400/400 564/564/564 565/565/565
f 400/400/400 408/408/408 564/564/564
f 569/569/569 556/556/556 571/571/571
f 560/560/560 572/572/572 563/563/563
f 572/572/572 560/560/560 408/408/408
f 554/554/554 430/430/430 498/498/498
f 408/408/408 407/407/407 572/572/572
f 554/554/554 439/439/439 430/430/430
f 573/573/573 544/544/544 128/128/128
f 408/408/408 400/400/400 401/401/401
f 574/574/574 528/528/528 520/520/520
f 527/527/527 517/517/517 575/575/575
f 527/527/527 575/575/575 540/540/540
f 570/570/570 439/439/439 554/554/554
f 542/542/542 540/540/540 575/575/575
f 499/499/499 479/479/479 478/478/478
f 570/570/570 443/443/443 439/439/439
f 574/574/574 479/479/479 499/499/499
f 576/576/576 568/568/568 567/567/567
f 546/546/546 394/394/394 396/396/396
f 574/574/574 520/520/520 479/479/479
f 375/375/375 577/577/577 373/373/373
f 444/444/444 443/443/443 578/578/578
f 566/566/566 568/568/568 579/579/579
f 373/373/373 577/577/577 383/383/383
f 569/569/569 580/580/580 570/570/570
f 568/568/568 581/581/581 579/579/579
f 582/582/582 570/570/570 580/580/580
f 582/582/582 443/443/443 570/570/570
f 581/581/581 583/583/583 579/579/579
f 383/383/383 584/584/584 373/373/373
f 585/585/585 443/443/443 582/582/582
f 379/379/379 381/381/381 584/584/584
f 574/574/574 586/586/586 528/528/528
f 587/587/587 383/383/383 577/577/577
f 576/576/576 588/588/588 568/568/568
f 373/373/373 584/584/584 406/406/406
f 586/586/586 543/543/543 528/528/528
f 584/584/584 381/381/381 406/406/406
f 584/584/584 383/383/383 379/379/379
f 569/569/569 589/589/589 580/580/580
f 589/589/589 590/590/590 580/580/580
f 591/591/591 580/580/580 590/590/590
f 588/588/588 592/592/592 568/568/568
f 396/396/396 400/400/400 545/545/545
f 568/568/568 592/592/592 581/581/581
f 586/586/586 593/593/593 543/543/543
f 580/580/580 591/591/591 582/582/582
f 593/593/593 553/553/553 543/543/543
f 586/586/586 574/574/574 594/594/594
f 383/383/383 587/587/587 595/595/595
f 592/592/592 420/420/420 581/581/581
f 595/595/595 384/384/384 383/383/383
f 593/593/593 586/586/586 594/594/594
f 531/531/531 126/126/126 106/106/106
f 556/556/556 521/521/521 596/596/596
f 393/393/393 382/382/382 384/384/384
f 492/492/492 106/106/106 104/104/104
f 106/106/106 492/492/492 531/531/531
f 556/556/556 596/596/596 571/571/571
f 589/589/589 569/569/569 597/597/597
f 455/455/455 454/454/454 598/598/598
f 457/457/457 455/455/455 598/598/598
f 571/571/571 597/597/597 569/569/569
f 539/539/539 596/596/596 521/521/521
f 599/599/599 128/128/128 531/531/531
f 600/600/600 599/599/599 531/531/531
f 601/601/601 457/457/457 598/598/598
f 416/416/416 453/453/453 539/539/539
f 453/453/453 596/596/596 539/539/539
f 571/571/571 596/596/596 453/453/453
f 602/602/602 601/601/601 598/598/598
f 398/398/398 475/475/475 603/603/603
f 453/453/453 452/452/452 571/571/571
f 604/604/604 602/602/602 598/598/598
f 398/398/398 454/454/454 393/393/393
f 600/600/600 531/531/531 492/492/492
f 603/603/603 454/454/454 398/398/398
f 597/597/597 590/590/590 589/589/589
f 549/549/549 492/492/492 490/490/490
f 605/605/605 590/590/590 597/597/597
f 463/463/463 457/457/457 601/601/601
f 604/604/604 454/454/454 603/603/603
f 603/603/603 475/475/475 480/480/480
f 452/452/452 597/597/597 571/571/571
f 472/472/472 597/597/597 452/452/452
f 472/472/472 605/605/605 597/597/597
f 549/549/549 524/524/524 606/606/606
f 607/607/607 492/492/492 549/549/549
f 606/606/606 607/607/607 549/549/549
f 524/524/524 550/550/550 606/606/606
f 601/601/601 608/608/608 463/463/463
f 387/387/387 384/384/384 595/595/595
f 491/491/491 463/463/463 608/608/608
f 454/454/454 604/604/604 598/598/598
f 600/600/600 492/492/492 609/609/609
f 610/610/610 604/604/604 603/603/603
f 601/601/601 602/602/602 608/608/608
f 600/600/600 609/609/609 599/599/599
f 603/603/603 480/480/480 611/611/611
f 611/611/611 610/610/610 603/603/603
f 487/487/487 447/447/447 463/463/463
f 607/607/607 606/606/606 612/612/612
f 485/485/485 482/482/482 518/518/518
f 485/485/485 518/518/518 613/613/613
f 607/607/607 609/609/609 492/492/492
f 614/614/614 609/609/609 607/607/607
f 463/463/463 491/491/491 487/487/487
f 602/602/602 610/610/610 611/611/611
f 599/599/599 573/573/573 128/128/128
f 599/599/599 615/615/615 573/573/573
f 609/609/609 615/615/615 599/599/599
f 616/616/616 613/613/613 518/518/518
f 550/550/550 612/612/612 606/606/606
f 613/613/613 616/616/616 617/617/617
f 614/614/614 607/607/607 612/612/612
f 612/612/612 550/550/550 555/555/555
f 616/616/616 618/618/618 617/617/617
f 614/614/614 612/612/612 555/555/555
f 572/572/572 619/619/619 563/563/563
f 608/608/608 496/496/496 491/491/491
f 572/572/572 620/620/620 619/619/619
f 620/620/620 572/572/572 407/407/407
f 401/401/401 402/402/402 407/407/407
f 407/407/407 402/402/402 621/621/621
f 496/496/496 608/608/608 622/622/622
f 592/592/592 588/588/588 623/623/623
f 623/623/623 588/588/588 624/624/624
f 625/625/625 622/622/622 626/626/626
f 624/624/624 588/588/588 627/627/627
f 496/496/496 622/622/622 625/625/625
f 604/604/604 610/610/610 602/602/602
f 623/623/623 421/421/421 592/592/592
f 628/628/628 602/602/602 611/611/611
f 629/629/629 602/602/602 628/628/628
f 621/621/621 421/421/421 623/623/623
f 630/630/630 615/615/615 609/609/609
f 620/620/620 624/624/624 627/627/627
f 630/630/630 609/609/609 614/614/614
f 627/627/627 619/619/619 620/620/620
f 620/620/620 623/623/623 624/624/624
f 608/608/608 602/602/602 629/629/629
f 621/621/621 623/623/623 620/620/620
f 621/621/621 402/402/402 421/421/421
f 629/629/629 628/628/628 631/631/631
f 621/621/621 620/620/620 407/407/407
f 425/425/425 431/431/431 517/517/517
f 517/517/517 431/431/431 575/575/575
f 431/431/431 444/444/444 575/575/575
f 632/632/632 575/575/575 444/444/444
f 608/608/608 629/629/629 622/622/622
f 542/542/542 575/575/575 633/633/633
f 578/578/578 632/632/632 444/444/444
f 634/634/634 374/374/374 369/369/369
f 633/633/633 575/575/575 632/632/632
f 622/622/622 635/635/635 636/636/636
f 369/369/369 368/368/368 634/634/634
f 637/637/637 622/622/622 629/629/629
f 368/368/368 638/638/638 634/634/634
f 638/638/638 413/413/413 546/546/546
f 546/546/546 413/413/413 394/394/394
f 635/635/635 622/622/622 637/637/637
f 639/639/639 635/635/635 637/637/637
f 413/413/413 638/638/638 436/436/436
f 638/638/638 368/368/368 436/436/436
f 625/625/625 499/499/499 496/496/496
f 626/626/626 499/499/499 625/625/625
f 574/574/574 499/499/499 626/626/626
f 391/391/391 395/395/395 436/436/436
f 395/395/395 413/413/413 436/436/436
f 640/640/640 574/574/574 626/626/626
f 369/369/369 374/374/374 373/373/373
f 369/369/369 373/373/373 370/370/370
f 406/406/406 370/370/370 373/373/373
f 370/370/370 428/428/428 368/368/368
f 641/641/641 626/626/626 636/636/636
f 642/642/642 626/626/626 641/641/641
f 642/642/642 640/640/640 626/626/626
f 428/428/428 436/436/436 368/368/368
f 640/640/640 594/594/594 574/574/574
f 640/640/640 593/593/593 594/594/594
f 643/643/643 593/593/593 640/640/640
f 437/437/437 370/370/370 406/406/406
f 643/643/643 644/644/644 593/593/593
f 370/370/370 437/437/437 428/428/428
f 643/643/643 645/645/645 644/644/644
f 645/645/645 646/646/646 644/644/644
f 428/428/428 437/437/437 434/434/434
f 642/642/642 643/643/643 640/640/640
f 406/406/406 405/405/405 437/437/437
f 636/636/636 626/626/626 622/622/622
f 583/583/583 581/581/581 647/647/647
f 420/420/420 647/647/647 581/581/581
f 641/641/641 636/636/636 635/635/635
f 420/420/420 592/592/592 421/421/421
f 642/642/642 641/641/641 648/648/648
f 647/647/647 376/376/376 649/649/649
f 366/366/366 649/649/649 376/376/376
f 648/648/648 641/641/641 635/635/635
f 647/647/647 420/420/420 377/377/377
f 376/376/376 647/647/647 377/377/377
f 650/650/650 642/642/642 648/648/648
f 648/648/648 651/651/651 650/650/650
f 643/643/643 642/642/642 645/645/645
f 652/652/652 645/645/645 653/653/653
f 642/642/642 650/650/650 645/645/645
f 645/645/645 650/650/650 653/653/653
f 654/654/654 566/566/566 579/579/579
f 655/655/655 649/649/649 366/366/366
f 656/656/656 138/138/138 657/657/657
f 583/583/583 649/649/649 579/579/579
f 658/658/658 365/365/365 659/659/659
f 471/471/471 659/659/659 365/365/365
f 657/657/657 138/138/138 152/152/152
f 660/660/660 661/661/661 662/662/662
f 663/663/663 664/664/664 553/553/553
f 665/665/665 666/666/666 667/667/667
f 668/668/668 669/669/669 670/670/670
f 666/666/666 665/665/665 671/671/671
f 672/672/672 670/670/670 673/673/673
f 446/446/446 674/674/674 152/152/152
f 644/644/644 553/553/553 593/593/593
f 674/674/674 657/657/657 152/152/152
f 553/553/553 644/644/644 663/663/663
f 665/665/665 667/667/667 675/675/675
f 676/676/676 670/670/670 672/672/672
f 676/676/676 672/672/672 677/677/677
f 656/656/656 272/272/272 138/138/138
f 670/670/670 678/678/678 668/668/668
f 676/676/676 678/678/678 670/670/670
f 664/664/664 663/663/663 679/679/679
f 680/680/680 668/668/668 678/678/678
f 681/681/681 680/680/680 678/678/678
f 682/682/682 683/683/683 684/684/684
f 685/685/685 654/654/654 686/686/686
f 682/682/682 684/684/684 687/687/687
f 687/687/687 688/688/688 682/682/682
f 689/689/689 690/690/690 691/691/691
f 692/692/692 693/693/693 694/694/694
f 689/689/689 281/281/281 695/695/695
f 696/696/696 281/281/281 689/689/689
f 696/696/696 282/282/282 281/281/281
f 697/697/697 688/688/688 687/687/687
f 677/677/677 698/698/698 676/676/676
f 699/699/699 282/282/282 696/696/696
f 665/665/665 682/682/682 688/688/688
f 665/665/665 688/688/688 671/671/671
f 699/699/699 230/230/230 282/282/282
f 679/679/679 694/694/694 664/664/664
f 694/694/694 679/679/679 692/692/692
f 700/700/700 677/677/677 701/701/701
f 702/702/702 692/692/692 703/703/703
f 704/704/704 688/688/688 697/697/697
f 678/678/678 676/676/676 698/698/698
f 705/705/705 702/702/702 703/703/703
f 696/696/696 689/689/689 691/691/691
f 706/706/706 696/696/696 691/691/691
f 678/678/678 707/707/707 681/681/681
f 696/696/696 708/708/708 699/699/699
f 707/707/707 709/709/709 681/681/681
f 699/699/699 708/708/708 710/710/710
f 703/703/703 692/692/692 679/679/679
f 706/706/706 708/708/708 696/696/696
f 711/711/711 707/707/707 678/678/678
f 688/688/688 704/704/704 671/671/671
f 698/698/698 711/711/711 678/678/678
f 712/712/712 713/713/713 714/714/714
f 683/683/683 709/709/709 707/707/707
f 686/686/686 654/654/654 690/690/690
f 715/715/715 683/683/683 707/707/707
f 714/714/714 716/716/716 712/712/712
f 717/717/717 690/690/690 654/654/654
f 718/718/718 691/691/691 690/690/690
f 690/690/690 717/717/717 718/718/718
f 719/719/719 704/704/704 697/697/697
f 711/711/711 715/715/715 707/707/707
f 720/720/720 697/697/697 721/721/721
f 720/720/720 719/719/719 697/697/697
f 722/722/722 719/719/719 720/720/720
f 700/700/700 698/698/698 677/677/677
f 691/691/691 718/718/718 706/706/706
f 723/723/723 714/714/714 724/724/724
f 352/352/352 725/725/725 351/351/351
f 723/723/723 716/716/716 714/714/714
f 667/667/667 725/725/725 352/352/352
f 726/726/726 711/711/711 698/698/698
f 708/708/708 706/706/706 727/727/727
f 728/728/728 708/708/708 727/727/727
f 660/660/660 713/713/713 700/700/700
f 698/698/698 700/700/700 726/726/726
f 729/729/729 706/706/706 730/730/730
f 351/351/351 725/725/725 731/731/731
f 718/718/718 730/730/730 706/706/706
f 706/706/706 729/729/729 673/673/673
f 732/732/732 353/353/353 351/351/351
f 727/727/727 706/706/706 673/673/673
f 733/733/733 711/711/711 726/726/726
f 732/732/732 351/351/351 731/731/731
f 713/713/713 726/726/726 700/700/700
f 710/710/710 708/708/708 728/728/728
f 566/566/566 654/654/654 685/685/685
f 716/716/716 723/723/723 734/734/734
f 731/731/731 725/725/725 735/735/735
f 713/713/713 712/712/712 726/726/726
f 725/725/725 667/667/667 735/735/735
f 579/579/579 717/717/717 654/654/654
f 655/655/655 717/717/717 579/579/579
f 649/649/649 655/655/655 579/579/579
f 736/736/736 737/737/737 274/274/274
f 734/734/734 738/738/738 716/716/716
f 718/718/718 717/717/717 730/730/730
f 739/739/739 740/740/740 736/736/736
f 717/717/717 655/655/655 730/730/730
f 471/471/471 741/741/741 659/659/659
f 742/742/742 743/743/743 471/471/471
f 735/735/735 667/667/667 666/666/666
f 741/741/741 471/471/471 743/743/743
f 744/744/744 743/743/743 742/742/742
f 745/745/745 735/735/735 666/666/666
f 673/673/673 669/669/669 727/727/727
f 746/746/746 747/747/747 734/734/734
f 473/473/473 742/742/742 471/471/471
f 473/473/473 488/488/488 742/742/742
f 230/230/230 699/699/699 231/231/231
f 738/738/738 720/720/720 716/716/716
f 236/236/236 220/220/220 231/231/231
f 359/359/359 353/353/353 732/732/732
f 231/231/231 699/699/699 710/710/710
f 231/231/231 710/710/710 748/748/748
f 749/749/749 732/732/732 750/750/750
f 742/742/742 488/488/488 744/744/744
f 750/750/750 732/732/732 731/731/731
f 236/236/236 231/231/231 751/751/751
f 359/359/359 732/732/732 749/749/749
f 488/488/488 752/752/752 744/744/744
f 231/231/231 748/748/748 751/751/751
f 753/753/753 359/359/359 749/749/749
f 754/754/754 359/359/359 753/753/753
f 755/755/755 720/720/720 738/738/738
f 662/662/662 743/743/743 744/744/744
f 756/756/756 749/749/749 750/750/750
f 750/750/750 731/731/731 735/735/735
f 750/750/750 735/735/735 757/757/757
f 758/758/758 662/662/662 744/744/744
f 660/660/660 662/662/662 758/758/758
f 757/757/757 735/735/735 759/759/759
f 748/748/748 760/760/760 751/751/751
f 759/759/759 735/735/735 745/745/745
f 755/755/755 738/738/738 734/734/734
f 660/660/660 758/758/758 724/724/724
f 245/245/245 236/236/236 751/751/751
f 761/761/761 750/750/750 757/757/757
f 693/693/693 692/692/692 723/723/723
f 702/702/702 723/723/723 692/692/692
f 245/245/245 751/751/751 762/762/762
f 714/714/714 713/713/713 660/660/660
f 734/734/734 723/723/723 702/702/702
f 761/761/761 757/757/757 759/759/759
f 666/666/666 671/671/671 745/745/745
f 734/734/734 702/702/702 746/746/746
f 745/745/745 671/671/671 704/704/704
f 683/683/683 715/715/715 684/684/684
f 745/745/745 704/704/704 763/763/763
f 746/746/746 702/702/702 705/705/705
f 684/684/684 715/715/715 764/764/764
f 646/646/646 663/663/663 644/644/644
f 764/764/764 687/687/687 684/684/684
f 748/748/748 710/710/710 728/728/728
f 646/646/646 645/645/645 765/765/765
f 745/745/745 763/763/763 766/766/766
f 767/767/767 766/766/766 763/763/763
f 728/728/728 727/727/727 768/768/768
f 715/715/715 711/711/711 764/764/764
f 764/764/764 711/711/711 733/733/733
f 679/679/679 663/663/663 769/769/769
f 663/663/663 646/646/646 769/769/769
f 728/728/728 760/760/760 748/748/748
f 728/728/728 768/768/768 760/760/760
f 646/646/646 765/765/765 769/769/769
f 768/768/768 770/770/770 760/760/760
f 733/733/733 726/726/726 712/712/712
f 733/733/733 712/712/712 716/716/716
f 669/669/669 768/768/768 727/727/727
f 673/673/673 670/670/670 669/669/669
f 679/679/679 771/771/771 703/703/703
f 721/721/721 687/687/687 764/764/764
f 669/669/669 668/668/668 768/768/768
f 719/719/719 763/763/763 704/704/704
f 770/770/770 772/772/772 760/760/760
f 772/772/772 751/751/751 760/760/760
f 721/721/721 733/733/733 716/716/716
f 771/771/771 705/705/705 703/703/703
f 720/720/720 721/721/721 716/716/716
f 721/721/721 764/764/764 733/733/733
f 773/773/773 705/705/705 771/771/771
f 770/770/770 768/768/768 668/668/668
f 697/697/697 687/687/687 721/721/721
f 767/767/767 763/763/763 719/719/719
f 679/679/679 769/769/769 771/771/771
f 774/774/774 771/771/771 769/769/769
f 668/668/668 680/680/680 770/770/770
f 774/774/774 773/773/773 771/771/771
f 775/775/775 774/774/774 769/769/769
f 776/776/776 751/751/751 772/772/772
f 719/719/719 722/722/722 777/777/777
f 776/776/776 772/772/772 681/681/681
f 767/767/767 719/719/719 778/778/778
f 722/722/722 720/720/720 755/755/755
f 778/778/778 719/719/719 777/777/777
f 772/772/772 770/770/770 680/680/680
f 772/772/772 680/680/680 681/681/681
f 737/737/737 261/261/261 274/274/274
f 268/268/268 261/261/261 737/737/737
f 775/775/775 769/769/769 765/765/765
f 736/736/736 245/245/245 762/762/762
f 737/737/737 736/736/736 740/740/740
f 274/274/274 245/245/245 736/736/736
f 779/779/779 745/745/745 766/766/766
f 774/774/774 775/775/775 780/780/780
f 781/781/781 773/773/773 774/774/774
f 782/782/782 781/781/781 774/774/774
f 751/751/751 736/736/736 762/762/762
f 759/759/759 745/745/745 779/779/779
f 736/736/736 751/751/751 776/776/776
f 783/783/783 759/759/759 779/779/779
f 774/774/774 780/780/780 782/782/782
f 740/740/740 784/784/784 737/737/737
f 784/784/784 740/740/740 785/785/785
f 775/775/775 786/786/786 780/780/780
f 779/779/779 766/766/766 787/787/787
f 788/788/788 767/767/767 778/778/778
f 789/789/789 740/740/740 739/739/739
f 767/767/767 788/788/788 766/766/766
f 789/789/789 683/683/683 682/682/682
f 740/740/740 789/789/789 785/785/785
f 788/788/788 787/787/787 766/766/766
f 778/778/778 777/777/777 788/788/788
f 790/790/790 791/791/791 777/777/777
f 788/788/788 777/777/777 791/791/791
f 785/785/785 789/789/789 682/682/682
f 788/788/788 791/791/791 787/787/787
f 755/755/755 792/792/792 722/722/722
f 294/294/294 268/268/268 737/737/737
f 681/681/681 709/709/709 776/776/776
f 660/660/660 724/724/724 714/714/714
f 734/734/734 747/747/747 755/755/755
f 675/675/675 784/784/784 785/785/785
f 752/752/752 758/758/758 744/744/744
f 776/776/776 739/739/739 736/736/736
f 737/737/737 784/784/784 294/294/294
f 739/739/739 776/776/776 709/709/709
f 792/792/792 755/755/755 793/793/793
f 755/755/755 747/747/747 793/793/793
f 709/709/709 789/789/789 739/739/739
f 794/794/794 724/724/724 795/795/795
f 789/789/789 709/709/709 683/683/683
f 784/784/784 352/352/352 294/294/294
f 352/352/352 784/784/784 675/675/675
f 352/352/352 675/675/675 667/667/667
f 723/723/723 724/724/724 794/794/794
f 675/675/675 785/785/785 665/665/665
f 647/647/647 649/649/649 583/583/583
f 535/535/535 488/488/488 481/481/481
f 665/665/665 785/785/785 682/682/682
f 488/488/488 535/535/535 752/752/752
f 793/793/793 796/796/796 797/797/797
f 798/798/798 730/730/730 655/655/655
f 781/781/781 746/746/746 705/705/705
f 796/796/796 746/746/746 781/781/781
f 798/798/798 655/655/655 799/799/799
f 800/800/800 535/535/535 548/548/548
f 752/752/752 535/535/535 800/800/800
f 366/366/366 799/799/799 655/655/655
f 801/801/801 798/798/798 799/799/799
f 796/796/796 747/747/747 746/746/746
f 800/800/800 548/548/548 553/553/553
f 664/664/664 800/800/800 553/553/553
f 795/795/795 758/758/758 752/752/752
f 802/802/802 673/673/673 729/729/729
f 724/724/724 758/758/758 795/795/795
f 796/796/796 793/793/793 747/747/747
f 800/800/800 795/795/795 752/752/752
f 694/694/694 795/795/795 800/800/800
f 801/801/801 729/729/729 730/730/730
f 729/729/729 801/801/801 802/802/802
f 664/664/664 694/694/694 800/800/800
f 672/672/672 673/673/673 802/802/802
f 693/693/693 794/794/794 795/795/795
f 705/705/705 773/773/773 781/781/781
f 693/693/693 795/795/795 694/694/694
f 723/723/723 794/794/794 693/693/693
f 801/801/801 730/730/730 798/798/798
f 790/790/790 792/792/792 793/793/793
f 803/803/803 701/701/701 802/802/802
f 701/701/701 672/672/672 802/802/802
f 677/677/677 672/672/672 701/701/701
f 790/790/790 793/793/793 797/797/797
f 790/790/790 797/797/797 804/804/804
f 799/799/799 366/366/366 658/658/658
f 805/805/805 797/797/797 806/806/806
f 366/366/366 365/365/365 658/658/658
f 805/805/805 804/804/804 797/797/797
f 659/659/659 799/799/799 658/658/658
f 799/799/799 659/659/659 807/807/807
f 808/808/808 796/796/796 781/781/781
f 806/806/806 796/796/796 808/808/808
f 741/741/741 807/807/807 659/659/659
f 781/781/781 782/782/782 808/808/808
f 799/799/799 807/807/807 801/801/801
f 802/802/802 801/801/801 803/803/803
f 803/803/803 801/801/801 807/807/807
f 807/807/807 661/661/661 803/803/803
f 803/803/803 661/661/661 700/700/700
f 809/809/809 806/806/806 808/808/808
f 810/810/810 806/806/806 809/809/809
f 803/803/803 700/700/700 701/701/701
f 809/809/809 808/808/808 782/782/782
f 797/797/797 796/796/796 806/806/806
f 741/741/741 743/743/743 807/807/807
f 661/661/661 807/807/807 743/743/743
f 662/662/662 661/661/661 743/743/743
f 652/652/652 765/765/765 645/645/645
f 652/652/652 775/775/775 765/765/765
f 660/660/660 700/700/700 661/661/661
f 652/652/652 653/653/653 775/775/775
f 811/811/811 775/775/775 653/653/653
f 777/777/777 722/722/722 792/792/792
f 777/777/777 792/792/792 790/790/790
f 812/812/812 813/813/813 814/814/814
f 815/815/815 816/816/816 817/817/817
f 818/818/818 816/816/816 815/815/815
f 819/819/819 820/820/820 821/821/821
f 822/822/822 819/819/819 823/823/823
f 824/824/824 825/825/825 826/826/826
f 819/819/819 822/822/822 827/827/827
f 824/824/824 828/828/828 825/825/825
f 829/829/829 830/830/830 831/831/831
f 827/827/827 820/820/820 819/819/819
f 829/829/829 831/831/831 832/832/832
f 820/820/820 814/814/814 821/821/821
f 833/833/833 834/834/834 835/835/835
f 836/836/836 834/834/834 837/837/837
f 838/838/838 839/839/839 829/829/829
f 812/812/812 840/840/840 813/813/813
f 838/838/838 829/829/829 841/841/841
f 827/827/827 842/842/842 820/820/820
f 833/833/833 837/837/837 834/834/834
f 841/841/841 829/829/829 832/832/832
f 843/843/843 844/844/844 845/845/845
f 820/820/820 842/842/842 844/844/844
f 814/814/814 820/820/820 844/844/844
f 821/821/821 814/814/814 846/846/846
f 812/812/812 843/843/843 847/847/847
f 841/841/841 848/848/848 849/849/849
f 817/817/817 832/832/832 850/850/850
f 832/832/832 831/831/831 850/850/850
f 817/817/817 816/816/816 832/832/832
f 842/842/842 827/827/827 845/845/845
f 851/851/851 847/847/847 843/843/843
f 837/837/837 852/852/852 836/836/836
f 845/845/845 844/844/844 842/842/842
f 839/839/839 838/838/838 853/853/853
f 816/816/816 818/818/818 854/854/854
f 837/837/837 855/855/855 852/852/852
f 848/848/848 832/832/832 816/816/816
f 838/838/838 841/841/841 849/849/849
f 856/856/856 812/812/812 847/847/847
f 857/857/857 858/858/858 859/859/859
f 860/860/860 858/858/858 833/833/833
f 838/838/838 849/849/849 861/861/861
f 848/848/848 854/854/854 862/862/862
f 854/854/854 848/848/848 816/816/816
f 838/838/838 861/861/861 853/853/853
f 857/857/857 863/863/863 858/858/858
f 864/864/864 813/813/813 840/840/840
f 841/841/841 832/832/832 848/848/848
f 865/865/865 861/861/861 866/866/866
f 861/861/861 849/849/849 866/866/866
f 849/849/849 867/867/867 866/866/866
f 826/826/826 825/825/825 868/868/868
f 869/869/869 870/870/870 864/864/864
f 849/849/849 848/848/848 871/871/871
f 840/840/840 869/869/869 864/864/864
f 871/871/871 867/867/867 849/849/849
f 868/868/868 825/825/825 872/872/872
f 848/848/848 862/862/862 871/871/871
f 871/871/871 862/862/862 873/873/873
f 812/812/812 856/856/856 840/840/840
f 818/818/818 846/846/846 854/854/854
f 818/818/818 821/821/821 846/846/846
f 874/874/874 869/869/869 840/840/840
f 875/875/875 873/873/873 846/846/846
f 873/873/873 875/875/875 876/876/876
f 825/825/825 828/828/828 877/877/877
f 840/840/840 856/856/856 878/878/878
f 876/876/876 871/871/871 873/873/873
f 879/879/879 825/825/825 877/877/877
f 874/874/874 840/840/840 878/878/878
f 862/862/862 854/854/854 846/846/846
f 846/846/846 873/873/873 862/862/862
f 871/871/871 876/876/876 867/867/867
f 879/879/879 872/872/872 825/825/825
f 880/880/880 867/867/867 876/876/876
f 881/881/881 876/876/876 875/875/875
f 872/872/872 879/879/879 882/882/882
f 883/883/883 884/884/884 885/885/885
f 864/864/864 875/875/875 813/813/813
f 884/884/884 886/886/886 887/887/887
f 887/887/887 885/885/885 884/884/884
f 865/865/865 888/888/888 889/889/889
f 888/888/888 865/865/865 890/890/890
f 833/833/833 858/858/858 863/863/863
f 891/891/891 889/889/889 888/888/888
f 874/874/874 892/892/892 869/869/869
f 892/892/892 874/874/874 893/893/893
f 837/837/837 833/833/833 894/894/894
f 895/895/895 843/843/843 845/845/845
f 851/851/851 856/856/856 847/847/847
f 885/885/885 887/887/887 896/896/896
f 897/897/897 885/885/885 896/896/896
f 894/894/894 833/833/833 863/863/863
f 898/898/898 897/897/897 896/896/896
f 895/895/895 899/899/899 900/900/900
f 901/901/901 863/863/863 857/857/857
f 843/843/843 895/895/895 851/851/851
f 902/902/902 894/894/894 863/863/863
f 903/903/903 856/856/856 904/904/904
f 883/883/883 897/897/897 905/905/905
f 897/897/897 883/883/883 885/885/885
f 851/851/851 895/895/895 900/900/900
f 902/902/902 863/863/863 901/901/901
f 883/883/883 905/905/905 822/822/822
f 900/900/900 906/906/906 851/851/851
f 851/851/851 904/904/904 856/856/856
f 897/897/897 907/907/907 905/905/905
f 897/897/897 898/898/898 907/907/907
f 894/894/894 855/855/855 837/837/837
f 905/905/905 907/907/907 908/908/908
f 904/904/904 909/909/909 903/903/903
f 855/855/855 894/894/894 902/902/902
f 910/910/910 878/878/878 856/856/856
f 910/910/910 856/856/856 903/903/903
f 911/911/911 903/903/903 909/909/909
f 822/822/822 905/905/905 908/908/908
f 822/822/822 908/908/908 827/827/827
f 906/906/906 904/904/904 851/851/851
f 903/903/903 911/911/911 912/912/912
f 827/827/827 908/908/908 913/913/913
f 914/914/914 915/915/915 902/902/902
f 902/902/902 915/915/915 855/855/855
f 916/916/916 917/917/917 907/907/907
f 906/906/906 909/909/909 904/904/904
f 908/908/908 907/907/907 917/917/917
f 917/917/917 913/913/913 908/908/908
f 912/912/912 910/910/910 903/903/903
f 915/915/915 914/914/914 886/886/886
f 812/812/812 844/844/844 843/843/843
f 912/912/912 918/918/918 910/910/910
f 901/901/901 857/857/857 919/919/919
f 919/919/919 920/920/920 901/901/901
f 895/895/895 845/845/845 827/827/827
f 814/814/814 844/844/844 812/812/812
f 913/913/913 917/917/917 921/921/921
f 882/882/882 879/879/879 922/922/922
f 899/899/899 895/895/895 913/913/913
f 921/921/921 899/899/899 913/913/913
f 922/922/922 923/923/923 882/882/882
f 827/827/827 913/913/913 895/895/895
f 915/915/915 924/924/924 855/855/855
f 925/925/925 923/923/923 922/922/922
f 910/910/910 893/893/893 878/878/878
f 874/874/874 878/878/878 893/893/893
f 815/815/815 924/924/924 915/915/915
f 866/866/866 867/867/867 926/926/926
f 901/901/901 920/920/920 927/927/927
f 927/927/927 902/902/902 901/901/901
f 813/813/813 846/846/846 814/814/814
f 914/914/914 902/902/902 927/927/927
f 926/926/926 867/867/867 880/880/880
f 927/927/927 920/920/920 928/928/928
f 813/813/813 875/875/875 846/846/846
f 818/818/818 915/915/915 886/886/886
f 880/880/880 876/876/876 881/881/881
f 818/818/818 815/815/815 915/915/915
f 823/823/823 818/818/818 886/886/886
f 823/823/823 821/821/821 818/818/818
f 819/819/819 821/821/821 823/823/823
f 865/865/865 866/866/866 890/890/890
f 886/886/886 884/884/884 823/823/823
f 927/927/927 887/887/887 914/914/914
f 927/927/927 929/929/929 887/887/887
f 866/866/866 926/926/926 890/890/890
f 883/883/883 823/823/823 884/884/884
f 822/822/822 823/823/823 883/883/883
f 887/887/887 886/886/886 914/914/914
f 929/929/929 927/927/927 928/928/928
f 890/890/890 930/930/930 888/888/888
f 931/931/931 836/836/836 852/852/852
f 864/864/864 881/881/881 875/875/875
f 881/881/881 926/926/926 880/880/880
f 881/881/881 864/864/864 870/870/870
f 932/932/932 890/890/890 926/926/926
f 932/932/932 926/926/926 933/933/933
f 934/934/934 890/890/890 932/932/932
f 852/852/852 924/924/924 817/817/817
f 855/855/855 924/924/924 852/852/852
f 933/933/933 926/926/926 881/881/881
f 933/933/933 881/881/881 870/870/870
f 852/852/852 817/817/817 931/931/931
f 815/815/815 817/817/817 924/924/924
f 933/933/933 870/870/870 935/935/935
f 935/935/935 870/870/870 869/869/869
f 850/850/850 931/931/931 817/817/817
f 936/936/936 935/935/935 869/869/869
f 936/936/936 869/869/869 892/892/892
f 937/937/937 938/938/938 939/939/939
f 940/940/940 860/860/860 941/941/941
f 860/860/860 940/940/940 942/942/942
f 939/939/939 938/938/938 943/943/943
f 944/944/944 939/939/939 943/943/943
f 945/945/945 946/946/946 947/947/947
f 946/946/946 945/945/945 824/824/824
f 948/948/948 947/947/947 949/949/949
f 945/945/945 947/947/947 948/948/948
f 950/950/950 135/135/135 951/951/951
f 952/952/952 944/944/944 943/943/943
f 953/953/953 937/937/937 939/939/939
f 953/953/953 939/939/939 954/954/954
f 824/824/824 955/955/955 946/946/946
f 955/955/955 824/824/824 826/826/826
f 956/956/956 957/957/957 958/958/958
f 828/828/828 824/824/824 945/945/945
f 828/828/828 945/945/945 959/959/959
f 960/960/960 957/957/957 956/956/956
f 961/961/961 960/960/960 956/956/956
f 962/962/962 155/155/155 166/166/166
f 963/963/963 964/964/964 950/950/950
f 965/965/965 835/835/835 966/966/966
f 835/835/835 965/965/965 860/860/860
f 958/958/958 964/964/964 963/963/963
f 967/967/967 165/165/165 135/135/135
f 968/968/968 969/969/969 970/970/970
f 968/968/968 970/970/970 971/971/971
f 966/966/966 971/971/971 972/972/972
f 967/967/967 166/166/166 165/165/165
f 962/962/962 166/166/166 967/967/967
f 971/971/971 973/973/973 972/972/972
f 950/950/950 974/974/974 967/967/967
f 975/975/975 976/976/976 977/977/977
f 950/950/950 967/967/967 135/135/135
f 834/834/834 971/971/971 966/966/966
f 834/834/834 966/966/966 835/835/835
f 974/974/974 962/962/962 967/967/967
f 978/978/978 975/975/975 977/977/977
f 155/155/155 183/183/183 148/148/148
f 970/970/970 973/973/973 971/971/971
f 971/971/971 834/834/834 836/836/836
f 979/979/979 975/975/975 978/978/978
f 183/183/183 155/155/155 181/181/181
f 968/968/968 971/971/971 980/980/980
f 980/980/980 971/971/971 836/836/836
f 981/981/981 155/155/155 962/962/962
f 853/853/853 982/982/982 839/839/839
f 983/983/983 125/125/125 984/984/984
f 985/985/985 125/125/125 983/983/983
f 860/860/860 833/833/833 835/835/835
f 181/181/181 155/155/155 981/981/981
f 110/110/110 113/113/113 164/164/164
f 858/858/858 860/860/860 942/942/942
f 858/858/858 942/942/942 859/859/859
f 986/986/986 181/181/181 981/981/981
f 987/987/987 986/986/986 981/981/981
f 988/988/988 982/982/982 853/853/853
f 861/861/861 988/988/988 853/853/853
f 984/984/984 109/109/109 110/110/110
f 861/861/861 865/865/865 988/988/988
f 125/125/125 109/109/109 984/984/984
f 974/974/974 989/989/989 962/962/962
f 110/110/110 164/164/164 990/990/990
f 974/974/974 964/964/964 991/991/991
f 974/974/974 950/950/950 964/964/964
f 992/992/992 110/110/110 990/990/990
f 991/991/991 989/989/989 974/974/974
f 991/991/991 993/993/993 989/989/989
f 989/989/989 981/981/981 962/962/962
f 889/889/889 988/988/988 865/865/865
f 987/987/987 981/981/981 989/989/989
f 119/119/119 125/125/125 985/985/985
f 994/994/994 995/995/995 996/996/996
f 996/996/996 997/997/997 994/994/994
f 998/998/998 999/999/999 1000/1000/1000
f 1001/1001/1001 1000/1000/1000 999/999/999
f 989/989/989 1002/1002/1002 987/987/987
f 1003/1003/1003 987/987/987 1002/1002/1002
f 1002/1002/1002 1004/1004/1004 1003/1003/1003
f 1005/1005/1005 189/189/189 188/188/188
f 119/119/119 985/985/985 1006/1006/1006
f 1007/1007/1007 994/994/994 1008/1008/1008
f 1008/1008/1008 994/994/994 997/997/997
f 1009/1009/1009 1008/1008/1008 997/997/997
f 1005/1005/1005 1010/1010/1010 189/189/189
f 1005/1005/1005 1011/1011/1011 1010/1010/1010
f 1012/1012/1012 1007/1007/1007 1008/1008/1008
f 1013/1013/1013 1010/1010/1010 1011/1011/1011
f 1014/1014/1014 1010/1010/1010 1013/1013/1013
f 119/119/119 951/951/951 135/135/135
f 951/951/951 119/119/119 1006/1006/1006
f 1015/1015/1015 1008/1008/1008 1009/1009/1009
f 1015/1015/1015 1012/1012/1012 1008/1008/1008
f 983/983/983 984/984/984 1016/1016/1016
f 1017/1017/1017 1015/1015/1015 1009/1009/1009
f 986/986/986 182/182/182 181/181/181
f 998/998/998 952/952/952 1018/1018/1018
f 986/986/986 1019/1019/1019 182/182/182
f 1005/1005/1005 200/200/200 182/182/182
f 1020/1020/1020 983/983/983 1016/1016/1016
f 1005/1005/1005 188/188/188 200/200/200
f 1019/1019/1019 1005/1005/1005 182/182/182
f 1021/1021/1021 1007/1007/1007 1012/1012/1012
f 1022/1022/1022 1021/1021/1021 1023/1023/1023
f 1024/1024/1024 992/992/992 990/990/990
f 1005/1005/1005 1019/1019/1019 1011/1011/1011
f 1025/1025/1025 1021/1021/1021 1012/1012/1012
f 984/984/984 110/110/110 992/992/992
f 1012/1012/1012 1026/1026/1026 1025/1025/1025
f 1025/1025/1025 1023/1023/1023 1021/1021/1021
f 992/992/992 1016/1016/1016 984/984/984
f 1027/1027/1027 1016/1016/1016 992/992/992
f 986/986/986 1003/1003/1003 1019/1019/1019
f 1003/1003/1003 986/986/986 987/987/987
f 1028/1028/1028 1019/1019/1019 1003/1003/1003
f 1027/1027/1027 1024/1024/1024 1029/1029/1029
f 1027/1027/1027 992/992/992 1024/1024/1024
f 944/944/944 1030/1030/1030 1031/1031/1031
f 1028/1028/1028 1011/1011/1011 1019/1019/1019
f 939/939/939 1031/1031/1031 954/954/954
f 1031/1031/1031 939/939/939 944/944/944
f 1028/1028/1028 1003/1003/1003 1004/1004/1004
f 1028/1028/1028 1004/1004/1004 1032/1032/1032
f 1033/1033/1033 1034/1034/1034 1035/1035/1035
f 1036/1036/1036 1034/1034/1034 1033/1033/1033
f 1020/1020/1020 1016/1016/1016 1027/1027/1027
f 1035/1035/1035 1023/1023/1023 1033/1033/1033
f 1028/1028/1028 1032/1032/1032 1013/1013/1013
f 1037/1037/1037 1013/1013/1013 1032/1032/1032
f 1038/1038/1038 1006/1006/1006 985/985/985
f 1011/1011/1011 1028/1028/1028 1013/1013/1013
f 1033/1033/1033 1023/1023/1023 1039/1039/1039
f 1038/1038/1038 951/951/951 1006/1006/1006
f 1033/1033/1033 1039/1039/1039 1040/1040/1040
f 1038/1038/1038 985/985/985 983/983/983
f 1026/1026/1026 1012/1012/1012 1015/1015/1015
f 1013/1013/1013 1041/1041/1041 1014/1014/1014
f 1041/1041/1041 1013/1013/1013 1042/1042/1042
f 982/982/982 1026/1026/1026 1015/1015/1015
f 951/951/951 1038/1038/1038 963/963/963
f 991/991/991 964/964/964 958/958/958
f 1043/1043/1043 1025/1025/1025 1026/1026/1026
f 1044/1044/1044 983/983/983 1020/1020/1020
f 983/983/983 1044/1044/1044 1038/1038/1038
f 1043/1043/1043 1026/1026/1026 982/982/982
f 1045/1045/1045 993/993/993 991/991/991
f 982/982/982 988/988/988 1043/1043/1043
f 1046/1046/1046 1045/1045/1045 991/991/991
f 1023/1023/1023 1025/1025/1025 1039/1039/1039
f 1039/1039/1039 1025/1025/1025 1043/1043/1043
f 1047/1047/1047 1040/1040/1040 1039/1039/1039
f 963/963/963 950/950/950 951/951/951
f 991/991/991 958/958/958 1048/1048/1048
f 1046/1046/1046 991/991/991 1048/1048/1048
f 1047/1047/1047 1039/1039/1039 1043/1043/1043
f 1040/1040/1040 1049/1049/1049 1033/1033/1033
f 1050/1050/1050 1045/1045/1045 1046/1046/1046
f 988/988/988 889/889/889 1043/1043/1043
f 989/989/989 993/993/993 1002/1002/1002
f 1047/1047/1047 1043/1043/1043 889/889/889
f 891/891/891 1047/1047/1047 889/889/889
f 1051/1051/1051 1002/1002/1002 993/993/993
f 161/161/161 172/172/172 164/164/164
f 1051/1051/1051 1004/1004/1004 1002/1002/1002
f 1052/1052/1052 1053/1053/1053 995/995/995
f 1053/1053/1053 1052/1052/1052 969/969/969
f 1051/1051/1051 993/993/993 1054/1054/1054
f 1054/1054/1054 1055/1055/1055 1051/1051/1051
f 968/968/968 1053/1053/1053 969/969/969
f 1056/1056/1056 990/990/990 164/164/164
f 1053/1053/1053 996/996/996 995/995/995
f 172/172/172 1057/1057/1057 164/164/164
f 172/172/172 976/976/976 1057/1057/1057
f 996/996/996 1053/1053/1053 997/997/997
f 1056/1056/1056 164/164/164 1057/1057/1057
f 993/993/993 1045/1045/1045 1058/1058/1058
f 1050/1050/1050 1058/1058/1058 1045/1045/1045
f 1054/1054/1054 993/993/993 1058/1058/1058
f 1053/1053/1053 968/968/968 997/997/997
f 1059/1059/1059 1054/1054/1054 1058/1058/1058
f 980/980/980 997/997/997 968/968/968
f 957/957/957 1060/1060/1060 1048/1048/1048
f 957/957/957 1048/1048/1048 958/958/958
f 172/172/172 174/174/174 1061/1061/1061
f 957/957/957 960/960/960 1060/1060/1060
f 1060/1060/1060 1050/1050/1050 1046/1046/1046
f 1046/1046/1046 1048/1048/1048 1060/1060/1060
f 1061/1061/1061 976/976/976 172/172/172
f 1061/1061/1061 977/977/977 976/976/976
f 980/980/980 830/830/830 997/997/997
f 1024/1024/1024 990/990/990 1056/1056/1056
f 931/931/931 980/980/980 836/836/836
f 997/997/997 830/830/830 1009/1009/1009
f 960/960/960 1001/1001/1001 1060/1060/1060
f 1062/1062/1062 1056/1056/1056 1057/1057/1057
f 1001/1001/1001 999/999/999 1060/1060/1060
f 975/975/975 1062/1062/1062 1057/1057/1057
f 1063/1063/1063 1054/1054/1054 1059/1059/1059
f 1056/1056/1056 1062/1062/1062 1029/1029/1029
f 1029/1029/1029 1024/1024/1024 1056/1056/1056
f 830/830/830 980/980/980 850/850/850
f 831/831/831 830/830/830 850/850/850
f 1018/1018/1018 1063/1063/1063 1059/1059/1059
f 1064/1064/1064 1058/1058/1058 1050/1050/1050
f 1064/1064/1064 1050/1050/1050 1060/1060/1060
f 1064/1064/1064 1059/1059/1059 1058/1058/1058
f 1029/1029/1029 1062/1062/1062 1065/1065/1065
f 850/850/850 980/980/980 931/931/931
f 1057/1057/1057 976/976/976 975/975/975
f 1064/1064/1064 999/999/999 1059/1059/1059
f 1062/1062/1062 975/975/975 979/979/979
f 1066/1066/1066 1062/1062/1062 979/979/979
f 1060/1060/1060 999/999/999 1064/1064/1064
f 830/830/830 1017/1017/1017 1009/1009/1009
f 1066/1066/1066 979/979/979 978/978/978
f 1044/1044/1044 1020/1020/1020 1067/1067/1067
f 999/999/999 1018/1018/1018 1059/1059/1059
f 1027/1027/1027 1068/1068/1068 1069/1069/1069
f 982/982/982 1015/1015/1015 1017/1017/1017
f 830/830/830 839/839/839 1017/1017/1017
f 839/839/839 830/830/830 829/829/829
f 1018/1018/1018 999/999/999 998/998/998
f 1068/1068/1068 1027/1027/1027 1029/1029/1029
f 839/839/839 982/982/982 1017/1017/1017
f 1055/1055/1055 1004/1004/1004 1051/1051/1051
f 1020/1020/1020 1027/1027/1027 1069/1069/1069
f 1067/1067/1067 1020/1020/1020 1070/1070/1070
f 1032/1032/1032 1004/1004/1004 1055/1055/1055
f 1037/1037/1037 1032/1032/1032 1055/1055/1055
f 1071/1071/1071 1069/1069/1069 1068/1068/1068
f 1069/1069/1069 1070/1070/1070 1020/1020/1020
f 1072/1072/1072 1067/1067/1067 1070/1070/1070
f 1073/1073/1073 1037/1037/1037 1055/1055/1055
f 1067/1067/1067 1072/1072/1072 1074/1074/1074
f 1070/1070/1070 1069/1069/1069 1071/1071/1071
f 1044/1044/1044 1075/1075/1075 1038/1038/1038
f 1037/1037/1037 1076/1076/1076 1013/1013/1013
f 1044/1044/1044 1067/1067/1067 1075/1075/1075
f 1076/1076/1076 1042/1042/1042 1013/1013/1013
f 1076/1076/1076 1077/1077/1077 1042/1042/1042
f 1038/1038/1038 1075/1075/1075 963/963/963
f 1073/1073/1073 1078/1078/1078 1037/1037/1037
f 938/938/938 1078/1078/1078 1073/1073/1073
f 938/938/938 937/937/937 1078/1078/1078
f 1078/1078/1078 1076/1076/1076 1037/1037/1037
f 1076/1076/1076 1078/1078/1078 1077/1077/1077
f 1075/1075/1075 1067/1067/1067 1074/1074/1074
f 953/953/953 1077/1077/1077 1078/1078/1078
f 937/937/937 953/953/953 1078/1078/1078
f 1079/1079/1079 1054/1054/1054 1063/1063/1063
f 1073/1073/1073 1055/1055/1055 1054/1054/1054
f 1079/1079/1079 1073/1073/1073 1054/1054/1054
f 1080/1080/1080 963/963/963 1075/1075/1075
f 1080/1080/1080 958/958/958 963/963/963
f 1063/1063/1063 1018/1018/1018 1079/1079/1079
f 938/938/938 1073/1073/1073 1079/1079/1079
f 943/943/943 938/938/938 1079/1079/1079
f 1071/1071/1071 1072/1072/1072 1070/1070/1070
f 1081/1081/1081 1072/1072/1072 1082/1082/1082
f 1072/1072/1072 1071/1071/1071 1082/1082/1082
f 1018/1018/1018 943/943/943 1079/1079/1079
f 972/972/972 1083/1083/1083 965/965/965
f 965/965/965 941/941/941 860/860/860
f 943/943/943 1018/1018/1018 952/952/952
f 966/966/966 972/972/972 965/965/965
f 1074/1074/1074 1080/1080/1080 1075/1075/1075
f 1074/1074/1074 956/956/956 1080/1080/1080
f 956/956/956 958/958/958 1080/1080/1080
f 972/972/972 973/973/973 1084/1084/1084
f 973/973/973 970/970/970 1084/1084/1084
f 1074/1074/1074 961/961/961 956/956/956
f 970/970/970 969/969/969 1084/1084/1084
f 1085/1085/1085 1074/1074/1074 1072/1072/1072
f 1065/1065/1065 1068/1068/1068 1029/1029/1029
f 1065/1065/1065 1062/1062/1062 1066/1066/1066
f 1086/1086/1086 1068/1068/1068 1065/1065/1065
f 1087/1087/1087 1071/1071/1071 1068/1068/1068
f 1087/1087/1087 1068/1068/1068 1086/1086/1086
f 1086/1086/1086 1065/1065/1065 1088/1088/1088
f 1065/1065/1065 1066/1066/1066 1088/1088/1088
f 947/947/947 1088/1088/1088 1066/1066/1066
f 949/949/949 947/947/947 1066/1066/1066
f 949/949/949 1066/1066/1066 1089/1089/1089
f 940/940/940 1090/1090/1090 1091/1091/1091
f 941/941/941 1090/1090/1090 940/940/940
f 1086/1086/1086 1088/1088/1088 947/947/947
f 1086/1086/1086 947/947/947 946/946/946
f 955/955/955 1086/1086/1086 946/946/946
f 1071/1071/1071 1087/1087/1087 1082/1082/1082
f 942/942/942 940/940/940 1091/1091/1091
f 1092/1092/1092 909/909/909 1093/1093/1093
f 909/909/909 1092/1092/1092 911/911/911
f 1094/1094/1094 1095/1095/1095 1096/1096/1096
f 1097/1097/1097 1098/1098/1098 1099/1099/1099
f 1100/1100/1100 1098/1098/1098 1097/1097/1097
f 1101/1101/1101 1102/1102/1102 1092/1092/1092
f 1100/1100/1100 1097/1097/1097 1103/1103/1103
f 1094/1094/1094 1096/1096/1096 1104/1104/1104
f 828/828/828 959/959/959 877/877/877
f 1103/1103/1103 1097/1097/1097 1105/1105/1105
f 911/911/911 1092/1092/1092 1102/1102/1102
f 1104/1104/1104 1096/1096/1096 1106/1106/1106
f 959/959/959 1107/1107/1107 1108/1108/1108
f 1109/1109/1109 1110/1110/1110 1111/1111/1111
f 1106/1106/1106 1112/1112/1112 1104/1104/1104
f 1092/1092/1092 1113/1113/1113 1101/1101/1101
f 1114/1114/1114 877/877/877 959/959/959
f 1114/1114/1114 959/959/959 1108/1108/1108
f 1114/1114/1114 879/879/879 877/877/877
f 1115/1115/1115 1101/1101/1101 1116/1116/1116
f 1115/1115/1115 1102/1102/1102 1101/1101/1101
f 1108/1108/1108 1117/1117/1117 1114/1114/1114
f 1117/1117/1117 1108/1108/1108 1118/1118/1118
f 1119/1119/1119 1100/1100/1100 1103/1103/1103
f 1120/1120/1120 1121/1121/1121 1122/1122/1122
f 1123/1123/1123 1124/1124/1124 1125/1125/1125
f 1120/1120/1120 1126/1126/1126 1127/1127/1127
f 1126/1126/1126 1120/1120/1120 1128/1128/1128
f 1129/1129/1129 1109/1109/1109 1130/1130/1130
f 1131/1131/1131 1132/1132/1132 1133/1133/1133
f 1123/1123/1123 1132/1132/1132 1131/1131/1131
f 1134/1134/1134 1126/1126/1126 1128/1128/1128
f 1122/1122/1122 1121/1121/1121 1135/1135/1135
f 1114/1114/1114 1117/1117/1117 1136/1136/1136
f 1120/1120/1120 1122/1122/1122 1137/1137/1137
f 1124/1124/1124 1123/1123/1123 1138/1138/1138
f 1122/1122/1122 1135/1135/1135 1137/1137/1137
f 1130/1130/1130 1109/1109/1109 1111/1111/1111
f 1139/1139/1139 1124/1124/1124 1138/1138/1138
f 1140/1140/1140 1124/1124/1124 1139/1139/1139
f 1136/1136/1136 922/922/922 879/879/879
f 1114/1114/1114 1136/1136/1136 879/879/879
f 1138/1138/1138 1123/1123/1123 1131/1131/1131
f 1117/1117/1117 1118/1118/1118 1141/1141/1141
f 1116/1116/1116 1134/1134/1134 1128/1128/1128
f 1136/1136/1136 1142/1142/1142 922/922/922
f 1128/1128/1128 1120/1120/1120 1143/1143/1143
f 1133/1133/1133 1094/1094/1094 1144/1144/1144
f 1145/1145/1145 1146/1146/1146 1147/1147/1147
f 1143/1143/1143 1120/1120/1120 1137/1137/1137
f 1141/1141/1141 1146/1146/1146 1145/1145/1145
f 1148/1148/1148 922/922/922 1142/1142/1142
f 1141/1141/1141 1118/1118/1118 1146/1146/1146
f 1128/1128/1128 1143/1143/1143 1149/1149/1149
f 1150/1150/1150 1141/1141/1141 1145/1145/1145
f 1144/1144/1144 1094/1094/1094 1112/1112/1112
f 1112/1112/1112 1094/1094/1094 1104/1104/1104
f 922/922/922 1148/1148/1148 925/925/925
f 1151/1151/1151 925/925/925 1148/1148/1148
f 1116/1116/1116 1128/1128/1128 1149/1149/1149
f 1152/1152/1152 1144/1144/1144 1112/1112/1112
f 1148/1148/1148 1142/1142/1142 1153/1153/1153
f 1153/1153/1153 1142/1142/1142 1154/1154/1154
f 1155/1155/1155 1156/1156/1156 1157/1157/1157
f 1157/1157/1157 1156/1156/1156 1158/1158/1158
f 1117/1117/1117 1159/1159/1159 1136/1136/1136
f 1117/1117/1117 1141/1141/1141 1150/1150/1150
f 1143/1143/1143 1160/1160/1160 1149/1149/1149
f 1161/1161/1161 1162/1162/1162 1163/1163/1163
f 1164/1164/1164 1163/1163/1163 1165/1165/1165
f 1117/1117/1117 1150/1150/1150 1159/1159/1159
f 1166/1166/1166 1158/1158/1158 1167/1167/1167
f 1168/1168/1168 1166/1166/1166 1167/1167/1167
f 1168/1168/1168 1167/1167/1167 1169/1169/1169
f 1148/1148/1148 1153/1153/1153 1151/1151/1151
f 1156/1156/1156 1170/1170/1170 1171/1171/1171
f 1154/1154/1154 1142/1142/1142 1136/1136/1136
f 1159/1159/1159 1154/1154/1154 1136/1136/1136
f 912/912/912 911/911/911 1102/1102/1102
f 1172/1172/1172 1156/1156/1156 1171/1171/1171
f 1172/1172/1172 1173/1173/1173 1156/1156/1156
f 1138/1138/1138 1174/1174/1174 1139/1139/1139
f 1175/1175/1175 1154/1154/1154 1159/1159/1159
f 1140/1140/1140 1172/1172/1172 1171/1171/1171
f 1174/1174/1174 1131/1131/1131 1176/1176/1176
f 1177/1177/1177 1153/1153/1153 1178/1178/1178
f 1151/1151/1151 1153/1153/1153 1177/1177/1177
f 1172/1172/1172 1140/1140/1140 1179/1179/1179
f 1151/1151/1151 1177/1177/1177 1180/1180/1180
f 1181/1181/1181 1182/1182/1182 1174/1174/1174
f 1174/1174/1174 1183/1183/1183 1181/1181/1181
f 1169/1169/1169 1167/1167/1167 1184/1184/1184
f 1172/1172/1172 1179/1179/1179 1173/1173/1173
f 1185/1185/1185 887/887/887 929/929/929
f 896/896/896 887/887/887 1185/1185/1185
f 1179/1179/1179 1186/1186/1186 1187/1187/1187
f 1186/1186/1186 1179/1179/1179 1182/1182/1182
f 1188/1188/1188 1178/1178/1178 1154/1154/1154
f 1188/1188/1188 1154/1154/1154 1175/1175/1175
f 1189/1189/1189 1175/1175/1175 1159/1159/1159
f 1153/1153/1153 1154/1154/1154 1178/1178/1178
f 1135/1135/1135 1121/1121/1121 1190/1190/1190
f 1191/1191/1191 1188/1188/1188 1175/1175/1175
f 1182/1182/1182 1181/1181/1181 1186/1186/1186
f 1189/1189/1189 1191/1191/1191 1175/1175/1175
f 1178/1178/1178 1188/1188/1188 1191/1191/1191
f 1177/1177/1177 1178/1178/1178 1192/1192/1192
f 1182/1182/1182 1140/1140/1140 1139/1139/1139
f 1139/1139/1139 1174/1174/1174 1182/1182/1182
f 1179/1179/1179 1140/1140/1140 1182/1182/1182
f 1145/1145/1145 1147/1147/1147 1193/1193/1193
f 1194/1194/1194 1176/1176/1176 1195/1195/1195
f 1174/1174/1174 1176/1176/1176 1183/1183/1183
f 1196/1196/1196 1145/1145/1145 1193/1193/1193
f 1187/1187/1187 1186/1186/1186 1181/1181/1181
f 1183/1183/1183 1176/1176/1176 1194/1194/1194
f 1177/1177/1177 1192/1192/1192 1197/1197/1197
f 1198/1198/1198 1194/1194/1194 1195/1195/1195
f 1196/1196/1196 1193/1193/1193 1199/1199/1199
f 1196/1196/1196 1199/1199/1199 1200/1200/1200
f 1201/1201/1201 1202/1202/1202 1203/1203/1203
f 1204/1204/1204 1180/1180/1180 1177/1177/1177
f 1205/1205/1205 1183/1183/1183 1194/1194/1194
f 1205/1205/1205 1194/1194/1194 1198/1198/1198
f 1206/1206/1206 1201/1201/1201 1203/1203/1203
f 1196/1196/1196 1200/1200/1200 1207/1207/1207
f 1208/1208/1208 1181/1181/1181 1183/1183/1183
f 907/907/907 898/898/898 1209/1209/1209
f 1206/1206/1206 1203/1203/1203 1210/1210/1210
f 1207/1207/1207 1200/1200/1200 1211/1211/1211
f 1205/1205/1205 1212/1212/1212 1183/1183/1183
f 1208/1208/1208 1183/1183/1183 1212/1212/1212
f 1209/1209/1209 916/916/916 907/907/907
f 1177/1177/1177 1197/1197/1197 1204/1204/1204
f 1206/1206/1206 1210/1210/1210 1213/1213/1213
f 1214/1214/1214 1207/1207/1207 1211/1211/1211
f 1214/1214/1214 1211/1211/1211 1202/1202/1202
f 1197/1197/1197 1215/1215/1215 1204/1204/1204
f 1216/1216/1216 1213/1213/1213 1217/1217/1217
f 1218/1218/1218 1205/1205/1205 1198/1198/1198
f 898/898/898 896/896/896 1209/1209/1209
f 1190/1190/1190 1219/1219/1219 1135/1135/1135
f 1220/1220/1220 1219/1219/1219 1190/1190/1190
f 1145/1145/1145 1221/1221/1221 1150/1150/1150
f 1192/1192/1192 1178/1178/1178 1222/1222/1222
f 1137/1137/1137 1135/1135/1135 1219/1219/1219
f 1223/1223/1223 1150/1150/1150 1221/1221/1221
f 1224/1224/1224 1214/1214/1214 1201/1201/1201
f 1219/1219/1219 1225/1225/1225 1137/1137/1137
f 1226/1226/1226 1197/1197/1197 1192/1192/1192
f 1226/1226/1226 1192/1192/1192 1222/1222/1222
f 1221/1221/1221 1145/1145/1145 1196/1196/1196
f 1137/1137/1137 1225/1225/1225 1227/1227/1227
f 1220/1220/1220 1228/1228/1228 1219/1219/1219
f 1229/1229/1229 1224/1224/1224 1201/1201/1201
f 1230/1230/1230 1221/1221/1221 1196/1196/1196
f 1226/1226/1226 1222/1222/1222 1231/1231/1231
f 1222/1222/1222 1232/1232/1232 1231/1231/1231
f 1233/1233/1233 1232/1232/1232 1222/1222/1222
f 1224/1224/1224 1229/1229/1229 1234/1234/1234
f 1219/1219/1219 1228/1228/1228 1225/1225/1225
f 1227/1227/1227 1225/1225/1225 1228/1228/1228
f 1226/1226/1226 1231/1231/1231 1235/1235/1235
f 1221/1221/1221 1230/1230/1230 1223/1223/1223
f 1236/1236/1236 1223/1223/1223 1230/1230/1230
f 1215/1215/1215 1197/1197/1197 1226/1226/1226
f 1150/1150/1150 1223/1223/1223 1159/1159/1159
f 1206/1206/1206 1229/1229/1229 1201/1201/1201
f 1237/1237/1237 1137/1137/1137 1227/1227/1227
f 1223/1223/1223 1238/1238/1238 1159/1159/1159
f 1160/1160/1160 1143/1143/1143 1237/1237/1237
f 1137/1137/1137 1237/1237/1237 1143/1143/1143
f 1231/1231/1231 1125/1125/1125 1235/1235/1235
f 1234/1234/1234 1229/1229/1229 1239/1239/1239
f 1238/1238/1238 1189/1189/1189 1159/1159/1159
f 1240/1240/1240 1227/1227/1227 1241/1241/1241
f 1242/1242/1242 1229/1229/1229 1206/1206/1206
f 1243/1243/1243 916/916/916 1209/1209/1209
f 1106/1106/1106 1244/1244/1244 1234/1234/1234
f 1240/1240/1240 1237/1237/1237 1227/1227/1227
f 1245/1245/1245 1189/1189/1189 1238/1238/1238
f 1241/1241/1241 1246/1246/1246 1240/1240/1240
f 1106/1106/1106 1234/1234/1234 1247/1247/1247
f 1191/1191/1191 1189/1189/1189 1245/1245/1245
f 1247/1247/1247 1112/1112/1112 1106/1106/1106
f 1191/1191/1191 1245/1245/1245 1248/1248/1248
f 1223/1223/1223 1236/1236/1236 1238/1238/1238
f 1242/1242/1242 1206/1206/1206 1249/1249/1249
f 1243/1243/1243 1250/1250/1250 916/916/916
f 1239/1239/1239 1229/1229/1229 1242/1242/1242
f 1245/1245/1245 1238/1238/1238 1236/1236/1236
f 1251/1251/1251 1252/1252/1252 1253/1253/1253
f 1254/1254/1254 1253/1253/1253 1252/1252/1252
f 1095/1095/1095 1245/1245/1245 1096/1096/1096
f 1250/1250/1250 921/921/921 916/916/916
f 1228/1228/1228 1251/1251/1251 1227/1227/1227
f 1228/1228/1228 1252/1252/1252 1251/1251/1251
f 1234/1234/1234 1239/1239/1239 1247/1247/1247
f 916/916/916 921/921/921 917/917/917
f 1196/1196/1196 1207/1207/1207 1230/1230/1230
f 1227/1227/1227 1251/1251/1251 1241/1241/1241
f 1255/1255/1255 1112/1112/1112 1247/1247/1247
f 1162/1162/1162 921/921/921 1250/1250/1250
f 1236/1236/1236 1230/1230/1230 1256/1256/1256
f 1230/1230/1230 1207/1207/1207 1256/1256/1256
f 1162/1162/1162 1250/1250/1250 1257/1257/1257
f 1258/1258/1258 1247/1247/1247 1239/1239/1239
f 1215/1215/1215 1226/1226/1226 1259/1259/1259
f 1235/1235/1235 1259/1259/1259 1226/1226/1226
f 1241/1241/1241 1251/1251/1251 1253/1253/1253
f 1235/1235/1235 1170/1170/1170 1259/1259/1259
f 1255/1255/1255 1152/1152/1152 1112/1112/1112
f 1256/1256/1256 1207/1207/1207 1214/1214/1214
f 1260/1260/1260 1261/1261/1261 1253/1253/1253
f 1241/1241/1241 1253/1253/1253 1246/1246/1246
f 1253/1253/1253 1262/1262/1262 1246/1246/1246
f 1262/1262/1262 1253/1253/1253 1261/1261/1261
f 1231/1231/1231 1232/1232/1232 1132/1132/1132
f 1263/1263/1263 1258/1258/1258 1239/1239/1239
f 1239/1239/1239 1242/1242/1242 1264/1264/1264
f 1239/1239/1239 1264/1264/1264 1263/1263/1263
f 1258/1258/1258 1255/1255/1255 1247/1247/1247
f 1265/1265/1265 1255/1255/1255 1258/1258/1258
f 1198/1198/1198 1265/1265/1265 1266/1266/1266
f 1174/1174/1174 1138/1138/1138 1131/1131/1131
f 1258/1258/1258 1267/1267/1267 1265/1265/1265
f 1195/1195/1195 1133/1133/1133 1144/1144/1144
f 1131/1131/1131 1133/1133/1133 1195/1195/1195
f 1206/1206/1206 1213/1213/1213 1249/1249/1249
f 1249/1249/1249 1213/1213/1213 1216/1216/1216
f 1176/1176/1176 1131/1131/1131 1195/1195/1195
f 1214/1214/1214 1202/1202/1202 1201/1201/1201
f 1266/1266/1266 1265/1265/1265 1268/1268/1268
f 1195/1195/1195 1144/1144/1144 1152/1152/1152
f 1268/1268/1268 1265/1265/1265 1267/1267/1267
f 1256/1256/1256 1214/1214/1214 1224/1224/1224
f 1233/1233/1233 1178/1178/1178 1191/1191/1191
f 1222/1222/1222 1178/1178/1178 1233/1233/1233
f 1266/1266/1266 1218/1218/1218 1198/1198/1198
f 1155/1155/1155 1259/1259/1259 1170/1170/1170
f 1266/1266/1266 1268/1268/1268 1269/1269/1269
f 1270/1270/1270 1268/1268/1268 1267/1267/1267
f 1242/1242/1242 1249/1249/1249 1264/1264/1264
f 1235/1235/1235 1125/1125/1125 1170/1170/1170
f 1269/1269/1269 1268/1268/1268 1270/1270/1270
f 1198/1198/1198 1195/1195/1195 1152/1152/1152
f 1231/1231/1231 1123/1123/1123 1125/1125/1125
f 1152/1152/1152 1255/1255/1255 1265/1265/1265
f 1198/1198/1198 1152/1152/1152 1265/1265/1265
f 1264/1264/1264 1249/1249/1249 1271/1271/1271
f 921/921/921 1161/1161/1161 899/899/899
f 1270/1270/1270 1272/1272/1272 1269/1269/1269
f 1273/1273/1273 900/900/900 899/899/899
f 1264/1264/1264 1271/1271/1271 1263/1263/1263
f 1164/1164/1164 1273/1273/1273 1161/1161/1161
f 1161/1161/1161 1273/1273/1273 899/899/899
f 1266/1266/1266 1274/1274/1274 1218/1218/1218
f 1275/1275/1275 1276/1276/1276 1277/1277/1277
f 1266/1266/1266 1269/1269/1269 1278/1278/1278
f 1155/1155/1155 1170/1170/1170 1156/1156/1156
f 1278/1278/1278 1274/1274/1274 1266/1266/1266
f 921/921/921 1162/1162/1162 1161/1161/1161
f 1171/1171/1171 1170/1170/1170 1125/1125/1125
f 1164/1164/1164 1161/1161/1161 1163/1163/1163
f 1279/1279/1279 1260/1260/1260 1280/1280/1280
f 1125/1125/1125 1124/1124/1124 1171/1171/1171
f 1281/1281/1281 1273/1273/1273 1164/1164/1164
f 1269/1269/1269 1272/1272/1272 1278/1278/1278
f 1273/1273/1273 1281/1281/1281 900/900/900
f 1282/1282/1282 1267/1267/1267 1258/1258/1258
f 1258/1258/1258 1263/1263/1263 1282/1282/1282
f 1283/1283/1283 1278/1278/1278 1272/1272/1272
f 1284/1284/1284 1285/1285/1285 1281/1281/1281
f 1124/1124/1124 1140/1140/1140 1171/1171/1171
f 1282/1282/1282 1270/1270/1270 1267/1267/1267
f 1233/1233/1233 1191/1191/1191 1248/1248/1248
f 906/906/906 900/900/900 1286/1286/1286
f 1287/1287/1287 1279/1279/1279 1280/1280/1280
f 1249/1249/1249 1216/1216/1216 1288/1288/1288
f 1281/1281/1281 1286/1286/1286 900/900/900
f 1289/1289/1289 1233/1233/1233 1248/1248/1248
f 1165/1165/1165 1290/1290/1290 1164/1164/1164
f 1249/1249/1249 1288/1288/1288 1271/1271/1271
f 1164/1164/1164 1290/1290/1290 1281/1281/1281
f 1284/1284/1284 1281/1281/1281 1290/1290/1290
f 1291/1291/1291 1292/1292/1292 1293/1293/1293
f 1294/1294/1294 1292/1292/1292 1291/1291/1291
f 1295/1295/1295 1293/1293/1293 1292/1292/1292
f 1248/1248/1248 1245/1245/1245 1095/1095/1095
f 1288/1288/1288 1216/1216/1216 1275/1275/1275
f 1296/1296/1296 1297/1297/1297 1287/1287/1287
f 1289/1289/1289 1248/1248/1248 1095/1095/1095
f 1285/1285/1285 1093/1093/1093 1286/1286/1286
f 909/909/909 1286/1286/1286 1093/1093/1093
f 1297/1297/1297 1279/1279/1279 1287/1287/1287
f 1285/1285/1285 1113/1113/1113 1093/1093/1093
f 1271/1271/1271 1288/1288/1288 1100/1100/1100
f 1288/1288/1288 1275/1275/1275 1098/1098/1098
f 1289/1289/1289 1232/1232/1232 1233/1233/1233
f 1113/1113/1113 1285/1285/1285 1134/1134/1134
f 1132/1132/1132 1232/1232/1232 1289/1289/1289
f 1298/1298/1298 1260/1260/1260 1279/1279/1279
f 1132/1132/1132 1123/1123/1123 1231/1231/1231
f 1113/1113/1113 1134/1134/1134 1101/1101/1101
f 1261/1261/1261 1260/1260/1260 1298/1298/1298
f 1116/1116/1116 1101/1101/1101 1134/1134/1134
f 1100/1100/1100 1288/1288/1288 1098/1098/1098
f 906/906/906 1286/1286/1286 909/909/909
f 1289/1289/1289 1095/1095/1095 1094/1094/1094
f 1298/1298/1298 1279/1279/1279 1297/1297/1297
f 1299/1299/1299 1263/1263/1263 1271/1271/1271
f 1132/1132/1132 1289/1289/1289 1133/1133/1133
f 1133/1133/1133 1289/1289/1289 1094/1094/1094
f 1092/1092/1092 1093/1093/1093 1113/1113/1113
f 1287/1287/1287 1129/1129/1129 1296/1296/1296
f 1119/1119/1119 1283/1283/1283 1272/1272/1272
f 1263/1263/1263 1299/1299/1299 1282/1282/1282
f 1224/1224/1224 1244/1244/1244 1256/1256/1256
f 1129/1129/1129 1130/1130/1130 1296/1296/1296
f 1299/1299/1299 1271/1271/1271 1100/1100/1100
f 1244/1244/1244 1224/1224/1224 1234/1234/1234
f 1299/1299/1299 1100/1100/1100 1119/1119/1119
f 1256/1256/1256 1244/1244/1244 1236/1236/1236
f 1244/1244/1244 1245/1245/1245 1236/1236/1236
f 1282/1282/1282 1299/1299/1299 1272/1272/1272
f 1245/1245/1245 1244/1244/1244 1096/1096/1096
f 1270/1270/1270 1282/1282/1282 1272/1272/1272
f 1119/1119/1119 1272/1272/1272 1299/1299/1299
f 1096/1096/1096 1244/1244/1244 1106/1106/1106
f 354/354/354 359/359/359 1300/1300/1300
f 978/978/978 977/977/977 1061/1061/1061
f 1301/1301/1301 1302/1302/1302 1303/1303/1303
f 1304/1304/1304 1301/1301/1301 1305/1305/1305
f 1061/1061/1061 174/174/174 233/233/233
f 1061/1061/1061 233/233/233 1306/1306/1306
f 1307/1307/1307 1300/1300/1300 359/359/359
f 1306/1306/1306 233/233/233 232/232/232
f 1303/1303/1303 1302/1302/1302 1300/1300/1300
f 1308/1308/1308 1300/1300/1300 1307/1307/1307
f 1309/1309/1309 1307/1307/1307 754/754/754
f 1310/1310/1310 223/223/223 279/279/279
f 1311/1311/1311 1312/1312/1312 301/301/301
f 223/223/223 1310/1310/1310 232/232/232
f 1305/1305/1305 1301/1301/1301 1303/1303/1303
f 1313/1313/1313 1306/1306/1306 232/232/232
f 1300/1300/1300 1308/1308/1308 1303/1303/1303
f 1313/1313/1313 1314/1314/1314 1306/1306/1306
f 301/301/301 1315/1315/1315 1311/1311/1311
f 1313/1313/1313 232/232/232 1310/1310/1310
f 1311/1311/1311 1316/1316/1316 1317/1317/1317
f 1308/1308/1308 1307/1307/1307 1309/1309/1309
f 1305/1305/1305 1303/1303/1303 1308/1308/1308
f 1168/1168/1168 1169/1169/1169 1318/1318/1318
f 1169/1169/1169 1319/1319/1319 1318/1318/1318
f 1314/1314/1314 1061/1061/1061 1306/1306/1306
f 978/978/978 1061/1061/1061 1314/1314/1314
f 1320/1320/1320 1321/1321/1321 1322/1322/1322
f 1323/1323/1323 1305/1305/1305 1308/1308/1308
f 1314/1314/1314 1324/1324/1324 978/978/978
f 1325/1325/1325 1316/1316/1316 1326/1326/1326
f 1316/1316/1316 1311/1311/1311 1326/1326/1326
f 1320/1320/1320 1165/1165/1165 1321/1321/1321
f 1327/1327/1327 1323/1323/1323 1308/1308/1308
f 1320/1320/1320 1290/1290/1290 1165/1165/1165
f 1327/1327/1327 1308/1308/1308 1309/1309/1309
f 1284/1284/1284 1290/1290/1290 1328/1328/1328
f 1329/1329/1329 1330/1330/1330 1324/1324/1324
f 1320/1320/1320 1331/1331/1331 1290/1290/1290
f 1320/1320/1320 1293/1293/1293 1331/1331/1331
f 1293/1293/1293 1320/1320/1320 1322/1322/1322
f 1293/1293/1293 1322/1322/1322 1291/1291/1291
f 1328/1328/1328 1290/1290/1290 1331/1331/1331
f 1325/1325/1325 1332/1332/1332 1316/1316/1316
f 1333/1333/1333 1328/1328/1328 1331/1331/1331
f 1334/1334/1334 1325/1325/1325 1335/1335/1335
f 1293/1293/1293 1295/1295/1295 1331/1331/1331
f 1336/1336/1336 1332/1332/1332 1325/1325/1325
f 1333/1333/1333 1331/1331/1331 1295/1295/1295
f 1292/1292/1292 1337/1337/1337 1295/1295/1295
f 1295/1295/1295 1337/1337/1337 1333/1333/1333
f 1210/1210/1210 1334/1334/1334 1335/1335/1335
f 1338/1338/1338 1314/1314/1314 1313/1313/1313
f 1319/1319/1319 1339/1339/1339 1318/1318/1318
f 1319/1319/1319 1169/1169/1169 1340/1340/1340
f 1341/1341/1341 1332/1332/1332 1336/1336/1336
f 1203/1203/1203 1334/1334/1334 1210/1210/1210
f 1319/1319/1319 1340/1340/1340 1342/1342/1342
f 1342/1342/1342 1340/1340/1340 1343/1343/1343
f 1313/1313/1313 1344/1344/1344 1338/1338/1338
f 1339/1339/1339 1319/1319/1319 1342/1342/1342
f 1345/1345/1345 1346/1346/1346 1347/1347/1347
f 1348/1348/1348 1324/1324/1324 1314/1314/1314
f 1347/1347/1347 1349/1349/1349 1350/1350/1350
f 1349/1349/1349 1347/1347/1347 1346/1346/1346
f 1336/1336/1336 1325/1325/1325 1334/1334/1334
f 1342/1342/1342 1351/1351/1351 1339/1339/1339
f 1202/1202/1202 1334/1334/1334 1203/1203/1203
f 1348/1348/1348 1314/1314/1314 1338/1338/1338
f 1348/1348/1348 1329/1329/1329 1324/1324/1324
f 1211/1211/1211 1336/1336/1336 1202/1202/1202
f 1337/1337/1337 1292/1292/1292 1294/1294/1294
f 1337/1337/1337 1294/1294/1294 1349/1349/1349
f 1202/1202/1202 1336/1336/1336 1334/1334/1334
f 1294/1294/1294 1350/1350/1350 1349/1349/1349
f 1285/1285/1285 1286/1286/1286 1281/1281/1281
f 1348/1348/1348 1338/1338/1338 1352/1352/1352
f 1210/1210/1210 1335/1335/1335 1353/1353/1353
f 1285/1285/1285 1284/1284/1284 1354/1354/1354
f 1354/1354/1354 1284/1284/1284 1328/1328/1328
f 1354/1354/1354 1328/1328/1328 1355/1355/1355
f 1134/1134/1134 1285/1285/1285 1354/1354/1354
f 1126/1126/1126 1134/1134/1134 1354/1354/1354
f 1354/1354/1354 1355/1355/1355 1356/1356/1356
f 1356/1356/1356 1126/1126/1126 1354/1354/1354
f 1310/1310/1310 1357/1357/1357 1358/1358/1358
f 1333/1333/1333 1355/1355/1355 1328/1328/1328
f 1310/1310/1310 279/279/279 1357/1357/1357
f 1213/1213/1213 1210/1210/1210 1353/1353/1353
f 279/279/279 278/278/278 1357/1357/1357
f 1333/1333/1333 1337/1337/1337 1355/1355/1355
f 1357/1357/1357 278/278/278 1359/1359/1359
f 1213/1213/1213 1353/1353/1353 1217/1217/1217
f 1313/1313/1313 1310/1310/1310 1358/1358/1358
f 1344/1344/1344 1313/1313/1313 1358/1358/1358
f 1353/1353/1353 1304/1304/1304 1276/1276/1276
f 1217/1217/1217 1353/1353/1353 1276/1276/1276
f 1127/1127/1127 1126/1126/1126 1360/1360/1360
f 1346/1346/1346 1356/1356/1356 1349/1349/1349
f 1356/1356/1356 1346/1346/1346 1360/1360/1360
f 1337/1337/1337 1349/1349/1349 1356/1356/1356
f 1356/1356/1356 1360/1360/1360 1126/1126/1126
f 1276/1276/1276 1304/1304/1304 1305/1305/1305
f 1127/1127/1127 1360/1360/1360 1346/1346/1346
f 1357/1357/1357 1359/1359/1359 1358/1358/1358
f 1355/1355/1355 1337/1337/1337 1356/1356/1356
f 1359/1359/1359 278/278/278 295/295/295
f 295/295/295 1361/1361/1361 1359/1359/1359
f 1216/1216/1216 1217/1217/1217 1276/1276/1276
f 1362/1362/1362 1359/1359/1359 1361/1361/1361
f 1276/1276/1276 1275/1275/1275 1216/1216/1216
f 291/291/291 1361/1361/1361 295/295/295
f 1312/1312/1312 1361/1361/1361 291/291/291
f 301/301/301 1312/1312/1312 291/291/291
f 1173/1173/1173 1158/1158/1158 1156/1156/1156
f 1173/1173/1173 1167/1167/1167 1158/1158/1158
f 1317/1317/1317 1361/1361/1361 1312/1312/1312
f 1311/1311/1311 1317/1317/1317 1312/1312/1312
f 1173/1173/1173 1184/1184/1184 1167/1167/1167
f 1340/1340/1340 1169/1169/1169 1184/1184/1184
f 1343/1343/1343 1340/1340/1340 1184/1184/1184
f 1173/1173/1173 1363/1363/1363 1184/1184/1184
f 1363/1363/1363 1364/1364/1364 1184/1184/1184
f 1179/1179/1179 1187/1187/1187 1173/1173/1173
f 1363/1363/1363 1173/1173/1173 1187/1187/1187
f 1343/1343/1343 1184/1184/1184 1364/1364/1364
f 1338/1338/1338 1344/1344/1344 1365/1365/1365
f 1346/1346/1346 1345/1345/1345 1127/1127/1127
f 1121/1121/1121 1127/1127/1127 1345/1345/1345
f 1365/1365/1365 1344/1344/1344 1358/1358/1358
f 1362/1362/1362 1365/1365/1365 1358/1358/1358
f 1362/1362/1362 1358/1358/1358 1359/1359/1359
f 1127/1127/1127 1121/1121/1121 1120/1120/1120
f 1352/1352/1352 1338/1338/1338 1365/1365/1365
f 1365/1365/1365 1366/1366/1366 1352/1352/1352
f 1276/1276/1276 1305/1305/1305 1277/1277/1277
f 1315/1315/1315 301/301/301 334/334/334
f 1365/1365/1365 1362/1362/1362 1367/1367/1367
f 1368/1368/1368 1277/1277/1277 1305/1305/1305
f 339/339/339 1369/1369/1369 334/334/334
f 1368/1368/1368 1305/1305/1305 1323/1323/1323
f 1315/1315/1315 334/334/334 1369/1369/1369
f 1361/1361/1361 1317/1317/1317 1362/1362/1362
f 1370/1370/1370 1362/1362/1362 1317/1317/1317
f 1367/1367/1367 1362/1362/1362 1370/1370/1370
f 1371/1371/1371 1315/1315/1315 1369/1369/1369
f 1098/1098/1098 1275/1275/1275 1277/1277/1277
f 1098/1098/1098 1277/1277/1277 1099/1099/1099
f 1099/1099/1099 1277/1277/1277 1368/1368/1368
f 1368/1368/1368 1372/1372/1372 1099/1099/1099
f 1369/1369/1369 339/339/339 341/341/341
f 1369/1369/1369 341/341/341 1373/1373/1373
f 1373/1373/1373 1374/1374/1374 1369/1369/1369
f 1317/1317/1317 1316/1316/1316 1370/1370/1370
f 1099/1099/1099 1372/1372/1372 1375/1375/1375
f 1369/1369/1369 1374/1374/1374 1371/1371/1371
f 341/341/341 342/342/342 1373/1373/1373
f 1370/1370/1370 1316/1316/1316 1332/1332/1332
f 342/342/342 343/343/343 1373/1373/1373
f 1341/1341/1341 1370/1370/1370 1332/1332/1332
f 1373/1373/1373 343/343/343 346/346/346
f 1066/1066/1066 978/978/978 1089/1089/1089
f 1324/1324/1324 1330/1330/1330 978/978/978
f 1330/1330/1330 1089/1089/1089 978/978/978
f 1374/1374/1374 1373/1373/1373 1376/1376/1376
f 949/949/949 1089/1089/1089 948/948/948
f 1089/1089/1089 1377/1377/1377 948/948/948
f 346/346/346 1376/1376/1376 1373/1373/1373
f 1377/1377/1377 1089/1089/1089 1330/1330/1330
f 1376/1376/1376 346/346/346 356/356/356
f 1302/1302/1302 1301/1301/1301 1376/1376/1376
f 1330/1330/1330 1329/1329/1329 1378/1378/1378
f 1311/1311/1311 1315/1315/1315 1371/1371/1371
f 1311/1311/1311 1371/1371/1371 1326/1326/1326
f 1378/1378/1378 1329/1329/1329 1348/1348/1348
f 1352/1352/1352 1378/1378/1378 1348/1348/1348
f 1097/1097/1097 1099/1099/1099 1375/1375/1375
f 1379/1379/1379 1380/1380/1380 1110/1110/1110
f 1377/1377/1377 1330/1330/1330 1378/1378/1378
f 1377/1377/1377 1378/1378/1378 1146/1146/1146
f 1371/1371/1371 1335/1335/1335 1326/1326/1326
f 1147/1147/1147 1378/1378/1378 1193/1193/1193
f 1325/1325/1325 1326/1326/1326 1335/1335/1335
f 1147/1147/1147 1146/1146/1146 1378/1378/1378
f 945/945/945 948/948/948 959/959/959
f 959/959/959 948/948/948 1107/1107/1107
f 1107/1107/1107 948/948/948 1377/1377/1377
f 1335/1335/1335 1371/1371/1371 1374/1374/1374
f 1323/1323/1323 1372/1372/1372 1368/1368/1368
f 1377/1377/1377 1118/1118/1118 1107/1107/1107
f 1107/1107/1107 1118/1118/1118 1108/1108/1108
f 1323/1323/1323 1327/1327/1327 1381/1381/1381
f 1381/1381/1381 1372/1372/1372 1323/1323/1323
f 1335/1335/1335 1374/1374/1374 1382/1382/1382
f 1375/1375/1375 1372/1372/1372 1381/1381/1381
f 1118/1118/1118 1377/1377/1377 1146/1146/1146
f 1382/1382/1382 1353/1353/1353 1335/1335/1335
f 1374/1374/1374 1376/1376/1376 1383/1383/1383
f 1382/1382/1382 1374/1374/1374 1383/1383/1383
f 1383/1383/1383 1376/1376/1376 1301/1301/1301
f 1366/1366/1366 1378/1378/1378 1352/1352/1352
f 1193/1193/1193 1378/1378/1378 1366/1366/1366
f 1383/1383/1383 1353/1353/1353 1382/1382/1382
f 1384/1384/1384 1193/1193/1193 1366/1366/1366
f 1366/1366/1366 1365/1365/1365 1367/1367/1367
f 1367/1367/1367 1384/1384/1384 1366/1366/1366
f 1193/1193/1193 1384/1384/1384 1199/1199/1199
f 1383/1383/1383 1301/1301/1301 1304/1304/1304
f 1353/1353/1353 1383/1383/1383 1304/1304/1304
f 1384/1384/1384 1367/1367/1367 1370/1370/1370
f 1200/1200/1200 1199/1199/1199 1384/1384/1384
f 1370/1370/1370 1200/1200/1200 1384/1384/1384
f 1300/1300/1300 1302/1302/1302 357/357/357
f 1376/1376/1376 356/356/356 1302/1302/1302
f 1200/1200/1200 1370/1370/1370 1341/1341/1341
f 1302/1302/1302 356/356/356 357/357/357
f 1211/1211/1211 1200/1200/1200 1341/1341/1341
f 1211/1211/1211 1341/1341/1341 1336/1336/1336
f 1300/1300/1300 357/357/357 354/354/354
f 1385/1385/1385 1386/1386/1386 1387/1387/1387
f 1388/1388/1388 1389/1389/1389 1390/1390/1390
f 933/933/933 1391/1391/1391 1392/1392/1392
f 1393/1393/1393 1394/1394/1394 1395/1395/1395
f 1390/1390/1390 892/892/892 893/893/893
f 1396/1396/1396 933/933/933 1392/1392/1392
f 1397/1397/1397 1390/1390/1390 893/893/893
f 1398/1398/1398 934/934/934 1396/1396/1396
f 1399/1399/1399 918/918/918 912/912/912
f 1388/1388/1388 1390/1390/1390 1400/1400/1400
f 910/910/910 918/918/918 893/893/893
f 1393/1393/1393 1386/1386/1386 1385/1385/1385
f 1385/1385/1385 1394/1394/1394 1393/1393/1393
f 918/918/918 1397/1397/1397 893/893/893
f 1390/1390/1390 1397/1397/1397 1401/1401/1401
f 1402/1402/1402 1390/1390/1390 1401/1401/1401
f 1398/1398/1398 1396/1396/1396 1403/1403/1403
f 1387/1387/1387 1404/1404/1404 1385/1385/1385
f 1403/1403/1403 1396/1396/1396 1405/1405/1405
f 1392/1392/1392 1405/1405/1405 1396/1396/1396
f 1390/1390/1390 1402/1402/1402 1400/1400/1400
f 1406/1406/1406 1407/1407/1407 1408/1408/1408
f 1408/1408/1408 1407/1407/1407 1409/1409/1409
f 1410/1410/1410 1403/1403/1403 1405/1405/1405
f 1388/1388/1388 1411/1411/1411 1392/1392/1392
f 1411/1411/1411 1405/1405/1405 1392/1392/1392
f 1410/1410/1410 1405/1405/1405 1411/1411/1411
f 1406/1406/1406 1408/1408/1408 1412/1412/1412
f 1411/1411/1411 1413/1413/1413 1410/1410/1410
f 1414/1414/1414 1398/1398/1398 1403/1403/1403
f 1415/1415/1415 1397/1397/1397 918/918/918
f 1411/1411/1411 1388/1388/1388 1386/1386/1386
f 1388/1388/1388 1400/1400/1400 1386/1386/1386
f 1408/1408/1408 1395/1395/1395 1416/1416/1416
f 1412/1412/1412 1408/1408/1408 1416/1416/1416
f 1413/1413/1413 1411/1411/1411 1393/1393/1393
f 1393/1393/1393 1411/1411/1411 1386/1386/1386
f 1417/1417/1417 1412/1412/1412 1416/1416/1416
f 1401/1401/1401 1397/1397/1397 1415/1415/1415
f 1409/1409/1409 1410/1410/1410 1413/1413/1413
f 1407/1407/1407 1410/1410/1410 1409/1409/1409
f 1403/1403/1403 1410/1410/1410 1407/1407/1407
f 1414/1414/1414 1403/1403/1403 1407/1407/1407
f 1413/1413/1413 1408/1408/1408 1409/1409/1409
f 1418/1418/1418 1395/1395/1395 1394/1394/1394
f 1416/1416/1416 1395/1395/1395 1418/1418/1418
f 1408/1408/1408 1413/1413/1413 1395/1395/1395
f 935/935/935 936/936/936 1391/1391/1391
f 1395/1395/1395 1413/1413/1413 1393/1393/1393
f 1389/1389/1389 1391/1391/1391 936/936/936
f 930/930/930 890/890/890 934/934/934
f 1418/1418/1418 1394/1394/1394 1419/1419/1419
f 1386/1386/1386 1400/1400/1400 1387/1387/1387
f 892/892/892 1390/1390/1390 936/936/936
f 1417/1417/1417 1416/1416/1416 1418/1418/1418
f 1417/1417/1417 1418/1418/1418 1420/1420/1420
f 934/934/934 1398/1398/1398 930/930/930
f 1400/1400/1400 1402/1402/1402 1387/1387/1387
f 1420/1420/1420 1418/1418/1418 1419/1419/1419
f 1389/1389/1389 1392/1392/1392 1391/1391/1391
f 1392/1392/1392 1389/1389/1389 1388/1388/1388
f 1396/1396/1396 932/932/932 933/933/933
f 1389/1389/1389 936/936/936 1390/1390/1390
f 1421/1421/1421 1420/1420/1420 1419/1419/1419
f 1396/1396/1396 934/934/934 932/932/932
f 1391/1391/1391 933/933/933 935/935/935
f 189/189/189 1422/1422/1422 424/424/424
f 186/186/186 189/189/189 424/424/424
f 1423/1423/1423 1424/1424/1424 1425/1425/1425
f 1426/1426/1426 1427/1427/1427 1428/1428/1428
f 189/189/189 1010/1010/1010 1422/1422/1422
f 1429/1429/1429 1430/1430/1430 1431/1431/1431
f 1425/1425/1425 1424/1424/1424 1432/1432/1432
f 1433/1433/1433 1434/1434/1434 1424/1424/1424
f 1435/1435/1435 1436/1436/1436 1437/1437/1437
f 1429/1429/1429 1431/1431/1431 1438/1438/1438
f 1429/1429/1429 1438/1438/1438 1439/1439/1439
f 1440/1440/1440 1441/1441/1441 1442/1442/1442
f 1443/1443/1443 1444/1444/1444 1432/1432/1432
f 1422/1422/1422 1010/1010/1010 1014/1014/1014
f 1432/1432/1432 1445/1445/1445 1443/1443/1443
f 1446/1446/1446 1447/1447/1447 1443/1443/1443
f 1422/1422/1422 1448/1448/1448 424/424/424
f 1446/1446/1446 1443/1443/1443 1445/1445/1445
f 1449/1449/1449 1441/1441/1441 1440/1440/1440
f 1450/1450/1450 1448/1448/1448 1422/1422/1422
f 1435/1435/1435 1437/1437/1437 1440/1440/1440
f 1448/1448/1448 426/426/426 424/424/424
f 1446/1446/1446 1445/1445/1445 1451/1451/1451
f 1445/1445/1445 1432/1432/1432 1451/1451/1451
f 1429/1429/1429 1427/1427/1427 1426/1426/1426
f 1429/1429/1429 1439/1439/1439 1427/1427/1427
f 1437/1437/1437 1449/1449/1449 1440/1440/1440
f 500/500/500 429/429/429 426/426/426
f 1452/1452/1452 1446/1446/1446 1451/1451/1451
f 1448/1448/1448 500/500/500 426/426/426
f 1424/1424/1424 1453/1453/1453 1433/1433/1433
f 1454/1454/1454 1433/1433/1433 1453/1453/1453
f 1455/1455/1455 1456/1456/1456 1441/1441/1441
f 1455/1455/1455 1441/1441/1441 1449/1449/1449
f 1457/1457/1457 1458/1458/1458 1428/1428/1428
f 1459/1459/1459 1433/1433/1433 1454/1454/1454
f 616/616/616 518/518/518 1460/1460/1460
f 1461/1461/1461 1433/1433/1433 1459/1459/1459
f 1428/1428/1428 1427/1427/1427 1457/1457/1457
f 1462/1462/1462 616/616/616 1460/1460/1460
f 1461/1461/1461 1463/1463/1463 1434/1434/1434
f 1463/1463/1463 1464/1464/1464 1434/1434/1434
f 1450/1450/1450 1422/1422/1422 1014/1014/1014
f 1462/1462/1462 618/618/618 616/616/616
f 1460/1460/1460 518/518/518 1465/1465/1465
f 1466/1466/1466 1448/1448/1448 1450/1450/1450
f 1434/1434/1434 1432/1432/1432 1424/1424/1424
f 1467/1467/1467 1457/1457/1457 1427/1427/1427
f 1433/1433/1433 1461/1461/1461 1434/1434/1434
f 1468/1468/1468 1469/1469/1469 1470/1470/1470
f 1466/1466/1466 1471/1471/1471 1448/1448/1448
f 1439/1439/1439 1467/1467/1467 1427/1427/1427
f 1472/1472/1472 1460/1460/1460 1473/1473/1473
f 1464/1464/1464 1432/1432/1432 1434/1434/1434
f 1439/1439/1439 1406/1406/1406 1467/1467/1467
f 1471/1471/1471 500/500/500 1448/1448/1448
f 1473/1473/1473 1474/1474/1474 1472/1472/1472
f 1475/1475/1475 500/500/500 1471/1471/1471
f 1432/1432/1432 1464/1464/1464 1451/1451/1451
f 1476/1476/1476 1467/1467/1467 1406/1406/1406
f 1406/1406/1406 1417/1417/1417 1477/1477/1477
f 1014/1014/1014 1041/1041/1041 1450/1450/1450
f 1478/1478/1478 1452/1452/1452 1451/1451/1451
f 1451/1451/1451 1464/1464/1464 1478/1478/1478
f 1470/1470/1470 1457/1457/1457 1467/1467/1467
f 1450/1450/1450 1479/1479/1479 1466/1466/1466
f 1479/1479/1479 1450/1450/1450 1041/1041/1041
f 1462/1462/1462 1460/1460/1460 1472/1472/1472
f 1469/1469/1469 1457/1457/1457 1470/1470/1470
f 1472/1472/1472 1480/1480/1480 1462/1462/1462
f 618/618/618 1481/1481/1481 617/617/617
f 1466/1466/1466 1482/1482/1482 1471/1471/1471
f 1483/1483/1483 1484/1484/1484 1036/1036/1036
f 1485/1485/1485 1481/1481/1481 618/618/618
f 1482/1482/1482 1466/1466/1466 1486/1486/1486
f 1487/1487/1487 629/629/629 631/631/631
f 1483/1483/1483 1488/1488/1488 1484/1484/1484
f 1489/1489/1489 1488/1488/1488 1483/1483/1483
f 1462/1462/1462 1485/1485/1485 618/618/618
f 1036/1036/1036 1049/1049/1049 1483/1483/1483
f 1480/1480/1480 1485/1485/1485 1462/1462/1462
f 1468/1468/1468 1470/1470/1470 1476/1476/1476
f 1049/1049/1049 1036/1036/1036 1033/1033/1033
f 637/637/637 629/629/629 1487/1487/1487
f 637/637/637 1487/1487/1487 639/639/639
f 1466/1466/1466 1490/1490/1490 1486/1486/1486
f 639/639/639 1487/1487/1487 1491/1491/1491
f 1492/1492/1492 1483/1483/1483 1049/1049/1049
f 1467/1467/1467 1476/1476/1476 1470/1470/1470
f 1483/1483/1483 1492/1492/1492 1489/1489/1489
f 1485/1485/1485 1493/1493/1493 1494/1494/1494
f 1489/1489/1489 1495/1495/1495 1496/1496/1496
f 1485/1485/1485 1480/1480/1480 1493/1493/1493
f 1489/1489/1489 1496/1496/1496 1488/1488/1488
f 1476/1476/1476 1406/1406/1406 1477/1477/1477
f 1489/1489/1489 1497/1497/1497 1495/1495/1495
f 1475/1475/1475 493/493/493 500/500/500
f 1498/1498/1498 1495/1495/1495 1497/1497/1497
f 1468/1468/1468 1476/1476/1476 1499/1499/1499
f 493/493/493 1500/1500/1500 504/504/504
f 1499/1499/1499 1501/1501/1501 1468/1468/1468
f 1475/1475/1475 1500/1500/1500 493/493/493
f 1502/1502/1502 1489/1489/1489 1492/1492/1492
f 1489/1489/1489 1503/1503/1503 1497/1497/1497
f 1502/1502/1502 1503/1503/1503 1489/1489/1489
f 1504/1504/1504 1480/1480/1480 1472/1472/1472
f 1482/1482/1482 1475/1475/1475 1471/1471/1471
f 1498/1498/1498 1497/1497/1497 1503/1503/1503
f 1477/1477/1477 1505/1505/1505 1476/1476/1476
f 1474/1474/1474 1506/1506/1506 1472/1472/1472
f 1482/1482/1482 1500/1500/1500 1475/1475/1475
f 1506/1506/1506 1504/1504/1504 1472/1472/1472
f 1507/1507/1507 1508/1508/1508 1498/1498/1498
f 1477/1477/1477 1417/1417/1417 1420/1420/1420
f 1505/1505/1505 1477/1477/1477 1420/1420/1420
f 1421/1421/1421 1505/1505/1505 1420/1420/1420
f 1506/1506/1506 1509/1509/1509 1504/1504/1504
f 514/514/514 1510/1510/1510 1511/1511/1511
f 1512/1512/1512 1049/1049/1049 1040/1040/1040
f 1049/1049/1049 1512/1512/1512 1492/1492/1492
f 1512/1512/1512 1040/1040/1040 1047/1047/1047
f 1493/1493/1493 1480/1480/1480 1504/1504/1504
f 1505/1505/1505 1421/1421/1421 1513/1513/1513
f 1476/1476/1476 1505/1505/1505 1499/1499/1499
f 1502/1502/1502 1492/1492/1492 1512/1512/1512
f 1514/1514/1514 1493/1493/1493 1504/1504/1504
f 513/513/513 514/514/514 1511/1511/1511
f 1499/1499/1499 1505/1505/1505 1513/1513/1513
f 891/891/891 1512/1512/1512 1047/1047/1047
f 1515/1515/1515 1499/1499/1499 1513/1513/1513
f 1512/1512/1512 1516/1516/1516 1502/1502/1502
f 1513/1513/1513 1421/1421/1421 1517/1517/1517
f 1514/1514/1514 1518/1518/1518 1493/1493/1493
f 1511/1511/1511 1465/1465/1465 513/513/513
f 1519/1519/1519 1503/1503/1503 1502/1502/1502
f 1503/1503/1503 1519/1519/1519 1520/1520/1520
f 1520/1520/1520 1507/1507/1507 1498/1498/1498
f 1520/1520/1520 1498/1498/1498 1503/1503/1503
f 1521/1521/1521 930/930/930 1398/1398/1398
f 1495/1495/1495 1498/1498/1498 1522/1522/1522
f 1498/1498/1498 1523/1523/1523 1522/1522/1522
f 648/648/648 635/635/635 639/639/639
f 1524/1524/1524 639/639/639 1491/1491/1491
f 639/639/639 651/651/651 648/648/648
f 639/639/639 1524/1524/1524 651/651/651
f 1525/1525/1525 1465/1465/1465 1511/1511/1511
f 1508/1508/1508 1523/1523/1523 1498/1498/1498
f 513/513/513 1465/1465/1465 518/518/518
f 1398/1398/1398 1438/1438/1438 1521/1521/1521
f 1526/1526/1526 1523/1523/1523 1508/1508/1508
f 651/651/651 1524/1524/1524 1527/1527/1527
f 1414/1414/1414 1438/1438/1438 1398/1398/1398
f 1460/1460/1460 1465/1465/1465 1473/1473/1473
f 891/891/891 1516/1516/1516 1512/1512/1512
f 888/888/888 1516/1516/1516 891/891/891
f 1528/1528/1528 651/651/651 1527/1527/1527
f 930/930/930 1516/1516/1516 888/888/888
f 1518/1518/1518 1494/1494/1494 1493/1493/1493
f 1482/1482/1482 1486/1486/1486 1529/1529/1529
f 1530/1530/1530 1494/1494/1494 1518/1518/1518
f 1527/1527/1527 1524/1524/1524 1531/1531/1531
f 1532/1532/1532 1511/1511/1511 1510/1510/1510
f 1510/1510/1510 1533/1533/1533 1532/1532/1532
f 1532/1532/1532 1533/1533/1533 1534/1534/1534
f 1439/1439/1439 1438/1438/1438 1414/1414/1414
f 1516/1516/1516 930/930/930 1521/1521/1521
f 1414/1414/1414 1407/1407/1407 1439/1439/1439
f 1425/1425/1425 1530/1530/1530 1518/1518/1518
f 1511/1511/1511 1532/1532/1532 1525/1525/1525
f 1535/1535/1535 1534/1534/1534 1536/1536/1536
f 1535/1535/1535 1532/1532/1532 1534/1534/1534
f 1430/1430/1430 1507/1507/1507 1520/1520/1520
f 1431/1431/1431 1430/1430/1430 1520/1520/1520
f 1444/1444/1444 1530/1530/1530 1425/1425/1425
f 1444/1444/1444 1537/1537/1537 1530/1530/1530
f 1502/1502/1502 1516/1516/1516 1519/1519/1519
f 1527/1527/1527 1531/1531/1531 1528/1528/1528
f 1538/1538/1538 1528/1528/1528 1531/1531/1531
f 1519/1519/1519 1521/1521/1521 1431/1431/1431
f 1539/1539/1539 1538/1538/1538 1531/1531/1531
f 1538/1538/1538 1539/1539/1539 1540/1540/1540
f 1516/1516/1516 1521/1521/1521 1519/1519/1519
f 1443/1443/1443 1537/1537/1537 1444/1444/1444
f 1519/1519/1519 1431/1431/1431 1520/1520/1520
f 1443/1443/1443 1541/1541/1541 1537/1537/1537
f 1532/1532/1532 1542/1542/1542 1525/1525/1525
f 1541/1541/1541 1443/1443/1443 1447/1447/1447
f 651/651/651 1528/1528/1528 650/650/650
f 1431/1431/1431 1521/1521/1521 1438/1438/1438
f 1528/1528/1528 653/653/653 650/650/650
f 653/653/653 1528/1528/1528 1538/1538/1538
f 1543/1543/1543 1437/1437/1437 1436/1436/1436
f 1525/1525/1525 1473/1473/1473 1465/1465/1465
f 1506/1506/1506 1474/1474/1474 1442/1442/1442
f 1526/1526/1526 1543/1543/1543 1436/1436/1436
f 1526/1526/1526 1508/1508/1508 1507/1507/1507
f 1406/1406/1406 1439/1439/1439 1407/1407/1407
f 1526/1526/1526 1436/1436/1436 1523/1523/1523
f 1442/1442/1442 1441/1441/1441 1506/1506/1506
f 1544/1544/1544 1473/1473/1473 1525/1525/1525
f 1430/1430/1430 1545/1545/1545 1526/1526/1526
f 1543/1543/1543 1526/1526/1526 1545/1545/1545
f 1544/1544/1544 1525/1525/1525 1542/1542/1542
f 1441/1441/1441 1509/1509/1509 1506/1506/1506
f 1417/1417/1417 1406/1406/1406 1412/1412/1412
f 1437/1437/1437 1455/1455/1455 1449/1449/1449
f 1544/1544/1544 1474/1474/1474 1473/1473/1473
f 1504/1504/1504 1509/1509/1509 1514/1514/1514
f 1543/1543/1543 1455/1455/1455 1437/1437/1437
f 1546/1546/1546 1514/1514/1514 1509/1509/1509
f 1547/1547/1547 1455/1455/1455 1543/1543/1543
f 1077/1077/1077 1041/1041/1041 1042/1042/1042
f 1453/1453/1453 1546/1546/1546 1509/1509/1509
f 1455/1455/1455 1547/1547/1547 1548/1548/1548
f 1549/1549/1549 1479/1479/1479 1077/1077/1077
f 1077/1077/1077 1479/1479/1479 1041/1041/1041
f 1547/1547/1547 1543/1543/1543 1545/1545/1545
f 1453/1453/1453 1423/1423/1423 1546/1546/1546
f 1456/1456/1456 1548/1548/1548 1550/1550/1550
f 1546/1546/1546 1518/1518/1518 1514/1514/1514
f 1545/1545/1545 1428/1428/1428 1547/1547/1547
f 1518/1518/1518 1546/1546/1546 1423/1423/1423
f 1455/1455/1455 1548/1548/1548 1456/1456/1456
f 1551/1551/1551 1550/1550/1550 1548/1548/1548
f 1549/1549/1549 1077/1077/1077 953/953/953
f 1547/1547/1547 1551/1551/1551 1548/1548/1548
f 1453/1453/1453 1424/1424/1424 1423/1423/1423
f 1458/1458/1458 1547/1547/1547 1428/1428/1428
f 1456/1456/1456 1509/1509/1509 1441/1441/1441
f 1552/1552/1552 1479/1479/1479 1549/1549/1549
f 1553/1553/1553 1459/1459/1459 1551/1551/1551
f 1551/1551/1551 1547/1547/1547 1458/1458/1458
f 1479/1479/1479 1490/1490/1490 1466/1466/1466
f 1551/1551/1551 1458/1458/1458 1469/1469/1469
f 1469/1469/1469 1458/1458/1458 1457/1457/1457
f 1469/1469/1469 1459/1459/1459 1553/1553/1553
f 1507/1507/1507 1430/1430/1430 1526/1526/1526
f 1509/1509/1509 1456/1456/1456 1453/1453/1453
f 1554/1554/1554 1490/1490/1490 1479/1479/1479
f 1454/1454/1454 1453/1453/1453 1456/1456/1456
f 1555/1555/1555 1461/1461/1461 1459/1459/1459
f 1490/1490/1490 1556/1556/1556 1486/1486/1486
f 1554/1554/1554 1556/1556/1556 1490/1490/1490
f 1430/1430/1430 1429/1429/1429 1426/1426/1426
f 1426/1426/1426 1545/1545/1545 1430/1430/1430
f 1555/1555/1555 1463/1463/1463 1461/1461/1461
f 1557/1557/1557 1554/1554/1554 1479/1479/1479
f 1558/1558/1558 1559/1559/1559 1560/1560/1560
f 1552/1552/1552 1557/1557/1557 1479/1479/1479
f 1469/1469/1469 1553/1553/1553 1551/1551/1551
f 1550/1550/1550 1459/1459/1459 1454/1454/1454
f 1550/1550/1550 1551/1551/1551 1459/1459/1459
f 1550/1550/1550 1454/1454/1454 1456/1456/1456
f 1428/1428/1428 1545/1545/1545 1426/1426/1426
f 1469/1469/1469 1555/1555/1555 1459/1459/1459
f 1423/1423/1423 1425/1425/1425 1518/1518/1518
f 1555/1555/1555 1469/1469/1469 1468/1468/1468
f 1555/1555/1555 1468/1468/1468 1463/1463/1463
f 1432/1432/1432 1444/1444/1444 1425/1425/1425
f 1561/1561/1561 1562/1562/1562 1484/1484/1484
f 1484/1484/1484 1562/1562/1562 1034/1034/1034
f 1563/1563/1563 1464/1464/1464 1564/1564/1564
f 1034/1034/1034 1036/1036/1036 1484/1484/1484
f 1561/1561/1561 1484/1484/1484 1565/1565/1565
f 1488/1488/1488 1565/1565/1565 1484/1484/1484
f 1501/1501/1501 1566/1566/1566 1564/1564/1564
f 1566/1566/1566 1567/1567/1567 1564/1564/1564
f 1488/1488/1488 1560/1560/1560 1565/1565/1565
f 1564/1564/1564 1464/1464/1464 1463/1463/1463
f 1558/1558/1558 1560/1560/1560 1488/1488/1488
f 1463/1463/1463 1501/1501/1501 1564/1564/1564
f 1558/1558/1558 1488/1488/1488 1568/1568/1568
f 1567/1567/1567 1563/1563/1563 1564/1564/1564
f 1463/1463/1463 1468/1468/1468 1501/1501/1501
f 1566/1566/1566 1501/1501/1501 1515/1515/1515
f 1515/1515/1515 1501/1501/1501 1499/1499/1499
f 1568/1568/1568 1488/1488/1488 1496/1496/1496
f 1568/1568/1568 1496/1496/1496 1569/1569/1569
f 1495/1495/1495 1569/1569/1569 1496/1496/1496
f 1570/1570/1570 1535/1535/1535 1559/1559/1559
f 1535/1535/1535 1570/1570/1570 1532/1532/1532
f 1532/1532/1532 1570/1570/1570 1542/1542/1542
f 1542/1542/1542 1570/1570/1570 1571/1571/1571
f 1558/1558/1558 1570/1570/1570 1559/1559/1559
f 1558/1558/1558 1569/1569/1569 1570/1570/1570
f 1570/1570/1570 1569/1569/1569 1571/1571/1571
f 1542/1542/1542 1572/1572/1572 1544/1544/1544
f 1571/1571/1571 1572/1572/1572 1542/1542/1542
f 1572/1572/1572 1442/1442/1442 1544/1544/1544
f 1442/1442/1442 1474/1474/1474 1544/1544/1544
f 1572/1572/1572 1571/1571/1571 1440/1440/1440
f 1573/1573/1573 1440/1440/1440 1571/1571/1571
f 1574/1574/1574 1573/1573/1573 1571/1571/1571
f 1440/1440/1440 1573/1573/1573 1435/1435/1435
f 1442/1442/1442 1572/1572/1572 1440/1440/1440
f 1558/1558/1558 1568/1568/1568 1569/1569/1569
f 1574/1574/1574 1571/1571/1571 1569/1569/1569
f 1574/1574/1574 1569/1569/1569 1522/1522/1522
f 1574/1574/1574 1435/1435/1435 1573/1573/1573
f 1569/1569/1569 1495/1495/1495 1522/1522/1522
f 1436/1436/1436 1435/1435/1435 1574/1574/1574
f 1523/1523/1523 1574/1574/1574 1522/1522/1522
f 1574/1574/1574 1523/1523/1523 1436/1436/1436
f 1575/1575/1575 1576/1576/1576 1577/1577/1577
f 1578/1578/1578 1579/1579/1579 1580/1580/1580
f 1581/1581/1581 1582/1582/1582 1583/1583/1583
f 1584/1584/1584 1585/1585/1585 1586/1586/1586
f 1585/1585/1585 1584/1584/1584 1587/1587/1587
f 1404/1404/1404 1402/1402/1402 1401/1401/1401
f 1588/1588/1588 1589/1589/1589 1590/1590/1590
f 1402/1402/1402 1404/1404/1404 1387/1387/1387
f 1111/1111/1111 1591/1591/1591 1130/1130/1130
f 1588/1588/1588 1575/1575/1575 1589/1589/1589
f 1576/1576/1576 1592/1592/1592 1577/1577/1577
f 1575/1575/1575 1577/1577/1577 1589/1589/1589
f 1593/1593/1593 1130/1130/1130 1591/1591/1591
f 1579/1579/1579 1577/1577/1577 1592/1592/1592
f 1594/1594/1594 1160/1160/1160 1237/1237/1237
f 1578/1578/1578 1577/1577/1577 1579/1579/1579
f 1385/1385/1385 1404/1404/1404 1595/1595/1595
f 1596/1596/1596 1404/1404/1404 1597/1597/1597
f 1404/1404/1404 1596/1596/1596 1595/1595/1595
f 1598/1598/1598 1237/1237/1237 1240/1240/1240
f 1394/1394/1394 1385/1385/1385 1595/1595/1595
f 1240/1240/1240 1246/1246/1246 1598/1598/1598
f 1246/1246/1246 1599/1599/1599 1598/1598/1598
f 1419/1419/1419 1394/1394/1394 1600/1600/1600
f 1590/1590/1590 1601/1601/1601 1419/1419/1419
f 1419/1419/1419 1601/1601/1601 1421/1421/1421
f 1421/1421/1421 1601/1601/1601 1517/1517/1517
f 1394/1394/1394 1595/1595/1595 1600/1600/1600
f 1591/1591/1591 1111/1111/1111 1602/1602/1602
f 1601/1601/1601 1603/1603/1603 1517/1517/1517
f 1604/1604/1604 1517/1517/1517 1603/1603/1603
f 1591/1591/1591 1602/1602/1602 1605/1605/1605
f 1590/1590/1590 1603/1603/1603 1601/1601/1601
f 1599/1599/1599 1246/1246/1246 1262/1262/1262
f 1588/1588/1588 1600/1600/1600 1595/1595/1595
f 1606/1606/1606 1607/1607/1607 1604/1604/1604
f 1261/1261/1261 1608/1608/1608 1262/1262/1262
f 1608/1608/1608 1261/1261/1261 1609/1609/1609
f 1610/1610/1610 1611/1611/1611 1612/1612/1612
f 1297/1297/1297 1296/1296/1296 1613/1613/1613
f 1296/1296/1296 1593/1593/1593 1613/1613/1613
f 1614/1614/1614 1608/1608/1608 1615/1615/1615
f 1605/1605/1605 1616/1616/1616 1617/1617/1617
f 1589/1589/1589 1603/1603/1603 1590/1590/1590
f 1578/1578/1578 1589/1589/1589 1577/1577/1577
f 1618/1618/1618 1593/1593/1593 1619/1619/1619
f 1603/1603/1603 1589/1589/1589 1578/1578/1578
f 1617/1617/1617 1591/1591/1591 1605/1605/1605
f 1609/1609/1609 1261/1261/1261 1298/1298/1298
f 1606/1606/1606 1603/1603/1603 1578/1578/1578
f 1237/1237/1237 1598/1598/1598 1594/1594/1594
f 1604/1604/1604 1603/1603/1603 1606/1606/1606
f 1599/1599/1599 1620/1620/1620 1598/1598/1598
f 1617/1617/1617 1616/1616/1616 1610/1610/1610
f 1615/1615/1615 1608/1608/1608 1609/1609/1609
f 1621/1621/1621 1622/1622/1622 1623/1623/1623
f 1609/1609/1609 1298/1298/1298 1297/1297/1297
f 1609/1609/1609 1297/1297/1297 1613/1613/1613
f 1624/1624/1624 1621/1621/1621 1625/1625/1625
f 1626/1626/1626 1624/1624/1624 1627/1627/1627
f 1624/1624/1624 1626/1626/1626 1621/1621/1621
f 1620/1620/1620 1594/1594/1594 1598/1598/1598
f 1115/1115/1115 1116/1116/1116 1628/1628/1628
f 1615/1615/1615 1609/1609/1609 1613/1613/1613
f 1613/1613/1613 1629/1629/1629 1615/1615/1615
f 1630/1630/1630 1594/1594/1594 1620/1620/1620
f 1585/1585/1585 1621/1621/1621 1626/1626/1626
f 1631/1631/1631 1116/1116/1116 1149/1149/1149
f 1613/1613/1613 1593/1593/1593 1618/1618/1618
f 1618/1618/1618 1629/1629/1629 1613/1613/1613
f 1626/1626/1626 1632/1632/1632 1585/1585/1585
f 1149/1149/1149 1160/1160/1160 1631/1631/1631
f 1585/1585/1585 1632/1632/1632 1586/1586/1586
f 1296/1296/1296 1130/1130/1130 1593/1593/1593
f 1633/1633/1633 1599/1599/1599 1262/1262/1262
f 1608/1608/1608 1633/1633/1633 1262/1262/1262
f 1591/1591/1591 1617/1617/1617 1593/1593/1593
f 1619/1619/1619 1593/1593/1593 1617/1617/1617
f 1599/1599/1599 1633/1633/1633 1620/1620/1620
f 1115/1115/1115 912/912/912 1102/1102/1102
f 1115/1115/1115 1399/1399/1399 912/912/912
f 1628/1628/1628 1399/1399/1399 1115/1115/1115
f 1634/1634/1634 1635/1635/1635 1636/1636/1636
f 1618/1618/1618 1619/1619/1619 1637/1637/1637
f 1617/1617/1617 1637/1637/1637 1619/1619/1619
f 1634/1634/1634 1587/1587/1587 1635/1635/1635
f 1617/1617/1617 1610/1610/1610 1637/1637/1637
f 1637/1637/1637 1610/1610/1610 1638/1638/1638
f 1614/1614/1614 1633/1633/1633 1608/1608/1608
f 1635/1635/1635 1587/1587/1587 1639/1639/1639
f 1639/1639/1639 1587/1587/1587 1584/1584/1584
f 1592/1592/1592 1576/1576/1576 1640/1640/1640
f 1637/1637/1637 1638/1638/1638 1641/1641/1641
f 1614/1614/1614 1615/1615/1615 1642/1642/1642
f 1640/1640/1640 1636/1636/1636 1592/1592/1592
f 1642/1642/1642 1615/1615/1615 1643/1643/1643
f 1643/1643/1643 1615/1615/1615 1629/1629/1629
f 1640/1640/1640 1644/1644/1644 1636/1636/1636
f 1645/1645/1645 1399/1399/1399 1628/1628/1628
f 1629/1629/1629 1618/1618/1618 1646/1646/1646
f 1646/1646/1646 1643/1643/1643 1629/1629/1629
f 1630/1630/1630 1620/1620/1620 1647/1647/1647
f 1635/1635/1635 1592/1592/1592 1636/1636/1636
f 1633/1633/1633 1647/1647/1647 1620/1620/1620
f 1592/1592/1592 1635/1635/1635 1579/1579/1579
f 1646/1646/1646 1618/1618/1618 1637/1637/1637
f 1637/1637/1637 1641/1641/1641 1646/1646/1646
f 1648/1648/1648 1630/1630/1630 1647/1647/1647
f 1399/1399/1399 1415/1415/1415 918/918/918
f 1623/1623/1623 1646/1646/1646 1641/1641/1641
f 1636/1636/1636 1644/1644/1644 1634/1634/1634
f 1644/1644/1644 1649/1649/1649 1634/1634/1634
f 1645/1645/1645 1650/1650/1650 1399/1399/1399
f 1651/1651/1651 1652/1652/1652 1647/1647/1647
f 1623/1623/1623 1653/1653/1653 1646/1646/1646
f 1653/1653/1653 1622/1622/1622 1634/1634/1634
f 1623/1623/1623 1622/1622/1622 1653/1653/1653
f 1648/1648/1648 1654/1654/1654 1630/1630/1630
f 1634/1634/1634 1649/1649/1649 1653/1653/1653
f 1415/1415/1415 1399/1399/1399 1650/1650/1650
f 1650/1650/1650 1655/1655/1655 1415/1415/1415
f 1634/1634/1634 1622/1622/1622 1587/1587/1587
f 1401/1401/1401 1415/1415/1415 1655/1655/1655
f 1652/1652/1652 1654/1654/1654 1648/1648/1648
f 1612/1612/1612 1638/1638/1638 1610/1610/1610
f 1652/1652/1652 1648/1648/1648 1647/1647/1647
f 1622/1622/1622 1621/1621/1621 1587/1587/1587
f 1621/1621/1621 1585/1585/1585 1587/1587/1587
f 1583/1583/1583 1652/1652/1652 1640/1640/1640
f 1645/1645/1645 1656/1656/1656 1650/1650/1650
f 1656/1656/1656 1657/1657/1657 1650/1650/1650
f 1635/1635/1635 1639/1639/1639 1579/1579/1579
f 1625/1625/1625 1638/1638/1638 1624/1624/1624
f 1639/1639/1639 1580/1580/1580 1579/1579/1579
f 1655/1655/1655 1650/1650/1650 1657/1657/1657
f 1606/1606/1606 1578/1578/1578 1580/1580/1580
f 1638/1638/1638 1612/1612/1612 1624/1624/1624
f 1640/1640/1640 1652/1652/1652 1644/1644/1644
f 1628/1628/1628 1116/1116/1116 1631/1631/1631
f 1623/1623/1623 1641/1641/1641 1638/1638/1638
f 1623/1623/1623 1638/1638/1638 1625/1625/1625
f 1580/1580/1580 1584/1584/1584 1586/1586/1586
f 1580/1580/1580 1639/1639/1639 1584/1584/1584
f 1628/1628/1628 1631/1631/1631 1645/1645/1645
f 1658/1658/1658 1651/1651/1651 1642/1642/1642
f 1614/1614/1614 1647/1647/1647 1633/1633/1633
f 1623/1623/1623 1625/1625/1625 1621/1621/1621
f 1631/1631/1631 1659/1659/1659 1645/1645/1645
f 1651/1651/1651 1647/1647/1647 1614/1614/1614
f 1606/1606/1606 1580/1580/1580 1607/1607/1607
f 1631/1631/1631 1160/1160/1160 1659/1659/1659
f 1580/1580/1580 1586/1586/1586 1660/1660/1660
f 1651/1651/1651 1614/1614/1614 1642/1642/1642
f 1643/1643/1643 1658/1658/1658 1642/1642/1642
f 1645/1645/1645 1659/1659/1659 1656/1656/1656
f 1661/1661/1661 1656/1656/1656 1659/1659/1659
f 1651/1651/1651 1658/1658/1658 1649/1649/1649
f 1160/1160/1160 1594/1594/1594 1659/1659/1659
f 1644/1644/1644 1652/1652/1652 1651/1651/1651
f 1644/1644/1644 1651/1651/1651 1649/1649/1649
f 1659/1659/1659 1594/1594/1594 1630/1630/1630
f 1659/1659/1659 1630/1630/1630 1661/1661/1661
f 1658/1658/1658 1653/1653/1653 1649/1649/1649
f 1658/1658/1658 1643/1643/1643 1653/1653/1653
f 1653/1653/1653 1643/1643/1643 1646/1646/1646
f 1661/1661/1661 1662/1662/1662 1656/1656/1656
f 1595/1595/1595 1596/1596/1596 1663/1663/1663
f 1404/1404/1404 1401/1401/1401 1655/1655/1655
f 1600/1600/1600 1588/1588/1588 1590/1590/1590
f 1590/1590/1590 1419/1419/1419 1600/1600/1600
f 1655/1655/1655 1657/1657/1657 1597/1597/1597
f 1597/1597/1597 1657/1657/1657 1662/1662/1662
f 1663/1663/1663 1596/1596/1596 1664/1664/1664
f 1404/1404/1404 1655/1655/1655 1597/1597/1597
f 1575/1575/1575 1595/1595/1595 1663/1663/1663
f 1575/1575/1575 1588/1588/1588 1595/1595/1595
f 1597/1597/1597 1582/1582/1582 1664/1664/1664
f 1575/1575/1575 1663/1663/1663 1581/1581/1581
f 1597/1597/1597 1664/1664/1664 1596/1596/1596
f 1640/1640/1640 1581/1581/1581 1583/1583/1583
f 1662/1662/1662 1657/1657/1657 1656/1656/1656
f 1576/1576/1576 1581/1581/1581 1640/1640/1640
f 1575/1575/1575 1581/1581/1581 1576/1576/1576
f 1582/1582/1582 1597/1597/1597 1662/1662/1662
f 1582/1582/1582 1662/1662/1662 1654/1654/1654
f 1654/1654/1654 1662/1662/1662 1661/1661/1661
f 1630/1630/1630 1654/1654/1654 1661/1661/1661
f 1581/1581/1581 1664/1664/1664 1582/1582/1582
f 1663/1663/1663 1664/1664/1664 1581/1581/1581
f 1582/1582/1582 1654/1654/1654 1583/1583/1583
f 1583/1583/1583 1654/1654/1654 1652/1652/1652
f 1665/1665/1665 1666/1666/1666 1667/1667/1667
f 1668/1668/1668 1669/1669/1669 1670/1670/1670
f 1666/1666/1666 1665/1665/1665 1671/1671/1671
f 1672/1672/1672 1668/1668/1668 1673/1673/1673
f 1668/1668/1668 1674/1674/1674 1673/1673/1673
f 1674/1674/1674 1668/1668/1668 1670/1670/1670
f 754/754/754 1307/1307/1307 359/359/359
f 1670/1670/1670 1669/1669/1669 1675/1675/1675
f 1676/1676/1676 1671/1671/1671 1665/1665/1665
f 1665/1665/1665 1677/1677/1677 1676/1676/1676
f 753/753/753 749/749/749 756/756/756
f 1670/1670/1670 1675/1675/1675 1674/1674/1674
f 1674/1674/1674 1678/1678/1678 1673/1673/1673
f 1586/1586/1586 1679/1679/1679 1660/1660/1660
f 1680/1680/1680 1681/1681/1681 1682/1682/1682
f 1683/1683/1683 753/753/753 756/756/756
f 1684/1684/1684 1626/1626/1626 1627/1627/1627
f 1669/1669/1669 1676/1676/1676 1677/1677/1677
f 1685/1685/1685 1671/1671/1671 1676/1676/1676
f 756/756/756 750/750/750 761/761/761
f 756/756/756 761/761/761 1686/1686/1686
f 1632/1632/1632 1687/1687/1687 1668/1668/1668
f 804/804/804 791/791/791 790/790/790
f 1668/1668/1668 1679/1679/1679 1632/1632/1632
f 1684/1684/1684 1669/1669/1669 1687/1687/1687
f 1688/1688/1688 756/756/756 1686/1686/1686
f 1683/1683/1683 756/756/756 1688/1688/1688
f 1671/1671/1671 1685/1685/1685 1684/1684/1684
f 1668/1668/1668 1687/1687/1687 1669/1669/1669
f 791/791/791 804/804/804 1689/1689/1689
f 1687/1687/1687 1626/1626/1626 1684/1684/1684
f 761/761/761 759/759/759 783/783/783
f 1685/1685/1685 1676/1676/1676 1669/1669/1669
f 1675/1675/1675 1669/1669/1669 1677/1677/1677
f 804/804/804 1690/1690/1690 1689/1689/1689
f 1686/1686/1686 761/761/761 783/783/783
f 1626/1626/1626 1687/1687/1687 1632/1632/1632
f 1691/1691/1691 1690/1690/1690 804/804/804
f 1692/1692/1692 1686/1686/1686 783/783/783
f 1684/1684/1684 1685/1685/1685 1669/1669/1669
f 775/775/775 811/811/811 786/786/786
f 1586/1586/1586 1632/1632/1632 1679/1679/1679
f 1692/1692/1692 1688/1688/1688 1686/1686/1686
f 1693/1693/1693 786/786/786 811/811/811
f 1694/1694/1694 1695/1695/1695 1690/1690/1690
f 1696/1696/1696 780/780/780 786/786/786
f 1697/1697/1697 1695/1695/1695 1694/1694/1694
f 782/782/782 780/780/780 1696/1696/1696
f 1677/1677/1677 1695/1695/1695 1697/1697/1697
f 1694/1694/1694 1698/1698/1698 1697/1697/1697
f 1699/1699/1699 1696/1696/1696 786/786/786
f 1700/1700/1700 1701/1701/1701 1702/1702/1702
f 1693/1693/1693 1699/1699/1699 786/786/786
f 1703/1703/1703 1688/1688/1688 1692/1692/1692
f 1607/1607/1607 1580/1580/1580 1660/1660/1660
f 1704/1704/1704 1696/1696/1696 1699/1699/1699
f 1693/1693/1693 1540/1540/1540 1705/1705/1705
f 1703/1703/1703 1692/1692/1692 1706/1706/1706
f 1700/1700/1700 1688/1688/1688 1703/1703/1703
f 1700/1700/1700 1703/1703/1703 1707/1707/1707
f 1707/1707/1707 1703/1703/1703 1706/1706/1706
f 1705/1705/1705 1699/1699/1699 1693/1693/1693
f 1708/1708/1708 1707/1707/1707 1706/1706/1706
f 753/753/753 1683/1683/1683 754/754/754
f 1709/1709/1709 1696/1696/1696 1704/1704/1704
f 1309/1309/1309 754/754/754 1683/1683/1683
f 1710/1710/1710 1704/1704/1704 1699/1699/1699
f 1705/1705/1705 1710/1710/1710 1699/1699/1699
f 1683/1683/1683 1688/1688/1688 1309/1309/1309
f 1327/1327/1327 1309/1309/1309 1702/1702/1702
f 1702/1702/1702 1381/1381/1381 1327/1327/1327
f 1702/1702/1702 1309/1309/1309 1688/1688/1688
f 1702/1702/1702 1688/1688/1688 1700/1700/1700
f 1612/1612/1612 1671/1671/1671 1624/1624/1624
f 783/783/783 779/779/779 1711/1711/1711
f 1624/1624/1624 1671/1671/1671 1684/1684/1684
f 804/804/804 805/805/805 1691/1691/1691
f 1624/1624/1624 1684/1684/1684 1627/1627/1627
f 787/787/787 1711/1711/1711 779/779/779
f 1711/1711/1711 787/787/787 1712/1712/1712
f 1478/1478/1478 1563/1563/1563 1713/1713/1713
f 1713/1713/1713 1714/1714/1714 1715/1715/1715
f 809/809/809 782/782/782 1696/1696/1696
f 1706/1706/1706 1692/1692/1692 783/783/783
f 1716/1716/1716 1567/1567/1567 1717/1717/1717
f 1718/1718/1718 1711/1711/1711 1712/1712/1712
f 1718/1718/1718 783/783/783 1711/1711/1711
f 809/809/809 1719/1719/1719 810/810/810
f 809/809/809 1720/1720/1720 1719/1719/1719
f 1713/1713/1713 1563/1563/1563 1567/1567/1567
f 1713/1713/1713 1567/1567/1567 1716/1716/1716
f 1513/1513/1513 1721/1721/1721 1515/1515/1515
f 1715/1715/1715 1714/1714/1714 1722/1722/1722
f 1717/1717/1717 1721/1721/1721 1723/1723/1723
f 1720/1720/1720 809/809/809 1696/1696/1696
f 810/810/810 805/805/805 806/806/806
f 787/787/787 791/791/791 1724/1724/1724
f 1714/1714/1714 1725/1725/1725 1726/1726/1726
f 1517/1517/1517 1721/1721/1721 1513/1513/1513
f 1719/1719/1719 805/805/805 810/810/810
f 1724/1724/1724 1712/1712/1712 787/787/787
f 1721/1721/1721 1517/1517/1517 1723/1723/1723
f 1727/1727/1727 1725/1725/1725 1716/1716/1716
f 1691/1691/1691 805/805/805 1719/1719/1719
f 1724/1724/1724 1728/1728/1728 1712/1712/1712
f 791/791/791 1689/1689/1689 1724/1724/1724
f 1607/1607/1607 1725/1725/1725 1727/1727/1727
f 1729/1729/1729 1691/1691/1691 1730/1730/1730
f 1713/1713/1713 1716/1716/1716 1714/1714/1714
f 1607/1607/1607 1723/1723/1723 1604/1604/1604
f 1723/1723/1723 1607/1607/1607 1727/1727/1727
f 1714/1714/1714 1716/1716/1716 1725/1725/1725
f 1729/1729/1729 1690/1690/1690 1691/1691/1691
f 1478/1478/1478 1713/1713/1713 1715/1715/1715
f 1515/1515/1515 1717/1717/1717 1566/1566/1566
f 1717/1717/1717 1567/1567/1567 1566/1566/1566
f 1515/1515/1515 1721/1721/1721 1717/1717/1717
f 1694/1694/1694 1690/1690/1690 1729/1729/1729
f 1604/1604/1604 1723/1723/1723 1517/1517/1517
f 1718/1718/1718 1706/1706/1706 783/783/783
f 1727/1727/1727 1716/1716/1716 1717/1717/1717
f 1694/1694/1694 1729/1729/1729 1730/1730/1730
f 1717/1717/1717 1723/1723/1723 1727/1727/1727
f 1728/1728/1728 1718/1718/1718 1712/1712/1712
f 1731/1731/1731 1718/1718/1718 1728/1728/1728
f 1672/1672/1672 1732/1732/1732 1679/1679/1679
f 1733/1733/1733 1719/1719/1719 1720/1720/1720
f 1708/1708/1708 1706/1706/1706 1718/1718/1718
f 1709/1709/1709 1720/1720/1720 1696/1696/1696
f 1725/1725/1725 1732/1732/1732 1726/1726/1726
f 1660/1660/1660 1679/1679/1679 1732/1732/1732
f 1709/1709/1709 1704/1704/1704 1734/1734/1734
f 1660/1660/1660 1732/1732/1732 1725/1725/1725
f 1734/1734/1734 1733/1733/1733 1709/1709/1709
f 1725/1725/1725 1607/1607/1607 1660/1660/1660
f 1731/1731/1731 1708/1708/1708 1718/1718/1718
f 1720/1720/1720 1709/1709/1709 1733/1733/1733
f 1679/1679/1679 1668/1668/1668 1672/1672/1672
f 1730/1730/1730 1691/1691/1691 1719/1719/1719
f 1735/1735/1735 1728/1728/1728 1724/1724/1724
f 1719/1719/1719 1733/1733/1733 1730/1730/1730
f 1735/1735/1735 1724/1724/1724 1689/1689/1689
f 811/811/811 653/653/653 1538/1538/1538
f 1735/1735/1735 1689/1689/1689 1690/1690/1690
f 1736/1736/1736 1735/1735/1735 1690/1690/1690
f 1693/1693/1693 811/811/811 1538/1538/1538
f 1540/1540/1540 1693/1693/1693 1538/1538/1538
f 1731/1731/1731 1728/1728/1728 1737/1737/1737
f 1728/1728/1728 1735/1735/1735 1737/1737/1737
f 1705/1705/1705 1447/1447/1447 1446/1446/1446
f 1738/1738/1738 1705/1705/1705 1446/1446/1446
f 1739/1739/1739 1740/1740/1740 1701/1701/1701
f 1380/1380/1380 1381/1381/1381 1740/1740/1740
f 1380/1380/1380 1740/1740/1740 1741/1741/1741
f 1741/1741/1741 1740/1740/1740 1739/1739/1739
f 1742/1742/1742 1738/1738/1738 1446/1446/1446
f 1743/1743/1743 1741/1741/1741 1739/1739/1739
f 1739/1739/1739 1701/1701/1701 1700/1700/1700
f 1744/1744/1744 1738/1738/1738 1742/1742/1742
f 1738/1738/1738 1710/1710/1710 1705/1705/1705
f 1700/1700/1700 1707/1707/1707 1745/1745/1745
f 1708/1708/1708 1745/1745/1745 1707/1707/1707
f 1710/1710/1710 1734/1734/1734 1704/1704/1704
f 1744/1744/1744 1710/1710/1710 1738/1738/1738
f 1743/1743/1743 1739/1739/1739 1700/1700/1700
f 1745/1745/1745 1743/1743/1743 1700/1700/1700
f 1680/1680/1680 1710/1710/1710 1744/1744/1744
f 1746/1746/1746 1743/1743/1743 1745/1745/1745
f 1110/1110/1110 1380/1380/1380 1741/1741/1741
f 1726/1726/1726 1722/1722/1722 1714/1714/1714
f 1726/1726/1726 1747/1747/1747 1722/1722/1722
f 1741/1741/1741 1602/1602/1602 1110/1110/1110
f 1110/1110/1110 1602/1602/1602 1111/1111/1111
f 1452/1452/1452 1742/1742/1742 1446/1446/1446
f 1741/1741/1741 1743/1743/1743 1602/1602/1602
f 1452/1452/1452 1478/1478/1478 1742/1742/1742
f 1478/1478/1478 1464/1464/1464 1563/1563/1563
f 1616/1616/1616 1602/1602/1602 1743/1743/1743
f 1605/1605/1605 1602/1602/1602 1616/1616/1616
f 1722/1722/1722 1744/1744/1744 1742/1742/1742
f 1478/1478/1478 1722/1722/1722 1742/1742/1742
f 1681/1681/1681 1680/1680/1680 1744/1744/1744
f 1748/1748/1748 1743/1743/1743 1746/1746/1746
f 1616/1616/1616 1743/1743/1743 1611/1611/1611
f 1743/1743/1743 1748/1748/1748 1611/1611/1611
f 1722/1722/1722 1681/1681/1681 1744/1744/1744
f 1747/1747/1747 1682/1682/1682 1681/1681/1681
f 1478/1478/1478 1715/1715/1715 1722/1722/1722
f 1616/1616/1616 1611/1611/1611 1610/1610/1610
f 1681/1681/1681 1722/1722/1722 1747/1747/1747
f 1702/1702/1702 1740/1740/1740 1381/1381/1381
f 1749/1749/1749 1730/1730/1730 1750/1750/1750
f 1740/1740/1740 1702/1702/1702 1701/1701/1701
f 1730/1730/1730 1749/1749/1749 1694/1694/1694
f 1698/1698/1698 1694/1694/1694 1749/1749/1749
f 1745/1745/1745 1708/1708/1708 1751/1751/1751
f 1745/1745/1745 1751/1751/1751 1746/1746/1746
f 1752/1752/1752 1708/1708/1708 1731/1731/1731
f 1752/1752/1752 1751/1751/1751 1708/1708/1708
f 1752/1752/1752 1731/1731/1731 1737/1737/1737
f 1753/1753/1753 1749/1749/1749 1750/1750/1750
f 1753/1753/1753 1698/1698/1698 1749/1749/1749
f 1753/1753/1753 1674/1674/1674 1698/1698/1698
f 1748/1748/1748 1746/1746/1746 1751/1751/1751
f 1698/1698/1698 1674/1674/1674 1697/1697/1697
f 1734/1734/1734 1710/1710/1710 1680/1680/1680
f 1748/1748/1748 1751/1751/1751 1752/1752/1752
f 1680/1680/1680 1754/1754/1754 1734/1734/1734
f 1667/1667/1667 1748/1748/1748 1752/1752/1752
f 1730/1730/1730 1733/1733/1733 1750/1750/1750
f 1734/1734/1734 1750/1750/1750 1733/1733/1733
f 1754/1754/1754 1750/1750/1750 1734/1734/1734
f 1737/1737/1737 1736/1736/1736 1755/1755/1755
f 1736/1736/1736 1737/1737/1737 1735/1735/1735
f 1736/1736/1736 1690/1690/1690 1695/1695/1695
f 1750/1750/1750 1754/1754/1754 1753/1753/1753
f 1677/1677/1677 1736/1736/1736 1695/1695/1695
f 1755/1755/1755 1667/1667/1667 1752/1752/1752
f 1755/1755/1755 1752/1752/1752 1737/1737/1737
f 1680/1680/1680 1753/1753/1753 1754/1754/1754
f 1753/1753/1753 1680/1680/1680 1682/1682/1682
f 1665/1665/1665 1667/1667/1667 1755/1755/1755
f 1665/1665/1665 1755/1755/1755 1677/1677/1677
f 1678/1678/1678 1753/1753/1753 1682/1682/1682
f 1755/1755/1755 1736/1736/1736 1677/1677/1677
f 1732/1732/1732 1747/1747/1747 1726/1726/1726
f 1673/1673/1673 1678/1678/1678 1747/1747/1747
f 1678/1678/1678 1682/1682/1682 1747/1747/1747
f 1747/1747/1747 1732/1732/1732 1673/1673/1673
f 1672/1672/1672 1673/1673/1673 1732/1732/1732
f 1675/1675/1675 1677/1677/1677 1697/1697/1697
f 1611/1611/1611 1748/1748/1748 1666/1666/1666
f 1611/1611/1611 1666/1666/1666 1671/1671/1671
f 1675/1675/1675 1697/1697/1697 1674/1674/1674
f 1612/1612/1612 1611/1611/1611 1671/1671/1671
f 1678/1678/1678 1674/1674/1674 1753/1753/1753
f 1667/1667/1667 1666/1666/1666 1748/1748/1748
