mtllib 025_mug.mtl
o 025_mug
usemtl ycb_025_mug_material
v -0.0606250018 0.00857600011 0.0309309997
v -0.0588079989 0.00303600007 0.0243679993
v -0.0588210002 0.00229500001 0.0322830006
v -0.0491999984 -0.00398099981 -0.000113000002
v -0.0399589986 -0.0117950002 -0.000218999994
v -0.0422170013 -0.0130000003 0.00028800001
v -0.0487679988 -0.00943300035 0.001346
v -0.0521980003 -0.00187899999 0.000203999996
v -0.0510299988 -0.00916600041 0.00448200013
v -0.0547720008 -0.00473600021 0.0158600006
v -0.0560179986 -0.002721 0.0116250003
v -0.0303310007 -0.00828900002 0.00153200002
v -0.0236479994 -0.0103479996 0.00136999995
v -0.0224469993 -0.007125 0.00176599994
v -0.0479549989 -0.0130620003 0.0236130003
v -0.0495689996 -0.0112300003 0.00869200006
v -0.0468330011 0.000867999974 0.00115000003
v -0.0463359989 -0.003272 0.000707999978
v -0.0422279984 -0.00468799984 0.00123199995
v -0.0600869991 0.0197679996 0.00272700004
v -0.0585290007 0.0187689997 0.000884999987
v -0.0582510009 0.00737300003 0.00166900002
v -0.0609709993 0.0135249998 0.00613400014
v -0.0310820006 -0.0210749991 0.00323799998
v -0.0316580012 -0.0192499999 0.00099900004
v -0.0260889996 -0.0223360006 0.00356799993
v -0.0240860004 -0.0204830002 0.000538000022
v -0.0240860004 -0.0204830002 0.000538000022
v -0.0316580012 -0.0192499999 0.00099900004
v -0.0313809998 -0.0162729993 -0.000308999995
v -0.061443001 0.0173450001 0.0199490003
v -0.061333999 0.0199079998 0.00981600024
v -0.0337149985 0.0131339999 0.001407
v -0.0305809993 -0.00659500016 0.000798000023
v -0.0421070009 0.00484499987 0.000870999997
v -0.0384319983 0.00395900011 0.00227100006
v -0.0340830013 -0.00165999995 0.00211800006
v -0.0316700004 0.00596799981 0.00251000002
v -0.0582510009 0.00737300003 0.00166900002
v -0.0558459982 -0.00139500003 0.00310999993
v -0.034341 -0.0210239999 0.0175020006
v -0.0381070003 -0.019289 0.00715800002
v -0.0293979999 -0.0222379994 0.00841499958
v -0.0242480002 0.000648999994 0.00125600002
v -0.0413450003 -0.0177820008 0.0230400003
v -0.0442520007 -0.0157609992 0.0140749998
v -0.0592509992 0.00535300002 0.00552800018
v -0.0558459982 -0.00139500003 0.00310999993
v -0.044822 -0.0149590001 0.00507199997
v -0.0381209999 -0.018073 0.00239500008
v -0.0487679988 -0.00943300035 0.001346
v -0.0422170013 -0.0130000003 0.00028800001
v -0.0510299988 -0.00916600041 0.00448200013
v -0.0381209999 -0.018073 0.00239500008
v -0.0565860011 0.0111999996 0.000138999996
v -0.0529090017 0.0105039999 -9.00000014e-05
v -0.0579910018 0.00863500033 0.00265499996
v -0.0559859984 0.00254200003 0.0024939999
v -0.0534050018 0.00595600018 0.000673000002
v -0.0542059988 0.00853100047 0.000540999987
v -0.0518399999 0.00164699997 0.000651000009
v -0.0462439992 0.00579799991 0.00167000003
v -0.051752001 0.00972199999 0.00121000002
v -0.0270269997 0.0103869997 0.00142700004
v -0.0315029994 -0.0152770001 0.000404999999
v -0.0341369994 -0.0179099999 0.00171400001
v -0.0302300006 -0.0156180002 0.000923999993
v -0.0193220004 -0.0231919996 0.00575200003
v -0.0240860004 -0.0204830002 0.000538000022
v -0.0181980003 -0.0214850008 0.00142600003
v -0.03565 -0.0206039995 0.0395869985
v -0.0405259989 -0.0183099993 0.0397480018
v -0.023418 -0.0157549996 0.000812000013
v -0.0236670002 -0.0136230001 0.000861999986
v -0.026362 -0.0163589995 0.000729000021
v -0.0181980003 -0.0214850008 0.00142600003
v -0.0109479995 -0.0184400007 4.6000001e-05
v -0.0142240003 -0.0165550001 -0.00043700001
v -0.0121759996 -0.0208279993 0.00208500004
v -0.0101610003 -0.0217279997 0.0058530001
v -0.0109479995 -0.0184400007 4.6000001e-05
v -0.00497200014 -0.0193300005 0.00332799996
v -0.0463339984 0.0091380002 0.00155599997
v -0.0425859988 0.00657500001 0.00196900009
v -0.0407069996 0.0110010002 0.002201
v -0.0255720001 -0.0231100004 0.0230129994
v -0.0193220004 -0.0231919996 0.00575200003
v -0.0316589996 -0.0218499992 0.0249400008
v -0.00977000035 -0.00481100008 0.00067899999
v -0.0293979999 -0.0222379994 0.00841499958
v -0.0201970004 -0.0234220009 0.0154149998
v -0.0602909997 0.00827100035 0.0166369993
v -0.0536449999 -0.00709699979 0.0326110013
v -0.00355100003 -0.0170929991 0.00111199997
v -0.0124690002 -0.0226310007 0.0205010008
v -0.00742200017 -0.0122640003 0.000847999996
v -0.00875599962 -0.0166890007 0.000829000026
v -0.00460600015 -0.0143769998 0.000312999997
v -0.0371709988 -0.00994099956 0.000676000025
v -0.0380380005 -0.00889000017 0.00189900002
v -0.0392300002 -0.0116790002 0.000720000011
v -0.0301339999 -0.0223970003 0.0331460014
v -0.0316589996 -0.0218499992 0.0249400008
v -0.0255720001 -0.0231100004 0.0230129994
v -0.0558080003 -0.0040409998 0.0398520008
v -0.0102749998 -0.0137080001 0.000433000008
v -0.0195039995 -0.0235229991 0.0426120013
v -0.0236189999 -0.0233580004 0.0359029993
v 0.000484999997 -0.00861600041 -0.000530000019
v -0.0177040007 -0.00625400012 0.00174400001
v -0.0100710001 -0.00870699994 0.00118200004
v -0.00710200006 -0.00561399991 0.00138999999
v -0.0479549989 -0.0130620003 0.0236130003
v -0.0490499996 -0.0122809997 0.0385879986
v -0.0437170006 -0.0165059995 0.048117999
v -0.0490499996 -0.0122809997 0.0385879986
v -0.0439390019 -0.0162819996 0.0396369994
v -0.017337 0.00827699993 0.00140900002
v -0.0327120014 -0.0217829999 0.0565260015
v -0.0322429985 -0.0218860004 0.0468880013
v -0.0272419993 -0.0228979997 0.0451099984
v -0.0229880009 -0.0235680006 0.0560309999
v -0.0327120014 -0.0217829999 0.0565260015
v -0.0272419993 -0.0228979997 0.0451099984
v -0.0322429985 -0.0218860004 0.0468880013
v -0.0495689996 -0.0112300003 0.00869200006
v -0.0487679988 -0.00943300035 0.001346
v -0.0521980003 -0.00187899999 0.000203999996
v -0.0399740003 -0.0186969992 0.0539220013
v -0.0481970012 -0.00787600037 0.00186600001
v -0.0500040017 -0.00503099989 0.001804
v -0.0505609997 -0.00632600021 0.00278500002
v -0.0222159997 -0.0171949994 0.000735000009
v -0.0196800008 -0.0166280009 0.00104899995
v -0.0404249988 0.00778699992 0.00230200007
v -0.0190980006 -0.0118230004 0.00114399998
v -0.0474710017 -0.00901299994 0.00274799997
v -0.047203999 -0.0107800001 0.00378999999
v -0.0469309986 -0.0102859996 0.00200599991
v -0.0447910018 -0.0121200001 0.00411800016
v -0.0440860018 -0.0107850004 0.00286599994
v -0.0467710011 0.0130279996 0.00181299995
v -0.0492470004 -0.00863400009 0.00390399992
v -0.0481970012 -0.00787600037 0.00186600001
v -0.0477380008 -0.00794100016 0.00339700002
v -0.0462910011 -0.00690500019 0.000957000011
v -0.0458640009 -0.00882100035 0.00235099997
v -0.0169970002 -0.0146989999 0.00082299998
v -0.0179750007 -0.0175219998 0.00102099997
v -0.0165899992 -0.0178309996 0.00124799996
v -0.0473689996 -0.00560199982 0.000682000013
v -0.0203329995 -0.0174429994 0.00209400011
v -0.0493130013 -0.000556999992 0.00116600003
v -0.0491460003 -0.00414900016 0.00294200005
v -0.0462910011 -0.00690500019 0.000957000011
v -0.0458820015 -0.00569800008 0.00234299991
v -0.0437740013 -0.00785700046 0.000875000027
v -0.0201970004 -0.0234220009 0.0154149998
v -0.0134439999 -0.0109320004 0.00124500005
v -0.014343 -0.0143269999 0.00227300008
v -0.0280000009 -0.0200590007 0.00220500003
v -0.0259489994 -0.0199350007 0.00261300011
v -0.0269150008 -0.0183630008 0.000995000009
v -0.0308250003 -0.0179549996 0.00178000005
v -0.0579119995 0.0075960001 0.00604900019
v -0.0574950017 0.00609999988 0.00433799997
v -0.0584239997 0.00922999997 0.00551000005
v -0.00381199992 -0.0156430006 0.001346
v -0.0151779996 -0.0174950007 0.00153699995
v -0.0143799996 -0.0189009998 0.00153400004
v -0.0130319996 -0.0149640003 0.00121100002
v -0.0116729997 -0.0166609995 0.000543000002
v -0.0121579999 -0.0201650001 0.00242100004
v -0.0400279984 -0.0154240001 0.00335999997
v -0.0386469997 -0.0169050004 0.00369499996
v -0.0391310006 -0.014707 0.00149199995
v -0.0407570004 -0.00976399984 0.00107700005
v -0.0432589985 -0.0127119999 0.00182100001
v -0.00896599982 -0.0187599994 0.00199400005
v -0.00972199999 -0.0186400004 0.00397699978
v -0.036127001 -0.0113730002 0.00104700006
v -0.0369190015 -0.0147850001 0.000953999988
v -0.00513800001 -0.0185359996 0.00414799992
v -0.0133379996 -0.0129509997 0.001208
v -0.00906500034 -0.0116999997 0.00147799996
v -0.0147059998 -0.0230790004 0.0379789993
v -0.0419920012 -0.0143400002 0.00307699991
v -0.0109980004 -0.0115879998 0.00284099998
v -0.0437740013 -0.00785700046 0.000875000027
v -0.0421120003 -0.010024 0.00242200005
v -0.0407570004 -0.00976399984 0.00107700005
v -0.0421120003 -0.010024 0.00242200005
v -0.00856599957 -0.00994099956 0.00120499998
v -0.00560300006 -0.0106699998 0.00106399995
v -0.00437500002 -0.012197 0.00179999997
v -0.0318370014 -0.0193550009 0.00356799993
v -0.0348570012 -0.0188379996 0.00410200004
v -0.0317809992 -0.0186149999 0.00423099985
v -0.0318370014 -0.0193550009 0.00356799993
v -0.0348570012 -0.0188379996 0.00410200004
v -0.0289149992 -0.019452 0.00296900002
v -0.0301970001 -0.0202849992 0.00319400011
v -0.0301970001 -0.0202849992 0.00319400011
v -0.0318370014 -0.0193550009 0.00356799993
v -0.0289149992 -0.019452 0.00296900002
v -0.0591860004 0.00303700007 0.0418489985
v -0.0246220008 -0.0207790006 0.00360299996
v -0.0280000009 -0.0200590007 0.00220500003
v -0.0308820009 -0.0168750007 0.00185100001
v -0.0308079999 -0.0129199997 0.000780000002
v -0.0316589996 -0.0218499992 0.0249400008
v -0.0301339999 -0.0223970003 0.0331460014
v -0.00199400005 -0.0116429999 0.000976999989
v -0.00208800007 -0.00845099986 0.000346999994
v -0.00490699988 -0.00846800022 0.000656999997
v -0.0246220008 -0.0207790006 0.00360299996
v -0.0229359996 -0.0202060007 0.00218200008
v -0.0244970005 -0.0189159997 0.00215599989
v -0.0233239997 -0.0193809997 0.00152499997
v -0.0200999994 -0.0202450007 0.00142800005
v -0.0236060005 -0.0178939998 0.00227700011
v -0.00398899987 -0.00309500005 0.001437
v -0.0170610007 -0.0188059993 0.001544
v -0.0049180002 0.000676999975 0.00177900004
v -0.0207679998 -0.0203520004 0.00308499997
v -0.0200999994 -0.0202450007 0.00142800005
v -0.0233239997 -0.0193809997 0.00152499997
v -0.00124600006 -0.0048489999 0.000954999996
v -9.79999968e-05 -0.000531999976 0.00118599995
v -0.0161109995 -0.0204319991 0.00387399993
v -0.0139570003 -0.0197199993 0.0028919999
v -0.015904 -0.0201420002 0.00256699999
v -0.0143799996 -0.0189009998 0.00153400004
v -0.0149320001 -0.0190880001 0.00323699997
v -0.0139570003 -0.0197199993 0.0028919999
v -0.0115430001 -0.0201060008 0.0042770002
v -0.0617440008 0.01664 0.0371170007
v -0.0416570008 0.00225599995 0.00173500006
v -0.0214499999 -0.00184100005 0.0021540001
v -0.0139899999 -0.0025210001 0.00202200003
v -0.0338939987 0.0149579998 0.00263
v -0.023325 -0.000264000002 0.00246699993
v -0.0175020006 0.00144100003 0.0023370001
v -0.0125829997 0.000569999975 0.00202100002
v -0.034260001 -0.0096850004 0.00177500001
v -0.0209689997 0.00380300009 0.00275700004
v -0.0365779996 -0.00577400019 0.00139600004
v -0.035588 -0.00872700009 0.00273000007
v -0.0295390002 -0.00380400009 0.00223500002
v -0.0261480007 -0.00406000018 0.00203999993
v -0.030274 0.00135100004 0.00235800003
v -0.0233040005 -0.0224210005 0.0547560006
v -0.0219379999 -0.0223299991 0.0502719991
v -0.0271669999 -0.0218499992 0.0560330003
v -0.0275660008 0.000814000028 0.00233400008
v -0.0484240018 -0.0113220001 0.0439129993
v -0.0479190014 -0.010942 0.0390999988
v -0.0502130017 -0.00902900007 0.0378170013
v -0.0524640009 -0.00673299981 0.0413829982
v -0.0266299993 0.00440300023 0.00245400006
v -0.0524640009 -0.00673299981 0.0413829982
v -0.0502130017 -0.00902900007 0.0378170013
v -0.0525639988 -0.00565900002 0.0388699993
v -0.0439019985 -0.0145190004 0.0406679995
v -0.0452269986 -0.0139349997 0.042684
v -0.0407450013 -0.0168450009 0.0425539985
v -0.0470019989 -0.0121950004 0.0388949998
v -0.0605700016 0.0223580003 0.00489100022
v -0.0553210005 -0.00210499996 0.0390059985
v -0.0545429997 -0.000816999993 0.00374100008
v -0.0531800017 -0.000277000014 0.00225799996
v -0.0542879999 0.00193200004 0.00139200001
v -0.0511839986 -0.00295699993 0.001009
v -0.0559550002 0.00234699994 0.00451399991
v -0.0341629982 -0.0200100001 0.0459449999
v -0.0299740005 -0.0211350005 0.0379469991
v -0.0338400006 -0.0193879995 0.0391889997
v -0.027942 -0.0215569995 0.0435700007
v -0.0545429997 -0.000816999993 0.00374100008
v -0.0530529991 -0.00321600004 0.0046910001
v -0.0272419993 -0.0228979997 0.0451099984
v -0.0301339999 -0.0223970003 0.0331460014
v -0.0492849983 -0.00491600018 0.00327300001
v -0.0505609997 -0.00632600021 0.00278500002
v -0.0530529991 -0.00321600004 0.0046910001
v -0.0236610007 -0.0219379999 0.0369269997
v -0.0269080009 -0.0208710004 0.0367840007
v -0.0271090008 -0.0217220001 0.0390070006
v -0.018135 -0.0218729991 0.0377659984
v -0.0210510008 -0.0223430004 0.0422799997
v -0.0267409999 -0.0218529999 0.046374999
v -0.0565330014 0.010818 0.00240099989
v -0.0555270016 0.0109379999 0.00127799995
v -0.058366999 0.0132189998 0.00471200002
v -0.0225409996 -0.0223319996 0.0471870005
v -0.0386120006 -0.0176739991 0.0419760011
v -0.0582510009 0.00737300003 0.00166900002
v -0.0585290007 0.0187689997 0.000884999987
v -0.0568590015 0.0125120003 0.00227899989
v -0.0583020002 0.0140699996 0.00359899993
v -0.0593839996 0.0175720006 0.00387099991
v -0.0575399995 0.0150659997 0.00244099996
v -0.0565479994 0.0176040009 0.00091100001
v -0.0542800017 0.0130970003 0.00111399998
v -0.0515960008 0.0160119999 0.00109799998
v -0.0371479988 -0.0187979992 0.0503740013
v -0.0433100015 -0.0154179996 0.0500800014
v -0.0272419993 -0.0228979997 0.0451099984
v -0.0236189999 -0.0233580004 0.0359029993
v -0.0306059998 -0.0211110003 0.0547280014
v -0.0477380008 -0.00794100016 0.00339700002
v -0.0481970012 -0.00787600037 0.00186600001
v -0.0474710017 -0.00901299994 0.00274799997
v -0.0458640009 -0.00882100035 0.00235099997
v -0.0165190008 -0.0161220003 0.00261000008
v -0.0170610007 -0.0188059993 0.001544
v -0.0179750007 -0.0175219998 0.00102099997
v -0.0165899992 -0.0178309996 0.00124799996
v -0.0165190008 -0.0161220003 0.00261000008
v -0.0169970002 -0.0146989999 0.00082299998
v -0.0194419995 -0.0146840001 0.00506799994
v -0.0203329995 -0.0174429994 0.00209400011
v -0.014343 -0.0143269999 0.00227300008
v -0.0142940003 -0.0149560003 0.00334899989
v -0.0458820015 -0.00569800008 0.00234299991
v -0.0579119995 0.0075960001 0.00604900019
v -0.0584239997 0.00922999997 0.00551000005
v -0.0540120006 0.00947999954 0.00579700014
v -0.0564269982 0.0134720001 0.00372199994
v -0.058366999 0.0132189998 0.00471200002
v -0.0583020002 0.0140699996 0.00359899993
v -0.0149320001 -0.0190880001 0.00323699997
v -0.0593839996 0.0175720006 0.00387099991
v -0.0566059984 0.0147320004 0.00335699995
v -0.0575399995 0.0150659997 0.00244099996
v -0.0151779996 -0.0174950007 0.00153699995
v -0.0147040002 -0.0172150005 0.00332799996
v -0.0149320001 -0.0190880001 0.00323699997
v -0.0139870001 -0.0156900007 0.00292399991
v -0.0115430001 -0.0201060008 0.0042770002
v -0.0147040002 -0.0172150005 0.00332799996
v -0.00972199999 -0.0186400004 0.00397699978
v -0.0139870001 -0.0156900007 0.00292399991
v -0.0139870001 -0.0156900007 0.00292399991
v -0.0142940003 -0.0149560003 0.00334899989
v -0.0139870001 -0.0156900007 0.00292399991
v -0.014343 -0.0143269999 0.00227300008
v -0.00605600001 -0.0118420003 0.00428600004
v -0.00513800001 -0.0185359996 0.00414799992
v -0.0425760001 -0.0116579998 0.00385099999
v -0.0400279984 -0.0154240001 0.00335999997
v -0.0419920012 -0.0143400002 0.00307699991
v -0.0386469997 -0.0169050004 0.00369499996
v -0.0345619991 -0.0126219997 0.0045119999
v -0.0447910018 -0.0121200001 0.00411800016
v -0.0477380008 -0.00794100016 0.00339700002
v -0.047203999 -0.0107800001 0.00378999999
v -0.0440860018 -0.0107850004 0.00286599994
v -0.0413910002 -0.00928900018 0.00341399992
v -0.0390460007 -0.0105029996 0.00365300011
v -0.0421120003 -0.010024 0.00242200005
v -0.0318409987 -0.0146150002 0.00407199981
v -0.0285890009 -0.0167289991 0.00301999995
v -0.0244970005 -0.0189159997 0.00215599989
v -0.0229359996 -0.0202060007 0.00218200008
v -0.0246220008 -0.0207790006 0.00360299996
v -0.0236060005 -0.0178939998 0.00227700011
v -0.0203329995 -0.0174429994 0.00209400011
v -0.0149320001 -0.0190880001 0.00323699997
v -0.015904 -0.0201420002 0.00256699999
v -0.0149320001 -0.0190880001 0.00323699997
v -0.0161109995 -0.0204319991 0.00387399993
v -0.0149320001 -0.0190880001 0.00323699997
v -0.0149320001 -0.0190880001 0.00323699997
v -0.0244970005 -0.0189159997 0.00215599989
v -0.0458820015 -0.00569800008 0.00234299991
v -0.0458820015 -0.00569800008 0.00234299991
v -0.0492470004 -0.00863400009 0.00390399992
v -0.0484759994 -0.0040839999 0.00311599998
v -0.0479190014 -0.010942 0.0390999988
v -0.0455599986 -0.00547200022 0.0392329991
v -0.0502130017 -0.00902900007 0.0378170013
v -0.0418430008 -0.0118669998 0.0405439995
v -0.0439019985 -0.0145190004 0.0406679995
v -0.0386120006 -0.0176739991 0.0419760011
v -0.0470019989 -0.0121950004 0.0388949998
v -0.0525639988 -0.00565900002 0.0388699993
v -0.0338400006 -0.0193879995 0.0391889997
v -0.0299740005 -0.0211350005 0.0379469991
v -0.0269080009 -0.0208710004 0.0367840007
v -0.0545429997 -0.000816999993 0.00374100008
v -0.0523740016 0.000184999997 0.00466200011
v -0.0559550002 0.00234699994 0.00451399991
v -0.0574950017 0.00609999988 0.00433799997
v -0.0236610007 -0.0219379999 0.0369269997
v -0.019785 -0.0174400005 0.0380120017
v -0.0487099998 -0.00417400012 0.00247599999
v -0.0492849983 -0.00491600018 0.00327300001
v -0.0487099998 -0.00417400012 0.00247599999
v -0.0492849983 -0.00491600018 0.00327300001
v -0.0500040017 -0.00503099989 0.001804
v -0.0487099998 -0.00417400012 0.00247599999
v -0.0491460003 -0.00414900016 0.00294200005
v -0.0366309993 -0.0140429996 0.0409479998
v -0.0564269982 0.0134720001 0.00372199994
v -0.0566059984 0.0147320004 0.00335699995
v -0.0558580011 0.0161039997 0.00142700004
v -0.0494580008 0.00488500018 0.0069579999
v -0.0426050015 0.00234399992 0.0102150002
v -0.0484849997 0.0178510007 0.0101570003
v -0.0215860009 -0.00752299977 0.0106790001
v -0.0308180004 -0.00722499983 0.0092740003
v -0.0343479998 -0.00444799988 0.0101410002
v -0.012383 -0.00645399978 0.0102930004
v -0.00642600004 -0.00158399995 0.0118720001
v -0.0507350005 0.002874 0.0398139991
v -0.0553210005 -0.00210499996 0.0390059985
v -0.0259409994 -0.0142900003 0.0385099985
v -0.0299929995 -0.0146669997 0.039175
v -0.018135 -0.0218729991 0.0377659984
v -0.0204450004 -0.0133950002 0.0381690003
v -0.0343479998 -0.00444799988 0.0101410002
v -0.0426050015 0.00234399992 0.0102150002
v -0.0351330005 0.000315999991 0.0158319995
v -0.0459510013 0.00936600007 0.0109590003
v -0.0289420001 -0.0028570001 0.0161090009
v -0.0447360016 0.0141589995 0.0145720001
v -0.0289420001 -0.0028570001 0.0161090009
v -0.0410940014 0.00436600018 0.0136430003
v -0.0355559997 0.00333600002 0.0231149998
v -0.0297609996 -0.000388999993 0.0243069995
v -0.0410940014 0.00436600018 0.0136430003
v -0.0447360016 0.0141589995 0.0145720001
v -0.0459510013 0.00936600007 0.0109590003
v -0.040874999 0.0109919999 0.0215130001
v -0.0215860009 -0.00752299977 0.0106790001
v -0.0308180004 -0.00722499983 0.0092740003
v -0.0156299993 -0.00313699991 0.0167210009
v -0.012383 -0.00645399978 0.0102930004
v -0.0227259994 -0.0042150002 0.0164219998
v -0.0156299993 -0.00313699991 0.0167210009
v -0.00642600004 -0.00158399995 0.0118720001
v -0.012383 -0.00645399978 0.0102930004
v -0.00769599993 0.00121100002 0.0183899999
v -0.0165890008 -0.00216599996 0.0242289994
v -0.00779000018 0.00206300011 0.0248119999
v -0.0156330001 -0.00225199992 0.0287870001
v -0.00613400014 0.00220800005 0.0294150002
v -0.00779000018 0.00206300011 0.0248119999
v -0.0156330001 -0.00225199992 0.0287870001
v -0.0426240005 -0.00225999998 0.038594
v -0.0451710001 0.00489499979 0.0374829993
v -0.0316010006 -0.00855599996 0.0379250012
v -0.0426240005 -0.00225999998 0.038594
v -0.0316010006 -0.00855599996 0.0379250012
v -0.037450999 -0.00193499995 0.0357259996
v -0.028097 -0.00475999992 0.0331780016
v -0.028097 -0.00475999992 0.0331780016
v -0.0316010006 -0.00855599996 0.0379250012
v -0.0248039998 -0.00819199998 0.0357399993
v -0.0248039998 -0.00819199998 0.0357399993
v -0.0195339993 -0.00907099992 0.0362159982
v -0.043322999 0.0130939996 0.0327059999
v -0.0451710001 0.00489499979 0.0374829993
v -0.0383610018 0.00434600003 0.0313040018
v -0.0472289994 0.0146479998 0.0368239991
v -0.042222999 0.0219429992 0.0310689993
v -0.0435610004 0.0249639992 0.0345150009
v -0.0241780002 -0.00222799997 0.0223960001
v -0.0165890008 -0.00216599996 0.0242289994
v -0.0237390008 -0.00313100009 0.028709
v -0.0237390008 -0.00313100009 0.028709
v -0.0165890008 -0.00216599996 0.0242289994
v -0.0241780002 -0.00222799997 0.0223960001
v -0.032269001 -0.000413000002 0.0296199992
v -0.0378089994 0.00627500005 0.0262410007
v -0.032269001 -0.000413000002 0.0296199992
v -0.0378089994 0.00627500005 0.0262410007
v -0.0418719985 0.0163049996 0.0215969998
v -0.0378089994 0.00627500005 0.0262410007
v -0.0417650007 0.0153289996 0.0275960006
v -0.0417650007 0.0153289996 0.0275960006
v -0.0417650007 0.0153289996 0.0275960006
v -0.040874999 0.0109919999 0.0215130001
v -0.0418719985 0.0163049996 0.0215969998
v -0.042222999 0.0219429992 0.0310689993
v -0.043322999 0.0130939996 0.0327059999
v -0.032269001 -0.000413000002 0.0296199992
v -0.037450999 -0.00193499995 0.0357259996
v -0.0195339993 -0.00907099992 0.0362159982
v -0.0188699998 -0.00533800013 0.0324440002
v -0.00249799993 -0.0189730003 0.0109959999
v -0.00447499985 -0.0200689994 0.0192419998
v 0.00678700022 -0.0130129997 0.0594590008
v -0.00183099997 -0.0189379994 0.0456239991
v 0.00288999989 -0.0159230009 0.0433330014
v 0.000322999986 -0.0178319998 0.0578779988
v 0.00817000028 -0.0117290001 0.0392550007
v 0.00956400018 -0.0101650003 0.0312759988
v 0.0132050002 -0.00546499994 0.0393459983
v 0.00120900001 -0.0132330004 0.000449000014
v -0.00355100003 -0.0170929991 0.00111199997
v 0.013913 -0.00410400005 0.0250840001
v 0.00120900001 -0.0132330004 0.000449000014
v 0.00295399991 -0.0149830002 0.00386100006
v -0.00924799964 -0.0218269993 0.031436
v 0.00193300005 -0.016911 0.0652649999
v 0.0064480002 -0.0117899999 0.00379700004
v 0.00528899999 -0.013847 0.008653
v 0.00626499997 -0.00999899954 0.000990999979
v 0.00801500026 -0.00489600003 -0.000230000005
v 0.00626499997 -0.00999899954 0.000990999979
v -0.0093609998 -0.021954 0.0440649986
v -0.00228199991 -0.0191399995 0.0364469998
v 0.00134900003 -0.00897699967 0.000640999991
v -0.00528699998 -0.0205860008 0.0578540005
v 0.00964699965 -0.00750100007 0.00234699994
v 0.00626499997 -0.00999899954 0.000990999979
v 0.00801500026 -0.00489600003 -0.000230000005
v 0.00678700022 -0.0130129997 0.0594590008
v 0.00288999989 -0.0159230009 0.0433330014
v 0.00844100025 -0.010702 0.00594000006
v 0.00964699965 -0.00750100007 0.00234699994
v 0.0140699996 -0.00305499998 0.00503699994
v 0.00844100025 -0.010702 0.00594000006
v -0.0132069997 -0.0230689999 0.063399002
v -0.0151899997 -0.0232369993 0.0489739999
v -0.0112049999 -0.0224040002 0.0528610013
v 0.00951999985 -0.0102949999 0.0565869994
v 0.00175099995 -0.0164310001 0.0157580003
v 0.0138140004 -0.00468999986 0.0558779985
v 0.0163410008 -0.000167000006 0.0436189994
v 0.0169990007 0.001666 0.0381160006
v 0.0103120003 -0.00906500034 0.0210490003
v 0.00273200008 -0.0160569996 0.0302990004
v 0.00817000028 -0.0117290001 0.0392550007
v 0.00956400018 -0.0101650003 0.0312759988
v 0.0173349995 0.0022450001 0.0499790013
v 0.016756 0.000907999987 0.0515299998
v 0.0166999996 0.000778999995 0.051585
v 0.016756 0.000907999987 0.0515299998
v 0.0154910004 -0.001391 0.0180329997
v 0.00802200008 -0.00994000025 0.0380100012
v 0.00667000003 -0.0103359995 0.0360150002
v 0.00490099983 -0.0127969999 0.0360979997
v 0.00983900018 -0.0072900001 0.0375799984
v 0.00667000003 -0.0103359995 0.0360150002
v 0.00802200008 -0.00994000025 0.0380100012
v 0.000854999991 -0.0159399994 0.0435829982
v 0.0036830001 -0.0139060002 0.048822999
v 0.00345399999 -0.0139030004 0.0443009995
v -0.0031320001 -0.0183249991 0.0505370013
v 0.0164030008 0.000656999997 0.0272320006
v -0.00322899991 -0.0139870001 0.00304999994
v -0.00489899982 -0.0191610008 0.0634159967
v -4.70000014e-05 -0.0166519992 0.0582330003
v -0.00657200022 -0.0197930001 0.0538499989
v -0.00370400003 -0.0169099998 0.00311499997
v -0.000574000005 -0.0151749998 0.00351199997
v -0.00362200011 -0.0121320002 0.0025559999
v -0.0171850007 -0.0221519992 0.0425949991
v -0.0136479996 -0.0212890003 0.0397490002
v 0.00270999991 -0.0148010002 0.0529609993
v -0.0085479999 -0.0202639997 0.0412730016
v -0.0118960002 -0.0213810001 0.0434029996
v -0.000224999996 -0.0100950003 0.00112000003
v -0.0183290001 -0.0223389994 0.0474530011
v 0.00635399995 -0.0119000003 0.0505199991
v 0.00479899999 -0.00215100008 0.000564999995
v 0.00290199998 -0.00836199988 0.00148199999
v 0.00569699984 -0.00402100012 0.001299
v 0.00844100025 -0.010702 0.00594000006
v 0.00712700002 -0.0123359999 0.0164429992
v -0.0172479991 -0.0223130006 0.0524230003
v -0.00777699985 -0.0202360004 0.0447360016
v 0.00400799979 -0.0137839997 0.0579449981
v 0.00682199979 -0.0113159996 0.0557270013
v -0.00377100008 -0.0185010005 0.0448120013
v -0.00287199998 -0.0175989997 0.0389549993
v 0.00182600005 -0.0149219995 0.0367509983
v -0.00287199998 -0.0175989997 0.0389549993
v 0.00303300004 -0.014428 0.0417769998
v -0.00377100008 -0.0185010005 0.0448120013
v -0.00777699985 -0.0202360004 0.0447360016
v -0.00377100008 -0.0185010005 0.0448120013
v 0.00712700002 -0.0123359999 0.0164429992
v 0.00654899981 -0.0112039996 0.0425850004
v 0.00362000009 -0.0131489998 0.0368129984
v 0.00521899993 -0.0128309997 0.0464430004
v -0.0195039995 -0.0235229991 0.0426120013
v 0.0106800003 -0.00699000014 0.0444860011
v 0.00983900018 -0.0072900001 0.0375799984
v -0.0229880009 -0.0235680006 0.0560309999
v -0.0209529996 -0.0224159993 0.0602440014
v -0.0105069997 -0.0211210009 0.0553940013
v 0.00807300024 -0.00976900011 0.0481830016
v -0.00657200022 -0.0197930001 0.0538499989
v 0.00712700002 -0.0123359999 0.0164429992
v 0.00940399989 -0.00895499997 0.0497380011
v 0.0112359999 -0.00596500002 0.0380060002
v -0.014653 -0.0219470002 0.0570150018
v 0.0116849998 -0.0052720001 0.0423160009
v -0.010977 -0.021373 0.0583229996
v 0.0137949996 -0.00130600005 0.0401900001
v 0.0134300003 -0.00327900006 0.0431910008
v 0.0103120003 -0.00906500034 0.0210490003
v -0.0031320001 -0.0183249991 0.0505370013
v -0.00657200022 -0.0197930001 0.0538499989
v 0.01511 0.000230999998 0.0413470007
v 0.0152169997 0.000243999995 0.0457199998
v 0.0122290002 -0.00512799993 0.0510630012
v 0.00939499959 -0.00878799986 0.0573510006
v 0.0134439999 -0.00318300002 0.0571149997
v 0.01198 -0.00543100014 0.0596560016
v 0.0165979993 0.00326599996 0.0494819991
v 0.0174369998 0.00592700019 0.0479359999
v 0.0162920002 -0.000321 0.0547580011
v 0.016756 0.000907999987 0.0515299998
v 0.0166999996 0.000778999995 0.051585
v 0.0167280007 0.000844000024 0.0515520014
v 0.0166999996 0.000778999995 0.051585
v 0.016756 0.000907999987 0.0515299998
v 0.0167280007 0.000844000024 0.0515520014
v 0.016756 0.000907999987 0.0515299998
v 0.0162920002 -0.000321 0.0547580011
v 0.0165829994 0.00344299991 0.0559279993
v 0.0149450004 -0.000451 0.0542429984
v 0.0186570007 0.00549500016 0.0510610007
v 0.0175630003 0.00643699989 0.0530349985
v 0.0160210002 0.00200999994 0.0588340014
v 0.0175219998 0.00244900002 0.058180999
v 0.00362000009 -0.0131489998 0.0368129984
v 0.00490099983 -0.0127969999 0.0360979997
v 0.00500599993 -0.00699200016 0.0375079997
v -0.00370400003 -0.0169099998 0.00311499997
v -0.00322899991 -0.0139870001 0.00304999994
v -0.000574000005 -0.0151749998 0.00351199997
v -0.00362200011 -0.0121320002 0.0025559999
v -0.000880000007 -0.0110489996 0.00237799995
v -0.00199400005 -0.0116429999 0.000976999989
v -0.000224999996 -0.0100950003 0.00112000003
v 0.00290199998 -0.00836199988 0.00148199999
v 0.00134900003 -0.00897699967 0.000640999991
v -0.0136479996 -0.0212890003 0.0397490002
v 0.00584599981 -0.0033509999 0.00301799993
v 0.00569699984 -0.00402100012 0.001299
v -0.00515800016 -0.0146589996 0.0390199982
v 0.00182600005 -0.0149219995 0.0367509983
v -0.0103449998 -0.0177519992 0.0401270017
v -0.0085479999 -0.0202639997 0.0412730016
v -0.00287199998 -0.0175989997 0.0389549993
v 0.0112359999 -0.00596500002 0.0380060002
v 0.0137949996 -0.00130600005 0.0401900001
v 0.0110649997 0.00481100008 0.0398879983
v 0.01511 0.000230999998 0.0413470007
v -0.000418000011 -0.0065080002 0.0059059998
v 0.00720700016 0.000406000006 0.00498400023
v -0.00393600017 -0.00808699988 0.0380199999
v 0.00453099981 -0.00202700007 0.0386780016
v -0.000551000005 0.00120000006 0.0101089999
v -0.0188699998 -0.00533800013 0.0324440002
v -0.0108340001 -0.00769599993 0.0368029997
v -0.00699400017 -0.00334899989 0.0350890011
v -0.00699400017 -0.00334899989 0.0350890011
v 0.00181199994 -0.00211200002 0.0378660001
v -0.000644000014 0.00147300004 0.0355609991
v -0.000644000014 0.00147300004 0.0355609991
v 0.00892500021 0.0150119998 0.0375350006
v -0.0313579999 0.0563249998 0.00499999989
v -0.0365349986 0.0511239991 0.000484999997
v -0.0369810015 0.0533180013 0.002996
v -0.0282039996 0.0550579987 0.00134900003
v -0.0408760011 0.0261979997 0.00092999998
v -0.0266200006 0.0134629998 0.00279000006
v -0.0298219994 0.016113 0.00268599996
v -0.030669 0.0128210001 0.0026430001
v -0.0417010002 0.0518050008 0.00470100017
v -0.0179709997 0.0113080004 0.00276700011
v -0.0246959999 0.00694999984 0.0025820001
v -0.0205860008 0.0218819994 0.00150500005
v -0.00774700008 0.0124650002 0.001208
v -0.0547860004 0.0241080001 -0.000322000007
v -0.0530549996 0.0306599997 -0.000228000004
v -0.0260179993 0.0307170004 0.00137700001
v -0.0317480005 0.0216189995 0.00271499995
v -0.0226760004 0.0207419991 0.00283999997
v -0.0262640007 0.0228640009 0.00282500009
v -0.0112859998 0.0493299998 -0.000399000011
v -0.0184870008 0.0386639982 0.00104400003
v -0.0255190004 0.0523959994 -0.000349000009
v -0.0172659997 0.016059 0.00269900006
v -0.0424120016 0.0260390006 0.00211200002
v -0.039198 0.0203140005 0.00245600007
v -0.0350040011 0.0220389999 0.00240099989
v 0.00616999995 0.012542 0.000451
v -0.000921000028 0.00786899962 0.00185600005
v 0.000883999979 0.00312900008 0.00153699995
v 0.00321200001 0.00638200017 0.00142999995
v -0.0181639995 0.0206790008 0.0026740001
v -0.0148109999 0.0128509998 0.0029790001
v -0.0168820005 0.0550680012 0.000722000026
v -0.0148240002 0.0180760007 0.00269600004
v -0.00728499983 0.0518659987 0.000274999999
v -0.00136500003 0.0464570001 -0.000494999986
v -0.0208030008 0.0250640009 0.0027689999
v -0.00966900028 0.0236610007 0.00132499996
v -0.0242660008 0.0277800001 0.00280999998
v -0.0415010005 0.0453380011 -0.000289999996
v -0.00970199984 0.0227530003 0.00273799989
v -0.012964 0.0242490005 0.0027960001
v -0.000448000006 0.0116149997 0.001865
v -0.00496800011 0.0141639998 0.00272600004
v -0.00499900011 0.0114160003 0.00216999999
v -0.0344830006 0.0311130006 0.002416
v -0.0290750004 0.0271400008 0.00263700006
v -0.026912 0.0324510001 0.00281099998
v -0.0282039996 0.0550579987 0.00134900003
v -0.0335500017 0.0484480001 -0.000329000002
v -0.0248760004 0.0577570014 0.0065390002
v -0.0220650006 0.057018999 0.00327400002
v -0.0493640006 0.0390129983 0
v -0.0149290003 0.0573789999 0.00527800014
v 0.00668699993 0.0371269993 -0.000411999994
v -0.0536370017 0.0355850011 0.000778999995
v -0.0156289991 0.0266180001 0.00287299999
v -0.00667699985 0.0547510013 0.00360499998
v -0.0168820005 0.0550680012 0.000722000026
v -0.00647700019 0.0554950014 0.0110750003
v -0.00667699985 0.0547510013 0.00360499998
v -0.0149290003 0.0573789999 0.00527800014
v -0.0535200015 0.0406979993 0.00494399993
v -0.0536370017 0.0355850011 0.000778999995
v -0.0568579994 0.0334019996 0.00288900011
v -0.0490080006 0.0442730002 0.00224700011
v -0.0579910018 0.0257959999 0.00132100005
v -0.0433400013 0.0476309992 0.000820000016
v -0.0600869991 0.0197679996 0.00272700004
v -0.0579910018 0.0257959999 0.00132100005
v -0.0595699996 0.0267939996 0.00393499993
v -0.0365349986 0.0511239991 0.000484999997
v -0.0596649982 0.0290460009 0.00920599978
v 0.00643099984 0.0420939997 0.000134000002
v -0.0568579994 0.0334019996 0.00288900011
v 0.00530700013 0.0457959995 0.00148900005
v -0.0369810015 0.0533180013 0.002996
v -0.0547490008 0.0340420008 0.00231399992
v -0.0535250008 0.0304240007 0.00104300003
v -0.0531789996 0.0330700018 0.00079999998
v -0.0433400013 0.0476309992 0.000820000016
v -0.0433400013 0.0476309992 0.000820000016
v -0.0490080006 0.0442730002 0.00224700011
v 0.0116039999 0.0399620011 0.00289599993
v 0.0116039999 0.0399620011 0.00289599993
v 0.00530700013 0.0457959995 0.00148900005
v 0.00651799981 0.0467900001 0.0044689998
v -0.00205600006 0.0515980013 0.0020620001
v -0.00205600006 0.0515980013 0.0020620001
v -0.00667699985 0.0547510013 0.00360499998
v 0.000899999985 0.0515220016 0.00627700007
v -0.0569860004 0.0357809998 0.0118709998
v -0.0596019998 0.0294129997 0.0220589992
v -0.0197749995 0.0580530018 0.0237760004
v -0.0470429994 0.0481380001 0.00644699996
v -0.0535200015 0.0406979993 0.00494399993
v -0.0100509999 0.0565190017 0.0193700008
v -0.0366640016 0.0549979992 0.0271080006
v -0.0305489991 0.0569159985 0.0286899991
v -0.0302719995 0.0568719991 0.0164480004
v 0.00318100001 0.0502940007 0.0312120002
v 0.00803699996 0.0462619998 0.00952100009
v 0.000807999982 0.0517459996 0.0208199993
v -0.0429209992 0.0515069999 0.0188149996
v -0.0384479985 0.0539789982 0.0164529998
v -0.00575499982 0.0550349988 0.0221309997
v -0.0100509999 0.0565190017 0.0193700008
v -0.0100509999 0.0565190017 0.0193700008
v -0.00421700021 0.0545729995 0.0359739996
v -0.0448790006 0.0504469983 0.0299270004
v -0.0506739989 0.0275790002 0.000880000007
v -0.0477509983 0.0300149992 0.001086
v -0.0512290001 0.0313940011 0.000844000024
v -0.049265001 0.0342589989 0.000933000003
v -0.0209299996 0.00711800018 0.00255399989
v -0.0257440004 0.0511140004 0.00120199996
v -0.0244089998 0.0544800013 0.00213499996
v -0.0300510004 0.054322999 0.00285400008
v -0.0226390008 0.0523919985 0.000784999982
v -0.0457950011 0.0286679994 0.00140499999
v -0.0208710004 0.0509499982 0.000890000025
v -0.043579001 0.0327650011 0.00164100004
v -0.0397399999 0.0294109993 0.00205300003
v -0.0150730005 0.0463580005 0.00150699995
v -0.018259 0.0525689982 0.000883999979
v -0.0201130006 0.0539360009 0.00231899996
v -0.00263600005 0.00312400004 0.00179600006
v -0.0359230004 0.0169370007 0.00269200001
v -0.023759 0.0552869998 0.00413799984
v -0.0244089998 0.0544800013 0.00213499996
v -0.0201130006 0.0539360009 0.00231899996
v -0.0170939993 0.054423999 0.00239100005
v -0.0300510004 0.054322999 0.00285400008
v -0.0100699998 0.00265099993 0.00203200011
v -0.0168990009 0.00620799977 0.00244800001
v -0.0132550001 0.00789599959 0.00259599998
v -0.0215230007 0.0468299985 0.00176200003
v -0.0161269996 0.0518740006 0.00118200004
v -0.0377909988 0.034926001 0.00208700006
v -0.0335690007 0.0364090018 0.00208100001
v -0.0207219999 0.0558510013 0.00417299988
v -0.0177469999 0.0558830015 0.00467999978
v -0.0113469996 0.014885 0.00248300005
v -0.0512549989 0.0371630006 0.00225999998
v -0.048241999 0.0365960002 0.00089700002
v -0.0499590002 0.0385310017 0.001055
v -0.01437 0.0551940016 0.00515600014
v -0.0130599998 0.0543339998 0.00235800003
v -0.011225 0.0514749996 0.00121699995
v -0.00789599959 0.004158 0.00248300005
v -0.00694300001 0.00818799995 0.00205700006
v -0.00667699985 0.0547510013 0.00360499998
v -0.01437 0.0551940016 0.00515600014
v -0.0177469999 0.0558830015 0.00467999978
v -0.0170939993 0.054423999 0.00239100005
v -0.0431689993 0.0393059999 0.000983000034
v -0.0113829998 0.0535879992 0.00295000011
v -0.0473240018 0.0409229994 0.00155000004
v -0.00801699981 0.0526250005 0.00198399997
v -0.00620400021 0.0532299988 0.00393299991
v -0.0113829998 0.0535879992 0.00295000011
v -0.00972499978 0.0539439991 0.00529700005
v -0.0127119999 0.0542550012 0.00561500015
v -0.0130599998 0.0543339998 0.00235800003
v -0.00804200023 0.012325 0.0024029999
v -0.0454219989 0.0415619984 0.000666000007
v -0.0430109985 0.0414820015 0.000950000016
v -0.0284049995 0.0391260013 0.00234699994
v -0.0396700017 0.042684 0.00098500005
v -0.0502910018 0.0407649986 0.0027999999
v -0.0522629991 0.0391400009 0.00336700003
v -0.0528290011 0.0387150012 0.00566500006
v -0.0522629991 0.0391400009 0.00336700003
v -0.05119 0.0393499993 0.00542599987
v -0.0490080006 0.0442730002 0.00224700011
v -0.00517900009 0.0240240004 0.0024029999
v -0.0462169982 0.0446650013 0.00182699994
v -0.0472089984 0.0454510003 0.00361300004
v -0.00592900021 0.0167299993 0.00233600009
v -0.0472089984 0.0454510003 0.00361300004
v -0.0473240018 0.0409229994 0.00155000004
v -0.0462169982 0.0446650013 0.00182699994
v -0.0502910018 0.0407649986 0.0027999999
v -0.0494869985 0.0432530008 0.0045520002
v -0.0459280014 0.0459810011 0.00488700019
v 0.00119400001 0.0348559991 0.00144899997
v 0.00159500004 0.0422980003 0.000795
v -0.00589200016 0.0409019999 0.00144499994
v 0.00205900008 0.0434749983 0.000629000016
v -0.0218449999 0.0327869989 0.00283999997
v -0.00446600001 0.0447660014 0.000903000007
v 0.00120699999 0.045841001 0.00116999994
v -0.0241810009 0.0372160003 0.00254300004
v -0.00641100015 0.0505289994 0.00111199997
v -0.000545000017 0.0191510003 0.00206399988
v -0.000410999986 0.0139370002 0.00225099991
v 0.00335699995 0.01456 0.00182699994
v -0.0108679999 0.0481540002 0.00119500002
v -0.0115449997 0.0434270017 0.00154900004
v -0.00398600008 0.0227179993 0.0020920001
v -0.0181210004 0.0293930005 0.00292499992
v -0.000627000001 0.0498769991 0.00331799989
v -0.0157740004 0.0323709995 0.00281600002
v -0.0435720012 0.045384001 0.00101899996
v 0.00548799988 0.0336439982 0.000832999998
v -0.0106809996 0.0317969993 0.00243000011
v -0.0407669991 0.0458730012 0.00121100002
v -0.0407689996 0.0477459989 0.00282200007
v 0.00546600018 0.039717 0.000757000002
v 0.0039570001 0.0456309989 0.00188400003
v -0.0472089984 0.0454510003 0.00361300004
v 0.00451999996 0.0241289996 0.00153699995
v 0.000383000006 0.0272979997 0.00182799995
v -0.000854999991 0.0307100005 0.00189099996
v 0.00381699996 0.0466439985 0.00370800006
v 0.00120699999 0.045841001 0.00116999994
v 0.0039570001 0.0456309989 0.00188400003
v -0.0435720012 0.045384001 0.00101899996
v -0.0431159995 0.0484879985 0.00341599993
v -0.0428289995 0.0486809984 0.00553900003
v 0.00739700021 0.0430620015 0.0030449999
v 0.00547700003 0.0273579992 0.00143199996
v -0.0431159995 0.0484879985 0.00341599993
v 0.00827000011 0.0393939987 0.00198399997
v 0.00908300001 0.0407520011 0.00298000011
v 0.00546600018 0.039717 0.000757000002
v -0.0408109985 0.0496679991 0.00236200006
v 0.00739700021 0.0430620015 0.0030449999
v 0.00937400013 0.0412250012 0.0058360002
v 0.00585100008 0.0453910008 0.00469399989
v -0.0241759997 0.0420890003 0.00218100008
v 0.00585100008 0.0453910008 0.00469399989
v -0.0408109985 0.0496679991 0.00236200006
v 0.001422 0.0478289984 0.00216299994
v 0.00381699996 0.0466439985 0.00370800006
v -0.0400540009 0.0508380011 0.00453099981
v 0.0037 0.0459019989 0.00515899993
v -0.0196870007 0.0378709994 0.00250800001
v 0.00511999987 0.0314950012 0.00138799998
v -0.00801699981 0.0526250005 0.00198399997
v -0.0381480008 0.0466950014 0.000826000003
v -0.0321139991 0.0408720002 0.00194800005
v 0.00908899959 0.031072 0.000338000013
v -0.000627000001 0.0498769991 0.00331799989
v 0.00885900017 0.0355609991 0.000816999993
v -0.0331129991 0.045398999 0.001254
v -0.0284659993 0.0443429984 0.00189199997
v 0.00827000011 0.0393939987 0.00198399997
v -0.0372509994 0.0486930013 0.00109499996
v -0.0580920018 0.0211299993 0.0020659999
v -0.00335699995 0.0518190004 0.00520099979
v -0.0580920018 0.0211299993 0.0020659999
v -0.0585779995 0.0246120002 0.00325200008
v -0.0578389987 0.0215419997 0.00395900011
v -0.0593839996 0.0175720006 0.00387099991
v -0.0585779995 0.0246120002 0.00325200008
v -0.0558979996 0.0233079996 0.00107
v 0.00226099999 0.0480899997 0.00570400013
v 0.000745999976 0.0483289994 0.00518599991
v 0.001422 0.0478289984 0.00216299994
v -0.0281889997 0.0471629985 0.00137299998
v -0.0562070012 0.0271390006 0.00156899996
v -0.0159089994 0.0401710011 0.00226500002
v -0.0119719999 0.0362149999 0.00248800009
v -0.0308219995 0.0504680015 0.000899999985
v -0.0577519983 0.0265410002 0.0041100001
v -0.0583779998 0.0237719994 0.00533000007
v -0.0383360013 0.0503839999 0.00202500005
v -0.0539349988 0.0255169999 0.000770999992
v -0.0383360013 0.0503839999 0.00202500005
v -0.0562070012 0.0271390006 0.00156899996
v -0.0562889986 0.0286619999 0.00262599997
v -0.0562889986 0.0286619999 0.00262599997
v -0.0562070012 0.0271390006 0.00156899996
v -0.0535250008 0.0304240007 0.00104300003
v -0.0574599989 0.0288549997 0.00422600005
v -0.0561259985 0.0312380008 0.00226800004
v -0.0562889986 0.0286619999 0.00262599997
v -0.0549779981 0.0324059986 0.00412999978
v -0.0561259985 0.0312380008 0.00226800004
v -0.0547490008 0.0340420008 0.00231399992
v -0.0574599989 0.0288549997 0.00422600005
v -0.0543010011 0.0359200016 0.00430200016
v -0.0527580008 0.0187139995 0.000783999974
v -0.0569860004 0.0357809998 0.0118709998
v -0.0519150011 0.0213980004 0.001055
v -0.0467230007 0.0230010003 0.00179899996
v -0.0461609997 0.0161450002 0.00180299999
v -0.0413630009 0.0165340006 0.00230999989
v -0.0436149985 0.0141939996 0.00222699996
v -0.0449150018 0.0179740004 0.00213499996
v -0.005595 0.0300719999 0.0021540001
v -0.00767400023 0.0313250013 0.00254800008
v -0.0607319996 0.0266319998 0.0333539993
v -0.0558260009 0.0381349996 0.0226750001
v -0.00647700019 0.0554950014 0.0110750003
v -0.0504529998 0.0452530012 0.0178730004
v -0.0535200015 0.0406979993 0.00494399993
v -0.0569860004 0.0357809998 0.0118709998
v -0.0504529998 0.0452530012 0.0178730004
v -0.0247830003 0.0578910001 0.0302670002
v -0.0353970006 0.0519700013 0.00262699998
v -0.0363110006 0.0531239994 0.00448000012
v -0.0353970006 0.0519700013 0.00262699998
v -0.0328180008 0.0540120006 0.00424899999
v -0.0328180008 0.0540120006 0.00424899999
v -0.0389150009 0.051337 0.00591100007
v -0.0354560018 0.0527079999 0.00607099989
v -0.0550789982 0.0394809991 0.0271300003
v -0.0504529998 0.0452530012 0.0178730004
v -0.0497700013 0.0467550009 0.0400159992
v -0.0134579996 0.0572980009 0.0318959989
v -0.0100509999 0.0565190017 0.0193700008
v -0.0117220003 0.057085 0.0411919989
v -0.00421700021 0.0545729995 0.0359739996
v -0.0126830004 0.0489180014 0.000925
v -0.0191399995 0.055114001 0.00613899995
v -0.0207219999 0.0558510013 0.00417299988
v -0.0194359999 0.0519069992 0.0076489998
v -0.023759 0.0552869998 0.00413799984
v -0.0191399995 0.055114001 0.00613899995
v -0.01437 0.0551940016 0.00515600014
v -0.0127119999 0.0542550012 0.00561500015
v -0.0110689998 0.0546149984 0.00594800012
v -0.05119 0.0393499993 0.00542599987
v -0.0549779981 0.0324059986 0.00412999978
v -0.0543010011 0.0359200016 0.00430200016
v -0.0528290011 0.0387150012 0.00566500006
v 0.0037 0.0459019989 0.00515899993
v 0.000745999976 0.0483289994 0.00518599991
v 0.00226099999 0.0480899997 0.00570400013
v 0.00661499985 0.0289030001 0.00226199999
v 0.00937400013 0.0412250012 0.0058360002
v 0.00711400015 0.0386190005 0.00620099995
v 0.00585100008 0.0453910008 0.00469399989
v -0.0583779998 0.0237719994 0.00533000007
v -0.0577519983 0.0265410002 0.0041100001
v -0.0559069999 0.0235820003 0.00512199989
v -0.0556150004 0.0182399992 0.00499799987
v -0.0578389987 0.0215419997 0.00395900011
v -0.0574599989 0.0288549997 0.00422600005
v -0.0301879998 0.0545120016 0.00687099993
v -0.0301879998 0.0545120016 0.00687099993
v -0.0314970016 0.0507219993 0.00802700035
v -0.0354560018 0.0527079999 0.00607099989
v -0.0428289995 0.0486809984 0.00553900003
v -0.038217999 0.0476090014 0.00742299994
v -0.0459280014 0.0459810011 0.00488700019
v -0.0389150009 0.051337 0.00591100007
v -0.0389150009 0.051337 0.00591100007
v -0.023759 0.0552869998 0.00413799984
v -0.0260390006 0.050303001 0.00854299963
v -0.0485789999 0.0254280008 0.0094259996
v -0.0174289998 0.0473719984 0.0108289998
v -0.0462349989 0.0339399986 0.00887699984
v -0.0110689998 0.0546149984 0.00594800012
v -0.00939099956 0.0463580005 0.00917399954
v 0.00141400006 0.0392539985 0.00823799986
v -0.00411699992 0.0449180007 0.00816399977
v -0.0494869985 0.0432530008 0.0045520002
v -0.00972499978 0.0539439991 0.00529700005
v -0.00335699995 0.0518190004 0.00520099979
v 0.00209599989 0.0347499996 0.0102420002
v 0.00904600043 0.0335090011 0.00628399989
v -0.0336619988 0.0451259986 0.0107410001
v -0.0389439985 0.0404770002 0.0108000003
v -0.0389439985 0.0404770002 0.0108000003
v -0.0387750007 0.0344210006 0.0160179995
v -0.0462349989 0.0339399986 0.00887699984
v -0.0340659991 0.0389520004 0.0161600001
v -0.00939099956 0.0463580005 0.00917399954
v -0.0174289998 0.0473719984 0.0108289998
v -0.0194359999 0.0519069992 0.0076489998
v 0.00141400006 0.0392539985 0.00823799986
v -0.0109970002 0.0424220003 0.0139969997
v -0.00411699992 0.0449180007 0.00816399977
v -0.00137299998 0.0317209996 0.0157699995
v 0.00616799993 0.0303620007 0.00820000004
v 0.00101100001 0.0247130003 0.0172550008
v -0.00132399995 0.0271969996 0.0207710005
v -0.00499599986 0.034426 0.0177749991
v -0.00768599985 0.0348469988 0.0242270008
v -0.0091169998 0.0388059989 0.0175640006
v 0.00209599989 0.0347499996 0.0102420002
v -0.0484849997 0.0178510007 0.0101570003
v -0.0430179983 0.0219570007 0.0179229993
v -0.0447360016 0.0141589995 0.0145720001
v -0.0485789999 0.0254280008 0.0094259996
v -0.0420069993 0.0289890002 0.0160019994
v -0.0435610004 0.0249639992 0.0345150009
v -0.0386589989 0.0307139996 0.0303419996
v -0.0388940014 0.0310960002 0.0206330009
v -0.0334470011 0.0364149995 0.0211830009
v -0.0366909988 0.0323720016 0.0265829992
v -0.0308730006 0.0369199999 0.0284809992
v -0.0346460007 0.0378529988 0.0341430008
v -0.0334470011 0.0364149995 0.0211830009
v -0.0334470011 0.0364149995 0.0211830009
v -0.0340659991 0.0389520004 0.0161600001
v -0.0257159993 0.0401230007 0.0213590004
v -0.0277009998 0.0428609997 0.0151509997
v -0.0336619988 0.0451259986 0.0107410001
v -0.0336619988 0.0451259986 0.0107410001
v -0.0336619988 0.0451259986 0.0107410001
v -0.0260390006 0.050303001 0.00854299963
v -0.0178619996 0.0421109982 0.0172690004
v -0.0260390006 0.050303001 0.00854299963
v -0.0277009998 0.0428609997 0.0151509997
v -0.0178619996 0.0421109982 0.0172690004
v -0.0215540007 0.039898999 0.0252100006
v -0.0366909988 0.0323720016 0.0265829992
v -0.0257159993 0.0401230007 0.0213590004
v -0.0366909988 0.0323720016 0.0265829992
v -0.0308730006 0.0369199999 0.0284809992
v -0.0273279995 0.0394309983 0.0310559999
v -0.0273279995 0.0394309983 0.0310559999
v -0.0202290006 0.0404280014 0.0304620005
v -0.00294600008 0.0290309992 0.0286379997
v -0.00637800014 0.0333239995 0.0293140002
v -0.00768599985 0.0348469988 0.0242270008
v -0.00294600008 0.0290309992 0.0286379997
v -0.0143950004 0.0395089984 0.0220829993
v -0.0067449999 0.0356249996 0.0323680006
v -0.0131160002 0.0386679992 0.0286509991
v -0.0143950004 0.0395089984 0.0220829993
v -0.0136599997 0.0413959995 0.0344699994
v -0.00693499995 0.0379850008 0.0346789993
v -0.00435200008 0.0410440005 0.0377920009
v -0.0136599997 0.0413959995 0.0344699994
v 0.00131600001 0.0367989987 0.0381300002
v -0.0131160002 0.0386679992 0.0286509991
v -0.00637800014 0.0333239995 0.0293140002
v -0.0408589989 0.0235920008 0.0244759992
v -0.0215540007 0.039898999 0.0252100006
v -0.00768599985 0.0348469988 0.0242270008
v -0.0136599997 0.0413959995 0.0344699994
v -0.0131160002 0.0386679992 0.0286509991
v -0.00693499995 0.0379850008 0.0346789993
v -0.0067449999 0.0356249996 0.0323680006
v 0.0181000009 0.00534600019 0.0238419995
v 0.0172119997 0.0027650001 0.0305640008
v 0.0111659998 0.00323699997 -0.000569999975
v 0.046856001 0.010822 0.0297410004
v 0.0492779985 0.0146939997 0.0370130017
v 0.0482669994 0.00898899976 0.0388640016
v 0.020482 0.021009 0.013518
v 0.0206419993 0.0159879997 0.0120559996
v 0.0196780004 0.0208090004 0.0116109997
v 0.0171470009 0.0317629986 0.00891700014
v 0.0193179995 0.0241059996 0.0164119992
v 0.0187539998 0.0262909997 0.00759699987
v 0.0481170006 0.0190099999 0.0350919999
v 0.0466049984 0.0166790001 0.0281080008
v 0.0122610005 0.0241819993 -0.000464000012
v 0.0127870003 0.0104989996 -0.000467000005
v 0.0171649996 0.0320580006 0.019963
v 0.0194739997 0.0231369995 0.0203629993
v 0.0496169999 0.0133339996 0.0429770015
v 0.00662899995 0.0178139992 0.00133700005
v 0.00979700033 0.0215579998 0.000896000012
v 0.0155239999 0.0357819982 0.0216869991
v 0.0133189997 0.000111000001 0.00101100001
v 0.00964699965 -0.00750100007 0.00234699994
v 0.0488439985 0.0198330004 0.0415170006
v 0.018011 0.0303879995 0.032807
v 0.0155239999 0.0357819982 0.0216869991
v 0.0133189997 0.000111000001 0.00101100001
v 0.0463009998 0.0199779999 0.0325199999
v 0.0481779985 0.0124019999 0.0519969985
v 0.0472109988 0.00853000022 0.0513219982
v 0.0158130005 0.0185749996 -5.50000004e-05
v 0.0172470007 0.00284099998 0.00772600016
v 0.015226 0.000584999972 0.0030710001
v 0.0186860003 0.00966999959 0.00488199992
v 0.0177779999 0.0120620001 0.00163800002
v 0.0193399992 0.0193329994 0.00510999979
v 0.044036001 0.00723499991 0.0575690009
v 0.0457659997 0.0124310004 0.0594820008
v 0.0197010003 0.013971 0.0101100001
v 0.031812001 0.0145699997 0.0141759999
v 0.027152 0.0189100001 0.013754
v 0.0351240002 0.018375 0.0168130007
v 0.0287340004 0.0207720008 0.0161530003
v 0.0158130005 0.0185749996 -5.50000004e-05
v 0.0184320007 0.0191750005 0.0022450001
v 0.0177779999 0.0120620001 0.00163800002
v 0.0346620008 0.0204659998 0.0193939991
v 0.0374779999 0.0197069999 0.0192610007
v 0.0420100018 0.00842699967 0.0615370013
v 0.0173409991 0.0264919996 0.00244299998
v 0.0193399992 0.0193329994 0.00510999979
v 0.0184320007 0.0191750005 0.0022450001
v 0.0469379984 0.0181189999 0.0566679984
v 0.0158070009 0.00801800005 0.000456000009
v 0.0158070009 0.00801800005 0.000456000009
v 0.0490680002 0.0182489995 0.0479770005
v 0.0120940004 0.0418189988 0.0434579998
v 0.0168810003 0.0336869992 0.0460029989
v 0.0129509997 0.0406179987 0.0367100015
v 0.0177779999 0.0120620001 0.00163800002
v 0.0143010002 0.0299590006 0.000266999996
v 0.0155239999 0.0357819982 0.0216869991
v 0.018011 0.0303879995 0.032807
v 0.0173409991 0.0264919996 0.00244299998
v 0.0459569991 0.0209359992 0.053727001
v 0.0135709997 0.0396629982 0.0481679998
v 0.0168810003 0.0336869992 0.0460029989
v 0.0120940004 0.0418189988 0.0434579998
v 0.0472819991 0.00729600014 0.0446959995
v 0.0143010002 0.0299590006 0.000266999996
v 0.0156119997 0.0347159989 0.00467099994
v 0.0414520018 0.0134079996 0.0203060005
v 0.0390210003 0.00987800024 0.0197790004
v 0.0386880003 0.0147249997 0.017616
v 0.0117570003 0.0364420004 0.000913000025
v 0.0116039999 0.0399620011 0.00289599993
v 0.0135340001 0.0389430001 0.00676300004
v 0.0438570008 0.014529 0.0226990003
v 0.0418879986 0.00977000035 0.0223500002
v 0.0192750003 0.0086190002 0.0139779998
v 0.0206300002 0.0118920002 0.0125000002
v 0.0432350002 0.0193639994 0.0246350002
v 0.0438570008 0.014529 0.0226990003
v 0.0386880003 0.0147249997 0.017616
v 0.0192750003 0.0086190002 0.0139779998
v 0.0206300002 0.0118920002 0.0125000002
v 0.0248140004 0.00880100019 0.0148820002
v 0.0206300002 0.0118920002 0.0125000002
v 0.032931 0.0105720004 0.0157040004
v 0.0248140004 0.00880100019 0.0148820002
v 0.032931 0.0105720004 0.0157040004
v 0.0322440006 0.00841400027 0.0184070002
v 0.0135340001 0.0389430001 0.00676300004
v 0.0432350002 0.0193639994 0.0246350002
v 0.0463009998 0.0199779999 0.0325199999
v 0.0466049984 0.0166790001 0.0281080008
v 0.0156119997 0.0347159989 0.00467099994
v 0.0121560004 0.0412000008 0.0233169999
v 0.00925900042 0.0448589996 0.0217250008
v 0.032931 0.0105720004 0.0157040004
v 0.0117570003 0.0364420004 0.000913000025
v 0.0074260002 0.0467800014 0.040399
v 0.0186749995 0.0074740001 0.0175090004
v 0.0181779992 0.00892999955 0.0463059992
v 0.0171980001 0.0053989999 0.0436140001
v 0.0179960001 0.00786099955 0.0409849994
v 0.0169239994 0.00678199995 0.0389869995
v 0.0161639992 0.00350899994 0.0411279984
v 0.031787999 0.0120820003 0.0160390008
v 0.0299800001 0.0145950001 0.0145690003
v 0.0269680005 0.0125860004 0.0151420003
v 0.0171980001 0.0053989999 0.0436140001
v 0.00449700002 0.00177500001 0.000931999995
v 0.0390300006 0.0203850009 0.0230679996
v 0.0409209989 0.0192649998 0.0283770002
v 0.0390300006 0.0203850009 0.0230679996
v 0.0370929986 0.0188970007 0.023147
v 0.0181779992 0.00892999955 0.0463059992
v 0.0179960001 0.00786099955 0.0409849994
v 0.0171980001 0.0053989999 0.0436140001
v 0.0194840003 0.00958899967 0.0507210009
v 0.0190239996 0.00793099962 0.0402619988
v 0.00629899977 -0.00443900004 0.000905999972
v 0.0299800001 0.0145950001 0.0145690003
v 0.031787999 0.0120820003 0.0160390008
v 0.0355979986 0.0124239996 0.0170360003
v 0.0465059988 0.00756500009 0.0373179987
v 0.043802999 0.00788199995 0.0297379997
v 0.0348110013 0.0154820001 0.0165400002
v 0.0199740008 0.0159230009 0.0292729996
v 0.0194489993 0.0242689997 0.0309050009
v 0.0201370008 0.017035 0.0379059985
v 0.00819300022 0.00387399993 0.000864000001
v 0.00692499988 -0.00210199994 0.00202000001
v 0.00860599987 -0.00166299997 0.000459000003
v 0.010245 0.000548999989 0.000429000007
v 0.0185550004 0.0126980003 0.0431590006
v 0.0177929997 0.0117950002 0.0379189998
v 0.0179960001 0.00786099955 0.0409849994
v 0.0185729992 0.0131130004 0.0370399989
v 0.018166 0.0101720002 0.0425480008
v 0.0185550004 0.0126980003 0.0431590006
v 0.018809 0.0151890004 0.0395690016
v 0.0181189999 0.0170510001 0.0361669995
v 0.0114909997 0.0338540003 0.000858000014
v 0.0185809992 0.0197759997 0.0367069989
v 0.0109010004 0.0382249989 0.00244700001
v 0.0129620004 0.0359370001 0.00326199993
v 0.00923100021 -0.00357099995 0.00222399994
v 0.0119059999 -0.00211400003 0.00221200008
v 0.0105729997 -0.00489899982 0.00416400004
v 0.0189720001 0.0192169994 0.0423749983
v 0.0117769996 -0.00254900008 0.00423499988
v 0.01382 0.00262699998 0.00167100003
v 0.0144969998 0.0316140018 0.00243000011
v 0.013727 0.0349339992 0.00509499991
v 0.0129620004 0.0359370001 0.00326199993
v 0.0144969998 0.0316140018 0.00243000011
v 0.0129199997 -0.001299 0.00424699998
v 0.0147919999 0.00222399994 0.00375699997
v 0.0438599996 0.0203590002 0.0312790014
v 0.0438599996 0.0203590002 0.0312790014
v 0.00702100014 0.0067619998 0.00266600004
v 0.00982999988 0.00736099994 0.000532999984
v 0.0100889998 0.00897299964 0.000806999975
v 0.00627399981 0.0086749997 0.00127699994
v 0.0174369998 0.00592700019 0.0479359999
v 0.0175630003 0.00643699989 0.0530349985
v 0.018166 0.0101720002 0.0425480008
v 0.0125759998 0.00694799982 0.000539999979
v 0.012356 0.0097939996 0.00152000005
v 0.00941199996 0.0123159997 0.000820000016
v 0.0146930004 0.010582 0.00121300004
v 0.0190520007 0.0163499992 0.0478719994
v 0.046498999 0.0206409991 0.0370669998
v 0.0481170006 0.0190099999 0.0350919999
v 0.0148839997 0.00613499992 0.00174099999
v 0.0488439985 0.0198330004 0.0415170006
v 0.015834 0.00649000006 0.00384799996
v 0.0472819991 0.00729600014 0.0446959995
v 0.0423370004 0.00903400034 0.0368340015
v 0.0465059988 0.00756500009 0.0373179987
v 0.0456140004 0.00725599984 0.0515130013
v 0.0418570004 0.00851000007 0.0525639988
v 0.0410970002 0.00740499981 0.0590509996
v 0.0167459995 0.00921100006 0.00330500002
v 0.0187139995 0.00618899986 0.0601660013
v 0.0181779992 0.00892999955 0.0463059992
v 0.0175630003 0.00643699989 0.0530349985
v 0.0183140002 0.00954299979 0.056646999
v 0.0397409983 0.00745100016 0.0614929982
v 0.044036001 0.00723499991 0.0575690009
v 0.0202910006 0.00896499958 0.0158929992
v 0.0190520007 0.0163499992 0.0478719994
v 0.0357809998 0.0106250001 0.061976999
v 0.0412609987 0.0113559999 0.0610890016
v 0.0398119986 0.00932700001 0.0580799989
v 0.0223440006 0.0145309996 0.0130890002
v 0.02152 0.0107220002 0.0162409991
v 0.0257580001 0.0137799997 0.0139669999
v 0.0196829997 0.0110489996 0.0167580005
v 0.0194579996 0.0131940003 0.0152449999
v 0.0196829997 0.0110489996 0.0167580005
v 0.0191740002 0.00949900039 0.0226000007
v 0.01877 0.0222660005 0.0425769985
v 0.0185529999 0.0235350002 0.0459670015
v 0.0188900009 0.0192830004 0.0472460017
v 0.0202910006 0.00896499958 0.0158929992
v 0.0297800004 0.00869099982 0.0183179993
v 0.0256270003 0.00951000024 0.0178570002
v 0.0201050006 0.0119019998 0.0616069995
v 0.00471499981 0.0123650003 0.00157099997
v 0.0256270003 0.00951000024 0.0178570002
v 0.0262579992 0.0112260003 0.0173729993
v 0.0200679991 0.0196589995 0.0436629988
v 0.0456140004 0.00725599984 0.0515130013
v 0.00745199993 0.0143489996 0.00116500002
v 0.01987 0.0146519998 0.0224350002
v 0.0194579996 0.0131940003 0.0152449999
v 0.0187660009 0.0142270001 0.0514389984
v 0.0183140002 0.00954299979 0.056646999
v 0.019049 0.0173080005 0.0523950011
v 0.0397409983 0.00745100016 0.0614929982
v 0.044036001 0.00723499991 0.0575690009
v 0.0420100018 0.00842699967 0.0615370013
v 0.0319840014 0.0103820004 0.0200740006
v 0.0297800004 0.00869099982 0.0183179993
v 0.0390210003 0.00987800024 0.0197790004
v 0.0202709995 0.0180750005 0.0569359995
v 0.0319840014 0.0103820004 0.0200740006
v 0.0202709995 0.0180750005 0.0569359995
v 0.0200679991 0.0196589995 0.0436629988
v 0.0197400004 0.0237060003 0.0558869988
v 0.0349269994 0.00905200001 0.0219289996
v 0.045942001 0.0207839999 0.0488509983
v 0.0471360013 0.0204809997 0.0409110002
v 0.0128060002 0.0142980004 0.00113300001
v 0.0459569991 0.0209359992 0.053727001
v 0.0490680002 0.0182489995 0.0479770005
v 0.0144349998 0.0127400002 0.000846999988
v 0.0130580002 0.014347 0.00258999993
v 0.0144349998 0.0127400002 0.000846999988
v 0.0146930004 0.010582 0.00121300004
v 0.0128060002 0.0142980004 0.00113300001
v 0.0127180004 0.0387470014 0.0445780009
v 0.0127839996 0.0373010002 0.0405309983
v 0.0144410003 0.0355359986 0.0416489989
v 0.0106410002 0.040465001 0.0388239995
v 0.00998399965 0.0421970002 0.0402700007
v 0.00660399999 0.0453130007 0.0373449996
v 0.0422860011 0.0203109998 0.0547970012
v 0.00998399965 0.0421970002 0.0402700007
v 0.0106410002 0.040465001 0.0388239995
v 0.0128319999 0.0176599994 0.000503999996
v 0.0401819982 0.0197650008 0.0583080016
v 0.041065 0.0214920007 0.0605139993
v 0.0128319999 0.0176599994 0.000503999996
v 0.0454020016 0.0202500001 0.0584550016
v 0.0469379984 0.0181189999 0.0566679984
v 0.0117450003 0.0246830005 0.000610999996
v 0.0139889996 0.0218230002 0.000889000017
v 0.014215 0.0204629991 0.00269700005
v 0.0139889996 0.0218230002 0.000889000017
v 0.0181060005 0.0241550002 0.0376170017
v 0.0200679991 0.0196589995 0.0436629988
v 0.0201370008 0.017035 0.0379059985
v 0.0194489993 0.0242689997 0.0309050009
v 0.0195029993 0.0247079991 0.0449829996
v 0.0164480004 0.0223830007 0.0022489999
v 0.0139889996 0.0218230002 0.000889000017
v 0.0164839998 0.0193440001 0.00249899994
v 0.0188829992 0.0278299991 0.0458070002
v 0.0165030006 0.0203259997 0.00362799992
v 0.0197010003 0.013971 0.0101100001
v 0.0196780004 0.0208090004 0.0116109997
v 0.0117960004 0.037184 0.00502200006
v 0.0109010004 0.0382249989 0.00244700001
v 0.0187539998 0.0262909997 0.00759699987
v 0.00998600014 0.0279649999 0.000773000007
v 0.0179370008 0.0257869996 0.0408970006
v 0.0196780004 0.0208090004 0.0116109997
v 0.020482 0.021009 0.013518
v 0.0210759994 0.0215920005 0.0155959995
v 0.0152479997 0.0230630003 0.00281700003
v 0.0148329996 0.0249889996 0.00167300005
v 0.0139889996 0.0218230002 0.000889000017
v 0.0148329996 0.0249889996 0.00167300005
v 0.0135989999 0.0276129991 0.000869999989
v 0.0156089999 0.0257440004 0.00266500004
v 0.016601 0.0299970005 0.0401589982
v 0.0175299998 0.0280050002 0.0456009991
v 0.0144969998 0.0316140018 0.00243000011
v 0.0160310008 0.0278849993 0.00357499998
v 0.0156089999 0.0257440004 0.00266500004
v 0.0149010001 0.0307289995 0.00436200015
v 0.0135989999 0.0276129991 0.000869999989
v 0.0114909997 0.0338540003 0.000858000014
v 0.0179699995 0.0268040001 0.0525159985
v 0.0197400004 0.0237060003 0.0558869988
v 0.0152479997 0.0230630003 0.00281700003
v 0.0148329996 0.0249889996 0.00167300005
v 0.0156119997 0.0347159989 0.00467099994
v 0.0158619992 0.0330809988 0.0430359989
v 0.0168360006 0.0303460006 0.0516129993
v 0.0197010003 0.013971 0.0101100001
v 0.0154529996 0.033617001 0.0507979989
v 0.039650999 0.00826799963 0.0235239994
v 0.0390940011 0.00921799988 0.026021
v 0.043802999 0.00788199995 0.0297379997
v 0.0418879986 0.00977000035 0.0223500002
v 0.0424639992 0.00822000019 0.0322390012
v 0.0390210003 0.00987800024 0.0197790004
v 0.0254779998 0.0156539995 0.0137550002
v 0.0240640007 0.0176890008 0.0146469995
v 0.0358770005 0.0112119997 0.0212190002
v 0.0349269994 0.00905200001 0.0219289996
v 0.0407290012 0.0113070002 0.0271049999
v 0.0365259983 0.0114890002 0.0200830009
v 0.0399510004 0.0122389998 0.0211340003
v 0.0210759994 0.0215920005 0.0155959995
v 0.041065 0.0158489998 0.0219340008
v 0.0379819982 0.0166839994 0.0198580008
v 0.0384499989 0.0150250001 0.0190190002
v 0.0384499989 0.0150250001 0.0190190002
v 0.040936999 0.0144199999 0.0242389999
v 0.041065 0.0158489998 0.0219340008
v 0.0240640007 0.0176890008 0.0146469995
v 0.0254779998 0.0156539995 0.0137550002
v 0.0284260008 0.0176519994 0.0167260002
v 0.0226160008 0.0184870008 0.0164860003
v 0.0262759998 0.0187110007 0.0183979999
v 0.0390940011 0.00921799988 0.026021
v 0.0273219999 0.0194739997 0.0184669998
v 0.0402639993 0.0179859996 0.0275970008
v 0.0383579992 0.0172639992 0.0234740004
v 0.0370929986 0.0188970007 0.023147
v 0.0402639993 0.0179859996 0.0275970008
v 0.0302499998 0.0203469992 0.0185410008
v 0.0200479999 0.0178410001 0.0175880007
v 0.0194739997 0.0231369995 0.0203629993
v 0.0273219999 0.0194739997 0.0184669998
v 0.0206719991 0.0208550002 0.0166219994
v 0.0226160008 0.0184870008 0.0164860003
v 0.0206719991 0.0208550002 0.0166219994
v 0.0206719991 0.0208550002 0.0166219994
v 0.0210759994 0.0215920005 0.0155959995
v 0.0302499998 0.0203469992 0.0185410008
v 0.0355979986 0.0124239996 0.0170360003
v 0.0359160006 0.0112410001 0.0185080003
v 0.0384499989 0.0150250001 0.0190190002
v 0.0299800001 0.0145950001 0.0145690003
v 0.033778999 0.0169949997 0.0168040004
v 0.0344530009 0.0178089999 0.0208059996
v 0.0355979986 0.0124239996 0.0170360003
v 0.00686800014 0.0455680005 0.0408160016
v 0.00368000008 0.0475930013 0.0381629989
v 0.00170499994 0.0514350012 0.0414750017
v 0.0344530009 0.0178089999 0.0208059996
v 0.0346620008 0.0204659998 0.0193939991
v 0.0177929997 0.0117950002 0.0379189998
v 0.00629899977 -0.00443900004 0.000905999972
v 0.00676799985 -0.00440100022 0.00131800002
v 0.0185729992 0.0131130004 0.0370399989
v 0.0128060002 0.0154710002 0.0378739983
v 0.0177929997 0.0117950002 0.0379189998
v 0.0181189999 0.0170510001 0.0361669995
v 0.00584599981 -0.0033509999 0.00301799993
v 0.00781400036 -0.00236200006 0.00343000004
v 0.00781400036 -0.00236200006 0.00343000004
v 0.00692499988 -0.00210199994 0.00202000001
v 0.00584599981 -0.0033509999 0.00301799993
v 0.0105729997 -0.00489899982 0.00416400004
v 0.00781400036 -0.00236200006 0.00343000004
v 0.0117769996 -0.00254900008 0.00423499988
v 0.0129199997 -0.001299 0.00424699998
v 0.015834 0.00649000006 0.00384799996
v 0.0147919999 0.00222399994 0.00375699997
v 0.0420150012 0.00986499991 0.0441190004
v 0.0202910006 0.00896499958 0.0158929992
v 0.0129789999 0.00999999978 0.00263700006
v 0.012356 0.0097939996 0.00152000005
v 0.0167459995 0.00921100006 0.00330500002
v 0.012356 0.0097939996 0.00152000005
v 0.0129789999 0.00999999978 0.00263700006
v 0.0406839997 0.0100680003 0.053617999
v 0.0418570004 0.00851000007 0.0525639988
v 0.0409249999 0.0109789995 0.0546929985
v 0.0398119986 0.00932700001 0.0580799989
v 0.0425960012 0.0112070004 0.0557000004
v 0.0127839996 0.0373010002 0.0405309983
v 0.00764699979 0.032763999 0.0397160016
v 0.0144410003 0.0355359986 0.0416489989
v 0.0403480008 0.014122 0.0596069992
v 0.0106410002 0.040465001 0.0388239995
v 0.0035029999 0.0403530002 0.0385930017
v 0.00660399999 0.0453130007 0.0373449996
v 0.0114359995 0.00869200006 0.00423200009
v 0.0129789999 0.00999999978 0.00263700006
v 0.0167459995 0.00921100006 0.00330500002
v 0.0181060005 0.0241550002 0.0376170017
v 0.016601 0.0299970005 0.0401589982
v 0.0104830004 0.0234600008 0.0384790003
v 0.0471360013 0.0204809997 0.0409110002
v 0.046498999 0.0206409991 0.0370669998
v 0.0428549983 0.0186599996 0.0450799987
v 0.045942001 0.0207839999 0.0488509983
v 0.0114359995 0.00869200006 0.00423200009
v 0.014215 0.0204629991 0.00269700005
v 0.0164839998 0.0193440001 0.00249899994
v 0.0165030006 0.0203259997 0.00362799992
v 0.0164839998 0.0193440001 0.00249899994
v 0.014215 0.0204629991 0.00269700005
v 0.013727 0.0349339992 0.00509499991
v 0.0149010001 0.0307289995 0.00436200015
v 0.012902 0.0247399993 0.00479699997
v 0.0152479997 0.0230630003 0.00281700003
v 0.0403309986 0.0104670003 0.0300960001
v 0.0422860011 0.0203109998 0.0547970012
v 0.0416730009 0.017856 0.0562929995
v 0.0160310008 0.0278849993 0.00357499998
v 0.0399510004 0.0122389998 0.0211340003
v 0.0365259983 0.0114890002 0.0200830009
v 0.0418820009 0.0117239999 0.023759
v 0.0418820009 0.0117239999 0.023759
v 0.0156089999 0.0257440004 0.00266500004
v 0.0407290012 0.0113070002 0.0271049999
v 0.0390940011 0.00921799988 0.026021
v 0.0403309986 0.0104670003 0.0300960001
v 0.0117960004 0.037184 0.00502200006
v 0.0402639993 0.0179859996 0.0275970008
v 0.0206969995 0.0174400005 0.0153040001
v 0.0223440006 0.0145309996 0.0130890002
v 0.0206969995 0.0174400005 0.0153040001
v 0.0418450013 0.0171450004 0.0388429984
v 0.0200479999 0.0178410001 0.0175880007
v 0.0262759998 0.0187110007 0.0183979999
v 0.0359160006 0.0112410001 0.0185080003
v 0.00368000008 0.0475930013 0.0381629989
v -0.0021579999 0.046893999 0.0389520004
v 0.0161639992 0.00350899994 0.0411279984
v 0.0169239994 0.00678199995 0.0389869995
v 0.0409730002 0.0141230002 0.0408639982
v 0.0423370004 0.00903400034 0.0368340015
v 0.0420150012 0.00986499991 0.0441190004
v 0.0406839997 0.0100680003 0.053617999
v 0.00497200014 0.00873799995 0.00934400037
v 0.00720700016 0.000406000006 0.00498400023
v 0.00497200014 0.00873799995 0.00934400037
v 0.0185809992 0.0197759997 0.0367069989
v 0.00633500004 0.0168670006 0.0100490004
v 0.0404600017 0.0154200001 0.0561660007
v 0.00616799993 0.0303620007 0.00820000004
v 0.00719199982 0.0242369995 0.00886199996
v 0.0409730002 0.0141230002 0.0408639982
v 0.012902 0.0247399993 0.00479699997
v 0.00719199982 0.0242369995 0.00886199996
v 0.0409730002 0.0141230002 0.0408639982
v 0.0404600017 0.0154200001 0.0561660007
v 0.0416730009 0.017856 0.0562929995
v 0.00195299997 0.0306919999 0.0363450013
v 0.00195299997 0.0306919999 0.0363450013
v -0.00693499995 0.0379850008 0.0346789993
v 0.00131600001 0.0367989987 0.0381300002
v 0.00195299997 0.0306919999 0.0363450013
v 0.0048969998 0.021373 0.0351479985
v -0.00113500003 0.00746400002 0.0165199991
v -0.000551000005 0.00120000006 0.0101089999
v 0.00092999998 0.0123939998 0.0172259994
v -0.000494999986 0.0130580002 0.0274780001
v 0.00290800002 0.0210030004 0.0150539996
v -0.000870999997 0.00870000012 0.0303150006
v -0.00174199999 0.00941099972 0.0260119997
v 0.000729000021 0.0159799997 0.0203230008
v 0.000729000021 0.0159799997 0.0203230008
v 0.00290800002 0.0210030004 0.0150539996
v 0.000729000021 0.0159799997 0.0203230008
v 0.000729000021 0.0159799997 0.0203230008
v 0.000132000001 0.0207710005 0.0248550009
v 0.00101100001 0.0247130003 0.0172550008
v 0.00719199982 0.0242369995 0.00886199996
v 0.000132000001 0.0207710005 0.0248550009
v 0.00371999992 0.0123549998 0.034465
v -0.000870999997 0.00870000012 0.0303150006
v 0.00255200011 0.0174819995 0.0319169983
v 0.000737999973 0.0237530004 0.0307379998
v 0.000737999973 0.0237530004 0.0307379998
v -0.00174199999 0.00941099972 0.0260119997
v -0.000494999986 0.0130580002 0.0274780001
v -0.000494999986 0.0130580002 0.0274780001
v 0.00255200011 0.0174819995 0.0319169983
v 0.00255200011 0.0174819995 0.0319169983
v -0.0476269983 -0.0136449998 0.0529629998
v -0.0488330014 -0.0176340006 0.0806280002
v -0.0437140018 -0.0229439996 0.0796599984
v -0.040440999 -0.0229160003 0.0806540027
v -0.0426429994 -0.0171220005 0.0666130036
v -0.0486400016 -0.0125759998 0.0590839982
v -0.0493160002 -0.0194220003 0.0793119967
v -0.0442680009 -0.0174589995 0.0801239982
v -0.0383349992 -0.0212329999 0.0804279968
v -0.0571780019 0.00124999997 0.0767680034
v -0.0599870011 0.00728299981 0.078681998
v -0.0555070005 -0.00210099993 0.0775550008
v -0.0327120014 -0.0217829999 0.0565260015
v -0.0520000011 -0.0128739998 0.0783889964
v -0.0418500006 -0.0198570006 0.0783889964
v -0.0492849983 -0.0189980008 0.0779500008
v -0.0570919998 -0.00121500005 0.0759309977
v -0.0599780008 0.00543100014 0.0764459968
v -0.0599320009 0.00542799989 0.0671389997
v -0.0601469986 0.0289309993 0.059466999
v -0.0610839985 0.0248540007 0.0598420016
v -0.0600429997 0.0290070008 0.0676119998
v -0.0376229994 -0.0198229998 0.0629720017
v -0.0583599992 0.0342000015 0.0538460016
v -0.0509370007 -0.0103620002 0.0794799998
v -0.0519649982 -0.013123 0.080573
v -0.0467979982 -0.0139060002 0.0792049989
v -0.0617190003 0.0160620008 0.071367003
v -0.0612839982 0.0113359997 0.0763399974
v -0.0239889994 -0.0235760007 0.0713459998
v -0.0431500003 -0.0161419995 0.0784619972
v -0.0454250015 -0.013638 0.0740429983
v -0.0495660007 -0.0102970004 0.0771659985
v -0.0431500003 -0.0161419995 0.0784619972
v -0.0467979982 -0.0139060002 0.0792049989
v -0.0581829995 -0.00843800046 0.0805040002
v -0.0554150008 -0.00738799991 0.0802939981
v -0.0634789988 0.00181499997 0.0805990025
v -0.0513690002 -0.011039 0.0777600035
v -0.0528700016 -0.00787399989 0.0761360005
v -0.0448700003 -0.0156199997 0.0755129978
v -0.0509370007 -0.0103620002 0.0794799998
v -0.0584409982 0.00116900005 0.0537169985
v -0.0631520003 0.0209500007 0.0781449974
v -0.0631899983 0.0276149996 0.0783160031
v -0.0607110001 0.0279770009 0.0770160034
v -0.038493 -0.0194860008 0.0755930021
v -0.0511660017 -0.00984799955 0.0691030025
v -0.0530349985 -0.0079330001 0.0525449999
v -0.0569260009 -0.00188400003 0.0629170015
v -0.0641610026 0.0305599999 0.0805559978
v -0.0662439987 0.0235709995 0.0802410021
v -0.0635429993 0.0161049999 0.0804060027
v -0.0619460009 0.0220359992 0.0797540024
v -0.0528060012 -0.00812999997 0.0618400015
v -0.0599550009 0.0053340001 0.0511679985
v -0.0613260008 0.0289869998 0.0802090019
v -0.0653859973 0.0306349993 0.078892
v -0.0544050001 -0.0147240004 0.0796649978
v -0.0576989986 -0.0109249996 0.0787469968
v -0.0582089983 -0.00482300017 0.0784619972
v -0.0573530011 -0.00245400006 0.0775799975
v -0.0486400016 -0.0125759998 0.0590839982
v -0.0476269983 -0.0136449998 0.0529629998
v -0.0616849996 0.0378010012 0.0780399963
v -0.0580179989 0.0398919992 0.078429997
v -0.0572259985 -0.010001 0.0778800026
v -0.0582089983 -0.00482300017 0.0784619972
v -0.0520000011 -0.0128739998 0.0783889964
v -0.0587790012 0.0411380008 0.080701001
v -0.0562650003 0.0395580009 0.0775140002
v -0.0544500016 -0.00500999996 0.0788350031
v -0.0409980007 -0.0240039993 0.0781259984
v -0.0360140018 -0.0264129993 0.0794100016
v -0.0596919991 0.0420619994 0.0800070018
v -0.0585119985 0.0329429992 0.0795449987
v -0.0633300021 -0.00141599996 0.0790219977
v -0.031707 -0.0260269996 0.0807830021
v -0.0317209996 -0.0224660002 0.0797230005
v -0.0611680001 0.00402500015 0.0803299993
v -0.0621410012 0.00646799989 0.0783570036
v -0.0573530011 -0.00245400006 0.0775799975
v -0.0511660017 -0.00984799955 0.0691030025
v -0.0383629985 -0.0183339994 0.0744619966
v -0.0647450015 0.00757799996 0.0805710033
v -0.0658349991 0.00673000002 0.0790690035
v -0.0528700016 -0.00787399989 0.0761360005
v -0.0438349992 -0.0169070009 0.0774229988
v -0.0418500006 -0.0198570006 0.0783889964
v -0.0578810014 0.00347399991 0.0718119964
v -0.0599780008 0.00543100014 0.0764459968
v -0.0613709986 0.0115050003 0.0492600016
v -0.035441 -0.0199929997 0.0780180022
v -0.0442680009 -0.0174589995 0.0801239982
v -0.0383349992 -0.0212329999 0.0804279968
v -0.0317209996 -0.0224660002 0.0797230005
v -0.0615070015 0.0218419991 0.044236999
v -0.0617589988 0.0159770008 0.0524899997
v -0.0611680001 0.00402500015 0.0803299993
v -0.0544500016 -0.00500999996 0.0788350031
v -0.0595160015 0.00920400023 0.0759230033
v -0.0611680001 0.00402500015 0.0803299993
v -0.0614369996 0.0120470002 0.0796179995
v -0.0602720007 0.0132139996 0.0767970011
v -0.0614369996 0.0120470002 0.0796179995
v -0.0673239976 0.014192 0.0793730021
v -0.0599929988 0.0298720002 0.0406760015
v -0.059946999 0.0296860002 0.0528310016
v -0.0617120005 0.0199679993 0.0762690008
v -0.0632169992 0.0144039998 0.0781600028
v -0.0608870015 0.0186219998 0.0784609988
v -0.0608870015 0.0186219998 0.0784609988
v -0.0619460009 0.0220359992 0.0797540024
v -0.0600989982 0.0241049994 0.0777459964
v -0.0600989982 0.0241049994 0.0777459964
v -0.0617120005 0.0199679993 0.0762690008
v -0.0631520003 0.0209500007 0.0781449974
v -0.0607110001 0.0279770009 0.0770160034
v -0.0585119985 0.0329429992 0.0795449987
v -0.0587499999 0.0290549994 0.0762090012
v -0.0585119985 0.0329429992 0.0795449987
v -0.0587499999 0.0290549994 0.0762090012
v -0.056400001 0.0351420008 0.0774580017
v -0.0600989982 0.0241049994 0.0777459964
v -0.0616599992 0.017151 0.0606780015
v -0.0564169995 0.0376330018 0.0795530006
v -0.0604000017 0.027679 0.0544780008
v -0.0604589991 0.0275299996 0.0561619997
v -0.0604589991 0.0275299996 0.0561619997
v -0.0601469986 0.0289309993 0.059466999
v -0.0604589991 0.0275299996 0.0561619997
v -0.0604309998 0.0275929999 0.0561349988
v -0.0604589991 0.0275299996 0.0561619997
v -0.0604589991 0.0275299996 0.0561619997
v -0.0601469986 0.0289309993 0.059466999
v -0.0604309998 0.0275929999 0.0561349988
v -0.0610839985 0.0248540007 0.0598420016
v -0.0590920001 0.0277980007 0.0651609972
v -0.0599789992 0.0242420007 0.0565860011
v -0.0593109988 0.0283090007 0.056543
v -0.0590940006 0.0274209995 0.0535399988
v -0.0585820004 0.029778 0.0531199984
v -0.0571589991 0.0337070003 0.0625910014
v -0.0593109988 0.0283090007 0.056543
v -0.0585820004 0.029778 0.0531199984
v -0.0573530011 -0.00245400006 0.0775799975
v -0.0601980016 0.0219010003 0.0668210015
v -0.0604799986 0.0170850009 0.0688809976
v -0.0605259985 0.0155570004 0.0553719997
v -0.0408030003 -0.0168900006 0.0531039983
v -0.0339250006 -0.0201810002 0.0579590015
v -0.0520000011 -0.0128739998 0.0783889964
v -0.0603649989 0.0205860008 0.0594809987
v -0.0602639988 0.0214109998 0.0716039985
v -0.043198999 -0.0155199999 0.0647479966
v -0.0368050002 -0.0191159993 0.0636499971
v -0.0544020012 -0.00375699997 0.0742639974
v -0.0567139983 0.00042299999 0.0704120025
v -0.0544500016 -0.00500999996 0.0788350031
v -0.0544020012 -0.00375699997 0.0742639974
v -0.0535780005 -0.00523900008 0.0661370009
v -0.0308219995 -0.0211510006 0.0615970008
v -0.0573530011 -0.00245400006 0.0775799975
v -0.0581130013 0.0044300002 0.0423119999
v -0.0569150001 0.000163000004 0.0454679988
v -0.0544020012 -0.00375699997 0.0742639974
v -0.0590920001 0.0277980007 0.0651609972
v -0.0593109988 0.0283090007 0.056543
v -0.0321139991 -0.0219969992 0.0678739995
v -0.0249739997 -0.0223510005 0.0617490001
v -0.0446549989 -0.0143839996 0.0583180003
v -0.0582409985 0.00372799998 0.0609540008
v -0.0598869994 0.0100389998 0.0649869964
v -0.0597050004 0.00943300035 0.0731120035
v -0.0476269983 -0.0136449998 0.0529629998
v -0.0582269989 0.003791 0.0499190018
v -0.053433001 -0.00545800012 0.04586
v -0.046870999 -0.0124779996 0.067305997
v -0.0472460017 -0.012387 0.0621180013
v -0.0594870001 0.00712200021 0.0439830013
v -0.0499190018 -0.00979200006 0.0483499989
v -0.053433001 -0.00545800012 0.04586
v -0.0567139983 0.00042299999 0.0704120025
v -0.0556150004 -0.00213499996 0.0549170002
v -0.0569150001 0.000163000004 0.0454679988
v -0.0524219982 -0.00700700004 0.0519639999
v -0.054866001 -0.00306500006 0.0579009987
v -0.0346830003 -0.0199849997 0.0683130026
v -0.045903001 -0.0135570001 0.0485819988
v -0.0321139991 -0.0219969992 0.0678739995
v -0.0598700009 0.00898300018 0.0544169992
v -0.0492979996 -0.0105219996 0.0530790016
v -0.0376229994 -0.0198229998 0.0629720017
v -0.0327120014 -0.0217829999 0.0565260015
v -0.0321139991 -0.0219969992 0.0678739995
v -0.0300530009 -0.0213810001 0.0687209964
v -0.0553210005 -0.00210499996 0.0390059985
v -0.0556150004 -0.00213499996 0.0549170002
v -0.0528700016 -0.00787399989 0.0761360005
v -0.0448700003 -0.0156199997 0.0755129978
v -0.0516170003 -0.00765099982 0.0694739968
v -0.0633300021 -0.00141599996 0.0790219977
v -0.0638810024 0.0024329999 0.0779530033
v -0.0576989986 -0.0109249996 0.0787469968
v -0.0589120016 0.00936300028 0.0417720005
v -0.0603680015 0.0128699997 0.0467410013
v -0.0656019971 0.00922800042 0.0779950023
v -0.0670839995 0.0192130003 0.0780979991
v -0.0673239976 0.014192 0.0793730021
v -0.054866001 -0.00306500006 0.0579009987
v -0.0556150004 -0.00213499996 0.0549170002
v -0.0599559993 0.0122290002 0.040732
v -0.054866001 -0.00306500006 0.0579009987
v -0.0535780005 -0.00523900008 0.0661370009
v -0.0670839995 0.0192130003 0.0780979991
v -0.0513690002 -0.011039 0.0777600035
v -0.0605220012 0.0181729998 0.0405200012
v -0.059657 0.0166820008 0.0395749994
v -0.0605579987 0.0173090007 0.0463639982
v -0.0528060012 -0.00812999997 0.0618400015
v -0.0530349985 -0.0079330001 0.0525449999
v -0.0608440004 0.0258629993 0.0731239989
v -0.0502969995 -0.00937100034 0.0616489984
v -0.0509370007 -0.0103620002 0.0794799998
v -0.0492849983 -0.0189980008 0.0779500008
v -0.0599309988 0.0248160008 0.0411249995
v -0.0597990006 0.0204050001 0.0388559997
v -0.0409980007 -0.0240039993 0.0781259984
v -0.0373959988 -0.0249749999 0.0778279975
v -0.0373959988 -0.0249749999 0.0778279975
v -0.0308420006 -0.0252250005 0.0784889981
v -0.0561250001 -0.00113400002 0.061528001
v -0.0561250001 -0.00113400002 0.061528001
v -0.0583010018 0.0338869989 0.0762320012
v -0.0567139983 0.00042299999 0.0704120025
v -0.0561250001 -0.00113400002 0.061528001
v -0.0653859973 0.0306349993 0.078892
v -0.0605640002 0.0184530001 0.0524270013
v -0.0297519993 -0.0214820001 0.0763719976
v -0.0287379995 -0.0228480007 0.0742909983
v -0.0294029992 -0.0235769991 0.0777859986
v -0.0581469983 0.0452469997 0.0789379999
v -0.0581469983 0.0452469997 0.0789379999
v -0.0308420006 -0.0252250005 0.0784889981
v -0.0600030012 0.0223740004 0.0427989997
v -0.0638810024 0.0024329999 0.0779530033
v -0.0658349991 0.00673000002 0.0790690035
v -0.0603439994 0.0216400009 0.0453509986
v -0.0599309988 0.0248160008 0.0411249995
v -0.0590250008 0.0264630001 0.0400759988
v -0.0585220009 0.0302019995 0.0421749987
v -0.0621410012 0.00646799989 0.0783570036
v -0.0599309988 0.0248160008 0.0411249995
v -0.0598509982 0.0259809997 0.0495689996
v -0.0600030012 0.0223740004 0.0427989997
v -0.0632169992 0.0144039998 0.0781600028
v -0.0598509982 0.0259809997 0.0495689996
v -0.0602440014 0.0126700001 0.0575600006
v -0.0600989982 0.0241049994 0.0777459964
v -0.0587499999 0.0290549994 0.0762090012
v -0.0600989982 0.0241049994 0.0777459964
v -0.0562650003 0.0395580009 0.0775140002
v -0.0585820004 0.029778 0.0531199984
v -0.0590940006 0.0274209995 0.0535399988
v -0.0581130013 0.0044300002 0.0423119999
v -0.0589120016 0.00936300028 0.0417720005
v -0.0597990006 0.0204050001 0.0388559997
v -0.0590250008 0.0264630001 0.0400759988
v -0.0599309988 0.0248160008 0.0411249995
v -0.0520600006 0.0115719996 0.0399199985
v -0.0599559993 0.0122290002 0.040732
v -0.059657 0.0166820008 0.0395749994
v -0.0527000017 0.0202939995 0.0396220013
v -0.0481370017 0.0241190009 0.0379620008
v -0.0472289994 0.0146479998 0.0368239991
v -0.0472289994 0.0146479998 0.0368239991
v -0.0207119994 -0.0227889996 0.0779569969
v -0.0282790009 -0.0223130006 0.0786340013
v -0.0220839996 -0.0252810009 0.0803809986
v 0.00678700022 -0.0130129997 0.0594590008
v 0.00441099983 -0.0150370002 0.0753830001
v -0.0282790009 -0.0223130006 0.0786340013
v -0.0207119994 -0.0227889996 0.0779569969
v -0.0264139995 -0.0221260004 0.0754420012
v -0.0282790009 -0.0223130006 0.0786340013
v 0.00678700022 -0.0130129997 0.0594590008
v 0.00795300025 -0.0121630002 0.0752580017
v 0.00795300025 -0.0121630002 0.0752580017
v -0.0167270005 -0.0262669995 0.0784199983
v -0.0260259993 -0.0278719999 0.0779509991
v -0.00153500005 -0.0189999994 0.0762370005
v -0.00945600029 -0.0222989991 0.0767579973
v 0.0164490007 -0.000161000004 0.0703060031
v -0.0112739997 -0.0232289992 0.0797450021
v -0.00281900004 -0.0186219998 0.0776870027
v -0.0088449996 -0.0209490005 0.0775500014
v -0.00281900004 -0.0186219998 0.0776870027
v -0.0112739997 -0.0232289992 0.0797450021
v -0.00271199993 -0.0207260009 0.0799269974
v -0.0116029996 -0.0273780003 0.0803380013
v -0.0246050004 -0.0281450003 0.0804790035
v -0.0180309992 -0.0291980002 0.0792030022
v -0.00541300001 -0.0238649994 0.0806429982
v -0.0180680007 -0.0223030001 0.0773710012
v -0.0239889994 -0.0235760007 0.0713459998
v -0.0287379995 -0.0228480007 0.0742909983
v -0.00382400001 -0.0254870001 0.0799229965
v 0.00795899983 -0.0182460006 0.0801559985
v -0.0112739997 -0.0232289992 0.0797450021
v -0.0142949997 -0.0221619997 0.0775699988
v -0.0180680007 -0.0223030001 0.0773710012
v 0.00333500002 -0.022318 0.0787129998
v -0.0239889994 -0.0235760007 0.0713459998
v -0.0158810001 -0.0233449992 0.0761279985
v 0.00160700001 -0.020126 0.0783530027
v -0.005535 -0.0228620004 0.0782879964
v 0.0070150001 -0.0165289994 0.0805279985
v 0.0125460001 -0.0142310001 0.0801320001
v 0.00663700001 -0.0153949996 0.0780560002
v 0.00127899996 -0.0160300005 0.0771230012
v -0.00281900004 -0.0186219998 0.0776870027
v -0.00271199993 -0.0207260009 0.0799269974
v 0.0124260001 -0.011217 0.0806130022
v 0.00959799998 -0.0181469992 0.0786459967
v 0.0148780001 -0.0124390004 0.0789240003
v 0.00618299982 -0.0143579999 0.0794819966
v 0.00618299982 -0.0143579999 0.0794819966
v 0.00663700001 -0.0153949996 0.0780560002
v 0.00147200003 -0.0226850007 0.0778999999
v 0.00160700001 -0.020126 0.0783530027
v 0.0124260001 -0.011217 0.0806130022
v 0.0107439999 -0.00766699994 0.077486001
v 0.0149210002 -0.00402300013 0.0795169994
v -0.0143360002 -0.0287159998 0.0781669989
v -0.00699699996 -0.0269169994 0.0787950009
v -0.005535 -0.0228620004 0.0782879964
v -0.0143360002 -0.0287159998 0.0781669989
v -0.0167270005 -0.0262669995 0.0784199983
v 0.0194409993 -0.00467800023 0.0803190023
v 0.013092 -0.00441000005 0.0779580027
v -0.0292000007 -0.0282390006 0.078763999
v 0.00554900011 -0.012724 0.0772410035
v 0.0185180008 -0.00141300005 0.0805199966
v 0.0149210002 -0.00402300013 0.0795169994
v 0.0121440003 -0.00725300005 0.0755319968
v 0.015834 0.00122800004 0.076406002
v 0.0177619997 0.00589000015 0.0775339976
v 0.0196550004 0.00629899977 0.0797659978
v 0.0172920004 0.00516400021 0.074872002
v 0.0185180008 -0.00141300005 0.0805199966
v 0.0232250001 0.00683100009 0.0804850012
v 0.021497 -0.00213299994 0.0790840015
v 0.0217969995 0.00819700025 0.0805049986
v 0.0196550004 0.00629899977 0.0797659978
v 0.0186359994 0.0102939997 0.0773060024
v 0.0177619997 0.00589000015 0.0775339976
v 0.0196550004 0.00629899977 0.0797659978
v -0.0233069994 -0.0237639993 0.076229997
v 0.0124019999 -0.00482799998 0.0714870021
v 0.00767999981 -0.0106840003 0.068824999
v 0.00112000003 -0.0159859993 0.0723839998
v -0.000239999994 -0.0168999992 0.0677229986
v -0.00467800023 -0.0191890001 0.0713229999
v 0.0156449992 0.000737999973 0.0737280026
v 0.0147749996 -0.000992999994 0.0649790019
v -0.0216889996 -0.0225590002 0.064542003
v -0.0114240004 -0.0214319993 0.0720070004
v -0.00467800023 -0.0191890001 0.0713229999
v -0.0164650008 -0.0223099999 0.0625469983
v -0.0294029992 -0.0235769991 0.0777859986
v -0.0180670004 -0.0282269996 0.0779260024
v -0.0172349997 -0.024402 0.077643998
v -0.0172349997 -0.024402 0.077643998
v -0.0294029992 -0.0235769991 0.0777859986
v -0.0233069994 -0.0237639993 0.076229997
v -0.0220839996 -0.0252810009 0.0803809986
v 0.0162429996 0.00216099992 0.0680000037
v -0.0180309992 -0.0291980002 0.0792030022
v -0.0180670004 -0.0282269996 0.0779260024
v 0.0185240004 0.00953400042 0.0688410029
v 0.0177340005 0.00667000003 0.0624770001
v 0.0174390003 0.00522800023 0.0679569989
v 0.0172920004 0.00516400021 0.074872002
v 0.0174390003 0.00522800023 0.0679569989
v 0.0162429996 0.00216099992 0.0680000037
v -0.0233069994 -0.0237639993 0.076229997
v -0.0239889994 -0.0235760007 0.0713459998
v 0.00147200003 -0.0226850007 0.0778999999
v 0.0140420003 -0.0122720003 0.0780259967
v 0.00959799998 -0.0181469992 0.0786459967
v 0.00319200009 -0.014707 0.0708440021
v 0.0140420003 -0.0122720003 0.0780259967
v 0.0124519998 -0.00967799965 0.0779760033
v -0.0147390002 -0.0220950004 0.0668779984
v -0.0152730001 -0.0221919995 0.0725729987
v 0.0200900007 -0.00338899996 0.077986002
v 0.0148780001 -0.0124390004 0.0789240003
v -0.00983600039 -0.0211159997 0.0655139983
v 0.015172 -0.00685000001 0.0783549994
v -0.010977 -0.021373 0.0583229996
v -0.00983600039 -0.0211159997 0.0655139983
v -0.00657200022 -0.0197930001 0.0538499989
v -0.0105069997 -0.0211210009 0.0553940013
v 0.0169699993 -0.000575000013 0.0772619992
v 0.0124519998 -0.00967799965 0.0779760033
v 0.0169699993 -0.000575000013 0.0772619992
v 0.0121440003 -0.00725300005 0.0755319968
v 0.0124519998 -0.00967799965 0.0779760033
v 0.0200900007 -0.00338899996 0.077986002
v 0.0169009995 0.000857000006 0.0754719973
v 0.0109160002 -0.0069670002 0.0662269965
v -0.00699699996 -0.0269169994 0.0787950009
v 0.00147200003 -0.0226850007 0.0778999999
v 0.0195020009 0.00112499995 0.0785569996
v -0.0292000007 -0.0282390006 0.078763999
v -0.0260259993 -0.0278719999 0.0779509991
v -0.0245060008 -0.0290990006 0.0790619999
v 0.0192809999 0.00690100016 0.0655499995
v 0.0192259997 0.00775100011 0.0724899992
v -0.0245060008 -0.0290990006 0.0790619999
v 0.0185800008 0.00490800012 0.0768890008
v -0.000663999992 -0.0169489998 0.0634950027
v 0.0195020009 0.00112499995 0.0785569996
v 0.0169699993 -0.000575000013 0.0772619992
v 0.021497 -0.00213299994 0.0790840015
v 0.0249029994 0.0123199997 0.0779879987
v 0.0185240004 0.00953400042 0.0688410029
v 0.00189700001 -0.0155889997 0.0635500029
v 0.0174390003 0.00522800023 0.0679569989
v 0.0172920004 0.00516400021 0.074872002
v 0.0198769998 0.0095800003 0.0770369992
v 0.00486000022 -0.0131379999 0.0662349984
v 0.0185800008 0.00490800012 0.0768890008
v 0.0198769998 0.0095800003 0.0770369992
v 0.0249150004 0.00834199972 0.0788820013
v 0.0249150004 0.00834199972 0.0788820013
v 0.0217610002 0.0115470001 0.0784839988
v -0.00983600039 -0.0211159997 0.0655139983
v -0.00467800023 -0.0191890001 0.0713229999
v -0.0575659983 0.0354349986 0.0324620008
v -0.047332 0.0557960011 0.0786800012
v -0.0540039986 0.0492440015 0.0801799968
v -0.0466049984 0.0545380004 0.0806009993
v -0.0590870008 0.031893 0.0329219997
v -0.059133999 0.0317529999 0.0329589993
v -0.059133999 0.0317529999 0.0329589993
v -0.059133999 0.0317529999 0.0329589993
v -0.0591109991 0.0318210013 0.0329429992
v -0.059133999 0.0317529999 0.0329589993
v -0.0590870008 0.031893 0.0329219997
v -0.0591109991 0.0318210013 0.0329429992
v -0.0591109991 0.0318210013 0.0329429992
v -0.0575659983 0.0354349986 0.0324620008
v -0.059133999 0.0317529999 0.0329589993
v -0.0591440015 0.0317130014 0.0330340005
v -0.0591440015 0.0317130014 0.0330340005
v -0.0591440015 0.0317130014 0.0330340005
v -0.0599929988 0.0298720002 0.0406760015
v -0.059133999 0.0317529999 0.0329589993
v -0.0421020016 0.0533589981 0.0801130012
v -0.051585 0.0467739999 0.0804030001
v -0.00548900012 0.0551839992 0.0418590009
v -0.0117220003 0.057085 0.0411919989
v -0.0572559983 0.0363750011 0.0368830003
v -0.0402540006 0.0535049997 0.0743030012
v -0.0363159999 0.0553429984 0.0701839998
v -0.0447780006 0.0507070012 0.061085999
v -0.0466930009 0.0493000001 0.0750180036
v -0.0436489992 0.0522160009 0.0772190019
v -0.040755 0.0531020015 0.0545700006
v -0.0561840013 0.0386149995 0.0435610004
v -0.0117220003 0.057085 0.0411919989
v -0.0193210002 0.0581780002 0.0573000014
v -0.0116950003 0.0572610013 0.0629779994
v -0.0116950003 0.0572610013 0.0629779994
v -0.00637800014 0.0555359982 0.0563630015
v -0.0117220003 0.057085 0.0411919989
v -0.0368710011 0.0552490018 0.0368780009
v -0.0341020003 0.0564070009 0.0758109987
v -0.0302649997 0.057227999 0.0645549968
v -0.0412760004 0.0585820004 0.0800490007
v -0.044360999 0.0511079989 0.0479420014
v -0.0384030007 0.0544530004 0.0454719998
v -0.0421020016 0.0533589981 0.0801130012
v -0.0452650003 0.0493590012 0.0791490003
v -0.0409910008 0.0514930002 0.0771529973
v -0.0446959995 0.0534369983 0.078362003
v -0.0337809995 0.0589860007 0.0780960023
v -0.0436489992 0.0522160009 0.0772190019
v -0.0305889994 0.0570509993 0.0467309989
v -0.0466430001 0.0551409982 0.0781269968
v -0.0342920013 0.0545799993 0.0761139989
v -0.0331819989 0.055941999 0.079249002
v -0.0385860018 0.0531329997 0.0783950016
v -0.0337809995 0.0589860007 0.0780960023
v -0.0311769992 0.0580900013 0.0771159977
v -0.0385860018 0.0531329997 0.0783950016
v -0.0368710011 0.0576689988 0.0805689991
v -0.0331819989 0.055941999 0.079249002
v -0.0533760004 0.0424659997 0.0722920001
v -0.0496940017 0.0465690009 0.0757300034
v -0.054118 0.0415700004 0.0611610003
v -0.0551429987 0.0404080003 0.0518970005
v -0.0562769994 0.0381460004 0.0646300018
v -0.0501030013 0.0464829989 0.0521599986
v -0.0564169995 0.0376330018 0.0795530006
v -0.0309379995 0.0614840016 0.0806810036
v -0.0564169995 0.0376330018 0.0795530006
v -0.0526390001 0.0415019989 0.0784810036
v -0.0526390001 0.0415019989 0.0784810036
v -0.0259319991 0.0616770014 0.0807840005
v -0.0501030013 0.0464829989 0.0521599986
v -0.0269930009 0.0580470003 0.075687997
v -0.0216080006 0.0584039986 0.0759119987
v -0.0473669991 0.0500160009 0.0776910037
v -0.0496940017 0.0465690009 0.0757300034
v -0.0523639992 0.0466299988 0.0781980008
v -0.0490229987 0.0453049988 0.0766099989
v -0.0493809991 0.0462969989 0.0793130025
v -0.0493809991 0.0462969989 0.0793130025
v -0.0452650003 0.0493590012 0.0791490003
v -0.0523639992 0.0466299988 0.0781980008
v -0.0536670014 0.0492479987 0.0780970007
v -0.0447309986 0.0489789993 0.076853998
v -0.0473669991 0.0500160009 0.0776910037
v -0.0148360003 0.0578770004 0.0663760006
v -0.0159590002 0.0580140017 0.074481003
v -0.0112979999 0.0573499985 0.0749889985
v -0.017004 0.0573810004 0.0787369981
v -0.0239179991 0.0584300011 0.0796770006
v -0.0217860006 0.0571499988 0.0775000006
v -0.0156110004 0.0596619993 0.0774929971
v -0.023302 0.0606370009 0.0781200007
v -0.0174139999 0.0634749979 0.0782499984
v -0.0156110004 0.0596619993 0.0774929971
v -0.0147850001 0.0636420026 0.0787099972
v -0.0108249998 0.0592949986 0.0779120028
v -0.0290070008 0.0561980009 0.0776820034
v -0.0239179991 0.0584300011 0.0796770006
v -0.0257140007 0.0579399988 0.0524340011
v -0.023302 0.0606370009 0.0781200007
v -0.0311769992 0.0580900013 0.0771159977
v -0.0331070013 0.0611319989 0.0779760033
v -0.0240649991 0.0638810024 0.0791179985
v -0.0350669995 0.0616450012 0.0790430009
v -0.0173790008 0.0602350011 0.0805900022
v -0.0180040002 0.0629009977 0.0804700032
v -0.0112619996 0.0572229996 0.0679370016
v -0.0173790008 0.0602350011 0.0805900022
v -0.0204920005 0.0583130009 0.0414730012
v -0.0103839999 0.0554130003 0.0623029992
v -0.0153360004 0.0565560013 0.069728002
v -0.0148149999 0.0563389994 0.0619039983
v -0.0116950003 0.0572610013 0.0629779994
v -0.011442 0.0559150018 0.0759230033
v -0.0153360004 0.0565560013 0.069728002
v -0.0103839999 0.0554130003 0.0623029992
v -0.0572559983 0.0363750011 0.0368830003
v -0.0562650003 0.0395580009 0.0775140002
v -0.0572559983 0.0363750011 0.0368830003
v -0.0561840013 0.0386149995 0.0435610004
v -0.0425000004 0.0504500009 0.0408109985
v -0.0385919996 0.0527269989 0.0412419997
v -0.0394820012 0.0524609983 0.0468520001
v -0.057395 0.0333620012 0.0501179993
v -0.0565779991 0.0348090008 0.0427329987
v -0.047332 0.0557960011 0.0786800012
v -0.0585220009 0.0302019995 0.0421749987
v -0.057395 0.0333620012 0.0501179993
v -0.0232679993 0.0567050017 0.0431430005
v -0.0282179993 0.0559450015 0.0402770005
v -0.0203079991 0.0564110018 0.038803
v -0.0354570001 0.0537250005 0.0420560017
v -0.0446959995 0.0534369983 0.078362003
v -0.0332660004 0.0549549982 0.0440879986
v -0.0339110009 0.0546430014 0.0497479998
v -0.0394820012 0.0524609983 0.0468520001
v -0.0332660004 0.0549549982 0.0440879986
v -0.0497700013 0.0467550009 0.0400159992
v -0.0354570001 0.0537250005 0.0420560017
v -0.0535270013 0.0402709991 0.0418899991
v -0.0540160015 0.0385640003 0.0407259986
v -0.0496460013 0.0446330011 0.0397280008
v -0.0548550002 0.0380610004 0.0460000001
v -0.0529670008 0.0410289988 0.0523450002
v -0.0514930002 0.0429450013 0.044013001
v -0.0275669992 0.0561930016 0.047022
v -0.00774500007 0.0545350015 0.0451470017
v -0.0071200002 0.0538100004 0.0429060012
v -0.00375399995 0.0525310002 0.0409430005
v 4.80000017e-05 0.0509429984 0.0488279983
v -0.00144599995 0.0514630005 0.0400750004
v -0.0224929992 0.0568049997 0.052170001
v -0.0528040007 0.0410480015 0.0681940019
v -0.0556100011 0.0363189988 0.0642350018
v -0.0538929999 0.0395839997 0.0610739999
v -0.0436230004 0.0497400016 0.0708269998
v -0.0446650013 0.0492339991 0.0626330003
v -0.0404400006 0.0520169996 0.066614002
v -0.0194860008 0.0566539988 0.0480290018
v -0.0179399997 0.0563069992 0.0395869985
v -0.0194860008 0.0566539988 0.0480290018
v -0.0179399997 0.0563069992 0.0395869985
v -0.016175 0.0563209988 0.045074001
v -0.0122450003 0.0554840006 0.0411590002
v -0.0104259998 0.0554019995 0.0471309982
v -0.0503630005 0.0442639999 0.0635450035
v -0.0382370017 0.0529789999 0.0686800033
v -0.0503089987 0.0439690016 0.0671269968
v -0.0224929992 0.0568049997 0.052170001
v -0.0232679993 0.0567050017 0.0431430005
v -0.0194860008 0.0566539988 0.0480290018
v -0.0152479997 0.0563450009 0.0504150018
v -0.0382370017 0.0529789999 0.0686800033
v -0.0404400006 0.0520169996 0.066614002
v -0.0332910009 0.0549289994 0.0618299991
v -0.0475529991 0.0468829982 0.0555399992
v -0.0446650013 0.0492339991 0.0626330003
v -0.0468389988 0.04758 0.0686910003
v -0.0382370017 0.0529789999 0.0686800033
v -0.0332910009 0.0549289994 0.0618299991
v -0.0311420001 0.0555960014 0.069633998
v -0.00422299979 0.0531250015 0.0497259982
v -0.0409910008 0.0514930002 0.0771529973
v -0.011008 0.055528 0.0562359989
v -0.0436230004 0.0497400016 0.0708269998
v -0.0473329984 0.0468050018 0.0442249998
v -0.0387590006 0.0528010018 0.0549479984
v -0.0461010002 0.0481129996 0.0494420007
v -0.0052629998 0.0536959991 0.0559789985
v -0.0387590006 0.0528010018 0.0549479984
v -0.0394820012 0.0524609983 0.0468520001
v -0.0496929996 0.0450170003 0.0540699996
v -0.049451001 0.0451919995 0.0466639996
v -0.0385860018 0.0531329997 0.0783950016
v -0.0382370017 0.0529789999 0.0686800033
v -0.0342920013 0.0545799993 0.0761139989
v -0.0443329997 0.0487600006 0.0397530012
v -0.0194860008 0.0566539988 0.0480290018
v -0.0152479997 0.0563450009 0.0504150018
v -0.0166740008 0.0566309988 0.0569540001
v -0.0152479997 0.0563450009 0.0504150018
v -0.0166740008 0.0566309988 0.0569540001
v -0.0355769992 0.0542269982 0.0535040013
v -0.00829000026 0.0547810011 0.0581989996
v -0.0567670017 0.0348649994 0.0550840013
v -0.0116950003 0.0572610013 0.0629779994
v -0.0112619996 0.0572229996 0.0679370016
v -0.0556529984 0.0367829986 0.0593530014
v -0.0561840013 0.0386149995 0.0435610004
v -0.0350669995 0.0616450012 0.0790430009
v -0.0250489991 0.056685999 0.0547280014
v -0.047332 0.0557960011 0.0786800012
v -0.0533760004 0.0424659997 0.0722920001
v -0.0300009996 0.0558269992 0.0563319996
v -0.0474740006 0.0468729995 0.0714650005
v -0.0284279995 0.0562090017 0.0630579963
v -0.0263049994 0.0566160008 0.0674419999
v -0.0253929999 0.0568559989 0.0768000036
v -0.0219269991 0.0568110012 0.0692119971
v -0.0412679985 0.0513870008 0.0598610006
v -0.0346149988 0.0545199998 0.0584230013
v -0.0412679985 0.0513870008 0.0598610006
v -0.0387590006 0.0528010018 0.0549479984
v -0.0380930007 0.0530689992 0.0609299988
v -0.0346149988 0.0545199998 0.0584230013
v -0.0176320001 0.0567659996 0.0752110034
v -0.0216799993 0.0569409989 0.0639149994
v -0.0153360004 0.0565560013 0.069728002
v -0.0380930007 0.0530689992 0.0609299988
v -0.0346149988 0.0545199998 0.0584230013
v -0.0404400006 0.0520169996 0.066614002
v -0.0153360004 0.0565560013 0.069728002
v -0.011442 0.0559150018 0.0759230033
v -0.0176320001 0.0567659996 0.0752110034
v -0.0387590006 0.0528010018 0.0549479984
v -0.0355769992 0.0542269982 0.0535040013
v -0.0216080006 0.0584039986 0.0759119987
v -0.010822 0.0560880005 0.0783760026
v -0.017004 0.0573810004 0.0787369981
v -0.0108249998 0.0592949986 0.0779120028
v -0.0350669995 0.0616450012 0.0790430009
v -0.0240649991 0.0638810024 0.0791179985
v -0.0174139999 0.0634749979 0.0782499984
v -0.0147850001 0.0636420026 0.0787099972
v -0.0250489991 0.056685999 0.0547280014
v -0.0224929992 0.0568049997 0.052170001
v -0.00731100002 0.0610579997 0.0781939998
v -0.00694700005 0.0616730005 0.0792160034
v -0.00693200016 0.0544620007 0.0656260028
v -0.0216799993 0.0569409989 0.0639149994
v -0.0216799993 0.0569409989 0.0639149994
v -0.0153360004 0.0565560013 0.069728002
v -0.0166740008 0.0566309988 0.0569540001
v -0.0148149999 0.0563389994 0.0619039983
v -0.0559759997 0.0335589983 0.0411860012
v -0.0537730008 0.0351420008 0.040750999
v -0.0203079991 0.0564110018 0.038803
v -0.0282179993 0.0559450015 0.0402770005
v -0.0276859999 0.0555999987 0.0392769985
v -0.0540160015 0.0385640003 0.0407259986
v -0.0428460017 0.0429640003 0.039136
v -0.0496460013 0.0446330011 0.0397280008
v -0.0193460006 0.0510430001 0.0387520008
v -0.0179399997 0.0563069992 0.0395869985
v -0.0156379994 0.0558199994 0.0393819995
v -0.0376069993 0.0507889986 0.0395050012
v -0.0369900018 0.0527819991 0.0388859995
v -0.00840300042 0.0522699989 0.0416559987
v -0.0122450003 0.0554840006 0.0411590002
v -0.0344280005 0.0520970002 0.0403760001
v -0.0354570001 0.0537250005 0.0420560017
v -0.0344280005 0.0520970002 0.0403760001
v -0.0282179993 0.0559450015 0.0402770005
v -0.0071200002 0.0538100004 0.0429060012
v -0.00144599995 0.0514630005 0.0400750004
v -0.00375399995 0.0525310002 0.0409430005
v -0.0156379994 0.0558199994 0.0393819995
v -0.0281600002 0.0514679998 0.0388199985
v -0.0443329997 0.0487600006 0.0397530012
v -0.0341540016 0.0451759994 0.0378660001
v -0.0270809997 0.0440759994 0.0359500013
v -0.0559759997 0.0335589983 0.0411860012
v -0.0537730008 0.0351420008 0.040750999
v -0.0376069993 0.0507889986 0.0395050012
v -0.0425000004 0.0504500009 0.0408109985
v -0.0369900018 0.0527819991 0.0388859995
v -0.00769100012 0.0455439985 0.0392419994
v -0.0202970002 0.0451069996 0.0363069996
v -0.0202970002 0.0451069996 0.0363069996
v -0.0481370017 0.0241190009 0.0379620008
v -0.0481370017 0.0241190009 0.0379620008
v -0.0410539992 0.0342140011 0.0360670015
v -0.0410539992 0.0342140011 0.0360670015
v -0.0346460007 0.0378529988 0.0341430008
v -0.0270809997 0.0440759994 0.0359500013
v -0.0270809997 0.0440759994 0.0359500013
v 0.0205850005 0.035751 0.0804229975
v 0.0244239997 0.0272320006 0.0796559975
v 0.0213649999 0.0366609991 0.0789629966
v 0.00398600008 0.0496929996 0.0713550001
v 0.0025820001 0.0507900007 0.0663010031
v -0.00461600022 0.0550180003 0.0688230023
v 0.0414539985 0.0127480002 0.0644600019
v 0.0373620018 0.0157270003 0.0670920014
v 0.0380650014 0.0116539998 0.0659779981
v 0.0426779985 0.0169060007 0.0637539998
v 0.041294001 0.0192409996 0.0640629977
v 0.00851299986 0.0459950007 0.0753590018
v 0.00838899985 0.0458969995 0.0686729997
v 0.0357300006 0.0184599999 0.0668589994
v 0.00561399991 0.048494 0.0757540017
v 0.0357800014 0.0208340008 0.0650330037
v 0.00536300009 0.0487879999 0.0559299998
v 0.00894800015 0.0454690009 0.0610719994
v 0.0223590005 0.0131989997 0.068419002
v 0.0239179991 0.00926200021 0.0667119995
v 0.0286069997 0.00989300013 0.0667070001
v 0.0320850015 0.0111140003 0.0669490024
v 0.0167900007 0.0337750018 0.074800998
v 0.0142139997 0.0386149995 0.0625939965
v 0.0122520002 0.041398 0.0701019987
v 0.0188059993 0.028554 0.0579090007
v 0.0292879995 0.0180009995 0.0680480003
v 0.0152289998 0.0370040014 0.0571690015
v 0.0211599991 0.0200260002 0.0683420002
v 0.0294540003 0.020389 0.0670019984
v 0.0206579994 0.0227739997 0.0658999979
v 0.0264459997 0.0225249995 0.0637940019
v 0.0142820003 0.0360810012 0.0754859969
v 0.0154600004 0.0338289998 0.072728999
v 0.0167449992 0.0306589995 0.0756400004
v 0.00055300002 0.0520949997 0.0613389984
v 0.0457659997 0.0124310004 0.0594820008
v 0.0167900007 0.0337750018 0.074800998
v 0.0152289998 0.0370040014 0.0571690015
v 0.0469379984 0.0181189999 0.0566679984
v 0.0454020016 0.0202500001 0.0584550016
v 0.0167900007 0.0337750018 0.074800998
v 0.0187899992 0.0283170007 0.0729369968
v 0.041065 0.0214920007 0.0605139993
v 0.0142820003 0.0360810012 0.0754859969
v 0.0110200001 0.041003 0.0774810016
v 0.0115329996 0.0401649997 0.0716060027
v 0.00881300028 0.0439999998 0.077343002
v 0.0145239998 0.0402889997 0.0800359994
v -0.00601600017 0.0561029986 0.0799759999
v -0.00280799996 0.0532200001 0.0787969977
v 0.0254950002 0.0131719997 0.0795969963
v 0.0160700008 0.0344749987 0.0788630024
v 0.0175800007 0.0293279998 0.0778679997
v 0.0152289998 0.0370040014 0.0571690015
v 0.00180800003 0.0545459986 0.0781320035
v -7.50000036e-05 0.0538880005 0.0771159977
v -0.00626200018 0.0558909997 0.0758920014
v 0.0214850008 0.0178980008 0.0800520033
v 0.0193009991 0.0198500007 0.0776910037
v 0.0193009991 0.0198500007 0.0776910037
v 0.0183809996 0.0247150008 0.0749970004
v 0.0197710004 0.0307100005 0.0803520009
v 0.0248189997 0.0203159992 0.0800929964
v -0.017004 0.0573810004 0.0787369981
v -0.010822 0.0560880005 0.0783760026
v 0.0229930002 0.0259579998 0.0805639997
v 0.0197710004 0.0307100005 0.0803520009
v 0.0145239998 0.0402889997 0.0800359994
v 0.0160700008 0.0344749987 0.0788630024
v 0.0175800007 0.0293279998 0.0778679997
v -0.00601600017 0.0561029986 0.0799759999
v 0.0214850008 0.0178980008 0.0800520033
v 0.0160700008 0.0344749987 0.0788630024
v -0.00449299999 0.0586929992 0.0806640014
v 0.0186599996 0.0410359986 0.0796649978
v 0.00180800003 0.0545459986 0.0781320035
v 0.0158220008 0.0435209982 0.0805689991
v -0.00626200018 0.0558909997 0.0758920014
v -0.00461600022 0.0550180003 0.0688230023
v -0.00637800014 0.0555359982 0.0563630015
v -0.0112619996 0.0572229996 0.0679370016
v 0.0106690004 0.0458449982 0.0806090012
v -3.99999999e-06 0.0512240008 0.0780149996
v 0.00459699985 0.0506719984 0.0800530016
v -0.00280799996 0.0532200001 0.0787969977
v 0.0104649998 0.0467649996 0.0779939964
v 0.0124730002 0.0420229994 0.0761509985
v -0.00290399999 0.0527240001 0.0752609968
v -3.99999999e-06 0.0512240008 0.0780149996
v 0.0106690004 0.0458449982 0.0806090012
v 0.00561399991 0.048494 0.0757540017
v -7.50000036e-05 0.0538880005 0.0771159977
v 0.0125890002 0.0480239987 0.0805429965
v 0.00684900023 0.0541340001 0.0801810026
v -0.00342199998 0.0595749989 0.0803660005
v 0.0272819996 0.00786199979 0.0647
v 0.0231749993 0.0143900001 0.067309998
v 0.031583 0.0140399998 0.0664570034
v 0.0282220002 0.0113530001 0.0660720021
v 0.0286069997 0.00989300013 0.0667070001
v 0.0272819996 0.00786199979 0.0647
v 0.0335040018 0.00778499991 0.0643820018
v 0.0335040018 0.00778499991 0.0643820018
v 0.00459699985 0.0506719984 0.0800530016
v 0.0364499986 0.0091909999 0.0649989992
v 0.0108340001 0.0517159998 0.0789379999
v -0.00694700005 0.0616730005 0.0792160034
v 0.0171789993 0.0298209991 0.0668070018
v 0.0161099993 0.0325939991 0.0623160005
v 0.0172150005 0.0288149994 0.058995001
v 0.0132689998 0.037907999 0.0610300004
v 0.0164940003 0.0385570005 0.0779680014
v 0.0187299997 0.0316479988 0.0773760006
v 0.0164940003 0.0385570005 0.0779680014
v 0.0221190006 0.0249060001 0.0786390007
v 0.019971 0.0175940003 0.0725430027
v 0.0206530001 0.0147089995 0.0774530023
v 0.0198379997 0.0118249999 0.0719510019
v 0.0190249998 0.0138910003 0.0562309995
v 0.0187660009 0.0142270001 0.0514389984
v 0.0164940003 0.0385570005 0.0779680014
v 0.0184920002 0.0400899984 0.0778150037
v 0.0229950007 0.0319800004 0.0781729966
v 0.0213649999 0.0366609991 0.0789629966
v 0.019971 0.0175940003 0.0725430027
v 0.0200989991 0.0210480001 0.0759560019
v 0.0206530001 0.0147089995 0.0774530023
v 0.0132689998 0.037907999 0.0610300004
v 0.00901299994 0.0434960015 0.053328
v 0.0139269996 0.0368890017 0.0561870001
v 0.0191270001 0.0157120004 0.0744680017
v 0.0206530001 0.0147089995 0.0774530023
v 0.0204889998 0.00860000029 0.0633770004
v 0.0190280005 0.0136909997 0.0643960014
v 0.0109200003 0.0413339995 0.0578689985
v 0.00311399996 0.048884999 0.0739379972
v 0.00811399985 0.0444869995 0.0726739988
v 0.0135709997 0.0396629982 0.0481679998
v 0.025711 0.0197659992 0.0785320029
v 0.0211999994 0.0110609997 0.0637020022
v 0.0190280005 0.0136909997 0.0643960014
v 0.0190249998 0.0138910003 0.0562309995
v 0.0183140002 0.00954299979 0.056646999
v 0.0212079994 0.011655 0.0657439977
v 0.0192239992 0.0163039993 0.0629229993
v 0.0206099991 0.0161300004 0.0656619966
v 0.0108279996 0.0413580015 0.0635090023
v 0.0133020002 0.037707001 0.0666930005
v 0.00180800003 0.0545459986 0.0781320035
v 0.0124730002 0.0420229994 0.0761509985
v 0.0143069997 0.0434149988 0.0779590011
v 0.0104649998 0.0467649996 0.0779939964
v 0.0190089997 0.0214120001 0.0519820005
v 0.0128610004 0.0478149988 0.077786997
v 0.0190919992 0.0186509993 0.0714310035
v 0.0202830005 0.0222609993 0.0700879991
v 0.0188800003 0.0231890008 0.0697659999
v 0.00254700007 0.0565209985 0.0779300034
v 0.0190050006 0.0198660009 0.0579500012
v 0.0108340001 0.0517159998 0.0789379999
v 0.0186739992 0.0235709995 0.0559710003
v 0.0157590006 0.0461790003 0.0784329996
v 0.0157590006 0.0461790003 0.0784329996
v 0.0198619999 0.0266590007 0.0773990005
v 0.0198619999 0.0266590007 0.0773990005
v 0.0204559993 0.0193240009 0.0633850023
v 0.0202709995 0.0180750005 0.0569359995
v 0.0200399999 0.022713 0.0621340014
v 0.0192809999 0.00690100016 0.0655499995
v 0.0204889998 0.00860000029 0.0633770004
v 0.0207439996 0.0084920004 0.0665690005
v 0.0207439996 0.0084920004 0.0665690005
v 0.0204889998 0.00860000029 0.0633770004
v 0.0232190005 0.00788800046 0.0637639984
v 0.0239179991 0.00926200021 0.0667119995
v 0.027307 0.00905700028 0.0626939982
v 0.0179580003 0.0271770004 0.0593339987
v 0.0186190009 0.0236879997 0.0633890033
v 0.025711 0.0197659992 0.0785320029
v 0.0236530006 0.0264490005 0.0779469982
v 0.0197400004 0.0237060003 0.0558869988
v 0.0200399999 0.022713 0.0621340014
v 0.025014 0.010826 0.0633649975
v 0.0324050002 0.00912200008 0.0626180023
v 0.027307 0.00905700028 0.0626939982
v 0.0318100005 0.0112399999 0.0637789965
v 0.0242289994 0.0116450004 0.0661090016
v 0.0346199982 0.00774799986 0.0627970025
v 0.0324050002 0.00912200008 0.0626180023
v 0.0346199982 0.00774799986 0.0627970025
v 0.0190660004 0.014277 0.0707309991
v 0.0185240004 0.00953400042 0.0688410029
v 0.0364499986 0.0091909999 0.0649989992
v 0.0229950007 0.0319800004 0.0781729966
v 0.0229950007 0.0319800004 0.0781729966
v 0.0308229998 0.0183119997 0.0651020035
v 0.0255720001 0.0190270003 0.064677
v 0.026788 0.0198810007 0.0626939982
v 0.0283010006 0.021125 0.0622989982
v 0.026788 0.0198810007 0.0626939982
v 0.0219950005 0.0213810001 0.0629699975
v 0.0283010006 0.021125 0.0622989982
v 0.0264459997 0.0225249995 0.0637940019
v 0.0313649997 0.0187139995 0.0626899973
v 0.0349089988 0.0180360004 0.0641259998
v 0.0278399996 0.0172579996 0.0663340017
v 0.0344339982 0.0162819996 0.0654650033
v 0.0204559993 0.0193240009 0.0633850023
v 0.0226269998 0.0180450007 0.066486001
v 0.0283010006 0.021125 0.0622989982
v 0.0341080017 0.0197459999 0.0619679987
v 0.0226269998 0.0180450007 0.066486001
v 0.0204559993 0.0193240009 0.0633850023
v 0.0361279994 0.0210059993 0.0619740002
v 0.0341080017 0.0197459999 0.0619679987
v 0.0361750014 0.0124289999 0.0651540011
v 0.0394590013 0.0113669997 0.063391
v 0.0391450003 0.0131019996 0.0641949996
v 0.0400279984 0.0183680002 0.0598899983
v 0.0416730009 0.017856 0.0562929995
v 0.0410760008 0.0170709994 0.0621289983
v 0.0200399999 0.022713 0.0621340014
v 0.0209090002 0.023 0.0639770031
v 0.0204559993 0.0193240009 0.0633850023
v 0.0347930007 0.0138339996 0.065219
v 0.0382930003 0.0152719999 0.0644539967
v 0.00103199994 0.050303001 0.0571190007
v 0.00201099995 0.0496499985 0.0619830005
v -0.00252899993 0.0524200015 0.0637129992
v 0.00173799996 0.0496870019 0.0382610001
v 0.00212400011 0.0493309982 0.043012999
v 0.0209090002 0.023 0.0639770031
v 0.0206579994 0.0227739997 0.0658999979
v 0.0209090002 0.023 0.0639770031
v -0.001942 0.0520009995 0.0579620004
v 0.0205920003 0.0164550003 0.0697989985
v 0.0211599991 0.0200260002 0.0683420002
v 0.00474199979 0.0474239998 0.0485799983
v 0.0207439996 0.0084920004 0.0665690005
v 0.0203099996 0.0120510003 0.0690369979
v 0.0203099996 0.0120510003 0.0690369979
v 0.00870400015 0.0437549986 0.0686440021
v 0.00524100009 0.0470900014 0.0639370009
v 0.00539299985 0.0469699986 0.0556109995
v 0.0212079994 0.011655 0.0657439977
v 0.0206099991 0.0161300004 0.0656619966
v 0.0127180004 0.0387470014 0.0445780009
v 0.00795099977 0.0445979983 0.0465760008
v 0.0205920003 0.0164550003 0.0697989985
v 0.0114179999 0.0407209992 0.0494920015
v 0.00795099977 0.0445979983 0.0465760008
v 0.0114179999 0.0407209992 0.0494920015
v 0.0135369999 0.0375670008 0.0504579991
v 0.0205920003 0.0164550003 0.0697989985
v 0.0114179999 0.0407209992 0.0494920015
v 0.00215599989 0.0495169982 0.0674030036
v 0.00383799989 0.0480669998 0.0517240018
v 0.0219950005 0.0213810001 0.0629699975
v 0.00797499996 0.0445009992 0.0563029982
v 0.026904 0.0177769996 0.0652899966
v -0.0025210001 0.0525059998 0.0679240003
v -0.00671300013 0.0545109995 0.0734760016
v -0.00693200016 0.0544620007 0.0656260028
v 0.041065 0.0214920007 0.0605139993
v 0.0361279994 0.0210059993 0.0619740002
v 0.0357800014 0.0208340008 0.0650330037
v 0.0361279994 0.0210059993 0.0619740002
v 0.0191270001 0.0157120004 0.0744680017
v 0.0186359994 0.0102939997 0.0773060024
v -0.00151800003 0.0534589998 0.0747499987
v 0.0135369999 0.0375670008 0.0504579991
v -0.0112979999 0.0573499985 0.0749889985
v 0.0139269996 0.0368890017 0.0561870001
v 0.0168810003 0.0336869992 0.0460029989
v -0.00626200018 0.0558909997 0.0758920014
v 0.0139269996 0.0368890017 0.0561870001
v 0.0133020002 0.037707001 0.0666930005
v 0.0152289998 0.0370040014 0.0571690015
v 0.011167 0.0410020016 0.0683960021
v 0.0115329996 0.0401649997 0.0716060027
v 0.000757000002 0.0584219992 0.0786809996
v 0.000757000002 0.0584219992 0.0786809996
v 0.0108340001 0.0517159998 0.0789379999
v 0.0187299997 0.0316479988 0.0773760006
v 0.0198619999 0.0266590007 0.0773990005
v 0.0108279996 0.0413580015 0.0635090023
v 0.011167 0.0410020016 0.0683960021
v 0.025014 0.010826 0.0633649975
v 0.0204889998 0.00860000029 0.0633770004
v 0.0211999994 0.0110609997 0.0637020022
v 0.0211750008 0.0166929998 0.0610210001
v 0.0211750008 0.0166929998 0.0610210001
v 0.00173799996 0.0496870019 0.0382610001
v 0.0206099991 0.0161300004 0.0656619966
v 0.0401819982 0.0197650008 0.0583080016
v 0.0410760008 0.0170709994 0.0621289983
v 0.0403480008 0.014122 0.0596069992
v 0.0382930003 0.0152719999 0.0644539967
v 0.0249029994 0.0123199997 0.0779879987
vt 0.0887250006 0.876498997
vt 0.0685739964 0.876929998
vt 0.080854997 0.89171201
vt 0.535824001 0.575928986
vt 0.563629985 0.579362988
vt 0.561513007 0.571937025
vt 0.538350999 0.567759991
vt 0.526534975 0.573952973
vt 0.0124530001 0.867084026
vt 0.040465001 0.879139006
vt 0.0372739993 0.864764988
vt 0.284009993 0.683669984
vt 0.292822987 0.696829975
vt 0.30141601 0.693096995
vt 0.0413860008 0.911283016
vt 0.0142160002 0.879468977
vt 0.273571998 0.640402973
vt 0.265919 0.647736013
vt 0.270494014 0.656633973
vt 0.0583759993 0.811891973
vt 0.0534290001 0.810534
vt 0.036768999 0.831907988
vt 0.0550570004 0.828266978
vt 0.255932987 0.0954300016
vt 0.249463007 0.0934709981
vt 0.256630987 0.106192999
vt 0.248584002 0.108395003
vt 0.601393998 0.588657975
vt 0.589883029 0.578194976
vt 0.586089015 0.583337009
vt 0.0847409964 0.845744014
vt 0.0715269968 0.823307991
vt 0.532967985 0.629024982
vt 0.571632981 0.602271974
vt 0.532178998 0.602396011
vt 0.291227013 0.648971021
vt 0.289130986 0.665772974
vt 0.306391001 0.656776011
vt 0.504410982 0.579890013
vt 0.522948027 0.567490995
vt 0.288495004 0.0892430022
vt 0.266784012 0.0782649964
vt 0.268393993 0.101236999
vt 0.571142018 0.622722983
vt 0.305916995 0.0728799999
vt 0.284195989 0.0633670017
vt 0.0414679982 0.84127301
vt 0.0241579991 0.850526989
vt 0.261480004 0.0609720014
vt 0.254608989 0.077591002
vt 0.251904011 0.0456920005
vt 0.248346001 0.0608120002
vt 0.258845001 0.0450950004
vt 0.575075984 0.569594979
vt 0.498304993 0.588180006
vt 0.506325006 0.595140994
vt 0.265879989 0.608323991
vt 0.258536994 0.621001005
vt 0.269392014 0.62055999
vt 0.271984011 0.615050018
vt 0.265002012 0.630285025
vt 0.281349003 0.631949008
vt 0.279163986 0.617096007
vt 0.549006999 0.63577503
vt 0.271120012 0.69234103
vt 0.262535006 0.693423986
vt 0.272814006 0.695927978
vt 0.0302540008 0.450069994
vt 0.011771 0.45330599
vt 0.0241449997 0.46015799
vt 0.340707988 0.0875269994
vt 0.342137009 0.0762559995
vt 0.283412993 0.707535028
vt 0.287221014 0.702356994
vt 0.277947992 0.703059971
vt 0.615050018 0.596313
vt 0.623163998 0.613655984
vt 0.613460004 0.611684024
vt 0.0357609987 0.469015002
vt 0.0453479998 0.463739008
vt 0.0338010006 0.474705994
vt 0.0505519994 0.478018999
vt 0.286722004 0.626809001
vt 0.288556993 0.637313008
vt 0.299291998 0.63249898
vt 0.301441014 0.110614002
vt 0.258846998 0.117347002
vt 0.304827005 0.0996339992
vt 0.60263598 0.63853699
vt 0.0232900009 0.429381996
vt 0.0444779992 0.430525005
vt 0.0632589981 0.855463028
vt 0.0628240034 0.907516003
vt 0.0499499999 0.486001015
vt 0.0664820001 0.437741995
vt 0.316619992 0.728702009
vt 0.307036012 0.73418498
vt 0.317268997 0.735684991
vt 0.269932985 0.674830019
vt 0.270639986 0.671203017
vt 0.263702989 0.673919022
vt 0.0492440015 0.397525996
vt 0.0414009988 0.398584008
vt 0.0465589985 0.410218
vt 0.0830300003 0.914457977
vt 0.30934301 0.727021992
vt 0.0895970017 0.388678998
vt 0.0710240006 0.391683996
vt 0.626101017 0.649019003
vt 0.310519993 0.699922025
vt 0.31824699 0.717365026
vt 0.328447998 0.717060983
vt 0.304262012 0.0544539988
vt 0.0629889965 0.928360999
vt 0.361429006 0.0669030026
vt 0.339076996 0.0517399982
vt 0.340903014 0.0677160025
vt 0.567939997 0.648304999
vt 0.213228002 0.291469008
vt 0.202216998 0.295215994
vt 0.207518995 0.299585015
vt 0.374339014 0.119305998
vt 0.375526011 0.105292998
vt 0.354974985 0.107346997
vt 0.358168006 0.0968810022
vt 0.269879013 0.0481059998
vt 0.00902799983 0.859255016
vt 0.0122250002 0.850757003
vt 0.374520004 0.0781269968
vt 0.253497005 0.652396023
vt 0.255870998 0.644572973
vt 0.251920015 0.645437002
vt 0.283589005 0.713177025
vt 0.288834006 0.713988006
vt 0.294129997 0.639568985
vt 0.297829986 0.708611012
vt 0.252009004 0.655556023
vt 0.248224005 0.660319984
vt 0.252056986 0.658833981
vt 0.250360012 0.666198015
vt 0.255901009 0.663913012
vt 0.292216003 0.619455993
vt 0.248457998 0.651925981
vt 0.205939993 0.246895
vt 0.207366005 0.244214997
vt 0.202121004 0.246823996
vt 0.254878998 0.658303022
vt 0.296795011 0.71578598
vt 0.290482998 0.719883025
vt 0.292275012 0.721975029
vt 0.259786993 0.649190009
vt 0.28601101 0.716482997
vt 0.264560014 0.638240993
vt 0.259241015 0.643603981
vt 0.259279013 0.653846025
vt 0.262919992 0.651966989
vt 0.26324001 0.659417987
vt 0.285840005 0.118479997
vt 0.308620006 0.715093017
vt 0.301016003 0.719906986
vt 0.268602997 0.707220972
vt 0.271972001 0.711169004
vt 0.273232996 0.705420971
vt 0.266712993 0.699091017
vt 0.256855011 0.606397986
vt 0.259752005 0.612203002
vt 0.261346012 0.602940977
vt 0.317422986 0.740543008
vt 0.294575989 0.725373983
vt 0.293217987 0.729480028
vt 0.302513987 0.723950982
vt 0.302094012 0.72972101
vt 0.295390993 0.734933019
vt 0.254586011 0.679643989
vt 0.253591001 0.684952021
vt 0.259492993 0.679849029
vt 0.264921993 0.667438984
vt 0.255755991 0.669182003
vt 0.303011 0.738008976
vt 0.30103001 0.742403984
vt 0.267607003 0.680112004
vt 0.262538999 0.683284998
vt 0.310712993 0.745720029
vt 0.306178004 0.720750988
vt 0.314817011 0.724211991
vt 0.0905089974 0.404763013
vt 0.253001004 0.674594998
vt 0.312189013 0.720102012
vt 0.223719999 0.503841996
vt 0.219791993 0.509621978
vt 0.223070994 0.509808004
vt 0.260125011 0.665817022
vt 0.318729997 0.722097993
vt 0.323565006 0.72803098
vt 0.322450012 0.733662009
vt 0.261126012 0.700128973
vt 0.256235003 0.694931984
vt 0.949631989 0.953571975
vt 0.951803029 0.954536974
vt 0.955186009 0.949618995
vt 0.265989006 0.704882026
vt 0.262445003 0.704797029
vt 0.949189007 0.958738029
vt 0.951026022 0.954797029
vt 0.944940984 0.959518015
vt 0.0976660028 0.903881013
vt 0.938503981 0.96745801
vt 0.942677021 0.964002013
vt 0.268523008 0.696958005
vt 0.276455998 0.689867973
vt 0.306551009 0.0961560011
vt 0.324912995 0.100955002
vt 0.328177005 0.735858023
vt 0.332727998 0.729607999
vt 0.327767015 0.725257993
vt 0.271513999 0.715651989
vt 0.276055992 0.715856016
vt 0.275748014 0.711184978
vt 0.27827999 0.714483023
vt 0.280883014 0.720624983
vt 0.27908501 0.710663974
vt 0.338072985 0.71707201
vt 0.289211988 0.722970009
vt 0.342332006 0.709546983
vt 0.930082977 0.971086025
vt 0.928499997 0.973406017
vt 0.934611022 0.966722012
vt 0.339832008 0.725100994
vt 0.348179013 0.720481992
vt 0.285576999 0.730768979
vt 0.291249007 0.733125985
vt 0.288792998 0.728712022
vt 0.293217987 0.729480028
vt 0.291202009 0.726926029
vt 0.291249007 0.733125985
vt 0.294328988 0.738840997
vt 0.111855 0.871885002
vt 0.283167988 0.646336019
vt 0.310312986 0.686877012
vt 0.321370006 0.699501991
vt 0.317023009 0.637161016
vt 0.309846997 0.681118011
vt 0.322369009 0.687955976
vt 0.329746008 0.697324991
vt 0.275871992 0.678853989
vt 0.320762008 0.677618027
vt 0.277545005 0.66952002
vt 0.275433987 0.67434603
vt 0.293520004 0.676319003
vt 0.298880011 0.682429016
vt 0.301095992 0.667016983
vt 0.548276007 0.47536701
vt 0.559174001 0.474027991
vt 0.541422009 0.468762994
vt 0.304645002 0.672264993
vt 0.54222399 0.405618995
vt 0.551554978 0.401006013
vt 0.55043298 0.393528998
vt 0.540394008 0.389699012
vt 0.311363012 0.667173028
vt 0.696102977 0.534784019
vt 0.700820982 0.543249011
vt 0.701885998 0.534677029
vt 0.554352999 0.413715988
vt 0.548475027 0.413004011
vt 0.554060996 0.423842996
vt 0.553506017 0.403798997
vt 0.0671060011 0.811875999
vt 0.704638004 0.524336994
vt 0.252900004 0.631074011
vt 0.258356005 0.631148994
vt 0.26066801 0.625406027
vt 0.258495003 0.639096022
vt 0.254400998 0.619975984
vt 0.555747986 0.442566991
vt 0.576416016 0.443233013
vt 0.569022 0.435209006
vt 0.567138016 0.453648001
vt 0.252564996 0.626630008
vt 0.249916002 0.634263992
vt 0.0670420006 0.377485007
vt 0.0611249991 0.384445012
vt 0.967935979 0.904011011
vt 0.973131001 0.904929996
vt 0.972352982 0.895125985
vt 0.58503598 0.455300987
vt 0.582403004 0.448413014
vt 0.577345014 0.450455993
vt 0.589465022 0.468201011
vt 0.576974988 0.466538996
vt 0.562279999 0.459978998
vt 0.270355999 0.606202006
vt 0.274141014 0.608415008
vt 0.267491996 0.597122014
vt 0.565657973 0.468566
vt 0.558924973 0.427982986
vt 0.496986002 0.579330027
vt 0.483294994 0.59928
vt 0.272837013 0.603046
vt 0.271412998 0.597545981
vt 0.278535992 0.590399027
vt 0.278232992 0.596477985
vt 0.283930987 0.594851017
vt 0.279190987 0.606670976
vt 0.289355993 0.606013
vt 0.542064011 0.440742999
vt 0.536257029 0.425761014
vt 0.0853350013 0.367866009
vt 0.081739001 0.379813999
vt 0.540911973 0.459040999
vt 0.968478024 0.912846982
vt 0.966256022 0.914023995
vt 0.968258023 0.914602995
vt 0.966450989 0.916876972
vt 0.916432023 0.970525026
vt 0.922231019 0.975319982
vt 0.922291994 0.972240984
vt 0.919839978 0.974910975
vt 0.916432023 0.970525026
vt 0.915332973 0.973677993
vt 0.918510973 0.961569011
vt 0.925988019 0.967272997
vt 0.910302997 0.972943008
vt 0.909990013 0.970530987
vt 0.202133 0.242592007
vt 0.969036996 0.867698014
vt 0.968102992 0.86322701
vt 0.960075974 0.867209971
vt 0.959923983 0.855428994
vt 0.965409994 0.855782986
vt 0.963728011 0.852497995
vt 0.291202009 0.726926029
vt 0.959963977 0.84443301
vt 0.957825005 0.854170978
vt 0.961031973 0.850439012
vt 0.228486001 0.41872701
vt 0.226565003 0.420892
vt 0.229754001 0.422735989
vt 0.222982004 0.418817997
vt 0.910889983 0.983878016
vt 0.913571 0.97478199
vt 0.905044019 0.982900023
vt 0.298115999 0.722701013
vt 0.910642982 0.973244011
vt 0.893805027 0.777364016
vt 0.894098997 0.779627979
vt 0.89527899 0.777996004
vt 0.889409006 0.975282013
vt 0.896655023 0.988601029
vt 0.963145018 0.926577985
vt 0.961664975 0.937179983
vt 0.964749992 0.933193982
vt 0.960180998 0.941783011
vt 0.946622014 0.938242972
vt 0.968165994 0.925246
vt 0.968478024 0.912846982
vt 0.972594023 0.919290006
vt 0.96359098 0.922731996
vt 0.958000004 0.922598004
vt 0.954055011 0.928368986
vt 0.960795999 0.922311008
vt 0.943665981 0.946151018
vt 0.940853 0.955483973
vt 0.22304 0.173014
vt 0.221458003 0.177423999
vt 0.225771993 0.175779
vt 0.932869971 0.963436007
vt 0.924767971 0.968672991
vt 0.28865099 0.733641028
vt 0.920103014 0.977276027
vt 0.91683501 0.977689028
vt 0.919716001 0.980862021
vt 0.91683501 0.977689028
vt 0.28865099 0.733641028
vt 0.935756028 0.963851988
vt 0.221226007 0.497359991
vt 0.962644994 0.910171986
vt 0.973067999 0.911395013
vt 0.964097023 0.903804004
vt 0.249468997 0.45223701
vt 0.261593997 0.447012007
vt 0.248503998 0.445567995
vt 0.256906986 0.464466989
vt 0.249442995 0.465440005
vt 0.253975987 0.477979004
vt 0.247986004 0.455765992
vt 0.250295013 0.435992986
vt 0.258273989 0.490242004
vt 0.262407988 0.499972999
vt 0.267610013 0.505098999
vt 0.972205997 0.888439
vt 0.96617198 0.889657021
vt 0.970914006 0.880958974
vt 0.970539987 0.872482002
vt 0.27165401 0.511638999
vt 0.285225004 0.50999999
vt 0.25940001 0.645165026
vt 0.25979501 0.644186974
vt 0.739701986 0.785220027
vt 0.739381015 0.784057021
vt 0.736688018 0.784771979
vt 0.966030002 0.903195024
vt 0.967732012 0.902298987
vt 0.262492001 0.476577997
vt 0.274457991 0.600314975
vt 0.277559012 0.598560989
vt 0.282303005 0.598939002
vt 0.95391798 0.883072972
vt 0.939593017 0.895659029
vt 0.934068978 0.859984994
vt 0.910926998 0.940963984
vt 0.929338992 0.931320012
vt 0.93137002 0.917648971
vt 0.894129992 0.95085901
vt 0.87471801 0.953698993
vt 0.264598012 0.424207985
vt 0.251700997 0.426113993
vt 0.279136986 0.494830012
vt 0.272799999 0.487951994
vt 0.280977994 0.520578027
vt 0.290821999 0.502295017
vt 0.977712989 0.352389991
vt 0.976186991 0.327739
vt 0.967730999 0.343849987
vt 0.937968016 0.878970981
vt 0.913713992 0.927020013
vt 0.930428982 0.865638971
vt 0.969469011 0.361618996
vt 0.967824996 0.327648997
vt 0.949908972 0.343297988
vt 0.949460983 0.359723002
vt 0.931499004 0.894227982
vt 0.955910981 0.305714011
vt 0.970876992 0.315546989
vt 0.945622981 0.320650011
vt 0.984737992 0.378280014
vt 0.984853029 0.360523999
vt 0.968706012 0.391566992
vt 0.982456028 0.39755699
vt 0.970126987 0.376552999
vt 0.014494 0.0491060019
vt 0.0345490016 0.0368629992
vt 0.0192690007 0.0353510007
vt 0.03345 0.0536990017
vt 0.0128779998 0.0665619969
vt 0.0340819992 0.0695390031
vt 0.0136869997 0.0726429969
vt 0.932717979 0.600821018
vt 0.932991982 0.591467023
vt 0.910839021 0.589286029
vt 0.271903992 0.447824001
vt 0.280205011 0.431881994
vt 0.281073987 0.474379003
vt 0.618421972 0.122172996
vt 0.622473001 0.137897
vt 0.625604987 0.126384005
vt 0.631834984 0.143277004
vt 0.880060971 0.579140007
vt 0.868713975 0.583248019
vt 0.881043971 0.593719006
vt 0.294055998 0.485991001
vt 0.301631987 0.495321989
vt 0.640910029 0.0919860005
vt 0.622753978 0.100143999
vt 0.637978017 0.114586003
vt 0.632152975 0.0825420022
vt 0.652405024 0.0752660036
vt 0.651310027 0.0635650009
vt 0.954895973 0.372830003
vt 0.950981021 0.390560001
vt 0.942543983 0.376810014
vt 0.896081984 0.578805029
vt 0.914662004 0.580174983
vt 0.902504027 0.566623986
vt 0.935671985 0.357450008
vt 0.939574003 0.336638987
vt 0.642782986 0.132822007
vt 0.651018023 0.115248002
vt 0.940527976 0.309978992
vt 0.652576983 0.112873003
vt 0.655045986 0.0923120007
vt 0.929898024 0.322733998
vt 0.710090995 0.231527999
vt 0.714985013 0.245177001
vt 0.721240997 0.238481
vt 0.712390006 0.214889005
vt 0.703468978 0.225106999
vt 0.879734993 0.564655006
vt 0.865445018 0.571967006
vt 0.890241981 0.600556016
vt 0.897714972 0.594084024
vt 0.066467002 0.470256001
vt 0.0762419999 0.451797992
vt 0.163726002 0.408320993
vt 0.124104001 0.411128998
vt 0.130900994 0.426375985
vt 0.149690002 0.397098005
vt 0.266238004 0.246288002
vt 0.272956997 0.266279995
vt 0.283724993 0.243107006
vt 0.634914994 0.642525017
vt 0.633412004 0.626582026
vt 0.292631 0.276336014
vt 0.0590559989 0.498703003
vt 0.0651020035 0.492612004
vt 0.087187998 0.422289997
vt 0.165021002 0.387465
vt 0.0734300017 0.500514984
vt 0.076981999 0.488725007
vt 0.0677179992 0.505626976
vt 0.633915007 0.667011976
vt 0.638047993 0.654990017
vt 0.109282002 0.402523994
vt 0.106986001 0.428977996
vt 0.338027 0.736411989
vt 0.137594 0.385176003
vt 0.286695004 0.330514014
vt 0.279646009 0.334800005
vt 0.288387001 0.338250011
vt 0.260365009 0.222167
vt 0.253699988 0.238462001
vt 0.0781999975 0.504743993
vt 0.0778660029 0.510114014
vt 0.299367994 0.323004007
vt 0.278304994 0.323336005
vt 0.133575007 0.363341004
vt 0.106510997 0.384409994
vt 0.12066 0.385338008
vt 0.267260998 0.206002995
vt 0.0830119997 0.468189001
vt 0.281426996 0.206698
vt 0.296261013 0.232224002
vt 0.303858012 0.244922996
vt 0.280276 0.288017005
vt 0.108184002 0.448179007
vt 0.135083005 0.442310989
vt 0.118072003 0.460853994
vt 0.302080989 0.216863006
vt 0.298271 0.213682994
vt 0.297931999 0.213594005
vt 0.298271 0.213682994
vt 0.301784009 0.29281801
vt 0.925715029 0.441184998
vt 0.92276299 0.436560988
vt 0.916082978 0.436306
vt 0.352513999 0.541625023
vt 0.342243999 0.542213023
vt 0.344487995 0.544457018
vt 0.903988004 0.452904999
vt 0.91148603 0.465894014
vt 0.911032021 0.455475986
vt 0.891523004 0.469020009
vt 0.303972989 0.270152003
vt 0.321556985 0.74011302
vt 0.887561977 0.499089003
vt 0.899596989 0.487565994
vt 0.88440001 0.475831002
vt 0.314126015 0.74485302
vt 0.322735995 0.747223973
vt 0.323760986 0.736304998
vt 0.580520988 0.475495011
vt 0.590258002 0.480046004
vt 0.907787979 0.474994004
vt 0.593218982 0.49227801
vt 0.584958017 0.488355994
vt 0.333249986 0.735753
vt 0.569314003 0.477990001
vt 0.919313014 0.470346004
vt 0.354366004 0.730606019
vt 0.341327995 0.738753974
vt 0.352674991 0.73586601
vt 0.0815640017 0.498670995
vt 0.0928630009 0.482154995
vt 0.560177028 0.485623986
vt 0.586809993 0.497292012
vt 0.911208987 0.48714301
vt 0.921658993 0.482989013
vt 0.59098798 0.505846977
vt 0.597387016 0.503408015
vt 0.906446993 0.438041002
vt 0.894101977 0.441882014
vt 0.910385013 0.449229985
vt 0.885942996 0.457951009
vt 0.882974982 0.454755008
vt 0.890567005 0.454567999
vt 0.276333988 0.307215989
vt 0.920749009 0.451081008
vt 0.91355598 0.438603997
vt 0.916218996 0.460301995
vt 0.357477009 0.124031
vt 0.935196996 0.455974013
vt 0.933447003 0.440851003
vt 0.105319999 0.359730989
vt 0.540345013 0.486788988
vt 0.562272012 0.503024995
vt 0.925189972 0.464877993
vt 0.568213999 0.511747003
vt 0.0987000018 0.481144994
vt 0.928174973 0.468228012
vt 0.938670993 0.441408008
vt 0.555408001 0.495359987
vt 0.940456986 0.451447994
vt 0.554744005 0.505474985
vt 0.950589001 0.447239012
vt 0.946016014 0.454151988
vt 0.114078999 0.476253003
vt 0.580645978 0.511152983
vt 0.580264986 0.502306998
vt 0.955329001 0.450239986
vt 0.955640972 0.460251987
vt 0.940015018 0.473194003
vt 0.928912997 0.487017006
vt 0.944217026 0.487192005
vt 0.938746989 0.492366999
vt 0.962621987 0.470575005
vt 0.968829989 0.465716004
vt 0.294548988 0.204921007
vt 0.220498994 0.111437999
vt 0.220159993 0.11135
vt 0.220330998 0.111405
vt 0.651575983 0.0121889999
vt 0.651835024 0.011953
vt 0.651700974 0.0120609999
vt 0.651835024 0.011953
vt 0.221498996 0.107695997
vt 0.962387979 0.48447901
vt 0.952077985 0.482172012
vt 0.30992201 0.213450998
vt 0.96963501 0.478249013
vt 0.958076 0.491481006
vt 0.300648004 0.196115002
vt 0.332473993 0.540121019
vt 0.335456014 0.54380101
vt 0.34522301 0.53382802
vt 0.891722977 0.989251018
vt 0.88656199 0.984109998
vt 0.883890986 0.990091026
vt 0.885240972 0.979626
vt 0.877686024 0.981729984
vt 0.881208003 0.98456198
vt 0.875069022 0.984501004
vt 0.866463006 0.982596993
vt 0.870754004 0.98476398
vt 0.291375011 0.527391016
vt 0.853730977 0.976586998
vt 0.854764998 0.980974972
vt 0.315034002 0.530779004
vt 0.326977998 0.541130006
vt 0.301340997 0.526664019
vt 0.299840987 0.534326017
vt 0.314601988 0.537267983
vt 0.357450008 0.541831017
vt 0.369778991 0.538401008
vt 0.37697199 0.523707986
vt 0.375039995 0.538380027
vt 0.870896995 0.969969988
vt 0.846001983 0.969309986
vt 0.328896999 0.521709979
vt 0.35304001 0.525627017
vt 0.861481011 0.955115974
vt 0.317483991 0.491717011
vt 0.316866994 0.509350002
vt 0.916827977 0.612209022
vt 0.331007004 0.505831003
vt 0.349110007 0.519685984
vt 0.935199976 0.616836011
vt 0.34937799 0.508001983
vt 0.388274014 0.502563
vt 0.126699999 0.124199003
vt 0.115882002 0.110771999
vt 0.113531001 0.115088999
vt 0.135784 0.116945997
vt 0.499487996 0.639813006
vt 0.327221006 0.65268898
vt 0.326058 0.642287016
vt 0.319296986 0.646802008
vt 0.100376002 0.116782002
vt 0.337359011 0.670117021
vt 0.319752008 0.666004002
vt 0.542730987 0.662940025
vt 0.577208996 0.672066987
vt 0.48061201 0.613876998
vt 0.473131001 0.628310025
vt 0.517750978 0.672082007
vt 0.331784993 0.629666984
vt 0.345322013 0.64714098
vt 0.34336701 0.636657
vt 0.511622012 0.725327015
vt 0.518081009 0.696916997
vt 0.484025002 0.709474981
vt 0.345970005 0.663197994
vt 0.320975989 0.605759978
vt 0.317512006 0.619957983
vt 0.326918989 0.623688996
vt 0.597540975 0.689800978
vt 0.360927999 0.704586029
vt 0.358606994 0.714060009
vt 0.365334988 0.713835001
vt 0.353446007 0.654218972
vt 0.345696002 0.671989024
vt 0.493710011 0.727649987
vt 0.353899986 0.663452983
vt 0.516251028 0.737653971
vt 0.531901002 0.738502979
vt 0.355957001 0.642059982
vt 0.558094978 0.685027003
vt 0.354254007 0.631829977
vt 0.468066007 0.671244025
vt 0.370108008 0.663474977
vt 0.367444009 0.656305015
vt 0.369096994 0.697934985
vt 0.364437014 0.686474979
vt 0.359858006 0.690705001
vt 0.342743009 0.609349012
vt 0.345438987 0.625993013
vt 0.357643008 0.619436979
vt 0.474424005 0.710021973
vt 0.483736008 0.687758029
vt 0.140324995 0.133333996
vt 0.148515999 0.125598997
vt 0.466347009 0.647991002
vt 0.164142996 0.135398
vt 0.56052798 0.734432995
vt 0.464103997 0.635329008
vt 0.366928011 0.64901799
vt 0.507800996 0.742610991
vt 0.162100002 0.123287998
vt 0.800719023 0.613771975
vt 0.811073005 0.602297008
vt 0.805613995 0.598757029
vt 0.0979759991 0.777269006
vt 0.0904949978 0.769766986
vt 0.081844002 0.788607001
vt 0.456353009 0.65713799
vt 0.472191989 0.611702025
vt 0.46124801 0.671625018
vt 0.474651009 0.602587998
vt 0.0671610013 0.79875201
vt 0.0723979995 0.801787972
vt 0.467179 0.689804018
vt 0.0846929997 0.806249022
vt 0.553721011 0.74317503
vt 0.46192801 0.62668103
vt 0.546422005 0.748076975
vt 0.460505009 0.69153899
vt 0.313288003 0.570429981
vt 0.309969991 0.579127014
vt 0.314779997 0.575679004
vt 0.096212998 0.102172002
vt 0.0923829973 0.105199002
vt 0.0803169981 0.102688998
vt 0.567058027 0.748911977
vt 0.842329979 0.656185985
vt 0.836513996 0.635872006
vt 0.830286026 0.640257001
vt 0.524230003 0.745680988
vt 0.825671017 0.616994977
vt 0.816480994 0.608651996
vt 0.818404019 0.627597988
vt 0.102265 0.803013027
vt 0.105218001 0.82565701
vt 0.142557994 0.171625003
vt 0.084683001 0.117643997
vt 0.0755510032 0.107589997
vt 0.167770997 0.166479006
vt 0.102591999 0.167405993
vt 0.115557 0.177851006
vt 0.123290002 0.149176002
vt 0.769240022 0.656107008
vt 0.819344997 0.648811996
vt 0.787733018 0.641553998
vt 0.0900520012 0.146649003
vt 0.103611 0.144327
vt 0.777796984 0.626635015
vt 0.784470022 0.61539501
vt 0.768061996 0.613601029
vt 0.750818014 0.644016027
vt 0.0780619979 0.171136007
vt 0.309410006 0.588670015
vt 0.318720996 0.589318991
vt 0.316532999 0.581943989
vt 0.323531985 0.579868019
vt 0.326427996 0.67236501
vt 0.391030014 0.589510977
vt 0.398490995 0.586299002
vt 0.388886988 0.576726019
vt 0.397457004 0.593451023
vt 0.320351005 0.59552002
vt 0.398431003 0.598749995
vt 0.330051005 0.59128201
vt 0.331313998 0.603399992
vt 0.400474012 0.615576982
vt 0.40537101 0.600450993
vt 0.404888988 0.593733013
vt 0.350419998 0.708985984
vt 0.317124009 0.630995989
vt 0.633850992 0.960569024
vt 0.632534981 0.965596974
vt 0.64231497 0.965550005
vt 0.410898 0.59841001
vt 0.618972003 0.964787006
vt 0.336472005 0.697981
vt 0.331432998 0.680162013
vt 0.342373997 0.682923019
vt 0.390150011 0.604255021
vt 0.407694995 0.605005026
vt 0.343183994 0.597705007
vt 0.352394998 0.601814985
vt 0.408116013 0.589116991
vt 0.414424002 0.592948973
vt 0.354970008 0.675592005
vt 0.324344993 0.57021302
vt 0.32890901 0.577316999
vt 0.329412013 0.571672976
vt 0.416209012 0.601252973
vt 0.417867988 0.605606019
vt 0.416186988 0.613063991
vt 0.342391998 0.698821008
vt 0.350919008 0.693741024
vt 0.181104004 0.134623006
vt 0.655932009 0.95569998
vt 0.648232996 0.958074987
vt 0.651377022 0.963944018
vt 0.341583014 0.581530988
vt 0.420376003 0.609116018
vt 0.338084996 0.571524978
vt 0.672752023 0.962216973
vt 0.676334977 0.957113981
vt 0.665082991 0.960511982
vt 0.668048978 0.95499903
vt 0.660023987 0.95401597
vt 0.660953999 0.960367024
vt 0.356415987 0.684938014
vt 0.341805011 0.573593974
vt 0.345108002 0.577382028
vt 0.365758002 0.606724024
vt 0.353231996 0.581623971
vt 0.333501995 0.566426992
vt 0.325453997 0.564023018
vt 0.551707983 0.967889011
vt 0.554064989 0.971710026
vt 0.55746901 0.966549993
vt 0.0976800025 0.764815986
vt 0.380658001 0.669655979
vt 0.345171988 0.567369998
vt 0.343796998 0.562941015
vt 0.366694003 0.679849982
vt 0.573728025 0.968437016
vt 0.568277001 0.97705698
vt 0.573436975 0.973703027
vt 0.562821984 0.971562982
vt 0.565012991 0.967176974
vt 0.575668991 0.96449703
vt 0.408416986 0.661680996
vt 0.420365006 0.650852025
vt 0.407676995 0.640809
vt 0.424245 0.648271978
vt 0.366037011 0.627413988
vt 0.41593501 0.635692
vt 0.427212 0.643162012
vt 0.370117992 0.615516007
vt 0.422423005 0.623374999
vt 0.380809009 0.685639024
vt 0.372182995 0.694634974
vt 0.379505992 0.699379981
vt 0.41149199 0.620133996
vt 0.400972009 0.626411974
vt 0.380163014 0.673795998
vt 0.366654009 0.639110029
vt 0.432810009 0.632524014
vt 0.375537992 0.637944996
vt 0.351348013 0.570451975
vt 0.415335 0.670835018
vt 0.382326007 0.647751987
vt 0.356433988 0.573709011
vt 0.359822989 0.569619
vt 0.425347 0.661167026
vt 0.432365 0.648270011
vt 0.34838599 0.562435985
vt 0.395482004 0.686038017
vt 0.395974994 0.673343003
vt 0.398175001 0.665322006
vt 0.704433978 0.96092099
vt 0.699791014 0.967702985
vt 0.705790997 0.965556979
vt 0.581183016 0.973954022
vt 0.585111022 0.967792988
vt 0.585094988 0.963169992
vt 0.432904005 0.656596005
vt 0.404022008 0.681107998
vt 0.357594013 0.564518988
vt 0.723724008 0.970665991
vt 0.723096013 0.966296971
vt 0.71755898 0.971451998
vt 0.363667995 0.567166984
vt 0.716383994 0.964664996
vt 0.723962009 0.959842026
vt 0.710568011 0.960143983
vt 0.377546012 0.607717991
vt 0.437990993 0.650171995
vt 0.591144025 0.968255997
vt 0.432083011 0.639981985
vt 0.432063013 0.644578993
vt 0.593952 0.963717997
vt 0.706090987 0.95807898
vt 0.379224002 0.622937024
vt 0.409761995 0.673978984
vt 0.423420012 0.616580009
vt 0.362922013 0.57703501
vt 0.362946987 0.597064018
vt 0.417187005 0.68057698
vt 0.690878987 0.958697021
vt 0.423646003 0.672819972
vt 0.369179994 0.587900996
vt 0.374467999 0.597536027
vt 0.429917991 0.66555202
vt 0.368223011 0.574910998
vt 0.286431015 0.587100983
vt 0.683624983 0.954679012
vt 0.508935988 0.987819016
vt 0.517666996 0.982868016
vt 0.509885013 0.982585013
vt 0.500315011 0.984964013
vt 0.291676998 0.579160988
vt 0.294171005 0.586827993
vt 0.700514972 0.955464005
vt 0.696040988 0.956566989
vt 0.697596014 0.962682009
vt 0.380957991 0.592239022
vt 0.299966007 0.579896986
vt 0.389524996 0.624319971
vt 0.387387007 0.639218986
vt 0.380474001 0.582910001
vt 0.521579981 0.980481982
vt 0.514977992 0.978896976
vt 0.36887899 0.570402026
vt 0.301243991 0.586794019
vt 0.596598029 0.967423975
vt 0.526228011 0.985895991
vt 0.528568983 0.982731998
vt 0.204664007 0.195169002
vt 0.201322004 0.198723003
vt 0.206640005 0.199307993
vt 0.527589977 0.978597999
vt 0.305601001 0.573319018
vt 0.301084995 0.576861024
vt 0.537349999 0.97657001
vt 0.534600973 0.981541991
vt 0.542308986 0.978600025
vt 0.298137009 0.574046016
vt 0.545710981 0.972829998
vt 0.291056007 0.598770976
vt 0.102242 0.789170027
vt 0.298202008 0.595921993
vt 0.308782011 0.603154004
vt 0.298606008 0.615440011
vt 0.307832003 0.622281015
vt 0.29945001 0.622862995
vt 0.303626001 0.613759995
vt 0.390026987 0.657287002
vt 0.388462991 0.652773976
vt 0.123611003 0.849255025
vt 0.122629002 0.811695993
vt 0.172036007 0.148710996
vt 0.0678419992 0.123328
vt 0.0694490001 0.114317998
vt 0.0554209985 0.118582003
vt 0.132530004 0.791549027
vt 0.126423001 0.185199007
vt 0.377256006 0.572458029
vt 0.603946984 0.962085009
vt 0.606257975 0.966975987
vt 0.612496018 0.96252197
vt 0.385764986 0.572080016
vt 0.596946001 0.959586024
vt 0.605163991 0.958001018
vt 0.133442998 0.814042985
vt 0.073706001 0.133417994
vt 0.058228001 0.190231994
vt 0.152667001 0.194650993
vt 0.158184007 0.175942004
vt 0.157681003 0.199606001
vt 0.164008006 0.191572994
vt 0.409296989 0.615496993
vt 0.644457996 0.954901993
vt 0.641722023 0.960300028
vt 0.838117003 0.817817986
vt 0.842532992 0.804728985
vt 0.833437026 0.810949981
vt 0.823816001 0.815891027
vt 0.821865976 0.81952399
vt 0.664303005 0.952427983
vt 0.918038011 0.809642971
vt 0.935836017 0.81923002
vt 0.929513991 0.812592983
vt 0.922123015 0.809149981
vt 0.79676801 0.856330991
vt 0.800233006 0.847532988
vt 0.797646999 0.850454986
vt 0.408216 0.680777013
vt 0.791595995 0.873154998
vt 0.798035979 0.875494003
vt 0.794418991 0.86106801
vt 0.951288998 0.833307981
vt 0.947301984 0.828256011
vt 0.94631201 0.83661598
vt 0.952229977 0.848327994
vt 0.952023029 0.83938098
vt 0.94403702 0.824406981
vt 0.618185997 0.956255019
vt 0.858179986 0.801110029
vt 0.86471802 0.807217002
vt 0.87114203 0.798686981
vt 0.892911971 0.799516976
vt 0.882137001 0.80706799
vt 0.900388002 0.800881028
vt 0.879624009 0.797869027
vt 0.594106019 0.958388984
vt 0.404927999 0.586501002
vt 0.853549004 0.813660026
vt 0.927654982 0.842419028
vt 0.840314984 0.829737008
vt 0.912405014 0.827356994
vt 0.817291021 0.821569026
vt 0.824702978 0.834977984
vt 0.809392989 0.866666019
vt 0.814684987 0.849354029
vt 0.911032975 0.802514017
vt 0.812747002 0.82655102
vt 0.804750979 0.835789979
vt 0.813857019 0.880191028
vt 0.801060021 0.887708008
vt 0.874517024 0.817987978
vt 0.89139998 0.823996007
vt 0.775689006 0.208831996
vt 0.760280013 0.213434994
vt 0.769598007 0.229732007
vt 0.76591599 0.199415997
vt 0.859211028 0.326950014
vt 0.869579971 0.312307
vt 0.86303699 0.306890011
vt 0.848646998 0.354654998
vt 0.87164402 0.333086014
vt 0.852922976 0.340795994
vt 0.870464981 0.367302001
vt 0.849457026 0.378677011
vt 0.87510699 0.384528011
vt 0.883756995 0.375963002
vt 0.877874017 0.357641011
vt 0.893785 0.353540003
vt 0.879794002 0.342961013
vt 0.854063988 0.364928007
vt 0.746505022 0.245959997
vt 0.736622989 0.235535994
vt 0.730463028 0.25217399
vt 0.755123973 0.240465999
vt 0.751625001 0.225642994
vt 0.710026026 0.203897998
vt 0.727927029 0.197706997
vt 0.746824026 0.212559998
vt 0.750229001 0.200587004
vt 0.739579022 0.200432003
vt 0.746068001 0.185799003
vt 0.734824002 0.177037999
vt 0.759028018 0.196628004
vt 0.148683995 0.0463799983
vt 0.148132995 0.0593039989
vt 0.169897005 0.0491870008
vt 0.164597005 0.065053001
vt 0.150270998 0.0741429999
vt 0.781037986 0.197546005
vt 0.156965002 0.0813070014
vt 0.170580998 0.0790660009
vt 0.886335015 0.321393996
vt 0.877546012 0.29271701
vt 0.893445015 0.306654006
vt 0.188546002 0.0541549996
vt 0.179858997 0.0392419994
vt 0.146538004 0.0337419994
vt 0.76086098 0.190899998
vt 0.751915991 0.193241999
vt 0.158136994 0.0314860009
vt 0.747355998 0.173618004
vt 0.168274999 0.0254050009
vt 0.183202997 0.0288800001
vt 0.89891398 0.370820999
vt 0.832234979 0.215305999
vt 0.823678017 0.216451004
vt 0.830879986 0.228542
vt 0.891722977 0.333425999
vt 0.839851022 0.211992994
vt 0.199294999 0.0366810001
vt 0.193287 0.0437900014
vt 0.201712996 0.0223980006
vt 0.398128003 0.439209014
vt 0.411693007 0.436296999
vt 0.393671006 0.417268991
vt 0.413792998 0.452854007
vt 0.90219897 0.344677001
vt 0.900707006 0.35985899
vt 0.727984011 0.220818996
vt 0.903553009 0.326763988
vt 0.206844002 0.0458940007
vt 0.839357018 0.197753996
vt 0.829714 0.201884001
vt 0.214867994 0.0280649997
vt 0.210181996 0.0355570018
vt 0.317115992 0.277218997
vt 0.307835013 0.261761993
vt 0.627326012 0.685582995
vt 0.657480001 0.227800995
vt 0.657280982 0.208417997
vt 0.643444002 0.210548997
vt 0.573939025 0.201481998
vt 0.578993976 0.211627007
vt 0.580066979 0.200957999
vt 0.648176014 0.885140002
vt 0.622879028 0.891089976
vt 0.641799986 0.896691978
vt 0.667464018 0.207001999
vt 0.669749022 0.225474998
vt 0.592895985 0.722172976
vt 0.615750015 0.69938302
vt 0.625146985 0.869768023
vt 0.613469005 0.885757029
vt 0.647359014 0.196822003
vt 0.39073801 0.699276984
vt 0.401387006 0.697586
vt 0.638698995 0.866652012
vt 0.634162009 0.683960974
vt 0.640546024 0.665808022
vt 0.661382973 0.193637997
vt 0.597564995 0.859219015
vt 0.615414023 0.858904004
vt 0.306084007 0.332219005
vt 0.672770977 0.212116003
vt 0.636129975 0.179829001
vt 0.62826401 0.185709998
vt 0.608332992 0.719260991
vt 0.314256996 0.314258009
vt 0.309028 0.32605201
vt 0.330922008 0.319979995
vt 0.336120993 0.327484995
vt 0.350789994 0.316339999
vt 0.616264999 0.173943996
vt 0.626307011 0.164679006
vt 0.340155005 0.306986988
vt 0.556755006 0.224111006
vt 0.562388003 0.210959002
vt 0.544431984 0.218482003
vt 0.555396974 0.207784995
vt 0.652153015 0.918594003
vt 0.645843983 0.917961001
vt 0.640622973 0.933560014
vt 0.540176988 0.211815998
vt 0.535808027 0.217503995
vt 0.616122007 0.168294996
vt 0.653846025 0.902727008
vt 0.636909008 0.910187006
vt 0.350419998 0.324651986
vt 0.641929984 0.164436996
vt 0.625235021 0.701582015
vt 0.327437013 0.33130601
vt 0.651814997 0.182138994
vt 0.756712973 0.696915984
vt 0.763471007 0.714402974
vt 0.772301018 0.691675007
vt 0.623152971 0.712047994
vt 0.587098002 0.736065984
vt 0.807960987 0.687312007
vt 0.784237981 0.710214019
vt 0.596521974 0.737177014
vt 0.652462006 0.172218993
vt 0.581044018 0.824846983
vt 0.575995028 0.834865987
vt 0.589377999 0.824340999
vt 0.634166002 0.201178998
vt 0.662679017 0.896560013
vt 0.660130024 0.883801997
vt 0.672684014 0.248117998
vt 0.667852998 0.256460994
vt 0.679157972 0.25523901
vt 0.672488987 0.882252991
vt 0.671292007 0.875184
vt 0.665898979 0.871986985
vt 0.671213984 0.239197999
vt 0.663031995 0.247415006
vt 0.328031987 0.298754007
vt 0.336737007 0.301275015
vt 0.517943025 0.220192
vt 0.522324026 0.225739002
vt 0.539222002 0.229166999
vt 0.456984997 0.0664499998
vt 0.455123007 0.0754479989
vt 0.462909997 0.0764219984
vt 0.582342982 0.220257998
vt 0.558479011 0.233373001
vt 0.574195027 0.230449006
vt 0.471922994 0.0940079987
vt 0.477851987 0.08873
vt 0.835156024 0.663040996
vt 0.681499004 0.232483
vt 0.499125004 0.214762002
vt 0.505253017 0.220923007
vt 0.650627017 0.875298023
vt 0.799134016 0.677990019
vt 0.797612011 0.664400995
vt 0.674996018 0.267343014
vt 0.572584987 0.74376303
vt 0.754839003 0.676982999
vt 0.323947996 0.290401012
vt 0.974920988 0.462069988
vt 0.971189976 0.457798004
vt 0.975566983 0.450268
vt 0.970902979 0.445464998
vt 0.963205993 0.450091004
vt 0.905565023 0.234597996
vt 0.90674001 0.227387995
vt 0.897973001 0.226292998
vt 0.967800021 0.456084996
vt 0.360329986 0.72261399
vt 0.526731014 0.213985994
vt 0.736213028 0.850216985
vt 0.734386981 0.837089002
vt 0.728700995 0.836818993
vt 0.752735019 0.482172012
vt 0.746280015 0.475201011
vt 0.743453979 0.481644005
vt 0.319525987 0.213533998
vt 0.323385 0.239908993
vt 0.353523999 0.737389982
vt 0.375566989 0.303490996
vt 0.37738499 0.30783999
vt 0.383628994 0.307231992
vt 0.641110003 0.216781005
vt 0.651157022 0.232390001
vt 0.383058995 0.299717993
vt 0.340548992 0.261041999
vt 0.35759601 0.253511012
vt 0.340155005 0.239897996
vt 0.369830996 0.725485981
vt 0.358343989 0.735532999
vt 0.362994999 0.736746013
vt 0.369109988 0.73498702
vt 0.75582999 0.469287992
vt 0.745886981 0.462624997
vt 0.745011985 0.468605012
vt 0.746822 0.458802015
vt 0.980126023 0.454595
vt 0.985536993 0.449600011
vt 0.755496979 0.460016996
vt 0.753109992 0.453152001
vt 0.424865991 0.680294991
vt 0.758477986 0.448044986
vt 0.431212991 0.672357023
vt 0.430458009 0.681313992
vt 0.360448003 0.741882026
vt 0.367700994 0.742910028
vt 0.362491995 0.748462975
vt 0.766077995 0.459046006
vt 0.367992014 0.747155011
vt 0.378459007 0.737695992
vt 0.428862005 0.686479986
vt 0.741460025 0.965517998
vt 0.737096012 0.968756974
vt 0.746410012 0.97419399
vt 0.37252599 0.746568024
vt 0.380888999 0.741698027
vt 0.505504012 0.211536005
vt 0.743040025 0.857035995
vt 0.372471988 0.718631983
vt 0.379013985 0.723756015
vt 0.381790012 0.720489979
vt 0.374808013 0.714339972
vt 0.751194 0.486947
vt 0.758836985 0.49496901
vt 0.750091016 0.474590003
vt 0.38271901 0.727952003
vt 0.386794001 0.722666979
vt 0.386682004 0.713935971
vt 0.392372996 0.72519201
vt 0.769044995 0.47379899
vt 0.490233004 0.208453998
vt 0.490945995 0.214449003
vt 0.386454999 0.733965993
vt 0.478643 0.207029998
vt 0.389642 0.737160981
vt 0.54817301 0.096483998
vt 0.530753016 0.0907839984
vt 0.531701982 0.101806998
vt 0.561600983 0.087782003
vt 0.560617983 0.0782509968
vt 0.57358098 0.0712030008
vt 0.394118011 0.732433975
vt 0.309269994 0.191276997
vt 0.97755599 0.466214001
vt 0.970161021 0.479566008
vt 0.978869021 0.486768991
vt 0.578875005 0.0662799999
vt 0.574082017 0.0786319971
vt 0.327818006 0.293581009
vt 0.98664701 0.468899012
vt 0.54676801 0.327300012
vt 0.541445017 0.316433996
vt 0.532711029 0.32081899
vt 0.893474996 0.214067996
vt 0.884694993 0.221440002
vt 0.898274004 0.221848994
vt 0.882417977 0.217846006
vt 0.886942983 0.213486999
vt 0.332722008 0.291456997
vt 0.326779008 0.278351992
vt 0.77177 0.454542994
vt 0.779148996 0.458947003
vt 0.773675025 0.467824996
vt 0.461317986 0.065343
vt 0.475163013 0.0832059979
vt 0.470474005 0.0748220012
vt 0.321191996 0.187178999
vt 0.378789991 0.706660986
vt 0.888617992 0.231616005
vt 0.892850995 0.230046004
vt 0.345833004 0.225339994
vt 0.623561025 0.187276006
vt 0.386222005 0.706637979
vt 0.339857012 0.277000993
vt 0.337624013 0.293826997
vt 0.771596014 0.482789993
vt 0.770157993 0.498829007
vt 0.777728975 0.480149001
vt 0.735617995 0.137896001
vt 0.744143009 0.149607003
vt 0.741976023 0.139072001
vt 0.898779988 0.243672997
vt 0.894526005 0.242335007
vt 0.480403006 0.0988290012
vt 0.338187009 0.196445003
vt 0.482376009 0.0842610002
vt 0.545315981 0.854728997
vt 0.561209977 0.862820983
vt 0.554256022 0.856850982
vt 0.487691998 0.0912469998
vt 0.469669998 0.190560997
vt 0.482048988 0.203879997
vt 0.395209014 0.714890003
vt 0.462458998 0.182587996
vt 0.465209991 0.198728994
vt 0.39567101 0.721156001
vt 0.094926998 0.0202639997
vt 0.0932980031 0.0137870004
vt 0.0881680027 0.0121470001
vt 0.0967459977 0.0171549991
vt 0.806632996 0.431143999
vt 0.798187017 0.426055998
vt 0.795642972 0.431253999
vt 0.619045019 0.380470991
vt 0.623121977 0.376177996
vt 0.615989029 0.367583007
vt 0.468488991 0.176942006
vt 0.807006001 0.420316011
vt 0.801553011 0.420143992
vt 0.400454015 0.709960997
vt 0.468694001 0.166297004
vt 0.46222201 0.162909001
vt 0.103483997 0.0190130007
vt 0.456748009 0.173846006
vt 0.455123007 0.179631993
vt 0.41000399 0.69639498
vt 0.111974001 0.0233030003
vt 0.108324997 0.0266180001
vt 0.409377992 0.704833984
vt 0.769357026 0.443172008
vt 0.568255007 0.868376017
vt 0.572417974 0.874162018
vt 0.591818988 0.871523976
vt 0.567134023 0.853756011
vt 0.766448021 0.986790001
vt 0.762190998 0.988820016
vt 0.771124005 0.991038024
vt 0.569451988 0.847024977
vt 0.771685004 0.987559974
vt 0.585057974 0.210380003
vt 0.355058014 0.303894997
vt 0.734525979 0.963585019
vt 0.729902029 0.968569994
vt 0.364304006 0.308669001
vt 0.413084 0.686897993
vt 0.776069999 0.446121991
vt 0.628574014 0.896618009
vt 0.623369992 0.898711979
vt 0.619980991 0.898711979
vt 0.206144005 0.269008994
vt 0.201322004 0.265556008
vt 0.204148993 0.27372399
vt 0.416022003 0.701089978
vt 0.417901993 0.694091022
vt 0.419898003 0.699853003
vt 0.782779992 0.438445002
vt 0.787368 0.45116201
vt 0.424254 0.692837
vt 0.754899979 0.975272
vt 0.759065986 0.980807006
vt 0.750413001 0.970664978
vt 0.749167025 0.982708991
vt 0.74268198 0.97924298
vt 0.795210004 0.465413988
vt 0.54380399 0.842339993
vt 0.765159011 0.983482003
vt 0.759407997 0.984202027
vt 0.843406022 0.669092
vt 0.793214977 0.43908
vt 0.800544977 0.458218008
vt 0.586731017 0.216878995
vt 0.80626899 0.451638997
vt 0.495303005 0.0996659994
vt 0.500774026 0.0952339992
vt 0.512417018 0.103285
vt 0.494298011 0.106559999
vt 0.517060995 0.0983069986
vt 0.48812601 0.105959997
vt 0.901148021 0.217326999
vt 0.901498973 0.211383
vt 0.904394984 0.251139998
vt 0.901440024 0.253601015
vt 0.907477021 0.267367005
vt 0.909039974 0.250274986
vt 0.912096024 0.253989995
vt 0.570336998 0.197208002
vt 0.399462998 0.290641993
vt 0.39131701 0.292562991
vt 0.392280996 0.296819001
vt 0.463559002 0.253360987
vt 0.473751992 0.264095992
vt 0.472642004 0.258053988
vt 0.356487006 0.295933992
vt 0.359429002 0.299800009
vt 0.367743999 0.293660998
vt 0.353664994 0.290374011
vt 0.363314986 0.288154006
vt 0.902424991 0.261391997
vt 0.367579997 0.288226008
vt 0.399944007 0.277927011
vt 0.394607008 0.284613997
vt 0.390549004 0.282427013
vt 0.732541978 0.848901987
vt 0.548960984 0.205636993
vt 0.348452002 0.287378997
vt 0.359165996 0.278614998
vt 0.711678982 0.81804502
vt 0.701635003 0.804570973
vt 0.701323986 0.811984003
vt 0.617398024 0.896529019
vt 0.35581401 0.288632989
vt 0.70393002 0.803116024
vt 0.718385994 0.820316017
vt 0.91168499 0.241543993
vt 0.909097016 0.245967999
vt 0.91516602 0.245389
vt 0.367255002 0.302017987
vt 0.37924099 0.296218991
vt 0.383111 0.289178997
vt 0.386842012 0.301964998
vt 0.624055028 0.365318
vt 0.617419004 0.356581002
vt 0.744041979 0.663025975
vt 0.717602015 0.826273978
vt 0.726185977 0.825509012
vt 0.983641028 0.442972988
vt 0.852871001 0.981015027
vt 0.853065014 0.982418001
vt 0.401501 0.520703971
vt 0.397390008 0.508605003
vt 0.397973001 0.522440016
vt 0.407977998 0.51355201
vt 0.354416996 0.736603975
vt 0.357722998 0.740427017
vt 0.204903007 0.154337004
vt 0.204591006 0.150879994
vt 0.201322004 0.151366994
vt 0.846724987 0.983793974
vt 0.849438012 0.976146996
vt 0.840982974 0.980594993
vt 0.837177992 0.980304003
vt 0.821757019 0.968980014
vt 0.827925026 0.97537601
vt 0.54095602 0.0850370005
vt 0.879262984 0.222175002
vt 0.223432004 0.442595005
vt 0.219340995 0.442092001
vt 0.224566996 0.449519992
vt 0.0817959979 0.0158789996
vt 0.0857760012 0.0168019999
vt 0.524435997 0.311834008
vt 0.522177994 0.316204995
vt 0.528832972 0.311776996
vt 0.569692016 0.0691839978
vt 0.531072974 0.312335014
vt 0.43294099 0.471765012
vt 0.418498009 0.471239001
vt 0.432855994 0.477317005
vt 0.542047977 0.308306009
vt 0.435155988 0.46231401
vt 0.423640996 0.450585008
vt 0.436771005 0.447694004
vt 0.826234996 0.959739029
vt 0.821081996 0.957790017
vt 0.816340029 0.965813994
vt 0.419416994 0.501396
vt 0.426896989 0.490130991
vt 0.40546301 0.490503013
vt 0.750909984 0.880001009
vt 0.749918997 0.870027006
vt 0.742917001 0.889642
vt 0.751264989 0.898275018
vt 0.082396999 0.0194889996
vt 0.407166988 0.708310008
vt 0.409601003 0.71329999
vt 0.799547017 0.924510002
vt 0.802294016 0.926222026
vt 0.804156005 0.922061026
vt 0.790121019 0.890567005
vt 0.792724013 0.899599016
vt 0.802698016 0.911219001
vt 0.800100982 0.917850971
vt 0.510909021 0.0928519964
vt 0.746078014 0.910098016
vt 0.473051995 0.172791004
vt 0.792519987 0.907589018
vt 0.464720994 0.261795998
vt 0.457239002 0.257797003
vt 0.912351012 0.264402002
vt 0.469399989 0.26819399
vt 0.795673013 0.914164007
vt 0.473475993 0.273806006
vt 0.468629986 0.277197987
vt 0.478698999 0.280602992
vt 0.792774975 0.883234978
vt 0.485336006 0.26334101
vt 0.896067977 0.206130996
vt 0.345656008 0.296178997
vt 0.348300993 0.293238014
vt 0.736477017 0.875344992
vt 0.695411026 0.808978021
vt 0.708898008 0.817113996
vt 0.455123007 0.255820006
vt 0.434861004 0.439164013
vt 0.425989985 0.430168003
vt 0.381675988 0.534636974
vt 0.388458997 0.528989017
vt 0.508633971 0.291651994
vt 0.495516986 0.293482989
vt 0.504328012 0.300128013
vt 0.561124027 0.073247999
vt 0.844507992 0.951385021
vt 0.0633269995 0.0213789996
vt 0.0708869994 0.035174001
vt 0.412903011 0.510504007
vt 0.0886539966 0.0435159989
vt 0.535414994 0.303133011
vt 0.808605015 0.893460989
vt 0.816802025 0.903770983
vt 0.531453013 0.0823960006
vt 0.111605003 0.0357620008
vt 0.104217999 0.0493209995
vt 0.729147971 0.877420008
vt 0.733798027 0.916136026
vt 0.740110993 0.915874004
vt 0.848639011 0.234138995
vt 0.853376985 0.227437004
vt 0.847048998 0.211496994
vt 0.859022021 0.222564995
vt 0.402215004 0.464543015
vt 0.391431004 0.483518988
vt 0.0570450015 0.0514019988
vt 0.0497459993 0.0329860002
vt 0.069091998 0.0581599995
vt 0.0637769997 0.0803200006
vt 0.0897760019 0.0608199984
vt 0.950640976 0.609109998
vt 0.952749014 0.600018978
vt 0.0760819986 0.0667439997
vt 0.0713 0.0706269965
vt 0.868614018 0.387984008
vt 0.884209991 0.40071401
vt 0.805302024 0.252701014
vt 0.819145024 0.246787995
vt 0.804812014 0.238892004
vt 0.853690028 0.391773999
vt 0.891431987 0.39093399
vt 0.373688996 0.495849997
vt 0.363804013 0.492545009
vt 0.378399014 0.484203994
vt 0.833115995 0.244074002
vt 0.386815012 0.474298
vt 0.0551179983 0.0748699978
vt 0.962891996 0.606353998
vt 0.817916989 0.264964998
vt 0.963837981 0.617444992
vt 0.832690001 0.259703994
vt 0.373941988 0.0567569993
vt 0.256238997 0.892696023
vt 0.255822003 0.909856975
vt 0.262533993 0.914740026
vt 0.403627008 0.0709400028
vt 0.387293011 0.0532720014
vt 0.251760989 0.894909978
vt 0.26445201 0.899488986
vt 0.269084007 0.914880991
vt 0.624238014 0.486963987
vt 0.624671996 0.470710993
vt 0.621188998 0.494132012
vt 0.377350003 0.0936779976
vt 0.210038006 0.592330992
vt 0.219586 0.622644007
vt 0.221763998 0.602895975
vt 0.146439999 0.966740012
vt 0.159599006 0.954966009
vt 0.143414006 0.939800978
vt 0.168798998 0.888175011
vt 0.162293002 0.895179987
vt 0.185380995 0.901812017
vt 0.393289 0.0848350003
vt 0.169848993 0.869747996
vt 0.264903009 0.877201974
vt 0.257993013 0.880128026
vt 0.265908003 0.88932699
vt 0.168468997 0.927950978
vt 0.169093996 0.942418993
vt 0.399248987 0.120108001
vt 0.477248996 0.457473993
vt 0.482780993 0.44707799
vt 0.471168995 0.437660992
vt 0.269459009 0.895788014
vt 0.470771015 0.450396001
vt 0.254902005 0.861971021
vt 0.261422008 0.864615023
vt 0.261476994 0.836359978
vt 0.430395007 0.046236001
vt 0.426131994 0.0488930009
vt 0.423619002 0.0642340034
vt 0.465223998 0.438757002
vt 0.113640003 0.925044
vt 0.143487006 0.543016016
vt 0.129001006 0.537577987
vt 0.124929003 0.542455018
vt 0.423705995 0.0817719996
vt 0.409675986 0.0466369987
vt 0.0950850025 0.941965997
vt 0.124185003 0.946380973
vt 0.307478011 0.786643982
vt 0.29291299 0.795255005
vt 0.285281986 0.812153995
vt 0.297522992 0.805512011
vt 0.111509003 0.956215978
vt 0.117363997 0.913869977
vt 0.309774995 0.794436991
vt 0.305025995 0.783662975
vt 0.250822991 0.878818989
vt 0.249721006 0.866804004
vt 0.432886988 0.0317480005
vt 0.427967012 0.029174
vt 0.099793002 0.960330009
vt 0.0929619968 0.960766971
vt 0.105591998 0.533865988
vt 0.0980639979 0.539843976
vt 0.207807004 0.578701019
vt 0.196652994 0.572984993
vt 0.433818012 0.0416859984
vt 0.333887011 0.778235972
vt 0.103522003 0.543107986
vt 0.266425014 0.861645997
vt 0.255095989 0.917219996
vt 0.262659997 0.927783012
vt 0.333656013 0.774524987
vt 0.32151401 0.792545974
vt 0.255649 0.841203988
vt 0.272493988 0.933917999
vt 0.277556986 0.927781999
vt 0.270009995 0.836534977
vt 0.175392002 0.55468601
vt 0.190351993 0.57159102
vt 0.11913 0.974093974
vt 0.490657985 0.464331001
vt 0.269353002 0.824374974
vt 0.264690995 0.823158026
vt 0.136528 0.976215005
vt 0.429906011 0.068795003
vt 0.434789985 0.0777380019
vt 0.636008978 0.485704988
vt 0.173684999 0.559863985
vt 0.125594005 0.900952995
vt 0.487305999 0.474548995
vt 0.476440012 0.464754999
vt 0.480964005 0.47626999
vt 0.487697989 0.485413015
vt 0.132414997 0.876457989
vt 0.136810005 0.897675991
vt 0.615897 0.483509988
vt 0.615545988 0.498746008
vt 0.632315993 0.468378991
vt 0.619759023 0.470993012
vt 0.625962019 0.460276991
vt 0.63399303 0.45945701
vt 0.28215301 0.822324991
vt 0.275159001 0.808624029
vt 0.139843002 0.854287028
vt 0.160200998 0.874626994
vt 0.151600003 0.548798025
vt 0.158127993 0.546769977
vt 0.634451985 0.446716011
vt 0.293655992 0.812847018
vt 0.635182977 0.437380999
vt 0.641063988 0.434585989
vt 0.303321987 0.805619001
vt 0.183459997 0.930110991
vt 0.188536003 0.932030022
vt 0.197760001 0.917845011
vt 0.644899011 0.418458998
vt 0.650925994 0.426301986
vt 0.884359002 0.660715997
vt 0.883857012 0.67225498
vt 0.896435976 0.661056995
vt 0.309958011 0.801833987
vt 0.152946994 0.910248995
vt 0.892489016 0.656022012
vt 0.159449995 0.881991982
vt 0.162035003 0.88497299
vt 0.162035003 0.88497299
vt 0.65190202 0.0299340002
vt 0.651575983 0.0300190002
vt 0.651748002 0.0300099999
vt 0.651575983 0.0300190002
vt 0.735983014 0.579456985
vt 0.736168027 0.579176009
vt 0.736047029 0.579297006
vt 0.736087978 0.581012011
vt 0.669857979 0.435981005
vt 0.687946975 0.450219005
vt 0.690038025 0.441341996
vt 0.697758973 0.445192993
vt 0.698801994 0.440685004
vt 0.901259005 0.693050981
vt 0.894517004 0.711678028
vt 0.90149498 0.717887998
vt 0.150838003 0.971055984
vt 0.664080977 0.447972
vt 0.653576016 0.457071006
vt 0.681634009 0.471821994
vt 0.53016597 0.435220003
vt 0.530614018 0.45629999
vt 0.435317993 0.0542659983
vt 0.678357005 0.457208991
vt 0.652194977 0.444528997
vt 0.506299973 0.441803992
vt 0.514322996 0.457040995
vt 0.631666005 0.499572992
vt 0.634248018 0.493844986
vt 0.459329993 0.428009987
vt 0.468275994 0.418882012
vt 0.636416018 0.502848983
vt 0.526739001 0.46757099
vt 0.142337993 0.977526009
vt 0.703485012 0.505618989
vt 0.692939997 0.512709022
vt 0.624942005 0.500733972
vt 0.886110008 0.692568004
vt 0.894448996 0.701075017
vt 0.406738997 0.104543
vt 0.532042027 0.480271012
vt 0.517192006 0.431322008
vt 0.661418974 0.493849993
vt 0.65792501 0.475596994
vt 0.639725029 0.471195012
vt 0.0811830014 0.944591999
vt 0.685976982 0.502120018
vt 0.692982018 0.530287981
vt 0.494271994 0.433827996
vt 0.506054997 0.428324014
vt 0.700884998 0.497328013
vt 0.529751003 0.406412989
vt 0.529524028 0.392522007
vt 0.639146984 0.491898
vt 0.505966008 0.393023998
vt 0.521614015 0.382748991
vt 0.518207014 0.40178901
vt 0.502704024 0.398950011
vt 0.505198002 0.465476006
vt 0.535261989 0.417488992
vt 0.407546997 0.0955659971
vt 0.679427981 0.485119998
vt 0.520987988 0.412777007
vt 0.098131001 0.33632201
vt 0.0941929966 0.343699008
vt 0.106113002 0.334082991
vt 0.512982011 0.475342005
vt 0.534358978 0.382189006
vt 0.682196021 0.512803972
vt 0.130740002 0.984731019
vt 0.123689003 0.990998983
vt 0.483808994 0.423016995
vt 0.194362998 0.558874011
vt 0.186268002 0.55408299
vt 0.210934997 0.577857018
vt 0.708297014 0.49526301
vt 0.701002002 0.483767986
vt 0.171518996 0.545831025
vt 0.150360003 0.535542011
vt 0.162485003 0.538203001
vt 0.660458982 0.510666013
vt 0.669559002 0.509558022
vt 0.712963998 0.489064008
vt 0.499536008 0.399913013
vt 0.487058997 0.411906004
vt 0.281841993 0.798551023
vt 0.136590004 0.984986007
vt 0.718553007 0.476543993
vt 0.719276011 0.480888993
vt 0.706749022 0.474294007
vt 0.382885993 0.0429960005
vt 0.369543999 0.0399949998
vt 0.187918007 0.91565901
vt 0.501021981 0.41740799
vt 0.463396996 0.433126003
vt 0.249154001 0.895255983
vt 0.720849991 0.460987985
vt 0.724372029 0.472689986
vt 0.226769 0.624876976
vt 0.257512003 0.926119983
vt 0.225761995 0.633673012
vt 0.220667005 0.64825201
vt 0.490215987 0.402868986
vt 0.656297982 0.504381001
vt 0.206538007 0.905605018
vt 0.470521986 0.402862012
vt 0.487408996 0.39832899
vt 0.124029003 0.529910982
vt 0.692620993 0.467880994
vt 0.497045994 0.484180987
vt 0.423653007 0.101304002
vt 0.428961009 0.106174998
vt 0.0862340033 0.534500003
vt 0.341178 0.770191014
vt 0.434850991 0.0944069996
vt 0.717894018 0.466414988
vt 0.256963015 0.832278013
vt 0.177913994 0.546001971
vt 0.709729016 0.464634001
vt 0.899384022 0.746658027
vt 0.904672027 0.748450994
vt 0.91061902 0.741702974
vt 0.169683993 0.951765001
vt 0.716400981 0.458389014
vt 0.706192017 0.454874009
vt 0.711809993 0.462253988
vt 0.176814005 0.94224
vt 0.895173013 0.732374012
vt 0.675797999 0.475409001
vt 0.650785029 0.437429994
vt 0.874099016 0.673256993
vt 0.866321981 0.672874987
vt 0.218232006 0.897792995
vt 0.901327014 0.72171402
vt 0.897342026 0.719483018
vt 0.258174986 0.408315986
vt 0.26472199 0.399978995
vt 0.281753987 0.380077004
vt 0.294881999 0.370974988
vt 0.284794003 0.375674009
vt 0.278456986 0.408239007
vt 0.267282993 0.394113988
vt 0.275938004 0.387551993
vt 0.292811006 0.391005009
vt 0.306385994 0.394439012
vt 0.292834997 0.415470988
vt 0.299308002 0.406008989
vt 0.295249999 0.944406986
vt 0.287512004 0.936405003
vt 0.290228009 0.947167993
vt 0.177723005 0.398389995
vt 0.184668005 0.37550199
vt 0.493781 0.491032988
vt 0.503502011 0.505228996
vt 0.50386399 0.491201997
vt 0.282097995 0.929735005
vt 0.257230997 0.190962002
vt 0.256478012 0.164093003
vt 0.190277994 0.38440901
vt 0.212345004 0.680076003
vt 0.223354995 0.660938025
vt 0.176277995 0.363196999
vt 0.161838993 0.347378999
vt 0.290286005 0.170314997
vt 0.511227012 0.530421019
vt 0.524941981 0.542671025
vt 0.517449021 0.530492008
vt 0.332453012 0.966597974
vt 0.311408997 0.961386025
vt 0.329849005 0.971246004
vt 0.303927988 0.968360007
vt 0.280669987 0.949092984
vt 0.289214998 0.962184012
vt 0.319772989 0.97280401
vt 0.302522987 0.951390982
vt 0.401264012 0.113531001
vt 0.416590005 0.112504996
vt 0.319878995 0.977859974
vt 0.351359993 0.984941006
vt 0.506783009 0.524926007
vt 0.511220992 0.518697977
vt 0.508534014 0.511242986
vt 0.336526006 0.986302018
vt 0.131091997 0.334181011
vt 0.147412002 0.337469995
vt 0.185884997 0.363898993
vt 0.171422005 0.349629015
vt 0.352299988 0.980549991
vt 0.365503997 0.985307992
vt 0.191330001 0.371894002
vt 0.899873018 0.531722009
vt 0.889871001 0.532401979
vt 0.887844026 0.539512992
vt 0.37064299 0.979295015
vt 0.354413986 0.988988996
vt 0.372539997 0.987937987
vt 0.355327994 0.974409997
vt 0.912151992 0.538735986
vt 0.171223 0.724689007
vt 0.190934002 0.717392027
vt 0.185117006 0.716019988
vt 0.925384998 0.541821003
vt 0.931003988 0.533536971
vt 0.943210006 0.539451003
vt 0.295224011 0.96912998
vt 0.311426014 0.976930976
vt 0.196693003 0.702151
vt 0.216489002 0.686258018
vt 0.160407007 0.337440014
vt 0.392201006 0.979987025
vt 0.940120995 0.535452008
vt 0.270590991 0.943256974
vt 0.913341999 0.531400979
vt 0.395969987 0.972918987
vt 0.387905002 0.969964981
vt 0.268938988 0.160997003
vt 0.954923987 0.531886995
vt 0.967166007 0.535239995
vt 0.967987001 0.540711999
vt 0.965075016 0.529003024
vt 0.960777998 0.544457018
vt 0.41734001 0.966973007
vt 0.400337994 0.980017006
vt 0.416898012 0.962716997
vt 0.410259992 0.960846007
vt 0.802532017 0.534861982
vt 0.796042979 0.538698971
vt 0.80171901 0.543453991
vt 0.425289005 0.107629001
vt 0.938431978 0.519671977
vt 0.920525014 0.512714028
vt 0.901260018 0.52105099
vt 0.897898018 0.509967029
vt 0.887450993 0.517668009
vt 0.954216003 0.52561599
vt 0.950486004 0.506071985
vt 0.529273987 0.488480002
vt 0.525287986 0.518899977
vt 0.535628021 0.533864975
vt 0.539919019 0.498044014
vt 0.215508997 0.655417025
vt 0.218135998 0.678741992
vt 0.209224999 0.67779398
vt 0.150611997 0.33249101
vt 0.136062995 0.318899006
vt 0.137029007 0.326186001
vt 0.502004981 0.514580011
vt 0.956728995 0.514751017
vt 0.220832005 0.680598021
vt 0.287142009 0.964878023
vt 0.976038992 0.514945984
vt 0.969480991 0.499962986
vt 0.964971006 0.511187017
vt 0.783348024 0.533981979
vt 0.77868402 0.524378002
vt 0.777212024 0.529953003
vt 0.425577998 0.120401002
vt 0.418614 0.122550003
vt 0.344395995 0.989145994
vt 0.158981994 0.737610996
vt 0.174555004 0.732405007
vt 0.907639027 0.516456008
vt 0.370041996 0.990734994
vt 0.154584005 0.731958985
vt 0.532453001 0.507028997
vt 0.520554006 0.511537015
vt 0.134483993 0.743982971
vt 0.156688005 0.740655005
vt 0.541001022 0.514877021
vt 0.146084994 0.735992014
vt 0.871885002 0.485955
vt 0.875482976 0.498409986
vt 0.880608022 0.484746009
vt 0.873511016 0.480506986
vt 0.287508994 0.153813004
vt 0.263765007 0.155626997
vt 0.137538001 0.732816994
vt 0.200164005 0.391404986
vt 0.201548994 0.382734001
vt 0.394681007 0.984642982
vt 0.290475011 0.158400998
vt 0.933193982 0.507674992
vt 0.204082996 0.706072986
vt 0.32614401 0.985688984
vt 0.124681003 0.73902297
vt 0.226582006 0.656084001
vt 0.272480994 0.949976981
vt 0.278230011 0.951744974
vt 0.309064001 0.179296002
vt 0.308571994 0.163119003
vt 0.224235997 0.669408977
vt 0.299968004 0.153944999
vt 0.897091985 0.500651002
vt 0.292412996 0.149432003
vt 0.128805995 0.734673023
vt 0.118603997 0.747071028
vt 0.0959910005 0.742471993
vt 0.788453996 0.524923027
vt 0.90437597 0.500724971
vt 0.789708018 0.532997012
vt 0.79065001 0.537882984
vt 0.312388003 0.151600003
vt 0.913470984 0.50673002
vt 0.119255997 0.735099971
vt 0.105125003 0.732689023
vt 0.105121002 0.745963991
vt 0.423339009 0.968132019
vt 0.100112997 0.736163974
vt 0.880630016 0.514182985
vt 0.886314988 0.513025999
vt 0.133429006 0.832876027
vt 0.375795007 0.768746972
vt 0.354779989 0.771156013
vt 0.375964999 0.774689972
vt 0.130081996 0.839783013
vt 0.129910007 0.84009099
vt 0.615541995 0.0117739998
vt 0.615541995 0.0117739998
vt 0.615541995 0.0117739998
vt 0.63341397 0.0120369997
vt 0.633758008 0.0119599998
vt 0.633579016 0.0119970003
vt 0.129996002 0.839944005
vt 0.0300249998 0.162111998
vt 0.0251419991 0.160969004
vt 0.0249899998 0.161099002
vt 0.615541995 0.0117739998
vt 0.129970998 0.840282977
vt 0.0223290008 0.167300001
vt 0.129921004 0.84009701
vt 0.381213993 0.784475982
vt 0.355071008 0.780466974
vt 0.73535502 0.645978987
vt 0.735311985 0.631774008
vt 0.143794 0.837064028
vt 0.0626420006 0.271699011
vt 0.0753569975 0.266869009
vt 0.0585639998 0.240838006
vt 0.0454449989 0.270462006
vt 0.0531570017 0.277613997
vt 0.0732820034 0.227693006
vt 0.161786005 0.83575201
vt 0.148984 0.219263002
vt 0.123273998 0.249182001
vt 0.137431994 0.263168007
vt 0.700423002 0.644237995
vt 0.705567002 0.66128099
vt 0.716220021 0.646537006
vt 0.0951659977 0.191162005
vt 0.0767560005 0.281049997
vt 0.0928570032 0.257894993
vt 0.391456991 0.775501013
vt 0.0667050034 0.211659998
vt 0.0848480016 0.210758001
vt 0.93978101 0.635756016
vt 0.93165499 0.640619993
vt 0.942686021 0.64249301
vt 0.0576269999 0.557789028
vt 0.0372899994 0.577776015
vt 0.0521969981 0.566129982
vt 0.102567002 0.218498006
vt 0.0559859984 0.553170979
vt 0.777715027 0.308156013
vt 0.783771992 0.302260995
vt 0.770991981 0.299156994
vt 0.0738369972 0.288511008
vt 0.0834740028 0.28697601
vt 0.393128008 0.790305972
vt 0.396802008 0.78490001
vt 0.400447994 0.794303
vt 0.217323005 0.884196997
vt 0.209090993 0.858462989
vt 0.195482001 0.868676007
vt 0.176253006 0.855239987
vt 0.194410995 0.880303025
vt 0.190128997 0.843728006
vt 0.331838995 0.787993014
vt 0.413592011 0.788321018
vt 0.896443009 0.651479006
vt 0.909407973 0.652247012
vt 0.347658008 0.786143005
vt 0.421974003 0.795948029
vt 0.051008001 0.216349006
vt 0.0940079987 0.284860998
vt 0.106046997 0.289328009
vt 0.043322999 0.276679993
vt 0.0353469998 0.269250005
vt 0.0312479995 0.274681002
vt 0.921333015 0.651382983
vt 0.92039597 0.644272983
vt 0.358006001 0.78459698
vt 0.369856 0.786050022
vt 0.0788189992 0.547167003
vt 0.0741470009 0.542765021
vt 0.934123993 0.646173
vt 0.0653780028 0.553399026
vt 0.127345994 0.27255699
vt 0.120099001 0.290017992
vt 0.130880997 0.292858988
vt 0.817902982 0.319597989
vt 0.805144012 0.31043601
vt 0.806735992 0.318443
vt 0.0220570005 0.616935015
vt 0.0250550006 0.598748982
vt 0.0153689999 0.610144973
vt 0.118023001 0.297381014
vt 0.0126409996 0.616675973
vt 0.0193700008 0.627429008
vt 0.790856004 0.309383005
vt 0.420107007 0.804643989
vt 0.110812999 0.233863994
vt 0.0990429968 0.294571996
vt 0.0347450003 0.589044988
vt 0.0323529989 0.577759981
vt 0.429637015 0.793649971
vt 0.407323986 0.779730976
vt 0.433744997 0.810947001
vt 0.437361985 0.806129992
vt 0.134400994 0.275743008
vt 0.823346019 0.317469001
vt 0.130189002 0.213936999
vt 0.674363017 0.319099993
vt 0.689188004 0.307595998
vt 0.672903001 0.307576001
vt 0.134715006 0.269722015
vt 0.824903011 0.344114006
vt 0.812391996 0.341046989
vt 0.819141984 0.356339991
vt 0.0332899988 0.172639996
vt 0.0141289998 0.263918012
vt 0.143803 0.844223976
vt 0.157520995 0.845557988
vt 0.970466018 0.722350001
vt 0.979009986 0.717011988
vt 0.972539008 0.706830978
vt 0.912706971 0.722371995
vt 0.921926975 0.735902011
vt 0.0551799983 0.550023019
vt 0.719429016 0.445320994
vt 0.712755024 0.440178007
vt 0.768730998 0.389075994
vt 0.75642103 0.389187008
vt 0.770108998 0.400687009
vt 0.986344993 0.712927997
vt 0.0502060018 0.281677991
vt 0.985143006 0.709120989
vt 0.752765 0.36372301
vt 0.743888021 0.364010006
vt 0.748317003 0.376013011
vt 0.167109996 0.819756985
vt 0.744175971 0.379976004
vt 0.93612498 0.732088983
vt 0.933528006 0.736311018
vt 0.949328005 0.732631981
vt 0.92703402 0.724784017
vt 0.92967099 0.708678007
vt 0.942912996 0.72477901
vt 0.764263988 0.376426011
vt 0.634268999 0.325369
vt 0.628216982 0.326582998
vt 0.624128997 0.335599989
vt 0.642454982 0.344936997
vt 0.622498989 0.342839003
vt 0.780152023 0.370499998
vt 0.916570008 0.673789024
vt 0.908363998 0.687344015
vt 0.918412983 0.690980971
vt 0.750573993 0.309767008
vt 0.74436003 0.317357004
vt 0.752297997 0.317315996
vt 0.781669021 0.384063989
vt 0.77896601 0.396833003
vt 0.631292999 0.299237996
vt 0.622779012 0.300278008
vt 0.633310974 0.304185003
vt 0.624623001 0.314215004
vt 0.638449013 0.317797005
vt 0.929500997 0.681585014
vt 0.761222005 0.316913992
vt 0.925514996 0.673570991
vt 0.640505016 0.292396992
vt 0.629395008 0.29313001
vt 0.640667021 0.296454996
vt 0.646031022 0.306991011
vt 0.957293987 0.655219018
vt 0.954491973 0.664402008
vt 0.974029005 0.665825009
vt 0.944149971 0.69532001
vt 0.946525991 0.676423013
vt 0.935392022 0.665881991
vt 0.767885983 0.321121007
vt 0.766488016 0.338853002
vt 0.777177989 0.324312001
vt 0.64428401 0.334246993
vt 0.760437012 0.307166994
vt 0.659635007 0.316026002
vt 0.94226402 0.658275008
vt 0.95380199 0.719843984
vt 0.96727699 0.688543022
vt 0.953755975 0.706830978
vt 0.659018993 0.331681997
vt 0.744814992 0.349675
vt 0.737285018 0.360617995
vt 0.939188004 0.701479971
vt 0.946048021 0.71677202
vt 0.949229002 0.636404991
vt 0.952297986 0.649856985
vt 0.952274978 0.641842008
vt 0.965813994 0.72617501
vt 0.785643995 0.374051005
vt 0.79371202 0.381287992
vt 0.794206023 0.370077014
vt 0.650893986 0.306912988
vt 0.661231995 0.302473009
vt 0.752466977 0.354001999
vt 0.665063024 0.323720992
vt 0.911409974 0.709174991
vt 0.684327006 0.655862987
vt 0.679453015 0.663016021
vt 0.912315011 0.697736979
vt 0.0334229991 0.188812003
vt 0.0317710005 0.572031021
vt 0.77680701 0.364140987
vt 0.382299006 0.769809008
vt 0.0284250006 0.261334002
vt 0.767154992 0.352963001
vt 0.930060029 0.659367979
vt 0.777812004 0.341798991
vt 0.78649199 0.334217012
vt 0.79786098 0.315504998
vt 0.797666013 0.334643006
vt 0.957663 0.679481983
vt 0.752987981 0.344994992
vt 0.749078989 0.340667993
vt 0.747373998 0.344805002
vt 0.963424981 0.673241973
vt 0.974183977 0.676164985
vt 0.813212991 0.327430993
vt 0.797851026 0.343250006
vt 0.807938993 0.338784993
vt 0.754140019 0.33534801
vt 0.75920701 0.343971014
vt 0.756479025 0.322730005
vt 0.692843974 0.308313012
vt 0.704934001 0.31526199
vt 0.705841005 0.302249998
vt 0.970606029 0.684516013
vt 0.976339996 0.687779009
vt 0.027307 0.604838014
vt 0.710708022 0.316327989
vt 0.711987019 0.302423
vt 0.129429996 0.298381001
vt 0.0279489998 0.579828024
vt 0.0173560008 0.597504973
vt 0.44283101 0.802290976
vt 0.445735008 0.808403015
vt 0.654833972 0.285858989
vt 0.650538027 0.289364994
vt 0.012898 0.634663999
vt 0.00990399998 0.634952009
vt 0.681394994 0.326460987
vt 0.79124099 0.345964015
vt 0.677766025 0.292760998
vt 0.80468601 0.344224006
vt 0.798478007 0.358132988
vt 0.804803014 0.357266992
vt 0.921652973 0.741677999
vt 0.926977992 0.740652978
vt 0.406434 0.38439399
vt 0.400958002 0.378782988
vt 0.393985003 0.374644011
vt 0.32367 0.360011995
vt 0.345346987 0.371903986
vt 0.338272989 0.357300997
vt 0.401140988 0.396712989
vt 0.410760999 0.387851
vt 0.414537996 0.392948985
vt 0.980186999 0.723761022
vt 0.985670984 0.721475005
vt 0.423135996 0.410342991
vt 0.42117399 0.39921701
vt 0.989081979 0.715999007
vt 0.38093099 0.364502996
vt 0.375853986 0.369107991
vt 0.388716012 0.370876998
vt 0.427929014 0.409386009
vt 0.431849003 0.424380988
vt 0.431261003 0.417881012
vt 0.620218992 0.306145012
vt 0.386128008 0.38093999
vt 0.354384005 0.359407008
vt 0.365408987 0.383590013
vt 0.375158995 0.396483004
vt 0.310041994 0.365491003
vt 0.316161007 0.365631998
vt 0.368147999 0.366798997
vt 0.360320002 0.358961999
vt 0.371681988 0.363860995
vt 0.413848996 0.423815995
vt 0.184181005 0.0151819997
vt 0.388803005 0.405187994
vt 0.637364984 0.0605419986
vt 0.705457985 0.196263999
vt 0.718207002 0.184778005
vt 0.339767992 0.388105989
vt 0.352764994 0.394930005
vt 0.743650019 0.169700995
vt 0.166878998 0.0165209994
vt 0.458936006 0.913285017
vt 0.451709002 0.933981001
vt 0.462839007 0.913556993
vt 0.686513007 0.699248016
vt 0.694926023 0.690504014
vt 0.680783987 0.67621702
vt 0.747070014 0.128939003
vt 0.745151997 0.116076998
vt 0.739519 0.123533003
vt 0.75592798 0.125283003
vt 0.758651972 0.119733997
vt 0.683634996 0.71667397
vt 0.697890997 0.710188985
vt 0.748115003 0.109499998
vt 0.678444028 0.708418012
vt 0.753449976 0.10689
vt 0.719879985 0.687507987
vt 0.714020014 0.703477025
vt 0.720104992 0.0937800035
vt 0.714178026 0.103772998
vt 0.721686006 0.111312002
vt 0.729463995 0.114602998
vt 0.698423982 0.740709007
vt 0.714945018 0.725104988
vt 0.699626982 0.724824011
vt 0.547134995 0.832419991
vt 0.737685025 0.0982299969
vt 0.564818978 0.820878983
vt 0.729283988 0.0813240036
vt 0.742730975 0.0949909985
vt 0.735614002 0.0756819993
vt 0.747264981 0.0894979984
vt 0.847519994 0.490143001
vt 0.839995027 0.489560008
vt 0.837437987 0.499576002
vt 0.702762008 0.681622028
vt 0.754585028 0.139021993
vt 0.715364993 0.74080801
vt 0.733797014 0.722634017
vt 0.771863997 0.135948002
vt 0.771089017 0.129277006
vt 0.520024002 0.798259974
vt 0.516471028 0.813338995
vt 0.766928971 0.116419002
vt 0.703474998 0.391061008
vt 0.709493995 0.380585015
vt 0.695987999 0.382218987
vt 0.709765971 0.369902015
vt 0.715507984 0.378816009
vt 0.717117012 0.327944994
vt 0.712383986 0.33642
vt 0.431071997 0.959227026
vt 0.848918021 0.500280976
vt 0.838286996 0.506887019
vt 0.735584021 0.719614983
vt 0.660587013 0.688805997
vt 0.666656017 0.694970012
vt 0.66465199 0.680302024
vt 0.431232989 0.944642007
vt 0.819462001 0.520682991
vt 0.425929993 0.946556985
vt 0.826066971 0.508045971
vt 0.838917971 0.513758004
vt 0.442009985 0.947179019
vt 0.431935996 0.818948984
vt 0.435957015 0.827319026
vt 0.447219998 0.934047997
vt 0.449625999 0.921060026
vt 0.456272006 0.895546973
vt 0.447555006 0.907850027
vt 0.441096991 0.919758022
vt 0.44689399 0.835537016
vt 0.823279023 0.527548015
vt 0.712002993 0.392527014
vt 0.453289002 0.834698021
vt 0.464971989 0.901612997
vt 0.0205620006 0.659759998
vt 0.463081002 0.892665029
vt 0.0229679998 0.637057006
vt 0.144629002 0.280443013
vt 0.146461993 0.272309989
vt 0.133950993 0.277507007
vt 0.458561987 0.878763974
vt 0.449988991 0.859345973
vt 0.455870986 0.862610996
vt 0.449056 0.851050019
vt 0.679228008 0.720440984
vt 0.68729198 0.729487002
vt 0.704484999 0.336041987
vt 0.709089994 0.345003009
vt 0.715749979 0.364378005
vt 0.0311960001 0.671597004
vt 0.0235259999 0.656116009
vt 0.465728015 0.879804015
vt 0.465784013 0.860359013
vt 0.457378 0.834828019
vt 0.718806982 0.117521003
vt 0.575143993 0.344370991
vt 0.563246012 0.329907
vt 0.563251019 0.339515001
vt 0.583203018 0.0406970009
vt 0.578647017 0.0366359986
vt 0.582424998 0.0509399995
vt 0.725529015 0.124366999
vt 0.717750013 0.354974002
vt 0.732401013 0.126649007
vt 0.469889998 0.870378971
vt 0.455527008 0.824813008
vt 0.822310984 0.485956997
vt 0.820779026 0.472234011
vt 0.809406996 0.472893
vt 0.830615997 0.462853014
vt 0.690617025 0.740831017
vt 0.510375023 0.800288022
vt 0.521885991 0.784016013
vt 0.0706859976 0.726431012
vt 0.328698993 0.159932002
vt 0.323951989 0.148984
vt 0.318931013 0.163164005
vt 0.986142993 0.484939009
vt 0.986041009 0.479378015
vt 0.0441230014 0.704487979
vt 0.0395249985 0.707756996
vt 0.0532220006 0.723550975
vt 0.0385879986 0.710844994
vt 0.502641022 0.834246993
vt 0.501219988 0.826020002
vt 0.489537001 0.832103014
vt 0.670463026 0.386168003
vt 0.653553009 0.372866988
vt 0.656877995 0.392419994
vt 0.80864799 0.521705985
vt 0.0936139971 0.730666995
vt 0.314563006 0.182512999
vt 0.982361972 0.500223994
vt 0.664685011 0.379103988
vt 0.701218009 0.354746014
vt 0.698494017 0.368539989
vt 0.749701023 0.706072986
vt 0.44354099 0.950011015
vt 0.319938004 0.181391999
vt 0.789115012 0.507018983
vt 0.777348995 0.492161989
vt 0.776516974 0.499080986
vt 0.321370006 0.176929995
vt 0.791598976 0.499628991
vt 0.331681013 0.177551001
vt 0.677900016 0.377564996
vt 0.683573008 0.389025986
vt 0.672608018 0.711869001
vt 0.0406000018 0.692032993
vt 0.0353379995 0.695540011
vt 0.0308909994 0.684090972
vt 0.784645021 0.472636014
vt 0.0266859997 0.689369977
vt 0.809365988 0.512220025
vt 0.513356984 0.82882601
vt 0.815527022 0.501591027
vt 0.0158469994 0.659793019
vt 0.791676998 0.484928995
vt 0.0201130006 0.682390988
vt 0.79450202 0.476530999
vt 0.0280709993 0.697106004
vt 0.470524997 0.888526976
vt 0.50504601 0.811083019
vt 0.0753490031 0.725210011
vt 0.523667991 0.844582975
vt 0.534470975 0.853085995
vt 0.529232979 0.837777972
vt 0.700920999 0.100776002
vt 0.704344988 0.104950003
vt 0.707346976 0.099045001
vt 0.578885019 0.0219340008
vt 0.572018027 0.0233709998
vt 0.574423015 0.0279029999
vt 0.580691993 0.0296330005
vt 0.573194027 0.0382970013
vt 0.806146026 0.47695899
vt 0.804977 0.49010101
vt 0.0788950026 0.739166021
vt 0.0655959994 0.729596972
vt 0.349947006 0.192484006
vt 0.345705003 0.186327994
vt 0.563059986 0.349038005
vt 0.54886502 0.336791009
vt 0.558369994 0.347723007
vt 0.554750979 0.334706008
vt 0.569248974 0.346576989
vt 0.579702973 0.0545569994
vt 0.576946974 0.0494460016
vt 0.725766003 0.129125997
vt 0.799414992 0.517086983
vt 0.79004699 0.51689899
vt 0.583783984 0.0557259992
vt 0.46014899 0.924337983
vt 0.0603349991 0.730143011
vt 0.572233021 0.323891014
vt 0.582445979 0.331386
vt 0.583908021 0.325805992
vt 0.581092 0.32149601
vt 0.486896992 0.140221
vt 0.492971003 0.130324006
vt 0.482647985 0.142305002
vt 0.482948005 0.134629995
vt 0.574395001 0.318583995
vt 0.565909028 0.315645009
vt 0.574615002 0.331294
vt 0.563158989 0.320704997
vt 0.339415997 0.181442007
vt 0.338467985 0.174003005
vt 0.580657005 0.31574899
vt 0.570820987 0.311879009
vt 0.583535016 0.339204997
vt 0.590726972 0.336286992
vt 0.469880998 0.153197005
vt 0.474011987 0.152057007
vt 0.553337991 0.323145002
vt 0.546495974 0.318807989
vt 0.549993992 0.316542
vt 0.559291005 0.302278012
vt 0.557902992 0.292775005
vt 0.555396974 0.305817991
vt 0.496731013 0.128866002
vt 0.492808014 0.125468999
vt 0.497487009 0.134186
vt 0.556931019 0.324090987
vt 0.555000007 0.314437002
vt 0.662118018 0.34810999
vt 0.672728002 0.351384014
vt 0.675723016 0.337967992
vt 0.617932022 0.35025999
vt 0.629415989 0.351123005
vt 0.740263999 0.073886998
vt 0.522946 0.832516015
vt 0.52681601 0.835784018
vt 0.663455009 0.340467989
vt 0.505272985 0.841548026
vt 0.514554977 0.835014999
vt 0.641529024 0.359535009
vt 0.313919991 0.176209003
vt 0.32041201 0.169909
vt 0.714546025 0.0917949975
vt 0.688534021 0.371437013
vt 0.677299976 0.359970987
vt 0.65833497 0.360448986
vt 0.57368201 0.35216099
vt 0.582943022 0.345687002
vt 0.633301973 0.385868996
vt 0.638032019 0.369453013
vt 0.720438004 0.0864360034
vt 0.817853987 0.436569005
vt 0.814769983 0.425727993
vt 0.644500971 0.384898007
vt 0.646569014 0.388175994
vt 0.326956004 0.166856006
vt 0.643978 0.379368007
vt 0.687057972 0.350540012
vt 0.649374008 0.355978996
vt 0.593123019 0.333213001
vt 0.660055995 0.368795007
vt 0.578047991 0.331045985
vt 0.685424984 0.339859009
vt 0.699845016 0.326721013
vt 0.825655997 0.352907002
vt 0.219293997 0.346168995
vt 0.223109007 0.341147989
vt 0.219439998 0.33732599
vt 0.755120993 0.0986960009
vt 0.982635975 0.529277027
vt 0.977008998 0.535764992
vt 0.671370983 0.689338028
vt 0.813235998 0.443987012
vt 0.664988995 0.666105986
vt 0.816397011 0.452434987
vt 0.751592994 0.717482984
vt 0.137843996 0.299158007
vt 0.818536997 0.45709601
vt 0.837324023 0.472209007
vt 0.555426002 0.820546985
vt 0.847360015 0.470137
vt 0.84998697 0.479261011
vt 0.0123760002 0.654515028
vt 0.464639992 0.842676997
vt 0.0157130007 0.669502974
vt 0.0584379993 0.714936972
vt 0.0644830018 0.719066978
vt 0.841715991 0.466652989
vt 0.688282013 0.380021989
vt 0.569757998 0.0303489994
vt 0.565823019 0.359138012
vt 0.569531024 0.355596006
vt 0.333624989 0.187476993
vt 0.525017023 0.85195303
vt 0.434812993 0.432981998
vt 0.519951999 0.847728014
vt 0.56279403 0.297401011
vt 0.735662997 0.931402981
vt 0.732897997 0.927078009
vt 0.729116023 0.934319973
vt 0.433438003 0.961966991
vn -0.978890359 -0.20429799 -0.00599994091
vn -0.929727912 -0.36671102 -0.0336010084
vn -0.920712888 -0.389305443 -0.0270003788
vn -0.122896209 -0.0989969447 -0.987469554
vn -0.0280003622 -0.0847010985 -0.996012926
vn -0.282205164 -0.448208213 -0.84821558
vn -0.547410309 -0.511809647 -0.662112415
vn -0.42262426 -0.178510249 -0.888550997
vn -0.72207731 -0.637079954 -0.269691527
vn -0.821704745 -0.569603264 -0.0188001078
vn -0.879573643 -0.475285769 -0.0212993622
vn -0.0278996378 -0.126398355 0.991587162
vn 0.0139997443 -0.173796833 0.984682024
vn 0.0575023852 -0.0926038399 0.994041264
vn -0.664297581 -0.747397244 -0.010299962
vn -0.713175774 -0.699076235 -0.0516982451
vn -0.0681021363 -0.0386012122 0.996931314
vn 0.0930018276 0.0739014521 0.992919564
vn -0.0436013564 -0.0763023719 0.996130943
vn -0.880006909 0.0230001807 -0.474403709
vn -0.567700207 0.00760000292 -0.823200285
vn -0.753798425 -0.215399548 -0.620798707
vn -0.975283563 -0.108298175 -0.192596748
vn -0.248406649 -0.900624096 -0.356609553
vn -0.247095853 -0.590490103 -0.768287122
vn -0.0839023888 -0.934026599 -0.347209901
vn -0.00900011975 -0.586207807 -0.810110748
vn -0.00900011975 -0.586207807 -0.810110748
vn -0.247095853 -0.590490103 -0.768287122
vn -0.0978990719 -0.16399844 -0.981590688
vn -0.999962807 0.00859967992 -0.000699973956
vn -0.99703908 0.0708027706 -0.0300011747
vn 0.0336001404 0.00790003221 -0.999404132
vn 0.0276004449 0.0787012726 -0.996516109
vn 0.0658967644 0.0307984874 -0.99735105
vn -0.0860981345 -0.0547988154 0.994778454
vn -0.0834973082 -0.10009677 0.991468012
vn 0.00919985119 -0.0233996231 0.999683857
vn -0.753798425 -0.215399548 -0.620798707
vn -0.793585241 -0.428492039 -0.431991965
vn -0.32870996 -0.944428563 0.00210006349
vn -0.421219707 -0.89874208 -0.121805705
vn -0.229202762 -0.971311688 -0.0634007677
vn 0.00160001975 0.0466005765 -0.998912334
vn -0.48789829 -0.87289691 0.0024999911
vn -0.583601058 -0.81160146 -0.0267000478
vn -0.944182277 -0.277194798 -0.177996665
vn -0.793585241 -0.428492039 -0.431991965
vn -0.58408457 -0.776079476 -0.237793714
vn -0.381396592 -0.754293263 -0.534395218
vn -0.547410309 -0.511809647 -0.662112415
vn -0.282205164 -0.448208213 -0.84821558
vn -0.72207731 -0.637079954 -0.269691527
vn -0.381396592 -0.754293263 -0.534395218
vn -0.335899413 -0.0387999341 -0.941098392
vn 0.00769969402 -0.00449982099 -0.999960244
vn 0.792122483 0.157404467 0.589716733
vn 0.767533362 0.292612702 0.570324779
vn 0.13890326 -0.0128003005 0.990223229
vn 0.169907913 -0.104104847 0.97994566
vn 0.182193786 0.200193182 0.962667167
vn -0.0849038139 -0.0739033222 0.993644655
vn -0.122494549 -0.0149993328 0.992355824
vn 0.0151001932 0.0121001545 -0.999812782
vn -0.152904466 0.262907684 0.952627838
vn 0.129599571 0.635797918 0.760897458
vn 0.0951047316 0.243812129 0.965148032
vn 0.0327005908 -0.983917773 -0.175603166
vn -0.00900011975 -0.586207807 -0.810110748
vn 0.0752016306 -0.781216979 -0.619713485
vn -0.351112396 -0.936233103 -0.0137004843
vn -0.482677758 -0.875759661 -0.00819962192
vn 0.00299990457 0.148095295 0.988968551
vn 0.0386994146 -0.134297967 0.990185022
vn -0.030200338 0.17270194 0.984511018
vn 0.0752016306 -0.781216979 -0.619713485
vn 0.148496643 -0.42699033 -0.891979814
vn -0.0237998012 -0.0635994673 -0.997691691
vn 0.209296316 -0.81048578 -0.547090411
vn 0.260105878 -0.950621426 -0.16930382
vn 0.148496643 -0.42699033 -0.891979814
vn 0.385498405 -0.846496463 -0.367198467
vn -0.0856975242 -0.0330990441 0.995771229
vn -0.130094498 -0.0260988958 0.991158068
vn -0.0700026974 0.0147005673 0.99743849
vn -0.126802102 -0.991916418 -0.00480007939
vn 0.0327005908 -0.983917773 -0.175603166
vn -0.288895249 -0.957284272 -0.0120998006
vn -0.0495989732 0.0809983239 -0.995479405
vn -0.229202762 -0.971311688 -0.0634007677
vn 0.0145003488 -0.999824047 -0.0119002862
vn -0.971590221 -0.235597625 -0.0224997737
vn -0.808117568 -0.588912785 -0.0113002453
vn 0.327889532 -0.616680324 -0.715677202
vn 0.19910647 -0.979931831 -0.00950030889
vn -0.0496992879 -0.118698299 0.991685808
vn -0.0817994326 0.244498298 0.966193259
vn -0.370007455 0.0276005566 0.928618729
vn -0.0087002404 -0.451112479 0.892424703
vn -0.1339968 -0.091197826 0.986776471
vn 0.0965965763 -0.0226991959 0.995064735
vn -0.237893611 -0.971273899 0.00579984393
vn -0.288895249 -0.957284272 -0.0120998006
vn -0.126802102 -0.991916418 -0.00480007939
vn -0.845607579 -0.533804774 -0.000500004506
vn 0.0656980202 -0.165195018 0.984070301
vn 0.0137000186 -0.999901354 0.00310000428
vn -0.0794033408 -0.996841967 0.00110004633
vn 0.040999189 -0.0418991707 -0.998280287
vn 0.0053997892 -0.0635975152 0.997961044
vn 0.0886021703 0.0981024057 0.991224289
vn 0.0799041539 -0.0740038455 0.994051695
vn -0.664297581 -0.747397244 -0.010299962
vn -0.691512048 -0.72231257 -0.008700151
vn -0.555907905 -0.831211805 0.00730010401
vn -0.691512048 -0.72231257 -0.008700151
vn -0.555825114 -0.830837548 -0.0277012531
vn -0.0175992101 0.0312985964 -0.999355137
vn -0.293607056 -0.955922961 -0.00250006001
vn -0.290199488 -0.956898272 -0.0113999797
vn -0.158691823 -0.987149179 -0.018799033
vn -0.058299832 -0.998297095 0.00199999427
vn -0.293607056 -0.955922961 -0.00250006001
vn -0.158691823 -0.987149179 -0.018799033
vn -0.290199488 -0.956898272 -0.0113999797
vn -0.713175774 -0.699076235 -0.0516982451
vn -0.547410309 -0.511809647 -0.662112415
vn -0.42262426 -0.178510249 -0.888550997
vn -0.461421072 -0.887140512 0.00850038882
vn 0.363179952 0.50037241 0.785956621
vn 0.198604271 0.0665014312 0.977820992
vn 0.851408422 0.483204782 0.204002023
vn 0.0956037119 0.205207959 0.974037766
vn 0.15380308 0.51461035 0.843516946
vn -0.0675997064 -0.00579997478 0.997695684
vn 0.0218002964 -0.108901478 0.993813455
vn 0.414004147 -0.0220002197 0.910009086
vn 0.66385299 0.593857944 -0.45456782
vn 0.461015701 0.380812973 0.801527321
vn 0.531917274 0.684722245 -0.498216212
vn -0.0966993123 -0.642695427 0.759994626
vn -0.0874025971 -0.0329009779 0.995629609
vn 0.35561499 0.737431049 -0.574224174
vn -0.389309615 0.908022463 0.154703826
vn -0.3872042 0.192802101 -0.901609838
vn -0.699290633 0.314795792 0.641791403
vn -0.486296773 -0.651495695 0.582296133
vn -0.23150076 0.0917003006 0.968503177
vn 0.309608251 0.833122194 0.458312213
vn -0.837672234 0.109996356 0.534982264
vn 0.0442000479 -0.178200185 0.983001053
vn -0.589789748 0.712887585 -0.379393399
vn 0.0319995731 0.184097558 0.982386947
vn -0.689487815 0.706787527 -0.158297196
vn -0.699290633 0.314795792 0.641791403
vn 0.291213602 0.852639794 0.433820248
vn 0.537114203 0.333408833 0.774820507
vn 0.0145003488 -0.999824047 -0.0119002862
vn -0.0682020709 0.10780327 0.991830111
vn 0.153201208 0.478703797 0.864506841
vn 0.216610685 0.838841379 0.499424636
vn -0.0431011766 0.473712921 0.879624009
vn -0.0581006557 0.315603584 0.947110713
vn 0.206708655 0.48622033 0.849035501
vn 0.402202219 0.426002353 -0.81040448
vn 0.825609744 0.391204625 -0.406604797
vn 0.851598024 -0.0510998815 -0.521698773
vn -0.604592979 0.320996284 0.728991568
vn 0.884022415 -0.0446011312 0.465311795
vn 0.419420332 0.484423488 0.76773721
vn 0.597090423 0.0655989498 0.799487174
vn 0.0353989042 0.362088799 0.931471229
vn -0.0971013531 0.852211893 0.514107168
vn 0.515681684 0.73337394 -0.442984253
vn 0.566688836 0.749785185 -0.341593266
vn 0.318494231 0.465091556 0.825985014
vn 0.270189077 -0.037898466 0.962061107
vn 0.648111761 0.229904175 0.726013184
vn -0.240305975 0.788019598 0.566814065
vn -0.202300817 0.389801592 -0.898403645
vn -0.0268010907 -0.000400016288 0.999640703
vn 0.0841002166 0.150000393 0.985102534
vn -0.518210828 0.847417712 -0.11550241
vn 0.334302604 -0.182601422 0.924607217
vn 0.334494054 -0.16699703 0.927483559
vn 0.147605926 -0.989039719 0.00360014453
vn 0.541701794 0.809702635 -0.225700736
vn 0.149098426 -0.120198734 0.981489658
vn 0.537114203 0.333408833 0.774820507
vn 0.99759382 0.0129999192 0.0680995807
vn 0.270189077 -0.037898466 0.962061107
vn 0.99759382 0.0129999192 0.0680995807
vn 0.256201088 -0.0346001461 0.966004074
vn -0.0156992637 0.120794326 0.992553413
vn -0.3584961 0.11919871 0.925889969
vn 0.108697146 0.99307394 -0.044598829
vn 0.0292005781 0.85341692 -0.520410299
vn -0.30139941 0.343699306 -0.889398217
vn 0.108697146 0.99307394 -0.044598829
vn 0.0292005781 0.85341692 -0.520410299
vn 0.394312739 0.778125167 -0.488915801
vn -0.0924023613 0.980024993 0.176104486
vn -0.0924023613 0.980024993 0.176104486
vn 0.108697146 0.99307394 -0.044598829
vn 0.394312739 0.778125167 -0.488915801
vn -0.935429931 -0.353511304 -0.000800025591
vn -0.499478459 0.685770452 -0.529377162
vn 0.216610685 0.838841379 0.499424636
vn 0.187197044 0.299395263 0.93558526
vn 0.011500001 -0.0668000057 0.997700095
vn -0.288895249 -0.957284272 -0.0120998006
vn -0.237893611 -0.971273899 0.00579984393
vn -0.300898403 0.708996236 0.637796581
vn 0.0215993058 -0.034598887 0.99916786
vn 0.145001844 0.00610007765 0.989412606
vn -0.499478459 0.685770452 -0.529377162
vn -0.968284488 0.0934985057 0.231696293
vn -0.904506087 0.300702035 0.302402049
vn 0.816007912 0.389503777 0.427104115
vn -0.648615897 0.475611657 0.594214559
vn 0.362195492 0.883889019 -0.295896322
vn 0.098700799 -0.133601084 0.986107945
vn 0.00790018868 0.99312371 -0.116802789
vn 0.0688020363 -0.0547016226 0.996129513
vn -0.0681031942 0.368717283 -0.927043438
vn -0.648615897 0.475611657 0.594214559
vn 0.816007912 0.389503777 0.427104115
vn 0.611235976 -0.195411503 0.766945183
vn 0.10859555 -0.11019548 0.987959504
vn 0.628699183 0.408199489 -0.661899149
vn -0.473592371 0.87388593 0.109698229
vn 0.720308125 0.358704031 0.593706667
vn 0.281302273 0.339102745 0.897707283
vn 0.381400466 -0.70340085 -0.599800706
vn 0.352910608 0.925527811 -0.137304127
vn -0.236392617 0.668779135 -0.704878032
vn -0.999642491 -0.0203008633 -0.0174007397
vn -0.107498229 -0.099798359 0.989183724
vn 0.0639998093 -0.0779997632 0.994897008
vn 0.0649000108 -0.0661000088 0.995700121
vn -0.00549989054 -0.00309993816 0.999980092
vn 0.000299992389 -0.0789979994 0.99687475
vn 0.059697438 -0.0952959061 0.993657351
vn 0.0927984715 -0.0345994271 0.99508357
vn 0.174492136 -0.344684482 0.922358453
vn 0.0166993979 0.0138994986 0.999763966
vn -0.0332988538 0.0524981953 0.99806571
vn 0.24931106 -0.175207779 0.952442229
vn -0.024301121 -0.0558025725 0.998146057
vn 0.000799977744 -0.0850976333 0.996372283
vn 0.0302988868 -0.0367986485 0.99886328
vn 0.0719991103 0.995687664 0.0584992766
vn 0.0304995272 0.999084473 -0.0299995337
vn 0.177606329 0.983635008 0.0303010792
vn -0.0234010052 -0.0129005536 0.999642909
vn 0.67982167 0.731423318 0.0535017066
vn 0.1820959 0.686884522 0.703584194
vn 0.301193208 0.619186044 0.725183666
vn 0.777859688 0.622567713 0.0856955573
vn 0.00190001167 -0.0280001704 0.999606133
vn 0.777859688 0.622567713 0.0856955573
vn 0.301193208 0.619186044 0.725183666
vn 0.529223025 0.39461717 0.751132667
vn 0.399404675 0.532306254 0.746408701
vn 0.550605416 0.833508253 0.0458004512
vn 0.477889359 0.871780634 0.1077976
vn 0.505702555 0.319901615 0.801204026
vn -0.956617475 0.15370281 -0.247504517
vn 0.577820063 0.176606119 0.796827614
vn 0.885148704 0.459673345 -0.0721958131
vn 0.486289799 0.271394312 0.830582559
vn 0.512021661 0.298512638 0.805434048
vn 0.155899212 0.221598879 0.962595105
vn 0.545899093 0.35569942 -0.758598745
vn 0.344883442 0.936654985 0.0610970631
vn 0.380297691 0.777995288 0.500096977
vn 0.558083534 0.359889388 0.747677982
vn 0.21659033 0.976156414 -0.0143993562
vn 0.885148704 0.459673345 -0.0721958131
vn 0.394408792 0.543312073 -0.741116524
vn -0.158691823 -0.987149179 -0.018799033
vn -0.237893611 -0.971273899 0.00579984393
vn -0.0455017313 -0.200007603 -0.978737235
vn 0.851408422 0.483204782 0.204002023
vn 0.394408792 0.543312073 -0.741116524
vn 0.0728045851 0.642940521 0.762448013
vn 0.262498885 0.452798069 0.852096379
vn 0.152195334 0.984469831 0.0874973163
vn -0.409616947 0.573023736 0.70982939
vn 0.0110001974 0.998517931 0.0533009544
vn 0.127798736 0.991290212 0.0317996852
vn 0.331601679 0.094200477 0.938704729
vn 0.442806602 -0.00260003889 0.896613359
vn 0.44830054 -0.424600512 -0.786600947
vn 0.0855988637 0.996086776 0.0219997074
vn 0.428977638 0.798958361 0.421478033
vn -0.753798425 -0.215399548 -0.620798707
vn -0.567700207 0.00760000292 -0.823200285
vn 0.443695813 -0.323396951 0.835792124
vn 0.505791008 -0.822385371 0.260495365
vn 0.904563129 0.395583868 -0.158993512
vn 0.518829763 0.690339625 0.50422895
vn 0.357289314 0.0762977228 0.930872142
vn 0.276203275 0.0190002248 0.960911393
vn -0.0454014987 0.0259008557 0.998632967
vn 0.430913866 0.901829004 0.031901028
vn 0.52259624 0.852293849 0.0220998395
vn -0.158691823 -0.987149179 -0.018799033
vn -0.0794033408 -0.996841967 0.00110004633
vn 0.233401254 0.972305238 0.0121000651
vn -0.593900025 -0.720300078 0.358400017
vn 0.363179952 0.50037241 0.785956621
vn 0.414004147 -0.0220002197 0.910009086
vn -0.486296773 -0.651495695 0.582296133
vn -0.229492843 0.857273281 -0.460885644
vn 0.00790018868 0.99312371 -0.116802789
vn 0.309608251 0.833122194 0.458312213
vn -0.837672234 0.109996356 0.534982264
vn -0.978255868 -0.102695368 0.180191875
vn -0.23150076 0.0917003006 0.968503177
vn -0.0859997571 0.685898066 -0.722598016
vn -0.589789748 0.712887585 -0.379393399
vn 0.153201208 0.478703797 0.864506841
vn 0.197096124 0.830683649 -0.520689726
vn 0.291213602 0.852639794 0.433820248
vn 0.402202219 0.426002353 -0.81040448
vn 0.851598024 -0.0510998815 -0.521698773
vn 0.370220989 0.0652036965 -0.926652551
vn 0.352105916 -0.739512444 -0.573709667
vn 0.44830054 -0.424600512 -0.786600947
vn 0.505791008 -0.822385371 0.260495365
vn 0.754015207 0.162603274 -0.636412799
vn 0.904563129 0.395583868 -0.158993512
vn 0.847789347 0.530293345 0.00649991818
vn 0.518829763 0.690339625 0.50422895
vn 0.884022415 -0.0446011312 0.465311795
vn 0.667201281 -0.2085004 -0.715101421
vn 0.754015207 0.162603274 -0.636412799
vn 0.912375689 -0.0865976885 0.400089324
vn -0.236392617 0.668779135 -0.704878032
vn 0.667201281 -0.2085004 -0.715101421
vn -0.202300817 0.389801592 -0.898403645
vn 0.912375689 -0.0865976885 0.400089324
vn 0.912375689 -0.0865976885 0.400089324
vn 0.197096124 0.830683649 -0.520689726
vn 0.912375689 -0.0865976885 0.400089324
vn 0.153201208 0.478703797 0.864506841
vn -0.224204376 0.404307872 -0.88671726
vn -0.518210828 0.847417712 -0.11550241
vn -0.0231991969 -0.148994848 -0.988565803
vn 0.515681684 0.73337394 -0.442984253
vn 0.541701794 0.809702635 -0.225700736
vn 0.566688836 0.749785185 -0.341593266
vn 0.212197557 0.268596917 -0.939589202
vn 0.531917274 0.684722245 -0.498216212
vn -0.3872042 0.192802101 -0.901609838
vn 0.66385299 0.593857944 -0.45456782
vn -0.0966993123 -0.642695427 0.759994626
vn 0.482718915 0.163206384 -0.860433698
vn 0.302981317 0.0888945162 -0.948841453
vn 0.99759382 0.0129999192 0.0680995807
vn -0.0130996164 0.323690534 -0.94607234
vn -0.0867986456 0.119898126 -0.988984525
vn -0.904506087 0.300702035 0.302402049
vn -0.968284488 0.0934985057 0.231696293
vn -0.499478459 0.685770452 -0.529377162
vn 0.362195492 0.883889019 -0.295896322
vn -0.589789748 0.712887585 -0.379393399
vn 0.381400466 -0.70340085 -0.599800706
vn 0.720308125 0.358704031 0.593706667
vn 0.381400466 -0.70340085 -0.599800706
vn 0.628699183 0.408199489 -0.661899149
vn 0.754015207 0.162603274 -0.636412799
vn 0.37849021 0.818878829 -0.431488842
vn -0.904506087 0.300702035 0.302402049
vn 0.291213602 0.852639794 0.433820248
vn 0.291213602 0.852639794 0.433820248
vn 0.35561499 0.737431049 -0.574224174
vn 0.326203525 0.35450384 -0.876309454
vn 0.1820959 0.686884522 0.703584194
vn -0.028800806 0.0389010869 0.998827934
vn 0.301193208 0.619186044 0.725183666
vn -0.0971972272 0.179894865 0.978872061
vn 0.399404675 0.532306254 0.746408701
vn 0.428977638 0.798958361 0.421478033
vn 0.505702555 0.319901615 0.801204026
vn 0.529223025 0.39461717 0.751132667
vn 0.558083534 0.359889388 0.747677982
vn 0.380297691 0.777995288 0.500096977
vn 0.262498885 0.452798069 0.852096379
vn 0.885148704 0.459673345 -0.0721958131
vn 0.101396792 0.271191418 -0.957169712
vn 0.545899093 0.35569942 -0.758598745
vn 0.825609744 0.391204625 -0.406604797
vn 0.0728045851 0.642940521 0.762448013
vn -0.143693715 -0.119694762 0.982357025
vn 0.0285005197 -0.697812736 -0.715713024
vn -0.0455017313 -0.200007603 -0.978737235
vn 0.0285005197 -0.697812736 -0.715713024
vn -0.0455017313 -0.200007603 -0.978737235
vn 0.198604271 0.0665014312 0.977820992
vn 0.0285005197 -0.697812736 -0.715713024
vn -0.689487815 0.706787527 -0.158297196
vn 0.220101118 0.17580089 0.959504843
vn 0.352105916 -0.739512444 -0.573709667
vn 0.847789347 0.530293345 0.00649991818
vn 0.287202746 0.283002704 0.91510874
vn 0.46220091 0.283900559 -0.840101659
vn 0.538983583 0.48598519 -0.687979043
vn 0.69622004 0.0465013385 -0.716320634
vn 0.0156000275 0.758401334 -0.651601136
vn 0.232597008 0.650191665 -0.723290682
vn 0.411799908 0.631899893 -0.656599879
vn -0.217999369 0.691797972 -0.688398004
vn -0.411519676 0.627129972 -0.661331654
vn 0.251508474 -0.00660022208 0.967832565
vn 0.577820063 0.176606119 0.796827614
vn 0.0710999519 -0.0231999848 0.997199357
vn 0.21260421 0.00610012095 0.977119386
vn -0.409616947 0.573023736 0.70982939
vn -0.0126995984 0.204093546 0.978869021
vn 0.411799908 0.631899893 -0.656599879
vn 0.538983583 0.48598519 -0.687979043
vn 0.535384357 0.752478063 -0.383588791
vn 0.685685158 0.255494475 -0.681585252
vn 0.318405628 0.864415228 -0.38910687
vn 0.842219651 0.193504512 -0.503211737
vn 0.318405628 0.864415228 -0.38910687
vn 0.690392852 0.510594726 -0.512494683
vn 0.699902296 0.706102312 -0.107500352
vn 0.392018825 0.919944167 0.00490023522
vn 0.690392852 0.510594726 -0.512494683
vn 0.842219651 0.193504512 -0.503211737
vn 0.685685158 0.255494475 -0.681585252
vn 0.898729503 0.375412315 -0.226607427
vn 0.0156000275 0.758401334 -0.651601136
vn 0.232597008 0.650191665 -0.723290682
vn -0.291998863 0.89329654 -0.341698676
vn -0.217999369 0.691797972 -0.688398004
vn 0.0564015955 0.928426266 -0.367210388
vn -0.291998863 0.89329654 -0.341698676
vn -0.411519676 0.627129972 -0.661331654
vn -0.217999369 0.691797972 -0.688398004
vn -0.575568616 0.782357335 -0.237987012
vn -0.251399368 0.966997623 -0.0413998999
vn -0.608700395 0.793200493 -0.0178000107
vn -0.279801399 0.888704479 0.363201827
vn -0.577192307 0.689590752 0.437394142
vn -0.608700395 0.793200493 -0.0178000107
vn -0.279801399 0.888704479 0.363201827
vn 0.281992704 0.260493249 0.923376083
vn 0.514301181 0.257300586 0.818101883
vn 0.262306333 0.427910328 0.864920855
vn 0.281992704 0.260493249 0.923376083
vn 0.262306333 0.427910328 0.864920855
vn 0.483520269 0.554223239 0.677528381
vn 0.320412517 0.715827942 0.620424211
vn 0.320412517 0.715827942 0.620424211
vn 0.262306333 0.427910328 0.864920855
vn 0.152903154 0.671113849 0.725414932
vn 0.152903154 0.671113849 0.725414932
vn -0.0279006753 0.546613216 0.836920261
vn 0.813861072 0.190990865 0.548773766
vn 0.514301181 0.257300586 0.818101883
vn 0.715007246 0.501005054 0.487604946
vn 0.643595815 0.0575996265 0.763195038
vn 0.914869189 -0.162994504 0.369387567
vn 0.737608969 -0.224802732 0.636707723
vn 0.163897663 0.982886016 -0.084098801
vn -0.251399368 0.966997623 -0.0413998999
vn 0.0628998876 0.922598362 0.38059932
vn 0.0628998876 0.922598362 0.38059932
vn -0.251399368 0.966997623 -0.0413998999
vn 0.163897663 0.982886016 -0.084098801
vn 0.491024256 0.754637301 0.435221493
vn 0.821387351 0.554091454 0.135297909
vn 0.491024256 0.754637301 0.435221493
vn 0.821387351 0.554091454 0.135297909
vn 0.971562624 0.0743971393 -0.224791348
vn 0.821387351 0.554091454 0.135297909
vn 0.973720968 0.15030323 0.171103686
vn 0.973720968 0.15030323 0.171103686
vn 0.973720968 0.15030323 0.171103686
vn 0.898729503 0.375412315 -0.226607427
vn 0.971562624 0.0743971393 -0.224791348
vn 0.914869189 -0.162994504 0.369387567
vn 0.813861072 0.190990865 0.548773766
vn 0.491024256 0.754637301 0.435221493
vn 0.483520269 0.554223239 0.677528381
vn -0.0279006753 0.546613216 0.836920261
vn -0.113702044 0.780514061 0.614711046
vn 0.45678404 -0.888468981 -0.0443984494
vn 0.417016149 -0.908635199 -0.0219008476
vn 0.656092465 -0.754591346 -0.0115998667
vn 0.458813161 -0.888525486 -0.00360010331
vn 0.574205339 -0.818407595 -0.0223002061
vn 0.532087743 -0.846480489 -0.0187995676
vn 0.689390302 -0.724389851 -0.000599991588
vn 0.739202619 -0.673302412 -0.0156000555
vn 0.839935422 -0.542622864 -0.00830035005
vn 0.340592831 -0.443790674 -0.828882575
vn 0.327889532 -0.616680324 -0.715677202
vn 0.84933424 -0.527721286 -0.0119004799
vn 0.340592831 -0.443790674 -0.828882575
vn 0.571400881 -0.759501159 -0.31090045
vn 0.289197832 -0.957192898 0.0120999096
vn 0.577220798 -0.816429377 -0.0161005799
vn 0.675911248 -0.668611109 -0.310005158
vn 0.626800537 -0.777200639 -0.0555000454
vn 0.509363949 -0.472166598 -0.719449103
vn 0.365103006 -0.206801698 -0.907707453
vn 0.509363949 -0.472166598 -0.719449103
vn 0.295995951 -0.955186903 0.00209997129
vn 0.455823332 -0.889945567 -0.0149007626
vn -0.508116603 0.394312888 0.765725017
vn 0.359094471 -0.933285594 0.00539991679
vn 0.70002991 -0.495721191 -0.514021993
vn 0.509363949 -0.472166598 -0.719449103
vn 0.365103006 -0.206801698 -0.907707453
vn 0.656092465 -0.754591346 -0.0115998667
vn 0.574205339 -0.818407595 -0.0223002061
vn 0.706589937 -0.689690173 -0.158297747
vn 0.70002991 -0.495721191 -0.514021993
vn 0.847081423 -0.476489574 -0.235394835
vn 0.706589937 -0.689690173 -0.158297747
vn 0.180802718 -0.983514786 0.0030000452
vn 0.129604578 -0.991535068 -0.00780027593
vn 0.234808624 -0.972035646 -0.00340012484
vn 0.747897744 -0.663798034 -0.00459998613
vn 0.559092522 -0.829088926 -0.00519993063
vn 0.845850527 -0.533268809 -0.0126992576
vn 0.896263301 -0.443481833 -0.00599975418
vn 0.919772446 -0.390788287 -0.0360989198
vn 0.780337274 -0.625229895 -0.0127006071
vn 0.574492514 -0.818489313 -0.00579992402
vn 0.689390302 -0.724389851 -0.000599991588
vn 0.739202619 -0.673302412 -0.0156000555
vn 0.919011772 -0.393805057 0.0183002353
vn 0.917120397 -0.398608863 -0.00110002444
vn 0.843590975 -0.515494466 -0.150398389
vn 0.697047055 -0.327152431 0.638041317
vn 0.889941514 -0.455821276 -0.015200709
vn -0.707011044 0.692510784 0.143402234
vn -0.139996082 0.159795538 0.977172673
vn -0.0740976408 0.62078023 0.78047514
vn -0.586484134 0.396489263 0.706280887
vn -0.139996082 0.159795538 0.977172673
vn -0.707011044 0.692510784 0.143402234
vn -0.522426605 0.852543354 -0.0155007886
vn -0.596723199 0.800831079 0.0509019755
vn -0.454586446 0.890173435 -0.0306990836
vn -0.463208526 0.885816336 0.0277005099
vn 0.919795334 -0.392398 0.000599996943
vn -0.862815917 -0.402607441 -0.305705637
vn -0.406005621 0.912412643 0.0516007133
vn -0.495490372 0.868383169 0.0199996121
vn -0.370193362 0.92628336 -0.070398733
vn -0.514806688 0.854311049 -0.0716009289
vn -0.976040304 -0.0321013257 -0.215208888
vn -0.754193604 0.564595222 -0.335297167
vn -0.113103539 0.990830958 0.0739023089
vn -0.201598287 0.616394758 0.761193573
vn -0.531617403 0.846827745 0.0163005348
vn -0.282593638 0.711383998 0.643485546
vn -0.229800507 0.971602142 0.056400124
vn -0.496599466 0.693699241 0.521699429
vn 0.0112003041 0.999627173 0.0249006767
vn -0.641196609 0.764995933 0.0603996813
vn -0.108499259 0.100599319 0.988993287
vn -0.730534792 0.668031812 0.141606733
vn -0.12719667 0.883776844 0.450288206
vn 0.706589937 -0.689690173 -0.158297747
vn 0.674896121 -0.737895787 -0.00499997148
vn -0.0821016431 0.996519923 0.0144002875
vn -0.31850484 0.947214365 0.0366005562
vn -0.603776455 0.795468986 0.0517979823
vn -0.70529592 0.708595932 0.0211998783
vn -0.450904578 0.892009079 0.0317003205
vn -0.0634974614 0.762069523 0.644374192
vn -0.199901357 0.387102634 0.900106132
vn -0.0634974614 0.762069523 0.644374192
vn -0.691238523 0.715839922 0.0988055095
vn -0.450904578 0.892009079 0.0317003205
vn -0.31850484 0.947214365 0.0366005562
vn -0.450904578 0.892009079 0.0317003205
vn 0.674896121 -0.737895787 -0.00499997148
vn -0.704425991 0.708226144 0.046901729
vn -0.169502974 0.530109286 0.8308146
vn -0.657399774 0.749899685 0.0739999712
vn 0.0137000186 -0.999901354 0.00310000428
vn -0.769395709 0.636996448 0.0475997366
vn -0.586484134 0.396489263 0.706280887
vn -0.058299832 -0.998297095 0.00199999427
vn -0.0281013586 0.999448359 0.0177008566
vn -0.258490652 0.964965165 -0.0449983738
vn -0.699716866 0.706617057 0.105302542
vn -0.370193362 0.92628336 -0.070398733
vn 0.674896121 -0.737895787 -0.00499997148
vn -0.729593694 0.683394074 0.0257997755
vn -0.605694115 0.407396019 0.683493316
vn -0.147002906 0.988719583 0.0287005678
vn -0.851198792 0.517799258 0.0856998786
vn -0.230287984 0.9725492 0.0333982557
vn -0.598789752 0.124397874 0.791186452
vn -0.872802436 0.476601332 0.105200291
vn 0.780337274 -0.625229895 -0.0127006071
vn -0.463208526 0.885816336 0.0277005099
vn -0.370193362 0.92628336 -0.070398733
vn -0.860919774 0.311907172 0.401909232
vn -0.89941889 0.436809182 0.0156003283
vn -0.827996612 0.560697734 0.0062999744
vn -0.756902516 0.651002169 0.0574001893
vn -0.867690861 0.496594757 0.0224997625
vn -0.834100783 0.550500512 0.0350000337
vn -0.92721957 0.373007864 0.0336007103
vn -0.953154922 0.302185714 0.0133993663
vn 0.893957615 -0.448128879 -0.00450028991
vn 0.697047055 -0.327152431 0.638041317
vn 0.843590975 -0.515494466 -0.150398389
vn -0.999999762 0.000299999927 0.000599999854
vn -0.910692811 0.411396772 0.0372997075
vn 0.917120397 -0.398608863 -0.00110002444
vn -0.999999762 0.000299999927 0.000599999854
vn 0.697047055 -0.327152431 0.638041317
vn 0.893957615 -0.448128879 -0.00450028991
vn -0.931618869 0.363307357 -0.00970019586
vn -0.827432632 0.546921551 0.127405018
vn 0.957605302 -0.287501603 -0.0183001012
vn -0.957088888 0.289096653 -0.0200997666
vn -0.920209289 0.391303957 0.00980009884
vn 0.930600643 -0.365500242 0.0198000129
vn -0.169502974 0.530109286 0.8308146
vn -0.0740976408 0.62078023 0.78047514
vn 0.0479998812 -0.213799477 0.975697577
vn -0.514806688 0.854311049 -0.0716009289
vn -0.862815917 -0.402607441 -0.305705637
vn -0.976040304 -0.0321013257 -0.215208888
vn -0.754193604 0.564595222 -0.335297167
vn -0.500107706 0.787812173 -0.359505564
vn -0.300898403 0.708996236 0.637796581
vn -0.496599466 0.693699241 0.521699429
vn -0.730534792 0.668031812 0.141606733
vn -0.508116603 0.394312888 0.765725017
vn -0.201598287 0.616394758 0.761193573
vn -0.642810225 0.60850966 -0.465307415
vn -0.12719667 0.883776844 0.450288206
vn 0.181994393 0.118196353 0.976169884
vn -0.199901357 0.387102634 0.900106132
vn -0.0994039178 0.23810938 0.966138065
vn -0.282593638 0.711383998 0.643485546
vn -0.0634974614 0.762069523 0.644374192
vn -0.605694115 0.407396019 0.683493316
vn -0.598789752 0.124397874 0.791186452
vn -0.15870434 0.160904393 0.974126637
vn -0.860919774 0.311907172 0.401909232
vn -0.441384614 0.512482107 -0.736574292
vn -0.363208532 0.319207519 -0.875320554
vn -0.076698266 0.26029411 0.96247822
vn -0.150607109 -0.0221010428 0.988346636
vn -0.527222991 0.471020579 -0.707230866
vn -0.113702044 0.780514061 0.614711046
vn -0.174691379 0.5184744 0.837058663
vn -0.287397414 0.591694713 0.753193259
vn -0.287397414 0.591694713 0.753193259
vn -0.353985548 0.267889082 0.896063447
vn -0.508211434 0.389508754 0.768117249
vn -0.508211434 0.389508754 0.768117249
vn -0.320115238 0.0884042084 0.943244874
vn -0.271086752 0.929954529 -0.248387858
vn -0.193795636 0.473189354 -0.859380662
vn -0.320995092 0.788387954 -0.524791956
vn -0.139499933 0.733699679 -0.664999664
vn 0.0612991638 -0.029399598 -0.997686386
vn -0.00359986466 -0.0214991905 0.999762356
vn -0.000299995125 0.00569990696 0.999983728
vn -0.0317993723 0.00529989507 0.999480247
vn -0.51228857 0.811681926 -0.280593753
vn 0.0132002365 -0.0281005036 0.999517918
vn -0.021999171 -0.0646975636 0.997662425
vn -0.00769974757 -0.00249991799 -0.999967217
vn -0.0416980535 0.0187991224 -0.998953402
vn -0.170394719 0.0282991212 -0.984969437
vn -0.204594925 0.0708982423 -0.976275742
vn 0.0201004278 -0.0394008383 -0.999021292
vn -0.0244997572 0.0748992562 0.996890068
vn 0.0639024377 -0.00600022916 0.997938097
vn 0.0112003563 -0.00330010499 0.999931812
vn -0.0213004313 0.0714014471 -0.997220218
vn -0.0139996847 -0.072398372 -0.997277558
vn -0.0445021428 0.225410864 -0.973246872
vn 0.011999961 0.0161999483 0.999796748
vn -0.111497968 0.0594989136 0.991981924
vn -0.0913997293 0.0207999386 0.995597005
vn -0.048400335 0.0290002003 0.998406947
vn -0.0915006101 0.0140000926 -0.995706618
vn 0.0183004737 0.0146003785 0.999725938
vn 0.104296505 -0.0993966684 0.989566863
vn -0.001599991 -0.0400997736 0.999194384
vn 0.0366995782 -0.0165998079 0.999188483
vn 0.406790197 -0.720982611 0.560986459
vn 0.0533012189 0.63421452 -0.771317661
vn 0.0157994479 0.0204992834 0.999665022
vn 0.134797841 0.469492465 -0.872586012
vn 0.15380004 0.223900065 -0.962400258
vn 0.0192990694 -0.0268987045 0.999451876
vn -0.0438981205 -0.0188991912 -0.99885726
vn 0.00349984039 -0.0166992396 0.999854445
vn -0.0861009732 0.121001363 -0.988911152
vn 0.0577006601 0.00670007663 0.99831146
vn 0.021700941 0.00650028186 0.999743402
vn 0.076498948 -0.0688990504 0.994686306
vn 0.0566989519 0.0318994112 0.997881591
vn 0.0390989631 -0.109897085 0.993173659
vn -0.0973024517 0.0354008935 0.994625032
vn -0.051200293 -0.0191001091 0.998505771
vn -0.0219996665 0.0440993346 0.9987849
vn -0.139499933 0.733699679 -0.664999664
vn -0.0297985077 0.0616969094 -0.997650027
vn -0.0820989087 0.985286951 -0.149898008
vn -0.0336998627 0.892796338 -0.449198157
vn -0.306402236 0.209301531 -0.928606749
vn 0.161092758 0.953857064 -0.253388613
vn 0.0749973208 0.049298238 -0.995964408
vn -0.508105695 0.300403357 -0.807209015
vn 0.0236002468 0.00470004883 0.999710441
vn 0.298103213 0.881409466 -0.366403937
vn 0.0533012189 0.63421452 -0.771317661
vn 0.36051026 0.932226539 -0.0314008929
vn 0.298103213 0.881409466 -0.366403937
vn 0.161092758 0.953857064 -0.253388613
vn -0.782435119 0.560425162 -0.271512181
vn -0.508105695 0.300403357 -0.807209015
vn -0.8273139 0.352705926 -0.437207341
vn -0.584008634 0.583708584 -0.564108312
vn -0.67629832 0.156099617 -0.719898224
vn -0.41790694 0.511208475 -0.751012444
vn -0.880006909 0.0230001807 -0.474403709
vn -0.67629832 0.156099617 -0.719898224
vn -0.929599464 0.218799874 -0.296599835
vn -0.193795636 0.473189354 -0.859380662
vn -0.95654577 0.284913629 -0.062002968
vn 0.333582252 0.299584061 -0.893852472
vn -0.8273139 0.352705926 -0.437207341
vn 0.476390362 0.572288394 -0.667486489
vn -0.320995092 0.788387954 -0.524791956
vn 0.832496822 -0.329498738 0.445398301
vn 0.219899669 -0.0927998573 0.971098542
vn 0.416197479 -0.205298752 0.88579464
vn -0.41790694 0.511208475 -0.751012444
vn -0.41790694 0.511208475 -0.751012444
vn -0.584008634 0.583708584 -0.564108312
vn 0.727409184 0.481606066 -0.488806158
vn 0.727409184 0.481606066 -0.488806158
vn 0.476390362 0.572288394 -0.667486489
vn 0.647800088 0.709900081 -0.27640003
vn 0.384717762 0.675231218 -0.629329085
vn 0.384717762 0.675231218 -0.629329085
vn 0.298103213 0.881409466 -0.366403937
vn 0.531812847 0.829519987 -0.170504108
vn -0.879032433 0.473917484 -0.0520019196
vn -0.962921739 0.269306064 -0.0160003603
vn 0.0387009904 0.999225616 -0.00710018212
vn -0.644295871 0.743195236 -0.180398837
vn -0.782435119 0.560425162 -0.271512181
vn 0.242510244 0.970140994 0.00390016474
vn -0.393788993 0.918874323 -0.0244993158
vn -0.218700692 0.975603104 -0.0192000605
vn -0.220803529 0.975315571 0.00230003684
vn 0.575595438 0.817693532 0.00819993485
vn 0.710497081 0.701197147 -0.0592997558
vn 0.516594827 0.85609144 -0.0153998462
vn -0.527399123 0.849598527 0.00569999032
vn -0.41589886 0.909197509 -0.019699946
vn 0.382895947 0.923790276 0.00149998418
vn 0.242510244 0.970140994 0.00390016474
vn 0.242510244 0.970140994 0.00390016474
vn 0.413581908 0.910460174 -0.00349984691
vn -0.581280291 0.813572407 -0.0145995049
vn -0.0822012052 0.00150002202 0.996614635
vn -0.0714016855 -0.0380008966 0.996723473
vn 0.130305991 0.119505502 0.9842453
vn 0.0406014584 0.0167005993 0.999035835
vn 0.0445003845 0.00120001042 0.999008656
vn 0.0898020715 -0.195804507 0.976522505
vn 0.102501363 -0.687609136 0.718809545
vn 0.183301806 -0.784207702 0.592805803
vn 0.0341002606 -0.272302091 0.961607397
vn -0.173095331 0.0471987277 0.98377347
vn 0.0172994137 -0.0833971724 0.996366203
vn -0.105397038 0.0929973871 0.990072191
vn -0.0521982759 0.0439985469 0.997667015
vn 0.0581984147 0.081497781 0.994972885
vn 0.0247992855 -0.255192637 0.966572165
vn 0.133298352 -0.698091388 0.703491271
vn 0.063802883 -0.0351015851 0.99734503
vn -0.0645968616 -0.0608970411 0.99605161
vn -0.0325010195 -0.997031271 -0.0698021874
vn 0.102501363 -0.687609136 0.718809545
vn 0.133298352 -0.698091388 0.703491271
vn -0.202199206 -0.675497353 0.709097207
vn 0.183301806 -0.784207702 0.592805803
vn 0.0197992157 -0.100296028 0.994760633
vn 0.022801036 -0.0847038478 0.996145248
vn 0.0476980433 -0.058297608 0.997159123
vn -0.0224995669 0.146997169 0.988880992
vn -0.0924006701 -0.306402236 0.947406888
vn -0.0557021163 0.118104488 0.991437674
vn -0.0760990828 0.0936988667 0.992688
vn 0.0790019408 -0.983424187 0.163204014
vn -0.0339983851 -0.976853549 0.21118997
vn 0.0584028214 0.0298014395 0.997848153
vn 0.45380652 -0.26200375 0.851712227
vn -0.0609971434 0.0129993912 0.998053312
vn 0.367899984 -0.199099988 0.908299923
vn -0.142901719 -0.921511114 -0.361104369
vn -0.0129999192 -0.809194982 0.587396383
vn 0.00939961616 -0.381884426 0.924162269
vn 0.101001784 -0.0391006917 0.994117558
vn 0.0546998568 -0.00329999137 0.998497367
vn 0.298103213 0.881409466 -0.366403937
vn -0.142901719 -0.921511114 -0.361104369
vn -0.0339983851 -0.976853549 0.21118997
vn -0.202199206 -0.675497353 0.709097207
vn 0.0253006276 0.0575014278 0.998024762
vn -0.211106598 -0.755323648 0.620419383
vn 0.259506196 -0.180504322 0.948722661
vn -0.1859027 -0.684809923 0.704610229
vn -0.311397046 -0.919291317 0.240697727
vn -0.211106598 -0.755323648 0.620419383
vn -0.222989321 -0.924455762 -0.309285194
vn -0.127394646 -0.853264093 -0.505678713
vn -0.0129999192 -0.809194982 0.587396383
vn 0.021700222 -0.0671006888 0.997510195
vn 0.259109586 0.157405823 0.952935278
vn 0.0742976442 0.0973969102 0.992468476
vn -0.0266005155 0.0827016011 0.996219277
vn -0.01610047 0.029700866 0.999429166
vn 0.537704349 -0.417503387 0.732505918
vn 0.691339254 -0.556331635 0.461026192
vn 0.362718135 -0.229311466 -0.903245151
vn 0.691339254 -0.556331635 0.461026192
vn 0.462915778 -0.388913244 -0.796527147
vn -0.584008634 0.583708584 -0.564108312
vn 0.133305609 -0.0293012336 0.990641713
vn 0.443494588 -0.42669481 0.788190365
vn 0.693793356 -0.630293965 0.348396689
vn 0.051498238 -0.00379987014 0.998665869
vn 0.693793356 -0.630293965 0.348396689
vn 0.259506196 -0.180504322 0.948722661
vn 0.443494588 -0.42669481 0.788190365
vn 0.537704349 -0.417503387 0.732505918
vn 0.789680064 -0.555985987 -0.259393454
vn 0.662915111 -0.557612717 -0.499611408
vn 0.121901482 0.0749009103 0.989712
vn -0.0098001929 0.0294005778 0.999519646
vn 0.0738992989 0.116898894 0.990390599
vn -0.332587898 0.0364986733 0.942365706
vn 0.0247989316 0.0258988831 0.999356925
vn 0.0686029792 -0.00120005209 0.997643292
vn -0.161496669 -0.32569328 0.931580782
vn -0.00630003866 0.0418002568 0.999106109
vn -0.189601958 -0.300303102 0.934809685
vn 0.0613969304 0.0575971194 0.996450186
vn -0.559717178 -0.0839025751 0.82442528
vn 0.0982025415 -0.0328008495 0.994625747
vn -0.0605982468 0.109196842 0.992171288
vn 0.0431989469 0.113697231 0.992575824
vn 0.132805258 0.00240009511 0.991139233
vn 0.0337008163 -0.0248006005 0.999124229
vn -0.585574865 -0.705969691 0.398382872
vn 0.0721031353 0.0225009788 0.997143328
vn 0.233692884 -0.443886489 0.865073681
vn 0.150798425 0.0803991631 0.985289693
vn 0.0378985368 0.0550978705 0.997761428
vn 0.107095443 -0.310686767 0.944459796
vn 0.325908571 -0.0810021311 0.941924751
vn -0.201097265 -0.225396931 0.953287005
vn -0.382396728 -0.599994898 0.702693999
vn 0.693793356 -0.630293965 0.348396689
vn 0.0953994021 -0.00949994009 0.995393753
vn 0.0603972748 0.0321985446 0.997654974
vn 0.087703526 0.0692027807 0.993739963
vn -0.580009758 -0.778513134 0.239804044
vn -0.161496669 -0.32569328 0.931580782
vn -0.382396728 -0.599994898 0.702693999
vn 0.233692884 -0.443886489 0.865073681
vn 0.515832067 -0.708144009 0.482129961
vn 0.602941751 -0.469032496 -0.645344675
vn -0.571802258 -0.622202456 0.534702122
vn 0.0894992277 -0.0397996567 0.995191395
vn 0.515832067 -0.708144009 0.482129961
vn -0.412793785 -0.399393976 0.818587661
vn -0.638105989 -0.615105748 0.463104337
vn -0.201097265 -0.225396931 0.953287005
vn 0.576412976 -0.421409488 0.7001158
vn -0.571802258 -0.622202456 0.534702122
vn -0.556102037 -0.551802039 -0.62150228
vn -0.741684377 -0.627786756 -0.236195013
vn -0.0108004687 0.13310577 0.991042972
vn -0.741684377 -0.627786756 -0.236195013
vn 0.576412976 -0.421409488 0.7001158
vn -0.330994278 -0.71758759 0.612789392
vn -0.580009758 -0.778513134 0.239804044
vn 0.605801344 -0.783801734 0.136600301
vn -0.452711582 -0.466611922 -0.759819388
vn 0.0142995343 0.0587980859 0.998167455
vn 0.203404263 0.138002887 0.969320357
vn -0.1859027 -0.684809923 0.704610229
vn 0.14600198 -0.0415005647 0.988413453
vn -0.0985959619 0.0575976409 0.993459284
vn 0.0285004526 0.0771012232 0.996615827
vn -0.585574865 -0.705969691 0.398382872
vn -0.224692091 -0.1846935 0.956766307
vn -0.0699015111 0.113102444 0.991121411
vn -0.0236993209 0.154095575 0.98777169
vn -0.412793785 -0.399393976 0.818587661
vn 0.114999101 -0.218698278 0.968992412
vn 0.825489581 -0.132298335 0.548693061
vn -0.430982828 -0.740770459 -0.515279472
vn 0.825489581 -0.132298335 0.548693061
vn 0.879958093 -0.164992139 0.445478797
vn 0.745171845 0.240290925 -0.622076511
vn 0.904563129 0.395583868 -0.158993512
vn 0.879958093 -0.164992139 0.445478797
vn 0.358512908 -0.0578020811 0.931733549
vn -0.246292993 -0.600082934 -0.761078358
vn -0.438585222 -0.529582143 -0.72607553
vn -0.330994278 -0.71758759 0.612789392
vn -0.0175997969 0.128998518 0.991488576
vn 0.647514284 -0.208004594 0.73311621
vn 0.0501972474 0.116293617 0.991945565
vn 0.0585989319 0.0719986856 0.995681882
vn 0.0178001225 -0.155301064 0.98770678
vn 0.805507183 -0.356303185 -0.473504215
vn 0.67288667 -0.0773984641 -0.735685408
vn 0.303311825 -0.614323974 0.728428423
vn 0.21120131 -0.0215001348 0.977206111
vn 0.303311825 -0.614323974 0.728428423
vn 0.647514284 -0.208004594 0.73311621
vn 0.775118709 -0.184704453 0.604214609
vn 0.775118709 -0.184704453 0.604214609
vn 0.647514284 -0.208004594 0.73311621
vn 0.219899669 -0.0927998573 0.971098542
vn 0.775711775 -0.0852012932 -0.625309527
vn 0.797217131 -0.366107851 0.480010301
vn 0.775118709 -0.184704453 0.604214609
vn 0.764479816 -0.244493559 -0.596484244
vn 0.797217131 -0.366107851 0.480010301
vn 0.832496822 -0.329498738 0.445398301
vn 0.775711775 -0.0852012932 -0.625309527
vn 0.832327068 -0.215407014 -0.510716617
vn 0.0317994319 0.0286994874 0.999082148
vn -0.879032433 0.473917484 -0.0520019196
vn -0.0655991137 -0.010899853 0.997786522
vn -0.113404684 0.0565023348 0.991940975
vn -0.119795129 -0.00879964232 0.992759645
vn -0.0364998765 0.00859997142 0.999296665
vn -0.0544010699 0.0141002769 0.998419583
vn -0.1003998 -0.055499889 0.993398011
vn 0.0625017136 -0.00590016227 0.998027444
vn 0.0940041021 0.0292012747 0.995143473
vn -0.976991773 0.2131982 -0.00579995103
vn -0.860182405 0.509189606 -0.028499417
vn 0.36051026 0.932226539 -0.0314008929
vn -0.741647422 0.670542896 -0.0182011649
vn -0.782435119 0.560425162 -0.271512181
vn -0.879032433 0.473917484 -0.0520019196
vn -0.741647422 0.670542896 -0.0182011649
vn -0.118300013 0.992500126 -0.0308000036
vn 0.303811997 -0.619024456 0.724228561
vn 0.357690841 -0.919076443 0.165395766
vn 0.303811997 -0.619024456 0.724228561
vn 0.328888029 -0.939165771 0.0989963934
vn 0.328888029 -0.939165771 0.0989963934
vn 0.496713787 -0.632317543 -0.594516516
vn 0.325398266 -0.586896837 -0.74139601
vn -0.820817947 0.571112514 -0.00940020569
vn -0.741647422 0.670542896 -0.0182011649
vn -0.713882446 0.699982762 -0.0198995098
vn 0.151493296 0.988356292 -0.0141993724
vn 0.242510244 0.970140994 0.00390016474
vn 0.222908765 0.974838316 -0.00140005501
vn 0.413581908 0.910460174 -0.00349984691
vn 0.0396013297 0.0544018261 0.997733533
vn 0.135101423 -0.624306619 -0.769408107
vn 0.0790019408 -0.983424187 0.163204014
vn -0.0290984977 -0.556471288 -0.830357134
vn -0.0325010195 -0.997031271 -0.0698021874
vn 0.135101423 -0.624306619 -0.769408107
vn -0.142901719 -0.921511114 -0.361104369
vn -0.127394646 -0.853264093 -0.505678713
vn 0.00160000357 -0.809801817 -0.586701334
vn 0.462915778 -0.388913244 -0.796527147
vn 0.764479816 -0.244493559 -0.596484244
vn 0.832327068 -0.215407014 -0.510716617
vn 0.362718135 -0.229311466 -0.903245151
vn -0.452711582 -0.466611922 -0.759819388
vn -0.438585222 -0.529582143 -0.72607553
vn -0.246292993 -0.600082934 -0.761078358
vn 0.0480007231 -0.0496007465 0.99761498
vn -0.556102037 -0.551802039 -0.62150228
vn -0.333594948 -0.171497405 -0.926985979
vn -0.741684377 -0.627786756 -0.236195013
vn 0.67288667 -0.0773984641 -0.735685408
vn 0.805507183 -0.356303185 -0.473504215
vn 0.344608605 -0.0393009819 -0.937923431
vn 0.506976545 0.0655969605 -0.859460175
vn 0.745171845 0.240290925 -0.622076511
vn 0.775711775 -0.0852012932 -0.625309527
vn 0.100696065 -0.869765997 -0.483081132
vn 0.100696065 -0.869765997 -0.483081132
vn 0.173698753 -0.423696965 -0.888993621
vn 0.325398266 -0.586896837 -0.74139601
vn 0.602941751 -0.469032496 -0.645344675
vn 0.317715287 -0.4219203 -0.849140882
vn 0.662915111 -0.557612717 -0.499611408
vn 0.496713787 -0.632317543 -0.594516516
vn 0.496713787 -0.632317543 -0.594516516
vn -0.0325010195 -0.997031271 -0.0698021874
vn 0.0151002761 -0.616111279 -0.787514389
vn 0.630591154 -0.112698421 -0.767889202
vn -0.15099521 -0.693477988 -0.704477608
vn 0.576573491 -0.280287117 -0.767464757
vn 0.00160000357 -0.809801817 -0.586701334
vn -0.238410622 -0.589826286 -0.771534383
vn -0.440191567 -0.431391746 -0.787484944
vn -0.358708143 -0.420009524 -0.833618879
vn 0.789680064 -0.555985987 -0.259393454
vn -0.222989321 -0.924455762 -0.309285194
vn -0.430982828 -0.740770459 -0.515279472
vn -0.626696765 -0.304998428 -0.717096329
vn -0.379116625 -0.0805035308 -0.921840429
vn 0.311300457 -0.573700845 -0.757601082
vn 0.50399369 -0.457494289 -0.732590854
vn 0.50399369 -0.457494289 -0.732590854
vn 0.673617601 -0.529413819 -0.515713453
vn 0.576573491 -0.280287117 -0.767464757
vn 0.491675735 -0.658667505 -0.569571853
vn -0.238410622 -0.589826286 -0.771534383
vn -0.15099521 -0.693477988 -0.704477608
vn -0.0290984977 -0.556471288 -0.830357134
vn -0.440191567 -0.431391746 -0.787484944
vn -0.373103082 -0.711705863 -0.59520489
vn -0.358708143 -0.420009524 -0.833618879
vn -0.70296216 -0.408278018 -0.582368672
vn -0.611310005 -0.146502405 -0.777712762
vn -0.861134708 -0.255310267 -0.439617693
vn -0.844892681 -0.470895946 -0.253797799
vn -0.678807139 -0.589606225 -0.437704623
vn -0.683997452 -0.718397319 -0.126699522
vn -0.592171729 -0.727565229 -0.346383452
vn -0.626696765 -0.304998428 -0.717096329
vn 0.69622004 0.0465013385 -0.716320634
vn 0.907535076 -0.11780455 -0.403115571
vn 0.842219651 0.193504512 -0.503211737
vn 0.630591154 -0.112698421 -0.767889202
vn 0.811030447 -0.300511301 -0.501918852
vn 0.737608969 -0.224802732 0.636707723
vn 0.774193227 -0.475995839 0.417196363
vn 0.795222104 -0.523314536 -0.306208521
vn 0.526011765 -0.757116973 -0.387408674
vn 0.736592412 -0.675893009 -0.0244997479
vn 0.518885374 -0.835376501 0.18139489
vn 0.47670576 -0.566706836 0.672008157
vn 0.526011765 -0.757116973 -0.387408674
vn 0.526011765 -0.757116973 -0.387408674
vn 0.491675735 -0.658667505 -0.569571853
vn 0.275200993 -0.903303266 -0.329101205
vn 0.231089309 -0.737765849 -0.634270668
vn 0.311300457 -0.573700845 -0.757601082
vn 0.311300457 -0.573700845 -0.757601082
vn 0.311300457 -0.573700845 -0.757601082
vn 0.0151002761 -0.616111279 -0.787514389
vn -0.0750974715 -0.872070611 -0.483583719
vn 0.0151002761 -0.616111279 -0.787514389
vn 0.231089309 -0.737765849 -0.634270668
vn -0.0750974715 -0.872070611 -0.483583719
vn 0.0842994526 -0.99219358 -0.0918994024
vn 0.736592412 -0.675893009 -0.0244997479
vn 0.275200993 -0.903303266 -0.329101205
vn 0.736592412 -0.675893009 -0.0244997479
vn 0.518885374 -0.835376501 0.18139489
vn 0.328802913 -0.837207437 0.437003881
vn 0.328802913 -0.837207437 0.437003881
vn -0.0430018641 -0.932340443 0.359015554
vn -0.789714634 -0.550910234 0.269905001
vn -0.691915035 -0.674914658 0.256405562
vn -0.683997452 -0.718397319 -0.126699522
vn -0.789714634 -0.550910234 0.269905001
vn -0.287192643 -0.923776388 -0.253293514
vn -0.562003136 -0.659203708 0.499602795
vn -0.326394379 -0.924584091 0.196496621
vn -0.287192643 -0.923776388 -0.253293514
vn -0.255292028 -0.730777204 0.633080244
vn -0.412290305 -0.58468622 0.69868356
vn -0.237194747 -0.432890415 0.869680703
vn -0.255292028 -0.730777204 0.633080244
vn -0.289500654 -0.209800467 0.933902085
vn -0.326394379 -0.924584091 0.196496621
vn -0.691915035 -0.674914658 0.256405562
vn 0.959324598 -0.259006619 -0.112302877
vn 0.0842994526 -0.99219358 -0.0918994024
vn -0.683997452 -0.718397319 -0.126699522
vn -0.255292028 -0.730777204 0.633080244
vn -0.326394379 -0.924584091 0.196496621
vn -0.412290305 -0.58468622 0.69868356
vn -0.562003136 -0.659203708 0.499602795
vn 0.951402485 -0.306900799 -0.0254000667
vn 0.943579733 -0.331092894 -0.0058998731
vn 0.159605473 -0.0570019558 -0.985533774
vn 0.859994531 -0.39309749 -0.325397909
vn 0.983611166 -0.00050000567 -0.180302054
vn 0.878979504 -0.465889126 -0.101697624
vn 0.654396296 0.528696954 -0.540596902
vn 0.648933649 0.0760039464 -0.757039309
vn 0.964776874 0.194895327 -0.176695764
vn 0.935284555 0.349194229 -0.0574990511
vn 0.951362014 0.305087835 0.0427982919
vn 0.970419526 0.206604153 -0.124902517
vn 0.832302749 0.514901698 -0.205300674
vn 0.902086556 0.165897533 -0.398394078
vn 0.0443996936 0.0209998544 -0.998793125
vn 0.0757985115 -0.0219995677 -0.996880412
vn 0.935276389 0.352991104 -0.0255993549
vn 0.980786979 0.188297495 0.0509993248
vn 0.992326617 -0.11520309 0.0449012034
vn 0.0926988125 -0.0202997401 0.995487213
vn 0.100000404 -0.0191000775 0.994804025
vn 0.883141577 0.469022095 -0.00890041888
vn 0.611482382 -0.298291415 -0.732878923
vn 0.70002991 -0.495721191 -0.514021993
vn 0.763325393 0.645021439 -0.0358011909
vn 0.947771251 0.31839034 -0.0188994277
vn 0.883141577 0.469022095 -0.00890041888
vn 0.611482382 -0.298291415 -0.732878923
vn 0.568812966 0.789417982 -0.230805263
vn 0.962797701 -0.15069963 0.224299461
vn 0.845024168 -0.472313523 0.250707179
vn 0.420377463 0.0736960471 -0.904351532
vn 0.935848236 -0.337317377 -0.102005258
vn 0.815614045 -0.391306758 -0.426207364
vn 0.945329189 -0.204406306 -0.254107833
vn 0.784535885 -0.10500481 -0.611127973
vn 0.963826776 0.0724020079 -0.256507128
vn 0.502788842 -0.814881921 0.288393587
vn 0.855809033 -0.173001826 0.487505138
vn 0.974021375 -0.115302533 -0.194904283
vn 0.332813203 -0.0293011628 -0.942537427
vn 0.242485777 0.460772961 -0.853749931
vn 0.43309015 0.518788218 -0.737083256
vn 0.181002676 0.914513469 -0.36180535
vn 0.420377463 0.0736960471 -0.904351532
vn 0.863670647 0.0397986472 -0.502482951
vn 0.784535885 -0.10500481 -0.611127973
vn 0.103003502 0.991033673 -0.0851028934
vn 0.46790722 0.671310365 -0.574808896
vn 0.517968237 -0.569165111 0.638560832
vn 0.848814249 0.199003339 -0.489808202
vn 0.963826776 0.0724020079 -0.256507128
vn 0.863670647 0.0397986472 -0.502482951
vn 0.918169916 0.233192354 0.320289493
vn 0.588220239 -0.147005051 -0.795227349
vn 0.588220239 -0.147005051 -0.795227349
vn 0.943578184 0.312592775 0.109297477
vn 0.791656017 0.610966086 -0.00109993888
vn 0.914800584 0.403900266 0.00210000132
vn 0.824678242 0.565585077 -0.00439988403
vn 0.784535885 -0.10500481 -0.611127973
vn 0.48471573 0.207806751 -0.849627554
vn 0.883141577 0.469022095 -0.00890041888
vn 0.947771251 0.31839034 -0.0188994277
vn 0.848814249 0.199003339 -0.489808202
vn 0.357482821 0.929055333 0.0951954275
vn 0.823379576 0.567485929 -0.00239994051
vn 0.914800584 0.403900266 0.00210000132
vn 0.791656017 0.610966086 -0.00109993888
vn 0.291090101 -0.948067725 0.128195643
vn 0.48471573 0.207806751 -0.849627554
vn 0.847900093 0.405600041 -0.341400057
vn 0.701810062 -0.184302643 -0.688109875
vn 0.503687799 -0.605385303 -0.616285026
vn 0.580720246 0.0278009698 -0.813628376
vn 0.56238997 0.296494722 -0.77188623
vn 0.727409184 0.481606066 -0.488806158
vn 0.824000955 0.554100633 -0.118300132
vn 0.800020278 0.0520013198 -0.597715139
vn 0.655990362 -0.557591796 -0.508692503
vn 0.70830977 -0.644208848 -0.288603961
vn 0.419891268 -0.330693126 -0.845182419
vn 0.598928213 0.711333513 -0.367817342
vn 0.800020278 0.0520013198 -0.597715139
vn 0.580720246 0.0278009698 -0.813628376
vn 0.70830977 -0.644208848 -0.288603961
vn 0.419891268 -0.330693126 -0.845182419
vn 0.1067973 -0.829179049 -0.548686147
vn 0.419891268 -0.330693126 -0.845182419
vn 0.349990696 -0.493886858 -0.795978844
vn 0.1067973 -0.829179049 -0.548686147
vn 0.349990696 -0.493886858 -0.795978844
vn 0.0310999956 -0.999299824 0.0207999963
vn 0.824000955 0.554100633 -0.118300132
vn 0.598928213 0.711333513 -0.367817342
vn 0.568812966 0.789417982 -0.230805263
vn 0.902086556 0.165897533 -0.398394078
vn 0.847900093 0.405600041 -0.341400057
vn 0.81332773 0.581719816 -0.0100003416
vn 0.738119423 0.674617767 -0.00840022136
vn 0.349990696 -0.493886858 -0.795978844
vn 0.56238997 0.296494722 -0.77188623
vn 0.68861866 0.72511965 -0.00240006507
vn 0.92383033 -0.379212439 0.0523017161
vn -0.982272387 0.18429482 0.0342990346
vn -0.938117146 0.346206307 0.00880016107
vn -0.944708824 0.261002421 0.198501855
vn -0.483901352 0.546001494 0.683901906
vn -0.744982183 0.399690419 0.534087181
vn -0.142402619 0.761513948 0.632311583
vn -0.217005804 0.0718019232 0.973526061
vn -0.0153003037 0.776515424 0.629912496
vn -0.938117146 0.346206307 0.00880016107
vn 0.128696203 -0.144695729 0.981071055
vn -0.0930035189 0.994837582 -0.0406015329
vn -0.742698073 0.596898437 0.303499222
vn -0.0930035189 0.994837582 -0.0406015329
vn -0.685808957 0.153502002 0.71140933
vn -0.982272387 0.18429482 0.0342990346
vn -0.944708824 0.261002421 0.198501855
vn -0.938117146 0.346206307 0.00880016107
vn 0.977935374 -0.20890756 -0.000100003621
vn 0.973687232 -0.225997046 -0.0292996168
vn -0.294105947 0.803416193 0.517710447
vn -0.217005804 0.0718019232 0.973526061
vn -0.142402619 0.761513948 0.632311583
vn -0.491497189 0.303198278 0.816395342
vn 0.282708198 -0.957927823 -0.0495014377
vn 0.233402118 -0.938808501 -0.253302306
vn -0.484286666 -0.373289734 0.791278183
vn 0.99966675 -0.0251991618 0.005599814
vn 0.986080527 0.16599673 -0.0094998125
vn 0.999862432 -0.013799482 -0.00919965468
vn 0.309802711 -0.11510101 0.943808258
vn -0.420420557 0.479723454 0.770137608
vn 0.278202593 0.139701292 0.9503088
vn -0.0679025501 0.203407645 0.976736724
vn -0.993033707 0.109103709 0.0445015132
vn -0.541811347 0.532111168 0.650613666
vn -0.944708824 0.261002421 0.198501855
vn -0.485376269 0.392080814 0.781461775
vn -0.986023605 0.143703431 -0.0843020156
vn -0.993033707 0.109103709 0.0445015132
vn -0.995449722 0.0285985563 0.0908954069
vn -0.47330603 0.0783009976 0.877411187
vn -0.297390461 -0.301590323 0.905870974
vn -0.594412386 -0.015200316 0.804016709
vn -0.600419879 -0.45601511 0.656921744
vn -0.726024985 -0.53061825 0.437415063
vn 0.033800479 0.819411635 0.572208107
vn -0.629433572 0.471925199 0.617332935
vn -0.283813447 0.830539286 -0.479222685
vn -0.997506797 -0.0316002145 0.0631004274
vn -0.471602291 0.552702665 -0.687103331
vn -0.634102046 0.214500695 0.742902398
vn -0.765028596 -0.312811702 0.562921047
vn -0.756379843 -0.358590424 -0.547085404
vn -0.726024985 -0.53061825 0.437415063
vn -0.765028596 -0.312811702 0.562921047
vn -0.736200809 0.323200345 -0.594600618
vn -0.935017109 0.294105381 -0.198103622
vn -0.165700719 0.983904302 0.0669002905
vn -0.165700719 0.983904302 0.0669002905
vn 0.189398408 0.0145998774 0.981791794
vn 0.367007285 -0.130502596 0.921018302
vn 0.0893981382 -0.0648986474 0.993879318
vn 0.00310007506 0.267606467 0.963523328
vn -0.953154922 0.302185714 0.0133993663
vn -0.957088888 0.289096653 -0.0200997666
vn -0.986023605 0.143703431 -0.0843020156
vn -0.271014571 -0.108405828 0.956451416
vn -0.285192728 -0.0274992995 0.958075643
vn 0.0203006081 0.0559016727 0.998229861
vn -0.837802231 0.406301081 0.364700973
vn -0.99779588 0.0655997321 0.0099999588
vn 0.162600219 0.986501276 0.0194000248
vn 0.832302749 0.514901698 -0.205300674
vn -0.686209917 0.0496007167 0.725710511
vn 0.763325393 0.645021439 -0.0358011909
vn -0.865377247 0.281492591 -0.414589107
vn 0.291090101 -0.948067725 0.128195643
vn -0.704372287 -0.700072467 0.117295384
vn 0.282708198 -0.957927823 -0.0495014377
vn 0.332589239 -0.942469537 -0.033698909
vn -0.54747647 -0.819164813 -0.170992658
vn -0.387415767 -0.893136322 -0.228509292
vn -0.893522978 -0.443511426 -0.070101805
vn 0.955441892 -0.292812854 -0.0373016372
vn -0.982272387 0.18429482 0.0342990346
vn -0.957088888 0.289096653 -0.0200997666
vn -0.982168555 0.184994072 0.033498928
vn 0.167596653 -0.922281563 0.348293036
vn 0.502788842 -0.814881921 0.288393587
vn 0.312908679 -0.834623158 0.453312576
vn -0.99779588 0.0655997321 0.0099999588
vn -0.254495561 0.776386499 -0.576590002
vn -0.918788671 0.302096277 -0.254096866
vn -0.798242748 0.0727038905 -0.597931981
vn 0.152703285 0.0837017968 0.984721124
vn -0.151693955 0.421683192 0.89396435
vn -0.101700097 0.485500485 0.868300855
vn 0.883686662 0.0332994983 0.466892958
vn 0.85799849 0.19179967 0.47649917
vn 0.883686662 0.0332994983 0.466892958
vn 0.986545622 -0.163007542 0.0125005785
vn -0.99587369 0.0679982007 0.0600984134
vn -0.991027415 -0.131203622 0.0255007055
vn -0.996918619 -0.078301467 -0.00470008794
vn 0.312908679 -0.834623158 0.453312576
vn -0.104797907 -0.855082929 0.50778985
vn -0.294498414 -0.144299224 0.944694877
vn 0.982570529 -0.101096965 -0.155995324
vn 0.126899853 -0.0376999564 0.991198838
vn -0.294498414 -0.144299224 0.944694877
vn -0.23480387 0.60600996 0.760012507
vn 0.997252703 0.0730965286 -0.0119994311
vn 0.332589239 -0.942469537 -0.033698909
vn 0.110102125 0.00150002888 0.993919134
vn 0.999176621 -0.0383991003 -0.0130996937
vn 0.85799849 0.19179967 0.47649917
vn -0.997843802 0.0636027902 0.0162007101
vn -0.982168555 0.184994072 0.033498928
vn -0.99892813 0.03130088 0.0341009609
vn 0.167596653 -0.922281563 0.348293036
vn 0.502788842 -0.814881921 0.288393587
vn 0.517968237 -0.569165111 0.638560832
vn -0.389698893 -0.0090999743 0.920897365
vn -0.104797907 -0.855082929 0.50778985
vn 0.503687799 -0.605385303 -0.616285026
vn 0.996875226 0.0401990004 -0.0679983124
vn -0.389698893 -0.0090999743 0.920897365
vn 0.996875226 0.0401990004 -0.0679983124
vn 0.997252703 0.0730965286 -0.0119994311
vn 0.982551336 0.18479085 -0.0210989546
vn -0.488122553 -0.35201627 0.798636913
vn -0.0723971501 0.997360706 -0.00549978344
vn -0.0617991425 0.997986138 -0.0142998016
vn -0.635209024 -0.145502076 0.758510768
vn 0.357482821 0.929055333 0.0951954275
vn 0.943578184 0.312592775 0.109297477
vn -0.748935997 -0.140706763 0.647531092
vn -0.970727921 0.0661019012 -0.230906636
vn -0.748935997 -0.140706763 0.647531092
vn -0.837802231 0.406301081 0.364700973
vn -0.635209024 -0.145502076 0.758510768
vn -0.85309273 -0.516795576 0.07179939
vn -0.656428397 -0.0922039896 0.748732388
vn -0.713589668 -0.361994743 0.599791288
vn -0.669081986 -0.142596155 0.72938031
vn -0.776422739 -0.619218111 0.117203429
vn -0.501811922 -0.386109173 0.774018407
vn -0.682697892 0.719097793 -0.129699603
vn -0.776422739 -0.619218111 0.117203429
vn -0.669081986 -0.142596155 0.72938031
vn -0.464424103 0.10090524 0.879845679
vn -0.719326735 0.241008952 -0.651524186
vn -0.0628999323 0.997398913 0.0351999626
vn -0.464424103 0.10090524 0.879845679
vn 0.65639776 0.636297882 0.40529862
vn 0.918169916 0.233192354 0.320289493
vn -0.032398995 0.0317990147 0.998969018
vn -0.383079559 0.291684419 0.876453221
vn -0.725484014 0.574687362 -0.378691673
vn -0.383079559 0.291684419 0.876453221
vn -0.625005066 -0.356802911 0.694305658
vn 0.997252703 0.0730965286 -0.0119994311
vn 0.999862432 -0.013799482 -0.00919965468
vn 0.986080527 0.16599673 -0.0094998125
vn 0.987375796 0.158296123 -0.0055998629
vn -0.9066751 -0.339990646 0.24969314
vn -0.344806612 -0.37750724 0.859416485
vn -0.580523968 0.801533103 0.143305913
vn 0.965844333 0.259111881 0.00240011024
vn -0.455317855 0.50211972 -0.735228837
vn 0.974021375 -0.115302533 -0.194904283
vn 0.964776874 0.194895327 -0.176695764
vn -0.733000934 -0.405700505 -0.546000659
vn -0.600419879 -0.45601511 0.656921744
vn 0.970419526 0.206604153 -0.124902517
vn 0.0985959172 -0.0116995154 0.995058775
vn -0.972812057 -0.225402787 0.0532006584
vn 0.964776874 0.194895327 -0.176695764
vn 0.654396296 0.528696954 -0.540596902
vn 0.428494096 0.893687665 0.13309817
vn -0.862793088 0.107499138 0.493996024
vn -0.652990937 0.0812988728 0.75298959
vn -0.383079559 0.291684419 0.876453221
vn -0.652990937 0.0812988728 0.75298959
vn -0.46258688 -0.0265992451 0.886174858
vn -0.993875206 0.048498787 -0.0992975235
vn -0.674200773 -0.305500358 0.672400773
vn -0.954088271 -0.298996329 0.0177997798
vn -0.765028596 -0.312811702 0.562921047
vn -0.985204101 -0.0153000643 -0.170700714
vn -0.993875206 0.048498787 -0.0992975235
vn -0.76038754 -0.268895596 -0.591190279
vn -0.46258688 -0.0265992451 0.886174858
vn -0.297390461 -0.301590323 0.905870974
vn -0.953507483 -0.29990235 0.0297002327
vn 0.982551336 0.18479085 -0.0210989546
vn -0.622121036 -0.371212572 -0.689323306
vn -0.652990937 0.0812988728 0.75298959
vn 0.847900093 0.405600041 -0.341400057
vn -0.927176178 -0.369290531 0.0629983842
vn -0.946313918 -0.322604746 0.0204003006
vn 0.974021375 -0.115302533 -0.194904283
vn -0.904284894 -0.42679289 0.0107998196
vn 0.125400066 -0.989800513 -0.0676000342
vn -0.745618999 -0.392910004 0.53821373
vn 0.233402118 -0.938808501 -0.253302306
vn 0.655990362 -0.557591796 -0.508692503
vn -0.487775624 -0.861556947 0.140692979
vn 0.503687799 -0.605385303 -0.616285026
vn -0.161198631 -0.306897372 0.937991977
vn -0.050001584 -0.720622838 0.691521943
vn -0.361087173 0.88186866 0.303189218
vn -0.488122553 -0.35201627 0.798636913
vn -0.906448424 0.408821821 0.105905652
vn -0.427711278 0.855722606 0.291207671
vn -0.643409848 0.412606329 0.644809902
vn 0.428494096 0.893687665 0.13309817
vn -0.90039897 -0.161699817 0.40389955
vn -0.240888566 -0.639969647 0.729665399
vn -0.668097913 -0.179499432 0.722097754
vn -0.668097913 -0.179499432 0.722097754
vn -0.9968642 -0.0523981191 0.0592978708
vn -0.90039897 -0.161699817 0.40389955
vn -0.050001584 -0.720622838 0.691521943
vn -0.161198631 -0.306897372 0.937991977
vn -0.15359439 -0.840069294 0.520281017
vn -0.0226005279 -0.703216374 0.710616589
vn -0.180205196 -0.45851323 0.870225072
vn -0.745618999 -0.392910004 0.53821373
vn -0.191503793 0.0871017203 0.97761935
vn -0.92798388 -0.012999774 0.372393519
vn -0.565755963 -0.71934402 0.403068632
vn -0.685808957 0.153502002 0.71140933
vn -0.92798388 -0.012999774 0.372393519
vn -0.185003161 0.744212687 0.641810954
vn 0.974526823 -0.105502903 0.197905451
vn 0.980786979 0.188297495 0.0509993248
vn -0.191503793 0.0871017203 0.97761935
vn 0.573906481 0.457205176 0.679407656
vn -0.0226005279 -0.703216374 0.710616589
vn 0.573906481 0.457205176 0.679407656
vn 0.573906481 0.457205176 0.679407656
vn 0.428494096 0.893687665 0.13309817
vn -0.185003161 0.744212687 0.641810954
vn -0.491497189 0.303198278 0.816395342
vn -0.454103231 0.845906019 0.279702008
vn -0.668097913 -0.179499432 0.722097754
vn -0.217005804 0.0718019232 0.973526061
vn -0.409594387 -0.722490072 0.556992352
vn -0.421117991 -0.631626964 0.650927782
vn -0.491497189 0.303198278 0.816395342
vn -0.655736744 -0.752842188 0.0569031872
vn -0.25629136 -0.421885788 0.869670689
vn 0.543201923 0.83950299 -0.0129000461
vn -0.421117991 -0.631626964 0.650927782
vn 0.103003502 0.991033673 -0.0851028934
vn -0.541811347 0.532111168 0.650613666
vn -0.294105947 0.803416193 0.517710447
vn 0.953805983 -0.297401875 0.0425002649
vn -0.485376269 0.392080814 0.781461775
vn 0.0703986511 0.0724986047 0.994880915
vn -0.541811347 0.532111168 0.650613666
vn -0.47330603 0.0783009976 0.877411187
vn -0.642810225 0.60850966 -0.465307415
vn 0.325506091 0.632311821 -0.703013182
vn 0.325506091 0.632311821 -0.703013182
vn -0.420420557 0.479723454 0.770137608
vn -0.642810225 0.60850966 -0.465307415
vn -0.283813447 0.830539286 -0.479222685
vn 0.325506091 0.632311821 -0.703013182
vn -0.471602291 0.552702665 -0.687103331
vn -0.736200809 0.323200345 -0.594600618
vn -0.865377247 0.281492591 -0.414589107
vn -0.935017109 0.294105381 -0.198103622
vn -0.767063439 -0.639869511 -0.046697773
vn 0.312908679 -0.834623158 0.453312576
vn -0.46408385 -0.581979752 -0.667776763
vn -0.285192728 -0.0274992995 0.958075643
vn -0.893522978 -0.443511426 -0.070101805
vn -0.285192728 -0.0274992995 0.958075643
vn -0.46408385 -0.581979752 -0.667776763
vn -0.810723841 -0.476213992 0.340510011
vn -0.54747647 -0.819164813 -0.170992658
vn -0.97937268 -0.0103997104 0.201794371
vn -0.798242748 0.0727038905 -0.597931981
vn -0.72610122 0.137000233 0.673801124
vn -0.656428397 -0.0922039896 0.748732388
vn -0.298494458 -0.149797231 0.942582548
vn -0.713589668 -0.361994743 0.599791288
vn -0.977832198 -0.154705092 -0.141104653
vn -0.669081986 -0.142596155 0.72938031
vn -0.0631018206 0.0543015637 0.996528745
vn -0.501811922 -0.386109173 0.774018407
vn -0.484607816 -0.044200711 -0.873614073
vn -0.46408385 -0.581979752 -0.667776763
vn -0.893522978 -0.443511426 -0.070101805
vn -0.625005066 -0.356802911 0.694305658
vn -0.674200773 -0.305500358 0.672400773
vn -0.190303788 -0.196203917 0.961919188
vn -0.0617991425 0.997986138 -0.0142998016
vn 0.162600219 0.986501276 0.0194000248
vn -0.677313149 0.730814219 -0.0846016482
vn -0.0723971501 0.997360706 -0.00549978344
vn -0.484607816 -0.044200711 -0.873614073
vn -0.725484014 0.574687362 -0.378691673
vn -0.580523968 0.801533103 0.143305913
vn -0.455317855 0.50211972 -0.735228837
vn -0.580523968 0.801533103 0.143305913
vn -0.725484014 0.574687362 -0.378691673
vn -0.756379843 -0.358590424 -0.547085404
vn -0.76038754 -0.268895596 -0.591190279
vn -0.590219259 0.0405013226 -0.806226313
vn -0.622121036 -0.371212572 -0.689323306
vn -0.959376335 -0.207094893 0.191595271
vn -0.682697892 0.719097793 -0.129699603
vn -0.970740438 0.178607434 -0.160506681
vn -0.985204101 -0.0153000643 -0.170700714
vn -0.643409848 0.412606329 0.644809902
vn -0.427711278 0.855722606 0.291207671
vn -0.777303338 0.397301704 0.487802088
vn -0.777303338 0.397301704 0.487802088
vn -0.993875206 0.048498787 -0.0992975235
vn -0.906448424 0.408821821 0.105905652
vn -0.745618999 -0.392910004 0.53821373
vn -0.959376335 -0.207094893 0.191595271
vn -0.733000934 -0.405700505 -0.546000659
vn -0.92798388 -0.012999774 0.372393519
vn 0.557794809 -0.483795494 0.674393713
vn 0.152703285 0.0837017968 0.984721124
vn 0.557794809 -0.483795494 0.674393713
vn -0.886580586 0.447690189 0.116397448
vn 0.974526823 -0.105502903 0.197905451
vn -0.180205196 -0.45851323 0.870225072
vn -0.454103231 0.845906019 0.279702008
vn -0.25629136 -0.421885788 0.869670689
vn 0.141500488 -0.124300428 0.982103348
vn -0.744982183 0.399690419 0.534087181
vn -0.483901352 0.546001494 0.683901906
vn -0.99786216 0.0652975291 -0.00269989762
vn -0.704372287 -0.700072467 0.117295384
vn -0.767063439 -0.639869511 -0.046697773
vn -0.810723841 -0.476213992 0.340510011
vn -0.639988005 0.270794928 -0.719086528
vn -0.363208532 0.319207519 -0.875320554
vn -0.639988005 0.270794928 -0.719086528
vn -0.594412386 -0.015200316 0.804016709
vn -0.750614762 0.101401992 -0.652912796
vn -0.978248 0.20731017 0.00730035827
vn -0.611310005 -0.146502405 -0.777712762
vn -0.684086978 -0.13019751 -0.717686296
vn -0.99786216 0.0652975291 -0.00269989762
vn -0.590219259 0.0405013226 -0.806226313
vn -0.684086978 -0.13019751 -0.717686296
vn -0.99786216 0.0652975291 -0.00269989762
vn -0.978248 0.20731017 0.00730035827
vn -0.970740438 0.178607434 -0.160506681
vn -0.529493093 -0.34679547 0.774189889
vn -0.529493093 -0.34679547 0.774189889
vn -0.412290305 -0.58468622 0.69868356
vn -0.289500654 -0.209800467 0.933902085
vn -0.529493093 -0.34679547 0.774189889
vn -0.63759011 -0.141397804 0.757288277
vn -0.769505441 0.524403691 -0.364502579
vn -0.527222991 0.471020579 -0.707230866
vn -0.900924921 0.292808086 -0.320308864
vn -0.955987334 0.25369665 0.147398055
vn -0.839375436 -0.0484985784 -0.541384161
vn -0.795491278 0.409895509 0.446295112
vn -0.888137877 0.459119588 0.0205008741
vn -0.976429403 0.0323009714 -0.213406429
vn -0.976429403 0.0323009714 -0.213406429
vn -0.839375436 -0.0484985784 -0.541384161
vn -0.976429403 0.0323009714 -0.213406429
vn -0.976429403 0.0323009714 -0.213406429
vn -0.983983874 -0.16879724 0.0572990626
vn -0.861134708 -0.255310267 -0.439617693
vn -0.684086978 -0.13019751 -0.717686296
vn -0.983983874 -0.16879724 0.0572990626
vn -0.654175103 0.225091442 0.722072542
vn -0.795491278 0.409895509 0.446295112
vn -0.870972633 0.0834973752 0.484184772
vn -0.849473 -0.325089663 0.41558677
vn -0.849473 -0.325089663 0.41558677
vn -0.888137877 0.459119588 0.0205008741
vn -0.955987334 0.25369665 0.147398055
vn -0.955987334 0.25369665 0.147398055
vn -0.870972633 0.0834973752 0.484184772
vn -0.870972633 0.0834973752 0.484184772
vn -0.653715253 -0.756717622 0.00590013759
vn -0.209102243 -0.157601684 0.965110362
vn -0.57299763 -0.743496895 0.344798565
vn -0.0635978207 -0.248791456 0.966466844
vn -0.527596414 -0.849494159 0.00129999104
vn -0.690668225 -0.722766757 0.0241988879
vn -0.452398747 -0.858297646 0.242199332
vn 0.269697577 0.41549626 0.86869216
vn 0.187603459 0.375306904 0.907716751
vn 0.916565299 0.39988485 0.000399984856
vn 0.822386622 0.224896342 0.522591472
vn 0.855273008 0.442586035 0.269491494
vn -0.293607056 -0.955922961 -0.00250006001
vn -0.0807029977 -0.0245009102 -0.996437013
vn -0.187192559 -0.218291312 -0.957761884
vn -0.283906907 -0.480411679 -0.829820156
vn -0.865615368 -0.452008009 -0.215403825
vn -0.892872989 -0.311390579 -0.325290173
vn -0.961168289 -0.275890917 -0.00629979232
vn -0.960360765 0.278488636 -0.0122994976
vn -0.989919305 0.141602769 -0.00290005654
vn -0.959262848 0.282289058 0.0112995626
vn -0.412604481 -0.910909951 0.000800008711
vn -0.91611588 0.40090695 0.00230003987
vn 0.531611204 0.458409637 0.712214947
vn 0.0135999033 0.0471996628 0.998792887
vn 0.450582534 0.566978037 0.689573288
vn -0.999657333 -0.0258988943 -0.00379983778
vn -0.937325716 -0.104202859 -0.3325091
vn -0.0741976872 -0.997168958 -0.0121996198
vn 0.549723625 0.714230716 0.433218628
vn 0.618400693 0.785100877 0.0346000381
vn 0.685199678 0.701599658 0.195599899
vn 0.549723625 0.714230716 0.433218628
vn 0.450582534 0.566978037 0.689573288
vn -0.467923671 -0.297915071 0.832042098
vn 0.265090019 0.183693081 0.946564376
vn -0.466278613 -0.110894911 0.877659738
vn -0.478211492 -0.467911243 -0.743217885
vn -0.805224776 -0.560817242 -0.192605928
vn -0.580313265 -0.805518389 -0.119902737
vn 0.531611204 0.458409637 0.712214947
vn -0.893723726 -0.448611915 -0.00230006105
vn -0.413010925 0.00190005021 -0.910724103
vn -0.105303355 0.0858027339 -0.990731597
vn -0.807423353 0.252907306 -0.53301543
vn -0.400714874 -0.891833127 -0.2099078
vn -0.706809819 -0.707009852 0.0236003287
vn -0.783105135 -0.621804059 0.0103000673
vn -0.878218055 -0.478109837 0.0120002469
vn -0.400998861 0.14949958 0.903797448
vn -0.690621495 0.113703541 0.714222252
vn 0.28600803 0.000800022448 0.95822686
vn 0.593003511 -0.0218001287 0.804904699
vn -0.777628899 -0.628723383 0.000400014891
vn -0.960866332 -0.276490301 0.0169994049
vn 0.344801784 -0.152500778 0.926204741
vn -0.941363156 0.282288939 -0.184792772
vn -0.716512918 -0.492708862 0.493808895
vn -0.814698875 -0.56539923 -0.128799826
vn -0.00340007548 -0.0484010763 -0.998822212
vn -0.658171713 -0.286387712 -0.696270108
vn -0.690668225 -0.722766757 0.0241988879
vn -0.653715253 -0.756717622 0.00590013759
vn -0.499693662 0.384695113 -0.776090145
vn -0.0461977422 0.0236988403 -0.998651147
vn -0.388798714 -0.200699344 -0.899197042
vn -0.00340007548 -0.0484010763 -0.998822212
vn -0.0807029977 -0.0245009102 -0.996437013
vn -0.0612984225 0.0477987677 0.996974289
vn -0.700788558 0.434092909 -0.566090763
vn 0.685291409 0.479093969 0.548493087
vn -0.367399216 -0.671798587 -0.643198609
vn -0.228300229 -0.943900943 0.238600224
vn -0.721321285 0.39601171 0.568216801
vn 0.614803374 -0.256501406 0.745804131
vn -0.921824157 -0.377809882 -0.0866022706
vn -0.0429980978 -0.226089999 0.973156989
vn 0.202898204 0.617694497 0.759793282
vn 0.320693135 0.139997005 0.936779976
vn -0.255504638 -0.0734013319 -0.964017451
vn -0.658171713 -0.286387712 -0.696270108
vn -0.706809819 -0.707009852 0.0236003287
vn 0.455502927 0.889405727 0.0384002477
vn -0.260797262 -0.0797991604 0.962089837
vn -0.987671793 -0.153295621 0.0316990949
vn -0.805224776 -0.560817242 -0.192605928
vn -0.505998552 -0.665998161 -0.548098445
vn -0.187192559 -0.218291312 -0.957761884
vn 0.94023937 0.340114236 0.016500691
vn -0.892872989 -0.311390579 -0.325290173
vn -0.987894356 -0.154799119 0.0100999419
vn 0.282003462 0.868710637 0.407204986
vn 0.269697577 0.41549626 0.86869216
vn 0.187603459 0.375306904 0.907716751
vn 0.202898204 0.617694497 0.759793282
vn -0.991107106 0.132100955 -0.0160001144
vn -0.999410748 -0.0316003412 0.0134001439
vn 0.320693135 0.139997005 0.936779976
vn 0.685291409 0.479093969 0.548493087
vn 0.970045626 0.222010434 0.0986046344
vn 0.320693135 0.139997005 0.936779976
vn 0.618215263 0.0944023281 0.780319214
vn 0.968157649 0.0997956395 0.229589969
vn 0.618215263 0.0944023281 0.780319214
vn -0.977932632 -0.0533017777 0.202006742
vn -0.955390751 0.295297146 -0.00529994862
vn -0.963995337 0.265798718 0.00799996126
vn -0.953883588 0.0789986402 -0.289595038
vn -0.327393144 -0.04969896 -0.94358027
vn 0.85861516 0.0107001886 0.512509048
vn 0.85861516 0.0107001886 0.512509048
vn 0.593003511 -0.0218001287 0.804904699
vn 0.925050199 -0.12729314 0.357880741
vn 0.925050199 -0.12729314 0.357880741
vn -0.953883588 0.0789986402 -0.289595038
vn -0.413010925 0.00190005021 -0.910724103
vn -0.807423353 0.252907306 -0.53301543
vn 0.614803374 -0.256501406 0.745804131
vn 0.954844654 -0.287113428 0.0764035732
vn 0.614803374 -0.256501406 0.745804131
vn 0.954844654 -0.287113428 0.0764035732
vn 0.86622113 -0.44321081 0.230705634
vn 0.925050199 -0.12729314 0.357880741
vn -0.997766495 0.0667977557 0.000199993287
vn 0.513311923 -0.281506538 0.810718775
vn -0.97779423 0.208398774 -0.0220998693
vn -0.835621953 0.226950586 0.500229299
vn -0.695106864 0.675506651 0.246002421
vn 0.922653496 -0.378580928 0.0733963028
vn -0.695106864 0.675506651 0.246002421
vn -0.376592278 -0.925181031 -0.0470990352
vn -0.835621953 0.226950586 0.500229299
vn -0.835621953 0.226950586 0.500229299
vn -0.960360765 0.278488636 -0.0122994976
vn -0.376592278 -0.925181031 -0.0470990352
vn -0.989919305 0.141602769 -0.00290005654
vn 0.970672905 -0.240293294 0.00729979621
vn 0.984487355 -0.175397754 0.00449994206
vn 0.96078521 -0.276695728 0.0181997195
vn 0.973865569 -0.225292027 0.0287989806
vn 0.945636034 -0.324112356 -0.0269010253
vn 0.916370213 -0.400286973 -0.00599980494
vn 0.96078521 -0.276695728 0.0181997195
vn 0.945636034 -0.324112356 -0.0269010253
vn -0.658171713 -0.286387712 -0.696270108
vn 0.993785441 -0.111098371 -0.00689989887
vn 0.999349415 0.0270986296 0.0237987954
vn 0.998991787 0.0447996333 -0.00289997621
vn 0.496198744 0.868197799 -0.0043999888
vn 0.332496911 0.942791224 0.0242997743
vn -0.0807029977 -0.0245009102 -0.996437013
vn 0.996578693 -0.0777983367 -0.0278994031
vn 0.996614873 -0.0756011233 0.0323004797
vn 0.547269344 0.836953104 -0.00239986554
vn 0.434197336 0.900294483 -0.0306998119
vn 0.842117488 0.534011066 0.0753015652
vn 0.904383779 0.42629236 -0.0190996584
vn 0.685291409 0.479093969 0.548493087
vn 0.842117488 0.534011066 0.0753015652
vn 0.832337976 0.553925276 -0.0195008889
vn 0.263508677 0.96393168 0.0374012291
vn -0.658171713 -0.286387712 -0.696270108
vn 0.663403571 0.373802006 0.648203492
vn 0.906082988 0.420592099 0.0459991358
vn 0.842117488 0.534011066 0.0753015652
vn 0.970672905 -0.240293294 0.00729979621
vn 0.96078521 -0.276695728 0.0181997195
vn -0.268891633 -0.963169992 0.000899971987
vn 0.156302258 0.987614274 0.0137001975
vn 0.591211855 0.80621618 -0.0220004413
vn 0.943596542 0.330398768 -0.0214999206
vn 0.983887494 0.177997738 -0.0167997871
vn 0.969706476 0.24360162 -0.0181001201
vn -0.653715253 -0.756717622 0.00590013759
vn 0.934205353 0.35670203 -0.004900028
vn 0.80292803 0.595920801 0.0136004752
vn 0.655617714 0.754520357 -0.0294007938
vn 0.611195505 0.789594173 -0.0545995981
vn 0.945039988 0.267211318 0.188407972
vn 0.738501728 0.673601568 0.0296000689
vn 0.80292803 0.595920801 0.0136004752
vn 0.904383779 0.42629236 -0.0190996584
vn 0.87721014 0.479805559 -0.0170001965
vn 0.906082988 0.420592099 0.0459991358
vn 0.796691597 0.604093611 0.0187998004
vn 0.854706228 0.518903792 -0.0147001073
vn 0.356110603 0.934127808 0.0243007224
vn 0.605898738 0.794998348 0.0293999389
vn -0.268891633 -0.963169992 0.000899971987
vn 0.977377415 0.211195126 0.0113997366
vn 0.725621283 0.68802017 0.0101002958
vn -0.412604481 -0.910909951 0.000800008711
vn -0.293607056 -0.955922961 -0.00250006001
vn -0.268891633 -0.963169992 0.000899971987
vn 0.252610564 0.967540503 0.00730030565
vn 0.577820063 0.176606119 0.796827614
vn 0.87721014 0.479805559 -0.0170001965
vn -0.805224776 -0.560817242 -0.192605928
vn -0.580313265 -0.805518389 -0.119902737
vn 0.752894402 0.658095121 -0.00779994205
vn -0.921824157 -0.377809882 -0.0866022706
vn -0.548016131 -0.0861025304 -0.832024455
vn -0.814698875 -0.56539923 -0.128799826
vn 0.661875963 0.174693644 0.728973508
vn 0.993376732 0.0941977948 0.0657984614
vn -0.354096383 -0.23349762 -0.905590773
vn -0.713155508 0.16928944 -0.680257559
vn -0.977932632 -0.0533017777 0.202006742
vn 0.854706228 0.518903792 -0.0147001073
vn 0.87721014 0.479805559 -0.0170001965
vn 0.806292355 0.236697748 0.542094827
vn 0.854706228 0.518903792 -0.0147001073
vn 0.832337976 0.553925276 -0.0195008889
vn -0.713155508 0.16928944 -0.680257559
vn -0.478211492 -0.467911243 -0.743217885
vn 0.981880009 -0.0324993394 0.186696202
vn 0.453509659 0.00760016171 0.89121896
vn 0.999048233 -0.0185008924 0.0395019054
vn -0.777628899 -0.628723383 0.000400014891
vn -0.783105135 -0.621804059 0.0103000673
vn -0.983524859 0.179404542 -0.0222005602
vn 0.757795393 0.652296066 0.015999902
vn 0.531611204 0.458409637 0.712214947
vn -0.283906907 -0.480411679 -0.829820156
vn 0.970905066 -0.144700751 0.190800995
vn 0.461093158 -0.192197144 0.866287112
vn -0.367399216 -0.671798587 -0.643198609
vn -0.199901879 -0.262102455 -0.944108844
vn -0.199901879 -0.262102455 -0.944108844
vn 0.0407016054 -0.0496019572 -0.997939408
vn 0.877175093 0.479986399 0.0132996226
vn 0.877175093 0.479986399 0.0132996226
vn -0.913901448 0.403900653 -0.0406000651
vn 0.904383779 0.42629236 -0.0190996584
vn 0.877175093 0.479986399 0.0132996226
vn -0.941363156 0.282288939 -0.184792772
vn 0.999573529 -0.00589984376 -0.0285992436
vn 0.251007497 0.950528383 0.183005467
vn -0.186902955 -0.979115486 -0.0800012648
vn -0.135005534 -0.72402972 -0.676427722
vn -0.771402895 0.590002179 -0.238400891
vn -0.771402895 0.590002179 -0.238400891
vn 0.0407016054 -0.0496019572 -0.997939408
vn 0.995645881 -0.0932042971 -0.00150006916
vn -0.548016131 -0.0861025304 -0.832024455
vn -0.987671793 -0.153295621 0.0316990949
vn 0.992825389 -0.104002662 0.0590015091
vn 0.970905066 -0.144700751 0.190800995
vn 0.543403208 -0.373702228 0.751704454
vn 0.900077105 -0.33209157 0.282092839
vn -0.255504638 -0.0734013319 -0.964017451
vn 0.970905066 -0.144700751 0.190800995
vn 0.951041758 0.239610523 -0.195208564
vn 0.995645881 -0.0932042971 -0.00150006916
vn -0.327393144 -0.04969896 -0.94358027
vn 0.951041758 0.239610523 -0.195208564
vn 0.995035768 0.0983035341 -0.0155005567
vn 0.925050199 -0.12729314 0.357880741
vn 0.954844654 -0.287113428 0.0764035732
vn 0.925050199 -0.12729314 0.357880741
vn -0.700788558 0.434092909 -0.566090763
vn 0.945636034 -0.324112356 -0.0269010253
vn 0.973865569 -0.225292027 0.0287989806
vn 0.663403571 0.373802006 0.648203492
vn 0.661875963 0.174693644 0.728973508
vn 0.461093158 -0.192197144 0.866287112
vn 0.543403208 -0.373702228 0.751704454
vn 0.970905066 -0.144700751 0.190800995
vn 0.315308571 0.0979026556 0.943925619
vn 0.806292355 0.236697748 0.542094827
vn 0.453509659 0.00760016171 0.89121896
vn 0.125905037 0.00230009179 0.992039621
vn 0.520673811 -0.11139439 0.846457362
vn 0.643595815 0.0575996265 0.763195038
vn 0.643595815 0.0575996265 0.763195038
vn 0.0841009468 0.916410327 0.391304404
vn 0.10809879 0.881890118 0.458894849
vn 0.00649976078 0.358086824 0.933665693
vn 0.656092465 -0.754591346 -0.0115998667
vn 0.567783773 -0.787477493 -0.239793152
vn 0.10809879 0.881890118 0.458894849
vn 0.0841009468 0.916410327 0.391304404
vn 0.168197274 0.984584033 0.0479992218
vn 0.10809879 0.881890118 0.458894849
vn 0.656092465 -0.754591346 -0.0115998667
vn 0.713105142 -0.67590487 -0.186101332
vn 0.713105142 -0.67590487 -0.186101332
vn 0.0588015839 -0.104102805 -0.99282676
vn 0.0514995717 -0.272797734 -0.960692048
vn 0.42189613 -0.824592412 -0.37689653
vn 0.255806178 -0.862920821 -0.435810536
vn 0.900283217 -0.434991866 0.0164996926
vn -0.147903979 0.643617332 0.750920236
vn -0.35600704 0.848516762 0.391507745
vn -0.276290298 0.926767468 0.254491061
vn -0.35600704 0.848516762 0.391507745
vn -0.147903979 0.643617332 0.750920236
vn -0.215495527 0.535188913 0.816783011
vn 0.136799574 -0.55739826 0.818897486
vn -0.0720017254 -0.540712953 0.838120103
vn -0.103902735 -0.982825875 0.152504012
vn 0.0182997175 0.0171997342 0.999684572
vn -0.133906513 0.959146678 0.249212131
vn -0.0741976872 -0.997168958 -0.0121996198
vn -0.186902955 -0.979115486 -0.0800012648
vn 0.276105076 -0.773414254 0.570610523
vn 0.421685487 -0.403386116 0.812072039
vn -0.147903979 0.643617332 0.750920236
vn -0.0814032778 0.940037906 0.331213355
vn -0.133906513 0.959146678 0.249212131
vn 0.438100576 -0.89690119 -0.060300082
vn -0.0741976872 -0.997168958 -0.0121996198
vn 0.137304828 -0.967133999 -0.214007527
vn 0.0130004799 -0.0924034119 -0.995636761
vn 0.116795577 -0.337187231 -0.934164643
vn -0.0654015169 0.116602696 0.991022944
vn 0.458111078 -0.404709786 0.791419148
vn 0.304003835 -0.317203999 -0.898311377
vn -0.507607698 0.806512237 0.303104609
vn -0.35600704 0.848516762 0.391507745
vn -0.215495527 0.535188913 0.816783011
vn -0.132298604 0.153898373 0.979189634
vn 0.518907189 -0.739210248 -0.429305941
vn 0.795252025 -0.571465552 -0.202487797
vn -0.358304441 0.515306354 0.778509617
vn -0.358304441 0.515306354 0.778509617
vn 0.304003835 -0.317203999 -0.898311377
vn 0.30649358 -0.319693297 -0.896581233
vn 0.0130004799 -0.0924034119 -0.995636761
vn -0.132298604 0.153898373 0.979189634
vn -0.687083125 0.59758532 0.413289875
vn -0.550600052 0.372800022 0.746900082
vn -0.0330008604 -0.841521919 -0.539214075
vn 0.31589061 -0.926672459 -0.203693956
vn 0.116795577 -0.337187231 -0.934164643
vn -0.0330008604 -0.841521919 -0.539214075
vn 0.0588015839 -0.104102805 -0.99282676
vn 0.583503664 -0.335202128 0.739704669
vn -0.736519456 0.574715137 0.356709421
vn -0.299303472 -0.932810783 -0.200702325
vn -0.597101092 0.737601399 0.315300584
vn -0.132898614 0.0812991485 0.987789631
vn -0.550600052 0.372800022 0.746900082
vn 0.768499196 -0.578499377 -0.273399711
vn -0.914307773 0.385603279 0.123901047
vn -0.905829608 0.294009596 0.305009961
vn -0.593008876 0.202903032 0.77921164
vn -0.874246538 0.485470325 -0.00339979213
vn -0.132898614 0.0812991485 0.987789631
vn 0.44878763 -0.0881975666 0.889275491
vn 0.943079054 -0.286193639 -0.169396237
vn -0.130694374 0.0739968121 0.988657415
vn -0.593008876 0.202903032 0.77921164
vn -0.966982603 0.151397273 0.204996318
vn -0.905829608 0.294009596 0.305009961
vn -0.593008876 0.202903032 0.77921164
vn -0.0140995281 -0.987466991 -0.157194749
vn -0.825008333 0.562505722 0.0543005504
vn -0.729191184 0.68429172 0.00499993982
vn -0.53858012 0.842568934 -0.00299988943
vn -0.486714214 0.873425484 0.0154004497
vn -0.410784096 0.911564708 0.0174993221
vn -0.908827722 0.416812718 0.0173005275
vn -0.884049594 0.466073424 0.0350979976
vn 0.00960040092 0.999041736 0.0427017845
vn -0.266501933 0.96340698 -0.0287002083
vn -0.410784096 0.911564708 0.0174993221
vn -0.103097916 0.993779898 0.042099148
vn -0.135005534 -0.72402972 -0.676427722
vn 0.0208992139 -0.130995065 -0.991162717
vn -0.00760005508 -0.602204382 -0.798305809
vn -0.00760005508 -0.602204382 -0.798305809
vn -0.135005534 -0.72402972 -0.676427722
vn -0.0140995281 -0.987466991 -0.157194749
vn 0.00649976078 0.358086824 0.933665693
vn -0.920427799 0.390911818 -0.000800024136
vn -0.103902735 -0.982825875 0.152504012
vn 0.0208992139 -0.130995065 -0.991162717
vn -0.979765534 0.199692979 0.0134995254
vn -0.961156905 0.274187714 -0.0315985829
vn -0.953283429 0.301694751 -0.0151997358
vn -0.874246538 0.485470325 -0.00339979213
vn -0.953283429 0.301694751 -0.0151997358
vn -0.920427799 0.390911818 -0.000800024136
vn -0.0140995281 -0.987466991 -0.157194749
vn -0.0741976872 -0.997168958 -0.0121996198
vn 0.30649358 -0.319693297 -0.896581233
vn 0.202802956 -0.122601785 -0.971514165
vn 0.518907189 -0.739210248 -0.429305941
vn -0.584103525 0.811404884 0.0211001262
vn 0.202802956 -0.122601785 -0.971514165
vn 0.314612389 -0.257110119 -0.913735986
vn -0.114600018 0.993200183 0.0205000043
vn -0.109999478 0.993895292 0.00849995948
vn 0.287291199 -0.083797425 -0.954170704
vn 0.795252025 -0.571465552 -0.202487797
vn -0.263995558 0.964483738 0.00879985187
vn 0.0971981883 -0.0128997592 -0.995181441
vn -0.230287984 0.9725492 0.0333982557
vn -0.263995558 0.964483738 0.00879985187
vn -0.370193362 0.92628336 -0.070398733
vn -0.258490652 0.964965165 -0.0449983738
vn 0.704304099 -0.431502491 -0.563703239
vn 0.314612389 -0.257110119 -0.913735986
vn 0.704304099 -0.431502491 -0.563703239
vn 0.768499196 -0.578499377 -0.273399711
vn 0.314612389 -0.257110119 -0.913735986
vn 0.287291199 -0.083797425 -0.954170704
vn 0.875134706 -0.426416904 -0.228709072
vn -0.789206088 0.614104748 0.00540004158
vn 0.31589061 -0.926672459 -0.203693956
vn 0.30649358 -0.319693297 -0.896581233
vn 0.139098659 -0.0394996181 -0.989490449
vn -0.299303472 -0.932810783 -0.200702325
vn 0.0514995717 -0.272797734 -0.960692048
vn -0.0711962581 -0.972148895 -0.223288253
vn 0.874294043 -0.485396683 9.99993135e-05
vn 0.971639991 -0.233309597 -0.038501583
vn -0.0711962581 -0.972148895 -0.223288253
vn 0.890579641 -0.217795029 -0.39929089
vn -0.447521985 0.893543899 0.0361017734
vn 0.139098659 -0.0394996181 -0.989490449
vn 0.704304099 -0.431502491 -0.563703239
vn 0.943079054 -0.286193639 -0.169396237
vn 0.437796444 -0.0120999021 -0.898992717
vn -0.979765534 0.199692979 0.0134995254
vn -0.526681781 0.849970639 -0.0124995681
vn -0.953283429 0.301694751 -0.0151997358
vn -0.874246538 0.485470325 -0.00339979213
vn 0.898479283 -0.141196743 -0.415690392
vn -0.619493723 0.783992052 0.0397995971
vn 0.890579641 -0.217795029 -0.39929089
vn 0.898479283 -0.141196743 -0.415690392
vn 0.973838866 -0.203608125 -0.100904025
vn 0.973838866 -0.203608125 -0.100904025
vn 0.30670172 -0.0338001885 -0.951205313
vn -0.263995558 0.964483738 0.00879985187
vn -0.410784096 0.911564708 0.0174993221
vn -0.905820131 0.422709405 -0.0284006316
vn -0.52270937 0.847915173 -0.0884015784
vn -0.549307585 0.466606468 0.693209589
vn -0.216401592 0.312302291 0.925006807
vn -0.738037109 0.24901253 -0.627131522
vn -0.958514333 0.283104241 -0.0332004949
vn -0.958514333 0.283104241 -0.0332004949
vn -0.894944966 0.403375179 0.190688267
vn -0.711940408 -0.00010000568 0.702239871
vn -0.894944966 0.403375179 0.190688267
vn 0.938849628 -0.335117728 -0.0791041851
vn -0.711940408 -0.00010000568 0.702239871
vn -0.711940408 -0.00010000568 0.702239871
vn -0.905820131 0.422709405 -0.0284006316
vn -0.894944966 0.403375179 0.190688267
vn -0.933792412 0.357797086 -0.00359997083
vn -0.933792412 0.357797086 -0.00359997083
vn -0.933792412 0.357797086 -0.00359997083
vn -0.955390751 0.295297146 -0.00529994862
vn -0.894944966 0.403375179 0.190688267
vn 0.30561024 -0.405213594 0.86162889
vn 0.169803575 -0.206404343 0.963620245
vn 0.38359791 0.923494995 0.00309998333
vn 0.222908765 0.974838316 -0.00140005501
vn -0.899927437 0.436013281 -0.00480014645
vn -0.490594685 0.868490636 -0.0709992349
vn -0.392791659 0.91958046 -0.00929980259
vn -0.568713665 0.822519779 0.00510012265
vn -0.625097394 0.764696836 -0.156499341
vn -0.499289274 0.708884776 -0.4981893
vn -0.472385794 0.881373465 -0.00569982827
vn -0.859506667 0.511003971 -0.0111000864
vn 0.222908765 0.974838316 -0.00140005501
vn 0.0397998653 0.999096572 -0.0148999486
vn 0.219497293 0.975588024 -0.00699991407
vn 0.219497293 0.975588024 -0.00699991407
vn 0.365209848 0.930925071 -0.00050001347
vn 0.222908765 0.974838316 -0.00140005501
vn -0.38839066 0.921477795 -0.00559986522
vn -0.339100003 0.87650001 -0.341700017
vn -0.221191779 0.974963784 -0.0227991529
vn -0.268392861 0.694381535 0.66768223
vn -0.566214442 0.824221075 -0.00780019909
vn -0.410274148 0.911942482 0.00599962194
vn 0.30561024 -0.405213594 0.86162889
vn 0.473816723 -0.659723282 0.583320558
vn 0.505083382 -0.834772587 0.219192803
vn -0.140799135 0.218198657 -0.96569401
vn -0.00139994791 0.259790331 -0.965664029
vn -0.499289274 0.708884776 -0.4981893
vn -0.21910049 0.975702226 0.000400000921
vn -0.21219261 0.196993142 -0.957166672
vn 0.325997144 -0.937491775 0.121798933
vn 0.185798302 -0.670793891 0.717993438
vn 0.336104989 -0.81221205 0.476807088
vn -0.00139994791 0.259790331 -0.965664029
vn -0.152596712 0.718684554 -0.678385437
vn 0.336104989 -0.81221205 0.476807088
vn 0.0445001572 -0.186200663 0.981503487
vn 0.185798302 -0.670793891 0.717993438
vn -0.808728993 0.587921083 -0.0175006278
vn -0.663176954 0.696075797 -0.275090456
vn -0.800944328 0.598733127 0.0026001439
vn -0.835188806 0.549792647 -0.0136998165
vn -0.873510003 0.486705571 0.00990011357
vn -0.699699223 0.714399219 -0.00739999162
vn 0.513311923 -0.281506538 0.810718775
vn -0.0598008335 0.441406161 0.895312488
vn 0.513311923 -0.281506538 0.810718775
vn 0.762799382 -0.513199568 0.393399686
vn 0.762799382 -0.513199568 0.393399686
vn -0.000700034259 0.201209843 0.979547918
vn -0.699699223 0.714399219 -0.00739999162
vn -0.202597499 0.927488565 -0.31419614
vn -0.00129998731 0.911591113 -0.411096007
vn -0.335802287 0.50690341 -0.793905377
vn -0.663176954 0.696075797 -0.275090456
vn -0.291906744 0.207704797 -0.933621526
vn 0.711695015 -0.688295186 0.140499011
vn 0.509897411 -0.504597485 0.69669652
vn 0.509897411 -0.504597485 0.69669652
vn 0.473816723 -0.659723282 0.583320558
vn -0.291906744 0.207704797 -0.933621526
vn -0.463120669 0.323014408 -0.825336874
vn 0.578434229 -0.810647964 0.0909053758
vn -0.335802287 0.50690341 -0.793905377
vn 0.12849769 0.991682172 0.00739986729
vn 0.0878022462 0.974624932 -0.205905274
vn 0.255107224 0.925026238 -0.281507999
vn -0.110102773 -0.861421704 0.495812505
vn -0.0148001574 -0.644206822 0.764708102
vn -0.0609028153 -0.960844398 0.270312488
vn 0.160594717 0.559281588 -0.813273251
vn -0.0475991331 0.310494363 -0.949382722
vn -0.172196716 0.684186935 -0.708686471
vn 0.160594717 0.559281588 -0.813273251
vn 0.218604237 0.949518442 -0.22500436
vn 0.128996357 0.472986639 -0.871575356
vn 0.259602368 -0.933008492 0.249202266
vn -0.0148001574 -0.644206822 0.764708102
vn -0.108404525 0.994041502 -0.0114004761
vn -0.0475991331 0.310494363 -0.949382722
vn -0.152596712 0.718684554 -0.678385437
vn -0.144391805 0.408976763 -0.901048839
vn -0.00100004638 0.999546349 -0.0301013961
vn -0.338916421 0.934445322 -0.1093053
vn 0.0154992808 -0.261587858 0.965055227
vn 0.106099918 0.609699547 0.785499394
vn 0.260908425 0.965331197 0.00790025573
vn 0.0154992808 -0.261587858 0.965055227
vn 0.00419991231 0.999979198 0.00489989808
vn -0.209306762 -0.977831602 0.00600019423
vn -0.158291906 -0.987149477 0.0218988787
vn -0.207503498 -0.978216469 0.00590009941
vn 0.219497293 0.975588024 -0.00699991407
vn -0.181010351 -0.980156064 0.0808046237
vn -0.158291906 -0.987149477 0.0218988787
vn -0.209306762 -0.977831602 0.00600019423
vn -0.899927437 0.436013281 -0.00480014645
vn -0.700788558 0.434092909 -0.566090763
vn -0.899927437 0.436013281 -0.00480014645
vn -0.859506667 0.511003971 -0.0111000864
vn 0.316607118 -0.74391675 0.588513255
vn 0.51910603 -0.805509388 0.285803318
vn 0.491617411 -0.870530784 0.022100782
vn 0.928222001 -0.371308804 0.0231005475
vn 0.841871858 -0.445985109 0.303889841
vn -0.52270937 0.847915173 -0.0884015784
vn 0.900077105 -0.33209157 0.282092839
vn 0.928222001 -0.371308804 0.0231005475
vn 0.0780969337 -0.996560931 0.0276989136
vn 0.253503501 -0.798711002 0.545707524
vn -0.0203995481 -0.671985149 0.740283608
vn 0.296796262 -0.915888488 0.270296603
vn -0.140799135 0.218198657 -0.96569401
vn 0.247396439 -0.968886077 -0.00739989383
vn 0.293787479 -0.955559313 0.024398962
vn 0.491617411 -0.870530784 0.022100782
vn 0.247396439 -0.968886077 -0.00739989383
vn -0.713882446 0.699982762 -0.0198995098
vn 0.296796262 -0.915888488 0.270296603
vn 0.845715821 -0.501309395 0.182903424
vn 0.481108427 -0.198403478 0.853914976
vn 0.722683012 -0.322392434 0.611385643
vn 0.855509281 -0.516105592 0.0417004526
vn 0.831971169 -0.554780781 -0.00649977475
vn 0.755075991 -0.653979242 0.0465985201
vn 0.187301844 -0.982209623 0.0135001326
vn -0.249996752 -0.951387644 0.179897666
vn -0.199890867 -0.850061178 0.487277746
vn 0.0268001836 -0.914806247 0.403002769
vn -0.51889354 -0.853989422 0.0380995274
vn -0.14989768 -0.843986928 0.514991999
vn 0.0517972857 -0.99804765 0.0348981693
vn 0.80980283 -0.586702049 -0.000200000708
vn 0.848896146 -0.528497577 -0.00809996296
vn 0.828080416 -0.560086787 -0.024199428
vn 0.51270324 -0.858405411 -0.016600104
vn 0.577899158 -0.816098869 0.00389999454
vn 0.475319415 -0.878635883 -0.045501858
vn -0.0185005739 -0.999531031 0.0244007576
vn -0.0994964764 -0.851769805 0.514381766
vn -0.0185005739 -0.999531031 0.0244007576
vn -0.0994964764 -0.851769805 0.514381766
vn -0.118894964 -0.991957963 0.0433981605
vn -0.448114574 -0.783925533 0.429713994
vn -0.258203298 -0.964912295 0.0477006063
vn 0.741411567 -0.670610487 -0.0243003797
vn 0.444411248 -0.895822704 -0.000600015221
vn 0.75785768 -0.64986372 -0.0576967783
vn 0.0517972857 -0.99804765 0.0348981693
vn 0.0780969337 -0.996560931 0.0276989136
vn -0.0185005739 -0.999531031 0.0244007576
vn -0.123995669 -0.991665363 0.0349987783
vn 0.444411248 -0.895822704 -0.000600015221
vn 0.475319415 -0.878635883 -0.045501858
vn 0.294701636 -0.954805315 -0.0387002155
vn 0.643568516 -0.765362561 -0.00629969174
vn 0.577899158 -0.816098869 0.00389999454
vn 0.623281479 -0.781976759 -0.0056998306
vn 0.444411248 -0.895822704 -0.000600015221
vn 0.294701636 -0.954805315 -0.0387002155
vn 0.279886037 -0.959452093 -0.0333983339
vn -0.404393762 -0.91178596 0.0714989007
vn 0.505083382 -0.834772587 0.219192803
vn -0.234499589 -0.972098291 0.00589998998
vn 0.51270324 -0.858405411 -0.016600104
vn 0.592914343 -0.804819465 0.0268006474
vn 0.485086083 -0.874274909 -0.0182994753
vn 0.581579328 -0.812171161 0.0462983549
vn -0.348511279 -0.937230289 0.0118003814
vn 0.485086083 -0.874274909 -0.0182994753
vn 0.491617411 -0.870530784 0.022100782
vn 0.699328423 -0.714029014 0.033201348
vn 0.663786411 -0.745984733 0.0537988991
vn 0.336104989 -0.81221205 0.476807088
vn 0.444411248 -0.895822704 -0.000600015221
vn 0.325997144 -0.937491775 0.121798933
vn 0.18569614 -0.684685767 0.704785347
vn -0.0185005739 -0.999531031 0.0244007576
vn -0.123995669 -0.991665363 0.0349987783
vn -0.0789005309 -0.995806694 0.0463003106
vn -0.123995669 -0.991665363 0.0349987783
vn -0.0789005309 -0.995806694 0.0463003106
vn 0.39590019 -0.91800046 0.0232000109
vn -0.301291257 -0.952272415 0.0489985794
vn 0.925432324 -0.378513217 -0.0174006075
vn 0.219497293 0.975588024 -0.00699991407
vn 0.260908425 0.965331197 0.00790025573
vn 0.879022062 -0.476611942 0.0127003184
vn -0.859506667 0.511003971 -0.0111000864
vn -0.338916421 0.934445322 -0.1093053
vn 0.126605421 -0.991942465 -0.00460019708
vn -0.52270937 0.847915173 -0.0884015784
vn -0.808728993 0.587921083 -0.0175006278
vn 0.237799123 -0.97129643 0.00589997834
vn 0.689394176 -0.724193871 -0.0166998599
vn 0.164897978 -0.986287892 -0.00669991784
vn 0.144594416 -0.989461839 0.00759970676
vn 0.187593073 -0.962064505 0.198092699
vn 0.00130003644 -0.999827981 -0.0185005181
vn 0.518423975 -0.855039537 0.0120005542
vn 0.386591285 -0.921779215 -0.0294993352
vn 0.518423975 -0.855039537 0.0120005542
vn 0.485086083 -0.874274909 -0.0182994753
vn 0.425607204 -0.904215276 0.0354005992
vn 0.386591285 -0.921779215 -0.0294993352
vn -0.077198416 -0.992479622 0.0949980468
vn 0.0137993479 -0.999852777 -0.0101995179
vn -0.158291906 -0.987149477 0.0218988787
vn 0.425607204 -0.904215276 0.0354005992
vn 0.386591285 -0.921779215 -0.0294993352
vn 0.475319415 -0.878635883 -0.045501858
vn -0.158291906 -0.987149477 0.0218988787
vn -0.181010351 -0.980156064 0.0808046237
vn -0.077198416 -0.992479622 0.0949980468
vn 0.485086083 -0.874274909 -0.0182994753
vn 0.39590019 -0.91800046 0.0232000109
vn -0.00129998731 0.911591113 -0.411096007
vn -0.234904543 -0.884217083 0.403707802
vn -0.110102773 -0.861421704 0.495812505
vn 0.128996357 0.472986639 -0.871575356
vn -0.338916421 0.934445322 -0.1093053
vn -0.00100004638 0.999546349 -0.0301013961
vn -0.172196716 0.684186935 -0.708686471
vn 0.218604237 0.949518442 -0.22500436
vn 0.126605421 -0.991942465 -0.00460019708
vn 0.0517972857 -0.99804765 0.0348981693
vn 0.220101207 0.589103222 -0.777504265
vn 0.254702985 0.934410989 0.249002934
vn -0.320607781 -0.946922958 0.0234005675
vn 0.0137993479 -0.999852777 -0.0101995179
vn 0.0137993479 -0.999852777 -0.0101995179
vn -0.158291906 -0.987149477 0.0218988787
vn -0.0789005309 -0.995806694 0.0463003106
vn -0.207503498 -0.978216469 0.00590009941
vn 0.321012914 -0.275111079 0.90623647
vn 0.373003393 -0.136001229 0.917808354
vn -0.0203995481 -0.671985149 0.740283608
vn 0.253503501 -0.798711002 0.545707524
vn 0.338403314 -0.391903847 0.855508387
vn 0.481108427 -0.198403478 0.853914976
vn 0.196502939 -0.147702217 0.969314516
vn 0.722683012 -0.322392434 0.611385643
vn -0.117206261 -0.223411933 0.967651665
vn -0.0994964764 -0.851769805 0.514381766
vn -0.255083621 -0.536465526 0.804448307
vn 0.189300537 -0.261700749 0.946402669
vn 0.067902185 -0.480015457 0.874628186
vn -0.100695632 -0.309786558 0.945458949
vn -0.448114574 -0.783925533 0.429713994
vn -0.0281008184 -0.509814858 0.859825075
vn 0.296796262 -0.915888488 0.270296603
vn -0.0281008184 -0.509814858 0.859825075
vn 0.253503501 -0.798711002 0.545707524
vn -0.199890867 -0.850061178 0.487277746
vn -0.14989768 -0.843986928 0.514991999
vn 0.0268001836 -0.914806247 0.403002769
vn -0.255083621 -0.536465526 0.804448307
vn 0.0979992673 -0.283697873 0.953892887
vn 0.18569614 -0.684685767 0.704785347
vn 0.184692815 -0.327387273 0.926663995
vn 0.159803167 -0.534510612 0.829916477
vn 0.321012914 -0.275111079 0.90623647
vn 0.373003393 -0.136001229 0.917808354
vn 0.189300537 -0.261700749 0.946402669
vn 0.316607118 -0.74391675 0.588513255
vn 0.067902185 -0.480015457 0.874628186
vn -0.127401114 -0.377003282 0.91740799
vn -0.0716012046 -0.557009399 0.827413917
vn -0.0716012046 -0.557009399 0.827413917
vn 0.520673811 -0.11139439 0.846457362
vn 0.520673811 -0.11139439 0.846457362
vn 0.554487109 -0.34019208 0.759482324
vn 0.554487109 -0.34019208 0.759482324
vn 0.47670576 -0.566706836 0.672008157
vn 0.159803167 -0.534510612 0.829916477
vn 0.159803167 -0.534510612 0.829916477
vn 0.502394676 0.148498416 0.851790965
vn 0.925379753 0.19639571 0.324192911
vn 0.953386724 0.279996097 -0.112498432
vn 0.59828341 0.801277757 0.00329990848
vn 0.586310267 0.809414148 0.0330005772
vn 0.407580554 0.91285646 -0.0238988604
vn 0.599009752 -0.202503309 0.774712622
vn 0.342911273 0.037201222 0.938630879
vn 0.327891886 -0.362791002 0.872278392
vn 0.67959851 0.115099743 0.724498391
vn 0.515093625 0.536093414 0.668791771
vn 0.669771194 0.681070685 -0.295887262
vn 0.71497649 0.69907701 -0.00999967102
vn 0.234708294 0.401814193 0.885131299
vn 0.545501947 0.742102623 -0.389501393
vn 0.216394484 0.852078319 0.476587862
vn 0.630433798 0.776241601 0.00150008034
vn 0.723286271 0.690286875 0.0189996399
vn 0.287593812 -0.186695978 0.939379811
vn 0.0648036301 -0.687338531 0.723440528
vn 0.0959022641 -0.570013463 0.816019237
vn 0.137496531 -0.36379084 0.921276808
vn 0.901731908 0.374113232 -0.21660766
vn 0.837507427 0.546404839 -0.0048000426
vn 0.799905658 0.599104226 -0.0350002497
vn 0.959028244 0.283308357 0.00110003236
vn 0.128705502 0.144206166 0.981141925
vn 0.865807772 0.50030452 0.00850007683
vn 0.67007333 0.373685122 0.641374469
vn 0.161895573 0.659482002 0.734079957
vn 0.701314747 0.691714585 0.172303632
vn 0.0702003762 0.969505191 -0.234801248
vn -0.859700501 -0.501600266 0.096500054
vn -0.907677948 -0.419289798 -0.0177995674
vn -0.929020882 -0.360108107 0.0851019174
vn 0.500074089 0.865955114 -0.00689964276
vn 0.855809033 -0.173001826 0.487505138
vn 0.901731908 0.374113232 -0.21660766
vn 0.865807772 0.50030452 0.00850007683
vn 0.918169916 0.233192354 0.320289493
vn 0.65639776 0.636297882 0.40529862
vn 0.901731908 0.374113232 -0.21660766
vn 0.954188347 0.297596365 -0.0309996214
vn -0.0628999323 0.997398913 0.0351999626
vn -0.859700501 -0.501600266 0.096500054
vn -0.753526926 -0.568120301 0.330811828
vn -0.826832592 -0.562322199 -0.0119004697
vn -0.708522975 -0.618320048 0.340111017
vn -0.357909799 -0.275707543 0.892124414
vn -0.156198323 -0.447395176 0.880590498
vn -0.367808193 -0.828118443 0.423009425
vn 0.943221748 0.06810157 0.325107515
vn -0.769938111 -0.338516742 0.540926754
vn -0.857056081 -0.268586248 0.439677477
vn 0.865807772 0.50030452 0.00850007683
vn 0.169998974 0.24619852 -0.954194248
vn 0.445785761 0.522283316 -0.726976752
vn 0.332705379 0.858513892 -0.390206337
vn -0.518590093 0.00819984358 0.854983687
vn -0.938516498 -0.0441007763 0.342406034
vn -0.938516498 -0.0441007763 0.342406034
vn -0.976772785 -0.211994097 0.0311991312
vn -0.339985728 -0.118295036 0.932960868
vn 0.636775315 0.0460982136 0.769670188
vn -0.110102773 -0.861421704 0.495812505
vn -0.234904543 -0.884217083 0.403707802
vn 0.152892113 0.0240987558 0.987949014
vn -0.339985728 -0.118295036 0.932960868
vn -0.357909799 -0.275707543 0.892124414
vn -0.769938111 -0.338516742 0.540926754
vn -0.857056081 -0.268586248 0.439677477
vn -0.156198323 -0.447395176 0.880590498
vn -0.518590093 0.00819984358 0.854983687
vn -0.769938111 -0.338516742 0.540926754
vn 0.00659989379 0.0676989108 0.997683942
vn 0.683377743 0.517083168 0.515383244
vn 0.169998974 0.24619852 -0.954194248
vn 0.296691298 0.26429224 0.917673051
vn 0.332705379 0.858513892 -0.390206337
vn 0.407580554 0.91285646 -0.0238988604
vn 0.365209848 0.930925071 -0.00050001347
vn 0.260908425 0.965331197 0.00790025573
vn -0.315105796 -0.239204407 0.918416917
vn -0.484392941 -0.789788485 0.376294523
vn -0.243401229 -0.339401722 0.908604622
vn -0.367808193 -0.828118443 0.423009425
vn 0.294289321 0.315988541 -0.901967287
vn 0.668398082 0.525498509 -0.52639848
vn -0.473405868 -0.880210936 0.0334004164
vn -0.484392941 -0.789788485 0.376294523
vn -0.315105796 -0.239204407 0.918416917
vn 0.545501947 0.742102623 -0.389501393
vn 0.445785761 0.522283316 -0.726976752
vn 0.367995769 0.348396003 0.862090111
vn 0.447403878 0.53880465 0.713806212
vn 0.258798689 0.623796821 0.737496257
vn -0.0726029575 -0.981940031 0.17470713
vn 0.175095499 0.0364990607 -0.983874679
vn -0.19250378 0.268605292 -0.943818569
vn -0.0798035115 0.730132103 -0.678629875
vn 0.0959022641 -0.570013463 0.816019237
vn -0.0726029575 -0.981940031 0.17470713
vn 0.0198991224 -0.979656816 0.199691191
vn 0.0198991224 -0.979656816 0.199691191
vn -0.243401229 -0.339401722 0.908604622
vn 0.248204336 -0.652911425 0.715612531
vn 0.641672909 0.766567647 0.0250989404
vn 0.254702985 0.934410989 0.249002934
vn -0.933883071 -0.35749352 0.00779985823
vn -0.911220551 -0.411909282 0.00280006323
vn -0.932082593 -0.361693263 0.019999627
vn -0.851896942 -0.522598147 -0.0340998769
vn 0.36439234 0.224495277 -0.903780997
vn 0.831681728 0.26999408 -0.485189348
vn 0.36439234 0.224495277 -0.903780997
vn -0.0383991823 0.0644986257 -0.997178733
vn 0.999087214 0.0042999452 0.0424994566
vn 0.875873268 0.0269991755 -0.481785297
vn 0.996568382 -0.0825973749 0.00539982878
vn -0.98988229 0.128997684 0.0590989403
vn -0.997843802 0.0636027902 0.0162007101
vn 0.36439234 0.224495277 -0.903780997
vn 0.315912515 0.0487019308 -0.947537541
vn 0.685075283 0.110296026 -0.720074058
vn 0.953386724 0.279996097 -0.112498432
vn 0.999087214 0.0042999452 0.0424994566
vn 0.994527578 0.0914025307 -0.0506014042
vn 0.875873268 0.0269991755 -0.481785297
vn -0.851896942 -0.522598147 -0.0340998769
vn -0.735683203 -0.676984489 -0.021499509
vn -0.848682463 -0.52888906 -0.00379992137
vn -0.998005807 0.0547003187 -0.031500183
vn 0.875873268 0.0269991755 -0.481785297
vn 0.750118911 -0.46761179 -0.46761179
vn -0.992646635 0.119805627 0.0173008125
vn -0.794985056 -0.606088638 0.0255995188
vn -0.613687098 -0.789483428 0.0101997862
vn -0.702507436 -0.711607516 0.00990010519
vn 0.823379576 0.567485929 -0.00239994051
vn 0.923212826 0.164702296 -0.347204834
vn 0.557694316 0.380896121 -0.737492502
vn -0.992646635 0.119805627 0.0173008125
vn -0.98988229 0.128997684 0.0590989403
vn -0.982168555 0.184994072 0.033498928
vn 0.605991781 0.649691224 -0.458993793
vn -0.999707937 0.0182001442 0.0159001257
vn 0.87769562 -0.0670996681 -0.474497646
vn -0.780502737 -0.625002205 0.0137000484
vn -0.856684923 -0.515690923 0.0123997824
vn 0.169998974 0.24619852 -0.954194248
vn 0.668398082 0.525498509 -0.52639848
vn 0.311512887 0.185607687 -0.931938589
vn 0.294289321 0.315988541 -0.901967287
vn -0.998404384 -0.0513002239 0.0236001033
vn 0.147800669 0.118400529 -0.981904387
vn -0.999982476 -0.00569989998 -0.0015999719
vn 0.980412602 0.132301703 0.145901874
vn -0.991659522 -0.128694758 -0.0069997143
vn 0.209498391 0.205398411 -0.955992639
vn -0.998680651 -0.0509990118 -0.0059998841
vn 0.641672909 0.766567647 0.0250989404
vn -0.985889137 -0.167398155 0.000699992292
vn 0.788398802 0.527499199 -0.316499501
vn 0.788398802 0.527499199 -0.316499501
vn 0.806280613 0.178095713 -0.564086437
vn 0.806280613 0.178095713 -0.564086437
vn 0.899223626 -0.152604014 -0.410010785
vn 0.996875226 0.0401990004 -0.0679983124
vn 0.922615469 0.315005273 -0.222603723
vn 0.874294043 -0.485396683 9.99993135e-05
vn 0.750118911 -0.46761179 -0.46761179
vn 0.194291338 -0.674269915 0.712468207
vn 0.194291338 -0.674269915 0.712468207
vn 0.750118911 -0.46761179 -0.46761179
vn 0.103998005 -0.906682611 -0.408792168
vn 0.0648036301 -0.687338531 0.723440528
vn -0.0616993643 -0.259797335 -0.963690042
vn -0.963059187 -0.269288599 -0.000799966103
vn -0.991554856 -0.128794134 0.0151993083
vn 0.923212826 0.164702296 -0.347204834
vn 0.000699999742 0.000499999791 -0.999999642
vn 0.982551336 0.18479085 -0.0210989546
vn 0.922615469 0.315005273 -0.222603723
vn -0.119796753 0.581084251 -0.804978192
vn -0.148898065 -0.302996069 -0.941287816
vn -0.0616993643 -0.259797335 -0.963690042
vn -0.291990638 0.614280283 -0.733076513
vn -0.0106995106 0.725566804 -0.688068509
vn -0.112796426 -0.948569894 -0.295790613
vn -0.148898065 -0.302996069 -0.941287816
vn -0.112796426 -0.948569894 -0.295790613
vn -0.999617159 0.0253004339 0.0112001924
vn -0.979765534 0.199692979 0.0134995254
vn 0.248204336 -0.652911425 0.715612531
vn 0.685075283 0.110296026 -0.720074058
vn 0.685075283 0.110296026 -0.720074058
vn -0.0812985376 -0.761886239 -0.642588437
vn -0.146101668 -0.736108363 -0.660907507
vn -0.0749016479 -0.721915901 -0.687915146
vn -0.0490021296 0.0333014466 -0.998243332
vn -0.0749016479 -0.721915901 -0.687915146
vn 0.175401732 0.019200189 -0.984309673
vn -0.0490021296 0.0333014466 -0.998243332
vn 0.0702003762 0.969505191 -0.234801248
vn -0.176108554 -0.708934426 -0.682933152
vn -0.227502689 -0.730408609 -0.644007623
vn -0.113503151 -0.512714207 -0.851023614
vn -0.256596565 -0.294096053 -0.920687616
vn 0.899223626 -0.152604014 -0.410010785
vn 0.248500049 -0.490600079 -0.835200131
vn -0.0490021296 0.0333014466 -0.998243332
vn -0.0305999108 -0.391198844 -0.919797301
vn 0.248500049 -0.490600079 -0.835200131
vn 0.899223626 -0.152604014 -0.410010785
vn -0.128903016 0.913021386 -0.387009054
vn -0.0305999108 -0.391198844 -0.919797301
vn 0.0787986517 0.478791803 -0.874385059
vn -0.413804173 0.752807558 -0.511905134
vn -0.755994081 -0.0154998787 -0.654394865
vn -0.593803346 -0.672003806 -0.442502499
vn -0.970740438 0.178607434 -0.160506681
vn -0.505402863 -0.571603239 -0.64640367
vn 0.922615469 0.315005273 -0.222603723
vn 0.00450007524 0.994916618 -0.100601681
vn 0.899223626 -0.152604014 -0.410010785
vn -0.195797741 0.308396459 -0.930889308
vn -0.452899843 -0.353699893 -0.818399727
vn -0.544527173 -0.838741839 -0.00150007487
vn -0.580976605 -0.813367248 -0.0299987923
vn -0.500982702 -0.865270138 0.017999379
vn -0.368298352 -0.654697061 0.660097063
vn -0.525369525 -0.850750625 0.0144991586
vn 0.00450007524 0.994916618 -0.100601681
vn 0.701314747 0.691714585 0.172303632
vn 0.00450007524 0.994916618 -0.100601681
vn -0.491892934 -0.870587468 -0.0108998427
vn 0.863804281 0.0440002196 0.501902521
vn 0.67007333 0.373685122 0.641374469
vn -0.629708886 -0.775810957 0.039800562
vn 0.194291338 -0.674269915 0.712468207
vn 0.882214546 -0.197103247 0.427607059
vn 0.882214546 -0.197103247 0.427607059
vn -0.710005343 -0.702705324 0.0458003469
vn -0.677963436 -0.735060334 0.00719961198
vn -0.6414029 -0.76720345 0.001100005
vn 0.605991781 0.649691224 -0.458993793
vn 0.87769562 -0.0670996681 -0.474497646
vn -0.85309273 -0.516795576 0.07179939
vn -0.727598369 -0.68599844 -0.00259999419
vn 0.863804281 0.0440002196 0.501902521
vn -0.788413405 -0.61501044 -0.0129002193
vn -0.727598369 -0.68599844 -0.00259999419
vn -0.788413405 -0.61501044 -0.0129002193
vn -0.87318331 -0.487390697 0.00109997904
vn 0.863804281 0.0440002196 0.501902521
vn -0.788413405 -0.61501044 -0.0129002193
vn -0.572273254 -0.820061624 0.00149992981
vn -0.556977808 -0.830266893 0.0207991712
vn 0.175401732 0.019200189 -0.984309673
vn -0.683295488 -0.729795218 -0.0224998519
vn -0.0392986536 -0.746274471 -0.664477289
vn -0.472619891 -0.881037116 0.0201008469
vn -0.347601444 -0.937603831 0.00850003492
vn -0.320607781 -0.946922958 0.0234005675
vn -0.0628999323 0.997398913 0.0351999626
vn -0.128903016 0.913021386 -0.387009054
vn 0.216394484 0.852078319 0.476587862
vn -0.128903016 0.913021386 -0.387009054
vn -0.998005807 0.0547003187 -0.031500183
vn -0.966982603 0.151397273 0.204996318
vn 0.50360024 0.843300343 -0.187700078
vn -0.87318331 -0.487390697 0.00109997904
vn 0.255107224 0.925026238 -0.281507999
vn -0.848682463 -0.52888906 -0.00379992137
vn 0.914800584 0.403900266 0.00210000132
vn 0.332705379 0.858513892 -0.390206337
vn -0.848682463 -0.52888906 -0.00379992137
vn -0.856684923 -0.515690923 0.0123997824
vn 0.865807772 0.50030452 0.00850007683
vn -0.817385554 -0.576089799 -0.00119997875
vn -0.826832592 -0.562322199 -0.0119004697
vn 0.425693065 0.884285569 -0.191896871
vn 0.425693065 0.884285569 -0.191896871
vn 0.641672909 0.766567647 0.0250989404
vn 0.831681728 0.26999408 -0.485189348
vn 0.806280613 0.178095713 -0.564086437
vn -0.780502737 -0.625002205 0.0137000484
vn -0.817385554 -0.576089799 -0.00119997875
vn -0.119796753 0.581084251 -0.804978192
vn 0.750118911 -0.46761179 -0.46761179
vn 0.557694316 0.380896121 -0.737492502
vn 0.99321419 0.019800283 -0.114601634
vn 0.99321419 0.019800283 -0.114601634
vn -0.368298352 -0.654697061 0.660097063
vn 0.87769562 -0.0670996681 -0.474497646
vn -0.719326735 0.241008952 -0.651524186
vn -0.505402863 -0.571603239 -0.64640367
vn -0.977832198 -0.154705092 -0.141104653
vn -0.452899843 -0.353699893 -0.818399727
vn 0.437796444 -0.0120999021 -0.898992717
f 1/1/1 2/2/2 3/3/3
f 4/4/4 5/5/5 6/6/6
f 7/7/7 4/4/4 6/6/6
f 8/8/8 4/4/4 7/7/7
f 9/9/9 10/10/10 11/11/11
f 12/12/12 13/13/13 14/14/14
f 15/15/15 10/10/10 16/16/16
f 17/17/17 18/18/18 19/19/19
f 20/20/20 21/21/21 22/22/22
f 23/23/23 20/20/20 22/22/22
f 24/24/24 25/25/25 26/26/26
f 26/26/26 25/25/25 27/27/27
f 28/28/28 29/29/29 30/30/30
f 31/31/31 32/32/32 23/23/23
f 33/33/33 34/34/34 35/35/35
f 36/36/36 37/37/37 38/38/38
f 39/39/39 8/8/8 40/40/40
f 41/41/41 42/42/42 43/43/43
f 33/33/33 44/44/44 34/34/34
f 45/45/45 42/42/42 41/41/41
f 46/46/46 42/42/42 45/45/45
f 5/5/5 29/29/29 6/6/6
f 5/5/5 30/30/30 29/29/29
f 47/47/47 48/48/48 11/11/11
f 49/49/49 50/50/50 42/42/42
f 51/51/51 52/52/52 50/50/50
f 53/53/53 51/51/51 49/49/49
f 49/49/49 51/51/51 50/50/50
f 47/47/47 22/22/22 48/48/48
f 46/46/46 49/49/49 42/42/42
f 35/35/35 5/5/5 4/4/4
f 6/6/6 29/29/29 54/54/54
f 25/25/25 24/24/24 50/50/50
f 55/55/55 8/8/8 39/39/39
f 4/4/4 8/8/8 56/56/56
f 42/42/42 50/50/50 24/24/24
f 57/57/57 58/58/58 59/59/59
f 57/57/57 59/59/59 60/60/60
f 59/59/59 61/61/61 62/62/62
f 59/59/59 62/62/62 63/63/63
f 56/56/56 8/8/8 55/55/55
f 42/42/42 24/24/24 43/43/43
f 64/64/64 44/44/44 33/33/33
f 65/65/65 66/66/66 67/67/67
f 68/68/68 69/69/69 70/70/70
f 71/71/71 72/72/72 45/45/45
f 73/73/73 74/74/74 75/75/75
f 4/4/4 56/56/56 35/35/35
f 76/76/76 28/28/28 77/77/77
f 78/78/78 77/77/77 28/28/28
f 78/78/78 30/30/30 34/34/34
f 79/79/79 80/80/80 70/70/70
f 70/70/70 81/81/81 79/79/79
f 78/78/78 28/28/28 30/30/30
f 68/68/68 70/70/70 80/80/80
f 80/80/80 79/79/79 82/82/82
f 83/83/83 84/84/84 85/85/85
f 43/43/43 86/86/86 41/41/41
f 24/24/24 26/26/26 43/43/43
f 26/26/26 27/27/27 87/87/87
f 88/88/88 41/41/41 86/86/86
f 78/78/78 34/34/34 89/89/89
f 43/43/43 26/26/26 87/87/87
f 90/90/90 68/68/68 91/91/91
f 47/47/47 23/23/23 22/22/22
f 79/79/79 81/81/81 82/82/82
f 23/23/23 92/92/92 31/31/31
f 10/10/10 15/15/15 93/93/93
f 82/82/82 81/81/81 94/94/94
f 68/68/68 80/80/80 95/95/95
f 96/96/96 97/97/97 98/98/98
f 11/11/11 10/10/10 2/2/2
f 3/3/3 10/10/10 93/93/93
f 99/99/99 100/100/100 101/101/101
f 3/3/3 2/2/2 10/10/10
f 102/102/102 103/103/103 104/104/104
f 105/105/105 3/3/3 93/93/93
f 97/97/97 96/96/96 106/106/106
f 5/5/5 35/35/35 34/34/34
f 107/107/107 104/104/104 91/91/91
f 107/107/107 108/108/108 104/104/104
f 109/109/109 77/77/77 78/78/78
f 5/5/5 34/34/34 30/30/30
f 110/110/110 111/111/111 112/112/112
f 31/31/31 92/92/92 1/1/1
f 89/89/89 109/109/109 78/78/78
f 113/113/113 45/45/45 72/72/72
f 34/34/34 44/44/44 89/89/89
f 93/93/93 114/114/114 105/105/105
f 115/115/115 116/116/116 117/117/117
f 89/89/89 44/44/44 118/118/118
f 115/115/115 117/117/117 72/72/72
f 119/119/119 120/120/120 121/121/121
f 122/122/122 123/123/123 124/124/124
f 11/11/11 48/48/48 9/9/9
f 124/124/124 125/125/125 71/71/71
f 49/49/49 126/126/126 53/53/53
f 127/127/127 48/48/48 128/128/128
f 129/129/129 72/72/72 71/71/71
f 115/115/115 72/72/72 129/129/129
f 113/113/113 126/126/126 46/46/46
f 130/130/130 131/131/131 132/132/132
f 73/73/73 133/133/133 134/134/134
f 84/84/84 135/135/135 85/85/85
f 73/73/73 134/134/134 136/136/136
f 137/137/137 138/138/138 139/139/139
f 136/136/136 74/74/74 73/73/73
f 138/138/138 140/140/140 139/139/139
f 141/141/141 139/139/139 140/140/140
f 83/83/83 142/142/142 63/63/63
f 138/138/138 137/137/137 143/143/143
f 143/143/143 137/137/137 130/130/130
f 144/144/144 145/145/145 146/146/146
f 137/137/137 139/139/139 147/147/147
f 139/139/139 141/141/141 147/147/147
f 148/148/148 149/149/149 150/150/150
f 130/130/130 151/151/151 131/131/131
f 152/152/152 149/149/149 134/134/134
f 18/18/18 153/153/153 154/154/154
f 47/47/47 11/11/11 92/92/92
f 134/134/134 149/149/149 148/148/148
f 151/151/151 130/130/130 155/155/155
f 134/134/134 148/148/148 136/136/136
f 156/156/156 151/151/151 155/155/155
f 154/154/154 151/151/151 18/18/18
f 156/156/156 18/18/18 151/151/151
f 156/156/156 157/157/157 18/18/18
f 157/157/157 19/19/19 18/18/18
f 86/86/86 43/43/43 158/158/158
f 11/11/11 2/2/2 92/92/92
f 159/159/159 148/148/148 160/160/160
f 159/159/159 136/136/136 148/148/148
f 161/161/161 162/162/162 163/163/163
f 136/136/136 159/159/159 110/110/110
f 161/161/161 163/163/163 164/164/164
f 165/165/165 166/166/166 167/167/167
f 67/67/67 163/163/163 75/75/75
f 92/92/92 23/23/23 47/47/47
f 168/168/168 98/98/98 97/97/97
f 169/169/169 170/170/170 171/171/171
f 172/172/172 170/170/170 173/173/173
f 172/172/172 171/171/171 170/170/170
f 174/174/174 175/175/175 176/176/176
f 175/175/175 66/66/66 176/176/176
f 172/172/172 106/106/106 171/171/171
f 97/97/97 106/106/106 172/172/172
f 177/177/177 178/178/178 101/101/101
f 172/172/172 173/173/173 179/179/179
f 180/180/180 179/179/179 173/173/173
f 176/176/176 101/101/101 178/178/178
f 176/176/176 181/181/181 101/101/101
f 176/176/176 182/182/182 181/181/181
f 182/182/182 176/176/176 66/66/66
f 180/180/180 183/183/183 179/179/179
f 97/97/97 172/172/172 179/179/179
f 99/99/99 101/101/101 181/181/181
f 168/168/168 97/97/97 179/179/179
f 184/184/184 171/171/171 106/106/106
f 185/185/185 184/184/184 106/106/106
f 178/178/178 174/174/174 176/176/176
f 91/91/91 95/95/95 186/186/186
f 178/178/178 187/187/187 174/174/174
f 184/184/184 159/159/159 160/160/160
f 188/188/188 184/184/184 185/185/185
f 178/178/178 140/140/140 187/187/187
f 189/189/189 190/190/190 191/191/191
f 185/185/185 106/106/106 96/96/96
f 192/192/192 178/178/178 177/177/177
f 140/140/140 178/178/178 141/141/141
f 185/185/185 96/96/96 193/193/193
f 193/193/193 96/96/96 194/194/194
f 177/177/177 101/101/101 100/100/100
f 195/195/195 96/96/96 98/98/98
f 196/196/196 164/164/164 66/66/66
f 175/175/175 197/197/197 66/66/66
f 198/198/198 199/199/199 200/200/200
f 197/197/197 196/196/196 66/66/66
f 164/164/164 196/196/196 201/201/201
f 196/196/196 202/202/202 201/201/201
f 203/203/203 204/204/204 198/198/198
f 205/205/205 203/203/203 198/198/198
f 206/206/206 1/1/1 3/3/3
f 164/164/164 201/201/201 161/161/161
f 205/205/205 207/207/207 208/208/208
f 111/111/111 110/110/110 159/159/159
f 65/65/65 182/182/182 66/66/66
f 193/193/193 111/111/111 188/188/188
f 66/66/66 209/209/209 67/67/67
f 209/209/209 66/66/66 164/164/164
f 182/182/182 65/65/65 210/210/210
f 181/181/181 182/182/182 210/210/210
f 108/108/108 102/102/102 104/104/104
f 65/65/65 67/67/67 210/210/210
f 209/209/209 164/164/164 67/67/67
f 164/164/164 163/163/163 67/67/67
f 71/71/71 211/211/211 212/212/212
f 194/194/194 96/96/96 195/195/195
f 213/213/213 194/194/194 195/195/195
f 214/214/214 215/215/215 194/194/194
f 194/194/194 215/215/215 193/193/193
f 193/193/193 215/215/215 112/112/112
f 111/111/111 193/193/193 112/112/112
f 216/216/216 162/162/162 161/161/161
f 1/1/1 92/92/92 2/2/2
f 216/216/216 217/217/217 162/162/162
f 218/218/218 163/163/163 162/162/162
f 219/219/219 220/220/220 133/133/133
f 218/218/218 162/162/162 217/217/217
f 75/75/75 163/163/163 218/218/218
f 218/218/218 221/221/221 75/75/75
f 73/73/73 75/75/75 221/221/221
f 152/152/152 133/133/133 220/220/220
f 107/107/107 91/91/91 186/186/186
f 222/222/222 112/112/112 215/215/215
f 149/149/149 223/223/223 150/150/150
f 112/112/112 222/222/222 224/224/224
f 225/225/225 226/226/226 227/227/227
f 222/222/222 215/215/215 228/228/228
f 222/222/222 228/228/228 229/229/229
f 230/230/230 231/231/231 232/232/232
f 232/232/232 233/233/233 234/234/234
f 233/233/233 232/232/232 231/231/231
f 170/170/170 235/235/235 173/173/173
f 236/236/236 173/173/173 235/235/235
f 74/74/74 136/136/136 13/13/13
f 180/180/180 173/173/173 236/236/236
f 13/13/13 136/136/136 14/14/14
f 14/14/14 136/136/136 110/110/110
f 31/31/31 1/1/1 237/237/237
f 84/84/84 238/238/238 36/36/36
f 239/239/239 14/14/14 110/110/110
f 135/135/135 84/84/84 36/36/36
f 110/110/110 240/240/240 239/239/239
f 135/135/135 36/36/36 38/38/38
f 135/135/135 38/38/38 241/241/241
f 242/242/242 239/239/239 243/243/243
f 239/239/239 240/240/240 243/243/243
f 91/91/91 68/68/68 95/95/95
f 243/243/243 240/240/240 244/244/244
f 99/99/99 181/181/181 245/245/245
f 242/242/242 243/243/243 246/246/246
f 15/15/15 114/114/114 93/93/93
f 100/100/100 247/247/247 177/177/177
f 240/240/240 110/110/110 112/112/112
f 240/240/240 112/112/112 244/244/244
f 19/19/19 157/157/157 177/177/177
f 19/19/19 177/177/177 247/247/247
f 99/99/99 248/248/248 100/100/100
f 248/248/248 99/99/99 245/245/245
f 248/248/248 245/245/245 247/247/247
f 238/238/238 17/17/17 19/19/19
f 247/247/247 238/238/238 19/19/19
f 37/37/37 238/238/238 247/247/247
f 72/72/72 117/117/117 113/113/113
f 129/129/129 71/71/71 125/125/125
f 46/46/46 126/126/126 49/49/49
f 210/210/210 12/12/12 181/181/181
f 245/245/245 181/181/181 12/12/12
f 247/247/247 245/245/245 12/12/12
f 67/67/67 75/75/75 74/74/74
f 210/210/210 67/67/67 74/74/74
f 13/13/13 210/210/210 74/74/74
f 12/12/12 210/210/210 13/13/13
f 116/116/116 113/113/113 117/117/117
f 249/249/249 37/37/37 12/12/12
f 46/46/46 45/45/45 113/113/113
f 249/249/249 12/12/12 14/14/14
f 250/250/250 249/249/249 14/14/14
f 247/247/247 12/12/12 37/37/37
f 251/251/251 37/37/37 249/249/249
f 252/252/252 253/253/253 254/254/254
f 238/238/238 37/37/37 36/36/36
f 45/45/45 41/41/41 211/211/211
f 9/9/9 48/48/48 127/127/127
f 71/71/71 45/45/45 211/211/211
f 251/251/251 38/38/38 37/37/37
f 143/143/143 130/130/130 132/132/132
f 250/250/250 14/14/14 239/239/239
f 249/249/249 250/250/250 255/255/255
f 249/249/249 255/255/255 251/251/251
f 255/255/255 250/250/250 242/242/242
f 9/9/9 16/16/16 10/10/10
f 250/250/250 239/239/239 242/242/242
f 256/256/256 257/257/257 258/258/258
f 259/259/259 256/256/256 258/258/258
f 260/260/260 38/38/38 251/251/251
f 255/255/255 260/260/260 251/251/251
f 261/261/261 262/262/262 263/263/263
f 246/246/246 260/260/260 255/255/255
f 255/255/255 242/242/242 246/246/246
f 264/264/264 265/265/265 266/266/266
f 267/267/267 265/265/265 264/264/264
f 257/257/257 265/265/265 267/267/267
f 257/257/257 256/256/256 265/265/265
f 32/32/32 268/268/268 23/23/23
f 269/269/269 261/261/261 263/263/263
f 270/270/270 271/271/271 58/58/58
f 271/271/271 272/272/272 58/58/58
f 271/271/271 273/273/273 153/153/153
f 61/61/61 271/271/271 153/153/153
f 271/271/271 61/61/61 272/272/272
f 59/59/59 58/58/58 272/272/272
f 61/61/61 59/59/59 272/272/272
f 71/71/71 212/212/212 124/124/124
f 274/274/274 58/58/58 166/166/166
f 166/166/166 58/58/58 57/57/57
f 275/275/275 276/276/276 277/277/277
f 276/276/276 275/275/275 278/278/278
f 279/279/279 58/58/58 274/274/274
f 132/132/132 131/131/131 273/273/273
f 132/132/132 273/273/273 270/270/270
f 280/280/280 132/132/132 270/270/270
f 281/281/281 282/282/282 108/108/108
f 131/131/131 154/154/154 273/273/273
f 283/283/283 284/284/284 285/285/285
f 273/273/273 271/271/271 270/270/270
f 286/286/286 287/287/287 288/288/288
f 153/153/153 273/273/273 154/154/154
f 17/17/17 153/153/153 18/18/18
f 153/153/153 17/17/17 61/61/61
f 289/289/289 286/286/286 290/290/290
f 63/63/63 60/60/60 59/59/59
f 278/278/278 288/288/288 276/276/276
f 278/278/278 290/290/290 288/288/288
f 290/290/290 286/286/286 288/288/288
f 291/291/291 290/290/290 278/278/278
f 292/292/292 57/57/57 60/60/60
f 292/292/292 60/60/60 293/293/293
f 57/57/57 294/294/294 167/167/167
f 290/290/290 291/291/291 295/295/295
f 167/167/167 166/166/166 57/57/57
f 275/275/275 277/277/277 296/296/296
f 55/55/55 297/297/297 298/298/298
f 57/57/57 299/299/299 300/300/300
f 301/301/301 302/302/302 303/303/303
f 293/293/293 60/60/60 63/63/63
f 304/304/304 293/293/293 63/63/63
f 305/305/305 63/63/63 142/142/142
f 63/63/63 305/305/305 304/304/304
f 306/306/306 275/275/275 296/296/296
f 62/62/62 61/61/61 17/17/17
f 266/266/266 306/306/306 296/296/296
f 306/306/306 266/266/266 307/307/307
f 62/62/62 17/17/17 238/238/238
f 238/238/238 84/84/84 62/62/62
f 83/83/83 63/63/63 62/62/62
f 83/83/83 62/62/62 84/84/84
f 308/308/308 309/309/309 107/107/107
f 85/85/85 142/142/142 83/83/83
f 278/278/278 275/275/275 291/291/291
f 310/310/310 291/291/291 275/275/275
f 310/310/310 254/254/254 291/291/291
f 254/254/254 295/295/295 291/291/291
f 253/253/253 295/295/295 254/254/254
f 311/311/311 312/312/312 313/313/313
f 311/311/311 313/313/313 314/314/314
f 315/315/315 316/316/316 317/317/317
f 315/315/315 318/318/318 316/316/316
f 319/319/319 320/320/320 318/318/318
f 321/321/321 317/317/317 322/322/322
f 317/317/317 321/321/321 315/315/315
f 323/323/323 320/320/320 315/315/315
f 315/315/315 324/324/324 323/323/323
f 325/325/325 146/146/146 145/145/145
f 326/326/326 327/327/327 328/328/328
f 300/300/300 294/294/294 57/57/57
f 329/329/329 327/327/327 330/330/330
f 330/330/330 331/331/331 329/329/329
f 332/332/332 170/170/170 169/169/169
f 333/333/333 334/334/334 335/335/335
f 336/336/336 337/337/337 338/338/338
f 337/337/337 336/336/336 339/339/339
f 340/340/340 341/341/341 342/342/342
f 343/343/343 169/169/169 171/171/171
f 160/160/160 343/343/343 171/171/171
f 171/171/171 184/184/184 160/160/160
f 344/344/344 324/324/324 341/341/341
f 345/345/345 346/346/346 347/347/347
f 341/341/341 324/324/324 342/342/342
f 342/342/342 348/348/348 349/349/349
f 350/350/350 351/351/351 352/352/352
f 184/184/184 188/188/188 159/159/159
f 353/353/353 351/351/351 354/354/354
f 159/159/159 188/188/188 111/111/111
f 355/355/355 350/350/350 352/352/352
f 178/178/178 192/192/192 141/141/141
f 356/356/356 355/355/355 357/357/357
f 355/355/355 356/356/356 350/350/350
f 350/350/350 311/311/311 358/358/358
f 350/350/350 359/359/359 360/360/360
f 358/358/358 361/361/361 350/350/350
f 188/188/188 185/185/185 193/193/193
f 311/311/311 314/314/314 358/358/358
f 350/350/350 361/361/361 359/359/359
f 351/351/351 350/350/350 354/354/354
f 350/350/350 360/360/360 354/354/354
f 200/200/200 362/362/362 198/198/198
f 198/198/198 363/363/363 205/205/205
f 362/362/362 363/363/363 198/198/198
f 363/363/363 207/207/207 205/205/205
f 354/354/354 200/200/200 353/353/353
f 200/200/200 354/354/354 362/362/362
f 364/364/364 365/365/365 366/366/366
f 367/367/367 225/225/225 227/227/227
f 219/219/219 133/133/133 221/221/221
f 221/221/221 133/133/133 73/73/73
f 225/225/225 367/367/367 368/368/368
f 225/225/225 322/322/322 226/226/226
f 152/152/152 134/134/134 133/133/133
f 321/321/321 324/324/324 315/315/315
f 231/231/231 230/230/230 369/369/369
f 370/370/370 371/371/371 372/372/372
f 373/373/373 341/341/341 340/340/340
f 235/235/235 374/374/374 236/236/236
f 363/363/363 375/375/375 207/207/207
f 375/375/375 363/363/363 367/367/367
f 363/363/363 362/362/362 367/367/367
f 362/362/362 321/321/321 367/367/367
f 376/376/376 190/190/190 189/189/189
f 359/359/359 361/361/361 377/377/377
f 248/248/248 247/247/247 100/100/100
f 283/283/283 378/378/378 284/284/284
f 379/379/379 378/378/378 283/283/283
f 380/380/380 381/381/381 382/382/382
f 357/357/357 378/378/378 356/356/356
f 266/266/266 296/296/296 264/264/264
f 383/383/383 384/384/384 385/385/385
f 380/380/380 386/386/386 383/383/383
f 383/383/383 386/386/386 384/384/384
f 380/380/380 383/383/383 381/381/381
f 387/387/387 382/382/382 381/381/381
f 388/388/388 389/389/389 390/390/390
f 285/285/285 391/391/391 392/392/392
f 391/391/391 393/393/393 392/392/392
f 287/287/287 276/276/276 288/288/288
f 326/326/326 328/328/328 394/394/394
f 390/390/390 395/395/395 396/396/396
f 394/394/394 392/392/392 393/393/393
f 394/394/394 328/328/328 392/392/392
f 151/151/151 397/397/397 131/131/131
f 154/154/154 131/131/131 398/398/398
f 399/399/399 400/400/400 401/401/401
f 402/402/402 379/379/379 283/283/283
f 397/397/397 151/151/151 154/154/154
f 379/379/379 402/402/402 403/403/403
f 283/283/283 285/285/285 403/403/403
f 392/392/392 403/403/403 285/285/285
f 379/379/379 356/356/356 378/378/378
f 385/385/385 388/388/388 404/404/404
f 379/379/379 377/377/377 356/356/356
f 57/57/57 292/292/292 299/299/299
f 300/300/300 299/299/299 405/405/405
f 299/299/299 292/292/292 293/293/293
f 299/299/299 293/293/293 304/304/304
f 405/405/405 299/299/299 304/304/304
f 406/406/406 304/304/304 407/407/407
f 406/406/406 405/405/405 304/304/304
f 379/379/379 359/359/359 377/377/377
f 408/408/408 379/379/379 403/403/403
f 403/403/403 392/392/392 408/408/408
f 379/379/379 408/408/408 409/409/409
f 342/342/342 324/324/324 348/348/348
f 392/392/392 328/328/328 408/408/408
f 329/329/329 328/328/328 327/327/327
f 334/334/334 328/328/328 329/329/329
f 410/410/410 408/408/408 328/328/328
f 321/321/321 362/362/362 411/411/411
f 362/362/362 412/412/412 411/411/411
f 359/359/359 379/379/379 413/413/413
f 324/324/324 321/321/321 414/414/414
f 413/413/413 360/360/360 359/359/359
f 348/348/348 324/324/324 414/414/414
f 360/360/360 413/413/413 412/412/412
f 368/368/368 367/367/367 321/321/321
f 413/413/413 379/379/379 409/409/409
f 414/414/414 321/321/321 411/411/411
f 412/412/412 354/354/354 360/360/360
f 415/415/415 348/348/348 414/414/414
f 354/354/354 412/412/412 362/362/362
f 404/404/404 383/383/383 385/385/385
f 381/381/381 383/383/383 404/404/404
f 416/416/416 417/417/417 387/387/387
f 416/416/416 387/387/387 381/381/381
f 390/390/390 418/418/418 419/419/419
f 388/388/388 390/390/390 419/419/419
f 419/419/419 404/404/404 388/388/388
f 418/418/418 390/390/390 396/396/396
f 396/396/396 395/395/395 420/420/420
f 421/421/421 418/418/418 396/396/396
f 422/422/422 423/423/423 424/424/424
f 425/425/425 409/409/409 408/408/408
f 408/408/408 410/410/410 425/425/425
f 426/426/426 412/412/412 413/413/413
f 427/427/427 425/425/425 410/410/410
f 422/422/422 424/424/424 428/428/428
f 423/423/423 429/429/429 424/424/424
f 430/430/430 424/424/424 429/429/429
f 431/431/431 428/428/428 424/424/424
f 424/424/424 430/430/430 431/431/431
f 432/432/432 409/409/409 425/425/425
f 433/433/433 429/429/429 434/434/434
f 435/435/435 429/429/429 433/433/433
f 428/428/428 436/436/436 437/437/437
f 438/438/438 439/439/439 436/436/436
f 440/440/440 438/438/438 436/436/436
f 440/440/440 436/436/436 428/428/428
f 441/441/441 442/442/442 443/443/443
f 444/444/444 442/442/442 441/441/441
f 441/441/441 445/445/445 446/446/446
f 446/446/446 444/444/444 441/441/441
f 445/445/445 447/447/447 446/446/446
f 448/448/448 449/449/449 450/450/450
f 451/451/451 416/416/416 381/381/381
f 416/416/416 451/451/451 452/452/452
f 451/451/451 381/381/381 404/404/404
f 404/404/404 453/453/453 451/451/451
f 454/454/454 455/455/455 456/456/456
f 455/455/455 457/457/457 456/456/456
f 458/458/458 459/459/459 460/460/460
f 421/421/421 453/453/453 418/418/418
f 453/453/453 421/421/421 461/461/461
f 421/421/421 462/462/462 461/461/461
f 453/453/453 404/404/404 419/419/419
f 418/418/418 453/453/453 419/419/419
f 463/463/463 464/464/464 465/465/465
f 466/466/466 464/464/464 463/463/463
f 456/456/456 464/464/464 454/454/454
f 464/464/464 456/456/456 465/465/465
f 466/466/466 463/463/463 467/467/467
f 467/467/467 468/468/468 466/466/466
f 435/435/435 430/430/430 429/429/429
f 428/428/428 431/431/431 440/440/440
f 431/431/431 469/469/469 440/440/440
f 470/470/470 438/438/438 440/440/440
f 469/469/469 470/470/470 440/440/440
f 471/471/471 469/469/469 431/431/431
f 472/472/472 473/473/473 474/474/474
f 473/473/473 472/472/472 450/450/450
f 475/475/475 431/431/431 430/430/430
f 475/475/475 430/430/430 476/476/476
f 456/456/456 477/477/477 465/465/465
f 478/478/478 465/465/465 477/477/477
f 476/476/476 430/430/430 435/435/435
f 433/433/433 479/479/479 435/435/435
f 465/465/465 480/480/480 481/481/481
f 482/482/482 476/476/476 435/435/435
f 483/483/483 484/484/484 485/485/485
f 465/465/465 481/481/481 463/463/463
f 483/483/483 486/486/486 487/487/487
f 458/458/458 472/472/472 488/488/488
f 460/460/460 472/472/472 458/458/458
f 431/431/431 475/475/475 471/471/471
f 488/488/488 489/489/489 458/458/458
f 460/460/460 490/490/490 491/491/491
f 472/472/472 460/460/460 491/491/491
f 472/472/472 491/491/491 450/450/450
f 82/82/82 492/492/492 80/80/80
f 95/95/95 80/80/80 493/493/493
f 494/494/494 495/495/495 496/496/496
f 497/497/497 495/495/495 494/494/494
f 498/498/498 499/499/499 500/500/500
f 501/501/501 502/502/502 77/77/77
f 499/499/499 503/503/503 500/500/500
f 94/94/94 504/504/504 505/505/505
f 95/95/95 493/493/493 506/506/506
f 82/82/82 505/505/505 492/492/492
f 82/82/82 94/94/94 505/505/505
f 507/507/507 497/497/497 494/494/494
f 508/508/508 509/509/509 505/505/505
f 77/77/77 109/109/109 501/501/501
f 508/508/508 505/505/505 510/510/510
f 109/109/109 511/511/511 501/501/501
f 512/512/512 501/501/501 511/511/511
f 513/513/513 514/514/514 495/495/495
f 514/514/514 496/496/496 495/495/495
f 215/215/215 214/214/214 228/228/228
f 228/228/228 214/214/214 229/229/229
f 229/229/229 214/214/214 515/515/515
f 516/516/516 513/513/513 495/495/495
f 95/95/95 506/506/506 186/186/186
f 517/517/517 518/518/518 519/519/519
f 498/498/498 520/520/520 521/521/521
f 522/522/522 510/510/510 523/523/523
f 524/524/524 525/525/525 517/517/517
f 526/526/526 527/527/527 528/528/528
f 500/500/500 529/529/529 498/498/498
f 530/530/530 492/492/492 509/509/509
f 509/509/509 492/492/492 505/505/505
f 529/529/529 500/500/500 531/531/531
f 493/493/493 492/492/492 530/530/530
f 532/532/532 500/500/500 533/533/533
f 531/531/531 500/500/500 532/532/532
f 524/524/524 534/534/534 525/525/525
f 514/514/514 535/535/535 536/536/536
f 496/496/496 514/514/514 536/536/536
f 498/498/498 529/529/529 520/520/520
f 535/535/535 493/493/493 530/530/530
f 535/535/535 537/537/537 536/536/536
f 538/538/538 539/539/539 540/540/540
f 541/541/541 539/539/539 538/538/538
f 534/534/534 542/542/542 503/503/503
f 534/534/534 503/503/503 499/499/499
f 543/543/543 544/544/544 545/545/545
f 80/80/80 492/492/492 493/493/493
f 546/546/546 547/547/547 548/548/548
f 549/549/549 550/550/550 551/551/551
f 549/549/549 552/552/552 550/550/550
f 553/553/553 500/500/500 503/503/503
f 554/554/554 98/98/98 168/168/168
f 555/555/555 556/556/556 557/557/557
f 183/183/183 558/558/558 179/179/179
f 168/168/168 179/179/179 558/558/558
f 500/500/500 553/553/553 533/533/533
f 559/559/559 168/168/168 558/558/558
f 554/554/554 168/168/168 559/559/559
f 560/560/560 195/195/195 98/98/98
f 560/560/560 98/98/98 554/554/554
f 495/495/495 497/497/497 516/516/516
f 290/290/290 561/561/561 289/289/289
f 561/561/561 562/562/562 289/289/289
f 556/556/556 563/563/563 552/552/552
f 510/510/510 505/505/505 504/504/504
f 564/564/564 562/562/562 565/565/565
f 552/552/552 563/563/563 550/550/550
f 194/194/194 213/213/213 214/214/214
f 213/213/213 566/566/566 214/214/214
f 566/566/566 515/515/515 214/214/214
f 295/295/295 567/567/567 290/290/290
f 567/567/567 561/561/561 290/290/290
f 186/186/186 527/527/527 107/107/107
f 563/563/563 568/568/568 550/550/550
f 569/569/569 515/515/515 570/570/570
f 229/229/229 515/515/515 569/569/569
f 571/571/571 569/569/569 570/570/570
f 565/565/565 562/562/562 561/561/561
f 186/186/186 513/513/513 527/527/527
f 572/572/572 509/509/509 508/508/508
f 186/186/186 506/506/506 513/513/513
f 509/509/509 572/572/572 573/573/573
f 574/574/574 565/565/565 561/561/561
f 508/508/508 510/510/510 522/522/522
f 513/513/513 506/506/506 514/514/514
f 575/575/575 564/564/564 565/565/565
f 528/528/528 527/527/527 513/513/513
f 506/506/506 493/493/493 514/514/514
f 576/576/576 563/563/563 556/556/556
f 576/576/576 568/568/568 563/563/563
f 577/577/577 568/568/568 576/576/576
f 575/575/575 578/578/578 564/564/564
f 578/578/578 579/579/579 564/564/564
f 573/573/573 530/530/530 509/509/509
f 549/549/549 580/580/580 581/581/581
f 582/582/582 580/580/580 549/549/549
f 514/514/514 493/493/493 535/535/535
f 557/557/557 583/583/583 584/584/584
f 585/585/585 552/552/552 581/581/581
f 586/586/586 525/525/525 534/534/534
f 587/587/587 545/545/545 588/588/588
f 582/582/582 587/587/587 588/588/588
f 552/552/552 549/549/549 581/581/581
f 589/589/589 587/587/587 582/582/582
f 551/551/551 589/589/589 582/582/582
f 567/567/567 295/295/295 253/253/253
f 587/587/587 543/543/543 545/545/545
f 124/124/124 590/590/590 122/122/122
f 253/253/253 574/574/574 567/567/567
f 582/582/582 588/588/588 580/580/580
f 591/591/591 592/592/592 543/543/543
f 574/574/574 561/561/561 567/567/567
f 591/591/591 587/587/587 589/589/589
f 591/591/591 543/543/543 587/587/587
f 107/107/107 527/527/527 593/593/593
f 574/574/574 253/253/253 252/252/252
f 589/589/589 551/551/551 550/550/550
f 593/593/593 527/527/527 526/526/526
f 594/594/594 574/574/574 252/252/252
f 595/595/595 565/565/565 574/574/574
f 589/589/589 568/568/568 596/596/596
f 513/513/513 516/516/516 528/528/528
f 596/596/596 591/591/591 589/589/589
f 597/597/597 575/575/575 565/565/565
f 598/598/598 535/535/535 530/530/530
f 598/598/598 537/537/537 535/535/535
f 595/595/595 597/597/597 565/565/565
f 599/599/599 591/591/591 596/596/596
f 600/600/600 592/592/592 591/591/591
f 601/601/601 595/595/595 574/574/574
f 591/591/591 602/602/602 600/600/600
f 603/603/603 595/595/595 601/601/601
f 604/604/604 600/600/600 602/602/602
f 605/605/605 604/604/604 602/602/602
f 606/606/606 537/537/537 598/598/598
f 556/556/556 552/552/552 557/557/557
f 607/607/607 578/578/578 608/608/608
f 605/605/605 602/602/602 591/591/591
f 605/605/605 609/609/609 604/604/604
f 551/551/551 582/582/582 549/549/549
f 610/610/610 605/605/605 591/591/591
f 610/610/610 609/609/609 605/605/605
f 550/550/550 568/568/568 589/589/589
f 596/596/596 568/568/568 599/599/599
f 577/577/577 599/599/599 568/568/568
f 599/599/599 611/611/611 591/591/591
f 577/577/577 611/611/611 599/599/599
f 612/612/612 611/611/611 577/577/577
f 613/613/613 611/611/611 612/612/612
f 613/613/613 612/612/612 614/614/614
f 610/610/610 591/591/591 611/611/611
f 615/615/615 610/610/610 611/611/611
f 610/610/610 615/615/615 616/616/616
f 538/538/538 540/540/540 531/531/531
f 540/540/540 617/617/617 531/531/531
f 618/618/618 619/619/619 620/620/620
f 621/621/621 622/622/622 623/623/623
f 622/622/622 624/624/624 623/623/623
f 625/625/625 619/619/619 618/618/618
f 617/617/617 541/541/541 538/538/538
f 538/538/538 531/531/531 532/532/532
f 626/626/626 615/615/615 627/627/627
f 628/628/628 617/617/617 538/538/538
f 613/613/613 615/615/615 611/611/611
f 627/627/627 615/615/615 613/613/613
f 629/629/629 615/615/615 626/626/626
f 630/630/630 626/626/626 627/627/627
f 631/631/631 617/617/617 628/628/628
f 547/547/547 632/632/632 633/633/633
f 632/632/632 547/547/547 634/634/634
f 634/634/634 547/547/547 546/546/546
f 635/635/635 349/349/349 636/636/636
f 635/635/635 636/636/636 637/637/637
f 348/348/348 636/636/636 349/349/349
f 195/195/195 560/560/560 213/213/213
f 638/638/638 639/639/639 640/640/640
f 640/640/640 639/639/639 641/641/641
f 642/642/642 641/641/641 639/639/639
f 642/642/642 643/643/643 641/641/641
f 420/420/420 644/644/644 396/396/396
f 645/645/645 646/646/646 642/642/642
f 632/632/632 647/647/647 648/648/648
f 396/396/396 644/644/644 649/649/649
f 649/649/649 644/644/644 650/650/650
f 647/647/647 650/650/650 651/651/651
f 647/647/647 651/651/651 648/648/648
f 652/652/652 634/634/634 546/546/546
f 634/634/634 652/652/652 653/653/653
f 654/654/654 653/653/653 655/655/655
f 636/636/636 348/348/348 638/638/638
f 348/348/348 639/639/639 638/638/638
f 639/639/639 348/348/348 656/656/656
f 639/639/639 656/656/656 642/642/642
f 657/657/657 645/645/645 642/642/642
f 421/421/421 396/396/396 649/649/649
f 647/647/647 632/632/632 634/634/634
f 634/634/634 658/658/658 647/647/647
f 348/348/348 415/415/415 656/656/656
f 658/658/658 634/634/634 659/659/659
f 658/658/658 421/421/421 649/649/649
f 657/657/657 656/656/656 660/660/660
f 647/647/647 649/649/649 650/650/650
f 656/656/656 657/657/657 642/642/642
f 658/658/658 649/649/649 647/647/647
f 415/415/415 660/660/660 656/656/656
f 659/659/659 634/634/634 653/653/653
f 659/659/659 653/653/653 654/654/654
f 661/661/661 462/462/462 662/662/662
f 662/662/662 421/421/421 658/658/658
f 491/491/491 663/663/663 450/450/450
f 661/661/661 662/662/662 664/664/664
f 664/664/664 662/662/662 658/658/658
f 665/665/665 658/658/658 659/659/659
f 663/663/663 666/666/666 448/448/448
f 667/667/667 664/664/664 658/658/658
f 667/667/667 658/658/658 665/665/665
f 421/421/421 662/662/662 462/462/462
f 668/668/668 667/667/667 665/665/665
f 659/659/659 654/654/654 665/665/665
f 450/450/450 663/663/663 448/448/448
f 669/669/669 670/670/670 671/671/671
f 669/669/669 672/672/672 670/670/670
f 56/56/56 673/673/673 35/35/35
f 118/118/118 44/44/44 64/64/64
f 673/673/673 33/33/33 35/35/35
f 674/674/674 675/675/675 676/676/676
f 669/669/669 671/671/671 677/677/677
f 241/241/241 676/676/676 675/675/675
f 678/678/678 674/674/674 679/679/679
f 118/118/118 64/64/64 680/680/680
f 118/118/118 681/681/681 89/89/89
f 680/680/680 64/64/64 33/33/33
f 682/682/682 683/683/683 673/673/673
f 684/684/684 680/680/680 673/673/673
f 673/673/673 680/680/680 33/33/33
f 685/685/685 675/675/675 686/686/686
f 685/685/685 686/686/686 687/687/687
f 688/688/688 689/689/689 690/690/690
f 691/691/691 686/686/686 674/674/674
f 692/692/692 693/693/693 694/694/694
f 674/674/674 686/686/686 675/675/675
f 89/89/89 681/681/681 695/695/695
f 696/696/696 697/697/697 698/698/698
f 678/678/678 691/691/691 674/674/674
f 686/686/686 691/691/691 699/699/699
f 691/691/691 678/678/678 700/700/700
f 701/701/701 688/688/688 690/690/690
f 118/118/118 680/680/680 681/681/681
f 700/700/700 702/702/702 691/691/691
f 703/703/703 704/704/704 688/688/688
f 687/687/687 686/686/686 705/705/705
f 680/680/680 706/706/706 681/681/681
f 707/707/707 687/687/687 705/705/705
f 688/688/688 701/701/701 703/703/703
f 673/673/673 683/683/683 708/708/708
f 699/699/699 691/691/691 702/702/702
f 684/684/684 706/706/706 680/680/680
f 699/699/699 705/705/705 686/686/686
f 699/699/699 702/702/702 709/709/709
f 699/699/699 709/709/709 710/710/710
f 711/711/711 712/712/712 713/713/713
f 714/714/714 715/715/715 716/716/716
f 690/690/690 717/717/717 701/701/701
f 716/716/716 715/715/715 707/707/707
f 673/673/673 718/718/718 684/684/684
f 669/669/669 719/719/719 672/672/672
f 672/672/672 719/719/719 720/720/720
f 708/708/708 683/683/683 721/721/721
f 722/722/722 720/720/720 719/719/719
f 723/723/723 695/695/695 706/706/706
f 683/683/683 724/724/724 721/721/721
f 705/705/705 699/699/699 725/725/725
f 701/701/701 726/726/726 703/703/703
f 681/681/681 706/706/706 695/695/695
f 718/718/718 673/673/673 708/708/708
f 689/689/689 706/706/706 684/684/684
f 707/707/707 715/715/715 687/687/687
f 722/722/722 727/727/727 720/720/720
f 689/689/689 684/684/684 718/718/718
f 728/728/728 729/729/729 730/730/730
f 688/688/688 704/704/704 723/723/723
f 731/731/731 732/732/732 733/733/733
f 734/734/734 721/721/721 724/724/724
f 690/690/690 689/689/689 718/718/718
f 298/298/298 735/735/735 682/682/682
f 20/20/20 23/23/23 268/268/268
f 708/708/708 721/721/721 736/736/736
f 298/298/298 737/737/737 735/735/735
f 268/268/268 738/738/738 20/20/20
f 268/268/268 739/739/739 738/738/738
f 740/740/740 708/708/708 736/736/736
f 725/725/725 699/699/699 710/710/710
f 734/734/734 736/736/736 721/721/721
f 741/741/741 739/739/739 268/268/268
f 268/268/268 32/32/32 741/741/741
f 724/724/724 683/683/683 682/682/682
f 723/723/723 704/704/704 742/742/742
f 682/682/682 735/735/735 724/724/724
f 724/724/724 735/735/735 743/743/743
f 742/742/742 704/704/704 744/744/744
f 745/745/745 740/740/740 736/736/736
f 746/746/746 747/747/747 748/748/748
f 671/671/671 749/749/749 677/677/677
f 739/739/739 733/733/733 738/738/738
f 677/677/677 750/750/750 751/751/751
f 744/744/744 752/752/752 742/742/742
f 753/753/753 754/754/754 755/755/755
f 688/688/688 723/723/723 689/689/689
f 706/706/706 689/689/689 723/723/723
f 298/298/298 682/682/682 55/55/55
f 682/682/682 56/56/56 55/55/55
f 704/704/704 756/756/756 744/744/744
f 56/56/56 682/682/682 673/673/673
f 726/726/726 756/756/756 703/703/703
f 703/703/703 756/756/756 704/704/704
f 718/718/718 740/740/740 690/690/690
f 718/718/718 708/708/708 740/740/740
f 717/717/717 690/690/690 740/740/740
f 757/757/757 758/758/758 759/759/759
f 754/754/754 757/757/757 755/755/755
f 32/32/32 31/31/31 741/741/741
f 759/759/759 755/755/755 757/757/757
f 759/759/759 758/758/758 728/728/728
f 760/760/760 741/741/741 761/761/761
f 761/761/761 741/741/741 31/31/31
f 762/762/762 722/722/722 719/719/719
f 763/763/763 751/751/751 764/764/764
f 762/762/762 765/765/765 722/722/722
f 677/677/677 751/751/751 763/763/763
f 766/766/766 767/767/767 768/768/768
f 767/767/767 762/762/762 768/768/768
f 769/769/769 770/770/770 771/771/771
f 772/772/772 677/677/677 763/763/763
f 677/677/677 772/772/772 773/773/773
f 774/774/774 728/728/728 775/775/775
f 776/776/776 777/777/777 774/774/774
f 773/773/773 772/772/772 766/766/766
f 766/766/766 772/772/772 778/778/778
f 777/777/777 771/771/771 774/774/774
f 38/38/38 260/260/260 676/676/676
f 747/747/747 779/779/779 780/780/780
f 781/781/781 747/747/747 780/780/780
f 674/674/674 676/676/676 679/679/679
f 260/260/260 679/679/679 676/676/676
f 782/782/782 781/781/781 780/780/780
f 748/748/748 747/747/747 781/781/781
f 748/748/748 781/781/781 782/782/782
f 679/679/679 260/260/260 246/246/246
f 783/783/783 679/679/679 246/246/246
f 784/784/784 785/785/785 786/786/786
f 678/678/678 679/679/679 783/783/783
f 784/784/784 787/787/787 785/785/785
f 782/782/782 780/780/780 788/788/788
f 789/789/789 787/787/787 784/784/784
f 790/790/790 788/788/788 692/692/692
f 790/790/790 692/692/692 791/791/791
f 789/789/789 792/792/792 793/793/793
f 787/787/787 789/789/789 794/794/794
f 229/229/229 224/224/224 222/222/222
f 794/794/794 789/789/789 793/793/793
f 795/795/795 229/229/229 697/697/697
f 787/787/787 794/794/794 785/785/785
f 694/694/694 796/796/796 685/685/685
f 797/797/797 798/798/798 799/799/799
f 241/241/241 685/685/685 796/796/796
f 241/241/241 675/675/675 685/685/685
f 794/794/794 793/793/793 800/800/800
f 798/798/798 797/797/797 801/801/801
f 802/802/802 243/243/243 244/244/244
f 803/803/803 802/802/802 804/804/804
f 792/792/792 789/789/789 805/805/805
f 685/685/685 715/715/715 694/694/694
f 806/806/806 793/793/793 792/792/792
f 783/783/783 246/246/246 803/803/803
f 243/243/243 802/802/802 246/246/246
f 800/800/800 793/793/793 806/806/806
f 246/246/246 802/802/802 803/803/803
f 714/714/714 694/694/694 715/715/715
f 687/687/687 715/715/715 685/685/685
f 720/720/720 727/727/727 672/672/672
f 783/783/783 803/803/803 678/678/678
f 678/678/678 803/803/803 804/804/804
f 807/807/807 714/714/714 808/808/808
f 809/809/809 794/794/794 800/800/800
f 800/800/800 810/810/810 809/809/809
f 804/804/804 811/811/811 678/678/678
f 700/700/700 678/678/678 811/811/811
f 812/812/812 748/748/748 782/782/782
f 746/746/746 748/748/748 812/812/812
f 782/782/782 813/813/813 814/814/814
f 812/812/812 782/782/782 814/814/814
f 112/112/112 802/802/802 244/244/244
f 224/224/224 802/802/802 112/112/112
f 800/800/800 806/806/806 815/815/815
f 816/816/816 806/806/806 817/817/817
f 224/224/224 818/818/818 802/802/802
f 819/819/819 818/818/818 224/224/224
f 815/815/815 806/806/806 816/816/816
f 818/818/818 804/804/804 802/802/802
f 788/788/788 790/790/790 782/782/782
f 722/722/722 820/820/820 727/727/727
f 813/813/813 782/782/782 790/790/790
f 821/821/821 822/822/822 823/823/823
f 795/795/795 224/224/224 229/229/229
f 813/813/813 790/790/790 824/824/824
f 819/819/819 804/804/804 818/818/818
f 817/817/817 825/825/825 816/816/816
f 819/819/819 224/224/224 795/795/795
f 826/826/826 814/814/814 813/813/813
f 827/827/827 828/828/828 829/829/829
f 830/830/830 829/829/829 828/828/828
f 795/795/795 713/713/713 819/819/819
f 795/795/795 696/696/696 713/713/713
f 831/831/831 821/821/821 832/832/832
f 697/697/697 696/696/696 795/795/795
f 833/833/833 804/804/804 819/819/819
f 824/824/824 826/826/826 813/813/813
f 834/834/834 826/826/826 835/835/835
f 835/835/835 826/826/826 824/824/824
f 811/811/811 804/804/804 833/833/833
f 716/716/716 836/836/836 714/714/714
f 835/835/835 824/824/824 837/837/837
f 814/814/814 838/838/838 812/812/812
f 839/839/839 812/812/812 838/838/838
f 840/840/840 841/841/841 842/842/842
f 732/732/732 731/731/731 843/843/843
f 811/811/811 702/702/702 700/700/700
f 811/811/811 709/709/709 702/702/702
f 844/844/844 709/709/709 811/811/811
f 834/834/834 845/845/845 826/826/826
f 838/838/838 826/826/826 846/846/846
f 844/844/844 811/811/811 847/847/847
f 848/848/848 849/849/849 850/850/850
f 841/841/841 851/851/851 852/852/852
f 841/841/841 852/852/852 842/842/842
f 833/833/833 819/819/819 713/713/713
f 853/853/853 852/852/852 848/848/848
f 854/854/854 855/855/855 856/856/856
f 857/857/857 856/856/856 855/855/855
f 713/713/713 696/696/696 711/711/711
f 791/791/791 714/714/714 807/807/807
f 858/858/858 716/716/716 707/707/707
f 807/807/807 790/790/790 791/791/791
f 824/824/824 790/790/790 807/807/807
f 857/857/857 859/859/859 856/856/856
f 859/859/859 857/857/857 860/860/860
f 861/861/861 836/836/836 716/716/716
f 860/860/860 862/862/862 859/859/859
f 863/863/863 864/864/864 865/865/865
f 864/864/864 711/711/711 865/865/865
f 808/808/808 837/837/837 824/824/824
f 808/808/808 824/824/824 807/807/807
f 861/861/861 716/716/716 858/858/858
f 713/713/713 712/712/712 833/833/833
f 847/847/847 833/833/833 712/712/712
f 833/833/833 847/847/847 811/811/811
f 866/866/866 867/867/867 856/856/856
f 866/866/866 856/856/856 859/859/859
f 847/847/847 712/712/712 711/711/711
f 847/847/847 863/863/863 868/868/868
f 725/725/725 869/869/869 705/705/705
f 711/711/711 863/863/863 847/847/847
f 864/864/864 863/863/863 711/711/711
f 862/862/862 866/866/866 859/859/859
f 870/870/870 862/862/862 860/860/860
f 725/725/725 871/871/871 869/869/869
f 835/835/835 845/845/845 834/834/834
f 835/835/835 872/872/872 845/845/845
f 855/855/855 854/854/854 873/873/873
f 874/874/874 871/871/871 725/725/725
f 872/872/872 835/835/835 875/875/875
f 837/837/837 875/875/875 835/835/835
f 876/876/876 872/872/872 875/875/875
f 855/855/855 873/873/873 877/877/877
f 705/705/705 858/858/858 707/707/707
f 868/868/868 844/844/844 847/847/847
f 869/869/869 858/858/858 705/705/705
f 852/852/852 851/851/851 848/848/848
f 857/857/857 855/855/855 878/878/878
f 879/879/879 845/845/845 872/872/872
f 868/868/868 880/880/880 881/881/881
f 881/881/881 882/882/882 868/868/868
f 844/844/844 868/868/868 882/882/882
f 883/883/883 884/884/884 885/885/885
f 857/857/857 878/878/878 860/860/860
f 871/871/871 858/858/858 869/869/869
f 886/886/886 887/887/887 848/848/848
f 880/880/880 868/868/868 863/863/863
f 848/848/848 888/888/888 853/853/853
f 878/878/878 855/855/855 877/877/877
f 877/877/877 889/889/889 878/878/878
f 881/881/881 880/880/880 890/890/890
f 891/891/891 872/872/872 876/876/876
f 892/892/892 893/893/893 894/894/894
f 891/891/891 876/876/876 895/895/895
f 896/896/896 894/894/894 893/893/893
f 897/897/897 896/896/896 893/893/893
f 897/897/897 898/898/898 896/896/896
f 888/888/888 848/848/848 887/887/887
f 836/836/836 861/861/861 899/899/899
f 878/878/878 889/889/889 900/900/900
f 888/888/888 887/887/887 901/901/901
f 902/902/902 860/860/860 903/903/903
f 888/888/888 901/901/901 904/904/904
f 885/885/885 898/898/898 883/883/883
f 905/905/905 883/883/883 898/898/898
f 906/906/906 899/899/899 861/861/861
f 907/907/907 882/882/882 881/881/881
f 890/890/890 907/907/907 881/881/881
f 862/862/862 870/870/870 908/908/908
f 854/854/854 882/882/882 907/907/907
f 909/909/909 837/837/837 910/910/910
f 911/911/911 873/873/873 907/907/907
f 873/873/873 854/854/854 907/907/907
f 836/836/836 910/910/910 808/808/808
f 837/837/837 808/808/808 910/910/910
f 828/828/828 827/827/827 912/912/912
f 877/877/877 873/873/873 913/913/913
f 914/914/914 910/910/910 915/915/915
f 870/870/870 860/860/860 902/902/902
f 916/916/916 877/877/877 913/913/913
f 858/858/858 871/871/871 906/906/906
f 875/875/875 837/837/837 909/909/909
f 895/895/895 909/909/909 917/917/917
f 303/303/303 918/918/918 301/301/301
f 914/914/914 909/909/909 910/910/910
f 906/906/906 861/861/861 858/858/858
f 828/828/828 912/912/912 919/919/919
f 920/920/920 921/921/921 922/922/922
f 917/917/917 909/909/909 914/914/914
f 923/923/923 920/920/920 922/922/922
f 924/924/924 918/918/918 925/925/925
f 926/926/926 927/927/927 928/928/928
f 883/883/883 926/926/926 928/928/928
f 914/914/914 915/915/915 929/929/929
f 924/924/924 925/925/925 930/930/930
f 931/931/931 906/906/906 871/871/871
f 932/932/932 931/931/931 871/871/871
f 933/933/933 914/914/914 929/929/929
f 921/921/921 934/934/934 935/935/935
f 936/936/936 895/895/895 917/917/917
f 937/937/937 930/930/930 925/925/925
f 938/938/938 904/904/904 901/901/901
f 921/921/921 939/939/939 940/940/940
f 941/941/941 942/942/942 943/943/943
f 931/931/931 899/899/899 906/906/906
f 934/934/934 921/921/921 940/940/940
f 944/944/944 934/934/934 940/940/940
f 747/747/747 945/945/945 946/946/946
f 931/931/931 805/805/805 899/899/899
f 945/945/945 747/747/747 746/746/746
f 947/947/947 948/948/948 949/949/949
f 950/950/950 946/946/946 945/945/945
f 944/944/944 948/948/948 947/947/947
f 931/931/931 932/932/932 867/867/867
f 947/947/947 949/949/949 951/951/951
f 951/951/951 949/949/949 841/841/841
f 731/731/731 733/733/733 741/741/741
f 836/836/836 808/808/808 714/714/714
f 407/407/407 303/303/303 302/302/302
f 302/302/302 406/406/406 407/407/407
f 733/733/733 739/739/739 741/741/741
f 952/952/952 303/303/303 407/407/407
f 305/305/305 952/952/952 407/407/407
f 918/918/918 303/303/303 952/952/952
f 407/407/407 304/304/304 305/305/305
f 915/915/915 910/910/910 836/836/836
f 953/953/953 731/731/731 741/741/741
f 899/899/899 915/915/915 836/836/836
f 918/918/918 952/952/952 925/925/925
f 952/952/952 954/954/954 925/925/925
f 952/952/952 305/305/305 955/955/955
f 759/759/759 770/770/770 755/755/755
f 954/954/954 952/952/952 955/955/955
f 955/955/955 305/305/305 956/956/956
f 779/779/779 954/954/954 955/955/955
f 915/915/915 899/899/899 929/929/929
f 805/805/805 929/929/929 899/899/899
f 770/770/770 759/759/759 771/771/771
f 728/728/728 771/771/771 759/759/759
f 957/957/957 958/958/958 85/85/85
f 956/956/956 305/305/305 142/142/142
f 142/142/142 85/85/85 958/958/958
f 956/956/956 142/142/142 958/958/958
f 958/958/958 957/957/957 956/956/956
f 959/959/959 956/956/956 957/957/957
f 955/955/955 959/959/959 957/957/957
f 955/955/955 957/957/957 693/693/693
f 955/955/955 956/956/956 959/959/959
f 960/960/960 961/961/961 710/710/710
f 957/957/957 796/796/796 693/693/693
f 710/710/710 961/961/961 725/725/725
f 961/961/961 874/874/874 725/725/725
f 962/962/962 761/761/761 31/31/31
f 779/779/779 955/955/955 788/788/788
f 788/788/788 955/955/955 692/692/692
f 960/960/960 710/710/710 709/709/709
f 762/762/762 719/719/719 768/768/768
f 960/960/960 709/709/709 844/844/844
f 692/692/692 955/955/955 693/693/693
f 844/844/844 882/882/882 960/960/960
f 932/932/932 871/871/871 874/874/874
f 932/932/932 874/874/874 961/961/961
f 761/761/761 963/963/963 760/760/760
f 961/961/961 960/960/960 882/882/882
f 791/791/791 692/692/692 714/714/714
f 714/714/714 692/692/692 694/694/694
f 765/765/765 964/964/964 722/722/722
f 937/937/937 925/925/925 954/954/954
f 954/954/954 779/779/779 937/937/937
f 937/937/937 779/779/779 747/747/747
f 747/747/747 930/930/930 937/937/937
f 856/856/856 867/867/867 961/961/961
f 779/779/779 788/788/788 780/780/780
f 856/856/856 882/882/882 854/854/854
f 961/961/961 882/882/882 856/856/856
f 961/961/961 867/867/867 932/932/932
f 965/965/965 763/763/763 966/966/966
f 965/965/965 966/966/966 967/967/967
f 963/963/963 968/968/968 760/760/760
f 917/917/917 914/914/914 933/933/933
f 762/762/762 767/767/767 969/969/969
f 933/933/933 929/929/929 784/784/784
f 933/933/933 784/784/784 786/786/786
f 970/970/970 936/936/936 917/917/917
f 933/933/933 970/970/970 917/917/917
f 933/933/933 786/786/786 970/970/970
f 971/971/971 938/938/938 972/972/972
f 938/938/938 971/971/971 904/904/904
f 971/971/971 972/972/972 973/973/973
f 974/974/974 970/970/970 786/786/786
f 975/975/975 904/904/904 971/971/971
f 976/976/976 971/971/971 973/973/973
f 669/669/669 677/677/677 773/773/773
f 977/977/977 968/968/968 963/963/963
f 669/669/669 773/773/773 768/768/768
f 669/669/669 768/768/768 719/719/719
f 978/978/978 979/979/979 778/778/778
f 766/766/766 768/768/768 773/773/773
f 778/778/778 763/763/763 978/978/978
f 778/778/778 772/772/772 763/763/763
f 774/774/774 771/771/771 728/728/728
f 792/792/792 805/805/805 931/931/931
f 980/980/980 981/981/981 762/762/762
f 931/931/931 867/867/867 792/792/792
f 980/980/980 982/982/982 981/981/981
f 982/982/982 983/983/983 981/981/981
f 806/806/806 792/792/792 984/984/984
f 85/85/85 135/135/135 241/241/241
f 792/792/792 867/867/867 984/984/984
f 866/866/866 984/984/984 867/867/867
f 85/85/85 241/241/241 957/957/957
f 817/817/817 806/806/806 984/984/984
f 984/984/984 862/862/862 817/817/817
f 866/866/866 862/862/862 984/984/984
f 676/676/676 241/241/241 38/38/38
f 771/771/771 777/777/777 769/769/769
f 825/825/825 817/817/817 908/908/908
f 817/817/817 862/862/862 908/908/908
f 796/796/796 957/957/957 241/241/241
f 789/789/789 929/929/929 805/805/805
f 929/929/929 789/789/789 784/784/784
f 694/694/694 693/693/693 796/796/796
f 985/985/985 797/797/797 986/986/986
f 987/987/987 988/988/988 989/989/989
f 990/990/990 991/991/991 987/987/987
f 990/990/990 987/987/987 989/989/989
f 985/985/985 986/986/986 822/822/822
f 830/830/830 832/832/832 829/829/829
f 832/832/832 992/992/992 831/831/831
f 832/832/832 830/830/830 992/992/992
f 985/985/985 822/822/822 821/821/821
f 812/812/812 839/839/839 746/746/746
f 993/993/993 994/994/994 995/995/995
f 995/995/995 996/996/996 993/993/993
f 951/951/951 841/841/841 840/840/840
f 838/838/838 814/814/814 826/826/826
f 905/905/905 926/926/926 883/883/883
f 997/997/997 998/998/998 999/999/999
f 1000/1000/1000 907/907/907 890/890/890
f 1001/1001/1001 1002/1002/1002 1003/1003/1003
f 909/909/909 876/876/876 875/875/875
f 876/876/876 909/909/909 895/895/895
f 919/919/919 912/912/912 927/927/927
f 935/935/935 922/922/922 921/921/921
f 1004/1004/1004 1005/1005/1005 1006/1006/1006
f 912/912/912 928/928/928 927/927/927
f 919/919/919 830/830/830 828/828/828
f 1007/1007/1007 334/334/334 333/333/333
f 1008/1008/1008 1007/1007/1007 333/333/333
f 1008/1008/1008 1004/1004/1004 1006/1006/1006
f 1009/1009/1009 994/994/994 1005/1005/1005
f 1010/1010/1010 973/973/973 801/801/801
f 975/975/975 971/971/971 976/976/976
f 1011/1011/1011 1012/1012/1012 1013/1013/1013
f 976/976/976 973/973/973 1010/1010/1010
f 1014/1014/1014 1015/1015/1015 1016/1016/1016
f 1015/1015/1015 1014/1014/1014 1017/1017/1017
f 888/888/888 904/904/904 1018/1018/1018
f 794/794/794 809/809/809 1019/1019/1019
f 801/801/801 797/797/797 1010/1010/1010
f 1020/1020/1020 1011/1011/1011 988/988/988
f 1006/1006/1006 1007/1007/1007 1008/1008/1008
f 334/334/334 1007/1007/1007 328/328/328
f 410/410/410 328/328/328 1007/1007/1007
f 1021/1021/1021 1007/1007/1007 1006/1006/1006
f 1021/1021/1021 410/410/410 1007/1007/1007
f 994/994/994 1006/1006/1006 1005/1005/1005
f 1012/1012/1012 1011/1011/1011 1020/1020/1020
f 994/994/994 1021/1021/1021 1006/1006/1006
f 987/987/987 1022/1022/1022 1020/1020/1020
f 988/988/988 987/987/987 1020/1020/1020
f 1023/1023/1023 1021/1021/1021 994/994/994
f 1024/1024/1024 1025/1025/1025 991/991/991
f 991/991/991 1025/1025/1025 987/987/987
f 1002/1002/1002 1026/1026/1026 1003/1003/1003
f 1027/1027/1027 998/998/998 997/997/997
f 1026/1026/1026 1027/1027/1027 997/997/997
f 1026/1026/1026 997/997/997 1003/1003/1003
f 1023/1023/1023 994/994/994 993/993/993
f 1028/1028/1028 1023/1023/1023 993/993/993
f 1016/1016/1016 1015/1015/1015 1028/1028/1028
f 1025/1025/1025 1024/1024/1024 1029/1029/1029
f 1027/1027/1027 1025/1025/1025 1030/1030/1030
f 1030/1030/1030 1025/1025/1025 1029/1029/1029
f 1031/1031/1031 1002/1002/1002 1032/1032/1032
f 1031/1031/1031 1026/1026/1026 1002/1002/1002
f 1027/1027/1027 1030/1030/1030 998/998/998
f 1020/1020/1020 1033/1033/1033 1012/1012/1012
f 1028/1028/1028 1034/1034/1034 1023/1023/1023
f 1034/1034/1034 1028/1028/1028 1015/1015/1015
f 1034/1034/1034 1015/1015/1015 1033/1033/1033
f 1013/1013/1013 1015/1015/1015 1017/1017/1017
f 1012/1012/1012 1033/1033/1033 1015/1015/1015
f 1015/1015/1015 1013/1013/1013 1012/1012/1012
f 1035/1035/1035 1036/1036/1036 1037/1037/1037
f 1036/1036/1036 1035/1035/1035 1038/1038/1038
f 1039/1039/1039 1040/1040/1040 1041/1041/1041
f 1042/1042/1042 1043/1043/1043 1044/1044/1044
f 1044/1044/1044 1043/1043/1043 1039/1039/1039
f 1045/1045/1045 1046/1046/1046 1047/1047/1047
f 1047/1047/1047 1048/1048/1048 1045/1045/1045
f 1048/1048/1048 1049/1049/1049 1045/1045/1045
f 1048/1048/1048 1050/1050/1050 1049/1049/1049
f 1042/1042/1042 1049/1049/1049 1043/1043/1043
f 1043/1043/1043 1040/1040/1040 1039/1039/1039
f 1049/1049/1049 1051/1051/1051 1043/1043/1043
f 1046/1046/1046 1045/1045/1045 1052/1052/1052
f 1053/1053/1053 1054/1054/1054 1055/1055/1055
f 1042/1042/1042 1052/1052/1052 1045/1045/1045
f 485/485/485 1055/1055/1055 1054/1054/1054
f 1056/1056/1056 1057/1057/1057 1053/1053/1053
f 1045/1045/1045 1049/1049/1049 1042/1042/1042
f 1054/1054/1054 1053/1053/1053 1057/1057/1057
f 1037/1037/1037 1057/1057/1057 1056/1056/1056
f 1036/1036/1036 1057/1057/1057 1037/1037/1037
f 1058/1058/1058 486/486/486 1059/1059/1059
f 1060/1060/1060 1061/1061/1061 1062/1062/1062
f 1062/1062/1062 1063/1063/1063 1059/1059/1059
f 1057/1057/1057 1036/1036/1036 1060/1060/1060
f 1064/1064/1064 1059/1059/1059 1063/1063/1063
f 1036/1036/1036 1038/1038/1038 1065/1065/1065
f 1066/1066/1066 1067/1067/1067 1068/1068/1068
f 1067/1067/1067 1069/1069/1069 1068/1068/1068
f 1070/1070/1070 1069/1069/1069 1067/1067/1067
f 1071/1071/1071 1038/1038/1038 1035/1035/1035
f 1069/1069/1069 1072/1072/1072 1073/1073/1073
f 1040/1040/1040 1074/1074/1074 1075/1075/1075
f 1076/1076/1076 1075/1075/1075 1074/1074/1074
f 1074/1074/1074 1040/1040/1040 1043/1043/1043
f 1068/1068/1068 1069/1069/1069 1077/1077/1077
f 1078/1078/1078 1068/1068/1068 1077/1077/1077
f 1079/1079/1079 1066/1066/1066 1068/1068/1068
f 1080/1080/1080 1063/1063/1063 1081/1081/1081
f 1082/1082/1082 1068/1068/1068 1078/1078/1078
f 1063/1063/1063 1083/1083/1083 1064/1064/1064
f 1084/1084/1084 1082/1082/1082 1078/1078/1078
f 1085/1085/1085 1084/1084/1084 1078/1078/1078
f 1086/1086/1086 1050/1050/1050 1048/1048/1048
f 1087/1087/1087 1088/1088/1088 1089/1089/1089
f 1074/1074/1074 1043/1043/1043 1090/1090/1090
f 1090/1090/1090 1043/1043/1043 1051/1051/1051
f 1051/1051/1051 1049/1049/1049 1050/1050/1050
f 1091/1091/1091 1087/1087/1087 1089/1089/1089
f 1092/1092/1092 1078/1078/1078 1093/1093/1093
f 1094/1094/1094 1085/1085/1085 1092/1092/1092
f 1095/1095/1095 1096/1096/1096 1097/1097/1097
f 1098/1098/1098 1096/1096/1096 1095/1095/1095
f 1099/1099/1099 1050/1050/1050 1100/1100/1100
f 483/483/483 485/485/485 1101/1101/1101
f 1101/1101/1101 485/485/485 1054/1054/1054
f 1050/1050/1050 1090/1090/1090 1051/1051/1051
f 1057/1057/1057 1101/1101/1101 1054/1054/1054
f 1102/1102/1102 1074/1074/1074 1090/1090/1090
f 1101/1101/1101 1057/1057/1057 1060/1060/1060
f 1093/1093/1093 1103/1103/1103 1092/1092/1092
f 1036/1036/1036 1061/1061/1061 1060/1060/1060
f 483/483/483 1101/1101/1101 486/486/486
f 1092/1092/1092 1085/1085/1085 1078/1078/1078
f 1101/1101/1101 1059/1059/1059 486/486/486
f 1059/1059/1059 1101/1101/1101 1062/1062/1062
f 1101/1101/1101 1060/1060/1060 1062/1062/1062
f 1104/1104/1104 1105/1105/1105 1091/1091/1091
f 1105/1105/1105 1087/1087/1087 1091/1091/1091
f 1106/1106/1106 1094/1094/1094 1107/1107/1107
f 1108/1108/1108 1109/1109/1109 553/553/553
f 1110/1110/1110 511/511/511 109/109/109
f 1111/1111/1111 1112/1112/1112 1113/1113/1113
f 89/89/89 1110/1110/1110 109/109/109
f 1114/1114/1114 1115/1115/1115 1116/1116/1116
f 1117/1117/1117 1118/1118/1118 1119/1119/1119
f 1120/1120/1120 1112/1112/1112 1121/1121/1121
f 1111/1111/1111 1121/1121/1121 1112/1112/1112
f 695/695/695 1110/1110/1110 89/89/89
f 1122/1122/1122 1123/1123/1123 695/695/695
f 1118/1118/1118 1124/1124/1124 1125/1125/1125
f 1113/1113/1113 1112/1112/1112 1126/1126/1126
f 1127/1127/1127 1128/1128/1128 880/880/880
f 1122/1122/1122 695/695/695 723/723/723
f 1124/1124/1124 1117/1117/1117 1129/1129/1129
f 1130/1130/1130 1131/1131/1131 511/511/511
f 511/511/511 1110/1110/1110 1130/1130/1130
f 1132/1132/1132 1112/1112/1112 1120/1120/1120
f 1133/1133/1133 1125/1125/1125 1124/1124/1124
f 1134/1134/1134 1133/1133/1133 1124/1124/1124
f 517/517/517 1135/1135/1135 524/524/524
f 1121/1121/1121 1136/1136/1136 1120/1120/1120
f 1137/1137/1137 1138/1138/1138 1126/1126/1126
f 1123/1123/1123 1122/1122/1122 1139/1139/1139
f 1140/1140/1140 524/524/524 1141/1141/1141
f 1142/1142/1142 1143/1143/1143 1144/1144/1144
f 1145/1145/1145 1138/1138/1138 1146/1146/1146
f 1147/1147/1147 1142/1142/1142 1144/1144/1144
f 1148/1148/1148 1149/1149/1149 1150/1150/1150
f 1149/1149/1149 1151/1151/1151 1150/1150/1150
f 1138/1138/1138 1137/1137/1137 1146/1146/1146
f 1123/1123/1123 1110/1110/1110 695/695/695
f 1152/1152/1152 1153/1153/1153 1154/1154/1154
f 1150/1150/1150 1155/1155/1155 1156/1156/1156
f 1157/1157/1157 1145/1145/1145 1146/1146/1146
f 1158/1158/1158 1153/1153/1153 1152/1152/1152
f 1153/1153/1153 1158/1158/1158 1159/1159/1159
f 1143/1143/1143 1160/1160/1160 1144/1144/1144
f 1146/1146/1146 1137/1137/1137 1161/1161/1161
f 1162/1162/1162 1110/1110/1110 1123/1123/1123
f 1130/1130/1130 1110/1110/1110 1162/1162/1162
f 1135/1135/1135 1163/1163/1163 1141/1141/1141
f 1164/1164/1164 1137/1137/1137 1126/1126/1126
f 1165/1165/1165 1166/1166/1166 1167/1167/1167
f 1139/1139/1139 1162/1162/1162 1123/1123/1123
f 1168/1168/1168 1162/1162/1162 1139/1139/1139
f 1122/1122/1122 1169/1169/1169 1139/1139/1139
f 1142/1142/1142 1141/1141/1141 1163/1163/1163
f 723/723/723 1169/1169/1169 1122/1122/1122
f 1170/1170/1170 1166/1166/1166 1171/1171/1171
f 542/542/542 534/534/534 524/524/524
f 1169/1169/1169 1172/1172/1172 1139/1139/1139
f 1164/1164/1164 1161/1161/1161 1137/1137/1137
f 1161/1161/1161 1164/1164/1164 1173/1173/1173
f 1169/1169/1169 723/723/723 742/742/742
f 1141/1141/1141 1142/1142/1142 1140/1140/1140
f 1174/1174/1174 1175/1175/1175 1176/1176/1176
f 1177/1177/1177 1113/1113/1113 1126/1126/1126
f 1158/1158/1158 1178/1178/1178 1179/1179/1179
f 1180/1180/1180 1181/1181/1181 1182/1182/1182
f 1179/1179/1179 1183/1183/1183 1184/1184/1184
f 1185/1185/1185 1179/1179/1179 1184/1184/1184
f 1181/1181/1181 1186/1186/1186 1187/1187/1187
f 1180/1180/1180 1182/1182/1182 1186/1186/1186
f 1188/1188/1188 1147/1147/1147 1189/1189/1189
f 1190/1190/1190 1191/1191/1191 1192/1192/1192
f 1186/1186/1186 1181/1181/1181 1180/1180/1180
f 1193/1193/1193 1194/1194/1194 1195/1195/1195
f 1196/1196/1196 1197/1197/1197 1198/1198/1198
f 1119/1119/1119 1159/1159/1159 1158/1158/1158
f 1199/1199/1199 1200/1200/1200 1195/1195/1195
f 1201/1201/1201 753/753/753 755/755/755
f 1187/1187/1187 1186/1186/1186 1111/1111/1111
f 1119/1119/1119 1158/1158/1158 1179/1179/1179
f 1111/1111/1111 1186/1186/1186 1121/1121/1121
f 770/770/770 1201/1201/1201 755/755/755
f 1121/1121/1121 1186/1186/1186 1202/1202/1202
f 1117/1117/1117 1119/1119/1119 1179/1179/1179
f 1190/1190/1190 1192/1192/1192 1156/1156/1156
f 1203/1203/1203 1204/1204/1204 1190/1190/1190
f 1196/1196/1196 1148/1148/1148 1197/1197/1197
f 1148/1148/1148 1196/1196/1196 1115/1115/1115
f 1129/1129/1129 1117/1117/1117 1205/1205/1205
f 1206/1206/1206 1201/1201/1201 1207/1207/1207
f 1148/1148/1148 1115/1115/1115 1149/1149/1149
f 1192/1192/1192 1197/1197/1197 1148/1148/1148
f 1181/1181/1181 1208/1208/1208 1182/1182/1182
f 1201/1201/1201 1206/1206/1206 1170/1170/1170
f 1148/1148/1148 1150/1150/1150 1192/1192/1192
f 1209/1209/1209 1169/1169/1169 742/742/742
f 1178/1178/1178 1183/1183/1183 1179/1179/1179
f 1167/1167/1167 1206/1206/1206 1207/1207/1207
f 1207/1207/1207 1210/1210/1210 1167/1167/1167
f 752/752/752 1209/1209/1209 742/742/742
f 553/553/553 503/503/503 542/542/542
f 1211/1211/1211 1108/1108/1108 542/542/542
f 1212/1212/1212 1213/1213/1213 616/616/616
f 1214/1214/1214 1215/1215/1215 1216/1216/1216
f 1217/1217/1217 1218/1218/1218 1219/1219/1219
f 1220/1220/1220 1214/1214/1214 1216/1216/1216
f 569/569/569 1221/1221/1221 229/229/229
f 1156/1156/1156 1222/1222/1222 1190/1190/1190
f 1223/1223/1223 1224/1224/1224 1225/1225/1225
f 1226/1226/1226 1227/1227/1227 1228/1228/1228
f 1229/1229/1229 628/628/628 1230/1230/1230
f 569/569/569 571/571/571 1231/1231/1231
f 1232/1232/1232 1233/1233/1233 1234/1234/1234
f 697/697/697 229/229/229 1221/1221/1221
f 1235/1235/1235 1236/1236/1236 1111/1111/1111
f 1235/1235/1235 1111/1111/1111 1113/1113/1113
f 1232/1232/1232 1234/1234/1234 1237/1237/1237
f 697/697/697 1221/1221/1221 698/698/698
f 1238/1238/1238 1239/1239/1239 1240/1240/1240
f 1241/1241/1241 1221/1221/1221 569/569/569
f 1242/1242/1242 1243/1243/1243 1244/1244/1244
f 1241/1241/1241 569/569/569 1242/1242/1242
f 1242/1242/1242 1244/1244/1244 1241/1241/1241
f 1245/1245/1245 1246/1246/1246 1247/1247/1247
f 1245/1245/1245 1248/1248/1248 1246/1246/1246
f 1249/1249/1249 1250/1250/1250 1214/1214/1214
f 1251/1251/1251 1248/1248/1248 1245/1245/1245
f 1248/1248/1248 1251/1251/1251 1252/1252/1252
f 1253/1253/1253 913/913/913 873/873/873
f 1230/1230/1230 1238/1238/1238 1240/1240/1240
f 1254/1254/1254 1252/1252/1252 1251/1251/1251
f 1255/1255/1255 913/913/913 1256/1256/1256
f 1253/1253/1253 1256/1256/1256 913/913/913
f 1243/1243/1243 1257/1257/1257 1258/1258/1258
f 1258/1258/1258 1257/1257/1257 1259/1259/1259
f 1254/1254/1254 1251/1251/1251 1260/1260/1260
f 1258/1258/1258 1259/1259/1259 1261/1261/1261
f 916/916/916 913/913/913 1255/1255/1255
f 1244/1244/1244 1243/1243/1243 1258/1258/1258
f 1258/1258/1258 1262/1262/1262 1244/1244/1244
f 1263/1263/1263 1256/1256/1256 1253/1253/1253
f 1264/1264/1264 1265/1265/1265 1266/1266/1266
f 1261/1261/1261 1267/1267/1267 1258/1258/1258
f 1258/1258/1258 1268/1268/1268 1262/1262/1262
f 1267/1267/1267 1268/1268/1268 1258/1258/1258
f 524/524/524 1135/1135/1135 1141/1141/1141
f 1269/1269/1269 1190/1190/1190 1222/1222/1222
f 1270/1270/1270 1224/1224/1224 1223/1223/1223
f 1203/1203/1203 1190/1190/1190 1269/1269/1269
f 1271/1271/1271 698/698/698 1221/1221/1221
f 1272/1272/1272 1241/1241/1241 1244/1244/1244
f 1241/1241/1241 1272/1272/1272 1271/1271/1271
f 629/629/629 616/616/616 615/615/615
f 628/628/628 538/538/538 532/532/532
f 1271/1271/1271 1273/1273/1273 1274/1274/1274
f 1271/1271/1271 1272/1272/1272 1273/1273/1273
f 1275/1275/1275 1276/1276/1276 1226/1226/1226
f 1108/1108/1108 553/553/553 542/542/542
f 1226/1226/1226 1277/1277/1277 1227/1227/1227
f 1278/1278/1278 1273/1273/1273 1272/1272/1272
f 1279/1279/1279 1280/1280/1280 1273/1273/1273
f 1279/1279/1279 1281/1281/1281 1280/1280/1280
f 1226/1226/1226 1282/1282/1282 1277/1277/1277
f 1283/1283/1283 1203/1203/1203 1269/1269/1269
f 1278/1278/1278 1244/1244/1244 1262/1262/1262
f 1284/1284/1284 1203/1203/1203 1283/1283/1283
f 1244/1244/1244 1278/1278/1278 1272/1272/1272
f 1262/1262/1262 1285/1285/1285 1278/1278/1278
f 1286/1286/1286 1284/1284/1284 1283/1283/1283
f 1287/1287/1287 1285/1285/1285 1262/1262/1262
f 1288/1288/1288 1289/1289/1289 1290/1290/1290
f 1268/1268/1268 1287/1287/1287 1262/1262/1262
f 1288/1288/1288 1291/1291/1291 1292/1292/1292
f 1279/1279/1279 1273/1273/1273 1278/1278/1278
f 1278/1278/1278 1285/1285/1285 1279/1279/1279
f 1292/1292/1292 1291/1291/1291 1293/1293/1293
f 1285/1285/1285 1294/1294/1294 1279/1279/1279
f 1229/1229/1229 1295/1295/1295 628/628/628
f 1296/1296/1296 1297/1297/1297 1298/1298/1298
f 1294/1294/1294 1285/1285/1285 1287/1287/1287
f 1142/1142/1142 1163/1163/1163 1143/1143/1143
f 1299/1299/1299 1293/1293/1293 1300/1300/1300
f 1211/1211/1211 1188/1188/1188 1301/1301/1301
f 1298/1298/1298 1302/1302/1302 1296/1296/1296
f 1303/1303/1303 1304/1304/1304 1305/1305/1305
f 1138/1138/1138 1177/1177/1177 1126/1126/1126
f 1245/1245/1245 1260/1260/1260 1251/1251/1251
f 524/524/524 1140/1140/1140 542/542/542
f 1306/1306/1306 1307/1307/1307 1308/1308/1308
f 1309/1309/1309 1307/1307/1307 1310/1310/1310
f 1211/1211/1211 1301/1301/1301 1311/1311/1311
f 1312/1312/1312 1211/1211/1211 1311/1311/1311
f 1313/1313/1313 1260/1260/1260 1314/1314/1314
f 1315/1315/1315 1314/1314/1314 1260/1260/1260
f 1316/1316/1316 1193/1193/1193 1195/1195/1195
f 1316/1316/1316 1195/1195/1195 1317/1317/1317
f 1317/1317/1317 1318/1318/1318 1316/1316/1316
f 1271/1271/1271 1274/1274/1274 698/698/698
f 1230/1230/1230 1240/1240/1240 1319/1319/1319
f 1282/1282/1282 1245/1245/1245 1277/1277/1277
f 1320/1320/1320 711/711/711 696/696/696
f 1307/1307/1307 1321/1321/1321 1322/1322/1322
f 1307/1307/1307 1322/1322/1322 1308/1308/1308
f 696/696/696 698/698/698 1320/1320/1320
f 1320/1320/1320 698/698/698 1274/1274/1274
f 1323/1323/1323 1319/1319/1319 1240/1240/1240
f 1324/1324/1324 1177/1177/1177 1138/1138/1138
f 1312/1312/1312 1108/1108/1108 1211/1211/1211
f 1274/1274/1274 1273/1273/1273 1320/1320/1320
f 865/865/865 711/711/711 1320/1320/1320
f 1229/1229/1229 1230/1230/1230 1319/1319/1319
f 1280/1280/1280 1325/1325/1325 1320/1320/1320
f 1127/1127/1127 1320/1320/1320 1325/1325/1325
f 1260/1260/1260 1245/1245/1245 1282/1282/1282
f 1293/1293/1293 1291/1291/1291 1300/1300/1300
f 865/865/865 1320/1320/1320 1127/1127/1127
f 1145/1145/1145 1324/1324/1324 1138/1138/1138
f 1315/1315/1315 1260/1260/1260 1282/1282/1282
f 1280/1280/1280 1320/1320/1320 1273/1273/1273
f 1312/1312/1312 1311/1311/1311 1326/1326/1326
f 1326/1326/1326 1311/1311/1311 1327/1327/1327
f 1328/1328/1328 1282/1282/1282 1329/1329/1329
f 1330/1330/1330 1282/1282/1282 1328/1328/1328
f 1331/1331/1331 1332/1332/1332 1333/1333/1333
f 1334/1334/1334 1321/1321/1321 1335/1335/1335
f 1140/1140/1140 1211/1211/1211 542/542/542
f 1330/1330/1330 1315/1315/1315 1282/1282/1282
f 1200/1200/1200 1199/1199/1199 1336/1336/1336
f 1323/1323/1323 1337/1337/1337 1319/1319/1319
f 1338/1338/1338 1317/1317/1317 1200/1200/1200
f 1339/1339/1339 1340/1340/1340 1341/1341/1341
f 1338/1338/1338 1200/1200/1200 1342/1342/1342
f 1126/1126/1126 1112/1112/1112 1132/1132/1132
f 1188/1188/1188 1140/1140/1140 1142/1142/1142
f 1164/1164/1164 1126/1126/1126 1132/1132/1132
f 1211/1211/1211 1140/1140/1140 1188/1188/1188
f 1188/1188/1188 1142/1142/1142 1147/1147/1147
f 1108/1108/1108 1230/1230/1230 1109/1109/1109
f 1317/1317/1317 1195/1195/1195 1200/1200/1200
f 1167/1167/1167 1166/1166/1166 1170/1170/1170
f 1343/1343/1343 1286/1286/1286 1344/1344/1344
f 1281/1281/1281 1345/1345/1345 1280/1280/1280
f 1286/1286/1286 1346/1346/1346 1347/1347/1347
f 1345/1345/1345 1281/1281/1281 1348/1348/1348
f 533/533/533 553/553/553 1109/1109/1109
f 1349/1349/1349 1350/1350/1350 1351/1351/1351
f 1349/1349/1349 1352/1352/1352 1350/1350/1350
f 1346/1346/1346 1286/1286/1286 1343/1343/1343
f 1344/1344/1344 1286/1286/1286 1283/1283/1283
f 1127/1127/1127 1325/1325/1325 1280/1280/1280
f 1353/1353/1353 1354/1354/1354 1355/1355/1355
f 863/863/863 865/865/865 1127/1127/1127
f 1165/1165/1165 1167/1167/1167 1210/1210/1210
f 1356/1356/1356 1357/1357/1357 1358/1358/1358
f 1346/1346/1346 1343/1343/1343 1359/1359/1359
f 1360/1360/1360 1361/1361/1361 1354/1354/1354
f 1353/1353/1353 1360/1360/1360 1354/1354/1354
f 1362/1362/1362 1280/1280/1280 1345/1345/1345
f 1359/1359/1359 1363/1363/1363 1364/1364/1364
f 1280/1280/1280 1362/1362/1362 1127/1127/1127
f 1346/1346/1346 1359/1359/1359 1364/1364/1364
f 1108/1108/1108 1312/1312/1312 1230/1230/1230
f 1349/1349/1349 1365/1365/1365 1352/1352/1352
f 1346/1346/1346 1366/1366/1366 1367/1367/1367
f 1368/1368/1368 890/890/890 1128/1128/1128
f 1369/1369/1369 1365/1365/1365 1370/1370/1370
f 1127/1127/1127 1362/1362/1362 1128/1128/1128
f 1362/1362/1362 1371/1371/1371 1128/1128/1128
f 1128/1128/1128 1371/1371/1371 1368/1368/1368
f 880/880/880 863/863/863 1127/1127/1127
f 890/890/890 880/880/880 1128/1128/1128
f 1372/1372/1372 1254/1254/1254 1260/1260/1260
f 1373/1373/1373 1374/1374/1374 1375/1375/1375
f 1373/1373/1373 1375/1375/1375 1376/1376/1376
f 1326/1326/1326 1230/1230/1230 1312/1312/1312
f 1377/1377/1377 1378/1378/1378 1379/1379/1379
f 1375/1375/1375 1133/1133/1133 1380/1380/1380
f 1377/1377/1377 1379/1379/1379 1381/1381/1381
f 1238/1238/1238 1230/1230/1230 1326/1326/1326
f 1115/1115/1115 1382/1382/1382 1116/1116/1116
f 1383/1383/1383 1147/1147/1147 1144/1144/1144
f 1265/1265/1265 1384/1384/1384 1385/1385/1385
f 1384/1384/1384 1265/1265/1265 1264/1264/1264
f 1383/1383/1383 1144/1144/1144 1386/1386/1386
f 1313/1313/1313 1372/1372/1372 1260/1260/1260
f 1368/1368/1368 1387/1387/1387 890/890/890
f 1388/1388/1388 1372/1372/1372 1313/1313/1313
f 1389/1389/1389 1118/1118/1118 1390/1390/1390
f 1391/1391/1391 1390/1390/1390 1118/1118/1118
f 1314/1314/1314 1388/1388/1388 1313/1313/1313
f 1392/1392/1392 1393/1393/1393 1394/1394/1394
f 1368/1368/1368 1371/1371/1371 1395/1395/1395
f 1396/1396/1396 1368/1368/1368 1395/1395/1395
f 1396/1396/1396 1387/1387/1387 1368/1368/1368
f 897/897/897 893/893/893 1385/1385/1385
f 1397/1397/1397 1396/1396/1396 1395/1395/1395
f 1372/1372/1372 1388/1388/1388 1398/1398/1398
f 1175/1175/1175 1380/1380/1380 1133/1133/1133
f 1398/1398/1398 1388/1388/1388 1399/1399/1399
f 1376/1376/1376 1375/1375/1375 1380/1380/1380
f 1118/1118/1118 1389/1389/1389 1119/1119/1119
f 1000/1000/1000 1387/1387/1387 907/907/907
f 907/907/907 1387/1387/1387 911/911/911
f 911/911/911 1387/1387/1387 1253/1253/1253
f 1253/1253/1253 873/873/873 911/911/911
f 1253/1253/1253 1387/1387/1387 1396/1396/1396
f 1400/1400/1400 1396/1396/1396 1397/1397/1397
f 1401/1401/1401 1266/1266/1266 1402/1402/1402
f 1403/1403/1403 1266/1266/1266 1401/1401/1401
f 1399/1399/1399 1388/1388/1388 1314/1314/1314
f 1404/1404/1404 1266/1266/1266 1405/1405/1405
f 1314/1314/1314 1406/1406/1406 1399/1399/1399
f 1376/1376/1376 1380/1380/1380 1407/1407/1407
f 1403/1403/1403 1264/1264/1264 1266/1266/1266
f 1377/1377/1377 1408/1408/1408 1378/1378/1378
f 1402/1402/1402 1409/1409/1409 1408/1408/1408
f 1201/1201/1201 1170/1170/1170 1410/1410/1410
f 1398/1398/1398 1399/1399/1399 1411/1411/1411
f 1124/1124/1124 1118/1118/1118 1117/1117/1117
f 1412/1412/1412 1411/1411/1411 1399/1399/1399
f 1340/1340/1340 1376/1376/1376 1341/1341/1341
f 770/770/770 1207/1207/1207 1201/1201/1201
f 1196/1196/1196 1413/1413/1413 1115/1115/1115
f 1218/1218/1218 1308/1308/1308 1219/1219/1219
f 1414/1414/1414 1355/1355/1355 1411/1411/1411
f 1200/1200/1200 1336/1336/1336 1415/1415/1415
f 1342/1342/1342 1200/1200/1200 1415/1415/1415
f 1416/1416/1416 1342/1342/1342 1415/1415/1415
f 1417/1417/1417 1416/1416/1416 1415/1415/1415
f 1415/1415/1415 1418/1418/1418 1417/1417/1417
f 1419/1419/1419 1416/1416/1416 1417/1417/1417
f 1290/1290/1290 1419/1419/1419 1417/1417/1417
f 1177/1177/1177 1235/1235/1235 1113/1113/1113
f 1415/1415/1415 1420/1420/1420 1418/1418/1418
f 1306/1306/1306 1421/1421/1421 1422/1422/1422
f 1306/1306/1306 1308/1308/1308 1421/1421/1421
f 1421/1421/1421 1308/1308/1308 1218/1218/1218
f 1423/1423/1423 1334/1334/1334 1424/1424/1424
f 1423/1423/1423 1424/1424/1424 1425/1425/1425
f 1426/1426/1426 1423/1423/1423 1427/1427/1427
f 1115/1115/1115 1114/1114/1114 1149/1149/1149
f 1151/1151/1151 1149/1149/1149 1114/1114/1114
f 1151/1151/1151 1114/1114/1114 1428/1428/1428
f 769/769/769 1207/1207/1207 770/770/770
f 1429/1429/1429 1430/1430/1430 1431/1431/1431
f 1432/1432/1432 1433/1433/1433 1434/1434/1434
f 1435/1435/1435 1436/1436/1436 1437/1437/1437
f 1438/1438/1438 1435/1435/1435 1439/1439/1439
f 1440/1440/1440 1425/1425/1425 1424/1424/1424
f 1439/1439/1439 1435/1435/1435 1437/1437/1437
f 1441/1441/1441 1439/1439/1439 1437/1437/1437
f 1442/1442/1442 1443/1443/1443 1429/1429/1429
f 1442/1442/1442 1444/1444/1444 1443/1443/1443
f 1445/1445/1445 1223/1223/1223 1225/1225/1225
f 1446/1446/1446 1151/1151/1151 1428/1428/1428
f 1326/1326/1326 1327/1327/1327 1447/1447/1447
f 1111/1111/1111 1236/1236/1236 1187/1187/1187
f 1448/1448/1448 1326/1326/1326 1447/1447/1447
f 1449/1449/1449 1450/1450/1450 1451/1451/1451
f 1452/1452/1452 1391/1391/1391 1118/1118/1118
f 1448/1448/1448 1447/1447/1447 1453/1453/1453
f 1125/1125/1125 1452/1452/1452 1118/1118/1118
f 1454/1454/1454 1450/1450/1450 1449/1449/1449
f 1454/1454/1454 1449/1449/1449 1455/1455/1455
f 1167/1167/1167 1170/1170/1170 1206/1206/1206
f 1322/1322/1322 1423/1423/1423 1217/1217/1217
f 1456/1456/1456 1217/1217/1217 1457/1457/1457
f 1423/1423/1423 1457/1457/1457 1217/1217/1217
f 1457/1457/1457 1423/1423/1423 1426/1426/1426
f 1456/1456/1456 1457/1457/1457 1458/1458/1458
f 1436/1436/1436 1459/1459/1459 1460/1460/1460
f 1460/1460/1460 1437/1437/1437 1436/1436/1436
f 769/769/769 1210/1210/1210 1207/1207/1207
f 1232/1232/1232 1237/1237/1237 1460/1460/1460
f 1461/1461/1461 1437/1437/1437 1460/1460/1460
f 1461/1461/1461 1441/1441/1441 1437/1437/1437
f 1237/1237/1237 1462/1462/1462 1431/1431/1431
f 1150/1150/1150 1156/1156/1156 1192/1192/1192
f 1358/1358/1358 1463/1463/1463 1464/1464/1464
f 769/769/769 1465/1465/1465 1210/1210/1210
f 1455/1455/1455 1449/1449/1449 1466/1466/1466
f 1466/1466/1466 1225/1225/1225 1455/1455/1455
f 1225/1225/1225 1467/1467/1467 1455/1455/1455
f 1443/1443/1443 1444/1444/1444 1461/1461/1461
f 1224/1224/1224 1467/1467/1467 1225/1225/1225
f 1155/1155/1155 1150/1150/1150 1151/1151/1151
f 1151/1151/1151 1446/1446/1446 1155/1155/1155
f 1155/1155/1155 1222/1222/1222 1156/1156/1156
f 1238/1238/1238 1326/1326/1326 1448/1448/1448
f 1238/1238/1238 1448/1448/1448 1239/1239/1239
f 1375/1375/1375 1125/1125/1125 1133/1133/1133
f 533/533/533 1109/1109/1109 1230/1230/1230
f 628/628/628 532/532/532 533/533/533
f 533/533/533 1230/1230/1230 628/628/628
f 610/610/610 1220/1220/1220 609/609/609
f 1220/1220/1220 1216/1216/1216 609/609/609
f 1220/1220/1220 610/610/610 616/616/616
f 1215/1215/1215 1214/1214/1214 1468/1468/1468
f 1469/1469/1469 646/646/646 1470/1470/1470
f 646/646/646 645/645/645 1470/1470/1470
f 645/645/645 1469/1469/1469 1470/1470/1470
f 1471/1471/1471 1472/1472/1472 1473/1473/1473
f 1472/1472/1472 1471/1471/1471 1474/1474/1474
f 1475/1475/1475 1242/1242/1242 1231/1231/1231
f 569/569/569 1231/1231/1231 1242/1242/1242
f 1257/1257/1257 1243/1243/1243 1242/1242/1242
f 1476/1476/1476 1257/1257/1257 1242/1242/1242
f 1477/1477/1477 1478/1478/1478 1479/1479/1479
f 1476/1476/1476 1259/1259/1259 1257/1257/1257
f 1480/1480/1480 1481/1481/1481 1482/1482/1482
f 1482/1482/1482 657/657/657 1483/1483/1483
f 1484/1484/1484 1483/1483/1483 657/657/657
f 1483/1483/1483 1484/1484/1484 1485/1485/1485
f 1221/1221/1221 1241/1241/1241 1271/1271/1271
f 1289/1289/1289 1288/1288/1288 1486/1486/1486
f 1486/1486/1486 1288/1288/1288 1292/1292/1292
f 1307/1307/1307 1309/1309/1309 1487/1487/1487
f 1307/1307/1307 1306/1306/1306 1310/1310/1310
f 1488/1488/1488 1489/1489/1489 1490/1490/1490
f 1491/1491/1491 1492/1492/1492 1351/1351/1351
f 1307/1307/1307 1487/1487/1487 1321/1321/1321
f 1493/1493/1493 1494/1494/1494 1495/1495/1495
f 1308/1308/1308 1322/1322/1322 1219/1219/1219
f 1495/1495/1495 1494/1494/1494 1305/1305/1305
f 1292/1292/1292 1293/1293/1293 1496/1496/1496
f 1304/1304/1304 1497/1497/1497 1495/1495/1495
f 1305/1305/1305 1304/1304/1304 1495/1495/1495
f 1498/1498/1498 1499/1499/1499 1500/1500/1500
f 1501/1501/1501 1495/1495/1495 1497/1497/1497
f 1502/1502/1502 1503/1503/1503 1498/1498/1498
f 1502/1502/1502 1504/1504/1504 1503/1503/1503
f 1334/1334/1334 1322/1322/1322 1321/1321/1321
f 1505/1505/1505 1506/1506/1506 1507/1507/1507
f 1507/1507/1507 1484/1484/1484 1505/1505/1505
f 1349/1349/1349 1351/1351/1351 1492/1492/1492
f 1508/1508/1508 1509/1509/1509 1510/1510/1510
f 1511/1511/1511 1512/1512/1512 1270/1270/1270
f 1513/1513/1513 1511/1511/1511 1270/1270/1270
f 1513/1513/1513 1514/1514/1514 1511/1511/1511
f 1398/1398/1398 1411/1411/1411 1355/1355/1355
f 1370/1370/1370 1365/1365/1365 1349/1349/1349
f 1349/1349/1349 1515/1515/1515 1370/1370/1370
f 1516/1516/1516 1517/1517/1517 1371/1371/1371
f 1518/1518/1518 1519/1519/1519 1520/1520/1520
f 1521/1521/1521 1522/1522/1522 1032/1032/1032
f 1523/1523/1523 1524/1524/1524 1520/1520/1520
f 1524/1524/1524 1518/1518/1518 1520/1520/1520
f 1525/1525/1525 1416/1416/1416 1419/1419/1419
f 1514/1514/1514 1513/1513/1513 1526/1526/1526
f 1387/1387/1387 1000/1000/1000 890/890/890
f 1419/1419/1419 1290/1290/1290 1289/1289/1289
f 1527/1527/1527 1363/1363/1363 1359/1359/1359
f 1528/1528/1528 1523/1523/1523 1522/1522/1522
f 1529/1529/1529 1432/1432/1432 1530/1530/1530
f 1531/1531/1531 1427/1427/1427 1423/1423/1423
f 1425/1425/1425 1531/1531/1531 1423/1423/1423
f 1522/1522/1522 1523/1523/1523 1032/1032/1032
f 1408/1408/1408 1377/1377/1377 1381/1381/1381
f 1529/1529/1529 1532/1532/1532 1433/1433/1433
f 1433/1433/1433 1432/1432/1432 1529/1529/1529
f 1523/1523/1523 1533/1533/1533 1524/1524/1524
f 1528/1528/1528 1533/1533/1533 1523/1523/1523
f 1534/1534/1534 1535/1535/1535 1536/1536/1536
f 1430/1430/1430 1429/1429/1429 1443/1443/1443
f 1385/1385/1385 893/893/893 892/892/892
f 1032/1032/1032 1002/1002/1002 1537/1537/1537
f 1537/1537/1537 1521/1521/1521 1032/1032/1032
f 1538/1538/1538 1434/1434/1434 1433/1433/1433
f 1537/1537/1537 1002/1002/1002 1001/1001/1001
f 1384/1384/1384 897/897/897 1385/1385/1385
f 1539/1539/1539 1306/1306/1306 1422/1422/1422
f 1540/1540/1540 1541/1541/1541 1327/1327/1327
f 1447/1447/1447 1541/1541/1541 1438/1438/1438
f 1438/1438/1438 1541/1541/1541 1435/1435/1435
f 1542/1542/1542 1270/1270/1270 1223/1223/1223
f 1542/1542/1542 1223/1223/1223 1445/1445/1445
f 1447/1447/1447 1327/1327/1327 1541/1541/1541
f 1543/1543/1543 1451/1451/1451 1450/1450/1450
f 1451/1451/1451 1544/1544/1544 1449/1449/1449
f 1322/1322/1322 1217/1217/1217 1219/1219/1219
f 1322/1322/1322 1334/1334/1334 1423/1423/1423
f 1545/1545/1545 1530/1530/1530 1432/1432/1432
f 1431/1431/1431 1461/1461/1461 1237/1237/1237
f 1460/1460/1460 1237/1237/1237 1461/1461/1461
f 1430/1430/1430 1461/1461/1461 1431/1431/1431
f 1461/1461/1461 1430/1430/1430 1443/1443/1443
f 1504/1504/1504 1546/1546/1546 1547/1547/1547
f 655/655/655 1548/1548/1548 654/654/654
f 1548/1548/1548 1549/1549/1549 654/654/654
f 645/645/645 657/657/657 1481/1481/1481
f 1550/1550/1550 1551/1551/1551 1552/1552/1552
f 1481/1481/1481 657/657/657 1482/1482/1482
f 1552/1552/1552 1493/1493/1493 1550/1550/1550
f 1553/1553/1553 1486/1486/1486 1292/1292/1292
f 1510/1510/1510 1500/1500/1500 1499/1499/1499
f 1554/1554/1554 657/657/657 660/660/660
f 1547/1547/1547 1503/1503/1503 1504/1504/1504
f 1098/1098/1098 1499/1499/1499 1498/1498/1498
f 1503/1503/1503 1098/1098/1098 1498/1498/1498
f 1555/1555/1555 1556/1556/1556 1515/1515/1515
f 1510/1510/1510 1472/1472/1472 1557/1557/1557
f 1508/1508/1508 1510/1510/1510 1557/1557/1557
f 1558/1558/1558 1515/1515/1515 1556/1556/1556
f 1559/1559/1559 1493/1493/1493 1495/1495/1495
f 657/657/657 1505/1505/1505 1484/1484/1484
f 1559/1559/1559 1495/1495/1495 1501/1501/1501
f 1492/1492/1492 1515/1515/1515 1349/1349/1349
f 1500/1500/1500 1510/1510/1510 1509/1509/1509
f 1560/1560/1560 1523/1523/1523 1561/1561/1561
f 1419/1419/1419 1289/1289/1289 1525/1525/1525
f 1513/1513/1513 1270/1270/1270 1542/1542/1542
f 1032/1032/1032 1523/1523/1523 1560/1560/1560
f 1562/1562/1562 1525/1525/1525 1289/1289/1289
f 1560/1560/1560 1031/1031/1031 1032/1032/1032
f 1558/1558/1558 1370/1370/1370 1515/1515/1515
f 1370/1370/1370 1558/1558/1558 1563/1563/1563
f 1534/1534/1534 1433/1433/1433 1532/1532/1532
f 1564/1564/1564 1563/1563/1563 1558/1558/1558
f 1565/1565/1565 1513/1513/1513 1542/1542/1542
f 1536/1536/1536 1433/1433/1433 1534/1534/1534
f 1526/1526/1526 1565/1565/1565 1566/1566/1566
f 1565/1565/1565 1526/1526/1526 1513/1513/1513
f 1538/1538/1538 1536/1536/1536 1550/1550/1550
f 1536/1536/1536 1538/1538/1538 1433/1433/1433
f 1566/1566/1566 1567/1567/1567 1526/1526/1526
f 1542/1542/1542 1445/1445/1445 1565/1565/1565
f 1472/1472/1472 654/654/654 1549/1549/1549
f 1472/1472/1472 1549/1549/1549 1473/1473/1473
f 1472/1472/1472 1474/1474/1474 1557/1557/1557
f 1091/1091/1091 1089/1089/1089 1568/1568/1568
f 1091/1091/1091 1569/1569/1569 1570/1570/1570
f 1569/1569/1569 1571/1571/1571 1570/1570/1570
f 1572/1572/1572 1499/1499/1499 1098/1098/1098
f 1572/1572/1572 1573/1573/1573 1510/1510/1510
f 1510/1510/1510 1499/1499/1499 1572/1572/1572
f 1096/1096/1096 1098/1098/1098 1503/1503/1503
f 1574/1574/1574 1575/1575/1575 442/442/442
f 1574/1574/1574 1556/1556/1556 1575/1575/1575
f 444/444/444 1574/1574/1574 442/442/442
f 1576/1576/1576 1574/1574/1574 1577/1577/1577
f 1556/1556/1556 1574/1574/1574 1558/1558/1558
f 1576/1576/1576 1558/1558/1558 1574/1574/1574
f 1578/1578/1578 1558/1558/1558 1576/1576/1576
f 1579/1579/1579 1580/1580/1580 448/448/448
f 1581/1581/1581 1578/1578/1578 1576/1576/1576
f 1582/1582/1582 1576/1576/1576 1577/1577/1577
f 1047/1047/1047 1583/1583/1583 1584/1584/1584
f 1585/1585/1585 1586/1586/1586 1587/1587/1587
f 1550/1550/1550 1493/1493/1493 1559/1559/1559
f 1578/1578/1578 1564/1564/1564 1558/1558/1558
f 1588/1588/1588 1583/1583/1583 1046/1046/1046
f 1047/1047/1047 1046/1046/1046 1583/1583/1583
f 1048/1048/1048 1047/1047/1047 1589/1589/1589
f 1590/1590/1590 1591/1591/1591 667/667/667
f 1590/1590/1590 1592/1592/1592 1591/1591/1591
f 668/668/668 665/665/665 654/654/654
f 667/667/667 668/668/668 1590/1590/1590
f 668/668/668 1573/1573/1573 1590/1590/1590
f 1592/1592/1592 1590/1590/1590 1573/1573/1573
f 1510/1510/1510 1573/1573/1573 668/668/668
f 1472/1472/1472 668/668/668 654/654/654
f 1510/1510/1510 668/668/668 1472/1472/1472
f 1568/1568/1568 1089/1089/1089 1593/1593/1593
f 1572/1572/1572 1594/1594/1594 1573/1573/1573
f 444/444/444 446/446/446 1574/1574/1574
f 446/446/446 1595/1595/1595 1574/1574/1574
f 1574/1574/1574 1595/1595/1595 1577/1577/1577
f 449/449/449 448/448/448 1580/1580/1580
f 1579/1579/1579 1596/1596/1596 1580/1580/1580
f 1597/1597/1597 1586/1586/1586 1585/1585/1585
f 448/448/448 666/666/666 1579/1579/1579
f 1598/1598/1598 1596/1596/1596 1579/1579/1579
f 1586/1586/1586 1597/1597/1597 1599/1599/1599
f 1593/1593/1593 1586/1586/1586 1599/1599/1599
f 1592/1592/1592 1573/1573/1573 1594/1594/1594
f 1086/1086/1086 1048/1048/1048 1589/1589/1589
f 1586/1586/1586 1593/1593/1593 1089/1089/1089
f 1600/1600/1600 115/115/115 129/129/129
f 1601/1601/1601 1602/1602/1602 1603/1603/1603
f 1604/1604/1604 1605/1605/1605 1600/1600/1600
f 1602/1602/1602 1601/1601/1601 1606/1606/1606
f 1607/1607/1607 1601/1601/1601 1608/1608/1608
f 1609/1609/1609 1610/1610/1610 1611/1611/1611
f 1601/1601/1601 1603/1603/1603 1608/1608/1608
f 125/125/125 1612/1612/1612 129/129/129
f 1613/1613/1613 1614/1614/1614 1615/1615/1615
f 1616/1616/1616 1617/1617/1617 1618/1618/1618
f 1619/1619/1619 1620/1620/1620 1621/1621/1621
f 1622/1622/1622 1604/1604/1604 129/129/129
f 1619/1619/1619 1621/1621/1621 1623/1623/1623
f 1612/1612/1612 1622/1622/1622 129/129/129
f 1624/1624/1624 1625/1625/1625 1626/1626/1626
f 1627/1627/1627 1618/1618/1618 1628/1628/1628
f 1629/1629/1629 123/123/123 122/122/122
f 1630/1630/1630 1631/1631/1631 1632/1632/1632
f 1626/1626/1626 1607/1607/1607 1633/1633/1633
f 1630/1630/1630 1632/1632/1632 1634/1634/1634
f 1607/1607/1607 1625/1625/1625 1601/1601/1601
f 1635/1635/1635 1636/1636/1636 1637/1637/1637
f 1625/1625/1625 1607/1607/1607 1626/1626/1626
f 1638/1638/1638 1639/1639/1639 1640/1640/1640
f 1641/1641/1641 1634/1634/1634 1632/1632/1632
f 105/105/105 1642/1642/1642 206/206/206
f 1605/1605/1605 1604/1604/1604 1640/1640/1640
f 1643/1643/1643 1644/1644/1644 1645/1645/1645
f 1604/1604/1604 1622/1622/1622 1646/1646/1646
f 1647/1647/1647 1605/1605/1605 1640/1640/1640
f 1642/1642/1642 1648/1648/1648 1649/1649/1649
f 1650/1650/1650 1651/1651/1651 1652/1652/1652
f 1650/1650/1650 1652/1652/1652 1653/1653/1653
f 1654/1654/1654 1649/1649/1649 1648/1648/1648
f 1642/1642/1642 1655/1655/1655 206/206/206
f 1650/1650/1650 1653/1653/1653 1656/1656/1656
f 1651/1651/1651 1650/1650/1650 1657/1657/1657
f 1658/1658/1658 1635/1635/1635 1659/1659/1659
f 1601/1601/1601 1625/1625/1625 1658/1658/1658
f 1658/1658/1658 1625/1625/1625 1635/1635/1635
f 1660/1660/1660 1661/1661/1661 1638/1638/1638
f 1662/1662/1662 1654/1654/1654 1663/1663/1663
f 1664/1664/1664 1665/1665/1665 1644/1644/1644
f 1613/1613/1613 1666/1666/1666 1667/1667/1667
f 1638/1638/1638 1668/1668/1668 1660/1660/1660
f 1669/1669/1669 1650/1650/1650 1656/1656/1656
f 1636/1636/1636 1625/1625/1625 1624/1624/1624
f 1665/1665/1665 1670/1670/1670 1645/1645/1645
f 1645/1645/1645 1644/1644/1644 1665/1665/1665
f 1636/1636/1636 1624/1624/1624 1671/1671/1671
f 1636/1636/1636 1635/1635/1635 1625/1625/1625
f 1602/1602/1602 1672/1672/1672 1673/1673/1673
f 1603/1603/1603 1602/1602/1602 1673/1673/1673
f 1657/1657/1657 1650/1650/1650 1674/1674/1674
f 1650/1650/1650 1669/1669/1669 1674/1674/1674
f 1669/1669/1669 1656/1656/1656 1675/1675/1675
f 1616/1616/1616 1649/1649/1649 1654/1654/1654
f 1637/1637/1637 1676/1676/1676 1635/1635/1635
f 1673/1673/1673 1677/1677/1677 1603/1603/1603
f 1603/1603/1603 1677/1677/1677 1608/1608/1608
f 1608/1608/1608 1677/1677/1677 1678/1678/1678
f 1636/1636/1636 1679/1679/1679 1637/1637/1637
f 1667/1667/1667 1680/1680/1680 1681/1681/1681
f 1618/1618/1618 1649/1649/1649 1616/1616/1616
f 1654/1654/1654 1662/1662/1662 1682/1682/1682
f 31/31/31 237/237/237 962/962/962
f 1630/1630/1630 1683/1683/1683 1631/1631/1631
f 1684/1684/1684 1685/1685/1685 1637/1637/1637
f 1679/1679/1679 1684/1684/1684 1637/1637/1637
f 1686/1686/1686 1654/1654/1654 1682/1682/1682
f 1649/1649/1649 1618/1618/1618 1642/1642/1642
f 1687/1687/1687 1646/1646/1646 1688/1688/1688
f 1609/1609/1609 1689/1689/1689 1610/1610/1610
f 1681/1681/1681 1680/1680/1680 1690/1690/1690
f 1655/1655/1655 1691/1691/1691 1/1/1
f 1692/1692/1692 1630/1630/1630 1693/1693/1693
f 1694/1694/1694 1695/1695/1695 1692/1692/1692
f 1630/1630/1630 1692/1692/1692 1683/1683/1683
f 1696/1696/1696 237/237/237 1697/1697/1697
f 1694/1694/1694 1692/1692/1692 1693/1693/1693
f 1606/1606/1606 1601/1601/1601 1658/1658/1658
f 1671/1671/1671 1679/1679/1679 1636/1636/1636
f 1698/1698/1698 1699/1699/1699 1611/1611/1611
f 1698/1698/1698 1611/1611/1611 1610/1610/1610
f 1610/1610/1610 1689/1689/1689 1700/1700/1700
f 1701/1701/1701 1610/1610/1610 1702/1702/1702
f 1703/1703/1703 1610/1610/1610 1700/1700/1700
f 1702/1702/1702 1610/1610/1610 1703/1703/1703
f 1704/1704/1704 1684/1684/1684 1679/1679/1679
f 1704/1704/1704 1652/1652/1652 1684/1684/1684
f 1705/1705/1705 1684/1684/1684 1651/1651/1651
f 1652/1652/1652 1651/1651/1651 1684/1684/1684
f 1706/1706/1706 1696/1696/1696 1707/1707/1707
f 1643/1643/1643 1708/1708/1708 1709/1709/1709
f 1702/1702/1702 1703/1703/1703 1710/1710/1710
f 1652/1652/1652 1704/1704/1704 1711/1711/1711
f 1691/1691/1691 1655/1655/1655 1618/1618/1618
f 1697/1697/1697 1691/1691/1691 1618/1618/1618
f 1712/1712/1712 1710/1710/1710 1713/1713/1713
f 1711/1711/1711 1653/1653/1653 1652/1652/1652
f 1627/1627/1627 1697/1697/1697 1618/1618/1618
f 1653/1653/1653 1714/1714/1714 1656/1656/1656
f 1715/1715/1715 1716/1716/1716 1717/1717/1717
f 1718/1718/1718 1713/1713/1713 1719/1719/1719
f 1720/1720/1720 1721/1721/1721 1722/1722/1722
f 1656/1656/1656 1723/1723/1723 1675/1675/1675
f 1620/1620/1620 1697/1697/1697 1724/1724/1724
f 1720/1720/1720 1722/1722/1722 1725/1725/1725
f 1726/1726/1726 1707/1707/1707 1696/1696/1696
f 1726/1726/1726 1696/1696/1696 1620/1620/1620
f 1727/1727/1727 1728/1728/1728 1726/1726/1726
f 1726/1726/1726 1728/1728/1728 1619/1619/1619
f 1729/1729/1729 1730/1730/1730 1731/1731/1731
f 1730/1730/1730 1732/1732/1732 1731/1731/1731
f 1733/1733/1733 1734/1734/1734 1735/1735/1735
f 1727/1727/1727 1726/1726/1726 1620/1620/1620
f 1736/1736/1736 1734/1734/1734 1733/1733/1733
f 1737/1737/1737 1738/1738/1738 1739/1739/1739
f 1739/1739/1739 1740/1740/1740 1741/1741/1741
f 1740/1740/1740 1739/1739/1739 1738/1738/1738
f 1619/1619/1619 1707/1707/1707 1726/1726/1726
f 1666/1666/1666 1613/1613/1613 1615/1615/1615
f 1742/1742/1742 1743/1743/1743 1744/1744/1744
f 1617/1617/1617 1616/1616/1616 1745/1745/1745
f 1746/1746/1746 1747/1747/1747 1748/1748/1748
f 1749/1749/1749 1750/1750/1750 306/306/306
f 1687/1687/1687 1688/1688/1688 1751/1751/1751
f 1638/1638/1638 1687/1687/1687 1751/1751/1751
f 306/306/306 1750/1750/1750 275/275/275
f 275/275/275 1750/1750/1750 310/310/310
f 1746/1746/1746 1748/1748/1748 1752/1752/1752
f 1753/1753/1753 1747/1747/1747 1746/1746/1746
f 1654/1654/1654 1686/1686/1686 1616/1616/1616
f 1627/1627/1627 1620/1620/1620 1724/1724/1724
f 1754/1754/1754 1755/1755/1755 1749/1749/1749
f 1755/1755/1755 1750/1750/1750 1749/1749/1749
f 206/206/206 3/3/3 105/105/105
f 1737/1737/1737 1752/1752/1752 1738/1738/1738
f 1611/1611/1611 1756/1756/1756 1757/1757/1757
f 1746/1746/1746 1752/1752/1752 1737/1737/1737
f 1758/1758/1758 1632/1632/1632 1759/1759/1759
f 1757/1757/1757 1756/1756/1756 1760/1760/1760
f 1761/1761/1761 1750/1750/1750 1755/1755/1755
f 1616/1616/1616 1686/1686/1686 1762/1762/1762
f 1763/1763/1763 1764/1764/1764 269/269/269
f 1699/1699/1699 1765/1765/1765 1611/1611/1611
f 254/254/254 310/310/310 1750/1750/1750
f 1761/1761/1761 254/254/254 1750/1750/1750
f 1742/1742/1742 1766/1766/1766 1767/1767/1767
f 1768/1768/1768 123/123/123 1629/1629/1629
f 1609/1609/1609 1611/1611/1611 1757/1757/1757
f 1609/1609/1609 1757/1757/1757 1689/1689/1689
f 1769/1769/1769 254/254/254 1761/1761/1761
f 1722/1722/1722 1721/1721/1721 1766/1766/1766
f 1766/1766/1766 1742/1742/1742 1722/1722/1722
f 1749/1749/1749 1770/1770/1770 1754/1754/1754
f 1771/1771/1771 1772/1772/1772 1773/1773/1773
f 1600/1600/1600 129/129/129 1604/1604/1604
f 1648/1648/1648 114/114/114 1774/1774/1774
f 1763/1763/1763 1775/1775/1775 1764/1764/1764
f 1776/1776/1776 261/261/261 269/269/269
f 1777/1777/1777 1754/1754/1754 1770/1770/1770
f 1777/1777/1777 1770/1770/1770 1778/1778/1778
f 1779/1779/1779 1775/1775/1775 1763/1763/1763
f 1780/1780/1780 259/259/259 1781/1781/1781
f 105/105/105 114/114/114 1648/1648/1648
f 1780/1780/1780 256/256/256 259/259/259
f 1689/1689/1689 1782/1782/1782 1771/1771/1771
f 1689/1689/1689 1771/1771/1771 1773/1773/1773
f 206/206/206 1655/1655/1655 1/1/1
f 105/105/105 1648/1648/1648 1642/1642/1642
f 1783/1783/1783 1781/1781/1781 1784/1784/1784
f 1785/1785/1785 1780/1780/1780 1781/1781/1781
f 1783/1783/1783 1785/1785/1785 1781/1781/1781
f 1786/1786/1786 1785/1785/1785 1783/1783/1783
f 1628/1628/1628 1618/1618/1618 1617/1617/1617
f 1600/1600/1600 116/116/116 115/115/115
f 1755/1755/1755 1754/1754/1754 1787/1787/1787
f 256/256/256 1788/1788/1788 265/265/265
f 1646/1646/1646 1622/1622/1622 1789/1789/1789
f 256/256/256 1780/1780/1780 1788/1788/1788
f 1775/1775/1775 1779/1779/1779 1790/1790/1790
f 1791/1791/1791 1788/1788/1788 1780/1780/1780
f 1788/1788/1788 266/266/266 265/265/265
f 307/307/307 266/266/266 1788/1788/1788
f 1700/1700/1700 1689/1689/1689 1773/1773/1773
f 1792/1792/1792 1793/1793/1793 1794/1794/1794
f 1795/1795/1795 1761/1761/1761 1755/1755/1755
f 1769/1769/1769 1761/1761/1761 1795/1795/1795
f 1778/1778/1778 1788/1788/1788 1791/1791/1791
f 1780/1780/1780 1785/1785/1785 1791/1791/1791
f 1703/1703/1703 1773/1773/1773 1772/1772/1772
f 1703/1703/1703 1772/1772/1772 1747/1747/1747
f 1770/1770/1770 307/307/307 1788/1788/1788
f 307/307/307 1770/1770/1770 1749/1749/1749
f 1691/1691/1691 237/237/237 1/1/1
f 1787/1787/1787 1795/1795/1795 1755/1755/1755
f 1781/1781/1781 1796/1796/1796 1784/1784/1784
f 1753/1753/1753 1703/1703/1703 1747/1747/1747
f 1775/1775/1775 1797/1797/1797 1764/1764/1764
f 1798/1798/1798 1682/1682/1682 1799/1799/1799
f 1777/1777/1777 1800/1800/1800 1632/1632/1632
f 1801/1801/1801 1802/1802/1802 1666/1666/1666
f 1667/1667/1667 1666/1666/1666 1802/1802/1802
f 1666/1666/1666 1615/1615/1615 1803/1803/1803
f 1804/1804/1804 1805/1805/1805 1779/1779/1779
f 1709/1709/1709 1806/1806/1806 1807/1807/1807
f 1808/1808/1808 1807/1807/1807 1806/1806/1806
f 1809/1809/1809 1810/1810/1810 1771/1771/1771
f 1805/1805/1805 1804/1804/1804 1811/1811/1811
f 1779/1779/1779 1763/1763/1763 1804/1804/1804
f 1709/1709/1709 1807/1807/1807 1643/1643/1643
f 1785/1785/1785 1812/1812/1812 1813/1813/1813
f 1814/1814/1814 1705/1705/1705 1651/1651/1651
f 1691/1691/1691 1697/1697/1697 237/237/237
f 1762/1762/1762 1686/1686/1686 1815/1815/1815
f 1816/1816/1816 1811/1811/1811 1817/1817/1817
f 1818/1818/1818 1811/1811/1811 1816/1816/1816
f 1819/1819/1819 1820/1820/1820 1600/1600/1600
f 1821/1821/1821 1620/1620/1620 1627/1627/1627
f 1715/1715/1715 1821/1821/1821 1627/1627/1627
f 1791/1791/1791 1813/1813/1813 1822/1822/1822
f 1753/1753/1753 1746/1746/1746 1737/1737/1737
f 1813/1813/1813 1791/1791/1791 1785/1785/1785
f 1666/1666/1666 1803/1803/1803 1801/1801/1801
f 1788/1788/1788 1778/1778/1778 1770/1770/1770
f 1659/1659/1659 1635/1635/1635 1676/1676/1676
f 1823/1823/1823 1632/1632/1632 1758/1758/1758
f 1824/1824/1824 1672/1672/1672 1602/1602/1602
f 1778/1778/1778 1791/1791/1791 1822/1822/1822
f 1800/1800/1800 1777/1777/1777 1778/1778/1778
f 1800/1800/1800 1778/1778/1778 1822/1822/1822
f 1825/1825/1825 1816/1816/1816 1826/1826/1826
f 1644/1644/1644 1643/1643/1643 1807/1807/1807
f 1827/1827/1827 1615/1615/1615 1614/1614/1614
f 1807/1807/1807 1664/1664/1664 1644/1644/1644
f 1673/1673/1673 1672/1672/1672 1828/1828/1828
f 1771/1771/1771 1810/1810/1810 1775/1775/1775
f 1614/1614/1614 1829/1829/1829 1827/1827/1827
f 1706/1706/1706 962/962/962 237/237/237
f 1830/1830/1830 1829/1829/1829 1614/1614/1614
f 1620/1620/1620 1821/1821/1821 1621/1621/1621
f 237/237/237 1696/1696/1696 1706/1706/1706
f 1640/1640/1640 1604/1604/1604 1646/1646/1646
f 1771/1771/1771 1775/1775/1775 1790/1790/1790
f 1632/1632/1632 1754/1754/1754 1777/1777/1777
f 1749/1749/1749 306/306/306 307/307/307
f 1632/1632/1632 1631/1631/1631 1754/1754/1754
f 1683/1683/1683 1787/1787/1787 1754/1754/1754
f 1754/1754/1754 1631/1631/1631 1683/1683/1683
f 1813/1813/1813 1812/1812/1812 1831/1831/1831
f 1832/1832/1832 1809/1809/1809 1771/1771/1771
f 1779/1779/1779 1805/1805/1805 1790/1790/1790
f 1833/1833/1833 1621/1621/1621 1821/1821/1821
f 1821/1821/1821 1717/1717/1717 1833/1833/1833
f 1687/1687/1687 1640/1640/1640 1646/1646/1646
f 1818/1818/1818 1805/1805/1805 1811/1811/1811
f 1638/1638/1638 1640/1640/1640 1687/1687/1687
f 1834/1834/1834 1813/1813/1813 1835/1835/1835
f 1651/1651/1651 1657/1657/1657 1814/1814/1814
f 1771/1771/1771 1782/1782/1782 1832/1832/1832
f 1836/1836/1836 1664/1664/1664 1807/1807/1807
f 1822/1822/1822 1813/1813/1813 1800/1800/1800
f 1805/1805/1805 1837/1837/1837 1790/1790/1790
f 1838/1838/1838 1787/1787/1787 1683/1683/1683
f 1839/1839/1839 1646/1646/1646 1789/1789/1789
f 1840/1840/1840 1688/1688/1688 1646/1646/1646
f 1805/1805/1805 1818/1818/1818 1837/1837/1837
f 1646/1646/1646 1839/1839/1839 1840/1840/1840
f 1692/1692/1692 1838/1838/1838 1683/1683/1683
f 1759/1759/1759 1800/1800/1800 1813/1813/1813
f 1664/1664/1664 1836/1836/1836 1841/1841/1841
f 1842/1842/1842 1657/1657/1657 1674/1674/1674
f 1759/1759/1759 1632/1632/1632 1800/1800/1800
f 1642/1642/1642 1618/1618/1618 1655/1655/1655
f 1637/1637/1637 1685/1685/1685 1676/1676/1676
f 1840/1840/1840 1843/1843/1843 1688/1688/1688
f 1844/1844/1844 1816/1816/1816 1825/1825/1825
f 1606/1606/1606 1658/1658/1658 1824/1824/1824
f 1680/1680/1680 1667/1667/1667 1802/1802/1802
f 1790/1790/1790 1772/1772/1772 1771/1771/1771
f 1824/1824/1824 1602/1602/1602 1606/1606/1606
f 1685/1685/1685 1845/1845/1845 1676/1676/1676
f 1802/1802/1802 1846/1846/1846 1806/1806/1806
f 1680/1680/1680 1802/1802/1802 1806/1806/1806
f 1818/1818/1818 1816/1816/1816 1844/1844/1844
f 1847/1847/1847 1818/1818/1818 1844/1844/1844
f 1684/1684/1684 1705/1705/1705 1685/1685/1685
f 1848/1848/1848 1849/1849/1849 1850/1850/1850
f 1851/1851/1851 1628/1628/1628 1617/1617/1617
f 1808/1808/1808 1806/1806/1806 1846/1846/1846
f 1852/1852/1852 1853/1853/1853 1854/1854/1854
f 1709/1709/1709 1680/1680/1680 1806/1806/1806
f 1628/1628/1628 1851/1851/1851 1855/1855/1855
f 1856/1856/1856 1848/1848/1848 1850/1850/1850
f 1700/1700/1700 1773/1773/1773 1703/1703/1703
f 1715/1715/1715 1627/1627/1627 1628/1628/1628
f 1628/1628/1628 1855/1855/1855 1715/1715/1715
f 1857/1857/1857 1772/1772/1772 1790/1790/1790
f 1772/1772/1772 1857/1857/1857 1747/1747/1747
f 1697/1697/1697 1627/1627/1627 1724/1724/1724
f 1710/1710/1710 1703/1703/1703 1753/1753/1753
f 1857/1857/1857 1790/1790/1790 1748/1748/1748
f 1748/1748/1748 1790/1790/1790 1837/1837/1837
f 1753/1753/1753 1737/1737/1737 1858/1858/1858
f 1752/1752/1752 1837/1837/1837 1738/1738/1738
f 1753/1753/1753 1713/1713/1713 1710/1710/1710
f 1752/1752/1752 1748/1748/1748 1837/1837/1837
f 1715/1715/1715 1717/1717/1717 1821/1821/1821
f 1748/1748/1748 1747/1747/1747 1857/1857/1857
f 1859/1859/1859 1860/1860/1860 1766/1766/1766
f 1620/1620/1620 1696/1696/1696 1697/1697/1697
f 1738/1738/1738 1837/1837/1837 1847/1847/1847
f 1833/1833/1833 1717/1717/1717 1861/1861/1861
f 1740/1740/1740 1847/1847/1847 1854/1854/1854
f 1847/1847/1847 1740/1740/1740 1738/1738/1738
f 1740/1740/1740 1854/1854/1854 1853/1853/1853
f 1856/1856/1856 1862/1862/1862 1863/1863/1863
f 416/416/416 1864/1864/1864 417/417/417
f 1659/1659/1659 1824/1824/1824 1658/1658/1658
f 1864/1864/1864 416/416/416 1865/1865/1865
f 1866/1866/1866 1867/1867/1867 1868/1868/1868
f 1816/1816/1816 1817/1817/1817 1826/1826/1826
f 1847/1847/1847 1837/1837/1837 1818/1818/1818
f 1865/1865/1865 416/416/416 1869/1869/1869
f 1869/1869/1869 1870/1870/1870 1865/1865/1865
f 1871/1871/1871 1870/1870/1870 1869/1869/1869
f 1871/1871/1871 1869/1869/1869 1872/1872/1872
f 1872/1872/1872 1866/1866/1866 1871/1871/1871
f 1867/1867/1867 1866/1866/1866 1872/1872/1872
f 1869/1869/1869 1873/1873/1873 1872/1872/1872
f 452/452/452 1869/1869/1869 416/416/416
f 1869/1869/1869 452/452/452 1874/1874/1874
f 1875/1875/1875 1873/1873/1873 1869/1869/1869
f 1876/1876/1876 1877/1877/1877 1878/1878/1878
f 1879/1879/1879 1880/1880/1880 507/507/507
f 1881/1881/1881 1882/1882/1882 1883/1883/1883
f 1695/1695/1695 1838/1838/1838 1692/1692/1692
f 1695/1695/1695 1881/1881/1881 1838/1838/1838
f 1678/1678/1678 1878/1878/1878 1884/1884/1884
f 631/631/631 531/531/531 617/617/617
f 1885/1885/1885 529/529/529 1886/1886/1886
f 1879/1879/1879 1887/1887/1887 1880/1880/1880
f 1888/1888/1888 1889/1889/1889 1830/1830/1830
f 1890/1890/1890 1891/1891/1891 526/526/526
f 516/516/516 1890/1890/1890 526/526/526
f 631/631/631 1892/1892/1892 531/531/531
f 1893/1893/1893 1894/1894/1894 1895/1895/1895
f 1896/1896/1896 1897/1897/1897 1898/1898/1898
f 1899/1899/1899 1900/1900/1900 1901/1901/1901
f 1902/1902/1902 1900/1900/1900 1899/1899/1899
f 1903/1903/1903 1878/1878/1878 1897/1897/1897
f 1768/1768/1768 1904/1904/1904 1905/1905/1905
f 1900/1900/1900 1902/1902/1902 1878/1878/1878
f 1902/1902/1902 1906/1906/1906 1907/1907/1907
f 1908/1908/1908 1909/1909/1909 1910/1910/1910
f 1906/1906/1906 1911/1911/1911 1907/1907/1907
f 1912/1912/1912 526/526/526 1913/1913/1913
f 1914/1914/1914 1915/1915/1915 1890/1890/1890
f 1916/1916/1916 1907/1907/1907 1917/1917/1917
f 1914/1914/1914 1890/1890/1890 1918/1918/1918
f 1897/1897/1897 1878/1878/1878 1902/1902/1902
f 1919/1919/1919 1920/1920/1920 1921/1921/1921
f 1917/1917/1917 1922/1922/1922 1916/1916/1916
f 1917/1917/1917 1923/1923/1923 1924/1924/1924
f 1902/1902/1902 1916/1916/1916 1898/1898/1898
f 1925/1925/1925 1898/1898/1898 1916/1916/1916
f 1926/1926/1926 1919/1919/1919 1921/1921/1921
f 1927/1927/1927 1928/1928/1928 1929/1929/1929
f 1907/1907/1907 1916/1916/1916 1902/1902/1902
f 1926/1926/1926 1930/1930/1930 1931/1931/1931
f 1932/1932/1932 1931/1931/1931 1930/1930/1930
f 1899/1899/1899 1933/1933/1933 1934/1934/1934
f 1893/1893/1893 1895/1895/1895 1909/1909/1909
f 1935/1935/1935 1936/1936/1936 1888/1888/1888
f 1891/1891/1891 1915/1915/1915 1937/1937/1937
f 1898/1898/1898 1897/1897/1897 1902/1902/1902
f 1899/1899/1899 1934/1934/1934 1906/1906/1906
f 1902/1902/1902 1899/1899/1899 1906/1906/1906
f 1917/1917/1917 1924/1924/1924 1938/1938/1938
f 1932/1932/1932 1939/1939/1939 1931/1931/1931
f 526/526/526 528/528/528 516/516/516
f 1900/1900/1900 1677/1677/1677 1940/1940/1940
f 1919/1919/1919 1926/1926/1926 1941/1941/1941
f 1922/1922/1922 1917/1917/1917 1938/1938/1938
f 1925/1925/1925 1916/1916/1916 1922/1922/1922
f 1922/1922/1922 1938/1938/1938 1942/1942/1942
f 1941/1941/1941 1926/1926/1926 1931/1931/1931
f 1677/1677/1677 1673/1673/1673 1940/1940/1940
f 1677/1677/1677 1878/1878/1878 1678/1678/1678
f 1900/1900/1900 1878/1878/1878 1677/1677/1677
f 1943/1943/1943 1922/1922/1922 1942/1942/1942
f 529/529/529 531/531/531 1944/1944/1944
f 1945/1945/1945 1932/1932/1932 1946/1946/1946
f 1947/1947/1947 1946/1946/1946 1932/1932/1932
f 1945/1945/1945 1946/1946/1946 1948/1948/1948
f 1949/1949/1949 1947/1947/1947 1932/1932/1932
f 1890/1890/1890 497/497/497 507/507/507
f 1950/1950/1950 1942/1942/1942 1938/1938/1938
f 1951/1951/1951 1950/1950/1950 1938/1938/1938
f 1952/1952/1952 1953/1953/1953 1942/1942/1942
f 1954/1954/1954 1955/1955/1955 1956/1956/1956
f 1942/1942/1942 1950/1950/1950 1952/1952/1952
f 1839/1839/1839 1957/1957/1957 1840/1840/1840
f 1769/1769/1769 594/594/594 252/252/252
f 252/252/252 254/254/254 1769/1769/1769
f 1958/1958/1958 1959/1959/1959 1931/1931/1931
f 1881/1881/1881 1883/1883/1883 1838/1838/1838
f 1960/1960/1960 1961/1961/1961 1962/1962/1962
f 1958/1958/1958 1963/1963/1963 614/614/614
f 1960/1960/1960 1962/1962/1962 1920/1920/1920
f 1964/1964/1964 614/614/614 1963/1963/1963
f 1795/1795/1795 1965/1965/1965 1769/1769/1769
f 1966/1966/1966 1894/1894/1894 1967/1967/1967
f 1965/1965/1965 594/594/594 1769/1769/1769
f 1966/1966/1966 1895/1895/1895 1894/1894/1894
f 1965/1965/1965 1968/1968/1968 594/594/594
f 1888/1888/1888 1830/1830/1830 1969/1969/1969
f 1888/1888/1888 1970/1970/1970 1889/1889/1889
f 1915/1915/1915 1891/1891/1891 1890/1890/1890
f 1969/1969/1969 1971/1971/1971 1888/1888/1888
f 1972/1972/1972 1973/1973/1973 1974/1974/1974
f 1939/1939/1939 1958/1958/1958 1931/1931/1931
f 1975/1975/1975 1910/1910/1910 1882/1882/1882
f 1976/1976/1976 1964/1964/1964 1963/1963/1963
f 1920/1920/1920 1919/1919/1919 1960/1960/1960
f 1977/1977/1977 1889/1889/1889 1970/1970/1970
f 1901/1901/1901 1978/1978/1978 1933/1933/1933
f 1880/1880/1880 1890/1890/1890 507/507/507
f 1929/1929/1929 1928/1928/1928 1936/1936/1936
f 1979/1979/1979 1980/1980/1980 1981/1981/1981
f 1795/1795/1795 1883/1883/1883 1965/1965/1965
f 1982/1982/1982 1983/1983/1983 1984/1984/1984
f 526/526/526 1912/1912/1912 593/593/593
f 1918/1918/1918 1890/1890/1890 1880/1880/1880
f 1787/1787/1787 1883/1883/1883 1795/1795/1795
f 1787/1787/1787 1838/1838/1838 1883/1883/1883
f 1907/1907/1907 1911/1911/1911 1923/1923/1923
f 1907/1907/1907 1923/1923/1923 1917/1917/1917
f 1985/1985/1985 1905/1905/1905 1986/1986/1986
f 1987/1987/1987 1923/1923/1923 1911/1911/1911
f 1928/1928/1928 1988/1988/1988 1989/1989/1989
f 601/601/601 574/574/574 594/594/594
f 1960/1960/1960 1990/1990/1990 1961/1961/1961
f 1927/1927/1927 1988/1988/1988 1928/1928/1928
f 1923/1923/1923 1991/1991/1991 1924/1924/1924
f 1988/1988/1988 1927/1927/1927 1992/1992/1992
f 1968/1968/1968 601/601/601 594/594/594
f 1968/1968/1968 1965/1965/1965 1993/1993/1993
f 1941/1941/1941 1990/1990/1990 1960/1960/1960
f 603/603/603 601/601/601 1968/1968/1968
f 1882/1882/1882 1993/1993/1993 1965/1965/1965
f 1882/1882/1882 1994/1994/1994 1993/1993/1993
f 1995/1995/1995 1996/1996/1996 1988/1988/1988
f 1997/1997/1997 603/603/603 1968/1968/1968
f 1998/1998/1998 1988/1988/1988 1992/1992/1992
f 1941/1941/1941 1959/1959/1959 1990/1990/1990
f 1913/1913/1913 526/526/526 1891/1891/1891
f 1931/1931/1931 1959/1959/1959 1941/1941/1941
f 1974/1974/1974 1912/1912/1912 1913/1913/1913
f 1913/1913/1913 1972/1972/1972 1974/1974/1974
f 1919/1919/1919 1941/1941/1941 1960/1960/1960
f 1999/1999/1999 2000/2000/2000 2001/2001/2001
f 2001/2001/2001 2002/2002/2002 1999/1999/1999
f 1910/1910/1910 1994/1994/1994 1882/1882/1882
f 1918/1918/1918 1880/1880/1880 1887/1887/1887
f 1883/1883/1883 1882/1882/1882 1965/1965/1965
f 555/555/555 2001/2001/2001 2000/2000/2000
f 1998/1998/1998 1995/1995/1995 1988/1988/1988
f 1994/1994/1994 1910/1910/1910 1909/1909/1909
f 1966/1966/1966 1994/1994/1994 1909/1909/1909
f 2003/2003/2003 2004/2004/2004 1944/1944/1944
f 2005/2005/2005 1998/1998/1998 1992/1992/1992
f 2006/2006/2006 1918/1918/1918 1887/1887/1887
f 1968/1968/1968 1993/1993/1993 1997/1997/1997
f 2006/2006/2006 2007/2007/2007 1918/1918/1918
f 1924/1924/1924 2008/2008/2008 1951/1951/1951
f 1938/1938/1938 1924/1924/1924 1951/1951/1951
f 1959/1959/1959 612/612/612 577/577/577
f 1901/1901/1901 1933/1933/1933 1899/1899/1899
f 1944/1944/1944 1892/1892/1892 2009/2009/2009
f 2010/2010/2010 612/612/612 1959/1959/1959
f 1888/1888/1888 1936/1936/1936 1970/1970/1970
f 1963/1963/1963 1958/1958/1958 1939/1939/1939
f 614/614/614 612/612/612 2010/2010/2010
f 1891/1891/1891 1937/1937/1937 1972/1972/1972
f 1972/1972/1972 1913/1913/1913 1891/1891/1891
f 2003/2003/2003 1944/1944/1944 2009/2009/2009
f 1966/1966/1966 1909/1909/1909 1895/1895/1895
f 1994/1994/1994 1966/1966/1966 1993/1993/1993
f 1966/1966/1966 1997/1997/1997 1993/1993/1993
f 1929/1929/1929 1936/1936/1936 1935/1935/1935
f 1939/1939/1939 1945/1945/1945 1963/1963/1963
f 1939/1939/1939 1932/1932/1932 1945/1945/1945
f 1934/1934/1934 1911/1911/1911 1906/1906/1906
f 2011/2011/2011 1936/1936/1936 1928/1928/1928
f 1934/1934/1934 2012/2012/2012 1911/1911/1911
f 1886/1886/1886 529/529/529 1944/1944/1944
f 1995/1995/1995 1998/1998/1998 2013/2013/2013
f 1828/1828/1828 1940/1940/1940 1673/1673/1673
f 1829/1829/1829 1830/1830/1830 1889/1889/1889
f 1889/1889/1889 2014/2014/2014 1829/1829/1829
f 1958/1958/1958 614/614/614 2010/2010/2010
f 1940/1940/1940 2015/2015/2015 2016/2016/2016
f 1940/1940/1940 2016/2016/2016 1900/1900/1900
f 1892/1892/1892 1944/1944/1944 531/531/531
f 1963/1963/1963 1948/1948/1948 1976/1976/1976
f 630/630/630 627/627/627 613/613/613
f 2017/2017/2017 2018/2018/2018 1892/1892/1892
f 1889/1889/1889 1977/1977/1977 2019/2019/2019
f 2016/2016/2016 1901/1901/1901 1900/1900/1900
f 1980/1980/1980 626/626/626 630/630/630
f 1892/1892/1892 2020/2020/2020 2009/2009/2009
f 1964/1964/1964 613/613/613 614/614/614
f 613/613/613 1964/1964/1964 630/630/630
f 555/555/555 1962/1962/1962 2021/2021/2021
f 2009/2009/2009 2022/2022/2022 2003/2003/2003
f 1945/1945/1945 1948/1948/1948 1963/1963/1963
f 630/630/630 1964/1964/1964 1980/1980/1980
f 2023/2023/2023 2013/2013/2013 1998/1998/1998
f 497/497/497 1890/1890/1890 516/516/516
f 1976/1976/1976 1980/1980/1980 1964/1964/1964
f 1981/1981/1981 1980/1980/1980 1976/1976/1976
f 1892/1892/1892 631/631/631 1295/1295/1295
f 2024/2024/2024 1995/1995/1995 2025/2025/2025
f 1962/1962/1962 1961/1961/1961 2021/2021/2021
f 1892/1892/1892 1295/1295/1295 2017/2017/2017
f 1892/1892/1892 2018/2018/2018 2020/2020/2020
f 1958/1958/1958 2010/2010/2010 1959/1959/1959
f 2021/2021/2021 556/556/556 555/555/555
f 1954/1954/1954 2026/2026/2026 1983/1983/1983
f 2021/2021/2021 2027/2027/2027 556/556/556
f 556/556/556 2027/2027/2027 576/576/576
f 1955/1955/1955 2028/2028/2028 2029/2029/2029
f 1955/1955/1955 1954/1954/1954 2028/2028/2028
f 2020/2020/2020 2018/2018/2018 2030/2030/2030
f 2031/2031/2031 577/577/577 576/576/576
f 2027/2027/2027 2031/2031/2031 576/576/576
f 1961/1961/1961 2027/2027/2027 2021/2021/2021
f 1961/1961/1961 2031/2031/2031 2027/2027/2027
f 1990/1990/1990 2031/2031/2031 1961/1961/1961
f 2009/2009/2009 2020/2020/2020 2022/2022/2022
f 1959/1959/1959 577/577/577 2031/2031/2031
f 2032/2032/2032 2033/2033/2033 2013/2013/2013
f 1995/1995/1995 2013/2013/2013 2025/2025/2025
f 2024/2024/2024 2025/2025/2025 2034/2034/2034
f 1950/1950/1950 1951/1951/1951 2035/2035/2035
f 2036/2036/2036 2013/2013/2013 2033/2033/2033
f 1959/1959/1959 2031/2031/2031 1990/1990/1990
f 2037/2037/2037 2038/2038/2038 555/555/555
f 1966/1966/1966 1967/1967/1967 1997/1997/1997
f 761/761/761 962/962/962 2039/2039/2039
f 2040/2040/2040 2041/2041/2041 2042/2042/2042
f 2043/2043/2043 962/962/962 2044/2044/2044
f 2043/2043/2043 2039/2039/2039 962/962/962
f 2045/2045/2045 2046/2046/2046 2047/2047/2047
f 2048/2048/2048 2049/2049/2049 2050/2050/2050
f 2043/2043/2043 2044/2044/2044 2051/2051/2051
f 2052/2052/2052 2053/2053/2053 2054/2054/2054
f 2046/2046/2046 2045/2045/2045 2055/2055/2055
f 2044/2044/2044 962/962/962 2056/2056/2056
f 962/962/962 1706/1706/1706 2056/2056/2056
f 2057/2057/2057 2052/2052/2052 2054/2054/2054
f 2039/2039/2039 2043/2043/2043 2058/2058/2058
f 2059/2059/2059 2042/2042/2042 2060/2060/2060
f 963/963/963 2039/2039/2039 977/977/977
f 2061/2061/2061 777/777/777 2062/2062/2062
f 777/777/777 1465/1465/1465 769/769/769
f 977/977/977 2039/2039/2039 2063/2063/2063
f 2064/2064/2064 2065/2065/2065 2066/2066/2066
f 2067/2067/2067 2064/2064/2064 2066/2066/2066
f 2068/2068/2068 2064/2064/2064 2067/2067/2067
f 2065/2065/2065 2069/2069/2069 2066/2066/2066
f 2070/2070/2070 977/977/977 2063/2063/2063
f 2071/2071/2071 2072/2072/2072 2073/2073/2073
f 2074/2074/2074 2075/2075/2075 2076/2076/2076
f 2075/2075/2075 2061/2061/2061 2062/2062/2062
f 2077/2077/2077 766/766/766 778/778/778
f 2078/2078/2078 2079/2079/2079 2065/2065/2065
f 2042/2042/2042 2080/2080/2080 2040/2040/2040
f 2081/2081/2081 2082/2082/2082 778/778/778
f 2083/2083/2083 2084/2084/2084 2085/2085/2085
f 2086/2086/2086 2087/2087/2087 2088/2088/2088
f 1707/1707/1707 1623/1623/1623 1706/1706/1706
f 2089/2089/2089 2082/2082/2082 2079/2079/2079
f 2087/2087/2087 2086/2086/2086 2090/2090/2090
f 1619/1619/1619 1623/1623/1623 1707/1707/1707
f 2091/2091/2091 2092/2092/2092 2093/2093/2093
f 2094/2094/2094 2095/2095/2095 2078/2078/2078
f 2059/2059/2059 2096/2096/2096 2097/2097/2097
f 2097/2097/2097 2096/2096/2096 2098/2098/2098
f 2068/2068/2068 2094/2094/2094 2078/2078/2078
f 2099/2099/2099 2100/2100/2100 2101/2101/2101
f 2097/2097/2097 2042/2042/2042 2059/2059/2059
f 2101/2101/2101 2102/2102/2102 2103/2103/2103
f 1833/1833/1833 2103/2103/2103 1623/1623/1623
f 1621/1621/1621 1833/1833/1833 1623/1623/1623
f 2080/2080/2080 2042/2042/2042 2097/2097/2097
f 2102/2102/2102 2101/2101/2101 2104/2104/2104
f 1669/1669/1669 1675/1675/1675 2105/2105/2105
f 2106/2106/2106 2080/2080/2080 2097/2097/2097
f 1669/1669/1669 2105/2105/2105 2060/2060/2060
f 2100/2100/2100 2104/2104/2104 2101/2101/2101
f 2107/2107/2107 1722/1722/1722 2108/2108/2108
f 2105/2105/2105 2109/2109/2109 2060/2060/2060
f 2097/2097/2097 2110/2110/2110 2106/2106/2106
f 2081/2081/2081 979/979/979 2111/2111/2111
f 2112/2112/2112 2113/2113/2113 2079/2079/2079
f 2041/2041/2041 1842/1842/1842 1674/1674/1674
f 2060/2060/2060 2041/2041/2041 1669/1669/1669
f 2112/2112/2112 2079/2079/2079 2078/2078/2078
f 1669/1669/1669 2041/2041/2041 1674/1674/1674
f 2114/2114/2114 2115/2115/2115 2116/2116/2116
f 2108/2108/2108 2117/2117/2117 2118/2118/2118
f 2060/2060/2060 2109/2109/2109 2119/2119/2119
f 2065/2065/2065 2082/2082/2082 2069/2069/2069
f 2079/2079/2079 2082/2082/2082 2065/2065/2065
f 2060/2060/2060 2119/2119/2119 2120/2120/2120
f 2090/2090/2090 2121/2121/2121 2122/2122/2122
f 2084/2084/2084 2117/2117/2117 2123/2123/2123
f 2120/2120/2120 2059/2059/2059 2060/2060/2060
f 2124/2124/2124 2121/2121/2121 2090/2090/2090
f 2041/2041/2041 2060/2060/2060 2042/2042/2042
f 2125/2125/2125 2113/2113/2113 2126/2126/2126
f 2126/2126/2126 2127/2127/2127 2125/2125/2125
f 2128/2128/2128 2129/2129/2129 2130/2130/2130
f 2131/2131/2131 2132/2132/2132 2133/2133/2133
f 2126/2126/2126 2113/2113/2113 2134/2134/2134
f 2089/2089/2089 2077/2077/2077 2082/2082/2082
f 2131/2131/2131 2133/2133/2133 2135/2135/2135
f 2131/2131/2131 2135/2135/2135 2136/2136/2136
f 2091/2091/2091 2137/2137/2137 2092/2092/2092
f 2129/2129/2129 2092/2092/2092 2137/2137/2137
f 2110/2110/2110 2097/2097/2097 2098/2098/2098
f 2138/2138/2138 2110/2110/2110 2098/2098/2098
f 2139/2139/2139 2113/2113/2113 2072/2072/2072
f 2140/2140/2140 2112/2112/2112 2095/2095/2095
f 2141/2141/2141 2087/2087/2087 2132/2132/2132
f 2142/2142/2142 2132/2132/2132 2087/2087/2087
f 2143/2143/2143 2144/2144/2144 2106/2106/2106
f 2079/2079/2079 2113/2113/2113 2139/2139/2139
f 2112/2112/2112 2140/2140/2140 2113/2113/2113
f 2113/2113/2113 2125/2125/2125 2072/2072/2072
f 2125/2125/2125 2073/2073/2073 2072/2072/2072
f 2110/2110/2110 2138/2138/2138 2145/2145/2145
f 2110/2110/2110 2143/2143/2143 2106/2106/2106
f 2143/2143/2143 2110/2110/2110 2146/2146/2146
f 2106/2106/2106 2144/2144/2144 2080/2080/2080
f 2127/2127/2127 2147/2147/2147 2125/2125/2125
f 2148/2148/2148 2129/2129/2129 2128/2128/2128
f 2146/2146/2146 2110/2110/2110 2145/2145/2145
f 2149/2149/2149 762/762/762 969/969/969
f 1665/1665/1665 2121/2121/2121 1670/1670/1670
f 2066/2066/2066 2081/2081/2081 2111/2111/2111
f 2150/2150/2150 2151/2151/2151 2152/2152/2152
f 2153/2153/2153 2125/2125/2125 2147/2147/2147
f 2154/2154/2154 2155/2155/2155 2156/2156/2156
f 2057/2057/2057 2157/2157/2157 2052/2052/2052
f 2116/2116/2116 2115/2115/2115 2158/2158/2158
f 761/761/761 2039/2039/2039 963/963/963
f 767/767/767 766/766/766 2077/2077/2077
f 1665/1665/1665 1664/1664/1664 2122/2122/2122
f 2121/2121/2121 1665/1665/1665 2122/2122/2122
f 968/968/968 977/977/977 2070/2070/2070
f 1841/1841/1841 2122/2122/2122 1664/1664/1664
f 2159/2159/2159 1706/1706/1706 2160/2160/2160
f 2089/2089/2089 767/767/767 2077/2077/2077
f 2089/2089/2089 969/969/969 767/767/767
f 2118/2118/2118 2117/2117/2117 2084/2084/2084
f 1706/1706/1706 1623/1623/1623 2160/2160/2160
f 2161/2161/2161 2162/2162/2162 2163/2163/2163
f 2089/2089/2089 2149/2149/2149 969/969/969
f 2164/2164/2164 1850/1850/1850 2165/2165/2165
f 1862/1862/1862 1856/1856/1856 1850/1850/1850
f 2166/2166/2166 2090/2090/2090 2122/2122/2122
f 1741/1741/1741 2167/2167/2167 2168/2168/2168
f 2169/2169/2169 2170/2170/2170 2171/2171/2171
f 2114/2114/2114 2067/2067/2067 2115/2115/2115
f 2162/2162/2162 2172/2172/2172 2163/2163/2163
f 2068/2068/2068 2067/2067/2067 2114/2114/2114
f 2173/2173/2173 2068/2068/2068 2114/2114/2114
f 2163/2163/2163 2172/2172/2172 2174/2174/2174
f 2175/2175/2175 2176/2176/2176 2177/2177/2177
f 2124/2124/2124 2090/2090/2090 2086/2086/2086
f 2178/2178/2178 968/968/968 2070/2070/2070
f 2041/2041/2041 2040/2040/2040 1842/1842/1842
f 2177/2177/2177 2179/2179/2179 2170/2170/2170
f 2166/2166/2166 2122/2122/2122 1841/1841/1841
f 2180/2180/2180 2181/2181/2181 2182/2182/2182
f 2183/2183/2183 2165/2165/2165 2181/2181/2181
f 2181/2181/2181 2180/2180/2180 2183/2183/2183
f 762/762/762 2149/2149/2149 980/980/980
f 2149/2149/2149 2071/2071/2071 980/980/980
f 2183/2183/2183 2180/2180/2180 2184/2184/2184
f 2185/2185/2185 2180/2180/2180 2182/2182/2182
f 2123/2123/2123 2085/2085/2085 2084/2084/2084
f 2177/2177/2177 2170/2170/2170 2186/2186/2186
f 2177/2177/2177 2186/2186/2186 2175/2175/2175
f 2187/2187/2187 2188/2188/2188 2189/2189/2189
f 2190/2190/2190 2189/2189/2189 2191/2191/2191
f 2186/2186/2186 2169/2169/2169 2192/2192/2192
f 2061/2061/2061 1465/1465/1465 777/777/777
f 2193/2193/2193 2194/2194/2194 2195/2195/2195
f 2196/2196/2196 2197/2197/2197 2198/2198/2198
f 2199/2199/2199 2169/2169/2169 2171/2171/2171
f 2199/2199/2199 2171/2171/2171 2200/2200/2200
f 2201/2201/2201 2202/2202/2202 2203/2203/2203
f 2204/2204/2204 2205/2205/2205 2203/2203/2203
f 2193/2193/2193 2195/2195/2195 2206/2206/2206
f 2207/2207/2207 2196/2196/2196 2198/2198/2198
f 2208/2208/2208 2193/2193/2193 2206/2206/2206
f 2209/2209/2209 2210/2210/2210 2211/2211/2211
f 2203/2203/2203 2212/2212/2212 2211/2211/2211
f 2213/2213/2213 2214/2214/2214 2215/2215/2215
f 2206/2206/2206 2216/2216/2216 2217/2217/2217
f 2115/2115/2115 2066/2066/2066 2111/2111/2111
f 2071/2071/2071 2149/2149/2149 2072/2072/2072
f 2205/2205/2205 2204/2204/2204 2188/2188/2188
f 2205/2205/2205 2188/2188/2188 2187/2187/2187
f 2206/2206/2206 2217/2217/2217 2218/2218/2218
f 2219/2219/2219 2220/2220/2220 2221/2221/2221
f 2190/2190/2190 2187/2187/2187 2189/2189/2189
f 2205/2205/2205 2187/2187/2187 2222/2222/2222
f 2222/2222/2222 2187/2187/2187 2190/2190/2190
f 2137/2137/2137 2219/2219/2219 2221/2221/2221
f 2207/2207/2207 2223/2223/2223 2196/2196/2196
f 2212/2212/2212 2205/2205/2205 2224/2224/2224
f 2222/2222/2222 2224/2224/2224 2205/2205/2205
f 2123/2123/2123 2225/2225/2225 2085/2085/2085
f 2185/2185/2185 2182/2182/2182 2226/2226/2226
f 2227/2227/2227 2228/2228/2228 2163/2163/2163
f 2229/2229/2229 2224/2224/2224 2222/2222/2222
f 2069/2069/2069 2082/2082/2082 2081/2081/2081
f 2230/2230/2230 2231/2231/2231 2175/2175/2175
f 2216/2216/2216 2232/2232/2232 2228/2228/2228
f 2226/2226/2226 2233/2233/2233 2185/2185/2185
f 2149/2149/2149 2139/2139/2139 2072/2072/2072
f 2234/2234/2234 2085/2085/2085 2235/2235/2235
f 2234/2234/2234 2235/2235/2235 2236/2236/2236
f 2081/2081/2081 778/778/778 979/979/979
f 2226/2226/2226 2182/2182/2182 2237/2237/2237
f 2163/2163/2163 2237/2237/2237 2161/2161/2161
f 2238/2238/2238 2239/2239/2239 2240/2240/2240
f 2226/2226/2226 2237/2237/2237 2163/2163/2163
f 2227/2227/2227 2217/2217/2217 2228/2228/2228
f 2137/2137/2137 2091/2091/2091 2219/2219/2219
f 778/778/778 2082/2082/2082 2077/2077/2077
f 2241/2241/2241 2152/2152/2152 2242/2242/2242
f 2152/2152/2152 2241/2241/2241 2224/2224/2224
f 2078/2078/2078 2065/2065/2065 2064/2064/2064
f 2230/2230/2230 2175/2175/2175 2243/2243/2243
f 2244/2244/2244 2224/2224/2224 2229/2229/2229
f 2165/2165/2165 2183/2183/2183 2164/2164/2164
f 2245/2245/2245 2164/2164/2164 2183/2183/2183
f 2245/2245/2245 1744/1744/1744 2164/2164/2164
f 2246/2246/2246 2247/2247/2247 2075/2075/2075
f 1742/1742/1742 2194/2194/2194 1722/1722/1722
f 2099/2099/2099 2101/2101/2101 2103/2103/2103
f 2184/2184/2184 2248/2248/2248 2245/2245/2245
f 1623/1623/1623 2102/2102/2102 2160/2160/2160
f 2245/2245/2245 2183/2183/2183 2184/2184/2184
f 2078/2078/2078 2064/2064/2064 2068/2068/2068
f 2083/2083/2083 2085/2085/2085 2234/2234/2234
f 2184/2184/2184 2180/2180/2180 2185/2185/2185
f 2111/2111/2111 979/979/979 2249/2249/2249
f 2104/2104/2104 2160/2160/2160 2102/2102/2102
f 2184/2184/2184 2185/2185/2185 2232/2232/2232
f 2232/2232/2232 2185/2185/2185 2233/2233/2233
f 2193/2193/2193 1722/1722/1722 2194/2194/2194
f 2250/2250/2250 2142/2142/2142 2090/2090/2090
f 2090/2090/2090 2142/2142/2142 2087/2087/2087
f 2099/2099/2099 2103/2103/2103 1833/1833/1833
f 1861/1861/1861 2099/2099/2099 1833/1833/1833
f 1722/1722/1722 2193/2193/2193 2108/2108/2108
f 2139/2139/2139 2149/2149/2149 2089/2089/2089
f 2251/2251/2251 2186/2186/2186 2192/2192/2192
f 2228/2228/2228 2232/2232/2232 2233/2233/2233
f 2166/2166/2166 2250/2250/2250 2090/2090/2090
f 2080/2080/2080 2144/2144/2144 2252/2252/2252
f 2253/2253/2253 2158/2158/2158 2115/2115/2115
f 1744/1744/1744 2248/2248/2248 1742/1742/1742
f 2248/2248/2248 1744/1744/1744 2245/2245/2245
f 2254/2254/2254 2243/2243/2243 2175/2175/2175
f 2255/2255/2255 2193/2193/2193 2208/2208/2208
f 2194/2194/2194 2248/2248/2248 2195/2195/2195
f 2103/2103/2103 2102/2102/2102 1623/1623/1623
f 2218/2218/2218 2208/2208/2208 2206/2206/2206
f 2255/2255/2255 2208/2208/2208 2218/2218/2218
f 2248/2248/2248 2184/2184/2184 2195/2195/2195
f 2225/2225/2225 2218/2218/2218 2217/2217/2217
f 2255/2255/2255 2218/2218/2218 2225/2225/2225
f 2067/2067/2067 2066/2066/2066 2115/2115/2115
f 2117/2117/2117 2108/2108/2108 2193/2193/2193
f 2117/2117/2117 2193/2193/2193 2255/2255/2255
f 2248/2248/2248 2194/2194/2194 1742/1742/1742
f 2221/2221/2221 2256/2256/2256 2257/2257/2257
f 2175/2175/2175 2186/2186/2186 2254/2254/2254
f 2254/2254/2254 2186/2186/2186 2251/2251/2251
f 2258/2258/2258 2221/2221/2221 2257/2257/2257
f 2117/2117/2117 2255/2255/2255 2123/2123/2123
f 2259/2259/2259 2130/2130/2130 2257/2257/2257
f 2069/2069/2069 2081/2081/2081 2066/2066/2066
f 2225/2225/2225 2123/2123/2123 2255/2255/2255
f 2195/2195/2195 2184/2184/2184 2206/2206/2206
f 2258/2258/2258 2257/2257/2257 2130/2130/2130
f 2216/2216/2216 2228/2228/2228 2217/2217/2217
f 2206/2206/2206 2184/2184/2184 2232/2232/2232
f 2206/2206/2206 2232/2232/2232 2216/2216/2216
f 2217/2217/2217 2227/2227/2227 2260/2260/2260
f 2137/2137/2137 2221/2221/2221 2258/2258/2258
f 2228/2228/2228 2233/2233/2233 2226/2226/2226
f 2226/2226/2226 2163/2163/2163 2228/2228/2228
f 2261/2261/2261 2262/2262/2262 2263/2263/2263
f 2112/2112/2112 2078/2078/2078 2095/2095/2095
f 2264/2264/2264 2260/2260/2260 2265/2265/2265
f 2214/2214/2214 2217/2217/2217 2260/2260/2260
f 2130/2130/2130 2259/2259/2259 2266/2266/2266
f 2214/2214/2214 2260/2260/2260 2264/2264/2264
f 2259/2259/2259 2267/2267/2267 2266/2266/2266
f 2266/2266/2266 2267/2267/2267 2268/2268/2268
f 2269/2269/2269 2270/2270/2270 2220/2220/2220
f 2220/2220/2220 2271/2271/2271 2269/2269/2269
f 2272/2272/2272 2273/2273/2273 2274/2274/2274
f 2265/2265/2265 2275/2275/2275 2276/2276/2276
f 2270/2270/2270 2243/2243/2243 2220/2220/2220
f 2130/2130/2130 2266/2266/2266 2128/2128/2128
f 2254/2254/2254 2220/2220/2220 2243/2243/2243
f 2277/2277/2277 2132/2132/2132 2131/2131/2131
f 2273/2273/2273 2278/2278/2278 2274/2274/2274
f 2278/2278/2278 2279/2279/2279 2274/2274/2274
f 2126/2126/2126 2134/2134/2134 2127/2127/2127
f 2280/2280/2280 2127/2127/2127 2134/2134/2134
f 2254/2254/2254 2256/2256/2256 2220/2220/2220
f 2089/2089/2089 2079/2079/2079 2139/2139/2139
f 2129/2129/2129 2137/2137/2137 2258/2258/2258
f 2258/2258/2258 2130/2130/2130 2129/2129/2129
f 2221/2221/2221 2220/2220/2220 2256/2256/2256
f 2281/2281/2281 2282/2282/2282 2142/2142/2142
f 2142/2142/2142 2133/2133/2133 2132/2132/2132
f 2282/2282/2282 2133/2133/2133 2142/2142/2142
f 2192/2192/2192 2238/2238/2238 2240/2240/2240
f 2146/2146/2146 2283/2283/2283 2143/2143/2143
f 2283/2283/2283 2146/2146/2146 2284/2284/2284
f 2285/2285/2285 2286/2286/2286 2242/2242/2242
f 2287/2287/2287 2136/2136/2136 2135/2135/2135
f 2288/2288/2288 2287/2287/2287 2135/2135/2135
f 2224/2224/2224 2150/2150/2150 2152/2152/2152
f 2150/2150/2150 2224/2224/2224 2244/2244/2244
f 2150/2150/2150 2244/2244/2244 2289/2289/2289
f 2290/2290/2290 2254/2254/2254 2251/2251/2251
f 2256/2256/2256 2254/2254/2254 2290/2290/2290
f 2285/2285/2285 2242/2242/2242 2291/2291/2291
f 2292/2292/2292 2290/2290/2290 2293/2293/2293
f 2256/2256/2256 2290/2290/2290 2257/2257/2257
f 2259/2259/2259 2257/2257/2257 2290/2290/2290
f 2292/2292/2292 2293/2293/2293 2294/2294/2294
f 1850/1850/1850 1849/1849/1849 2295/2295/2295
f 1850/1850/1850 2295/2295/2295 2165/2165/2165
f 2165/2165/2165 2295/2295/2295 2296/2296/2296
f 2297/2297/2297 2298/2298/2298 2299/2299/2299
f 2296/2296/2296 2181/2181/2181 2165/2165/2165
f 2300/2300/2300 2301/2301/2301 2302/2302/2302
f 2297/2297/2297 2303/2303/2303 2304/2304/2304
f 2303/2303/2303 2305/2305/2305 2304/2304/2304
f 2162/2162/2162 2161/2161/2161 2306/2306/2306
f 2162/2162/2162 2306/2306/2306 2307/2307/2307
f 2305/2305/2305 2303/2303/2303 2308/2308/2308
f 2308/2308/2308 2309/2309/2309 2305/2305/2305
f 2310/2310/2310 2172/2172/2172 2307/2307/2307
f 2311/2311/2311 2312/2312/2312 2313/2313/2313
f 2308/2308/2308 2314/2314/2314 2309/2309/2309
f 2307/2307/2307 2172/2172/2172 2162/2162/2162
f 2315/2315/2315 2308/2308/2308 1547/1547/1547
f 2308/2308/2308 2315/2315/2315 2316/2316/2316
f 2308/2308/2308 2316/2316/2316 2314/2314/2314
f 2204/2204/2204 2203/2203/2203 2317/2317/2317
f 2202/2202/2202 2317/2317/2317 2203/2203/2203
f 2299/2299/2299 2313/2313/2313 2318/2318/2318
f 2212/2212/2212 2203/2203/2203 2205/2205/2205
f 2319/2319/2319 2302/2302/2302 2301/2301/2301
f 2299/2299/2299 2303/2303/2303 2297/2297/2297
f 2169/2169/2169 2186/2186/2186 2170/2170/2170
f 2320/2320/2320 2321/2321/2321 2318/2318/2318
f 2322/2322/2322 1867/1867/1867 1872/1872/1872
f 2303/2303/2303 2299/2299/2299 2318/2318/2318
f 2322/2322/2322 1872/1872/1872 2323/2323/2323
f 2301/2301/2301 2320/2320/2320 2324/2324/2324
f 2323/2323/2323 2301/2301/2301 2300/2300/2300
f 2301/2301/2301 2325/2325/2325 2319/2319/2319
f 2323/2323/2323 1872/1872/1872 2301/2301/2301
f 2324/2324/2324 2325/2325/2325 2301/2301/2301
f 2312/2312/2312 2324/2324/2324 2320/2320/2320
f 2312/2312/2312 2326/2326/2326 2324/2324/2324
f 2312/2312/2312 2320/2320/2320 2318/2318/2318
f 2318/2318/2318 2313/2313/2313 2312/2312/2312
f 2303/2303/2303 2327/2327/2327 2308/2308/2308
f 1547/1547/1547 2308/2308/2308 2327/2327/2327
f 2328/2328/2328 1085/1085/1085 1094/1094/1094
f 2301/2301/2301 1872/1872/1872 1873/1873/1873
f 2327/2327/2327 2303/2303/2303 2329/2329/2329
f 2327/2327/2327 1097/1097/1097 1096/1096/1096
f 1097/1097/1097 2327/2327/2327 2329/2329/2329
f 2330/2330/2330 466/466/466 468/468/468
f 2331/2331/2331 1058/1058/1058 2332/2332/2332
f 2332/2332/2332 1058/1058/1058 1059/1059/1059
f 2332/2332/2332 1059/1059/1059 1064/1064/1064
f 2333/2333/2333 2301/2301/2301 1873/1873/1873
f 2333/2333/2333 2334/2334/2334 2320/2320/2320
f 2320/2320/2320 2301/2301/2301 2333/2333/2333
f 2335/2335/2335 1064/1064/1064 1083/1083/1083
f 2336/2336/2336 1084/1084/1084 2328/2328/2328
f 2328/2328/2328 1084/1084/1084 1085/1085/1085
f 2320/2320/2320 2334/2334/2334 2321/2321/2321
f 2303/2303/2303 2321/2321/2321 2329/2329/2329
f 2321/2321/2321 2303/2303/2303 2318/2318/2318
f 2337/2337/2337 2338/2338/2338 2339/2339/2339
f 2340/2340/2340 2341/2341/2341 2342/2342/2342
f 2343/2343/2343 2344/2344/2344 2345/2345/2345
f 2344/2344/2344 2343/2343/2343 2346/2346/2346
f 2346/2346/2346 2347/2347/2347 2344/2344/2344
f 2348/2348/2348 2349/2349/2349 2340/2340/2340
f 2344/2344/2344 2347/2347/2347 2350/2350/2350
f 2340/2340/2340 2351/2351/2351 2348/2348/2348
f 2352/2352/2352 2350/2350/2350 2347/2347/2347
f 2353/2353/2353 2354/2354/2354 1165/1165/1165
f 2355/2355/2355 2356/2356/2356 2357/2357/2357
f 2355/2355/2355 2357/2357/2357 2358/2358/2358
f 2359/2359/2359 2360/2360/2360 2361/2361/2361
f 2362/2362/2362 1380/1380/1380 1175/1175/1175
f 2355/2355/2355 2358/2358/2358 2363/2363/2363
f 1175/1175/1175 2364/2364/2364 2362/2362/2362
f 2365/2365/2365 2355/2355/2355 2363/2363/2363
f 2358/2358/2358 2344/2344/2344 2363/2363/2363
f 2366/2366/2366 2365/2365/2365 2363/2363/2363
f 2366/2366/2366 2367/2367/2367 2365/2365/2365
f 2350/2350/2350 2366/2366/2366 2363/2363/2363
f 2352/2352/2352 2368/2368/2368 2366/2366/2366
f 2350/2350/2350 2352/2352/2352 2366/2366/2366
f 2369/2369/2369 2370/2370/2370 2371/2371/2371
f 2363/2363/2363 2344/2344/2344 2350/2350/2350
f 2353/2353/2353 1465/1465/1465 2372/2372/2372
f 2343/2343/2343 1333/1333/1333 2373/2373/2373
f 2374/2374/2374 2375/2375/2375 2360/2360/2360
f 2360/2360/2360 2354/2354/2354 2349/2349/2349
f 2346/2346/2346 2376/2376/2376 2377/2377/2377
f 2346/2346/2346 2373/2373/2373 2376/2376/2376
f 2349/2349/2349 2361/2361/2361 2360/2360/2360
f 2343/2343/2343 2373/2373/2373 2346/2346/2346
f 2346/2346/2346 2377/2377/2377 2347/2347/2347
f 2362/2362/2362 2378/2378/2378 2379/2379/2379
f 2380/2380/2380 2352/2352/2352 2347/2347/2347
f 2381/2381/2381 2382/2382/2382 2383/2383/2383
f 2384/2384/2384 2382/2382/2382 2385/2385/2385
f 2386/2386/2386 2278/2278/2278 2387/2387/2387
f 1950/1950/1950 2035/2035/2035 2388/2388/2388
f 2389/2389/2389 2371/2371/2371 2390/2390/2390
f 2360/2360/2360 2391/2391/2391 2354/2354/2354
f 2392/2392/2392 2393/2393/2393 2394/2394/2394
f 1953/1953/1953 1952/1952/1952 2395/2395/2395
f 2395/2395/2395 1952/1952/1952 1950/1950/1950
f 2396/2396/2396 1954/1954/1954 1956/1956/1956
f 2397/2397/2397 1953/1953/1953 2395/2395/2395
f 2390/2390/2390 2398/2398/2398 2396/2396/2396
f 2390/2390/2390 2396/2396/2396 2399/2399/2399
f 1950/1950/1950 2388/2388/2388 2400/2400/2400
f 2145/2145/2145 2401/2401/2401 2402/2402/2402
f 2403/2403/2403 2395/2395/2395 1950/1950/1950
f 2400/2400/2400 2403/2403/2403 1950/1950/1950
f 2404/2404/2404 2405/2405/2405 2406/2406/2406
f 2406/2406/2406 2407/2407/2407 2404/2404/2404
f 2408/2408/2408 2145/2145/2145 2402/2402/2402
f 2405/2405/2405 2404/2404/2404 2337/2337/2337
f 2399/2399/2399 2396/2396/2396 2409/2409/2409
f 2404/2404/2404 2395/2395/2395 2403/2403/2403
f 2385/2385/2385 2382/2382/2382 2410/2410/2410
f 2411/2411/2411 2145/2145/2145 2408/2408/2408
f 2341/2341/2341 2353/2353/2353 2372/2372/2372
f 2354/2354/2354 2353/2353/2353 2341/2341/2341
f 2338/2338/2338 2403/2403/2403 2400/2400/2400
f 2341/2341/2341 2340/2340/2340 2354/2354/2354
f 2339/2339/2339 2412/2412/2412 2337/2337/2337
f 2287/2287/2287 2413/2413/2413 2136/2136/2136
f 2414/2414/2414 2337/2337/2337 2412/2412/2412
f 2413/2413/2413 2415/2415/2415 2136/2136/2136
f 2337/2337/2337 2404/2404/2404 2403/2403/2403
f 2337/2337/2337 2403/2403/2403 2338/2338/2338
f 2416/2416/2416 2417/2417/2417 2418/2418/2418
f 2342/2342/2342 2341/2341/2341 2372/2372/2372
f 2414/2414/2414 2419/2419/2419 2405/2405/2405
f 2414/2414/2414 2405/2405/2405 2337/2337/2337
f 2420/2420/2420 2421/2421/2421 2422/2422/2422
f 2416/2416/2416 2418/2418/2418 2127/2127/2127
f 2361/2361/2361 2349/2349/2349 2348/2348/2348
f 2423/2423/2423 2424/2424/2424 2348/2348/2348
f 2387/2387/2387 2425/2425/2425 2426/2426/2426
f 2384/2384/2384 2385/2385/2385 2427/2427/2427
f 2428/2428/2428 2429/2429/2429 2413/2413/2413
f 2414/2414/2414 2430/2430/2430 2419/2419/2419
f 2430/2430/2430 2414/2414/2414 2412/2412/2412
f 2411/2411/2411 2431/2431/2431 2432/2432/2432
f 2408/2408/2408 2422/2422/2422 2421/2421/2421
f 2433/2433/2433 2357/2357/2357 2356/2356/2356
f 2421/2421/2421 2411/2411/2411 2408/2408/2408
f 2434/2434/2434 2435/2435/2435 2436/2436/2436
f 2437/2437/2437 2438/2438/2438 2439/2439/2439
f 2145/2145/2145 2411/2411/2411 2146/2146/2146
f 2357/2357/2357 2440/2440/2440 2358/2358/2358
f 2427/2427/2427 2441/2441/2441 2426/2426/2426
f 2442/2442/2442 2358/2358/2358 2440/2440/2440
f 2345/2345/2345 2358/2358/2358 2442/2442/2442
f 2419/2419/2419 2430/2430/2430 2421/2421/2421
f 2430/2430/2430 2411/2411/2411 2421/2421/2421
f 2345/2345/2345 2442/2442/2442 1333/1333/1333
f 2345/2345/2345 1333/1333/1333 2343/2343/2343
f 2411/2411/2411 2430/2430/2430 2431/2431/2431
f 2443/2443/2443 2431/2431/2431 2430/2430/2430
f 2358/2358/2358 2345/2345/2345 2344/2344/2344
f 2146/2146/2146 2444/2444/2444 2284/2284/2284
f 2146/2146/2146 2411/2411/2411 2444/2444/2444
f 2432/2432/2432 2444/2444/2444 2411/2411/2411
f 2445/2445/2445 2446/2446/2446 2447/2447/2447
f 2448/2448/2448 2446/2446/2446 2445/2445/2445
f 1980/1980/1980 629/629/629 626/626/626
f 2449/2449/2449 2359/2359/2359 2424/2424/2424
f 628/628/628 1295/1295/1295 631/631/631
f 2450/2450/2450 2378/2378/2378 2451/2451/2451
f 2452/2452/2452 2025/2025/2025 2036/2036/2036
f 2382/2382/2382 2381/2381/2381 2410/2410/2410
f 1980/1980/1980 1298/1298/1298 629/629/629
f 2453/2453/2453 2454/2454/2454 2455/2455/2455
f 2456/2456/2456 2457/2457/2457 1298/1298/1298
f 2458/2458/2458 2459/2459/2459 2460/2460/2460
f 2461/2461/2461 2460/2460/2460 2459/2459/2459
f 2462/2462/2462 2463/2463/2463 2464/2464/2464
f 1319/1319/1319 1295/1295/1295 1229/1229/1229
f 2465/2465/2465 2466/2466/2466 2467/2467/2467
f 2396/2396/2396 2468/2468/2468 1954/1954/1954
f 2469/2469/2469 2452/2452/2452 2036/2036/2036
f 2017/2017/2017 1295/1295/1295 2470/2470/2470
f 2471/2471/2471 1298/1298/1298 1980/1980/1980
f 1979/1979/1979 2471/2471/2471 1980/1980/1980
f 2470/2470/2470 1295/1295/1295 1319/1319/1319
f 2466/2466/2466 2465/2465/2465 2472/2472/2472
f 2473/2473/2473 2474/2474/2474 2384/2384/2384
f 2475/2475/2475 1165/1165/1165 2391/2391/2391
f 2424/2424/2424 2361/2361/2361 2348/2348/2348
f 2035/2035/2035 2476/2476/2476 2388/2388/2388
f 2477/2477/2477 2470/2470/2470 1319/1319/1319
f 2478/2478/2478 2479/2479/2479 2480/2480/2480
f 2477/2477/2477 1319/1319/1319 2481/2481/2481
f 2476/2476/2476 2400/2400/2400 2388/2388/2388
f 2478/2478/2478 2482/2482/2482 2479/2479/2479
f 2483/2483/2483 2481/2481/2481 1319/1319/1319
f 2484/2484/2484 2472/2472/2472 2485/2485/2485
f 2485/2485/2485 2472/2472/2472 2465/2465/2465
f 2423/2423/2423 2348/2348/2348 2351/2351/2351
f 1328/1328/1328 2479/2479/2479 1330/1330/1330
f 2486/2486/2486 2423/2423/2423 2351/2351/2351
f 2384/2384/2384 2427/2427/2427 2426/2426/2426
f 2458/2458/2458 2487/2487/2487 2488/2488/2488
f 2488/2488/2488 2487/2487/2487 2489/2489/2489
f 1330/1330/1330 2490/2490/2490 1315/1315/1315
f 2488/2488/2488 2489/2489/2489 2491/2491/2491
f 2396/2396/2396 2492/2492/2492 2468/2468/2468
f 2463/2463/2463 2462/2462/2462 2493/2493/2493
f 2492/2492/2492 2396/2396/2396 2494/2494/2494
f 2413/2413/2413 2491/2491/2491 2489/2489/2489
f 2491/2491/2491 2413/2413/2413 2495/2495/2495
f 2496/2496/2496 2490/2490/2490 1330/1330/1330
f 2497/2497/2497 2491/2491/2491 2495/2495/2495
f 2498/2498/2498 2490/2490/2490 2496/2496/2496
f 2499/2499/2499 2491/2491/2491 2497/2497/2497
f 2430/2430/2430 2500/2500/2500 2443/2443/2443
f 2464/2464/2464 2463/2463/2463 2501/2501/2501
f 2459/2459/2459 2458/2458/2458 2488/2488/2488
f 2499/2499/2499 2461/2461/2461 2459/2459/2459
f 2398/2398/2398 2494/2494/2494 2396/2396/2396
f 2412/2412/2412 2339/2339/2339 2500/2500/2500
f 2459/2459/2459 2488/2488/2488 2499/2499/2499
f 2452/2452/2452 2469/2469/2469 2502/2502/2502
f 2482/2482/2482 1330/1330/1330 2479/2479/2479
f 2496/2496/2496 1330/1330/1330 2482/2482/2482
f 2499/2499/2499 2488/2488/2488 2491/2491/2491
f 2503/2503/2503 2504/2504/2504 2505/2505/2505
f 2500/2500/2500 2430/2430/2430 2412/2412/2412
f 2463/2463/2463 2493/2493/2493 2379/2379/2379
f 2506/2506/2506 2507/2507/2507 2508/2508/2508
f 2509/2509/2509 2510/2510/2510 2511/2511/2511
f 2512/2512/2512 2509/2509/2509 2511/2511/2511
f 2513/2513/2513 2438/2438/2438 2511/2511/2511
f 2514/2514/2514 2498/2498/2498 2515/2515/2515
f 2512/2512/2512 2511/2511/2511 2438/2438/2438
f 2516/2516/2516 2025/2025/2025 2517/2517/2517
f 2025/2025/2025 2452/2452/2452 2517/2517/2517
f 2379/2379/2379 2501/2501/2501 2463/2463/2463
f 2498/2498/2498 2496/2496/2496 2515/2515/2515
f 2398/2398/2398 2371/2371/2371 2445/2445/2445
f 1337/1337/1337 2518/2518/2518 2519/2519/2519
f 2476/2476/2476 2338/2338/2338 2400/2400/2400
f 2520/2520/2520 2521/2521/2521 2522/2522/2522
f 2520/2520/2520 2523/2523/2523 2521/2521/2521
f 2520/2520/2520 2524/2524/2524 2436/2436/2436
f 2434/2434/2434 2436/2436/2436 2524/2524/2524
f 2435/2435/2435 2523/2523/2523 2436/2436/2436
f 2525/2525/2525 2526/2526/2526 1299/1299/1299
f 2442/2442/2442 2440/2440/2440 2527/2527/2527
f 2390/2390/2390 2371/2371/2371 2398/2398/2398
f 1293/1293/1293 2526/2526/2526 1496/1496/1496
f 1293/1293/1293 1299/1299/1299 2526/2526/2526
f 2528/2528/2528 2478/2478/2478 2529/2529/2529
f 1333/1333/1333 2442/2442/2442 1331/1331/1331
f 2525/2525/2525 1299/1299/1299 2530/2530/2530
f 2338/2338/2338 2476/2476/2476 2531/2531/2531
f 2532/2532/2532 2516/2516/2516 2517/2517/2517
f 2482/2482/2482 2478/2478/2478 2528/2528/2528
f 2492/2492/2492 2482/2482/2482 2528/2528/2528
f 2468/2468/2468 2492/2492/2492 2528/2528/2528
f 2378/2378/2378 2501/2501/2501 2379/2379/2379
f 2533/2533/2533 2534/2534/2534 2535/2535/2535
f 2535/2535/2535 2536/2536/2536 2533/2533/2533
f 2537/2537/2537 2538/2538/2538 2539/2539/2539
f 2538/2538/2538 2540/2540/2540 2539/2539/2539
f 2541/2541/2541 2542/2542/2542 2533/2533/2533
f 2543/2543/2543 2533/2533/2533 2544/2544/2544
f 2452/2452/2452 2460/2460/2460 2517/2517/2517
f 2483/2483/2483 2545/2545/2545 2546/2546/2546
f 2547/2547/2547 2548/2548/2548 2541/2541/2541
f 2549/2549/2549 2550/2550/2550 2534/2534/2534
f 2551/2551/2551 2552/2552/2552 2539/2539/2539
f 2540/2540/2540 2551/2551/2551 2539/2539/2539
f 2553/2553/2553 2554/2554/2554 1303/1303/1303
f 2515/2515/2515 2496/2496/2496 2482/2482/2482
f 1303/1303/1303 1305/1305/1305 2521/2521/2521
f 2531/2531/2531 2339/2339/2339 2338/2338/2338
f 2554/2554/2554 1304/1304/1304 1303/1303/1303
f 2555/2555/2555 1304/1304/1304 2554/2554/2554
f 2555/2555/2555 2554/2554/2554 2553/2553/2553
f 2556/2556/2556 2557/2557/2557 2558/2558/2558
f 2538/2538/2538 2559/2559/2559 2560/2560/2560
f 2538/2538/2538 2561/2561/2561 2559/2559/2559
f 2553/2553/2553 2562/2562/2562 2563/2563/2563
f 2564/2564/2564 2565/2565/2565 2566/2566/2566
f 2538/2538/2538 2560/2560/2560 2540/2540/2540
f 2567/2567/2567 2568/2568/2568 2191/2191/2191
f 2543/2543/2543 2544/2544/2544 2435/2435/2435
f 2229/2229/2229 2566/2566/2566 2244/2244/2244
f 2368/2368/2368 2569/2569/2569 2367/2367/2367
f 2435/2435/2435 2544/2544/2544 2562/2562/2562
f 2563/2563/2563 2562/2562/2562 2544/2544/2544
f 2570/2570/2570 2571/2571/2571 2505/2505/2505
f 2567/2567/2567 1464/1464/1464 1463/1463/1463
f 2555/2555/2555 2553/2553/2553 2563/2563/2563
f 2289/2289/2289 2244/2244/2244 2566/2566/2566
f 2492/2492/2492 2515/2515/2515 2482/2482/2482
f 2515/2515/2515 2492/2492/2492 2494/2494/2494
f 2566/2566/2566 2572/2572/2572 2564/2564/2564
f 2572/2572/2572 2566/2566/2566 2229/2229/2229
f 2548/2548/2548 2542/2542/2542 2541/2541/2541
f 2542/2542/2542 2548/2548/2548 2556/2556/2556
f 2462/2462/2462 2573/2573/2573 2574/2574/2574
f 2493/2493/2493 2462/2462/2462 2574/2574/2574
f 2567/2567/2567 1463/1463/1463 2575/2575/2575
f 2563/2563/2563 2544/2544/2544 2542/2542/2542
f 2494/2494/2494 2514/2514/2514 2515/2515/2515
f 2494/2494/2494 2445/2445/2445 2514/2514/2514
f 2542/2542/2542 2556/2556/2556 2563/2563/2563
f 2556/2556/2556 2558/2558/2558 2563/2563/2563
f 2493/2493/2493 2574/2574/2574 2570/2570/2570
f 2576/2576/2576 2577/2577/2577 2017/2017/2017
f 2379/2379/2379 2570/2570/2570 2505/2505/2505
f 2578/2578/2578 2508/2508/2508 2355/2355/2355
f 2355/2355/2355 2508/2508/2508 2356/2356/2356
f 2018/2018/2018 2017/2017/2017 2577/2577/2577
f 2579/2579/2579 2580/2580/2580 2484/2484/2484
f 2570/2570/2570 2379/2379/2379 2493/2493/2493
f 2565/2565/2565 2564/2564/2564 2581/2581/2581
f 2398/2398/2398 2445/2445/2445 2494/2494/2494
f 2524/2524/2524 2582/2582/2582 2434/2434/2434
f 2434/2434/2434 2582/2582/2582 2583/2583/2583
f 2584/2584/2584 2585/2585/2585 1357/1357/1357
f 2191/2191/2191 2568/2568/2568 2190/2190/2190
f 2568/2568/2568 2567/2567/2567 2575/2575/2575
f 2581/2581/2581 2580/2580/2580 2565/2565/2565
f 2434/2434/2434 2583/2583/2583 2549/2549/2549
f 2585/2585/2585 1463/1463/1463 1357/1357/1357
f 2586/2586/2586 2578/2578/2578 2355/2355/2355
f 2580/2580/2580 2581/2581/2581 2484/2484/2484
f 1353/1353/1353 2587/2587/2587 2588/2588/2588
f 2455/2455/2455 2018/2018/2018 2577/2577/2577
f 2353/2353/2353 1210/1210/1210 1465/1465/1465
f 2589/2589/2589 2590/2590/2590 2466/2466/2466
f 2590/2590/2590 2467/2467/2467 2466/2466/2466
f 2030/2030/2030 2018/2018/2018 2455/2455/2455
f 2575/2575/2575 1463/1463/1463 2585/2585/2585
f 2030/2030/2030 2455/2455/2455 2454/2454/2454
f 1463/1463/1463 1358/1358/1358 1357/1357/1357
f 2585/2585/2585 2466/2466/2466 2575/2575/2575
f 2591/2591/2591 2455/2455/2455 2577/2577/2577
f 2468/2468/2468 2528/2528/2528 2529/2529/2529
f 2453/2453/2453 2455/2455/2455 2591/2591/2591
f 2585/2585/2585 2592/2592/2592 2466/2466/2466
f 2565/2565/2565 2580/2580/2580 2593/2593/2593
f 2434/2434/2434 2549/2549/2549 2543/2543/2543
f 2566/2566/2566 2565/2565/2565 2593/2593/2593
f 2564/2564/2564 2190/2190/2190 2594/2594/2594
f 2435/2435/2435 2434/2434/2434 2543/2543/2543
f 2595/2595/2595 2534/2534/2534 2550/2550/2550
f 2596/2596/2596 2581/2581/2581 2466/2466/2466
f 2581/2581/2581 2594/2594/2594 2575/2575/2575
f 2372/2372/2372 1465/1465/1465 2061/2061/2061
f 2368/2368/2368 2367/2367/2367 2366/2366/2366
f 2340/2340/2340 2349/2349/2349 2354/2354/2354
f 2581/2581/2581 2575/2575/2575 2466/2466/2466
f 2575/2575/2575 2594/2594/2594 2568/2568/2568
f 2594/2594/2594 2190/2190/2190 2568/2568/2568
f 2533/2533/2533 2597/2597/2597 2534/2534/2534
f 2566/2566/2566 2598/2598/2598 2289/2289/2289
f 2354/2354/2354 2391/2391/2391 1165/1165/1165
f 2365/2365/2365 2586/2586/2586 2355/2355/2355
f 2466/2466/2466 2472/2472/2472 2596/2596/2596
f 2581/2581/2581 2564/2564/2564 2594/2594/2594
f 2075/2075/2075 2342/2342/2342 2372/2372/2372
f 2572/2572/2572 2222/2222/2222 2190/2190/2190
f 2075/2075/2075 2372/2372/2372 2061/2061/2061
f 2552/2552/2552 2551/2551/2551 1363/1363/1363
f 2596/2596/2596 2484/2484/2484 2581/2581/2581
f 2472/2472/2472 2484/2484/2484 2596/2596/2596
f 2599/2599/2599 2289/2289/2289 2598/2598/2598
f 1315/1315/1315 2490/2490/2490 1314/1314/1314
f 1314/1314/1314 2490/2490/2490 1406/1406/1406
f 2273/2273/2273 2289/2289/2289 2599/2599/2599
f 1412/1412/1412 1399/1399/1399 1406/1406/1406
f 2551/2551/2551 1364/1364/1364 1363/1363/1363
f 2600/2600/2600 2154/2154/2154 2156/2156/2156
f 1364/1364/1364 1366/1366/1366 1346/1346/1346
f 2190/2190/2190 2564/2564/2564 2572/2572/2572
f 2347/2347/2347 2377/2377/2377 2380/2380/2380
f 1411/1411/1411 1412/1412/1412 1414/1414/1414
f 2353/2353/2353 1165/1165/1165 1210/1210/1210
f 2601/2601/2601 2602/2602/2602 2603/2603/2603
f 2368/2368/2368 2352/2352/2352 2604/2604/2604
f 2598/2598/2598 2425/2425/2425 2599/2599/2599
f 2447/2447/2447 1412/1412/1412 1406/1406/1406
f 2229/2229/2229 2222/2222/2222 2572/2572/2572
f 2605/2605/2605 1979/1979/1979 2606/2606/2606
f 2447/2447/2447 1406/1406/1406 2514/2514/2514
f 2607/2607/2607 2342/2342/2342 2394/2394/2394
f 2036/2036/2036 2033/2033/2033 2469/2469/2469
f 2036/2036/2036 2025/2025/2025 2013/2013/2013
f 2593/2593/2593 2580/2580/2580 2579/2579/2579
f 2473/2473/2473 2579/2579/2579 2474/2474/2474
f 1406/1406/1406 2490/2490/2490 2498/2498/2498
f 2473/2473/2473 2593/2593/2593 2579/2579/2579
f 2598/2598/2598 2566/2566/2566 2593/2593/2593
f 2362/2362/2362 1407/1407/1407 1380/1380/1380
f 2514/2514/2514 1406/1406/1406 2498/2498/2498
f 2505/2505/2505 1407/1407/1407 2362/2362/2362
f 2593/2593/2593 2473/2473/2473 2598/2598/2598
f 2425/2425/2425 2598/2598/2598 2473/2473/2473
f 1414/1414/1414 1353/1353/1353 1355/1355/1355
f 2342/2342/2342 2607/2607/2607 2340/2340/2340
f 1353/1353/1353 1414/1414/1414 2608/2608/2608
f 2599/2599/2599 2278/2278/2278 2273/2273/2273
f 2609/2609/2609 2394/2394/2394 2342/2342/2342
f 2587/2587/2587 1353/1353/1353 2608/2608/2608
f 2610/2610/2610 2608/2608/2608 1414/1414/1414
f 2391/2391/2391 2611/2611/2611 2475/2475/2475
f 2127/2127/2127 2280/2280/2280 2612/2612/2612
f 2446/2446/2446 1412/1412/1412 2447/2447/2447
f 2446/2446/2446 1414/1414/1414 1412/1412/1412
f 2394/2394/2394 2393/2393/2393 2607/2607/2607
f 2613/2613/2613 1414/1414/1414 2446/2446/2446
f 2426/2426/2426 2473/2473/2473 2384/2384/2384
f 2599/2599/2599 2425/2425/2425 2278/2278/2278
f 2425/2425/2425 2387/2387/2387 2278/2278/2278
f 2473/2473/2473 2426/2426/2426 2425/2425/2425
f 2448/2448/2448 2613/2613/2613 2446/2446/2446
f 2607/2607/2607 2393/2393/2393 2351/2351/2351
f 2351/2351/2351 2340/2340/2340 2607/2607/2607
f 2447/2447/2447 2514/2514/2514 2445/2445/2445
f 2614/2614/2614 2448/2448/2448 2445/2445/2445
f 2379/2379/2379 2505/2505/2505 2362/2362/2362
f 2615/2615/2615 2378/2378/2378 2362/2362/2362
f 2370/2370/2370 2614/2614/2614 2445/2445/2445
f 2616/2616/2616 2614/2614/2614 2617/2617/2617
f 2369/2369/2369 2614/2614/2614 2370/2370/2370
f 2614/2614/2614 2369/2369/2369 2617/2617/2617
f 2424/2424/2424 2359/2359/2359 2361/2361/2361
f 2371/2371/2371 2370/2370/2370 2445/2445/2445
f 2288/2288/2288 2618/2618/2618 2287/2287/2287
f 2618/2618/2618 2495/2495/2495 2287/2287/2287
f 2432/2432/2432 2619/2619/2619 2444/2444/2444
f 2287/2287/2287 2495/2495/2495 2413/2413/2413
f 2432/2432/2432 2431/2431/2431 2619/2619/2619
f 2618/2618/2618 2620/2620/2620 2495/2495/2495
f 2443/2443/2443 2619/2619/2619 2431/2431/2431
f 2378/2378/2378 2450/2450/2450 2501/2501/2501
f 2621/2621/2621 2452/2452/2452 2622/2622/2622
f 2616/2616/2616 2623/2623/2623 2614/2614/2614
f 2579/2579/2579 2484/2484/2484 2624/2624/2624
f 2474/2474/2474 2579/2579/2579 2624/2624/2624
f 2624/2624/2624 2383/2383/2383 2474/2474/2474
f 2474/2474/2474 2383/2383/2383 2382/2382/2382
f 2384/2384/2384 2474/2474/2474 2382/2382/2382
f 2371/2371/2371 2389/2389/2389 2369/2369/2369
f 2458/2458/2458 2452/2452/2452 2621/2621/2621
f 2452/2452/2452 2458/2458/2458 2460/2460/2460
f 2439/2439/2439 2513/2513/2513 2526/2526/2526
f 2510/2510/2510 2625/2625/2625 2511/2511/2511
f 2520/2520/2520 2626/2626/2626 2627/2627/2627
f 2625/2625/2625 2513/2513/2513 2511/2511/2511
f 2483/2483/2483 1319/1319/1319 2628/2628/2628
f 2582/2582/2582 2520/2520/2520 2627/2627/2627
f 2524/2524/2524 2520/2520/2520 2582/2582/2582
f 2513/2513/2513 2439/2439/2439 2438/2438/2438
f 2628/2628/2628 1319/1319/1319 1337/1337/1337
f 2523/2523/2523 2520/2520/2520 2436/2436/2436
f 2526/2526/2526 2525/2525/2525 2439/2439/2439
f 2503/2503/2503 2629/2629/2629 2504/2504/2504
f 2521/2521/2521 2523/2523/2523 1303/1303/1303
f 2630/2630/2630 1547/1547/1547 1546/1546/1546
f 2631/2631/2631 2629/2629/2629 2503/2503/2503
f 2630/2630/2630 2315/2315/2315 1547/1547/1547
f 2542/2542/2542 2544/2544/2544 2533/2533/2533
f 2536/2536/2536 2541/2541/2541 2533/2533/2533
f 1304/1304/1304 1501/1501/1501 1497/1497/1497
f 2548/2548/2548 2632/2632/2632 2556/2556/2556
f 2555/2555/2555 1501/1501/1501 1304/1304/1304
f 2633/2633/2633 1566/1566/1566 2634/2634/2634
f 2633/2633/2633 1567/1567/1567 1566/1566/1566
f 2563/2563/2563 1501/1501/1501 2555/2555/2555
f 2633/2633/2633 2634/2634/2634 2635/2635/2635
f 2435/2435/2435 1303/1303/1303 2523/2523/2523
f 2562/2562/2562 1303/1303/1303 2435/2435/2435
f 2562/2562/2562 2553/2553/2553 1303/1303/1303
f 2597/2597/2597 2549/2549/2549 2534/2534/2534
f 2543/2543/2543 2549/2549/2549 2597/2597/2597
f 2534/2534/2534 2595/2595/2595 2535/2535/2535
f 2543/2543/2543 2597/2597/2597 2533/2533/2533
f 2632/2632/2632 2557/2557/2557 2556/2556/2556
f 2476/2476/2476 2035/2035/2035 2636/2636/2636
f 2327/2327/2327 1096/1096/1096 1503/1503/1503
f 1503/1503/1503 1547/1547/1547 2327/2327/2327
