mtllib 011_banana.mtl
o 011_banana
usemtl ycb_011_banana_material
v -0.0190229993 -0.093231 0.00536900014
v -0.0187369995 -0.0942400023 0.00610799994
v -0.0206349995 -0.0929960012 0.00571000017
v -0.0395819992 -0.0135289999 0.0116459997
v -0.0382199995 -0.00710899988 0.0111469999
v -0.0378959998 -0.0148520004 0.00808000006
v -0.0179719999 -0.0935060009 0.0055829999
v -0.0231439993 -0.0914030001 0.00642200001
v -0.0225629993 -0.0939019993 0.0078370003
v -0.0268799998 -0.0511620007 -0.000174000001
v -0.0276519991 -0.0417920016 -0.000237
v -0.0240429994 -0.0484020002 -5.09999991e-05
v -0.0337480009 -0.069829002 0.0253490005
v -0.0351109989 -0.0640259981 0.0264640003
v -0.0359539986 -0.0643460006 0.0254149996
v -0.035588 -0.0669220015 0.0245299991
v -0.0240039993 -0.0941229984 0.00975999981
v -0.0223200005 -0.0954020023 0.00965499971
v -0.0295049995 -0.0816899985 0.0221289992
v -0.0307630002 -0.0813829973 0.0207150001
v -0.0295960009 -0.0841379985 0.0200570002
v -0.0283739995 -0.0843669996 0.0213910006
v -0.0260060001 -0.0909020007 0.00892699976
v -0.0205230005 -0.0945720002 0.00713199982
v -0.0198829994 -0.0949539989 0.00751700019
v -0.0344710015 -0.0128210001 0.00389500009
v -0.0361239985 -0.0108759999 0.00644200016
v -0.0349779986 -0.00760200014 0.00582200009
v -0.0342629999 -0.0775649995 0.0170179997
v -0.0318260007 -0.0799430013 0.0202629995
v -0.0335050002 -0.0765739977 0.0205429997
v -0.0174289998 -0.0952910036 0.00885200035
v -0.0321459994 -0.001773 0.00405499991
v -0.033160001 -0.0096760001 0.00317899999
v -0.0210280009 -0.0959130004 0.0103390003
v -0.0182789993 -0.0959850028 0.0111290002
v -0.0318260007 -0.0799430013 0.0202629995
v -0.0336150005 -0.0734290034 0.0232549999
v -0.0335050002 -0.0765739977 0.0205429997
v -0.0264369994 -0.0877859965 0.00715600001
v -0.0239339992 -0.0864939988 0.00449900003
v -0.0251570009 -0.0885059983 0.0065080002
v -0.0314049982 -0.0779760033 0.0226419996
v -0.0260400008 -0.0857700035 0.00570699992
v -0.0321419984 -0.0747449994 0.024216
v -0.0253190007 -0.0837069973 0.0044209999
v -0.0260540005 -0.0846310034 0.0054560001
v -0.027462 -0.0834589973 0.00613600016
v -0.022938 -0.0855550021 0.00370100001
v -0.0275090002 -0.0832040012 0.0227179993
v -0.0302099995 -0.0758410022 0.0250579994
v -0.0206729993 -0.0901750028 0.00454400014
v -0.0187129993 -0.0913899988 0.00469799992
v -0.0272339992 -0.0806699991 0.0241759997
v -0.0164560005 -0.0930569991 0.0057140002
v -0.0349740013 -0.0556139983 0.00425799983
v -0.0357020013 -0.0502649993 0.00409599999
v -0.0330629982 -0.0549580008 0.00228199991
v -0.0363879986 -0.00505799986 0.0086749997
v -0.0158309992 -0.0905679986 0.00501499977
v -0.0182760004 -0.0892610028 0.00419599982
v -0.0216719992 -0.0849149972 0.00326699996
v -0.0363919996 -0.0557859987 0.00600499986
v -0.0243299995 -0.086011 0.0231100004
v -0.0251049995 -0.0828239992 0.0239790007
v -0.0249080006 -0.0812089965 0.0248119999
v -0.0354200006 -0.0467119999 0.00340000005
v -0.0343080014 -0.0462419987 0.00219999999
v -0.0223459993 -0.0861169994 0.0236920007
v -0.0224029999 -0.0830710009 0.0247789994
v -0.0193450004 -0.0836360008 0.00308099994
v -0.0164919998 -0.0848800018 0.00377100008
v -0.0151859997 -0.0855870023 0.00425500004
v -0.033259999 0.000587999995 0.00610100012
v -0.0232180003 -0.0888800025 0.00515099987
v -0.0318769999 -0.0542940013 0.00124799996
v -0.0323829986 -0.0486400016 0.000951999973
v -0.0302930009 -0.056437999 0.000498000009
v -0.0272059999 -0.00992500037 0.000361999992
v -0.0293460004 -0.00997599959 0.000682000013
v -0.0267319996 -0.00448800018 0.000493000029
v -0.0228579994 -0.0810440034 0.0254679993
v -0.0305480007 -0.00746099977 0.00149699999
v -0.0274730008 -0.00230899989 0.000752000022
v -0.0197659992 -0.0813509971 0.0259789992
v -0.0227899998 -0.0817169994 0.00282700011
v -0.0246140007 -0.0782219991 0.0260659996
v -0.0281830002 0.000838999986 0.00133400003
v -0.0251020007 -0.0813229978 0.00358800008
v -0.0276469998 -0.0752929971 0.0263669994
v -0.0378030017 -0.0516359992 0.00702100014
v -0.0379250012 -0.0584839992 0.00886199996
v -0.0391120017 -0.0549959987 0.0100100003
v -0.0199459996 -0.0797289982 0.0263279993
v -0.0240700003 -0.0786169991 0.0025559999
v -0.0264710002 -0.0803389996 0.00396900019
v -0.0266229995 -0.0742390007 0.00210299995
v -0.0353639983 -0.0716539994 0.0217809994
v -0.0255120005 -0.0738990009 0.00164599996
v -0.0214009993 -0.077858001 0.00220500003
v -0.0209359992 -0.0807109997 0.00250099995
v -0.0377580002 -0.0466720015 0.00617399998
v -0.0310999993 -0.00296299998 0.00272900006
v -0.0317349993 -0.0711859986 0.0262439996
v -0.0178030003 -0.0801390037 0.00288900011
v -0.0255249999 -0.0739889964 0.0274509992
v -0.0319439992 -0.0444349982 0.000410999986
v -0.0233619995 -0.0729999989 0.0280949995
v -0.0338089988 -0.0411490016 0.00139899994
v -0.030328 -0.0507179983 0.000161999997
v -0.0216969997 -0.0747940019 0.0278779995
v -0.0309159998 -0.0449840017 5.19999994e-05
v -0.0295390002 -0.000247999997 0.00198199996
v -0.0198819991 -0.0768140033 0.0273180008
v -0.0192850009 -0.0750100017 0.0280319992
v -0.018383 -0.0757990032 0.00228099991
v -0.0305569991 -0.0399440005 -0.000155999995
v -0.0148430001 -0.0757260025 0.00335999997
v -0.0129260002 -0.0792509988 0.00465800008
v -0.0235590003 -0.0741140023 0.00150899997
v -0.0294209998 -0.0484599993 -9.30000024e-05
v -0.0254180003 -0.0697819963 0.000980000012
v -0.0217470005 -0.0726469979 0.001346
v -0.0317460001 -0.0679360032 0.0273509994
v -0.0338210016 -0.0649359971 0.0271039996
v -0.0291620009 -0.0697849989 0.0277559999
v -0.0192029998 -0.0716250017 0.00155199994
v -0.0237050001 -0.0662790015 0.000645000022
v -0.0358959995 -0.0441830009 0.00358100003
v -0.0257549994 -0.0686540008 0.0288779996
v -0.0291549992 -0.0652019978 0.0288800001
v -0.0187500007 -0.0609119982 0.000805000018
v -0.0382770002 -0.0413290001 0.00637499988
v -0.0372610018 -0.0381579995 0.00476700021
v -0.0344729982 -0.0365969986 0.00181799999
v -0.0287250001 0.0059150001 0.00270000007
v -0.0144689996 -0.0708139986 0.00269800005
v -0.0221129991 -0.0677120015 0.0295839999
v -0.0195080005 -0.0709749982 0.0290539991
v -0.0362869985 -0.0371939987 0.00355400005
v -0.0128290001 -0.0718709975 0.00350000011
v -0.0253630001 0.00927199982 0.00107600004
v -0.0273550004 0.00739900023 0.00191700005
v -0.0375109985 -0.0698280036 0.0139359999
v -0.0395219997 -0.0629260018 0.0147160003
v -0.0378019996 -0.068190001 0.0129349995
v -0.0386239998 -0.0666500032 0.0158290006
v -0.0397710018 -0.0596720017 0.0133149996
v -0.038532 -0.0622139983 0.0112119997
v -0.0234169997 -0.0608350001 0.000169999999
v -0.0239109993 -0.0543420017 -8.9000001e-05
v -0.0197730009 -0.0590500012 0.000510999991
v -0.0379280001 -0.0661989972 0.0117570003
v -0.0151730003 -0.0671399981 0.00211800006
v -0.0240880009 0.00647799997 0.000607999973
v -0.0124530001 -0.0645039976 0.00299399998
v -0.0113369999 -0.0715000033 0.00419999985
v -0.0391860008 -0.0640750006 0.0175810009
v -0.0402120017 -0.0592559986 0.0172169991
v -0.0403640009 -0.058433 0.0149950003
v -0.01939 -0.0557250008 0.000524999981
v -0.0275740009 -0.0902440026 0.0107399998
v -0.0256089997 -0.0933530033 0.0112969996
v -0.0288539995 -0.0873380005 0.00984899979
v -0.0156590007 -0.0582769997 0.00151199999
v -0.0389200002 -0.063628003 0.0192230009
v -0.0398110002 -0.0578529984 0.0204390008
v -0.0292649996 0.00872899964 0.00415300019
v -0.0273189992 -0.0913179964 0.0123309996
v -0.0295349993 -0.0873050019 0.0115050003
v -0.0296550002 -0.0874980018 0.0128499996
v -0.0289370008 -0.0885049999 0.0153799998
v -0.0256580003 -0.0935489982 0.0134039996
v -0.0256089997 -0.0933530033 0.0112969996
v -0.0234839991 -0.0957290009 0.0132299997
v -0.0226959996 -0.0961169973 0.0122130001
v -0.0231340006 -0.0955519974 0.0110229999
v -0.0375199988 -0.0658920035 0.0216259994
v -0.0375869982 -0.068648003 0.0189030003
v -0.0218700003 -0.0964400023 0.013297
v -0.0200169999 -0.0962380022 0.0126839997
v -0.0234839991 -0.0957290009 0.0132299997
v -0.0179159995 -0.0523569994 0.000966000021
v -0.0217959993 -0.0964900032 0.0150990002
v -0.0399559997 -0.0538140014 0.0115919998
v -0.0132929999 -0.0581500009 0.00251400005
v -0.0156459995 -0.0515620001 0.001804
v -0.0273189992 -0.0913179964 0.0123309996
v -0.0240519997 -0.0949819982 0.0154269999
v -0.0217959993 -0.0964900032 0.0150990002
v -0.0226600002 -0.0955879986 0.0166340005
v -0.0400339998 -0.047970999 0.0103259999
v -0.0251480006 -0.0936580002 0.0161329992
v -0.0246649999 -0.0931830034 0.0181249995
v -0.0410059988 -0.0514700003 0.0138360001
v -0.04098 -0.0536670014 0.0150760002
v -0.0271160007 -0.0914399996 0.014641
v -0.0407060012 -0.0562250018 0.0169350002
v -0.0269050002 -0.0908219963 0.0173640009
v -0.0267549995 -0.0235009994 -4.99999987e-06
v -0.0223420002 -0.0304819997 0.000335999997
v -0.0256810002 -0.0335440002 -0.000127000007
v -0.0110820001 -0.0642580017 0.00372699997
v -0.0218729991 -0.0943540037 0.0186829995
v -0.0229829997 -0.0215240009 0.000493000029
v -0.0232679993 -0.0925310031 0.0196630005
v -0.00985999964 -0.0601219982 0.004648
v -0.00955700036 -0.0655179992 0.00487100007
v -0.00853700005 -0.0618049987 0.00627399981
v -0.0289370008 -0.0885049999 0.0153799998
v -0.0276239999 -0.0882190019 0.0195489991
v -0.0254219994 -0.0905409977 0.0197940003
v -0.0290150009 -0.0867939964 0.0180990007
v -0.0381730013 -0.0615059994 0.0227000006
v -0.0205010008 -0.0208630003 0.00101999997
v -0.0359539986 -0.0643460006 0.0254149996
v -0.0215670001 -0.0925640017 0.0202389993
v -0.0230149999 -0.0897670016 0.0215860009
v -0.0196690001 -0.0329909995 0.000931999995
v -0.0188410003 -0.0239400007 0.00142300001
v -0.0258719996 -0.0879789963 0.0213970002
v -0.035588 -0.0669220015 0.0245299991
v -0.0120449997 -0.0551530011 0.00340900011
v -0.0101760002 -0.0549089983 0.00469900016
v -0.0214469992 -0.0883229971 0.0228550006
v -0.0174429994 -0.0280770008 0.00180700002
v -0.00920999981 -0.0576400012 0.00555599993
v -0.0299159996 -0.0771140009 0.00559299998
v -0.0290660001 -0.0792250037 0.00575000001
v -0.0309939999 -0.0791170001 0.00765000004
v -0.0351109989 -0.0640259981 0.0264640003
v -0.0363220014 -0.0603750013 0.0264289994
v -0.0305359997 -0.0767560005 0.00584500004
v -0.029166 -0.0766889974 0.00458399998
v -0.0160210002 -0.0217090007 0.00241199997
v -0.0148780001 -0.0310769994 0.00283699995
v -0.0348340012 -0.060281001 0.0276590008
v -0.0348340012 -0.060281001 0.0276590008
v -0.0326119997 -0.0608390011 0.0285810009
v -0.0288629998 -0.0735490024 0.00319100008
v -0.0312849991 -0.0811569989 0.00917799957
v -0.0332200006 -0.0774459988 0.00937299989
v -0.0317910016 -0.0759359971 0.00675999979
v -0.00854200032 -0.0522969998 0.0077010002
v -0.0379280001 -0.0571920015 0.0254480001
v -0.0389650017 -0.0549059995 0.0241410006
v -0.0316700004 -0.0706060007 0.00465699984
v -0.0226070005 -0.0425469987 0.000230000005
v -0.0362839997 -0.0563840009 0.0278660003
v -0.0335040018 -0.0731509998 0.00767299999
v -0.0327069983 -0.0805070028 0.0117239999
v -0.0335440002 -0.0781330019 0.0105079999
v -0.0341660008 -0.0780579969 0.0124939997
v -0.032926999 -0.0804900005 0.0141960001
v -0.034731999 -0.0772479996 0.0139269996
v -0.0410850011 -0.0510060005 0.0193639994
v -0.0416899994 -0.0488139987 0.0161189996
v -0.0191329997 -0.0451450013 0.000946999993
v -0.0352020003 -0.0752250031 0.0120390002
v -0.0157639999 -0.0464279987 0.001988
v -0.0360849984 -0.0703850016 0.0101119997
v -0.0117549999 -0.0240470003 0.00446699979
v -0.0402269997 -0.0498769991 0.0229509994
v -0.0121060004 -0.0308820009 0.00429000007
v -0.0126219997 -0.0487990007 0.00344999996
v -0.0369470008 -0.0716969967 0.0156379994
v -0.0418669991 -0.044218 0.0203569997
v -0.0105229998 -0.0321820006 0.0053340001
v -0.00897799991 -0.0261569992 0.00662499992
v -0.00953599997 -0.0323089994 0.00625299988
v -0.00996300019 -0.0254100002 0.00566300005
v -0.0357140005 -0.0742229968 0.0177529994
v -0.0385919996 -0.0513189994 0.0261410009
v -0.00978900027 -0.0524690002 0.00529500004
v -0.0276740007 -0.0863789991 0.00771600008
v -0.00880900025 -0.0310890004 0.00731900008
v -0.00926099997 -0.0513130017 0.00617800001
v -0.0252240002 -0.0638139993 0.0299549997
v -0.0300699994 -0.0831509978 0.00885200035
v -0.0318539999 -0.0593309999 0.0291520003
v -0.0276560001 -0.0820999965 0.00592199992
v -0.0288410001 -0.0810260028 0.00627999986
v -0.0297330003 -0.0244779997 6.00000021e-06
v -0.0276820008 -0.0175379999 0.000155000002
v -0.0297120009 -0.0158489998 0.000369999994
v -0.0260179993 -0.0619110018 0.0300840009
v -0.0290050004 -0.0595659986 0.0298469998
v -0.0104980003 -0.0483129993 0.00490299985
v -0.0309779998 -0.0843809992 0.0119949998
v -0.0206649993 -0.0630950034 0.0305909999
v -0.0183550008 -0.0691049993 0.0293990001
v -0.0317570008 -0.0826499984 0.0113709997
v -0.00982000027 -0.0479740016 0.00563899986
v -0.0226949994 -0.0112779997 0.000601999986
v -0.00897799991 -0.0456480011 0.00745599996
v -0.00815400016 -0.0477750003 0.00962600019
v -0.0247479994 -0.0587889999 0.0308090001
v -0.0273540001 -0.0788709968 0.00423899991
v -0.0187340006 -0.0596319996 0.0310420003
v -0.0273219999 -0.0771880001 0.00342900003
v -0.0212740004 -0.0594189987 0.0311299991
v -0.0248249993 -0.0106950002 0.000377999997
v -0.0306039993 -0.0851899981 0.014645
v -0.0306909997 -0.0843980014 0.016516
v -0.0322589986 -0.036727 0.000388999993
v -0.0306909997 -0.0843980014 0.016516
v -0.0191779993 -0.00961500034 0.00124699995
v -0.031219 -0.0319680013 9.30000024e-05
v -0.0344819985 -0.0262759998 0.00195599999
v -0.0350290015 -0.0316440016 0.00226700003
v -0.0333460011 -0.037002001 0.000980000012
v -0.0324760005 -0.0295560006 0.000606000016
v -0.0325529985 -0.0808669999 0.0161029994
v -0.0410280004 -0.0434280001 0.0115820002
v -0.0397629999 -0.0429459997 0.00889800023
v -0.0173010007 -0.0107310005 0.00175699999
v -0.0296710003 -0.0333769992 -0.000172
v -0.0400750004 -0.0344169997 0.00880900025
v -0.0285439994 -0.0696770027 0.00200599991
v -0.0415760018 -0.038369 0.012166
v -0.0301130004 -0.0700529963 0.00316100009
v -0.0153040001 -0.00870699994 0.00239300006
v -0.013173 -0.0147270001 0.00346100004
v -0.0272720009 -0.0679180026 0.00103399996
v -0.0422479995 -0.0416780002 0.0148200002
v -0.0415069982 -0.0476350002 0.0140650002
v -0.0421859995 -0.0450880006 0.0166289993
v -0.0289680008 -0.0655020028 0.00122900004
v -0.0307609998 -0.0651030019 0.00220500003
v -0.0424910001 -0.0414570011 0.0173359998
v -0.0426790006 -0.0394800007 0.0166720003
v -0.0419830009 -0.0406350009 0.0213970002
v -0.0343489982 -0.0685229972 0.00661200006
v -0.00873399992 -0.0215670001 0.00654199999
v -0.0095490003 -0.0195129998 0.00567900017
v -0.0427489989 -0.0359649993 0.0156070003
v -0.00820100028 -0.022388 0.0073119998
v -0.0331859998 -0.065605998 0.004342
v -0.0417690016 -0.0335500017 0.0124129998
v -0.00797200017 -0.0289990008 0.0089499997
v -0.0214670002 -0.037535999 0.000472000014
v -0.0308630001 -0.0594200008 0.00119800004
v -0.0334360003 -0.0622429997 0.00375999999
v -0.0428149998 -0.0355999991 0.0169610009
v -0.0288280006 -0.061604999 0.000508999976
v -0.0277350005 -0.0625939965 0.000353999989
v -0.0261090007 -0.0608070008 7.6999997e-05
v -0.0076580001 -0.0224140007 0.00839299988
v -0.00609100005 -0.0210469998 0.0124399997
v -0.00703499978 -0.0309239998 0.0124469995
v -0.0381809995 -0.0325520001 0.00581299979
v -0.0285919998 -0.0584999993 0.000123000005
v -0.0371069983 -0.0314490013 0.00441899989
v -0.0363579988 -0.0276309997 0.00361700007
v -0.00578999985 -0.0238499995 0.0150830001
v -0.00627100002 -0.0299810003 0.0156270005
v -0.0391680002 -0.0267190002 0.00756100006
v -0.0308720004 -0.0256999992 0.000155000002
v -0.0372620001 -0.0630360022 0.00884300005
v -0.0351199992 -0.0624089986 0.00552899996
v -0.036088001 -0.0658439994 0.00791000016
v -0.0341520011 -0.0229720008 0.00194999995
v -0.0320740007 -0.0244379994 0.000592999975
v -0.0114169996 -0.0167270005 0.00438100006
v -0.0359300002 -0.0246290006 0.00354199996
v -0.0379270017 -0.0226729997 0.00629300019
v -0.0408320017 -0.0283519998 0.0105280001
v -0.00712999981 -0.0164669994 0.00798499957
v -0.0091289999 -0.0148139996 0.00561500015
v -0.0428990014 -0.0294790007 0.0161860008
v -0.041937001 -0.0285090003 0.0132099995
v -0.00777800009 -0.0151800001 0.00682999985
v -0.016423 -0.0410009995 0.00188400003
v -0.0399959981 -0.0223219991 0.00989599992
v -0.00663799979 -0.0125759998 0.00778600015
v -0.00669999979 -0.0186899994 0.00973699987
v -0.0410670005 -0.0201200005 0.0127720004
v -0.0426810011 -0.0244880002 0.0163199995
v -0.0144199999 -0.0403649993 0.00279799988
v -0.0058439998 -0.0128450003 0.00958199985
v -0.00528899999 -0.0141049996 0.0118180001
v -0.0122119999 -0.0394870006 0.0040409998
v -0.00525799999 -0.021497 0.0169569999
v -0.00574500021 -0.0269389991 0.0189699996
v -0.0353639983 -0.0716539994 0.0217809994
v -0.00543599995 -0.0227559991 0.0215789992
v -0.00612699986 -0.0284659993 0.0217579994
v -0.0058439998 -0.0218579993 0.0234350003
v -0.0105349999 -0.0424759984 0.00513100019
v -0.00474100001 -0.018801 0.0186390001
v -0.00946899969 -0.0437280014 0.0064650001
v -0.0047749998 -0.0163419992 0.0151380002
v -0.00951400027 -0.0391759984 0.00648400001
v -0.00752600003 -0.046560999 0.0121609997
v -0.00451700017 -0.0165449996 0.0216809995
v -0.00884700008 -0.0373860002 0.00780799985
v -0.0038399999 -0.0121750003 0.0165539999
v -0.00756700011 -0.0399879999 0.0120580001
v -0.00337200006 -0.0111969998 0.0197139997
v -0.0194680002 -0.00227200007 0.000864000001
v -0.0225230008 0.00346200005 0.000471000007
v -0.0207959991 0.00103699998 0.000554999977
v -0.0128520001 -0.0084610004 0.00334899989
v -0.0161320008 0.00515400013 0.00110400002
v -0.0133950002 0.00612099981 0.00172399997
v -0.013878 -0.000973000017 0.00230899989
v -0.0102199996 -0.000474 0.00374999992
v -0.007063 -0.0459069982 0.0149379997
v -0.00689999992 -0.0399889983 0.0154330004
v -0.00678300019 -0.035521999 0.0148639996
v -0.00899800006 -0.00830600038 0.00522999978
v -0.00688599981 -0.0099290004 0.00689599989
v -0.00771699985 -0.00863000005 0.00605199998
v -0.00655299984 -0.0372699983 0.0181639995
v -0.00566700008 -0.00588899991 0.00737500004
v -0.00537100015 -0.00708999997 0.00825699978
v -0.00615500007 -0.0316120014 0.0200779997
v -0.0310750008 -0.0207199994 0.000392999995
v -0.00713199982 -0.001468 0.00548999989
v -0.0327190012 -0.0170760006 0.00144599995
v -0.00569600007 -0.00240099989 0.00664300006
v -0.0337570012 -0.019576 0.00196200004
v -0.0308219995 -0.013142 0.000875000027
v -0.0357239991 -0.0166459996 0.00453499984
v -0.00516499998 0.00538600003 0.00555599993
v -0.00468100002 -0.00103799999 0.00725399982
v -0.00455299998 -0.00836400036 0.0109489998
v -0.0337149985 -0.0164620001 0.00235900003
v -0.0035029999 -0.00665599992 0.0134739997
v -0.0324379988 -0.0119669996 0.00205700006
v -0.00261999993 -0.00562699977 0.0161279999
v -0.0021540001 -0.00521699991 0.0187500007
v -0.003577 -0.00152799999 0.0095929997
v -0.00400299998 -0.000586999988 0.00808000006
v -0.00257100002 -0.000631999981 0.0118500004
v -0.000494999986 0.00127000001 0.0179450009
v -0.000832999998 0.00260100001 0.0145349996
v -0.0271160007 -0.0914399996 0.014641
v -0.00680299988 -0.0534280017 0.0159709994
v -0.00669900002 -0.0542499982 0.0178900007
v -0.00645399978 -0.060571 0.0160210002
v -0.0178440008 -0.0809980035 0.0259460006
v -0.0168290008 -0.0856920034 0.0241170004
v -0.0161509998 -0.0812710002 0.0253730007
v -0.0160770006 -0.0939759985 0.0067710001
v -0.013673 -0.0806929991 0.0243120007
v -0.0155199999 -0.0799129978 0.0255030002
v -0.00763799995 -0.0806479976 0.012104
v -0.00732399989 -0.0788279995 0.0166900009
v -0.00800999999 -0.0835319981 0.0161680002
v -0.00694700005 -0.075019002 0.0141660003
v -0.013948 -0.0935309976 0.00773299998
v -0.014889 -0.0946810022 0.00929899979
v -0.00805599988 -0.0797130018 0.0186960008
v -0.0161359999 -0.0954400003 0.0105229998
v -0.0174749997 -0.0960540026 0.0123800002
v -0.0146049997 -0.0897430032 0.0216569994
v -0.0125350002 -0.0893889964 0.0204479992
v -0.0135289999 -0.0862869993 0.0224890001
v -0.0157680009 -0.0952910036 0.0122480001
v -0.0140260002 -0.0948240012 0.0115649998
v -0.00742899999 -0.0547499992 0.0110130003
v -0.0192230009 -0.0865499973 0.0240260009
v -0.0130559998 -0.0949359983 0.0146650001
v -0.0115379998 -0.0937559977 0.0121980002
v -0.0107760001 -0.0798270032 0.0224120002
v -0.0136900004 -0.0776489973 0.0250259992
v -0.0137679996 -0.0921920016 0.00652300008
v -0.0129800001 -0.0901430026 0.00619899994
v -0.0172080006 -0.0892200023 0.0226530004
v -0.0157260001 -0.090154998 0.0219359994
v -0.0189820006 -0.0912929997 0.0215050001
v -0.00700000022 -0.055381 0.0131970001
v -0.0120959999 -0.0911139995 0.00710299984
v -0.0151730003 -0.0863040015 0.0233539995
v -0.0109689999 -0.0913809985 0.00826099981
v -0.0110229999 -0.0769829974 0.0231929999
v -0.0192740001 -0.0834610015 0.0251729991
v -0.0130279996 -0.0846000016 0.00507899979
v -0.0127459997 -0.0722839981 0.0258200001
v -0.0163160004 -0.0755209997 0.0270140003
v -0.0165340006 -0.0723719969 0.0281130001
v -0.0113289999 -0.0930489972 0.0104769999
v -0.010946 -0.0920059979 0.0090549998
v -0.0116579998 -0.0858820006 0.0212500002
v -0.01021 -0.0907299966 0.00916200038
v -0.010462 -0.0925450027 0.0114399996
v -0.0105320001 -0.0887209997 0.00771499984
v -0.0103310002 -0.087782003 0.0188989993
v -0.00982800033 -0.0882439986 0.00853199977
v -0.0180760007 -0.0769340023 0.0270659998
v -0.00918699987 -0.0845620036 0.0188389998
v -0.00961999968 -0.0896990001 0.00990600046
v -0.00769999996 -0.0595160015 0.0219100006
v -0.00665300013 -0.0644619986 0.0191190001
v -0.00658300007 -0.0604330003 0.0190600008
v -0.00682799984 -0.0560089983 0.0196349993
v -0.0108850002 -0.0935840011 0.0141820004
v -0.00721899979 -0.0559599996 0.0209209993
v -0.00965999998 -0.0909980014 0.0134070003
v -0.00783499982 -0.0546539985 0.0223149993
v -0.00853400026 -0.0843940005 0.0174320005
v -0.0106459996 -0.0832469985 0.00636
v -0.00928100012 -0.0798150003 0.0206499994
v -0.0178289991 -0.0731509998 0.0283860005
v -0.00953400042 -0.0829679966 0.00735099986
v -0.00774199981 -0.0763679966 0.0188859999
v -0.00905399956 -0.0854849964 0.0090119997
v -0.00832400005 -0.083972998 0.0104550002
v -0.00707799988 -0.0523319989 0.0206320006
v -0.00875900034 -0.0825759992 0.00846299995
v -0.00869200006 -0.0606210008 0.0234810002
v -0.00862799957 -0.0727450028 0.0215189997
v -0.00966200046 -0.0765990019 0.0218679998
v -0.010249 -0.0800990015 0.00634799991
v -0.00977700017 -0.0632689968 0.0245420001
v -0.00985299982 -0.0536490008 0.0253299996
v -0.0112969996 -0.054322999 0.0267239995
v -0.00843000039 -0.0779360011 0.00816200022
v -0.00776899979 -0.0772930011 0.0100309998
v -0.00803699996 -0.0702480003 0.00755500002
v -0.00842500012 -0.0729279965 0.00721300021
v -0.00918900035 -0.0751290023 0.00652199984
v -0.00911299977 -0.0716610029 0.00595299993
v -0.0099729998 -0.0716840029 0.00514699984
v -0.00904299971 -0.0492979996 0.0247089993
v -0.0102970004 -0.0754859969 0.00561300013
v -0.00807499979 -0.0481129996 0.0231379997
v -0.0106210001 -0.0715420023 0.0242320001
v -0.00679600006 -0.0474959984 0.0179900005
v -0.00699699996 -0.0714730024 0.0114740003
v -0.0122260004 -0.0660689995 0.026393
v -0.00684900023 -0.0478239991 0.0192280002
v -0.00874600001 -0.0682559982 0.0226719994
v -0.011105 -0.0628999993 0.0258389991
v -0.00652399985 -0.0693420023 0.0152359996
v -0.00657599978 -0.0674740002 0.0130209997
v -0.0178399999 -0.0964260027 0.0148719996
v -0.0201309994 -0.0965370014 0.0155809997
v -0.00684300018 -0.0739340037 0.0162390005
v -0.0150199998 -0.095769003 0.0152409999
v -0.0153430002 -0.0956159979 0.0137599995
v -0.00855300017 -0.0665170029 0.00618600007
v -0.0154229999 -0.0645629987 0.0287829991
v -0.0128739998 -0.0945530012 0.0164909996
v -0.01511 -0.0952809975 0.0173380002
v -0.00720399991 -0.0484439991 0.0210539997
v -0.0197689999 -0.0961510018 0.0172889996
v -0.0197689999 -0.0961510018 0.0172889996
v -0.0187110007 -0.0960090011 0.017802
v -0.0180089995 -0.0959179997 0.0178999994
v -0.0187110007 -0.0960090011 0.017802
v -0.0184499994 -0.0938699991 0.0198069997
v -0.00741200009 -0.0667039976 0.00893300027
v -0.0180089995 -0.0959179997 0.0178999994
v -0.0161920004 -0.0943019986 0.0192809999
v -0.0071589998 -0.0419639982 0.0217150003
v -0.00691200001 -0.0417159982 0.0205479991
v -0.0128739998 -0.0945530012 0.0164909996
v -0.0143839996 -0.0936459973 0.0190120004
v -0.01511 -0.0952809975 0.0173380002
v -0.0161460005 -0.0926610008 0.0206250008
v -0.0120029999 -0.0933300033 0.0171649996
v -0.00761500001 -0.0624400005 0.00856100023
v -0.0104480004 -0.0921569988 0.0154139996
v -0.0132619999 -0.0921730027 0.0193680003
v -0.00761500001 -0.0654880032 0.0211929996
v -0.00673299981 -0.0632940009 0.0120660001
v -0.0067230002 -0.0710949972 0.0181249995
v -0.00759899989 -0.0719140023 0.019971
v -0.00678300019 -0.0702890009 0.0185739994
v -0.0090239998 -0.0882309973 0.0157309994
v -0.00957900006 -0.0888789967 0.0168309994
v -0.00639599981 -0.0665960014 0.0168030001
v -0.0084429998 -0.0861779973 0.0138360001
v -0.0113089997 -0.0911019966 0.0180210005
v -0.0141989999 -0.0533270016 0.0291949995
v -0.0138929999 -0.0456070006 0.0298759993
v -0.0172879994 -0.0679069981 0.0292680003
v -0.00993799977 -0.0422509983 0.0265749991
v -0.011314 -0.0442879982 0.0278270002
v -0.0180159993 -0.0590730011 0.0309149995
v -0.00889100041 -0.0392040014 0.0256060008
v -0.0164860003 -0.0566670001 0.0303300004
v -0.00672399998 -0.0411680005 0.0186529998
v -0.00663000019 -0.0373630002 0.0203809999
v -0.00763900019 -0.0367660001 0.0237380005
v -0.00683999993 -0.035025999 0.0222689994
v -0.00866299961 -0.0322499983 0.0264180005
v -0.00670500007 -0.0280930009 0.0237319991
v -0.011984 0.0236740001 0.000610999996
v -0.0146709997 0.0241459999 0.000350999995
v -0.0104250005 0.0328360014 0.000348000001
v -0.0233050007 0.0116299996 0.000704000005
v -0.00585700013 0.0112699997 0.00407100003
v -0.00662800018 0.0166979991 0.00273699989
v -0.0032240001 0.0162630007 0.00448200013
v -0.00726799993 0.0344539993 0.000423999998
v -0.0160789993 0.0321779996 0.000912000018
v -0.0134490002 0.0314199999 0.000440000003
v -0.0181729998 0.0270489994 0.000786999997
v -0.00783499982 0.00555799995 0.00406299997
v -0.0133779999 0.0355309993 0.000691999972
v -0.0232360009 0.0148019996 0.000905000023
v -0.00331799989 0.0037479999 0.00729699992
v -0.00163700001 0.00775300013 0.00784100033
v -0.0255810004 0.0148489997 0.00235800003
v -0.0248819999 0.0140770003 0.00159700005
v 0.0054469998 0.0346510001 0.00369599997
v 0.00294400007 0.0308909994 0.00372799998
v 0.000180000003 0.0338350013 0.00187799998
v -0.0281179994 0.0130080003 0.00439300016
v 0.00725199981 0.031041 0.00598700019
v -0.0206129998 0.0159789994 0.000509999983
v -0.000171000007 0.00929499976 0.0100220004
v -0.00610500015 0.0311239995 0.000883999979
v -0.00634799991 0.0262189992 0.00135100004
v -0.00223500002 0.0082390001 0.00694900006
v 0.00460600015 0.0399420001 0.00189299998
v -0.0217470005 0.0198800005 0.00100199995
v 0.000526999997 0.00802200008 0.0131449997
v -0.00379600003 0.0273419991 0.00180600001
v -0.0189810004 0.0213029999 0.000538000022
v 3.40000006e-05 0.0267869998 0.00347799994
v 0.00926600024 0.0400420018 0.00356299989
v -0.0202869996 0.0226380005 0.000898000028
v -0.0228659995 0.0214540008 0.0020620001
v -0.0258479994 0.0204550009 0.00465200003
v 0.00837200042 0.0308190007 0.00688799983
v 0.00590500003 0.0274160001 0.00659500016
v -0.0207380001 0.0249480009 0.001575
v 0.0100140003 0.0340070017 0.00633300003
v 0.0109160002 0.0335059986 0.00769900018
v -0.0176810008 0.0313620009 0.00144300004
v -0.00159300002 0.011705 0.00655200006
v -0.00163800002 0.0326370001 0.00153500005
v 0.0120270001 0.0361419991 0.00648100022
v -0.00035300001 0.0116830003 0.00771600008
v 0.000480999995 0.012658 0.00860499963
v -0.00117299997 0.0143419998 0.00611199997
v 0.000368999987 0.0194479991 0.00570800016
v -0.0165909994 0.0135629997 0.000523000024
v 0.00188800006 0.0428720005 0.000745999976
v -0.00286299991 0.0219439995 0.0032540001
v 0.000912000018 0.0162359998 0.00711899996
v -0.0102310004 0.00900899991 0.00248400006
v -0.0112770004 0.0168570001 0.00121799996
v 0.00265299994 0.0192569997 0.00770199997
v -0.0193700008 0.00975400023 0.000448000006
v 0.002936 0.0212760009 0.00688900007
v 0.00245200004 0.0170259997 0.00909100007
v 0.00313999993 0.0146789998 0.0134079996
v 0.00820400007 0.0460399985 0.00141799997
v 0.00726500014 0.0478430018 0.000814000028
v -0.0171009991 0.0178009998 0.00035300001
v -0.0133880004 0.0162829999 0.000835000013
v 0.011128 0.0468680002 0.00199400005
v 0.0129410001 0.0435019992 0.0038389999
v 0.0161150005 0.0421230011 0.00591900013
v 0.00454499992 0.0219299998 0.00875299983
v 0.005595 0.0252899993 0.00747499987
v -0.000237 0.0438480005 0.000326000008
v 0.00609300006 0.0500210002 0.000325000001
v -0.00849799998 0.0157399997 0.00214600004
v -0.00905899983 0.0182499997 0.00162300002
v 0.003027 0.0256030001 0.00537999999
v 0.0141080003 0.0562379993 0.000146000006
v 0.012255 0.0513590015 0.000927000016
v 0.0167520009 0.0485140011 0.00322899991
v 0.007125 0.0267050005 0.00865999982
v 0.0185189992 0.0517329983 0.00242400006
v 0.00890500005 0.0294419993 0.00897799991
v -0.00996899977 0.0391470008 0.000433000008
v 0.0183659997 0.0574150011 0.000493000029
v -0.00255899993 0.0442270003 0.000172999993
v -0.00651999982 0.0439939983 0.000368000008
v -0.00232299999 0.0363069996 0.000880000007
v 0.0201450009 0.0560569987 0.00121100002
v 0.0158980004 0.0597670004 -0.000125000006
v 0.0232890006 0.0620700009 0.000116000003
v 0.026393 0.0616489984 0.000709999993
v 0.0640660003 0.071829997 0.00866799988
v 0.064199999 0.0708620027 0.0055209999
v 0.0648460016 0.0717210025 0.00677199988
v 0.0636140034 0.0707100034 0.0057529998
v 0.0560769998 0.0713730007 0.00236000004
v 0.0528029986 0.0709069967 0.00287700002
v 0.0511999987 0.0741040036 0.00167400006
v 0.0413819999 0.0672679991 0.00351900002
v 0.034364 0.0644050017 0.00215500011
v 0.0336589999 0.0663639978 0.00137800002
v 0.0247939993 0.0538979992 0.00363099994
v 0.0248230007 0.0571530014 0.00200200011
v 0.0645370036 0.0710669979 0.00458399998
v 0.0652009994 0.0720380023 0.00535300002
v 0.0586020015 0.0752710029 0.000308999995
v 0.0366289988 0.0624670014 0.00377300009
v 0.0409529991 0.0659700036 0.00391499978
v 0.0395059995 0.0643320009 0.00413599983
v 0.0659760013 0.0745600015 0.00542300008
v 0.0646139979 0.071886003 0.00206100009
v 0.064842999 0.0751790032 0.00141300005
v 0.0654880032 0.0763690025 0.00351099996
v 0.0652009994 0.0720380023 0.00535300002
v 0.0567510016 0.0705860034 0.002997
v 0.0536059998 0.0698829964 0.00414900016
v 0.0531199984 0.070119001 0.00349400006
v 0.0653330013 0.0730850026 0.00843300018
v 0.0573120005 0.070276998 0.00369899999
v 0.0471299998 0.0697259977 0.00355100003
v 0.0467070006 0.0687709972 0.00399699993
v 0.0441149995 0.0706550032 0.00292899995
v 0.0268360004 0.0590890013 0.00167799997
v 0.0600880012 0.0706510022 0.00251700007
v 0.0653330013 0.0730850026 0.00843300018
v 0.0656609982 0.0746600032 0.00792699959
v 0.0468479991 0.0709799975 0.00298899994
v 0.0447430015 0.0738139972 0.00227800012
v 0.048184 0.0740019977 0.00196500006
v 0.0292729996 0.0556310005 0.00450100005
v 0.0492900014 0.0694739968 0.00389000005
v 0.0472230017 0.0684259981 0.00466200011
v 0.0494159982 0.069066003 0.0046959999
v 0.0611939989 0.077267997 0.000523000024
v 0.0607779995 0.0760010034 9.99999997e-07
v 0.0595339984 0.0770919994 0.000532999984
v 0.0616599992 0.0713 0.00178299996
v 0.0570390001 0.0703359991 0.00463700015
v 0.0302220006 0.0659470037 0.000650000002
v 0.0590870008 0.0800189972 0.00264400011
v 0.055156 0.0770829991 0.00117900001
v 0.0545190014 0.0799100026 0.00351800001
v 0.052189 0.0696780011 0.00521899993
v 0.0547619984 0.0761480033 0.000875999976
v 0.0356339999 0.0609010011 0.00418099994
v 0.0320929997 0.058056999 0.00440899981
v 0.0317620002 0.0618209988 0.00229600002
v 0.0513750017 0.0750090033 0.00140900002
v 0.0615620017 0.0793069974 0.00211900007
v 0.0266410001 0.0664070025 8.9000001e-05
v 0.0227889996 0.0643460006 -0.000148000006
v 0.0486890003 0.0752570033 0.00182699994
v 0.0452729985 0.0750510022 0.00229500001
v 0.0506340005 0.0764539987 0.00184599997
v 0.0614689998 0.0726210028 0.000951000024
v 0.0594040006 0.0806540027 0.00331000006
v 0.0616209991 0.0807510018 0.00340200006
v 0.0608990006 0.0809599981 0.00412000017
v 0.0619570017 0.075906001 -0.000334000011
v 0.0627579987 0.0751420036 -0.000419999997
v 0.0614960007 0.0748040006 2.59999997e-05
v 0.0637239963 0.0759999976 -1.49999996e-05
v 0.0637279972 0.0740550011 5.99999985e-05
v 0.0630479977 0.0766969994 -0.000230999998
v 0.0623850003 0.077076003 -1.99999995e-05
v 0.0620639995 0.0706230029 0.00272900006
v 0.0617609993 0.0704059973 0.00332099991
v 0.0631159991 0.0705239996 0.00236300007
v 0.064842999 0.0751790032 0.00141300005
v 0.0634210035 0.0703030005 0.00362399989
v 0.0638120025 0.0709170029 0.00183800003
v 0.0641139969 0.0707060024 0.00304799993
v 0.0627269968 0.079024002 0.00110999995
v 0.0628810003 0.0726710036 0.00035799999
v 0.0630730018 0.071295999 0.00122099998
v 0.063515 0.0725890025 0.000410000008
v 0.0636629984 0.0784289986 0.000892999989
v 0.063395001 0.0789979994 0.00117199996
v 0.0649570003 0.0772980005 0.00217200001
v 0.0644920021 0.0793450028 0.0029829999
v 0.0642739981 0.0722540021 0.00115100003
v 0.0646139979 0.071886003 0.00206100009
v 0.0649570003 0.0772980005 0.00217200001
v 0.0642739981 0.0722540021 0.00115100003
v 0.0656860024 0.075801 0.00757399993
v 0.0653410032 0.0789880008 0.00731799984
v 0.0650739968 0.0795520023 0.00608599978
v 0.0614789985 0.0708110034 0.00548100006
v 0.0557439998 0.0705600008 0.00634100009
v 0.0629260018 0.0806030035 0.00274699996
v 0.0638030022 0.0810450017 0.00348199997
v 0.0573940016 0.0716729984 0.00898599997
v 0.0625090003 0.0716210008 0.00764800003
v 0.0621329993 0.0810910016 0.00408500014
v 0.0635019988 0.0813409984 0.00383200007
v 0.0641610026 0.0814199969 0.00490800012
v 0.0644920021 0.0793450028 0.0029829999
v -0.0212169997 -0.0493380018 0.0324320011
v -0.023542 -0.0450350009 0.0330189988
v -0.0242819991 -0.0487090014 0.0324259996
v -0.0405520014 -0.00882800017 0.0207669996
v -0.0400260016 -0.00988100003 0.0234239995
v -0.0392730013 -0.00248300005 0.0214869995
v -0.00122500001 -0.000961999991 0.0229519997
v -0.000235 0.00499799987 0.0255580004
v -0.00202500005 -0.000500999973 0.0254829992
v -0.0348110013 -0.0568780005 0.0287079997
v -0.0183359999 -0.0491500013 0.0320909992
v -0.0193339996 -0.0415129997 0.0333460011
v -0.0195499994 -0.0490650013 0.0323700011
v -0.0326119997 -0.0608390011 0.0285810009
v -0.0318539999 -0.0593309999 0.0291520003
v -0.0210820008 -0.0405340008 0.0335890017
v -8.70000003e-05 0.00972899981 0.0280789994
v -0.0051549999 -0.00480500003 0.0285090003
v -0.00352500007 -0.00361000001 0.0265740007
v -0.00328200008 0.00108800002 0.0283519998
v -0.0181130003 -0.0403829999 0.0332240015
v -0.0163819995 -0.0486630015 0.0311789997
v -0.0165250003 -0.040527001 0.032354001
v -0.0388300009 -0.00161499996 0.0147489998
v -0.0404370017 -0.00711699994 0.0162010007
v -0.0384100005 0.00198599999 0.0158879999
v -0.00680299988 -0.00537900021 0.0303470008
v -0.00551400008 0.00177500001 0.0313719995
v -0.0373240001 -0.0555500016 0.0269370005
v -0.0398570001 -0.00351399998 0.0173540004
v -0.0409029983 -0.00896000024 0.0178660005
v -0.0377300009 -0.0495980009 0.0280080009
v -0.0399909988 -0.00434800005 0.0187570006
v -0.0410889983 -0.010977 0.0198689997
v -0.00177900004 0.00911500026 0.0301169995
v -0.0318959989 -0.0541849993 0.0302620009
v -0.0386650003 0.00167000003 0.0174359996
v -0.0342560001 -0.0474199988 0.0306209996
v -0.0320289992 -0.0508820005 0.0307580009
v -0.0361259989 -0.015106 0.0314060003
v -0.0375510007 -0.0123100001 0.0291140005
v -0.0374820009 -0.0206080005 0.0304329991
v -0.0387310013 -0.00314299995 0.0239209998
v -0.0368600003 -0.0486660004 0.0290440004
v -0.036417 -0.0463409983 0.0297430009
v -0.0390410013 -0.0472939983 0.0266830008
v -0.0143990004 -0.0327010006 0.0317669995
v -0.038798999 -0.00592900021 0.0250579994
v -0.0358229987 -0.00837299973 0.0306490008
v -0.0128279999 -0.0391299985 0.0297890007
v -0.0344090015 -0.00840099994 0.0320710018
v -0.035108 -0.0168089997 0.0322510004
v -0.034630999 -0.0125360005 0.032354001
v -0.0329249986 -0.0119040003 0.0331100002
v -0.0329039991 -0.0172530003 0.0331780016
v -0.0300459992 -0.0490880013 0.0315410011
v -0.0255180001 -0.041627001 0.0333289988
v -0.0297909994 -0.0407209992 0.0329129994
v -0.0362470001 -0.00503000012 0.0293540005
v -0.0380330011 0.00297500007 0.0215980001
v -0.0300409999 -0.0108059999 0.034136001
v -0.0318959989 -0.0541849993 0.0302620009
v -0.0255180001 -0.041627001 0.0333289988
v -0.0371569991 -0.000972000009 0.0115799997
v -0.0394929983 -0.00685400004 0.0137799997
v -0.0360569991 0.00550600002 0.012538
v -0.0255660005 -0.0316900015 0.0342760012
v -0.0282049999 -0.0549790002 0.0309340004
v -0.0345100015 -0.00562100019 0.0315489992
v -0.0225840006 -0.031769 0.0344550014
v -0.0319220014 -0.00708500016 0.033321999
v -0.0346510001 0.00159100001 0.00839400012
v -0.0201949999 -0.0332730003 0.0342950001
v -0.0288459994 -0.0304710008 0.0338970013
v -0.0296730008 -0.00502000004 0.0340709984
v -0.0250080004 -0.0522340015 0.0318690017
v -0.0288050007 -0.0155570004 0.0343099982
v -0.0185560007 -0.0352829993 0.0339200012
v -0.0300459992 -0.0490880013 0.0315410011
v -0.0396270007 -0.0282049999 0.0277229995
v -0.0409529991 -0.0281210002 0.0251250006
v -0.0411299989 -0.0319599994 0.0249310005
v -0.0258799996 -0.0103860004 0.0350060016
v -0.0241860002 -0.0179110002 0.0348940007
v -0.0389799997 -0.0317399986 0.0288369991
v -0.0378019996 -0.0268389992 0.0303130001
v -0.0375420004 -0.0300900005 0.0306710005
v -0.0193130001 -0.0557559989 0.0316089988
v -0.0383859985 -0.0361719988 0.0293569993
v -0.0326929986 0.00934999995 0.00882299989
v -0.0360670015 -0.0270509999 0.0317929983
v -0.0365540013 -0.0331249982 0.0312029999
v -0.0363610014 -0.0245660003 0.0316240005
v -0.0182700008 -0.0538970008 0.0315320008
v -0.0392119996 -0.0203830004 0.0277510006
v -0.0423800014 -0.0339450017 0.0212709997
v -0.0227620006 -0.010849 0.0353519991
v -0.0367650017 -0.0217899997 0.0312790014
v -0.0336779989 -0.0340690017 0.0324219987
v -0.0429719985 -0.0313259996 0.0174400005
v -0.0328239985 -0.0266040005 0.033098001
v -0.0310600009 -0.0352209993 0.0331479982
v -0.0343899988 0.0122490004 0.0128990002
v -0.0304140002 -0.0248550009 0.0337980017
v -0.0337480009 -0.000472000014 0.0311740004
v -0.0413919985 -0.0375819989 0.0236910004
v -0.0429949984 -0.0264340006 0.0171920005
v -0.0241240002 -0.0235840008 0.0347310007
v -0.0369409993 0.00725799985 0.0153099997
v -0.0316499993 -0.0044470001 0.0333250016
v -0.0368900001 0.00924099982 0.0176669993
v -0.038807001 -0.0154689997 0.0276580006
v -0.0375420004 0.006757 0.0188999996
v -0.0422299989 -0.026331 0.0214079991
v -0.0321509987 0.000595999998 0.0324850008
v -0.0427220017 -0.0233280007 0.0175390001
v -0.0166280009 -0.032683 0.0332910009
v -0.0259920005 -0.00496099982 0.0349720009
v -0.0419819988 -0.0197459999 0.0153280003
v -0.0109379999 -0.0351000018 0.0285519995
v -0.0369190015 0.00798499957 0.020916
v -0.0424050018 -0.0202450007 0.0167139992
v -0.0110900002 -0.0281700008 0.0296010002
v -0.00758300023 -0.0262340009 0.0258569997
v -0.00840600021 -0.0285689998 0.0265849996
v -0.0422579981 -0.0187950004 0.0181099996
v -0.0418029986 -0.0204310007 0.0214409996
v -0.0190190002 -0.00552299991 0.0356660001
v -0.0354110003 0.0134690003 0.0159140006
v -0.00971600041 -0.0237060003 0.0290280003
v -0.0274429992 -0.000155000002 0.0345610008
v -0.00782999955 -0.0195879992 0.0276800003
v -0.0418500006 -0.015966 0.0165829994
v -0.0419499986 -0.0162160005 0.0176270008
v -0.0206209999 0.00147200003 0.0357259996
v -0.0412029997 -0.0166309997 0.0224539991
v -0.0415479988 -0.0241080001 0.0231650006
v -0.0225840006 -0.031769 0.0344550014
v -0.0308410004 -9.99999997e-07 0.0333140008
v -0.0385500006 -0.0107930005 0.0270460006
v -0.0210369993 -0.0249090008 0.0348530002
v -0.0401710011 -0.0183899999 0.0255609993
v -0.0231960006 0.00222599995 0.0354209989
v -0.0184209999 -0.0243030004 0.034816999
v -0.0374369994 -0.00448899996 0.0273679998
v -0.0210369993 -0.0249090008 0.0348530002
v -0.0202639997 -0.0196020007 0.0351679996
v -0.0181329995 -0.0306829996 0.0342679992
v -0.0173579995 -0.0187529996 0.0351440012
v -0.0184209999 -0.0243030004 0.034816999
v -0.0170029998 -0.0216969997 0.0347849987
v -0.0173579995 -0.0187529996 0.0351440012
v -0.0399740003 -0.0141770002 0.0249189995
v -0.0181050003 -0.0139149996 0.0354369991
v -0.0158459991 -0.014614 0.0351359993
v -0.0176679995 -0.0278740004 0.0343790017
v -0.0410129987 -0.0444989987 0.0232270006
v -0.0398590006 -0.0407200009 0.0267270003
v -0.0160109997 -0.0125489999 0.035360001
v -0.0377699994 -4.6000001e-05 0.0246849991
v -0.0160109997 -0.0125489999 0.035360001
v -0.0364769995 0.000775999972 0.0270770006
v -0.0151220001 -0.0226310007 0.0336560011
v -0.0383570008 -0.0434629992 0.0285570007
v -0.0375650004 -0.0439289995 0.0293160006
v -0.0348300003 0.002324 0.0290440004
v -0.012228 -0.0207909998 0.0318609998
v -0.0401489995 -0.0353100002 0.0267299991
v -0.01425 -0.013824 0.0344550014
v -0.0142689999 -0.00843700022 0.0352090001
v -0.0370879993 0.0044379998 0.0237659998
v -0.0159709994 -0.00629399996 0.0356119983
v -0.0142689999 -0.00843700022 0.0352090001
v -0.0361160003 0.00555700017 0.0254670009
v -0.0140070003 -0.00429499988 0.0354820006
v -0.0337800011 -0.0211999994 0.0328629985
v -0.0314330012 -0.0207289997 0.0336010009
v -0.0330489986 -0.0426869988 0.0317919999
v -0.0353539996 0.00594099984 0.0268159993
v -0.0376380011 -0.0376950018 0.0299839992
v -0.0363340005 -0.0402369983 0.0306269992
v -0.0140070003 -0.00429499988 0.0354820006
v -0.0123410001 -0.00368000008 0.0349909998
v -0.0124749998 -0.0140070003 0.0333230011
v -0.0130700003 -0.0102749998 0.0342959985
v -0.0108000003 -0.00780399982 0.0332969986
v -0.0324189998 0.0118439998 0.0287149996
v -0.0348550007 0.0128039997 0.0237220004
v -0.0351039991 0.0154830003 0.018902
v -0.0318440013 0.00618000003 0.0315730013
v -0.0339189991 0.0161460005 0.0234949999
v -0.0312650017 0.0049709999 0.0324719995
v -0.0294729993 0.00604500016 0.0334669985
v -0.0404140018 -0.0103989998 0.0145199997
v -0.0271899998 0.00538299978 0.0343660004
v -0.0297500007 0.00857700035 0.0329219997
v -0.0334060006 0.0148830004 0.0255629998
v -0.0301210005 0.0103120003 0.0321779996
v -0.0308200009 0.0180319995 0.0281060003
v -0.0239460003 0.00563499983 0.035255
v -0.00657900004 -0.0199740008 0.0257050004
v -0.0190789998 0.010582 0.0359570011
v -0.00474500004 -0.0145530002 0.0238630008
v -0.0274999999 0.0155199999 0.0330960006
v -0.0029829999 -0.00850600004 0.0222740006
v -0.027919 0.0104999999 0.0336689986
v -0.00493900012 -0.0102150002 0.0261429995
v -0.0279910006 0.0173359998 0.0321820006
v -0.00320199993 -0.00618800009 0.0245629996
v -0.0263979994 0.014641 0.0338479988
v -0.0249170009 0.0106960004 0.034754999
v -0.00836999994 -0.0117779998 0.0302579999
v -0.00956599973 -0.0111729996 0.0315690003
v -0.0206429996 0.0157210007 0.0354739986
v -0.0229039993 0.016663 0.0348469988
v -0.0172310006 0.00419599982 0.0360059999
v -0.00679699983 -0.011717 0.0284260008
v -0.0148299998 0.00205800007 0.0359040014
v -0.0108629996 0.00449299999 0.0355889983
v -0.0105020003 0.00371200009 0.0353650004
v -0.00833899993 -6.29999995e-05 0.0332290009
v -0.00225499994 -0.00561399991 0.0219470002
v -0.000889000017 -0.000671999995 0.0208330005
v -0.00882100035 0.00357099995 0.0344269983
v -0.0105020003 0.00371200009 0.0353650004
v -0.0079549998 -0.00451900018 0.0318019986
v -0.00594499987 0.00685499981 0.0333420001
v -0.004586 0.00647700019 0.032060001
v 0.00109300006 0.00598300016 0.0190069992
v 0.00044199999 0.00370600005 0.0221480001
v 0.00098500005 0.00561500015 0.0227899998
v -0.0108629996 0.00449299999 0.0355889983
v -0.00798199978 0.0106490003 0.0354910009
v -0.00616799993 0.0105450004 0.0344830006
v -0.0147820003 0.00849299971 0.0361329988
v -0.0101030003 0.0113840001 0.0359449983
v -0.0115360003 0.0162460003 0.036169
v -0.00729699992 0.0141639998 0.0357320011
v -0.00729699992 0.0141639998 0.0357320011
v -0.0181789994 0.0266490001 0.0352270007
v -0.0154229999 0.0222149994 0.0360039994
v -0.0137010003 0.0306260008 0.0357110016
v 0.00276600011 0.0587319992 0.0342179984
v 0.000410000008 0.061214 0.0331740007
v -0.00302199996 0.0542789996 0.0343630016
v -0.0286309998 0.0202360004 0.00807300024
v -0.00428099977 0.0620810017 0.00890399981
v -0.000373999996 0.0643699989 0.00722699985
v -0.00160800002 0.0605930015 0.00478000008
v -0.00206000009 0.012623 0.031911999
v 0.00133300002 0.0172659997 0.0302900001
v 0.00169399998 0.0651139989 0.0320019983
v -0.00199100003 0.0616270006 0.032306999
v -0.00219799997 0.0672670007 0.0126630003
v -0.0310050007 0.0174039993 0.010086
v -0.00373400003 0.0120029999 0.0331659988
v 0.00780900009 0.0586580001 0.0342539996
v 0.00327800005 0.0514839999 0.0351920016
v 0.00870400015 0.0549070016 0.034593001
v 0.00497299992 0.0575949997 0.0344940014
v -0.00120099995 0.018956 0.0333800018
v -0.00305699999 0.0199379995 0.0349280015
v 0.0182949994 0.0448479988 0.00562800001
v 0.0175689999 0.0428519994 0.00645399978
v 0.00302399998 0.0178159997 0.0282770004
v 0.0204210002 0.0472679995 0.00535500003
v 0.00882999972 0.0580109991 -1.80000006e-05
v 0.0087580001 0.0547479987 1.49999996e-05
v 0.002263 0.0529210009 0.000176999994
v 0.00189399999 0.0212130006 0.0315679982
v 0.0121990005 0.0543360002 0.0341559984
v 0.0122600002 0.0612209998 0.0334919989
v -0.0242720004 0.0285160001 0.00667499984
v 0.00715600001 0.0625870004 0.0336010009
v -0.0329709984 0.0183179993 0.0139149996
v -0.0331959985 0.0197720006 0.0155699998
v -0.0336459987 0.0198500007 0.017337
v -0.0150560001 0.0162099991 0.0361590013
v 0.00276600011 0.0587319992 0.0342179984
v 0.00480000023 0.0639839992 0.0330680013
v -0.00291600008 0.063647002 0.0299820006
v -0.00160800002 0.0637610033 0.031072
v -0.000877999992 0.0658449978 0.0295429993
v 0.00221699988 0.069066003 0.0284139998
v -0.000956000003 0.0680119991 0.0260329992
v -0.0316790007 0.0244910009 0.0163150001
v -0.00607299991 0.0229509994 0.0361489989
v -0.00729699992 0.0141639998 0.0357320011
v 0.00143599999 0.0701820031 0.0250400007
v -0.0300520007 0.0236499999 0.0121889999
v -0.0263860002 0.0291409995 0.00989300013
v -0.00920899957 0.0248450004 0.036332
v 0.00213199994 0.0666690022 0.0312950015
v -0.0307890009 0.0255229995 0.0148790004
v -0.012166 0.0575050004 0.0140129998
v -0.0129399998 0.0531180017 0.0100330003
v -0.017252 0.0510139987 0.0145300003
v -0.0286819991 0.0301510002 0.0144509999
v 0.00480000023 0.0639839992 0.0330680013
v -0.0154069997 0.0548649989 0.0163770001
v -0.0287050009 0.031998001 0.0167289991
v -0.0190570001 0.0499139987 0.0172969997
v -0.0171450004 0.0530200005 0.0187839996
v -0.0142569998 0.0568579994 0.0178679992
v -0.0207809992 0.0270429999 0.00228199991
v 0.00682799984 0.0670500025 0.032203
v 0.00682799984 0.0670500025 0.032203
v 0.00717200013 0.0650169998 0.0329440013
v -0.00453699986 0.0199510008 0.0356849991
v 0.003088 0.0680560023 0.0306359995
v -0.0128189996 0.0581899993 0.0164790004
v -0.0208640005 0.0307819992 0.00402300013
v -0.0194659997 0.0450779982 0.0270550009
v -0.0192569997 0.0475419983 0.0243480001
v -0.0231640004 0.0403719991 0.0248690005
v -0.0203789994 0.0470530018 0.0221139994
v -0.0169629995 0.052037999 0.0224830005
v -0.0193920005 0.0497430004 0.0191610008
v 0.0060680001 0.0693550035 0.0309670009
v 0.00691699982 0.0710700005 0.0298379995
v -0.0109970002 0.0289210007 0.0361919999
v -0.0169239994 0.0492339991 0.0269290004
v 0.011461 0.067162998 0.0323089994
v 0.0109789995 0.0691030025 0.0317410007
v -0.00630099978 0.0285400003 0.0363200009
v 0.0149710001 0.0666349977 0.0320690013
v -0.0174189992 0.034469001 0.00244499999
v -0.0154100005 0.0530029982 0.0247729998
v -0.0141970003 0.0369970016 0.00112300005
v -0.0153449997 0.0372290015 0.00187100004
v -0.00607299991 0.0229509994 0.0361489989
v -0.00268499996 0.0242270008 0.0357480012
v -0.0194550008 0.0365119986 0.00555599993
v -0.0186899994 0.0508849993 0.0188929997
v -0.0163419992 0.0390250012 0.00363699999
v 0.00217800005 0.0258210003 0.0332899988
v -0.0151739996 0.055585999 0.0191559996
v 0.0106899999 0.0707990006 0.0310399998
v 0.00575699983 0.0641570017 0.00206499989
v 0.00617100019 0.0629409999 0.00115799997
v 0.00280899997 0.0608839989 0.00170499994
v 0.002721 0.0589939989 0.000965000014
v 0.0100079998 0.0649200007 0.000789000012
v 0.00595299993 0.0596639998 0.000400999998
v -0.0216790009 0.0353959985 0.0312700011
v -0.0247370005 0.0336529985 0.0280610006
v -0.0247239992 0.0293329991 0.0308359992
v -0.013948 0.0565109998 0.0214249995
v -0.0232999995 0.0356470011 0.00976600032
v -0.0255229995 0.0344429985 0.0122530004
v 0.00249299989 0.0627399981 0.003211
v -0.0220359992 0.0395070016 0.0278290007
v -0.0255980007 0.0355160013 0.0248140004
v -0.0213690009 0.0384589992 0.0296180006
v -0.0267050005 0.0349039994 0.0148240002
v -0.0123570003 0.0548169985 0.0279970001
v 0.00525799999 0.0684539974 0.006544
v -0.0193949994 0.040070001 0.00765499985
v -0.018344 0.0425879993 0.0308810007
v -0.0121229999 0.0570250005 0.0252790004
v -0.0125660002 0.0577620007 0.0221340004
v 0.00869099982 0.0672250018 0.00279799988
v 0.00364100002 0.0223619994 0.0303039998
v -0.0232829992 0.0397330001 0.013057
v 0.00512599992 0.0291530006 0.032354001
v 0.00320599996 0.0697569996 0.00993200019
v 0.00539000006 0.0398310013 0.0352940001
v 0.00403100019 0.0366789997 0.0353929996
v 0.00557600008 0.0379909985 0.0350629985
v -0.0325779989 0.0216889996 0.0214520004
v -0.0330459997 0.0216589998 0.0185870007
v -0.0319859982 0.0245229993 0.0178219993
v 0.00637600012 0.046870999 0.035211999
v 0.00223300001 0.0398290008 0.0357410014
v 0.00122500001 0.0279239994 0.0346660018
v 0.00698800012 0.0732650012 0.0109000001
v -0.0314819999 0.022016 0.0244529992
v -0.00808999967 0.0596790016 0.0108359996
v 0.006544 0.0343110003 0.0334380008
v 0.00725300005 0.0586780012 0.000118000004
v 0.0122779999 0.064857997 0.000415999995
v -0.00188500003 0.0311999992 0.0360790007
v -0.000592000026 0.0283240005 0.0356790014
v 0.0150640002 0.063676998 -7.50000036e-05
v -0.00609900011 0.0633810014 0.0126449997
v -0.0304320008 0.0282819998 0.0191450007
v -0.00188500003 0.0311999992 0.0360790007
v 0.00151800003 0.0321060009 0.0355550013
v 0.00297500007 0.0310110003 0.0346300006
v 0.0186560005 0.0637110025 -0.000239000001
v -0.0297430009 0.0287759993 0.0215860009
v -0.0301859993 0.0249370001 0.0247779991
v -0.00798700005 0.0631889999 0.0154640004
v -0.00267500011 0.0367119983 0.0361410007
v -0.0119890003 0.0593650006 0.0176609997
v -0.00267500011 0.0367119983 0.0361410007
v -0.00677799992 0.0648439974 0.0168229993
v -0.00974700041 0.0617239997 0.017949
v 0.0187069997 0.0676300004 0.000153999994
v -0.0291809998 0.0248169992 0.0268479995
v 0.00782299973 0.0381629989 0.0339149982
v 0.0101380004 0.0662930012 0.00136600004
v -0.0271039996 0.0304949991 0.0264640003
v -0.0268569998 0.0219599996 0.0316900015
v 0.013367 0.0690750033 0.00184699998
v 0.0163039993 0.069600001 0.00111399998
v -0.0278929994 0.0307090003 0.0246849991
v -0.00516200019 0.0652970001 0.0140239997
v 0.0166239999 0.068438001 0.000578999985
v -0.0153679997 0.0435680002 0.00534099992
v -0.0184439998 0.0455130003 0.0106279999
v -0.0287890006 0.0322670005 0.0183990002
v -0.00273699989 0.068163 0.0151350005
v -0.0156020001 0.0478760004 0.00875100028
v -0.0262860004 0.0373970009 0.0174620003
v -0.0280939993 0.0329990014 0.0208519995
v -0.0212549996 0.0434640013 0.0133509999
v -0.0272579994 0.0355210006 0.0186989997
v -0.00374200009 0.0677120015 0.0166250002
v -0.0241049994 0.0406539999 0.0157140009
v 0.0150020001 0.073367998 0.00524799991
v -0.0207170006 0.0462870002 0.0159629993
v -0.0187309999 0.0496900007 0.015741
v -0.0101089999 0.0607369989 0.0219160002
v -0.0244539995 0.0400639996 0.0217969995
v -0.0230059996 0.0434620008 0.017492
v -0.0242689997 0.0414980017 0.0185620002
v -0.0233159997 0.0432309993 0.0192179997
v 0.0183169991 0.0730590001 0.00315700006
v -0.0209219996 0.0471809991 0.0192699991
v 0.0231619999 0.0679579973 1.6e-05
v -0.00918599963 0.0598750003 0.0261620004
v -0.00870900042 0.0612550005 0.0245689992
v -0.00744900014 0.0636259988 0.0215760004
v 0.0251669995 0.0717609972 0.000711000001
v 0.0210670009 0.0718740001 0.001269
v 0.029662 0.0699260011 0.000436000002
v -0.00549500016 0.0660879984 0.0179190002
v -0.0102639999 0.0428129993 0.000832999998
v -0.0114120003 0.043389 0.00155399996
v 0.00274199992 0.011287 0.0174739994
v -0.00458699977 0.0661789998 0.0227070004
v 0.0230669994 0.0741190016 0.00250299997
v -0.0128889997 0.0433010012 0.00263300003
v -0.00192499999 0.069066003 0.0197829995
v -0.00138599996 0.0697219968 0.0167650003
v -0.00776899979 0.0472880006 0.00104999996
v -0.00791699998 0.0484669991 0.001483
v 0.0106480001 0.0718849972 0.00640199985
v -0.00668699993 0.0468150005 0.00068300002
v 0.004586 0.01609 0.0169549994
v -0.0056090001 0.0639960021 0.0255520009
v 0.00333199999 0.0121029997 0.0216569994
v -0.00144200004 0.0688209981 0.0229969993
v -0.00776100019 0.0503549986 0.00228499994
v -0.013944 0.0476050004 0.00658100005
v -0.00961999968 0.0505089983 0.0041240002
v 0.00520499982 0.016516 0.0210490003
v 0.00272400002 0.0116689997 0.0236859992
v 0.00189499999 0.0119150002 0.0261000004
v -0.0226700008 0.0289670005 0.0331760012
v -0.02097 0.0272790007 0.0343649983
v -0.0206560008 0.0293160006 0.034136001
v 0.0123309996 0.0749650002 0.00888700038
v -0.0118899997 0.0527420007 0.00834899954
v 0.0157830007 0.0775249973 0.00990600046
v 0.019266 0.078429997 0.00890399981
v -0.0199619997 0.0357830003 0.0328809991
v -0.0233709998 0.0295880008 0.0323290005
v 0.00391899981 0.0166810006 0.0259649996
v -0.0198660009 0.0343779996 0.0334040001
v 0.0245220009 0.0730680004 0.00129399996
v 0.0112800002 0.0312639996 0.0111659998
v 0.0119939996 0.0308200009 0.0134950001
v 0.00493700011 0.0186059996 0.0137299998
v 0.0259569995 0.074014999 0.00166800001
v -0.0176199991 0.0360039994 0.0341529995
v 0.006666 0.0224920008 0.0131550003
v 0.0249409992 0.0754790008 0.00317099993
v 0.0134669999 0.0355379991 0.00932599977
v -0.0146540003 0.0376159996 0.0347039998
v 0.00711400015 0.0213309992 0.0168110002
v 0.0234939996 0.0767529979 0.00496299984
v 0.0128210001 0.0371760018 0.00654800003
v 0.0158229992 0.0401180014 0.00721800001
v 0.00698600011 0.0203360002 0.0195489991
v 0.0208689999 0.078249 0.00777899986
v -0.00129399996 0.0530919991 0.00056700001
v -0.00198900001 0.0538030006 0.000852999976
v -0.00444900012 0.0540100001 0.00208200002
v -0.00316000008 0.0539870001 0.00135100004
v 0.00938099995 0.0263550002 0.014614
v -0.00635599997 0.0539870001 0.0037
v 0.0256089997 0.0787310004 0.0065779998
v -0.0187260006 0.0398209989 0.0321110003
v 0.00322599988 0.0507580005 0.000144000005
v 0.010249 0.0266139992 0.0174330007
v 0.0125620002 0.0307439994 0.0155419996
v -0.0156199997 0.0424050018 0.0333889984
v -0.0169590004 0.0417129993 0.0327749997
v -0.0154529996 0.0446889997 0.0325619988
v 0.0229850002 0.0800710022 0.00951499958
v -0.0263860002 0.0201500002 0.0327959992
v -0.0239909999 0.0216199998 0.0339899994
v -0.000369999994 0.0580900013 0.00190799998
v 0.0270659998 0.0803150013 0.00842799991
v -0.000820000016 0.0591970012 0.00294000003
v -0.0148200002 0.0416489989 0.0339399986
v -0.0119359996 0.0413759984 0.0347849987
v 0.0245370008 0.081253998 0.011105
v -0.0243599992 0.0235050004 0.0334610008
v -0.0251429994 0.0244849995 0.0325810015
v -0.0215610005 0.0223420002 0.0347700007
v -0.00933299959 0.0373159982 0.0357280001
v -0.0123079997 0.0456820019 0.0339329988
v 0.00323599996 0.0724230036 0.013789
v -0.0183959994 0.021923 0.0355469994
v -0.00803699996 0.0570369996 0.00802099984
v 0.000725999998 0.0710180029 0.0148689998
v 0.00186299998 0.0720689967 0.016113
v -0.00705000013 0.0350929983 0.0360979997
v 0.00695100008 0.0752310008 0.0146279996
v 0.00866600033 0.0756150037 0.0130479997
v 0.00707799988 0.0754489973 0.0154759996
v 0.00519100018 0.0743670017 0.0176970009
v -0.00632200018 0.0428929999 0.0355609991
v 0.00185500004 0.0721400008 0.0185739994
v 0.00179000001 0.0717310011 0.0212299991
v -0.00302599999 0.0450089984 0.0356630012
v -0.0156049998 0.0490330011 0.029104
v -0.0143569997 0.0471079983 0.0321980007
v 0.00481199985 0.0726469979 0.024611
v 0.0120999999 0.0766569972 0.0114740003
v -0.0112650003 0.0503310002 0.0328980014
v 0.0172860008 0.0793329999 0.012104
v -0.00680800015 0.0481849983 0.0348320007
v 0.0126480004 0.0779329985 0.0137750003
v -0.01241 0.0511489995 0.0313940011
v -0.010427 0.0500500016 0.033427
v 0.0117499996 0.0778160021 0.0154050002
v 0.00805700012 0.0760629997 0.0168210007
v 0.0159430001 0.0793780014 0.0140969995
v -0.00574899977 0.0520289987 0.0342799984
v 0.0152550004 0.0792270005 0.0158690009
v 0.00676500006 0.0751290023 0.0195620004
v -0.00803400017 0.059489999 0.0286350008
v 0.00946300011 0.0759830028 0.0225699991
v -0.0102040004 0.0544850007 0.0311280005
v 0.00823399983 0.0734909996 0.0273480006
v 0.0108589996 0.0755399987 0.0258569997
v -0.0080380002 0.0574960001 0.0308340006
v -0.00770399999 0.0552229993 0.0326489992
v 0.0102599999 0.0770580024 0.0189130008
v -0.00693200016 0.0543509983 0.0333250016
v -0.00513699977 0.0598080009 0.031578999
v 0.0130899996 0.0782350004 0.0193690006
v -0.003792 0.0588999987 0.0328180008
v 0.0138269998 0.0777280033 0.0232299995
v -0.00110600004 0.0518789999 0.034988001
v 0.0186950006 0.079806 0.0214620009
v 0.015621 0.0790039971 0.0204690006
v 0.0183429997 0.0789249986 0.0240219999
v 0.0149130002 0.0769549981 0.0262219999
v 0.00194700004 0.0450210012 0.0356089994
v -0.00302599999 0.0450089984 0.0356630012
v 0.0202019997 0.0779049993 0.0268510003
v 0.00327800005 0.0514839999 0.0351920016
v 0.0209560003 0.0804940015 0.0116950003
v 0.0222479999 0.0812280029 0.0134530002
v 0.0263800006 0.0817959979 0.012445
v 0.00497299992 0.0575949997 0.0344940014
v 0.0183119997 0.0802630037 0.0164810009
v 0.0192910004 0.0803430006 0.0190609992
v 0.0220810007 0.0812740028 0.0174940005
v 0.0244880002 0.0816740021 0.0175299998
v 0.0224929992 0.0807709992 0.0207950007
v 0.0231769998 0.0800310001 0.0237910002
v -0.00507399999 0.0621909983 0.0291879997
v -0.00626099994 0.0618709996 0.0280310009
v 0.00639900006 0.0714450032 0.0289670005
v -0.00386500009 0.0647030026 0.0272160005
v 0.0114409998 0.0742430016 0.0285260007
v 0.0149710001 0.0666349977 0.0320690013
v 0.0143100005 0.0700310022 0.0313040018
v 0.011461 0.067162998 0.0323089994
v 0.0109789995 0.0691030025 0.0317410007
v 0.0141730001 0.0721260011 0.0305930004
v 0.0118279997 0.0752639994 0.0272720009
v 0.0113110002 0.0729629993 0.0298229996
v 0.0153590003 0.0738499984 0.0297679994
v 0.0167580005 0.0714429989 0.0306109991
v 0.0165040009 0.0763820037 0.0278249998
v 0.0159370005 0.075420998 0.0286909994
v 0.0197839998 0.0748360008 0.0288820006
v 0.0209599994 0.0765800029 0.0278900005
v 0.0213769991 0.0778520033 0.026974
v 0.0215409994 0.0602790006 0.0313640013
v 0.0243209992 0.060862001 0.0304189995
v 0.0285739992 0.0631410033 0.0286100004
v 0.0129690003 0.0382630005 0.0297570005
v 0.0133220004 0.0369740017 0.0284579992
v 0.0188270006 0.0447660014 0.0278060008
v 0.00537500018 0.0178100001 0.0234890003
v 0.0225649998 0.0637290031 0.0307810009
v 0.0419720002 0.0649409965 0.0127929999
v 0.0387939997 0.062628001 0.0167759992
v 0.0383180007 0.0609729998 0.0141820004
v 0.0271419995 0.0663840026 0.0289350003
v 0.0208529998 0.0436349995 0.0234239995
v 0.0178440008 0.0408650003 0.0255130008
v 0.0169929992 0.0379259996 0.0230240002
v 0.0207090005 0.0655099973 0.031103
v 0.00710800011 0.0231870003 0.0258469991
v 0.0431919992 0.0674550012 0.0148649998
v 0.0239770003 0.0716319978 0.0290280003
v 0.0271419995 0.0663840026 0.0289350003
v 0.0280019995 0.0704080015 0.0279280003
v 0.0447469987 0.0677170008 0.0120139997
v 0.0166919995 0.0443929993 0.0298360009
v 0.0447099991 0.0688429996 0.0143990004
v 0.0242899992 0.075195998 0.0278309993
v 0.0209950004 0.072619997 0.0294889994
v 0.00789100025 0.0220640004 0.0214549992
v 0.0221590009 0.0475529991 0.0259220004
v 0.0269109998 0.0749270022 0.0271530002
v 0.0230630003 0.0472499989 0.0242720004
v 0.00999699999 0.0258399993 0.0197279993
v 0.0384199992 0.0640129969 0.0195930004
v 0.00880299974 0.0244459994 0.0232289992
v 0.0218240004 0.0791599974 0.0253379997
v 0.0430920012 0.0689259991 0.0167960003
v 0.0243749991 0.0794010013 0.0252400003
v 0.0242669992 0.0787959993 0.0258959997
v 0.0391950011 0.0666320026 0.0207209997
v 0.0104649998 0.0382919982 0.0320710018
v 0.0425710008 0.069724001 0.0178839993
v 0.0113549996 0.0425309986 0.0332010016
v 0.0278379992 0.0765779987 0.0261790007
v 0.0258169994 0.0778549984 0.02623
v 0.0326049998 0.0724819973 0.000853999984
v 0.011403 0.0285199992 0.0220749993
v 0.0132529996 0.0312210005 0.0172489993
v 0.0301539991 0.0736420006 0.00114399998
v 0.00973999966 0.0434780009 0.0343919992
v 0.0150830001 0.0339279994 0.0180140007
v 0.0146500003 0.0335270017 0.0206349995
v 0.0334529988 0.0693079978 0.000937999983
v 0.0331379995 0.0727630034 0.0249080006
v 0.0299249999 0.0733579993 0.026455
v 0.0325580016 0.0682699978 0.0262090005
v 0.0107530002 0.0289120004 0.024743
v 0.0104109999 0.0463190004 0.0345939994
v 0.01578 0.0459760018 0.0315040015
v 0.013642 0.0331030004 0.0237639993
v 0.0280019995 0.0704080015 0.0279280003
v 0.0104529997 0.0296449997 0.0262030009
v 0.0167239998 0.0488200001 0.0320819989
v 0.0375650004 0.0734610036 0.00183700002
v 0.0299249999 0.0733579993 0.026455
v 0.0311500002 0.0764179975 0.0247230008
v 0.0336829983 0.0737010017 0.00131199998
v 0.0225419998 0.0520629995 0.0289290007
v 0.0305850003 0.0752540007 0.00200799992
v 0.00578599982 0.0235520005 0.0283460002
v 0.0364880003 0.0745240003 0.00205500005
v 0.0344000012 0.0761179999 0.00295000011
v 0.0127609996 0.0475170016 0.0339169987
v 0.0304470006 0.0770540014 0.00353599992
v 0.0331379995 0.0727630034 0.0249080006
v 0.0129899997 0.0496219993 0.0340470001
v 0.0068529998 0.0289730001 0.0306570008
v 0.0097319996 0.0318370014 0.0291620009
v 0.0164090004 0.0523740016 0.0332180001
v 0.0318779983 0.0779369995 0.00451599993
v 0.0236060005 0.0460879989 0.0213029999
v 0.0350599997 0.0593120009 0.0195610002
v 0.0349549986 0.0605719984 0.0214290004
v 0.0309970006 0.0548739992 0.0203419998
v 0.0391310006 0.0688270032 0.002477
v 0.038346 0.0709600002 0.00203799992
v 0.0264890008 0.0514700003 0.0238300003
v 0.028229 0.051957 0.0211939998
v 0.0221239999 0.0490499996 0.0272480007
v 0.0362019986 0.0641250014 0.0230030008
v 0.0270419996 0.0546439998 0.026114
v 0.0417679995 0.0700649992 0.002783
v 0.0337230004 0.0610189997 0.0235660002
v 0.0300810002 0.0571979992 0.0246350002
v 0.0335640013 0.062872 0.0251119994
v 0.0405079983 0.0734380037 0.00225699996
v 0.014928 0.0355760008 0.0121719996
v 0.0389729999 0.0750890002 0.00266200001
v 0.0353859998 0.0653290004 0.0245699994
v 0.0316569991 0.0625300035 0.0266100001
v 0.0334579982 0.0648169965 0.0259409994
v 0.0312779993 0.0646449998 0.0272879992
v 0.03565 0.0672120005 0.0244699996
v 0.0411209986 0.0742449984 0.00234199991
v 0.0288650002 0.0585369989 0.0268750004
v 0.0170370005 0.0373159982 0.0143109998
v 0.0167800002 0.0364379995 0.0162640009
v 0.0385349989 0.0776849985 0.0049879998
v 0.0383879989 0.0674280003 0.0220599994
v 0.0189169999 0.042475 0.00892299972
v 0.0419140011 0.075034 0.00260800007
v 0.0382010005 0.0681350008 0.0223469995
v 0.0406400003 0.0700149983 0.0197730009
v 0.0381259993 0.0694539994 0.0221820008
v 0.0185550004 0.0529129989 0.0323439986
v 0.0413799994 0.076977998 0.00435699988
v 0.0381259993 0.0694539994 0.0221820008
v 0.0406400003 0.0700149983 0.0197730009
v 0.0362839997 0.0756419972 0.0214620009
v 0.0429470018 0.0772349983 0.00421700021
v 0.043074999 0.0710330009 0.0174119994
v 0.0199299995 0.0559910014 0.0321649984
v 0.0160620008 0.0570719987 0.0331940018
v 0.0204659998 0.0414719991 0.0147590004
v 0.0204959996 0.0423270017 0.0124120004
v 0.0230889991 0.0547219999 0.0298849996
v 0.0422209986 0.0788720027 0.00612000003
v 0.0397440009 0.079024002 0.00663000019
v 0.0242759995 0.057914 0.0302889999
v 0.0352250002 0.0726180002 0.0235130005
v 0.0352250002 0.0726180002 0.0235130005
v 0.0407270007 0.0792779997 0.00732900016
v 0.0430269986 0.0792739987 0.00692499988
v 0.0179370008 0.0379419997 0.0190459993
v 0.0172489993 0.0373860002 0.0208119992
v 0.015106 0.0604920015 0.033098001
v 0.0276599992 0.0817060024 0.0111539997
v 0.0284059998 0.0818229988 0.012991
v 0.0305489991 0.0793439969 0.00635599997
v 0.0270840004 0.0818580016 0.014587
v 0.0300159995 0.0816610008 0.0145579996
v 0.0295100007 0.081234999 0.00945500005
v 0.0252500009 0.0817560032 0.0172910001
v 0.0211500004 0.0420869999 0.0170120001
v 0.0291310009 0.0618069991 0.0282339994
v 0.0245789997 0.0594989993 0.0303300004
v 0.0268409997 0.081453003 0.0184160005
v 0.0277709998 0.0596290007 0.0283950008
v 0.0375510007 0.0796990022 0.00760200014
v 0.032802999 0.0805990025 0.00827599969
v 0.0232859999 0.0448039994 0.0148560004
v 0.02245 0.0437990017 0.0184770003
v 0.0212910008 0.0428280011 0.0206160005
v 0.0308710001 0.0810239986 0.0190639999
v 0.0338990018 0.0807600021 0.0173499994
v 0.0277260002 0.0809279978 0.0211549997
v 0.034364 0.0802989975 0.0188800003
v 0.0372399986 0.0798629969 0.0165330004
v 0.0320109986 0.0812930018 0.0105060004
v 0.0335800014 0.0807920024 0.00903499965
v 0.0376400016 0.0785619989 0.0184780005
v 0.0407480001 0.0776719972 0.0157340001
v 0.0401960015 0.0786160007 0.0153219998
v 0.0357749984 0.0785129964 0.0202789996
v 0.0402779989 0.0767719969 0.0166129991
v 0.036274001 0.0795169994 0.0187400002
v 0.0190559998 0.0442100018 0.00672700023
v 0.0200689994 0.0458430015 0.00607400015
v 0.0219359994 0.0468910001 0.00709899981
v 0.033344999 0.076458998 0.0233270004
v 0.0238039996 0.0473189987 0.00951000024
v 0.0389260016 0.0796879977 0.00869700033
v 0.0216550007 0.0476769991 0.00590799982
v 0.0436040014 0.0789629966 0.0106429998
v 0.0180600006 0.0680439994 0.0313270018
v 0.0316039994 0.0802510008 0.0211800002
v 0.0416410007 0.0789619982 0.0127729997
v 0.0399199985 0.0793519989 0.0134340003
v 0.0352669992 0.0793109983 0.0200629998
v 0.0358810015 0.0806580037 0.0133419996
v 0.0242219996 0.0462450013 0.0130190002
v 0.0301670004 0.0551620014 0.00588000007
v 0.0278929994 0.05418 0.00468700007
v 0.0342230015 0.0810249969 0.0137609998
v 0.0252439994 0.0479499996 0.0110889999
v 0.0321980007 0.0569289997 0.00585100008
v 0.0326530002 0.078538999 0.022597
v 0.034283001 0.0589910001 0.0050929999
v 0.030522 0.0537570007 0.00925199967
v 0.0280760005 0.0505109988 0.0121219996
v 0.0281089991 0.0502419993 0.0138900001
v 0.0244159997 0.0507889986 0.00513899978
v 0.0413339995 0.0655260012 0.00435000006
v 0.0266459994 0.0520690009 0.00603500009
v 0.0399280004 0.0631000027 0.00620299997
v 0.0375009999 0.0619480014 0.00469199987
v 0.0255619995 0.0521069989 0.00495100021
v 0.0376389995 0.0604939982 0.0081770001
v 0.047598999 0.0683770031 0.00569600007
v 0.0455420017 0.0671959966 0.00664100004
v 0.0444150008 0.0665879995 0.00540600019
v 0.0315539986 0.0542949997 0.0105020003
v 0.0369639993 0.0592969991 0.0115740001
v 0.0342959985 0.0565350018 0.0130620003
v 0.0316869989 0.0541119985 0.0122389998
v 0.0434960015 0.0658340007 0.0083130002
v 0.0466509983 0.0680510029 0.00786499958
v 0.0484159999 0.0689280033 0.0074339998
v 0.0444069989 0.066885002 0.0105839996
v 0.0474169999 0.0691829994 0.0100269997
v 0.0260029994 0.0803629979 0.0233169999
v 0.0276549999 0.079425998 0.0243790001
v 0.0288159996 0.0802970007 0.0225799996
v 0.0388850011 0.0631270036 0.00456599984
v 0.0467920005 0.0699919984 0.0127450004
v 0.0501159988 0.0693740025 0.00670199981
v 0.0281969998 0.0502870008 0.0152730001
v 0.0316889994 0.0540339984 0.0146279996
v 0.0335449986 0.0561949983 0.0166759994
v 0.0510840006 0.0704189986 0.00895300042
v 0.0256239995 0.0474959984 0.0180220008
v 0.0424109995 0.0649430007 0.00715399999
v 0.0404470004 0.0642580017 0.00502600009
v 0.0420509987 0.0649309978 0.00577699998
v 0.0525540002 0.0716010034 0.0107519999
v 0.0299299993 0.0524279997 0.0172450002
v 0.0487219989 0.0708940029 0.0121619999
v 0.0508200005 0.0712990016 0.0110990005
v 0.0287929997 0.0782750025 0.0249220002
v 0.0264749993 0.0490010008 0.019754
v 0.0413389988 0.0638590008 0.00980999973
v 0.0507179983 0.0720890015 0.0125179999
v 0.0511839986 0.0729129985 0.0132069997
v 0.054680001 0.0731500015 0.0122429999
v 0.0310859997 0.0794479996 0.0226920005
v 0.0456480011 0.0759619996 0.00270699989
v 0.0297999997 0.0527159981 0.0187589992
v 0.035792999 0.0589740016 0.0171969999
v 0.0472210012 0.0790409967 0.00493700011
v 0.0503909998 0.0792689994 0.0040930002
v 0.0144530004 0.0358150005 0.0256840009
v 0.0409310013 0.075153999 0.0170070007
v 0.052042 0.0802360028 0.00473200018
v 0.042936001 0.0721490011 0.0170409996
v 0.0463429987 0.0793780014 0.00580300018
v 0.0467460006 0.0796020031 0.00645999983
v 0.046856001 0.0796269998 0.00790600013
v 0.0525959991 0.0804580003 0.00654100021
v 0.0530409999 0.0804940015 0.00543700019
v 0.0504960008 0.0793789998 0.0105389999
v 0.0570360012 0.072439 0.0106079997
v 0.0622170009 0.0725750029 0.00999500044
v 0.0535169989 0.0737499967 0.0129380003
v 0.0571760014 0.0739229992 0.012263
v 0.0637120008 0.0726580024 0.0104830004
v 0.0623710006 0.0737560019 0.0116520002
v 0.0643270016 0.0728280023 0.0104520004
v 0.0557769984 0.0801910013 0.00886599999
v 0.0649909973 0.0731090009 0.00993300043
v 0.0542510003 0.0796340033 0.0103510004
v 0.0654349998 0.0757799968 0.0102239996
v 0.0639400035 0.0737939999 0.0115560004
v 0.058619 0.0734630004 0.0117570003
v 0.0461679995 0.0707570016 0.0146070002
v 0.0588739999 0.0741460025 0.0121539999
v 0.0571760014 0.0739229992 0.012263
v 0.0588739999 0.0741460025 0.0121539999
v 0.0588460006 0.0748889968 0.0122649996
v 0.0445890017 0.0703499988 0.0160549991
v 0.0535169989 0.0737499967 0.0129380003
v 0.0573260002 0.0753649995 0.0123939998
v 0.0463050008 0.0718429983 0.0152829997
v 0.0463050008 0.0718429983 0.0152829997
v 0.0472219996 0.0738639981 0.0144490004
v 0.0460139997 0.0725869983 0.0153440004
v 0.0450490005 0.0716279969 0.0160409994
v 0.0565919988 0.0783889964 0.0114439996
v 0.0543610007 0.0759449974 0.0125230001
v 0.0622440018 0.0749119967 0.0119860005
v 0.0450490005 0.0716279969 0.0160409994
v 0.043074999 0.0710330009 0.0174119994
v 0.042936001 0.0721490011 0.0170409996
v 0.0622819997 0.0774450004 0.01138
v 0.0623710006 0.0737560019 0.0116520002
v 0.0652669966 0.0741750002 0.0107709998
v 0.0639400035 0.0737939999 0.0115560004
v 0.0652669966 0.0741750002 0.0107709998
v 0.0648910031 0.0747530013 0.011442
v 0.0642770007 0.074924998 0.0119209997
v 0.0421239994 0.0777610019 0.0145690003
v 0.0640999973 0.076353997 0.0119289998
v 0.0652569979 0.0764990002 0.0110250004
v 0.0646170005 0.0766379982 0.0117140003
v 0.0436149985 0.077087 0.0140519999
v 0.0654440001 0.0740320012 0.0102329999
v 0.0654440001 0.0740320012 0.0102329999
v 0.044799 0.0771640018 0.0135279996
v 0.048951 0.0721509978 0.0138130002
v 0.0561559983 0.0806849971 0.00410299981
v 0.048951 0.0721509978 0.0138130002
v 0.0511839986 0.0729129985 0.0132069997
v 0.0512010008 0.0733600035 0.0134460004
v 0.0502920002 0.0743450001 0.0135949999
v 0.0487789996 0.0731249973 0.014188
v 0.0550110005 0.0807169974 0.00600299984
v 0.0479280017 0.0721369982 0.0144260004
v 0.0587970018 0.0809609964 0.00401500007
v 0.0479280017 0.0721369982 0.0144260004
v 0.0572229996 0.0809390023 0.00516600022
v 0.0430350006 0.0787750036 0.0124340001
v 0.0471169986 0.079016 0.0110769998
v 0.044803001 0.0786610022 0.0121480003
v 0.0488490015 0.0774580017 0.012449
v 0.0497869998 0.0788270012 0.0113639999
v 0.0474950001 0.0780719966 0.0122370003
v 0.0445009992 0.0781819969 0.012848
v 0.0617070012 0.0803619996 0.0089069996
v 0.0596240014 0.0799909979 0.00998300035
v 0.0572879985 0.0792739987 0.010826
v 0.0638260022 0.0815090016 0.00528999977
v 0.0620509982 0.0809459984 0.00565499999
v 0.0652839988 0.0788839981 0.00924499985
v 0.0656889975 0.0765760019 0.00933699962
v 0.0429080017 0.0781930014 0.0135829998
v 0.0416360013 0.078553997 0.0139730005
v 0.0648680031 0.0802799985 0.00869399961
v 0.0649090037 0.078753002 0.0105499998
v 0.064410001 0.0809139982 0.00756199984
v 0.0641729981 0.0806799978 0.00895600021
v 0.0536659993 0.0743630007 0.0129770003
v 0.0623450018 0.0798130035 0.0101340003
v 0.0622039996 0.0792540014 0.0106189996
v 0.0642300025 0.0787760019 0.0111300005
v 0.0642210022 0.0795480013 0.0105720004
v 0.0180600006 0.0680439994 0.0313270018
v 0.0239770003 0.0716319978 0.0290280003
vt 0.230432004 0.0558130145
vt 0.227643996 0.0518860221
vt 0.237526 0.0540180206
vt 0.376015007 0.357125998
vt 0.372684002 0.381703973
vt 0.359652996 0.353947997
vt 0.226010993 0.0556340218
vt 0.249279007 0.0555310249
vt 0.243395001 0.0443360209
vt 0.282813013 0.219639003
vt 0.287416995 0.257170975
vt 0.270805001 0.232653975
vt 0.0203009993 0.127820015
vt 0.00865999982 0.152056992
vt 0.00994800031 0.14290899
vt 0.0101500005 0.133728981
vt 0.250039011 0.0367130041
vt 0.238569006 0.0350139737
vt 0.0530509986 0.0782600045
vt 0.0451640002 0.0746920109
vt 0.0557879992 0.0641379952
vt 0.0622749999 0.0681899786
vt 0.264247 0.0488809943
vt 0.234121993 0.0466690063
vt 0.229623005 0.0444329977
vt 0.336760998 0.366095006
vt 0.351413995 0.371082008
vt 0.347847998 0.384221017
vt 0.342633992 0.0884649754
vt 0.347099006 0.0739349723
vt 0.358799994 0.0849869847
vt 0.218006998 0.0434690118
vt 0.338901013 0.410833001
vt 0.33405301 0.379746974
vt 0.231461003 0.0331680179
vt 0.217789993 0.0327420235
vt 0.033036001 0.0784090161
vt 0.0239279997 0.108703971
vt 0.0252320003 0.0920770168
vt 0.269326001 0.065114975
vt 0.257647991 0.0757129788
vt 0.262389988 0.0646439791
vt 0.0394110009 0.0918040276
vt 0.268045992 0.0758270025
vt 0.0329039991 0.107134998
vt 0.266523987 0.0855020285
vt 0.269210011 0.0803160071
vt 0.276786 0.0828920007
vt 0.253816992 0.0818179846
vt 0.0640899986 0.0766990185
vt 0.0430850014 0.106594026
vt 0.240444005 0.0657200217
vt 0.230873004 0.0643820167
vt 0.0617799982 0.0883330107
vt 0.219874993 0.0586289763
vt 0.319808006 0.194031
vt 0.324997991 0.21578598
vt 0.310050011 0.200495005
vt 0.362571001 0.393258989
vt 0.220213994 0.0683789849
vt 0.232460007 0.0729449987
vt 0.249645993 0.0850549936
vt 0.330637991 0.19283098
vt 0.0807550028 0.0703369975
vt 0.0737679973 0.0823690295
vt 0.0715370029 0.0911390185
vt 0.324337989 0.230247021
vt 0.317241997 0.234175026
vt 0.0900319964 0.0736969709
vt 0.0854059979 0.0860850215
vt 0.240085006 0.0927489996
vt 0.228084996 0.089411974
vt 0.220987007 0.0875859857
vt 0.349849999 0.418303013
vt 0.251614004 0.0663409829
vt 0.30309999 0.204024971
vt 0.307357997 0.22685802
vt 0.295069009 0.196632981
vt 0.304518014 0.383394003
vt 0.314006001 0.382236004
vt 0.308001995 0.406180978
vt 0.0804560035 0.0947020054
vt 0.322389007 0.390625
vt 0.314375013 0.41454798
vt 0.0921859965 0.0971570015
vt 0.255124003 0.0972650051
vt 0.0690350011 0.104448974
vt 0.320407003 0.42542398
vt 0.266941994 0.0977600217
vt 0.0526110008 0.112820983
vt 0.338678986 0.20895499
vt 0.342115998 0.179911971
vt 0.350371987 0.192779005
vt 0.0895949975 0.104129016
vt 0.263280988 0.109799027
vt 0.273649991 0.0998190045
vt 0.275656998 0.125699997
vt 0.0119930003 0.111693025
vt 0.270880997 0.128069997
vt 0.252431989 0.114053011
vt 0.248884007 0.102993011
vt 0.337574989 0.229555011
vt 0.330505013 0.407370985
vt 0.0319419987 0.126030028
vt 0.236971006 0.108435988
vt 0.060029 0.12409699
vt 0.304818004 0.243794978
vt 0.0663219988 0.128772974
vt 0.315943986 0.254628003
vt 0.296523988 0.219543993
vt 0.0763510019 0.123275995
vt 0.299836993 0.242413998
vt 0.32566601 0.41959101
vt 0.0858749971 0.116796017
vt 0.0856800005 0.12530601
vt 0.240210995 0.124107003
vt 0.300114006 0.26274699
vt 0.225774005 0.126370013
vt 0.214148998 0.112115979
vt 0.262356013 0.128365993
vt 0.293134987 0.22924298
vt 0.271333009 0.145117998
vt 0.256101996 0.136390984
vt 0.0281440001 0.140380025
vt 0.0159140006 0.150547981
vt 0.0404740013 0.136361003
vt 0.246223003 0.140558004
vt 0.265549988 0.157769978
vt 0.326543987 0.241448998
vt 0.0523459986 0.145677984
vt 0.0353379995 0.156316996
vt 0.243011996 0.183411002
vt 0.342676997 0.251627028
vt 0.336297989 0.263978004
vt 0.320279986 0.27264303
vt 0.331757009 0.443845987
vt 0.226410002 0.145639002
vt 0.0659559965 0.152978003
vt 0.0810950026 0.142619014
vt 0.329169005 0.269182026
vt 0.218204007 0.142419994
vt 0.320598006 0.460613012
vt 0.325895011 0.451404989
vt 0.347766012 0.126923025
vt 0.361687988 0.15565902
vt 0.346399993 0.135088027
vt 0.360760003 0.138024986
vt 0.359079987 0.170379996
vt 0.347986013 0.162056029
vt 0.26593399 0.182367027
vt 0.268925011 0.208902001
vt 0.25187701 0.191350996
vt 0.344570994 0.144730985
vt 0.232235998 0.161414027
vt 0.31012699 0.452082992
vt 0.220109999 0.171718001
vt 0.212556005 0.144860983
vt 0.372056007 0.146920025
vt 0.376603991 0.167886972
vt 0.368515998 0.174319983
vt 0.249432996 0.205699027
vt 0.276246011 0.047492981
vt 0.260441989 0.033461988
vt 0.283939004 0.0607270002
vt 0.234410003 0.197282016
vt 0.379572988 0.146948993
vt 0.391555011 0.170463026
vt 0.338423014 0.453696012
vt 0.27729401 0.0395339727
vt 0.291292012 0.057676971
vt 0.295724988 0.0536270142
vt 0.302028 0.0441690087
vt 0.082006 0.0171229839
vt 0.0796059966 0.00867199898
vt 0.0943019986 0.0123000145
vt 0.236394003 0.0241280198
vt 0.241582006 0.0293530226
vt 0.386278987 0.132520974
vt 0.371055007 0.125065029
vt 0.228860006 0.020844996
vt 0.222108006 0.0268030167
vt 0.237718999 0.0204640031
vt 0.245398 0.219502985
vt 0.222535998 0.0138750076
vt 0.358493 0.195815027
vt 0.223877996 0.197319984
vt 0.234561995 0.223307014
vt 0.0719589964 0.0158339739
vt 0.0941379964 0.0216670036
vt 0.105313003 0.0176650286
vt 0.102490999 0.0255380273
vt 0.357771009 0.220592976
vt 0.088154003 0.0269269943
vt 0.091169998 0.0352510214
vt 0.36847201 0.203189015
vt 0.373174012 0.193376005
vt 0.0735850036 0.0274260044
vt 0.378715008 0.181236982
vt 0.0760790035 0.0371999741
vt 0.291646987 0.331179023
vt 0.269962996 0.305603981
vt 0.282474011 0.29174298
vt 0.213639006 0.173871994
vt 0.104856998 0.0348680019
vt 0.277193993 0.342306018
vt 0.0963819996 0.0421879888
vt 0.207737997 0.191007972
vt 0.206349999 0.169327021
vt 0.198881 0.184873998
vt 0.0612559989 0.0362780094
vt 0.0709839985 0.0512179732
vt 0.0839470029 0.047055006
vt 0.0597160012 0.0495920181
vt 0.397653997 0.152839005
vt 0.268395007 0.347652972
vt 0.406937987 0.135232985
vt 0.103247002 0.0451200008
vt 0.0933270007 0.055783987
vt 0.256604999 0.297828972
vt 0.259314001 0.335704029
vt 0.078354001 0.0580319762
vt 0.397605002 0.12372601
vt 0.218514994 0.210317016
vt 0.209271997 0.212177992
vt 0.0969680026 0.0655030012
vt 0.248694003 0.319288015
vt 0.203801006 0.20165199
vt 0.291747004 0.108753026
vt 0.286473989 0.100992978
vt 0.297244996 0.0976589918
vt 0.413161993 0.134261012
vt 0.416732013 0.151884019
vt 0.29529801 0.109733999
vt 0.286927015 0.112067997
vt 0.246070996 0.347791016
vt 0.234942004 0.310061991
vt 0.00967099983 0.160485983
vt 0.425291985 0.149855018
vt 0.0157980006 0.169939995
vt 0.285602003 0.126748979
vt 0.300740987 0.0868890285
vt 0.311215013 0.102019012
vt 0.303660005 0.111485004
vt 0.195126995 0.224285007
vt 0.414236993 0.16772598
vt 0.410982013 0.179849982
vt 0.301840991 0.135684013
vt 0.265507996 0.257574975
vt 0.427565992 0.169224977
vt 0.312220991 0.121546984
vt 0.313538998 0.0849459767
vt 0.315351993 0.0970460176
vt 0.323269993 0.0944650173
vt 0.322737992 0.0813980103
vt 0.333645999 0.0955970287
vt 0.390837997 0.200955987
vt 0.38131699 0.213173985
vt 0.25097999 0.248207986
vt 0.330805987 0.106429994
vt 0.235418007 0.244585991
vt 0.330866992 0.13005501
vt 0.226616994 0.341525018
vt 0.409013003 0.202113986
vt 0.222276002 0.312169015
vt 0.220941007 0.237488985
vt 0.35048601 0.115348995
vt 0.401459992 0.228792012
vt 0.214093998 0.307780981
vt 0.209096998 0.334791005
vt 0.209694996 0.307395995
vt 0.216321006 0.336989999
vt 0.35423699 0.101400018
vt 0.422271013 0.193215013
vt 0.206843004 0.22261399
vt 0.277749002 0.069002986
vt 0.203822002 0.313790023
vt 0.202779993 0.227626026
vt 0.0510590002 0.166890025
vt 0.292737007 0.0787109733
vt 0.0189679991 0.179311991
vt 0.279024005 0.0886620283
vt 0.285127014 0.0923079848
vt 0.304064006 0.324845016
vt 0.298413992 0.356058002
vt 0.309693992 0.358963013
vt 0.0454760008 0.174798012
vt 0.0312529989 0.181712985
vt 0.210580006 0.239566982
vt 0.301678985 0.0676059723
vt 0.0693890005 0.175190985
vt 0.0831269994 0.151247978
vt 0.307356 0.0785679817
vt 0.206099004 0.241581023
vt 0.28303799 0.383019984
vt 0.196380004 0.251025975
vt 0.186375007 0.243493021
vt 0.0480509996 0.188389003
vt 0.278382987 0.104084015
vt 0.074082002 0.193370998
vt 0.278515011 0.111802995
vt 0.0634009987 0.190753996
vt 0.294891 0.384018004
vt 0.309367001 0.0592780113
vt 0.319148988 0.0575079918
vt 0.308293998 0.274402976
vt 0.0467800014 0.0512530208
vt 0.271578997 0.394217014
vt 0.306223005 0.293972015
vt 0.325475991 0.313214004
vt 0.325619996 0.29222101
vt 0.31379801 0.272554994
vt 0.312920988 0.302659988
vt 0.328952014 0.0733060241
vt 0.366272002 0.237968981
vt 0.353415012 0.242054999
vt 0.263354987 0.391444981
vt 0.297818005 0.291925013
vt 0.356539011 0.277236998
vt 0.28620401 0.143311977
vt 0.371421993 0.258611023
vt 0.293669999 0.139845014
vt 0.255686015 0.401961982
vt 0.237789005 0.378674984
vt 0.279583007 0.151646972
vt 0.380228013 0.242556989
vt 0.372648001 0.220556021
vt 0.387100011 0.228347003
vt 0.288365006 0.159996986
vt 0.296481997 0.160645008
vt 0.391128004 0.242076993
vt 0.389191985 0.250810027
vt 0.407779008 0.242980003
vt 0.316468 0.141700029
vt 0.211994007 0.354475021
vt 0.218431994 0.362935007
vt 0.386909992 0.265419006
vt 0.207651004 0.351477027
vt 0.308468014 0.154191971
vt 0.375220001 0.278060019
vt 0.196865007 0.32457298
vt 0.262421012 0.278594971
vt 0.297371 0.183815002
vt 0.311295003 0.169771016
vt 0.393036991 0.265872002
vt 0.288224012 0.17642802
vt 0.282997012 0.173144996
vt 0.275837004 0.181423008
vt 0.201805994 0.352825999
vt 0.184354007 0.360255003
vt 0.182298005 0.316772997
vt 0.344168991 0.285254002
vt 0.285970986 0.190474987
vt 0.337639004 0.290709972
vt 0.333088011 0.306059003
vt 0.171239004 0.348919988
vt 0.167493001 0.322070003
vt 0.354905009 0.307691991
vt 0.308120012 0.319056988
vt 0.335099012 0.160567999
vt 0.320663005 0.167626977
vt 0.328040987 0.150678992
vt 0.325834006 0.32654798
vt 0.313834012 0.323222995
vt 0.229975998 0.372538984
vt 0.333012998 0.318395019
vt 0.348675013 0.324874997
vt 0.367368996 0.299102008
vt 0.204988003 0.377336025
vt 0.220584005 0.382349014
vt 0.391497999 0.290588021
vt 0.38003099 0.296517015
vt 0.212887004 0.383188009
vt 0.240266994 0.26721102
vt 0.367395997 0.324577987
vt 0.208499998 0.395358026
vt 0.197486997 0.369971991
vt 0.380905986 0.330392003
vt 0.394051999 0.311168015
vt 0.230312005 0.271206975
vt 0.200314 0.396237016
vt 0.190246001 0.39073801
vt 0.220322996 0.275709987
vt 0.162845999 0.360077977
vt 0.153366998 0.335941017
vt 0.376511008 0.106049001
vt 0.144449994 0.35464102
vt 0.141060993 0.330058992
vt 0.136531994 0.359372973
vt 0.211172 0.264218986
vt 0.157015994 0.372694016
vt 0.203124002 0.259383023
vt 0.175046995 0.381731987
vt 0.205480993 0.278814018
vt 0.179413006 0.249615014
vt 0.146050006 0.383145988
vt 0.197282001 0.287671983
vt 0.169048995 0.402348995
vt 0.181374997 0.27681601
vt 0.155910999 0.406237006
vt 0.278885007 0.424082994
vt 0.300011009 0.442288995
vt 0.291777015 0.435460985
vt 0.243778005 0.408549011
vt 0.276363999 0.457500994
vt 0.266198009 0.465043008
vt 0.259454012 0.436071992
vt 0.240071997 0.443203986
vt 0.166429996 0.253426015
vt 0.165198997 0.278788984
vt 0.169172004 0.297514021
vt 0.228287995 0.410328984
vt 0.214158997 0.406135976
vt 0.220585003 0.41088599
vt 0.153885007 0.290957987
vt 0.212429002 0.424912989
vt 0.207366005 0.420580983
vt 0.147374004 0.315640986
vt 0.312494993 0.338235021
vt 0.226830006 0.442205012
vt 0.321738988 0.351130009
vt 0.218059003 0.439952016
vt 0.325533003 0.340622008
vt 0.317584008 0.368323028
vt 0.339347005 0.349411011
vt 0.227283999 0.47339499
vt 0.214552 0.447129011
vt 0.195993006 0.415759027
vt 0.329329997 0.353805006
vt 0.182962999 0.425477982
vt 0.326900989 0.371483982
vt 0.173137993 0.431109011
vt 0.161091998 0.433754027
vt 0.203122005 0.446696997
vt 0.208851993 0.450138986
vt 0.19258 0.452278018
vt 0.168945998 0.461804986
vt 0.180334002 0.468671978
vt 0.292760998 0.038771987
vt 0.161197007 0.221539974
vt 0.151889995 0.218125999
vt 0.158500999 0.19174999
vt 0.100381002 0.100597978
vt 0.111364 0.081897974
vt 0.107182004 0.100965977
vt 0.216657996 0.0537999868
vt 0.117719002 0.104780018
vt 0.108208001 0.107650995
vt 0.175410002 0.108192027
vt 0.156802997 0.116064012
vt 0.160345003 0.0950149894
vt 0.167328 0.130728006
vt 0.206524 0.055652976
vt 0.206615999 0.0472769737
vt 0.148842007 0.111986995
vt 0.208912 0.0404300094
vt 0.210077003 0.0313709974
vt 0.127691001 0.065862
vt 0.137263 0.0686479807
vt 0.126799002 0.0815070271
vt 0.203418002 0.0360310078
vt 0.197481006 0.0425570011
vt 0.179567993 0.215112984
vt 0.102622002 0.0751320124
vt 0.185132995 0.0356510282
vt 0.184989005 0.0486710072
vt 0.130546004 0.10987097
vt 0.113541 0.117327988
vt 0.209483996 0.0619390011
vt 0.208180994 0.0711870193
vt 0.115535997 0.0659829974
vt 0.122761004 0.0629829764
vt 0.111819997 0.0548689961
vt 0.169875994 0.212328017
vt 0.202592 0.0665569901
vt 0.118772 0.0800619721
vt 0.196042001 0.0655220151
vt 0.125388995 0.121774971
vt 0.0971420035 0.0879420042
vt 0.212804005 0.091989994
vt 0.110509999 0.140730023
vt 0.0987310037 0.125160992
vt 0.094407998 0.138831973
vt 0.191146001 0.055900991
vt 0.193651006 0.0618910193
vt 0.135638997 0.0837659836
vt 0.190597996 0.0672450066
vt 0.184570998 0.0567190051
vt 0.196127996 0.075830996
vt 0.148365006 0.0761209726
vt 0.192315996 0.0775259733
vt 0.0939899981 0.117829025
vt 0.148427993 0.0915520191
vt 0.186332002 0.0710319877
vt 0.133884996 0.195856988
vt 0.146322995 0.175620019
vt 0.146956995 0.192731023
vt 0.144464001 0.211085975
vt 0.173722997 0.0465630293
vt 0.139312997 0.211443007
vt 0.173708007 0.0617070198
vt 0.133070007 0.216794014
vt 0.155240998 0.0916650295
vt 0.202252001 0.0975189805
vt 0.139991 0.110746026
vt 0.0900150016 0.134994984
vt 0.196033001 0.0991780162
vt 0.147609994 0.125241995
vt 0.189088002 0.0886520147
vt 0.182227999 0.0944949985
vt 0.139754996 0.227819979
vt 0.191236004 0.100969017
vt 0.126577005 0.191513002
vt 0.135511994 0.140573025
vt 0.133500993 0.124055028
vt 0.201438993 0.111652017
vt 0.121247001 0.180176973
vt 0.116994999 0.220782995
vt 0.110147998 0.217804015
vt 0.191133007 0.119152009
vt 0.183180004 0.121969998
vt 0.192041993 0.151522994
vt 0.195053995 0.139795005
vt 0.199001998 0.130822003
vt 0.200944006 0.144791007
vt 0.205790997 0.144411027
vt 0.122483999 0.239369988
vt 0.204686999 0.129114985
vt 0.130371004 0.244691014
vt 0.121858999 0.145365
vt 0.153482005 0.246850014
vt 0.176881 0.145512998
vt 0.108883999 0.167102993
vt 0.147257999 0.246044993
vt 0.130927995 0.159271002
vt 0.113158002 0.181322992
vt 0.161658004 0.154933989
vt 0.169044003 0.162595987
vt 0.208213001 0.0219179988
vt 0.216095001 0.0147770047
vt 0.157759994 0.136111021
vt 0.194405004 0.0276070237
vt 0.199340001 0.0328720212
vt 0.199615002 0.165992022
vt 0.092993997 0.173043013
vt 0.182653993 0.02966398
vt 0.190238997 0.0211439729
vt 0.139065996 0.243255973
vt 0.114445999 0.0261160135
vt 0.211702004 0.0101109743
vt 0.205451995 0.00931602716
vt 0.198927999 0.0149559975
vt 0.120954998 0.030896008
vt 0.118336 0.0430150032
vt 0.187422007 0.164749026
vt 0.127138004 0.0345590115
vt 0.129741997 0.0429930091
vt 0.137044996 0.271030009
vt 0.143009007 0.272171021
vt 0.151792005 0.0420200229
vt 0.138123006 0.0469009876
vt 0.139042005 0.0371360183
vt 0.126458004 0.0513669848
vt 0.153019994 0.0494080186
vt 0.189113006 0.182832003
vt 0.163746998 0.0554389954
vt 0.140187994 0.0554969907
vt 0.136953995 0.171797991
vt 0.175187007 0.179947972
vt 0.151438996 0.147324979
vt 0.142689005 0.144447982
vt 0.148842007 0.151840985
vt 0.162347004 0.0747330189
vt 0.157970995 0.071089983
vt 0.155781999 0.166752994
vt 0.169817001 0.0835899711
vt 0.151611999 0.0595859885
vt 0.0939240009 0.219785988
vt 0.0926569998 0.254711986
vt 0.0869570002 0.157185018
vt 0.112682 0.269546986
vt 0.105754003 0.260441005
vt 0.077358 0.194433987
vt 0.119268999 0.282172978
vt 0.0841379985 0.205833018
vt 0.150557995 0.274249017
vt 0.144808993 0.290996015
vt 0.129853994 0.29382199
vt 0.137720004 0.301258981
vt 0.117560998 0.309881985
vt 0.132620007 0.330926001
vt 0.286722988 0.53569299
vt 0.297006011 0.533995003
vt 0.29835099 0.572560996
vt 0.313724011 0.47220099
vt 0.239473999 0.496195972
vt 0.250140995 0.517738014
vt 0.237324998 0.521423012
vt 0.28797701 0.583849013
vt 0.318484008 0.560119987
vt 0.306515008 0.561549991
vt 0.316870987 0.537865013
vt 0.239902005 0.469923973
vt 0.314440995 0.576907009
vt 0.318089992 0.484820008
vt 0.215094 0.471044004
vt 0.212354004 0.488734007
vt 0.329697996 0.482456982
vt 0.324238002 0.479848981
vt 0.24131 0.611182988
vt 0.241702005 0.590572
vt 0.257937014 0.596536994
vt 0.341697991 0.47161299
vt 0.221934006 0.600946993
vt 0.30925101 0.493746996
vt 0.201594993 0.497494996
vt 0.277455986 0.573103011
vt 0.269450009 0.554926008
vt 0.217802003 0.489947975
vt 0.257539004 0.628587991
vt 0.320246011 0.505084008
vt 0.188465998 0.494134009
vt 0.260751992 0.564334989
vt 0.311019987 0.515543997
vt 0.244081005 0.569379985
vt 0.239207 0.640325993
vt 0.318161994 0.518862993
vt 0.329163998 0.509433001
vt 0.342799991 0.502772987
vt 0.215507001 0.602293998
vt 0.219690993 0.58375901
vt 0.324730992 0.526273996
vt 0.218811005 0.61838001
vt 0.211486995 0.618934989
vt 0.32457 0.554661989
vt 0.220410004 0.504729986
vt 0.26444301 0.587404013
vt 0.217467993 0.630901009
vt 0.213994995 0.507707
vt 0.209965006 0.512881994
vt 0.224072993 0.51740399
vt 0.225916997 0.540311992
vt 0.288924009 0.489582002
vt 0.269735992 0.633314997
vt 0.246530995 0.544586003
vt 0.217599005 0.529157996
vt 0.25573501 0.480386972
vt 0.272496998 0.510619015
vt 0.213834003 0.544173002
vt 0.294250995 0.470866978
vt 0.218546003 0.552473009
vt 0.207057998 0.536096007
vt 0.187644005 0.525779009
vt 0.257580012 0.658349007
vt 0.265345991 0.663444996
vt 0.298083007 0.505194992
vt 0.279776007 0.504996985
vt 0.247141004 0.668909997
vt 0.233546004 0.661132008
vt 0.217023 0.663679987
vt 0.206250995 0.558266997
vt 0.214580998 0.574476987
vt 0.283304989 0.632037997
vt 0.275853008 0.667385012
vt 0.259460986 0.510639995
vt 0.265219986 0.519562989
vt 0.230091006 0.570607007
vt 0.265527993 0.708341986
vt 0.258506 0.686785012
vt 0.232797995 0.689022988
vt 0.206896007 0.58237201
vt 0.237737998 0.704697013
vt 0.207707003 0.598482996
vt 0.308999002 0.595779985
vt 0.25574401 0.723316014
vt 0.292306006 0.627471
vt 0.306374997 0.619587004
vt 0.27473101 0.601060987
vt 0.246165007 0.724330008
vt 0.269459009 0.724065989
vt 0.253717005 0.751652002
vt 0.243746996 0.759982005
vt 0.152600005 0.909107
vt 0.163663 0.915274002
vt 0.157018006 0.916147001
vt 0.164214 0.912508003
vt 0.195161998 0.892213002
vt 0.201128006 0.878885999
vt 0.217178002 0.881309003
vt 0.217730001 0.826048002
vt 0.228560999 0.793550998
vt 0.236490995 0.796868995
vt 0.223425001 0.729265004
vt 0.234298006 0.740729988
vt 0.166042 0.918493003
vt 0.161020994 0.922021002
vt 0.203507006 0.910237998
vt 0.214515001 0.794075996
vt 0.214011997 0.820170999
vt 0.211426005 0.808753997
vt 0.224537 0.9811
vt 0.214024007 0.988484
vt 0.207662001 0.980691999
vt 0.215048 0.973378999
vt 0.225326002 0.989159
vt 0.189582005 0.893027999
vt 0.192359 0.877681002
vt 0.195831001 0.877308004
vt 0.147624999 0.915786996
vt 0.185259998 0.892995
vt 0.209800005 0.853327006
vt 0.206681997 0.848625004
vt 0.222522005 0.846241996
vt 0.233689994 0.753783002
vt 0.183212996 0.905818
vt 0.238100007 0.984356999
vt 0.235401005 0.980036
vt 0.216840997 0.856621996
vt 0.233174995 0.857167006
vt 0.224118993 0.870568007
vt 0.213825002 0.748486996
vt 0.202908993 0.860599995
vt 0.203227997 0.848887995
vt 0.198884994 0.858979002
vt 0.205522001 0.92554
vt 0.201215997 0.922307998
vt 0.208901003 0.917985998
vt 0.182491004 0.913457997
vt 0.182992995 0.890234001
vt 0.245552003 0.784511
vt 0.220734 0.924653001
vt 0.219217002 0.903187998
vt 0.232742995 0.908927999
vt 0.191254005 0.869941995
vt 0.215504006 0.899598002
vt 0.212262005 0.785665005
vt 0.212983996 0.764920995
vt 0.227585003 0.777117997
vt 0.220347002 0.884681001
vt 0.213251993 0.932821997
vt 0.257034004 0.775650993
vt 0.262044996 0.757061005
vt 0.227831006 0.875450999
vt 0.236776993 0.863142997
vt 0.228354007 0.885721996
vt 0.188143998 0.916451
vt 0.223663002 0.928156003
vt 0.219366997 0.937197998
vt 0.223840997 0.935519002
vt 0.198147997 0.925835997
vt 0.193948001 0.927262001
vt 0.195559993 0.921131998
vt 0.194757 0.932236001
vt 0.188264996 0.928400002
vt 0.198678002 0.930701002
vt 0.201874003 0.929109
vt 0.177874997 0.912378997
vt 0.176189005 0.909787998
vt 0.176473007 0.916919
vt 0.189236999 0.937644999
vt 0.172314003 0.915326998
vt 0.176743999 0.920727
vt 0.172643006 0.919197999
vt 0.207675993 0.935286
vt 0.185670003 0.922293998
vt 0.180326 0.919693999
vt 0.183881 0.924786001
vt 0.203168005 0.937731002
vt 0.205988005 0.938026998
vt 0.195922002 0.942740001
vt 0.204964995 0.945760999
vt 0.179768994 0.926495999
vt 0.173776999 0.924640998
vt 0.210729003 0.969691001
vt 0.205668002 0.989691
vt 0.233250007 0.975591
vt 0.229082003 0.962599002
vt 0.223973006 0.959095001
vt 0.169633001 0.905052997
vt 0.179101005 0.881433003
vt 0.214552 0.941472001
vt 0.215477005 0.947307002
vt 0.164700001 0.884853996
vt 0.160316005 0.904168002
vt 0.221285999 0.940795999
vt 0.217750996 0.9465
vt 0.221037999 0.950297002
vt 0.213475004 0.956634998
vt 0.0581480004 0.234216988
vt 0.0470519997 0.252346992
vt 0.0435520001 0.234821975
vt 0.417037994 0.372843027
vt 0.428164989 0.367192984
vt 0.420168996 0.397975028
vt 0.145085007 0.453969002
vt 0.132687002 0.481289983
vt 0.133348003 0.455259979
vt 0.43472901 0.165354013
vt 0.070524998 0.236935019
vt 0.0635479987 0.26988399
vt 0.0651910007 0.236746013
vt 0.432660013 0.147780001
vt 0.44136399 0.155780971
vt 0.0547709987 0.273402989
vt 0.122909002 0.500667006
vt 0.117195003 0.43404597
vt 0.127143994 0.441290975
vt 0.119557001 0.460509002
vt 0.0685990006 0.275672972
vt 0.0795089975 0.239943981
vt 0.0760570019 0.275367975
vt 0.392197013 0.403042018
vt 0.397570014 0.380236983
vt 0.397653997 0.416912019
vt 0.110386997 0.430694997
vt 0.103266999 0.461126029
vt 0.423278987 0.174179018
vt 0.402655005 0.394303024
vt 0.405644 0.371811986
vt 0.43355599 0.199624002
vt 0.409072012 0.389990985
vt 0.412514001 0.363669991
vt 0.111381002 0.496003985
vt 0.452517986 0.170638025
vt 0.403641999 0.415010989
vt 0.455356002 0.206057012
vt 0.456880003 0.187904
vt 0.465317011 0.347095013
vt 0.454331994 0.357578993
vt 0.458586007 0.323136985
vt 0.430936992 0.394722998
vt 0.440436006 0.202434003
vt 0.446556002 0.211956024
vt 0.427787989 0.210272014
vt 0.0834409967 0.309720993
vt 0.435638011 0.383386016
vt 0.462655991 0.374984026
vt 0.0958279967 0.282303989
vt 0.471269995 0.375057995
vt 0.471500993 0.338726997
vt 0.472532988 0.357383013
vt 0.479737014 0.360853016
vt 0.480892986 0.338129997
vt 0.471266001 0.193365991
vt 0.494940996 0.228605986
vt 0.483788997 0.231543005
vt 0.456308007 0.388494015
vt 0.421810001 0.420296013
vt 0.493066013 0.366796017
vt 0.0192809999 0.199715972
vt 0.0320330001 0.26621002
vt 0.376385987 0.406351984
vt 0.386357993 0.38270098
vt 0.382490009 0.433511019
vt 0.508859992 0.272846997
vt 0.0324559994 0.203853011
vt 0.468481004 0.386970997
vt 0.0460000001 0.311408997
vt 0.482392013 0.382157981
vt 0.361831009 0.420361996
vt 0.0575320013 0.305377007
vt 0.496775001 0.278594971
vt 0.493104011 0.391511023
vt 0.0417720005 0.21638602
vt 0.497779012 0.346213996
vt 0.0640240014 0.297574997
vt 0.0255670007 0.228838027
vt 0.44264999 0.291552007
vt 0.431753993 0.292680025
vt 0.426488996 0.27659899
vt 0.508849978 0.371358991
vt 0.515694022 0.335516989
vt 0.44640401 0.276453018
vt 0.456236988 0.296806991
vt 0.457379013 0.282801986
vt 0.0688150004 0.208150029
vt 0.447470993 0.257215023
vt 0.365294993 0.451611996
vt 0.467050999 0.294767976
vt 0.461466014 0.269420981
vt 0.464625001 0.306333005
vt 0.0732799992 0.216561019
vt 0.445410997 0.324214995
vt 0.411462009 0.270793021
vt 0.520823002 0.368386984
vt 0.463301003 0.317995012
vt 0.472887993 0.264602005
vt 0.397938997 0.281046987
vt 0.480805993 0.29738301
vt 0.483155996 0.257709026
vt 0.384389997 0.459945977
vt 0.491694987 0.305639029
vt 0.466266006 0.408730984
vt 0.419111013 0.254194021
vt 0.397533 0.302519977
vt 0.51979202 0.310761988
vt 0.395164013 0.438000977
vt 0.483873993 0.394384027
vt 0.404909998 0.445679009
vt 0.445600986 0.344446003
vt 0.410443991 0.435366988
vt 0.414801002 0.302008986
vt 0.475111991 0.414188981
vt 0.400660992 0.315557003
vt 0.0732130036 0.309480011
vt 0.506151974 0.39536202
vt 0.391689986 0.330201983
vt 0.104277 0.300167024
vt 0.420736998 0.441227973
vt 0.397374004 0.327664018
vt 0.100561999 0.328208029
vt 0.123397999 0.339820981
vt 0.116728 0.328939021
vt 0.403124988 0.332855999
vt 0.416709989 0.324760973
vt 0.535565019 0.394932985
vt 0.398185015 0.463477015
vt 0.106950998 0.350458026
vt 0.497020006 0.414721012
vt 0.116866998 0.368938982
vt 0.397960991 0.344685972
vt 0.40208599 0.343582988
vt 0.524097979 0.428179979
vt 0.422190994 0.340701997
vt 0.422841012 0.310056984
vt 0.521934986 0.272804022
vt 0.482264012 0.413452029
vt 0.444025993 0.364485025
vt 0.531960011 0.306276977
vt 0.434843987 0.333122015
vt 0.513363004 0.429836988
vt 0.0615659989 0.344743013
vt 0.447281003 0.38973701
vt 0.0539150015 0.342965007
vt 0.535247982 0.331080973
vt 0.0658790022 0.316869974
vt 0.547426999 0.336335003
vt 0.545530975 0.322786987
vt 0.0669550002 0.356289029
vt 0.0634829998 0.368260026
vt 0.43353799 0.349420011
vt 0.544035017 0.359050989
vt 0.0683270022 0.386201024
vt 0.0669130012 0.330527008
vt 0.414276004 0.226496994
vt 0.432428986 0.238334
vt 0.0660839975 0.394931972
vt 0.435957015 0.406889021
vt 0.551917017 0.367560029
vt 0.446227998 0.412217975
vt 0.0762970001 0.352967978
vt 0.440057993 0.226608992
vt 0.444364995 0.223383009
vt 0.456564993 0.419130027
vt 0.0902649984 0.361172974
vt 0.436361015 0.261529982
vt 0.0743110031 0.389725029
vt 0.071010001 0.412162006
vt 0.430925012 0.426272988
vt 0.550049007 0.396802008
vt 0.555800021 0.385017991
vt 0.439603001 0.431541026
vt 0.556994975 0.407993972
vt 0.477079988 0.31863898
vt 0.488905013 0.322865009
vt 0.467923999 0.227226019
vt 0.445410013 0.433894992
vt 0.450816989 0.250334024
vt 0.456331015 0.237414002
vt 0.0687519982 0.429234982
vt 0.0755890012 0.431950986
vt 0.0839959979 0.390453994
vt 0.0772629976 0.406081021
vt 0.0855680034 0.416851997
vt 0.455879003 0.460402012
vt 0.432089001 0.460385025
vt 0.412205011 0.470826983
vt 0.469880015 0.437448978
vt 0.431134999 0.475584984
vt 0.475423992 0.432501018
vt 0.482715994 0.438825011
vt 0.38962999 0.367905021
vt 0.493277013 0.438938022
vt 0.478691012 0.449467003
vt 0.439112991 0.470202029
vt 0.474045992 0.45590198
vt 0.452381998 0.486401021
vt 0.506105006 0.443297029
vt 0.126856998 0.36838901
vt 0.523483992 0.469316006
vt 0.137190998 0.39191699
vt 0.480075002 0.480121017
vt 0.143760994 0.418968022
vt 0.484854013 0.459394991
vt 0.126341999 0.411318004
vt 0.47319901 0.486710012
vt 0.136231005 0.42979598
vt 0.485956013 0.478211999
vt 0.496852994 0.463366985
vt 0.105265997 0.402197003
vt 0.097236 0.403526008
vt 0.508804977 0.490490019
vt 0.498277009 0.490629971
vt 0.535501003 0.444019973
vt 0.114730999 0.403311014
vt 0.54795903 0.437250018
vt 0.56140399 0.453202009
vt 0.563928008 0.445325017
vt 0.0913290009 0.451133013
vt 0.148490995 0.432183981
vt 0.15399 0.455281019
vt 0.0830309987 0.464738011
vt 0.0757249966 0.463786006
vt 0.100321002 0.433301985
vt 0.0919099972 0.480957985
vt 0.100001 0.481675982
vt 0.163337007 0.486406982
vt 0.150429994 0.47578299
vt 0.146786004 0.484848976
vt 0.0731559992 0.471045971
vt 0.0762540027 0.492848992
vt 0.0850329995 0.495078981
vt 0.542105019 0.467266023
vt 0.556702018 0.485769987
vt 0.544996023 0.506318986
vt 0.0736680031 0.506936997
vt 0.563241005 0.484395027
vt 0.501917005 0.540215999
vt 0.519034028 0.526329011
vt 0.510834992 0.564307988
vt 0.487307996 0.716340989
vt 0.47211501 0.71705699
vt 0.487325013 0.681546003
vt 0.362264007 0.496986985
vt 0.356279999 0.686385989
vt 0.345209986 0.701375991
vt 0.334533006 0.685328007
vt 0.101934001 0.509400994
vt 0.111579999 0.532875001
vt 0.459212989 0.734205008
vt 0.463115007 0.710382015
vt 0.370876998 0.710599989
vt 0.373068988 0.483735979
vt 0.0938000008 0.504373997
vt 0.0343459994 0.693859011
vt 0.0353239998 0.657575995
vt 0.0446849987 0.681953013
vt 0.0262780003 0.683402002
vt 0.0927769989 0.535178989
vt 0.0823149979 0.535109997
vt 0.216754004 0.679560989
vt 0.212180004 0.670549005
vt 0.121464998 0.538268
vt 0.216619998 0.694173992
vt 0.287225008 0.70076701
vt 0.279233992 0.689090014
vt 0.296135008 0.668348014
vt 0.103347003 0.548637986
vt 0.0592699982 0.688555986
vt 0.0425200015 0.713993013
vt 0.355082989 0.532456011
vt 0.0215659998 0.706162006
vt 0.388723999 0.484932005
vt 0.397100002 0.48942399
vt 0.403510004 0.488259971
vt 0.532305002 0.500849009
vt 0.0161220003 0.687377006
vt 0.00960899983 0.706265002
vt 0.449609995 0.712271005
vt 0.454268992 0.716989994
vt 0.444799989 0.724994987
vt 0.435707986 0.745157003
vt 0.427599013 0.728264004
vt 0.400638014 0.508666992
vt 0.555045009 0.54580301
vt 0.559704006 0.515882999
vt 0.420365006 0.740806013
vt 0.382425994 0.508587003
vt 0.371324986 0.532858998
vt 0.538610995 0.54775399
vt 0.452333987 0.740175009
vt 0.394093007 0.513509005
vt 0.384667993 0.657173991
vt 0.368979007 0.640320003
vt 0.388348997 0.627232999
vt 0.391902 0.534429014
vt 0.469834 0.743378013
vt 0.395868987 0.642212987
vt 0.402583003 0.539929003
vt 0.402687013 0.619424999
vt 0.40814501 0.634328991
vt 0.402801991 0.652749985
vt 0.329953998 0.53452301
vt 0.457096994 0.763148993
vt 0.00925500039 0.722128004
vt 0.0164420009 0.715353996
vt 0.0751330033 0.532629013
vt 0.446341991 0.746533006
vt 0.39597699 0.659388006
vt 0.337767988 0.548626006
vt 0.444777995 0.603621989
vt 0.433871001 0.613453001
vt 0.437279999 0.581579
vt 0.423051 0.608987004
vt 0.423345 0.632562995
vt 0.410259992 0.618277997
vt 0.444974989 0.763192996
vt 0.435853004 0.768765002
vt 0.524797022 0.562947005
vt 0.443426996 0.624920994
vt 0.0257639997 0.733016998
vt 0.0172620006 0.733366996
vt 0.543125987 0.57069999
vt 0.0398029983 0.739868999
vt 0.330794007 0.56616199
vt 0.432790995 0.640392989
vt 0.320695996 0.580763012
vt 0.326344997 0.579477996
vt 0.0651480034 0.538542002
vt 0.0739189982 0.551461995
vt 0.347169995 0.56990099
vt 0.409538001 0.623598009
vt 0.336953998 0.584684014
vt 0.0915710032 0.566772997
vt 0.408820987 0.647608995
vt 0.439274997 0.787425995
vt 0.314938992 0.71270901
vt 0.30972901 0.709726989
vt 0.315827012 0.695614994
vt 0.309854001 0.689193994
vt 0.302203 0.724920988
vt 0.301027 0.698725998
vt 0.467395008 0.566635013
vt 0.453227013 0.554419011
vt 0.465433002 0.53836301
vt 0.417571992 0.653982013
vt 0.368589014 0.561533004
vt 0.381182998 0.553517997
vt 0.32297799 0.701198012
vt 0.450668007 0.580496997
vt 0.437227011 0.558526009
vt 0.45916 0.578218013
vt 0.393620014 0.553225011
vt 0.446687996 0.65466401
vt 0.337696999 0.72746101
vt 0.357688993 0.582955003
vt 0.464123994 0.600079
vt 0.433802992 0.662842989
vt 0.419254988 0.661017001
vt 0.31852299 0.730632991
vt 0.110509001 0.556849986
vt 0.385134995 0.576485991
vt 0.0984629989 0.585186005
vt 0.353715986 0.727860004
vt 0.0695820004 0.622597992
vt 0.0729309991 0.608725995
vt 0.0754429996 0.616676986
vt 0.422854006 0.496730983
vt 0.410670996 0.496472001
vt 0.406789988 0.508477002
vt 0.0563080013 0.64913699
vt 0.0580289997 0.615803003
vt 0.0828199983 0.571774006
vt 0.353020012 0.747848988
vt 0.435618013 0.499243975
vt 0.368292004 0.671330005
vt 0.0894519985 0.606788993
vt 0.293969989 0.698740005
vt 0.294833004 0.730401009
vt 0.0638149977 0.577252001
vt 0.0735139996 0.570129991
vt 0.283832997 0.734120011
vt 0.374650002 0.68818599
vt 0.412752002 0.524302989
vt 0.55321902 0.58377701
vt 0.0739329979 0.587673992
vt 0.0822660029 0.586930007
vt 0.272953004 0.743683994
vt 0.424093992 0.525932997
vt 0.437316 0.512959987
vt 0.388222992 0.685191005
vt 0.53924799 0.61304
vt 0.401942015 0.666180998
vt 0.0510420017 0.595952988
vt 0.393000007 0.694119006
vt 0.400620013 0.678368986
vt 0.284105986 0.754793003
vt 0.447614014 0.513785988
vt 0.0838539973 0.622896999
vt 0.306019992 0.72952199
vt 0.445385009 0.538621992
vt 0.470615 0.50661999
vt 0.304683 0.746170014
vt 0.296402007 0.755336002
vt 0.436807007 0.537676007
vt 0.379947007 0.696833998
vt 0.291961014 0.75248
vt 0.345387012 0.601595998
vt 0.373070002 0.603848994
vt 0.410715997 0.540257007
vt 0.382290989 0.712567002
vt 0.363316 0.616180986
vt 0.404852986 0.563318014
vt 0.420356005 0.545249999
vt 0.386662006 0.592148989
vt 0.410733998 0.555072993
vt 0.390139997 0.710570008
vt 0.397112995 0.577802002
vt 0.319525987 0.763919994
vt 0.397271007 0.603625
vt 0.396198004 0.617859006
vt 0.418056995 0.677150995
vt 0.422921002 0.576276004
vt 0.404545993 0.590070993
vt 0.409639001 0.581005007
vt 0.412616998 0.589280993
vt 0.304037988 0.771985993
vt 0.410935014 0.607116014
vt 0.270321995 0.768903002
vt 0.435759991 0.679360986
vt 0.428599 0.684516996
vt 0.413863987 0.691913009
vt 0.276565999 0.785842001
vt 0.289222002 0.775325999
vt 0.258985013 0.794827998
vt 0.396752 0.701931
vt 0.317835003 0.607383013
vt 0.323801011 0.608090997
vt 0.169423997 0.510246009
vt 0.415850013 0.708878011
vt 0.292519987 0.787824005
vt 0.330467999 0.605271012
vt 0.400676996 0.721682996
vt 0.387764007 0.722779006
vt 0.318554997 0.628385007
vt 0.322524011 0.632122993
vt 0.328177005 0.750061005
vt 0.313223988 0.628921986
vt 0.171648994 0.53470701
vt 0.429524004 0.702888995
vt 0.151788995 0.515605986
vt 0.414234012 0.726514995
vt 0.327003002 0.638936996
vt 0.350955993 0.619652987
vt 0.339341015 0.636399001
vt 0.154550001 0.537032008
vt 0.143483996 0.513134003
vt 0.131981999 0.51235199
vt 0.479461014 0.540600002
vt 0.489939988 0.536208004
vt 0.486286014 0.545635998
vt 0.336870015 0.764236003
vt 0.357905 0.639598995
vt 0.335646987 0.781423002
vt 0.325922996 0.793092996
vt 0.475838989 0.571440995
vt 0.473816991 0.541687012
vt 0.132697001 0.535416991
vt 0.479903013 0.566534996
vt 0.282490999 0.787787005
vt 0.195534006 0.61017701
vt 0.183970004 0.609811991
vt 0.185900003 0.545437992
vt 0.282447994 0.795092002
vt 0.485998005 0.577089012
vt 0.188189 0.564985007
vt 0.290899009 0.797262996
vt 0.202320993 0.631531
vt 0.492982 0.589006007
vt 0.171162993 0.561935008
vt 0.302691013 0.796650007
vt 0.215669006 0.63775
vt 0.210309997 0.655916005
vt 0.160387993 0.555806011
vt 0.317609996 0.795939997
vt 0.309038013 0.661206007
vt 0.313425988 0.662171006
vt 0.323835999 0.657819003
vt 0.318688989 0.660387009
vt 0.180940002 0.586014003
vt 0.335117996 0.654814988
vt 0.304652989 0.809356004
vt 0.471311986 0.588607997
vt 0.287191987 0.66317901
vt 0.168424994 0.588652015
vt 0.176139995 0.610356987
vt 0.479184985 0.605233997
vt 0.474684 0.599848986
vt 0.472766995 0.61390999
vt 0.321787 0.808054999
vt 0.477169007 0.49988699
vt 0.487307012 0.509413987
vt 0.319534987 0.68008399
vt 0.310021013 0.819580004
vt 0.325080991 0.682327002
vt 0.484416008 0.604288995
vt 0.493824989 0.610863
vt 0.325289011 0.816875994
vt 0.481635004 0.516467988
vt 0.476402014 0.519299001
vt 0.496266007 0.515302986
vt 0.513285995 0.599976003
vt 0.483242989 0.625882
vt 0.370727003 0.737495989
vt 0.509504974 0.51929
vt 0.355049014 0.662844002
vt 0.378167987 0.729272991
vt 0.381541997 0.736501992
vt 0.525312006 0.596406996
vt 0.368184 0.756357998
vt 0.359299004 0.760183007
vt 0.371535003 0.758349001
vt 0.383397013 0.752912
vt 0.510892987 0.628966004
vt 0.390592009 0.738599986
vt 0.403304994 0.741158009
vt 0.516213 0.646551996
vt 0.455761999 0.628331989
vt 0.469318002 0.625645012
vt 0.413881004 0.757157996
vt 0.348280013 0.770799994
vt 0.472189993 0.64477101
vt 0.342040002 0.791984007
vt 0.496580005 0.647092998
vt 0.356339008 0.777998999
vt 0.463063985 0.642398
vt 0.477355003 0.645981997
vt 0.364371985 0.777046993
vt 0.37510401 0.764308006
vt 0.351628006 0.790886998
vt 0.484816015 0.665068001
vt 0.359614998 0.791425005
vt 0.389090002 0.761994004
vt 0.446105987 0.682944
vt 0.397085994 0.776785001
vt 0.461239994 0.660674989
vt 0.420518011 0.775009006
vt 0.408418 0.785644993
vt 0.458548009 0.677067012
vt 0.469630003 0.670956999
vt 0.380073011 0.776779994
vt 0.476929992 0.670497
vt 0.460256994 0.693379998
vt 0.377048999 0.788587004
vt 0.469397992 0.695053011
vt 0.391730011 0.795682997
vt 0.501213014 0.678683013
vt 0.374623001 0.812002003
vt 0.376902997 0.798623994
vt 0.386456996 0.814658001
vt 0.40169701 0.803197995
vt 0.0457720011 0.632640988
vt 0.0388109982 0.621894985
vt 0.394652992 0.825230002
vt 0.516501009 0.671324015
vt 0.334248006 0.804869995
vt 0.33811301 0.812821999
vt 0.326716989 0.826061994
vt 0.505020976 0.700141996
vt 0.356577992 0.803464994
vt 0.364670992 0.809309006
vt 0.353067994 0.818835005
vt 0.350234985 0.826475993
vt 0.364661008 0.824594006
vt 0.374114007 0.831836998
vt 0.447252005 0.700217992
vt 0.442586005 0.69491601
vt 0.431977987 0.766413003
vt 0.436668992 0.711618006
vt 0.41960001 0.790306002
vt 0.448246986 0.815681994
vt 0.43899101 0.807815
vt 0.449957997 0.795509994
vt 0.446337014 0.789964005
vt 0.429877013 0.804602996
vt 0.412948012 0.791391999
vt 0.427940995 0.790865004
vt 0.420722008 0.809080005
vt 0.429327011 0.818108007
vt 0.405993998 0.811480999
vt 0.412018001 0.810065001
vt 0.410266995 0.827452004
vt 0.400375992 0.830605
vt 0.393501014 0.830397993
vt 0.0784490034 0.733009994
vt 0.0864970013 0.742213994
vt 0.0968919992 0.761695996
vt 0.109093003 0.636326998
vt 0.117337003 0.631958991
vt 0.116068996 0.673637986
vt 0.143976003 0.542921007
vt 0.0748410001 0.747776985
vt 0.170252994 0.811703995
vt 0.154823005 0.790790007
vt 0.168457001 0.787138
vt 0.0834269971 0.768529996
vt 0.138201997 0.677199006
vt 0.128649995 0.658427
vt 0.140743002 0.646320999
vt 0.0627869964 0.749673992
vt 0.132670999 0.567158997
vt 0.160577998 0.820932999
vt 0.413906991 0.849742994
vt 0.417897999 0.862628996
vt 0.403153002 0.871237993
vt 0.172501996 0.828636006
vt 0.105576999 0.666859001
vt 0.161432996 0.829613
vt 0.398526996 0.845204994
vt 0.417062014 0.836132005
vt 0.151345998 0.564814001
vt 0.123985998 0.692658991
vt 0.392051995 0.857586995
vt 0.131171003 0.695210993
vt 0.159917995 0.584885001
vt 0.143573001 0.794174999
vt 0.143898994 0.576312006
vt 0.384903014 0.829627007
vt 0.150498003 0.823260993
vt 0.379180014 0.838370994
vt 0.383112013 0.839721993
vt 0.135251001 0.803819999
vt 0.0964640006 0.629914999
vt 0.143534005 0.824167997
vt 0.0867120028 0.646593004
vt 0.382068008 0.856702
vt 0.383560985 0.847075999
vt 0.259209991 0.811230004
vt 0.148431003 0.597761005
vt 0.167310998 0.613682985
vt 0.269302994 0.806464002
vt 0.0772330016 0.645880997
vt 0.163122997 0.628188998
vt 0.152868003 0.624421
vt 0.247077003 0.805252001
vt 0.0971660018 0.805240005
vt 0.0855709985 0.798079997
vt 0.100179002 0.789969996
vt 0.136953995 0.597663999
vt 0.072077997 0.657065988
vt 0.0960120037 0.669297993
vt 0.138866007 0.621275991
vt 0.0795809999 0.784694999
vt 0.129702002 0.599956006
vt 0.0898139998 0.681997001
vt 0.250999004 0.829622999
vt 0.387062997 0.872396007
vt 0.371068001 0.868465006
vt 0.260807991 0.818416998
vt 0.105544999 0.708326995
vt 0.274989992 0.813189
vt 0.120637 0.566949993
vt 0.257764012 0.830106005
vt 0.269811988 0.82841
vt 0.0773079991 0.667044997
vt 0.281677991 0.817728996
vt 0.373697996 0.885715
vt 0.073296003 0.674751014
vt 0.108180001 0.588683009
vt 0.116443001 0.606361985
vt 0.0785510018 0.693120986
vt 0.283463001 0.826100007
vt 0.144720003 0.693255007
vt 0.146330997 0.770100996
vt 0.136702999 0.772788003
vt 0.145077005 0.743786991
vt 0.229866996 0.822877005
vt 0.240245998 0.827015996
vt 0.131274998 0.717943013
vt 0.142022997 0.725901008
vt 0.116680004 0.697485
vt 0.127690002 0.786255002
vt 0.118680999 0.729687989
vt 0.226775005 0.836309999
vt 0.127492994 0.769766003
vt 0.12455 0.747007012
vt 0.118583001 0.774516001
vt 0.242920995 0.841471002
vt 0.188223004 0.635545999
vt 0.254599005 0.842461005
vt 0.118837997 0.787551001
vt 0.110056996 0.767975003
vt 0.111823998 0.780188993
vt 0.103161 0.774915993
vt 0.113834001 0.794848993
vt 0.244556993 0.846191004
vt 0.112645 0.747159004
vt 0.179322004 0.646667004
vt 0.170187995 0.642574996
vt 0.268279999 0.848412007
vt 0.127744004 0.803755
vt 0.199928999 0.671777993
vt 0.246627003 0.852476999
vt 0.125232995 0.805360004
vt 0.133543 0.819608003
vt 0.121749997 0.810623005
vt 0.0855579972 0.700201988
vt 0.258392006 0.857539997
vt 0.350721002 0.908491999
vt 0.336443007 0.909390002
vt 0.349606007 0.886150002
vt 0.255259007 0.863244995
vt 0.143297002 0.830459997
vt 0.081472002 0.716289997
vt 0.0661770031 0.70817101
vt 0.174682006 0.670702994
vt 0.185202003 0.674917996
vt 0.0990689993 0.718212008
vt 0.266117007 0.866765007
vt 0.274300992 0.859197006
vt 0.0942389965 0.732003003
vt 0.363002002 0.892342001
vt 0.106861003 0.810883999
vt 0.275335997 0.864638001
vt 0.269486994 0.872263998
vt 0.157795995 0.649753988
vt 0.149986997 0.645716012
vt 0.0550240017 0.717941999
vt 0.31972599 0.827886999
vt 0.324779987 0.833546996
vt 0.295446008 0.827393994
vt 0.333498001 0.831455007
vt 0.328105986 0.841710001
vt 0.308452994 0.829878002
vt 0.346760988 0.829587996
vt 0.166089997 0.674071014
vt 0.10244 0.758112997
vt 0.0908479989 0.738101006
vt 0.347364008 0.838501006
vt 0.104099996 0.747170001
vt 0.283713013 0.853899002
vt 0.297812015 0.839420006
vt 0.173850998 0.689999998
vt 0.158806995 0.682924986
vt 0.148971006 0.676263005
vt 0.341246009 0.853171006
vt 0.330738008 0.860396996
vt 0.356386006 0.844616994
vt 0.33614099 0.864642993
vt 0.320771992 0.871172994
vt 0.309078008 0.842361003
vt 0.299172014 0.843875006
vt 0.329061002 0.877568997
vt 0.312685013 0.886191003
vt 0.310716987 0.881431997
vt 0.339933008 0.875214003
vt 0.318275988 0.888242997
vt 0.333081007 0.871950999
vt 0.210205004 0.679013997
vt 0.212763995 0.687887013
vt 0.206982002 0.695982993
vt 0.360724002 0.875260003
vt 0.195677996 0.702277988
vt 0.285468996 0.861387998
vt 0.212092996 0.698677003
vt 0.279231995 0.882661
vt 0.0488200001 0.752436996
vt 0.350618988 0.858875006
vt 0.296754986 0.880758002
vt 0.303191006 0.876020998
vt 0.34057799 0.870921001
vt 0.309112996 0.860421002
vt 0.179582998 0.698531985
vt 0.208278 0.749114007
vt 0.213551 0.739526004
vt 0.317528993 0.853496999
vt 0.187797993 0.708086997
vt 0.206180006 0.761338994
vt 0.356895 0.866990998
vt 0.208496004 0.774981007
vt 0.192898005 0.744195998
vt 0.181540996 0.724581987
vt 0.174388006 0.723778009
vt 0.213323995 0.714861989
vt 0.210520998 0.819598004
vt 0.208272994 0.728332013
vt 0.201394007 0.805033997
vt 0.209331006 0.794863001
vt 0.214221999 0.725555003
vt 0.194253996 0.788647994
vt 0.197565004 0.848851994
vt 0.195084006 0.837338001
vt 0.202566996 0.832414001
vt 0.187145993 0.748320997
vt 0.179596007 0.780581996
vt 0.174924001 0.762465
vt 0.181479007 0.748757988
vt 0.189936996 0.823997006
vt 0.189618006 0.841125995
vt 0.189150006 0.849617004
vt 0.179634005 0.827335
vt 0.179002002 0.843337998
vt 0.368692011 0.841414005
vt 0.370460004 0.850566
vt 0.360188007 0.850300997
vt 0.209121004 0.803838998
vt 0.166246995 0.839708999
vt 0.18964 0.859341994
vt 0.167876005 0.722384989
vt 0.167178005 0.747002006
vt 0.161904007 0.758187994
vt 0.178082004 0.860192001
vt 0.157651007 0.705235004
vt 0.195718005 0.818690002
vt 0.206807002 0.811969995
vt 0.202657998 0.819184005
vt 0.167418003 0.863938004
vt 0.159262002 0.734095007
vt 0.167155996 0.848095
vt 0.168907002 0.856867999
vt 0.372460008 0.856218994
vt 0.150847003 0.711903006
vt 0.184359998 0.809511006
vt 0.161252007 0.854508996
vt 0.157642007 0.856005996
vt 0.155515 0.868845999
vt 0.358146995 0.860152006
vt 0.240143001 0.867280006
vt 0.152996004 0.733925998
vt 0.156908005 0.772545993
vt 0.250827998 0.882361002
vt 0.241888002 0.893092997
vt 0.129907995 0.631682009
vt 0.321040988 0.895314999
vt 0.241938993 0.901987001
vt 0.320430994 0.909956001
vt 0.256805003 0.881853998
vt 0.258920014 0.885119997
vt 0.263101995 0.890688002
vt 0.248291001 0.907416001
vt 0.243137002 0.907444999
vt 0.267711014 0.909158997
vt 0.158549994 0.879793003
vt 0.149803996 0.899511002
vt 0.153310001 0.863179997
vt 0.149536997 0.876487002
vt 0.145230994 0.904060997
vt 0.141396999 0.897255003
vt 0.143965006 0.906717002
vt 0.251157999 0.924526997
vt 0.144361004 0.909751996
vt 0.259561002 0.921806
vt 0.244131997 0.973019
vt 0.139238998 0.902742997
vt 0.149471 0.882830001
vt 0.158087999 0.838183999
vt 0.145266995 0.882120997
vt 0.277714014 0.946828
vt 0.272392005 0.952755999
vt 0.270072013 0.951032002
vt 0.151959002 0.832267001
vt 0.284786999 0.933868997
vt 0.271611005 0.943925001
vt 0.153669998 0.840335995
vt 0.307334989 0.918587998
vt 0.299181998 0.914144002
vt 0.306937993 0.914991997
vt 0.149321005 0.838009
vt 0.261945993 0.934129998
vt 0.275121987 0.931896999
vt 0.261433989 0.963753
vt 0.312058002 0.914696999
vt 0.318410993 0.914415002
vt 0.139348999 0.830936
vt 0.253495991 0.957006998
vt 0.263936013 0.968017001
vt 0.138380006 0.910368003
vt 0.257995993 0.973975001
vt 0.249902993 0.977899
vt 0.251691014 0.973875999
vt 0.254741997 0.970961001
vt 0.306515008 0.887535997
vt 0.251982003 0.966076002
vt 0.246539995 0.969136
vt 0.249368995 0.966823
vt 0.301528007 0.893293001
vt 0.140618995 0.912266999
vt 0.245516002 0.980384
vt 0.295152992 0.896352999
vt 0.158420995 0.849016994
vt 0.232604995 0.917007998
vt 0.29787299 0.924209997
vt 0.29234001 0.928057998
vt 0.290459007 0.926785
vt 0.289498001 0.920845002
vt 0.297205001 0.920469001
vt 0.241534993 0.916500002
vt 0.156018004 0.845954999
vt 0.227522999 0.927169003
vt 0.302006006 0.921065003
vt 0.233803004 0.923224002
vt 0.291745991 0.885323003
vt 0.276973993 0.896953002
vt 0.286973 0.890831001
vt 0.281668991 0.908549003
vt 0.273083001 0.907742001
vt 0.282137007 0.901772
vt 0.291377991 0.892195001
vt 0.240945995 0.945884001
vt 0.248468995 0.940846998
vt 0.25654 0.934674002
vt 0.222971007 0.949005
vt 0.227604002 0.944162
vt 0.236904994 0.962545998
vt 0.239684001 0.97119
vt 0.29745999 0.888461001
vt 0.301876009 0.883649997
vt 0.234776005 0.956819002
vt 0.242146 0.961854
vt 0.230842993 0.953790002
vt 0.235908002 0.954397999
vt 0.28185001 0.932276003
vt 0.243226007 0.950803999
vt 0.247182995 0.951490998
vt 0.244963005 0.959757
vt 0.242025003 0.957355
vt 0.438035995 0.829384997
vt 0.0622889996 0.770160004
vn -0.0633019805 -0.461214453 -0.885027707
vn 0.0299001914 -0.756504834 -0.653304219
vn -0.374520451 -0.510027885 -0.774342299
vn -0.888613403 0.140502125 -0.436606586
vn -0.869623363 0.167004481 -0.464612484
vn -0.844558537 0.136493295 -0.517774582
vn 0.208593711 -0.509384632 -0.834874809
vn -0.562905848 -0.428604454 -0.706707358
vn -0.542078674 -0.617475688 -0.569977582
vn -0.0139001328 -0.0137001304 -0.999809504
vn 0.0261988658 0.000299987005 -0.999656677
vn 0.0951004475 0.0112000527 -0.995404661
vn -0.661527216 -0.333613724 0.671627641
vn -0.637492955 -0.231697425 0.734791875
vn -0.792461514 -0.246088058 0.558072925
vn -0.801917374 -0.299206495 0.517111182
vn -0.632799983 -0.636599958 -0.440799981
vn -0.363782525 -0.840759635 -0.400980741
vn -0.625966012 -0.4361763 0.646464884
vn -0.768536448 -0.427720279 0.475822568
vn -0.759012043 -0.4358069 0.483707666
vn -0.626222312 -0.420814991 0.656323373
vn -0.688005209 -0.488903701 -0.536304057
vn -0.315602511 -0.732405841 -0.603304803
vn -0.0485001393 -0.90450263 -0.423701227
vn -0.732174158 0.149194732 -0.66457653
vn -0.810507655 0.156601474 -0.564405322
vn -0.775980175 0.173295572 -0.606484473
vn -0.871698499 -0.456999213 0.176899686
vn -0.812589824 -0.440894485 0.381195247
vn -0.817346215 -0.426571935 0.387274504
vn 0.175300539 -0.934102833 -0.311000943
vn -0.724165082 0.189190865 -0.663168013
vn -0.690714478 0.14850311 -0.707714856
vn -0.0434983633 -0.967063606 -0.250790566
vn 0.0921961665 -0.97595948 -0.197491795
vn -0.812589824 -0.440894485 0.381195247
vn -0.765987933 -0.377294064 0.520491779
vn -0.817346215 -0.426571935 0.387274504
vn -0.649943233 -0.407427102 -0.641542673
vn -0.472491026 -0.317693979 -0.822084427
vn -0.588388741 -0.395792425 -0.705086529
vn -0.736177266 -0.435586542 0.517983973
vn -0.656079888 -0.268591762 -0.705278397
vn -0.636494279 -0.410296321 0.653094113
vn -0.571672022 -0.242388144 -0.783861637
vn -0.674720347 -0.230306953 -0.701221168
vn -0.662638485 -0.255414814 -0.704040885
vn -0.314494669 -0.263395548 -0.911984563
vn -0.476116031 -0.408913761 0.778526187
vn -0.456100583 -0.3931005 0.798401058
vn -0.257388175 -0.311985672 -0.914557993
vn 0.0417011864 -0.28930825 -0.9563272
vn -0.370804697 -0.40280509 0.836810589
vn 0.313805014 -0.502508044 -0.805612862
vn -0.725889921 -0.109798469 -0.678990543
vn -0.73803246 -0.0958042145 -0.667929351
vn -0.656697035 -0.10719952 -0.746496677
vn -0.831137538 0.182908267 -0.525123715
vn 0.305592179 -0.24169381 -0.9209764
vn 0.0929967687 -0.214592546 -0.972266257
vn -0.0955036134 -0.20430772 -0.974236846
vn -0.787375331 -0.122496165 -0.604181051
vn -0.343487263 -0.389085591 0.854768336
vn -0.322693527 -0.372592539 0.870082557
vn -0.286098719 -0.387398273 0.87639606
vn -0.742163539 -0.080496043 -0.665367305
vn -0.647410095 -0.0690010786 -0.759011865
vn -0.220911995 -0.382520765 0.897148669
vn -0.233396649 -0.348495007 0.907787025
vn 0.0851964355 -0.163493156 -0.982858896
vn 0.23809351 -0.135996297 -0.961673796
vn 0.331493527 -0.148597091 -0.931681812
vn -0.76969564 0.205898821 -0.604296565
vn -0.497088403 -0.358491629 -0.790181577
vn -0.578586876 -0.0922979042 -0.810381591
vn -0.53229171 -0.0708988979 -0.843586922
vn -0.40701139 -0.0885024741 -0.909125447
vn -0.0679965466 0.0258986857 -0.997349322
vn -0.276886642 0.0891956985 -0.95675385
vn -0.122003533 0.0508014709 -0.9912287
vn -0.210396931 -0.34719494 0.913886666
vn -0.515783787 0.126196042 -0.847373366
vn -0.279595971 0.0867987499 -0.956186235
vn -0.0501002707 -0.299101621 0.952905118
vn -0.210597694 -0.179298043 -0.960989475
vn -0.224293202 -0.34798947 0.910272419
vn -0.447190553 0.118297495 -0.886581242
vn -0.452380419 -0.254088998 -0.854862988
vn -0.315294176 -0.340293705 0.885883629
vn -0.82468009 -0.106997415 -0.555386603
vn -0.858925521 -0.132303923 -0.494714707
vn -0.887235284 -0.127605066 -0.443317622
vn -0.0601004735 -0.265602112 0.962207615
vn -0.221603528 -0.205603272 -0.953215182
vn -0.525594771 -0.331496716 -0.783492208
vn -0.407605499 -0.250203371 -0.878211856
vn -0.833983362 -0.353492945 0.423691541
vn -0.215902224 -0.193201989 -0.957109809
vn 0.0183004979 -0.132403597 -0.991026938
vn 0.0225994214 -0.13509655 -0.990574658
vn -0.81300199 -0.0703001693 -0.57800144
vn -0.655693829 0.173198372 -0.734893143
vn -0.474199116 -0.326099396 0.817798495
vn 0.213298962 -0.1024995 -0.971595287
vn -0.197595462 -0.309692889 0.930078685
vn -0.453907281 -0.0408006571 -0.890114307
vn -0.145803794 -0.26620692 0.952824831
vn -0.612434983 -0.0372021236 -0.789645135
vn -0.302813023 -0.0663028508 -0.950740874
vn -0.141291723 -0.289983004 0.946544528
vn -0.260389745 -0.0291988496 -0.965061963
vn -0.590378761 0.157694325 -0.791571498
vn -0.00410001166 -0.336700976 0.941602707
vn 0.0558987707 -0.316993028 0.946779132
vn 0.207997918 -0.122798771 -0.97039032
vn -0.168705687 -0.00810027309 -0.985633194
vn 0.32680729 -0.125502795 -0.936720908
vn 0.458212972 -0.104102947 -0.882725
vn -0.040599741 -0.16949892 -0.984693766
vn -0.117705591 -0.0423020087 -0.992147148
vn -0.0778034627 -0.119805336 -0.989744067
vn 0.0812960789 -0.117394336 -0.989752233
vn -0.420192897 -0.252195746 0.871685266
vn -0.506780684 -0.23129119 0.830468357
vn -0.302195489 -0.276095897 0.912386417
vn 0.18060334 -0.100401856 -0.978418052
vn 0.0607981086 -0.086797297 -0.99436903
vn -0.738472998 -0.0580978766 -0.67177546
vn -0.178302377 -0.229603067 0.956812799
vn -0.257796407 -0.193197295 0.946686745
vn 0.202805966 -0.0540015884 -0.977728784
vn -0.819820166 -0.0479011796 -0.57061404
vn -0.794768393 -0.0277988948 -0.606275856
vn -0.640326798 -0.0104004359 -0.768032134
vn -0.674479842 0.204593882 -0.709378779
vn 0.326499522 -0.107199848 -0.939098656
vn -0.0973973125 -0.204194367 0.974073112
vn -0.00979992375 -0.222898275 0.974792421
vn -0.734178185 -0.0344989747 -0.678079844
vn 0.413094431 -0.126298293 -0.901887894
vn -0.371579915 0.110094048 -0.921850145
vn -0.575187266 0.185195893 -0.796782315
vn -0.939615607 -0.312105179 -0.140402332
vn -0.971903741 -0.194200754 -0.133000508
vn -0.933404922 -0.261601388 -0.245601296
vn -0.959933519 -0.27960977 0.0186006501
vn -0.931742311 -0.154707015 -0.328514904
vn -0.913565457 -0.165293753 -0.371585965
vn 0.0812010914 -0.0689009279 -0.994313359
vn 0.0665971115 -0.00679970533 -0.997756779
vn 0.167693704 -0.0336987339 -0.98526299
vn -0.908473909 -0.205394104 -0.363989562
vn 0.300012946 -0.0703030303 -0.951341033
vn -0.123396054 0.0442985818 -0.991368294
vn 0.416197479 -0.042199742 -0.908294499
vn 0.50339818 -0.12059956 -0.8555969
vn -0.959240675 -0.243910342 0.142706051
vn -0.978506386 -0.173601136 0.111300729
vn -0.982223034 -0.145503417 -0.118602782
vn 0.189997017 0.000399993733 -0.981784582
vn -0.80412662 -0.497416466 -0.32551077
vn -0.732827365 -0.631223559 -0.254009485
vn -0.799500465 -0.402900219 -0.445500255
vn 0.324682236 -0.0118993493 -0.94574827
vn -0.933010399 -0.249402776 0.259402901
vn -0.948633194 -0.167805865 0.268209368
vn -0.727573872 0.229291767 -0.646576762
vn -0.821403325 -0.564202309 -0.0835003406
vn -0.864037037 -0.445419073 -0.234610051
vn -0.88389802 -0.467498958 -0.0129999714
vn -0.848500848 -0.503400505 0.163200155
vn -0.749337375 -0.661032975 0.0391019508
vn -0.732827365 -0.631223559 -0.254009485
vn -0.594475925 -0.804067433 0.00859965198
vn -0.336811125 -0.929930687 -0.147604868
vn -0.547304273 -0.787706137 -0.282802194
vn -0.887603521 -0.263201058 0.378001511
vn -0.920819402 -0.332006991 0.204604313
vn -0.0848959759 -0.990053058 -0.11219468
vn 0.0606004857 -0.98990792 -0.128101021
vn -0.594475925 -0.804067433 0.00859965198
vn 0.27790153 0.0393002182 -0.95980531
vn -0.290405482 -0.943617761 0.158902988
vn -0.927063167 -0.113895476 -0.357185811
vn 0.462116808 0.018200662 -0.886632264
vn 0.386309892 0.0498012751 -0.921023607
vn -0.821403325 -0.564202309 -0.0835003406
vn -0.636098862 -0.750198662 0.180499688
vn -0.290405482 -0.943617761 0.158902988
vn -0.409112096 -0.81012398 0.419912428
vn -0.901606083 -0.089000605 -0.423302859
vn -0.733700335 -0.633300304 0.246200114
vn -0.566829264 -0.64713341 0.509826362
vn -0.960321188 -0.116702572 -0.253305584
vn -0.985204697 -0.129200622 -0.112600535
vn -0.808064699 -0.576174855 0.122694641
vn -0.986423433 -0.14660348 0.0740017593
vn -0.780466378 -0.544976532 0.306386799
vn 0.0481001958 0.0260001067 -0.998504043
vn 0.176096052 0.0240994599 -0.98407793
vn 0.0779025033 0.00760024413 -0.99693203
vn 0.534677565 -0.0221990682 -0.844764531
vn -0.257487148 -0.694765329 0.671566486
vn 0.158508673 0.0143007822 -0.987254024
vn -0.366298705 -0.579898 0.727697432
vn 0.675306857 0.040800415 -0.736407459
vn 0.688816249 -0.0215005074 -0.724617064
vn 0.870113254 0.0350005329 -0.491607487
vn -0.848500848 -0.503400505 0.163200155
vn -0.713022411 -0.487615317 0.50381583
vn -0.533188879 -0.536788821 0.653886378
vn -0.839312196 -0.450706542 0.304004401
vn -0.890947998 -0.212387607 0.401376575
vn 0.25009957 0.00649998849 -0.968198299
vn -0.792461514 -0.246088058 0.558072925
vn -0.204601154 -0.582303286 0.786804438
vn -0.297501296 -0.492802113 0.817703545
vn 0.280093133 0.0135996668 -0.959876478
vn 0.300599158 0.0293999184 -0.953297317
vn -0.494787991 -0.447089165 0.745181918
vn -0.801917374 -0.299206495 0.517111182
vn 0.532281816 0.0485983416 -0.845171154
vn 0.640986085 0.040499121 -0.766483307
vn -0.178404599 -0.461111903 0.869222403
vn 0.349393129 0.019099623 -0.936781526
vn 0.828193784 0.0592995547 -0.557295799
vn -0.606014192 -0.427810013 -0.670615673
vn -0.634574413 -0.315187275 -0.705671549
vn -0.697007537 -0.340603679 -0.631006837
vn -0.637492955 -0.231697425 0.734791875
vn -0.742710173 -0.227703109 0.629708588
vn -0.63850522 -0.342902809 -0.689005613
vn -0.594698727 -0.31749931 -0.738598406
vn 0.367680281 -0.00199989276 -0.929950118
vn 0.428421766 0.0155007876 -0.903445899
vn -0.512200952 -0.218900412 0.830501556
vn -0.512200952 -0.218900412 0.830501556
vn -0.371409327 -0.174504384 0.911922872
vn -0.569488347 -0.236695156 -0.787183881
vn -0.772690058 -0.373195201 -0.513493359
vn -0.802225173 -0.328810334 -0.498315662
vn -0.719005764 -0.287602305 -0.632705033
vn 0.939279735 0.0492989384 -0.339592665
vn -0.847611189 -0.199202627 0.491806477
vn -0.907528102 -0.160504967 0.388112009
vn -0.667027652 -0.246910244 -0.702929139
vn 0.147393227 0.0067996881 -0.98905462
vn -0.641333044 -0.197010159 0.741538227
vn -0.764017165 -0.262205899 -0.589513242
vn -0.882536173 -0.418417156 -0.214608803
vn -0.817634106 -0.422217607 -0.391416341
vn -0.892588198 -0.421794415 -0.159297884
vn -0.885969698 -0.463684142 0.00739974668
vn -0.911407351 -0.410503298 -0.0287002306
vn -0.974184573 -0.127797976 0.186097056
vn -0.994080961 -0.103698015 -0.0323993787
vn 0.262605727 0.0305006653 -0.964421034
vn -0.905502439 -0.32810086 -0.269100726
vn 0.376703411 0.0391003527 -0.92550838
vn -0.862483501 -0.265594929 -0.430791765
vn 0.488892555 -0.00999984704 -0.872286677
vn -0.929933846 -0.146205321 0.337412268
vn 0.509393394 0.0087998854 -0.860488772
vn 0.501010358 0.04600095 -0.864217877
vn -0.939148426 -0.341381252 0.0381979011
vn -0.974947274 -0.102504969 0.19740957
vn 0.624682844 0 -0.780878544
vn 0.781021416 -0.0416011401 -0.623117089
vn 0.78111279 -0.0269004405 -0.623810232
vn 0.626403689 -0.0174001027 -0.779304624
vn -0.898822844 -0.388309866 0.203305155
vn -0.87591058 -0.145201758 0.460105568
vn 0.778995156 0.0635996088 -0.623796105
vn -0.711390674 -0.344995469 -0.612291992
vn 0.886152148 -0.0452975556 -0.461175114
vn 0.881593347 0.0495996252 -0.469396472
vn -0.156195909 -0.169495568 0.973074555
vn -0.766584873 -0.347193152 -0.540189326
vn -0.306203365 -0.190502092 0.93271029
vn -0.63609755 -0.294498861 -0.713197231
vn -0.640682995 -0.362990379 -0.676582038
vn -0.101698928 0.0290996935 -0.994389534
vn -0.00990014058 0.0409005806 -0.999114156
vn -0.182993367 0.0514981337 -0.981764436
vn -0.195593745 -0.147895262 0.969468951
vn -0.207012266 -0.173910305 0.962757051
vn 0.614102185 0.0643002316 -0.786602795
vn -0.896401703 -0.409800768 -0.168900326
vn -0.0176006351 -0.163805902 0.986335576
vn 0.181203514 -0.207904026 0.961218596
vn -0.855015516 -0.43260783 -0.286005169
vn 0.805525362 0.0559017584 -0.589918554
vn 0.13710402 -0.00740021653 -0.990529001
vn 0.931363106 0.020999169 -0.363485605
vn 0.955789089 0.0657992512 -0.286596715
vn -0.146798894 -0.16089879 0.97599268
vn -0.639132917 -0.297715336 -0.709136546
vn 0.153696418 -0.145296618 0.977377236
vn -0.534333766 -0.284518003 -0.795950353
vn -0.051998537 -0.140796036 0.988672137
vn 0.0574028231 0.00200009835 -0.998349071
vn -0.901518166 -0.424608558 0.0835016817
vn -0.872433841 -0.43291679 0.226808801
vn -0.388311803 -0.000300009124 -0.921527982
vn -0.872433841 -0.43291679 0.226808801
vn 0.232300475 -0.0217000432 -0.972401977
vn -0.24810721 0.019900579 -0.968528152
vn -0.603037298 0.0483029857 -0.796249211
vn -0.649799645 0.0029999984 -0.76009959
vn -0.528208733 -0.000900014886 -0.84911406
vn -0.436178893 0.0300985426 -0.899356484
vn -0.876008272 -0.451604277 0.169301599
vn -0.924289048 -0.0673991963 -0.375695527
vn -0.871696174 -0.0604997315 -0.486297846
vn 0.2871916 0.00149995612 -0.957871974
vn -0.0632996261 0.0199998822 -0.997794151
vn -0.873422027 -0.00710017886 -0.48691228
vn -0.4807024 -0.204501018 -0.852704227
vn -0.928399146 -0.0428999625 -0.369099677
vn -0.600705028 -0.223801881 -0.76750648
vn 0.332512081 -0.0448016301 -0.942034245
vn 0.415602684 -0.0283001829 -0.909105897
vn -0.292194843 -0.166897044 -0.941683352
vn -0.971074641 -0.0615983903 -0.230693966
vn -0.958719015 -0.108102143 -0.263005227
vn -0.995323002 -0.0953022018 -0.0158003643
vn -0.435425043 -0.176010117 -0.882850766
vn -0.568194866 -0.190698281 -0.800492823
vn -0.992200196 -0.0592000112 0.109700024
vn -0.997329414 -0.0729021505 -0.0044001299
vn -0.966214418 -0.0691010281 0.248303711
vn -0.74962163 -0.242306992 -0.615917802
vn 0.71491605 -0.0566012673 -0.696915627
vn 0.584013641 -0.0544012673 -0.80991888
vn -0.986577094 -0 -0.163296208
vn 0.849902391 -0.0762002096 -0.521401465
vn -0.682477415 -0.20769313 -0.700776815
vn -0.934712231 -0.000800010457 -0.355404645
vn 0.930387616 -0.066499114 -0.36049518
vn 0.186494067 0.0130995829 -0.982368767
vn -0.53299582 -0.124599017 -0.83689338
vn -0.670828223 -0.139205858 -0.728430629
vn -0.997958481 -0.0440981649 0.0461980775
vn -0.346398592 -0.127399489 -0.929396272
vn -0.153000981 -0.102400661 -0.982906282
vn -0.016899243 -0.0647971034 -0.997755349
vn 0.916174233 -0.0927973911 -0.389889032
vn 0.95378983 -0.116198763 -0.277097046
vn 0.965635657 -0.0685025305 -0.250709265
vn -0.81527096 -0.000599978608 -0.57907939
vn -0.175398812 -0.0543996319 -0.982993364
vn -0.772668421 0.0172992926 -0.634574056
vn -0.745900691 0.0523000509 -0.66400063
vn 0.976575375 -0.102497414 -0.189195231
vn 0.987434328 -0.0836029053 -0.134104654
vn -0.851435483 0.0625026003 -0.520721674
vn -0.222302154 0.0268002581 -0.974609435
vn -0.859854996 -0.165191352 -0.483074725
vn -0.763661087 -0.140392855 -0.630167902
vn -0.828487754 -0.218096778 -0.51579237
vn -0.613896966 0.0894995555 -0.784296095
vn -0.414214253 0.0457015745 -0.909031332
vn 0.46312952 -0.0428027287 -0.885256469
vn -0.743187368 0.0929984227 -0.662588716
vn -0.816889703 0.107998639 -0.566592872
vn -0.90352571 0.0508014448 -0.425512105
vn 0.868147135 -0.108193412 -0.4843705
vn 0.589892149 -0.0633991584 -0.804989278
vn -0.980795622 0.0114999488 -0.194699124
vn -0.940076232 0.0518986881 -0.336991459
vn 0.725570977 -0.0948962048 -0.681572735
vn 0.360195845 0.0186997857 -0.93268925
vn -0.885782242 0.104897901 -0.452090949
vn 0.848392844 -0.134498864 -0.511995673
vn 0.929314315 -0.12440192 -0.347705364
vn -0.917537272 0.105804294 -0.383315563
vn -0.966633618 0.0831028894 -0.242308423
vn 0.443893641 0.0296995752 -0.895587146
vn 0.918827474 -0.150804505 -0.364710897
vn 0.945180714 -0.152796879 -0.288594097
vn 0.523811519 0.0266005863 -0.851418734
vn 0.98554796 -0.126906171 -0.112205461
vn 0.995105267 -0.0988005176 0.00200001057
vn -0.833983362 -0.353492945 0.423691541
vn 0.979614675 -0.118101768 0.162502438
vn 0.974357784 -0.0902960896 0.206091076
vn 0.927682161 -0.138097346 0.346893311
vn 0.667801917 0.0255000722 -0.743902147
vn 0.988793015 -0.149198949 0.00529996259
vn 0.86065501 0.0287984964 -0.508373439
vn 0.966207325 -0.147201121 -0.2116016
vn 0.8599751 0.00719979126 -0.510285199
vn 0.974893928 0.0302998107 -0.220598623
vn 0.971329689 -0.168005124 0.168205142
vn 0.929765642 -0.0203992464 -0.367586404
vn 0.975051701 -0.167808905 -0.145307705
vn 0.969722927 -0.0221005231 -0.243205741
vn 0.98154068 -0.190607905 -0.0157006513
vn 0.202206165 -0.0399012156 -0.978529811
vn -0.0110005317 0.0135006532 -0.999848366
vn 0.0986023694 -0.0201004818 -0.99492389
vn 0.402690858 -0.0627985746 -0.913179278
vn 0.20710808 -0.0710027739 -0.975738108
vn 0.289403111 -0.0967010409 -0.952310205
vn 0.324783593 -0.0850957036 -0.941952407
vn 0.418714911 -0.107503824 -0.901732087
vn 0.992389381 0.00769991754 -0.122898683
vn 0.99116528 -0.0299989488 -0.129195467
vn 0.986466587 -0.0528982095 -0.155194744
vn 0.490296841 -0.0829994678 -0.867594421
vn 0.679187298 -0.108597971 -0.725886405
vn 0.534703314 -0.161800995 -0.829405129
vn 0.997563362 -0.0626977012 -0.030598877
vn 0.797525644 -0.155805007 -0.582818747
vn 0.883084774 -0.168297097 -0.437992454
vn 0.995338857 -0.0705027506 0.0658025667
vn -0.305314928 0.060202945 -0.95034647
vn 0.513628662 -0.118806623 -0.84974736
vn -0.534693003 0.100998685 -0.838989079
vn 0.612637401 -0.130907997 -0.779447556
vn -0.647596002 0.0843994766 -0.75729531
vn -0.394594342 0.102798529 -0.913086951
vn -0.774626732 0.129004449 -0.619121373
vn 0.527379692 -0.159793839 -0.834467828
vn 0.755092084 -0.182198092 -0.629793406
vn 0.932770491 -0.178994343 -0.312890112
vn -0.69090277 0.119500473 -0.713002801
vn 0.948142827 -0.197908938 -0.248711228
vn -0.607801437 0.146800354 -0.780401886
vn 0.957975924 -0.214194611 -0.190795198
vn 0.971362233 -0.229291081 -0.0622975789
vn 0.915283442 -0.189796567 -0.355293572
vn 0.864626884 -0.216206715 -0.453514099
vn 0.918804646 -0.234501183 -0.317501605
vn 0.953375578 -0.268593103 -0.137596473
vn 0.934106171 -0.277001828 -0.225201488
vn -0.808064699 -0.576174855 0.122694641
vn 0.997031331 0.0363011435 -0.0679021329
vn 0.998619735 0.0411008112 0.0327006467
vn 0.999104798 0.0272001307 -0.0324001536
vn 0.154596135 -0.280992985 0.947176337
vn 0.202992976 -0.348487943 0.915068328
vn 0.345396817 -0.274897456 0.89729172
vn 0.33910051 -0.77040118 -0.539900839
vn 0.514286876 -0.226094231 0.827278912
vn 0.391189218 -0.230893642 0.890875459
vn 0.986636996 -0.113904268 -0.116504371
vn 0.98347944 -0.127097338 0.128897294
vn 0.972587168 -0.189197496 0.135198206
vn 0.993737102 -0.0862032175 -0.0711026564
vn 0.47319746 -0.721496105 -0.505497277
vn 0.382100672 -0.874001563 -0.300200522
vn 0.899585426 -0.13239786 0.416193277
vn 0.275592238 -0.949373245 -0.150795758
vn 0.206494927 -0.969076216 -0.135096684
vn 0.418190241 -0.406990498 0.812081039
vn 0.607417166 -0.379410714 0.697919726
vn 0.516367376 -0.295281351 0.80384928
vn 0.294681847 -0.940642059 -0.168389633
vn 0.373977482 -0.911445081 -0.171489671
vn 0.973579586 0.0517989136 -0.222395331
vn -0.0188000631 -0.389101326 0.921003103
vn 0.462977976 -0.886357844 -0.00459978124
vn 0.533408344 -0.821012795 -0.203503177
vn 0.668602765 -0.199700817 0.716302931
vn 0.5310992 -0.188399717 0.82609874
vn 0.467779487 -0.459079862 -0.755266845
vn 0.491105139 -0.220202297 -0.842808783
vn 0.0778001472 -0.438000828 0.89560169
vn 0.264387369 -0.458678067 0.848359466
vn -0.0672004148 -0.521003246 0.85090524
vn 0.989714742 0.0428006388 -0.136502042
vn 0.575993419 -0.323796302 -0.750591457
vn 0.361590624 -0.317591757 0.876577258
vn 0.706998706 -0.433599204 -0.558698952
vn 0.658991694 -0.17169784 0.732290804
vn -0.0377000496 -0.348900437 0.936401188
vn 0.460674316 -0.118293405 -0.87965095
vn 0.568501294 -0.165800378 0.805801809
vn 0.379581422 -0.273986608 0.88365674
vn 0.425692886 -0.195096731 0.883585215
vn 0.599497616 -0.746996999 -0.287398845
vn 0.71437192 -0.584477007 -0.384784877
vn 0.648205876 -0.2762025 0.709606469
vn 0.86972338 -0.336209029 -0.361309707
vn 0.824045181 -0.545329928 -0.15350841
vn 0.71251446 -0.190103859 -0.675413728
vn 0.773101509 -0.316800624 0.549501061
vn 0.849175394 -0.204794064 -0.486785889
vn 0.185602665 -0.303704351 0.93451339
vn 0.831211805 -0.222003162 0.509707272
vn 0.938996911 -0.265599132 -0.218499273
vn 0.896333098 -0.0203007497 0.442916334
vn 0.959812164 -0.031200394 0.278903544
vn 0.982144058 0.0110004935 0.187808424
vn 0.979423225 0.0298007075 0.199604735
vn 0.773688793 -0.621590972 0.122598223
vn 0.930335283 -0.00840031821 0.366613895
vn 0.942760646 -0.332486123 0.0255989321
vn 0.888608873 -0.0182001814 0.458304554
vn 0.924086571 -0.218596831 0.313495457
vn 0.590675652 -0.119795054 -0.797967076
vn 0.804811835 -0.163002402 0.570708394
vn 0.214697018 -0.259096414 0.941686928
vn 0.754226804 -0.122304343 -0.645122945
vn 0.904018641 -0.119302459 0.410508484
vn 0.919299543 -0.173399925 -0.353299826
vn 0.970710635 -0.153401688 -0.184902027
vn 0.964578986 0 0.263794243
vn 0.902665794 -0.109095864 -0.416284233
vn 0.814202368 -0.0536001548 0.578101695
vn 0.811670065 -0.135095015 0.568279028
vn 0.741597414 -0.149399489 0.653997719
vn 0.631609857 -0.0784012228 -0.771312058
vn 0.736529768 -0.0777031407 0.671927154
vn 0.735687792 -0.0536991097 0.67518878
vn 0.668480217 -0.0683979765 0.740578115
vn 0.875208259 -0.0936008841 -0.474604458
vn 0.96922648 -0.06510178 -0.237406477
vn 0.923017859 -0.0499009676 -0.381507397
vn 0.870678067 -0.0939976349 -0.482787848
vn 0.755213797 -0.142902598 -0.639711678
vn 0.757087469 -0.092798464 -0.646689296
vn 0.616025209 -0.120004907 -0.778531849
vn 0.830529571 -0.0429015271 0.555319786
vn 0.568696022 -0.140299022 -0.810494304
vn 0.896275878 -0.0431988351 0.4413881
vn 0.696885765 -0.140997127 0.703185618
vn 0.999675691 0.0184995513 -0.0174995754
vn 0.980176508 -0.0603985526 -0.188695475
vn 0.604985297 -0.0938977152 0.790680766
vn 0.992652953 0.000699966855 0.12099427
vn 0.802656233 -0.109694019 0.586268008
vn 0.638814688 -0.0768017694 0.765517652
vn 0.99868691 -0.0494993515 -0.0131998276
vn 0.992018819 -0.0223004222 -0.124102354
vn 0.163704172 -0.986425102 0.0129003283
vn 0.00219991105 -0.994159818 0.107895635
vn 0.996763527 -0.0765971988 0.0243991073
vn 0.336596519 -0.940490246 0.0466995165
vn 0.308901489 -0.933204472 -0.183600888
vn 0.855726779 -0.0148004638 -0.517216206
vn 0.519771516 -0.107194126 0.847553551
vn 0.530279994 -0.770570934 0.353586674
vn 0.335594594 -0.84708637 0.412093371
vn 0.953659415 -0.00779966777 0.300787181
vn -0.12949504 -0.884766102 0.447682858
vn -0.12949504 -0.884766102 0.447682858
vn -0.0127998907 -0.895192325 0.445496172
vn 0.171091139 -0.86975491 0.462876022
vn -0.0127998907 -0.895192325 0.445496172
vn -0.0492992885 -0.617291093 0.785188675
vn 0.955495119 -0.0079999594 -0.29489848
vn 0.171091139 -0.86975491 0.462876022
vn 0.245609924 -0.672527134 0.698128223
vn 0.958047628 -0.0354017615 0.284414142
vn 0.98971343 -0.0388005264 0.137701869
vn 0.530279994 -0.770570934 0.353586674
vn 0.442111433 -0.615115941 0.652816892
vn 0.335594594 -0.84708637 0.412093371
vn 0.20819661 -0.542291164 0.813986778
vn 0.715283036 -0.53408736 0.450689316
vn 0.950268626 0.0372987688 -0.309189796
vn 0.866503358 -0.407001585 0.289001107
vn 0.551076889 -0.476580054 0.684971333
vn 0.885463536 -0.0639973655 0.460281044
vn 0.986453116 0.0319984779 -0.160892352
vn 0.974903524 -0.057400208 0.21510078
vn 0.886409938 -0.123201378 0.44620499
vn 0.963736713 -0.0666025355 0.258409858
vn 0.949703395 -0.267200947 0.163300589
vn 0.863786936 -0.327395052 0.382994205
vn 0.998881578 -0.0141997384 0.045099169
vn 0.978578866 -0.205295563 -0.0153996674
vn 0.734006107 -0.403603345 0.546204507
vn 0.587396681 -0.0861995146 0.804695487
vn 0.602880776 -0.0939970091 0.792274773
vn 0.374992251 -0.141397074 0.916181028
vn 0.756881952 -0.072798267 0.649484515
vn 0.687999427 -0.0798999295 0.72129941
vn 0.399802059 -0.108100556 0.910204709
vn 0.836791635 -0.0775992274 0.541994572
vn 0.511395514 -0.0911991969 0.854492486
vn 0.999461353 -0.0316987745 0.00849967077
vn 0.992691636 -0.0559995286 0.106899098
vn 0.894600868 -0.0808000788 0.439500421
vn 0.953986168 -0.076998882 0.289795786
vn 0.81061691 -0.0776016191 0.58041209
vn 0.911106646 -0.10140074 0.399502903
vn 0.121797502 -0.0558988526 -0.990979671
vn 0.0151003171 -0.0114002395 -0.999821007
vn -0.013200135 0.00230002357 -0.999910235
vn -0.171504155 0.0498012081 -0.983923852
vn 0.454708546 -0.164503098 -0.875316441
vn 0.379893571 -0.163397238 -0.910484612
vn 0.460496664 -0.196698576 -0.865593731
vn 0.089903608 -0.0678027198 -0.993639827
vn -0.297913939 0.128206 -0.94594425
vn -0.0922011882 0.0533006862 -0.994312823
vn -0.284502983 0.117801234 -0.951409996
vn 0.445011795 -0.130103454 -0.886023462
vn -0.16650106 0.100500636 -0.980906248
vn -0.301202834 0.114101075 -0.946708918
vn 0.681396544 -0.187099054 -0.707596421
vn 0.820501685 -0.252000511 -0.513101041
vn -0.662141204 0.223913923 -0.715144455
vn -0.52981782 0.17750597 -0.829327881
vn 0.399913609 -0.279709518 -0.872829676
vn 0.413891792 -0.251195014 -0.874982655
vn 0.299491554 -0.185594767 -0.935873628
vn -0.73939836 0.237999469 -0.629798591
vn 0.48888424 -0.318889737 -0.81197387
vn -0.112404555 0.0428017341 -0.992740273
vn 0.884481907 -0.310793638 -0.347992897
vn 0.167806268 -0.105703942 -0.980136573
vn 0.201502576 -0.0986012593 -0.974512458
vn 0.653194368 -0.202198267 -0.729693711
vn 0.283603579 -0.214202717 -0.934711814
vn -0.348108113 0.138803229 -0.92712158
vn 0.908659637 -0.306086391 -0.283987373
vn 0.294202179 -0.154901147 -0.943106949
vn -0.123203665 0.0478014201 -0.991229475
vn 0.412376702 -0.223587379 -0.883150101
vn 0.363987774 -0.299989909 -0.881770372
vn -0.302495271 0.134697899 -0.943585217
vn -0.600402117 0.242000848 -0.76220268
vn -0.721969604 0.2661888 -0.638673127
vn 0.656076789 -0.398385912 -0.640977323
vn 0.594015718 -0.343309075 -0.727519214
vn -0.497903496 0.227701604 -0.83680588
vn 0.537821949 -0.399616331 -0.742330313
vn 0.698508978 -0.505906522 -0.506106496
vn -0.519702256 0.244201049 -0.818703532
vn 0.583784997 -0.201994807 -0.786379814
vn 0.242504135 -0.141902417 -0.95971632
vn 0.568521857 -0.466917932 -0.677326024
vn 0.768808782 -0.285103261 -0.57240653
vn 0.84881413 -0.307305098 -0.430207133
vn 0.542992592 -0.219696999 -0.810488939
vn 0.509775877 -0.243388489 -0.82516098
vn 0.107594289 -0.0433976948 -0.993247271
vn 0.170906633 -0.147805735 -0.974137783
vn 0.419888407 -0.200394467 -0.885175586
vn 0.679914057 -0.270405591 -0.681614041
vn 0.371210247 -0.127703518 -0.919725358
vn 0.21851103 -0.0881044418 -0.971849024
vn 0.78890723 -0.346503168 -0.507504642
vn 0.0169005878 -0.00670023263 -0.999834716
vn 0.661128938 -0.305113375 -0.68543005
vn 0.850395143 -0.356997967 -0.386497796
vn 0.894016325 -0.35700652 -0.270704955
vn 0.23240836 -0.241208673 -0.94223392
vn 0.162407279 -0.184908286 -0.969243407
vn 0.0130995177 -0.010099628 -0.999863207
vn 0.168804064 -0.0647015572 -0.983523726
vn 0.281490356 -0.300889701 -0.911168814
vn 0.363092989 -0.342593372 -0.866483271
vn 0.467321783 -0.437520385 -0.768235803
vn 0.810207248 -0.404703617 -0.42400378
vn 0.730914116 -0.384407431 -0.563910902
vn 0.0933021903 -0.0882020742 -0.991723299
vn 0.0867023915 -0.112803116 -0.989827335
vn 0.339100093 -0.13440004 -0.931100309
vn 0.2822963 -0.129198298 -0.950587511
vn 0.493918806 -0.267210186 -0.8274315
vn 0.0969040319 -0.1512063 -0.983740926
vn 0.206201941 -0.255702406 -0.94450891
vn 0.329197615 -0.386597216 -0.861493766
vn 0.787819266 -0.45951122 -0.410110027
vn 0.276889652 -0.358386606 -0.891566694
vn 0.766720951 -0.473412931 -0.43361184
vn -0.116101526 0.0585007705 -0.991513014
vn 0.166007966 -0.23891145 -0.956745863
vn 0.0042001335 -0.0109003466 -0.999931753
vn -0.101700202 0.0678001344 -0.992501974
vn 0.180307269 -0.121804915 -0.97603935
vn 0.205506623 -0.299409658 -0.931730032
vn 0.0293999799 -0.0626999587 -0.997599304
vn 0.120293856 -0.163091674 -0.979249954
vn 0.214594468 -0.251093537 -0.94387567
vn 0.239998981 -0.876696289 0.416898221
vn 0.529693007 -0.835088968 0.148498043
vn 0.734920204 -0.653217912 0.182205006
vn 0.0861985609 -0.953684092 0.288195193
vn -0.0741991997 -0.51629442 -0.85319078
vn -0.028499078 -0.507683575 -0.861072123
vn -0.106001511 -0.317504525 -0.942313433
vn 0.22360687 -0.305609375 -0.925528407
vn 0.286987901 -0.315286726 -0.904561877
vn 0.23930037 -0.207100332 -0.948601484
vn 0.326113164 -0.432417452 -0.840633929
vn 0.292299926 -0.424799889 -0.856799781
vn 0.742132962 -0.665929556 -0.0760033727
vn 0.907798111 -0.417299151 -0.0419999138
vn -0.133500859 -0.201701283 -0.970306218
vn 0.394489765 -0.43338874 -0.810278952
vn 0.324686825 -0.420782924 -0.847065628
vn 0.468002498 -0.491702616 -0.734303892
vn 0.994571984 -0.0847976133 -0.0602983013
vn 0.855691731 -0.408096045 -0.318196923
vn 0.87669313 -0.00719994353 -0.480996221
vn 0.96667695 0.145696536 -0.21049498
vn 0.907798111 -0.417299151 -0.0419999138
vn -0.0159995612 -0.808277845 -0.588583887
vn 0.107697926 -0.978981137 -0.173196658
vn 0.0354001969 -0.793604434 -0.607403398
vn 0.923814356 -0.356205523 0.140302181
vn 0.0352014638 -0.990041196 -0.136305675
vn 0.0809995607 -0.413497746 -0.906895101
vn 0.236800283 -0.578300714 -0.780700922
vn 0.0781039149 -0.226611346 -0.97084862
vn 0.283284098 -0.379278719 -0.880850613
vn -0.0191010069 -0.831143856 -0.55572933
vn 0.923814356 -0.356205523 0.140302181
vn 0.995248795 -0.063396737 0.0738961995
vn 0.0156996939 -0.3380934 -0.940981627
vn -0.0559029952 -0.10730575 -0.992653191
vn -0.0681016147 -0.211405009 -0.97502315
vn 0.447891444 -0.52778995 -0.721686244
vn 0.122199483 -0.741796851 -0.659397244
vn 0.348412722 -0.852531135 -0.389614224
vn 0.241405413 -0.949821293 -0.198904455
vn -0.158397198 0.559890091 -0.813285589
vn -0.162305787 0.118204214 -0.979634941
vn -0.0956954435 0.448078662 -0.888857663
vn -0.129598126 -0.703389823 -0.698889911
vn 0.107094623 -0.979850829 0.168591544
vn 0.189506084 -0.140804514 -0.971731186
vn -0.069198288 0.673783302 -0.735681772
vn -0.165802106 0.479006082 -0.862010956
vn -0.180401266 0.69470489 -0.696304917
vn 0.201900586 -0.971902788 0.12100035
vn -0.182801545 0.208401769 -0.960808158
vn 0.449503034 -0.526803553 -0.72140491
vn 0.632181823 -0.762378097 0.138296023
vn 0.297394723 -0.348993808 -0.888684273
vn -0.136294827 -0.15119426 -0.979062855
vn -0.172305584 0.653421164 -0.737123847
vn 0.091502957 -0.023300752 -0.995532155
vn 0.0466983058 -0.0358986966 -0.998263776
vn -0.136204988 0.101803727 -0.985436022
vn -0.130597323 0.270994425 -0.953680456
vn -0.164493218 0.467480719 -0.868564188
vn -0.212012947 -0.453727692 -0.865552843
vn -0.0419997536 0.81559521 -0.577096581
vn -0.0460008457 0.854015708 -0.518209517
vn -0.0542012975 0.994123816 -0.0937022418
vn -0.210399047 0.105599515 -0.971895576
vn 0.100099079 -0.138498724 -0.985290945
vn -0.231299803 -0.283699751 -0.930599213
vn 0.600267768 0.142192364 -0.787057757
vn 0.558228672 -0.188709691 -0.807941496
vn 0.20929867 0.318597972 -0.924494147
vn -0.145100117 0.463000387 -0.874400735
vn -0.159791186 -0.863052428 -0.479173571
vn -0.00759976823 -0.998169541 -0.0599981695
vn 0.0765022859 -0.911327243 -0.404512107
vn 0.87669313 -0.00719994353 -0.480996221
vn 0.154699758 -0.987698436 0.0227999631
vn 0.462522238 -0.726834953 -0.507724404
vn 0.66297406 -0.733071327 -0.151894063
vn -0.174796596 0.637587607 -0.750285387
vn -0.184093803 -0.430185527 -0.883770287
vn -0.000299996726 -0.697492361 -0.716592133
vn 0.314687043 -0.41848278 -0.851964951
vn 0.591206133 0.399004132 -0.70090729
vn 0.25221017 0.60072422 -0.758630633
vn 0.890670836 0.250691801 -0.379287571
vn 0.863734663 0.368914783 -0.343313783
vn 0.710993707 -0.324797124 -0.623694479
vn 0.855691731 -0.408096045 -0.318196923
vn 0.890670836 0.250691801 -0.379287571
vn 0.710993707 -0.324797124 -0.623694479
vn 0.995535851 0.0823029652 0.046201665
vn 0.971030891 0.238507584 -0.0146004641
vn 0.941031277 0.32491079 -0.0943031386
vn 0.0198994093 -0.9693712 0.24479273
vn 0.146800682 -0.951404452 0.270701259
vn -0.111000784 0.75530535 -0.645904541
vn 0.606669784 0.633168459 -0.480676055
vn 0.123401381 -0.91391021 0.386704326
vn -0.0252007134 -0.928526282 0.370410472
vn -0.19470267 0.977913439 -0.0760010481
vn -0.0240000058 0.951600254 -0.306400061
vn 0.686065257 0.722663403 -0.0840957388
vn 0.863734663 0.368914783 -0.343313783
vn 0.0139995944 -0.13259615 0.991071284
vn -0.037601307 -0.130504534 0.990734458
vn -0.0866968632 -0.14609471 0.985464334
vn -0.965572655 0.172295123 0.194894478
vn -0.935868561 0.139195323 0.323689133
vn -0.964219391 0.193603888 0.181103647
vn 0.934880853 -0.276494324 0.222595438
vn 0.867777288 -0.286592484 0.405989349
vn 0.867834806 -0.264310598 0.420716882
vn -0.423280358 -0.218889847 0.879159212
vn 0.324087799 -0.116995595 0.938764691
vn 0.128496364 -0.119596615 0.984472096
vn 0.130305097 -0.111904383 0.985138535
vn -0.371409327 -0.174504384 0.911922872
vn -0.306203365 -0.190502092 0.93271029
vn 0.0320989527 -0.108596452 0.993567526
vn 0.794034183 -0.300112903 0.528622746
vn 0.781371593 -0.220591977 0.583778739
vn 0.834119916 -0.239005715 0.497111887
vn 0.786908388 -0.254802734 0.562005997
vn 0.33501336 -0.107704289 0.936037302
vn 0.499580979 -0.114495642 0.858667314
vn 0.526104867 -0.100100927 0.844507813
vn -0.908616781 0.200403705 -0.366406769
vn -0.960663021 0.164993644 -0.223391399
vn -0.940402091 0.242800534 -0.238100529
vn 0.732001603 -0.200600445 0.65110147
vn 0.695462763 -0.229687691 0.6808635
vn -0.774288177 -0.191097081 0.603290796
vn -0.978283048 0.200196534 -0.0536990687
vn -0.987904489 0.154700711 -0.0106000481
vn -0.768208206 -0.150301605 0.622306645
vn -0.978116572 0.193403289 0.0767012984
vn -0.978721917 0.132702976 0.156503499
vn 0.743939281 -0.27831471 0.607532084
vn -0.269103318 -0.179102212 0.946311653
vn -0.971142411 0.231010079 -0.0593025871
vn -0.370584309 -0.147193775 0.91706121
vn -0.266491085 -0.150794953 0.951968133
vn -0.693445265 0.0745048672 0.716646791
vn -0.823197007 0.109999605 0.556997955
vn -0.789615512 0.0506009944 0.611512005
vn -0.927382886 0.178296715 0.32889393
vn -0.593723118 -0.145905674 0.791330814
vn -0.48730585 -0.124501489 0.864310384
vn -0.867312491 -0.131401882 0.48010689
vn 0.603105128 -0.0989008397 0.791506708
vn -0.909218431 0.150903061 0.388007879
vn -0.761216462 0.12150263 0.637013793
vn 0.643977284 -0.086196959 0.760173202
vn -0.586714685 0.0998025015 0.80362016
vn -0.487771332 0.00629962981 0.872948706
vn -0.518396795 0.084099479 0.850994766
vn -0.388690829 0.0426989943 0.920378327
vn -0.328603715 -0.0104001174 0.944410622
vn -0.194796935 -0.152697593 0.968884706
vn -0.0827005133 -0.116800725 0.989706099
vn -0.193097204 -0.112698369 0.974685848
vn -0.794995546 0.158299103 0.585596681
vn -0.95429194 0.222098127 0.199998304
vn -0.269700348 0.00910001248 0.962901294
vn -0.269103318 -0.179102212 0.946311653
vn -0.0827005133 -0.116800725 0.989706099
vn -0.863164663 0.203991652 -0.461881101
vn -0.901784003 0.164897069 -0.399492919
vn -0.855592012 0.229297861 -0.464095682
vn -0.101903416 -0.0640021488 0.9927333
vn -0.18049404 -0.172294304 0.968367994
vn -0.706480265 0.127896428 0.696080565
vn -0.026698973 -0.0703972951 0.997161686
vn -0.398801088 0.0414001122 0.916102469
vn -0.815412343 0.216903284 -0.536708117
vn 0.0637015924 -0.0804020092 0.99472487
vn -0.177792549 -0.0398983285 0.983258843
vn -0.295314074 0.0427020341 0.954445481
vn -0.115998246 -0.14379783 0.982785106
vn -0.199200451 -0.0385000855 0.979202211
vn 0.23979418 -0.102697507 0.965376616
vn -0.194796935 -0.152697593 0.968884706
vn -0.862066567 0.0204992052 0.50638032
vn -0.914879024 0.0351991914 0.402190775
vn -0.919077933 -0.0081998026 0.393990546
vn -0.150993615 -0.0122994799 0.988458216
vn -0.121605352 -0.0407017916 0.991743684
vn -0.825349867 -0.0169989672 0.564365685
vn -0.756008685 0.0142001631 0.654407501
vn -0.674993157 -0.0279997159 0.737292528
vn 0.128103629 -0.122003458 0.984227955
vn -0.770525038 -0.066602163 0.63392061
vn -0.797584593 0.243695289 -0.551789343
vn -0.470810711 -0.00500011398 0.882220089
vn -0.520314097 -0.0685018599 0.851223052
vn -0.558790028 0.00629988778 0.829285204
vn 0.36271137 -0.0932029188 0.927229047
vn -0.865926981 0.0651020333 0.495915473
vn -0.971662998 -0.0254990291 0.234991059
vn -0.0826002955 -0.0189000666 0.996403515
vn -0.648493052 0.0139998496 0.761091828
vn -0.349387854 -0.0737974346 0.934067488
vn -0.998799384 -0.00529999658 0.0486999713
vn -0.318897724 -0.0411997065 0.946893275
vn -0.230508238 -0.0768027455 0.970034659
vn -0.851568878 0.255290687 -0.457883269
vn -0.20800069 -0.0210000686 0.977903247
vn -0.729073465 0.166893914 0.663775802
vn -0.93196255 -0.05799767 0.357885599
vn -0.9967134 0.0808010846 -0.00580007769
vn -0.0931962579 -0.0369985141 0.99496007
vn -0.91778332 0.243195593 -0.313894302
vn -0.433789849 0.0750982389 0.897878945
vn -0.959935486 0.266109824 -0.0878032446
vn -0.866264641 0.0979959965 0.489879996
vn -0.970634937 0.234208435 0.0549019761
vn -0.96549046 0.0456995517 0.256397486
vn -0.591112316 0.116602428 0.798116624
vn -0.994650364 0.0886044875 0.0531026907
vn 0.497776806 -0.0987953991 0.861659884
vn -0.187002569 0.00950013008 0.982313514
vn -0.944672227 0.104896918 -0.310790867
vn 0.697991133 -0.0784989968 0.711790919
vn -0.94579041 0.257597387 0.197797999
vn -0.985555053 0.112494871 -0.126594231
vn 0.691814184 -0.111502282 0.713414609
vn 0.86150825 -0.119401142 0.493504733
vn 0.801077485 -0.107196987 0.58888346
vn -0.987762034 0.119695395 0.099996157
vn -0.968427777 0.0803023055 0.236006767
vn -0.0269004814 -0.0253004525 0.999317884
vn -0.923097491 0.289799213 -0.252799302
vn 0.709212363 -0.132602304 0.692412078
vn -0.280008525 0.0384011678 0.959229171
vn 0.792790711 -0.144598305 0.59209305
vn -0.978403687 0.119300447 -0.168800637
vn -0.99009496 0.140399277 0.000199998976
vn -0.0948030353 -0.0113003626 0.9954319
vn -0.953078628 0.101797715 0.285093606
vn -0.938290298 0.0588993877 0.340796471
vn -0.026698973 -0.0703972951 0.997161686
vn -0.426486909 0.0785975829 0.901072323
vn -0.881415606 0.125702232 0.45530808
vn -0.013399709 -0.0604986884 0.998078346
vn -0.911185205 0.0792987123 0.404293448
vn -0.156706959 0.00160007109 0.987643838
vn 0.0956004485 -0.0549002588 0.99390471
vn -0.858518243 0.171903655 0.483110279
vn -0.013399709 -0.0604986884 0.998078346
vn -0.0260991994 -0.0526983812 0.998269379
vn 0.307915419 -0.0961048082 0.946547389
vn 0.12819986 -0.0535999388 0.990298867
vn 0.0956004485 -0.0549002588 0.99390471
vn 0.323001385 -0.131600559 0.937204003
vn 0.12819986 -0.0535999388 0.990298867
vn -0.91317451 0.113696821 0.391389072
vn 0.0194001421 -0.0401002951 0.999007285
vn 0.367080778 -0.0798958167 0.926751494
vn 0.346896946 -0.0750993416 0.93489176
vn -0.930387974 -0.124198399 0.344895542
vn -0.873404801 -0.0716003925 0.481702656
vn 0.211505994 -0.0532015078 0.975927651
vn -0.909215868 0.195803419 0.367406428
vn 0.211505994 -0.0532015078 0.975927651
vn -0.851985097 0.196996555 0.485091507
vn 0.525988758 -0.118597463 0.842181981
vn -0.773496747 -0.0862996429 0.627897382
vn -0.636558831 -0.121792123 0.761550725
vn -0.789571345 0.197292835 0.581078887
vn 0.628670454 -0.136693582 0.765564024
vn -0.873026073 -0.0336010046 0.486514539
vn 0.473681271 -0.122995138 0.872065485
vn 0.347799301 -0.080599837 0.934098125
vn -0.919019759 0.233105004 0.317906827
vn 0.0693010762 -0.0419006497 0.996715426
vn 0.347799301 -0.080599837 0.934098125
vn -0.889960527 0.22409007 0.397182405
vn 0.195708603 -0.0674029589 0.97834295
vn -0.366003186 -0.00320002786 0.930608094
vn -0.244294286 -0.00679984083 0.969677329
vn -0.328118891 -0.121006966 0.936853945
vn -0.843122125 0.232806101 0.48471272
vn -0.64980036 -0.0708000362 0.756800413
vn -0.486199439 -0.0937998891 0.868798971
vn 0.195708603 -0.0674029589 0.97834295
vn 0.428198129 -0.140499383 0.892696083
vn 0.571010232 -0.144002572 0.808214426
vn 0.505606115 -0.126701534 0.853410304
vn 0.552221954 -0.156206205 0.818932533
vn -0.79460609 0.242701858 0.55650425
vn -0.912594497 0.268098384 0.308698148
vn -0.95245111 0.299216062 0.0575030856
vn -0.73462522 0.20700711 0.646122158
vn -0.905182123 0.305593967 0.295394152
vn -0.632281601 0.154495507 0.759177923
vn -0.427198082 0.0916995853 0.899495959
vn -0.920797884 0.151299655 -0.359499186
vn -0.311104387 0.0527007468 0.948913395
vn -0.576782703 0.16099517 0.800875962
vn -0.853273213 0.266391635 0.448285937
vn -0.699381113 0.213294238 0.682181537
vn -0.802874506 0.27909115 0.526783288
vn -0.210601032 0.0333001614 0.977004766
vn 0.869360566 -0.141193599 0.473578513
vn -0.108402573 0.0191004537 0.993923545
vn 0.92396307 -0.181292757 0.336786538
vn -0.560019791 0.186006576 0.807328522
vn 0.961101115 -0.19490023 0.195700228
vn -0.423096716 0.115499102 0.898693025
vn 0.851399124 -0.188699812 0.489399523
vn -0.700773835 0.226191565 0.676574767
vn 0.904294431 -0.219098657 0.366397768
vn -0.393795252 0.118798569 0.91148901
vn -0.286404461 0.0648010075 0.955914915
vn 0.714732885 -0.173907995 0.677431166
vn 0.648230851 -0.173408255 0.741435289
vn -0.199803635 0.0580010526 0.978117764
vn -0.278995633 0.0819987208 0.956785083
vn -0.028600404 -0.0188002661 0.999414086
vn 0.783283472 -0.179496214 0.595187426
vn 0.056898199 -0.04709851 0.997268438
vn 0.184207976 -0.101404391 0.977642357
vn 0.373791844 -0.161296472 0.913380027
vn 0.580478966 -0.192593023 0.791171312
vn 0.961149037 -0.232611865 0.148607582
vn 0.960831881 -0.276409179 0.0200006645
vn 0.508716822 -0.189906284 0.839727819
vn 0.373791844 -0.161296472 0.913380027
vn 0.664882481 -0.20069471 0.719481051
vn 0.591687977 -0.22239548 0.774884224
vn 0.664398074 -0.239699304 0.707897902
vn 0.946422994 -0.310707539 -0.0880021378
vn 0.956225991 -0.288007826 0.0518014058
vn 0.939315259 -0.30120489 0.16420266
vn 0.184207976 -0.101404391 0.977642357
vn 0.419021457 -0.165608481 0.892745674
vn 0.517528415 -0.205811307 0.830545604
vn 0.0108995857 -0.0188992806 0.999761999
vn 0.104302406 -0.0493011363 0.993322909
vn 0.0201990698 -0.0219989866 0.999553919
vn 0.203599572 -0.0772998333 0.975997925
vn 0.203599572 -0.0772998333 0.975997925
vn -0.216589347 0.0977951884 0.97135222
vn -0.110396512 0.0377988033 0.993168592
vn -0.162294179 0.0938966274 0.982264757
vn -0.0921026021 0.204005763 0.974627495
vn -0.21100536 0.30880785 0.927423537
vn -0.181697473 0.21219705 0.96018666
vn -0.775377929 0.2846919 -0.563683927
vn -0.603327692 0.580026627 -0.547325134
vn -0.552301347 0.608701468 -0.569601357
vn -0.565117359 0.546416759 -0.618119001
vn 0.669907868 -0.27000317 0.691608131
vn 0.744508088 -0.308603376 0.592006445
vn -0.256692767 0.423688084 0.86867559
vn -0.378681213 0.42657885 0.821359277
vn -0.596576869 0.660574377 -0.455782324
vn -0.803819895 0.273806781 -0.528113067
vn 0.60370177 -0.234300688 0.76200223
vn 0.0585972704 0.137593597 0.988753974
vn 0.0154005624 0.087603204 0.99603641
vn 0.0995962992 0.0792970583 0.991863191
vn -0.000799983332 0.143297017 0.989679396
vn 0.588115394 -0.248606503 0.769620121
vn 0.497914821 -0.215106413 0.840125024
vn 0.446589589 -0.450789481 -0.772881985
vn 0.608162522 -0.510768533 -0.607662559
vn 0.783123791 -0.345410496 0.517115712
vn 0.404425859 -0.464129657 -0.788050354
vn -0.0377005674 0.0234003533 -0.999015033
vn 0.0118995402 -0.0461982153 -0.998861432
vn -0.0599015839 0.0394010432 -0.997426391
vn 0.664079249 -0.307990372 0.681278706
vn 0.171406925 0.0457018465 0.98413974
vn 0.124395937 0.154894933 0.980067968
vn -0.730009496 0.319404155 -0.604207873
vn 0.00820027944 0.221907556 0.975033224
vn -0.847257555 0.294185251 -0.442277849
vn -0.893778324 0.318092287 -0.316192329
vn -0.940020502 0.313006818 -0.135602966
vn -0.0378010198 0.0108002909 0.999226928
vn -0.0921026021 0.204005763 0.974627495
vn -0.135896295 0.309391558 0.941174328
vn -0.58608222 0.606581628 0.537183702
vn -0.493185818 0.558483958 0.666980803
vn -0.552178681 0.662174404 0.506580412
vn -0.513126254 0.732837498 0.446822852
vn -0.586530566 0.729137957 0.352618366
vn -0.903078437 0.346391737 -0.253893942
vn 0.092599839 -0.0468999185 0.994598269
vn 0.203599572 -0.0772998333 0.975997925
vn -0.542089641 0.776885211 0.320293903
vn -0.815007746 0.316303015 -0.485504627
vn -0.779892147 0.336296618 -0.527894676
vn -0.00289994851 -0.00519990781 0.999982297
vn -0.405380398 0.552273273 0.728464782
vn -0.868723571 0.346609414 -0.353809595
vn -0.702533901 0.574627757 -0.419820279
vn -0.69460851 0.517506361 -0.499706119
vn -0.758966506 0.503977776 -0.412281811
vn -0.841112137 0.36060521 -0.403105795
vn -0.135896295 0.309391558 0.941174328
vn -0.776809871 0.569907248 -0.267903388
vn -0.890991926 0.404596329 -0.205998123
vn -0.839534819 0.513421297 -0.177707359
vn -0.818049014 0.574664176 -0.0235985294
vn -0.757590115 0.651491523 -0.0401994772
vn -0.632191896 0.284496367 -0.720690787
vn -0.123096898 0.378990442 0.917176843
vn -0.123096898 0.378990442 0.917176843
vn -0.0449022055 0.290414244 0.955846906
vn 0.314601064 -0.101300336 0.943803191
vn -0.448199213 0.655698836 0.60759896
vn -0.733229518 0.632825494 -0.248810008
vn -0.675652683 0.317277789 -0.665453434
vn -0.777514875 0.454708695 0.434408307
vn -0.794916391 0.505910397 0.334906906
vn -0.823618174 0.430509508 0.369208157
vn -0.829885423 0.499091208 0.249395609
vn -0.786572158 0.561480105 0.25699091
vn -0.846194863 0.530796766 0.0469997153
vn -0.23989141 0.532580912 0.811670899
vn -0.34111613 0.693732798 0.634330034
vn -0.0828977227 0.0505986139 0.995272696
vn -0.756695867 0.504997253 0.41519773
vn 0.0541992709 0.242696732 0.968586981
vn -0.0106000099 0.331200331 0.943500936
vn 0.0283999015 -0.000499998278 0.999596536
vn 0.128597587 0.21149604 0.968881845
vn -0.63729918 0.318099588 -0.701899111
vn -0.762901247 0.548400879 0.342400551
vn -0.37069115 0.211394951 -0.904378355
vn -0.575907528 0.292203814 -0.763509989
vn 0.092599839 -0.0468999185 0.994598269
vn 0.316513002 -0.121004969 0.940838635
vn -0.696679056 0.355889291 -0.622881293
vn -0.837680697 0.544787467 0.0386991091
vn -0.657004654 0.361602575 -0.661504686
vn 0.571600318 -0.290200174 0.76750046
vn -0.776899517 0.618199646 0.119399928
vn -0.10839738 0.45028913 0.88627857
vn -0.436010003 0.538812399 -0.720816553
vn -0.298512518 0.360415131 -0.883737087
vn -0.4284136 0.436013848 -0.791425109
vn -0.302986562 0.285387337 -0.909259677
vn -0.208703786 0.299105436 -0.931116879
vn -0.161595955 0.172995672 -0.971575677
vn -0.724482119 0.352091312 0.592585385
vn -0.791205525 0.369102567 0.487603396
vn -0.759622455 0.311309218 0.571016908
vn -0.743181169 0.635083914 0.210594669
vn -0.748721421 0.380910903 -0.542515516
vn -0.792318583 0.3805089 -0.476911157
vn -0.507710576 0.550611436 -0.66261375
vn -0.787088037 0.406793833 0.463692963
vn -0.841794848 0.408897489 0.352397859
vn -0.755990326 0.375895172 0.535893142
vn -0.843704402 0.407702118 -0.349201798
vn -0.701084077 0.545887589 0.458789557
vn -0.479629904 0.646640301 -0.593136966
vn -0.718194604 0.398697019 -0.570295691
vn -0.706541657 0.407124013 0.578834116
vn -0.7254228 0.598118782 0.340610713
vn -0.727067828 0.654271066 0.208090797
vn -0.409496546 0.609994888 -0.678394318
vn 0.708790481 -0.347495317 0.613891721
vn -0.778297126 0.434898406 -0.452898353
vn 0.617143154 -0.330123097 0.714249969
vn -0.531588674 0.669685721 -0.51858896
vn 0.197308034 -0.0505020581 0.979039848
vn 0.240102544 -0.100701071 0.965510249
vn 0.35591355 -0.187407136 0.915534854
vn -0.917450249 0.335081816 0.214488357
vn -0.935866177 0.345087528 0.0711974278
vn -0.927998781 0.365599513 -0.0717999041
vn 0.112500407 0.026300095 0.993303537
vn 0.102403745 -0.00360013172 0.994736373
vn 0.490108788 -0.245704398 0.836314976
vn -0.474214792 0.72242254 -0.503215671
vn -0.865683198 0.324593693 0.381092608
vn -0.649986565 0.571688175 -0.500689626
vn 0.556610405 -0.291605473 0.777914584
vn -0.0857983157 0.0872982889 -0.992480576
vn -0.135494187 0.175792456 -0.975058138
vn 0.110896982 -0.0301991776 0.993372977
vn 0.300404817 -0.154502481 0.941215158
vn -0.0747021958 0.0995029286 -0.992229164
vn -0.645000279 0.610300303 -0.4599002
vn -0.918030679 0.380712718 0.110803708
vn 0.110896982 -0.0301991776 0.993372977
vn 0.30709815 -0.140199155 0.941294312
vn 0.481113642 -0.25010711 0.840223849
vn 0.00140001194 0.0241002068 -0.999708593
vn -0.893913031 0.377105474 0.24230352
vn -0.86492157 0.33570838 0.373109311
vn -0.704614818 0.648113608 -0.288906068
vn 0.0252991803 0.0319989659 0.999167681
vn -0.741177678 0.670879781 -0.0239992775
vn 0.0252991803 0.0319989659 0.999167681
vn -0.698709309 0.710609496 -0.0827011019
vn -0.725192904 0.688493252 0.00849991664
vn -0.068998903 0.191396967 -0.979084432
vn -0.811305165 0.316402018 0.491603136
vn 0.505305052 -0.2601026 0.822808266
vn -0.286706835 0.474211305 -0.832419872
vn -0.814700603 0.35190025 0.460900337
vn -0.728786409 0.267595023 0.630288243
vn -0.341903508 0.571205854 -0.746207654
vn -0.220705733 0.478812456 -0.849722087
vn -0.861836672 0.365615577 0.351514965
vn -0.649589896 0.660689712 -0.376194149
vn -0.140001088 0.283802211 -0.948607385
vn -0.673674166 0.40848431 -0.615876377
vn -0.744690061 0.451193959 -0.491793424
vn -0.911900163 0.410100073 0.0160000026
vn -0.630027652 0.717031479 -0.298213094
vn -0.709492564 0.458695203 -0.534994423
vn -0.880580902 0.445890307 -0.160496518
vn -0.884284556 0.414092779 0.215796232
vn -0.779683053 0.468289822 -0.415690958
vn -0.898532212 0.437215656 0.0385013781
vn -0.659710169 0.745311499 -0.0964014903
vn -0.824711442 0.469906539 -0.314704388
vn -0.361493051 0.688986719 -0.628187895
vn -0.830497921 0.48659879 -0.271099329
vn -0.80042994 0.503018796 -0.326012194
vn -0.730389655 0.656390727 0.188897327
vn -0.859878123 0.450088561 0.240893871
vn -0.843023717 0.505714238 -0.183205158
vn -0.878631413 0.476917028 -0.0236008428
vn -0.86261189 0.501206875 0.0685009435
vn -0.289996564 0.663392186 -0.689791858
vn -0.848385572 0.529191017 0.01409976
vn -0.00389986392 0.115795963 -0.99326539
vn -0.676504254 0.625003934 0.389502436
vn -0.697015584 0.647914469 0.307206869
vn -0.704302073 0.690002024 0.166900486
vn -0.045300778 0.285804927 -0.957216501
vn -0.194600523 0.485501289 -0.852302253
vn 0.0799001753 0.0662001446 -0.994602203
vn -0.68622309 0.725224435 0.0561018884
vn -0.281003416 0.176102132 -0.94341141
vn -0.504993737 0.329895914 -0.797590137
vn 0.930388927 -0.337995976 -0.141898319
vn -0.662692487 0.71369195 0.226897433
vn -0.231698304 0.64659524 -0.72679466
vn -0.615756989 0.377073675 -0.691851676
vn -0.636984825 0.763581812 0.105797485
vn -0.626280189 0.776875436 -0.0650979429
vn -0.324994177 0.237595737 -0.915383577
vn -0.443623185 0.334017456 -0.831643462
vn -0.423105299 0.674408436 -0.605107546
vn -0.188307211 0.13820529 -0.972337246
vn 0.903492808 -0.400096804 -0.153698772
vn -0.660623252 0.667823493 0.342912078
vn 0.93957454 -0.338090837 0.0537985414
vn -0.615683198 0.755279362 0.224693865
vn -0.547318339 0.429814398 -0.718124092
vn -0.668191254 0.442094207 -0.598392129
vn -0.628271043 0.459678799 -0.627671063
vn 0.910987258 -0.411694229 0.0246996544
vn 0.904049695 -0.328481704 0.273484766
vn 0.853442609 -0.321616054 0.410120487
vn -0.551895916 0.246998161 0.796494067
vn -0.350400627 0.140500247 0.926001668
vn -0.406099766 0.182599902 0.895399511
vn -0.396813661 0.724324942 -0.563819408
vn -0.656584203 0.502387941 -0.562586486
vn -0.366092056 0.784082949 -0.501189113
vn -0.319395691 0.794689298 -0.516193032
vn -0.595287204 0.312193274 0.740384042
vn -0.688401341 0.291900545 0.664001286
vn 0.844987929 -0.361394823 0.394194365
vn -0.483896613 0.234598354 0.84309411
vn -0.124706149 0.490024149 -0.862742543
vn 0.754922569 -0.545516312 -0.36401087
vn 0.786534011 -0.542523444 -0.295012772
vn 0.872071743 -0.40888676 -0.268891275
vn -0.118201353 0.579006612 -0.80670923
vn -0.355382025 0.182390779 0.91675365
vn 0.844095409 -0.44099763 -0.304998338
vn -0.174593657 0.690774918 -0.701674521
vn 0.72311759 -0.548813343 -0.419410199
vn -0.230599672 0.136699811 0.963398635
vn 0.871449471 -0.456925929 -0.178310126
vn -0.237690046 0.72146982 -0.650372803
vn 0.704370201 -0.532577455 -0.469280154
vn 0.674300313 -0.543800235 -0.499600232
vn 0.892919481 -0.444109678 -0.0739016086
vn -0.290200859 0.760102272 -0.581401765
vn -0.159399629 0.15099965 -0.97559768
vn -0.274311751 0.254910916 -0.927239716
vn -0.513394356 0.442295134 -0.735391915
vn -0.400589883 0.354791045 -0.844778717
vn 0.822627723 -0.500916898 -0.269009084
vn -0.588895261 0.505895913 -0.630294919
vn -0.175001577 0.777607024 -0.603905439
vn -0.651222885 0.35821259 0.669023514
vn 0.0144000491 -0.0242000837 -0.999603391
vn 0.835210085 -0.529106379 -0.149901807
vn 0.807504654 -0.551403165 -0.209501207
vn -0.4571096 0.282605916 0.843317688
vn -0.561518788 0.276709259 0.779826045
vn -0.567610919 0.370907128 0.735014141
vn -0.235398769 0.842295587 -0.484897465
vn -0.611909091 0.220703274 0.759511232
vn -0.411106169 0.12900193 0.902413547
vn -0.441289693 0.433189869 -0.785881639
vn -0.141606867 0.845640957 -0.514624953
vn -0.523491919 0.516292036 -0.677789569
vn -0.333597362 0.208398342 0.919392705
vn -0.213794842 0.141496584 0.966576695
vn -0.201903388 0.92921555 -0.309505194
vn -0.518312812 0.195604846 0.832520604
vn -0.6583004 0.245200142 0.711700439
vn -0.279403508 0.0945011899 0.955511987
vn -0.129896253 0.093897298 0.987071574
vn -0.328709871 0.234607056 0.914827466
vn -0.545795143 0.75559324 -0.362196773
vn -0.190797746 0.0616992712 0.979688406
vn -0.622303009 0.540302634 -0.566402733
vn -0.597372234 0.751165092 -0.280886948
vn -0.566076219 0.819865525 -0.0858963877
vn -0.0540023036 0.0509021729 0.99724257
vn -0.499404669 0.833207786 -0.237402216
vn -0.45519504 0.807991147 -0.374095917
vn -0.492321223 0.865737319 -0.090103887
vn -0.535386086 0.844078064 0.0298992228
vn -0.119096108 0.102596648 0.987567723
vn -0.575124502 0.81553477 0.0643027425
vn -0.56152159 0.804130912 0.195107505
vn -0.0503985435 0.0931973085 0.994371295
vn -0.712106645 0.468704373 0.52270484
vn -0.60882926 0.414119929 0.676632524
vn -0.499714434 0.811723411 0.302308738
vn -0.395115316 0.8020311 -0.447917372
vn -0.511081159 0.379186004 0.771371543
vn -0.334806681 0.877717495 -0.342806816
vn -0.183002934 0.165302649 0.969115555
vn -0.398578376 0.880452275 -0.256786078
vn -0.644475102 0.470181823 0.60297668
vn -0.346310318 0.286108524 0.893426597
vn -0.41531378 0.907730103 -0.0595019758
vn -0.468193591 0.883587897 0.00819988735
vn -0.324714214 0.933840871 -0.150006562
vn -0.232307315 0.224707067 0.946329772
vn -0.345385462 0.938460469 0.000899962091
vn -0.489906311 0.860411048 0.140301809
vn -0.660802424 0.585102141 0.470101714
vn -0.439408511 0.867916763 0.231604472
vn -0.61452204 0.495317757 0.614022017
vn -0.445581615 0.784067631 0.432082146
vn -0.403394014 0.848187387 0.343294919
vn -0.609599948 0.531199932 0.588399947
vn -0.46841678 0.392314047 0.791628361
vn -0.42149663 0.900892794 0.103599168
vn -0.292797029 0.291397035 0.910690784
vn -0.533566236 0.517367244 0.669057667
vn -0.371390879 0.921377361 0.114597186
vn -0.329189003 0.377387404 0.865571082
vn -0.341892809 0.898081064 0.276694179
vn -0.0787994191 0.137998983 0.987292707
vn -0.253403932 0.942614555 0.217403367
vn -0.320084244 0.936853886 0.140893072
vn -0.24380742 0.900727391 0.359510928
vn -0.271701753 0.854305565 0.443102896
vn 0.0487010777 0.0527011678 0.997422099
vn -0.0503985435 0.0931973085 0.994371295
vn -0.113596618 0.772976995 0.62418139
vn 0.0154005624 0.087603204 0.99603641
vn -0.282708883 0.906628489 -0.313209862
vn -0.219593465 0.970171154 -0.102696948
vn -0.0815027729 0.99233377 -0.0929031596
vn -0.000799983332 0.143297017 0.989679396
vn -0.299012691 0.954140484 0.0144006107
vn -0.272595108 0.954182863 0.123397782
vn -0.197900027 0.977500141 0.0730000138
vn -0.104995541 0.98715806 0.120394886
vn -0.153594673 0.961566687 0.227592111
vn -0.118998513 0.929688334 0.348595619
vn -0.614234388 0.605433881 0.506128371
vn -0.640432894 0.635932624 0.430622101
vn -0.430492729 0.751787305 0.499491572
vn -0.619209111 0.665909767 0.416106105
vn -0.298089862 0.749274492 0.591379881
vn 0.128597587 0.21149604 0.968881845
vn 0.07859613 0.284485996 0.955452979
vn 0.0541992709 0.242696732 0.968586981
vn -0.0106000099 0.331200331 0.943500936
vn 0.0187995005 0.391289592 0.920075536
vn -0.33540529 0.808112741 0.48420766
vn -0.199011981 0.605136395 0.770846367
vn -0.0049999319 0.506393075 0.862288237
vn 0.134100333 0.311300755 0.940802276
vn -0.160594836 0.772175193 0.614780247
vn -0.109399594 0.636597633 0.763397157
vn 0.134195328 0.403985918 0.904868484
vn 0.102202579 0.505212784 0.856921613
vn 0.0540989637 0.660487354 0.748885691
vn 0.293112695 0.0786034018 0.952841282
vn 0.31841132 0.121504322 0.940133452
vn 0.409593135 0.0182996932 0.912084758
vn 0.656399429 -0.391299665 0.644999444
vn 0.713096917 -0.435998112 0.548997641
vn 0.688303947 -0.448702574 0.570003271
vn 0.876775086 -0.410388321 0.250692874
vn 0.302606106 0.0945019126 0.948419154
vn 0.746259809 -0.637965679 0.189989775
vn 0.757295907 -0.572796881 0.313698292
vn 0.747470438 -0.64557445 0.1565938
vn 0.349797934 0.125399262 0.928394556
vn 0.765402496 -0.552501798 0.330001086
vn 0.746112168 -0.498208135 0.441707224
vn 0.789500654 -0.542300463 0.287400246
vn 0.25888887 0.14369382 0.955158949
vn 0.818420231 -0.413110226 0.39940989
vn 0.728326321 -0.574220777 0.373913497
vn 0.268890053 0.232591391 0.934665382
vn 0.349797934 0.125399262 0.928394556
vn 0.36489895 0.18639946 0.912197351
vn 0.675225496 -0.676525533 0.293911099
vn 0.640377164 -0.399185777 0.656176627
vn 0.666471958 -0.623073757 0.409382761
vn 0.231399953 0.359999925 0.903799832
vn 0.188808143 0.30441314 0.933640242
vn 0.884217739 -0.45990923 0.0815016329
vn 0.709883869 -0.484089017 0.511588395
vn 0.313903302 0.302403182 0.900009453
vn 0.735875726 -0.529382527 0.422186077
vn 0.868068933 -0.49598226 -0.0213992335
vn 0.754621625 -0.484213889 0.442812711
vn 0.848576844 -0.460387439 0.260692894
vn -0.0995005146 0.864604473 0.49250254
vn 0.7288782 -0.442786753 0.522184372
vn 0.0523009226 0.815414369 0.576510191
vn 0.101805046 0.640431762 0.761237741
vn 0.75496006 -0.345181733 0.557570517
vn 0.595478773 -0.341287851 0.72727412
vn 0.728002727 -0.151600569 0.668602526
vn 0.514316797 -0.284809291 0.808926404
vn 0.338292748 0.378691882 0.861481547
vn 0.23970823 0.516217709 0.822228193
vn 0.115804248 0.161005899 -0.980135918
vn 0.853534758 -0.492520064 0.170006931
vn 0.826809525 -0.54970634 -0.11920137
vn -0.0207994208 0.375289559 -0.926674247
vn 0.415222913 -0.205311343 0.886248946
vn 0.830290139 -0.557193398 0.0123998532
vn 0.832576811 -0.541584909 0.116196759
vn 0.193501517 -0.0576004498 -0.979407668
vn 0.512506783 0.242903203 0.823610842
vn 0.398927152 0.25621745 0.880459964
vn 0.473705083 0.136701465 0.870009303
vn 0.819775224 -0.463185996 0.336789817
vn 0.221009314 -0.0629026517 0.973241031
vn 0.586918712 -0.355911344 0.727223158
vn 0.818361461 -0.497976542 0.286886483
vn 0.36489895 0.18639946 0.912197351
vn 0.781090975 -0.432795018 0.450094819
vn 0.535504341 -0.298802435 0.789906442
vn 0.157001421 0.148901343 -0.976308823
vn 0.398927152 0.25621745 0.880459964
vn 0.451123089 0.370018929 0.812141597
vn 0.0949949026 0.386579245 -0.917350769
vn 0.616397738 -0.39499855 0.681197464
vn -0.0209001396 0.572403789 -0.819705486
vn 0.758912265 -0.389306277 0.522008419
vn 0.111798078 0.466391981 -0.877484858
vn 0.0596985109 0.643183947 -0.763380945
vn 0.406600624 -0.167600259 0.898101389
vn -0.0240999851 0.718799531 -0.694799542
vn 0.512506783 0.242903203 0.823610842
vn 0.239106566 -0.0301008262 0.970526636
vn 0.671620727 -0.368211389 0.642919838
vn 0.729684889 -0.415991396 0.542688787
vn 0.315993726 -0.0596988164 0.946881175
vn 0.0303991213 0.763677895 -0.644881368
vn 0.761985064 -0.583888531 0.280094504
vn 0.730315149 -0.58011204 0.360707462
vn 0.723782599 -0.51308769 0.461388916
vn 0.727486789 -0.60138911 0.330294013
vn 0.24151361 -0.176809967 -0.954153776
vn 0.199606031 -0.0692020878 -0.977429509
vn 0.716782629 -0.528487206 0.45488897
vn 0.738665164 -0.585572422 0.333884269
vn 0.66970247 -0.44810167 0.592202187
vn 0.722383142 -0.394690782 0.567786753
vn 0.664897025 -0.457797974 0.590197384
vn 0.156797782 -0.190997303 -0.968986332
vn 0.685301661 -0.473401129 0.553401351
vn 0.669115305 -0.477310926 0.569613039
vn 0.65739429 -0.365096807 0.659194291
vn 0.112397544 0.0129997162 -0.993578255
vn 0.754818857 -0.565114141 -0.333008319
vn 0.0767023042 0.600518048 -0.795923889
vn 0.668300152 -0.191200048 0.718900144
vn 0.590567827 -0.306883276 0.746359348
vn 0.567628562 -0.102005132 0.816941082
vn 0.467100143 0.002700001 0.884200275
vn 0.599714696 0.0747018307 0.796719491
vn 0.016500406 0.196204826 -0.980424106
vn 0.630096316 -0.39609769 0.667896092
vn 0.768037617 -0.595329165 -0.23601155
vn 0.801950634 -0.589063704 -0.0993938819
vn 0.0451991633 0.743786216 -0.666887641
vn 0.727499247 -0.16689983 0.66549927
vn 0.682297409 -0.612397671 -0.399298489
vn -0.0807968751 0.52867955 -0.844967306
vn 0.667557716 -0.00279982248 0.744552791
vn 0.679691732 0.171397924 0.71319133
vn 0.636337757 0.199211821 0.745244205
vn 0.495519936 -0.236309499 0.835833609
vn -0.0776019841 0.692617714 -0.717118323
vn 0.636337757 0.199211821 0.745244205
vn 0.679691732 0.171397924 0.71319133
vn 0.620403469 0.350701958 0.701503873
vn -0.157702282 0.658009529 -0.736310661
vn 0.575517833 0.235907301 0.783024251
vn 0.361887395 -0.0290989857 0.931767523
vn 0.233709142 0.064902544 0.970137954
vn 0.776264429 -0.612571955 -0.148893178
vn 0.727215588 -0.627413452 -0.278405964
vn 0.577613652 -0.346508175 0.739117444
vn -0.130598336 0.836489379 -0.532193244
vn -0.0175008159 0.843639314 -0.536625028
vn 0.520617187 -0.191106305 0.832127452
vn 0.572611511 0.253605098 0.779615641
vn 0.572611511 0.253605098 0.779615641
vn 0.0445019044 0.989542365 -0.137205884
vn -0.0742987767 0.989383757 -0.124897949
vn 0.806790888 -0.587993324 0.0578993447
vn 0.809334874 -0.560324132 0.176107585
vn 0.203303233 0.117701873 0.97201544
vn -0.0234003253 0.97061348 -0.239503339
vn 0.0635980144 0.997468829 -0.0317990072
vn -0.0442021377 0.812539279 -0.581228077
vn -0.00630011642 0.996718407 0.0807014927
vn 0.119796634 0.991372108 0.0531985052
vn -0.0134998802 0.936391711 -0.350696892
vn -0.0351010822 0.995130658 0.0921028331
vn 0.789148748 -0.614037931 -0.0142008774
vn 0.554505944 -0.192502052 0.809608638
vn 0.414208561 -0.04600095 0.909018815
vn 0.0752974823 0.98626709 0.146995097
vn 0.594485939 -0.338291973 0.72948271
vn 0.120492369 0.909842372 -0.397074848
vn 0.072802119 0.872525454 -0.483114094
vn 0.753614247 -0.651112318 -0.090101704
vn 0.768466175 -0.636771977 0.0630972236
vn 0.780784249 -0.585388184 0.218395591
vn 0.14129968 0.967997849 0.207399532
vn 0.229709432 0.960739434 0.155606389
vn 0.0701007694 0.96421051 0.255702794
vn 0.297395676 0.902786851 0.310695469
vn 0.392511785 0.892226756 0.223306701
vn 0.123305023 0.984540105 -0.124405071
vn 0.15349257 0.955453694 -0.252087772
vn 0.606079817 0.488683701 0.627579093
vn 0.579611301 0.47780931 0.660112858
vn 0.470018417 0.774030328 0.424216628
vn 0.584971249 0.480676353 0.65326786
vn 0.642120838 0.367411941 0.672821879
vn 0.468704373 0.772907197 0.427703977
vn 0.603400588 -0.572900534 -0.554700553
vn 0.54828614 -0.536186457 -0.641783774
vn 0.641480684 -0.612581551 -0.461786091
vn 0.531311572 0.377508223 0.758416474
vn 0.663883984 -0.662984014 -0.345991671
vn 0.208202243 0.975010514 -0.0775008351
vn 0.523307741 -0.591608763 -0.613309085
vn 0.00799978245 0.991972983 0.126196563
vn 0.182391733 0.21219039 0.960056484
vn 0.280807287 0.863322437 0.419310898
vn 0.221201017 0.957904398 0.183000833
vn 0.314311564 0.938834548 0.140705183
vn 0.475316048 0.67112267 0.568919182
vn 0.249389067 0.967657566 0.0379983336
vn 0.716844201 -0.666041076 -0.206212714
vn 0.589611411 -0.671712995 -0.44850868
vn 0.435111314 -0.536313951 -0.723218799
vn 0.201096416 0.979182541 0.0275995079
vn 0.659194589 -0.700394213 -0.273697734
vn 0.554275334 -0.700468838 -0.449580014
vn 0.452416211 0.550619721 0.701525152
vn 0.541089177 -0.673886538 -0.503089905
vn 0.639017403 -0.714919508 -0.283807755
vn 0.704003394 -0.690403283 -0.166500792
vn 0.730793118 -0.679193556 -0.0680993572
vn 0.496792525 -0.503492415 -0.706889391
vn 0.407514006 -0.64272213 -0.648722291
vn 0.574168384 -0.649964213 -0.497872591
vn 0.622270644 -0.71396637 -0.32098487
vn 0.5156914 -0.635989428 -0.574090421
vn 0.450575322 -0.544370174 -0.707561255
vn 0.677516818 -0.71911782 -0.154403821
vn 0.425998092 -0.903895974 -0.0386998281
vn 0.545582116 -0.837872565 0.0175994225
vn 0.478596836 -0.830494523 -0.284998119
vn 0.674781919 -0.716280818 -0.177795231
vn 0.725744665 -0.687042296 -0.0356021933
vn 0.720329404 -0.693628311 -0.00230009388
vn 0.696259379 -0.708158672 -0.117193155
vn 0.614620745 -0.787526608 0.0452015251
vn 0.545612395 -0.824918687 0.14770335
vn 0.38878718 -0.899470329 0.199493423
vn 0.658204496 -0.729804993 0.184801266
vn 0.516209543 -0.798814714 0.308905691
vn 0.0408995897 0.926890731 0.373096257
vn 0.215497568 0.735191703 0.642692745
vn 0.19460313 0.887214243 0.418306708
vn 0.499325156 -0.603530407 -0.621631324
vn 0.578700781 -0.711100936 0.399300516
vn 0.286800355 -0.93910116 0.189300239
vn 0.745698214 -0.665998399 0.0194999538
vn 0.731796384 -0.670496702 0.122099392
vn 0.735900342 -0.654800296 0.172300071
vn 0.287302345 -0.895007253 0.341202766
vn 0.760015905 -0.641913414 0.101602122
vn 0.630594194 -0.770592868 -0.0923991427
vn 0.529594719 -0.667993307 -0.522794783
vn 0.565292299 -0.746489823 -0.350995213
vn 0.215706751 -0.848626554 0.48301512
vn 0.747517884 -0.65131557 0.130403116
vn 0.429792017 -0.779385507 0.45589152
vn 0.320791841 -0.844378531 0.429089099
vn 0.348181427 0.517172396 0.781858265
vn 0.758072734 -0.608478129 0.23469156
vn 0.70459038 -0.708690345 0.0361995064
vn 0.356094271 -0.765587687 0.535791397
vn 0.371598572 -0.621697605 0.689497352
vn 0.189805076 -0.687318385 0.701118767
vn 0.357204795 0.702709436 0.615308225
vn -0.168498784 0.557796001 -0.812694132
vn 0.74275738 -0.621864319 0.248185769
vn 0.744419038 -0.611915648 0.267206848
vn -0.221495837 0.734286189 -0.64168793
vn -0.199195966 0.693385959 -0.692485988
vn 0.770894527 -0.475696594 0.423596978
vn 0.615327895 0.394017845 0.682730913
vn -0.219792932 0.899971068 -0.376487911
vn 0.516802251 0.35920155 0.777103364
vn -0.144396082 0.921674967 -0.360090226
vn -0.104200743 0.988207042 -0.112200804
vn -0.104598656 0.9891873 0.102798685
vn -0.133693695 0.984753489 0.111294746
vn -0.120097689 0.988880932 -0.0876983106
vn -0.0704998896 0.9280985 0.365599424
vn 0.135795474 -0.852971554 0.5039832
vn 0.00930021331 -0.876720071 0.480911016
vn 0.215711311 -0.271514237 0.937949181
vn 0.187505037 -0.404910892 0.894924045
vn 0.0339010954 -0.812826276 0.581518829
vn 0.0806996599 -0.551297724 0.830396533
vn 0.442103952 -0.724506497 0.528804719
vn -0.0415024459 0.968757093 0.244514406
vn 0.70568651 -0.618188202 0.346193403
vn 0.0240994263 0.868679345 0.494788229
vn 0.979074419 -0.0277992748 0.20159474
vn 0.236608192 -0.490116954 0.838929057
vn 0.11939843 -0.692990839 0.710990608
vn 0.620607495 -0.555406749 0.553506732
vn 0.0958013237 -0.325104505 0.940813065
vn 0.187505037 -0.404910892 0.894924045
vn 0.0958013237 -0.325104505 0.940813065
vn 0.105104774 -0.0617028028 0.992545068
vn 0.656002939 -0.35920161 0.663802981
vn 0.215711311 -0.271514237 0.937949181
vn 0.100501202 0.199102372 0.974811673
vn 0.572712958 -0.17880404 0.800018132
vn 0.572712958 -0.17880404 0.800018132
vn 0.25220722 0.336109608 0.90742594
vn 0.417315394 0.26080963 0.870532155
vn 0.548099577 -0.00479999604 0.836399317
vn 0.0630006194 0.444604367 0.893508732
vn 0.0989999399 0.287999809 0.95249939
vn 0.0631991997 -0.0530993268 0.996587336
vn 0.548099577 -0.00479999604 0.836399317
vn 0.575517833 0.235907301 0.783024251
vn 0.516802251 0.35920155 0.777103364
vn -0.0177998208 0.318396777 0.947790384
vn 0.0806996599 -0.551297724 0.830396533
vn 0.799789846 -0.328995824 0.502093613
vn 0.236608192 -0.490116954 0.838929057
vn 0.799789846 -0.328995824 0.502093613
vn 0.685003757 -0.179800987 0.706003845
vn 0.311907679 -0.128203154 0.941423178
vn 0.507591724 0.550991058 0.662389219
vn 0.179910138 0.238013402 0.954453766
vn 0.883555532 0.122293845 0.45207724
vn 0.513394356 0.194197863 0.83589083
vn 0.388291419 0.491089165 0.779782772
vn 0.947163284 -0.203792095 0.247690395
vn 0.947163284 -0.203792095 0.247690395
vn 0.273719132 0.531437159 0.801656008
vn 0.403596401 -0.537795186 0.740193427
vn -0.101397522 0.918877542 -0.381290674
vn 0.403596401 -0.537795186 0.740193427
vn 0.371598572 -0.621697605 0.689497352
vn 0.280711144 -0.186807409 0.941437304
vn 0.189706251 0.255808413 0.94793123
vn 0.294209212 -0.00460014446 0.955729961
vn -0.0670002997 0.993104458 0.0962004289
vn 0.502118707 -0.373613954 0.779929101
vn -0.13300617 0.967244864 -0.216210023
vn 0.502118707 -0.373613954 0.779929101
vn -0.0757989883 0.996686637 0.0294996053
vn 0.182596415 0.936781645 0.29849413
vn -0.0110996822 0.953372657 0.301591367
vn 0.0423018225 0.897138655 0.439718962
vn 0.124499507 0.476898134 0.870096564
vn 0.0477990955 0.723386288 0.688786983
vn 0.122100756 0.605003715 0.786804855
vn 0.22090894 0.693228066 0.686027765
vn -0.0829006508 0.950707436 0.298802346
vn -0.0276998077 0.866793931 0.497896522
vn 0.0104999542 0.667097092 0.74489677
vn 0.167407066 0.980741382 0.100604244
vn -0.228800982 0.967204154 0.110300474
vn 0.939980805 0.277194351 0.198995933
vn 0.996751964 0.0170991756 0.0786962062
vn 0.376309991 0.702018678 0.604616046
vn 0.358495325 0.828189194 0.430794358
vn 0.759395719 0.60959655 0.227398723
vn 0.764235258 0.370317072 0.528024375
vn 0.550304711 0.821507037 0.149301276
vn 0.170506105 0.913932741 0.368313193
vn 0.169699863 0.0626999512 0.983499169
vn -0.0200011451 0.798445761 0.601734459
vn -0.0392008312 0.53171128 0.846017957
vn 0.190301195 0.38330242 0.903805673
vn 0.301994532 0.628388643 0.716887057
vn 0.182391733 0.21219039 0.960056484
vn 0.268890053 0.232591391 0.934665382
f 1/1/1 2/2/2 3/3/3
f 4/4/4 5/5/5 6/6/6
f 7/7/7 2/2/2 1/1/1
f 8/8/8 3/3/3 9/9/9
f 10/10/10 11/11/11 12/12/12
f 13/13/13 14/14/14 15/15/15
f 13/13/13 15/15/15 16/16/16
f 17/17/17 9/9/9 18/18/18
f 19/19/19 20/20/20 21/21/21
f 19/19/19 21/21/21 22/22/22
f 23/23/23 8/8/8 9/9/9
f 17/17/17 23/23/23 9/9/9
f 9/9/9 24/24/24 18/18/18
f 18/18/18 24/24/24 25/25/25
f 26/26/26 27/27/27 28/28/28
f 29/29/29 30/30/30 31/31/31
f 2/2/2 24/24/24 3/3/3
f 3/3/3 24/24/24 9/9/9
f 2/2/2 25/25/25 24/24/24
f 25/25/25 2/2/2 32/32/32
f 28/28/28 33/33/33 34/34/34
f 25/25/25 35/35/35 18/18/18
f 35/35/35 25/25/25 36/36/36
f 37/37/37 38/38/38 39/39/39
f 40/40/40 41/41/41 42/42/42
f 34/34/34 26/26/26 28/28/28
f 43/43/43 37/37/37 20/20/20
f 20/20/20 19/19/19 43/43/43
f 44/44/44 41/41/41 40/40/40
f 43/43/43 38/38/38 37/37/37
f 43/43/43 45/45/45 38/38/38
f 46/46/46 47/47/47 48/48/48
f 41/41/41 46/46/46 49/49/49
f 47/47/47 46/46/46 44/44/44
f 44/44/44 46/46/46 41/41/41
f 45/45/45 43/43/43 19/19/19
f 45/45/45 19/19/19 50/50/50
f 45/45/45 50/50/50 51/51/51
f 3/3/3 52/52/52 1/1/1
f 52/52/52 53/53/53 1/1/1
f 54/54/54 51/51/51 50/50/50
f 53/53/53 7/7/7 1/1/1
f 53/53/53 55/55/55 7/7/7
f 56/56/56 57/57/57 58/58/58
f 59/59/59 27/27/27 6/6/6
f 53/53/53 60/60/60 55/55/55
f 61/61/61 60/60/60 53/53/53
f 50/50/50 19/19/19 22/22/22
f 49/49/49 62/62/62 52/52/52
f 61/61/61 52/52/52 62/62/62
f 63/63/63 57/57/57 56/56/56
f 28/28/28 27/27/27 59/59/59
f 64/64/64 65/65/65 50/50/50
f 61/61/61 53/53/53 52/52/52
f 54/54/54 50/50/50 65/65/65
f 65/65/65 66/66/66 54/54/54
f 67/67/67 68/68/68 57/57/57
f 69/69/69 70/70/70 64/64/64
f 61/61/61 71/71/71 72/72/72
f 61/61/61 73/73/73 60/60/60
f 61/61/61 72/72/72 73/73/73
f 59/59/59 74/74/74 28/28/28
f 52/52/52 3/3/3 8/8/8
f 65/65/65 64/64/64 70/70/70
f 52/52/52 8/8/8 75/75/75
f 76/76/76 58/58/58 68/68/68
f 77/77/77 78/78/78 76/76/76
f 77/77/77 76/76/76 68/68/68
f 42/42/42 75/75/75 8/8/8
f 42/42/42 8/8/8 23/23/23
f 79/79/79 80/80/80 81/81/81
f 68/68/68 58/58/58 57/57/57
f 75/75/75 42/42/42 41/41/41
f 66/66/66 65/65/65 82/82/82
f 82/82/82 65/65/65 70/70/70
f 75/75/75 49/49/49 52/52/52
f 41/41/41 49/49/49 75/75/75
f 83/83/83 84/84/84 80/80/80
f 82/82/82 70/70/70 85/85/85
f 86/86/86 62/62/62 49/49/49
f 66/66/66 87/87/87 54/54/54
f 84/84/84 83/83/83 88/88/88
f 86/86/86 49/49/49 89/89/89
f 80/80/80 84/84/84 81/81/81
f 90/90/90 54/54/54 87/87/87
f 91/91/91 63/63/63 92/92/92
f 92/92/92 93/93/93 91/91/91
f 66/66/66 82/82/82 87/87/87
f 63/63/63 91/91/91 57/57/57
f 85/85/85 94/94/94 82/82/82
f 82/82/82 94/94/94 87/87/87
f 49/49/49 46/46/46 89/89/89
f 95/95/95 86/86/86 89/89/89
f 96/96/96 97/97/97 95/95/95
f 38/38/38 98/98/98 39/39/39
f 99/99/99 95/95/95 97/97/97
f 100/100/100 86/86/86 95/95/95
f 101/101/101 86/86/86 100/100/100
f 57/57/57 91/91/91 102/102/102
f 96/96/96 95/95/95 89/89/89
f 57/57/57 102/102/102 67/67/67
f 83/83/83 34/34/34 103/103/103
f 33/33/33 103/103/103 34/34/34
f 90/90/90 104/104/104 51/51/51
f 105/105/105 72/72/72 71/71/71
f 54/54/54 90/90/90 51/51/51
f 90/90/90 87/87/87 106/106/106
f 62/62/62 86/86/86 101/101/101
f 77/77/77 68/68/68 107/107/107
f 106/106/106 87/87/87 108/108/108
f 62/62/62 101/101/101 61/61/61
f 68/68/68 109/109/109 107/107/107
f 71/71/71 61/61/61 101/101/101
f 107/107/107 110/110/110 77/77/77
f 111/111/111 87/87/87 94/94/94
f 110/110/110 107/107/107 112/112/112
f 111/111/111 108/108/108 87/87/87
f 103/103/103 113/113/113 83/83/83
f 114/114/114 115/115/115 111/111/111
f 105/105/105 71/71/71 101/101/101
f 116/116/116 101/101/101 100/100/100
f 101/101/101 116/116/116 105/105/105
f 38/38/38 45/45/45 13/13/13
f 104/104/104 45/45/45 51/51/51
f 13/13/13 45/45/45 104/104/104
f 73/73/73 72/72/72 105/105/105
f 107/107/107 117/117/117 112/112/112
f 118/118/118 73/73/73 105/105/105
f 88/88/88 83/83/83 113/113/113
f 118/118/118 119/119/119 73/73/73
f 120/120/120 95/95/95 99/99/99
f 121/121/121 112/112/112 117/117/117
f 122/122/122 120/120/120 99/99/99
f 74/74/74 33/33/33 28/28/28
f 121/121/121 11/11/11 10/10/10
f 123/123/123 120/120/120 122/122/122
f 13/13/13 104/104/104 124/124/124
f 121/121/121 117/117/117 11/11/11
f 95/95/95 120/120/120 100/100/100
f 125/125/125 13/13/13 124/124/124
f 100/100/100 120/120/120 123/123/123
f 124/124/124 104/104/104 126/126/126
f 126/126/126 104/104/104 90/90/90
f 123/123/123 116/116/116 100/100/100
f 116/116/116 123/123/123 127/127/127
f 126/126/126 90/90/90 106/106/106
f 128/128/128 123/123/123 122/122/122
f 129/129/129 68/68/68 67/67/67
f 106/106/106 130/130/130 126/126/126
f 14/14/14 13/13/13 125/125/125
f 131/131/131 124/124/124 126/126/126
f 131/131/131 126/126/126 130/130/130
f 132/132/132 127/127/127 123/123/123
f 102/102/102 129/129/129 67/67/67
f 130/130/130 106/106/106 108/108/108
f 129/129/129 133/133/133 134/134/134
f 109/109/109 68/68/68 129/129/129
f 118/118/118 105/105/105 116/116/116
f 113/113/113 103/103/103 33/33/33
f 135/135/135 109/109/109 129/129/129
f 113/113/113 33/33/33 136/136/136
f 116/116/116 127/127/127 137/137/137
f 137/137/137 118/118/118 116/116/116
f 111/111/111 138/138/138 108/108/108
f 111/111/111 115/115/115 139/139/139
f 140/140/140 135/135/135 129/129/129
f 137/137/137 141/141/141 118/118/118
f 84/84/84 88/88/88 142/142/142
f 141/141/141 119/119/119 118/118/118
f 111/111/111 139/139/139 138/138/138
f 136/136/136 143/143/143 113/113/113
f 144/144/144 145/145/145 146/146/146
f 123/123/123 128/128/128 132/132/132
f 147/147/147 145/145/145 144/144/144
f 148/148/148 149/149/149 145/145/145
f 150/150/150 151/151/151 152/152/152
f 145/145/145 149/149/149 153/153/153
f 145/145/145 153/153/153 146/146/146
f 127/127/127 132/132/132 154/154/154
f 137/137/137 127/127/127 154/154/154
f 81/81/81 84/84/84 155/155/155
f 92/92/92 149/149/149 148/148/148
f 155/155/155 84/84/84 142/142/142
f 88/88/88 113/113/113 143/143/143
f 143/143/143 142/142/142 88/88/88
f 137/137/137 154/154/154 156/156/156
f 141/141/141 137/137/137 156/156/156
f 156/156/156 157/157/157 141/141/141
f 145/145/145 147/147/147 158/158/158
f 145/145/145 159/159/159 160/160/160
f 161/161/161 132/132/132 152/152/152
f 158/158/158 159/159/159 145/145/145
f 162/162/162 23/23/23 163/163/163
f 23/23/23 162/162/162 164/164/164
f 165/165/165 132/132/132 161/161/161
f 166/166/166 167/167/167 158/158/158
f 167/167/167 159/159/159 158/158/158
f 74/74/74 168/168/168 33/33/33
f 169/169/169 170/170/170 162/162/162
f 136/136/136 33/33/33 168/168/168
f 171/171/171 170/170/170 169/169/169
f 172/172/172 171/171/171 169/169/169
f 173/173/173 174/174/174 175/175/175
f 152/152/152 151/151/151 161/161/161
f 176/176/176 177/177/177 18/18/18
f 178/178/178 158/158/158 179/179/179
f 178/178/178 166/166/166 158/158/158
f 35/35/35 180/180/180 176/176/176
f 176/176/176 18/18/18 35/35/35
f 180/180/180 35/35/35 181/181/181
f 36/36/36 181/181/181 35/35/35
f 182/182/182 177/177/177 176/176/176
f 163/163/163 177/177/177 182/182/182
f 165/165/165 161/161/161 183/183/183
f 180/180/180 184/184/184 176/176/176
f 182/182/182 176/176/176 184/184/184
f 148/148/148 185/185/185 93/93/93
f 163/163/163 23/23/23 17/17/17
f 17/17/17 18/18/18 177/177/177
f 177/177/177 163/163/163 17/17/17
f 148/148/148 93/93/93 92/92/92
f 186/186/186 165/165/165 187/187/187
f 188/188/188 174/174/174 173/173/173
f 169/169/169 162/162/162 163/163/163
f 175/175/175 189/189/189 173/173/173
f 189/189/189 190/190/190 191/191/191
f 192/192/192 93/93/93 185/185/185
f 193/193/193 189/189/189 191/191/191
f 194/194/194 193/193/193 191/191/191
f 195/195/195 185/185/185 148/148/148
f 160/160/160 195/195/195 148/148/148
f 196/196/196 195/195/195 160/160/160
f 188/188/188 173/173/173 197/197/197
f 186/186/186 156/156/156 165/165/165
f 160/160/160 198/198/198 196/196/196
f 160/160/160 148/148/148 145/145/145
f 198/198/198 160/160/160 159/159/159
f 199/199/199 197/197/197 193/193/193
f 200/200/200 201/201/201 202/202/202
f 203/203/203 156/156/156 186/186/186
f 199/199/199 193/193/193 194/194/194
f 194/194/194 191/191/191 204/204/204
f 205/205/205 201/201/201 200/200/200
f 204/204/204 206/206/206 194/194/194
f 203/203/203 186/186/186 207/207/207
f 203/203/203 207/207/207 208/208/208
f 208/208/208 207/207/207 209/209/209
f 199/199/199 210/210/210 197/197/197
f 211/211/211 199/199/199 194/194/194
f 211/211/211 194/194/194 212/212/212
f 210/210/210 199/199/199 213/213/213
f 213/213/213 199/199/199 211/211/211
f 214/214/214 166/166/166 178/178/178
f 212/212/212 194/194/194 206/206/206
f 215/215/215 201/201/201 205/205/205
f 214/214/214 178/178/178 216/216/216
f 206/206/206 217/217/217 218/218/218
f 219/219/219 201/201/201 215/215/215
f 219/219/219 215/215/215 220/220/220
f 221/221/221 211/211/211 212/212/212
f 216/216/216 178/178/178 222/222/222
f 186/186/186 223/223/223 207/207/207
f 211/211/211 22/22/22 21/21/21
f 22/22/22 211/211/211 221/221/221
f 224/224/224 207/207/207 223/223/223
f 221/221/221 206/206/206 218/218/218
f 206/206/206 221/221/221 212/212/212
f 167/167/167 166/166/166 214/214/214
f 225/225/225 218/218/218 217/217/217
f 219/219/219 220/220/220 226/226/226
f 224/224/224 227/227/227 207/207/207
f 64/64/64 221/221/221 218/218/218
f 225/225/225 64/64/64 218/218/218
f 228/228/228 229/229/229 230/230/230
f 231/231/231 232/232/232 216/216/216
f 228/228/228 233/233/233 234/234/234
f 235/235/235 236/236/236 226/226/226
f 237/237/237 14/14/14 125/125/125
f 231/231/231 238/238/238 232/232/232
f 237/237/237 125/125/125 239/239/239
f 233/233/233 240/240/240 234/234/234
f 241/241/241 242/242/242 230/230/230
f 242/242/242 243/243/243 230/230/230
f 233/233/233 228/228/228 230/230/230
f 244/244/244 209/209/209 227/227/227
f 243/243/243 233/233/233 230/230/230
f 232/232/232 214/214/214 216/216/216
f 245/245/245 167/167/167 214/214/214
f 246/246/246 167/167/167 245/245/245
f 245/245/245 214/214/214 232/232/232
f 226/226/226 220/220/220 235/235/235
f 243/243/243 247/247/247 233/233/233
f 183/183/183 161/161/161 248/248/248
f 232/232/232 238/238/238 249/249/249
f 242/242/242 250/250/250 243/243/243
f 187/187/187 165/165/165 183/183/183
f 251/251/251 242/242/242 241/241/241
f 252/252/252 242/242/242 251/251/251
f 252/252/252 251/251/251 253/253/253
f 167/167/167 198/198/198 159/159/159
f 254/254/254 255/255/255 253/253/253
f 254/254/254 29/29/29 255/255/255
f 256/256/256 198/198/198 167/167/167
f 257/257/257 196/196/196 198/198/198
f 258/258/258 183/183/183 248/248/248
f 257/257/257 195/195/195 196/196/196
f 259/259/259 242/242/242 252/252/252
f 256/256/256 257/257/257 198/198/198
f 259/259/259 252/252/252 253/253/253
f 255/255/255 259/259/259 253/253/253
f 260/260/260 183/183/183 258/258/258
f 261/261/261 250/250/250 242/242/242
f 262/262/262 236/236/236 235/235/235
f 187/187/187 183/183/183 260/260/260
f 167/167/167 263/263/263 256/256/256
f 263/263/263 167/167/167 246/246/246
f 259/259/259 261/261/261 242/242/242
f 262/262/262 264/264/264 236/236/236
f 187/187/187 260/260/260 265/265/265
f 259/259/259 255/255/255 144/144/144
f 266/266/266 144/144/144 255/255/255
f 263/263/263 267/267/267 256/256/256
f 268/268/268 269/269/269 270/270/270
f 271/271/271 269/269/269 268/268/268
f 271/271/271 268/268/268 264/264/264
f 264/264/264 262/262/262 271/271/271
f 29/29/29 272/272/272 255/255/255
f 255/255/255 272/272/272 266/266/266
f 259/259/259 146/146/146 261/261/261
f 186/186/186 187/187/187 265/265/265
f 223/223/223 186/186/186 265/265/265
f 273/273/273 246/246/246 245/245/245
f 259/259/259 144/144/144 146/146/146
f 223/223/223 265/265/265 224/224/224
f 124/124/124 239/239/239 125/125/125
f 239/239/239 124/124/124 131/131/131
f 42/42/42 23/23/23 40/40/40
f 274/274/274 227/227/227 224/224/224
f 275/275/275 40/40/40 164/164/164
f 164/164/164 40/40/40 23/23/23
f 276/276/276 270/270/270 269/269/269
f 277/277/277 227/227/227 274/274/274
f 130/130/130 278/278/278 131/131/131
f 279/279/279 275/275/275 164/164/164
f 244/244/244 227/227/227 277/277/277
f 131/131/131 280/280/280 239/239/239
f 48/48/48 279/279/279 281/281/281
f 282/282/282 281/281/281 279/279/279
f 275/275/275 44/44/44 40/40/40
f 283/283/283 284/284/284 200/200/200
f 275/275/275 47/47/47 44/44/44
f 283/283/283 285/285/285 284/284/284
f 286/286/286 131/131/131 278/278/278
f 275/275/275 48/48/48 47/47/47
f 287/287/287 131/131/131 286/286/286
f 279/279/279 48/48/48 275/275/275
f 288/288/288 224/224/224 265/265/265
f 138/138/138 130/130/130 108/108/108
f 279/279/279 164/164/164 289/289/289
f 170/170/170 171/171/171 289/289/289
f 164/164/164 170/170/170 289/289/289
f 170/170/170 164/164/164 162/162/162
f 138/138/138 139/139/139 290/290/290
f 139/139/139 291/291/291 290/290/290
f 288/288/288 274/274/274 224/224/224
f 130/130/130 138/138/138 278/278/278
f 292/292/292 241/241/241 279/279/279
f 288/288/288 293/293/293 274/274/274
f 277/277/277 274/274/274 293/293/293
f 230/230/230 282/282/282 241/241/241
f 279/279/279 241/241/241 282/282/282
f 279/279/279 289/289/289 292/292/292
f 294/294/294 200/200/200 284/284/284
f 251/251/251 241/241/241 292/292/292
f 282/282/282 96/96/96 89/89/89
f 281/281/281 282/282/282 89/89/89
f 295/295/295 244/244/244 277/277/277
f 244/244/244 295/295/295 296/296/296
f 297/297/297 286/286/286 278/278/278
f 282/282/282 298/298/298 96/96/96
f 229/229/229 298/298/298 282/282/282
f 295/295/295 277/277/277 293/293/293
f 290/290/290 278/278/278 138/138/138
f 228/228/228 234/234/234 229/229/229
f 299/299/299 290/290/290 291/291/291
f 281/281/281 46/46/46 48/48/48
f 89/89/89 46/46/46 281/281/281
f 200/200/200 294/294/294 205/205/205
f 300/300/300 96/96/96 298/298/298
f 300/300/300 97/97/97 96/96/96
f 300/300/300 234/234/234 240/240/240
f 300/300/300 240/240/240 97/97/97
f 234/234/234 300/300/300 298/298/298
f 234/234/234 298/298/298 229/229/229
f 278/278/278 290/290/290 301/301/301
f 301/301/301 297/297/297 278/278/278
f 230/230/230 229/229/229 282/282/282
f 284/284/284 79/79/79 302/302/302
f 302/302/302 294/294/294 284/284/284
f 289/289/289 303/303/303 292/292/292
f 301/301/301 290/290/290 299/299/299
f 303/303/303 171/171/171 172/172/172
f 289/289/289 171/171/171 303/303/303
f 304/304/304 303/303/303 172/172/172
f 129/129/129 134/134/134 140/140/140
f 305/305/305 117/117/117 107/107/107
f 306/306/306 210/210/210 213/213/213
f 307/307/307 205/205/205 294/294/294
f 308/308/308 117/117/117 305/305/305
f 254/254/254 292/292/292 303/303/303
f 309/309/309 135/135/135 310/310/310
f 309/309/309 311/311/311 135/135/135
f 311/311/311 309/309/309 312/312/312
f 254/254/254 251/251/251 292/292/292
f 313/313/313 254/254/254 303/303/303
f 253/253/253 251/251/251 254/254/254
f 304/304/304 313/313/313 303/303/303
f 213/213/213 211/211/211 21/21/21
f 314/314/314 315/315/315 192/192/192
f 213/213/213 37/37/37 306/306/306
f 220/220/220 215/215/215 235/235/235
f 215/215/215 205/205/205 307/307/307
f 213/213/213 20/20/20 37/37/37
f 102/102/102 315/315/315 133/133/133
f 21/21/21 20/20/20 213/213/213
f 215/215/215 316/316/316 235/235/235
f 29/29/29 254/254/254 313/313/313
f 11/11/11 117/117/117 317/317/317
f 11/11/11 317/317/317 202/202/202
f 30/30/30 313/313/313 304/304/304
f 29/29/29 313/313/313 30/30/30
f 50/50/50 22/22/22 221/221/221
f 50/50/50 221/221/221 64/64/64
f 311/311/311 107/107/107 109/109/109
f 311/311/311 305/305/305 107/107/107
f 64/64/64 225/225/225 69/69/69
f 318/318/318 133/133/133 315/315/315
f 318/318/318 134/134/134 133/133/133
f 319/319/319 97/97/97 240/240/240
f 247/247/247 240/240/240 233/233/233
f 307/307/307 316/316/316 215/215/215
f 135/135/135 311/311/311 109/109/109
f 320/320/320 318/318/318 315/315/315
f 321/321/321 319/319/319 240/240/240
f 321/321/321 240/240/240 247/247/247
f 322/322/322 235/235/235 316/316/316
f 235/235/235 322/322/322 323/323/323
f 324/324/324 97/97/97 319/319/319
f 308/308/308 317/317/317 117/117/117
f 325/325/325 314/314/314 326/326/326
f 326/326/326 257/257/257 327/327/327
f 327/327/327 325/325/325 326/326/326
f 319/319/319 328/328/328 324/324/324
f 328/328/328 319/319/319 329/329/329
f 327/327/327 267/267/267 330/330/330
f 321/321/321 329/329/329 319/319/319
f 327/327/327 331/331/331 325/325/325
f 330/330/330 331/331/331 327/327/327
f 332/332/332 330/330/330 267/267/267
f 11/11/11 248/248/248 12/12/12
f 333/333/333 247/247/247 250/250/250
f 320/320/320 314/314/314 325/325/325
f 334/334/334 269/269/269 271/271/271
f 314/314/314 320/320/320 315/315/315
f 335/335/335 271/271/271 262/262/262
f 336/336/336 320/320/320 325/325/325
f 334/334/334 337/337/337 269/269/269
f 243/243/243 250/250/250 247/247/247
f 335/335/335 334/334/334 271/271/271
f 338/338/338 329/329/329 321/321/321
f 338/338/338 321/321/321 247/247/247
f 339/339/339 318/318/318 320/320/320
f 269/269/269 340/340/340 276/276/276
f 247/247/247 333/333/333 338/338/338
f 258/258/258 248/248/248 341/341/341
f 336/336/336 325/325/325 331/331/331
f 11/11/11 202/202/202 248/248/248
f 342/342/342 343/343/343 58/58/58
f 344/344/344 336/336/336 331/331/331
f 76/76/76 342/342/342 58/58/58
f 332/332/332 331/331/331 330/330/330
f 342/342/342 345/345/345 328/328/328
f 202/202/202 341/341/341 248/248/248
f 324/324/324 346/346/346 122/122/122
f 339/339/339 320/320/320 336/336/336
f 122/122/122 346/346/346 347/347/347
f 128/128/128 122/122/122 347/347/347
f 324/324/324 328/328/328 345/345/345
f 337/337/337 340/340/340 269/269/269
f 345/345/345 346/346/346 324/324/324
f 337/337/337 348/348/348 340/340/340
f 135/135/135 140/140/140 310/310/310
f 219/219/219 258/258/258 341/341/341
f 349/349/349 350/350/350 340/340/340
f 349/349/349 340/340/340 348/348/348
f 351/351/351 140/140/140 134/134/134
f 347/347/347 346/346/346 352/352/352
f 353/353/353 140/140/140 351/351/351
f 353/353/353 310/310/310 140/140/140
f 353/353/353 354/354/354 310/310/310
f 342/342/342 328/328/328 329/329/329
f 355/355/355 356/356/356 350/350/350
f 343/343/343 329/329/329 338/338/338
f 318/318/318 351/351/351 134/134/134
f 343/343/343 342/342/342 329/329/329
f 345/345/345 342/342/342 78/78/78
f 357/357/357 351/351/351 318/318/318
f 345/345/345 352/352/352 346/346/346
f 345/345/345 78/78/78 352/352/352
f 202/202/202 317/317/317 200/200/200
f 305/305/305 311/311/311 312/312/312
f 308/308/308 305/305/305 312/312/312
f 308/308/308 312/312/312 358/358/358
f 357/357/357 353/353/353 351/351/351
f 359/359/359 360/360/360 361/361/361
f 359/359/359 361/361/361 153/153/153
f 349/349/349 355/355/355 350/350/350
f 354/354/354 309/309/309 310/310/310
f 362/362/362 363/363/363 309/309/309
f 363/363/363 312/312/312 309/309/309
f 312/312/312 363/363/363 358/358/358
f 235/235/235 364/364/364 262/262/262
f 358/358/358 283/283/283 308/308/308
f 149/149/149 359/359/359 153/153/153
f 317/317/317 308/308/308 283/283/283
f 365/365/365 309/309/309 354/354/354
f 317/317/317 283/283/283 200/200/200
f 309/309/309 365/365/365 362/362/362
f 333/333/333 250/250/250 261/261/261
f 366/366/366 354/354/354 357/357/357
f 335/335/335 262/262/262 364/364/364
f 361/361/361 333/333/333 261/261/261
f 357/357/357 354/354/354 353/353/353
f 360/360/360 338/338/338 333/333/333
f 354/354/354 366/366/366 365/365/365
f 333/333/333 361/361/361 360/360/360
f 343/343/343 338/338/338 360/360/360
f 146/146/146 153/153/153 261/261/261
f 361/361/361 261/261/261 153/153/153
f 318/318/318 339/339/339 367/367/367
f 334/334/334 368/368/368 337/337/337
f 368/368/368 348/348/348 337/337/337
f 201/201/201 341/341/341 202/202/202
f 367/367/367 357/357/357 318/318/318
f 364/364/364 235/235/235 323/323/323
f 56/56/56 58/58/58 360/360/360
f 58/58/58 343/343/343 360/360/360
f 364/364/364 369/369/369 335/335/335
f 56/56/56 360/360/360 63/63/63
f 370/370/370 339/339/339 336/336/336
f 341/341/341 201/201/201 219/219/219
f 371/371/371 339/339/339 370/370/370
f 359/359/359 63/63/63 360/360/360
f 92/92/92 63/63/63 359/359/359
f 149/149/149 92/92/92 359/359/359
f 371/371/371 367/367/367 339/339/339
f 369/369/369 372/372/372 335/335/335
f 372/372/372 334/334/334 335/335/335
f 368/368/368 334/334/334 372/372/372
f 226/226/226 373/373/373 219/219/219
f 374/374/374 357/357/357 367/367/367
f 368/368/368 372/372/372 375/375/375
f 374/374/374 366/366/366 357/357/357
f 324/324/324 99/99/99 97/97/97
f 99/99/99 324/324/324 122/122/122
f 376/376/376 348/348/348 368/368/368
f 377/377/377 367/367/367 371/371/371
f 367/367/367 377/377/377 374/374/374
f 378/378/378 377/377/377 371/371/371
f 349/349/349 348/348/348 376/376/376
f 128/128/128 150/150/150 132/132/132
f 347/347/347 150/150/150 128/128/128
f 373/373/373 260/260/260 258/258/258
f 110/110/110 78/78/78 77/77/77
f 132/132/132 150/150/150 152/152/152
f 150/150/150 347/347/347 151/151/151
f 154/154/154 132/132/132 165/165/165
f 379/379/379 260/260/260 373/373/373
f 265/265/265 260/260/260 379/379/379
f 376/376/376 368/368/368 380/380/380
f 381/381/381 376/376/376 380/380/380
f 156/156/156 154/154/154 165/165/165
f 203/203/203 157/157/157 156/156/156
f 203/203/203 208/208/208 157/157/157
f 121/121/121 10/10/10 352/352/352
f 76/76/76 78/78/78 342/342/342
f 379/379/379 382/382/382 265/265/265
f 110/110/110 352/352/352 78/78/78
f 356/356/356 355/355/355 383/383/383
f 219/219/219 373/373/373 258/258/258
f 10/10/10 151/151/151 347/347/347
f 347/347/347 352/352/352 10/10/10
f 383/383/383 384/384/384 356/356/356
f 110/110/110 121/121/121 352/352/352
f 29/29/29 31/31/31 272/272/272
f 272/272/272 31/31/31 385/385/385
f 373/373/373 236/236/236 379/379/379
f 112/112/112 121/121/121 110/110/110
f 151/151/151 10/10/10 12/12/12
f 147/147/147 144/144/144 266/266/266
f 386/386/386 387/387/387 384/384/384
f 388/388/388 387/387/387 386/386/386
f 12/12/12 161/161/161 151/151/151
f 389/389/389 288/288/288 265/265/265
f 293/293/293 288/288/288 389/389/389
f 384/384/384 383/383/383 390/390/390
f 161/161/161 12/12/12 248/248/248
f 386/386/386 384/384/384 390/390/390
f 391/391/391 293/293/293 389/389/389
f 179/179/179 266/266/266 272/272/272
f 265/265/265 382/382/382 389/389/389
f 266/266/266 179/179/179 147/147/147
f 158/158/158 147/147/147 179/179/179
f 272/272/272 385/385/385 179/179/179
f 295/295/295 293/293/293 391/391/391
f 355/355/355 349/349/349 392/392/392
f 385/385/385 178/178/178 179/179/179
f 355/355/355 392/392/392 383/383/383
f 13/13/13 98/98/98 38/38/38
f 13/13/13 16/16/16 98/98/98
f 178/178/178 385/385/385 222/222/222
f 391/391/391 389/389/389 393/393/393
f 376/376/376 381/381/381 349/349/349
f 392/392/392 349/349/349 381/381/381
f 394/394/394 296/296/296 295/295/295
f 386/386/386 390/390/390 395/395/395
f 396/396/396 391/391/391 393/393/393
f 383/383/383 392/392/392 397/397/397
f 295/295/295 391/391/391 396/396/396
f 398/398/398 295/295/295 396/396/396
f 399/399/399 383/383/383 397/397/397
f 295/295/295 398/398/398 394/394/394
f 390/390/390 383/383/383 399/399/399
f 373/373/373 226/226/226 236/236/236
f 264/264/264 379/379/379 236/236/236
f 294/294/294 400/400/400 307/307/307
f 268/268/268 389/389/389 382/382/382
f 264/264/264 382/382/382 379/379/379
f 401/401/401 79/79/79 81/81/81
f 401/401/401 302/302/302 79/79/79
f 382/382/382 264/264/264 268/268/268
f 402/402/402 302/302/302 401/401/401
f 302/302/302 402/402/402 294/294/294
f 294/294/294 402/402/402 400/400/400
f 389/389/389 270/270/270 393/393/393
f 268/268/268 270/270/270 389/389/389
f 270/270/270 396/396/396 393/393/393
f 403/403/403 323/323/323 322/322/322
f 276/276/276 396/396/396 270/270/270
f 316/316/316 307/307/307 322/322/322
f 315/315/315 91/91/91 93/93/93
f 192/192/192 315/315/315 93/93/93
f 91/91/91 315/315/315 102/102/102
f 195/195/195 192/192/192 185/185/185
f 314/314/314 192/192/192 195/195/195
f 155/155/155 401/401/401 81/81/81
f 314/314/314 195/195/195 326/326/326
f 133/133/133 129/129/129 102/102/102
f 257/257/257 326/326/326 195/195/195
f 400/400/400 402/402/402 404/404/404
f 400/400/400 404/404/404 405/405/405
f 256/256/256 327/327/327 257/257/257
f 322/322/322 307/307/307 406/406/406
f 307/307/307 400/400/400 406/406/406
f 267/267/267 327/327/327 256/256/256
f 403/403/403 322/322/322 406/406/406
f 407/407/407 403/403/403 406/406/406
f 400/400/400 405/405/405 406/406/406
f 408/408/408 398/398/398 409/409/409
f 409/409/409 398/398/398 410/410/410
f 350/350/350 398/398/398 396/396/396
f 364/364/364 411/411/411 369/369/369
f 411/411/411 364/364/364 323/323/323
f 323/323/323 403/403/403 411/411/411
f 350/350/350 410/410/410 398/398/398
f 412/412/412 372/372/372 369/369/369
f 350/350/350 396/396/396 340/340/340
f 375/375/375 372/372/372 412/412/412
f 276/276/276 340/340/340 396/396/396
f 369/369/369 411/411/411 412/412/412
f 368/368/368 375/375/375 380/380/380
f 411/411/411 413/413/413 412/412/412
f 356/356/356 414/414/414 410/410/410
f 356/356/356 410/410/410 350/350/350
f 375/375/375 412/412/412 415/415/415
f 375/375/375 416/416/416 380/380/380
f 416/416/416 375/375/375 415/415/415
f 414/414/414 356/356/356 417/417/417
f 384/384/384 417/417/417 356/356/356
f 407/407/407 411/411/411 403/403/403
f 363/363/363 418/418/418 358/358/358
f 419/419/419 413/413/413 411/411/411
f 407/407/407 419/419/419 411/411/411
f 283/283/283 358/358/358 418/418/418
f 420/420/420 418/418/418 363/363/363
f 421/421/421 412/412/412 413/413/413
f 421/421/421 415/415/415 412/412/412
f 420/420/420 363/363/363 362/362/362
f 420/420/420 362/362/362 422/422/422
f 421/421/421 413/413/413 419/419/419
f 283/283/283 418/418/418 285/285/285
f 418/418/418 420/420/420 423/423/423
f 418/418/418 423/423/423 285/285/285
f 362/362/362 365/365/365 422/422/422
f 424/424/424 422/422/422 365/365/365
f 421/421/421 419/419/419 425/425/425
f 415/415/415 421/421/421 426/426/426
f 365/365/365 366/366/366 424/424/424
f 381/381/381 380/380/380 427/427/427
f 424/424/424 428/428/428 422/422/422
f 392/392/392 381/381/381 429/429/429
f 428/428/428 424/424/424 26/26/26
f 427/427/427 429/429/429 381/381/381
f 392/392/392 429/429/429 397/397/397
f 380/380/380 416/416/416 427/427/427
f 420/420/420 422/422/422 428/428/428
f 80/80/80 285/285/285 423/423/423
f 285/285/285 79/79/79 284/284/284
f 420/420/420 428/428/428 430/430/430
f 428/428/428 26/26/26 430/430/430
f 34/34/34 430/430/430 26/26/26
f 430/430/430 423/423/423 420/420/420
f 430/430/430 34/34/34 83/83/83
f 397/397/397 429/429/429 431/431/431
f 83/83/83 423/423/423 430/430/430
f 285/285/285 80/80/80 79/79/79
f 397/397/397 431/431/431 432/432/432
f 427/427/427 416/416/416 433/433/433
f 83/83/83 80/80/80 423/423/423
f 415/415/415 433/433/433 416/416/416
f 434/434/434 433/433/433 415/415/415
f 434/434/434 415/415/415 426/426/426
f 424/424/424 366/366/366 6/6/6
f 27/27/27 424/424/424 6/6/6
f 26/26/26 424/424/424 27/27/27
f 433/433/433 435/435/435 427/427/427
f 429/429/429 427/427/427 435/435/435
f 6/6/6 366/366/366 374/374/374
f 4/4/4 6/6/6 374/374/374
f 436/436/436 431/431/431 429/429/429
f 435/435/435 437/437/437 429/429/429
f 436/436/436 429/429/429 437/437/437
f 438/438/438 172/172/172 169/169/169
f 193/193/193 197/197/197 173/173/173
f 189/189/189 193/193/193 173/173/173
f 189/189/189 175/175/175 190/190/190
f 439/439/439 440/440/440 441/441/441
f 442/442/442 443/443/443 444/444/444
f 36/36/36 25/25/25 32/32/32
f 32/32/32 2/2/2 445/445/445
f 444/444/444 446/446/446 447/447/447
f 448/448/448 449/449/449 450/450/450
f 449/449/449 448/448/448 451/451/451
f 452/452/452 453/453/453 445/445/445
f 445/445/445 453/453/453 32/32/32
f 450/450/450 449/449/449 454/454/454
f 455/455/455 32/32/32 453/453/453
f 36/36/36 32/32/32 455/455/455
f 36/36/36 455/455/455 456/456/456
f 457/457/457 458/458/458 459/459/459
f 460/460/460 455/455/455 461/461/461
f 455/455/455 453/453/453 461/461/461
f 244/244/244 296/296/296 462/462/462
f 69/69/69 225/225/225 463/463/463
f 464/464/464 461/461/461 465/465/465
f 7/7/7 445/445/445 2/2/2
f 55/55/55 445/445/445 7/7/7
f 446/446/446 466/466/466 467/467/467
f 447/447/447 446/446/446 467/467/467
f 452/452/452 445/445/445 55/55/55
f 468/468/468 452/452/452 55/55/55
f 60/60/60 468/468/468 55/55/55
f 469/469/469 468/468/468 60/60/60
f 443/443/443 470/470/470 471/471/471
f 463/463/463 472/472/472 470/470/470
f 408/408/408 473/473/473 462/462/462
f 442/442/442 444/444/444 447/447/447
f 469/469/469 474/474/474 468/468/468
f 475/475/475 471/471/471 457/457/457
f 452/452/452 468/468/468 476/476/476
f 476/476/476 468/468/468 474/474/474
f 459/459/459 475/475/475 457/457/457
f 475/475/475 443/443/443 471/471/471
f 469/469/469 60/60/60 73/73/73
f 467/467/467 466/466/466 477/477/477
f 443/443/443 463/463/463 470/470/470
f 443/443/443 478/478/478 463/463/463
f 408/408/408 439/439/439 473/473/473
f 479/479/479 469/469/469 73/73/73
f 477/477/477 480/480/480 467/467/467
f 444/444/444 443/443/443 475/475/475
f 462/462/462 296/296/296 394/394/394
f 446/446/446 475/475/475 459/459/459
f 467/467/467 481/481/481 447/447/447
f 481/481/481 467/467/467 482/482/482
f 444/444/444 475/475/475 446/446/446
f 453/453/453 452/452/452 483/483/483
f 483/483/483 452/452/452 484/484/484
f 485/485/485 446/446/446 459/459/459
f 408/408/408 462/462/462 394/394/394
f 476/476/476 484/484/484 452/452/452
f 476/476/476 486/486/486 484/484/484
f 487/487/487 484/484/484 486/486/486
f 461/461/461 453/453/453 465/465/465
f 483/483/483 465/465/465 453/453/453
f 480/480/480 482/482/482 467/467/467
f 459/459/459 458/458/458 485/485/485
f 487/487/487 483/483/483 484/484/484
f 469/469/469 488/488/488 474/474/474
f 476/476/476 474/474/474 488/488/488
f 485/485/485 458/458/458 489/489/489
f 111/111/111 94/94/94 114/114/114
f 476/476/476 490/490/490 486/486/486
f 442/442/442 491/491/491 94/94/94
f 485/485/485 489/489/489 492/492/492
f 488/488/488 490/490/490 476/476/476
f 486/486/486 490/490/490 493/493/493
f 494/494/494 495/495/495 496/496/496
f 94/94/94 491/491/491 114/114/114
f 497/497/497 496/496/496 440/440/440
f 491/491/491 442/442/442 447/447/447
f 465/465/465 483/483/483 487/487/487
f 498/498/498 465/465/465 487/487/487
f 481/481/481 491/491/491 447/447/447
f 499/499/499 496/496/496 497/497/497
f 486/486/486 493/493/493 487/487/487
f 500/500/500 487/487/487 493/493/493
f 496/496/496 499/499/499 494/494/494
f 115/115/115 114/114/114 491/491/491
f 501/501/501 494/494/494 499/499/499
f 502/502/502 454/454/454 492/492/492
f 503/503/503 469/469/469 479/479/479
f 466/466/466 485/485/485 492/492/492
f 466/466/466 492/492/492 504/504/504
f 469/469/469 503/503/503 488/488/488
f 450/450/450 454/454/454 502/502/502
f 481/481/481 505/505/505 491/491/491
f 505/505/505 115/115/115 491/491/491
f 504/504/504 492/492/492 454/454/454
f 506/506/506 488/488/488 503/503/503
f 504/504/504 454/454/454 507/507/507
f 506/506/506 490/490/490 488/488/488
f 493/493/493 490/490/490 508/508/508
f 493/493/493 508/508/508 509/509/509
f 505/505/505 481/481/481 482/482/482
f 497/497/497 440/440/440 510/510/510
f 490/490/490 506/506/506 511/511/511
f 508/508/508 490/490/490 511/511/511
f 73/73/73 119/119/119 479/479/479
f 485/485/485 466/466/466 446/446/446
f 512/512/512 494/494/494 501/501/501
f 507/507/507 513/513/513 504/504/504
f 503/503/503 479/479/479 119/119/119
f 514/514/514 466/466/466 504/504/504
f 503/503/503 119/119/119 515/515/515
f 516/516/516 512/512/512 517/517/517
f 514/514/514 504/504/504 513/513/513
f 518/518/518 516/516/516 517/517/517
f 477/477/477 466/466/466 514/514/514
f 515/515/515 506/506/506 503/503/503
f 511/511/511 519/519/519 520/520/520
f 509/509/509 508/508/508 511/511/511
f 515/515/515 519/519/519 506/506/506
f 519/519/519 511/511/511 506/506/506
f 139/139/139 115/115/115 505/505/505
f 497/497/497 510/510/510 499/499/499
f 510/510/510 501/501/501 499/499/499
f 520/520/520 519/519/519 521/521/521
f 520/520/520 451/451/451 448/448/448
f 522/522/522 523/523/523 524/524/524
f 525/525/525 524/524/524 523/523/523
f 512/512/512 501/501/501 526/526/526
f 522/522/522 519/519/519 523/523/523
f 527/527/527 515/515/515 119/119/119
f 527/527/527 119/119/119 141/141/141
f 526/526/526 501/501/501 528/528/528
f 519/519/519 522/522/522 521/521/521
f 529/529/529 480/480/480 477/477/477
f 440/440/440 439/439/439 530/530/530
f 515/515/515 523/523/523 519/519/519
f 527/527/527 523/523/523 515/515/515
f 520/520/520 521/521/521 531/531/531
f 532/532/532 480/480/480 529/529/529
f 157/157/157 527/527/527 141/141/141
f 440/440/440 530/530/530 533/533/533
f 533/533/533 510/510/510 440/440/440
f 525/525/525 523/523/523 527/527/527
f 525/525/525 527/527/527 157/157/157
f 531/531/531 451/451/451 520/520/520
f 516/516/516 529/529/529 534/534/534
f 535/535/535 529/529/529 516/516/516
f 536/536/536 451/451/451 537/537/537
f 530/530/530 439/439/439 408/408/408
f 538/538/538 181/181/181 456/456/456
f 181/181/181 36/36/36 456/456/456
f 180/180/180 181/181/181 539/539/539
f 539/539/539 181/181/181 538/538/538
f 449/449/449 451/451/451 540/540/540
f 456/456/456 541/541/541 538/538/538
f 455/455/455 460/460/460 456/456/456
f 542/542/542 456/456/456 460/460/460
f 460/460/460 461/461/461 542/542/542
f 524/524/524 525/525/525 208/208/208
f 541/541/541 542/542/542 464/464/464
f 543/543/543 522/522/522 524/524/524
f 521/521/521 522/522/522 543/543/543
f 461/461/461 464/464/464 542/542/542
f 525/525/525 157/157/157 208/208/208
f 544/544/544 482/482/482 480/480/480
f 541/541/541 456/456/456 542/542/542
f 543/543/543 524/524/524 208/208/208
f 541/541/541 545/545/545 546/546/546
f 545/545/545 541/541/541 464/464/464
f 510/510/510 533/533/533 547/547/547
f 190/190/190 548/548/548 191/191/191
f 549/549/549 184/184/184 539/539/539
f 528/528/528 501/501/501 510/510/510
f 550/550/550 539/539/539 538/538/538
f 549/549/549 539/539/539 550/550/550
f 528/528/528 510/510/510 547/547/547
f 532/532/532 529/529/529 535/535/535
f 538/538/538 551/551/551 550/550/550
f 191/191/191 548/548/548 204/204/204
f 548/548/548 552/552/552 204/204/204
f 544/544/544 480/480/480 532/532/532
f 553/553/553 204/204/204 552/552/552
f 543/543/543 554/554/554 521/521/521
f 551/551/551 538/538/538 541/541/541
f 209/209/209 543/543/543 208/208/208
f 553/553/553 552/552/552 555/555/555
f 514/514/514 529/529/529 477/477/477
f 553/553/553 555/555/555 556/556/556
f 541/541/541 546/546/546 551/551/551
f 547/547/547 557/557/557 528/528/528
f 557/557/557 547/547/547 533/533/533
f 521/521/521 554/554/554 531/531/531
f 513/513/513 534/534/534 529/529/529
f 533/533/533 530/530/530 558/558/558
f 557/557/557 533/533/533 558/558/558
f 559/559/559 560/560/560 561/561/561
f 537/537/537 531/531/531 554/554/554
f 555/555/555 561/561/561 556/556/556
f 556/556/556 561/561/561 560/560/560
f 562/562/562 556/556/556 560/560/560
f 451/451/451 531/531/531 537/537/537
f 545/545/545 464/464/464 498/498/498
f 563/563/563 559/559/559 498/498/498
f 543/543/543 564/564/564 554/554/554
f 565/565/565 563/563/563 498/498/498
f 560/560/560 559/559/559 563/563/563
f 563/563/563 566/566/566 560/560/560
f 567/567/567 512/512/512 534/534/534
f 516/516/516 534/534/534 512/512/512
f 537/537/537 554/554/554 568/568/568
f 553/553/553 217/217/217 204/204/204
f 204/204/204 217/217/217 206/206/206
f 567/567/567 495/495/495 494/494/494
f 507/507/507 454/454/454 449/449/449
f 472/472/472 217/217/217 553/553/553
f 569/569/569 449/449/449 540/540/540
f 507/507/507 449/449/449 569/569/569
f 517/517/517 512/512/512 526/526/526
f 512/512/512 567/567/567 494/494/494
f 553/553/553 556/556/556 562/562/562
f 540/540/540 451/451/451 536/536/536
f 536/536/536 569/569/569 540/540/540
f 560/560/560 566/566/566 562/562/562
f 457/457/457 566/566/566 458/458/458
f 471/471/471 562/562/562 457/457/457
f 457/457/457 562/562/562 566/566/566
f 562/562/562 472/472/472 553/553/553
f 472/472/472 562/562/562 470/470/470
f 562/562/562 471/471/471 470/470/470
f 570/570/570 513/513/513 507/507/507
f 217/217/217 472/472/472 225/225/225
f 513/513/513 529/529/529 514/514/514
f 569/569/569 570/570/570 507/507/507
f 225/225/225 472/472/472 463/463/463
f 570/570/570 569/569/569 571/571/571
f 464/464/464 465/465/465 498/498/498
f 498/498/498 487/487/487 500/500/500
f 570/570/570 534/534/534 513/513/513
f 500/500/500 565/565/565 498/498/498
f 535/535/535 516/516/516 518/518/518
f 500/500/500 572/572/572 565/565/565
f 572/572/572 573/573/573 565/565/565
f 574/574/574 536/536/536 537/537/537
f 575/575/575 500/500/500 493/493/493
f 575/575/575 493/493/493 509/509/509
f 534/534/534 570/570/570 567/567/567
f 572/572/572 500/500/500 575/575/575
f 505/505/505 291/291/291 139/139/139
f 565/565/565 576/576/576 563/563/563
f 577/577/577 518/518/518 578/578/578
f 291/291/291 482/482/482 579/579/579
f 576/576/576 565/565/565 573/573/573
f 441/441/441 537/537/537 568/568/568
f 482/482/482 291/291/291 505/505/505
f 566/566/566 563/563/563 576/576/576
f 495/495/495 574/574/574 496/496/496
f 441/441/441 574/574/574 537/537/537
f 496/496/496 574/574/574 441/441/441
f 566/566/566 576/576/576 458/458/458
f 576/576/576 573/573/573 489/489/489
f 579/579/579 482/482/482 544/544/544
f 458/458/458 576/576/576 489/489/489
f 517/517/517 526/526/526 580/580/580
f 572/572/572 450/450/450 502/502/502
f 571/571/571 569/569/569 536/536/536
f 571/571/571 536/536/536 574/574/574
f 489/489/489 573/573/573 492/492/492
f 573/573/573 572/572/572 502/502/502
f 492/492/492 573/573/573 502/502/502
f 495/495/495 571/571/571 574/574/574
f 570/570/570 571/571/571 567/567/567
f 509/509/509 511/511/511 520/520/520
f 567/567/567 571/571/571 495/495/495
f 448/448/448 509/509/509 520/520/520
f 463/463/463 478/478/478 69/69/69
f 69/69/69 478/478/478 70/70/70
f 575/575/575 509/509/509 448/448/448
f 518/518/518 517/517/517 581/581/581
f 581/581/581 517/517/517 580/580/580
f 478/478/478 443/443/443 442/442/442
f 85/85/85 70/70/70 478/478/478
f 450/450/450 575/575/575 448/448/448
f 478/478/478 442/442/442 85/85/85
f 572/572/572 575/575/575 450/450/450
f 578/578/578 518/518/518 581/581/581
f 94/94/94 85/85/85 442/442/442
f 579/579/579 299/299/299 291/291/291
f 582/582/582 299/299/299 579/579/579
f 544/544/544 582/582/582 579/579/579
f 544/544/544 532/532/532 535/535/535
f 526/526/526 528/528/528 583/583/583
f 544/544/544 535/535/535 584/584/584
f 398/398/398 408/408/408 394/394/394
f 530/530/530 408/408/408 585/585/585
f 518/518/518 577/577/577 535/535/535
f 582/582/582 544/544/544 584/584/584
f 558/558/558 530/530/530 585/585/585
f 409/409/409 585/585/585 408/408/408
f 535/535/535 577/577/577 584/584/584
f 409/409/409 410/410/410 414/414/414
f 414/414/414 585/585/585 409/409/409
f 414/414/414 586/586/586 585/585/585
f 207/207/207 227/227/227 209/209/209
f 564/564/564 543/543/543 209/209/209
f 587/587/587 583/583/583 528/528/528
f 568/568/568 554/554/554 564/564/564
f 587/587/587 528/528/528 557/557/557
f 557/557/557 588/588/588 587/587/587
f 586/586/586 558/558/558 585/585/585
f 588/588/588 557/557/557 558/558/558
f 588/588/588 558/558/558 586/586/586
f 568/568/568 564/564/564 462/462/462
f 526/526/526 583/583/583 580/580/580
f 564/564/564 209/209/209 244/244/244
f 462/462/462 564/564/564 244/244/244
f 568/568/568 462/462/462 473/473/473
f 441/441/441 568/568/568 473/473/473
f 583/583/583 587/587/587 589/589/589
f 586/586/586 414/414/414 417/417/417
f 588/588/588 586/586/586 417/417/417
f 588/588/588 590/590/590 587/587/587
f 440/440/440 496/496/496 441/441/441
f 589/589/589 587/587/587 590/590/590
f 588/588/588 417/417/417 387/387/387
f 590/590/590 588/588/588 387/387/387
f 441/441/441 473/473/473 439/439/439
f 387/387/387 417/417/417 384/384/384
f 387/387/387 388/388/388 590/590/590
f 184/184/184 180/180/180 539/539/539
f 591/591/591 592/592/592 593/593/593
f 401/401/401 155/155/155 594/594/594
f 595/595/595 596/596/596 597/597/597
f 591/591/591 593/593/593 598/598/598
f 594/594/594 155/155/155 142/142/142
f 599/599/599 600/600/600 601/601/601
f 419/419/419 407/407/407 602/602/602
f 425/425/425 419/419/419 602/602/602
f 603/603/603 600/600/600 599/599/599
f 604/604/604 594/594/594 142/142/142
f 605/605/605 421/421/421 425/425/425
f 421/421/421 605/605/605 426/426/426
f 168/168/168 143/143/143 136/136/136
f 605/605/605 434/434/434 426/426/426
f 434/434/434 605/605/605 606/606/606
f 168/168/168 607/607/607 143/143/143
f 607/607/607 608/608/608 143/143/143
f 609/609/609 610/610/610 611/611/611
f 607/607/607 168/168/168 612/612/612
f 142/142/142 143/143/143 608/608/608
f 600/600/600 603/603/603 593/593/593
f 610/610/610 609/609/609 613/613/613
f 425/425/425 602/602/602 595/595/595
f 608/608/608 604/604/604 142/142/142
f 604/604/604 614/614/614 594/594/594
f 434/434/434 606/606/606 615/615/615
f 598/598/598 616/616/616 591/591/591
f 617/617/617 591/591/591 616/616/616
f 618/618/618 605/605/605 425/425/425
f 606/606/606 605/605/605 618/618/618
f 611/611/611 619/619/619 609/609/609
f 435/435/435 433/433/433 434/434/434
f 608/608/608 620/620/620 604/604/604
f 434/434/434 621/621/621 435/435/435
f 622/622/622 617/617/617 616/616/616
f 614/614/614 604/604/604 620/620/620
f 620/620/620 623/623/623 614/614/614
f 611/611/611 624/624/624 622/622/622
f 609/609/609 619/619/619 625/625/625
f 623/623/623 620/620/620 626/626/626
f 615/615/615 621/621/621 434/434/434
f 607/607/607 627/627/627 608/608/608
f 627/627/627 620/620/620 608/608/608
f 627/627/627 607/607/607 628/628/628
f 437/437/437 435/435/435 621/621/621
f 613/613/613 629/629/629 630/630/630
f 627/627/627 631/631/631 620/620/620
f 629/629/629 613/613/613 632/632/632
f 632/632/632 613/613/613 609/609/609
f 620/620/620 631/631/631 626/626/626
f 633/633/633 629/629/629 632/632/632
f 601/601/601 626/626/626 631/631/631
f 631/631/631 634/634/634 601/601/601
f 595/595/595 635/635/635 425/425/425
f 636/636/636 622/622/622 616/616/616
f 622/622/622 636/636/636 611/611/611
f 635/635/635 618/618/618 425/425/425
f 633/633/633 632/632/632 637/637/637
f 632/632/632 609/609/609 625/625/625
f 634/634/634 599/599/599 601/601/601
f 638/638/638 606/606/606 618/618/618
f 618/618/618 635/635/635 638/638/638
f 639/639/639 606/606/606 638/638/638
f 640/640/640 597/597/597 641/641/641
f 402/402/402 642/642/642 404/404/404
f 619/619/619 611/611/611 643/643/643
f 640/640/640 635/635/635 595/595/595
f 597/597/597 596/596/596 644/644/644
f 641/641/641 597/597/597 644/644/644
f 640/640/640 595/595/595 597/597/597
f 645/645/645 640/640/640 641/641/641
f 405/405/405 646/646/646 406/406/406
f 645/645/645 638/638/638 635/635/635
f 640/640/640 645/645/645 635/635/635
f 406/406/406 646/646/646 407/407/407
f 602/602/602 407/407/407 646/646/646
f 639/639/639 638/638/638 645/645/645
f 405/405/405 404/404/404 647/647/647
f 645/645/645 648/648/648 639/639/639
f 639/639/639 615/615/615 606/606/606
f 402/402/402 401/401/401 649/649/649
f 650/650/650 645/645/645 641/641/641
f 648/648/648 645/645/645 650/650/650
f 649/649/649 642/642/642 402/402/402
f 615/615/615 639/639/639 651/651/651
f 652/652/652 615/615/615 651/651/651
f 653/653/653 619/619/619 643/643/643
f 643/643/643 654/654/654 653/653/653
f 592/592/592 655/655/655 623/623/623
f 594/594/594 614/614/614 401/401/401
f 655/655/655 592/592/592 591/591/591
f 591/591/591 642/642/642 655/655/655
f 653/653/653 625/625/625 619/619/619
f 642/642/642 591/591/591 656/656/656
f 642/642/642 656/656/656 404/404/404
f 404/404/404 656/656/656 647/647/647
f 657/657/657 625/625/625 653/653/653
f 632/632/632 625/625/625 637/637/637
f 648/648/648 651/651/651 639/639/639
f 658/658/658 637/637/637 625/625/625
f 623/623/623 626/626/626 601/601/601
f 602/602/602 646/646/646 595/595/595
f 623/623/623 600/600/600 592/592/592
f 623/623/623 601/601/601 600/600/600
f 659/659/659 637/637/637 658/658/658
f 401/401/401 614/614/614 649/649/649
f 651/651/651 648/648/648 660/660/660
f 655/655/655 649/649/649 614/614/614
f 642/642/642 649/649/649 655/655/655
f 625/625/625 657/657/657 658/658/658
f 660/660/660 648/648/648 650/650/650
f 660/660/660 650/650/650 661/661/661
f 644/644/644 622/622/622 624/624/624
f 662/662/662 663/663/663 643/643/643
f 656/656/656 617/617/617 647/647/647
f 663/663/663 654/654/654 643/643/643
f 664/664/664 665/665/665 596/596/596
f 644/644/644 666/666/666 641/641/641
f 656/656/656 591/591/591 617/617/617
f 650/650/650 641/641/641 666/666/666
f 630/630/630 650/650/650 666/666/666
f 666/666/666 644/644/644 624/624/624
f 623/623/623 655/655/655 614/614/614
f 596/596/596 665/665/665 622/622/622
f 665/665/665 405/405/405 647/647/647
f 644/644/644 596/596/596 622/622/622
f 617/617/617 665/665/665 647/647/647
f 622/622/622 665/665/665 617/617/617
f 665/665/665 646/646/646 405/405/405
f 646/646/646 665/665/665 664/664/664
f 593/593/593 592/592/592 600/600/600
f 667/667/667 654/654/654 663/663/663
f 664/664/664 596/596/596 646/646/646
f 596/596/596 595/595/595 646/646/646
f 611/611/611 610/610/610 624/624/624
f 666/666/666 624/624/624 610/610/610
f 668/668/668 653/653/653 654/654/654
f 654/654/654 667/667/667 668/668/668
f 653/653/653 668/668/668 657/657/657
f 610/610/610 613/613/613 666/666/666
f 613/613/613 630/630/630 666/666/666
f 657/657/657 669/669/669 658/658/658
f 661/661/661 670/670/670 660/660/660
f 650/650/650 630/630/630 661/661/661
f 657/657/657 668/668/668 671/671/671
f 657/657/657 671/671/671 669/669/669
f 661/661/661 630/630/630 629/629/629
f 661/661/661 629/629/629 670/670/670
f 629/629/629 672/672/672 670/670/670
f 593/593/593 603/603/603 673/673/673
f 668/668/668 667/667/667 674/674/674
f 593/593/593 673/673/673 675/675/675
f 673/673/673 676/676/676 675/675/675
f 677/677/677 616/616/616 598/598/598
f 678/678/678 671/671/671 668/668/668
f 668/668/668 674/674/674 678/678/678
f 616/616/616 677/677/677 636/636/636
f 675/675/675 598/598/598 593/593/593
f 679/679/679 680/680/680 667/667/667
f 677/677/677 611/611/611 636/636/636
f 674/674/674 667/667/667 680/680/680
f 680/680/680 678/678/678 674/674/674
f 680/680/680 681/681/681 678/678/678
f 677/677/677 598/598/598 662/662/662
f 675/675/675 662/662/662 598/598/598
f 662/662/662 643/643/643 677/677/677
f 643/643/643 611/611/611 677/677/677
f 682/682/682 683/683/683 684/684/684
f 683/683/683 682/682/682 685/685/685
f 686/686/686 687/687/687 688/688/688
f 689/689/689 690/690/690 691/691/691
f 669/669/669 671/671/671 692/692/692
f 693/693/693 692/692/692 671/671/671
f 694/694/694 695/695/695 684/684/684
f 696/696/696 686/686/686 688/688/688
f 697/697/697 690/690/690 698/698/698
f 697/697/697 698/698/698 699/699/699
f 693/693/693 671/671/671 678/678/678
f 689/689/689 698/698/698 690/690/690
f 700/700/700 701/701/701 702/702/702
f 700/700/700 702/702/702 703/703/703
f 700/700/700 704/704/704 701/701/701
f 683/683/683 694/694/694 684/684/684
f 705/705/705 706/706/706 707/707/707
f 708/708/708 684/684/684 695/695/695
f 706/706/706 705/705/705 709/709/709
f 710/710/710 711/711/711 689/689/689
f 707/707/707 687/687/687 686/686/686
f 712/712/712 710/710/710 689/689/689
f 686/686/686 705/705/705 707/707/707
f 713/713/713 678/678/678 681/681/681
f 678/678/678 713/713/713 693/693/693
f 709/709/709 705/705/705 714/714/714
f 700/700/700 715/715/715 704/704/704
f 715/715/715 700/700/700 716/716/716
f 717/717/717 718/718/718 719/719/719
f 693/693/693 720/720/720 692/692/692
f 721/721/721 711/711/711 710/710/710
f 717/717/717 710/710/710 712/712/712
f 721/721/721 722/722/722 711/711/711
f 722/722/722 721/721/721 723/723/723
f 693/693/693 713/713/713 720/720/720
f 724/724/724 725/725/725 726/726/726
f 727/727/727 705/705/705 686/686/686
f 687/687/687 710/710/710 717/717/717
f 728/728/728 706/706/706 709/709/709
f 687/687/687 721/721/721 710/710/710
f 681/681/681 680/680/680 729/729/729
f 723/723/723 721/721/721 707/707/707
f 723/723/723 707/707/707 706/706/706
f 707/707/707 721/721/721 687/687/687
f 730/730/730 731/731/731 732/732/732
f 733/733/733 723/723/723 706/706/706
f 726/726/726 725/725/725 734/734/734
f 735/735/735 736/736/736 720/720/720
f 713/713/713 735/735/735 720/720/720
f 737/737/737 735/735/735 713/713/713
f 733/733/733 706/706/706 728/728/728
f 713/713/713 681/681/681 737/737/737
f 738/738/738 696/696/696 688/688/688
f 687/687/687 717/717/717 719/719/719
f 688/688/688 687/687/687 719/719/719
f 738/738/738 734/734/734 696/696/696
f 739/739/739 724/724/724 726/726/726
f 726/726/726 734/734/734 731/731/731
f 688/688/688 719/719/719 738/738/738
f 740/740/740 729/729/729 680/680/680
f 680/680/680 741/741/741 740/740/740
f 719/719/719 742/742/742 738/738/738
f 730/730/730 739/739/739 726/726/726
f 743/743/743 744/744/744 742/742/742
f 730/730/730 726/726/726 731/731/731
f 744/744/744 731/731/731 734/734/734
f 742/742/742 734/734/734 738/738/738
f 744/744/744 734/734/734 742/742/742
f 732/732/732 731/731/731 744/744/744
f 691/691/691 681/681/681 729/729/729
f 691/691/691 737/737/737 681/681/681
f 737/737/737 691/691/691 690/690/690
f 745/745/745 686/686/686 696/696/696
f 746/746/746 747/747/747 730/730/730
f 748/748/748 747/747/747 746/746/746
f 696/696/696 734/734/734 725/725/725
f 749/749/749 750/750/750 751/751/751
f 725/725/725 751/751/751 696/696/696
f 705/705/705 727/727/727 714/714/714
f 752/752/752 753/753/753 750/750/750
f 750/750/750 754/754/754 752/752/752
f 725/725/725 749/749/749 751/751/751
f 727/727/727 686/686/686 745/745/745
f 755/755/755 749/749/749 725/725/725
f 756/756/756 757/757/757 714/714/714
f 749/749/749 754/754/754 750/750/750
f 727/727/727 756/756/756 714/714/714
f 724/724/724 755/755/755 725/725/725
f 697/697/697 735/735/735 737/737/737
f 758/758/758 756/756/756 727/727/727
f 752/752/752 759/759/759 753/753/753
f 690/690/690 697/697/697 737/737/737
f 757/757/757 756/756/756 758/758/758
f 760/760/760 758/758/758 761/761/761
f 757/757/757 758/758/758 760/760/760
f 760/760/760 761/761/761 762/762/762
f 683/683/683 760/760/760 762/762/762
f 749/749/749 755/755/755 754/754/754
f 683/683/683 762/762/762 694/694/694
f 724/724/724 763/763/763 755/755/755
f 745/745/745 764/764/764 765/765/765
f 765/765/765 764/764/764 766/766/766
f 751/751/751 750/750/750 764/764/764
f 763/763/763 754/754/754 755/755/755
f 767/767/767 754/754/754 763/763/763
f 768/768/768 767/767/767 763/763/763
f 767/767/767 752/752/752 754/754/754
f 769/769/769 752/752/752 767/767/767
f 769/769/769 759/759/759 752/752/752
f 766/766/766 764/764/764 750/750/750
f 753/753/753 766/766/766 750/750/750
f 765/765/765 727/727/727 745/745/745
f 765/765/765 758/758/758 727/727/727
f 764/764/764 745/745/745 751/751/751
f 751/751/751 745/745/745 696/696/696
f 739/739/739 763/763/763 724/724/724
f 766/766/766 761/761/761 765/765/765
f 767/767/767 770/770/770 769/769/769
f 771/771/771 761/761/761 766/766/766
f 753/753/753 771/771/771 766/766/766
f 761/761/761 758/758/758 765/765/765
f 762/762/762 761/761/761 772/772/772
f 772/772/772 761/761/761 771/771/771
f 694/694/694 762/762/762 772/772/772
f 772/772/772 695/695/695 694/694/694
f 753/753/753 759/759/759 771/771/771
f 703/703/703 702/702/702 773/773/773
f 701/701/701 774/774/774 702/702/702
f 775/775/775 700/700/700 703/703/703
f 709/709/709 714/714/714 757/757/757
f 757/757/757 728/728/728 709/709/709
f 775/775/775 703/703/703 776/776/776
f 773/773/773 777/777/777 703/703/703
f 728/728/728 757/757/757 778/778/778
f 685/685/685 778/778/778 757/757/757
f 776/776/776 703/703/703 777/777/777
f 728/728/728 778/778/778 779/779/779
f 780/780/780 768/768/768 763/763/763
f 781/781/781 770/770/770 767/767/767
f 782/782/782 778/778/778 783/783/783
f 685/685/685 757/757/757 760/760/760
f 739/739/739 780/780/780 763/763/763
f 747/747/747 780/780/780 739/739/739
f 685/685/685 760/760/760 683/683/683
f 747/747/747 739/739/739 730/730/730
f 747/747/747 748/748/748 784/784/784
f 785/785/785 780/780/780 747/747/747
f 784/784/784 785/785/785 747/747/747
f 767/767/767 768/768/768 781/781/781
f 781/781/781 768/768/768 780/780/780
f 783/783/783 778/778/778 685/685/685
f 785/785/785 781/781/781 780/780/780
f 786/786/786 781/781/781 785/785/785
f 786/786/786 787/787/787 781/781/781
f 777/777/777 773/773/773 787/787/787
f 788/788/788 789/789/789 790/790/790
f 232/232/232 249/249/249 245/245/245
f 791/791/791 792/792/792 793/793/793
f 794/794/794 795/795/795 796/796/796
f 238/238/238 797/797/797 249/249/249
f 798/798/798 799/799/799 800/800/800
f 801/801/801 802/802/802 238/238/238
f 797/797/797 238/238/238 802/802/802
f 788/788/788 803/803/803 789/789/789
f 788/788/788 800/800/800 799/799/799
f 273/273/273 263/263/263 246/246/246
f 804/804/804 796/796/796 795/795/795
f 805/805/805 806/806/806 807/807/807
f 808/808/808 798/798/798 809/809/809
f 809/809/809 578/578/578 810/810/810
f 811/811/811 812/812/812 813/813/813
f 814/814/814 805/805/805 815/815/815
f 245/245/245 816/816/816 273/273/273
f 817/817/817 813/813/813 812/812/812
f 805/805/805 807/807/807 815/815/815
f 816/816/816 245/245/245 249/249/249
f 817/817/817 812/812/812 818/818/818
f 819/819/819 273/273/273 816/816/816
f 820/820/820 817/817/817 818/818/818
f 807/807/807 796/796/796 804/804/804
f 249/249/249 819/819/819 816/816/816
f 821/821/821 820/820/820 818/818/818
f 788/788/788 799/799/799 803/803/803
f 804/804/804 822/822/822 807/807/807
f 821/821/821 791/791/791 820/820/820
f 799/799/799 798/798/798 808/808/808
f 793/793/793 820/820/820 791/791/791
f 797/797/797 802/802/802 823/823/823
f 808/808/808 809/809/809 810/810/810
f 820/820/820 824/824/824 817/817/817
f 823/823/823 825/825/825 797/797/797
f 825/825/825 823/823/823 826/826/826
f 827/827/827 828/828/828 829/829/829
f 830/830/830 793/793/793 792/792/792
f 249/249/249 831/831/831 819/819/819
f 832/832/832 249/249/249 797/797/797
f 831/831/831 249/249/249 832/832/832
f 833/833/833 273/273/273 819/819/819
f 810/810/810 578/578/578 834/834/834
f 835/835/835 830/830/830 792/792/792
f 836/836/836 828/828/828 827/827/827
f 837/837/837 834/834/834 578/578/578
f 838/838/838 836/836/836 827/827/827
f 839/839/839 840/840/840 827/827/827
f 797/797/797 825/825/825 832/832/832
f 839/839/839 841/841/841 840/840/840
f 841/841/841 839/839/839 842/842/842
f 843/843/843 844/844/844 845/845/845
f 828/828/828 836/836/836 846/846/846
f 827/827/827 840/840/840 838/838/838
f 131/131/131 287/287/287 280/280/280
f 830/830/830 847/847/847 793/793/793
f 848/848/848 841/841/841 842/842/842
f 840/840/840 841/841/841 838/838/838
f 297/297/297 287/287/287 286/286/286
f 849/849/849 280/280/280 287/287/287
f 803/803/803 850/850/850 789/789/789
f 811/811/811 851/851/851 852/852/852
f 811/811/811 853/853/853 851/851/851
f 854/854/854 845/845/845 844/844/844
f 855/855/855 287/287/287 297/297/297
f 849/849/849 287/287/287 855/855/855
f 856/856/856 836/836/836 838/838/838
f 857/857/857 850/850/850 803/803/803
f 841/841/841 848/848/848 858/858/858
f 59/59/59 859/859/859 74/74/74
f 860/860/860 857/857/857 803/803/803
f 858/858/858 838/838/838 841/841/841
f 861/861/861 845/845/845 854/854/854
f 858/858/858 848/848/848 862/862/862
f 851/851/851 859/859/859 59/59/59
f 297/297/297 863/863/863 855/855/855
f 842/842/842 864/864/864 848/848/848
f 803/803/803 799/799/799 865/865/865
f 866/866/866 849/849/849 855/855/855
f 826/826/826 823/823/823 843/843/843
f 799/799/799 808/808/808 865/865/865
f 866/866/866 855/855/855 863/863/863
f 865/865/865 860/860/860 803/803/803
f 867/867/867 868/868/868 869/869/869
f 870/870/870 864/864/864 871/871/871
f 853/853/853 859/859/859 851/851/851
f 301/301/301 863/863/863 297/297/297
f 872/872/872 873/873/873 867/867/867
f 872/872/872 874/874/874 873/873/873
f 870/870/870 848/848/848 864/864/864
f 790/790/790 301/301/301 875/875/875
f 874/874/874 872/872/872 876/876/876
f 877/877/877 74/74/74 859/859/859
f 301/301/301 790/790/790 863/863/863
f 878/878/878 874/874/874 879/879/879
f 877/877/877 168/168/168 74/74/74
f 875/875/875 788/788/788 790/790/790
f 878/878/878 880/880/880 874/874/874
f 873/873/873 874/874/874 880/880/880
f 299/299/299 875/875/875 301/301/301
f 582/582/582 875/875/875 299/299/299
f 875/875/875 582/582/582 881/881/881
f 881/881/881 582/582/582 584/584/584
f 882/882/882 868/868/868 867/867/867
f 829/829/829 882/882/882 867/867/867
f 867/867/867 873/873/873 829/829/829
f 331/331/331 332/332/332 883/883/883
f 871/871/871 884/884/884 870/870/870
f 873/873/873 885/885/885 829/829/829
f 873/873/873 880/880/880 885/885/885
f 879/879/879 886/886/886 878/878/878
f 859/859/859 853/853/853 877/877/877
f 331/331/331 883/883/883 344/344/344
f 887/887/887 336/336/336 344/344/344
f 886/886/886 888/888/888 878/878/878
f 836/836/836 856/856/856 846/846/846
f 344/344/344 883/883/883 887/887/887
f 886/886/886 889/889/889 888/888/888
f 877/877/877 853/853/853 890/890/890
f 891/891/891 889/889/889 861/861/861
f 856/856/856 892/892/892 846/846/846
f 869/869/869 883/883/883 893/893/893
f 824/824/824 813/813/813 817/817/817
f 888/888/888 889/889/889 891/891/891
f 887/887/887 370/370/370 336/336/336
f 894/894/894 370/370/370 887/887/887
f 883/883/883 894/894/894 887/887/887
f 861/861/861 895/895/895 891/891/891
f 896/896/896 811/811/811 813/813/813
f 862/862/862 897/897/897 858/858/858
f 838/838/838 858/858/858 897/897/897
f 896/896/896 853/853/853 811/811/811
f 378/378/378 371/371/371 370/370/370
f 824/824/824 898/898/898 813/813/813
f 370/370/370 894/894/894 378/378/378
f 898/898/898 896/896/896 813/813/813
f 899/899/899 882/882/882 829/829/829
f 900/900/900 898/898/898 824/824/824
f 901/901/901 894/894/894 883/883/883
f 838/838/838 902/902/902 856/856/856
f 838/838/838 897/897/897 902/902/902
f 902/902/902 892/892/892 856/856/856
f 869/869/869 901/901/901 883/883/883
f 900/900/900 824/824/824 820/820/820
f 847/847/847 900/900/900 820/820/820
f 820/820/820 793/793/793 847/847/847
f 894/894/894 901/901/901 903/903/903
f 810/810/810 834/834/834 904/904/904
f 905/905/905 862/862/862 848/848/848
f 906/906/906 377/377/377 378/378/378
f 907/907/907 834/834/834 837/837/837
f 848/848/848 870/870/870 905/905/905
f 900/900/900 847/847/847 908/908/908
f 903/903/903 378/378/378 894/894/894
f 378/378/378 909/909/909 906/906/906
f 907/907/907 589/589/589 910/910/910
f 590/590/590 911/911/911 912/912/912
f 853/853/853 896/896/896 890/890/890
f 909/909/909 378/378/378 903/903/903
f 909/909/909 903/903/903 913/913/913
f 834/834/834 907/907/907 910/910/910
f 913/913/913 903/903/903 914/914/914
f 915/915/915 870/870/870 884/884/884
f 896/896/896 916/916/916 890/890/890
f 901/901/901 914/914/914 903/903/903
f 912/912/912 917/917/917 910/910/910
f 910/910/910 589/589/589 912/912/912
f 918/918/918 862/862/862 905/905/905
f 917/917/917 912/912/912 919/919/919
f 920/920/920 906/906/906 909/909/909
f 909/909/909 913/913/913 921/921/921
f 921/921/921 920/920/920 909/909/909
f 821/821/821 921/921/921 913/913/913
f 915/915/915 922/922/922 870/870/870
f 913/913/913 914/914/914 923/923/923
f 922/922/922 905/905/905 870/870/870
f 896/896/896 898/898/898 916/916/916
f 869/869/869 924/924/924 901/901/901
f 869/869/869 868/868/868 924/924/924
f 844/844/844 925/925/925 854/854/854
f 926/926/926 897/897/897 862/862/862
f 926/926/926 902/902/902 897/897/897
f 862/862/862 918/918/918 926/926/926
f 914/914/914 901/901/901 924/924/924
f 861/861/861 854/854/854 895/895/895
f 828/828/828 927/927/927 899/899/899
f 854/854/854 928/928/928 895/895/895
f 924/924/924 868/868/868 929/929/929
f 905/905/905 930/930/930 918/918/918
f 905/905/905 922/922/922 930/930/930
f 857/857/857 860/860/860 931/931/931
f 932/932/932 927/927/927 828/828/828
f 821/821/821 913/913/913 923/923/923
f 857/857/857 931/931/931 933/933/933
f 835/835/835 792/792/792 927/927/927
f 914/914/914 924/924/924 923/923/923
f 925/925/925 928/928/928 854/854/854
f 884/884/884 871/871/871 934/934/934
f 929/929/929 923/923/923 924/924/924
f 904/904/904 865/865/865 808/808/808
f 810/810/810 904/904/904 808/808/808
f 929/929/929 868/868/868 882/882/882
f 828/828/828 846/846/846 932/932/932
f 865/865/865 935/935/935 860/860/860
f 936/936/936 934/934/934 937/937/937
f 938/938/938 939/939/939 931/931/931
f 899/899/899 929/929/929 882/882/882
f 940/940/940 923/923/923 929/929/929
f 835/835/835 927/927/927 932/932/932
f 941/941/941 934/934/934 936/936/936
f 939/939/939 938/938/938 942/942/942
f 904/904/904 935/935/935 865/865/865
f 935/935/935 904/904/904 943/943/943
f 899/899/899 940/940/940 929/929/929
f 263/263/263 944/944/944 267/267/267
f 935/935/935 931/931/931 860/860/860
f 835/835/835 932/932/932 830/830/830
f 931/931/931 935/935/935 943/943/943
f 263/263/263 273/273/273 833/833/833
f 944/944/944 263/263/263 833/833/833
f 945/945/945 944/944/944 833/833/833
f 946/946/946 939/939/939 942/942/942
f 941/941/941 884/884/884 934/934/934
f 947/947/947 847/847/847 830/830/830
f 944/944/944 332/332/332 267/267/267
f 936/936/936 948/948/948 941/941/941
f 949/949/949 947/947/947 830/830/830
f 949/949/949 830/830/830 932/932/932
f 937/937/937 934/934/934 928/928/928
f 893/893/893 332/332/332 944/944/944
f 834/834/834 950/950/950 904/904/904
f 833/833/833 951/951/951 945/945/945
f 951/951/951 833/833/833 819/819/819
f 846/846/846 949/949/949 932/932/932
f 819/819/819 952/952/952 951/951/951
f 953/953/953 949/949/949 846/846/846
f 892/892/892 953/953/953 846/846/846
f 834/834/834 910/910/910 954/954/954
f 945/945/945 893/893/893 944/944/944
f 950/950/950 834/834/834 954/954/954
f 955/955/955 893/893/893 945/945/945
f 946/946/946 956/956/956 957/957/957
f 950/950/950 943/943/943 904/904/904
f 958/958/958 847/847/847 947/947/947
f 959/959/959 941/941/941 948/948/948
f 938/938/938 943/943/943 950/950/950
f 960/960/960 959/959/959 948/948/948
f 949/949/949 958/958/958 947/947/947
f 961/961/961 958/958/958 949/949/949
f 959/959/959 960/960/960 962/962/962
f 943/943/943 938/938/938 931/931/931
f 952/952/952 819/819/819 831/831/831
f 831/831/831 832/832/832 952/952/952
f 915/915/915 884/884/884 941/941/941
f 888/888/888 963/963/963 878/878/878
f 888/888/888 891/891/891 964/964/964
f 965/965/965 826/826/826 843/843/843
f 826/826/826 965/965/965 825/825/825
f 847/847/847 958/958/958 908/908/908
f 332/332/332 893/893/893 883/883/883
f 941/941/941 959/959/959 915/915/915
f 829/829/829 885/885/885 827/827/827
f 878/878/878 963/963/963 880/880/880
f 880/880/880 839/839/839 885/885/885
f 839/839/839 880/880/880 963/963/963
f 869/869/869 893/893/893 955/955/955
f 963/963/963 964/964/964 842/842/842
f 949/949/949 953/953/953 966/966/966
f 961/961/961 949/949/949 966/966/966
f 899/899/899 829/829/829 828/828/828
f 951/951/951 952/952/952 967/967/967
f 951/951/951 876/876/876 945/945/945
f 951/951/951 967/967/967 876/876/876
f 839/839/839 827/827/827 885/885/885
f 963/963/963 842/842/842 839/839/839
f 952/952/952 832/832/832 968/968/968
f 965/965/965 832/832/832 825/825/825
f 832/832/832 965/965/965 968/968/968
f 968/968/968 967/967/967 952/952/952
f 888/888/888 964/964/964 963/963/963
f 969/969/969 957/957/957 970/970/970
f 956/956/956 971/971/971 972/972/972
f 845/845/845 965/965/965 843/843/843
f 972/972/972 971/971/971 973/973/973
f 956/956/956 946/946/946 942/942/942
f 957/957/957 956/956/956 972/972/972
f 974/974/974 966/966/966 953/953/953
f 842/842/842 964/964/964 864/864/864
f 876/876/876 955/955/955 945/945/945
f 968/968/968 879/879/879 967/967/967
f 964/964/964 891/891/891 871/871/871
f 958/958/958 975/975/975 908/908/908
f 973/973/973 957/957/957 972/972/972
f 961/961/961 975/975/975 958/958/958
f 957/957/957 973/973/973 970/970/970
f 864/864/864 964/964/964 871/871/871
f 976/976/976 898/898/898 900/900/900
f 955/955/955 867/867/867 869/869/869
f 908/908/908 976/976/976 900/900/900
f 872/872/872 955/955/955 876/876/876
f 977/977/977 953/953/953 892/892/892
f 955/955/955 872/872/872 867/867/867
f 895/895/895 871/871/871 891/891/891
f 934/934/934 895/895/895 928/928/928
f 975/975/975 976/976/976 908/908/908
f 895/895/895 934/934/934 871/871/871
f 874/874/874 876/876/876 967/967/967
f 967/967/967 879/879/879 874/874/874
f 978/978/978 976/976/976 975/975/975
f 892/892/892 902/902/902 979/979/979
f 892/892/892 979/979/979 977/977/977
f 902/902/902 980/980/980 979/979/979
f 965/965/965 886/886/886 968/968/968
f 374/374/374 377/377/377 4/4/4
f 981/981/981 4/4/4 377/377/377
f 886/886/886 879/879/879 968/968/968
f 975/975/975 961/961/961 966/966/966
f 980/980/980 902/902/902 926/926/926
f 906/906/906 981/981/981 377/377/377
f 980/980/980 926/926/926 918/918/918
f 889/889/889 965/965/965 845/845/845
f 965/965/965 889/889/889 886/886/886
f 981/981/981 5/5/5 4/4/4
f 918/918/918 982/982/982 980/980/980
f 906/906/906 920/920/920 981/981/981
f 980/980/980 983/983/983 979/979/979
f 975/975/975 984/984/984 978/978/978
f 977/977/977 974/974/974 953/953/953
f 812/812/812 981/981/981 920/920/920
f 920/920/920 921/921/921 818/818/818
f 812/812/812 920/920/920 818/818/818
f 966/966/966 984/984/984 975/975/975
f 974/974/974 984/984/984 966/966/966
f 979/979/979 985/985/985 977/977/977
f 845/845/845 861/861/861 889/889/889
f 985/985/985 979/979/979 983/983/983
f 812/812/812 852/852/852 981/981/981
f 986/986/986 984/984/984 974/974/974
f 812/812/812 811/811/811 852/852/852
f 5/5/5 59/59/59 6/6/6
f 852/852/852 5/5/5 981/981/981
f 790/790/790 866/866/866 863/863/863
f 851/851/851 59/59/59 5/5/5
f 852/852/852 851/851/851 5/5/5
f 918/918/918 930/930/930 987/987/987
f 911/911/911 590/590/590 388/388/388
f 388/388/388 988/988/988 911/911/911
f 850/850/850 866/866/866 790/790/790
f 790/790/790 789/789/789 850/850/850
f 818/818/818 921/921/921 821/821/821
f 982/982/982 918/918/918 987/987/987
f 881/881/881 584/584/584 798/798/798
f 577/577/577 809/809/809 584/584/584
f 809/809/809 798/798/798 584/584/584
f 788/788/788 875/875/875 800/800/800
f 919/919/919 912/912/912 911/911/911
f 800/800/800 875/875/875 881/881/881
f 792/792/792 923/923/923 940/940/940
f 919/919/919 911/911/911 988/988/988
f 881/881/881 798/798/798 800/800/800
f 809/809/809 577/577/577 578/578/578
f 927/927/927 792/792/792 940/940/940
f 927/927/927 940/940/940 899/899/899
f 923/923/923 791/791/791 821/821/821
f 923/923/923 792/792/792 791/791/791
f 989/989/989 987/987/987 930/930/930
f 922/922/922 989/989/989 930/930/930
f 985/985/985 974/974/974 977/977/977
f 388/388/388 386/386/386 395/395/395
f 388/388/388 395/395/395 990/990/990
f 991/991/991 985/985/985 983/983/983
f 395/395/395 390/390/390 992/992/992
f 980/980/980 993/993/993 983/983/983
f 980/980/980 982/982/982 993/993/993
f 992/992/992 390/390/390 399/399/399
f 990/990/990 395/395/395 992/992/992
f 988/988/988 388/388/388 990/990/990
f 990/990/990 994/994/994 988/988/988
f 974/974/974 985/985/985 995/995/995
f 988/988/988 994/994/994 919/919/919
f 985/985/985 991/991/991 995/995/995
f 990/990/990 996/996/996 994/994/994
f 993/993/993 991/991/991 983/983/983
f 991/991/991 993/993/993 997/997/997
f 993/993/993 998/998/998 997/997/997
f 954/954/954 910/910/910 917/917/917
f 987/987/987 998/998/998 982/982/982
f 982/982/982 998/998/998 993/993/993
f 999/999/999 917/917/917 919/919/919
f 917/917/917 999/999/999 954/954/954
f 954/954/954 999/999/999 1000/1000/1000
f 950/950/950 954/954/954 971/971/971
f 938/938/938 950/950/950 956/956/956
f 956/956/956 950/950/950 971/971/971
f 942/942/942 938/938/938 956/956/956
f 1001/1001/1001 998/998/998 987/987/987
f 998/998/998 1002/1002/1002 997/997/997
f 1002/1002/1002 998/998/998 1001/1001/1001
f 1001/1001/1001 987/987/987 989/989/989
f 1003/1003/1003 922/922/922 915/915/915
f 1004/1004/1004 999/999/999 919/919/919
f 1003/1003/1003 915/915/915 1005/1005/1005
f 1004/1004/1004 919/919/919 994/994/994
f 959/959/959 1005/1005/1005 915/915/915
f 999/999/999 1004/1004/1004 814/814/814
f 1005/1005/1005 959/959/959 1006/1006/1006
f 1000/1000/1000 971/971/971 954/954/954
f 962/962/962 1006/1006/1006 959/959/959
f 962/962/962 1007/1007/1007 1006/1006/1006
f 973/973/973 1000/1000/1000 1008/1008/1008
f 971/971/971 1000/1000/1000 973/973/973
f 970/970/970 973/973/973 1008/1008/1008
f 399/399/399 397/397/397 432/432/432
f 432/432/432 1009/1009/1009 399/399/399
f 992/992/992 399/399/399 1009/1009/1009
f 1009/1009/1009 432/432/432 1010/1010/1010
f 1011/1011/1011 1012/1012/1012 970/970/970
f 992/992/992 996/996/996 990/990/990
f 1008/1008/1008 1011/1011/1011 970/970/970
f 1012/1012/1012 969/969/969 970/970/970
f 1008/1008/1008 1013/1013/1013 815/815/815
f 1009/1009/1009 996/996/996 992/992/992
f 1008/1008/1008 815/815/815 1014/1014/1014
f 1014/1014/1014 815/815/815 1015/1015/1015
f 432/432/432 431/431/431 436/436/436
f 814/814/814 815/815/815 1013/1013/1013
f 807/807/807 822/822/822 815/815/815
f 1015/1015/1015 815/815/815 822/822/822
f 436/436/436 1010/1010/1010 432/432/432
f 1010/1010/1010 436/436/436 1016/1016/1016
f 794/794/794 1009/1009/1009 1010/1010/1010
f 996/996/996 1009/1009/1009 794/794/794
f 796/796/796 996/996/996 794/794/794
f 1014/1014/1014 1011/1011/1011 1008/1008/1008
f 794/794/794 1010/1010/1010 1017/1017/1017
f 794/794/794 1017/1017/1017 1018/1018/1018
f 805/805/805 1004/1004/1004 994/994/994
f 1019/1019/1019 1012/1012/1012 1020/1020/1020
f 1020/1020/1020 1012/1012/1012 1011/1011/1011
f 1021/1021/1021 1020/1020/1020 1011/1011/1011
f 1021/1021/1021 1011/1011/1011 1014/1014/1014
f 1004/1004/1004 805/805/805 814/814/814
f 996/996/996 806/806/806 994/994/994
f 805/805/805 994/994/994 806/806/806
f 1013/1013/1013 1008/1008/1008 1000/1000/1000
f 1013/1013/1013 999/999/999 814/814/814
f 1000/1000/1000 999/999/999 1013/1013/1013
f 989/989/989 922/922/922 1003/1003/1003
f 1003/1003/1003 1022/1022/1022 989/989/989
f 1005/1005/1005 1022/1022/1022 1003/1003/1003
f 1023/1023/1023 1022/1022/1022 1005/1005/1005
f 1006/1006/1006 1023/1023/1023 1005/1005/1005
f 806/806/806 996/996/996 796/796/796
f 807/807/807 806/806/806 796/796/796
f 1024/1024/1024 1022/1022/1022 1023/1023/1023
f 1020/1020/1020 1025/1025/1025 1019/1019/1019
f 1026/1026/1026 1023/1023/1023 1006/1006/1006
f 837/837/837 581/581/581 907/907/907
f 907/907/907 581/581/581 580/580/580
f 589/589/589 590/590/590 912/912/912
f 589/589/589 580/580/580 583/583/583
f 589/589/589 907/907/907 580/580/580
f 578/578/578 581/581/581 837/837/837
f 1027/1027/1027 1028/1028/1028 1029/1029/1029
f 168/168/168 877/877/877 612/612/612
f 1030/1030/1030 1031/1031/1031 1032/1032/1032
f 612/612/612 877/877/877 1033/1033/1033
f 1034/1034/1034 1035/1035/1035 1036/1036/1036
f 1037/1037/1037 1015/1015/1015 822/822/822
f 628/628/628 612/612/612 1033/1033/1033
f 1038/1038/1038 822/822/822 804/804/804
f 1039/1039/1039 1040/1040/1040 1031/1031/1031
f 1041/1041/1041 1035/1035/1035 1034/1034/1034
f 1037/1037/1037 822/822/822 1038/1038/1038
f 1042/1042/1042 877/877/877 890/890/890
f 1014/1014/1014 1015/1015/1015 1043/1043/1043
f 1042/1042/1042 1033/1033/1033 877/877/877
f 1014/1014/1014 1043/1043/1043 1021/1021/1021
f 1037/1037/1037 1043/1043/1043 1015/1015/1015
f 1044/1044/1044 1045/1045/1045 1046/1046/1046
f 1044/1044/1044 1047/1047/1047 1045/1045/1045
f 628/628/628 607/607/607 612/612/612
f 1021/1021/1021 1043/1043/1043 1048/1048/1048
f 1048/1048/1048 1049/1049/1049 1021/1021/1021
f 1050/1050/1050 1051/1051/1051 659/659/659
f 1050/1050/1050 658/658/658 669/669/669
f 659/659/659 658/658/658 1050/1050/1050
f 1052/1052/1052 1038/1038/1038 804/804/804
f 669/669/669 1053/1053/1053 1050/1050/1050
f 1054/1054/1054 1055/1055/1055 1056/1056/1056
f 1055/1055/1055 667/667/667 663/663/663
f 1043/1043/1043 1037/1037/1037 1048/1048/1048
f 1048/1048/1048 1037/1037/1037 1057/1057/1057
f 1037/1037/1037 1038/1038/1038 1057/1057/1057
f 1058/1058/1058 1059/1059/1059 1046/1046/1046
f 1033/1033/1033 1060/1060/1060 628/628/628
f 1061/1061/1061 1047/1047/1047 1044/1044/1044
f 916/916/916 1062/1062/1062 890/890/890
f 1046/1046/1046 1059/1059/1059 1044/1044/1044
f 1063/1063/1063 1062/1062/1062 916/916/916
f 916/916/916 898/898/898 976/976/976
f 976/976/976 1064/1064/1064 916/916/916
f 989/989/989 1022/1022/1022 1065/1065/1065
f 1022/1022/1022 1024/1024/1024 1065/1065/1065
f 1061/1061/1061 1066/1066/1066 1047/1047/1047
f 1064/1064/1064 1063/1063/1063 916/916/916
f 1066/1066/1066 1061/1061/1061 1067/1067/1067
f 890/890/890 1062/1062/1062 1042/1042/1042
f 1068/1068/1068 1069/1069/1069 1070/1070/1070
f 1071/1071/1071 1072/1072/1072 1070/1070/1070
f 1073/1073/1073 1063/1063/1063 1064/1064/1064
f 1024/1024/1024 1023/1023/1023 1074/1074/1074
f 1023/1023/1023 1075/1075/1075 1074/1074/1074
f 1072/1072/1072 1071/1071/1071 1076/1076/1076
f 1033/1033/1033 1042/1042/1042 1077/1077/1077
f 1077/1077/1077 1078/1078/1078 1033/1033/1033
f 1024/1024/1024 1079/1079/1079 1065/1065/1065
f 1069/1069/1069 1040/1040/1040 1080/1080/1080
f 1080/1080/1080 1040/1040/1040 1039/1039/1039
f 1077/1077/1077 1042/1042/1042 1062/1062/1062
f 1077/1077/1077 1062/1062/1062 1081/1081/1081
f 1070/1070/1070 1069/1069/1069 1080/1080/1080
f 1063/1063/1063 1081/1081/1081 1062/1062/1062
f 1073/1073/1073 1081/1081/1081 1063/1063/1063
f 1082/1082/1082 1083/1083/1083 1084/1084/1084
f 1077/1077/1077 1081/1081/1081 1085/1085/1085
f 1039/1039/1039 1031/1031/1031 1086/1086/1086
f 1086/1086/1086 1031/1031/1031 1030/1030/1030
f 1087/1087/1087 1082/1082/1082 1084/1084/1084
f 1073/1073/1073 1088/1088/1088 1081/1081/1081
f 1020/1020/1020 1021/1021/1021 1049/1049/1049
f 1087/1087/1087 1089/1089/1089 1090/1090/1090
f 1091/1091/1091 1087/1087/1087 1090/1090/1090
f 1092/1092/1092 627/627/627 628/628/628
f 1093/1093/1093 1039/1039/1039 1086/1086/1086
f 1092/1092/1092 631/631/631 627/627/627
f 1094/1094/1094 1067/1067/1067 1095/1095/1095
f 1025/1025/1025 1020/1020/1020 1096/1096/1096
f 1070/1070/1070 1080/1080/1080 1097/1097/1097
f 1070/1070/1070 1097/1097/1097 1071/1071/1071
f 1060/1060/1060 1092/1092/1092 628/628/628
f 1091/1091/1091 1098/1098/1098 1087/1087/1087
f 1092/1092/1092 1060/1060/1060 1099/1099/1099
f 1100/1100/1100 1101/1101/1101 1102/1102/1102
f 1103/1103/1103 1104/1104/1104 1105/1105/1105
f 1092/1092/1092 634/634/634 631/631/631
f 1093/1093/1093 1106/1106/1106 1039/1039/1039
f 1028/1028/1028 1065/1065/1065 1079/1079/1079
f 1106/1106/1106 1097/1097/1097 1080/1080/1080
f 1106/1106/1106 1080/1080/1080 1039/1039/1039
f 1107/1107/1107 1097/1097/1097 1106/1106/1106
f 1079/1079/1079 1024/1024/1024 1074/1074/1074
f 1028/1028/1028 1079/1079/1079 1108/1108/1108
f 1108/1108/1108 1029/1029/1029 1028/1028/1028
f 1059/1059/1059 1061/1061/1061 1044/1044/1044
f 1109/1109/1109 1101/1101/1101 1100/1100/1100
f 1110/1110/1110 1111/1111/1111 1095/1095/1095
f 1112/1112/1112 1079/1079/1079 1074/1074/1074
f 1110/1110/1110 1061/1061/1061 1059/1059/1059
f 1103/1103/1103 1101/1101/1101 1104/1104/1104
f 1095/1095/1095 1061/1061/1061 1110/1110/1110
f 634/634/634 1092/1092/1092 1099/1099/1099
f 1110/1110/1110 1059/1059/1059 1113/1113/1113
f 1049/1049/1049 1096/1096/1096 1020/1020/1020
f 634/634/634 1099/1099/1099 1114/1114/1114
f 1109/1109/1109 1104/1104/1104 1101/1101/1101
f 1109/1109/1109 1115/1115/1115 1104/1104/1104
f 634/634/634 1116/1116/1116 599/599/599
f 1117/1117/1117 1116/1116/1116 634/634/634
f 1118/1118/1118 1025/1025/1025 1096/1096/1096
f 1117/1117/1117 634/634/634 1114/1114/1114
f 1061/1061/1061 1095/1095/1095 1067/1067/1067
f 1118/1118/1118 1096/1096/1096 1119/1119/1119
f 1096/1096/1096 1049/1049/1049 1119/1119/1119
f 1060/1060/1060 1120/1120/1120 1099/1099/1099
f 1099/1099/1099 1120/1120/1120 1114/1114/1114
f 1121/1121/1121 1105/1105/1105 1104/1104/1104
f 1122/1122/1122 1114/1114/1114 1120/1120/1120
f 1049/1049/1049 1048/1048/1048 1123/1123/1123
f 1121/1121/1121 1124/1124/1124 1090/1090/1090
f 1124/1124/1124 1121/1121/1121 1104/1104/1104
f 1093/1093/1093 1125/1125/1125 1106/1106/1106
f 1095/1095/1095 1111/1111/1111 1094/1094/1094
f 1033/1033/1033 1078/1078/1078 1060/1060/1060
f 1124/1124/1124 1091/1091/1091 1090/1090/1090
f 1126/1126/1126 1127/1127/1127 1128/1128/1128
f 1129/1129/1129 1130/1130/1130 1131/1131/1131
f 1127/1127/1127 1130/1130/1130 1129/1129/1129
f 1132/1132/1132 1133/1133/1133 1134/1134/1134
f 1135/1135/1135 1124/1124/1124 1104/1104/1104
f 1136/1136/1136 1060/1060/1060 1078/1078/1078
f 1136/1136/1136 1078/1078/1078 1137/1137/1137
f 1126/1126/1126 1128/1128/1128 1138/1138/1138
f 1077/1077/1077 1085/1085/1085 1078/1078/1078
f 1133/1133/1133 1139/1139/1139 1140/1140/1140
f 1141/1141/1141 1139/1139/1139 1133/1133/1133
f 1141/1141/1141 1133/1133/1133 1132/1132/1132
f 1085/1085/1085 1137/1137/1137 1078/1078/1078
f 1142/1142/1142 1137/1137/1137 1085/1085/1085
f 1136/1136/1136 1120/1120/1120 1060/1060/1060
f 1115/1115/1115 1109/1109/1109 1143/1143/1143
f 1144/1144/1144 1126/1126/1126 1138/1138/1138
f 1145/1145/1145 1120/1120/1120 1136/1136/1136
f 1115/1115/1115 1135/1135/1135 1104/1104/1104
f 1139/1139/1139 1100/1100/1100 1102/1102/1102
f 1141/1141/1141 1146/1146/1146 1139/1139/1139
f 1146/1146/1146 1100/1100/1100 1139/1139/1139
f 1135/1135/1135 1147/1147/1147 1148/1148/1148
f 1147/1147/1147 1135/1135/1135 1115/1115/1115
f 1149/1149/1149 1126/1126/1126 1144/1144/1144
f 1038/1038/1038 1052/1052/1052 1150/1150/1150
f 1057/1057/1057 1038/1038/1038 1150/1150/1150
f 1137/1137/1137 1151/1151/1151 1136/1136/1136
f 1143/1143/1143 1147/1147/1147 1115/1115/1115
f 1123/1123/1123 1048/1048/1048 1057/1057/1057
f 1057/1057/1057 1150/1150/1150 1152/1152/1152
f 1057/1057/1057 1152/1152/1152 1123/1123/1123
f 1144/1144/1144 1138/1138/1138 1035/1035/1035
f 1153/1153/1153 1144/1144/1144 1035/1035/1035
f 1041/1041/1041 1153/1153/1153 1035/1035/1035
f 1112/1112/1112 1108/1108/1108 1079/1079/1079
f 1154/1154/1154 1155/1155/1155 1156/1156/1156
f 976/976/976 978/978/978 1157/1157/1157
f 976/976/976 1157/1157/1157 1158/1158/1158
f 1158/1158/1158 1064/1064/1064 976/976/976
f 1064/1064/1064 1158/1158/1158 1159/1159/1159
f 1160/1160/1160 1161/1161/1161 1154/1154/1154
f 1119/1119/1119 1049/1049/1049 1162/1162/1162
f 1162/1162/1162 1049/1049/1049 1123/1123/1123
f 1144/1144/1144 1153/1153/1153 1163/1163/1163
f 1164/1164/1164 978/978/978 984/984/984
f 1083/1083/1083 1082/1082/1082 1165/1165/1165
f 1166/1166/1166 1123/1123/1123 1152/1152/1152
f 1164/1164/1164 1157/1157/1157 978/978/978
f 1167/1167/1167 1131/1131/1131 1168/1168/1168
f 1131/1131/1131 1130/1130/1130 1168/1168/1168
f 1118/1118/1118 1119/1119/1119 1169/1169/1169
f 1119/1119/1119 1170/1170/1170 1169/1169/1169
f 1159/1159/1159 1073/1073/1073 1064/1064/1064
f 1168/1168/1168 1171/1171/1171 1167/1167/1167
f 1165/1165/1165 1082/1082/1082 1172/1172/1172
f 1171/1171/1171 1054/1054/1054 1167/1167/1167
f 1173/1173/1173 1158/1158/1158 1157/1157/1157
f 1174/1174/1174 1112/1112/1112 1074/1074/1074
f 1119/1119/1119 1162/1162/1162 1170/1170/1170
f 1173/1173/1173 1159/1159/1159 1158/1158/1158
f 1088/1088/1088 1073/1073/1073 1159/1159/1159
f 1170/1170/1170 1175/1175/1175 1169/1169/1169
f 1055/1055/1055 1054/1054/1054 679/679/679
f 1055/1055/1055 679/679/679 667/667/667
f 1098/1098/1098 1082/1082/1082 1087/1087/1087
f 1170/1170/1170 1162/1162/1162 1176/1176/1176
f 1177/1177/1177 679/679/679 1054/1054/1054
f 1157/1157/1157 1178/1178/1178 1173/1173/1173
f 1054/1054/1054 1171/1171/1171 1177/1177/1177
f 1162/1162/1162 1123/1123/1123 1166/1166/1166
f 1157/1157/1157 1164/1164/1164 1178/1178/1178
f 1164/1164/1164 1179/1179/1179 1178/1178/1178
f 1176/1176/1176 1162/1162/1162 1166/1166/1166
f 1180/1180/1180 1082/1082/1082 1098/1098/1098
f 1181/1181/1181 1112/1112/1112 1174/1174/1174
f 1098/1098/1098 1182/1182/1182 1180/1180/1180
f 1180/1180/1180 1172/1172/1172 1082/1082/1082
f 1161/1161/1161 1183/1183/1183 1169/1169/1169
f 1170/1170/1170 1176/1176/1176 1175/1175/1175
f 984/984/984 986/986/986 1164/1164/1164
f 1184/1184/1184 1180/1180/1180 1185/1185/1185
f 1186/1186/1186 1171/1171/1171 1168/1168/1168
f 1156/1156/1156 1155/1155/1155 1175/1175/1175
f 974/974/974 995/995/995 986/986/986
f 1176/1176/1176 1156/1156/1156 1175/1175/1175
f 1164/1164/1164 986/986/986 1187/1187/1187
f 1034/1034/1034 1165/1165/1165 1172/1172/1172
f 1156/1156/1156 1176/1176/1176 1188/1188/1188
f 1166/1166/1166 1188/1188/1188 1176/1176/1176
f 1189/1189/1189 1130/1130/1130 1127/1127/1127
f 1189/1189/1189 1127/1127/1127 1126/1126/1126
f 1179/1179/1179 1164/1164/1164 1187/1187/1187
f 1169/1169/1169 1175/1175/1175 1155/1155/1155
f 1169/1169/1169 1155/1155/1155 1154/1154/1154
f 1041/1041/1041 1034/1034/1034 1172/1172/1172
f 1154/1154/1154 1161/1161/1161 1169/1169/1169
f 1179/1179/1179 1187/1187/1187 1190/1190/1190
f 1191/1191/1191 1187/1187/1187 986/986/986
f 1192/1192/1192 1130/1130/1130 1189/1189/1189
f 1193/1193/1193 1130/1130/1130 1192/1192/1192
f 1117/1117/1117 1114/1114/1114 1122/1122/1122
f 1126/1126/1126 1149/1149/1149 1189/1189/1189
f 1134/1134/1134 1187/1187/1187 1191/1191/1191
f 1178/1178/1178 1179/1179/1179 1194/1194/1194
f 1195/1195/1195 1172/1172/1172 1180/1180/1180
f 1190/1190/1190 1194/1194/1194 1179/1179/1179
f 1145/1145/1145 1122/1122/1122 1120/1120/1120
f 1149/1149/1149 1192/1192/1192 1189/1189/1189
f 1168/1168/1168 1130/1130/1130 1196/1196/1196
f 1190/1190/1190 1187/1187/1187 1134/1134/1134
f 1145/1145/1145 1197/1197/1197 1122/1122/1122
f 1088/1088/1088 1085/1085/1085 1081/1081/1081
f 1136/1136/1136 1198/1198/1198 1145/1145/1145
f 1041/1041/1041 1172/1172/1172 1195/1195/1195
f 1199/1199/1199 1088/1088/1088 1159/1159/1159
f 1173/1173/1173 1199/1199/1199 1159/1159/1159
f 1180/1180/1180 1200/1200/1200 1195/1195/1195
f 1142/1142/1142 1085/1085/1085 1088/1088/1088
f 1184/1184/1184 1200/1200/1200 1180/1180/1180
f 1177/1177/1177 680/680/680 679/679/679
f 1201/1201/1201 1197/1197/1197 1145/1145/1145
f 1202/1202/1202 1142/1142/1142 1088/1088/1088
f 1136/1136/1136 1151/1151/1151 1198/1198/1198
f 680/680/680 1177/1177/1177 741/741/741
f 1173/1173/1173 1178/1178/1178 1203/1203/1203
f 1204/1204/1204 1198/1198/1198 1151/1151/1151
f 1203/1203/1203 1199/1199/1199 1173/1173/1173
f 1200/1200/1200 1041/1041/1041 1195/1195/1195
f 1198/1198/1198 1201/1201/1201 1145/1145/1145
f 1205/1205/1205 1088/1088/1088 1199/1199/1199
f 1202/1202/1202 1088/1088/1088 1205/1205/1205
f 1200/1200/1200 1184/1184/1184 1206/1206/1206
f 1168/1168/1168 1196/1196/1196 1186/1186/1186
f 1203/1203/1203 1205/1205/1205 1199/1199/1199
f 1135/1135/1135 1182/1182/1182 1091/1091/1091
f 1182/1182/1182 1098/1098/1098 1091/1091/1091
f 1142/1142/1142 1151/1151/1151 1137/1137/1137
f 1084/1084/1084 1083/1083/1083 1198/1198/1198
f 1202/1202/1202 1207/1207/1207 1142/1142/1142
f 1149/1149/1149 1208/1208/1208 1192/1192/1192
f 1193/1193/1193 1196/1196/1196 1130/1130/1130
f 1135/1135/1135 1091/1091/1091 1124/1124/1124
f 1135/1135/1135 1148/1148/1148 1182/1182/1182
f 1207/1207/1207 1151/1151/1151 1142/1142/1142
f 1209/1209/1209 1204/1204/1204 1207/1207/1207
f 1204/1204/1204 1210/1210/1210 1198/1198/1198
f 1207/1207/1207 1204/1204/1204 1151/1151/1151
f 1182/1182/1182 1148/1148/1148 1211/1211/1211
f 1210/1210/1210 1204/1204/1204 1209/1209/1209
f 1212/1212/1212 1205/1205/1205 1203/1203/1203
f 1209/1209/1209 1207/1207/1207 1213/1213/1213
f 1214/1214/1214 1202/1202/1202 1205/1205/1205
f 1215/1215/1215 1214/1214/1214 1205/1205/1205
f 1185/1185/1185 1180/1180/1180 1182/1182/1182
f 1192/1192/1192 1208/1208/1208 1216/1216/1216
f 1212/1212/1212 1215/1215/1215 1205/1205/1205
f 1207/1207/1207 1202/1202/1202 1213/1213/1213
f 1215/1215/1215 1217/1217/1217 1213/1213/1213
f 1214/1214/1214 1213/1213/1213 1202/1202/1202
f 1192/1192/1192 1216/1216/1216 1193/1193/1193
f 1217/1217/1217 1209/1209/1209 1213/1213/1213
f 1214/1214/1214 1215/1215/1215 1213/1213/1213
f 1089/1089/1089 1210/1210/1210 1209/1209/1209
f 1182/1182/1182 1211/1211/1211 1185/1185/1185
f 1177/1177/1177 1186/1186/1186 1218/1218/1218
f 1089/1089/1089 1209/1209/1209 1217/1217/1217
f 1194/1194/1194 1203/1203/1203 1178/1178/1178
f 1089/1089/1089 1217/1217/1217 1105/1105/1105
f 1177/1177/1177 1218/1218/1218 741/741/741
f 1203/1203/1203 1194/1194/1194 1140/1140/1140
f 1198/1198/1198 1210/1210/1210 1084/1084/1084
f 1186/1186/1186 1177/1177/1177 1171/1171/1171
f 1140/1140/1140 1194/1194/1194 1190/1190/1190
f 1147/1147/1147 1211/1211/1211 1148/1148/1148
f 1133/1133/1133 1140/1140/1140 1190/1190/1190
f 1203/1203/1203 1140/1140/1140 1212/1212/1212
f 1210/1210/1210 1087/1087/1087 1084/1084/1084
f 1121/1121/1121 1089/1089/1089 1105/1105/1105
f 1219/1219/1219 1220/1220/1220 1147/1147/1147
f 1121/1121/1121 1090/1090/1090 1089/1089/1089
f 1220/1220/1220 1211/1211/1211 1147/1147/1147
f 1089/1089/1089 1087/1087/1087 1210/1210/1210
f 741/741/741 1218/1218/1218 740/740/740
f 1139/1139/1139 1102/1102/1102 1140/1140/1140
f 1103/1103/1103 1217/1217/1217 1215/1215/1215
f 1101/1101/1101 1103/1103/1103 1102/1102/1102
f 1211/1211/1211 1221/1221/1221 1185/1185/1185
f 1220/1220/1220 1221/1221/1221 1211/1211/1211
f 1140/1140/1140 1102/1102/1102 1212/1212/1212
f 1103/1103/1103 1105/1105/1105 1217/1217/1217
f 1196/1196/1196 1222/1222/1222 1186/1186/1186
f 1196/1196/1196 1223/1223/1223 1222/1222/1222
f 1215/1215/1215 1212/1212/1212 1103/1103/1103
f 1102/1102/1102 1103/1103/1103 1212/1212/1212
f 1224/1224/1224 740/740/740 1218/1218/1218
f 1116/1116/1116 673/673/673 603/603/603
f 1185/1185/1185 1221/1221/1221 1184/1184/1184
f 1225/1225/1225 1184/1184/1184 1221/1221/1221
f 1222/1222/1222 1218/1218/1218 1186/1186/1186
f 673/673/673 1116/1116/1116 1226/1226/1226
f 1227/1227/1227 1116/1116/1116 1117/1117/1117
f 1193/1193/1193 1216/1216/1216 1223/1223/1223
f 1193/1193/1193 1223/1223/1223 1196/1196/1196
f 1016/1016/1016 436/436/436 437/437/437
f 1227/1227/1227 1226/1226/1226 1116/1116/1116
f 437/437/437 1228/1228/1228 1016/1016/1016
f 1228/1228/1228 437/437/437 621/621/621
f 1017/1017/1017 1010/1010/1010 1016/1016/1016
f 1229/1229/1229 1225/1225/1225 1221/1221/1221
f 1184/1184/1184 1225/1225/1225 1206/1206/1206
f 1223/1223/1223 1216/1216/1216 1230/1230/1230
f 1231/1231/1231 1117/1117/1117 1122/1122/1122
f 1231/1231/1231 1227/1227/1227 1117/1117/1117
f 1197/1197/1197 1231/1231/1231 1122/1122/1122
f 1206/1206/1206 1232/1232/1232 1233/1233/1233
f 1018/1018/1018 1017/1017/1017 1016/1016/1016
f 1227/1227/1227 1234/1234/1234 1226/1226/1226
f 1232/1232/1232 1225/1225/1225 1229/1229/1229
f 1235/1235/1235 1234/1234/1234 1227/1227/1227
f 1225/1225/1225 1232/1232/1232 1206/1206/1206
f 1226/1226/1226 676/676/676 673/673/673
f 1236/1236/1236 1208/1208/1208 1149/1149/1149
f 1228/1228/1228 621/621/621 652/652/652
f 1220/1220/1220 1229/1229/1229 1221/1221/1221
f 621/621/621 615/615/615 652/652/652
f 1236/1236/1236 1149/1149/1149 1144/1144/1144
f 1226/1226/1226 1234/1234/1234 1237/1237/1237
f 1237/1237/1237 676/676/676 1226/1226/1226
f 652/652/652 1238/1238/1238 1228/1228/1228
f 1239/1239/1239 1229/1229/1229 1220/1220/1220
f 1228/1228/1228 1240/1240/1240 1016/1016/1016
f 1239/1239/1239 1241/1241/1241 1229/1229/1229
f 1231/1231/1231 1242/1242/1242 1227/1227/1227
f 1242/1242/1242 1235/1235/1235 1227/1227/1227
f 1240/1240/1240 1228/1228/1228 1238/1238/1238
f 1197/1197/1197 1243/1243/1243 1231/1231/1231
f 1231/1231/1231 1244/1244/1244 1242/1242/1242
f 1243/1243/1243 1244/1244/1244 1231/1231/1231
f 1238/1238/1238 1245/1245/1245 1240/1240/1240
f 1018/1018/1018 795/795/795 794/794/794
f 1241/1241/1241 1232/1232/1232 1229/1229/1229
f 1018/1018/1018 1016/1016/1016 1240/1240/1240
f 1240/1240/1240 1246/1246/1246 1018/1018/1018
f 795/795/795 1018/1018/1018 1246/1246/1246
f 1247/1247/1247 795/795/795 1246/1246/1246
f 675/675/675 676/676/676 1056/1056/1056
f 1236/1236/1236 1144/1144/1144 1163/1163/1163
f 804/804/804 795/795/795 1247/1247/1247
f 1248/1248/1248 1249/1249/1249 1250/1250/1250
f 1236/1236/1236 1163/1163/1163 1251/1251/1251
f 1201/1201/1201 1243/1243/1243 1197/1197/1197
f 1251/1251/1251 1208/1208/1208 1236/1236/1236
f 1243/1243/1243 1252/1252/1252 1244/1244/1244
f 1246/1246/1246 1240/1240/1240 1245/1245/1245
f 1252/1252/1252 1243/1243/1243 1201/1201/1201
f 1083/1083/1083 1201/1201/1201 1198/1198/1198
f 1253/1253/1253 1208/1208/1208 1251/1251/1251
f 1254/1254/1254 1208/1208/1208 1253/1253/1253
f 1248/1248/1248 1255/1255/1255 1256/1256/1256
f 1246/1246/1246 1257/1257/1257 1247/1247/1247
f 1258/1258/1258 1248/1248/1248 1250/1250/1250
f 1052/1052/1052 804/804/804 1247/1247/1247
f 1083/1083/1083 1252/1252/1252 1201/1201/1201
f 1255/1255/1255 1134/1134/1134 1256/1256/1256
f 1223/1223/1223 1259/1259/1259 1222/1222/1222
f 1052/1052/1052 1247/1247/1247 1257/1257/1257
f 1258/1258/1258 1255/1255/1255 1248/1248/1248
f 1132/1132/1132 1134/1134/1134 1255/1255/1255
f 629/629/629 633/633/633 672/672/672
f 603/603/603 599/599/599 1116/1116/1116
f 1260/1260/1260 672/672/672 633/633/633
f 1223/1223/1223 1230/1230/1230 1259/1259/1259
f 1260/1260/1260 1261/1261/1261 672/672/672
f 651/651/651 1262/1262/1262 652/652/652
f 652/652/652 1262/1262/1262 1238/1238/1238
f 1259/1259/1259 1230/1230/1230 1263/1263/1263
f 1258/1258/1258 1264/1264/1264 1255/1255/1255
f 660/660/660 1265/1265/1265 651/651/651
f 1266/1266/1266 1263/1263/1263 1230/1230/1230
f 1267/1267/1267 633/633/633 637/637/637
f 1262/1262/1262 651/651/651 1265/1265/1265
f 633/633/633 1267/1267/1267 1260/1260/1260
f 1268/1268/1268 1249/1249/1249 1027/1027/1027
f 1262/1262/1262 1265/1265/1265 1269/1269/1269
f 1250/1250/1250 1249/1249/1249 1264/1264/1264
f 1216/1216/1216 1270/1270/1270 1230/1230/1230
f 1264/1264/1264 1249/1249/1249 1268/1268/1268
f 1230/1230/1230 1270/1270/1270 1266/1266/1266
f 1267/1267/1267 637/637/637 1271/1271/1271
f 1271/1271/1271 1272/1272/1272 1267/1267/1267
f 1268/1268/1268 1027/1027/1027 1029/1029/1029
f 1269/1269/1269 1238/1238/1238 1262/1262/1262
f 637/637/637 659/659/659 1271/1271/1271
f 1269/1269/1269 1273/1273/1273 1238/1238/1238
f 1254/1254/1254 1274/1274/1274 1208/1208/1208
f 1272/1272/1272 1271/1271/1271 659/659/659
f 1272/1272/1272 659/659/659 1051/1051/1051
f 1258/1258/1258 1250/1250/1250 1264/1264/1264
f 1274/1274/1274 1270/1270/1270 1216/1216/1216
f 1275/1275/1275 676/676/676 1237/1237/1237
f 1237/1237/1237 1234/1234/1234 1276/1276/1276
f 1235/1235/1235 1276/1276/1276 1234/1234/1234
f 1275/1275/1275 1237/1237/1237 1276/1276/1276
f 1208/1208/1208 1274/1274/1274 1216/1216/1216
f 1242/1242/1242 1277/1277/1277 1235/1235/1235
f 1278/1278/1278 1276/1276/1276 1235/1235/1235
f 1278/1278/1278 1235/1235/1235 1277/1277/1277
f 660/660/660 670/670/670 1279/1279/1279
f 1279/1279/1279 1265/1265/1265 660/660/660
f 1242/1242/1242 1280/1280/1280 1277/1277/1277
f 1280/1280/1280 1242/1242/1242 1244/1244/1244
f 1270/1270/1270 1281/1281/1281 1266/1266/1266
f 1279/1279/1279 670/670/670 1261/1261/1261
f 1261/1261/1261 670/670/670 672/672/672
f 1141/1141/1141 1132/1132/1132 1282/1282/1282
f 1279/1279/1279 1269/1269/1269 1265/1265/1265
f 1056/1056/1056 1283/1283/1283 675/675/675
f 1270/1270/1270 1274/1274/1274 1281/1281/1281
f 1132/1132/1132 1255/1255/1255 1282/1282/1282
f 1284/1284/1284 1269/1269/1269 1279/1279/1279
f 1141/1141/1141 1282/1282/1282 1146/1146/1146
f 676/676/676 1275/1275/1275 1056/1056/1056
f 662/662/662 675/675/675 1283/1283/1283
f 1261/1261/1261 1285/1285/1285 1279/1279/1279
f 663/663/663 662/662/662 1283/1283/1283
f 1282/1282/1282 1255/1255/1255 1286/1286/1286
f 1273/1273/1273 1245/1245/1245 1238/1238/1238
f 1286/1286/1286 1287/1287/1287 1282/1282/1282
f 995/995/995 1191/1191/1191 986/986/986
f 1287/1287/1287 1146/1146/1146 1282/1282/1282
f 1288/1288/1288 1146/1146/1146 1287/1287/1287
f 1055/1055/1055 663/663/663 1283/1283/1283
f 1289/1289/1289 1281/1281/1281 1274/1274/1274
f 1255/1255/1255 1264/1264/1264 1286/1286/1286
f 995/995/995 991/991/991 1290/1290/1290
f 1291/1291/1291 1290/1290/1290 991/991/991
f 997/997/997 1291/1291/1291 991/991/991
f 1278/1278/1278 1129/1129/1129 1276/1276/1276
f 1277/1277/1277 1292/1292/1292 1278/1278/1278
f 1281/1281/1281 1289/1289/1289 1293/1293/1293
f 997/997/997 1002/1002/1002 1291/1291/1291
f 1277/1277/1277 1294/1294/1294 1292/1292/1292
f 1289/1289/1289 1274/1274/1274 1254/1254/1254
f 1276/1276/1276 1131/1131/1131 1275/1275/1275
f 1129/1129/1129 1131/1131/1131 1276/1276/1276
f 1295/1295/1295 1264/1264/1264 1268/1268/1268
f 1290/1290/1290 1191/1191/1191 995/995/995
f 1295/1295/1295 1286/1286/1286 1264/1264/1264
f 1056/1056/1056 1055/1055/1055 1283/1283/1283
f 1296/1296/1296 1295/1295/1295 1268/1268/1268
f 1167/1167/1167 1054/1054/1054 1056/1056/1056
f 1275/1275/1275 1167/1167/1167 1056/1056/1056
f 1275/1275/1275 1131/1131/1131 1167/1167/1167
f 1289/1289/1289 1297/1297/1297 1293/1293/1293
f 1291/1291/1291 1298/1298/1298 1290/1290/1290
f 1296/1296/1296 1268/1268/1268 1029/1029/1029
f 1290/1290/1290 1298/1298/1298 1191/1191/1191
f 1298/1298/1298 1299/1299/1299 1191/1191/1191
f 1002/1002/1002 1300/1300/1300 1291/1291/1291
f 1301/1301/1301 1296/1296/1296 1029/1029/1029
f 1292/1292/1292 1129/1129/1129 1278/1278/1278
f 1128/1128/1128 1129/1129/1129 1292/1292/1292
f 1292/1292/1292 1294/1294/1294 1128/1128/1128
f 1287/1287/1287 1286/1286/1286 1288/1288/1288
f 1295/1295/1295 1296/1296/1296 1302/1302/1302
f 1028/1028/1028 1001/1001/1001 989/989/989
f 1138/1138/1138 1128/1128/1128 1294/1294/1294
f 1002/1002/1002 1001/1001/1001 1300/1300/1300
f 1303/1303/1303 1153/1153/1153 1041/1041/1041
f 1127/1127/1127 1129/1129/1129 1128/1128/1128
f 1304/1304/1304 1300/1300/1300 1001/1001/1001
f 1153/1153/1153 1303/1303/1303 1163/1163/1163
f 1028/1028/1028 989/989/989 1065/1065/1065
f 1304/1304/1304 1001/1001/1001 1028/1028/1028
f 1305/1305/1305 1244/1244/1244 1252/1252/1252
f 1306/1306/1306 1303/1303/1303 1041/1041/1041
f 1305/1305/1305 1280/1280/1280 1244/1244/1244
f 1200/1200/1200 1306/1306/1306 1041/1041/1041
f 1299/1299/1299 1134/1134/1134 1191/1191/1191
f 1200/1200/1200 1206/1206/1206 1233/1233/1233
f 1294/1294/1294 1277/1277/1277 1280/1280/1280
f 1200/1200/1200 1233/1233/1233 1306/1306/1306
f 1306/1306/1306 1233/1233/1233 1307/1307/1307
f 1301/1301/1301 1029/1029/1029 1108/1108/1108
f 1301/1301/1301 1108/1108/1108 1308/1308/1308
f 1305/1305/1305 1036/1036/1036 1280/1280/1280
f 1300/1300/1300 1249/1249/1249 1291/1291/1291
f 1308/1308/1308 1108/1108/1108 1112/1112/1112
f 1248/1248/1248 1299/1299/1299 1298/1298/1298
f 1083/1083/1083 1305/1305/1305 1252/1252/1252
f 1298/1298/1298 1291/1291/1291 1249/1249/1249
f 1248/1248/1248 1298/1298/1298 1249/1249/1249
f 1181/1181/1181 1308/1308/1308 1112/1112/1112
f 1303/1303/1303 1306/1306/1306 1309/1309/1309
f 1190/1190/1190 1134/1134/1134 1133/1133/1133
f 1165/1165/1165 1305/1305/1305 1083/1083/1083
f 1134/1134/1134 1299/1299/1299 1256/1256/1256
f 1306/1306/1306 1307/1307/1307 1309/1309/1309
f 1299/1299/1299 1248/1248/1248 1256/1256/1256
f 1305/1305/1305 1165/1165/1165 1034/1034/1034
f 1027/1027/1027 1249/1249/1249 1300/1300/1300
f 1036/1036/1036 1294/1294/1294 1280/1280/1280
f 1310/1310/1310 1163/1163/1163 1303/1303/1303
f 1027/1027/1027 1300/1300/1300 1304/1304/1304
f 1303/1303/1303 1309/1309/1309 1310/1310/1310
f 1034/1034/1034 1036/1036/1036 1305/1305/1305
f 1311/1311/1311 1309/1309/1309 1307/1307/1307
f 1307/1307/1307 1312/1312/1312 1311/1311/1311
f 1028/1028/1028 1027/1027/1027 1304/1304/1304
f 1313/1313/1313 1296/1296/1296 1301/1301/1301
f 1307/1307/1307 1233/1233/1233 1314/1314/1314
f 1313/1313/1313 1301/1301/1301 1308/1308/1308
f 1036/1036/1036 1138/1138/1138 1294/1294/1294
f 1232/1232/1232 1314/1314/1314 1233/1233/1233
f 1315/1315/1315 1314/1314/1314 1232/1232/1232
f 1035/1035/1035 1138/1138/1138 1036/1036/1036
f 1181/1181/1181 1316/1316/1316 1308/1308/1308
f 1313/1313/1313 1308/1308/1308 1316/1316/1316
f 1314/1314/1314 1312/1312/1312 1307/1307/1307
f 1315/1315/1315 1312/1312/1312 1314/1314/1314
f 1241/1241/1241 1315/1315/1315 1232/1232/1232
f 1146/1146/1146 1317/1317/1317 1100/1100/1100
f 1317/1317/1317 1146/1146/1146 1318/1318/1318
f 1100/1100/1100 1317/1317/1317 1109/1109/1109
f 1241/1241/1241 1076/1076/1076 1315/1315/1315
f 1318/1318/1318 1146/1146/1146 1288/1288/1288
f 1319/1319/1319 1315/1315/1315 1076/1076/1076
f 1163/1163/1163 1320/1320/1320 1251/1251/1251
f 1310/1310/1310 1320/1320/1320 1163/1163/1163
f 1302/1302/1302 1286/1286/1286 1295/1295/1295
f 1288/1288/1288 1286/1286/1286 1318/1318/1318
f 1318/1318/1318 1286/1286/1286 1321/1321/1321
f 1286/1286/1286 1302/1302/1302 1321/1321/1321
f 1253/1253/1253 1251/1251/1251 1320/1320/1320
f 1322/1322/1322 1253/1253/1253 1320/1320/1320
f 1323/1323/1323 1302/1302/1302 1296/1296/1296
f 1320/1320/1320 1310/1310/1310 1324/1324/1324
f 1318/1318/1318 1325/1325/1325 1317/1317/1317
f 1324/1324/1324 1322/1322/1322 1320/1320/1320
f 1325/1325/1325 1318/1318/1318 1321/1321/1321
f 1326/1326/1326 1321/1321/1321 1302/1302/1302
f 1324/1324/1324 1310/1310/1310 1309/1309/1309
f 1324/1324/1324 1309/1309/1309 1327/1327/1327
f 1311/1311/1311 1327/1327/1327 1309/1309/1309
f 1326/1326/1326 1302/1302/1302 1323/1323/1323
f 1328/1328/1328 1327/1327/1327 1311/1311/1311
f 1329/1329/1329 1324/1324/1324 1327/1327/1327
f 1323/1323/1323 1330/1330/1330 1326/1326/1326
f 1317/1317/1317 1143/1143/1143 1109/1109/1109
f 1143/1143/1143 1317/1317/1317 1325/1325/1325
f 1327/1327/1327 1331/1331/1331 1329/1329/1329
f 1315/1315/1315 1332/1332/1332 1312/1312/1312
f 1147/1147/1147 1333/1333/1333 1219/1219/1219
f 1334/1334/1334 1332/1332/1332 1315/1315/1315
f 1315/1315/1315 1319/1319/1319 1334/1334/1334
f 1325/1325/1325 1321/1321/1321 1335/1335/1335
f 1333/1333/1333 1147/1147/1147 1143/1143/1143
f 1333/1333/1333 1143/1143/1143 1335/1335/1335
f 1143/1143/1143 1325/1325/1325 1335/1335/1335
f 1336/1336/1336 1337/1337/1337 1319/1319/1319
f 1319/1319/1319 1337/1337/1337 1334/1334/1334
f 1338/1338/1338 1335/1335/1335 1339/1339/1339
f 1328/1328/1328 1311/1311/1311 1312/1312/1312
f 1335/1335/1335 1338/1338/1338 1333/1333/1333
f 1339/1339/1339 1335/1335/1335 1321/1321/1321
f 1340/1340/1340 1328/1328/1328 1332/1332/1332
f 1339/1339/1339 1321/1321/1321 1326/1326/1326
f 1328/1328/1328 1312/1312/1312 1332/1332/1332
f 1341/1341/1341 1326/1326/1326 1330/1330/1330
f 1341/1341/1341 1339/1339/1339 1326/1326/1326
f 1334/1334/1334 1340/1340/1340 1332/1332/1332
f 1340/1340/1340 1327/1327/1327 1328/1328/1328
f 1342/1342/1342 1338/1338/1338 1339/1339/1339
f 1340/1340/1340 1343/1343/1343 1327/1327/1327
f 1341/1341/1341 1344/1344/1344 1339/1339/1339
f 1343/1343/1343 1331/1331/1331 1327/1327/1327
f 1296/1296/1296 1313/1313/1313 1323/1323/1323
f 1316/1316/1316 1323/1323/1323 1313/1313/1313
f 1345/1345/1345 1343/1343/1343 1334/1334/1334
f 1323/1323/1323 1316/1316/1316 1346/1346/1346
f 1340/1340/1340 1334/1334/1334 1343/1343/1343
f 1345/1345/1345 1347/1347/1347 1348/1348/1348
f 1349/1349/1349 1347/1347/1347 1345/1345/1345
f 1337/1337/1337 1345/1345/1345 1334/1334/1334
f 1337/1337/1337 1350/1350/1350 1345/1345/1345
f 1345/1345/1345 1348/1348/1348 1343/1343/1343
f 1161/1161/1161 1351/1351/1351 1183/1183/1183
f 1352/1352/1352 1183/1183/1183 1351/1351/1351
f 1350/1350/1350 1349/1349/1349 1345/1345/1345
f 1351/1351/1351 1045/1045/1045 1352/1352/1352
f 1161/1161/1161 1160/1160/1160 1351/1351/1351
f 1353/1353/1353 1349/1349/1349 1350/1350/1350
f 1346/1346/1346 1316/1316/1316 1354/1354/1354
f 1322/1322/1322 1324/1324/1324 1329/1329/1329
f 1322/1322/1322 1254/1254/1254 1253/1253/1253
f 1254/1254/1254 1322/1322/1322 1355/1355/1355
f 1323/1323/1323 1032/1032/1032 1330/1330/1330
f 1032/1032/1032 1323/1323/1323 1346/1346/1346
f 1355/1355/1355 1322/1322/1322 1329/1329/1329
f 1355/1355/1355 1289/1289/1289 1254/1254/1254
f 1356/1356/1356 1355/1355/1355 1329/1329/1329
f 1341/1341/1341 1330/1330/1330 1032/1032/1032
f 1289/1289/1289 1355/1355/1355 1297/1297/1297
f 1356/1356/1356 1297/1297/1297 1355/1355/1355
f 1032/1032/1032 1344/1344/1344 1341/1341/1341
f 1356/1356/1356 1357/1357/1357 1297/1297/1297
f 1030/1030/1030 1032/1032/1032 1346/1346/1346
f 1030/1030/1030 1346/1346/1346 1358/1358/1358
f 1356/1356/1356 1329/1329/1329 1359/1359/1359
f 1331/1331/1331 1359/1359/1359 1329/1329/1329
f 1160/1160/1160 1045/1045/1045 1351/1351/1351
f 1359/1359/1359 1331/1331/1331 1343/1343/1343
f 1360/1360/1360 1361/1361/1361 1359/1359/1359
f 1361/1361/1361 1356/1356/1356 1359/1359/1359
f 1362/1362/1362 1356/1356/1356 1361/1361/1361
f 1358/1358/1358 1346/1346/1346 1354/1354/1354
f 1348/1348/1348 1359/1359/1359 1343/1343/1343
f 1360/1360/1360 1359/1359/1359 1348/1348/1348
f 1348/1348/1348 1347/1347/1347 1360/1360/1360
f 1058/1058/1058 1046/1046/1046 1160/1160/1160
f 1045/1045/1045 1160/1160/1160 1046/1046/1046
f 1363/1363/1363 1361/1361/1361 1360/1360/1360
f 1363/1363/1363 1347/1347/1347 1364/1364/1364
f 1347/1347/1347 1363/1363/1363 1360/1360/1360
f 1347/1347/1347 1349/1349/1349 1364/1364/1364
f 1342/1342/1342 1333/1333/1333 1338/1338/1338
f 1319/1319/1319 1076/1076/1076 1071/1071/1071
f 1365/1365/1365 1333/1333/1333 1342/1342/1342
f 1071/1071/1071 1336/1336/1336 1319/1319/1319
f 1219/1219/1219 1333/1333/1333 1220/1220/1220
f 1366/1366/1366 1220/1220/1220 1333/1333/1333
f 1367/1367/1367 1071/1071/1071 1097/1097/1097
f 1220/1220/1220 1366/1366/1366 1239/1239/1239
f 1366/1366/1366 1365/1365/1365 1239/1239/1239
f 1097/1097/1097 1107/1107/1107 1367/1367/1367
f 1365/1365/1365 1368/1368/1368 1239/1239/1239
f 1365/1365/1365 1366/1366/1366 1333/1333/1333
f 1071/1071/1071 1367/1367/1367 1336/1336/1336
f 1365/1365/1365 1068/1068/1068 1368/1368/1368
f 1342/1342/1342 1339/1339/1339 1344/1344/1344
f 1040/1040/1040 1342/1342/1342 1344/1344/1344
f 1069/1069/1069 1342/1342/1342 1040/1040/1040
f 1365/1365/1365 1342/1342/1342 1068/1068/1068
f 1342/1342/1342 1069/1069/1069 1068/1068/1068
f 1336/1336/1336 1367/1367/1367 1107/1107/1107
f 1369/1369/1369 1336/1336/1336 1107/1107/1107
f 1239/1239/1239 1368/1368/1368 1072/1072/1072
f 1368/1368/1368 1068/1068/1068 1070/1070/1070
f 1370/1370/1370 1371/1371/1371 1372/1372/1372
f 1373/1373/1373 1372/1372/1372 1371/1371/1371
f 1373/1373/1373 1374/1374/1374 1125/1125/1125
f 1371/1371/1371 1374/1374/1374 1373/1373/1373
f 1239/1239/1239 1072/1072/1072 1241/1241/1241
f 1337/1337/1337 1336/1336/1336 1375/1375/1375
f 1369/1369/1369 1375/1375/1375 1336/1336/1336
f 1368/1368/1368 1070/1070/1070 1072/1072/1072
f 1369/1369/1369 1107/1107/1107 1376/1376/1376
f 1106/1106/1106 1376/1376/1376 1107/1107/1107
f 1076/1076/1076 1241/1241/1241 1072/1072/1072
f 1376/1376/1376 1106/1106/1106 1125/1125/1125
f 1040/1040/1040 1344/1344/1344 1031/1031/1031
f 1344/1344/1344 1032/1032/1032 1031/1031/1031
f 1374/1374/1374 1377/1377/1377 1125/1125/1125
f 1377/1377/1377 1376/1376/1376 1125/1125/1125
f 1371/1371/1371 1378/1378/1378 1374/1374/1374
f 1378/1378/1378 1377/1377/1377 1374/1374/1374
f 1125/1125/1125 1093/1093/1093 1373/1373/1373
f 1375/1375/1375 1350/1350/1350 1337/1337/1337
f 1379/1379/1379 1375/1375/1375 1369/1369/1369
f 1379/1379/1379 1350/1350/1350 1375/1375/1375
f 1369/1369/1369 1376/1376/1376 1380/1380/1380
f 1379/1379/1379 1369/1369/1369 1380/1380/1380
f 1378/1378/1378 1381/1381/1381 1377/1377/1377
f 1377/1377/1377 1382/1382/1382 1380/1380/1380
f 1380/1380/1380 1376/1376/1376 1377/1377/1377
f 1379/1379/1379 1353/1353/1353 1350/1350/1350
f 1379/1379/1379 1380/1380/1380 1383/1383/1383
f 1384/1384/1384 1385/1385/1385 1386/1386/1386
f 1387/1387/1387 1388/1388/1388 1389/1389/1389
f 1246/1246/1246 1245/1245/1245 1390/1390/1390
f 1391/1391/1391 1384/1384/1384 1386/1386/1386
f 1392/1392/1392 1393/1393/1393 1394/1394/1394
f 1386/1386/1386 1395/1395/1395 1391/1391/1391
f 1257/1257/1257 1246/1246/1246 1390/1390/1390
f 1396/1396/1396 1397/1397/1397 1398/1398/1398
f 1391/1391/1391 1395/1395/1395 1399/1399/1399
f 1257/1257/1257 1390/1390/1390 1400/1400/1400
f 1393/1393/1393 1392/1392/1392 1401/1401/1401
f 1402/1402/1402 1403/1403/1403 1404/1404/1404
f 1401/1401/1401 1392/1392/1392 1405/1405/1405
f 1406/1406/1406 1387/1387/1387 1389/1389/1389
f 1285/1285/1285 1284/1284/1284 1279/1279/1279
f 1401/1401/1401 1405/1405/1405 1407/1407/1407
f 1408/1408/1408 1409/1409/1409 1402/1402/1402
f 1410/1410/1410 1245/1245/1245 1273/1273/1273
f 1389/1389/1389 1397/1397/1397 1411/1411/1411
f 1390/1390/1390 1245/1245/1245 1410/1410/1410
f 1412/1412/1412 1402/1402/1402 1404/1404/1404
f 1409/1409/1409 1408/1408/1408 1381/1381/1381
f 1397/1397/1397 1396/1396/1396 1413/1413/1413
f 1402/1402/1402 1412/1412/1412 1408/1408/1408
f 1269/1269/1269 1414/1414/1414 1273/1273/1273
f 1269/1269/1269 1284/1284/1284 1414/1414/1414
f 1397/1397/1397 1413/1413/1413 1411/1411/1411
f 1273/1273/1273 1414/1414/1414 1410/1410/1410
f 1415/1415/1415 1393/1393/1393 1401/1401/1401
f 1416/1416/1416 1390/1390/1390 1410/1410/1410
f 1382/1382/1382 1381/1381/1381 1408/1408/1408
f 1349/1349/1349 1353/1353/1353 1417/1417/1417
f 1415/1415/1415 1401/1401/1401 1418/1418/1418
f 1052/1052/1052 1257/1257/1257 1400/1400/1400
f 1416/1416/1416 1400/1400/1400 1390/1390/1390
f 1417/1417/1417 1353/1353/1353 1419/1419/1419
f 1420/1420/1420 1419/1419/1419 1383/1383/1383
f 1415/1415/1415 1418/1418/1418 1421/1421/1421
f 1353/1353/1353 1383/1383/1383 1419/1419/1419
f 1166/1166/1166 1422/1422/1422 1188/1188/1188
f 1423/1423/1423 1421/1421/1421 1418/1418/1418
f 1188/1188/1188 1422/1422/1422 1424/1424/1424
f 1425/1425/1425 1426/1426/1426 1408/1408/1408
f 1408/1408/1408 1412/1412/1412 1425/1425/1425
f 1427/1427/1427 1224/1224/1224 1218/1218/1218
f 1410/1410/1410 1414/1414/1414 1428/1428/1428
f 1383/1383/1383 1382/1382/1382 1420/1420/1420
f 1426/1426/1426 1420/1420/1420 1382/1382/1382
f 1382/1382/1382 1408/1408/1408 1426/1426/1426
f 1222/1222/1222 1427/1427/1427 1218/1218/1218
f 1414/1414/1414 1284/1284/1284 1429/1429/1429
f 1222/1222/1222 1430/1430/1430 1427/1427/1427
f 1259/1259/1259 1430/1430/1430 1222/1222/1222
f 1263/1263/1263 1430/1430/1430 1259/1259/1259
f 1188/1188/1188 1431/1431/1431 1156/1156/1156
f 1432/1432/1432 1414/1414/1414 1429/1429/1429
f 1414/1414/1414 1432/1432/1432 1428/1428/1428
f 1431/1431/1431 1188/1188/1188 1424/1424/1424
f 1433/1433/1433 1428/1428/1428 1432/1432/1432
f 1427/1427/1427 1434/1434/1434 1224/1224/1224
f 1435/1435/1435 1436/1436/1436 1437/1437/1437
f 1431/1431/1431 1154/1154/1154 1156/1156/1156
f 1428/1428/1428 1416/1416/1416 1410/1410/1410
f 1428/1428/1428 1438/1438/1438 1416/1416/1416
f 1431/1431/1431 1439/1439/1439 1154/1154/1154
f 1400/1400/1400 1416/1416/1416 1438/1438/1438
f 1160/1160/1160 1154/1154/1154 1439/1439/1439
f 1422/1422/1422 1387/1387/1387 1406/1406/1406
f 1440/1440/1440 1422/1422/1422 1406/1406/1406
f 1441/1441/1441 1428/1428/1428 1433/1433/1433
f 1442/1442/1442 1437/1437/1437 1436/1436/1436
f 1428/1428/1428 1441/1441/1441 1438/1438/1438
f 1424/1424/1424 1422/1422/1422 1440/1440/1440
f 1443/1443/1443 1438/1438/1438 1441/1441/1441
f 1424/1424/1424 1440/1440/1440 1444/1444/1444
f 1434/1434/1434 1427/1427/1427 1445/1445/1445
f 1425/1425/1425 1446/1446/1446 1447/1447/1447
f 1448/1448/1448 1427/1427/1427 1430/1430/1430
f 1440/1440/1440 1406/1406/1406 1449/1449/1449
f 1449/1449/1449 1444/1444/1444 1440/1440/1440
f 1450/1450/1450 1448/1448/1448 1430/1430/1430
f 1400/1400/1400 1451/1451/1451 1052/1052/1052
f 1451/1451/1451 1150/1150/1150 1052/1052/1052
f 1452/1452/1452 1448/1448/1448 1450/1450/1450
f 1450/1450/1450 1453/1453/1453 1452/1452/1452
f 1431/1431/1431 1424/1424/1424 1454/1454/1454
f 1443/1443/1443 1451/1451/1451 1400/1400/1400
f 1431/1431/1431 1454/1454/1454 1439/1439/1439
f 1455/1455/1455 1450/1450/1450 1263/1263/1263
f 1439/1439/1439 1058/1058/1058 1160/1160/1160
f 1446/1446/1446 1456/1456/1456 1447/1447/1447
f 1439/1439/1439 1454/1454/1454 1457/1457/1457
f 1430/1430/1430 1263/1263/1263 1450/1450/1450
f 1150/1150/1150 1451/1451/1451 1458/1458/1458
f 1152/1152/1152 1150/1150/1150 1458/1458/1458
f 1444/1444/1444 1454/1454/1454 1424/1424/1424
f 1458/1458/1458 1451/1451/1451 1459/1459/1459
f 1439/1439/1439 1457/1457/1457 1058/1058/1058
f 1266/1266/1266 1455/1455/1455 1263/1263/1263
f 1443/1443/1443 1400/1400/1400 1438/1438/1438
f 1446/1446/1446 1412/1412/1412 1404/1404/1404
f 1281/1281/1281 1455/1455/1455 1266/1266/1266
f 1459/1459/1459 1451/1451/1451 1443/1443/1443
f 1457/1457/1457 1454/1454/1454 1460/1460/1460
f 1461/1461/1461 1450/1450/1450 1455/1455/1455
f 1450/1450/1450 1461/1461/1461 1453/1453/1453
f 1462/1462/1462 1413/1413/1413 1396/1396/1396
f 1446/1446/1446 1425/1425/1425 1412/1412/1412
f 1463/1463/1463 1464/1464/1464 1465/1465/1465
f 1466/1466/1466 691/691/691 1434/1434/1434
f 1467/1467/1467 1466/1466/1466 1434/1434/1434
f 1468/1468/1468 1413/1413/1413 1469/1469/1469
f 1413/1413/1413 1468/1468/1468 1411/1411/1411
f 1445/1445/1445 1467/1467/1467 1434/1434/1434
f 1389/1389/1389 1411/1411/1411 1470/1470/1470
f 1406/1406/1406 1389/1389/1389 1470/1470/1470
f 1458/1458/1458 1459/1459/1459 1387/1387/1387
f 1406/1406/1406 1470/1470/1470 1449/1449/1449
f 1458/1458/1458 1387/1387/1387 1422/1422/1422
f 1464/1464/1464 1415/1415/1415 1471/1471/1471
f 1470/1470/1470 1411/1411/1411 1472/1472/1472
f 1466/1466/1466 1467/1467/1467 1473/1473/1473
f 1474/1474/1474 1464/1464/1464 1471/1471/1471
f 1152/1152/1152 1458/1458/1458 1422/1422/1422
f 1449/1449/1449 1470/1470/1470 1472/1472/1472
f 1422/1422/1422 1166/1166/1166 1152/1152/1152
f 1472/1472/1472 1411/1411/1411 1468/1468/1468
f 1448/1448/1448 1445/1445/1445 1427/1427/1427
f 1475/1475/1475 1474/1474/1474 1476/1476/1476
f 1464/1464/1464 1468/1468/1468 1469/1469/1469
f 1467/1467/1467 1445/1445/1445 1477/1477/1477
f 1464/1464/1464 1469/1469/1469 1465/1465/1465
f 1452/1452/1452 1477/1477/1477 1445/1445/1445
f 1452/1452/1452 1445/1445/1445 1448/1448/1448
f 1472/1472/1472 1468/1468/1468 1475/1475/1475
f 1475/1475/1475 1468/1468/1468 1464/1464/1464
f 1267/1267/1267 1478/1478/1478 1260/1260/1260
f 1476/1476/1476 1474/1474/1474 1471/1471/1471
f 1479/1479/1479 1452/1452/1452 1453/1453/1453
f 1476/1476/1476 1471/1471/1471 1480/1480/1480
f 1260/1260/1260 1478/1478/1478 1261/1261/1261
f 1285/1285/1285 1261/1261/1261 1478/1478/1478
f 1475/1475/1475 1464/1464/1464 1474/1474/1474
f 1480/1480/1480 1481/1481/1481 1476/1476/1476
f 1480/1480/1480 1482/1482/1482 1481/1481/1481
f 1284/1284/1284 1285/1285/1285 1429/1429/1429
f 1467/1467/1467 1477/1477/1477 1473/1473/1473
f 1483/1483/1483 1482/1482/1482 1484/1484/1484
f 1452/1452/1452 1485/1485/1485 1477/1477/1477
f 1452/1452/1452 1479/1479/1479 1485/1485/1485
f 1449/1449/1449 1472/1472/1472 1486/1486/1486
f 1477/1477/1477 712/712/712 1473/1473/1473
f 1471/1471/1471 1415/1415/1415 1421/1421/1421
f 1285/1285/1285 1478/1478/1478 1487/1487/1487
f 1488/1488/1488 1429/1429/1429 1285/1285/1285
f 1285/1285/1285 1487/1487/1487 1488/1488/1488
f 1480/1480/1480 1471/1471/1471 1421/1421/1421
f 1475/1475/1475 1486/1486/1486 1472/1472/1472
f 1461/1461/1461 1489/1489/1489 1453/1453/1453
f 1490/1490/1490 1480/1480/1480 1421/1421/1421
f 1267/1267/1267 1272/1272/1272 1478/1478/1478
f 1478/1478/1478 1272/1272/1272 1491/1491/1491
f 1479/1479/1479 1492/1492/1492 1485/1485/1485
f 1460/1460/1460 1058/1058/1058 1457/1457/1457
f 1491/1491/1491 1272/1272/1272 1051/1051/1051
f 1493/1493/1493 1494/1494/1494 1495/1495/1495
f 1485/1485/1485 1492/1492/1492 743/743/743
f 1454/1454/1454 1444/1444/1444 1496/1496/1496
f 1460/1460/1460 1454/1454/1454 1496/1496/1496
f 1479/1479/1479 1497/1497/1497 1492/1492/1492
f 1498/1498/1498 1499/1499/1499 1500/1500/1500
f 1489/1489/1489 1497/1497/1497 1479/1479/1479
f 1423/1423/1423 1490/1490/1490 1421/1421/1421
f 1497/1497/1497 1501/1501/1501 1492/1492/1492
f 1493/1493/1493 1490/1490/1490 1494/1494/1494
f 1494/1494/1494 1490/1490/1490 1423/1423/1423
f 1494/1494/1494 1423/1423/1423 1502/1502/1502
f 1489/1489/1489 1479/1479/1479 1453/1453/1453
f 1487/1487/1487 1478/1478/1478 1491/1491/1491
f 1503/1503/1503 1460/1460/1460 1496/1496/1496
f 1460/1460/1460 1504/1504/1504 1058/1058/1058
f 1504/1504/1504 1460/1460/1460 1503/1503/1503
f 1488/1488/1488 1487/1487/1487 1505/1505/1505
f 1490/1490/1490 1484/1484/1484 1480/1480/1480
f 1484/1484/1484 1490/1490/1490 1493/1493/1493
f 1506/1506/1506 1487/1487/1487 1491/1491/1491
f 1484/1484/1484 1493/1493/1493 1495/1495/1495
f 1480/1480/1480 1484/1484/1484 1482/1482/1482
f 1483/1483/1483 1484/1484/1484 1437/1437/1437
f 1506/1506/1506 1505/1505/1505 1487/1487/1487
f 1496/1496/1496 1444/1444/1444 1449/1449/1449
f 1496/1496/1496 1449/1449/1449 1507/1507/1507
f 1497/1497/1497 1508/1508/1508 1501/1501/1501
f 1509/1509/1509 1497/1497/1497 1489/1489/1489
f 1496/1496/1496 1507/1507/1507 1510/1510/1510
f 1508/1508/1508 1497/1497/1497 1509/1509/1509
f 1511/1511/1511 1498/1498/1498 1500/1500/1500
f 1432/1432/1432 1429/1429/1429 1488/1488/1488
f 1484/1484/1484 1495/1495/1495 1512/1512/1512
f 1513/1513/1513 1508/1508/1508 1509/1509/1509
f 1513/1513/1513 1514/1514/1514 1508/1508/1508
f 1437/1437/1437 1484/1484/1484 1435/1435/1435
f 1435/1435/1435 1484/1484/1484 1512/1512/1512
f 1515/1515/1515 1432/1432/1432 1488/1488/1488
f 1384/1384/1384 1504/1504/1504 1503/1503/1503
f 1433/1433/1433 1432/1432/1432 1515/1515/1515
f 1515/1515/1515 1516/1516/1516 1433/1433/1433
f 1384/1384/1384 1391/1391/1391 1504/1504/1504
f 1391/1391/1391 1517/1517/1517 1504/1504/1504
f 1297/1297/1297 1357/1357/1357 1518/1518/1518
f 1519/1519/1519 1518/1518/1518 1357/1357/1357
f 1520/1520/1520 1461/1461/1461 1455/1455/1455
f 1520/1520/1520 1455/1455/1455 1281/1281/1281
f 1399/1399/1399 1517/1517/1517 1391/1391/1391
f 1357/1357/1357 1356/1356/1356 1362/1362/1362
f 1521/1521/1521 1357/1357/1357 1362/1362/1362
f 1521/1521/1521 1519/1519/1519 1357/1357/1357
f 1293/1293/1293 1520/1520/1520 1281/1281/1281
f 1521/1521/1521 1522/1522/1522 1519/1519/1519
f 1441/1441/1441 1433/1433/1433 1516/1516/1516
f 1398/1398/1398 1441/1441/1441 1516/1516/1516
f 1297/1297/1297 1523/1523/1523 1293/1293/1293
f 1524/1524/1524 1521/1521/1521 1362/1362/1362
f 1297/1297/1297 1518/1518/1518 1523/1523/1523
f 1449/1449/1449 1486/1486/1486 1507/1507/1507
f 1488/1488/1488 1525/1525/1525 1515/1515/1515
f 1523/1523/1523 1520/1520/1520 1293/1293/1293
f 1525/1525/1525 1488/1488/1488 1505/1505/1505
f 1526/1526/1526 1527/1527/1527 1510/1510/1510
f 1521/1521/1521 1524/1524/1524 1528/1528/1528
f 1486/1486/1486 1529/1529/1529 1507/1507/1507
f 1363/1363/1363 1362/1362/1362 1361/1361/1361
f 1520/1520/1520 1530/1530/1530 1461/1461/1461
f 1531/1531/1531 1530/1530/1530 1520/1520/1520
f 1529/1529/1529 1486/1486/1486 1526/1526/1526
f 1529/1529/1529 1510/1510/1510 1507/1507/1507
f 1529/1529/1529 1526/1526/1526 1510/1510/1510
f 1532/1532/1532 1525/1525/1525 1505/1505/1505
f 1520/1520/1520 1523/1523/1523 1531/1531/1531
f 1503/1503/1503 1496/1496/1496 1510/1510/1510
f 1515/1515/1515 1525/1525/1525 1533/1533/1533
f 1534/1534/1534 1515/1515/1515 1533/1533/1533
f 1528/1528/1528 1522/1522/1522 1521/1521/1521
f 1527/1527/1527 1385/1385/1385 1503/1503/1503
f 1535/1535/1535 1522/1522/1522 1528/1528/1528
f 1385/1385/1385 1384/1384/1384 1503/1503/1503
f 1510/1510/1510 1527/1527/1527 1503/1503/1503
f 1535/1535/1535 1536/1536/1536 1522/1522/1522
f 1516/1516/1516 1515/1515/1515 1534/1534/1534
f 1534/1534/1534 1398/1398/1398 1516/1516/1516
f 1537/1537/1537 1535/1535/1535 1528/1528/1528
f 1398/1398/1398 1534/1534/1534 1396/1396/1396
f 1538/1538/1538 1539/1539/1539 1536/1536/1536
f 1540/1540/1540 1541/1541/1541 1523/1523/1523
f 1542/1542/1542 1543/1543/1543 1544/1544/1544
f 1531/1531/1531 1523/1523/1523 1541/1541/1541
f 1545/1545/1545 1500/1500/1500 1546/1546/1546
f 1547/1547/1547 1539/1539/1539 1538/1538/1538
f 1523/1523/1523 1518/1518/1518 1540/1540/1540
f 1547/1547/1547 1544/1544/1544 1539/1539/1539
f 1547/1547/1547 1542/1542/1542 1544/1544/1544
f 1396/1396/1396 1534/1534/1534 1462/1462/1462
f 1545/1545/1545 1546/1546/1546 1542/1542/1542
f 1051/1051/1051 1548/1548/1548 1491/1491/1491
f 1050/1050/1050 1548/1548/1548 1051/1051/1051
f 1549/1549/1549 1050/1050/1050 1053/1053/1053
f 1548/1548/1548 1050/1050/1050 1549/1549/1549
f 1530/1530/1530 1489/1489/1489 1461/1461/1461
f 1550/1550/1550 1491/1491/1491 1548/1548/1548
f 1550/1550/1550 1548/1548/1548 1549/1549/1549
f 1058/1058/1058 1517/1517/1517 1059/1059/1059
f 1509/1509/1509 1489/1489/1489 1530/1530/1530
f 1517/1517/1517 1058/1058/1058 1504/1504/1504
f 1551/1551/1551 1456/1456/1456 1511/1511/1511
f 1551/1551/1551 1511/1511/1511 1500/1500/1500
f 1541/1541/1541 1530/1530/1530 1531/1531/1531
f 1552/1552/1552 1491/1491/1491 1550/1550/1550
f 1541/1541/1541 1553/1553/1553 1530/1530/1530
f 1549/1549/1549 1053/1053/1053 1554/1554/1554
f 1549/1549/1549 1554/1554/1554 1550/1550/1550
f 1530/1530/1530 1513/1513/1513 1509/1509/1509
f 1553/1553/1553 1513/1513/1513 1530/1530/1530
f 1536/1536/1536 1535/1535/1535 1538/1538/1538
f 1513/1513/1513 1555/1555/1555 1514/1514/1514
f 1517/1517/1517 1556/1556/1556 1059/1059/1059
f 1399/1399/1399 1556/1556/1556 1517/1517/1517
f 1557/1557/1557 1535/1535/1535 1537/1537/1537
f 1558/1558/1558 1513/1513/1513 1553/1553/1553
f 1559/1559/1559 1558/1558/1558 1553/1553/1553
f 1557/1557/1557 1538/1538/1538 1535/1535/1535
f 1556/1556/1556 1113/1113/1113 1059/1059/1059
f 1506/1506/1506 1491/1491/1491 1552/1552/1552
f 1538/1538/1538 1557/1557/1557 1560/1560/1560
f 1540/1540/1540 1553/1553/1553 1541/1541/1541
f 1540/1540/1540 1561/1561/1561 1553/1553/1553
f 1552/1552/1552 1562/1562/1562 1506/1506/1506
f 720/720/720 1563/1563/1563 1564/1564/1564
f 1560/1560/1560 1545/1545/1545 1547/1547/1547
f 1505/1505/1505 1506/1506/1506 1532/1532/1532
f 1565/1565/1565 1561/1561/1561 1540/1540/1540
f 1532/1532/1532 1506/1506/1506 1562/1562/1562
f 1560/1560/1560 1547/1547/1547 1538/1538/1538
f 1545/1545/1545 1542/1542/1542 1547/1547/1547
f 1562/1562/1562 1552/1552/1552 1566/1566/1566
f 720/720/720 736/736/736 1563/1563/1563
f 1551/1551/1551 1500/1500/1500 1545/1545/1545
f 736/736/736 1567/1567/1567 1563/1563/1563
f 1545/1545/1545 1560/1560/1560 1568/1568/1568
f 1561/1561/1561 1559/1559/1559 1553/1553/1553
f 1568/1568/1568 1551/1551/1551 1545/1545/1545
f 1569/1569/1569 1570/1570/1570 1567/1567/1567
f 1567/1567/1567 1570/1570/1570 1563/1563/1563
f 1566/1566/1566 1571/1571/1571 1562/1562/1562
f 1539/1539/1539 1559/1559/1559 1561/1561/1561
f 1562/1562/1562 1571/1571/1571 1572/1572/1572
f 1573/1573/1573 1053/1053/1053 669/669/669
f 736/736/736 1569/1569/1569 1567/1567/1567
f 1540/1540/1540 1518/1518/1518 1519/1519/1519
f 1573/1573/1573 1554/1554/1554 1053/1053/1053
f 1522/1522/1522 1540/1540/1540 1519/1519/1519
f 1522/1522/1522 1565/1565/1565 1540/1540/1540
f 1473/1473/1473 689/689/689 1466/1466/1466
f 692/692/692 1573/1573/1573 669/669/669
f 736/736/736 735/735/735 1569/1569/1569
f 1550/1550/1550 1554/1554/1554 1573/1573/1573
f 711/711/711 1574/1574/1574 698/698/698
f 689/689/689 711/711/711 698/698/698
f 1550/1550/1550 1573/1573/1573 1575/1575/1575
f 1576/1576/1576 1569/1569/1569 1577/1577/1577
f 1578/1578/1578 1575/1575/1575 1573/1573/1573
f 689/689/689 1473/1473/1473 712/712/712
f 1570/1570/1570 1569/1569/1569 1576/1576/1576
f 1552/1552/1552 1550/1550/1550 1575/1575/1575
f 1576/1576/1576 1579/1579/1579 1570/1570/1570
f 1580/1580/1580 1581/1581/1581 1582/1582/1582
f 1582/1582/1582 1574/1574/1574 722/722/722
f 1575/1575/1575 1563/1563/1563 1552/1552/1552
f 722/722/722 1574/1574/1574 711/711/711
f 1580/1580/1580 1582/1582/1582 722/722/722
f 692/692/692 1578/1578/1578 1573/1573/1573
f 1580/1580/1580 722/722/722 723/723/723
f 1561/1561/1561 1565/1565/1565 1539/1539/1539
f 1564/1564/1564 1578/1578/1578 692/692/692
f 1536/1536/1536 1565/1565/1565 1522/1522/1522
f 1583/1583/1583 1570/1570/1570 1579/1579/1579
f 1583/1583/1583 1579/1579/1579 1584/1584/1584
f 1539/1539/1539 1565/1565/1565 1536/1536/1536
f 1585/1585/1585 1586/1586/1586 1584/1584/1584
f 1578/1578/1578 1564/1564/1564 1575/1575/1575
f 720/720/720 1564/1564/1564 692/692/692
f 1587/1587/1587 1581/1581/1581 1588/1588/1588
f 1564/1564/1564 1563/1563/1563 1575/1575/1575
f 1584/1584/1584 1586/1586/1586 1583/1583/1583
f 1570/1570/1570 1552/1552/1552 1563/1563/1563
f 1566/1566/1566 1552/1552/1552 1570/1570/1570
f 1588/1588/1588 1581/1581/1581 1580/1580/1580
f 1580/1580/1580 1589/1589/1589 1588/1588/1588
f 1559/1559/1559 1539/1539/1539 1544/1544/1544
f 712/712/712 1477/1477/1477 718/718/718
f 718/718/718 717/717/717 712/712/712
f 1566/1566/1566 1570/1570/1570 1571/1571/1571
f 1590/1590/1590 1587/1587/1587 1588/1588/1588
f 1434/1434/1434 729/729/729 740/740/740
f 1224/1224/1224 1434/1434/1434 740/740/740
f 1591/1591/1591 1590/1590/1590 1588/1588/1588
f 1364/1364/1364 1592/1592/1592 1363/1363/1363
f 1569/1569/1569 735/735/735 1577/1577/1577
f 1577/1577/1577 735/735/735 697/697/697
f 1591/1591/1591 1588/1588/1588 1589/1589/1589
f 699/699/699 1577/1577/1577 697/697/697
f 1593/1593/1593 1594/1594/1594 1592/1592/1592
f 1595/1595/1595 1577/1577/1577 699/699/699
f 1590/1590/1590 1591/1591/1591 1405/1405/1405
f 1583/1583/1583 1571/1571/1571 1570/1570/1570
f 1586/1586/1586 1571/1571/1571 1583/1583/1583
f 1595/1595/1595 1576/1576/1576 1577/1577/1577
f 1586/1586/1586 1572/1572/1572 1571/1571/1571
f 1524/1524/1524 1362/1362/1362 1363/1363/1363
f 729/729/729 1434/1434/1434 691/691/691
f 1591/1591/1591 1596/1596/1596 1405/1405/1405
f 1580/1580/1580 723/723/723 1597/1597/1597
f 1528/1528/1528 1524/1524/1524 1537/1537/1537
f 1572/1572/1572 1586/1586/1586 1598/1598/1598
f 1466/1466/1466 689/689/689 691/691/691
f 699/699/699 698/698/698 1574/1574/1574
f 733/733/733 1597/1597/1597 723/723/723
f 1585/1585/1585 1598/1598/1598 1586/1586/1586
f 1599/1599/1599 1598/1598/1598 1585/1585/1585
f 1592/1592/1592 1524/1524/1524 1363/1363/1363
f 1600/1600/1600 1599/1599/1599 1585/1585/1585
f 1537/1537/1537 1524/1524/1524 1592/1592/1592
f 1597/1597/1597 733/733/733 779/779/779
f 1394/1394/1394 1585/1585/1585 1584/1584/1584
f 1580/1580/1580 1597/1597/1597 1589/1589/1589
f 1525/1525/1525 1532/1532/1532 1533/1533/1533
f 1601/1601/1601 1589/1589/1589 1597/1597/1597
f 1594/1594/1594 1557/1557/1557 1537/1537/1537
f 1533/1533/1533 1532/1532/1532 1602/1602/1602
f 779/779/779 1601/1601/1601 1597/1597/1597
f 1537/1537/1537 1592/1592/1592 1594/1594/1594
f 1602/1602/1602 1532/1532/1532 1598/1598/1598
f 733/733/733 728/728/728 779/779/779
f 1532/1532/1532 1562/1562/1562 1572/1572/1572
f 1598/1598/1598 1532/1532/1532 1572/1572/1572
f 1579/1579/1579 1576/1576/1576 1603/1603/1603
f 1349/1349/1349 1417/1417/1417 1364/1364/1364
f 782/782/782 1601/1601/1601 779/779/779
f 1576/1576/1576 1595/1595/1595 1604/1604/1604
f 1595/1595/1595 699/699/699 1604/1604/1604
f 1364/1364/1364 1417/1417/1417 1419/1419/1419
f 699/699/699 1574/1574/1574 1604/1604/1604
f 1576/1576/1576 1604/1604/1604 1605/1605/1605
f 1606/1606/1606 1601/1601/1601 782/782/782
f 1602/1602/1602 1598/1598/1598 1607/1607/1607
f 1419/1419/1419 1592/1592/1592 1364/1364/1364
f 1574/1574/1574 1605/1605/1605 1604/1604/1604
f 1582/1582/1582 1605/1605/1605 1574/1574/1574
f 1462/1462/1462 1534/1534/1534 1602/1602/1602
f 1533/1533/1533 1602/1602/1602 1534/1534/1534
f 1603/1603/1603 1605/1605/1605 1582/1582/1582
f 1603/1603/1603 1576/1576/1576 1605/1605/1605
f 1591/1591/1591 1589/1589/1589 1601/1601/1601
f 1591/1591/1591 1608/1608/1608 1596/1596/1596
f 1591/1591/1591 1609/1609/1609 1608/1608/1608
f 1601/1601/1601 1609/1609/1609 1591/1591/1591
f 1425/1425/1425 1610/1610/1610 1426/1426/1426
f 1603/1603/1603 1582/1582/1582 1581/1581/1581
f 1469/1469/1469 1413/1413/1413 1462/1462/1462
f 1587/1587/1587 1603/1603/1603 1581/1581/1581
f 1593/1593/1593 1426/1426/1426 1610/1610/1610
f 1609/1609/1609 1601/1601/1601 1606/1606/1606
f 1602/1602/1602 1611/1611/1611 1462/1462/1462
f 1611/1611/1611 1602/1602/1602 1607/1607/1607
f 1426/1426/1426 1593/1593/1593 1420/1420/1420
f 1584/1584/1584 1579/1579/1579 1612/1612/1612
f 1469/1469/1469 1462/1462/1462 1611/1611/1611
f 1612/1612/1612 1579/1579/1579 1603/1603/1603
f 1592/1592/1592 1419/1419/1419 1593/1593/1593
f 1419/1419/1419 1420/1420/1420 1593/1593/1593
f 1613/1613/1613 1608/1608/1608 1609/1609/1609
f 1584/1584/1584 1612/1612/1612 1394/1394/1394
f 1613/1613/1613 1609/1609/1609 1606/1606/1606
f 1394/1394/1394 1612/1612/1612 1392/1392/1392
f 1551/1551/1551 1568/1568/1568 1447/1447/1447
f 1587/1587/1587 1612/1612/1612 1603/1603/1603
f 1614/1614/1614 1606/1606/1606 1615/1615/1615
f 1447/1447/1447 1610/1610/1610 1425/1425/1425
f 1613/1613/1613 1606/1606/1606 1614/1614/1614
f 1612/1612/1612 1587/1587/1587 1590/1590/1590
f 1607/1607/1607 1598/1598/1598 1599/1599/1599
f 718/718/718 1477/1477/1477 1485/1485/1485
f 743/743/743 718/718/718 1485/1485/1485
f 1392/1392/1392 1612/1612/1612 1590/1590/1590
f 1590/1590/1590 1405/1405/1405 1392/1392/1392
f 1610/1610/1610 1616/1616/1616 1593/1593/1593
f 718/718/718 742/742/742 719/719/719
f 1585/1585/1585 1394/1394/1394 1600/1600/1600
f 1617/1617/1617 743/743/743 1492/1492/1492
f 1568/1568/1568 1610/1610/1610 1447/1447/1447
f 1607/1607/1607 1599/1599/1599 1600/1600/1600
f 742/742/742 718/718/718 743/743/743
f 1616/1616/1616 1610/1610/1610 1568/1568/1568
f 1618/1618/1618 1607/1607/1607 1600/1600/1600
f 743/743/743 1617/1617/1617 744/744/744
f 1465/1465/1465 1600/1600/1600 1619/1619/1619
f 1456/1456/1456 1551/1551/1551 1447/1447/1447
f 1618/1618/1618 1611/1611/1611 1607/1607/1607
f 1617/1617/1617 1492/1492/1492 1501/1501/1501
f 1611/1611/1611 1618/1618/1618 1469/1469/1469
f 1619/1619/1619 1600/1600/1600 1394/1394/1394
f 1619/1619/1619 1394/1394/1394 1393/1393/1393
f 1557/1557/1557 1594/1594/1594 1616/1616/1616
f 1469/1469/1469 1618/1618/1618 1465/1465/1465
f 1560/1560/1560 1616/1616/1616 1568/1568/1568
f 1617/1617/1617 1620/1620/1620 1621/1621/1621
f 1600/1600/1600 1465/1465/1465 1618/1618/1618
f 1616/1616/1616 1560/1560/1560 1557/1557/1557
f 1620/1620/1620 1617/1617/1617 1501/1501/1501
f 1619/1619/1619 1463/1463/1463 1465/1465/1465
f 1594/1594/1594 1593/1593/1593 1616/1616/1616
f 1463/1463/1463 1619/1619/1619 1393/1393/1393
f 1621/1621/1621 744/744/744 1617/1617/1617
f 1441/1441/1441 1622/1622/1622 1443/1443/1443
f 1464/1464/1464 1463/1463/1463 1415/1415/1415
f 1443/1443/1443 1622/1622/1622 1388/1388/1388
f 1415/1415/1415 1463/1463/1463 1393/1393/1393
f 1398/1398/1398 1622/1622/1622 1441/1441/1441
f 1500/1500/1500 1499/1499/1499 1623/1623/1623
f 1398/1398/1398 1397/1397/1397 1622/1622/1622
f 1388/1388/1388 1622/1622/1622 1397/1397/1397
f 1621/1621/1621 1620/1620/1620 1624/1624/1624
f 1397/1397/1397 1389/1389/1389 1388/1388/1388
f 1501/1501/1501 1508/1508/1508 1620/1620/1620
f 1388/1388/1388 1459/1459/1459 1443/1443/1443
f 1623/1623/1623 1499/1499/1499 1625/1625/1625
f 1387/1387/1387 1459/1459/1459 1388/1388/1388
f 1626/1626/1626 1620/1620/1620 1508/1508/1508
f 1514/1514/1514 1626/1626/1626 1508/1508/1508
f 1627/1627/1627 1626/1626/1626 1514/1514/1514
f 1546/1546/1546 1543/1543/1543 1542/1542/1542
f 1500/1500/1500 1623/1623/1623 1546/1546/1546
f 1514/1514/1514 1628/1628/1628 1627/1627/1627
f 1626/1626/1626 1624/1624/1624 1620/1620/1620
f 1626/1626/1626 1627/1627/1627 1624/1624/1624
f 1629/1629/1629 1630/1630/1630 1627/1627/1627
f 1628/1628/1628 1629/1629/1629 1627/1627/1627
f 779/779/779 778/778/778 782/782/782
f 1631/1631/1631 1629/1629/1629 1628/1628/1628
f 1632/1632/1632 1606/1606/1606 782/782/782
f 1615/1615/1615 1606/1606/1606 1632/1632/1632
f 783/783/783 1633/1633/1633 782/782/782
f 685/685/685 682/682/682 783/783/783
f 682/682/682 1633/1633/1633 783/783/783
f 1634/1634/1634 1615/1615/1615 1635/1635/1635
f 1636/1636/1636 1633/1633/1633 682/682/682
f 1632/1632/1632 782/782/782 1633/1633/1633
f 1632/1632/1632 1633/1633/1633 1637/1637/1637
f 1638/1638/1638 1636/1636/1636 682/682/682
f 1631/1631/1631 1639/1639/1639 1629/1629/1629
f 1637/1637/1637 1633/1633/1633 1636/1636/1636
f 682/682/682 684/684/684 1640/1640/1640
f 1638/1638/1638 682/682/682 1640/1640/1640
f 1640/1640/1640 684/684/684 708/708/708
f 1639/1639/1639 1631/1631/1631 1641/1641/1641
f 716/716/716 700/700/700 775/775/775
f 716/716/716 775/775/775 1642/1642/1642
f 1643/1643/1643 1636/1636/1636 1638/1638/1638
f 1632/1632/1632 1644/1644/1644 1615/1615/1615
f 1596/1596/1596 1407/1407/1407 1405/1405/1405
f 1644/1644/1644 1632/1632/1632 1637/1637/1637
f 1596/1596/1596 1645/1645/1645 1407/1407/1407
f 1646/1646/1646 1644/1644/1644 1637/1637/1637
f 1418/1418/1418 1401/1401/1401 1407/1407/1407
f 1418/1418/1418 1407/1407/1407 1645/1645/1645
f 1615/1615/1615 1644/1644/1644 1635/1635/1635
f 1647/1647/1647 1648/1648/1648 1649/1649/1649
f 1645/1645/1645 1650/1650/1650 1418/1418/1418
f 1651/1651/1651 1649/1649/1649 1652/1652/1652
f 1647/1647/1647 1649/1649/1649 1651/1651/1651
f 1645/1645/1645 1653/1653/1653 1650/1650/1650
f 1654/1654/1654 1655/1655/1655 1656/1656/1656
f 1646/1646/1646 1635/1635/1635 1644/1644/1644
f 1650/1650/1650 1423/1423/1423 1418/1418/1418
f 1423/1423/1423 1650/1650/1650 1657/1657/1657
f 1657/1657/1657 1650/1650/1650 1653/1653/1653
f 1658/1658/1658 1659/1659/1659 1652/1652/1652
f 1648/1648/1648 1660/1660/1660 1649/1649/1649
f 1657/1657/1657 1502/1502/1502 1423/1423/1423
f 1661/1661/1661 1625/1625/1625 1662/1662/1662
f 1502/1502/1502 1663/1663/1663 1494/1494/1494
f 1664/1664/1664 1658/1658/1658 1652/1652/1652
f 1660/1660/1660 1648/1648/1648 1665/1665/1665
f 1637/1637/1637 1636/1636/1636 1643/1643/1643
f 1643/1643/1643 1638/1638/1638 1666/1666/1666
f 1667/1667/1667 1668/1668/1668 1669/1669/1669
f 1670/1670/1670 1667/1667/1667 1669/1669/1669
f 1623/1623/1623 1625/1625/1625 1671/1671/1671
f 1670/1670/1670 1665/1665/1665 1667/1667/1667
f 1660/1660/1660 1665/1665/1665 1670/1670/1670
f 1670/1670/1670 1672/1672/1672 1660/1660/1660
f 1546/1546/1546 1671/1671/1671 1543/1543/1543
f 1669/1669/1669 1668/1668/1668 1673/1673/1673
f 1674/1674/1674 1669/1669/1669 1673/1673/1673
f 1674/1674/1674 1670/1670/1670 1669/1669/1669
f 1664/1664/1664 1660/1660/1660 1672/1672/1672
f 1672/1672/1672 1670/1670/1670 1674/1674/1674
f 1623/1623/1623 1671/1671/1671 1546/1546/1546
f 1652/1652/1652 1649/1649/1649 1660/1660/1660
f 1652/1652/1652 1660/1660/1660 1664/1664/1664
f 1625/1625/1625 1675/1675/1675 1671/1671/1671
f 1675/1675/1675 1625/1625/1625 1656/1656/1656
f 1676/1676/1676 1640/1640/1640 708/708/708
f 1654/1654/1654 1656/1656/1656 1661/1661/1661
f 1638/1638/1638 1640/1640/1640 1666/1666/1666
f 1666/1666/1666 1640/1640/1640 1676/1676/1676
f 1655/1655/1655 1675/1675/1675 1656/1656/1656
f 1642/1642/1642 1677/1677/1677 716/716/716
f 1668/1668/1668 1677/1677/1677 1642/1642/1642
f 1661/1661/1661 1656/1656/1656 1625/1625/1625
f 1655/1655/1655 1678/1678/1678 1675/1675/1675
f 1621/1621/1621 1624/1624/1624 732/732/732
f 1630/1630/1630 1624/1624/1624 1627/1627/1627
f 1621/1621/1621 732/732/732 744/744/744
f 1608/1608/1608 1645/1645/1645 1596/1596/1596
f 1679/1679/1679 1608/1608/1608 1613/1613/1613
f 1608/1608/1608 1679/1679/1679 1645/1645/1645
f 732/732/732 1624/1624/1624 1680/1680/1680
f 1630/1630/1630 1680/1680/1680 1624/1624/1624
f 1614/1614/1614 1679/1679/1679 1613/1613/1613
f 1681/1681/1681 1682/1682/1682 1683/1683/1683
f 1684/1684/1684 1685/1685/1685 1683/1683/1683
f 1680/1680/1680 1630/1630/1630 1686/1686/1686
f 1687/1687/1687 1645/1645/1645 1679/1679/1679
f 1680/1680/1680 730/730/730 732/732/732
f 1653/1653/1653 1645/1645/1645 1687/1687/1687
f 1680/1680/1680 746/746/746 730/730/730
f 1688/1688/1688 746/746/746 1680/1680/1680
f 1689/1689/1689 1685/1685/1685 1654/1654/1654
f 1685/1685/1685 1655/1655/1655 1654/1654/1654
f 1690/1690/1690 1688/1688/1688 1680/1680/1680
f 1689/1689/1689 1681/1681/1681 1685/1685/1685
f 1684/1684/1684 1655/1655/1655 1685/1685/1685
f 1686/1686/1686 1690/1690/1690 1680/1680/1680
f 1685/1685/1685 1681/1681/1681 1683/1683/1683
f 1688/1688/1688 1690/1690/1690 748/748/748
f 1683/1683/1683 1682/1682/1682 1651/1651/1651
f 746/746/746 1688/1688/1688 748/748/748
f 1558/1558/1558 1555/1555/1555 1513/1513/1513
f 1630/1630/1630 1629/1629/1629 1686/1686/1686
f 1558/1558/1558 1691/1691/1691 1555/1555/1555
f 1639/1639/1639 1686/1686/1686 1629/1629/1629
f 1692/1692/1692 1555/1555/1555 1693/1693/1693
f 1693/1693/1693 1555/1555/1555 1691/1691/1691
f 1678/1678/1678 1655/1655/1655 1694/1694/1694
f 1694/1694/1694 1655/1655/1655 1684/1684/1684
f 1692/1692/1692 1693/1693/1693 1695/1695/1695
f 1695/1695/1695 1693/1693/1693 1696/1696/1696
f 1690/1690/1690 1686/1686/1686 1639/1639/1639
f 1693/1693/1693 1697/1697/1697 1696/1696/1696
f 1694/1694/1694 1696/1696/1696 1678/1678/1678
f 1690/1690/1690 1639/1639/1639 1698/1698/1698
f 1678/1678/1678 1696/1696/1696 1697/1697/1697
f 1699/1699/1699 1698/1698/1698 1639/1639/1639
f 1699/1699/1699 1641/1641/1641 1700/1700/1700
f 1699/1699/1699 1639/1639/1639 1641/1641/1641
f 1555/1555/1555 1628/1628/1628 1514/1514/1514
f 1628/1628/1628 1555/1555/1555 1692/1692/1692
f 748/748/748 1690/1690/1690 1698/1698/1698
f 1698/1698/1698 1701/1701/1701 1702/1702/1702
f 1631/1631/1631 1628/1628/1628 1692/1692/1692
f 1703/1703/1703 775/775/775 776/776/776
f 1695/1695/1695 1631/1631/1631 1692/1692/1692
f 1642/1642/1642 775/775/775 1704/1704/1704
f 1705/1705/1705 1691/1691/1691 1706/1706/1706
f 775/775/775 1703/1703/1703 1704/1704/1704
f 1678/1678/1678 1705/1705/1705 1675/1675/1675
f 1697/1697/1697 1705/1705/1705 1678/1678/1678
f 1704/1704/1704 1673/1673/1673 1642/1642/1642
f 1668/1668/1668 1642/1642/1642 1673/1673/1673
f 1705/1705/1705 1671/1671/1671 1675/1675/1675
f 1673/1673/1673 1704/1704/1704 1703/1703/1703
f 1703/1703/1703 776/776/776 1707/1707/1707
f 1706/1706/1706 1671/1671/1671 1705/1705/1705
f 1706/1706/1706 1691/1691/1691 1558/1558/1558
f 1708/1708/1708 1703/1703/1703 1707/1707/1707
f 1705/1705/1705 1697/1697/1697 1691/1691/1691
f 1697/1697/1697 1693/1693/1693 1691/1691/1691
f 748/748/748 1702/1702/1702 784/784/784
f 1559/1559/1559 1706/1706/1706 1558/1558/1558
f 1544/1544/1544 1706/1706/1706 1559/1559/1559
f 1544/1544/1544 1671/1671/1671 1706/1706/1706
f 1544/1544/1544 1543/1543/1543 1671/1671/1671
f 1701/1701/1701 785/785/785 784/784/784
f 784/784/784 1702/1702/1702 1701/1701/1701
f 787/787/787 786/786/786 777/777/777
f 1701/1701/1701 786/786/786 785/785/785
f 1709/1709/1709 786/786/786 1701/1701/1701
f 1698/1698/1698 1702/1702/1702 748/748/748
f 1707/1707/1707 777/777/777 786/786/786
f 777/777/777 1707/1707/1707 776/776/776
f 786/786/786 1709/1709/1709 1707/1707/1707
f 1710/1710/1710 1709/1709/1709 1701/1701/1701
f 1710/1710/1710 1707/1707/1707 1709/1709/1709
f 1614/1614/1614 1615/1615/1615 1634/1634/1634
f 1683/1683/1683 1651/1651/1651 1711/1711/1711
f 1701/1701/1701 1698/1698/1698 1710/1710/1710
f 1699/1699/1699 1712/1712/1712 1698/1698/1698
f 1684/1684/1684 1683/1683/1683 1711/1711/1711
f 1699/1699/1699 1713/1713/1713 1712/1712/1712
f 1710/1710/1710 1698/1698/1698 1712/1712/1712
f 1659/1659/1659 1684/1684/1684 1711/1711/1711
f 1658/1658/1658 1713/1713/1713 1700/1700/1700
f 1713/1713/1713 1658/1658/1658 1664/1664/1664
f 1699/1699/1699 1700/1700/1700 1713/1713/1713
f 1659/1659/1659 1694/1694/1694 1684/1684/1684
f 1711/1711/1711 1651/1651/1651 1652/1652/1652
f 1711/1711/1711 1652/1652/1652 1659/1659/1659
f 1664/1664/1664 1714/1714/1714 1713/1713/1713
f 1694/1694/1694 1695/1695/1695 1696/1696/1696
f 1708/1708/1708 1673/1673/1673 1703/1703/1703
f 1714/1714/1714 1664/1664/1664 1672/1672/1672
f 1674/1674/1674 1714/1714/1714 1672/1672/1672
f 1708/1708/1708 1674/1674/1674 1673/1673/1673
f 1714/1714/1714 1674/1674/1674 1708/1708/1708
f 1713/1713/1713 1715/1715/1715 1712/1712/1712
f 1715/1715/1715 1713/1713/1713 1714/1714/1714
f 1715/1715/1715 1710/1710/1710 1712/1712/1712
f 1695/1695/1695 1641/1641/1641 1631/1631/1631
f 1708/1708/1708 1707/1707/1707 1715/1715/1715
f 1714/1714/1714 1708/1708/1708 1715/1715/1715
f 1694/1694/1694 1659/1659/1659 1658/1658/1658
f 1715/1715/1715 1707/1707/1707 1710/1710/1710
f 1695/1695/1695 1658/1658/1658 1700/1700/1700
f 1695/1695/1695 1694/1694/1694 1658/1658/1658
f 1641/1641/1641 1695/1695/1695 1700/1700/1700
f 1716/1716/1716 1378/1378/1378 1370/1370/1370
f 1486/1486/1486 1475/1475/1475 1476/1476/1476
f 1481/1481/1481 1486/1486/1486 1476/1476/1476
f 1378/1378/1378 1371/1371/1371 1370/1370/1370
f 1716/1716/1716 1409/1409/1409 1378/1378/1378
f 1378/1378/1378 1409/1409/1409 1381/1381/1381
f 1395/1395/1395 1717/1717/1717 1399/1399/1399
f 1717/1717/1717 1556/1556/1556 1399/1399/1399
f 1716/1716/1716 1402/1402/1402 1409/1409/1409
f 1526/1526/1526 1486/1486/1486 1481/1481/1481
f 1382/1382/1382 1383/1383/1383 1380/1380/1380
f 1382/1382/1382 1377/1377/1377 1381/1381/1381
f 1482/1482/1482 1526/1526/1526 1481/1481/1481
f 1483/1483/1483 1386/1386/1386 1526/1526/1526
f 1386/1386/1386 1527/1527/1527 1526/1526/1526
f 1379/1379/1379 1383/1383/1383 1353/1353/1353
f 1386/1386/1386 1385/1385/1385 1527/1527/1527
f 1442/1442/1442 1395/1395/1395 1437/1437/1437
f 1526/1526/1526 1482/1482/1482 1483/1483/1483
f 1386/1386/1386 1483/1483/1483 1395/1395/1395
f 1437/1437/1437 1395/1395/1395 1483/1483/1483
f 1677/1677/1677 715/715/715 716/716/716
