mtllib 017_orange.mtl
o 017_orange
usemtl ycb_017_orange_material
v -0.0200599991 -0.049718 0.0187010001
v -0.0162240006 -0.0518469997 0.0205179993
v -0.0185230002 -0.0521639995 0.0243280008
v -0.00835100003 -0.0419109985 0.00451900018
v -0.00957900006 -0.0425029993 0.00527299987
v -0.0111800004 -0.0403340012 0.00372799998
v -0.0350629985 -0.0363809988 0.0187120009
v -0.0323290005 -0.0382950008 0.0157340001
v -0.0348379984 -0.0381239988 0.0207969993
v -0.0123549998 -0.0426779985 0.00561999995
v -0.0146260001 -0.0407599993 0.00458899979
v -0.0111100003 -0.0431829989 0.00580300018
v -0.0224339999 -0.0499119982 0.0224859994
v -0.0371619985 -0.0350980014 0.0218519997
v -0.0153120002 -0.0364650004 0.00201399997
v -0.00967499986 -0.0374599993 0.00199800008
v -0.00790499989 -0.0402639993 0.00334200007
v -0.0237530004 -0.0475119986 0.0182429999
v -0.0236249994 -0.0444380008 0.0128490003
v -0.0192469992 -0.0475389995 0.01382
v -0.0181409996 -0.0500129983 0.0176669993
v -0.0152099999 -0.0513230003 0.0178960003
v -0.0187999997 -0.0458699986 0.0109090004
v -0.0158489998 -0.0465350002 0.0103230001
v -0.0163589995 -0.0480360016 0.0125230001
v -0.0125860004 -0.0527499989 0.0202280004
v -0.0151709998 -0.0435989983 0.00701599987
v -0.0092559997 -0.0435380004 0.00606099982
v -0.00702300016 -0.0427469984 0.00544800004
v -0.00839299988 -0.0440669991 0.00640999991
v -0.0366810001 -0.0271530002 0.014188
v -0.0346040018 -0.0286209993 0.0116919996
v -0.0340019986 -0.0339040011 0.014068
v -0.0064340001 -0.0442060009 0.00653300015
v -0.00610100012 -0.0420029983 0.00455099996
v -0.0144429998 -0.0487379991 0.0127849998
v -0.0120280003 -0.0474009998 0.0102920001
v -0.00446100021 -0.0441409983 0.0064960001
v -0.0363570005 -0.0253640004 0.012933
v -0.004739 -0.0455430001 0.00782900024
v -0.00386000006 -0.0417530015 0.00444999989
v -0.0168910008 -0.0533029996 0.0273030009
v -0.00622300012 -0.0452670008 0.00777699985
v -0.0131900003 -0.0535290018 0.0228279997
v -0.0119989999 -0.0545619987 0.0272240005
v -0.0160329994 -0.0500649996 0.0157650001
v -0.0129349995 -0.0501150005 0.0145269996
v -0.00616300013 -0.0396800004 0.00301599992
v -0.00187100004 -0.041641999 0.00465000002
v -0.0181079991 -0.0447870009 0.00922700018
v -0.0148430001 -0.0454589985 0.0087890001
v -0.0143879997 -0.0451710001 0.00842200033
v -0.021745 -0.0306780003 0.00195299997
v -0.018747 -0.0332369991 0.00167599996
v -0.0222389996 -0.0353219993 0.00422099978
v -0.0239969995 -0.0329109989 0.00403199997
v -0.0191459991 -0.0314260013 0.00121799996
v -0.0208829995 -0.0276919995 0.000952999981
v -0.0383929983 -0.0238680001 0.0159150008
v -0.0373799987 -0.029383 0.0167459995
v -0.0170079991 -0.0307589993 0.000413000002
v -0.014463 -0.0349560007 0.00120199996
v -0.0112650003 -0.0515960008 0.0171029996
v -0.00828099996 -0.0510249995 0.0153270001
v -0.0331059992 -0.0310660005 0.0108789997
v -0.0364990011 -0.033369001 0.0183279999
v -0.0132630002 -0.0334049985 0.000555999984
v -0.00975700002 -0.0491719991 0.0125829997
v -0.0340249985 -0.0257639997 0.00993200019
v -0.0313399993 -0.0271940008 0.00737500004
v -0.0326270014 -0.028686 0.00924399961
v -0.0324769989 -0.0242630001 0.00789400004
v -0.0209209993 -0.0516050011 0.0265040006
v -0.0145650003 -0.0304380003 4.99999987e-06
v -0.0198049992 -0.0365439989 0.00362699991
v -0.0235699993 -0.0253260005 0.00159200002
v -0.0207969993 -0.0249029994 0.000582000008
v -0.0187819991 -0.0254829992 0.000211000006
v -0.0279370006 -0.0290990006 0.00501499977
v -0.0296250004 -0.0301239993 0.00678100018
v -0.0251119994 -0.0489890017 0.0250049997
v -0.0249090008 -0.0495770015 0.0273710005
v -0.014773 -0.0272720009 -0.000115000003
v -0.0184480008 -0.0233590007 0.000214999993
v -0.0150870001 -0.0241119992 -7.40000032e-05
v -0.0203949995 -0.0207950007 0.000554000027
v -0.0237629991 -0.0506800003 0.0307679996
v -0.0215339996 -0.0519089997 0.0312280003
v -0.0131090004 -0.0289680008 -0.000201000003
v -0.0110250004 -0.0304099992 -8.9000001e-05
v -0.0105560003 -0.0273080003 -0.000230999998
v -0.00996599998 -0.0535169989 0.0214179996
v -0.0296320003 -0.0261599999 0.00560399983
v -0.0309769996 -0.0226259995 0.00604700018
v -0.0298159998 -0.034407001 0.00909100007
v -0.0273059998 -0.0350169986 0.00704800012
v -0.0281319991 -0.0366480015 0.00862300023
v -0.0285570007 -0.0323709995 0.00693400018
v -0.0111840004 -0.0248349998 0.00026999999
v -0.00958199985 -0.0258079991 6.50000002e-05
v -0.0330110006 -0.0218640007 0.00800099969
v -0.0308449995 -0.0197139997 0.00567900017
v -0.0236419998 -0.0298449993 0.00265199994
v -0.0296039991 -0.0182709992 0.00467999978
v -0.0287779998 -0.0148550002 0.00411099987
v -0.0267510004 -0.0329210013 0.00576699991
v -0.0335280001 -0.0197989997 0.00855499972
v -0.0327600017 -0.0187459998 0.00758800004
v -0.0266069993 -0.0272010006 0.00358900009
v -0.0342249982 -0.0202820003 0.00928100012
v -0.0190260001 -0.0530579984 0.0330110006
v -0.0324809998 -0.0166200008 0.00730200019
v -0.0159540009 -0.0541310012 0.0350110009
v -0.0141989999 -0.0543689989 0.0299239997
v -0.0269310009 -0.0249499995 0.00330700004
v -0.010799 -0.035002999 0.00113700004
v -0.029747 -0.0227349997 0.00502000004
v -0.00819700025 -0.0355929993 0.001407
v -0.027586 -0.0202239994 0.0032579999
v -0.0102009997 -0.0324789993 0.000584999972
v -0.00950499997 -0.0340010002 0.00115499995
v -0.0229320005 -0.0511020012 0.0385919996
v -0.0241119992 -0.0504940003 0.0342819989
v -0.0193039998 -0.0529460013 0.0371540003
v -0.00851999968 -0.0312060006 0.00111299998
v -0.00620000018 -0.0347700007 0.000982000027
v -0.0359340012 -0.022969 0.0116619999
v -0.00937400013 -0.0298590008 0.000216
v -0.0161169991 -0.0540850013 0.0368110016
v -0.0258530006 -0.0227450002 0.00240399991
v -0.00787200034 -0.0284269992 0.00102299999
v -0.00643499987 -0.0309749991 0.000495999993
v -0.0252359994 -0.0498670004 0.0364810005
v -0.00730900001 -0.0282150004 0.00109000003
v -0.0223169997 -0.020304 0.000851000019
v -0.00865999982 -0.0265200008 0.000172999993
v -0.00851800013 -0.0280310009 0.000383000006
v -0.024154 -0.0501829982 0.04036
v -0.0252359994 -0.0498670004 0.0364810005
v -0.0229320005 -0.0511020012 0.0385919996
v -0.0271589998 -0.048409 0.0370009989
v -0.0374040008 -0.0217039995 0.0136599997
v -0.00495600002 -0.0261799991 0.000875000027
v -0.00425300002 -0.0278709996 0.00057199999
v -0.00665300013 -0.0252839997 0.00154700002
v -0.00525700022 -0.0317629986 0.000429999985
v -0.00306300004 -0.0284829997 0.000663999992
v -0.00108399999 -0.0280549992 0.00138100004
v -0.000107 -0.0266079996 0.00174800004
v -0.000218000001 -0.0309549998 0.00121599995
v -0.0272809993 -0.0182649996 0.00290199998
v -0.0193039998 -0.0529460013 0.0371540003
v -0.0208739992 -0.0518280007 0.0407719985
v -0.0352459997 -0.0191350002 0.0105459997
v -0.0378249995 -0.0357300006 0.0252349991
v -0.0358240008 -0.0381780006 0.0237240009
v -0.0386000015 -0.0205000006 0.0159980003
v -0.0374020003 -0.0193390008 0.0137599995
v -0.0165240001 -0.053661 0.0399190001
v -0.0360159986 -0.038888 0.0267379992
v -0.0171119999 -0.0530560017 0.0418910012
v -0.00441800011 -0.038679 0.00251200004
v -0.034926001 -0.0162000004 0.0102829998
v -0.0375950001 -0.0371440016 0.0294070002
v -0.0395830013 -0.0335239992 0.0284519996
v -0.00481900014 -0.0365099981 0.00146499998
v -0.0391759984 -0.034779001 0.0341989994
v -0.0400689989 -0.0329620019 0.0329830013
v -0.0395830013 -0.0335239992 0.0284519996
v -0.0381029993 -0.0366909988 0.0350139998
v -0.0375950001 -0.0371440016 0.0294070002
v -0.0312489998 -0.0447539985 0.0295589995
v -0.0336680003 -0.0423449986 0.0302109998
v -0.0315679982 -0.0437670015 0.0266750008
v -0.0271850005 -0.0482640006 0.0298260003
v -0.0292169992 -0.0463179983 0.0265599992
v -0.0257869996 -0.0470510013 0.0202459991
v -0.00103399996 -0.0396770015 0.00348099996
v -0.0298779998 -0.0413499996 0.0158769991
v -0.0296090003 -0.0388329998 0.0119949998
v -0.0281690005 -0.0407629982 0.0126240002
v -0.000769999984 -0.0369650014 0.00217400002
v -0.0313649997 -0.0418960005 0.0196509995
v -0.0271409992 -0.0449329987 0.017771
v -0.0263650008 -0.0440189987 0.0150429998
v -0.0387479998 -0.0308079999 0.0209979992
v -0.0301929992 -0.0455339998 0.0273720007
v -0.00363299996 -0.0351900011 0.00113300001
v -0.00186800002 -0.0325930007 0.000902
v -0.03926 -0.0326570012 0.0247729998
v -0.040298 -0.0300099999 0.0251269992
v -0.0297510009 -0.0464709997 0.0328599997
v -0.030181 -0.0459479988 0.0308950003
v -0.0260000005 -0.0422389992 0.012379
v -0.0262819994 -0.0491590016 0.0333539993
v -0.0320409983 -0.0444959998 0.0324530005
v 0.00254400005 -0.0332419984 0.00183199998
v -0.034235999 -0.0414870009 0.0278810002
v -0.0328489989 -0.0416439995 0.0230969992
v -0.0272310004 -0.0470819995 0.0236269999
v -0.0295679998 -0.0439810008 0.0203060005
v -0.0397650003 -0.025355 0.0203060005
v -0.0398779996 -0.027547 0.0216530003
v -0.0170179997 -0.0394809991 0.00433100015
v -0.0347089991 -0.0416759998 0.0322740003
v -0.0336680003 -0.0423449986 0.0302109998
v -0.0336619988 -0.042617999 0.0338889994
v -0.0320409983 -0.0444959998 0.0324530005
v -0.0337009989 -0.0426170006 0.0367739983
v -0.0348649994 -0.0414230004 0.0353280008
v -0.0357129984 -0.0404089987 0.0326750018
v -0.0408260003 -0.0232020002 0.0237199999
v -0.0203009993 -0.0392520018 0.00555100013
v -0.0297510009 -0.0464709997 0.0328599997
v -0.0322399996 -0.0443589985 0.0353330001
v -0.0222219992 -0.0396870002 0.00674400013
v -0.0191580001 -0.0420869999 0.00719199982
v -0.0203089993 -0.0406179987 0.00660199998
v -0.0299699996 -0.0462489985 0.0358759984
v -0.0405789986 -0.0283809993 0.0248000007
v -0.0299699996 -0.0462489985 0.0358759984
v -0.032763999 -0.0436760001 0.0375629999
v -0.0308129992 -0.0452810004 0.0377810001
v -0.0297020003 -0.0461390018 0.0400019996
v -0.0412009992 -0.0293220002 0.0299260002
v -0.0357129984 -0.0404089987 0.0326750018
v -0.0347089991 -0.0416759998 0.0322740003
v -0.0412009992 -0.0293220002 0.0299260002
v -0.041393999 -0.0260439999 0.0269859992
v -0.040298 -0.0300099999 0.0251269992
v -0.0417999998 -0.0266309995 0.0301249996
v -0.0236179996 -0.0385110006 0.00688500004
v -0.0237409994 -0.0401690006 0.00823600031
v -0.0280419998 -0.0386420004 0.0104010003
v -0.0251860004 -0.0406909995 0.00975800026
v -0.0265529994 -0.0384149998 0.00859500002
v -0.041393999 -0.0260439999 0.0269859992
v -0.0287909992 -0.0378139988 0.0103280004
v -0.0269809999 -0.0370780006 0.00810199976
v -0.039946001 -0.0205269996 0.0199369993
v -0.0256769992 -0.0381710008 0.00779000018
v -0.0271589998 -0.048409 0.0370009989
v -0.0262819994 -0.0491590016 0.0333539993
v -0.0220040008 -0.0430000015 0.00975299999
v -0.0217230003 -0.0410280004 0.0076919999
v -0.0304189995 -0.0354899988 0.0103709996
v -0.0323950015 -0.0347199999 0.012205
v -0.0314420015 -0.0374340005 0.0133499997
v -0.0390760005 -0.0094969999 0.0206250008
v -0.038656 -0.0129479999 0.0180079993
v -0.0403649993 -0.0139319999 0.0220490005
v -0.0410859995 -0.0132719995 0.025076
v -0.0407229997 -0.0104679996 0.0249230005
v -0.0315439999 -0.0321730003 0.00962499995
v -0.0242379997 -0.0356490016 0.0054390002
v -0.0388780013 -0.0170929991 0.017151
v -0.0357390009 -0.0143959997 0.0118319998
v -0.0369100012 -0.0138940001 0.0140030002
v -0.0258150008 -0.0354470015 0.00646300009
v -0.0375729986 -0.0103550004 0.0168169998
v -0.0116689997 -0.0443870015 0.00715500023
v -0.0103909997 -0.0445119999 0.00690700021
v -0.0410090014 -0.0177459996 0.0239179991
v -0.0104520004 -0.0466279984 0.00918100029
v -0.0140230004 -0.0435510017 0.00682500005
v -0.0128809996 -0.0443259999 0.00711699994
v -0.0110499999 -0.0457569994 0.00830900017
v -0.00903800037 -0.0457369983 0.00821200013
v -0.00738500012 -0.0467480011 0.00897699967
v -0.0060800002 -0.0462640002 0.00863599963
v -0.0084610004 -0.046955999 0.00927300006
v -0.00625600014 -0.0481140018 0.0109280003
v -0.00758199999 -0.0480029993 0.010423
v 0.00609100005 -0.0523050018 0.0324300006
v 0.00511100003 -0.052790001 0.0342449993
v 0.00261999993 -0.0535410009 0.0291709993
v 0.00550100021 -0.0522210002 0.0283780005
v 0.0119730001 -0.0494370013 0.0341719985
v 0.0115799997 -0.0496179983 0.0321200006
v 0.0134429997 -0.0484329984 0.0335000008
v -0.00454099989 -0.0487889983 0.0120270001
v 0.0089069996 -0.0507900007 0.031316001
v 0.0157019999 -0.0448380001 0.021985
v 0.0131620001 -0.0467570014 0.0222290009
v 0.0106189996 -0.0474819988 0.0197400004
v 0.0166459996 -0.0460870005 0.0324519984
v 0.0144830002 -0.0474440008 0.0289849993
v 0.0154560003 -0.0457930006 0.0241560005
v -0.00422699982 -0.0508790016 0.0155330002
v 0.00934599992 -0.050737001 0.0345159993
v -0.00523700006 -0.0528870001 0.0198330004
v -0.00817800034 -0.0523479991 0.0183710009
v 0.00524999993 -0.0525950007 0.0371720009
v 0.000661000027 -0.0543919988 0.0350719988
v -0.00167699996 -0.0517980009 0.0183140002
v 0.0078189997 -0.0514409989 0.0369439982
v 0.0099600004 -0.0397819988 0.00825500023
v 0.00716499984 -0.041898001 0.00828099996
v 0.0075960001 -0.0406490006 0.00730200019
v 0.0150840003 -0.047022 0.0358720012
v 0.0082080001 -0.0438590012 0.0110569997
v 0.00631600013 -0.0434390008 0.00926399976
v 0.00901599973 -0.0414009988 0.00907099992
v -0.0124279996 -0.0548340008 0.032288
v 0.0131970001 -0.0479030013 0.0387939997
v -0.0148609998 -0.0544649996 0.0355990008
v -0.0108319996 -0.0552189983 0.0362479985
v 0.0106499996 -0.0413269997 0.0103909997
v 0.0173509996 -0.0453330018 0.0343180001
v 0.0172889996 -0.0450179987 0.0372980013
v -0.0137400003 -0.054513 0.0388870016
v 0.00275300001 -0.0499540009 0.0168120004
v -0.000951999973 -0.0491599999 0.0133969998
v 0.0106499996 -0.0413269997 0.0103909997
v 0.0099600004 -0.0397819988 0.00825500023
v 0.0111619998 -0.0383320004 0.00763700018
v 0.00949900039 -0.0386499986 0.00690100016
v -0.0137400003 -0.054513 0.0388870016
v -0.0108319996 -0.0552189983 0.0362479985
v -0.00956500042 -0.0546680018 0.041083999
v -0.00869399961 -0.0553410016 0.0374450013
v 0.0207429994 -0.0420069993 0.0331429988
v 0.0121510001 -0.0400869995 0.0106170001
v -0.0165240001 -0.053661 0.0399190001
v 0.0130150001 -0.0379949994 0.00943700038
v 0.00279100006 -0.051293999 0.0203210004
v 0.0216170009 -0.0409820005 0.0331560001
v -0.00352600007 -0.0532989986 0.0216099992
v -0.0134589998 -0.0538650006 0.0420349985
v 0.0156759992 -0.0368009992 0.0117739998
v -0.0187110007 -0.0515299998 0.0448150001
v 0.0136479996 -0.0420139991 0.0145220002
v 0.0121510001 -0.0400869995 0.0106170001
v -0.000327999995 -0.0527769998 0.0218390003
v -0.0114209997 -0.0534639992 0.0442779996
v 0.018158 -0.0441330001 0.0364920013
v -0.0150929997 -0.0527300015 0.0443740003
v 0.0108709997 -0.0449139997 0.0152310003
v 0.0194719993 -0.0433349982 0.0347829983
v 0.0165940002 -0.0397239998 0.0157399997
v 0.0136479996 -0.0420139991 0.0145220002
v -0.0112140002 -0.0537169985 0.0438250005
v -0.00858400017 -0.0540819988 0.0436800011
v 0.0196669996 -0.0426120013 0.0363629982
v 0.0205690004 -0.0421900004 0.0356349982
v -0.00982499961 -0.0530349985 0.0460320003
v 0.0168309994 -0.0377129987 0.0142949997
v -0.00705600018 -0.0532459989 0.0460200012
v -0.00517700007 -0.0540250018 0.0432140008
v -0.00853499956 -0.0526079983 0.0473700017
v 0.0218400005 -0.0407290012 0.0361739993
v -0.0103240004 -0.0551690012 0.0324070007
v 0.00375999999 -0.0518639982 0.0234719999
v -0.0103240004 -0.0551690012 0.0324070007
v -0.00706700003 -0.0553629994 0.0359329991
v 0.0207059998 -0.0414449982 0.0270479992
v 0.0191430002 -0.0420489982 0.0233280007
v 0.0225089993 -0.0385169983 0.0252049994
v 0.0115550002 -0.0352110006 0.00610599993
v -0.00447099982 -0.0549889989 0.0385009982
v -0.0049800002 -0.0553050004 0.035197001
v 0.0139899999 -0.0357760005 0.00862499978
v 0.0215290003 -0.0380840003 0.0219500009
v -0.00109300006 -0.043494001 0.00629799999
v 0.00361700007 -0.0418380015 0.00629100017
v 0.0232549999 -0.0371039994 0.0247629993
v 0.00217400002 -0.0447789989 0.00851800013
v 0.0155349998 -0.0347050019 0.00936200004
v 0.0126360003 -0.0338299982 0.00603900012
v 0.0158399995 -0.031583 0.00764100021
v -0.00209599989 -0.0549530014 0.0363770016
v -0.00264799991 -0.0544979982 0.0400820002
v 0.00127600005 -0.053952001 0.0381379984
v -0.00164899998 -0.0549950004 0.0350789987
v 0.00360499998 -0.0393100008 0.00449799979
v 0.0218240004 -0.0403530002 0.0287999995
v 0.00147999998 -0.0371979997 0.002783
v 0.0167670008 -0.0332089998 0.0098059997
v 0.0236150008 -0.037583001 0.0283470005
v -0.00111199997 -0.0535239987 0.0425750017
v 0.0061110002 -0.036412999 0.00390499993
v 0.00481999991 -0.0519509986 0.0411430001
v 0.0186269991 -0.0335900001 0.0126170004
v 0.0255629998 -0.0319139995 0.0243229996
v 0.0239320006 -0.033716999 0.0216230005
v 0.00711000012 -0.0394480005 0.006054
v 0.0249940008 -0.0344789997 0.0269230008
v 0.00680299988 -0.0511909984 0.0406129993
v 0.0191159993 -0.035668999 0.0155309997
v 0.0217540003 -0.0318569988 0.0158580001
v 0.0170629993 -0.0423110016 0.0196620002
v 0.0140890004 -0.0438719988 0.0176250003
v 0.00621399982 -0.0500119999 0.0448170006
v 0.00843800046 -0.0371689983 0.00537999999
v 0.00949900039 -0.0386499986 0.00690100016
v 0.0263819993 -0.0323360004 0.0313070007
v 0.0194359999 -0.0385930017 0.0187940001
v 0.0035300001 -0.0349689983 0.0025200001
v 0.00580700021 -0.0322979987 0.00228399993
v -0.00522200018 -0.0530790016 0.0457700007
v 0.00836499967 -0.0338950008 0.00366199994
v -0.0024629999 -0.0522219986 0.0467649996
v 0.0228950009 -0.0393050015 0.0345430002
v 0.0235220008 -0.0378810018 0.0323339999
v 0.000707999978 -0.0503639989 0.0490680002
v 0.00260600005 -0.0517680012 0.0440470017
v 0.00276300008 -0.0304179993 0.00159400003
v 0.00228299992 -0.0293060001 0.00149199995
v 0.0157019999 -0.0448380001 0.021985
v 0.00254400005 -0.0332419984 0.00183199998
v 0.00276300008 -0.0304179993 0.00159400003
v 0.00580700021 -0.0322979987 0.00228399993
v 0.00268599996 -0.0500140004 0.0481749997
v 0.0179750007 -0.0435729995 0.0241090003
v 0.0154560003 -0.0457930006 0.0241560005
v 0.0226620007 -0.0393150002 0.0363439992
v 0.00843800046 -0.0371689983 0.00537999999
v 0.0061110002 -0.036412999 0.00390499993
v 0.00951599982 -0.036150001 0.00527099986
v 0.00836499967 -0.0338950008 0.00366199994
v 0.00766600017 -0.0486980006 0.0461900011
v 0.0195320006 -0.0399489999 0.0206240006
v 0.0245089997 -0.0358100012 0.0358470008
v 0.00984899979 -0.0315870009 0.00352000003
v 0.0105079999 -0.0495399982 0.0392730013
v 0.0070369998 -0.0293339994 0.00195199996
v 0.0106859999 -0.0358910002 0.00578100001
v 0.0119960001 -0.0476020016 0.0425879993
v 0.00982700009 -0.0483490005 0.0443120003
v 0.00991600007 -0.0469230004 0.0472589992
v 0.0118429996 -0.0463539995 0.0457610004
v 0.0209539998 -0.0362670012 0.0183470007
v -0.00505100004 -0.0472170003 0.00956900045
v 0.0271279998 -0.0301879998 0.0321879983
v -0.00359399989 -0.0473209992 0.0101110004
v 0.0271010008 -0.02874 0.0364819989
v -0.00284900004 -0.0467040017 0.00932199974
v 0.00512599992 -0.0484870002 0.0488100015
v -0.00357299997 -0.0442029983 0.00655800011
v -0.00168600003 -0.0455470011 0.00816500001
v -0.000464000012 -0.0451870002 0.00816500001
v -0.000312999997 -0.0479420014 0.0116320001
v 0.00204499997 -0.0464439988 0.0104590002
v 0.022264 -0.0346629992 0.0189420003
v 0.0101920003 -0.0499290004 0.0282199997
v 0.00988399982 -0.0494600013 0.0247690007
v 0.0118519999 -0.0484890006 0.0256350003
v 0.0169319995 -0.0448930003 0.0388129987
v 0.0131620001 -0.0467570014 0.0222290009
v 0.0233009998 -0.0320720002 0.0184899997
v 0.0149769997 -0.0456040017 0.0418270007
v 0.0171000008 -0.0435420014 0.0425460003
v -0.0112910001 -0.0541849993 0.0239959992
v -0.00821300037 -0.0545170009 0.0243650004
v 0.00251600007 -0.0484759994 0.0138940001
v 0.0196199995 -0.0425099991 0.0375799984
v 0.0172719993 -0.0451270007 0.0283499993
v -0.01009 -0.0551699996 0.0285960007
v 0.0194770005 -0.0413490012 0.041726999
v -0.00769700017 -0.0549149998 0.0266260002
v 0.0212670006 -0.0408729985 0.0379419997
v 0.00605300022 -0.0463120006 0.012658
v 0.0220149998 -0.0395659991 0.0384359993
v 0.00451500015 -0.0493770018 0.016934
v -0.00433999998 -0.0541590005 0.0244890004
v 0.0176270008 -0.0417170003 0.045256
v -0.00239400007 -0.0545409992 0.0271559991
v 0.0214120001 -0.0389759988 0.0413039997
v 0.0207049996 -0.0389260016 0.0428280011
v 0.0142550003 -0.0447879992 0.0456059985
v -0.00472400011 -0.0550930016 0.028624
v 0.0120160002 -0.0453189984 0.0477139987
v 0.00400599977 -0.0431439988 0.00763100013
v 0.00387999997 -0.0452269986 0.00983399991
v -0.00057600002 -0.0545100011 0.0294679999
v 0.0138900001 -0.0440710001 0.0474710017
v 0.0117490003 -0.0444450006 0.0493570007
v 0.015842 -0.0423519984 0.0473419987
v 0.0150830001 -0.0430589989 0.0471789986
v -0.0119789997 -0.0549129993 0.0300760008
v 0.0194070004 -0.0393140018 0.0453459993
v 0.0215460006 -0.0371240005 0.0437420011
v 0.0167839993 -0.0394309983 0.0498710014
v 0.0179009996 -0.039551001 0.0481019989
v 0.00814899988 -0.046937 0.0156500004
v 0.0187720004 -0.0380910002 0.0479290001
v -0.00341999996 -0.0551210009 0.0310820006
v 0.0233149994 -0.0372750014 0.0384720005
v 0.0246559996 -0.0345229991 0.0381710008
v -0.0049800002 -0.0553050004 0.035197001
v -0.00706700003 -0.0553629994 0.0359329991
v 0.0229199994 -0.0354470015 0.0426900014
v -0.00341999996 -0.0551210009 0.0310820006
v 0.0239129998 -0.0325339995 0.0434920006
v 0.00149199995 -0.0533230007 0.0258670002
v 0.0140890004 -0.0438719988 0.0176250003
v 0.00732500013 -0.0494359992 0.0204150006
v 0.0271940008 -0.0270210002 0.0385820009
v 0.00550100021 -0.0522210002 0.0283780005
v 0.00708500016 -0.0505690016 0.0237639993
v 0.0223820005 -0.0342810005 0.0453279987
v 0.00261999993 -0.0535410009 0.0291709993
v 0.0216090009 -0.0337439999 0.0470779985
v 0.018809 -0.0364859998 0.0495960005
v 0.00988399982 -0.0494600013 0.0247690007
v 0.0237029996 -0.0314689986 0.045132
v 0.0218189992 -0.0323969983 0.048103001
v 0.0233980007 -0.0296580009 0.0470359996
v 0.00988399982 -0.0494600013 0.0247690007
v -0.00057600002 -0.0545100011 0.0294679999
v 0.0264970008 -0.0256670006 0.0419760011
v 0.0238540005 -0.026912 0.0475349985
v 0.0256159995 -0.0250499994 0.0445149988
v -0.0241999999 0.000615000026 0.00684199994
v -0.0221350007 -0.000513000006 0.00467299996
v -0.0239160005 -0.00151600002 0.00516900001
v -0.0257900003 -0.00263600005 0.00575400004
v -0.0256919991 -0.000261999987 0.00725100003
v -0.0254679993 0.00193999999 0.00901100039
v -0.0264260005 0.000650000002 0.00865100045
v -0.0205869991 0.00233900012 0.00582000008
v -0.0197889991 -0.000316999998 0.00354199996
v -0.0209359992 -0.0181060005 0.000339999999
v -0.023937 -0.0173419993 0.001238
v -0.0210340004 -0.0144389998 0.000245000003
v -0.00905000046 0.00784299988 0.0067230002
v -0.0113789998 0.00587600004 0.00527800014
v -0.014037 0.00609599985 0.00617100019
v -0.0231740009 0.00274499995 0.00778200012
v -0.00277899997 -0.0131550003 0.000667000015
v -0.0045690001 -0.0137970001 0.00114399998
v -0.00413399981 -0.0109689999 0.000486000004
v -0.00326999999 -0.0157190003 0.00190899998
v -0.0114399996 0.00857099984 0.00812599994
v -0.000575000013 -0.0132839996 0.000745000027
v -0.00196300005 -0.0155029995 0.00166499999
v -0.0259240009 -0.0147160003 0.00218000007
v -0.0200830009 0.00462300004 0.00747000007
v -0.0190650001 0.00265799998 0.00520699983
v -0.0156360008 0.0035949999 0.00452199997
v -0.0178440008 0.00597500009 0.00763799995
v -0.0142019996 0.00811500009 0.00834899954
v -0.00309000001 -0.00887900032 0.000150000007
v -0.0160269998 0.00900600012 0.0102890003
v -0.00127799995 -0.0105480002 -1.20000004e-05
v -0.0245980006 0.00303400005 0.00950799976
v -0.0196519997 0.00647500018 0.00926200021
v -0.0234440006 0.00414799992 0.00934499968
v -0.0142660001 0.0104599996 0.0115759997
v -0.0122929998 0.0099600004 0.00999800023
v -0.00841300003 0.00670599984 0.00553299999
v 0.00153899996 -0.0150079997 0.000467000005
v 0.00437999982 -0.0142289996 0.000270999997
v 0.00369299995 -0.0160869993 0.000452000007
v -0.0114569999 0.0110130003 0.011314
v -0.00943600014 0.0096540004 0.0087240003
v -0.0395539999 -0.00744700013 0.0234520007
v -0.0379480012 -0.00728000002 0.0196010005
v -0.0379189998 -0.00363099994 0.0227589998
v -0.0227819998 -0.00992100034 0.00127699994
v -0.0241049994 -0.00998300035 0.00185200002
v -0.000889000017 -0.0181259997 0.00187299994
v -0.0348579995 -0.00912099984 0.0125529999
v -0.00691 0.00793099962 0.00663700001
v -0.0202849992 -0.0103580002 0.000413000002
v 0.00337899989 -0.019545 0.00130500004
v -0.00762300007 0.00963999983 0.00854500011
v 0.00217400002 -0.0105910003 0.000174999994
v -0.00453699986 0.00968900044 0.00857399963
v -0.00522800023 0.00669900002 0.00543999998
v -0.00588200008 0.00881399959 0.00782600045
v -0.0035300001 0.00680400012 0.0056739999
v -0.00229500001 0.00808599964 0.00702199992
v -0.0356220007 -0.00627300004 0.0157210007
v -0.0327990018 -0.0057529998 0.0114810001
v -0.0313099995 -0.00577499997 0.00943399966
v -0.00692499988 0.0109010004 0.0100069996
v 0.00547500001 -0.0105180005 0.000352000003
v -0.0305840001 -0.00407700008 0.00963999983
v -0.0336860009 -0.00336700003 0.0145190004
v -0.0306850001 -0.000670999987 0.012596
v -0.00282400008 -0.00675000018 3.50000009e-05
v -0.000243999995 -0.00644099992 -3.19999999e-05
v -0.0194290001 -0.00584700005 0.00110899995
v 0.00122500001 -0.00871200021 -4.3e-05
v -0.0183090009 -0.00873500016 0.000262999994
v -0.0357870013 -0.00389999989 0.0179990008
v -0.00329499994 0.0111039998 0.0104799997
v -0.0137259997 -0.0223539993 0.00026999999
v 0.00362200011 -0.00728899986 0.000398000004
v -0.0155750001 -0.0201479997 0.000936999975
v -0.0152430004 -0.0205179993 0.000893999997
v -0.00951000024 -0.0232660007 0.000845999981
v -0.00411200011 0.00478499988 0.00384099991
v -0.000600999978 0.00147400005 0.00222999998
v -0.00482399995 0.00327700004 0.00277099991
v -0.0118659995 -0.0227240007 0.000429999985
v -0.0356669985 -0.000511999999 0.0214239992
v -0.0320300013 0.000992999994 0.0162620004
v 0.000381999998 0.00467099994 0.00461299997
v -0.00165400002 0.00551000005 0.00486199977
v 0.00634100009 -0.00686600013 0.00108299998
v 0.00879000034 -0.01033 0.001147
v -0.0129800001 -0.0203690007 0.001208
v -0.00644699996 -0.0121449996 0.00039999999
v -0.00570600014 -0.0155269997 0.00170799997
v -0.00668099988 -0.0137919998 0.00100299995
v -0.0075869998 -0.0114869997 0.000413000002
v -0.0287689995 0.00136700005 0.0120900003
v -0.0284770001 -0.00184699998 0.00882900041
v -0.0110419998 -0.0214799996 0.00101300003
v -0.00942400005 -0.0213970002 0.00151700003
v -0.009877 -0.0203079991 0.00195900002
v -0.0261569992 0.00288999989 0.0105219996
v -0.0285059996 0.00278700003 0.0132099995
v -0.00569899986 -0.00723600015 -0.000237999993
v -0.0107960002 -0.0197129995 0.00186299998
v -0.000368999987 0.00775199989 0.00714700017
v -0.0093790004 -0.0193809997 0.0019739999
v -0.0183780007 -0.0203639995 0.000662999984
v 0.00318500004 0.00710400008 0.00780300004
v -0.0269230008 0.00460099988 0.0134650003
v -0.00451799994 -0.00282899989 0.000279
v 0.0033760001 0.00416899985 0.00527099986
v 0.00271599996 0.00220900006 0.00355600007
v -0.030181 0.0036249999 0.0167789999
v -0.018708 -0.0171649996 3.19999999e-05
v -0.016787 -0.0176970009 0.000140999997
v 5.29999998e-05 -0.00320499996 0.000425000006
v 0.00623199996 0.00386700011 0.00631600013
v -0.0220120009 0.006972 0.0116710002
v -0.0231490005 0.00833399966 0.01456
v -0.0251749996 0.00529799983 0.0123859998
v 0.00672800001 0.00242300006 0.0056520002
v 0.00558499992 0.00175099995 0.00441000005
v 0.00801500026 0.000342000014 0.0048489999
v 0.00797399972 0.00165600004 0.00597700011
v 0.00902500004 0.00216699997 0.00679499982
v -0.0240959991 0.00738300011 0.0141070001
v -0.0130620003 -0.0181029998 0.000818
v 0.00760400016 0.00545699988 0.00874799956
v -0.0134760002 -0.0197669994 0.00117199996
v -0.0266309995 0.00652199984 0.0158290006
v 0.0028309999 -0.00270300009 0.00120699999
v -0.00828099996 0.00150400004 0.00153999997
v -0.00849399995 -0.00225399993 0.000292000012
v -0.0115879998 -0.00151199999 0.000738999981
v -0.00579799991 0.00133200001 0.00147599995
v -0.0177909993 -0.013448 -5.99999985e-05
v -0.0328590013 0.00201399997 0.0191389993
v -0.00166800001 -0.00172299996 0.000610999996
v -0.0157849994 -0.0146789998 5.40000001e-05
v 0.00511500007 0.00783300027 0.00970000029
v -0.0123039996 -0.0165100005 0.000846999988
v 0.00908700004 0.0076700002 0.0124169998
v -0.0303990003 0.0047129998 0.0187040009
v -0.0283569992 0.0065700002 0.0183300003
v -0.00171999994 0.010249 0.00989700016
v -7.40000032e-05 0.0100250002 0.00995200034
v -0.0161499996 -0.00967200007 -0.000184999997
v -0.0133779999 -0.0116330003 -0.000207000005
v -0.0133090001 -0.0135049997 4.99999987e-06
v -0.0287239999 0.00788800046 0.0213070009
v -0.0266529992 0.00855599996 0.0190709997
v 0.00152000005 0.000559000007 0.00221300009
v -0.014432 -0.0100410003 -0.000241999995
v 0.00280299992 0.00940500014 0.0102279996
v -0.0231270008 0.0106990002 0.0188069995
v -0.0174160004 -0.000531999976 0.00241399999
v -0.0161760002 -0.00259099994 0.00120900001
v -0.0104879998 -0.0152080003 0.000861999986
v -0.00135599996 0.0123730004 0.0129249999
v -0.0151589997 0.00101400004 0.00250499998
v -0.0145579996 -0.000306000002 0.00167499995
v -0.00962099992 -0.0177960005 0.00185700005
v -0.0090119997 -0.0185129996 0.00174700003
v -0.00875100028 -0.0170319993 0.00187799998
v 0.00213799998 0.0110919997 0.0123199997
v -0.0119249998 -0.0119409999 0.000100999998
v -0.0113949999 0.00165999995 0.00201599998
v -0.00874799956 -0.0131879998 0.00141400006
v -0.0104700001 -0.00939099956 0.000547999982
v 0.00642299978 0.0106779998 0.0144119998
v -0.00825599954 -0.0247670002 0.000630999974
v -0.00758899981 -0.0230640005 0.00151600002
v -0.0197240002 0.00866799988 0.0121259997
v 0.00794100016 -0.00589200016 0.00183800003
v 0.00600200007 -0.00182899996 0.00259199995
v -0.00476300018 -0.0238060001 0.00183900003
v -0.00386800012 -0.0260540005 0.00102099997
v 0.00790499989 -0.00223500002 0.00314799999
v -0.00512599992 -0.0211510006 0.000226000004
v -0.00601400016 -0.0220720004 0.00101999997
v -0.00598999998 -0.0208529998 -5.60000008e-05
v -0.0163279995 0.0110860001 0.0135789998
v -0.0197730009 0.0111910002 0.0162049998
v -0.00582400011 -0.0238540005 0.001834
v -0.00861399993 -0.0214050002 0.00153999997
v -0.00696799997 -0.0226930007 0.001468
v -0.00769999996 -0.0209740009 0.000979000004
v -0.00700500002 -0.0206230003 0.000142999997
v -0.00466699991 -0.0233040005 0.00175900001
v 0.00829199981 -0.000792999985 0.00445500016
v -0.0205780007 0.0132889999 0.0222769994
v -0.00401300006 -0.0213869996 0.00103100005
v -0.00401300006 -0.0213869996 0.00103100005
v -0.00277899997 -0.0227359999 0.002201
v -0.00466699991 -0.0233040005 0.00175900001
v -0.0102519998 0.00369199994 0.00313400012
v -0.00179899996 -0.0252330005 0.00183800003
v -0.00308499997 -0.0236280002 0.00223600003
v -0.0141690001 0.0125080002 0.0148879997
v -0.00981200021 0.0125010004 0.013301
v 0.00228299992 -0.0293060001 0.00149199995
v -0.000107 -0.0266079996 0.00174800004
v 0.00392899988 -0.0267530009 0.00128500001
v -0.0314179994 -0.0129049998 0.00684799999
v -0.0116950003 0.013816 0.0164650008
v -0.00179899996 -0.0252330005 0.00183800003
v -0.00308499997 -0.0236280002 0.00223600003
v -0.00183600001 -0.0226009991 0.00225199992
v 0.000811000005 -0.024557 0.00161799998
v -0.0079239998 0.00439100014 0.00339900004
v -0.0271439999 -0.0124319997 0.00326099992
v -0.00633100001 0.00518399989 0.00418200018
v -0.00597399985 0.0136150001 0.0146920001
v -0.00105600001 -0.0214050002 0.00241700001
v -0.0287779998 -0.0113009997 0.00473000016
v -0.00686899992 0.00627700007 0.00536999991
v -0.00728899986 -0.0193339996 -7.30000029e-05
v -0.00598999998 -0.0208529998 -5.60000008e-05
v -0.00607499992 -0.0190849993 -0.000274999999
v -0.00461999979 -0.0202040002 -2.7e-05
v -0.00512599992 -0.0211510006 0.000226000004
v -0.00390999997 -0.0198609997 0.000331999996
v -0.00327700004 -0.0196499992 0.000853999984
v -0.00474300003 -0.0187219996 -4.70000014e-05
v -0.00780999986 -0.0172489993 0.00160700001
v -0.00662299991 -0.0180220008 0.000120999997
v -0.0263560005 -0.00863999967 0.00364400004
v -0.00810100045 -0.018801 0.000930999988
v -0.00547599979 -0.0179730002 6.29999995e-05
v -0.0289009996 -0.00885699969 0.00554799987
v -0.00578599982 -0.0171889998 0.000880000007
v -0.0170520004 0.0123739997 0.0164870005
v -0.0266059991 -0.00587299978 0.00482100016
v -0.00428099977 -0.0175810009 0.000965000014
v -0.00554199982 -0.0162380002 0.00167799997
v -0.0297069997 -0.00742699997 0.00689700013
v -0.00149900001 -0.0182910003 0.00190799998
v -0.0189399999 0.0134439999 0.0208630003
v -0.00407500006 -0.0163380001 0.00170499994
v -0.0148679996 0.0146009997 0.0201960001
v 0.00193799997 -0.0227160007 0.00176500005
v -0.000643000007 -0.0192670003 0.00210099993
v -0.0229860004 -0.00533299986 0.00267699989
v -0.00130999996 -0.0194179993 0.00207399996
v -0.00233600009 -0.0197880007 0.00140900002
v -0.0337769985 -0.0113629997 0.0100480001
v -0.0101899998 0.015536 0.020002
v -0.0317769982 -0.0091909999 0.00836999994
v -0.00522299996 0.0152289998 0.0182750002
v -0.00714900019 -0.0161070004 0.0020049999
v -0.00763500016 -0.0145180002 0.00156700006
v -0.0120000001 0.0161889996 0.0229630005
v -0.00661400007 0.0159799997 0.0204210002
v -0.00828399975 0.0165340006 0.0224450007
v -0.0280130003 -0.0051239999 0.00627599983
v -0.0121910004 -0.00901400018 -9.00000032e-06
v -0.0119409999 -0.0067090001 0.000101999998
v -0.000699999975 0.0148910005 0.0180590004
v -0.0160399992 -0.00501600001 0.00055300002
v -0.0136989998 -0.00513699977 0.000230000005
v 0.00165300001 0.0129159996 0.0150600001
v -0.0109999999 -0.00516299997 7.6999997e-05
v -0.02042 -0.003853 0.00209999993
v -0.00762199983 -0.0094879996 3.89999987e-05
v -0.00939499959 -0.00999299996 0.000644000014
v 0.00499300007 0.0129920002 0.0174160004
v -0.00987899955 -0.00665500015 7.79999973e-05
v -0.0239979997 -0.00395799987 0.00385099999
v 0.00413500005 0.0141550004 0.0195749998
v -0.00687299995 -0.0061329999 -0.000276000006
v -0.00378899998 0.0164429992 0.0218519997
v -1.99999995e-05 0.0158549994 0.0215060003
v 0.00628199987 0.0140760001 0.0216109995
v 0.00515299989 0.0150349997 0.0230930001
v 8.49999997e-05 0.0170499999 0.0259140003
v 0.00339600001 0.0163439997 0.0264010001
v 0.00535799982 -0.0281240009 0.00140900002
v 0.0134359999 0.00684900023 0.0164899994
v 0.0118500004 0.00651799981 0.0139309997
v 0.0106659997 0.00828699954 0.0150629999
v 0.0114329997 0.00962600019 0.0185700003
v 0.0239690002 -0.0156660005 0.0142639996
v 0.0225239992 -0.0166859999 0.0119209997
v 0.0230930001 -0.0129739996 0.0132259997
v 0.0238690004 -0.0197030008 0.0142879998
v 0.0254170001 -0.0161339995 0.0168009996
v 0.0069889999 -0.0259390008 0.001391
v 0.0066089998 -0.0239550006 0.00139800005
v 0.0168779995 0.00589200016 0.0208449997
v 0.0162279997 0.0048440001 0.0176480003
v 0.0286890008 -0.0185369998 0.0262180008
v 0.0282119997 -0.0227189995 0.0253100004
v 0.0276219994 -0.0197710004 0.0222510006
v 0.0285410006 -0.0171980001 0.0255689994
v 0.00960200001 -0.0270259995 0.00221699988
v 0.0121090002 -0.0292479992 0.00387999997
v 0.0133400001 -0.0316330008 0.00549999997
v 0.0203280002 -0.0162080005 0.00919899996
v 0.0198849998 -0.0160709992 0.00854100008
v 0.0189430006 -0.0133290002 0.00763999997
v 0.0200599991 -0.0135089997 0.00884300005
v 0.0209810007 -0.0148529997 0.00976399984
v 0.0196240004 -0.010911 0.00923100021
v 0.00894400012 -0.0240030009 0.00167400006
v 0.0210170001 -0.00419999985 0.0147430003
v 0.0226739999 -0.00962099992 0.0138010001
v 0.0198059995 -0.00674600014 0.0110940002
v 0.0218630005 -0.0151439998 0.0107720001
v 0.0193729997 -0.00208800007 0.0138699999
v 0.0214150008 -0.0129230004 0.0108740004
v 0.0130099999 -0.0266490001 0.00374899991
v 0.0115639996 -0.0217119996 0.00227500009
v 0.0291210003 -0.0190350004 0.0315649994
v 0.0288699996 -0.0215709992 0.0290939994
v 0.0212430004 -0.0111459997 0.0110440003
v 0.0233919993 -0.00688100001 0.0169239994
v 0.0164749995 -0.0109839998 0.00569600007
v 0.0156800002 -0.0126599995 0.00475999992
v 0.0291200001 -0.0160109997 0.0310360007
v 0.0189449992 -0.00884300005 0.00902100001
v 0.028562 -0.0140930004 0.0274330005
v 0.0144760003 -0.0103329998 0.00425199978
v 0.0164039992 -0.00307599991 0.00940900017
v 0.0173739996 -0.000186999998 0.0128969997
v 0.0139859999 -0.0233440008 0.00369899999
v 0.0282080006 -0.0141160004 0.0251790006
v 0.0259310007 -0.0109630004 0.0198260006
v 0.0263160001 -0.00954 0.0222130008
v 0.00603399985 -0.0216979999 0.00113500003
v 0.0176880006 0.001804 0.0156410001
v 0.0209139995 -0.00140900002 0.0174540002
v 0.00790499989 -0.0216790009 0.00126000005
v 0.0272819996 -0.00997500028 0.0253040008
v 0.00697100023 -0.0189989991 0.00103100005
v 0.00998099986 -0.0208180007 0.00161499996
v 0.00816399977 -0.0171690006 0.00102299999
v 0.0255779997 -0.00747899991 0.0220090002
v 0.0145899998 -0.0263369996 0.00471499981
v 0.0282979999 -0.0113519998 0.0289099999
v 0.0136249997 -0.0185710005 0.00304799993
v 0.015222 -0.0286289994 0.00582000008
v 0.0183600001 -0.0301770009 0.00969799981
v 0.0154020004 0.00334800011 0.0142999999
v 0.0255030002 -0.00459499983 0.0263880007
v 0.0204370003 -0.0303639993 0.0124909999
v 0.0232410002 -0.0284560006 0.0157030001
v 0.0157760009 -0.0246459991 0.00527099986
v 0.0177389998 -0.0277130008 0.00790700037
v 0.0249359999 -0.0288699996 0.0192879997
v 0.0200040005 0.00176799996 0.0201510005
v 0.0219769999 -0.000919000013 0.0207000002
v 0.0276779998 -0.028128 0.0336919986
v 0.0239170007 -0.00452199997 0.0206509996
v 0.0242790002 -0.00700399978 0.0187730007
v 0.0281460006 -0.0257389992 0.0346329994
v 0.0281000007 -0.026912 0.0314130001
v 0.0285160001 -0.0236179996 0.0335379988
v 0.0209919997 -0.0267939996 0.0114709996
v 0.0279619992 -0.0248230007 0.0369970016
v 0.0272109993 -0.0275389999 0.0247479994
v 0.024495 -0.0255559999 0.0166030005
v 0.0275069997 -0.0244190004 0.0397000015
v 0.0171150006 -0.0253819991 0.00659999996
v 0.0285260007 -0.0220749993 0.0373210013
v 0.0283710007 -0.0211260002 0.0388640016
v 0.0190650001 -0.0251219999 0.00870900042
v 0.0266839992 -0.0264420006 0.0219819993
v 0.0289060008 -0.0195460003 0.0334290005
v 0.0181329995 -0.0240109991 0.00722400006
v 0.0164589994 -0.0225450005 0.0054299999
v 0.0238669999 -0.00266200001 0.0236489996
v 0.0177599993 -0.0204910003 0.006329
v 0.0206959993 -0.0202459991 0.00959600043
v 0.0287660006 -0.0205259994 0.0358880013
v 0.020459 -0.0231320001 0.00984400045
v 0.0227409992 -0.0199880004 0.0123399999
v 0.0254149996 -0.0205109995 0.0171629991
v 0.0224830005 -0.0236479994 0.0127090001
v 0.0222609993 -0.020947 0.0119129997
v 0.0286679994 -0.0185269993 0.036545001
v 0.0289559998 -0.0177410003 0.0353390016
v 0.0282019991 -0.0194659997 0.0390890017
v 0.0268169995 -0.0239310004 0.0211469997
v 0.0186180007 0.0038399999 0.020606
v 0.0268959999 -0.0242069997 0.0415330008
v 0.0263730008 -0.0221139994 0.0439359993
v 0.0275199991 -0.0228170007 0.0407139994
v 0.0107039995 -0.00343999988 0.00402799994
v 0.0107340002 -0.00659100013 0.00290600001
v 0.00949299987 -0.00260700006 0.00389200007
v 0.0282409992 -0.0155659998 0.0386420004
v 0.00777200004 -0.0131670004 0.000737999973
v 0.0116579998 -0.0170549992 0.00199100003
v 0.0130249998 -0.00588800013 0.00462399982
v 0.0268360004 -0.0183199998 0.0437359996
v 0.00982300006 -0.0131740002 0.00141000003
v 0.0274379998 -0.0168009996 0.0421819985
v 0.0145309996 0.00836000033 0.021404
v 0.0102620004 -0.00176300004 0.00507199997
v 0.0157609992 -0.0189689994 0.00450999988
v 0.0159649998 -0.0165570006 0.00455099996
v 0.0124559999 -0.0138849998 0.00247299997
v 0.00956299994 -0.000753999979 0.0050710002
v 0.0132839996 0.0106910001 0.0248939991
v 0.0116459997 -0.00252799992 0.00515200011
v 0.0161230005 -0.0138729997 0.0050590001
v 0.0170050003 0.00686099986 0.0237719994
v 0.0112009998 2.59999997e-05 0.00685000001
v 0.0103569999 0.00168999995 0.00728499983
v 0.0124660004 -0.000973000017 0.00693299994
v 0.0138720004 -0.00866799988 0.00422600005
v 0.0159220006 -0.00786300004 0.00622300012
v 0.0141759999 0.0103350002 0.0264769997
v 0.011403 -0.00971200038 0.00243799994
v 0.0162450001 -0.00523100002 0.00784199964
v 0.0289699994 -0.0160540007 0.0348980017
v 0.0289299991 -0.014188 0.0324600004
v 0.0139960004 -0.0129420003 0.0034380001
v 0.0233130008 -0.000172999993 0.0275389999
v 0.0218700003 0.001376 0.025843
v 0.0176059995 -0.0137679996 0.00622300012
v 0.0285410006 -0.014006 0.0368189998
v 0.0142529998 -0.000484999997 0.00901900046
v 0.0287299994 -0.0127299996 0.033803001
v 0.0283010006 -0.0106229996 0.0327010006
v 0.0131449997 0.000422000012 0.0086310003
v 0.0284790006 -0.0125280004 0.0357480012
v 0.0243139993 -0.00112499995 0.0311699994
v 0.0267769992 -0.00669000018 0.028655
v 0.0175930001 -0.0179120004 0.00600200007
v 0.0202450007 0.00342399999 0.0245469995
v 0.0199800003 -0.0186069999 0.0083999997
v 0.0276410002 -0.00843800046 0.0322600007
v 0.0187320001 -0.0156599991 0.00715300022
v 0.0256089997 -0.0130890002 0.0177740008
v 0.0246990006 -0.0108420001 0.0169810001
v 0.0263720006 -0.00517100003 0.0340679996
v 0.0192179997 0.00578199979 0.0283339992
v 0.0203699991 0.00441899989 0.0285640005
v 0.0215189997 -0.0167650003 0.0106380004
v 0.0221170001 -0.0181910004 0.0112650003
v 0.0276420005 -0.00911100022 0.0359079987
v 0.0273369998 -0.00966299977 0.0389159992
v 0.0279259998 -0.0126799997 0.0390969999
v 0.0228020009 0.00131600001 0.0315110013
v 0.026943 -0.0152580002 0.0431019999
v 0.0203820001 0.00479200017 0.0319029987
v 0.0230119992 0.000908999995 0.0333009996
v 0.0213920008 0.00277099991 0.0360429995
v 0.0236189999 -0.000624999986 0.0385259986
v 0.0274589993 -0.0289459992 0.029081
v 0.0174049996 0.0079549998 0.0293589998
v 0.0252449997 -0.00328700012 0.0379609987
v 0.0263320003 -0.00625800015 0.0388870016
v 0.028376 -0.0250550006 0.0284129996
v 0.0191510003 0.00620499998 0.0336709991
v 0.0275650006 -0.0237319991 0.0232560001
v 0.0135909999 0.0116090002 0.0319029987
v 0.00818500016 0.0114900004 0.0176909994
v 0.00883900002 0.00399099989 0.00814499985
v 0.0109630004 0.00436299993 0.010458
v 0.0125989998 0.00251200004 0.0099510001
v 0.00906299986 0.012054 0.0201680008
v 0.0124909999 0.00398699986 0.0115639996
v 0.00880699977 0.0133530004 0.0234619994
v 0.0103820004 0.0065080002 0.0121409995
v 0.0148360003 0.00147599995 0.0114350002
v 0.00549199991 0.0156369992 0.0268549994
v 0.0081679998 0.014463 0.0269440003
v 0.0107859997 0.0130139999 0.0273390003
v 0.0272519998 -0.0164219998 0.0214380007
v 0.0244910009 -0.00164799998 0.0352610014
v -0.0194419995 -0.0215840004 0.068295002
v -0.0232800003 -0.0224750005 0.0662660003
v -0.0221030004 -0.0244100001 0.0663880035
v -0.0252100006 -0.0263020005 0.0642890036
v -0.0267440006 -0.0237629991 0.0640119985
v -0.0232609995 -0.0184349995 0.0666939989
v -0.0207499992 -0.0168919992 0.068076998
v -0.0210779998 -0.0156989992 0.0678339973
v -0.0197889991 -0.0317890011 0.0644119978
v -0.0245009996 -0.0318850018 0.0624170005
v -0.0213249996 -0.0359360017 0.061852999
v -0.0248060003 -0.0201440006 0.0657429993
v -0.0202040002 -0.0190360006 0.0683009997
v -0.0230570007 -0.0291280001 0.0643609986
v -0.0208659992 -0.0263669994 0.0662389994
v -0.0221909992 -0.0305269994 0.0641100034
v -0.0279680006 -0.029104 0.0616680011
v -0.0265500005 -0.0315239988 0.0615300015
v -0.0176640004 -0.0169220008 0.0693719983
v -0.0201949999 -0.0240959991 0.0672729984
v -0.0184320007 -0.0137670003 0.0687289983
v -0.0268309992 -0.0146049997 0.0643099993
v -0.0271390006 -0.0174439996 0.0643059984
v -0.0212169997 -0.0129230004 0.0672769994
v -0.0198880006 -0.0100950003 0.0671890005
v -0.018096 -0.0123500004 0.0685610026
v -0.0251410007 -0.0105529996 0.0644740015
v -0.0269169994 -0.0102279996 0.0632620007
v -0.0280649997 -0.0221759994 0.0634369999
v -0.0286740009 -0.0200399999 0.0632499978
v -0.030057 -0.0263219997 0.061209999
v -0.0228630006 -0.0100100003 0.0656270012
v -0.0315239988 -0.0179880001 0.0612169988
v -0.0182969999 -0.00901800022 0.0675169975
v -0.0218349993 -0.00609500008 0.0647130013
v -0.0198599994 -0.029174 0.0655179992
v -0.0195610002 -0.00404000003 0.0648540035
v -0.016454 -0.00620299997 0.067133002
v -0.0135920001 -0.00738999993 0.0685070008
v -0.0288730003 -0.0396150015 0.053656999
v -0.0295620002 -0.0407290012 0.0516929999
v -0.0270499997 -0.0426289998 0.0521360002
v -0.0409950018 -0.0194930006 0.0475739986
v -0.0417839997 -0.0196139999 0.0451069996
v -0.0411220007 -0.023209 0.0462010019
v -0.0312009994 -0.0228509996 0.0610469989
v -0.0314490013 -0.0374649987 0.0528150015
v -0.0398910008 -0.0237690005 0.0492679998
v -0.0304700006 -0.0358100012 0.055461999
v -0.0282060001 -0.0388699993 0.055013001
v -0.0396480002 -0.0215440001 0.0504759997
v -0.0262979995 -0.0408269987 0.0547849983
v -0.0420139991 -0.0161300004 0.0446290001
v -0.042307999 -0.0213029999 0.0427009985
v -0.0311999992 -0.0150809996 0.0611310005
v -0.0345700011 -0.0171099994 0.058389999
v -0.0227819998 -0.0447049998 0.0531090014
v -0.0257130004 -0.0437389985 0.0520129986
v -0.0229739994 -0.046461001 0.0507409982
v -0.0407349989 -0.0166749991 0.0479880013
v -0.0405640006 -0.0149499997 0.0486560017
v -0.0409820005 -0.0304199997 0.038327001
v -0.0396710001 -0.0331199989 0.0392309986
v -0.0243050009 -0.0422349982 0.0548079982
v -0.0221170001 -0.0428379998 0.0556759983
v -0.0325910002 -0.0274800006 0.0587049983
v -0.0309929997 -0.0312419999 0.0584429987
v -0.039845001 -0.0179459993 0.050361
v -0.038451001 -0.0348349996 0.0408179983
v -0.0251119994 -0.0390000008 0.0575499982
v -0.0428990014 -0.0144149996 0.0347619988
v -0.0430100001 -0.0173330009 0.0386690013
v -0.0426790006 -0.0123910001 0.0368660018
v -0.0427220017 -0.0142029999 0.0407930017
v -0.0426959991 -0.0177779999 0.0413799994
v -0.022775 -0.0404860005 0.0576989986
v -0.0196380001 -0.0431470014 0.0568710007
v -0.0193019994 -0.0406409986 0.0593699999
v -0.0422989987 -0.010578 0.0396450013
v -0.0418849997 -0.00790899992 0.0366469994
v -0.0410539992 -0.0292300005 0.0409040004
v -0.0396820009 -0.0310510006 0.0437170006
v -0.0332779996 -0.0246900003 0.058871001
v -0.0392980017 -0.0291750003 0.0474539995
v -0.0409279987 -0.0278210007 0.0435700007
v -0.0210229997 -0.0381739996 0.0605719984
v -0.0246149991 -0.0366489999 0.0597609989
v -0.0416739993 -0.0105299996 0.0430460013
v -0.0422409996 -0.010005 0.0337539986
v -0.0284940004 -0.0358050019 0.0574950017
v -0.041712001 -0.00771200005 0.0335180014
v -0.0239630006 -0.048928 0.0450219996
v -0.0258489996 -0.0473500006 0.0458969995
v -0.0271109995 -0.0477490015 0.0422520004
v -0.0401449986 -0.00361800008 0.0356590003
v -0.0307780001 -0.0339559987 0.0567310005
v -0.0292939991 -0.0331940018 0.058681
v -0.0417019986 -0.00859099999 0.0404619984
v -0.0210759994 -0.0507390015 0.0442680009
v -0.0409470014 -0.00616100011 0.0396349989
v -0.0412169993 -0.0135089997 0.0462630019
v -0.0410499983 -0.0108759999 0.0454269983
v -0.0209309999 -0.0498970002 0.0466639996
v -0.0213350002 -0.0490170009 0.0481080003
v -0.0395959988 -0.0123199997 0.0501499996
v -0.0234869998 -0.047437001 0.0487909988
v -0.0388510004 -0.0146300001 0.0520670004
v -0.0421620011 -0.0268409997 0.0356030017
v -0.0413779989 -0.0295679998 0.0340210013
v -0.0392290018 -0.00837299973 0.0486330017
v -0.0193269998 -0.0493390001 0.0490280017
v -0.0408199988 -0.00778499991 0.0434489995
v -0.0189440008 -0.0483929999 0.0507539995
v -0.0402100012 -0.00540899998 0.0422969982
v -0.0345420018 -0.0416279994 0.0379239991
v -0.0389630012 -0.0058439998 0.047226999
v -0.0364460014 -0.0387419984 0.0390979983
v -0.0424409993 -0.0237189997 0.032141
v -0.0382659994 -0.00402399991 0.0468840003
v -0.0426059999 -0.0241529997 0.0365630016
v -0.0360700004 -0.0385599993 0.0419300012
v -0.0426740013 -0.0204499997 0.0320469998
v -0.042142 -0.0194579996 0.0287139993
v -0.037951 -0.0294359997 0.0502839983
v -0.0400590003 -0.0268130004 0.0471870005
v -0.0322640017 -0.0438349992 0.0388900004
v -0.0389820002 -0.0262589995 0.0500839986
v -0.0309849996 -0.0450010002 0.0402369983
v -0.0424179994 -0.0244440008 0.0395860001
v -0.0375650004 -0.0168200005 0.0545240007
v -0.0372789986 -0.0124350004 0.0540550016
v -0.0371459983 -0.0266299993 0.0532430001
v -0.0358989984 -0.0288260002 0.0540090017
v -0.0359690003 -0.0164979994 0.0567369983
v -0.0386309996 -0.0241490006 0.0517290011
v -0.041836001 -0.0276660006 0.039051
v -0.0351350009 -0.012046 0.0566079989
v -0.0332829989 -0.0420400016 0.0427250005
v -0.0333230011 -0.014308 0.0591019988
v -0.0378060006 -0.0198749993 0.0540219992
v -0.0296369996 -0.0452210009 0.0438969992
v -0.0365960002 -0.0245939996 0.0547959991
v -0.0416910015 -0.0254330002 0.0427049994
v -0.0315029994 -0.0430729985 0.0446120016
v -0.0350509994 -0.0257590003 0.056561999
v -0.0340319984 -0.0298159998 0.0559599996
v -0.0347759984 -0.00869600009 0.0556339994
v -0.0429570004 -0.0208800007 0.0362050012
v -0.0387649983 -0.0176069997 0.0525819995
v -0.0331670009 -0.00987299997 0.0579369999
v -0.0378619991 -0.00795399956 0.0509859994
v -0.0346340016 -0.00587699981 0.0541590005
v -0.0427360013 -0.0206109993 0.0400770009
v -0.042812001 -0.0160760004 0.0333710015
v -0.0407229997 -0.0104679996 0.0249230005
v -0.0410550013 -0.00963899959 0.0268140007
v -0.0395539999 -0.00744700013 0.0234520007
v -0.0353929996 -0.0390870012 0.0436489992
v -0.0408260003 -0.0232020002 0.0237199999
v -0.0410090014 -0.0177459996 0.0239179991
v -0.0418870002 -0.0154729998 0.0274810009
v -0.042413 -0.0159319993 0.0300290007
v -0.0422630012 -0.0120510003 0.031041
v -0.0387150012 -0.0107070003 0.0510260016
v -0.0410859995 -0.0132719995 0.025076
v -0.0304359999 -0.0107589997 0.0607829988
v -0.0341240019 -0.0391959995 0.0466430001
v -0.0305090006 -0.0420310013 0.0482000001
v -0.0319189988 -0.0409100018 0.0480940007
v -0.036993999 -0.00437200023 0.0498079993
v -0.0332520008 -0.0400689989 0.0467960015
v -0.0357890017 -0.0368009992 0.0463480018
v -0.0348160006 -0.0368230008 0.0486110002
v -0.0294870008 -0.00883099996 0.0608020015
v -0.036226999 -0.0209330004 0.0560630001
v -0.0416689999 -0.00923500024 0.0304489993
v -0.0357909985 -0.0202200003 0.0568469986
v -0.0329070017 -0.00613600016 0.0563299991
v -0.0372250006 -0.0359980017 0.0427879989
v -0.0320409983 -0.00252999994 0.054885
v -0.0306279995 -0.00491699995 0.057833001
v -0.0385710001 -0.0330279991 0.0439959988
v -0.0369409993 -0.0353580005 0.0445559993
v -0.0335870013 -0.0213660002 0.0591179989
v -0.0369900018 -0.0182889998 0.0551620014
v -0.0279099997 -0.00289599993 0.0588590018
v -0.0255720001 -0.00207099994 0.0603820011
v -0.0294989999 -0.043598 0.0477829985
v -0.0286979992 -0.0445090011 0.0473380014
v -0.0260249991 -0.0454889983 0.0492359996
v -0.0278099999 -0.0438220017 0.0496780016
v -0.0299970005 -0.0414259993 0.0501359999
v -0.0255169999 -0.00722800009 0.0630860031
v -0.0241550002 -0.00370500004 0.0622319989
v -0.0331999995 -0.038451001 0.0490970016
v -0.0333370008 -0.0374159999 0.0502809994
v -0.0339919999 -0.0355320014 0.0511990003
v -0.0373280011 -0.0335500017 0.047208
v -0.0361439995 -0.0347770005 0.0483709984
v -0.0384409986 -0.0304749999 0.0482500009
v -0.0369310006 -0.0325220004 0.0495010018
v -0.0366620012 -0.0310600009 0.0512440018
v -0.0353810005 -0.0333959982 0.0512589999
v -0.0327930003 -0.035335999 0.0532249995
v -0.0339279994 -0.0317980014 0.054742001
v -0.0328739993 -0.0337399989 0.0543409996
v -0.00440600002 -0.0146340001 0.0710849985
v -0.0070059998 -0.0143729998 0.0710719973
v -0.00459200004 -0.0172090009 0.0710920021
v -0.00397600001 -0.0289750006 0.0688169971
v -0.00771899987 -0.0263390001 0.0697060004
v -0.00618000003 -0.0298660006 0.0684159994
v -0.00429299986 -0.0256159995 0.0699540004
v -0.00463599991 -0.0120379999 0.070814997
v -0.00728000002 -0.0124049997 0.0708430037
v -0.0165679995 -0.0328800008 0.0650300011
v -0.00202700007 -0.0286960006 0.0687609985
v -0.000342000014 -0.0272160005 0.0690260008
v -0.0146500003 -0.0383599997 0.0628279969
v -0.019049 -0.0363380015 0.062456999
v -0.016268 -0.0397379994 0.0614699982
v -0.00142099999 -0.0319110006 0.0673250034
v 0.00136200001 -0.0305920001 0.0673360005
v -0.0159290005 -0.0306960009 0.0661809966
v -0.0167900007 -0.0273960009 0.0671079978
v 0.00114399998 -0.0143910004 0.0700640008
v -0.00211500004 -0.0133450003 0.0707679987
v -0.00126699999 -0.0165240001 0.0707610026
v 0.00298799993 -0.0288670007 0.0675880015
v -0.00211500004 -0.0133450003 0.0707679987
v -0.00126699999 -0.0165240001 0.0707610026
v -0.0123600001 -0.0399429984 0.0625509992
v -0.0146989999 -0.0265720002 0.0682279989
v 0.0040529999 -0.0274 0.0677329972
v 0.00141899998 -0.0253899992 0.0692370012
v -0.00996700022 -0.032850001 0.0667660013
v -0.0117279999 -0.0323919989 0.0666010007
v -0.0116529996 -0.0357040018 0.0650039986
v -0.0036520001 -0.0312419999 0.0678979978
v -0.0145420004 -0.0328870006 0.0656440035
v -0.00205100002 -0.0108510004 0.070224002
v -0.00482599996 -0.0094440002 0.0701439977
v -0.0128349997 -0.0290680006 0.0677080005
v -0.00899199955 -0.0374989994 0.0645330027
v -0.0108589996 -0.0407890007 0.0623119995
v 0.00114399998 -0.0143910004 0.0700640008
v 0.000630999974 -0.0121600004 0.0698409975
v 0.00169900001 -0.0242749993 0.0694350004
v -0.00105199998 -0.0237719994 0.0700429976
v 0.00139999995 -0.0164650008 0.0700780004
v 0.00433799997 -0.0166280009 0.0689959973
v -0.00766400015 -0.029236 0.0684029981
v -0.00766299991 -0.032306999 0.0672629997
v -0.010427 -0.0282869991 0.068423003
v -0.000644000014 -0.0173950009 0.0705989972
v -0.00434299977 -0.0394910015 0.063548997
v -0.00260300003 -0.0420380011 0.0613930002
v -0.000460999989 -0.0410149992 0.0619280003
v -0.00986099988 -0.0244810004 0.0701249987
v -0.00884300005 -0.0225540008 0.0707819983
v -0.00696900021 -0.0392910019 0.0637269989
v 0.00302900001 -0.0206310004 0.0695270002
v -0.00598199992 -0.0232149996 0.0705420002
v -0.00355200004 -0.0217780005 0.0706959963
v 0.0032279999 -0.0124070002 0.068866998
v -0.0110379998 -0.0262039993 0.0692640021
v 0.0032279999 -0.0124070002 0.068866998
v -0.00620900001 -0.0201949999 0.0709000006
v -0.0165320002 -0.0225510001 0.0691379979
v -0.0141080003 -0.0187619999 0.0704770014
v -0.0173109993 -0.0196010005 0.0694070011
v 0.00595299993 -0.0137740001 0.0677739978
v -0.0152369998 -0.0232309997 0.0692640021
v -0.00684100017 -0.0337629989 0.0666809976
v -0.0110489996 -0.0188250002 0.0709209964
v -0.0135019999 -0.0199469998 0.070491001
v -0.00953800045 -0.0224549994 0.0707160011
v -0.0114850001 -0.0160569996 0.0706870034
v -0.00987299997 -0.0183690004 0.0707710013
v -0.00990900025 -0.0169830006 0.0707190037
v -0.00831499975 -0.0207829997 0.0709090009
v -0.00454800017 -0.036040999 0.0655120015
v -0.00763399992 -0.0195339993 0.0707639977
v -0.00897399988 -0.0194569994 0.0708350018
v -0.00789100025 -0.0176749993 0.0696879998
v -0.0151969995 -0.0148740001 0.0699499995
v -0.00190799998 -0.0374809988 0.0644899979
v -0.0122560002 -0.0217199996 0.0703110024
v -0.00953599997 -0.0163209997 0.0707359985
v -0.00854600035 -0.0149210002 0.0709490031
v -0.00774700008 -0.0165630002 0.0700019971
v -0.00743300002 -0.0175110009 0.069686003
v -0.00694199977 -0.0170070007 0.0700130016
v -0.00831899978 -0.0158099998 0.0707169995
v -0.000369999994 -0.0386009999 0.0635769963
v -0.00701399986 -0.0156640001 0.070896998
v -0.0136230001 -0.0130949998 0.0700329989
v 0.00420300011 -0.0238719992 0.0686620027
v 0.00145700003 -0.0219330005 0.0698560029
v 0.00621700007 -0.0217829999 0.0680710003
v -0.00192800001 -0.0336639993 0.0665059984
v -0.0101279998 -0.0142240003 0.0708160028
v 0.00725199981 -0.0197129995 0.0676020011
v -0.014432 -0.0100400001 0.0691699982
v 0.00763599994 -0.0166369993 0.0672269985
v 0.00128900004 -0.0349939987 0.0652090013
v 0.00326699996 -0.0355160013 0.0643989965
v -0.0119730001 -0.0100999996 0.0697780028
v -0.00675000018 -0.0191820003 0.0707570016
v -0.00592300016 -0.0185230002 0.0708680004
v -0.00459200004 -0.0172090009 0.0710920021
v -0.00544600002 -0.0176589992 0.0710199997
v -0.00578900008 -0.0168650001 0.0709279999
v -0.00440600002 -0.0146340001 0.0710849985
v -0.00578900008 -0.0168650001 0.0709279999
v -0.00239100005 -0.0202350002 0.0707309991
v -0.00995799992 -0.00766099989 0.0693529993
v -0.0102859996 -0.0119820004 0.0704779997
v 0.00454600016 -0.0343520008 0.0645940006
v -0.00889699999 -0.0100560002 0.0702340007
v -0.00701700011 -0.00771600008 0.0695779994
v 0.00670100003 -0.0291339997 0.0659649968
v 0.00568100018 -0.0260550007 0.0674500018
v 0.0061900001 -0.032145001 0.0649619997
v 0.00984899979 -0.0305259991 0.0635029972
v 0.00796299987 -0.0238290001 0.0668080002
v 0.00842399988 -0.0265629999 0.0659060031
v 0.0103179999 -0.0263240002 0.0648360029
v 0.0109700002 -0.0235009994 0.0650150031
v 0.0146949999 -0.0254059993 0.0615109988
v 0.0118969996 -0.0188480001 0.0645639971
v 0.0097930003 -0.0136970002 0.0655070022
v 0.012836 -0.015505 0.0636539981
v 0.01425 -0.0197420008 0.0627470016
v -0.00674600014 -0.042121999 0.0615440011
v -0.0120169995 -0.0429820009 0.0599760003
v 0.0139009999 -0.0351240002 0.0573679991
v 0.0164790004 -0.029747 0.0580449998
v 0.0141829997 -0.0306410007 0.0597440004
v 0.0107760001 -0.0354389995 0.0599160008
v 0.0109679997 -0.0323319994 0.0617359988
v -0.0184879992 -0.0505970009 0.0472280011
v -0.0138889998 -0.0514849983 0.0481019989
v 0.00523100002 -0.0355550013 0.0636190027
v 0.00851699989 -0.0350899994 0.0618450008
v 0.00175399997 -0.0392399989 0.0626059994
v -0.0149919996 -0.0504439995 0.0496059991
v 0.00698600011 -0.0459569991 0.0516979992
v 0.00993399974 -0.045088999 0.0501670018
v 0.00851100031 -0.0433779992 0.0540909991
v 0.00620400021 -0.0444170013 0.0546340011
v 0.00288900011 -0.0462649986 0.0547249988
v -0.0105440002 -0.051541999 0.0492310002
v -0.0103059998 -0.0507629998 0.0504640006
v 0.018809 -0.027679 0.0561939999
v 0.0170060005 -0.0254449993 0.0592509992
v 0.00412099995 -0.0431930013 0.0576799996
v 0.00740800006 -0.0420950018 0.0565689988
v 0.0125949997 -0.0272080004 0.062729001
v -0.0165929999 -0.0489609987 0.0511189997
v 0.00453699986 -0.0395440012 0.0609989986
v 0.00237399992 -0.0419830009 0.0599410012
v 0.0187459998 -0.0236600004 0.0577110015
v 0.0202920008 -0.0256639998 0.0547709987
v -0.0138379997 -0.0488959998 0.0522890016
v -0.0120820003 -0.0499109998 0.0514359996
v 0.0209240001 -0.0212169997 0.055151999
v 0.0192709994 -0.0195150003 0.0577800013
v -0.00586900022 -0.0521139987 0.0483839996
v 0.0165960006 -0.0218550004 0.060362
v 0.0188250002 -0.0180169996 0.0584379993
v -0.0197269991 -0.0456399992 0.0539119989
v -0.0174059998 -0.0470310003 0.0534280017
v 0.0127029996 -0.0421390012 0.0515929982
v 0.0138079999 -0.0423979983 0.0502760001
v 0.00931200013 -0.0427739993 0.0540300012
v 0.0119719999 -0.0411660001 0.053785
v 0.0141329998 -0.0408300012 0.0515340008
v 0.0158539992 -0.0406019986 0.0494010001
v -0.00949400011 -0.0490150005 0.0532509983
v 0.0162519999 -0.0384939983 0.0517800003
v 0.0138830002 -0.0387310013 0.0543950014
v -0.0126289995 -0.0458739996 0.0567190014
v -0.0105170002 -0.0471290015 0.0555690005
v 0.0165880006 -0.0152059998 0.0605470017
v 0.0165030006 -0.0368480012 0.0529079996
v -0.00694199977 -0.0170070007 0.0700130016
v -0.00705499994 -0.0476149991 0.0554479994
v -0.00329599995 -0.0511349998 0.0496900007
v 0.010311 -0.0396789983 0.0568119995
v -0.00665199989 -0.0501880012 0.0517500006
v 5.50000004e-05 -0.00950099993 0.0692839995
v 0.0172690004 -0.0350430012 0.053518001
v -0.00375999999 -0.0491570011 0.0531859994
v 0.0180569999 -0.0326649994 0.0543540008
v -0.000935000018 -0.0487449989 0.0528730005
v 0.0192959998 -0.0338950008 0.0510919988
v 0.0199720003 -0.0307420008 0.0526469983
v 0.0216199998 -0.0283930004 0.0512589999
v 0.0228829999 -0.0231040008 0.0510950014
v -0.00398600008 -0.0475969985 0.0553169996
v 0.0213190001 -0.0246900003 0.0532969981
v -0.00873900019 -0.0455910005 0.0577399991
v -0.00617199996 -0.0457429998 0.0576159991
v 0.000659000012 -0.0462220013 0.0558770001
v -0.00287900004 -0.0451259986 0.058327999
v -0.015842 -0.0449759997 0.0567900017
v -0.0138410004 -0.0413269997 0.0610219985
v -0.0173220001 -0.00176000001 0.0645710006
v -0.0153289996 -0.00365000009 0.0662600026
v -0.0132219996 -0.00583299994 0.067971997
v -0.0211599991 -0.00266500004 0.0633059964
v -0.0220829993 0.0144530004 0.0367319994
v -0.0237980001 0.0136519996 0.0342330001
v -0.0267469995 0.0120360004 0.0368340015
v -0.0389170013 -0.00485200016 0.0242129993
v -0.0190239996 0.0155779999 0.0384219997
v -0.0203169994 0.0153200002 0.0357000008
v -0.0398500003 -0.00494500017 0.0276730005
v -0.0230679996 0.000456000009 0.0603710003
v -0.0389170013 -0.00485200016 0.0242129993
v -0.0269639995 0.0119289998 0.0343630016
v -0.0297929998 0.0100149997 0.036040999
v -0.0198609997 0.00109799998 0.0617179982
v -0.0332890004 0.00557299983 0.0420069993
v -0.0320440009 0.00804200023 0.0367409997
v -0.0340920016 0.00533200009 0.0392119996
v -0.015292 0.0169910006 0.0370390005
v -0.0154449996 0.0170000009 0.0315099992
v -0.0157079995 0.0165069997 0.0400669985
v -0.0310590006 0.00800800044 0.0413229987
v -0.0112669999 0.0179120004 0.0379730016
v -0.0269000009 0.0111509999 0.0411549993
v -0.0281809997 0.00980400015 0.0427879989
v -0.0128659997 0.0176829994 0.0342920013
v -0.0225779992 0.00494199991 0.0572209992
v -0.0253560003 0.00132799998 0.0581469983
v -0.0208490007 0.00524700014 0.0580409989
v -0.03376 0.00384799996 0.0446350016
v -0.0312919989 0.00567900017 0.0467009991
v -0.0277459994 0.00854399987 0.0470519997
v -0.0378159992 -0.000874000019 0.0265410002
v -0.0379189998 -0.00363099994 0.0227589998
v -0.0386449993 -0.00173799996 0.0282630008
v -0.0173739996 0.0153369997 0.0429329984
v -0.0356669985 -0.000511999999 0.0214239992
v -0.0246510003 0.0129730003 0.0382470004
v -0.0340240002 0.00313100009 0.0232800003
v -0.0206160005 0.0141319996 0.0425949991
v -0.0364190005 0.00151600002 0.0271320008
v -0.0173279997 0.00307599991 0.0613729991
v -0.0179229993 0.00624800008 0.0584490001
v -0.0344129987 0.00395900011 0.0260969996
v -0.0107190004 0.0173899997 0.0419160016
v -0.0250160005 0.0120430002 0.0421819985
v -0.0136630004 0.0159380008 0.044861
v -0.0399210006 -0.00376400002 0.0312099997
v -0.016539 0.0144849997 0.0463819988
v -0.00790799968 0.0184640009 0.0359320007
v -0.0240829997 0.0107180001 0.0475549996
v -0.0087980004 0.0182300005 0.0318900011
v -0.0216380004 0.0124589996 0.0463269986
v -0.0151169999 -9.40000027e-05 0.0643080026
v -0.0132929999 0.00181699998 0.0635109991
v -0.00554199982 0.0185129996 0.0383800007
v -0.00547999982 0.018646 0.0336350016
v -0.0374270007 0.000998000032 0.0300949998
v -0.0290360004 0.00653100014 0.0488409996
v -0.00971100014 0.017802 0.0402540006
v -0.0260509998 0.010241 0.0219560005
v -0.0247639995 0.0118659995 0.0245619994
v -0.0348760001 0.00476599997 0.0302770007
v -0.00263100001 0.0185109992 0.035379
v -0.0260910001 0.00920700002 0.0481740013
v -0.000601999986 0.0175180007 0.0402260013
v 0.00222299993 0.0169600006 0.0386920013
v 0.00148700003 0.0175630003 0.0350969993
v -0.00229600002 0.0174289998 0.0421780013
v -0.0367750004 0.00213799998 0.031355001
v -0.0262889992 0.00815999974 0.0497400016
v -0.0292690005 0.00472499989 0.0511949994
v -0.0264199991 0.00685800007 0.051252
v -0.0270119999 0.00529700005 0.0527670011
v -0.0239620004 0.013367 0.0309490003
v -0.0247639995 0.0118659995 0.0245619994
v -0.0271850005 0.011225 0.0286120009
v -0.0194610003 0.0148080001 0.0263270009
v -0.00387899997 0.0174829997 0.0428260006
v -0.0328590013 0.00201399997 0.0191389993
v -0.0226949994 0.0102270003 0.049966
v -0.0340240002 0.00313100009 0.0232800003
v -0.0316370018 0.00496200006 0.0212350003
v -0.0118730003 0.01609 0.0458750017
v -0.0242309999 0.00652700011 0.0540609993
v -0.00839000009 0.0164400004 0.0461140014
v -0.00954999961 0.0153639996 0.0483580008
v -0.00665399991 0.01578 0.0479150005
v -0.0205780007 0.0132889999 0.0222769994
v -0.00419900008 0.0164720006 0.0460220017
v -0.0316370018 0.00496200006 0.0212350003
v -0.0309209991 0.00682100002 0.0236850008
v -0.0172540005 0.0157990009 0.0269169994
v -0.00573500013 0.0146960001 0.0499430001
v -0.00267000007 0.0152909998 0.0481779985
v -0.0329000019 0.00632000016 0.0273020007
v -0.0212299991 0.00776800001 0.0547760017
v -0.0192000009 0.00943799969 0.0537259988
v -0.0198059995 0.011225 0.0504180007
v -0.00728000002 0.0170530006 0.044298999
v -0.0309209991 0.00682100002 0.0236850008
v -0.0148679996 0.0146009997 0.0201960001
v -0.00243699993 0.0165139996 0.0450620018
v 0.000201000003 0.0161899999 0.043988999
v -0.0278249998 0.00981300045 0.0245750006
v -0.0287239999 0.00788800046 0.0213070009
v -0.0163519997 0.0132980002 0.0491070002
v -0.0144840004 0.0165769998 0.0268389992
v -0.0120000001 0.0161889996 0.0229630005
v -0.0362300016 -0.00100499997 0.047375001
v -0.0373050012 -0.00167799997 0.0455439985
v -0.0260509998 0.010241 0.0219560005
v -0.0101669999 0.0176790003 0.0279929992
v -0.00828399975 0.0165340006 0.0224450007
v -0.0345860012 -0.000499000016 0.0498009995
v -0.0318370014 0.000106 0.0530209988
v -0.0220790002 0.0143259997 0.0313530006
v -0.0330619998 0.00237799995 0.0487309992
v -0.0347639993 0.00502899988 0.0345330015
v -0.0312130004 0.00365399988 0.050046999
v -0.0327790007 0.00748600019 0.0329260007
v -0.0304150004 0.00884099957 0.0284759998
v -0.0121520003 0.0178100001 0.0315230004
v -0.0302549992 0.00300300005 0.0519279987
v -0.0158769991 0.00959500019 0.0553099997
v -0.0273100007 0.00373200001 0.0542800017
v -0.0131999999 0.0127900001 0.0514729992
v -0.00536500011 0.0178050008 0.0272410009
v -0.0299120005 -0.000577000028 0.055532001
v -0.0112319998 0.0118890004 0.0534880012
v -0.00629700022 0.0183669999 0.0306359995
v -0.0280520003 0.00129000004 0.0558689982
v -0.00269600004 0.0182050001 0.0296829995
v -0.0289539993 0.0103930002 0.0308539998
v -0.0023980001 0.0184530001 0.0324949995
v -0.00858100038 0.0138959996 0.0511110015
v -0.00924099982 0.0123410001 0.0529830009
v -0.00536500011 0.0178050008 0.0272410009
v -0.0267060008 0.0117279999 0.0317529999
v -0.00208100001 0.0174940005 0.0268159993
v -0.00795600004 0.0112039996 0.055009
v -0.00208100001 0.0174940005 0.0268159993
v -0.0069149998 0.00986600015 0.0568500012
v -0.00561300013 0.0128690004 0.0527159981
v -0.0181029998 0.00837500021 0.0558819994
v 0.000429000007 0.0174940005 0.0290450007
v 8.49999997e-05 0.0170499999 0.0259140003
v 0.00339600001 0.0163439997 0.0264010001
v 0.00205700006 0.0173099991 0.030824
v -0.0391499996 -0.00283399993 0.0409419984
v -0.0378529988 0.000171000007 0.0377929993
v -0.0375810005 0.000754999986 0.0358840004
v -0.0139870001 0.00687000016 0.0592390001
v -0.008653 0.0061280001 0.0607100017
v -0.0110959997 0.00874400046 0.0578470007
v -0.0115470001 0.00563800009 0.0609130003
v -0.0361410007 0.00134900003 0.0430330001
v -0.0367899984 0.00115899998 0.040608
v -0.0118110003 0.0148600005 0.0486790016
v -0.0312779993 0.00888300035 0.0336829983
v -0.00296800002 0.013514 0.0513200015
v 0.00172399997 -0.0038399999 0.0663330033
v 0.00410200004 -0.0050710002 0.0659930035
v 0.00414799992 -0.00233200006 0.0646819994
v 0.00948099978 -0.00860400032 0.0645439997
v 0.00636699982 -0.00597599987 0.0653659999
v 0.00628500013 -0.00984199997 0.0666470006
v 0.00795799959 -0.00505199982 0.0641210005
v -0.00139300001 -0.00373800006 0.0671619996
v -0.000665 -0.00602500001 0.0680830032
v 0.0071680001 -0.00282700011 0.0635479987
v 0.0127849998 -0.0128119998 0.0633030012
v 0.0157350004 -0.01346 0.0610789992
v -0.00329999998 -0.00298699993 0.0671129972
v -0.00269500003 -0.00681999978 0.0689100027
v 0.0117279999 -0.00509099988 0.0617219992
v -0.00934400037 -0.00458899979 0.0680510029
v 0.00109499996 -0.000483000011 0.0647030026
v -0.000796000008 0.000304999994 0.064677
v 0.00313400012 -0.00891700014 0.0678770021
v -0.0123439999 -0.00350100012 0.0669640005
v -0.00489499979 -0.0055470001 0.0685890019
v -0.00902900007 -0.00251800008 0.0669289976
v -0.0112220002 -0.00158399995 0.0660900027
v -0.00740899984 0.000500000024 0.0651220009
v -0.0110849999 0.00044199999 0.064861998
v 0.000892999989 -0.00800499972 0.0684269965
v -0.00572700007 0.000531000027 0.0651149973
v -0.00368999992 0.00236400007 0.0637039989
v -0.00725100003 0.00295599992 0.0633850023
v -0.00342700002 -0.000774000015 0.0657769963
v 0.000311999989 0.00298599992 0.062605001
v 0.00444500009 0.000142999997 0.063105002
v 0.00771099981 -0.000884999987 0.0621640012
v -0.00640399987 -0.00336099998 0.0675119981
v 0.00554599985 0.0025200001 0.0613050014
v 0.00879300013 0.00101400004 0.0604690015
v 0.00786599983 -0.0115999999 0.0662180036
v 0.00595299993 -0.0137740001 0.0677739978
v 0.00786599983 -0.0115999999 0.0662180036
v 0.0127849998 -0.0128119998 0.0633030012
v 0.0125259999 -0.00797799975 0.0622260012
v 0.014707 -0.00555399992 0.0597859994
v 0.0193290003 -0.00579100009 0.0548829995
v 0.0181920007 -0.00630099978 0.056547001
v 0.0183169991 -0.00872899964 0.0573850013
v 0.00427799998 0.0115780002 0.0517779998
v 0.00756300008 0.0097930003 0.0523979999
v 0.00705200015 0.0114930002 0.0497340001
v 0.00406299997 0.0133769996 0.0481109992
v 0.0165500008 0.00348399999 0.0510590002
v 0.0183000006 0.00101500005 0.0509440005
v 0.0179980006 0.00227899989 0.0502209999
v -0.00340300007 0.00895399973 0.0575889982
v -0.0033509999 0.0108430004 0.0552849993
v 0.014672 -0.00370400003 0.0589779988
v 0.013855 -0.000958000019 0.0579660013
v 0.012174 -0.001039 0.0593970008
v 0.0206230003 -0.0107570002 0.0549749993
v 0.0226920005 -0.00951700006 0.0511189997
v 0.0215419997 -0.0076179998 0.0523069985
v 0.0118380003 0.00215000007 0.0575280003
v -0.000829999975 0.0154489996 0.046794001
v 0.00148500002 0.0144330002 0.0477569997
v 0.00382099999 0.0148240002 0.044493001
v 0.000121999998 0.0115799997 0.0536779985
v -3.89999987e-05 0.00963000022 0.0563130006
v 0.0193290003 -0.00579100009 0.0548829995
v 0.0132940002 0.00447600009 0.0539960004
v 0.0135070002 0.00579199987 0.0521639995
v 0.011748 0.00509000011 0.0548450015
v 0.0135460002 0.00296800002 0.0552029982
v 0.0155229997 0.000661999977 0.0550200008
v 0.0212159995 -0.00436400017 0.0510860011
v 0.0228209998 -0.00347399991 0.0474120006
v 0.0207620002 -0.00113300001 0.0492479987
v 0.0186110009 -0.000554000027 0.0522780009
v -0.000971000001 0.00562300021 0.0607409999
v 0.00268399995 0.0052459999 0.0602319986
v 0.00774799986 0.0127069997 0.0456660017
v 0.0210250001 0.00101500005 0.0454760008
v 0.0179900005 0.00359699992 0.0484159999
v 0.0146120004 0.00717400014 0.0485199988
v 0.0153900003 0.00688999984 0.0474850014
v 0.0120940004 0.0100130001 0.046089001
v 0.00968999974 0.0101180002 0.0495570004
v 0.00994000025 0.0114230001 0.0461249985
v 0.0135040004 0.00777200004 0.0487909988
v 0.0138450004 0.00106499996 0.0562870018
v 0.0187309999 -0.003547 0.0543509983
v 0.0168830007 -0.00057199999 0.0544640012
v 0.0122370003 0.00840499997 0.0496729985
v 0.00521200011 0.00904500019 0.0549580008
v 0.00543399993 0.0052939998 0.0590520017
v 0.0155490004 0.00543700019 0.0497549996
v 0.0176710002 0.0052769999 0.0457919985
v 0.0175490007 0.00626299996 0.0438610017
v -0.00511399982 0.00628199987 0.0605139993
v 0.00897600036 0.00603399985 0.0561069995
v 0.0244670007 -0.0242120009 0.0475730002
v 0.0253720004 -0.0226860009 0.0462150015
v 0.0117300004 0.0119960001 0.0399760008
v 0.011012 0.0122520002 0.041478999
v 0.0121719996 0.0108460002 0.0436320007
v 0.0262880009 -0.0192740001 0.0451710001
v 0.0142940003 0.00943799969 0.0431290008
v 0.0236830004 -0.0212210007 0.0501959994
v 0.0251529999 -0.0212409999 0.0473759994
v 0.0255210008 -0.0188660007 0.0470939986
v 0.0243759993 -0.0199870002 0.049323
v 0.00941799954 0.00916799996 0.0515509993
v 0.0106939999 0.00739900023 0.0530330017
v 0.00874700025 0.0146169998 0.0332890004
v 0.0128520001 0.0120670004 0.034465
v 0.0103399996 0.0136749996 0.0317239985
v 0.0128520001 0.0120670004 0.034465
v 0.0103399996 0.0136749996 0.0317239985
v 0.00388800004 0.0167430006 0.0352459997
v 0.00784800015 0.0147019997 0.0361000001
v 0.00596000021 0.0154269999 0.0385870002
v 0.00374699989 0.0163240004 0.0391819999
v 0.00851599965 0.00788400043 0.0541700013
v 0.0262170006 -0.0158779994 0.0458340012
v 0.0268409997 -0.0132210003 0.0431549996
v 0.0254500005 -0.0145009998 0.0473969989
v 0.0114900004 0.0125749996 0.0373600014
v 0.0243510008 -0.0182080008 0.0493380018
v 0.024402 -0.0160959996 0.0497100018
v 0.00683199987 0.0142599996 0.0420459993
v 0.0226220004 -0.0219640005 0.0517200008
v 0.0204060003 0.00400299998 0.0381960012
v 0.0223789997 -0.0201350003 0.052852001
v 0.0204060003 0.00400299998 0.0381960012
v 0.0225770008 0.000798999972 0.0398459993
v 0.0238150004 -0.00167799997 0.0420549996
v 0.0195499994 0.00480399979 0.0397280008
v 0.0209069997 0.00247199996 0.0415269993
v 0.0204060003 0.00400299998 0.0381960012
v 0.0230979994 -0.0178820007 0.0519540012
v 0.0186320003 0.00666300021 0.0362549983
v 0.0228129998 -0.000184000004 0.0423129983
v 0.0236189999 -0.000624999986 0.0385259986
v 0.0225770008 0.000798999972 0.0398459993
v 0.0179260001 0.00733199995 0.0365019999
v 0.0172249991 0.00827199966 0.0335879996
v 0.0238150004 -0.00167799997 0.0420549996
v 0.0157069992 0.00988100003 0.0348590016
v 0.0218829997 -0.0178820007 0.053656999
v 0.0179260001 0.00733199995 0.0365019999
v 0.0157069992 0.00988100003 0.0348590016
v 0.0171719994 0.00784299988 0.0389290005
v 0.0197710004 0.00301499991 0.0448709987
v 0.0135909999 0.0116090002 0.0319029987
v 0.0149480002 0.0101049999 0.0376089998
v 0.0235769991 -0.0144250002 0.051047001
v 0.0186320003 0.00666300021 0.0362549983
v 0.0250300001 -0.0115649998 0.0473809987
v 0.0227419995 -0.0163710006 0.0523400009
v 0.0212469995 -0.0123720001 0.0543520004
v 0.0234159995 -0.0123969996 0.0508439988
v 0.0161080007 0.00810999982 0.0424039997
v 0.0266290009 -0.0113359997 0.0432070009
v 0.0258889999 -0.00805599988 0.0431189984
v 0.0258789994 -0.0131069999 0.0459729992
v 0.025324 -0.0101070004 0.0458520018
v 0.0251790006 -0.00784900039 0.0450569987
v 0.00599300023 0.0158859994 0.0297209993
v 0.0254480001 -0.00504700001 0.0413970016
v 0.00599300023 0.0158859994 0.0297209993
v 0.0246939994 -0.00522600021 0.0444190018
v 0.00857700035 0.00396100013 0.0584020019
v 0.0242580008 -0.0100560002 0.0483429991
v 0.0238610003 -0.00690799998 0.047561001
v 0.0212159995 -0.00436400017 0.0510860011
v 0.0228209998 -0.00347399991 0.0474120006
v -0.00199200003 0.0138499998 0.0505589992
v -0.000839999993 0.0130169997 0.0517719984
v 0.0213769991 -0.00102900004 0.0478539988
v 0.0213769991 -0.00102900004 0.0478539988
v 0.00242200005 0.01193 0.0520719998
v 0.00948099978 -0.00860400032 0.0645439997
v 0.0097930003 -0.0136970002 0.0655070022
v 0.0210180003 -0.0160729997 0.0551679991
v -0.00332899997 0.0116299996 0.0540859997
v -0.001422 0.0119489999 0.0535419993
v 0.0189679991 -0.0149259996 0.0580039993
v 0.0200510006 -0.0128009999 0.0562149994
v 0.0176529996 -0.0134770004 0.0592929982
v 0.0183169991 -0.00872899964 0.0573850013
v 0.0156720001 -0.00999000017 0.0604109988
v 0.0156720001 -0.00999000017 0.0604109988
vt 0.265392989 0.917722002
vt 0.283538997 0.920999996
vt 0.281028986 0.935846999
vt 0.274526 0.837007999
vt 0.27285099 0.843337998
vt 0.261525005 0.839466006
vt 0.185524002 0.924470998
vt 0.199038997 0.913102999
vt 0.190840006 0.933945
vt 0.264851987 0.850060999
vt 0.254110992 0.847440004
vt 0.269935995 0.849194005
vt 0.261530995 0.934432
vt 0.173541993 0.935820997
vt 0.240153 0.835592002
vt 0.258843988 0.821858004
vt 0.271501988 0.830369994
vt 0.249213994 0.919150002
vt 0.239794999 0.896082997
vt 0.25977999 0.897597
vt 0.271602005 0.910782002
vt 0.283838987 0.908228002
vt 0.255474001 0.885518998
vt 0.265453011 0.878119998
vt 0.269082993 0.888339996
vt 0.296783 0.912735
vt 0.259523988 0.861880004
vt 0.277114987 0.846640006
vt 0.282079011 0.838044003
vt 0.281798989 0.846499994
vt 0.154053003 0.896907002
vt 0.165781006 0.887345001
vt 0.180923 0.903113
vt 0.28836301 0.843571007
vt 0.282602996 0.832250997
vt 0.276708007 0.885248996
vt 0.279238999 0.872492999
vt 0.293989003 0.838370994
vt 0.150546998 0.889449999
vt 0.296501994 0.846718997
vt 0.288405001 0.826765999
vt 0.293163002 0.945020001
vt 0.291660011 0.848607004
vt 0.300049007 0.923262998
vt 0.310550988 0.938030999
vt 0.276053011 0.900816999
vt 0.285236001 0.890938997
vt 0.275925994 0.824020997
vt 0.295919001 0.823569998
vt 0.254507989 0.876792997
vt 0.265439987 0.871239007
vt 0.266786993 0.867284998
vt 0.206617996 0.836686
vt 0.221815005 0.835152
vt 0.218189999 0.853187993
vt 0.206606999 0.851866007
vt 0.216091007 0.830303997
vt 0.200782001 0.825564995
vt 0.137841001 0.897487998
vt 0.157537997 0.909677997
vt 0.219732001 0.821628004
vt 0.238130003 0.827203006
vt 0.296160996 0.898704998
vt 0.303990006 0.885702997
vt 0.176379994 0.886101
vt 0.170668006 0.920672998
vt 0.237066999 0.818221003
vt 0.292887986 0.877079003
vt 0.159041002 0.875845999
vt 0.171542004 0.865940005
vt 0.171461999 0.876842998
vt 0.158346996 0.863134995
vt 0.273256004 0.946833
vt 0.225997001 0.813298002
vt 0.227405995 0.849123001
vt 0.187426999 0.828878999
vt 0.193462998 0.817276999
vt 0.200078994 0.811709002
vt 0.186700001 0.856849998
vt 0.184278995 0.865504995
vt 0.252292007 0.945967998
vt 0.256329 0.957368001
vt 0.214726001 0.803140998
vt 0.195256993 0.804848999
vt 0.206265002 0.798210993
vt 0.182318002 0.806483001
vt 0.265924007 0.967843
vt 0.278517991 0.966348
vt 0.225100994 0.805773005
vt 0.235131994 0.803993002
vt 0.228357002 0.794331998
vt 0.309781998 0.912532002
vt 0.172483996 0.853983
vt 0.158591002 0.853496999
vt 0.196272001 0.879184999
vt 0.203991994 0.870269999
vt 0.205727994 0.880415
vt 0.192040995 0.869218007
vt 0.219194993 0.786785007
vt 0.226739004 0.785301
vt 0.149774 0.860373005
vt 0.150324002 0.845783994
vt 0.199240997 0.842687994
vt 0.149610996 0.835883006
vt 0.141067997 0.827204004
vt 0.199007004 0.862341002
vt 0.142020002 0.858733997
vt 0.141571999 0.853661001
vt 0.184694007 0.846013993
vt 0.142030999 0.863940999
vt 0.289707005 0.968288001
vt 0.135872006 0.847342998
vt 0.305222005 0.971763
vt 0.306189001 0.952224001
vt 0.177100003 0.840489
vt 0.248435006 0.817120999
vt 0.162971005 0.847536996
vt 0.258722007 0.811606005
vt 0.160666004 0.833761007
vt 0.243879005 0.807018995
vt 0.250613004 0.810872003
vt 0.277301013 0.987921
vt 0.267542005 0.982057
vt 0.294369996 0.9854
vt 0.246606007 0.799945995
vt 0.263628006 0.804817006
vt 0.144196004 0.878285997
vt 0.239276007 0.797821
vt 0.307606995 0.979894999
vt 0.173768997 0.830950007
vt 0.240941003 0.788349003
vt 0.252438009 0.793139994
vt 0.265356988 0.990249
vt 0.241960004 0.786019996
vt 0.176229 0.813223004
vt 0.231531993 0.785059005
vt 0.236761004 0.789298996
vt 0.399049014 0.320650995
vt 0.414784998 0.315114975
vt 0.404237002 0.329268992
vt 0.413215011 0.301232994
vt 0.135175005 0.884856001
vt 0.244620994 0.774263993
vt 0.251630008 0.777952999
vt 0.234883994 0.773994997
vt 0.259483993 0.792970002
vt 0.258244008 0.776961997
vt 0.263595998 0.771236002
vt 0.26275 0.764262006
vt 0.274805009 0.778960004
vt 0.156632006 0.828116998
vt 0.406518012 0.342545986
vt 0.394363999 0.338405013
vt 0.133835003 0.866769001
vt 0.174107 0.951103002
vt 0.187918007 0.946249001
vt 0.125395998 0.891547002
vt 0.126018003 0.879035003
vt 0.391710013 0.363372982
vt 0.188739002 0.958542001
vt 0.384754002 0.355898023
vt 0.278988987 0.816136003
vt 0.126315996 0.858734995
vt 0.185379997 0.969102999
vt 0.161422998 0.959580999
vt 0.272370994 0.808768004
vt 0.407588989 0.213787019
vt 0.408650994 0.202145994
vt 0.42612499 0.199379981
vt 0.408798009 0.226921976
vt 0.430043012 0.218842983
vt 0.224557996 0.969786
vt 0.211192995 0.974814
vt 0.216722995 0.959488001
vt 0.247677997 0.967344001
vt 0.234424993 0.956179
vt 0.242118001 0.928839996
vt 0.292966992 0.813038006
vt 0.214059994 0.913479999
vt 0.207712993 0.89649
vt 0.216502994 0.898783997
vt 0.288365006 0.802324995
vt 0.211897001 0.929661997
vt 0.232289001 0.920570999
vt 0.231434003 0.907682002
vt 0.155591995 0.927934997
vt 0.227744997 0.960154001
vt 0.27274999 0.800705001
vt 0.271872014 0.789444998
vt 0.159143999 0.945691999
vt 0.147168994 0.943757001
vt 0.236125007 0.981797
vt 0.231742993 0.974305
vt 0.225978002 0.896664001
vt 0.256101012 0.980823999
vt 0.222527996 0.980928
vt 0.289534986 0.781777993
vt 0.203282997 0.963392999
vt 0.207792997 0.943822999
vt 0.239654005 0.942935999
vt 0.223189995 0.932324
vt 0.135318995 0.917209998
vt 0.141081005 0.926123999
vt 0.243527994 0.850134
vt 0.426486999 0.249197006
vt 0.431739002 0.253408015
vt 0.421739995 0.258037984
vt 0.429571986 0.267755985
vt 0.410250008 0.262437999
vt 0.414431989 0.251569986
vt 0.422454 0.240924001
vt 0.119874999 0.924434997
vt 0.233924001 0.860626996
vt 0.427587986 0.280721009
vt 0.417827994 0.269406974
vt 0.229275003 0.868572995
vt 0.243760005 0.867861003
vt 0.237099007 0.866198003
vt 0.246022999 0.989756
vt 0.139658004 0.940207001
vt 0.417331994 0.284295022
vt 0.408069998 0.268712997
vt 0.408326 0.280613005
vt 0.400642991 0.288797975
vt 0.141418993 0.953860998
vt 0.194011003 0.975346001
vt 0.202620998 0.976090999
vt 0.411848009 0.181509972
vt 0.412661999 0.159367025
vt 0.421627998 0.169731975
vt 0.404426008 0.169144988
vt 0.222068995 0.869313002
vt 0.226871997 0.876666002
vt 0.211776003 0.889307
vt 0.226143003 0.885254003
vt 0.214392006 0.880286001
vt 0.128174007 0.941473
vt 0.206954002 0.888219997
vt 0.209693 0.877247997
vt 0.116662003 0.907992996
vt 0.217801005 0.875177003
vt 0.257304013 0.990703
vt 0.422165006 0.299875975
vt 0.239216998 0.882068999
vt 0.234036997 0.872755006
vt 0.196692005 0.887621999
vt 0.189380005 0.895291001
vt 0.199071005 0.902709
vt 0.0781449974 0.879666001
vt 0.0964550003 0.880052
vt 0.0891589969 0.897725999
vt 0.0795530006 0.904253997
vt 0.0692569986 0.895470999
vt 0.183556005 0.881829999
vt 0.213762 0.861031994
vt 0.110448003 0.887368001
vt 0.116324 0.860346004
vt 0.108617999 0.868028998
vt 0.208460003 0.867359996
vt 0.0900589973 0.867756993
vt 0.271822989 0.856480002
vt 0.275608987 0.853668004
vt 0.0976039991 0.913690999
vt 0.282157987 0.863892004
vt 0.262858987 0.858814999
vt 0.267966002 0.858623996
vt 0.277410001 0.860947996
vt 0.28354001 0.856834993
vt 0.291806012 0.857343003
vt 0.294831991 0.853890002
vt 0.288085014 0.861213997
vt 0.300305992 0.863354996
vt 0.294762999 0.865152001
vt 0.343495011 0.472872972
vt 0.343008012 0.462799013
vt 0.363404989 0.472212017
vt 0.352542996 0.484992027
vt 0.316579998 0.480850995
vt 0.322268993 0.488783002
vt 0.311174989 0.487555027
vt 0.308028013 0.864207
vt 0.33365801 0.483790994
vt 0.39726001 0.842484996
vt 0.388680011 0.853102997
vt 0.375070989 0.852447003
vt 0.298866987 0.499476016
vt 0.311875999 0.507369995
vt 0.397659987 0.849650994
vt 0.317423999 0.878275
vt 0.325854987 0.473912001
vt 0.322540998 0.897376999
vt 0.310458004 0.898038
vt 0.33681199 0.450312018
vt 0.357576013 0.445370972
vt 0.331562996 0.883302003
vt 0.326709986 0.461447001
vt 0.341372013 0.802238002
vt 0.333793014 0.813346997
vt 0.332305998 0.806444004
vt 0.298940003 0.483069003
vt 0.345068008 0.823583007
vt 0.335364014 0.821548
vt 0.342301011 0.810958996
vt 0.316630989 0.957056999
vt 0.299890995 0.468858004
vt 0.311646998 0.973733
vt 0.327428013 0.969582001
vt 0.350365013 0.811259001
vt 0.290183008 0.492955983
vt 0.285578996 0.482493997
vt 0.316967994 0.983787
vt 0.342456013 0.866156995
vt 0.323929995 0.862505004
vt 0.299816012 0.620294988
vt 0.294710994 0.630344987
vt 0.289187998 0.630275995
vt 0.292845994 0.635398
vt 0.389396012 0.380746007
vt 0.388754994 0.401962996
vt 0.373302996 0.392774999
vt 0.38015601 0.406117976
vt 0.274854004 0.505418003
vt 0.29498899 0.613536
vt 0.307152003 0.990278
vt 0.286466986 0.619491994
vt 0.350266993 0.879037999
vt 0.26898101 0.506651998
vt 0.332419008 0.899933003
vt 0.377604008 0.373700023
vt 0.277687997 0.605076998
vt 0.37530899 0.344740987
vt 0.368580997 0.818221003
vt 0.358271986 0.810427994
vt 0.343677998 0.894184999
vt 0.36423701 0.376133978
vt 0.282281995 0.488797009
vt 0.37094 0.361149013
vt 0.364639014 0.833241999
vt 0.279157996 0.496384025
vt 0.288278997 0.584794015
vt 0.301328003 0.592139006
vt 0.366052002 0.378612995
vt 0.360823989 0.389002025
vt 0.27452001 0.491640985
vt 0.272172004 0.495370984
vt 0.355744004 0.378749013
vt 0.279199988 0.593163013
vt 0.348553002 0.387929976
vt 0.352315009 0.402007997
vt 0.34691301 0.380029023
vt 0.263664991 0.495844007
vt 0.32695201 0.953557
vt 0.360888004 0.887305997
vt 0.389717996 0.410759985
vt 0.379599005 0.417861998
vt 0.281426996 0.530263007
vt 0.289682001 0.54430899
vt 0.268617004 0.539285988
vt 0.27591899 0.637331992
vt 0.364663988 0.418112993
vt 0.374522001 0.428165972
vt 0.275765985 0.622074991
vt 0.271319985 0.554726988
vt 0.304610997 0.830428004
vt 0.317124009 0.814550996
vt 0.261292994 0.543967009
vt 0.319849998 0.832101002
vt 0.269917011 0.616010994
vt 0.269573987 0.636036992
vt 0.256989002 0.624619991
vt 0.36332801 0.432240009
vt 0.353747994 0.419553995
vt 0.348010004 0.437173009
vt 0.36560601 0.43957901
vt 0.31071499 0.804414004
vt 0.271685004 0.523918003
vt 0.297809988 0.799128994
vt 0.262039006 0.612599999
vt 0.259597003 0.52867499
vt 0.342550009 0.417311013
vt 0.314951986 0.789380997
vt 0.328238994 0.437511981
vt 0.261373013 0.599424005
vt 0.239282995 0.549075991
vt 0.251044005 0.559100986
vt 0.326474994 0.801437005
vt 0.247281 0.536327004
vt 0.321227998 0.445860982
vt 0.266638994 0.583041012
vt 0.250515997 0.582812011
vt 0.296252996 0.562364012
vt 0.306906998 0.573897004
vt 0.311459988 0.432268023
vt 0.326979995 0.791510999
vt 0.336483002 0.796461999
vt 0.234309003 0.522242993
vt 0.277788013 0.569963008
vt 0.299479008 0.786944002
vt 0.298736006 0.778117999
vt 0.344821006 0.394618988
vt 0.310490012 0.781121001
vt 0.333521008 0.400457025
vt 0.259112 0.504027992
vt 0.257589012 0.513880014
vt 0.316816986 0.402725995
vt 0.325313002 0.42288202
vt 0.282640994 0.771780998
vt 0.275934011 0.766984001
vt 0.306645006 0.545931011
vt 0.269910991 0.682397991
vt 0.263000995 0.688955992
vt 0.270720989 0.671736002
vt 0.312575012 0.41318202
vt 0.297711998 0.538762003
vt 0.311659008 0.532166988
vt 0.257248014 0.496224999
vt 0.288085014 0.648074001
vt 0.284637004 0.658805996
vt 0.282927006 0.645639002
vt 0.275799006 0.65616399
vt 0.300953001 0.430458009
vt 0.282254994 0.558766991
vt 0.241953 0.501356006
vt 0.263314009 0.655290008
vt 0.310452014 0.46014303
vt 0.25565201 0.671866
vt 0.280164003 0.64061901
vt 0.29559201 0.45292002
vt 0.299948007 0.443117976
vt 0.290064007 0.433964014
vt 0.288884014 0.441887975
vt 0.267475992 0.570951015
vt 0.300935 0.854996994
vt 0.222684994 0.519773006
vt 0.306636006 0.853619993
vt 0.213547006 0.505082995
vt 0.306809992 0.848837003
vt 0.298503995 0.416243017
vt 0.298171014 0.837136
vt 0.307541013 0.841012001
vt 0.311857998 0.836501002
vt 0.320805997 0.852902994
vt 0.324597001 0.841979995
vt 0.258828014 0.568307012
vt 0.333344012 0.498629987
vt 0.335014999 0.512764007
vt 0.327363014 0.515758008
vt 0.283351004 0.476014018
vt 0.324404001 0.530786008
vt 0.246689007 0.571141005
vt 0.283894986 0.463029027
vt 0.27343899 0.465003014
vt 0.309592992 0.924275003
vt 0.321341991 0.919982001
vt 0.334749997 0.855712995
vt 0.272320986 0.486774981
vt 0.299010009 0.518373996
vt 0.320455998 0.939162999
vt 0.26215899 0.472341001
vt 0.327499986 0.928319
vt 0.263188988 0.488104999
vt 0.343695998 0.839153007
vt 0.256812006 0.488206029
vt 0.348619998 0.861163005
vt 0.333407998 0.911948003
vt 0.261891007 0.457391977
vt 0.347463995 0.918240003
vt 0.251911998 0.47784698
vt 0.250665009 0.470322013
vt 0.277249992 0.449711025
vt 0.340837985 0.929105997
vt 0.280142993 0.437268019
vt 0.32316801 0.821588993
vt 0.32861501 0.832549006
vt 0.358204991 0.921250999
vt 0.272778004 0.441407979
vt 0.274473011 0.431047022
vt 0.263491005 0.446099997
vt 0.268094003 0.445766985
vt 0.316076994 0.947932001
vt 0.250995994 0.460937977
vt 0.241275996 0.470008016
vt 0.250250012 0.440927029
vt 0.25040701 0.448913991
vt 0.358639002 0.844825998
vt 0.243376002 0.45104301
vt 0.350297987 0.935585998
vt 0.247112006 0.490785003
vt 0.233429998 0.493972003
vt 0.349004 0.946671002
vt 0.337895989 0.956186
vt 0.235449001 0.476867974
vt 0.378107011 0.444478989
vt 0.223320007 0.476948977
vt 0.357914001 0.903499
vt 0.38182801 0.831798002
vt 0.365566999 0.865977004
vt 0.204328001 0.498072028
vt 0.377640009 0.893670999
vt 0.373169988 0.877880998
vt 0.229276001 0.466206014
vt 0.368537009 0.910056002
vt 0.225492001 0.45946002
vt 0.234384999 0.445568025
vt 0.382892996 0.879205003
vt 0.217830002 0.470013022
vt 0.219954997 0.457138002
vt 0.209030002 0.462669015
vt 0.385780007 0.872582003
vt 0.373834014 0.46133697
vt 0.195339993 0.486464024
vt 0.195203006 0.462857008
vt 0.191896006 0.476360023
vt 0.0920369998 0.788144007
vt 0.103428997 0.781798005
vt 0.103001997 0.790344
vt 0.103047997 0.798289001
vt 0.0926349983 0.795558006
vt 0.0807439983 0.792053998
vt 0.0855600014 0.797349006
vt 0.0936949998 0.773155004
vt 0.107042998 0.772777006
vt 0.171782002 0.803641006
vt 0.162441999 0.812860996
vt 0.159229994 0.797294006
vt 0.086811997 0.725062013
vt 0.0952119976 0.735128999
vt 0.0892419964 0.744902998
vt 0.0840580016 0.782224998
vt 0.187102005 0.724316001
vt 0.189064994 0.732694
vt 0.176806003 0.728987992
vt 0.199600995 0.729344994
vt 0.0785479993 0.732569009
vt 0.189365 0.715692997
vt 0.199199006 0.723230004
vt 0.148541003 0.815594003
vt 0.0833790004 0.768549994
vt 0.0962430015 0.766727
vt 0.0987529978 0.753178
vt 0.0800189972 0.758759007
vt 0.0768690035 0.742361009
vt 0.169419006 0.722663999
vt 0.0677350014 0.74792701
vt 0.176767007 0.717119008
vt 0.0778009966 0.787733003
vt 0.0731189996 0.764016002
vt 0.0754690021 0.782064006
vt 0.0616989993 0.740134001
vt 0.0690699965 0.733006001
vt 0.0949610025 0.725095004
vt 0.196666002 0.707255006
vt 0.194114998 0.694801003
vt 0.203006998 0.697941005
vt 0.0644299984 0.728534013
vt 0.0766090006 0.723805994
vt 0.0639280006 0.882019997
vt 0.0733689964 0.86846
vt 0.0533410013 0.864966005
vt 0.140030995 0.795503005
vt 0.136859 0.801971003
vt 0.210166007 0.718364
vt 0.097126998 0.849250004
vt 0.0896719992 0.717023998
vt 0.147264004 0.788255006
vt 0.215942994 0.698468
vt 0.0781309977 0.717501998
vt 0.179027006 0.703460991
vt 0.0821430013 0.705471009
vt 0.0980279967 0.713598996
vt 0.085082002 0.712018013
vt 0.0991450027 0.707049012
vt 0.0933030024 0.700334013
vt 0.0808459967 0.851115003
vt 0.0915630013 0.833422005
vt 0.0990360007 0.826561004
vt 0.0720719993 0.711939991
vt 0.179322004 0.689911991
vt 0.0925780013 0.819927007
vt 0.0764300004 0.837179005
vt 0.0750830024 0.820088997
vt 0.159821004 0.720203996
vt 0.160067007 0.710857987
vt 0.132916003 0.777880996
vt 0.170338005 0.706025004
vt 0.145606995 0.777787
vt 0.0683500022 0.851769
vt 0.0747769997 0.698208004
vt 0.203815997 0.788075
vt 0.165849999 0.696110994
vt 0.189860001 0.789734006
vt 0.194269001 0.788202003
vt 0.219569996 0.776204005
vt 0.108814001 0.711605012
vt 0.126677006 0.704483002
vt 0.115737997 0.716940999
vt 0.210831001 0.782821998
vt 0.0477919988 0.848924994
vt 0.0593289994 0.824672997
vt 0.112241998 0.695201993
vt 0.107006997 0.702311009
vt 0.164059997 0.685169011
vt 0.178137004 0.677789986
vt 0.199674994 0.779655993
vt 0.178910002 0.738168001
vt 0.195858002 0.739677995
vt 0.186240003 0.741827011
vt 0.175185993 0.742958009
vt 0.0725340024 0.808091
vt 0.0896269977 0.808862001
vt 0.208964005 0.776033998
vt 0.213312 0.769669995
vt 0.207771003 0.767694995
vt 0.0744889975 0.793833002
vt 0.0652780011 0.805416003
vt 0.159177005 0.731507987
vt 0.202948004 0.769823998
vt 0.0965640023 0.693493009
vt 0.205861002 0.763558999
vt 0.185176998 0.800038993
vt 0.100386001 0.681308001
vt 0.0594529994 0.796170995
vt 0.142386004 0.722986996
vt 0.115211003 0.685222
vt 0.124710999 0.690715998
vt 0.0504969992 0.813419998
vt 0.174146995 0.793427005
vt 0.180225 0.787904993
vt 0.148304999 0.706611007
vt 0.116440997 0.674365997
vt 0.0639299974 0.772848994
vt 0.0496859998 0.775457993
vt 0.0629390031 0.787489995
vt 0.123750001 0.673741996
vt 0.126913995 0.680391014
vt 0.132696003 0.671564013
vt 0.126305997 0.669560999
vt 0.124044999 0.664958
vt 0.0523069985 0.781083003
vt 0.191282004 0.775176004
vt 0.108415 0.666548997
vt 0.196177006 0.779960006
vt 0.0474720001 0.794044003
vt 0.145788997 0.69490099
vt 0.120008998 0.731348991
vt 0.136167005 0.736317992
vt 0.127600998 0.745002002
vt 0.124430999 0.722144008
vt 0.163460001 0.783887997
vt 0.0456419997 0.831165001
vt 0.139598995 0.711178988
vt 0.172186002 0.778726995
vt 0.0962340012 0.670756996
vt 0.187300995 0.769103006
vt 0.0929820016 0.653239012
vt 0.0404080003 0.813486993
vt 0.0394239984 0.802458003
vt 0.0803370029 0.693774998
vt 0.0824239999 0.687842011
vt 0.153016001 0.772539005
vt 0.165811002 0.765352994
vt 0.173572004 0.767453998
vt 0.0262369998 0.802939996
vt 0.0331260003 0.791722998
vt 0.132923007 0.69769299
vt 0.157264993 0.766876996
vt 0.087530002 0.677780002
vt 0.0307780001 0.773626
vt 0.114188001 0.764944002
vt 0.125920996 0.762336999
vt 0.186225995 0.759582996
vt 0.0669540018 0.687581003
vt 0.111465 0.755300999
vt 0.119154997 0.754335999
vt 0.199286997 0.761546999
vt 0.203909993 0.758787006
vt 0.19777 0.755105004
vt 0.0768470019 0.675936997
vt 0.170109004 0.759619996
vt 0.114845 0.741677999
vt 0.181589007 0.749155998
vt 0.162560999 0.750643998
vt 0.0781729966 0.657860011
vt 0.227982 0.778026998
vt 0.225088 0.769639
vt 0.0580990016 0.761234
vt 0.160175994 0.678413004
vt 0.142624006 0.682511002
vt 0.238233 0.764792994
vt 0.247854993 0.770897001
vt 0.144862995 0.675512999
vt 0.227304995 0.755146995
vt 0.226980999 0.761041
vt 0.223563001 0.755328998
vt 0.0515329987 0.74634099
vt 0.0402050018 0.759033993
vt 0.234072 0.767618999
vt 0.215797007 0.766870007
vt 0.225961 0.766409993
vt 0.217519 0.761635005
vt 0.218911007 0.756751999
vt 0.236422002 0.762695998
vt 0.138034999 0.67166701
vt 0.0131099997 0.760176003
vt 0.232296005 0.756280005
vt 0.224912003 0.731622994
vt 0.230221003 0.722894996
vt 0.233168006 0.72736001
vt 0.106392004 0.735381991
vt 0.252508998 0.762707993
vt 0.244756997 0.759605005
vt 0.0458929986 0.735087991
vt 0.0552509986 0.718751013
vt 0.257795006 0.693165004
vt 0.246393993 0.70876199
vt 0.247418001 0.688825011
vt 0.126166999 0.836924002
vt 0.0401040018 0.723621011
vt 0.240533993 0.716203004
vt 0.234132007 0.722716987
vt 0.230847001 0.719076008
vt 0.237423003 0.705875993
vt 0.107248001 0.726493001
vt 0.136163995 0.816520005
vt 0.104603998 0.719428986
vt 0.052933 0.701768994
vt 0.224896997 0.716369003
vt 0.128376007 0.821234003
vt 0.0977580026 0.719561011
vt 0.214130998 0.752177998
vt 0.221274003 0.742578
vt 0.214050993 0.744367987
vt 0.219199002 0.737718999
vt 0.223544002 0.738350987
vt 0.217767 0.733889997
vt 0.216581002 0.729312986
vt 0.213323995 0.738377988
vt 0.201031998 0.751791999
vt 0.209034994 0.746731997
vt 0.125753999 0.808170006
vt 0.208472997 0.755511999
vt 0.209615007 0.741535991
vt 0.118901998 0.819056004
vt 0.204809994 0.742022991
vt 0.0376680009 0.746610999
vt 0.113761999 0.804388002
vt 0.207608998 0.73506701
vt 0.199077994 0.739831001
vt 0.111319996 0.820313007
vt 0.210329995 0.722687006
vt 0.0192540009 0.752247006
vt 0.201221004 0.733431995
vt 0.0227249991 0.733603001
vt 0.230204001 0.701694995
vt 0.215991005 0.716260999
vt 0.122481003 0.790068001
vt 0.216383994 0.719987005
vt 0.217832997 0.724574
vt 0.112061001 0.846571997
vt 0.0267360006 0.712422997
vt 0.111040004 0.833164006
vt 0.0387520008 0.692580998
vt 0.196061 0.746390998
vt 0.188931003 0.746013999
vt 0.0126879998 0.717040986
vt 0.0288379993 0.696296006
vt 0.0168689992 0.701584995
vt 0.105936997 0.810450003
vt 0.157685995 0.756830007
vt 0.150362 0.753796995
vt 0.0468479991 0.675673991
vt 0.135332003 0.765484005
vt 0.140621006 0.757384002
vt 0.0626000017 0.673359007
vt 0.145006999 0.748171985
vt 0.122059003 0.778640002
vt 0.166577995 0.740756989
vt 0.166557997 0.747900009
vt 0.0627430007 0.65614
vt 0.152324006 0.745487988
vt 0.114534996 0.792312995
vt 0.0515360013 0.654987991
vt 0.153527007 0.734941006
vt 0.0266299993 0.681387007
vt 0.0356159993 0.667396992
vt 0.0501819998 0.643034011
vt 0.041122999 0.643923014
vt 0.0198149998 0.657344997
vt 0.0254250001 0.641286999
vt 0.251998991 0.680943012
vt 0.0938839987 0.629188001
vt 0.0981260017 0.640819997
vt 0.0887819976 0.642138988
vt 0.0777700022 0.632474005
vt 0.185329005 0.598268986
vt 0.192095995 0.607436001
vt 0.176358998 0.603282005
vt 0.202254996 0.596435994
vt 0.184203997 0.586454004
vt 0.241527006 0.676889986
vt 0.232670993 0.681169987
vt 0.091831997 0.607796013
vt 0.100156002 0.61808601
vt 0.184052005 0.548234999
vt 0.199496001 0.548763007
vt 0.191698 0.563129991
vt 0.177970007 0.553750008
vt 0.244687006 0.664335012
vt 0.25237 0.648930013
vt 0.257831991 0.638868004
vt 0.193283007 0.620689988
vt 0.193152994 0.62439099
vt 0.184278995 0.630616993
vt 0.183671996 0.624170005
vt 0.187304005 0.618234992
vt 0.173682004 0.624457002
vt 0.232311994 0.670699
vt 0.142458007 0.608693004
vt 0.162395999 0.605179995
vt 0.154934004 0.61996901
vt 0.187178001 0.61243999
vt 0.134654999 0.61738199
vt 0.178492993 0.615648001
vt 0.240657002 0.648782998
vt 0.221947998 0.661428005
vt 0.180243999 0.529487014
vt 0.192965999 0.536913007
vt 0.172153994 0.615888
vt 0.150474995 0.596688002
vt 0.176965997 0.642661005
vt 0.184155002 0.646665007
vt 0.167906001 0.534101009
vt 0.165124997 0.628643006
vt 0.164461002 0.548041999
vt 0.176603004 0.651391
vt 0.143658996 0.636794001
vt 0.127921 0.625461012
vt 0.226898998 0.649495006
vt 0.166641995 0.557168007
vt 0.160584003 0.578868002
vt 0.152737007 0.571579993
vt 0.224243999 0.685238004
vt 0.115835004 0.617799997
vt 0.126738995 0.602488995
vt 0.223832995 0.677112013
vt 0.150451005 0.559220999
vt 0.213282004 0.684848011
vt 0.218834996 0.668967009
vt 0.205340996 0.678802997
vt 0.144583002 0.575673014
vt 0.237983003 0.641178995
vt 0.151811004 0.545015991
vt 0.208698004 0.654114008
vt 0.246316001 0.634820014
vt 0.248545006 0.613139987
vt 0.112235002 0.629283994
vt 0.128519997 0.563959002
vt 0.245488003 0.598664999
vt 0.234472007 0.585411996
vt 0.230602995 0.638309002
vt 0.240255997 0.622400999
vt 0.231601998 0.569590002
vt 0.111184999 0.599168003
vt 0.121523 0.590422988
vt 0.212669 0.515168011
vt 0.134937003 0.584946007
vt 0.147878006 0.588360012
vt 0.202306002 0.514146
vt 0.210001007 0.524010003
vt 0.195276007 0.519160986
vt 0.231924996 0.604602009
vt 0.195649996 0.506164014
vt 0.220822006 0.54796201
vt 0.220230997 0.581274003
vt 0.192856997 0.496416986
vt 0.231811002 0.629902989
vt 0.185826004 0.507039994
vt 0.180728003 0.501877993
vt 0.228553995 0.619801015
vt 0.219628006 0.560036004
vt 0.180189997 0.522536993
vt 0.225494996 0.626787007
vt 0.221265003 0.636772007
vt 0.124361999 0.576182008
vt 0.212770998 0.632541001
vt 0.209085003 0.616149992
vt 0.179812998 0.512540013
vt 0.220111996 0.614782006
vt 0.204321995 0.603302985
vt 0.201924995 0.583200991
vt 0.219260007 0.599896014
vt 0.208663002 0.605531991
vt 0.171853006 0.512717009
vt 0.170091003 0.517075986
vt 0.173204005 0.500546992
vt 0.209099993 0.565445006
vt 0.101288997 0.602557003
vt 0.190027997 0.489850998
vt 0.180163994 0.480576992
vt 0.185928002 0.493001997
vt 0.149260998 0.664970011
vt 0.162 0.667196989
vt 0.145151004 0.669275999
vt 0.158861995 0.506090999
vt 0.190007001 0.681865007
vt 0.204058006 0.66416201
vt 0.158613995 0.656087011
vt 0.165537998 0.486622989
vt 0.188724995 0.671851009
vt 0.160980999 0.491361022
vt 0.0799589977 0.615076989
vt 0.141367003 0.664324999
vt 0.208003998 0.644618988
vt 0.199096993 0.646216005
vt 0.190754995 0.661118001
vt 0.137674004 0.666379005
vt 0.0634299964 0.609297991
vt 0.145254999 0.659355015
vt 0.190788001 0.645137995
vt 0.0825870037 0.596949995
vt 0.132820994 0.657972991
vt 0.125680998 0.659588009
vt 0.137112007 0.654468
vt 0.168437004 0.654118001
vt 0.164083004 0.643703014
vt 0.0624150001 0.599514991
vt 0.175055996 0.666240007
vt 0.154691994 0.640253991
vt 0.163062006 0.521025002
vt 0.159095004 0.529857993
vt 0.186643004 0.654428005
vt 0.107804 0.566354007
vt 0.104782999 0.575581014
vt 0.187221006 0.636862993
vt 0.154191002 0.513476014
vt 0.133971006 0.643458009
vt 0.152493998 0.526152998
vt 0.144739002 0.531897008
vt 0.129905 0.648429006
vt 0.149465993 0.518685013
vt 0.108746 0.549573988
vt 0.133399993 0.551367015
vt 0.202663004 0.636032999
vt 0.0977300033 0.586867988
vt 0.202364996 0.622934014
vt 0.136360005 0.536449999
vt 0.193221003 0.630131006
vt 0.171720996 0.585135013
vt 0.165131003 0.591425002
vt 0.120065004 0.532225013
vt 0.0802209973 0.578377992
vt 0.0900150016 0.572991014
vt 0.194101006 0.613709003
vt 0.198668003 0.609245986
vt 0.134827003 0.521818012
vt 0.134498999 0.508121997
vt 0.146110997 0.50643599
vt 0.0961669981 0.553694993
vt 0.153892994 0.488664985
vt 0.0784749985 0.561457992
vt 0.0945729986 0.546186
vt 0.0799219981 0.54123199
vt 0.0935290009 0.521396995
vt 0.220814005 0.533044994
vt 0.0670669973 0.579638988
vt 0.107865997 0.519320011
vt 0.121221997 0.511527002
vt 0.205182999 0.537954003
vt 0.0670640022 0.558943003
vt 0.206700996 0.557069987
vt 0.0447469987 0.587655991
vt 0.0699860007 0.644775987
vt 0.115538999 0.662122011
vt 0.111059003 0.652711987
vt 0.120287001 0.647078991
vt 0.0624619983 0.63569501
vt 0.111867003 0.64399001
vt 0.0513009988 0.628913999
vt 0.100302003 0.649957001
vt 0.123052001 0.636667997
vt 0.0302530006 0.632317007
vt 0.0376479998 0.62223801
vt 0.0470959991 0.61145699
vt 0.180729002 0.568583012
vt 0.102939002 0.532871991
vt 0.238845006 0.262104988
vt 0.25553599 0.253795028
vt 0.257683009 0.262485981
vt 0.274684012 0.259739995
vt 0.272417992 0.249610007
vt 0.246653005 0.243553996
vt 0.232214004 0.245464981
vt 0.230809003 0.239934027
vt 0.275543004 0.287337005
vt 0.289680988 0.275119007
vt 0.29470399 0.292178988
vt 0.255934 0.245141029
vt 0.235620007 0.252901971
vt 0.27560401 0.270711005
vt 0.259508014 0.271158993
vt 0.278124005 0.277500987
vt 0.292044014 0.256614983
vt 0.296380013 0.268154025
vt 0.220823005 0.253418028
vt 0.249515995 0.267196
vt 0.217205003 0.241949022
vt 0.251462013 0.222518027
vt 0.258264005 0.230688989
vt 0.226791993 0.231803
vt 0.217396006 0.224668026
vt 0.212904006 0.235551
vt 0.238784 0.213708997
vt 0.245324999 0.20727098
vt 0.273270011 0.240837991
vt 0.269562006 0.233374
vt 0.291927993 0.246212006
vt 0.229663998 0.216988981
vt 0.276717991 0.219398975
vt 0.208876997 0.22269398
vt 0.219874993 0.205147028
vt 0.265289009 0.28056401
vt 0.208791003 0.201861978
vt 0.199965999 0.21677798
vt 0.190307006 0.227035999
vt 0.340314001 0.279142022
vt 0.349877 0.279586017
vt 0.348569006 0.291836023
vt 0.332118005 0.185863972
vt 0.340557009 0.179513991
vt 0.344680995 0.19352299
vt 0.286027014 0.234323025
vt 0.341924012 0.266434014
vt 0.336142004 0.20363301
vt 0.332130015 0.265949011
vt 0.333317012 0.279830992
vt 0.326593995 0.199006021
vt 0.337155998 0.289888978
vt 0.333734989 0.168025017
vt 0.350787014 0.179440022
vt 0.269811004 0.211739004
vt 0.287555009 0.209223986
vt 0.344247013 0.309984028
vt 0.348378003 0.298991024
vt 0.353801012 0.314318001
vt 0.324326009 0.178413987
vt 0.317990988 0.175607979
vt 0.385434985 0.202966988
vt 0.386783987 0.215870976
vt 0.335197985 0.299259007
vt 0.329860002 0.30805701
vt 0.306567013 0.241488993
vt 0.312815011 0.253775001
vt 0.319270015 0.187991977
vt 0.385217011 0.228055
vt 0.321833014 0.289250016
vt 0.356552005 0.136638999
vt 0.355031997 0.155645013
vt 0.345308989 0.135885
vt 0.339940995 0.152032971
vt 0.347398996 0.162898004
vt 0.319853991 0.299714983
vt 0.322587013 0.315904975
vt 0.311401993 0.309376001
vt 0.332480013 0.137885988
vt 0.331550002 0.122021973
vt 0.373901993 0.203907013
vt 0.367677003 0.217091024
vt 0.300484002 0.232758999
vt 0.352005988 0.216935992
vt 0.362830013 0.204050004
vt 0.30369699 0.299161971
vt 0.308418006 0.284753025
vt 0.323798001 0.146615982
vt 0.346572995 0.119370997
vt 0.321440995 0.273186982
vt 0.339536995 0.110885024
vt 0.379628986 0.317323029
vt 0.376415014 0.306396008
vt 0.391606003 0.303179979
vt 0.319115996 0.105883002
vt 0.322979987 0.26256001
vt 0.311834008 0.265219986
vt 0.324402988 0.134775996
vt 0.380160004 0.333528996
vt 0.318675995 0.125512004
vt 0.322302014 0.164268017
vt 0.316552013 0.153755009
vt 0.37172401 0.331726015
vt 0.364980996 0.32684797
vt 0.306607008 0.171730995
vt 0.362695009 0.31468302
vt 0.305586994 0.182973027
vt 0.386739999 0.182610989
vt 0.397989988 0.190576017
vt 0.301447004 0.157814026
vt 0.359768003 0.33427
vt 0.313544989 0.14072597
vt 0.35037601 0.331799984
vt 0.308878005 0.131489992
vt 0.404769003 0.256807029
vt 0.297423005 0.147288024
vt 0.395574003 0.243855
vt 0.389973015 0.162203014
vt 0.291357994 0.141031027
vt 0.37726 0.174817026
vt 0.386372 0.246587992
vt 0.381686002 0.150395989
vt 0.390064001 0.137880981
vt 0.342146993 0.225512028
vt 0.348809987 0.208905995
vt 0.403310001 0.271582007
vt 0.337215006 0.213643014
vt 0.397967011 0.279561996
vt 0.36837399 0.182703972
vt 0.302980989 0.195424974
vt 0.293240994 0.182305992
vt 0.327152997 0.222320974
vt 0.327508986 0.232324004
vt 0.293752998 0.201294005
vt 0.327286988 0.21083498
vt 0.37707299 0.193315983
vt 0.282276005 0.189293027
vt 0.387813002 0.265643001
vt 0.278230995 0.202573001
vt 0.310357004 0.202857971
vt 0.38528201 0.288281977
vt 0.317710012 0.219672024
vt 0.36055699 0.19353199
vt 0.378621995 0.275206983
vt 0.312927008 0.228559971
vt 0.32100001 0.241645992
vt 0.276466012 0.177905023
vt 0.37104699 0.162447989
vt 0.310501009 0.192974985
vt 0.270071 0.187843978
vt 0.29113701 0.163118005
vt 0.272457987 0.16714102
vt 0.358287007 0.170035005
vt 0.365772992 0.137970984
vt 0.369940996 0.0917379856
vt 0.360480011 0.0963929892
vt 0.362554997 0.0820599794
vt 0.380257994 0.252322018
vt 0.405880004 0.137639999
vt 0.394391 0.119781017
vt 0.38124001 0.117154002
vt 0.375301987 0.128004014
vt 0.359952986 0.11759001
vt 0.299405009 0.170108974
vt 0.378192008 0.103532016
vt 0.261651009 0.20036
vt 0.368324012 0.258817017
vt 0.365146011 0.278569996
vt 0.365280002 0.271385014
vt 0.282983005 0.151064992
vt 0.369305998 0.264396012
vt 0.368523985 0.246294975
vt 0.358922988 0.253009975
vt 0.253408015 0.195447028
vt 0.305119008 0.21211499
vt 0.352382988 0.106794
vt 0.300612986 0.212548018
vt 0.264995992 0.174431026
vt 0.379795015 0.236720979
vt 0.259047002 0.162433028
vt 0.253607988 0.177112997
vt 0.370270997 0.227530003
vt 0.371868014 0.237733006
vt 0.293334991 0.222922981
vt 0.30302 0.201656997
vt 0.239172995 0.178061008
vt 0.230748996 0.179417014
vt 0.368050992 0.284195006
vt 0.37024501 0.290920973
vt 0.36195299 0.302753985
vt 0.35957399 0.292909026
vt 0.357428014 0.279515028
vt 0.233959004 0.200305998
vt 0.226463005 0.190039992
vt 0.358345985 0.260811985
vt 0.352867991 0.259702027
vt 0.347176999 0.253217995
vt 0.360783011 0.234821975
vt 0.357461005 0.242639005
vt 0.352008998 0.225268006
vt 0.349945009 0.235786974
vt 0.341522992 0.234812021
vt 0.344511986 0.244063973
vt 0.338885009 0.257517993
vt 0.329082996 0.24664402
vt 0.332556009 0.254061997
vt 0.159795001 0.266574025
vt 0.172087997 0.265872002
vt 0.165986001 0.272926986
vt 0.222207993 0.326011002
vt 0.220713004 0.30737102
vt 0.230989993 0.320437014
vt 0.209529996 0.316814005
vt 0.158815995 0.255870998
vt 0.171056002 0.25574398
vt 0.270534009 0.297650993
vt 0.218318999 0.331867993
vt 0.210565999 0.335107982
vt 0.284774005 0.31615901
vt 0.28707099 0.301491022
vt 0.296279013 0.315544009
vt 0.228805006 0.340467989
vt 0.220797002 0.348140001
vt 0.259568989 0.294853985
vt 0.249726996 0.284426987
vt 0.159454003 0.323596001
vt 0.161708996 0.314984024
vt 0.168355003 0.313489974
vt 0.212473005 0.350175023
vt 0.147942007 0.261519015
vt 0.148300007 0.268893003
vt 0.284543008 0.324856997
vt 0.240287006 0.287900984
vt 0.204051003 0.352073014
vt 0.200773999 0.338578999
vt 0.251242012 0.316570997
vt 0.253484011 0.310164988
vt 0.265776992 0.318084002
vt 0.231196001 0.331629992
vt 0.262858987 0.304759979
vt 0.146632999 0.250855029
vt 0.158074006 0.243741989
vt 0.244616002 0.29914403
vt 0.26790601 0.328961015
vt 0.28490001 0.333324015
vt 0.132896006 0.262983024
vt 0.133386999 0.255719006
vt 0.195381999 0.336775005
vt 0.198053002 0.325823009
vt 0.166158006 0.326216996
vt 0.162661001 0.340276003
vt 0.231249005 0.314845026
vt 0.243374005 0.321982026
vt 0.233962998 0.304383993
vt 0.173474997 0.318358004
vt 0.265475988 0.348527014
vt 0.275658995 0.360275984
vt 0.266387999 0.364436984
vt 0.218795002 0.295925975
vt 0.206832007 0.296123981
vt 0.270108998 0.338844001
vt 0.179949999 0.338464022
vt 0.203404993 0.307172
vt 0.194339007 0.312294006
vt 0.120746002 0.254592001
vt 0.227985993 0.297448993
vt 0.151811004 0.331933975
vt 0.192809001 0.297526002
vt 0.232485995 0.272077024
vt 0.212246999 0.267938972
vt 0.225792006 0.262341022
vt 0.148646995 0.347769976
vt 0.229912996 0.277602017
vt 0.247426003 0.327952981
vt 0.201995 0.276872993
vt 0.213799 0.274181008
vt 0.210418001 0.291676998
vt 0.195102006 0.265980005
vt 0.194775999 0.278724015
vt 0.191605002 0.27304101
vt 0.200402007 0.29143697
vt 0.252433985 0.340149999
vt 0.192801997 0.290759981
vt 0.196557 0.285097003
vt 0.185690999 0.281877995
vt 0.208618 0.252007008
vt 0.25305599 0.350663006
vt 0.215509996 0.283178985
vt 0.188545004 0.271264017
vt 0.180659994 0.266755998
vt 0.181296006 0.276943028
vt 0.183265999 0.283712029
vt 0.178167 0.279507995
vt 0.181738004 0.271202028
vt 0.254669011 0.358753026
vt 0.175665006 0.271655023
vt 0.195681006 0.248616993
vt 0.190978006 0.347155988
vt 0.187334999 0.332167029
vt 0.180185005 0.353133976
vt 0.239328995 0.343526006
vt 0.186263993 0.260904014
vt 0.169896007 0.356927991
vt 0.196659997 0.235812008
vt 0.158408001 0.357041001
vt 0.238204002 0.355732977
vt 0.238330007 0.363891006
vt 0.187165007 0.240283012
vt 0.190152004 0.292931974
vt 0.186030999 0.295369029
vt 0.178950995 0.300091028
vt 0.181360006 0.29666698
vt 0.178501993 0.294139028
vt 0.171082005 0.300688982
vt 0.169786006 0.275427997
vt 0.185268998 0.315334976
vt 0.176512003 0.232352972
vt 0.183672994 0.251151025
vt 0.231345996 0.367448986
vt 0.174588993 0.244198978
vt 0.165803 0.234917998
vt 0.208397001 0.365777016
vt 0.196914002 0.356949985
vt 0.220010996 0.369660974
vt 0.210564002 0.381081998
vt 0.185833007 0.364319026
vt 0.197246999 0.368214011
vt 0.193836004 0.377543986
vt 0.181292996 0.377892971
vt 0.188433006 0.398396015
vt 0.163929999 0.378311992
vt 0.143719003 0.366645992
vt 0.149188995 0.384075999
vt 0.165368006 0.390394986
vt 0.283205986 0.349048972
vt 0.301369995 0.337095022
vt 0.228746995 0.411297023
vt 0.205419004 0.414600015
vt 0.210281998 0.403837025
vt 0.231628999 0.396187007
vt 0.217883006 0.390825987
vt 0.363986999 0.341022015
vt 0.355558991 0.359013021
vt 0.236171007 0.374267995
vt 0.231562003 0.38577199
vt 0.255089015 0.368526995
vt 0.350930989 0.350875974
vt 0.285735011 0.413125992
vt 0.279338986 0.425374985
vt 0.26978001 0.410263002
vt 0.277067989 0.403473973
vt 0.289626986 0.395550013
vt 0.343704998 0.36887598
vt 0.337583989 0.364703
vt 0.196880996 0.424642026
vt 0.187903002 0.41111201
vt 0.270747989 0.390676975
vt 0.263761014 0.399937987
vt 0.195968002 0.390299976
vt 0.346569985 0.339937985
vt 0.253149003 0.379768014
vt 0.267394006 0.378076971
vt 0.180601001 0.419991016
vt 0.188791007 0.433845997
vt 0.336165994 0.348146975
vt 0.338135004 0.357044995
vt 0.172598004 0.432663023
vt 0.164256006 0.420826972
vt 0.33583799 0.387021005
vt 0.173804 0.404083014
vt 0.157156006 0.41573
vt 0.337680012 0.322120011
vt 0.337058008 0.333350003
vt 0.262309015 0.427525997
vt 0.263215005 0.433668971
vt 0.265433997 0.412940025
vt 0.256902009 0.418453991
vt 0.256525993 0.429476023
vt 0.25593701 0.440432012
vt 0.326499999 0.361886024
vt 0.244464993 0.433830023
vt 0.245229006 0.420630991
vt 0.315542012 0.342504025
vt 0.317171007 0.352829993
vt 0.148521006 0.404872
vt 0.237100005 0.430848002
vt 0.180776998 0.287828982
vt 0.312274992 0.363596976
vt 0.325208008 0.391460001
vt 0.249956995 0.405752003
vt 0.325870007 0.375622988
vt 0.135949999 0.244666994
vt 0.227052003 0.429361999
vt 0.313614011 0.379795015
vt 0.21649 0.429028988
vt 0.307565004 0.388993979
vt 0.225777 0.441727996
vt 0.209893003 0.439305007
vt 0.201147005 0.447429001
vt 0.180418998 0.450300992
vt 0.302915007 0.374532998
vt 0.185298994 0.440487027
vt 0.304228008 0.353127003
vt 0.300092012 0.36096698
vt 0.289876014 0.38478899
vt 0.289775014 0.368619025
vt 0.319754988 0.330680013
vt 0.296505004 0.326867998
vt 0.198284999 0.19648701
vt 0.193737999 0.20935303
vt 0.186651006 0.220641971
vt 0.214696005 0.191160023
vt 0.218816996 0.0668820143
vt 0.228951007 0.0586100221
vt 0.239037007 0.0720610023
vt 0.0550619997 0.875619002
vt 0.203272 0.0708490014
vt 0.210903004 0.0597280264
vt 0.341248006 0.0831429958
vt 0.218950003 0.174082994
vt 0.347139001 0.0703999996
vt 0.242177993 0.0630239844
vt 0.254220992 0.0747609735
vt 0.205652997 0.178651989
vt 0.266981006 0.103846014
vt 0.264400989 0.0821530223
vt 0.274201989 0.094678998
vt 0.189073995 0.062188983
vt 0.192664996 0.041656971
vt 0.188987002 0.0742759705
vt 0.25571999 0.0961070061
vt 0.172567993 0.0647000074
vt 0.237571001 0.0888320208
vt 0.241217002 0.0970020294
vt 0.180942997 0.0509420037
vt 0.214684993 0.154231012
vt 0.227498993 0.165314972
vt 0.205543995 0.157014012
vt 0.266752988 0.116271019
vt 0.253325999 0.118762016
vt 0.237292007 0.114085972
vt 0.32505101 0.0662919879
vt 0.337581992 0.0589780211
vt 0.326912999 0.0769109726
vt 0.193517998 0.086796999
vt 0.322685003 0.0480399728
vt 0.229234993 0.0740510225
vt 0.308171988 0.0420849919
vt 0.208825007 0.0880709887
vt 0.312727004 0.06259799
vt 0.194665 0.173668981
vt 0.195215002 0.157020986
vt 0.300969988 0.0518950224
vt 0.168657005 0.0812960267
vt 0.226961002 0.08998698
vt 0.180428997 0.0922819972
vt 0.329872012 0.0919489861
vt 0.190136999 0.100628018
vt 0.158215001 0.0571600199
vt 0.220553994 0.11094898
vt 0.163396999 0.0409939885
vt 0.210914001 0.103368998
vt 0.189750999 0.192600012
vt 0.181698993 0.186236024
vt 0.147844002 0.0665060282
vt 0.148668006 0.0489439964
vt 0.312846005 0.0757550001
vt 0.241712004 0.123362005
vt 0.164642006 0.0740810037
vt 0.0191329997 0.788429007
vt 0.0124430005 0.770656005
vt 0.293460011 0.0660579801
vt 0.135245994 0.0563300252
vt 0.228609994 0.115969002
vt 0.128107995 0.0764849782
vt 0.116732001 0.0710369945
vt 0.118878998 0.0558369756
vt 0.134354994 0.0830760002
vt 0.303761989 0.0760689974
vt 0.229157001 0.123673975
vt 0.241487995 0.134962976
vt 0.230252996 0.130793989
vt 0.232558995 0.138311028
vt 0.234863997 0.0470309854
vt 0.246723995 0.024616003
vt 0.253868014 0.0415800214
vt 0.217704996 0.0230039954
vt 0.140662 0.084800005
vt 0.313125014 0.0342670083
vt 0.214126006 0.120981991
vt 0.0343069993 0.829870999
vt 0.0326300003 0.820868999
vt 0.171737999 0.0969579816
vt 0.220508993 0.140430987
vt 0.159259006 0.0977900028
vt 0.162588 0.10699898
vt 0.152086005 0.105732977
vt 0.223219007 0.0138279796
vt 0.143182993 0.097778976
vt 0.299216002 0.0293419957
vt 0.285533994 0.0335459709
vt 0.203641996 0.0236189961
vt 0.148435995 0.114440024
vt 0.137210995 0.108434021
vt 0.28858 0.0505809784
vt 0.208269 0.141286016
vt 0.199946001 0.134459019
vt 0.202629998 0.119502008
vt 0.154091999 0.0899860263
vt 0.0258079991 0.814836994
vt 0.195728004 0.00815701485
vt 0.135358006 0.0946270227
vt 0.125458002 0.0923950076
vt 0.265374005 0.0292180181
vt 0.275541008 0.0210639834
vt 0.189018995 0.112564027
vt 0.188485995 0.0214269757
vt 0.182448 0.0069270134
vt 0.279531986 0.134608984
vt 0.287436992 0.130895972
vt 0.261478007 0.0176969767
vt 0.170972005 0.0257409811
vt 0.167477995 0.00927698612
vt 0.269668996 0.141713023
vt 0.254967988 0.149939001
vt 0.224496007 0.0444890261
vt 0.260697991 0.131296992
vt 0.283728987 0.0802249908
vt 0.251832008 0.13292098
vt 0.275509 0.0689629912
vt 0.270844012 0.0485169888
vt 0.177405998 0.0403689742
vt 0.246417999 0.14053297
vt 0.185791999 0.139596999
vt 0.234409004 0.145703018
vt 0.177475005 0.121513009
vt 0.149555996 0.022529006
vt 0.248172998 0.160018027
vt 0.169947997 0.131503999
vt 0.152228996 0.0369330049
vt 0.238626003 0.158012986
vt 0.137489006 0.0326660275
vt 0.259420991 0.0543329716
vt 0.134507 0.0453770161
vt 0.159530997 0.119607985
vt 0.162123993 0.128597975
vt 0.0151140001 0.682709008
vt 0.246467993 0.0533499718
vt 0.0163790006 0.670834005
vt 0.159294993 0.136979997
vt 0.135224 0.0219780207
vt 0.154816002 0.147072017
vt 0.148662999 0.127285004
vt 0.195996001 0.144425988
vt 0.122025996 0.0313879848
vt 0.123412997 0.0199279785
vt 0.107610002 0.0277150273
vt 0.114864998 0.0401570201
vt 0.303941011 0.120404005
vt 0.298626989 0.102994978
vt 0.300880015 0.0947960019
vt 0.181888998 0.158868015
vt 0.161953002 0.16772002
vt 0.170527995 0.15200901
vt 0.173582003 0.169642985
vt 0.281100005 0.11729902
vt 0.288764 0.109099984
vt 0.172082007 0.108983994
vt 0.265374005 0.0688300133
vt 0.138124004 0.122520983
vt 0.126259997 0.217577994
vt 0.115966 0.221431971
vt 0.115414001 0.208832026
vt 0.0911310017 0.229997993
vt 0.105907001 0.223535001
vt 0.106087998 0.240077019
vt 0.0979499966 0.217051029
vt 0.138418004 0.218724012
vt 0.137156993 0.228752017
vt 0.102367997 0.207702994
vt 0.137633994 0.382395983
vt 0.139378995 0.399605989
vt 0.146179006 0.215487003
vt 0.14632 0.233182013
vt 0.0827250034 0.211449981
vt 0.171104997 0.220462978
vt 0.126468003 0.202244997
vt 0.135387003 0.199055016
vt 0.121328004 0.238714993
vt 0.181828007 0.211404979
vt 0.154649004 0.226984024
vt 0.168410003 0.210201025
vt 0.175606996 0.203876019
vt 0.162114993 0.198687971
vt 0.173818007 0.193817019
vt 0.131066993 0.236702979
vt 0.154305995 0.19738698
vt 0.144823 0.189025998
vt 0.157846004 0.18560499
vt 0.146295995 0.20410198
vt 0.129649997 0.185750008
vt 0.113298997 0.196927011
vt 0.0995879993 0.197704017
vt 0.159370005 0.215928018
vt 0.109311 0.184132993
vt 0.0951000005 0.187431991
vt 0.0980169997 0.245442986
vt 0.105691999 0.253575981
vt 0.140428007 0.358146012
vt 0.0750939995 0.233407974
vt 0.0754169971 0.221131027
vt 0.0658629984 0.208072007
vt 0.0396270007 0.189087987
vt 0.0468989983 0.197507977
vt 0.0434589982 0.203719974
vt 0.110425003 0.130391002
vt 0.0989480019 0.137512028
vt 0.100162998 0.12400502
vt 0.111172996 0.114386976
vt 0.0596910007 0.150991023
vt 0.0479860008 0.159815013
vt 0.0492670015 0.152342021
vt 0.141230002 0.153878987
vt 0.140643001 0.140973985
vt 0.0659890026 0.197658002
vt 0.0713760033 0.185793996
vt 0.0797260031 0.190016985
vt 0.128206 0.436868012
vt 0.126193002 0.455524981
vt 0.116769001 0.448854983
vt 0.0821650028 0.175099015
vt 0.129225001 0.103208005
vt 0.120954998 0.109358013
vt 0.109035999 0.0966160297
vt 0.127471 0.13557601
vt 0.129280999 0.148042023
vt 0.107129999 0.441702008
vt 0.074624002 0.158011019
vt 0.0730530024 0.147822022
vt 0.081724003 0.158526003
vt 0.0726390034 0.166504979
vt 0.0632409975 0.171581984
vt 0.0293780006 0.170831025
vt 0.024092 0.164484978
vt 0.0341829993 0.159590006
vt 0.0464619994 0.16740799
vt 0.133564994 0.171797991
vt 0.119092003 0.172316015
vt 0.0950279981 0.108066022
vt 0.0294410009 0.139706016
vt 0.0498940013 0.141790986
vt 0.0667489991 0.133117974
vt 0.0617999993 0.130455017
vt 0.0764119998 0.11639899
vt 0.0884680003 0.128010988
vt 0.0849549994 0.112815976
vt 0.0712319985 0.132009029
vt 0.0715150014 0.174676001
vt 0.0465149991 0.180523992
vt 0.0548220016 0.174794972
vt 0.078286998 0.133060992
vt 0.108693004 0.147176027
vt 0.108530998 0.169588983
vt 0.0617429987 0.141574025
vt 0.0491570011 0.131039023
vt 0.0485269986 0.120423019
vt 0.148861006 0.167347014
vt 0.093716003 0.159976006
vt 0.185885996 0.464818001
vt 0.180801004 0.472059011
vt 0.0727699995 0.0884839892
vt 0.0788799971 0.0944960117
vt 0.0741209984 0.105332971
vt 0.167594001 0.47794503
vt 0.0639109984 0.108457029
vt 0.172704995 0.454841018
vt 0.174673006 0.467431009
vt 0.165094003 0.470072985
vt 0.168788999 0.460134029
vt 0.0911099985 0.135514021
vt 0.0854670033 0.146085024
vt 0.0850960016 0.0571290255
vt 0.0642379969 0.0691630244
vt 0.0770749971 0.0529189706
vt 0.0365610011 0.585512012
vt 0.0326480009 0.599617988
vt 0.107133999 0.0591109991
vt 0.0888219997 0.0666710138
vt 0.0983479992 0.0752469897
vt 0.109474003 0.0750809908
vt 0.0944000036 0.147571981
vt 0.154459 0.476538002
vt 0.145511001 0.489350975
vt 0.148375005 0.47141099
vt 0.0725649968 0.0776249766
vt 0.161332995 0.460788012
vt 0.152705997 0.460074008
vt 0.0969579965 0.091283977
vt 0.175508007 0.447872996
vt 0.0778720006 0.533452004
vt 0.168833002 0.443883002
vt 0.0684660003 0.544090986
vt 0.086401999 0.522706985
vt 0.0981789976 0.500862002
vt 0.0331760012 0.109399974
vt 0.0260199998 0.120653987
vt 0.0241039991 0.106073022
vt 0.158286005 0.450797021
vt 0.0339820012 0.0924789906
vt 0.0171969999 0.132099986
vt 0.0113930004 0.123718023
vt 0.0146209998 0.121201992
vt 0.0586309992 0.557895988
vt 0.0583599992 0.567575991
vt 0.0095490003 0.136269987
vt 0.0475119986 0.569041014
vt 0.158063993 0.440629005
vt 0.0378630012 0.0913370252
vt 0.0493680015 0.0771740079
vt 0.045655001 0.0981130004
vt 0.0370669998 0.132357001
vt 0.0561040007 0.0688710213
vt 0.0559279993 0.087059021
vt 0.145110995 0.455012023
vt 0.0606339984 0.551645011
vt 0.135857001 0.472158015
vt 0.151831001 0.446712017
vt 0.136519 0.43819499
vt 0.136972994 0.455300987
vt 0.0530720018 0.10965699
vt 0.137130007 0.490507007
vt 0.123691998 0.492839992
vt 0.142680004 0.477159023
vt 0.130531996 0.479651988
vt 0.122350998 0.485285997
vt 0.0236520004 0.622456998
vt 0.111975998 0.502456009
vt 0.0956659988 0.0379980206
vt 0.110790998 0.48844099
vt 0.0963710025 0.171527028
vt 0.127171993 0.468346
vt 0.116186 0.472159028
vt 0.103289001 0.456008971
vt 0.101957001 0.474877
vt 0.134790003 0.11817199
vt 0.130763993 0.125515997
vt 0.0965339988 0.473295987
vt 0.0274279993 0.153674006
vt 0.118474998 0.128472984
vt 0.133892 0.373081982
vt 0.0872119963 0.242456973
vt 0.149655998 0.433463991
vt 0.138861001 0.134476006
vt 0.132727996 0.133036017
vt 0.144060001 0.419286013
vt 0.137362003 0.428409994
vt 0.138694003 0.411850989
vt 0.119778 0.422146976
vt 0.124578997 0.403878987
vt 0.0592469983 0.219228983
vn -0.392289162 -0.845276654 -0.362789989
vn -0.309092075 -0.905676723 -0.290192544
vn -0.329508334 -0.917023242 -0.224705696
vn -0.0608994775 -0.619294703 -0.782793283
vn -0.0632990152 -0.644489944 -0.761988163
vn -0.111396037 -0.541680753 -0.833170414
vn -0.790239811 -0.481524259 -0.379019082
vn -0.7421996 -0.526699722 -0.414399773
vn -0.773876011 -0.55318284 -0.308390439
vn -0.13590546 -0.629125237 -0.765330732
vn -0.182006046 -0.574619114 -0.797926486
vn -0.0673042163 -0.633939743 -0.770448267
vn -0.455587447 -0.85207653 -0.257692903
vn -0.839015603 -0.443008244 -0.315905869
vn -0.200394616 -0.448987931 -0.870776594
vn -0.031398695 -0.404583186 -0.913962007
vn -0.0268011373 -0.512721777 -0.858136415
vn -0.469823629 -0.793739915 -0.386319429
vn -0.47420913 -0.718213797 -0.509209812
vn -0.398305684 -0.789111257 -0.467606664
vn -0.362478554 -0.851549625 -0.378777593
vn -0.252504379 -0.890915453 -0.377506554
vn -0.376212656 -0.740024924 -0.55751878
vn -0.230890661 -0.755369484 -0.61327523
vn -0.291316539 -0.799345374 -0.525529861
vn -0.163793147 -0.925061285 -0.34268564
vn -0.177998155 -0.657093227 -0.732492447
vn -0.0504968651 -0.652559459 -0.75605303
vn -0.0521973856 -0.652067304 -0.756362081
vn -0.0540988818 -0.689685762 -0.722085059
vn -0.839520693 -0.248806134 -0.483011901
vn -0.794187903 -0.261996001 -0.548291624
vn -0.790109515 -0.390104711 -0.472805709
vn -0.00160002906 -0.680212379 -0.733013332
vn -0.00859986618 -0.614990413 -0.788487673
vn -0.188194335 -0.821875274 -0.537683845
vn -0.108603701 -0.774226367 -0.623521268
vn 0.0230012443 -0.674036443 -0.738339901
vn -0.8253057 -0.170901179 -0.538203716
vn 0.0162993912 -0.728572786 -0.684774399
vn 0.0868997276 -0.597298145 -0.797297537
vn -0.306810439 -0.942032099 -0.135804623
vn 0.0465989523 -0.718383849 -0.694084406
vn -0.22600162 -0.936706722 -0.267401904
vn -0.221109211 -0.964840233 -0.142105922
vn -0.29179284 -0.854179084 -0.430389434
vn -0.133707449 -0.865448177 -0.482826859
vn 0.0235007554 -0.490315735 -0.87122798
vn 0.153297588 -0.584490836 -0.7967875
vn -0.326281995 -0.692361772 -0.643564463
vn -0.0714009255 -0.772809982 -0.630608141
vn -0.145697072 -0.712685645 -0.686186194
vn -0.392020941 -0.278314859 -0.87684685
vn -0.3057836 -0.348181307 -0.886152446
vn -0.421099752 -0.400099754 -0.813999474
vn -0.470794111 -0.352895588 -0.808589876
vn -0.295012385 -0.261410981 -0.919038594
vn -0.301384032 -0.160191506 -0.939950168
vn -0.906148434 -0.123992942 -0.404376984
vn -0.858395457 -0.292398453 -0.421497762
vn -0.195999593 -0.195599586 -0.960897982
vn -0.128898546 -0.360295951 -0.923889577
vn -0.103801511 -0.909513235 -0.402505845
vn 0.000700019358 -0.87862432 -0.477513194
vn -0.74930197 -0.307700813 -0.586401522
vn -0.828286469 -0.394993544 -0.397393525
vn -0.054900907 -0.275904566 -0.959615827
vn -0.0573000126 -0.835300148 -0.546800077
vn -0.757816434 -0.173003748 -0.629113615
vn -0.686335802 -0.18660973 -0.702936649
vn -0.713812828 -0.254104584 -0.652611732
vn -0.7202999 -0.136499971 -0.680099905
vn -0.41688621 -0.895870388 -0.153694913
vn -0.105496585 -0.143795356 -0.983968198
vn -0.36148864 -0.442886055 -0.820474207
vn -0.394696087 -0.135998651 -0.908690989
vn -0.252198249 -0.0497996546 -0.966393292
vn -0.153499648 -0.040999908 -0.987297773
vn -0.564293206 -0.257496893 -0.784390569
vn -0.641596556 -0.294398397 -0.70829618
vn -0.536897659 -0.820396423 -0.196699142
vn -0.530489504 -0.839283407 -0.119097643
vn -0.0426994078 0.00189997372 -0.999086142
vn -0.0703999251 0.0937998965 -0.993098915
vn 0.00619979855 0.0916970223 -0.995767653
vn -0.0669025779 -0.02100081 -0.997538447
vn -0.509087503 -0.85857892 -0.0605985112
vn -0.423303276 -0.904407024 -0.0535004139
vn -0.0393000916 -0.0406000949 -0.998402297
vn 0.100403182 -0.146304637 -0.984131157
vn 0.0892986953 0.0584991463 -0.994285464
vn -0.0532997735 -0.940496027 -0.335598588
vn -0.634912252 -0.162903145 -0.755214572
vn -0.669603825 -0.098900564 -0.73610419
vn -0.66939044 -0.351694971 -0.654390633
vn -0.532328188 -0.375419885 -0.758740187
vn -0.578213215 -0.504111528 -0.641514659
vn -0.619381189 -0.322090209 -0.715978265
vn 0.0819040611 0.161007985 -0.98354876
vn 0.111903355 0.198805958 -0.973629177
vn -0.736874878 -0.0848971084 -0.670677185
vn -0.660600424 -0.0225000139 -0.750400484
vn -0.462197155 -0.258398414 -0.848294795
vn -0.625214398 0.00740017043 -0.780417979
vn -0.622076333 0.0997962058 -0.776570499
vn -0.51642549 -0.338616729 -0.786538839
vn -0.738940239 -0.00680037029 -0.673736691
vn -0.737089813 -0.026099639 -0.675290644
vn -0.528201103 -0.206600443 -0.823601723
vn -0.760829687 -0.0128004998 -0.648825347
vn -0.352902055 -0.935005426 -0.0350002013
vn -0.727578282 0.0634981096 -0.68307966
vn -0.284207165 -0.958324194 -0.0290007312
vn -0.259097397 -0.962590337 -0.0792992041
vn -0.525919855 -0.140605301 -0.838831604
vn 0.0465013757 -0.287908494 -0.956528246
vn -0.619167387 -0.0729961619 -0.781858861
vn -0.014199364 -0.183291793 -0.982955992
vn -0.558010936 -0.0707013905 -0.826816261
vn 0.283509254 -0.217707098 -0.933930457
vn 0.191902712 -0.121901728 -0.973813772
vn -0.467497081 -0.880394518 0.0796995014
vn -0.501896262 -0.864893556 0.00769994268
vn -0.381004632 -0.923511207 0.0443005376
vn 0.131300792 -0.0495002978 -0.990105987
vn -0.100002825 -0.206005812 -0.973427474
vn -0.802800894 -0.0958001092 -0.588500679
vn 0.377688169 -0.142695531 -0.914871395
vn -0.284203351 -0.957611322 0.0470005535
vn -0.471819222 -0.0697028413 -0.878935814
vn 0.520087063 -0.113197178 -0.846578896
vn -0.190396026 0.0073998454 -0.981679499
vn -0.576380193 -0.817171872 -0.00399986235
vn -0.124495536 0.128495395 -0.983864725
vn -0.280791223 -0.0517983846 -0.95837009
vn 0.425494194 0.0654991046 -0.902587712
vn 0.562480092 -0.0980965272 -0.820970893
vn -0.515273929 -0.840757489 0.166191593
vn -0.576380193 -0.817171872 -0.00399986235
vn -0.467497081 -0.880394518 0.0796995014
vn -0.598595381 -0.798793852 0.0600995384
vn -0.865249455 -0.0481027514 -0.499028534
vn -0.0838969275 0.282589644 -0.955564976
vn 0.0336993858 0.111597963 -0.993181884
vn 0.151999488 0.258799136 -0.953896821
vn 0.0139993709 -0.0941957682 -0.995455265
vn 0.214390129 0.1106949 -0.970455289
vn 0.213203639 0.159402728 -0.963916481
vn -0.00279988814 0.0851965994 -0.996360242
vn 0.170700386 -0.00640001427 -0.98530221
vn -0.522720098 -0.0171006583 -0.85233283
vn -0.381004632 -0.923511207 0.0443005376
vn -0.399496824 -0.896892846 0.189698488
vn -0.80596447 0.0149993384 -0.591773868
vn -0.846455932 -0.497132838 -0.190712601
vn -0.787033856 -0.572024584 -0.23100993
vn -0.922118366 -0.000300005981 -0.386907727
vn -0.865329146 0.0623020977 -0.497316748
vn -0.27711302 -0.948944569 0.150707081
vn -0.800000548 -0.580400407 -0.152100116
vn -0.283396006 -0.923786938 0.257496357
vn 0.0607024468 -0.459818542 -0.885935724
vn -0.796999156 0.0934998989 -0.596699357
vn -0.844264269 -0.529877603 -0.0802966058
vn -0.907176793 -0.407489568 -0.104797319
vn 0.0266986154 -0.351381779 -0.935851514
vn -0.883196056 -0.468797922 0.0138999382
vn -0.913871169 -0.405587196 -0.0183994193
vn -0.907176793 -0.407489568 -0.104797319
vn -0.856930733 -0.514418423 0.0323011577
vn -0.844264269 -0.529877603 -0.0802966058
vn -0.707576573 -0.695276976 -0.126195818
vn -0.698005617 -0.709505737 -0.0969007835
vn -0.726516366 -0.673515201 -0.136203066
vn -0.594708145 -0.800710976 -0.0720009878
vn -0.643817484 -0.751120389 -0.146003962
vn -0.554816484 -0.777723134 -0.295508772
vn 0.171605244 -0.498515218 -0.849725962
vn -0.669083953 -0.632084846 -0.390890598
vn -0.648207963 -0.526506424 -0.550106764
vn -0.556670785 -0.633266747 -0.537671745
vn 0.173602283 -0.362904787 -0.915512085
vn -0.697834969 -0.642332196 -0.3169159
vn -0.581901014 -0.727701247 -0.363100648
vn -0.544071734 -0.70516336 -0.45467636
vn -0.891389072 -0.309196204 -0.331395924
vn -0.710096836 -0.69419688 -0.117699474
vn 0.108900994 -0.25530231 -0.960708737
vn 0.155399606 -0.0904997662 -0.983697474
vn -0.897588849 -0.381495267 -0.220897257
vn -0.941052735 -0.270115137 -0.203611404
vn -0.632477224 -0.774272144 -0.021799216
vn -0.656186104 -0.750484109 -0.0786983296
vn -0.525284052 -0.649980247 -0.549183309
vn -0.568977296 -0.822267175 -0.0118995244
vn -0.717790246 -0.694490552 -0.0495993234
vn 0.183097959 -0.172798067 -0.967789233
vn -0.73692137 -0.662319243 -0.135203928
vn -0.728019774 -0.646317542 -0.228606209
vn -0.59879005 -0.766387284 -0.232596144
vn -0.650135279 -0.70323813 -0.287715614
vn -0.949434161 -0.108803913 -0.294510603
vn -0.935763597 -0.185992762 -0.299588352
vn -0.267300785 -0.54730159 -0.793102324
vn -0.727722228 -0.684320867 -0.0461014062
vn -0.698005617 -0.709505737 -0.0969007835
vn -0.734327793 -0.678725719 -0.00970036723
vn -0.717790246 -0.694490552 -0.0495993234
vn -0.73369503 -0.677695394 0.0491996631
vn -0.775913775 -0.630311191 0.0258004572
vn -0.816317976 -0.577012718 -0.0261005759
vn -0.968321681 -0.0553012379 -0.243505448
vn -0.3566944 -0.535391569 -0.765587986
vn -0.632477224 -0.774272144 -0.021799216
vn -0.713911176 -0.699810982 0.0244003832
vn -0.438400567 -0.545900702 -0.71400094
vn -0.335306436 -0.628512084 -0.701813459
vn -0.371299028 -0.580598474 -0.72459811
vn -0.63090086 -0.773501039 0.0605000816
vn -0.962168217 -0.171394333 -0.211793005
vn -0.63090086 -0.773501039 0.0605000816
vn -0.732698739 -0.664398849 0.147399753
vn -0.653891683 -0.752690434 0.0766990259
vn -0.629192591 -0.769890964 0.106698744
vn -0.9593032 -0.264900893 -0.0978003293
vn -0.816317976 -0.577012718 -0.0261005759
vn -0.727722228 -0.684320867 -0.0461014062
vn -0.9593032 -0.264900893 -0.0978003293
vn -0.975351512 -0.113894343 -0.188990608
vn -0.941052735 -0.270115137 -0.203611404
vn -0.978999257 -0.165599868 -0.118899904
vn -0.468093008 -0.500192523 -0.728489101
vn -0.445104778 -0.598706424 -0.665907145
vn -0.563703597 -0.583403707 -0.584703684
vn -0.509997606 -0.629597068 -0.58609724
vn -0.569478989 -0.519080818 -0.637376487
vn -0.975351512 -0.113894343 -0.188990608
vn -0.612067997 -0.507273495 -0.606668293
vn -0.526976585 -0.474078923 -0.705368638
vn -0.954542279 -0.00610026997 -0.29801318
vn -0.461003274 -0.540103853 -0.70410502
vn -0.598595381 -0.798793852 0.0600995384
vn -0.568977296 -0.822267175 -0.0118995244
vn -0.438992113 -0.660988092 -0.608589053
vn -0.408080518 -0.604471147 -0.684167325
vn -0.678797364 -0.419798374 -0.602497697
vn -0.743424118 -0.407013208 -0.530717254
vn -0.744121611 -0.476113826 -0.468613595
vn -0.911454856 0.222588986 -0.345982879
vn -0.907084584 0.152397409 -0.392393351
vn -0.950304151 0.0927004069 -0.297201306
vn -0.966128945 0.0860025734 -0.243307292
vn -0.950628161 0.16740495 -0.261307746
vn -0.699726224 -0.317011863 -0.64022398
vn -0.472298443 -0.400498688 -0.785197437
vn -0.918207526 0.0816006735 -0.387603194
vn -0.831667781 0.153694049 -0.53357929
vn -0.870461702 0.151693329 -0.468279392
vn -0.502014518 -0.398611516 -0.767522156
vn -0.871192694 0.233798042 -0.431696385
vn -0.125399575 -0.673797667 -0.728197515
vn -0.0528003909 -0.686505079 -0.725205421
vn -0.96807456 0.00919975806 -0.250493437
vn -0.0822977871 -0.727380455 -0.681281686
vn -0.178202495 -0.702109814 -0.689409673
vn -0.133595601 -0.651978493 -0.746375382
vn -0.137092963 -0.744261801 -0.653666496
vn -0.0655972734 -0.709870517 -0.701270878
vn 0.0406989418 -0.729581058 -0.682682276
vn -0.00339997932 -0.694695771 -0.719295621
vn -0.0622022189 -0.736726284 -0.673324049
vn 0.130800396 -0.737102211 -0.663001955
vn -0.0167998858 -0.818194449 -0.574696124
vn 0.418190986 -0.906680405 -0.0551988073
vn 0.369300246 -0.929300666 0.00420000311
vn 0.329306275 -0.938117862 -0.107202038
vn 0.397910625 -0.906924248 -0.138403699
vn 0.515720248 -0.855433643 0.0476018712
vn 0.483899444 -0.873498976 -0.0532999374
vn 0.592001438 -0.805902004 0.00750001846
vn 0.0772975683 -0.841573477 -0.534583151
vn 0.435027927 -0.897957623 -0.0665042698
vn 0.609316409 -0.72121942 -0.329508871
vn 0.533221483 -0.802232385 -0.268510818
vn 0.487372041 -0.803653896 -0.341480404
vn 0.657010674 -0.753812253 -0.0102001661
vn 0.574498594 -0.810598016 -0.113499723
vn 0.59468168 -0.777176082 -0.205793664
vn 0.0899972543 -0.879673123 -0.466985732
vn 0.440477908 -0.897754967 0.00389980432
vn 0.0667985156 -0.934779227 -0.348892242
vn -0.0211994722 -0.92267704 -0.384990424
vn 0.384909779 -0.916423321 0.109602787
vn 0.290393025 -0.95667702 0.0209994949
vn 0.189506784 -0.902132273 -0.387613863
vn 0.449682951 -0.887066364 0.104396038
vn 0.479884535 -0.609880328 -0.630679667
vn 0.394698262 -0.649197161 -0.650197148
vn 0.367315888 -0.61422658 -0.69843024
vn 0.607107282 -0.785809398 0.118001416
vn 0.467517018 -0.694325268 -0.547119915
vn 0.388394207 -0.667690039 -0.63509053
vn 0.457315773 -0.632621825 -0.625021577
vn -0.187496111 -0.982079625 -0.0190996043
vn 0.573474228 -0.796864212 0.190091461
vn -0.235610545 -0.971843541 0.0028001254
vn -0.110699952 -0.992999554 0.0411999822
vn 0.539672732 -0.632968009 -0.55507195
vn 0.675805271 -0.733805716 0.0694005415
vn 0.690287352 -0.708487034 0.146797314
vn -0.182993591 -0.973465919 0.137395188
vn 0.276485115 -0.871753037 -0.404478222
vn 0.167398855 -0.854294181 -0.492096633
vn 0.539672732 -0.632968009 -0.55507195
vn 0.479884535 -0.609880328 -0.630679667
vn 0.551289082 -0.497190177 -0.669986784
vn 0.417302966 -0.544203877 -0.727805197
vn -0.182993591 -0.973465919 0.137395188
vn -0.110699952 -0.992999554 0.0411999822
vn -0.0554995872 -0.976892769 0.206398472
vn -0.0324987881 -0.997162879 0.0678974688
vn 0.723906338 -0.628005445 -0.28560248
vn 0.619184256 -0.573685408 -0.536186397
vn -0.27711302 -0.948944569 0.150707081
vn 0.64885962 -0.518967688 -0.556465387
vn 0.318785399 -0.897858918 -0.303686112
vn 0.775087416 -0.630489767 -0.0414993241
vn 0.132393479 -0.947153389 -0.292185605
vn -0.184200242 -0.944301248 0.27270034
vn 0.691105902 -0.518804431 -0.503204286
vn -0.319488198 -0.887867212 0.331087768
vn 0.60939163 -0.618091464 -0.496593177
vn 0.619184256 -0.573685408 -0.536186397
vn 0.237899646 -0.926798582 -0.290599555
vn -0.170797661 -0.915487468 0.364295006
vn 0.733219981 -0.67351836 0.093602553
vn -0.207198933 -0.921995282 0.32709831
vn 0.531985879 -0.710981131 -0.459887803
vn 0.687532485 -0.722934127 0.0683032274
vn 0.689284742 -0.522488415 -0.501888871
vn 0.60939163 -0.618091464 -0.496593177
vn -0.15979673 -0.919481158 0.35919264
vn -0.0340009555 -0.958926976 0.281607926
vn 0.696559668 -0.685560286 0.211687744
vn 0.690589309 -0.715788901 0.103598393
vn -0.113605022 -0.920640707 0.37351653
vn 0.702481151 -0.478887141 -0.52648586
vn 0.0336004347 -0.925111949 0.378204882
vn 0.106997244 -0.956275344 0.272192985
vn -0.0448972434 -0.904044509 0.425073892
vn 0.793704212 -0.59190315 0.140300751
vn -0.0764029101 -0.996737957 -0.0260009896
vn 0.351899147 -0.902997792 -0.246499404
vn -0.0764029101 -0.996737957 -0.0260009896
vn 0.0188003574 -0.99981904 0.00290005538
vn 0.754811406 -0.643509746 -0.127101928
vn 0.718207061 -0.630106211 -0.295202911
vn 0.802085102 -0.553489745 -0.22429584
vn 0.547111571 -0.392908335 -0.739115655
vn 0.0849015713 -0.985018194 0.150102779
vn 0.0546981804 -0.99846673 0.00849971734
vn 0.629473388 -0.481979638 -0.609474242
vn 0.783387065 -0.518191457 -0.343194336
vn 0.177797422 -0.652890563 -0.736289322
vn 0.292015761 -0.598332286 -0.746140242
vn 0.850994468 -0.463996977 -0.245998397
vn 0.255297482 -0.711292982 -0.654893517
vn 0.670322657 -0.477516145 -0.568019211
vn 0.532797992 -0.406898499 -0.741997242
vn 0.661301792 -0.350300938 -0.663301766
vn 0.165896878 -0.981181502 0.0987981409
vn 0.163495213 -0.966471732 0.197994202
vn 0.305101126 -0.939003408 0.158700585
vn 0.177504912 -0.983827233 0.0240006633
vn 0.280982375 -0.489069313 -0.825748205
vn 0.795733154 -0.600525022 -0.0786032751
vn 0.222999305 -0.389098793 -0.893797219
vn 0.712003052 -0.428201824 -0.556502342
vn 0.864517987 -0.495310307 -0.0853017718
vn 0.235389695 -0.923859537 0.30178678
vn 0.313789696 -0.402686775 -0.859871745
vn 0.368097365 -0.89419359 0.254798174
vn 0.727972567 -0.471982241 -0.497281283
vn 0.906098902 -0.342899591 -0.247799695
vn 0.856693685 -0.40169704 -0.32359761
vn 0.385196209 -0.527094781 -0.757492542
vn 0.904242635 -0.404074371 -0.138091236
vn 0.431104183 -0.868908405 0.243202358
vn 0.710924685 -0.48631689 -0.508017659
vn 0.770929277 -0.403115302 -0.493118733
vn 0.67200923 -0.626208603 -0.395305425
vn 0.586717486 -0.693320692 -0.418412477
vn 0.393797725 -0.849295139 0.351597995
vn 0.381185621 -0.470582247 -0.795769989
vn 0.417302966 -0.544203877 -0.727805197
vn 0.927231073 -0.374412537 -0.00760025484
vn 0.701401293 -0.534000993 -0.472100854
vn 0.244812012 -0.305915028 -0.920045137
vn 0.242012858 -0.225311965 -0.943750143
vn 0.162203953 -0.921222448 0.353608608
vn 0.367603987 -0.332503617 -0.868509412
vn 0.20699963 -0.904198349 0.373599321
vn 0.861882627 -0.506189823 0.0304993857
vn 0.882417619 -0.469509393 -0.0300005991
vn 0.28810519 -0.858215511 0.424807668
vn 0.319892734 -0.886179864 0.335192382
vn 0.11520429 -0.0913034007 -0.989136815
vn 0.00629970245 -0.00739965076 -0.999952793
vn 0.609316409 -0.72121942 -0.329508871
vn 0.183097959 -0.172798067 -0.967789233
vn 0.11520429 -0.0913034007 -0.989136815
vn 0.242012858 -0.225311965 -0.943750143
vn 0.359103799 -0.838708878 0.409404337
vn 0.684320271 -0.691220462 -0.232206881
vn 0.59468168 -0.777176082 -0.205793664
vn 0.863765299 -0.477280825 0.161593512
vn 0.381185621 -0.470582247 -0.795769989
vn 0.313789696 -0.402686775 -0.859871745
vn 0.41840598 -0.431506157 -0.799211383
vn 0.367603987 -0.332503617 -0.868509412
vn 0.414796442 -0.818692982 0.397096604
vn 0.730732024 -0.561324596 -0.388517022
vn 0.907187283 -0.407594264 0.104298532
vn 0.39468497 -0.284789175 -0.873566747
vn 0.49850744 -0.841412544 0.208603114
vn 0.231090441 -0.199491739 -0.952260613
vn 0.504402876 -0.379902184 -0.775404453
vn 0.536018312 -0.79492718 0.284209698
vn 0.488981396 -0.813669086 0.314388037
vn 0.476409525 -0.775915504 0.413508266
vn 0.524398267 -0.774397373 0.35399881
vn 0.727888465 -0.492892176 -0.476692438
vn 0.0421994179 -0.767389417 -0.639791131
vn 0.944758236 -0.322285742 0.0596973598
vn 0.099202536 -0.806020617 -0.583514929
vn 0.938494444 -0.300998211 0.16919899
vn 0.117701814 -0.776911974 -0.618509531
vn 0.391718149 -0.807937443 0.440220386
vn 0.0440990962 -0.652986586 -0.756084502
vn 0.168010116 -0.753145337 -0.636038303
vn 0.208108023 -0.725027978 -0.656525314
vn 0.187401965 -0.812508523 -0.552005768
vn 0.26360783 -0.777023137 -0.571617007
vn 0.796921611 -0.441211969 -0.412611187
vn 0.4631055 -0.877810419 -0.122401454
vn 0.459393173 -0.864087164 -0.205696955
vn 0.517612517 -0.836120248 -0.1816044
vn 0.646598339 -0.727898121 0.228199407
vn 0.533221483 -0.802232385 -0.268510818
vn 0.822104514 -0.367902011 -0.434502363
vn 0.603075206 -0.756368935 0.253389597
vn 0.669514179 -0.691714644 0.27070573
vn -0.140393674 -0.964356601 -0.224289909
vn 0.0188006815 -0.968035102 -0.250109076
vn 0.285304904 -0.827714205 -0.483208299
vn 0.703592181 -0.696292222 0.141898423
vn 0.665927827 -0.737330854 -0.113504745
vn -0.0928037688 -0.99284035 -0.0752030537
vn 0.73585391 -0.615845084 0.281520605
vn 0.031399712 -0.985490918 -0.166798458
vn 0.750549972 -0.625641644 0.212714151
vn 0.399416894 -0.764532328 -0.505921423
vn 0.823649466 -0.509468734 0.249084711
vn 0.353807926 -0.855219185 -0.378708482
vn 0.110301226 -0.964010775 -0.241902694
vn 0.697688162 -0.621289492 0.356693953
vn 0.169199035 -0.968594432 -0.182198957
vn 0.792990386 -0.514993727 0.325496048
vn 0.778364241 -0.523675919 0.346284091
vn 0.597381651 -0.722377837 0.348289311
vn 0.0893967003 -0.991163433 -0.0979963839
vn 0.506986141 -0.753879428 0.417888582
vn 0.331688404 -0.643577516 -0.689775884
vn 0.338993907 -0.729886889 -0.593589306
vn 0.241406813 -0.963927209 -0.112103164
vn 0.586899519 -0.697999418 0.410299659
vn 0.49930498 -0.719507158 0.482704818
vn 0.654622734 -0.631321967 0.415814459
vn 0.616608143 -0.721109509 0.31590417
vn -0.192192554 -0.980562031 -0.0394984707
vn 0.778709471 -0.518106282 0.35380429
vn 0.809654295 -0.481572807 0.335481077
vn 0.647068799 -0.589371562 0.483676672
vn 0.735034049 -0.528524458 0.424719691
vn 0.451216161 -0.784328043 -0.425715238
vn 0.788968146 -0.440182239 0.428682685
vn 0.109095655 -0.993160486 -0.0415983424
vn 0.86629951 -0.449299753 0.218299881
vn 0.907395542 -0.365198225 0.207998976
vn 0.0546981804 -0.99846673 0.00849971734
vn 0.0188003574 -0.99981904 0.00290005538
vn 0.854884744 -0.416692555 0.309094489
vn 0.109095655 -0.993160486 -0.0415983424
vn 0.890527844 -0.341810673 0.300209373
vn 0.301390767 -0.932971478 -0.196793973
vn 0.586717486 -0.693320692 -0.418412477
vn 0.416022807 -0.857947052 -0.301416516
vn 0.940174639 -0.251893193 0.22939381
vn 0.397910625 -0.906924248 -0.138403699
vn 0.399583071 -0.88646245 -0.233490109
vn 0.8186903 -0.40539518 0.406695187
vn 0.329306275 -0.938117862 -0.107202038
vn 0.772075176 -0.450985521 0.447785616
vn 0.770599723 -0.448999852 0.452299863
vn 0.459393173 -0.864087164 -0.205696955
vn 0.87937057 -0.30238989 0.367787689
vn 0.814172983 -0.369487762 0.447885156
vn 0.878993511 -0.250398159 0.405797005
vn 0.459393173 -0.864087164 -0.205696955
vn 0.241406813 -0.963927209 -0.112103164
vn 0.918635488 -0.217408404 0.329912752
vn 0.888571918 -0.205393508 0.410187036
vn 0.911000133 -0.188900024 0.366600037
vn -0.492102265 0.53530246 -0.686503172
vn -0.435903758 0.490004212 -0.754906476
vn -0.497314334 0.448212922 -0.742821395
vn -0.567312002 0.413408756 -0.712215066
vn -0.546206534 0.501805961 -0.670708001
vn -0.526300669 0.600100756 -0.60240078
vn -0.599206924 0.528906107 -0.601006985
vn -0.418692768 0.579389989 -0.699287951
vn -0.369800985 0.473501265 -0.799402118
vn -0.193405762 -0.0522015542 -0.979729176
vn -0.376898468 -0.0103999572 -0.926196218
vn -0.232706591 0.0374010615 -0.971827567
vn -0.102401324 0.716809273 -0.689708948
vn -0.157093763 0.672673345 -0.723071337
vn -0.232908756 0.67392534 -0.701126337
vn -0.494505882 0.578706861 -0.648507714
vn -0.0874956474 -0.270086557 -0.958852291
vn -0.0148998359 -0.322096467 -0.946589589
vn 0.00829989277 -0.161197916 -0.986887217
vn -0.00360008539 -0.188204452 -0.982123256
vn -0.182210982 0.73024404 -0.658439696
vn -0.0679003298 -0.21430105 -0.974404752
vn -0.179097041 -0.279195398 -0.943384409
vn -0.4726201 0.0730031058 -0.878237307
vn -0.397107452 0.648012161 -0.649912238
vn -0.355208457 0.566313446 -0.74371767
vn -0.264011234 0.609625936 -0.747431815
vn -0.319786042 0.681770265 -0.657971263
vn -0.234991997 0.746774554 -0.622178793
vn -0.0444995053 -0.0788991228 -0.995888889
vn -0.306096703 0.756991863 -0.577293813
vn -0.051400315 -0.117800727 -0.991706133
vn -0.527605772 0.551406026 -0.646207035
vn -0.397601187 0.70680213 -0.585101724
vn -0.4811984 0.647797823 -0.590598047
vn -0.242412806 0.809242725 -0.535128236
vn -0.197897911 0.787191689 -0.584093869
vn -0.029000042 0.680900991 -0.731801093
vn -0.175098732 -0.143798962 -0.973992944
vn 0.0604973771 -0.0566975437 -0.996556818
vn -0.017200714 -0.166206896 -0.985940874
vn -0.178799644 0.826298356 -0.534098923
vn -0.115897909 0.78528583 -0.608188987
vn -0.914096415 0.274998933 -0.297998846
vn -0.866375029 0.30789113 -0.393188685
vn -0.856824696 0.392711312 -0.334109634
vn -0.349092603 0.17139636 -0.921280444
vn -0.460895717 0.192198217 -0.866391957
vn -0.109196723 -0.158695236 -0.981270552
vn -0.810611665 0.267903864 -0.520707488
vn -0.0101996409 0.723474562 -0.690275729
vn -0.230289787 0.125794426 -0.964957178
vn -0.133699641 -0.158299565 -0.978297353
vn -0.0280983467 0.775954366 -0.630162954
vn 0.0347983167 -0.0433978997 -0.99845165
vn 0.031499546 0.750789165 -0.659790456
vn -0.00729997549 0.681697726 -0.731597543
vn -0.167209014 0.840645313 -0.515127778
vn 0.0910944119 0.678258359 -0.729155242
vn 0.126197562 0.718686163 -0.683786809
vn -0.830785036 0.326194108 -0.450991869
vn -0.773871005 0.343687117 -0.531980097
vn -0.714134753 0.344216734 -0.609529674
vn -0.0631001517 0.817402005 -0.572601378
vn 0.155391723 0.0596968234 -0.986047506
vn -0.706700623 0.401000351 -0.582900524
vn -0.778281093 0.413789928 -0.472288519
vn -0.703782797 0.486188114 -0.517987311
vn 0.00970021915 0.0257005822 -0.999622643
vn 0.0521027558 0.0822043419 -0.995252609
vn -0.273300081 0.258300096 -0.926600277
vn 0.097295627 -0.000699968543 -0.995255291
vn -0.178797156 0.158197477 -0.971084535
vn -0.822063327 0.396782309 -0.40838179
vn 0.0985009819 0.822408199 -0.560305595
vn 0.0728985816 0.259894967 -0.962881327
vn 0.170393527 0.131494999 -0.976562917
vn 0.0896998793 0.0305999592 -0.995498657
vn 0.430888981 0.52118665 -0.736681163
vn 0.226707995 0.2892102 -0.93003279
vn 0.0639010295 0.598309636 -0.79871285
vn 0.159895211 0.474385798 -0.865674078
vn 0.075701192 0.543308556 -0.836113155
vn 0.161098674 0.205098316 -0.965392113
vn -0.803510308 0.477406114 -0.355604559
vn -0.732034326 0.522124469 -0.437620521
vn 0.207591847 0.607176125 -0.76696986
vn 0.148699641 0.638998449 -0.754698217
vn 0.248396248 0.207896858 -0.946085751
vn 0.329384714 0.128894031 -0.935356617
vn 0.170194805 0.333189845 -0.927371681
vn 0.0013 -0.243500009 -0.969900012
vn -0.0608989932 -0.301295012 -0.95158428
vn -0.100697346 -0.379790008 -0.919575751
vn -0.250396073 -0.237796292 -0.938485324
vn -0.675225675 0.521719873 -0.521419823
vn -0.653599679 0.454999775 -0.604799688
vn 0.214605793 0.387310445 -0.896624207
vn 0.218793243 0.366388679 -0.904372096
vn -0.01129972 0.298392594 -0.95437634
vn -0.567620397 0.59192127 -0.572220564
vn -0.649369419 0.580572665 -0.491176873
vn 0.057798624 -0.0623985156 -0.996376336
vn 0.20719263 -0.0255990885 -0.977965176
vn 0.210208476 0.701728284 -0.680727422
vn -0.225310594 0.0675031766 -0.971945703
vn 0.0487983972 -0.0455985032 -0.99776727
vn 0.30989179 0.681581974 -0.662882447
vn -0.598568261 0.650165558 -0.467975199
vn 0.0343011692 0.156805351 -0.987033665
vn 0.288686216 0.602271259 -0.744264483
vn 0.282404453 0.518008173 -0.807412684
vn -0.679128826 0.599725425 -0.423217952
vn -0.026100507 -0.0779015124 -0.996619344
vn 0.100994498 -0.152391702 -0.983146429
vn 0.14790307 0.225204676 -0.963020027
vn 0.447517097 0.58772248 -0.674025774
vn -0.456909776 0.70691514 -0.539911568
vn -0.48317939 0.744768202 -0.460280359
vn -0.538066745 0.671358466 -0.509668469
vn 0.480214268 0.536015928 -0.694320619
vn 0.366606355 0.511408865 -0.777213454
vn 0.445699334 0.489799261 -0.749298871
vn 0.397088349 0.543184042 -0.73977828
vn 0.445396096 0.538495302 -0.715293765
vn -0.492280811 0.710472286 -0.502880394
vn 0.232890129 -0.170392767 -0.95745939
vn 0.435190707 0.65418607 -0.618586838
vn 0.235411197 -0.051202435 -0.970546186
vn -0.594617665 0.670019925 -0.444413215
vn 0.24779588 0.307894886 -0.918584764
vn -0.0412020646 0.464823276 -0.884444296
vn -0.020799838 0.229898199 -0.972992361
vn -0.115703814 0.282609314 -0.952231407
vn 0.0491021946 0.43031925 -0.901340306
vn -0.0439977571 -0.0190990251 -0.998849034
vn -0.740582347 0.547286987 -0.389890701
vn 0.119404197 0.302210629 -0.945733249
vn 0.064000085 -0.0898001269 -0.993901372
vn 0.387788951 0.696380138 -0.60388279
vn 0.218192935 -0.178894207 -0.959368885
vn 0.471201003 0.70720154 -0.527101159
vn -0.681497097 0.610797405 -0.403098285
vn -0.633374393 0.65487355 -0.412283331
vn 0.14020057 0.741002977 -0.656702638
vn 0.189410985 0.786345601 -0.588034093
vn -0.0724026412 0.0778028369 -0.994336247
vn 0.0858015567 -0.0422007665 -0.995418072
vn 0.136794746 -0.150094226 -0.979162335
vn -0.634092689 0.708791852 -0.309096426
vn -0.556599498 0.739499331 -0.378599674
vn 0.236106664 0.442312479 -0.865224421
vn 0.0127002383 0.0283005312 -0.999518752
vn 0.300985754 0.758064151 -0.578572631
vn -0.457987368 0.810077608 -0.36608988
vn -0.304206789 0.435909718 -0.847018838
vn -0.225702077 0.317202926 -0.921108484
vn 0.303387642 -0.181292608 -0.935461879
vn 0.127801985 0.860013425 -0.494007707
vn -0.256394506 0.506589174 -0.823182404
vn -0.20789586 0.387592286 -0.898082137
vn 0.131295979 -0.121496283 -0.98386991
vn -0.415905476 0.0980012938 -0.904111922
vn 0.0693989322 0.0283995625 -0.997184634
vn 0.270090491 0.804571688 -0.528881371
vn 0.275094986 -0.0542990081 -0.959882498
vn -0.158097267 0.47769174 -0.864185095
vn 0.080001615 -0.153403103 -0.984919906
vn 0.135805368 -0.0757029951 -0.987839043
vn 0.406905383 0.773010254 -0.486706436
vn 0.367910385 0.256007224 -0.89392519
vn 0.224097922 0.204398096 -0.952891171
vn -0.383395851 0.759791791 -0.52509433
vn 0.352898568 0.271198899 -0.895496368
vn 0.330118179 0.407922477 -0.851246893
vn 0.00230009179 0.125905037 -0.992039621
vn 0.193906724 0.296210259 -0.935232401
vn 0.375502914 0.441503406 -0.814906299
vn 0.19179979 -0.618399322 -0.762099147
vn -0.0350015871 -0.571525931 -0.819837213
vn -0.126802817 -0.393308759 -0.910620272
vn -0.292406708 0.817418694 -0.496311367
vn -0.379706025 0.824013054 -0.420506656
vn 0.113896146 0.0290990155 -0.99306643
vn -0.280709565 -0.0547018647 -0.958232641
vn -0.0275001768 -0.276201785 -0.960706174
vn -0.53237915 -0.330387056 -0.779369473
vn -0.469973236 -0.362179399 -0.804954171
vn 0.151896641 -0.350192279 -0.92427963
vn 0.426087469 0.460386455 -0.778777122
vn -0.386596948 0.880793035 -0.273397833
vn 0.425376743 -0.44357574 -0.788856864
vn 0.425376743 -0.44357574 -0.788856864
vn 0.242092237 -0.219192982 -0.945169687
vn 0.151896641 -0.350192279 -0.92427963
vn -0.125201315 0.594206274 -0.794508398
vn 0.0683015212 0.225605026 -0.971821606
vn 0.102101423 0.171302393 -0.979913652
vn -0.215900764 0.871303082 -0.440701544
vn -0.120300628 0.871504605 -0.475402504
vn 0.00629970245 -0.00739965076 -0.999952793
vn -0.00279988814 0.0851965994 -0.996360242
vn -0.0227003228 0.00750010647 -0.999714196
vn -0.711289167 0.161097541 -0.684189558
vn -0.158302605 0.901714861 -0.402306616
vn 0.0683015212 0.225605026 -0.971821606
vn 0.102101423 0.171302393 -0.979913652
vn -0.0329989009 0.168394387 -0.985167205
vn -0.0828958526 0.079896003 -0.993350327
vn -0.0366001204 0.622702062 -0.781602561
vn -0.570182562 0.149095431 -0.807875276
vn -0.00959965866 0.660376489 -0.750873268
vn -0.019000493 0.895323217 -0.445011556
vn -0.0597986579 -0.0080998186 -0.998177588
vn -0.637214005 0.162703574 -0.753316581
vn -0.000299999345 0.672498524 -0.740098417
vn -0.516903698 0.0998007134 -0.850206077
vn -0.126802817 -0.393308759 -0.910620272
vn -0.0281996261 0.0679990947 -0.997286797
vn 0.382283449 -0.168992683 -0.908460677
vn 0.19179979 -0.618399322 -0.762099147
vn 0.576190472 -0.0409993194 -0.816286504
vn 0.530909896 -0.00460008578 -0.847415805
vn 0.406705797 0.261903733 -0.875212431
vn -0.35270378 0.448204815 -0.821408808
vn -0.229404703 0.553811371 -0.80041641
vn -0.551298857 0.251499474 -0.795498312
vn -0.682901919 0.0995002836 -0.723702073
vn 0.121500291 0.554001331 -0.823601961
vn -0.650470853 0.248388872 -0.717767835
vn -0.0310986321 0.698669255 -0.714768589
vn -0.302594364 0.867783844 -0.394192666
vn -0.56468457 0.320391238 -0.760579228
vn 0.340206712 0.45540899 -0.822716236
vn -0.031800095 0.403101206 -0.914602757
vn -0.675360143 0.293982625 -0.676360071
vn 0.232392266 0.0102996565 -0.972567618
vn -0.329395384 0.891887546 -0.309895664
vn 0.140498638 0.367896438 -0.919191122
vn -0.260000706 0.91030252 -0.322100878
vn -0.149204031 0.0274007395 -0.988426685
vn -0.0941017941 -0.170703247 -0.980818689
vn -0.436281651 0.316886663 -0.842164576
vn 0.382793099 -0.147497341 -0.91198355
vn 0.551074922 -0.151093125 -0.820662677
vn -0.779615581 0.207704142 -0.590811789
vn -0.129797682 0.92988342 -0.344193846
vn -0.732844532 0.254915476 -0.630838335
vn -0.00240009581 0.927136958 -0.374714941
vn -0.0616001897 0.0773002356 -0.995103061
vn -0.214495867 -0.342293411 -0.914782345
vn -0.192092374 0.944162548 -0.267689377
vn -0.0425000936 0.946902096 -0.318700701
vn -0.0752999112 0.959798872 -0.27039969
vn -0.634500444 0.347500235 -0.690400481
vn 0.211303964 0.00200003758 -0.977418363
vn 0.0317001119 0.0137000484 -0.999403536
vn 0.143905342 0.91793412 -0.369713724
vn -0.161992073 0.207389861 -0.964752853
vn -0.0770999715 0.151799932 -0.985399604
vn 0.237512037 0.856943429 -0.45742318
vn -0.0536974482 0.0647969246 -0.996452689
vn -0.352510005 0.350909948 -0.867524564
vn -0.125394106 -0.129993886 -0.983553708
vn -0.212094218 -0.252093136 -0.94417429
vn 0.341190517 0.855276227 -0.389989167
vn -0.0887014344 -0.099101603 -0.991115987
vn -0.49099046 0.377792656 -0.784984767
vn 0.296803296 0.896510005 -0.328903675
vn -0.0139005072 0.0231008437 -0.999636471
vn 0.0565985106 0.959174752 -0.277092725
vn 0.186089545 0.941647112 -0.280484259
vn 0.41078043 0.852759421 -0.322584629
vn 0.326593995 0.912483215 -0.246395469
vn 0.168508157 0.96304661 -0.210110158
vn 0.279486984 0.943356037 -0.178791657
vn 0.105702631 -0.145303607 -0.983724475
vn 0.614089489 0.674388468 -0.409992993
vn 0.606408834 0.639609337 -0.472406864
vn 0.53519994 0.722299874 -0.437999934
vn 0.576899707 0.740099609 -0.34559983
vn 0.86180824 0.0535005108 -0.504404843
vn 0.833652079 -0.00489971833 -0.552268267
vn 0.845911205 0.145801932 -0.513006806
vn 0.867314816 -0.0568009727 -0.494508475
vn 0.901236057 0.0265010614 -0.43251732
vn 0.156094432 -0.0557980128 -0.986164868
vn 0.017399922 -0.0387998261 -0.9990955
vn 0.687608898 0.662108541 -0.298003852
vn 0.667810202 0.630809605 -0.395106018
vn 0.985115528 -0.0081001278 -0.171702698
vn 0.973191738 -0.118698992 -0.196998328
vn 0.946689963 -0.0419995524 -0.319396615
vn 0.978211761 0.0475005731 -0.202102438
vn 0.333711237 -0.159805372 -0.929031253
vn 0.468397975 -0.239998966 -0.850296319
vn 0.554105759 -0.324703395 -0.766507983
vn 0.767890096 0.0464993976 -0.638891757
vn 0.799003243 0.0505002029 -0.599202454
vn 0.725485384 0.136397243 -0.674586356
vn 0.747495651 0.127599254 -0.651896238
vn 0.750800848 -0.0130000142 -0.660400748
vn 0.755467296 0.195391536 -0.625372946
vn 0.224802941 -0.0892011672 -0.970312715
vn 0.800715268 0.388707429 -0.455808699
vn 0.831100285 0.255800098 -0.493800163
vn 0.758617342 0.325307429 -0.564512908
vn 0.823324442 0.0227006748 -0.567116857
vn 0.74200964 0.453405887 -0.493806422
vn 0.794083178 0.165696487 -0.584787607
vn 0.484900892 -0.18350035 -0.855101585
vn 0.399513423 -0.0984033048 -0.911430657
vn 0.997825146 -0.06460163 0.0131003298
vn 0.993833303 -0.095703207 -0.0560018793
vn 0.776133478 0.188208118 -0.601825953
vn 0.841368139 0.345286936 -0.41578427
vn 0.654303849 0.238601401 -0.71760422
vn 0.634094596 0.0891992375 -0.768093467
vn 0.997500956 0.0552000515 -0.0441000424
vn 0.726575732 0.259791315 -0.636078775
vn 0.984534979 0.126204491 -0.121504314
vn 0.59050864 0.192602828 -0.783711493
vn 0.675613523 0.419008404 -0.606612146
vn 0.688512802 0.514009535 -0.511609495
vn 0.524298251 -0.112299629 -0.844097197
vn 0.961336017 0.139705241 -0.23730889
vn 0.916565418 0.229191348 -0.327687621
vn 0.921789408 0.269296914 -0.278896809
vn -0.0409998968 -0.0899997726 -0.995097518
vn 0.705518961 0.569415331 -0.421911359
vn 0.795608938 0.471405298 -0.38050428
vn 0.139595941 -0.0774977431 -0.987171233
vn 0.936220944 0.280106276 -0.212204739
vn 0.0381985381 -0.0663974583 -0.997061789
vn 0.277189404 -0.0685973838 -0.958363414
vn 0.165406778 -0.0541022159 -0.984740317
vn 0.901584387 0.3406941 -0.266595393
vn 0.581788182 -0.192696095 -0.790183961
vn 0.970776916 0.218294799 -0.0996976271
vn 0.503399849 -0.0279999934 -0.863599777
vn 0.62969172 -0.253296673 -0.734390318
vn 0.728320837 -0.336509645 -0.596917093
vn 0.634302974 0.607202888 -0.478502244
vn 0.892680228 0.41629079 -0.172696173
vn 0.764644265 -0.367021233 -0.529730678
vn 0.825185537 -0.273395211 -0.494291335
vn 0.626573861 -0.156593472 -0.763468146
vn 0.711190462 -0.228896946 -0.664691091
vn 0.883494437 -0.279398233 -0.375997633
vn 0.770817757 0.555812776 -0.311307162
vn 0.822090566 0.495694309 -0.280096799
vn 0.959287107 -0.268796384 0.0866988376
vn 0.855184257 0.419092268 -0.304994375
vn 0.872759581 0.33718437 -0.352983654
vn 0.97824049 -0.173607185 0.113604702
vn 0.97521764 -0.221203998 0.0044000796
vn 0.990273297 -0.132896408 0.0411988907
vn 0.784432948 -0.212908939 -0.582524478
vn 0.966309667 -0.197701976 0.164801642
vn 0.940912604 -0.260403484 -0.216502905
vn 0.870942235 -0.166208059 -0.462422431
vn 0.947292089 -0.194598377 0.254497886
vn 0.665826738 -0.203108162 -0.717928827
vn 0.981381297 -0.137897372 0.13369745
vn 0.971774995 -0.0443988554 0.231694028
vn 0.754331172 -0.169907019 -0.634126246
vn 0.919618189 -0.229904547 -0.3185063
vn 0.995227456 -0.0797021985 0.0563015528
vn 0.717437029 -0.163208425 -0.677234948
vn 0.617479801 -0.0831972808 -0.782174468
vn 0.851275325 0.475586236 -0.221693575
vn 0.68562907 -0.0735031143 -0.724230707
vn 0.787702918 -0.105800398 -0.606902242
vn 0.996000767 -0.0529000424 0.0720000565
vn 0.762832522 -0.122805238 -0.634827077
vn 0.827588558 -0.103598572 -0.551692367
vn 0.893764317 -0.0709971637 -0.442882329
vn 0.830687046 -0.137897849 -0.539391577
vn 0.795287311 -0.101998374 -0.597590506
vn 0.982837737 -0.011600445 0.184107065
vn 0.992572844 -0.0559984669 0.107997045
vn 0.974151969 0.0232988503 0.224688917
vn 0.923814714 -0.126302019 -0.36140576
vn 0.732706904 0.606805742 -0.308102906
vn 0.923598707 -0.179199755 0.338899523
vn 0.925787807 -0.13079828 0.35469532
vn 0.935339212 -0.151406348 0.319713414
vn 0.440310657 0.426610321 -0.790019095
vn 0.456483871 0.255790949 -0.852169871
vn 0.428697228 0.458097011 -0.778694928
vn 0.974375904 0.039699018 0.221394524
vn 0.226005062 0.00290006492 -0.974121809
vn 0.379205167 -0.000200002716 -0.925312579
vn 0.572707355 0.329304248 -0.750709653
vn 0.939605296 0.0063000354 0.342201948
vn 0.35449639 0.0466995239 -0.933890522
vn 0.955073774 0.0323991105 0.294591904
vn 0.630702078 0.717602372 -0.295400977
vn 0.472806811 0.520907521 -0.710710227
vn 0.599283814 -0.0514986105 -0.798878431
vn 0.613907933 0.0348004475 -0.78861016
vn 0.460396945 0.061299596 -0.88559413
vn 0.497110307 0.451909363 -0.740715384
vn 0.595726669 0.773734629 -0.215509653
vn 0.503504276 0.492604166 -0.709806025
vn 0.606004119 0.0719004869 -0.792205393
vn 0.698270261 0.680770993 -0.221290573
vn 0.530219674 0.492818266 -0.689925551
vn 0.497708589 0.574709892 -0.649611175
vn 0.549983978 0.494585603 -0.672980428
vn 0.574117422 0.228906959 -0.786123872
vn 0.668919206 0.264407575 -0.694719911
vn 0.638058364 0.751550972 -0.167489082
vn 0.447710454 0.172304019 -0.877420485
vn 0.675246954 0.368325621 -0.639044464
vn 0.994999111 0.0530999526 0.0845999271
vn 0.991715133 0.128301963 0.0063000964
vn 0.566998482 0.0409998931 -0.822697818
vn 0.830402315 0.539001524 -0.141100392
vn 0.818573773 0.541682661 -0.191093877
vn 0.667214751 0.12550278 -0.734216273
vn 0.979862154 0.106195897 0.169093475
vn 0.641281009 0.473885983 -0.603482127
vn 0.987660825 0.140094444 0.0699972212
vn 0.970462739 0.241190732 0.00539979246
vn 0.569513261 0.538512528 -0.621014416
vn 0.975991249 0.182298362 0.119198933
vn 0.867680788 0.494989038 -0.0459989831
vn 0.920663834 0.373885304 -0.112195596
vn 0.68520385 -0.00830004644 -0.728304088
vn 0.789493024 0.575094938 -0.214398116
vn 0.762374341 -0.0351988152 -0.646178305
vn 0.944463134 0.328387171 -0.01229952
vn 0.730500162 0.0333000086 -0.682100177
vn 0.899913251 0.144002125 -0.411606044
vn 0.875150681 0.237013713 -0.421824425
vn 0.91795224 0.395722508 0.0277015772
vn 0.740930915 0.65772742 -0.135705665
vn 0.794830263 0.594522655 -0.121604629
vn 0.786870539 -0.0131995063 -0.616976917
vn 0.828566372 -0.0038998418 -0.559877276
vn 0.952513039 0.287503928 0.100301377
vn 0.952280223 0.237195075 0.19209601
vn 0.964266181 0.138595149 0.22579208
vn 0.832254708 0.552769899 -0.0423976928
vn 0.948981881 0.0608988367 0.309394091
vn 0.787600398 0.616100311 -0.0103000049
vn 0.835778296 0.546785831 0.0499987043
vn 0.817788482 0.57139194 0.0687990263
vn 0.841337562 0.533623815 0.08600384
vn 0.950248599 -0.298115253 -0.0903046206
vn 0.699433386 0.70713377 -0.103704952
vn 0.893116474 0.4389081 0.0985018164
vn 0.935389042 0.319996268 0.150498241
vn 0.980002224 -0.17180039 -0.100400232
vn 0.751599848 0.658899844 0.0307999942
vn 0.95517683 -0.13629669 -0.26279363
vn 0.601497948 0.79789722 -0.039499864
vn 0.480828583 0.784546614 -0.391523272
vn 0.472296655 0.599795759 -0.645895422
vn 0.551825166 0.6073277 -0.571526051
vn 0.576296747 0.583696663 -0.571996748
vn 0.50788933 0.801883101 -0.314693362
vn 0.589099765 0.625399709 -0.511699796
vn 0.493180603 0.837867081 -0.233990803
vn 0.554812908 0.643114984 -0.527812302
vn 0.640898108 0.555198371 -0.530098438
vn 0.377391756 0.912180066 -0.159696504
vn 0.446094483 0.883889079 -0.140498266
vn 0.543014288 0.828121781 -0.139103651
vn 0.940961301 0.0635973886 -0.332486331
vn 0.869556546 0.491975397 0.0427978598
vn -0.374606967 -0.178103313 0.909916937
vn -0.462383062 -0.161394089 0.871868014
vn -0.408990443 -0.258093983 0.875279546
vn -0.468415231 -0.266908675 0.84222734
vn -0.520589471 -0.179696351 0.834683061
vn -0.498488545 -0.00529987831 0.866880059
vn -0.436294913 0.0272996817 0.899389505
vn -0.452305585 0.102001257 0.886010945
vn -0.312813222 -0.39771682 0.86253649
vn -0.411583871 -0.391984642 0.822767735
vn -0.355288863 -0.45278579 0.817774355
vn -0.509316504 -0.0675021857 0.857927799
vn -0.413221538 -0.0672035068 0.908147395
vn -0.387094349 -0.340695024 0.856787503
vn -0.325498551 -0.320698559 0.889496028
vn -0.338107646 -0.400109023 0.851819217
vn -0.522995293 -0.314997166 0.791992843
vn -0.475879133 -0.370283753 0.797765017
vn -0.334109753 0.0309009012 0.942027509
vn -0.33309865 -0.29089883 0.896896422
vn -0.353795439 0.156197995 0.922188163
vn -0.547795594 0.126498982 0.826993346
vn -0.548810244 0.0298005566 0.835415602
vn -0.454687595 0.188494861 0.870476246
vn -0.406107366 0.274204969 0.871715784
vn -0.340990782 0.21489419 0.915175259
vn -0.499204457 0.230702057 0.835207462
vn -0.552411735 0.249305308 0.795416951
vn -0.558802307 -0.122500509 0.820203364
vn -0.576092482 -0.0422994457 0.816289306
vn -0.581805468 -0.235102206 0.778607309
vn -0.46508345 0.268490434 0.843569934
vn -0.636614859 0.0159003716 0.771017969
vn -0.353603244 0.312902868 0.881508112
vn -0.433980197 0.357483685 0.826962292
vn -0.297886521 -0.352184057 0.887259841
vn -0.371794999 0.416594386 0.82958883
vn -0.313504606 0.376605511 0.871712744
vn -0.237903371 0.337104768 0.910912931
vn -0.585772753 -0.577773094 0.568373561
vn -0.625804126 -0.599303961 0.499203295
vn -0.526796818 -0.658796012 0.537096739
vn -0.93791163 -0.0319003947 0.345404297
vn -0.958844125 -0.0413019024 0.280912936
vn -0.940416634 -0.143402532 0.308305442
vn -0.625083745 -0.118696921 0.771479964
vn -0.659487724 -0.533290088 0.529790163
vn -0.91169858 -0.166299745 0.375699431
vn -0.632586718 -0.510889292 0.582087755
vn -0.559675872 -0.568175495 0.603273988
vn -0.898403764 -0.0935003906 0.429101795
vn -0.500191748 -0.62038976 0.604090035
vn -0.962974548 0.047398746 0.265392989
vn -0.97509104 -0.091399163 0.202098146
vn -0.623191357 0.129998207 0.771189332
vn -0.719589591 0.050099276 0.692589998
vn -0.260210425 -0.754330218 0.602724135
vn -0.491522133 -0.680830657 0.54302448
vn -0.41569671 -0.740694165 0.527795851
vn -0.927825093 -0.0245006625 0.372210056
vn -0.924722373 0.0623015054 0.375509083
vn -0.928460836 -0.361784756 0.0840964541
vn -0.884299219 -0.445999622 0.138199881
vn -0.447285712 -0.657078981 0.606780589
vn -0.397197515 -0.677095771 0.619496107
vn -0.664705098 -0.268202066 0.697305381
vn -0.621123731 -0.384114653 0.683126092
vn -0.911497414 0.00239999313 0.411298841
vn -0.86057359 -0.476385385 0.180194467
vn -0.47072348 -0.581728995 0.663333058
vn -0.995971382 0.0731978938 -0.0517985113
vn -0.998837471 -0.000500018767 0.0482018106
vn -0.991060972 0.132494777 0.0155993849
vn -0.985724866 0.0920023248 0.141003564
vn -0.986774147 -0.0188995041 0.160995781
vn -0.398178428 -0.619666457 0.676363409
vn -0.346508294 -0.678716242 0.647515476
vn -0.328292102 -0.623584986 0.709482908
vn -0.977603734 0.182100683 0.1055004
vn -0.954313338 0.29800415 0.0219003055
vn -0.922688305 -0.339295685 0.183097675
vn -0.886801422 -0.391300648 0.245900407
vn -0.70199877 -0.157699719 0.694498777
vn -0.889587879 -0.304795861 0.340195358
vn -0.933444083 -0.266084045 0.24058558
vn -0.35718444 -0.544276297 0.759066939
vn -0.446510047 -0.502111316 0.740616679
vn -0.950231612 0.202906758 0.236407876
vn -0.981043756 0.181908116 -0.0668029785
vn -0.555213928 -0.515712976 0.652516365
vn -0.949268222 0.303289831 -0.0830972195
vn -0.489580989 -0.819568217 0.297688454
vn -0.5415833 -0.769576311 0.338289589
vn -0.58243835 -0.78965199 0.192912698
vn -0.896832526 0.442016006 0.0177006405
vn -0.648117006 -0.474412471 0.595715642
vn -0.555608153 -0.439306438 0.705910385
vn -0.947713494 0.279503971 0.15400219
vn -0.414701581 -0.867503285 0.274701029
vn -0.920712531 0.374505073 0.109701492
vn -0.944517076 0.127502307 0.302705467
vn -0.929694235 0.199698761 0.309498072
vn -0.378194302 -0.851887167 0.362294555
vn -0.383895218 -0.809789896 0.443694472
vn -0.887766302 0.164793745 0.429783672
vn -0.456294149 -0.769990087 0.445994258
vn -0.867583096 0.0882982761 0.489390463
vn -0.977873206 -0.208794281 -0.0129996436
vn -0.950368881 -0.309889853 -0.0276990943
vn -0.883087873 0.275796235 0.379594803
vn -0.315402657 -0.818606913 0.480004042
vn -0.917370141 0.307290018 0.252991766
vn -0.315993279 -0.785783291 0.53168869
vn -0.891646981 0.407521456 0.197210386
vn -0.771606565 -0.628905356 0.0954008177
vn -0.870403767 0.343201488 0.353001505
vn -0.834740222 -0.540226042 0.106605135
vn -0.988997161 -0.103499703 -0.105699696
vn -0.838397026 0.443398416 0.316998869
vn -0.99077785 -0.135196984 0.00899979938
vn -0.828715265 -0.53110981 0.176503256
vn -0.992336452 -0.0431015827 -0.115804255
vn -0.980372846 -0.0303991586 -0.19479461
vn -0.840985835 -0.31599468 0.439192623
vn -0.91825372 -0.217089072 0.331183314
vn -0.708070815 -0.695871353 0.119995058
vn -0.880699635 -0.219399899 0.419799805
vn -0.680323005 -0.721824408 0.127004296
vn -0.98314482 -0.14640668 0.10950499
vn -0.830201805 0.00830001757 0.55740118
vn -0.798201859 0.196900457 0.569301307
vn -0.817824543 -0.235407054 0.525115728
vn -0.780903459 -0.314501405 0.539702415
vn -0.774169564 0.0761970058 0.628375292
vn -0.856465399 -0.153093815 0.492980063
vn -0.960354507 -0.258814692 0.103605881
vn -0.734692991 0.212697983 0.644193888
vn -0.733307183 -0.645406306 0.213802084
vn -0.680881262 0.163195506 0.713980377
vn -0.833314359 -0.0593010224 0.549609482
vn -0.633100867 -0.730301023 0.25660035
vn -0.811827242 -0.151805088 0.563818932
vn -0.957565427 -0.186793253 0.219492078
vn -0.681726813 -0.664026141 0.307112098
vn -0.759300232 -0.208600059 0.616400182
vn -0.724803507 -0.345601648 0.596002877
vn -0.73318243 0.308192611 0.606185496
vn -0.998124719 -0.0611015111 -0.0037000915
vn -0.869513988 0.000600009633 0.493907958
vn -0.674443841 0.277618051 0.684144497
vn -0.809389532 0.319595873 0.492693633
vn -0.724526644 0.384814143 0.571821034
vn -0.991916358 -0.0696011484 0.106101751
vn -0.995822549 0.0148003353 -0.0901020393
vn -0.950628161 0.16740495 -0.261307746
vn -0.954027295 0.195005581 -0.22760652
vn -0.914096415 0.274998933 -0.297998846
vn -0.809881985 -0.537988067 0.233794808
vn -0.968321681 -0.0553012379 -0.243505448
vn -0.96807456 0.00919975806 -0.250493437
vn -0.972520888 0.0559011996 -0.226004854
vn -0.986893356 0.0346997678 -0.157598943
vn -0.981493771 0.124499209 -0.145499066
vn -0.840515852 0.229004323 0.491009265
vn -0.966128945 0.0860025734 -0.243307292
vn -0.62059617 0.233698562 0.7484954
vn -0.732496798 -0.574397504 0.365398407
vn -0.66241622 -0.64851588 0.375009179
vn -0.671003997 -0.621003747 0.405102432
vn -0.776369989 0.414983958 0.474381655
vn -0.699305892 -0.61940521 0.35680303
vn -0.829543591 -0.470624715 0.300615788
vn -0.752297103 -0.496898085 0.432598352
vn -0.595318973 0.325910389 0.734423399
vn -0.804696083 -0.126299381 0.580097139
vn -0.959764123 0.23139134 -0.159094051
vn -0.775875211 -0.0691977888 0.627079964
vn -0.672311604 0.365206301 0.643911123
vn -0.847940087 -0.464721948 0.255012035
vn -0.66379571 0.444497138 0.6014961
vn -0.607717037 0.401611269 0.685119212
vn -0.854150653 -0.454673737 0.252385437
vn -0.8510952 -0.455997437 0.260198534
vn -0.697701275 -0.0893001631 0.710801244
vn -0.813816965 -0.0266005546 0.580512106
vn -0.588502109 0.427701563 0.686102509
vn -0.531978726 0.436182529 0.72577095
vn -0.650001824 -0.646201789 0.399901122
vn -0.58532393 -0.727229774 0.358514667
vn -0.514119267 -0.731227398 0.448316783
vn -0.563894153 -0.679892957 0.468795151
vn -0.638820171 -0.63221997 0.438413858
vn -0.516884565 0.346089661 0.782976568
vn -0.475292683 0.416893601 0.774788082
vn -0.686686337 -0.565188766 0.457190901
vn -0.760502875 -0.511501908 0.400001496
vn -0.723610103 -0.481406718 0.494606912
vn -0.840503395 -0.451301813 0.299801201
vn -0.79503566 -0.474921286 0.377316922
vn -0.857671857 -0.379287541 0.347188622
vn -0.803792715 -0.432396084 0.408596277
vn -0.787218332 -0.369908631 0.493411481
vn -0.737007678 -0.465104848 0.490405113
vn -0.712029338 -0.451518625 0.53772217
vn -0.713998437 -0.422899067 0.557998776
vn -0.691004872 -0.47080332 0.548503876
vn 0.0570986122 0.0466988645 0.99727577
vn -0.061200995 0.00430007 0.998116195
vn 0.0134994686 -0.0359985828 0.999260664
vn 0.0326001942 -0.34940207 0.936405599
vn -0.0727006346 -0.33890298 0.938008189
vn -0.0823035985 -0.379216582 0.921640337
vn 0.0549024418 -0.269111961 0.961542785
vn 0.0434998274 0.193699226 0.980096102
vn -0.0488023311 0.167007968 0.984746993
vn -0.280801684 -0.410802454 0.867405176
vn 0.12479537 -0.346087158 0.929865479
vn 0.171607584 -0.307513595 0.935941339
vn -0.250110984 -0.473320812 0.844637156
vn -0.300215632 -0.451323509 0.840343773
vn -0.297197461 -0.562695205 0.771393418
vn 0.146699533 -0.417198688 0.896897137
vn 0.227192655 -0.391087353 0.891871154
vn -0.274209142 -0.366412193 0.889129579
vn -0.307010174 -0.335711122 0.890529513
vn 0.314712822 0.111304536 0.942638397
vn 0.172503039 0.128302261 0.976617217
vn 0.176807404 -0.0029001215 0.984241188
vn 0.290499657 -0.348899573 0.8909989
vn 0.172503039 0.128302261 0.976617217
vn 0.176807404 -0.0029001215 0.984241188
vn -0.203797773 -0.528994203 0.823790967
vn -0.270907074 -0.342208952 0.89972353
vn 0.3494021 -0.291101754 0.89060539
vn 0.201701283 -0.245401561 0.948206007
vn -0.14050509 -0.402814627 0.904432833
vn -0.20800215 -0.392304063 0.896009266
vn -0.190110415 -0.452724785 0.871147692
vn 0.0435022973 -0.407321513 0.912248194
vn -0.247096181 -0.410193682 0.877886474
vn 0.181699648 0.262399495 0.947698116
vn 0.0577976368 0.304487556 0.950761139
vn -0.208801776 -0.365703136 0.907007754
vn -0.11749921 -0.472996801 0.873194098
vn -0.138501555 -0.611906886 0.778708756
vn 0.314712822 0.111304536 0.942638397
vn 0.308885276 0.211189926 0.927355766
vn 0.248090103 -0.196192175 0.948662162
vn 0.145596296 -0.191795111 0.970575273
vn 0.293810159 0.0210007261 0.955633044
vn 0.415489525 0.060598474 0.907577157
vn -0.144505054 -0.371712983 0.917032003
vn -0.0862024277 -0.385610849 0.918625832
vn -0.138297021 -0.386691689 0.911780417
vn 0.218791708 -0.046498239 0.974663079
vn 0.0568967536 -0.556268275 0.829052687
vn 0.0894002691 -0.667302012 0.739402235
vn 0.194911405 -0.633437037 0.748843789
vn -0.163903296 -0.297905982 0.940418899
vn -0.041499529 -0.173898026 0.983888865
vn -0.0363992527 -0.547088742 0.836282849
vn 0.323101282 -0.0577002279 0.944603741
vn 0.0396985039 -0.172193512 0.984262884
vn 0.0743023977 -0.13370432 0.988231897
vn 0.405093759 0.20329687 0.891386271
vn -0.179599226 -0.350198478 0.919296026
vn 0.405093759 0.20329687 0.891386271
vn -0.0212001279 -0.0232001394 0.999506056
vn -0.284794539 -0.252695143 0.92468226
vn -0.218491212 -0.0232990626 0.975560725
vn -0.329814255 -0.101804398 0.938540578
vn 0.467883945 0.156794608 0.86977011
vn -0.2255923 -0.286090225 0.931268215
vn -0.0463005044 -0.436504751 0.8985098
vn -0.0501011536 0.0290006679 0.998323023
vn -0.200705811 -0.151104376 0.967927992
vn -0.147996128 -0.194494903 0.969674647
vn -0.109405719 0.0477024913 0.992851853
vn 0.224103674 0.138902277 0.964615822
vn 0.21158874 -0.00459975516 0.97734797
vn 0.0144000882 -0.0195001196 0.999706149
vn 0.0318005383 -0.469207942 0.882514954
vn -0.0221011247 0.327916682 0.944448054
vn 0.122695565 0.240091324 0.96296519
vn 0.190106094 0.146104679 0.970831156
vn -0.243208542 0.12150427 0.962333798
vn 0.120200939 -0.489803851 0.863506794
vn -0.205906615 -0.254008144 0.945030332
vn 0.126006737 -0.175109372 0.976452231
vn -0.0464016683 -0.10550379 0.993335724
vn 0.0513006747 -0.477906287 0.876911521
vn -0.288010597 -0.056902092 0.95593518
vn -0.459915936 -0.19480674 0.866330028
vn 0.051499635 -0.461596727 0.885593712
vn 0.17470184 -0.522405505 0.834608734
vn -0.161902577 -0.357905686 0.919614613
vn -0.213803455 0.158602566 0.963915586
vn 0.362480253 -0.183490008 0.913750231
vn 0.237695485 -0.0989981219 0.966281652
vn 0.447514087 -0.0807025358 0.89062804
vn 0.122398838 -0.45779565 0.880591631
vn -0.125797644 0.0792985186 0.988881528
vn 0.496186048 -0.00839976408 0.868175566
vn -0.265296996 0.262697011 0.927689493
vn 0.509213209 0.075501956 0.857322216
vn 0.20929414 -0.451887369 0.867175758
vn 0.264698684 -0.476297617 0.838495791
vn -0.187192127 0.253089368 0.949160099
vn -0.196301728 0.268702358 0.943008304
vn -0.428786427 0.162494853 0.888671815
vn 0.0134994686 -0.0359985828 0.999260664
vn -0.187796429 -0.0210995991 0.981981337
vn -0.287491351 -0.111496642 0.951271355
vn 0.0570986122 0.0466988645 0.99727577
vn -0.287491351 -0.111496642 0.951271355
vn 0.139507249 -0.0804041773 0.986951292
vn -0.122503296 0.355209559 0.926724911
vn -0.14220123 0.172401488 0.974708438
vn 0.326187551 -0.428383648 0.842667878
vn -0.0812973082 0.256691515 0.963068128
vn -0.0139994873 0.360986769 0.932465851
vn 0.425108731 -0.326206684 0.844317317
vn 0.411017418 -0.241210222 0.879137278
vn 0.415416718 -0.394915879 0.819432974
vn 0.537882924 -0.35938859 0.762575805
vn 0.485616595 -0.155505314 0.860229373
vn 0.479210079 -0.255405366 0.839717686
vn 0.555108309 -0.24260363 0.795611858
vn 0.582271993 -0.113294549 0.805061281
vn 0.66560483 -0.194901407 0.720405221
vn 0.58340919 0.016400259 0.812012792
vn 0.536196887 0.135199204 0.83319509
vn 0.596581638 0.0797975436 0.798575401
vn 0.654628038 -0.0280012004 0.755432367
vn -0.0184992161 -0.676871359 0.735868871
vn -0.162501842 -0.698207915 0.697207928
vn 0.624718726 -0.455513656 0.63421905
vn 0.695935905 -0.326016814 0.639832973
vn 0.62907511 -0.353586018 0.692272663
vn 0.549698114 -0.490498334 0.676197708
vn 0.581611693 -0.38920784 0.714314401
vn -0.288098603 -0.865295768 0.410198003
vn -0.186401784 -0.893108487 0.40940389
vn 0.400704831 -0.502506018 0.766109228
vn 0.496288747 -0.488788903 0.717483699
vn 0.288787812 -0.563676238 0.773867369
vn -0.212613598 -0.84175384 0.496231735
vn 0.430015206 -0.765827119 0.4781169
vn 0.480493963 -0.730090857 0.485893905
vn 0.480201572 -0.6931023 0.537601769
vn 0.442510933 -0.716617703 0.539113283
vn 0.347293705 -0.766186118 0.540690184
vn -0.12009915 -0.865893841 0.485596567
vn -0.0817961693 -0.848660231 0.522575498
vn 0.784587622 -0.257995933 0.563791096
vn 0.710702479 -0.206500724 0.672502339
vn 0.381593168 -0.683387756 0.62238884
vn 0.453515351 -0.648921967 0.610920668
vn 0.62052089 -0.283309549 0.731224656
vn -0.254204899 -0.797115386 0.547710598
vn 0.417406112 -0.585908592 0.694610178
vn 0.307698518 -0.670496821 0.67509675
vn 0.777490675 -0.144398272 0.612092674
vn 0.833904803 -0.204801172 0.512502968
vn -0.19410032 -0.785001278 0.588300943
vn -0.153000921 -0.818604946 0.553603351
vn 0.845281184 -0.0857980922 0.527388275
vn 0.782706499 -0.0619005151 0.619305134
vn 0.0740972236 -0.892866552 0.444183379
vn 0.69822973 -0.0873037204 0.710530281
vn 0.753332436 0.003900168 0.657628298
vn -0.351312399 -0.728325665 0.588320732
vn -0.271194071 -0.751683533 0.601186872
vn 0.525700688 -0.668000877 0.526700675
vn 0.589324772 -0.641326964 0.49132067
vn 0.499492198 -0.681389391 0.534991622
vn 0.539604843 -0.648505807 0.536904812
vn 0.628789425 -0.595089972 0.50049156
vn 0.621083558 -0.614083707 0.486987084
vn -0.091299355 -0.80819428 0.581795871
vn 0.676984966 -0.535988092 0.504388809
vn 0.615036547 -0.543632329 0.571133912
vn -0.159294605 -0.75297451 0.638478398
vn -0.116698205 -0.787787855 0.604790688
vn 0.677486002 0.057498809 0.733284831
vn 0.708092928 -0.477495253 0.520194829
vn -0.459915936 -0.19480674 0.866330028
vn -0.0222011376 -0.791140556 0.611231327
vn 0.169295937 -0.884278774 0.435189545
vn 0.515712619 -0.587914348 0.623215199
vn 0.000300003449 -0.84210968 0.539306223
vn 0.281010211 0.308311194 0.908833027
vn 0.730110109 -0.444606125 0.518907189
vn 0.0964999124 -0.821899235 0.56139946
vn 0.74921751 -0.3805089 0.542112648
vn 0.233507201 -0.818625271 0.524716198
vn 0.848950505 -0.376922429 0.370422035
vn 0.809836626 -0.330614954 0.484621912
vn 0.842819095 -0.254705757 0.474110723
vn 0.868910253 -0.14710173 0.472605586
vn 0.0890977085 -0.786379755 0.611284256
vn 0.86238277 -0.166796669 0.477990448
vn -0.061200466 -0.744505703 0.664805055
vn 0.000799984031 -0.754684925 0.656086922
vn 0.245283961 -0.758650422 0.603560567
vn 0.117399029 -0.738193929 0.664294541
vn -0.259002715 -0.718407571 0.645606816
vn -0.23940669 -0.637717843 0.732120454
vn -0.318404943 0.48090747 0.816912651
vn -0.263104439 0.44690755 0.855014443
vn -0.209196314 0.404292852 0.890384316
vn -0.413224697 0.44792676 0.792847395
vn -0.427990764 0.899380565 0.0890980735
vn -0.452308446 0.891616642 -0.020900391
vn -0.525080025 0.8468678 0.0842967927
vn -0.898874104 0.337090284 -0.279991925
vn -0.357407689 0.925719917 0.12370266
vn -0.373999119 0.927297831 0.0155999642
vn -0.923629105 0.334010541 -0.188005924
vn -0.446305662 0.508006454 0.736709356
vn -0.898874104 0.337090284 -0.279991925
vn -0.517314672 0.854924262 -0.0386010967
vn -0.599211156 0.797714829 0.0678012595
vn -0.37100485 0.525106847 0.765910029
vn -0.718005478 0.651904941 0.243901849
vn -0.693796694 0.714896619 0.0869995877
vn -0.772189915 0.624091864 0.119298443
vn -0.274310321 0.959736049 0.0605022758
vn -0.290109307 0.954930604 -0.0628020167
vn -0.278787553 0.945757747 0.166792557
vn -0.636587262 0.740485191 0.215495691
vn -0.177398473 0.979591608 0.0944991857
vn -0.538223565 0.819835901 0.195408553
vn -0.564491689 0.78538847 0.253996253
vn -0.203891829 0.978960752 0.00799967907
vn -0.467504144 0.620005488 0.630105615
vn -0.529500842 0.520700812 0.66970104
vn -0.375495434 0.640192211 0.670191824
vn -0.746038139 0.600730717 0.287314683
vn -0.671195745 0.660095811 0.337297857
vn -0.570075035 0.750467122 0.334385365
vn -0.846346736 0.474526197 -0.241913363
vn -0.856824696 0.392711312 -0.334109634
vn -0.894417405 0.419808179 -0.154202998
vn -0.329898149 0.910994887 0.247498602
vn -0.803510308 0.477406114 -0.355604559
vn -0.454279929 0.879161179 0.143893644
vn -0.760279536 0.571184635 -0.309391677
vn -0.39838469 0.890765727 0.218691587
vn -0.810078979 0.543685853 -0.219494298
vn -0.280495584 0.57949084 0.765187919
vn -0.279101938 0.680904746 0.677104712
vn -0.775087655 0.582590699 -0.244596094
vn -0.156896427 0.962778091 0.220094994
vn -0.468996167 0.851693034 0.233798087
vn -0.257699579 0.923298538 0.284799546
vn -0.911975145 0.399889082 -0.0915974975
vn -0.308617711 0.883250713 0.353020251
vn -0.104904741 0.994144917 0.0259011704
vn -0.462093085 0.814587831 0.350594759
vn -0.114104591 0.991339922 -0.0650026128
vn -0.393808156 0.853717685 0.340707064
vn -0.244005874 0.515012383 0.821719766
vn -0.17849654 0.574388862 0.798884511
vn 0.0126000149 0.990901232 0.134000167
vn -0.0123001495 0.999412179 -0.032000389
vn -0.849097133 0.519198239 -0.0972996727
vn -0.591293573 0.68809253 0.420595437
vn -0.10889598 0.981863737 0.155194268
vn -0.532783449 0.792575359 -0.296590775
vn -0.48070249 0.849404395 -0.217801124
vn -0.779668212 0.616774857 -0.108195588
vn 0.145406753 0.987945855 0.0531024635
vn -0.518707871 0.765011609 0.381705821
vn 0.231802836 0.954911709 0.185502276
vn 0.303698629 0.938195825 0.165999264
vn 0.276602805 0.960309744 0.0360003673
vn 0.170300364 0.958101988 0.230300486
vn -0.840352297 0.541569293 -0.0225987174
vn -0.514486313 0.72138083 0.463587672
vn -0.586128831 0.63003099 0.509425044
vn -0.539990306 0.664488077 0.516590774
vn -0.539417505 0.657921374 0.525517046
vn -0.468288302 0.878378093 -0.0956976116
vn -0.48070249 0.849404395 -0.217801124
vn -0.527192175 0.836987555 -0.146697819
vn -0.385979563 0.905252099 -0.177590609
vn 0.064302519 0.963137805 0.261210233
vn -0.740582347 0.547286987 -0.389890701
vn -0.400797576 0.792895198 0.45899722
vn -0.760279536 0.571184635 -0.309391677
vn -0.70073545 0.627831757 -0.338817149
vn -0.196704298 0.923720181 0.328707188
vn -0.482008696 0.684512377 0.546909869
vn -0.0652000457 0.939100623 0.337400228
vn -0.106497481 0.890178978 0.442989528
vn 0.00120004569 0.905934513 0.423416138
vn -0.386596948 0.880793035 -0.273397833
vn 0.0916000754 0.930900753 0.353600293
vn -0.70073545 0.627831757 -0.338817149
vn -0.671714306 0.687714696 -0.275405884
vn -0.321788967 0.930668116 -0.174094036
vn 0.0333003551 0.867909253 0.49560529
vn 0.174302772 0.881514013 0.438806981
vn -0.701760113 0.679861367 -0.212887898
vn -0.393817157 0.732931912 0.554724157
vn -0.322300732 0.792401791 0.517901182
vn -0.332696646 0.823291659 0.459895343
vn -0.0351998694 0.960196376 0.277098954
vn -0.671714306 0.687714696 -0.275405884
vn -0.260000706 0.91030252 -0.322100878
vn 0.209592715 0.917368114 0.338388234
vn 0.281896144 0.912287533 0.297095954
vn -0.584397554 0.778396726 -0.229299039
vn -0.634092689 0.708791852 -0.309096426
vn -0.287096918 0.845090926 0.450995177
vn -0.23630622 0.951725006 -0.195905149
vn -0.192092374 0.944162548 -0.267689377
vn -0.779713869 0.524609327 0.341806054
vn -0.854308426 0.482604772 0.193001911
vn -0.532783449 0.792575359 -0.296590775
vn -0.120804362 0.977235258 -0.17440629
vn -0.0752999112 0.959798872 -0.27039969
vn -0.726700485 0.506200314 0.464400291
vn -0.664482832 0.499787092 0.555585623
vn -0.41011405 0.908231139 -0.0832028538
vn -0.721898317 0.565598667 0.398699075
vn -0.797325969 0.602319598 0.0385012552
vn -0.659879744 0.593881786 0.460285902
vn -0.711575508 0.701475859 -0.0398986265
vn -0.624998152 0.76259774 -0.166799501
vn -0.181898281 0.981290698 -0.0630994067
vn -0.618669331 0.55987227 0.551172674
vn -0.23678638 0.784554899 0.573067069
vn -0.554481149 0.593479812 0.583380163
vn -0.201606899 0.828828335 0.52191782
vn 0.000200005714 0.97892797 -0.204205826
vn -0.604585111 0.477588266 0.637484312
vn -0.13559334 0.815759897 0.56227237
vn -0.0440004803 0.992710829 -0.112201229
vn -0.573740363 0.522236705 0.630944371
vn 0.103698805 0.982488692 -0.154798225
vn -0.576604366 0.810606182 -0.102200776
vn 0.134396002 0.989670575 -0.0498985164
vn -0.0728005916 0.841706872 0.535004377
vn -0.105301037 0.800207913 0.590405822
vn 0.000200005714 0.97892797 -0.204205826
vn -0.510915399 0.854725718 -0.0917027593
vn 0.108799323 0.971693993 -0.209698692
vn -0.0598031171 0.809742153 0.5837304
vn 0.108799323 0.971693993 -0.209698692
vn 0.00410012295 0.762122869 0.647419453
vn 0.0420001186 0.823402345 0.565901577
vn -0.294709384 0.751523912 0.590218782
vn 0.205310285 0.969848573 -0.131306574
vn 0.168508157 0.96304661 -0.210110158
vn 0.279486984 0.943356037 -0.178791657
vn 0.273108542 0.959730089 -0.0658020601
vn -0.863011777 0.479806572 0.158102155
vn -0.846630037 0.524618626 0.0894031674
vn -0.844863653 0.534077048 0.0310986619
vn -0.198202893 0.688010037 0.698110163
vn -0.0230999384 0.676698208 0.735898018
vn -0.113902941 0.757419527 0.64291662
vn -0.126300871 0.648104429 0.751005173
vn -0.807110608 0.544807136 0.227502987
vn -0.826474547 0.541983306 0.152295321
vn -0.192704171 0.865418732 0.46251002
vn -0.635809839 0.771311939 -0.0287004448
vn 0.0859944448 0.841945589 0.532665551
vn 0.285808414 0.423912466 0.859425247
vn 0.355608404 0.368508697 0.858920276
vn 0.340905339 0.443306923 0.82901299
vn 0.513775051 0.248787925 0.821060121
vn 0.418491721 0.329393476 0.846383274
vn 0.437579572 0.244288594 0.865359604
vn 0.477793783 0.348495454 0.806389511
vn 0.1970893 0.457575172 0.867052913
vn 0.241410553 0.391517103 0.887938797
vn 0.433090806 0.411991239 0.801682949
vn 0.582879305 0.159394339 0.796771705
vn 0.647977829 0.121695831 0.751874268
vn 0.108901665 0.487307429 0.866413236
vn 0.15120706 0.378317684 0.913242638
vn 0.530182719 0.338288963 0.777474642
vn -0.0857970119 0.445084512 0.891368985
vn 0.247799635 0.498699278 0.830598772
vn 0.168198153 0.535694122 0.827490926
vn 0.384616017 0.290612102 0.876136482
vn -0.182302818 0.470407277 0.863413393
vn 0.0552011579 0.427308947 0.902418911
vn -0.0709985271 0.506889522 0.859082222
vn -0.137302399 0.512208998 0.847814858
vn -0.0345980078 0.554068089 0.831752062
vn -0.122200936 0.551304221 0.825306356
vn 0.310692489 0.348091573 0.884478629
vn 0.029700214 0.550803959 0.834106028
vn 0.0788964406 0.594973147 0.799863935
vn -0.0237990078 0.613974392 0.788967073
vn 0.0956047252 0.528326094 0.843641698
vn 0.183606416 0.584120393 0.790627599
vn 0.336909324 0.471413076 0.815022588
vn 0.437988073 0.431088269 0.78887856
vn 0.0103002228 0.480710387 0.876818955
vn 0.346303821 0.539305925 0.767608464
vn 0.46912089 0.476221204 0.743733108
vn 0.490295947 0.195298389 0.849392951
vn 0.467883945 0.156794608 0.86977011
vn 0.490295947 0.195298389 0.849392951
vn 0.582879305 0.159394339 0.796771705
vn 0.566603899 0.242801681 0.787405431
vn 0.620084584 0.300792515 0.724581957
vn 0.779575229 0.287190884 0.556582332
vn 0.723196268 0.295998484 0.623996794
vn 0.735416651 0.209504738 0.644414544
vn 0.284302294 0.832906663 0.474803805
vn 0.40049848 0.765697062 0.503298104
vn 0.39861992 0.831641555 0.386619329
vn 0.323596805 0.872291386 0.366596371
vn 0.673700154 0.566800117 0.4742001
vn 0.716591895 0.49049446 0.495894402
vn 0.743432403 0.499621779 0.444619358
vn 0.0780971572 0.73717314 0.671175539
vn 0.0817983896 0.799784243 0.594688296
vn 0.620186388 0.367991924 0.692784786
vn 0.614500463 0.444900334 0.651500463
vn 0.531412244 0.429909885 0.729916811
vn 0.815511048 0.168702289 0.553607523
vn 0.859188616 0.189197496 0.475393713
vn 0.836934805 0.24010998 0.491820455
vn 0.549125493 0.526024401 0.649430156
vn 0.227500081 0.896700323 0.379700154
vn 0.266090661 0.880069137 0.393286228
vn 0.341994137 0.893184721 0.291994989
vn 0.190397844 0.808190823 0.557293653
vn 0.167500883 0.752103984 0.637403369
vn 0.779575229 0.287190884 0.556582332
vn 0.599009156 0.585808933 0.545908332
vn 0.592900455 0.652300477 0.472200334
vn 0.515413404 0.625716329 0.585515261
vn 0.611496449 0.529796958 0.587696612
vn 0.647306025 0.485504538 0.587605476
vn 0.816127241 0.324710816 0.478015929
vn 0.855003536 0.359501481 0.373801559
vn 0.784904838 0.458202839 0.417102575
vn 0.727066696 0.478578061 0.492277443
vn 0.117699482 0.672697008 0.730496764
vn 0.231901169 0.650203288 0.723503649
vn 0.417984277 0.856967747 0.301488668
vn 0.79686892 0.530279338 0.289488703
vn 0.726792991 0.590994298 0.349996626
vn 0.597598672 0.71209842 0.36849919
vn 0.664092302 0.680492103 0.309696406
vn 0.547783494 0.779476523 0.303890824
vn 0.468185961 0.794576168 0.386588424
vn 0.47741884 0.825032592 0.302311927
vn 0.548304081 0.735605478 0.397802979
vn 0.609914482 0.492411673 0.620914698
vn 0.737475812 0.367887944 0.566381395
vn 0.680281937 0.446588159 0.581184566
vn 0.548983634 0.740377963 0.387888461
vn 0.312396884 0.740292609 0.595294058
vn 0.336302549 0.650904953 0.680605173
vn 0.658595145 0.635995269 0.402197033
vn 0.719189048 0.629690409 0.293695539
vn 0.723512232 0.655811131 0.215503648
vn 0.0373991802 0.678785145 0.733383954
vn 0.438703537 0.664005339 0.60550487
vn 0.895514846 -0.174702898 0.409306794
vn 0.916138649 -0.167007044 0.364415377
vn 0.541977704 0.828565955 0.140494227
vn 0.507020831 0.847734809 0.155806392
vn 0.544089675 0.80038482 0.251695246
vn 0.940526605 -0.0760021508 0.331109375
vn 0.604015529 0.765019655 0.223405749
vn 0.866774321 -0.136395961 0.479685783
vn 0.907303452 -0.140800536 0.396201521
vn 0.911552608 -0.060696844 0.406678855
vn 0.889407575 -0.0675005764 0.452103853
vn 0.462189138 0.760682106 0.455789298
vn 0.492792398 0.707689106 0.506292224
vn 0.458884537 0.8876701 0.0382987112
vn 0.55989337 0.82509023 0.0757991001
vn 0.519376516 0.853561461 -0.0409981497
vn 0.55989337 0.82509023 0.0757991001
vn 0.519376516 0.853561461 -0.0409981497
vn 0.380106986 0.923416972 0.0531009771
vn 0.461595714 0.879991829 0.11199896
vn 0.435782522 0.889764309 0.135694563
vn 0.360811025 0.913327873 0.188805759
vn 0.423493773 0.711689532 0.560491741
vn 0.938429475 0.0134004215 0.34521085
vn 0.957124949 0.0786020532 0.278807282
vn 0.904689074 0.088898927 0.416694969
vn 0.515818 0.84692955 0.129004493
vn 0.88546145 -0.0493978523 0.462079883
vn 0.88682133 0.00110002642 0.462111115
vn 0.417397827 0.880095422 0.226298809
vn 0.867320061 -0.123402856 0.482211173
vn 0.797263682 0.595672905 0.0976955518
vn 0.860192895 -0.0886992663 0.502195835
vn 0.797263682 0.595672905 0.0976955518
vn 0.81071645 0.575011671 0.110002227
vn 0.860038579 0.469521046 0.199708953
vn 0.778803825 0.610702991 0.14320071
vn 0.782084763 0.599988282 0.168396726
vn 0.797263682 0.595672905 0.0976955518
vn 0.850560665 -0.0177991763 0.525575697
vn 0.744464576 0.663368464 0.0755963996
vn 0.808218241 0.555412531 0.195704415
vn 0.841337562 0.533623815 0.08600384
vn 0.81071645 0.575011671 0.110002227
vn 0.726597488 0.681697607 0.0856996998
vn 0.73204571 0.681242526 -0.00420026248
vn 0.860038579 0.469521046 0.199708953
vn 0.659915686 0.749917805 0.0462010987
vn 0.838442862 -0.00820041914 0.544927835
vn 0.726597488 0.681697607 0.0856996998
vn 0.659915686 0.749917805 0.0462010987
vn 0.716604829 0.683304608 0.139900953
vn 0.775432944 0.586824954 0.233109906
vn 0.601497948 0.79789722 -0.039499864
vn 0.617384732 0.774480879 0.137896597
vn 0.863329291 0.0636021569 0.500616968
vn 0.744464576 0.663368464 0.0755963996
vn 0.901796877 0.166499421 0.398798615
vn 0.82343483 0.0235009938 0.566923976
vn 0.839007497 0.103400923 0.534204781
vn 0.865388751 0.147198081 0.478993773
vn 0.660279751 0.724777758 0.196793959
vn 0.936710835 0.17010197 0.306003541
vn 0.925898135 0.255899489 0.277899444
vn 0.92953521 0.100003786 0.354913443
vn 0.910962284 0.21309118 0.353185356
vn 0.911063671 0.229490846 0.342486352
vn 0.377506882 0.923116863 -0.0731013343
vn 0.917536199 0.340913445 0.20470807
vn 0.377506882 0.923116863 -0.0731013343
vn 0.899262607 0.311487049 0.307087243
vn 0.453697324 0.591896534 0.666196108
vn 0.885958374 0.202990457 0.416980416
vn 0.875171006 0.252191633 0.412886322
vn 0.816127241 0.324710816 0.478015929
vn 0.855003536 0.359501481 0.373801559
vn 0.143095568 0.868773103 0.474085331
vn 0.168204904 0.851924837 0.495914459
vn 0.796405733 0.488803506 0.356102556
vn 0.796405733 0.488803506 0.356102556
vn 0.238108173 0.843928993 0.480716497
vn 0.513775051 0.248787925 0.821060121
vn 0.536196887 0.135199204 0.83319509
vn 0.844729185 0.028800996 0.534418464
vn 0.0743028745 0.823231876 0.562821805
vn 0.0779988989 0.768489122 0.635091007
vn 0.778577626 0.0833976045 0.621982098
vn 0.797876537 0.10399694 0.593782544
vn 0.720391393 0.127798468 0.681691885
vn 0.735416651 0.209504738 0.644414544
vn 0.648488224 0.202896312 0.733686686
vn 0.648488224 0.202896312 0.733686686
f 1/1/1 2/2/2 3/3/3
f 4/4/4 5/5/5 6/6/6
f 7/7/7 8/8/8 9/9/9
f 6/6/6 10/10/10 11/11/11
f 12/12/12 10/10/10 6/6/6
f 5/5/5 12/12/12 6/6/6
f 3/3/3 13/13/13 1/1/1
f 14/14/14 7/7/7 9/9/9
f 15/15/15 16/16/16 6/6/6
f 16/16/16 17/17/17 6/6/6
f 18/18/18 19/19/19 20/20/20
f 15/15/15 6/6/6 11/11/11
f 21/21/21 22/22/22 2/2/2
f 6/6/6 17/17/17 4/4/4
f 23/23/23 24/24/24 25/25/25
f 2/2/2 22/22/22 26/26/26
f 10/10/10 27/27/27 11/11/11
f 5/5/5 4/4/4 28/28/28
f 4/4/4 29/29/29 30/30/30
f 28/28/28 12/12/12 5/5/5
f 31/31/31 32/32/32 33/33/33
f 4/4/4 30/30/30 28/28/28
f 29/29/29 34/34/34 30/30/30
f 35/35/35 34/34/34 29/29/29
f 36/36/36 24/24/24 37/37/37
f 38/38/38 34/34/34 35/35/35
f 39/39/39 32/32/32 31/31/31
f 40/40/40 34/34/34 38/38/38
f 25/25/25 24/24/24 36/36/36
f 35/35/35 41/41/41 38/38/38
f 3/3/3 2/2/2 42/42/42
f 43/43/43 34/34/34 40/40/40
f 42/42/42 44/44/44 45/45/45
f 46/46/46 25/25/25 36/36/36
f 36/36/36 47/47/47 46/46/46
f 17/17/17 35/35/35 4/4/4
f 29/29/29 4/4/4 35/35/35
f 48/48/48 35/35/35 17/17/17
f 41/41/41 49/49/49 38/38/38
f 24/24/24 23/23/23 50/50/50
f 51/51/51 24/24/24 50/50/50
f 20/20/20 25/25/25 46/46/46
f 52/52/52 37/37/37 24/24/24
f 2/2/2 26/26/26 44/44/44
f 2/2/2 44/44/44 42/42/42
f 53/53/53 54/54/54 55/55/55
f 53/53/53 55/55/55 56/56/56
f 46/46/46 21/21/21 20/20/20
f 57/57/57 54/54/54 53/53/53
f 25/25/25 20/20/20 23/23/23
f 20/20/20 19/19/19 23/23/23
f 58/58/58 57/57/57 53/53/53
f 59/59/59 31/31/31 60/60/60
f 20/20/20 21/21/21 1/1/1
f 58/58/58 61/61/61 57/57/57
f 61/61/61 62/62/62 54/54/54
f 33/33/33 60/60/60 31/31/31
f 63/63/63 47/47/47 64/64/64
f 22/22/22 21/21/21 46/46/46
f 32/32/32 65/65/65 33/33/33
f 60/60/60 33/33/33 66/66/66
f 62/62/62 15/15/15 54/54/54
f 18/18/18 1/1/1 13/13/13
f 67/67/67 62/62/62 61/61/61
f 68/68/68 36/36/36 37/37/37
f 69/69/69 70/70/70 71/71/71
f 69/69/69 72/72/72 70/70/70
f 68/68/68 47/47/47 36/36/36
f 73/73/73 13/13/13 3/3/3
f 71/71/71 32/32/32 69/69/69
f 67/67/67 61/61/61 74/74/74
f 64/64/64 47/47/47 68/68/68
f 54/54/54 15/15/15 75/75/75
f 57/57/57 61/61/61 54/54/54
f 76/76/76 77/77/77 58/58/58
f 77/77/77 61/61/61 58/58/58
f 61/61/61 77/77/77 78/78/78
f 47/47/47 22/22/22 46/46/46
f 79/79/79 80/80/80 70/70/70
f 81/81/81 13/13/13 73/73/73
f 73/73/73 82/82/82 81/81/81
f 83/83/83 78/78/78 84/84/84
f 71/71/71 80/80/80 65/65/65
f 80/80/80 71/71/71 70/70/70
f 84/84/84 85/85/85 83/83/83
f 86/86/86 84/84/84 78/78/78
f 87/87/87 73/73/73 88/88/88
f 61/61/61 78/78/78 74/74/74
f 74/74/74 83/83/83 89/89/89
f 83/83/83 74/74/74 78/78/78
f 47/47/47 63/63/63 22/22/22
f 63/63/63 26/26/26 22/22/22
f 90/90/90 67/67/67 74/74/74
f 74/74/74 89/89/89 90/90/90
f 91/91/91 90/90/90 89/89/89
f 92/92/92 26/26/26 63/63/63
f 93/93/93 70/70/70 72/72/72
f 93/93/93 72/72/72 94/94/94
f 95/95/95 96/96/96 97/97/97
f 98/98/98 96/96/96 95/95/95
f 89/89/89 83/83/83 91/91/91
f 83/83/83 99/99/99 91/91/91
f 99/99/99 100/100/100 91/91/91
f 101/101/101 102/102/102 94/94/94
f 98/98/98 79/79/79 96/96/96
f 80/80/80 98/98/98 95/95/95
f 85/85/85 99/99/99 83/83/83
f 53/53/53 56/56/56 103/103/103
f 104/104/104 102/102/102 105/105/105
f 101/101/101 94/94/94 72/72/72
f 56/56/56 106/106/106 103/103/103
f 107/107/107 102/102/102 101/101/101
f 108/108/108 102/102/102 107/107/107
f 88/88/88 73/73/73 42/42/42
f 3/3/3 42/42/42 73/73/73
f 109/109/109 76/76/76 103/103/103
f 110/110/110 107/107/107 101/101/101
f 53/53/53 103/103/103 76/76/76
f 88/88/88 42/42/42 111/111/111
f 76/76/76 58/58/58 53/53/53
f 79/79/79 103/103/103 106/106/106
f 79/79/79 106/106/106 96/96/96
f 102/102/102 108/108/108 112/112/112
f 79/79/79 109/109/109 103/103/103
f 111/111/111 42/42/42 113/113/113
f 78/78/78 77/77/77 86/86/86
f 98/98/98 80/80/80 79/79/79
f 113/113/113 42/42/42 114/114/114
f 16/16/16 15/15/15 62/62/62
f 93/93/93 109/109/109 79/79/79
f 115/115/115 109/109/109 93/93/93
f 116/116/116 62/62/62 67/67/67
f 116/116/116 16/16/16 62/62/62
f 94/94/94 117/117/117 93/93/93
f 70/70/70 93/93/93 79/79/79
f 118/118/118 16/16/16 116/116/116
f 102/102/102 119/119/119 94/94/94
f 90/90/90 116/116/116 67/67/67
f 116/116/116 90/90/90 120/120/120
f 116/116/116 120/120/120 121/121/121
f 119/119/119 102/102/102 104/104/104
f 121/121/121 118/118/118 116/116/116
f 122/122/122 123/123/123 88/88/88
f 124/124/124 122/122/122 88/88/88
f 124/124/124 88/88/88 111/111/111
f 125/125/125 118/118/118 121/121/121
f 69/69/69 32/32/32 39/39/39
f 120/120/120 125/125/125 121/121/121
f 118/118/118 125/125/125 126/126/126
f 127/127/127 69/69/69 39/39/39
f 127/127/127 72/72/72 69/69/69
f 124/124/124 111/111/111 113/113/113
f 128/128/128 125/125/125 120/120/120
f 90/90/90 128/128/128 120/120/120
f 113/113/113 129/129/129 124/124/124
f 76/76/76 109/109/109 115/115/115
f 115/115/115 130/130/130 76/76/76
f 125/125/125 128/128/128 131/131/131
f 126/126/126 125/125/125 132/132/132
f 133/133/133 123/123/123 122/122/122
f 132/132/132 125/125/125 134/134/134
f 110/110/110 101/101/101 127/127/127
f 135/135/135 76/76/76 130/130/130
f 128/128/128 90/90/90 91/91/91
f 77/77/77 76/76/76 135/135/135
f 136/136/136 128/128/128 91/91/91
f 137/137/137 131/131/131 128/128/128
f 128/128/128 136/136/136 137/137/137
f 127/127/127 101/101/101 72/72/72
f 91/91/91 100/100/100 136/136/136
f 138/138/138 139/139/139 140/140/140
f 131/131/131 137/137/137 136/136/136
f 139/139/139 138/138/138 141/141/141
f 115/115/115 117/117/117 130/130/130
f 93/93/93 117/117/117 115/115/115
f 142/142/142 127/127/127 39/39/39
f 134/134/134 143/143/143 132/132/132
f 132/132/132 143/143/143 144/144/144
f 134/134/134 125/125/125 131/131/131
f 117/117/117 94/94/94 119/119/119
f 145/145/145 134/134/134 131/131/131
f 119/119/119 130/130/130 117/117/117
f 142/142/142 39/39/39 59/59/59
f 146/146/146 132/132/132 144/144/144
f 144/144/144 147/147/147 146/146/146
f 148/148/148 149/149/149 150/150/150
f 59/59/59 39/39/39 31/31/31
f 151/151/151 130/130/130 119/119/119
f 140/140/140 152/152/152 153/153/153
f 127/127/127 142/142/142 154/154/154
f 155/155/155 14/14/14 156/156/156
f 157/157/157 158/158/158 142/142/142
f 152/152/152 159/159/159 153/153/153
f 154/154/154 107/107/107 110/110/110
f 155/155/155 156/156/156 160/160/160
f 48/48/48 17/17/17 16/16/16
f 140/140/140 153/153/153 138/138/138
f 161/161/161 153/153/153 159/159/159
f 41/41/41 35/35/35 48/48/48
f 154/154/154 112/112/112 108/108/108
f 162/162/162 41/41/41 48/48/48
f 163/163/163 112/112/112 154/154/154
f 164/164/164 155/155/155 160/160/160
f 155/155/155 164/164/164 165/165/165
f 166/166/166 16/16/16 118/118/118
f 154/154/154 108/108/108 107/107/107
f 167/167/167 168/168/168 169/169/169
f 127/127/127 154/154/154 110/110/110
f 158/158/158 163/163/163 154/154/154
f 170/170/170 167/167/167 169/169/169
f 162/162/162 48/48/48 16/16/16
f 170/170/170 169/169/169 171/171/171
f 172/172/172 173/173/173 174/174/174
f 158/158/158 154/154/154 142/142/142
f 82/82/82 175/175/175 176/176/176
f 177/177/177 18/18/18 13/13/13
f 162/162/162 16/16/16 166/166/166
f 178/178/178 41/41/41 162/162/162
f 179/179/179 180/180/180 181/181/181
f 166/166/166 182/182/182 162/162/162
f 183/183/183 8/8/8 179/179/179
f 182/182/182 178/178/178 162/162/162
f 184/184/184 179/179/179 185/185/185
f 186/186/186 60/60/60 66/66/66
f 118/118/118 126/126/126 166/166/166
f 181/181/181 185/185/185 179/179/179
f 187/187/187 176/176/176 175/175/175
f 184/184/184 183/183/183 179/179/179
f 174/174/174 187/187/187 172/172/172
f 146/146/146 188/188/188 126/126/126
f 188/188/188 166/166/166 126/126/126
f 18/18/18 185/185/185 19/19/19
f 189/189/189 188/188/188 146/146/146
f 18/18/18 20/20/20 1/1/1
f 190/190/190 191/191/191 186/186/186
f 188/188/188 182/182/182 166/166/166
f 192/192/192 193/193/193 175/175/175
f 185/185/185 194/194/194 19/19/19
f 146/146/146 126/126/126 132/132/132
f 192/192/192 175/175/175 195/195/195
f 175/175/175 193/193/193 187/187/187
f 193/193/193 172/172/172 187/187/187
f 184/184/184 185/185/185 18/18/18
f 9/9/9 156/156/156 14/14/14
f 177/177/177 184/184/184 18/18/18
f 196/196/196 172/172/172 193/193/193
f 188/188/188 189/189/189 197/197/197
f 186/186/186 66/66/66 14/14/14
f 190/190/190 14/14/14 155/155/155
f 189/189/189 146/146/146 147/147/147
f 186/186/186 14/14/14 190/190/190
f 147/147/147 150/150/150 189/189/189
f 198/198/198 199/199/199 174/174/174
f 200/200/200 177/177/177 81/81/81
f 187/187/187 174/174/174 199/199/199
f 13/13/13 81/81/81 177/177/177
f 147/147/147 148/148/148 150/150/150
f 198/198/198 174/174/174 173/173/173
f 156/156/156 9/9/9 199/199/199
f 81/81/81 176/176/176 200/200/200
f 198/198/198 156/156/156 199/199/199
f 81/81/81 82/82/82 176/176/176
f 201/201/201 183/183/183 184/184/184
f 202/202/202 59/59/59 203/203/203
f 55/55/55 54/54/54 75/75/75
f 203/203/203 60/60/60 186/186/186
f 160/160/160 156/156/156 198/198/198
f 60/60/60 203/203/203 59/59/59
f 15/15/15 204/204/204 75/75/75
f 205/205/205 206/206/206 207/207/207
f 207/207/207 206/206/206 208/208/208
f 204/204/204 15/15/15 11/11/11
f 203/203/203 186/186/186 191/191/191
f 209/209/209 210/210/210 207/207/207
f 211/211/211 205/205/205 210/210/210
f 176/176/176 201/201/201 200/200/200
f 203/203/203 212/212/212 202/202/202
f 210/210/210 205/205/205 207/207/207
f 176/176/176 199/199/199 201/201/201
f 75/75/75 204/204/204 213/213/213
f 199/199/199 183/183/183 201/201/201
f 196/196/196 193/193/193 192/192/192
f 214/214/214 215/215/215 208/208/208
f 213/213/213 216/216/216 75/75/75
f 213/213/213 204/204/204 217/217/217
f 217/217/217 218/218/218 213/213/213
f 199/199/199 176/176/176 187/187/187
f 219/219/219 192/192/192 195/195/195
f 196/196/196 173/173/173 172/172/172
f 203/203/203 191/191/191 220/220/220
f 214/214/214 221/221/221 215/215/215
f 9/9/9 8/8/8 183/183/183
f 222/222/222 215/215/215 221/221/221
f 141/141/141 223/223/223 221/221/221
f 9/9/9 183/183/183 199/199/199
f 141/141/141 224/224/224 223/223/223
f 225/225/225 191/191/191 165/165/165
f 27/27/27 217/217/217 204/204/204
f 201/201/201 184/184/184 177/177/177
f 215/215/215 207/207/207 208/208/208
f 226/226/226 160/160/160 227/227/227
f 160/160/160 198/198/198 227/227/227
f 228/228/228 229/229/229 230/230/230
f 228/228/228 231/231/231 229/229/229
f 177/177/177 200/200/200 201/201/201
f 164/164/164 160/160/160 226/226/226
f 227/227/227 198/198/198 173/173/173
f 165/165/165 190/190/190 155/155/155
f 211/211/211 170/170/170 171/171/171
f 1/1/1 21/21/21 2/2/2
f 232/232/232 216/216/216 233/233/233
f 73/73/73 87/87/87 82/82/82
f 165/165/165 191/191/191 190/190/190
f 82/82/82 195/195/195 175/175/175
f 234/234/234 235/235/235 194/194/194
f 234/234/234 236/236/236 235/235/235
f 195/195/195 82/82/82 87/87/87
f 123/123/123 195/195/195 87/87/87
f 88/88/88 123/123/123 87/87/87
f 237/237/237 203/203/203 220/220/220
f 238/238/238 97/97/97 239/239/239
f 203/203/203 237/237/237 212/212/212
f 97/97/97 238/238/238 95/95/95
f 236/236/236 234/234/234 239/239/239
f 232/232/232 233/233/233 236/236/236
f 235/235/235 236/236/236 233/233/233
f 212/212/212 240/240/240 202/202/202
f 232/232/232 236/236/236 241/241/241
f 242/242/242 195/195/195 123/123/123
f 141/141/141 221/221/221 243/243/243
f 237/237/237 220/220/220 191/191/191
f 242/242/242 123/123/123 133/133/133
f 244/244/244 245/245/245 50/50/50
f 233/233/233 245/245/245 244/244/244
f 246/246/246 95/95/95 238/238/238
f 246/246/246 238/238/238 180/180/180
f 244/244/244 50/50/50 23/23/23
f 245/245/245 217/217/217 50/50/50
f 247/247/247 246/246/246 248/248/248
f 248/248/248 246/246/246 180/180/180
f 245/245/245 218/218/218 217/217/217
f 249/249/249 250/250/250 251/251/251
f 213/213/213 245/245/245 216/216/216
f 33/33/33 247/247/247 248/248/248
f 252/252/252 253/253/253 251/251/251
f 245/245/245 213/213/213 218/218/218
f 65/65/65 254/254/254 247/247/247
f 249/249/249 251/251/251 253/253/253
f 245/245/245 233/233/233 216/216/216
f 246/246/246 254/254/254 95/95/95
f 247/247/247 254/254/254 246/246/246
f 157/157/157 142/142/142 59/59/59
f 65/65/65 80/80/80 254/254/254
f 95/95/95 254/254/254 80/80/80
f 244/244/244 235/235/235 233/233/233
f 235/235/235 244/244/244 19/19/19
f 19/19/19 194/194/194 235/235/235
f 33/33/33 65/65/65 247/247/247
f 59/59/59 202/202/202 240/240/240
f 244/244/244 23/23/23 19/19/19
f 240/240/240 157/157/157 59/59/59
f 71/71/71 65/65/65 32/32/32
f 216/216/216 232/232/232 255/255/255
f 216/216/216 255/255/255 75/75/75
f 55/55/55 75/75/75 255/255/255
f 256/256/256 157/157/157 240/240/240
f 232/232/232 241/241/241 255/255/255
f 163/163/163 158/158/158 257/257/257
f 256/256/256 158/158/158 157/157/157
f 158/158/158 258/258/258 257/257/257
f 256/256/256 258/258/258 158/158/158
f 259/259/259 56/56/56 255/255/255
f 8/8/8 33/33/33 248/248/248
f 33/33/33 8/8/8 7/7/7
f 66/66/66 33/33/33 7/7/7
f 241/241/241 259/259/259 255/255/255
f 66/66/66 7/7/7 14/14/14
f 259/259/259 106/106/106 56/56/56
f 250/250/250 260/260/260 258/258/258
f 56/56/56 55/55/55 255/255/255
f 259/259/259 239/239/239 96/96/96
f 239/239/239 97/97/97 96/96/96
f 239/239/239 241/241/241 236/236/236
f 241/241/241 239/239/239 259/259/259
f 250/250/250 258/258/258 256/256/256
f 259/259/259 96/96/96 106/106/106
f 10/10/10 12/12/12 261/261/261
f 12/12/12 262/262/262 261/261/261
f 251/251/251 256/256/256 240/240/240
f 27/27/27 50/50/50 217/217/217
f 50/50/50 27/27/27 51/51/51
f 263/263/263 240/240/240 212/212/212
f 27/27/27 52/52/52 51/51/51
f 263/263/263 251/251/251 240/240/240
f 51/51/51 52/52/52 24/24/24
f 264/264/264 37/37/37 52/52/52
f 52/52/52 27/27/27 265/265/265
f 204/204/204 11/11/11 27/27/27
f 10/10/10 265/265/265 27/27/27
f 251/251/251 250/250/250 256/256/256
f 265/265/265 266/266/266 52/52/52
f 261/261/261 266/266/266 10/10/10
f 52/52/52 266/266/266 267/267/267
f 265/265/265 10/10/10 266/266/266
f 262/262/262 12/12/12 28/28/28
f 28/28/28 268/268/268 262/262/262
f 30/30/30 269/269/269 268/268/268
f 30/30/30 268/268/268 28/28/28
f 43/43/43 270/270/270 269/269/269
f 30/30/30 34/34/34 269/269/269
f 269/269/269 34/34/34 43/43/43
f 40/40/40 270/270/270 43/43/43
f 267/267/267 264/264/264 52/52/52
f 180/180/180 234/234/234 181/181/181
f 271/271/271 37/37/37 264/264/264
f 271/271/271 264/264/264 268/268/268
f 194/194/194 185/185/185 181/181/181
f 194/194/194 181/181/181 234/234/234
f 238/238/238 234/234/234 180/180/180
f 272/272/272 269/269/269 270/270/270
f 271/271/271 269/269/269 273/273/273
f 273/273/273 269/269/269 272/272/272
f 238/238/238 239/239/239 234/234/234
f 271/271/271 68/68/68 37/37/37
f 68/68/68 271/271/271 273/273/273
f 261/261/261 267/267/267 266/266/266
f 261/261/261 262/262/262 267/267/267
f 262/262/262 264/264/264 267/267/267
f 264/264/264 262/262/262 268/268/268
f 180/180/180 8/8/8 248/248/248
f 269/269/269 271/271/271 268/268/268
f 180/180/180 179/179/179 8/8/8
f 274/274/274 275/275/275 276/276/276
f 274/274/274 276/276/276 277/277/277
f 278/278/278 279/279/279 280/280/280
f 281/281/281 64/64/64 68/68/68
f 274/274/274 277/277/277 282/282/282
f 283/283/283 284/284/284 285/285/285
f 286/286/286 280/280/280 287/287/287
f 288/288/288 284/284/284 283/283/283
f 281/281/281 289/289/289 64/64/64
f 290/290/290 282/282/282 279/279/279
f 279/279/279 278/278/278 290/290/290
f 289/289/289 291/291/291 64/64/64
f 291/291/291 292/292/292 64/64/64
f 293/293/293 294/294/294 275/275/275
f 289/289/289 295/295/295 291/291/291
f 296/296/296 275/275/275 290/290/290
f 64/64/64 292/292/292 63/63/63
f 290/290/290 275/275/275 274/274/274
f 282/282/282 290/290/290 274/274/274
f 297/297/297 298/298/298 299/299/299
f 278/278/278 280/280/280 300/300/300
f 92/92/92 63/63/63 292/292/292
f 298/298/298 301/301/301 302/302/302
f 303/303/303 301/301/301 298/298/298
f 113/113/113 114/114/114 304/304/304
f 300/300/300 305/305/305 278/278/278
f 297/297/297 303/303/303 298/298/298
f 306/306/306 113/113/113 304/304/304
f 300/300/300 280/280/280 286/286/286
f 307/307/307 306/306/306 304/304/304
f 308/308/308 303/303/303 297/297/297
f 300/300/300 286/286/286 309/309/309
f 303/303/303 308/308/308 301/301/301
f 129/129/129 113/113/113 306/306/306
f 300/300/300 309/309/309 310/310/310
f 306/306/306 311/311/311 129/129/129
f 311/311/311 306/306/306 307/307/307
f 312/312/312 295/295/295 313/313/313
f 314/314/314 315/315/315 316/316/316
f 315/315/315 317/317/317 316/316/316
f 318/318/318 319/319/319 320/320/320
f 320/320/320 319/319/319 321/321/321
f 289/289/289 313/313/313 295/295/295
f 322/322/322 309/309/309 286/286/286
f 316/316/316 323/323/323 314/314/314
f 124/124/124 129/129/129 324/324/324
f 323/323/323 316/316/316 325/325/325
f 324/324/324 129/129/129 311/311/311
f 326/326/326 295/295/295 312/312/312
f 322/322/322 286/286/286 327/327/327
f 291/291/291 295/295/295 328/328/328
f 329/329/329 159/159/159 318/318/318
f 325/325/325 330/330/330 323/323/323
f 329/329/329 161/161/161 159/159/159
f 331/331/331 153/153/153 161/161/161
f 332/332/332 308/308/308 333/333/333
f 334/334/334 328/328/328 295/295/295
f 161/161/161 329/329/329 335/335/335
f 310/310/310 309/309/309 336/336/336
f 337/337/337 161/161/161 335/335/335
f 338/338/338 308/308/308 332/332/332
f 309/309/309 322/322/322 339/339/339
f 340/340/340 341/341/341 323/323/323
f 329/329/329 318/318/318 320/320/320
f 336/336/336 309/309/309 339/339/339
f 329/329/329 320/320/320 342/342/342
f 342/342/342 320/320/320 343/343/343
f 336/336/336 339/339/339 344/344/344
f 334/334/334 295/295/295 326/326/326
f 329/329/329 342/342/342 335/335/335
f 344/344/344 339/339/339 345/345/345
f 345/345/345 339/339/339 327/327/327
f 335/335/335 342/342/342 343/343/343
f 339/339/339 322/322/322 327/327/327
f 335/335/335 343/343/343 346/346/346
f 323/323/323 347/347/347 340/340/340
f 348/348/348 343/343/343 349/349/349
f 346/346/346 343/343/343 348/348/348
f 348/348/348 350/350/350 346/346/346
f 344/344/344 345/345/345 351/351/351
f 351/351/351 345/345/345 327/327/327
f 304/304/304 352/352/352 307/307/307
f 334/334/334 326/326/326 353/353/353
f 321/321/321 354/354/354 355/355/355
f 321/321/321 319/319/319 354/354/354
f 356/356/356 357/357/357 358/358/358
f 316/316/316 359/359/359 325/325/325
f 360/360/360 355/355/355 361/361/361
f 321/321/321 355/355/355 360/360/360
f 325/325/325 359/359/359 362/362/362
f 178/178/178 49/49/49 41/41/41
f 363/363/363 358/358/358 357/357/357
f 364/364/364 49/49/49 365/365/365
f 330/330/330 325/325/325 362/362/362
f 366/366/366 358/358/358 363/363/363
f 320/320/320 321/321/321 360/360/360
f 365/365/365 367/367/367 364/364/364
f 343/343/343 320/320/320 360/360/360
f 368/368/368 330/330/330 362/362/362
f 359/359/359 369/369/369 362/362/362
f 370/370/370 362/362/362 369/369/369
f 360/360/360 361/361/361 371/371/371
f 360/360/360 371/371/371 372/372/372
f 370/370/370 368/368/368 362/362/362
f 373/373/373 371/371/371 374/374/374
f 49/49/49 178/178/178 375/375/375
f 294/294/294 373/373/373 374/374/374
f 376/376/376 356/356/356 358/358/358
f 372/372/372 371/371/371 373/373/373
f 178/178/178 377/377/377 375/375/375
f 182/182/182 377/377/377 178/178/178
f 370/370/370 378/378/378 368/368/368
f 375/375/375 365/365/365 49/49/49
f 368/368/368 378/378/378 330/330/330
f 376/376/376 358/358/358 379/379/379
f 347/347/347 323/323/323 330/330/330
f 373/373/373 380/380/380 372/372/372
f 197/197/197 182/182/182 188/188/188
f 373/373/373 294/294/294 293/293/293
f 381/381/381 375/375/375 377/377/377
f 380/380/380 373/373/373 382/382/382
f 383/383/383 330/330/330 378/378/378
f 293/293/293 275/275/275 296/296/296
f 384/384/384 366/366/366 385/385/385
f 375/375/375 386/386/386 365/365/365
f 384/384/384 387/387/387 366/366/366
f 382/382/382 373/373/373 293/293/293
f 386/386/386 298/298/298 365/365/365
f 298/298/298 386/386/386 299/299/299
f 296/296/296 388/388/388 293/293/293
f 383/383/383 389/389/389 330/330/330
f 382/382/382 293/293/293 388/388/388
f 383/383/383 390/390/390 389/389/389
f 391/391/391 392/392/392 341/341/341
f 358/358/358 366/366/366 379/379/379
f 391/391/391 341/341/341 340/340/340
f 387/387/387 379/379/379 366/366/366
f 381/381/381 386/386/386 375/375/375
f 393/393/393 382/382/382 388/388/388
f 349/349/349 360/360/360 372/372/372
f 343/343/343 360/360/360 349/349/349
f 386/386/386 394/394/394 395/395/395
f 395/395/395 299/299/299 386/386/386
f 395/395/395 297/297/297 299/299/299
f 381/381/381 394/394/394 386/386/386
f 387/387/387 396/396/396 379/379/379
f 372/372/372 380/380/380 349/349/349
f 397/397/397 391/391/391 340/340/340
f 182/182/182 398/398/398 377/377/377
f 182/182/182 197/197/197 398/398/398
f 398/398/398 197/197/197 399/399/399
f 400/400/400 348/348/348 349/349/349
f 377/377/377 398/398/398 381/381/381
f 381/381/381 398/398/398 401/401/401
f 402/402/402 400/400/400 349/349/349
f 349/349/349 380/380/380 402/402/402
f 403/403/403 376/376/376 404/404/404
f 340/340/340 389/389/389 397/397/397
f 399/399/399 401/401/401 398/398/398
f 340/340/340 347/347/347 389/389/389
f 389/389/389 347/347/347 330/330/330
f 327/327/327 376/376/376 403/403/403
f 380/380/380 405/405/405 402/402/402
f 197/197/197 189/189/189 150/150/150
f 380/380/380 382/382/382 406/406/406
f 197/197/197 150/150/150 407/407/407
f 376/376/376 379/379/379 404/404/404
f 408/408/408 407/407/407 150/150/150
f 405/405/405 380/380/380 406/406/406
f 392/392/392 391/391/391 409/409/409
f 351/351/351 327/327/327 403/403/403
f 410/410/410 411/411/411 412/412/412
f 413/413/413 405/405/405 406/406/406
f 414/414/414 415/415/415 409/409/409
f 391/391/391 414/414/414 409/409/409
f 414/414/414 391/391/391 357/357/357
f 403/403/403 416/416/416 351/351/351
f 417/417/417 418/418/418 419/419/419
f 419/419/419 418/418/418 420/420/420
f 406/406/406 382/382/382 393/393/393
f 413/413/413 406/406/406 393/393/393
f 393/393/393 421/421/421 413/413/413
f 422/422/422 391/391/391 397/397/397
f 419/419/419 317/317/317 417/417/417
f 423/423/423 403/403/403 404/404/404
f 296/296/296 290/290/290 278/278/278
f 424/424/424 420/420/420 412/412/412
f 425/425/425 296/296/296 278/278/278
f 404/404/404 379/379/379 396/396/396
f 426/426/426 424/424/424 412/412/412
f 425/425/425 388/388/388 296/296/296
f 419/419/419 420/420/420 427/427/427
f 391/391/391 422/422/422 357/357/357
f 359/359/359 427/427/427 420/420/420
f 388/388/388 425/425/425 428/428/428
f 359/359/359 420/420/420 424/424/424
f 359/359/359 424/424/424 369/369/369
f 429/429/429 388/388/388 428/428/428
f 317/317/317 419/419/419 316/316/316
f 427/427/427 316/316/316 419/419/419
f 316/316/316 427/427/427 359/359/359
f 423/423/423 404/404/404 396/396/396
f 357/357/357 422/422/422 363/363/363
f 393/393/393 388/388/388 429/429/429
f 429/429/429 421/421/421 393/393/393
f 421/421/421 429/429/429 430/430/430
f 430/430/430 429/429/429 431/431/431
f 432/432/432 397/397/397 389/389/389
f 40/40/40 433/433/433 270/270/270
f 434/434/434 423/423/423 396/396/396
f 435/435/435 433/433/433 40/40/40
f 434/434/434 436/436/436 423/423/423
f 435/435/435 40/40/40 437/437/437
f 421/421/421 430/430/430 438/438/438
f 40/40/40 439/439/439 437/437/437
f 425/425/425 278/278/278 305/305/305
f 440/440/440 441/441/441 437/437/437
f 441/441/441 442/442/442 437/437/437
f 390/390/390 432/432/432 389/389/389
f 441/441/441 443/443/443 442/442/442
f 390/390/390 444/444/444 432/432/432
f 270/270/270 433/433/433 272/272/272
f 422/422/422 397/397/397 432/432/432
f 432/432/432 363/363/363 422/422/422
f 272/272/272 433/433/433 281/281/281
f 435/435/435 281/281/281 433/433/433
f 305/305/305 300/300/300 310/310/310
f 273/273/273 272/272/272 281/281/281
f 445/445/445 446/446/446 447/447/447
f 432/432/432 444/444/444 363/363/363
f 68/68/68 273/273/273 281/281/281
f 448/448/448 305/305/305 310/310/310
f 447/447/447 446/446/446 449/449/449
f 415/415/415 447/447/447 449/449/449
f 363/363/363 385/385/385 366/366/366
f 287/287/287 447/447/447 415/415/415
f 444/444/444 385/385/385 363/363/363
f 428/428/428 425/425/425 305/305/305
f 281/281/281 442/442/442 313/313/313
f 445/445/445 277/277/277 446/446/446
f 289/289/289 281/281/281 313/313/313
f 385/385/385 444/444/444 450/450/450
f 428/428/428 305/305/305 451/451/451
f 445/445/445 447/447/447 287/287/287
f 282/282/282 445/445/445 279/279/279
f 448/448/448 451/451/451 305/305/305
f 435/435/435 437/437/437 442/442/442
f 281/281/281 435/435/435 442/442/442
f 287/287/287 279/279/279 445/445/445
f 26/26/26 92/92/92 44/44/44
f 451/451/451 448/448/448 452/452/452
f 453/453/453 92/92/92 454/454/454
f 312/312/312 313/313/313 455/455/455
f 92/92/92 291/291/291 454/454/454
f 336/336/336 456/456/456 310/310/310
f 336/336/336 344/344/344 456/456/456
f 287/287/287 415/415/415 457/457/457
f 453/453/453 458/458/458 45/45/45
f 459/459/459 310/310/310 456/456/456
f 452/452/452 310/310/310 459/459/459
f 455/455/455 442/442/442 443/443/443
f 457/457/457 415/415/415 414/414/414
f 458/458/458 453/453/453 454/454/454
f 455/455/455 313/313/313 442/442/442
f 458/458/458 454/454/454 460/460/460
f 356/356/356 414/414/414 357/357/357
f 456/456/456 344/344/344 461/461/461
f 457/457/457 414/414/414 356/356/356
f 453/453/453 45/45/45 44/44/44
f 461/461/461 344/344/344 351/351/351
f 453/453/453 44/44/44 92/92/92
f 455/455/455 443/443/443 462/462/462
f 351/351/351 416/416/416 461/461/461
f 416/416/416 463/463/463 461/461/461
f 286/286/286 287/287/287 457/457/457
f 310/310/310 452/452/452 448/448/448
f 462/462/462 464/464/464 455/455/455
f 439/439/439 40/40/40 38/38/38
f 328/328/328 465/465/465 291/291/291
f 356/356/356 286/286/286 457/457/457
f 49/49/49 439/439/439 38/38/38
f 454/454/454 291/291/291 465/465/465
f 466/466/466 452/452/452 459/459/459
f 439/439/439 49/49/49 364/364/364
f 327/327/327 286/286/286 356/356/356
f 364/364/364 440/440/440 439/439/439
f 327/327/327 356/356/356 376/376/376
f 459/459/459 456/456/456 461/461/461
f 461/461/461 463/463/463 459/459/459
f 465/465/465 334/334/334 467/467/467
f 279/279/279 287/287/287 280/280/280
f 440/440/440 437/437/437 439/439/439
f 440/440/440 364/364/364 441/441/441
f 460/460/460 454/454/454 465/465/465
f 459/459/459 463/463/463 468/468/468
f 460/460/460 465/465/465 467/467/467
f 468/468/468 469/469/469 459/459/459
f 470/470/470 428/428/428 451/451/451
f 364/364/364 367/367/367 441/441/441
f 429/429/429 428/428/428 431/431/431
f 431/431/431 428/428/428 470/470/470
f 471/471/471 460/460/460 467/467/467
f 472/472/472 431/431/431 470/470/470
f 473/473/473 474/474/474 367/367/367
f 443/443/443 441/441/441 367/367/367
f 475/475/475 471/471/471 467/467/467
f 472/472/472 470/470/470 476/476/476
f 367/367/367 474/474/474 443/443/443
f 92/92/92 292/292/292 291/291/291
f 431/431/431 472/472/472 430/430/430
f 472/472/472 477/477/477 430/430/430
f 462/462/462 443/443/443 474/474/474
f 452/452/452 470/470/470 451/451/451
f 301/301/301 462/462/462 474/474/474
f 328/328/328 334/334/334 465/465/465
f 473/473/473 367/367/367 365/365/365
f 478/478/478 470/470/470 466/466/466
f 476/476/476 470/470/470 479/479/479
f 473/473/473 302/302/302 474/474/474
f 478/478/478 479/479/479 470/470/470
f 302/302/302 473/473/473 365/365/365
f 302/302/302 365/365/365 298/298/298
f 114/114/114 42/42/42 45/45/45
f 476/476/476 479/479/479 478/478/478
f 474/474/474 302/302/302 301/301/301
f 114/114/114 45/45/45 480/480/480
f 466/466/466 470/470/470 452/452/452
f 480/480/480 45/45/45 458/458/458
f 466/466/466 459/459/459 469/469/469
f 481/481/481 466/466/466 469/469/469
f 312/312/312 455/455/455 464/464/464
f 481/481/481 469/469/469 482/482/482
f 304/304/304 114/114/114 480/480/480
f 352/352/352 480/480/480 458/458/458
f 352/352/352 304/304/304 480/480/480
f 483/483/483 478/478/478 484/484/484
f 478/478/478 466/466/466 484/484/484
f 484/484/484 466/466/466 481/481/481
f 485/485/485 464/464/464 462/462/462
f 458/458/458 460/460/460 471/471/471
f 486/486/486 484/484/484 481/481/481
f 352/352/352 458/458/458 487/487/487
f 487/487/487 458/458/458 471/471/471
f 468/468/468 463/463/463 488/488/488
f 416/416/416 488/488/488 463/463/463
f 471/471/471 475/475/475 487/487/487
f 403/403/403 423/423/423 416/416/416
f 488/488/488 416/416/416 423/423/423
f 301/301/301 485/485/485 462/462/462
f 488/488/488 423/423/423 489/489/489
f 490/490/490 352/352/352 487/487/487
f 491/491/491 352/352/352 490/490/490
f 468/468/468 488/488/488 492/492/492
f 468/468/468 492/492/492 469/469/469
f 492/492/492 488/488/488 489/489/489
f 361/361/361 493/493/493 374/374/374
f 308/308/308 338/338/338 301/301/301
f 338/338/338 485/485/485 301/301/301
f 494/494/494 492/492/492 489/489/489
f 495/495/495 334/334/334 353/353/353
f 496/496/496 338/338/338 332/332/332
f 423/423/423 436/436/436 489/489/489
f 312/312/312 464/464/464 326/326/326
f 497/497/497 326/326/326 464/464/464
f 489/489/489 436/436/436 498/498/498
f 498/498/498 494/494/494 489/489/489
f 499/499/499 495/495/495 353/353/353
f 499/499/499 353/353/353 500/500/500
f 492/492/492 482/482/482 469/469/469
f 467/467/467 334/334/334 495/495/495
f 497/497/497 464/464/464 485/485/485
f 492/492/492 501/501/501 482/482/482
f 475/475/475 467/467/467 495/495/495
f 497/497/497 485/485/485 285/285/285
f 502/502/502 475/475/475 495/495/495
f 501/501/501 481/481/481 482/482/482
f 500/500/500 326/326/326 497/497/497
f 501/501/501 486/486/486 481/481/481
f 503/503/503 504/504/504 486/486/486
f 486/486/486 501/501/501 503/503/503
f 502/502/502 495/495/495 499/499/499
f 326/326/326 500/500/500 353/353/353
f 505/505/505 500/500/500 497/497/497
f 501/501/501 492/492/492 494/494/494
f 494/494/494 506/506/506 501/501/501
f 500/500/500 505/505/505 499/499/499
f 507/507/507 501/501/501 506/506/506
f 285/285/285 505/505/505 497/497/497
f 282/282/282 277/277/277 445/445/445
f 507/507/507 506/506/506 508/508/508
f 509/509/509 285/285/285 284/284/284
f 276/276/276 275/275/275 510/510/510
f 294/294/294 510/510/510 275/275/275
f 506/506/506 494/494/494 511/511/511
f 338/338/338 285/285/285 485/485/485
f 361/361/361 374/374/374 371/371/371
f 512/512/512 506/506/506 513/513/513
f 374/374/374 493/493/493 510/510/510
f 294/294/294 374/374/374 510/510/510
f 285/285/285 338/338/338 496/496/496
f 285/285/285 496/496/496 283/283/283
f 514/514/514 515/515/515 516/516/516
f 516/516/516 517/517/517 518/518/518
f 518/518/518 514/514/514 516/516/516
f 519/519/519 518/518/518 520/520/520
f 521/521/521 515/515/515 514/514/514
f 521/521/521 522/522/522 515/515/515
f 523/523/523 135/135/135 524/524/524
f 524/524/524 525/525/525 523/523/523
f 526/526/526 527/527/527 528/528/528
f 514/514/514 529/529/529 521/521/521
f 151/151/151 524/524/524 130/130/130
f 530/530/530 531/531/531 532/532/532
f 531/531/531 530/530/530 533/533/533
f 534/534/534 526/526/526 528/528/528
f 530/530/530 535/535/535 536/536/536
f 537/537/537 524/524/524 151/151/151
f 538/538/538 539/539/539 529/529/529
f 130/130/130 524/524/524 135/135/135
f 540/540/540 539/539/539 538/538/538
f 541/541/541 540/540/540 538/538/538
f 514/514/514 518/518/518 519/519/519
f 528/528/528 541/541/541 542/542/542
f 519/519/519 529/529/529 514/514/514
f 530/530/530 532/532/532 543/543/543
f 544/544/544 542/542/542 541/541/541
f 545/545/545 530/530/530 543/543/543
f 546/546/546 529/529/529 519/519/519
f 544/544/544 541/541/541 547/547/547
f 548/548/548 529/529/529 546/546/546
f 545/545/545 535/535/535 530/530/530
f 549/549/549 542/542/542 544/544/544
f 542/542/542 534/534/534 528/528/528
f 548/548/548 538/538/538 529/529/529
f 529/529/529 539/539/539 521/521/521
f 524/524/524 537/537/537 525/525/525
f 549/549/549 550/550/550 542/542/542
f 527/527/527 526/526/526 551/551/551
f 552/552/552 553/553/553 554/554/554
f 555/555/555 556/556/556 534/534/534
f 249/249/249 557/557/557 558/558/558
f 542/542/542 550/550/550 534/534/534
f 535/535/535 552/552/552 536/536/536
f 550/550/550 555/555/555 534/534/534
f 559/559/559 558/558/558 557/557/557
f 537/537/537 560/560/560 525/525/525
f 561/561/561 560/560/560 537/537/537
f 562/562/562 536/536/536 552/552/552
f 563/563/563 257/257/257 258/258/258
f 258/258/258 260/260/260 563/563/563
f 564/564/564 551/551/551 526/526/526
f 525/525/525 560/560/560 565/565/565
f 566/566/566 562/562/562 552/552/552
f 554/554/554 566/566/566 552/552/552
f 564/564/564 526/526/526 556/556/556
f 567/567/567 564/564/564 556/556/556
f 535/535/535 568/568/568 552/552/552
f 569/569/569 570/570/570 564/564/564
f 569/569/569 564/564/564 571/571/571
f 569/569/569 572/572/572 570/570/570
f 573/573/573 572/572/572 569/569/569
f 568/568/568 535/535/535 545/545/545
f 260/260/260 574/574/574 563/563/563
f 571/571/571 564/564/564 567/567/567
f 568/568/568 553/553/553 552/552/552
f 575/575/575 576/576/576 563/563/563
f 571/571/571 577/577/577 569/569/569
f 578/578/578 553/553/553 568/568/568
f 526/526/526 534/534/534 556/556/556
f 579/579/579 580/580/580 581/581/581
f 582/582/582 545/545/545 543/543/543
f 582/582/582 583/583/583 545/545/545
f 565/565/565 560/560/560 584/584/584
f 580/580/580 579/579/579 575/575/575
f 585/585/585 545/545/545 583/583/583
f 563/563/563 574/574/574 580/580/580
f 584/584/584 586/586/586 565/565/565
f 563/563/563 580/580/580 575/575/575
f 555/555/555 567/567/567 556/556/556
f 587/587/587 580/580/580 574/574/574
f 555/555/555 577/577/577 567/567/567
f 567/567/567 577/577/577 571/571/571
f 545/545/545 585/585/585 568/568/568
f 260/260/260 250/250/250 249/249/249
f 558/558/558 260/260/260 249/249/249
f 588/588/588 569/569/569 577/577/577
f 85/85/85 84/84/84 589/589/589
f 590/590/590 568/568/568 585/585/585
f 558/558/558 574/574/574 260/260/260
f 84/84/84 591/591/591 589/589/589
f 590/590/590 578/578/578 568/568/568
f 589/589/589 591/591/591 592/592/592
f 587/587/587 574/574/574 558/558/558
f 100/100/100 99/99/99 593/593/593
f 594/594/594 595/595/595 596/596/596
f 85/85/85 589/589/589 597/597/597
f 585/585/585 583/583/583 590/590/590
f 598/598/598 599/599/599 580/580/580
f 580/580/580 587/587/587 598/598/598
f 600/600/600 595/595/595 594/594/594
f 601/601/601 600/600/600 594/594/594
f 572/572/572 601/601/601 594/594/594
f 559/559/559 598/598/598 587/587/587
f 558/558/558 559/559/559 587/587/587
f 99/99/99 85/85/85 597/597/597
f 602/602/602 578/578/578 590/590/590
f 602/602/602 603/603/603 578/578/578
f 99/99/99 597/597/597 593/593/593
f 604/604/604 589/589/589 592/592/592
f 605/605/605 606/606/606 607/607/607
f 605/605/605 607/607/607 608/608/608
f 609/609/609 610/610/610 581/581/581
f 520/520/520 610/610/610 609/609/609
f 597/597/597 611/611/611 593/593/593
f 612/612/612 593/593/593 611/611/611
f 572/572/572 573/573/573 601/601/601
f 597/597/597 589/589/589 611/611/611
f 589/589/589 604/604/604 611/611/611
f 532/532/532 531/531/531 605/605/605
f 611/611/611 604/604/604 613/613/613
f 614/614/614 520/520/520 609/609/609
f 615/615/615 614/614/614 609/609/609
f 616/616/616 532/532/532 605/605/605
f 581/581/581 580/580/580 599/599/599
f 543/543/543 532/532/532 616/616/616
f 613/613/613 612/612/612 611/611/611
f 613/613/613 604/604/604 617/617/617
f 601/601/601 573/573/573 618/618/618
f 619/619/619 613/613/613 617/617/617
f 135/135/135 86/86/86 77/77/77
f 618/618/618 600/600/600 601/601/601
f 543/543/543 616/616/616 582/582/582
f 84/84/84 86/86/86 620/620/620
f 581/581/581 599/599/599 609/609/609
f 599/599/599 615/615/615 609/609/609
f 135/135/135 523/523/523 86/86/86
f 614/614/614 519/519/519 520/520/520
f 621/621/621 600/600/600 618/618/618
f 84/84/84 620/620/620 591/591/591
f 622/622/622 614/614/614 615/615/615
f 623/623/623 583/583/583 582/582/582
f 624/624/624 625/625/625 600/600/600
f 622/622/622 615/615/615 626/626/626
f 627/627/627 86/86/86 523/523/523
f 620/620/620 86/86/86 627/627/627
f 614/614/614 546/546/546 519/519/519
f 628/628/628 620/620/620 627/627/627
f 614/614/614 548/548/548 546/546/546
f 621/621/621 624/624/624 600/600/600
f 623/623/623 629/629/629 583/583/583
f 621/621/621 630/630/630 624/624/624
f 631/631/631 538/538/538 548/548/548
f 632/632/632 631/631/631 548/548/548
f 525/525/525 627/627/627 523/523/523
f 633/633/633 548/548/548 614/614/614
f 633/633/633 632/632/632 548/548/548
f 634/634/634 635/635/635 630/630/630
f 620/620/620 628/628/628 591/591/591
f 635/635/635 634/634/634 636/636/636
f 634/634/634 637/637/637 636/636/636
f 637/637/637 634/634/634 638/638/638
f 622/622/622 633/633/633 614/614/614
f 639/639/639 632/632/632 633/633/633
f 591/591/591 628/628/628 640/640/640
f 639/639/639 633/633/633 622/622/622
f 629/629/629 590/590/590 583/583/583
f 641/641/641 634/634/634 630/630/630
f 642/642/642 592/592/592 591/591/591
f 639/639/639 622/622/622 643/643/643
f 604/604/604 592/592/592 642/642/642
f 640/640/640 642/642/642 591/591/591
f 629/629/629 644/644/644 590/590/590
f 602/602/602 590/590/590 644/644/644
f 604/604/604 642/642/642 617/617/617
f 630/630/630 621/621/621 641/641/641
f 645/645/645 646/646/646 647/647/647
f 645/645/645 648/648/648 646/646/646
f 626/626/626 615/615/615 599/599/599
f 649/649/649 627/627/627 525/525/525
f 650/650/650 599/599/599 598/598/598
f 651/651/651 623/623/623 646/646/646
f 652/652/652 627/627/627 649/649/649
f 646/646/646 648/648/648 651/651/651
f 653/653/653 641/641/641 621/621/621
f 640/640/640 628/628/628 654/654/654
f 599/599/599 650/650/650 626/626/626
f 628/628/628 627/627/627 652/652/652
f 655/655/655 641/641/641 653/653/653
f 656/656/656 626/626/626 650/650/650
f 628/628/628 652/652/652 654/654/654
f 643/643/643 622/622/622 626/626/626
f 648/648/648 596/596/596 595/595/595
f 626/626/626 656/656/656 643/643/643
f 657/657/657 643/643/643 656/656/656
f 588/588/588 573/573/573 569/569/569
f 651/651/651 629/629/629 623/623/623
f 658/658/658 659/659/659 573/573/573
f 588/588/588 658/658/658 573/573/573
f 525/525/525 660/660/660 649/649/649
f 618/618/618 573/573/573 659/659/659
f 652/652/652 661/661/661 662/662/662
f 663/663/663 657/657/657 656/656/656
f 654/654/654 652/652/652 662/662/662
f 663/663/663 664/664/664 657/657/657
f 661/661/661 652/652/652 649/649/649
f 665/665/665 629/629/629 651/651/651
f 661/661/661 649/649/649 660/660/660
f 666/666/666 661/661/661 660/660/660
f 629/629/629 665/665/665 644/644/644
f 667/667/667 618/618/618 659/659/659
f 664/664/664 639/639/639 643/643/643
f 525/525/525 565/565/565 660/660/660
f 660/660/660 565/565/565 586/586/586
f 657/657/657 664/664/664 643/643/643
f 668/668/668 632/632/632 639/639/639
f 664/664/664 668/668/668 639/639/639
f 659/659/659 658/658/658 588/588/588
f 651/651/651 648/648/648 595/595/595
f 669/669/669 670/670/670 584/584/584
f 665/665/665 651/651/651 595/595/595
f 654/654/654 662/662/662 671/671/671
f 672/672/672 659/659/659 588/588/588
f 642/642/642 640/640/640 617/617/617
f 654/654/654 617/617/617 640/640/640
f 673/673/673 674/674/674 670/670/670
f 654/654/654 675/675/675 617/617/617
f 619/619/619 617/617/617 675/675/675
f 673/673/673 670/670/670 669/669/669
f 675/675/675 676/676/676 619/619/619
f 677/677/677 675/675/675 654/654/654
f 677/677/677 654/654/654 671/671/671
f 677/677/677 676/676/676 675/675/675
f 672/672/672 678/678/678 659/659/659
f 674/674/674 647/647/647 670/670/670
f 671/671/671 662/662/662 679/679/679
f 618/618/618 667/667/667 621/621/621
f 679/679/679 662/662/662 661/661/661
f 667/667/667 653/653/653 621/621/621
f 674/674/674 680/680/680 647/647/647
f 673/673/673 680/680/680 674/674/674
f 539/539/539 673/673/673 669/669/669
f 673/673/673 539/539/539 540/540/540
f 667/667/667 659/659/659 678/678/678
f 677/677/677 671/671/671 681/681/681
f 625/625/625 665/665/665 595/595/595
f 600/600/600 625/625/625 595/595/595
f 671/671/671 679/679/679 682/682/682
f 682/682/682 681/681/681 671/671/671
f 541/541/541 538/538/538 547/547/547
f 631/631/631 547/547/547 538/538/538
f 683/683/683 653/653/653 667/667/667
f 593/593/593 684/684/684 100/100/100
f 683/683/683 655/655/655 653/653/653
f 136/136/136 100/100/100 684/684/684
f 136/136/136 684/684/684 145/145/145
f 145/145/145 684/684/684 685/685/685
f 136/136/136 145/145/145 131/131/131
f 686/686/686 547/547/547 631/631/631
f 143/143/143 134/134/134 145/145/145
f 687/687/687 602/602/602 644/644/644
f 688/688/688 687/687/687 644/644/644
f 143/143/143 689/689/689 690/690/690
f 632/632/632 686/686/686 631/631/631
f 145/145/145 689/689/689 143/143/143
f 687/687/687 688/688/688 691/691/691
f 692/692/692 693/693/693 694/694/694
f 678/678/678 683/683/683 667/667/667
f 695/695/695 686/686/686 696/696/696
f 685/685/685 684/684/684 593/593/593
f 686/686/686 544/544/544 547/547/547
f 665/665/665 688/688/688 644/644/644
f 697/697/697 145/145/145 685/685/685
f 145/145/145 697/697/697 689/689/689
f 685/685/685 593/593/593 612/612/612
f 698/698/698 685/685/685 612/612/612
f 668/668/668 696/696/696 632/632/632
f 632/632/632 696/696/696 686/686/686
f 685/685/685 698/698/698 699/699/699
f 693/693/693 699/699/699 700/700/700
f 700/700/700 701/701/701 693/693/693
f 693/693/693 701/701/701 694/694/694
f 698/698/698 700/700/700 699/699/699
f 544/544/544 695/695/695 549/549/549
f 625/625/625 635/635/635 665/665/665
f 612/612/612 613/613/613 698/698/698
f 686/686/686 695/695/695 544/544/544
f 619/619/619 700/700/700 698/698/698
f 698/698/698 613/613/613 619/619/619
f 699/699/699 697/697/697 685/685/685
f 699/699/699 702/702/702 697/697/697
f 703/703/703 691/691/691 688/688/688
f 688/688/688 636/636/636 703/703/703
f 689/689/689 697/697/697 702/702/702
f 665/665/665 635/635/635 688/688/688
f 704/704/704 696/696/696 668/668/668
f 702/702/702 699/699/699 693/693/693
f 645/645/645 647/647/647 680/680/680
f 692/692/692 705/705/705 693/693/693
f 636/636/636 688/688/688 635/635/635
f 705/705/705 702/702/702 693/693/693
f 706/706/706 707/707/707 708/708/708
f 690/690/690 147/147/147 144/144/144
f 143/143/143 690/690/690 144/144/144
f 709/709/709 680/680/680 673/673/673
f 710/710/710 147/147/147 690/690/690
f 635/635/635 625/625/625 624/624/624
f 630/630/630 635/635/635 624/624/624
f 555/555/555 550/550/550 549/549/549
f 147/147/147 710/710/710 148/148/148
f 105/105/105 151/151/151 104/104/104
f 711/711/711 710/710/710 690/690/690
f 673/673/673 540/540/540 709/709/709
f 528/528/528 709/709/709 540/540/540
f 695/695/695 712/712/712 549/549/549
f 712/712/712 555/555/555 549/549/549
f 528/528/528 527/527/527 709/709/709
f 150/150/150 149/149/149 408/408/408
f 710/710/710 149/149/149 148/148/148
f 712/712/712 713/713/713 555/555/555
f 714/714/714 715/715/715 716/716/716
f 717/717/717 105/105/105 112/112/112
f 112/112/112 105/105/105 102/102/102
f 689/689/689 711/711/711 690/690/690
f 718/718/718 713/713/713 712/712/712
f 680/680/680 709/709/709 645/645/645
f 719/719/719 720/720/720 721/721/721
f 722/722/722 719/719/719 721/721/721
f 709/709/709 723/723/723 645/645/645
f 722/722/722 716/716/716 715/715/715
f 713/713/713 577/577/577 555/555/555
f 723/723/723 648/648/648 645/645/645
f 719/719/719 722/722/722 715/715/715
f 105/105/105 717/717/717 724/724/724
f 648/648/648 723/723/723 596/596/596
f 723/723/723 725/725/725 596/596/596
f 726/726/726 577/577/577 713/713/713
f 727/727/727 722/722/722 721/721/721
f 577/577/577 726/726/726 588/588/588
f 725/725/725 594/594/594 596/596/596
f 717/717/717 728/728/728 724/724/724
f 551/551/551 723/723/723 709/709/709
f 702/702/702 711/711/711 689/689/689
f 720/720/720 708/708/708 707/707/707
f 707/707/707 721/721/721 720/720/720
f 104/104/104 151/151/151 119/119/119
f 723/723/723 729/729/729 725/725/725
f 723/723/723 551/551/551 729/729/729
f 527/527/527 551/551/551 709/709/709
f 721/721/721 707/707/707 727/727/727
f 730/730/730 694/694/694 701/701/701
f 151/151/151 105/105/105 537/537/537
f 731/731/731 730/730/730 732/732/732
f 733/733/733 734/734/734 731/731/731
f 729/729/729 570/570/570 725/725/725
f 734/734/734 733/733/733 706/706/706
f 733/733/733 731/731/731 732/732/732
f 733/733/733 735/735/735 706/706/706
f 706/706/706 735/735/735 736/736/736
f 564/564/564 729/729/729 551/551/551
f 733/733/733 732/732/732 737/737/737
f 735/735/735 733/733/733 737/737/737
f 725/725/725 570/570/570 594/594/594
f 730/730/730 701/701/701 700/700/700
f 572/572/572 594/594/594 570/570/570
f 564/564/564 570/570/570 729/729/729
f 738/738/738 739/739/739 730/730/730
f 740/740/740 724/724/724 728/728/728
f 738/738/738 730/730/730 741/741/741
f 739/739/739 732/732/732 730/730/730
f 713/713/713 718/718/718 726/726/726
f 732/732/732 739/739/739 742/742/742
f 732/732/732 742/742/742 737/737/737
f 676/676/676 741/741/741 700/700/700
f 741/741/741 730/730/730 700/700/700
f 700/700/700 619/619/619 676/676/676
f 740/740/740 728/728/728 743/743/743
f 540/540/540 541/541/541 528/528/528
f 739/739/739 738/738/738 744/744/744
f 743/743/743 728/728/728 717/717/717
f 738/738/738 741/741/741 676/676/676
f 736/736/736 707/707/707 706/706/706
f 696/696/696 745/745/745 695/695/695
f 736/736/736 735/735/735 737/737/737
f 746/746/746 740/740/740 743/743/743
f 747/747/747 736/736/736 737/737/737
f 744/744/744 742/742/742 739/739/739
f 744/744/744 738/738/738 748/748/748
f 746/746/746 743/743/743 749/749/749
f 748/748/748 606/606/606 533/533/533
f 605/605/605 531/531/531 606/606/606
f 742/742/742 747/747/747 737/737/737
f 742/742/742 744/744/744 747/747/747
f 105/105/105 724/724/724 537/537/537
f 561/561/561 537/537/537 724/724/724
f 736/736/736 747/747/747 750/750/750
f 751/751/751 745/745/745 696/696/696
f 752/752/752 747/747/747 744/744/744
f 752/752/752 744/744/744 748/748/748
f 752/752/752 750/750/750 747/747/747
f 745/745/745 712/712/712 695/695/695
f 533/533/533 752/752/752 748/748/748
f 740/740/740 561/561/561 724/724/724
f 531/531/531 533/533/533 606/606/606
f 533/533/533 750/750/750 752/752/752
f 745/745/745 753/753/753 712/712/712
f 530/530/530 536/536/536 533/533/533
f 753/753/753 718/718/718 712/712/712
f 722/722/722 727/727/727 754/754/754
f 755/755/755 754/754/754 727/727/727
f 756/756/756 561/561/561 740/740/740
f 754/754/754 755/755/755 566/566/566
f 745/745/745 751/751/751 753/753/753
f 112/112/112 163/163/163 717/717/717
f 757/757/757 707/707/707 758/758/758
f 736/736/736 758/758/758 707/707/707
f 727/727/727 707/707/707 757/757/757
f 759/759/759 717/717/717 163/163/163
f 750/750/750 758/758/758 736/736/736
f 757/757/757 758/758/758 750/750/750
f 760/760/760 718/718/718 753/753/753
f 727/727/727 757/757/757 755/755/755
f 759/759/759 761/761/761 717/717/717
f 755/755/755 757/757/757 562/562/562
f 718/718/718 760/760/760 726/726/726
f 562/562/562 757/757/757 750/750/750
f 562/562/562 750/750/750 533/533/533
f 562/562/562 533/533/533 536/536/536
f 163/163/163 257/257/257 759/759/759
f 760/760/760 762/762/762 726/726/726
f 563/563/563 759/759/759 257/257/257
f 566/566/566 755/755/755 562/562/562
f 738/738/738 676/676/676 677/677/677
f 677/677/677 763/763/763 738/738/738
f 681/681/681 764/764/764 763/763/763
f 606/606/606 763/763/763 764/764/764
f 763/763/763 677/677/677 681/681/681
f 738/738/738 763/763/763 748/748/748
f 763/763/763 606/606/606 748/748/748
f 607/607/607 606/606/606 764/764/764
f 753/753/753 765/765/765 760/760/760
f 563/563/563 761/761/761 759/759/759
f 749/749/749 743/743/743 761/761/761
f 761/761/761 743/743/743 717/717/717
f 760/760/760 766/766/766 762/762/762
f 766/766/766 760/760/760 767/767/767
f 672/672/672 588/588/588 726/726/726
f 768/768/768 746/746/746 749/749/749
f 666/666/666 769/769/769 661/661/661
f 666/666/666 660/660/660 770/770/770
f 576/576/576 579/579/579 749/749/749
f 771/771/771 672/672/672 726/726/726
f 769/769/769 666/666/666 770/770/770
f 579/579/579 768/768/768 749/749/749
f 576/576/576 749/749/749 761/761/761
f 576/576/576 761/761/761 563/563/563
f 762/762/762 771/771/771 726/726/726
f 660/660/660 586/586/586 772/772/772
f 579/579/579 576/576/576 575/575/575
f 772/772/772 773/773/773 660/660/660
f 584/584/584 772/772/772 586/586/586
f 774/774/774 678/678/678 672/672/672
f 660/660/660 773/773/773 770/770/770
f 561/561/561 756/756/756 560/560/560
f 775/775/775 770/770/770 773/773/773
f 771/771/771 774/774/774 672/672/672
f 661/661/661 769/769/769 679/679/679
f 584/584/584 560/560/560 756/756/756
f 769/769/769 682/682/682 679/679/679
f 584/584/584 756/756/756 776/776/776
f 774/774/774 683/683/683 678/678/678
f 608/608/608 607/607/607 764/764/764
f 608/608/608 764/764/764 681/681/681
f 605/605/605 608/608/608 777/777/777
f 778/778/778 608/608/608 681/681/681
f 779/779/779 683/683/683 774/774/774
f 681/681/681 682/682/682 778/778/778
f 777/777/777 778/778/778 780/780/780
f 770/770/770 682/682/682 769/769/769
f 682/682/682 770/770/770 780/780/780
f 779/779/779 774/774/774 771/771/771
f 781/781/781 776/776/776 756/756/756
f 780/780/780 778/778/778 682/682/682
f 740/740/740 746/746/746 756/756/756
f 771/771/771 782/782/782 779/779/779
f 608/608/608 778/778/778 777/777/777
f 781/781/781 756/756/756 746/746/746
f 781/781/781 746/746/746 517/517/517
f 777/777/777 616/616/616 605/605/605
f 777/777/777 783/783/783 616/616/616
f 584/584/584 670/670/670 772/772/772
f 522/522/522 776/776/776 781/781/781
f 773/773/773 772/772/772 647/647/647
f 772/772/772 670/670/670 647/647/647
f 766/766/766 784/784/784 762/762/762
f 781/781/781 517/517/517 516/516/516
f 515/515/515 522/522/522 781/781/781
f 516/516/516 515/515/515 781/781/781
f 784/784/784 771/771/771 762/762/762
f 771/771/771 784/784/784 785/785/785
f 669/669/669 584/584/584 776/776/776
f 647/647/647 646/646/646 773/773/773
f 766/766/766 767/767/767 784/784/784
f 522/522/522 669/669/669 776/776/776
f 775/775/775 780/780/780 770/770/770
f 785/785/785 782/782/782 771/771/771
f 780/780/780 775/775/775 783/783/783
f 775/775/775 646/646/646 783/783/783
f 539/539/539 669/669/669 522/522/522
f 786/786/786 782/782/782 787/787/787
f 783/783/783 777/777/777 780/780/780
f 787/787/787 782/782/782 785/785/785
f 539/539/539 522/522/522 521/521/521
f 788/788/788 787/787/787 785/785/785
f 623/623/623 783/783/783 646/646/646
f 582/582/582 616/616/616 783/783/783
f 768/768/768 517/517/517 746/746/746
f 582/582/582 783/783/783 623/623/623
f 773/773/773 646/646/646 775/775/775
f 787/787/787 788/788/788 789/789/789
f 610/610/610 517/517/517 768/768/768
f 517/517/517 610/610/610 518/518/518
f 610/610/610 768/768/768 579/579/579
f 581/581/581 610/610/610 579/579/579
f 610/610/610 520/520/520 518/518/518
f 411/411/411 714/714/714 790/790/790
f 790/790/790 714/714/714 716/716/716
f 791/791/791 792/792/792 793/793/793
f 426/426/426 412/412/412 411/411/411
f 411/411/411 790/790/790 426/426/426
f 794/794/794 791/791/791 793/793/793
f 795/795/795 796/796/796 797/797/797
f 798/798/798 795/795/795 799/799/799
f 716/716/716 800/800/800 790/790/790
f 426/426/426 790/790/790 800/800/800
f 801/801/801 800/800/800 716/716/716
f 791/791/791 802/802/802 803/803/803
f 797/797/797 799/799/799 795/795/795
f 804/804/804 805/805/805 806/806/806
f 804/804/804 806/806/806 807/807/807
f 808/808/808 424/424/424 426/426/426
f 809/809/809 424/424/424 808/808/808
f 369/369/369 424/424/424 810/810/810
f 811/811/811 812/812/812 813/813/813
f 814/814/814 811/811/811 813/813/813
f 809/809/809 810/810/810 424/424/424
f 811/811/811 814/814/814 815/815/815
f 813/813/813 816/816/816 814/814/814
f 808/808/808 426/426/426 800/800/800
f 800/800/800 817/817/817 808/808/808
f 818/818/818 819/819/819 820/820/820
f 821/821/821 815/815/815 814/814/814
f 822/822/822 818/818/818 820/820/820
f 816/816/816 823/823/823 814/814/814
f 824/824/824 809/809/809 808/808/808
f 823/823/823 821/821/821 814/814/814
f 824/824/824 808/808/808 825/825/825
f 826/826/826 827/827/827 804/804/804
f 828/828/828 823/823/823 816/816/816
f 829/829/829 819/819/819 818/818/818
f 830/830/830 813/813/813 831/831/831
f 832/832/832 826/826/826 804/804/804
f 800/800/800 801/801/801 817/817/817
f 833/833/833 813/813/813 830/830/830
f 834/834/834 804/804/804 807/807/807
f 834/834/834 832/832/832 804/804/804
f 833/833/833 830/830/830 835/835/835
f 817/817/817 825/825/825 808/808/808
f 836/836/836 837/837/837 822/822/822
f 822/822/822 820/820/820 836/836/836
f 838/838/838 824/824/824 825/825/825
f 816/816/816 813/813/813 833/833/833
f 834/834/834 807/807/807 839/839/839
f 754/754/754 716/716/716 722/722/722
f 716/716/716 754/754/754 801/801/801
f 833/833/833 828/828/828 816/816/816
f 839/839/839 840/840/840 841/841/841
f 801/801/801 754/754/754 842/842/842
f 822/822/822 837/837/837 843/843/843
f 843/843/843 844/844/844 822/822/822
f 842/842/842 754/754/754 566/566/566
f 842/842/842 845/845/845 801/801/801
f 801/801/801 845/845/845 817/817/817
f 820/820/820 828/828/828 833/833/833
f 841/841/841 846/846/846 839/839/839
f 819/819/819 828/828/828 820/820/820
f 566/566/566 847/847/847 842/842/842
f 844/844/844 818/818/818 822/822/822
f 554/554/554 847/847/847 566/566/566
f 817/817/817 845/845/845 848/848/848
f 842/842/842 847/847/847 845/845/845
f 849/849/849 845/845/845 847/847/847
f 845/845/845 849/849/849 848/848/848
f 850/850/850 841/841/841 840/840/840
f 825/825/825 817/817/817 848/848/848
f 851/851/851 824/824/824 838/838/838
f 823/823/823 797/797/797 821/821/821
f 846/846/846 852/852/852 839/839/839
f 853/853/853 838/838/838 825/825/825
f 844/844/844 829/829/829 818/818/818
f 810/810/810 809/809/809 854/854/854
f 828/828/828 797/797/797 823/823/823
f 810/810/810 370/370/370 369/369/369
f 819/819/819 797/797/797 828/828/828
f 846/846/846 841/841/841 850/850/850
f 855/855/855 378/378/378 370/370/370
f 856/856/856 843/843/843 837/837/837
f 809/809/809 824/824/824 854/854/854
f 854/854/854 370/370/370 810/810/810
f 850/850/850 857/857/857 846/846/846
f 390/390/390 858/858/858 859/859/859
f 824/824/824 851/851/851 854/854/854
f 854/854/854 860/860/860 861/861/861
f 851/851/851 860/860/860 854/854/854
f 390/390/390 450/450/450 444/444/444
f 861/861/861 370/370/370 854/854/854
f 450/450/450 390/390/390 859/859/859
f 862/862/862 450/450/450 859/859/859
f 855/855/855 370/370/370 861/861/861
f 834/834/834 839/839/839 852/852/852
f 863/863/863 864/864/864 844/844/844
f 865/865/865 436/436/436 434/434/434
f 866/866/866 867/867/867 829/829/829
f 858/858/858 378/378/378 855/855/855
f 866/866/866 829/829/829 844/844/844
f 383/383/383 378/378/378 858/858/858
f 868/868/868 865/865/865 869/869/869
f 383/383/383 858/858/858 390/390/390
f 865/865/865 868/868/868 436/436/436
f 868/868/868 869/869/869 870/870/870
f 871/871/871 858/858/858 855/855/855
f 850/850/850 867/867/867 866/866/866
f 872/872/872 868/868/868 870/870/870
f 871/871/871 855/855/855 861/861/861
f 385/385/385 450/450/450 862/862/862
f 862/862/862 873/873/873 385/385/385
f 498/498/498 436/436/436 868/868/868
f 871/871/871 859/859/859 858/858/858
f 498/498/498 868/868/868 872/872/872
f 860/860/860 851/851/851 838/838/838
f 862/862/862 859/859/859 874/874/874
f 844/844/844 864/864/864 866/866/866
f 875/875/875 498/498/498 872/872/872
f 860/860/860 876/876/876 861/861/861
f 872/872/872 877/877/877 878/878/878
f 875/875/875 872/872/872 878/878/878
f 876/876/876 879/879/879 861/861/861
f 880/880/880 862/862/862 874/874/874
f 870/870/870 827/827/827 881/881/881
f 879/879/879 876/876/876 882/882/882
f 871/871/871 874/874/874 859/859/859
f 838/838/838 883/883/883 860/860/860
f 872/872/872 870/870/870 877/877/877
f 877/877/877 870/870/870 881/881/881
f 866/866/866 884/884/884 857/857/857
f 860/860/860 883/883/883 876/876/876
f 882/882/882 876/876/876 883/883/883
f 882/882/882 883/883/883 885/885/885
f 882/882/882 886/886/886 879/879/879
f 886/886/886 882/882/882 885/885/885
f 881/881/881 887/887/887 877/877/877
f 879/879/879 871/871/871 861/861/861
f 864/864/864 884/884/884 866/866/866
f 888/888/888 871/871/871 879/879/879
f 877/877/877 887/887/887 878/878/878
f 889/889/889 890/890/890 874/874/874
f 888/888/888 891/891/891 871/871/871
f 892/892/892 891/891/891 888/888/888
f 879/879/879 886/886/886 888/888/888
f 893/893/893 881/881/881 894/894/894
f 893/893/893 887/887/887 881/881/881
f 863/863/863 844/844/844 843/843/843
f 888/888/888 886/886/886 892/892/892
f 895/895/895 887/887/887 893/893/893
f 896/896/896 874/874/874 890/890/890
f 863/863/863 843/843/843 897/897/897
f 874/874/874 871/871/871 891/891/891
f 898/898/898 513/513/513 511/511/511
f 898/898/898 899/899/899 513/513/513
f 890/890/890 798/798/798 799/799/799
f 900/900/900 899/899/899 898/898/898
f 803/803/803 802/802/802 897/897/897
f 900/900/900 875/875/875 878/878/878
f 895/895/895 878/878/878 887/887/887
f 889/889/889 891/891/891 892/892/892
f 889/889/889 874/874/874 891/891/891
f 687/687/687 901/901/901 902/902/902
f 847/847/847 554/554/554 849/849/849
f 554/554/554 553/553/553 849/849/849
f 687/687/687 903/903/903 901/901/901
f 903/903/903 687/687/687 691/691/691
f 895/895/895 893/893/893 904/904/904
f 793/793/793 655/655/655 683/683/683
f 905/905/905 906/906/906 848/848/848
f 899/899/899 900/900/900 878/878/878
f 905/905/905 849/849/849 553/553/553
f 578/578/578 905/905/905 553/553/553
f 907/907/907 902/902/902 901/901/901
f 878/878/878 895/895/895 908/908/908
f 878/878/878 908/908/908 899/899/899
f 905/905/905 848/848/848 849/849/849
f 909/909/909 906/906/906 905/905/905
f 603/603/603 909/909/909 905/905/905
f 908/908/908 895/895/895 910/910/910
f 848/848/848 906/906/906 825/825/825
f 911/911/911 791/791/791 794/794/794
f 903/903/903 912/912/912 901/901/901
f 853/853/853 825/825/825 906/906/906
f 703/703/703 903/903/903 691/691/691
f 853/853/853 913/913/913 838/838/838
f 911/911/911 802/802/802 791/791/791
f 914/914/914 853/853/853 915/915/915
f 916/916/916 912/912/912 903/903/903
f 853/853/853 914/914/914 913/913/913
f 703/703/703 636/636/636 916/916/916
f 903/903/903 703/703/703 916/916/916
f 498/498/498 511/511/511 494/494/494
f 915/915/915 853/853/853 906/906/906
f 875/875/875 511/511/511 498/498/498
f 915/915/915 906/906/906 909/909/909
f 875/875/875 898/898/898 511/511/511
f 917/917/917 911/911/911 794/794/794
f 918/918/918 901/901/901 912/912/912
f 919/919/919 914/914/914 915/915/915
f 898/898/898 875/875/875 900/900/900
f 920/920/920 802/802/802 911/911/911
f 916/916/916 921/921/921 912/912/912
f 916/916/916 922/922/922 921/921/921
f 905/905/905 578/578/578 603/603/603
f 923/923/923 918/918/918 912/912/912
f 912/912/912 921/921/921 923/923/923
f 911/911/911 917/917/917 920/920/920
f 513/513/513 506/506/506 511/511/511
f 902/902/902 907/907/907 924/924/924
f 924/924/924 907/907/907 925/925/925
f 926/926/926 920/920/920 917/917/917
f 915/915/915 909/909/909 927/927/927
f 909/909/909 603/603/603 927/927/927
f 928/928/928 925/925/925 907/907/907
f 602/602/602 687/687/687 603/603/603
f 901/901/901 918/918/918 907/907/907
f 826/826/826 929/929/929 881/881/881
f 929/929/929 826/826/826 832/832/832
f 687/687/687 902/902/902 603/603/603
f 929/929/929 832/832/832 930/930/930
f 902/902/902 927/927/927 603/603/603
f 928/928/928 833/833/833 925/925/925
f 902/902/902 924/924/924 927/927/927
f 834/834/834 852/852/852 832/832/832
f 928/928/928 907/907/907 918/918/918
f 930/930/930 832/832/832 852/852/852
f 915/915/915 927/927/927 931/931/931
f 932/932/932 864/864/864 933/933/933
f 835/835/835 931/931/931 927/927/927
f 931/931/931 919/919/919 915/915/915
f 831/831/831 919/919/919 931/931/931
f 894/894/894 881/881/881 929/929/929
f 835/835/835 831/831/831 931/931/931
f 934/934/934 919/919/919 831/831/831
f 932/932/932 884/884/884 864/864/864
f 932/932/932 857/857/857 884/884/884
f 830/830/830 831/831/831 835/835/835
f 935/935/935 894/894/894 929/929/929
f 894/894/894 935/935/935 893/893/893
f 927/927/927 924/924/924 835/835/835
f 936/936/936 928/928/928 918/918/918
f 937/937/937 930/930/930 938/938/938
f 918/918/918 923/923/923 936/936/936
f 939/939/939 936/936/936 923/923/923
f 930/930/930 940/940/940 929/929/929
f 940/940/940 930/930/930 937/937/937
f 932/932/932 941/941/941 857/857/857
f 836/836/836 928/928/928 936/936/936
f 924/924/924 925/925/925 835/835/835
f 833/833/833 835/835/835 925/925/925
f 885/885/885 838/838/838 913/913/913
f 636/636/636 638/638/638 922/922/922
f 636/636/636 922/922/922 916/916/916
f 885/885/885 883/883/883 838/838/838
f 942/942/942 846/846/846 857/857/857
f 885/885/885 913/913/913 943/943/943
f 920/920/920 897/897/897 802/802/802
f 863/863/863 897/897/897 944/944/944
f 846/846/846 942/942/942 852/852/852
f 943/943/943 945/945/945 885/885/885
f 945/945/945 886/886/886 885/885/885
f 820/820/820 928/928/928 836/836/836
f 928/928/928 820/820/820 833/833/833
f 946/946/946 852/852/852 942/942/942
f 913/913/913 914/914/914 943/943/943
f 943/943/943 914/914/914 947/947/947
f 944/944/944 897/897/897 920/920/920
f 919/919/919 934/934/934 914/914/914
f 947/947/947 914/914/914 934/934/934
f 945/945/945 943/943/943 812/812/812
f 948/948/948 799/799/799 797/797/797
f 812/812/812 943/943/943 947/947/947
f 949/949/949 797/797/797 819/819/819
f 948/948/948 797/797/797 949/949/949
f 950/950/950 946/946/946 942/942/942
f 947/947/947 934/934/934 813/813/813
f 951/951/951 944/944/944 920/920/920
f 813/813/813 934/934/934 831/831/831
f 812/812/812 947/947/947 813/813/813
f 952/952/952 944/944/944 951/951/951
f 812/812/812 811/811/811 945/945/945
f 953/953/953 945/945/945 811/811/811
f 930/930/930 852/852/852 938/938/938
f 815/815/815 953/953/953 811/811/811
f 949/949/949 819/819/819 829/829/829
f 945/945/945 953/953/953 954/954/954
f 852/852/852 946/946/946 938/938/938
f 945/945/945 954/954/954 886/886/886
f 886/886/886 954/954/954 892/892/892
f 889/889/889 892/892/892 954/954/954
f 933/933/933 864/864/864 863/863/863
f 944/944/944 933/933/933 863/863/863
f 904/904/904 893/893/893 935/935/935
f 867/867/867 840/840/840 949/949/949
f 796/796/796 953/953/953 821/821/821
f 796/796/796 954/954/954 953/953/953
f 795/795/795 954/954/954 796/796/796
f 821/821/821 953/953/953 815/815/815
f 797/797/797 796/796/796 821/821/821
f 889/889/889 954/954/954 795/795/795
f 867/867/867 949/949/949 829/829/829
f 798/798/798 889/889/889 795/795/795
f 798/798/798 890/890/890 889/889/889
f 952/952/952 933/933/933 944/944/944
f 850/850/850 840/840/840 867/867/867
f 937/937/937 955/955/955 940/940/940
f 955/955/955 956/956/956 940/940/940
f 957/957/957 935/935/935 940/940/940
f 929/929/929 940/940/940 935/935/935
f 958/958/958 941/941/941 932/932/932
f 384/384/384 385/385/385 873/873/873
f 935/935/935 957/957/957 904/904/904
f 958/958/958 932/932/932 933/933/933
f 958/958/958 933/933/933 952/952/952
f 895/895/895 904/904/904 910/910/910
f 957/957/957 910/910/910 904/904/904
f 959/959/959 910/910/910 957/957/957
f 958/958/958 952/952/952 960/960/960
f 956/956/956 957/957/957 940/940/940
f 961/961/961 958/958/958 960/960/960
f 961/961/961 960/960/960 962/962/962
f 962/962/962 963/963/963 961/961/961
f 873/873/873 862/862/862 880/880/880
f 964/964/964 387/387/387 384/384/384
f 950/950/950 955/955/955 946/946/946
f 965/965/965 920/920/920 926/926/926
f 964/964/964 384/384/384 873/873/873
f 965/965/965 951/951/951 920/920/920
f 950/950/950 966/966/966 967/967/967
f 873/873/873 968/968/968 964/964/964
f 951/951/951 965/965/965 960/960/960
f 937/937/937 938/938/938 955/955/955
f 965/965/965 969/969/969 960/960/960
f 880/880/880 874/874/874 896/896/896
f 955/955/955 938/938/938 946/946/946
f 896/896/896 970/970/970 880/880/880
f 967/967/967 955/955/955 950/950/950
f 971/971/971 965/965/965 926/926/926
f 967/967/967 956/956/956 955/955/955
f 806/806/806 896/896/896 890/890/890
f 896/896/896 806/806/806 970/970/970
f 960/960/960 952/952/952 951/951/951
f 873/873/873 880/880/880 970/970/970
f 837/837/837 836/836/836 936/936/936
f 683/683/683 779/779/779 972/972/972
f 805/805/805 970/970/970 806/806/806
f 638/638/638 636/636/636 637/637/637
f 972/972/972 793/793/793 683/683/683
f 973/973/973 638/638/638 634/634/634
f 634/634/634 641/641/641 973/973/973
f 396/396/396 387/387/387 964/964/964
f 794/794/794 793/793/793 972/972/972
f 973/973/973 974/974/974 638/638/638
f 434/434/434 396/396/396 964/964/964
f 975/975/975 921/921/921 922/922/922
f 779/779/779 782/782/782 976/976/976
f 779/779/779 976/976/976 972/972/972
f 923/923/923 921/921/921 975/975/975
f 923/923/923 975/975/975 939/939/939
f 922/922/922 638/638/638 975/975/975
f 976/976/976 794/794/794 972/972/972
f 974/974/974 975/975/975 638/638/638
f 869/869/869 964/964/964 968/968/968
f 434/434/434 964/964/964 869/869/869
f 977/977/977 975/975/975 974/974/974
f 794/794/794 976/976/976 917/917/917
f 865/865/865 434/434/434 869/869/869
f 786/786/786 976/976/976 782/782/782
f 786/786/786 978/978/978 976/976/976
f 655/655/655 979/979/979 641/641/641
f 973/973/973 641/641/641 979/979/979
f 786/786/786 787/787/787 978/978/978
f 974/974/974 973/973/973 979/979/979
f 979/979/979 792/792/792 974/974/974
f 970/970/970 968/968/968 873/873/873
f 792/792/792 977/977/977 974/974/974
f 805/805/805 968/968/968 970/970/970
f 978/978/978 917/917/917 976/976/976
f 975/975/975 980/980/980 939/939/939
f 936/936/936 939/939/939 980/980/980
f 980/980/980 837/837/837 936/936/936
f 827/827/827 968/968/968 805/805/805
f 789/789/789 981/981/981 787/787/787
f 981/981/981 982/982/982 787/787/787
f 982/982/982 983/983/983 978/978/978
f 982/982/982 978/978/978 787/787/787
f 980/980/980 975/975/975 977/977/977
f 827/827/827 805/805/805 804/804/804
f 977/977/977 856/856/856 980/980/980
f 870/870/870 869/869/869 827/827/827
f 968/968/968 827/827/827 869/869/869
f 978/978/978 983/983/983 917/917/917
f 837/837/837 980/980/980 856/856/856
f 881/881/881 827/827/827 826/826/826
f 917/917/917 983/983/983 926/926/926
f 806/806/806 890/890/890 799/799/799
f 857/857/857 850/850/850 866/866/866
f 979/979/979 793/793/793 792/792/792
f 793/793/793 979/979/979 655/655/655
f 941/941/941 942/942/942 857/857/857
f 950/950/950 942/942/942 941/941/941
f 984/984/984 806/806/806 799/799/799
f 984/984/984 807/807/807 806/806/806
f 839/839/839 807/807/807 984/984/984
f 984/984/984 799/799/799 948/948/948
f 803/803/803 843/843/843 856/856/856
f 961/961/961 985/985/985 941/941/941
f 856/856/856 977/977/977 791/791/791
f 791/791/791 977/977/977 792/792/792
f 961/961/961 941/941/941 958/958/958
f 791/791/791 803/803/803 856/856/856
f 948/948/948 839/839/839 984/984/984
f 803/803/803 897/897/897 843/843/843
f 941/941/941 985/985/985 950/950/950
f 966/966/966 950/950/950 985/985/985
f 963/963/963 966/966/966 985/985/985
f 840/840/840 948/948/948 949/949/949
f 963/963/963 985/985/985 961/961/961
f 839/839/839 948/948/948 840/840/840
f 986/986/986 987/987/987 988/988/988
f 989/989/989 987/987/987 990/990/990
f 991/991/991 992/992/992 993/993/993
f 994/994/994 995/995/995 996/996/996
f 997/997/997 987/987/987 998/998/998
f 998/998/998 987/987/987 986/986/986
f 998/998/998 991/991/991 997/997/997
f 992/992/992 991/991/991 998/998/998
f 988/988/988 989/989/989 999/999/999
f 988/988/988 999/999/999 1000/1000/1000
f 1001/1001/1001 995/995/995 994/994/994
f 995/995/995 1002/1002/1002 1003/1003/1003
f 995/995/995 1001/1001/1001 999/999/999
f 1004/1004/1004 993/993/993 992/992/992
f 988/988/988 1000/1000/1000 1005/1005/1005
f 1004/1004/1004 1006/1006/1006 993/993/993
f 991/991/991 1007/1007/1007 1008/1008/1008
f 1009/1009/1009 993/993/993 1006/1006/1006
f 1010/1010/1010 1009/1009/1009 1011/1011/1011
f 1011/1011/1011 1009/1009/1009 1006/1006/1006
f 1012/1012/1012 1013/1013/1013 1007/1007/1007
f 1007/1007/1007 1009/1009/1009 1012/1012/1012
f 1014/1014/1014 990/990/990 997/997/997
f 991/991/991 993/993/993 1007/1007/1007
f 1015/1015/1015 1014/1014/1014 997/997/997
f 989/989/989 990/990/990 1016/1016/1016
f 1010/1010/1010 1017/1017/1017 1009/1009/1009
f 1009/1009/1009 1007/1007/1007 993/993/993
f 999/999/999 1002/1002/1002 995/995/995
f 1018/1018/1018 1015/1015/1015 1008/1008/1008
f 999/999/999 989/989/989 1002/1002/1002
f 997/997/997 991/991/991 1008/1008/1008
f 1010/1010/1010 1011/1011/1011 1019/1019/1019
f 1020/1020/1020 1010/1010/1010 1019/1019/1019
f 1021/1021/1021 1001/1001/1001 994/994/994
f 1020/1020/1020 1019/1019/1019 1022/1022/1022
f 999/999/999 1001/1001/1001 1021/1021/1021
f 997/997/997 990/990/990 987/987/987
f 1022/1022/1022 1019/1019/1019 1023/1023/1023
f 999/999/999 1021/1021/1021 1000/1000/1000
f 1023/1023/1023 1019/1019/1019 1024/1024/1024
f 1014/1014/1014 1016/1016/1016 990/990/990
f 1005/1005/1005 986/986/986 988/988/988
f 1025/1025/1025 1026/1026/1026 1027/1027/1027
f 1028/1028/1028 1029/1029/1029 1030/1030/1030
f 1031/1031/1031 1015/1015/1015 1018/1018/1018
f 1032/1032/1032 1026/1026/1026 1025/1025/1025
f 1028/1028/1028 1030/1030/1030 1033/1033/1033
f 1034/1034/1034 1032/1032/1032 1025/1025/1025
f 1034/1034/1034 1025/1025/1025 1035/1035/1035
f 1036/1036/1036 1028/1028/1028 1033/1033/1033
f 1037/1037/1037 1025/1025/1025 1027/1027/1027
f 1038/1038/1038 1039/1039/1039 1029/1029/1029
f 1035/1035/1035 1025/1025/1025 1037/1037/1037
f 1040/1040/1040 1041/1041/1041 1018/1018/1018
f 1042/1042/1042 1043/1043/1043 1044/1044/1044
f 1028/1028/1028 1045/1045/1045 1029/1029/1029
f 1046/1046/1046 1038/1038/1038 1029/1029/1029
f 1029/1029/1029 1045/1045/1045 1046/1046/1046
f 1047/1047/1047 168/168/168 1048/1048/1048
f 1037/1037/1037 1027/1027/1027 1043/1043/1043
f 1042/1042/1042 1049/1049/1049 1043/1043/1043
f 167/167/167 170/170/170 1048/1048/1048
f 1044/1044/1044 1050/1050/1050 1042/1042/1042
f 1049/1049/1049 1042/1042/1042 1050/1050/1050
f 1051/1051/1051 1052/1052/1052 1016/1016/1016
f 1037/1037/1037 1043/1043/1043 1049/1049/1049
f 167/167/167 1048/1048/1048 168/168/168
f 1036/1036/1036 1053/1053/1053 1028/1028/1028
f 1045/1045/1045 1028/1028/1028 1053/1053/1053
f 1052/1052/1052 1002/1002/1002 1016/1016/1016
f 1054/1054/1054 1048/1048/1048 170/170/170
f 1046/1046/1046 1045/1045/1045 1053/1053/1053
f 1035/1035/1035 1037/1037/1037 1055/1055/1055
f 1056/1056/1056 1057/1057/1057 1058/1058/1058
f 1055/1055/1055 1037/1037/1037 1049/1049/1049
f 1059/1059/1059 1057/1057/1057 1060/1060/1060
f 1061/1061/1061 1049/1049/1049 1050/1050/1050
f 1061/1061/1061 1050/1050/1050 1062/1062/1062
f 1059/1059/1059 1058/1058/1058 1057/1057/1057
f 1063/1063/1063 1061/1061/1061 1062/1062/1062
f 1064/1064/1064 1065/1065/1065 1058/1058/1058
f 1066/1066/1066 1047/1047/1047 1048/1048/1048
f 1067/1067/1067 1066/1066/1066 1048/1048/1048
f 1016/1016/1016 1031/1031/1031 1068/1068/1068
f 1038/1038/1038 1059/1059/1059 1060/1060/1060
f 1049/1049/1049 1061/1061/1061 1055/1055/1055
f 1064/1064/1064 1058/1058/1058 1059/1059/1059
f 1069/1069/1069 1070/1070/1070 1067/1067/1067
f 1061/1061/1061 1071/1071/1071 1055/1055/1055
f 1071/1071/1071 1072/1072/1072 1055/1055/1055
f 1002/1002/1002 989/989/989 1016/1016/1016
f 1059/1059/1059 1073/1073/1073 1064/1064/1064
f 1074/1074/1074 1058/1058/1058 1065/1065/1065
f 1034/1034/1034 1035/1035/1035 1075/1075/1075
f 1065/1065/1065 1076/1076/1076 1074/1074/1074
f 1077/1077/1077 1078/1078/1078 1079/1079/1079
f 1075/1075/1075 1035/1035/1035 1055/1055/1055
f 1080/1080/1080 1076/1076/1076 1065/1065/1065
f 1081/1081/1081 1034/1034/1034 1075/1075/1075
f 1075/1075/1075 1082/1082/1082 1081/1081/1081
f 1083/1083/1083 1065/1065/1065 1064/1064/1064
f 1055/1055/1055 1072/1072/1072 1075/1075/1075
f 1016/1016/1016 1014/1014/1014 1031/1031/1031
f 1082/1082/1082 1075/1075/1075 1072/1072/1072
f 1077/1077/1077 1079/1079/1079 138/138/138
f 1084/1084/1084 1077/1077/1077 138/138/138
f 1085/1085/1085 1065/1065/1065 1083/1083/1083
f 1084/1084/1084 138/138/138 153/153/153
f 1084/1084/1084 153/153/153 331/331/331
f 1082/1082/1082 1052/1052/1052 1081/1081/1081
f 1059/1059/1059 1038/1038/1038 1073/1073/1073
f 1073/1073/1073 1038/1038/1038 1086/1086/1086
f 989/989/989 988/988/988 987/987/987
f 1087/1087/1087 1073/1073/1073 1086/1086/1086
f 1088/1088/1088 1077/1077/1077 1084/1084/1084
f 1072/1072/1072 1003/1003/1003 1082/1082/1082
f 1046/1046/1046 1086/1086/1086 1038/1038/1038
f 1014/1014/1014 1015/1015/1015 1031/1031/1031
f 1077/1077/1077 1088/1088/1088 1089/1089/1089
f 1046/1046/1046 1090/1090/1090 1086/1086/1086
f 1078/1078/1078 1077/1077/1077 1091/1091/1091
f 1046/1046/1046 1092/1092/1092 1090/1090/1090
f 1093/1093/1093 228/228/228 1094/1094/1094
f 1087/1087/1087 1086/1086/1086 1090/1090/1090
f 1091/1091/1091 1077/1077/1077 1089/1089/1089
f 231/231/231 228/228/228 1093/1093/1093
f 168/168/168 1094/1094/1094 169/169/169
f 169/169/169 1094/1094/1094 228/228/228
f 1095/1095/1095 1087/1087/1087 1090/1090/1090
f 1073/1073/1073 1083/1083/1083 1064/1064/1064
f 1096/1096/1096 1089/1089/1089 1088/1088/1088
f 1097/1097/1097 1083/1083/1083 1073/1073/1073
f 997/997/997 1008/1008/1008 1015/1015/1015
f 1091/1091/1091 1089/1089/1089 1044/1044/1044
f 1089/1089/1089 1098/1098/1098 1044/1044/1044
f 1098/1098/1098 1089/1089/1089 1096/1096/1096
f 1097/1097/1097 1073/1073/1073 1087/1087/1087
f 1083/1083/1083 1097/1097/1097 1099/1099/1099
f 1099/1099/1099 1085/1085/1085 1083/1083/1083
f 1047/1047/1047 1094/1094/1094 168/168/168
f 1100/1100/1100 210/210/210 209/209/209
f 1101/1101/1101 1099/1099/1099 1097/1097/1097
f 1087/1087/1087 1101/1101/1101 1097/1097/1097
f 1102/1102/1102 210/210/210 1100/1100/1100
f 1095/1095/1095 1101/1101/1101 1087/1087/1087
f 1103/1103/1103 229/229/229 231/231/231
f 1101/1101/1101 1104/1104/1104 1099/1099/1099
f 1103/1103/1103 231/231/231 1093/1093/1093
f 1093/1093/1093 1105/1105/1105 1103/1103/1103
f 1106/1106/1106 1102/1102/1102 1100/1100/1100
f 1107/1107/1107 229/229/229 1103/1103/1103
f 1107/1107/1107 1108/1108/1108 229/229/229
f 1109/1109/1109 1110/1110/1110 1069/1069/1069
f 221/221/221 223/223/223 222/222/222
f 1111/1111/1111 222/222/222 223/223/223
f 1112/1112/1112 1110/1110/1110 1109/1109/1109
f 1113/1113/1113 1111/1111/1111 223/223/223
f 223/223/223 224/224/224 1113/1113/1113
f 1114/1114/1114 1105/1105/1105 1093/1093/1093
f 1092/1092/1092 1115/1115/1115 1116/1116/1116
f 1090/1090/1090 1092/1092/1092 1116/1116/1116
f 1109/1109/1109 1117/1117/1117 1112/1112/1112
f 1118/1118/1118 1117/1117/1117 1109/1109/1109
f 1119/1119/1119 1116/1116/1116 1115/1115/1115
f 1117/1117/1117 1120/1120/1120 1112/1112/1112
f 209/209/209 207/207/207 222/222/222
f 222/222/222 207/207/207 215/215/215
f 1121/1121/1121 1093/1093/1093 1094/1094/1094
f 1121/1121/1121 1094/1094/1094 1047/1047/1047
f 209/209/209 222/222/222 1111/1111/1111
f 1100/1100/1100 209/209/209 1111/1111/1111
f 1114/1114/1114 1093/1093/1093 1121/1121/1121
f 1116/1116/1116 1119/1119/1119 1122/1122/1122
f 1066/1066/1066 1121/1121/1121 1047/1047/1047
f 1123/1123/1123 1111/1111/1111 1113/1113/1113
f 1120/1120/1120 1033/1033/1033 1112/1112/1112
f 1124/1124/1124 1122/1122/1122 1119/1119/1119
f 1120/1120/1120 1036/1036/1036 1033/1033/1033
f 1125/1125/1125 1036/1036/1036 1120/1120/1120
f 1123/1123/1123 1113/1113/1113 1126/1126/1126
f 1127/1127/1127 1120/1120/1120 1117/1117/1117
f 1114/1114/1114 1121/1121/1121 1128/1128/1128
f 1129/1129/1129 1123/1123/1123 1126/1126/1126
f 1118/1118/1118 1130/1130/1130 1117/1117/1117
f 1130/1130/1130 1118/1118/1118 1131/1131/1131
f 1100/1100/1100 1123/1123/1123 1106/1106/1106
f 1123/1123/1123 1100/1100/1100 1111/1111/1111
f 1132/1132/1132 1116/1116/1116 1122/1122/1122
f 1133/1133/1133 1107/1107/1107 1103/1103/1103
f 1133/1133/1133 1103/1103/1103 1105/1105/1105
f 1036/1036/1036 1134/1134/1134 1053/1053/1053
f 210/210/210 170/170/170 211/211/211
f 1052/1052/1052 1051/1051/1051 1131/1131/1131
f 1135/1135/1135 1132/1132/1132 1122/1122/1122
f 1136/1136/1136 1116/1116/1116 1132/1132/1132
f 1136/1136/1136 1132/1132/1132 1137/1137/1137
f 1138/1138/1138 1105/1105/1105 1114/1114/1114
f 1052/1052/1052 1082/1082/1082 1003/1003/1003
f 1138/1138/1138 1133/1133/1133 1105/1105/1105
f 1102/1102/1102 170/170/170 210/210/210
f 1107/1107/1107 1133/1133/1133 1139/1139/1139
f 1052/1052/1052 1003/1003/1003 1002/1002/1002
f 1057/1057/1057 1056/1056/1056 1133/1133/1133
f 995/995/995 1003/1003/1003 1072/1072/1072
f 996/996/996 995/995/995 1072/1072/1072
f 1140/1140/1140 1141/1141/1141 1142/1142/1142
f 1143/1143/1143 1106/1106/1106 1123/1123/1123
f 1108/1108/1108 1144/1144/1144 229/229/229
f 1145/1145/1145 1144/1144/1144 1108/1108/1108
f 1146/1146/1146 1145/1145/1145 1108/1108/1108
f 1146/1146/1146 1108/1108/1108 1147/1147/1147
f 1122/1122/1122 1124/1124/1124 1135/1135/1135
f 1092/1092/1092 1053/1053/1053 1134/1134/1134
f 1092/1092/1092 1046/1046/1046 1053/1053/1053
f 1147/1147/1147 1108/1108/1108 1107/1107/1107
f 1040/1040/1040 1124/1124/1124 1041/1041/1041
f 1148/1148/1148 1146/1146/1146 1147/1147/1147
f 252/252/252 251/251/251 263/263/263
f 1090/1090/1090 1149/1149/1149 1095/1095/1095
f 1150/1150/1150 1145/1145/1145 1146/1146/1146
f 1090/1090/1090 1116/1116/1116 1149/1149/1149
f 1136/1136/1136 1095/1095/1095 1149/1149/1149
f 1124/1124/1124 1040/1040/1040 1151/1151/1151
f 1116/1116/1116 1136/1136/1136 1149/1149/1149
f 1150/1150/1150 1146/1146/1146 1140/1140/1140
f 1152/1152/1152 1143/1143/1143 1123/1123/1123
f 1141/1141/1141 1140/1140/1140 1146/1146/1146
f 1141/1141/1141 1146/1146/1146 1148/1148/1148
f 1129/1129/1129 1153/1153/1153 1154/1154/1154
f 1101/1101/1101 1095/1095/1095 1136/1136/1136
f 1124/1124/1124 1151/1151/1151 1135/1135/1135
f 1101/1101/1101 1136/1136/1136 1155/1155/1155
f 1139/1139/1139 1147/1147/1147 1107/1107/1107
f 1155/1155/1155 1104/1104/1104 1101/1101/1101
f 1123/1123/1123 1156/1156/1156 1152/1152/1152
f 1157/1157/1157 1143/1143/1143 1152/1152/1152
f 1139/1139/1139 1056/1056/1056 1147/1147/1147
f 1147/1147/1147 1056/1056/1056 1148/1148/1148
f 1151/1151/1151 1040/1040/1040 1007/1007/1007
f 1158/1158/1158 1157/1157/1157 1152/1152/1152
f 1155/1155/1155 1136/1136/1136 1137/1137/1137
f 1123/1123/1123 1129/1129/1129 1154/1154/1154
f 1156/1156/1156 1123/1123/1123 1154/1154/1154
f 1139/1139/1139 1133/1133/1133 1056/1056/1056
f 1127/1127/1127 1117/1117/1117 1130/1130/1130
f 1159/1159/1159 1151/1151/1151 1013/1013/1013
f 1125/1125/1125 1120/1120/1120 1127/1127/1127
f 1074/1074/1074 1056/1056/1056 1058/1058/1058
f 1125/1125/1125 1127/1127/1127 1160/1160/1160
f 1130/1130/1130 1160/1160/1160 1127/1127/1127
f 1054/1054/1054 170/170/170 1102/1102/1102
f 1141/1141/1141 1148/1148/1148 1161/1161/1161
f 1162/1162/1162 1160/1160/1160 1130/1130/1130
f 1074/1074/1074 1161/1161/1161 1148/1148/1148
f 1163/1163/1163 1137/1137/1137 1132/1132/1132
f 1130/1130/1130 1131/1131/1131 1051/1051/1051
f 1132/1132/1132 1135/1135/1135 1163/1163/1163
f 1051/1051/1051 1068/1068/1068 1130/1130/1130
f 1074/1074/1074 1148/1148/1148 1056/1056/1056
f 1106/1106/1106 1054/1054/1054 1102/1102/1102
f 1106/1106/1106 1164/1164/1164 1054/1054/1054
f 1161/1161/1161 1074/1074/1074 1076/1076/1076
f 1137/1137/1137 1163/1163/1163 1165/1165/1165
f 1135/1135/1135 1166/1166/1166 1163/1163/1163
f 1167/1167/1167 1054/1054/1054 1164/1164/1164
f 1164/1164/1164 1168/1168/1168 1167/1167/1167
f 1163/1163/1163 1166/1166/1166 1165/1165/1165
f 1162/1162/1162 1130/1130/1130 1068/1068/1068
f 1121/1121/1121 1066/1066/1066 1070/1070/1070
f 1128/1128/1128 1121/1121/1121 1070/1070/1070
f 1070/1070/1070 1066/1066/1066 1067/1067/1067
f 1135/1135/1135 1151/1151/1151 1159/1159/1159
f 1016/1016/1016 1068/1068/1068 1051/1051/1051
f 1157/1157/1157 1168/1168/1168 1164/1164/1164
f 1164/1164/1164 1106/1106/1106 1143/1143/1143
f 1159/1159/1159 1166/1166/1166 1135/1135/1135
f 1157/1157/1157 1164/1164/1164 1143/1143/1143
f 1162/1162/1162 1068/1068/1068 1169/1169/1169
f 1110/1110/1110 1128/1128/1128 1070/1070/1070
f 1169/1169/1169 1068/1068/1068 1031/1031/1031
f 1054/1054/1054 1167/1167/1167 1048/1048/1048
f 1039/1039/1039 1114/1114/1114 1128/1128/1128
f 1167/1167/1167 1067/1067/1067 1048/1048/1048
f 1110/1110/1110 1070/1070/1070 1069/1069/1069
f 1125/1125/1125 1134/1134/1134 1036/1036/1036
f 224/224/224 141/141/141 138/138/138
f 1134/1134/1134 1125/1125/1125 1170/1170/1170
f 138/138/138 1079/1079/1079 224/224/224
f 1128/1128/1128 1030/1030/1030 1039/1039/1039
f 1030/1030/1030 1128/1128/1128 1110/1110/1110
f 1126/1126/1126 1113/1113/1113 224/224/224
f 1126/1126/1126 224/224/224 1079/1079/1079
f 1170/1170/1170 1115/1115/1115 1134/1134/1134
f 1115/1115/1115 1092/1092/1092 1134/1134/1134
f 1171/1171/1171 1166/1166/1166 1159/1159/1159
f 1039/1039/1039 1138/1138/1138 1114/1114/1114
f 1138/1138/1138 1057/1057/1057 1133/1133/1133
f 1125/1125/1125 1162/1162/1162 1170/1170/1170
f 1162/1162/1162 1119/1119/1119 1170/1170/1170
f 1162/1162/1162 1125/1125/1125 1160/1160/1160
f 1172/1172/1172 1171/1171/1171 1159/1159/1159
f 1078/1078/1078 1126/1126/1126 1079/1079/1079
f 1007/1007/1007 1040/1040/1040 1018/1018/1018
f 1129/1129/1129 1126/1126/1126 1173/1173/1173
f 1018/1018/1018 1008/1008/1008 1007/1007/1007
f 1119/1119/1119 1115/1115/1115 1170/1170/1170
f 1039/1039/1039 1060/1060/1060 1138/1138/1138
f 1060/1060/1060 1057/1057/1057 1138/1138/1138
f 1174/1174/1174 1173/1173/1173 1126/1126/1126
f 1007/1007/1007 1013/1013/1013 1151/1151/1151
f 1162/1162/1162 1041/1041/1041 1119/1119/1119
f 1041/1041/1041 1124/1124/1124 1119/1119/1119
f 1126/1126/1126 1078/1078/1078 1174/1174/1174
f 1175/1175/1175 1174/1174/1174 1078/1078/1078
f 1162/1162/1162 1169/1169/1169 1041/1041/1041
f 1029/1029/1029 1039/1039/1039 1030/1030/1030
f 1169/1169/1169 1018/1018/1018 1041/1041/1041
f 1018/1018/1018 1169/1169/1169 1031/1031/1031
f 1173/1173/1173 1153/1153/1153 1129/1129/1129
f 1038/1038/1038 1060/1060/1060 1039/1039/1039
f 1110/1110/1110 1112/1112/1112 1030/1030/1030
f 1173/1173/1173 1174/1174/1174 1176/1176/1176
f 1112/1112/1112 1033/1033/1033 1030/1030/1030
f 1012/1012/1012 1009/1009/1009 1017/1017/1017
f 1173/1173/1173 1176/1176/1176 1177/1177/1177
f 1176/1176/1176 1174/1174/1174 1175/1175/1175
f 1004/1004/1004 992/992/992 998/998/998
f 1175/1175/1175 1078/1078/1078 1091/1091/1091
f 1044/1044/1044 1175/1175/1175 1091/1091/1091
f 1013/1013/1013 1178/1178/1178 1159/1159/1159
f 1175/1175/1175 1043/1043/1043 1176/1176/1176
f 1012/1012/1012 1178/1178/1178 1013/1013/1013
f 1043/1043/1043 1175/1175/1175 1044/1044/1044
f 1178/1178/1178 1012/1012/1012 1017/1017/1017
f 1178/1178/1178 1172/1172/1172 1159/1159/1159
f 1020/1020/1020 1179/1179/1179 1178/1178/1178
f 1020/1020/1020 1178/1178/1178 1017/1017/1017
f 1158/1158/1158 1152/1152/1152 1180/1180/1180
f 1180/1180/1180 1152/1152/1152 1156/1156/1156
f 1154/1154/1154 1180/1180/1180 1156/1156/1156
f 1180/1180/1180 1154/1154/1154 1026/1026/1026
f 1032/1032/1032 1181/1181/1181 1180/1180/1180
f 1182/1182/1182 1180/1180/1180 1181/1181/1181
f 1180/1180/1180 1026/1026/1026 1032/1032/1032
f 1183/1183/1183 1167/1167/1167 1168/1168/1168
f 1010/1010/1010 1020/1020/1020 1017/1017/1017
f 1157/1157/1157 1183/1183/1183 1168/1168/1168
f 1184/1184/1184 1183/1183/1183 1157/1157/1157
f 1185/1185/1185 1167/1167/1167 1183/1183/1183
f 1167/1167/1167 1185/1185/1185 1067/1067/1067
f 1069/1069/1069 1067/1067/1067 1185/1185/1185
f 1186/1186/1186 1183/1183/1183 1184/1184/1184
f 1185/1185/1185 1109/1109/1109 1069/1069/1069
f 1183/1183/1183 1186/1186/1186 1185/1185/1185
f 1187/1187/1187 1186/1186/1186 1188/1188/1188
f 1184/1184/1184 1157/1157/1157 1158/1158/1158
f 1182/1182/1182 1158/1158/1158 1180/1180/1180
f 1188/1188/1188 1158/1158/1158 1182/1182/1182
f 1188/1188/1188 1186/1186/1186 1184/1184/1184
f 1188/1188/1188 1184/1184/1184 1158/1158/1158
f 1189/1189/1189 1181/1181/1181 1032/1032/1032
f 1189/1189/1189 1182/1182/1182 1181/1181/1181
f 1034/1034/1034 1189/1189/1189 1032/1032/1032
f 1185/1185/1185 1186/1186/1186 1109/1109/1109
f 1109/1109/1109 1186/1186/1186 1187/1187/1187
f 1118/1118/1118 1109/1109/1109 1187/1187/1187
f 1187/1187/1187 1188/1188/1188 1190/1190/1190
f 1190/1190/1190 1188/1188/1188 1191/1191/1191
f 1191/1191/1191 1188/1188/1188 1182/1182/1182
f 1191/1191/1191 1182/1182/1182 1189/1189/1189
f 1191/1191/1191 1189/1189/1189 1034/1034/1034
f 1081/1081/1081 1191/1191/1191 1034/1034/1034
f 1118/1118/1118 1187/1187/1187 1190/1190/1190
f 1190/1190/1190 1191/1191/1191 1081/1081/1081
f 1190/1190/1190 1131/1131/1131 1118/1118/1118
f 1131/1131/1131 1190/1190/1190 1052/1052/1052
f 1052/1052/1052 1190/1190/1190 1081/1081/1081
f 1153/1153/1153 1173/1173/1173 1177/1177/1177
f 1026/1026/1026 1177/1177/1177 1176/1176/1176
f 1026/1026/1026 1176/1176/1176 1027/1027/1027
f 1176/1176/1176 1043/1043/1043 1027/1027/1027
f 1154/1154/1154 1153/1153/1153 1177/1177/1177
f 1026/1026/1026 1154/1154/1154 1177/1177/1177
f 1192/1192/1192 1193/1193/1193 1194/1194/1194
f 1195/1195/1195 1196/1196/1196 1197/1197/1197
f 1195/1195/1195 1198/1198/1198 1196/1196/1196
f 1193/1193/1193 1192/1192/1192 1199/1199/1199
f 1200/1200/1200 1193/1193/1193 1199/1199/1199
f 994/994/994 1201/1201/1201 1021/1021/1021
f 1202/1202/1202 1198/1198/1198 1195/1195/1195
f 1198/1198/1198 1202/1202/1202 1203/1203/1203
f 1204/1204/1204 1205/1205/1205 1206/1206/1206
f 1202/1202/1202 1207/1207/1207 1208/1208/1208
f 1209/1209/1209 1021/1021/1021 1201/1201/1201
f 1210/1210/1210 1021/1021/1021 1209/1209/1209
f 1211/1211/1211 1212/1212/1212 1213/1213/1213
f 1021/1021/1021 1210/1210/1210 1000/1000/1000
f 1214/1214/1214 1203/1203/1203 1208/1208/1208
f 1215/1215/1215 1192/1192/1192 1216/1216/1216
f 1204/1204/1204 1206/1206/1206 1217/1217/1217
f 1210/1210/1210 1209/1209/1209 1218/1218/1218
f 1199/1199/1199 1192/1192/1192 1215/1215/1215
f 1214/1214/1214 1219/1219/1219 1220/1220/1220
f 1221/1221/1221 1222/1222/1222 1223/1223/1223
f 1224/1224/1224 1207/1207/1207 1202/1202/1202
f 1202/1202/1202 1195/1195/1195 1224/1224/1224
f 1201/1201/1201 1205/1205/1205 1204/1204/1204
f 1209/1209/1209 1201/1201/1201 1225/1225/1225
f 1226/1226/1226 1199/1199/1199 1215/1215/1215
f 1203/1203/1203 1202/1202/1202 1208/1208/1208
f 1199/1199/1199 1226/1226/1226 1227/1227/1227
f 1228/1228/1228 1209/1209/1209 1225/1225/1225
f 1228/1228/1228 1225/1225/1225 1222/1222/1222
f 1229/1229/1229 1217/1217/1217 1230/1230/1230
f 1231/1231/1231 1232/1232/1232 1215/1215/1215
f 1232/1232/1232 1226/1226/1226 1215/1215/1215
f 1222/1222/1222 1221/1221/1221 1228/1228/1228
f 1204/1204/1204 1217/1217/1217 1223/1223/1223
f 1218/1218/1218 1209/1209/1209 1228/1228/1228
f 1220/1220/1220 1233/1233/1233 1203/1203/1203
f 1234/1234/1234 1203/1203/1203 1233/1233/1233
f 1214/1214/1214 1220/1220/1220 1203/1203/1203
f 1211/1211/1211 1235/1235/1235 1236/1236/1236
f 1237/1237/1237 1221/1221/1221 1238/1238/1238
f 1237/1237/1237 1196/1196/1196 1239/1239/1239
f 1228/1228/1228 1221/1221/1221 1239/1239/1239
f 1223/1223/1223 1217/1217/1217 1229/1229/1229
f 1240/1240/1240 1235/1235/1235 1213/1213/1213
f 1241/1241/1241 1242/1242/1242 1243/1243/1243
f 1244/1244/1244 1196/1196/1196 1245/1245/1245
f 1229/1229/1229 1230/1230/1230 1246/1246/1246
f 1245/1245/1245 1196/1196/1196 1198/1198/1198
f 1247/1247/1247 1236/1236/1236 1235/1235/1235
f 1005/1005/1005 1000/1000/1000 1210/1210/1210
f 1245/1245/1245 1198/1198/1198 1248/1248/1248
f 1234/1234/1234 1249/1249/1249 1198/1198/1198
f 1231/1231/1231 1250/1250/1250 1232/1232/1232
f 1248/1248/1248 1198/1198/1198 1249/1249/1249
f 1251/1251/1251 1218/1218/1218 1228/1228/1228
f 1251/1251/1251 1228/1228/1228 1239/1239/1239
f 1236/1236/1236 1252/1252/1252 1211/1211/1211
f 1253/1253/1253 1245/1245/1245 1248/1248/1248
f 1198/1198/1198 1203/1203/1203 1234/1234/1234
f 1210/1210/1210 1254/1254/1254 1005/1005/1005
f 1255/1255/1255 1004/1004/1004 1256/1256/1256
f 1218/1218/1218 1254/1254/1254 1210/1210/1210
f 1257/1257/1257 1252/1252/1252 1236/1236/1236
f 1218/1218/1218 1258/1258/1258 1254/1254/1254
f 1229/1229/1229 1246/1246/1246 1259/1259/1259
f 1260/1260/1260 1255/1255/1255 1261/1261/1261
f 1211/1211/1211 1213/1213/1213 1235/1235/1235
f 1260/1260/1260 1261/1261/1261 1262/1262/1262
f 1255/1255/1255 1260/1260/1260 1263/1263/1263
f 1264/1264/1264 1263/1263/1263 1260/1260/1260
f 1265/1265/1265 1263/1263/1263 1264/1264/1264
f 1260/1260/1260 1245/1245/1245 1266/1266/1266
f 1267/1267/1267 1246/1246/1246 1241/1241/1241
f 1268/1268/1268 1266/1266/1266 1253/1253/1253
f 1268/1268/1268 1269/1269/1269 1266/1266/1266
f 1268/1268/1268 1270/1270/1270 1269/1269/1269
f 1270/1270/1270 1264/1264/1264 1269/1269/1269
f 1271/1271/1271 1004/1004/1004 1255/1255/1255
f 1260/1260/1260 1262/1262/1262 1245/1245/1245
f 1267/1267/1267 1241/1241/1241 1272/1272/1272
f 1254/1254/1254 1258/1258/1258 1273/1273/1273
f 1269/1269/1269 1260/1260/1260 1266/1266/1266
f 1269/1269/1269 1264/1264/1264 1260/1260/1260
f 1273/1273/1273 1261/1261/1261 1254/1254/1254
f 1246/1246/1246 1267/1267/1267 1259/1259/1259
f 1265/1265/1265 1264/1264/1264 1270/1270/1270
f 1254/1254/1254 1261/1261/1261 1256/1256/1256
f 1271/1271/1271 1255/1255/1255 1263/1263/1263
f 1274/1274/1274 1263/1263/1263 1265/1265/1265
f 1006/1006/1006 1004/1004/1004 1271/1271/1271
f 1274/1274/1274 1275/1275/1275 1263/1263/1263
f 1255/1255/1255 1256/1256/1256 1261/1261/1261
f 1276/1276/1276 1277/1277/1277 1278/1278/1278
f 1270/1270/1270 1274/1274/1274 1265/1265/1265
f 1218/1218/1218 1251/1251/1251 1258/1258/1258
f 1279/1279/1279 1275/1275/1275 1274/1274/1274
f 1241/1241/1241 1243/1243/1243 1280/1280/1280
f 1011/1011/1011 1006/1006/1006 1271/1271/1271
f 1275/1275/1275 1279/1279/1279 1281/1281/1281
f 1275/1275/1275 1281/1281/1281 1193/1193/1193
f 1258/1258/1258 1251/1251/1251 1273/1273/1273
f 1272/1272/1272 1241/1241/1241 1280/1280/1280
f 1196/1196/1196 1251/1251/1251 1239/1239/1239
f 1282/1282/1282 1271/1271/1271 1263/1263/1263
f 1247/1247/1247 1233/1233/1233 1283/1283/1283
f 1244/1244/1244 1251/1251/1251 1196/1196/1196
f 1284/1284/1284 1233/1233/1233 1247/1247/1247
f 1247/1247/1247 1283/1283/1283 1285/1285/1285
f 1262/1262/1262 1244/1244/1244 1245/1245/1245
f 1267/1267/1267 1286/1286/1286 1224/1224/1224
f 1273/1273/1273 1251/1251/1251 1244/1244/1244
f 1282/1282/1282 1263/1263/1263 1287/1287/1287
f 1287/1287/1287 1263/1263/1263 1275/1275/1275
f 1288/1288/1288 1236/1236/1236 1285/1285/1285
f 1285/1285/1285 1236/1236/1236 1247/1247/1247
f 1261/1261/1261 1273/1273/1273 1262/1262/1262
f 1289/1289/1289 1011/1011/1011 1271/1271/1271
f 1244/1244/1244 1262/1262/1262 1273/1273/1273
f 1288/1288/1288 1290/1290/1290 1236/1236/1236
f 1272/1272/1272 1280/1280/1280 1291/1291/1291
f 1289/1289/1289 1271/1271/1271 1282/1282/1282
f 1291/1291/1291 1280/1280/1280 1292/1292/1292
f 1019/1019/1019 1011/1011/1011 1289/1289/1289
f 1290/1290/1290 1257/1257/1257 1236/1236/1236
f 1221/1221/1221 1223/1223/1223 1229/1229/1229
f 1248/1248/1248 1249/1249/1249 1253/1253/1253
f 1221/1221/1221 1229/1229/1229 1259/1259/1259
f 1282/1282/1282 1293/1293/1293 1289/1289/1289
f 1259/1259/1259 1238/1238/1238 1221/1221/1221
f 1266/1266/1266 1245/1245/1245 1253/1253/1253
f 1289/1289/1289 1024/1024/1024 1019/1019/1019
f 1259/1259/1259 1267/1267/1267 1224/1224/1224
f 1286/1286/1286 1272/1272/1272 1291/1291/1291
f 1294/1294/1294 1268/1268/1268 1253/1253/1253
f 1267/1267/1267 1272/1272/1272 1286/1286/1286
f 1295/1295/1295 1294/1294/1294 1253/1253/1253
f 1296/1296/1296 1253/1253/1253 1249/1249/1249
f 1295/1295/1295 1297/1297/1297 1298/1298/1298
f 1238/1238/1238 1259/1259/1259 1224/1224/1224
f 1297/1297/1297 1295/1295/1295 1253/1253/1253
f 1296/1296/1296 1297/1297/1297 1253/1253/1253
f 1224/1224/1224 1197/1197/1197 1238/1238/1238
f 1299/1299/1299 1296/1296/1296 1213/1213/1213
f 1300/1300/1300 1193/1193/1193 1281/1281/1281
f 1293/1293/1293 1024/1024/1024 1289/1289/1289
f 1193/1193/1193 1300/1300/1300 1194/1194/1194
f 1296/1296/1296 1298/1298/1298 1297/1297/1297
f 1301/1301/1301 1296/1296/1296 1249/1249/1249
f 1238/1238/1238 1197/1197/1197 1237/1237/1237
f 1213/1213/1213 1296/1296/1296 1301/1301/1301
f 1302/1302/1302 1024/1024/1024 1293/1293/1293
f 1240/1240/1240 1213/1213/1213 1301/1301/1301
f 1303/1303/1303 1282/1282/1282 1287/1287/1287
f 1239/1239/1239 1221/1221/1221 1237/1237/1237
f 1301/1301/1301 1249/1249/1249 1234/1234/1234
f 1234/1234/1234 1233/1233/1233 1284/1284/1284
f 1197/1197/1197 1196/1196/1196 1237/1237/1237
f 1291/1291/1291 1292/1292/1292 1304/1304/1304
f 1293/1293/1293 1282/1282/1282 1303/1303/1303
f 1284/1284/1284 1301/1301/1301 1234/1234/1234
f 1200/1200/1200 1303/1303/1303 1287/1287/1287
f 1195/1195/1195 1197/1197/1197 1224/1224/1224
f 1247/1247/1247 1301/1301/1301 1284/1284/1284
f 1247/1247/1247 1240/1240/1240 1301/1301/1301
f 1291/1291/1291 1207/1207/1207 1286/1286/1286
f 1275/1275/1275 1193/1193/1193 1287/1287/1287
f 1240/1240/1240 1247/1247/1247 1235/1235/1235
f 1193/1193/1193 1200/1200/1200 1287/1287/1287
f 1208/1208/1208 1291/1291/1291 1304/1304/1304
f 1207/1207/1207 1224/1224/1224 1286/1286/1286
f 1305/1305/1305 1293/1293/1293 1303/1303/1303
f 1207/1207/1207 1291/1291/1291 1208/1208/1208
f 1200/1200/1200 1305/1305/1305 1303/1303/1303
f 1305/1305/1305 1302/1302/1302 1293/1293/1293
f 1199/1199/1199 1305/1305/1305 1200/1200/1200
f 1306/1306/1306 1305/1305/1305 1227/1227/1227
f 1227/1227/1227 1305/1305/1305 1199/1199/1199
f 1307/1307/1307 1219/1219/1219 1214/1214/1214
f 1308/1308/1308 1219/1219/1219 1307/1307/1307
f 1304/1304/1304 1309/1309/1309 1214/1214/1214
f 1304/1304/1304 1214/1214/1214 1208/1208/1208
f 1310/1310/1310 1307/1307/1307 1309/1309/1309
f 1311/1311/1311 1308/1308/1308 1312/1312/1312
f 1214/1214/1214 1309/1309/1309 1307/1307/1307
f 1311/1311/1311 1283/1283/1283 1308/1308/1308
f 1285/1285/1285 1283/1283/1283 1311/1311/1311
f 1312/1312/1312 1313/1313/1313 1311/1311/1311
f 1312/1312/1312 1310/1310/1310 1313/1313/1313
f 1314/1314/1314 1285/1285/1285 1311/1311/1311
f 1285/1285/1285 1314/1314/1314 1288/1288/1288
f 1314/1314/1314 1311/1311/1311 1313/1313/1313
f 1315/1315/1315 1314/1314/1314 1313/1313/1313
f 1288/1288/1288 1314/1314/1314 1316/1316/1316
f 1317/1317/1317 1290/1290/1290 1316/1316/1316
f 1317/1317/1317 1316/1316/1316 1318/1318/1318
f 1316/1316/1316 1290/1290/1290 1288/1288/1288
f 1316/1316/1316 1314/1314/1314 1319/1319/1319
f 996/996/996 1205/1205/1205 994/994/994
f 1201/1201/1201 994/994/994 1205/1205/1205
f 1204/1204/1204 1225/1225/1225 1201/1201/1201
f 1225/1225/1225 1204/1204/1204 1223/1223/1223
f 1223/1223/1223 1222/1222/1222 1225/1225/1225
f 1320/1320/1320 1230/1230/1230 1321/1321/1321
f 1322/1322/1322 1323/1323/1323 1324/1324/1324
f 331/331/331 161/161/161 337/337/337
f 1230/1230/1230 1320/1320/1320 1246/1246/1246
f 1325/1325/1325 1322/1322/1322 1326/1326/1326
f 1326/1326/1326 1322/1322/1322 1324/1324/1324
f 1327/1327/1327 331/331/331 1328/1328/1328
f 1241/1241/1241 1246/1246/1246 1320/1320/1320
f 1320/1320/1320 1242/1242/1242 1241/1241/1241
f 337/337/337 1328/1328/1328 331/331/331
f 1292/1292/1292 1329/1329/1329 1304/1304/1304
f 1088/1088/1088 1084/1084/1084 331/331/331
f 331/331/331 1327/1327/1327 1088/1088/1088
f 1304/1304/1304 1329/1329/1329 1309/1309/1309
f 1096/1096/1096 1088/1088/1088 1327/1327/1327
f 1330/1330/1330 1309/1309/1309 1329/1329/1329
f 1330/1330/1330 1310/1310/1310 1309/1309/1309
f 1326/1326/1326 1310/1310/1310 1330/1330/1330
f 1331/1331/1331 1280/1280/1280 1243/1243/1243
f 1324/1324/1324 1310/1310/1310 1326/1326/1326
f 1328/1328/1328 1332/1332/1332 1327/1327/1327
f 438/438/438 430/430/430 1333/1333/1333
f 335/335/335 346/346/346 337/337/337
f 1333/1333/1333 430/430/430 1334/1334/1334
f 346/346/346 1328/1328/1328 337/337/337
f 1334/1334/1334 430/430/430 477/477/477
f 1312/1312/1312 1307/1307/1307 1310/1310/1310
f 1334/1334/1334 1335/1335/1335 1333/1333/1333
f 1333/1333/1333 1335/1335/1335 1336/1336/1336
f 1337/1337/1337 438/438/438 1333/1333/1333
f 1338/1338/1338 346/346/346 350/350/350
f 1338/1338/1338 1328/1328/1328 346/346/346
f 1336/1336/1336 1337/1337/1337 1333/1333/1333
f 1332/1332/1332 1328/1328/1328 1339/1339/1339
f 1339/1339/1339 1328/1328/1328 1338/1338/1338
f 1323/1323/1323 1340/1340/1340 1341/1341/1341
f 1336/1336/1336 1342/1342/1342 1337/1337/1337
f 1336/1336/1336 1343/1343/1343 1342/1342/1342
f 1323/1323/1323 1344/1344/1344 1324/1324/1324
f 1324/1324/1324 1344/1344/1344 1310/1310/1310
f 1323/1323/1323 1341/1341/1341 1315/1315/1315
f 1345/1345/1345 1098/1098/1098 1096/1096/1096
f 1346/1346/1346 1347/1347/1347 1342/1342/1342
f 1332/1332/1332 1096/1096/1096 1327/1327/1327
f 1344/1344/1344 1323/1323/1323 1315/1315/1315
f 1332/1332/1332 1345/1345/1345 1096/1096/1096
f 1348/1348/1348 1340/1340/1340 1349/1349/1349
f 1340/1340/1340 1348/1348/1348 1341/1341/1341
f 1345/1345/1345 1332/1332/1332 1350/1350/1350
f 1351/1351/1351 1332/1332/1332 1339/1339/1339
f 1349/1349/1349 1352/1352/1352 1348/1348/1348
f 1329/1329/1329 1292/1292/1292 1331/1331/1331
f 1331/1331/1331 1292/1292/1292 1280/1280/1280
f 1348/1348/1348 1352/1352/1352 1353/1353/1353
f 1270/1270/1270 1268/1268/1268 1294/1294/1294
f 1354/1354/1354 1339/1339/1339 1338/1338/1338
f 1274/1274/1274 1270/1270/1270 1276/1276/1276
f 1348/1348/1348 1355/1355/1355 1341/1341/1341
f 1277/1277/1277 1270/1270/1270 1294/1294/1294
f 1348/1348/1348 1353/1353/1353 1356/1356/1356
f 1276/1276/1276 1270/1270/1270 1277/1277/1277
f 1355/1355/1355 1348/1348/1348 1356/1356/1356
f 1281/1281/1281 1276/1276/1276 1278/1278/1278
f 1279/1279/1279 1274/1274/1274 1276/1276/1276
f 1281/1281/1281 1279/1279/1279 1276/1276/1276
f 1044/1044/1044 1098/1098/1098 1357/1357/1357
f 1098/1098/1098 1358/1358/1358 1357/1357/1357
f 477/477/477 472/472/472 476/476/476
f 1344/1344/1344 1313/1313/1313 1310/1310/1310
f 1359/1359/1359 477/477/477 1360/1360/1360
f 1308/1308/1308 1283/1283/1283 1219/1219/1219
f 1358/1358/1358 1098/1098/1098 1345/1345/1345
f 1361/1361/1361 1334/1334/1334 477/477/477
f 477/477/477 1359/1359/1359 1361/1361/1361
f 1233/1233/1233 1220/1220/1220 1283/1283/1283
f 1283/1283/1283 1220/1220/1220 1219/1219/1219
f 1334/1334/1334 1361/1361/1361 1335/1335/1335
f 1362/1362/1362 1361/1361/1361 1359/1359/1359
f 477/477/477 476/476/476 1360/1360/1360
f 478/478/478 1360/1360/1360 476/476/476
f 1350/1350/1350 1332/1332/1332 1351/1351/1351
f 1315/1315/1315 1313/1313/1313 1344/1344/1344
f 1359/1359/1359 1360/1360/1360 1363/1363/1363
f 1363/1363/1363 1360/1360/1360 1364/1364/1364
f 1362/1362/1362 1359/1359/1359 1363/1363/1363
f 1364/1364/1364 478/478/478 483/483/483
f 1364/1364/1364 1360/1360/1360 478/478/478
f 1339/1339/1339 1365/1365/1365 1351/1351/1351
f 1351/1351/1351 1365/1365/1365 1350/1350/1350
f 1318/1318/1318 1316/1316/1316 1319/1319/1319
f 483/483/483 484/484/484 1366/1366/1366
f 1355/1355/1355 1319/1319/1319 1315/1315/1315
f 1315/1315/1315 1341/1341/1341 1355/1355/1355
f 1314/1314/1314 1315/1315/1315 1319/1319/1319
f 1366/1366/1366 484/484/484 486/486/486
f 1363/1363/1363 1364/1364/1364 483/483/483
f 1345/1345/1345 1350/1350/1350 1358/1358/1358
f 1367/1367/1367 1363/1363/1363 483/483/483
f 483/483/483 1366/1366/1366 1367/1367/1367
f 1358/1358/1358 1350/1350/1350 1368/1368/1368
f 1350/1350/1350 1369/1369/1369 1368/1368/1368
f 1355/1355/1355 1370/1370/1370 1319/1319/1319
f 1369/1369/1369 1350/1350/1350 1365/1365/1365
f 1367/1367/1367 1366/1366/1366 1371/1371/1371
f 1294/1294/1294 1295/1295/1295 1277/1277/1277
f 1295/1295/1295 1372/1372/1372 1277/1277/1277
f 1295/1295/1295 1298/1298/1298 1372/1372/1372
f 1371/1371/1371 1366/1366/1366 486/486/486
f 1371/1371/1371 486/486/486 504/504/504
f 1373/1373/1373 1369/1369/1369 1365/1365/1365
f 1281/1281/1281 1278/1278/1278 1300/1300/1300
f 1336/1336/1336 1335/1335/1335 1343/1343/1343
f 1343/1343/1343 1335/1335/1335 1361/1361/1361
f 400/400/400 1354/1354/1354 348/348/348
f 1354/1354/1354 1338/1338/1338 350/350/350
f 350/350/350 348/348/348 1354/1354/1354
f 1354/1354/1354 400/400/400 1374/1374/1374
f 1374/1374/1374 400/400/400 402/402/402
f 1375/1375/1375 1346/1346/1346 1342/1342/1342
f 1375/1375/1375 1342/1342/1342 1343/1343/1343
f 1343/1343/1343 1361/1361/1361 1375/1375/1375
f 1375/1375/1375 1361/1361/1361 1362/1362/1362
f 1374/1374/1374 402/402/402 405/405/405
f 1339/1339/1339 1354/1354/1354 1376/1376/1376
f 1363/1363/1363 1367/1367/1367 1362/1362/1362
f 1375/1375/1375 1362/1362/1362 1367/1367/1367
f 1365/1365/1365 1339/1339/1339 1376/1376/1376
f 1232/1232/1232 1377/1377/1377 1226/1226/1226
f 1367/1367/1367 1371/1371/1371 1378/1378/1378
f 1354/1354/1354 1374/1374/1374 1379/1379/1379
f 1376/1376/1376 1354/1354/1354 1379/1379/1379
f 1322/1322/1322 1367/1367/1367 1378/1378/1378
f 1378/1378/1378 1371/1371/1371 504/504/504
f 986/986/986 1005/1005/1005 1254/1254/1254
f 1325/1325/1325 1375/1375/1375 1367/1367/1367
f 1367/1367/1367 1322/1322/1322 1325/1325/1325
f 986/986/986 1256/1256/1256 998/998/998
f 1256/1256/1256 1004/1004/1004 998/998/998
f 1322/1322/1322 1378/1378/1378 1380/1380/1380
f 1254/1254/1254 1256/1256/1256 986/986/986
f 1381/1381/1381 1374/1374/1374 405/405/405
f 507/507/507 504/504/504 503/503/503
f 507/507/507 503/503/503 501/501/501
f 1379/1379/1379 1374/1374/1374 1381/1381/1381
f 1381/1381/1381 405/405/405 1337/1337/1337
f 504/504/504 1382/1382/1382 1378/1378/1378
f 1380/1380/1380 1382/1382/1382 1383/1383/1383
f 1383/1383/1383 504/504/504 507/507/507
f 1382/1382/1382 504/504/504 1383/1383/1383
f 413/413/413 421/421/421 438/438/438
f 1337/1337/1337 413/413/413 438/438/438
f 1384/1384/1384 507/507/507 508/508/508
f 506/506/506 512/512/512 508/508/508
f 405/405/405 413/413/413 1337/1337/1337
f 1383/1383/1383 507/507/507 1384/1384/1384
f 1384/1384/1384 508/508/508 512/512/512
f 512/512/512 1385/1385/1385 1384/1384/1384
f 1378/1378/1378 1382/1382/1382 1380/1380/1380
f 1365/1365/1365 1376/1376/1376 1379/1379/1379
f 1322/1322/1322 1380/1380/1380 1323/1323/1323
f 1386/1386/1386 1379/1379/1379 1381/1381/1381
f 1365/1365/1365 1379/1379/1379 1373/1373/1373
f 1380/1380/1380 1383/1383/1383 1340/1340/1340
f 1340/1340/1340 1323/1323/1323 1380/1380/1380
f 1307/1307/1307 1312/1312/1312 1308/1308/1308
f 1349/1349/1349 1383/1383/1383 1384/1384/1384
f 1349/1349/1349 1384/1384/1384 1387/1387/1387
f 1387/1387/1387 1384/1384/1384 1385/1385/1385
f 1388/1388/1388 1373/1373/1373 1389/1389/1389
f 1340/1340/1340 1383/1383/1383 1349/1349/1349
f 1373/1373/1373 1379/1379/1379 1386/1386/1386
f 1389/1389/1389 1373/1373/1373 1386/1386/1386
f 1387/1387/1387 1352/1352/1352 1349/1349/1349
f 1386/1386/1386 1381/1381/1381 1390/1390/1390
f 1346/1346/1346 1375/1375/1375 1330/1330/1330
f 1375/1375/1375 1325/1325/1325 1330/1330/1330
f 1391/1391/1391 1386/1386/1386 1390/1390/1390
f 1346/1346/1346 1329/1329/1329 1331/1331/1331
f 1390/1390/1390 1381/1381/1381 1337/1337/1337
f 1329/1329/1329 1346/1346/1346 1330/1330/1330
f 1390/1390/1390 1337/1337/1337 1342/1342/1342
f 1347/1347/1347 1390/1390/1390 1342/1342/1342
f 1050/1050/1050 1044/1044/1044 1357/1357/1357
f 1357/1357/1357 1062/1062/1062 1050/1050/1050
f 1326/1326/1326 1330/1330/1330 1325/1325/1325
f 1358/1358/1358 1392/1392/1392 1357/1357/1357
f 1392/1392/1392 1062/1062/1062 1357/1357/1357
f 1063/1063/1063 1062/1062/1062 1392/1392/1392
f 1358/1358/1358 1368/1368/1368 1392/1392/1392
f 1321/1321/1321 1392/1392/1392 1368/1368/1368
f 1388/1388/1388 1368/1368/1368 1369/1369/1369
f 1321/1321/1321 1368/1368/1368 1388/1388/1388
f 1392/1392/1392 1321/1321/1321 1393/1393/1393
f 1321/1321/1321 1230/1230/1230 1393/1393/1393
f 1061/1061/1061 1063/1063/1063 1071/1071/1071
f 1063/1063/1063 1206/1206/1206 1071/1071/1071
f 1206/1206/1206 1063/1063/1063 1392/1392/1392
f 1206/1206/1206 1392/1392/1392 1393/1393/1393
f 1206/1206/1206 996/996/996 1071/1071/1071
f 1071/1071/1071 996/996/996 1072/1072/1072
f 1206/1206/1206 1205/1205/1205 996/996/996
f 1217/1217/1217 1206/1206/1206 1393/1393/1393
f 1393/1393/1393 1230/1230/1230 1217/1217/1217
f 1388/1388/1388 1369/1369/1369 1373/1373/1373
f 1320/1320/1320 1388/1388/1388 1389/1389/1389
f 1386/1386/1386 1391/1391/1391 1389/1389/1389
f 1320/1320/1320 1389/1389/1389 1391/1391/1391
f 1321/1321/1321 1388/1388/1388 1320/1320/1320
f 1242/1242/1242 1320/1320/1320 1391/1391/1391
f 1391/1391/1391 1390/1390/1390 1243/1243/1243
f 1243/1243/1243 1390/1390/1390 1347/1347/1347
f 1242/1242/1242 1391/1391/1391 1243/1243/1243
f 1331/1331/1331 1243/1243/1243 1347/1347/1347
f 1331/1331/1331 1347/1347/1347 1346/1346/1346
f 1394/1394/1394 1022/1022/1022 1395/1395/1395
f 1022/1022/1022 1023/1023/1023 1395/1395/1395
f 1023/1023/1023 1396/1396/1396 1395/1395/1395
f 1022/1022/1022 1397/1397/1397 1020/1020/1020
f 557/557/557 249/249/249 253/253/253
f 1398/1398/1398 1399/1399/1399 1400/1400/1400
f 1397/1397/1397 1179/1179/1179 1020/1020/1020
f 559/559/559 557/557/557 1401/1401/1401
f 1402/1402/1402 1403/1403/1403 1398/1398/1398
f 1141/1141/1141 1404/1404/1404 1142/1142/1142
f 1405/1405/1405 1172/1172/1172 1179/1179/1179
f 1404/1404/1404 1406/1406/1406 1142/1142/1142
f 1400/1400/1400 1407/1407/1407 1408/1408/1408
f 1397/1397/1397 1405/1405/1405 1179/1179/1179
f 1400/1400/1400 1399/1399/1399 1407/1407/1407
f 1409/1409/1409 1405/1405/1405 1397/1397/1397
f 1410/1410/1410 1411/1411/1411 1412/1412/1412
f 1413/1413/1413 1403/1403/1403 1402/1402/1402
f 1413/1413/1413 1414/1414/1414 1403/1403/1403
f 1404/1404/1404 1141/1141/1141 1161/1161/1161
f 1415/1415/1415 1413/1413/1413 1402/1402/1402
f 1411/1411/1411 1416/1416/1416 1408/1408/1408
f 1416/1416/1416 1411/1411/1411 1410/1410/1410
f 1394/1394/1394 1397/1397/1397 1022/1022/1022
f 1417/1417/1417 1413/1413/1413 1415/1415/1415
f 1409/1409/1409 1397/1397/1397 1394/1394/1394
f 1416/1416/1416 1418/1418/1418 1408/1408/1408
f 1419/1419/1419 1418/1418/1418 1416/1416/1416
f 1413/1413/1413 1420/1420/1420 1414/1414/1414
f 1421/1421/1421 1422/1422/1422 1405/1405/1405
f 1405/1405/1405 1423/1423/1423 1421/1421/1421
f 1416/1416/1416 1410/1410/1410 1424/1424/1424
f 1425/1425/1425 1416/1416/1416 1424/1424/1424
f 1423/1423/1423 1405/1405/1405 1409/1409/1409
f 1426/1426/1426 1416/1416/1416 1425/1425/1425
f 1426/1426/1426 1419/1419/1419 1416/1416/1416
f 1413/1413/1413 1417/1417/1417 1420/1420/1420
f 1427/1427/1427 1428/1428/1428 1406/1406/1406
f 1418/1418/1418 1400/1400/1400 1408/1408/1408
f 1429/1429/1429 1406/1406/1406 1404/1404/1404
f 1427/1427/1427 1406/1406/1406 1429/1429/1429
f 1430/1430/1430 1415/1415/1415 1402/1402/1402
f 1431/1431/1431 1428/1428/1428 1427/1427/1427
f 1432/1432/1432 1398/1398/1398 1400/1400/1400
f 1433/1433/1433 1431/1431/1431 1427/1427/1427
f 1434/1434/1434 1430/1430/1430 1402/1402/1402
f 1435/1435/1435 1433/1433/1433 1427/1427/1427
f 1436/1436/1436 1437/1437/1437 1423/1423/1423
f 1438/1438/1438 1433/1433/1433 1435/1435/1435
f 1409/1409/1409 1436/1436/1436 1423/1423/1423
f 1439/1439/1439 1417/1417/1417 1415/1415/1415
f 1161/1161/1161 1076/1076/1076 1404/1404/1404
f 1436/1436/1436 1409/1409/1409 1394/1394/1394
f 1432/1432/1432 1400/1400/1400 1418/1418/1418
f 1440/1440/1440 1432/1432/1432 1418/1418/1418
f 1430/1430/1430 1441/1441/1441 1415/1415/1415
f 1442/1442/1442 1404/1404/1404 1076/1076/1076
f 1439/1439/1439 1415/1415/1415 1441/1441/1441
f 1442/1442/1442 1429/1429/1429 1404/1404/1404
f 1443/1443/1443 1430/1430/1430 1434/1434/1434
f 1440/1440/1440 1398/1398/1398 1432/1432/1432
f 1434/1434/1434 1402/1402/1402 1398/1398/1398
f 1440/1440/1440 1434/1434/1434 1398/1398/1398
f 1430/1430/1430 1443/1443/1443 1441/1441/1441
f 1418/1418/1418 1419/1419/1419 1440/1440/1440
f 1417/1417/1417 1444/1444/1444 1420/1420/1420
f 1445/1445/1445 1440/1440/1440 1419/1419/1419
f 1445/1445/1445 1419/1419/1419 1426/1426/1426
f 1420/1420/1420 1444/1444/1444 1446/1446/1446
f 1447/1447/1447 1440/1440/1440 1445/1445/1445
f 1448/1448/1448 1449/1449/1449 1436/1436/1436
f 1434/1434/1434 1440/1440/1440 1447/1447/1447
f 1444/1444/1444 1450/1450/1450 1451/1451/1451
f 1442/1442/1442 1452/1452/1452 1429/1429/1429
f 1452/1452/1452 1427/1427/1427 1429/1429/1429
f 1447/1447/1447 1443/1443/1443 1434/1434/1434
f 1425/1425/1425 1453/1453/1453 1426/1426/1426
f 1454/1454/1454 1450/1450/1450 1417/1417/1417
f 1452/1452/1452 1435/1435/1435 1427/1427/1427
f 704/704/704 668/668/668 1455/1455/1455
f 1450/1450/1450 1444/1444/1444 1417/1417/1417
f 1456/1456/1456 704/704/704 1455/1455/1455
f 1452/1452/1452 1457/1457/1457 1435/1435/1435
f 1450/1450/1450 1458/1458/1458 1451/1451/1451
f 1426/1426/1426 1459/1459/1459 1445/1445/1445
f 1080/1080/1080 1452/1452/1452 1442/1442/1442
f 1460/1460/1460 1461/1461/1461 1462/1462/1462
f 1458/1458/1458 1460/1460/1460 1462/1462/1462
f 1458/1458/1458 1450/1450/1450 1460/1460/1460
f 1463/1463/1463 1460/1460/1460 1450/1450/1450
f 1457/1457/1457 1452/1452/1452 1464/1464/1464
f 1465/1465/1465 1453/1453/1453 1466/1466/1466
f 1467/1467/1467 1465/1465/1465 1466/1466/1466
f 1468/1468/1468 1467/1467/1467 1466/1466/1466
f 1469/1469/1469 1470/1470/1470 1471/1471/1471
f 1469/1469/1469 1472/1472/1472 1470/1470/1470
f 1465/1465/1465 1426/1426/1426 1453/1453/1453
f 1459/1459/1459 1426/1426/1426 1465/1465/1465
f 1473/1473/1473 1463/1463/1463 1450/1450/1450
f 1433/1433/1433 1474/1474/1474 1431/1431/1431
f 1459/1459/1459 1465/1465/1465 1475/1475/1475
f 751/751/751 696/696/696 704/704/704
f 1476/1476/1476 1477/1477/1477 650/650/650
f 1459/1459/1459 1475/1475/1475 1445/1445/1445
f 1477/1477/1477 656/656/656 650/650/650
f 1478/1478/1478 1439/1439/1439 1441/1441/1441
f 1479/1479/1479 1465/1465/1465 1467/1467/1467
f 704/704/704 753/753/753 751/751/751
f 1480/1480/1480 1478/1478/1478 1481/1481/1481
f 1482/1482/1482 1480/1480/1480 1481/1481/1481
f 1472/1472/1472 1483/1483/1483 1470/1470/1470
f 1484/1484/1484 1480/1480/1480 1482/1482/1482
f 1479/1479/1479 1475/1475/1475 1465/1465/1465
f 1485/1485/1485 1433/1433/1433 1486/1486/1486
f 1487/1487/1487 1483/1483/1483 1472/1472/1472
f 1488/1488/1488 1489/1489/1489 1482/1482/1482
f 1484/1484/1484 1482/1482/1482 1489/1489/1489
f 1490/1490/1490 1433/1433/1433 1438/1438/1438
f 1491/1491/1491 1475/1475/1475 1479/1479/1479
f 1439/1439/1439 1454/1454/1454 1417/1417/1417
f 1490/1490/1490 1486/1486/1486 1433/1433/1433
f 1475/1475/1475 1492/1492/1492 1493/1493/1493
f 1491/1491/1491 1492/1492/1492 1475/1475/1475
f 663/663/663 656/656/656 1477/1477/1477
f 1439/1439/1439 1450/1450/1450 1454/1454/1454
f 1494/1494/1494 1450/1450/1450 1439/1439/1439
f 1480/1480/1480 1439/1439/1439 1478/1478/1478
f 1494/1494/1494 1439/1439/1439 1480/1480/1480
f 1495/1495/1495 663/663/663 1477/1477/1477
f 1450/1450/1450 1494/1494/1494 1473/1473/1473
f 1487/1487/1487 1496/1496/1496 1483/1483/1483
f 1463/1463/1463 1473/1473/1473 1497/1497/1497
f 1498/1498/1498 1463/1463/1463 1497/1497/1497
f 1499/1499/1499 1500/1500/1500 1486/1486/1486
f 1484/1484/1484 1473/1473/1473 1494/1494/1494
f 1484/1484/1484 1497/1497/1497 1473/1473/1473
f 765/765/765 767/767/767 760/760/760
f 1447/1447/1447 1445/1445/1445 1475/1475/1475
f 1480/1480/1480 1484/1484/1484 1494/1494/1494
f 1475/1475/1475 1501/1501/1501 1447/1447/1447
f 1493/1493/1493 1501/1501/1501 1475/1475/1475
f 1455/1455/1455 668/668/668 664/664/664
f 1502/1502/1502 1503/1503/1503 1496/1496/1496
f 1487/1487/1487 1502/1502/1502 1496/1496/1496
f 664/664/664 663/663/663 1455/1455/1455
f 1104/1104/1104 1504/1504/1504 1505/1505/1505
f 1499/1499/1499 1506/1506/1506 1500/1500/1500
f 1155/1155/1155 1504/1504/1504 1104/1104/1104
f 1507/1507/1507 1503/1503/1503 1502/1502/1502
f 1507/1507/1507 1508/1508/1508 1503/1503/1503
f 1447/1447/1447 1501/1501/1501 1443/1443/1443
f 1509/1509/1509 1504/1504/1504 1155/1155/1155
f 1509/1509/1509 1155/1155/1155 1510/1510/1510
f 1470/1470/1470 1506/1506/1506 1499/1499/1499
f 1471/1471/1471 1470/1470/1470 1499/1499/1499
f 1457/1457/1457 1438/1438/1438 1435/1435/1435
f 1424/1424/1424 1505/1505/1505 1504/1504/1504
f 1487/1487/1487 1472/1472/1472 1511/1511/1511
f 1512/1512/1512 1424/1424/1424 1504/1504/1504
f 1504/1504/1504 1509/1509/1509 1512/1512/1512
f 1511/1511/1511 1472/1472/1472 1469/1469/1469
f 1490/1490/1490 1438/1438/1438 1457/1457/1457
f 1512/1512/1512 1425/1425/1425 1424/1424/1424
f 1414/1414/1414 1487/1487/1487 1511/1511/1511
f 1510/1510/1510 1155/1155/1155 1137/1137/1137
f 1165/1165/1165 1510/1510/1510 1137/1137/1137
f 1421/1421/1421 1491/1491/1491 1479/1479/1479
f 1464/1464/1464 1513/1513/1513 1457/1457/1457
f 1423/1423/1423 1491/1491/1491 1421/1421/1421
f 1514/1514/1514 1425/1425/1425 1512/1512/1512
f 1515/1515/1515 1490/1490/1490 1457/1457/1457
f 1425/1425/1425 1514/1514/1514 1453/1453/1453
f 1514/1514/1514 1512/1512/1512 1509/1509/1509
f 1515/1515/1515 1516/1516/1516 1490/1490/1490
f 1510/1510/1510 1514/1514/1514 1509/1509/1509
f 1517/1517/1517 1507/1507/1507 1502/1502/1502
f 1414/1414/1414 1502/1502/1502 1487/1487/1487
f 1518/1518/1518 1514/1514/1514 1510/1510/1510
f 1414/1414/1414 1517/1517/1517 1502/1502/1502
f 1490/1490/1490 1499/1499/1499 1486/1486/1486
f 1493/1493/1493 1519/1519/1519 1501/1501/1501
f 1514/1514/1514 1466/1466/1466 1453/1453/1453
f 1517/1517/1517 1414/1414/1414 1420/1420/1420
f 1499/1499/1499 1490/1490/1490 1516/1516/1516
f 1492/1492/1492 1519/1519/1519 1493/1493/1493
f 1514/1514/1514 1518/1518/1518 1466/1466/1466
f 1520/1520/1520 1466/1466/1466 1518/1518/1518
f 1446/1446/1446 1507/1507/1507 1517/1517/1517
f 1466/1466/1466 1520/1520/1520 1468/1468/1468
f 1479/1479/1479 1467/1467/1467 1468/1468/1468
f 1519/1519/1519 1521/1521/1521 1501/1501/1501
f 1507/1507/1507 1522/1522/1522 1508/1508/1508
f 1510/1510/1510 1165/1165/1165 1523/1523/1523
f 1519/1519/1519 1524/1524/1524 1521/1521/1521
f 1165/1165/1165 1166/1166/1166 1523/1523/1523
f 1471/1471/1471 1499/1499/1499 1516/1516/1516
f 1522/1522/1522 1507/1507/1507 1525/1525/1525
f 1507/1507/1507 1446/1446/1446 1525/1525/1525
f 1523/1523/1523 1526/1526/1526 1510/1510/1510
f 1525/1525/1525 1451/1451/1451 1527/1527/1527
f 1171/1171/1171 1523/1523/1523 1166/1166/1166
f 1528/1528/1528 1471/1471/1471 1516/1516/1516
f 1528/1528/1528 1516/1516/1516 1515/1515/1515
f 1171/1171/1171 1526/1526/1526 1523/1523/1523
f 1446/1446/1446 1517/1517/1517 1420/1420/1420
f 1526/1526/1526 1171/1171/1171 1172/1172/1172
f 1446/1446/1446 1444/1444/1444 1451/1451/1451
f 1451/1451/1451 1525/1525/1525 1446/1446/1446
f 1527/1527/1527 1451/1451/1451 1529/1529/1529
f 1529/1529/1529 1451/1451/1451 1458/1458/1458
f 1530/1530/1530 1524/1524/1524 1531/1531/1531
f 784/784/784 767/767/767 1532/1532/1532
f 1172/1172/1172 1422/1422/1422 1526/1526/1526
f 1533/1533/1533 1471/1471/1471 1528/1528/1528
f 1422/1422/1422 1172/1172/1172 1405/1405/1405
f 788/788/788 785/785/785 784/784/784
f 1534/1534/1534 784/784/784 1532/1532/1532
f 1534/1534/1534 788/788/788 784/784/784
f 1510/1510/1510 1526/1526/1526 1518/1518/1518
f 1471/1471/1471 1533/1533/1533 1469/1469/1469
f 1526/1526/1526 1520/1520/1520 1518/1518/1518
f 1080/1080/1080 1442/1442/1442 1076/1076/1076
f 1531/1531/1531 1524/1524/1524 1535/1535/1535
f 1527/1527/1527 1536/1536/1536 1522/1522/1522
f 1520/1520/1520 1526/1526/1526 1421/1421/1421
f 1526/1526/1526 1422/1422/1422 1421/1421/1421
f 1535/1535/1535 1537/1537/1537 1538/1538/1538
f 1423/1423/1423 1539/1539/1539 1491/1491/1491
f 1479/1479/1479 1468/1468/1468 1520/1520/1520
f 1540/1540/1540 1541/1541/1541 1536/1536/1536
f 1479/1479/1479 1520/1520/1520 1421/1421/1421
f 1536/1536/1536 1527/1527/1527 1540/1540/1540
f 1539/1539/1539 1423/1423/1423 1437/1437/1437
f 1085/1085/1085 1080/1080/1080 1065/1065/1065
f 1541/1541/1541 1540/1540/1540 1542/1542/1542
f 1492/1492/1492 1491/1491/1491 1539/1539/1539
f 1540/1540/1540 1543/1543/1543 1542/1542/1542
f 1525/1525/1525 1527/1527/1527 1522/1522/1522
f 1085/1085/1085 1544/1544/1544 1080/1080/1080
f 1544/1544/1544 1545/1545/1545 1080/1080/1080
f 1178/1178/1178 1179/1179/1179 1172/1172/1172
f 1527/1527/1527 1543/1543/1543 1540/1540/1540
f 1543/1543/1543 1527/1527/1527 1529/1529/1529
f 1545/1545/1545 1546/1546/1546 1080/1080/1080
f 1462/1462/1462 1543/1543/1543 1529/1529/1529
f 1546/1546/1546 1452/1452/1452 1080/1080/1080
f 1437/1437/1437 1519/1519/1519 1539/1539/1539
f 1547/1547/1547 1519/1519/1519 1437/1437/1437
f 1458/1458/1458 1462/1462/1462 1529/1529/1529
f 1407/1407/1407 1399/1399/1399 1469/1469/1469
f 1469/1469/1469 1399/1399/1399 1511/1511/1511
f 1511/1511/1511 1399/1399/1399 1403/1403/1403
f 1546/1546/1546 1464/1464/1464 1452/1452/1452
f 1398/1398/1398 1403/1403/1403 1399/1399/1399
f 1464/1464/1464 1546/1546/1546 1513/1513/1513
f 1511/1511/1511 1403/1403/1403 1414/1414/1414
f 1548/1548/1548 1549/1549/1549 1550/1550/1550
f 1547/1547/1547 1437/1437/1437 1436/1436/1436
f 1547/1547/1547 1436/1436/1436 1449/1449/1449
f 1513/1513/1513 1546/1546/1546 1545/1545/1545
f 1547/1547/1547 1449/1449/1449 1550/1550/1550
f 1545/1545/1545 1412/1412/1412 1513/1513/1513
f 1085/1085/1085 1099/1099/1099 1544/1544/1544
f 1550/1550/1550 1549/1549/1549 1547/1547/1547
f 1099/1099/1099 1104/1104/1104 1544/1544/1544
f 1104/1104/1104 1551/1551/1551 1544/1544/1544
f 1519/1519/1519 1492/1492/1492 1539/1539/1539
f 1552/1552/1552 1545/1545/1545 1544/1544/1544
f 1551/1551/1551 1552/1552/1552 1544/1544/1544
f 1549/1549/1549 1524/1524/1524 1519/1519/1519
f 1519/1519/1519 1547/1547/1547 1549/1549/1549
f 1505/1505/1505 1551/1551/1551 1104/1104/1104
f 1535/1535/1535 1549/1549/1549 1537/1537/1537
f 1535/1535/1535 1524/1524/1524 1549/1549/1549
f 1448/1448/1448 1394/1394/1394 1395/1395/1395
f 1552/1552/1552 1412/1412/1412 1545/1545/1545
f 1436/1436/1436 1394/1394/1394 1448/1448/1448
f 1551/1551/1551 1412/1412/1412 1552/1552/1552
f 1410/1410/1410 1412/1412/1412 1551/1551/1551
f 1441/1441/1441 1443/1443/1443 1478/1478/1478
f 1478/1478/1478 1443/1443/1443 1553/1553/1553
f 1424/1424/1424 1551/1551/1551 1505/1505/1505
f 1443/1443/1443 1501/1501/1501 1553/1553/1553
f 1551/1551/1551 1424/1424/1424 1410/1410/1410
f 1521/1521/1521 1553/1553/1553 1501/1501/1501
f 1521/1521/1521 1530/1530/1530 1553/1553/1553
f 1553/1553/1553 1481/1481/1481 1478/1478/1478
f 1515/1515/1515 1457/1457/1457 1513/1513/1513
f 1530/1530/1530 1481/1481/1481 1553/1553/1553
f 1488/1488/1488 1530/1530/1530 1538/1538/1538
f 1488/1488/1488 1482/1482/1482 1481/1481/1481
f 1481/1481/1481 1530/1530/1530 1488/1488/1488
f 1554/1554/1554 1528/1528/1528 1515/1515/1515
f 1555/1555/1555 1489/1489/1489 1488/1488/1488
f 1530/1530/1530 1521/1521/1521 1524/1524/1524
f 1513/1513/1513 1412/1412/1412 1411/1411/1411
f 1530/1530/1530 1535/1535/1535 1538/1538/1538
f 1554/1554/1554 1515/1515/1515 1411/1411/1411
f 1513/1513/1513 1411/1411/1411 1515/1515/1515
f 1531/1531/1531 1535/1535/1535 1530/1530/1530
f 1408/1408/1408 1554/1554/1554 1411/1411/1411
f 1407/1407/1407 1533/1533/1533 1528/1528/1528
f 1407/1407/1407 1528/1528/1528 1554/1554/1554
f 1408/1408/1408 1407/1407/1407 1554/1554/1554
f 1407/1407/1407 1469/1469/1469 1533/1533/1533
f 1556/1556/1556 1557/1557/1557 1558/1558/1558
f 1559/1559/1559 1560/1560/1560 1561/1561/1561
f 1559/1559/1559 1562/1562/1562 1560/1560/1560
f 1556/1556/1556 1563/1563/1563 1564/1564/1564
f 1562/1562/1562 1565/1565/1565 1560/1560/1560
f 1566/1566/1566 1318/1318/1318 1567/1567/1567
f 1024/1024/1024 1302/1302/1302 1396/1396/1396
f 1563/1563/1563 1568/1568/1568 1569/1569/1569
f 1559/1559/1559 1570/1570/1570 1562/1562/1562
f 1302/1302/1302 1571/1571/1571 1396/1396/1396
f 1572/1572/1572 1573/1573/1573 1563/1563/1563
f 1563/1563/1563 1556/1556/1556 1572/1572/1572
f 1574/1574/1574 1560/1560/1560 1557/1557/1557
f 1377/1377/1377 1569/1569/1569 1226/1226/1226
f 1571/1571/1571 1575/1575/1575 1396/1396/1396
f 1227/1227/1227 1569/1569/1569 1576/1576/1576
f 1226/1226/1226 1569/1569/1569 1227/1227/1227
f 1558/1558/1558 1560/1560/1560 1565/1565/1565
f 1560/1560/1560 1558/1558/1558 1557/1557/1557
f 1232/1232/1232 1574/1574/1574 1377/1377/1377
f 1577/1577/1577 1578/1578/1578 1571/1571/1571
f 1568/1568/1568 1576/1576/1576 1569/1569/1569
f 1578/1578/1578 1579/1579/1579 1580/1580/1580
f 1306/1306/1306 1302/1302/1302 1305/1305/1305
f 1564/1564/1564 1569/1569/1569 1377/1377/1377
f 1571/1571/1571 1302/1302/1302 1306/1306/1306
f 1564/1564/1564 1563/1563/1563 1569/1569/1569
f 1377/1377/1377 1581/1581/1581 1564/1564/1564
f 1582/1582/1582 1583/1583/1583 1584/1584/1584
f 1564/1564/1564 1581/1581/1581 1556/1556/1556
f 1583/1583/1583 1585/1585/1585 1573/1573/1573
f 1576/1576/1576 1306/1306/1306 1227/1227/1227
f 1574/1574/1574 1232/1232/1232 1250/1250/1250
f 1583/1583/1583 1573/1573/1573 1586/1586/1586
f 1587/1587/1587 1565/1565/1565 1588/1588/1588
f 1579/1579/1579 1577/1577/1577 1589/1589/1589
f 1587/1587/1587 1588/1588/1588 1590/1590/1590
f 1571/1571/1571 1306/1306/1306 1589/1589/1589
f 1591/1591/1591 1590/1590/1590 1588/1588/1588
f 1576/1576/1576 1589/1589/1589 1306/1306/1306
f 1592/1592/1592 1561/1561/1561 1250/1250/1250
f 1585/1585/1585 1582/1582/1582 1568/1568/1568
f 1560/1560/1560 1250/1250/1250 1561/1561/1561
f 1582/1582/1582 1589/1589/1589 1568/1568/1568
f 1579/1579/1579 1589/1589/1589 1582/1582/1582
f 1562/1562/1562 1570/1570/1570 1565/1565/1565
f 1574/1574/1574 1250/1250/1250 1560/1560/1560
f 1580/1580/1580 1448/1448/1448 1578/1578/1578
f 1448/1448/1448 1580/1580/1580 1449/1449/1449
f 1581/1581/1581 1557/1557/1557 1556/1556/1556
f 1557/1557/1557 1581/1581/1581 1574/1574/1574
f 1571/1571/1571 1589/1589/1589 1577/1577/1577
f 1572/1572/1572 1556/1556/1556 1558/1558/1558
f 1572/1572/1572 1586/1586/1586 1573/1573/1573
f 1558/1558/1558 1587/1587/1587 1572/1572/1572
f 1587/1587/1587 1590/1590/1590 1572/1572/1572
f 1586/1586/1586 1572/1572/1572 1590/1590/1590
f 1563/1563/1563 1573/1573/1573 1568/1568/1568
f 1023/1023/1023 1024/1024/1024 1396/1396/1396
f 1573/1573/1573 1585/1585/1585 1568/1568/1568
f 1290/1290/1290 1317/1317/1317 1257/1257/1257
f 1593/1593/1593 1592/1592/1592 1250/1250/1250
f 1594/1594/1594 1257/1257/1257 1317/1317/1317
f 1592/1592/1592 1559/1559/1559 1561/1561/1561
f 1595/1595/1595 1596/1596/1596 1559/1559/1559
f 1559/1559/1559 1596/1596/1596 1570/1570/1570
f 1597/1597/1597 1570/1570/1570 1596/1596/1596
f 1598/1598/1598 1599/1599/1599 1600/1600/1600
f 1601/1601/1601 1602/1602/1602 1603/1603/1603
f 1604/1604/1604 1601/1601/1601 1603/1603/1603
f 1605/1605/1605 1606/1606/1606 1607/1607/1607
f 1608/1608/1608 1609/1609/1609 1537/1537/1537
f 1610/1610/1610 1611/1611/1611 1612/1612/1612
f 1609/1609/1609 1538/1538/1538 1537/1537/1537
f 1613/1613/1613 1614/1614/1614 1615/1615/1615
f 1612/1612/1612 1611/1611/1611 1616/1616/1616
f 1617/1617/1617 1498/1498/1498 1497/1497/1497
f 1498/1498/1498 1618/1618/1618 1619/1619/1619
f 1620/1620/1620 1609/1609/1609 1621/1621/1621
f 1498/1498/1498 1617/1617/1617 1618/1618/1618
f 1622/1622/1622 1613/1613/1613 1615/1615/1615
f 1617/1617/1617 1497/1497/1497 1484/1484/1484
f 1623/1623/1623 1624/1624/1624 1625/1625/1625
f 1626/1626/1626 1627/1627/1627 1605/1605/1605
f 1627/1627/1627 1606/1606/1606 1605/1605/1605
f 1628/1628/1628 1629/1629/1629 1630/1630/1630
f 1604/1604/1604 1619/1619/1619 1618/1618/1618
f 1630/1630/1630 1631/1631/1631 1628/1628/1628
f 1621/1621/1621 1608/1608/1608 1632/1632/1632
f 1621/1621/1621 1632/1632/1632 1633/1633/1633
f 1619/1619/1619 1603/1603/1603 1634/1634/1634
f 1623/1623/1623 1626/1626/1626 1605/1605/1605
f 1635/1635/1635 1636/1636/1636 1630/1630/1630
f 1637/1637/1637 1638/1638/1638 1639/1639/1639
f 1607/1607/1607 1630/1630/1630 1636/1636/1636
f 1606/1606/1606 1630/1630/1630 1607/1607/1607
f 1640/1640/1640 1639/1639/1639 1641/1641/1641
f 1631/1631/1631 1630/1630/1630 1606/1606/1606
f 1639/1639/1639 1642/1642/1642 1637/1637/1637
f 1611/1611/1611 1627/1627/1627 1643/1643/1643
f 1608/1608/1608 1621/1621/1621 1609/1609/1609
f 1644/1644/1644 1631/1631/1631 1645/1645/1645
f 1626/1626/1626 1643/1643/1643 1627/1627/1627
f 1598/1598/1598 1628/1628/1628 1644/1644/1644
f 1646/1646/1646 1639/1639/1639 1640/1640/1640
f 1644/1644/1644 1628/1628/1628 1631/1631/1631
f 1616/1616/1616 1643/1643/1643 1626/1626/1626
f 1642/1642/1642 1639/1639/1639 1646/1646/1646
f 1611/1611/1611 1643/1643/1643 1616/1616/1616
f 1621/1621/1621 1633/1633/1633 1647/1647/1647
f 1647/1647/1647 1633/1633/1633 1648/1648/1648
f 1649/1649/1649 1636/1636/1636 1650/1650/1650
f 1638/1638/1638 1650/1650/1650 1651/1651/1651
f 1638/1638/1638 1649/1649/1649 1650/1650/1650
f 1625/1625/1625 1626/1626/1626 1623/1623/1623
f 1548/1548/1548 1652/1652/1652 1537/1537/1537
f 1653/1653/1653 1616/1616/1616 1625/1625/1625
f 1638/1638/1638 1637/1637/1637 1649/1649/1649
f 1599/1599/1599 1644/1644/1644 1610/1610/1610
f 1624/1624/1624 1637/1637/1637 1642/1642/1642
f 1624/1624/1624 1649/1649/1649 1637/1637/1637
f 1616/1616/1616 1626/1626/1626 1625/1625/1625
f 1644/1644/1644 1645/1645/1645 1610/1610/1610
f 1599/1599/1599 1598/1598/1598 1644/1644/1644
f 1605/1605/1605 1636/1636/1636 1649/1649/1649
f 1610/1610/1610 1597/1597/1597 1599/1599/1599
f 1607/1607/1607 1636/1636/1636 1605/1605/1605
f 1654/1654/1654 512/512/512 1655/1655/1655
f 1655/1655/1655 512/512/512 513/513/513
f 899/899/899 1655/1655/1655 513/513/513
f 1597/1597/1597 1600/1600/1600 1599/1599/1599
f 1656/1656/1656 1657/1657/1657 1658/1658/1658
f 899/899/899 1659/1659/1659 1655/1655/1655
f 1548/1548/1548 1550/1550/1550 1584/1584/1584
f 1641/1641/1641 1639/1639/1639 1658/1658/1658
f 1645/1645/1645 1611/1611/1611 1610/1610/1610
f 1645/1645/1645 1627/1627/1627 1611/1611/1611
f 1641/1641/1641 1658/1658/1658 1657/1657/1657
f 1385/1385/1385 512/512/512 1654/1654/1654
f 1645/1645/1645 1631/1631/1631 1627/1627/1627
f 1639/1639/1639 1660/1660/1660 1658/1658/1658
f 1627/1627/1627 1631/1631/1631 1606/1606/1606
f 1639/1639/1639 1638/1638/1638 1660/1660/1660
f 1385/1385/1385 1654/1654/1654 1661/1661/1661
f 1655/1655/1655 1662/1662/1662 1654/1654/1654
f 1584/1584/1584 1652/1652/1652 1548/1548/1548
f 1662/1662/1662 1655/1655/1655 1659/1659/1659
f 1583/1583/1583 1652/1652/1652 1584/1584/1584
f 1659/1659/1659 1663/1663/1663 1662/1662/1662
f 1662/1662/1662 1661/1661/1661 1654/1654/1654
f 1664/1664/1664 1661/1661/1661 1662/1662/1662
f 1665/1665/1665 1666/1666/1666 1646/1646/1646
f 1646/1646/1646 1666/1666/1666 1624/1624/1624
f 1667/1667/1667 1668/1668/1668 1669/1669/1669
f 1662/1662/1662 1663/1663/1663 1664/1664/1664
f 1670/1670/1670 971/971/971 1671/1671/1671
f 1640/1640/1640 1641/1641/1641 1634/1634/1634
f 908/908/908 1659/1659/1659 899/899/899
f 1632/1632/1632 1652/1652/1652 1583/1583/1583
f 1665/1665/1665 1640/1640/1640 1603/1603/1603
f 1461/1461/1461 1672/1672/1672 1462/1462/1462
f 1665/1665/1665 1646/1646/1646 1640/1640/1640
f 908/908/908 959/959/959 1659/1659/1659
f 1673/1673/1673 1672/1672/1672 1674/1674/1674
f 910/910/910 959/959/959 908/908/908
f 1674/1674/1674 1672/1672/1672 1675/1675/1675
f 1602/1602/1602 1676/1676/1676 1665/1665/1665
f 1676/1676/1676 1666/1666/1666 1665/1665/1665
f 1586/1586/1586 1633/1633/1633 1632/1632/1632
f 1677/1677/1677 959/959/959 1678/1678/1678
f 1677/1677/1677 1678/1678/1678 1679/1679/1679
f 1647/1647/1647 1602/1602/1602 1601/1601/1601
f 1583/1583/1583 1586/1586/1586 1632/1632/1632
f 1677/1677/1677 1663/1663/1663 1659/1659/1659
f 1680/1680/1680 1668/1668/1668 1667/1667/1667
f 1653/1653/1653 1625/1625/1625 1666/1666/1666
f 1664/1664/1664 1663/1663/1663 1681/1681/1681
f 1680/1680/1680 1667/1667/1667 1673/1673/1673
f 1656/1656/1656 1680/1680/1680 1673/1673/1673
f 1653/1653/1653 1666/1666/1666 1676/1676/1676
f 1682/1682/1682 1663/1663/1663 1677/1677/1677
f 1663/1663/1663 1682/1682/1682 1681/1681/1681
f 1665/1665/1665 1603/1603/1603 1602/1602/1602
f 1677/1677/1677 1659/1659/1659 959/959/959
f 1674/1674/1674 1656/1656/1656 1673/1673/1673
f 1646/1646/1646 1624/1624/1624 1642/1642/1642
f 1677/1677/1677 1679/1679/1679 1682/1682/1682
f 1683/1683/1683 1656/1656/1656 1674/1674/1674
f 1657/1657/1657 1656/1656/1656 1683/1683/1683
f 1624/1624/1624 1623/1623/1623 1605/1605/1605
f 1652/1652/1652 1608/1608/1608 1537/1537/1537
f 1624/1624/1624 1605/1605/1605 1649/1649/1649
f 1548/1548/1548 1537/1537/1537 1549/1549/1549
f 1625/1625/1625 1624/1624/1624 1666/1666/1666
f 1684/1684/1684 1385/1385/1385 1661/1661/1661
f 1685/1685/1685 963/963/963 962/962/962
f 1684/1684/1684 1661/1661/1661 1686/1686/1686
f 960/960/960 1687/1687/1687 962/962/962
f 1688/1688/1688 963/963/963 1685/1685/1685
f 966/966/966 963/963/963 1689/1689/1689
f 1690/1690/1690 1691/1691/1691 1692/1692/1692
f 1693/1693/1693 1661/1661/1661 1664/1664/1664
f 1686/1686/1686 1661/1661/1661 1693/1693/1693
f 1694/1694/1694 1690/1690/1690 1692/1692/1692
f 1695/1695/1695 1696/1696/1696 1697/1697/1697
f 1352/1352/1352 1387/1387/1387 1385/1385/1385
f 1385/1385/1385 1684/1684/1684 1352/1352/1352
f 1691/1691/1691 1697/1697/1697 1692/1692/1692
f 1698/1698/1698 969/969/969 1699/1699/1699
f 1652/1652/1652 1632/1632/1632 1608/1608/1608
f 1700/1700/1700 1696/1696/1696 1695/1695/1695
f 1352/1352/1352 1684/1684/1684 1686/1686/1686
f 1701/1701/1701 965/965/965 971/971/971
f 1635/1635/1635 1700/1700/1700 1695/1695/1695
f 1699/1699/1699 969/969/969 965/965/965
f 1701/1701/1701 1699/1699/1699 965/965/965
f 1695/1695/1695 1697/1697/1697 1691/1691/1691
f 1686/1686/1686 1693/1693/1693 1702/1702/1702
f 1703/1703/1703 1704/1704/1704 1705/1705/1705
f 1691/1691/1691 1706/1706/1706 1695/1695/1695
f 1699/1699/1699 1701/1701/1701 1698/1698/1698
f 1635/1635/1635 1695/1695/1695 1706/1706/1706
f 1636/1636/1636 1635/1635/1635 1706/1706/1706
f 1707/1707/1707 1668/1668/1668 1704/1704/1704
f 1708/1708/1708 1704/1704/1704 1668/1668/1668
f 1681/1681/1681 1693/1693/1693 1664/1664/1664
f 1705/1705/1705 1704/1704/1704 1708/1708/1708
f 1693/1693/1693 1681/1681/1681 1682/1682/1682
f 1709/1709/1709 1693/1693/1693 1682/1682/1682
f 1576/1576/1576 1568/1568/1568 1589/1589/1589
f 1579/1579/1579 1578/1578/1578 1577/1577/1577
f 1710/1710/1710 960/960/960 969/969/969
f 1710/1710/1710 1687/1687/1687 960/960/960
f 969/969/969 1698/1698/1698 1710/1710/1710
f 1580/1580/1580 1550/1550/1550 1449/1449/1449
f 1682/1682/1682 1679/1679/1679 1709/1709/1709
f 1709/1709/1709 1679/1679/1679 1711/1711/1711
f 1580/1580/1580 1584/1584/1584 1550/1550/1550
f 1610/1610/1610 1612/1612/1612 1570/1570/1570
f 1694/1694/1694 1703/1703/1703 1690/1690/1690
f 1712/1712/1712 1709/1709/1709 1713/1713/1713
f 1705/1705/1705 1690/1690/1690 1703/1703/1703
f 1579/1579/1579 1584/1584/1584 1580/1580/1580
f 1702/1702/1702 1693/1693/1693 1712/1712/1712
f 1582/1582/1582 1584/1584/1584 1579/1579/1579
f 1712/1712/1712 1693/1693/1693 1709/1709/1709
f 1691/1691/1691 1690/1690/1690 1706/1706/1706
f 1585/1585/1585 1583/1583/1583 1582/1582/1582
f 1636/1636/1636 1706/1706/1706 1650/1650/1650
f 1714/1714/1714 1709/1709/1709 1711/1711/1711
f 1705/1705/1705 1715/1715/1715 1651/1651/1651
f 1651/1651/1651 1690/1690/1690 1705/1705/1705
f 1638/1638/1638 1715/1715/1715 1660/1660/1660
f 1638/1638/1638 1651/1651/1651 1715/1715/1715
f 1713/1713/1713 1709/1709/1709 1714/1714/1714
f 1616/1616/1616 1591/1591/1591 1612/1612/1612
f 1651/1651/1651 1706/1706/1706 1690/1690/1690
f 1650/1650/1650 1706/1706/1706 1651/1651/1651
f 1678/1678/1678 959/959/959 957/957/957
f 1660/1660/1660 1708/1708/1708 1656/1656/1656
f 1612/1612/1612 1565/1565/1565 1570/1570/1570
f 1588/1588/1588 1565/1565/1565 1612/1612/1612
f 1612/1612/1612 1591/1591/1591 1588/1588/1588
f 1705/1705/1705 1708/1708/1708 1715/1715/1715
f 1660/1660/1660 1715/1715/1715 1708/1708/1708
f 1680/1680/1680 1708/1708/1708 1668/1668/1668
f 956/956/956 1716/1716/1716 957/957/957
f 1717/1717/1717 1716/1716/1716 956/956/956
f 1656/1656/1656 1708/1708/1708 1680/1680/1680
f 1678/1678/1678 957/957/957 1716/1716/1716
f 1718/1718/1718 1719/1719/1719 1711/1711/1711
f 1658/1658/1658 1660/1660/1660 1656/1656/1656
f 1718/1718/1718 1679/1679/1679 1678/1678/1678
f 1718/1718/1718 1678/1678/1678 1716/1716/1716
f 1653/1653/1653 1676/1676/1676 1647/1647/1647
f 1581/1581/1581 1377/1377/1377 1574/1574/1574
f 1647/1647/1647 1648/1648/1648 1653/1653/1653
f 1718/1718/1718 1716/1716/1716 1719/1719/1719
f 1719/1719/1719 1716/1716/1716 1717/1717/1717
f 1719/1719/1719 1717/1717/1717 1720/1720/1720
f 981/981/981 1721/1721/1721 982/982/982
f 789/789/789 1721/1721/1721 981/981/981
f 1722/1722/1722 967/967/967 966/966/966
f 1723/1723/1723 1542/1542/1542 1543/1543/1543
f 1689/1689/1689 1722/1722/1722 966/966/966
f 1590/1590/1590 1648/1648/1648 1633/1633/1633
f 983/983/983 982/982/982 1671/1671/1671
f 971/971/971 926/926/926 983/983/983
f 1689/1689/1689 1724/1724/1724 1722/1722/1722
f 1648/1648/1648 1590/1590/1590 1725/1725/1725
f 1671/1671/1671 971/971/971 983/983/983
f 1590/1590/1590 1591/1591/1591 1725/1725/1725
f 1671/1671/1671 982/982/982 1721/1721/1721
f 1725/1725/1725 1653/1653/1653 1648/1648/1648
f 1667/1667/1667 1669/1669/1669 1723/1723/1723
f 967/967/967 1717/1717/1717 956/956/956
f 1672/1672/1672 1723/1723/1723 1543/1543/1543
f 1462/1462/1462 1672/1672/1672 1543/1543/1543
f 1667/1667/1667 1723/1723/1723 1672/1672/1672
f 967/967/967 1722/1722/1722 1717/1717/1717
f 1667/1667/1667 1672/1672/1672 1673/1673/1673
f 1720/1720/1720 1717/1717/1717 1722/1722/1722
f 1672/1672/1672 1461/1461/1461 1675/1675/1675
f 1591/1591/1591 1616/1616/1616 1725/1725/1725
f 1724/1724/1724 1720/1720/1720 1722/1722/1722
f 1725/1725/1725 1616/1616/1616 1653/1653/1653
f 1714/1714/1714 1711/1711/1711 1726/1726/1726
f 1719/1719/1719 1726/1726/1726 1711/1711/1711
f 1498/1498/1498 1460/1460/1460 1463/1463/1463
f 1679/1679/1679 1718/1718/1718 1711/1711/1711
f 1558/1558/1558 1565/1565/1565 1587/1587/1587
f 1460/1460/1460 1498/1498/1498 1619/1619/1619
f 1619/1619/1619 1461/1461/1461 1460/1460/1460
f 1719/1719/1719 1720/1720/1720 1727/1727/1727
f 1675/1675/1675 1461/1461/1461 1619/1619/1619
f 1726/1726/1726 1719/1719/1719 1727/1727/1727
f 1614/1614/1614 1726/1726/1726 1727/1727/1727
f 1590/1590/1590 1633/1633/1633 1586/1586/1586
f 1634/1634/1634 1657/1657/1657 1683/1683/1683
f 1575/1575/1575 1395/1395/1395 1396/1396/1396
f 1675/1675/1675 1683/1683/1683 1674/1674/1674
f 1614/1614/1614 1714/1714/1714 1726/1726/1726
f 1619/1619/1619 1634/1634/1634 1683/1683/1683
f 1575/1575/1575 1448/1448/1448 1395/1395/1395
f 1615/1615/1615 1614/1614/1614 1727/1727/1727
f 1575/1575/1575 1571/1571/1571 1578/1578/1578
f 1634/1634/1634 1641/1641/1641 1657/1657/1657
f 1727/1727/1727 1728/1728/1728 1615/1615/1615
f 1728/1728/1728 1727/1727/1727 1729/1729/1729
f 1619/1619/1619 1683/1683/1683 1675/1675/1675
f 1617/1617/1617 1489/1489/1489 1730/1730/1730
f 1617/1617/1617 1484/1484/1484 1489/1489/1489
f 1489/1489/1489 1555/1555/1555 1730/1730/1730
f 1729/1729/1729 1724/1724/1724 1689/1689/1689
f 1617/1617/1617 1730/1730/1730 1618/1618/1618
f 1618/1618/1618 1730/1730/1730 1731/1731/1731
f 1732/1732/1732 1729/1729/1729 1689/1689/1689
f 1448/1448/1448 1575/1575/1575 1578/1578/1578
f 1733/1733/1733 1700/1700/1700 1635/1635/1635
f 1603/1603/1603 1640/1640/1640 1634/1634/1634
f 1603/1603/1603 1619/1619/1619 1604/1604/1604
f 1724/1724/1724 1729/1729/1729 1727/1727/1727
f 1734/1734/1734 1604/1604/1604 1618/1618/1618
f 1630/1630/1630 1629/1629/1629 1733/1733/1733
f 1618/1618/1618 1731/1731/1731 1734/1734/1734
f 1734/1734/1734 1601/1601/1601 1604/1604/1604
f 1566/1566/1566 1317/1317/1317 1318/1318/1318
f 1630/1630/1630 1733/1733/1733 1635/1635/1635
f 1735/1735/1735 1317/1317/1317 1566/1566/1566
f 1720/1720/1720 1724/1724/1724 1727/1727/1727
f 1592/1592/1592 1736/1736/1736 1559/1559/1559
f 1686/1686/1686 1702/1702/1702 1352/1352/1352
f 1353/1353/1353 1352/1352/1352 1702/1702/1702
f 1610/1610/1610 1570/1570/1570 1597/1597/1597
f 1702/1702/1702 1737/1737/1737 1353/1353/1353
f 1555/1555/1555 1538/1538/1538 1738/1738/1738
f 1555/1555/1555 1738/1738/1738 1739/1739/1739
f 1555/1555/1555 1739/1739/1739 1731/1731/1731
f 1356/1356/1356 1353/1353/1353 1737/1737/1737
f 1731/1731/1731 1739/1739/1739 1620/1620/1620
f 1620/1620/1620 1734/1734/1734 1731/1731/1731
f 1740/1740/1740 1356/1356/1356 1737/1737/1737
f 1488/1488/1488 1538/1538/1538 1555/1555/1555
f 1356/1356/1356 1740/1740/1740 1370/1370/1370
f 1555/1555/1555 1731/1731/1731 1730/1730/1730
f 1713/1713/1713 1741/1741/1741 1737/1737/1737
f 1737/1737/1737 1702/1702/1702 1712/1712/1712
f 1609/1609/1609 1738/1738/1738 1538/1538/1538
f 1713/1713/1713 1737/1737/1737 1712/1712/1712
f 1609/1609/1609 1620/1620/1620 1738/1738/1738
f 1713/1713/1713 1714/1714/1714 1614/1614/1614
f 1620/1620/1620 1739/1739/1739 1738/1738/1738
f 1614/1614/1614 1613/1613/1613 1713/1713/1713
f 1740/1740/1740 1737/1737/1737 1741/1741/1741
f 1621/1621/1621 1647/1647/1647 1620/1620/1620
f 1741/1741/1741 1742/1742/1742 1740/1740/1740
f 1620/1620/1620 1601/1601/1601 1734/1734/1734
f 1620/1620/1620 1647/1647/1647 1601/1601/1601
f 1741/1741/1741 1713/1713/1713 1613/1613/1613
f 1613/1613/1613 1743/1743/1743 1741/1741/1741
f 1602/1602/1602 1647/1647/1647 1676/1676/1676
f 1370/1370/1370 1318/1318/1318 1319/1319/1319
f 1318/1318/1318 1370/1370/1370 1567/1567/1567
f 1567/1567/1567 1744/1744/1744 1566/1566/1566
f 1370/1370/1370 1355/1355/1355 1356/1356/1356
f 1742/1742/1742 1370/1370/1370 1740/1740/1740
f 1742/1742/1742 1567/1567/1567 1370/1370/1370
f 1744/1744/1744 1742/1742/1742 1743/1743/1743
f 1744/1744/1744 1567/1567/1567 1742/1742/1742
f 1596/1596/1596 1595/1595/1595 1745/1745/1745
f 1596/1596/1596 1745/1745/1745 1597/1597/1597
f 1745/1745/1745 1600/1600/1600 1597/1597/1597
f 1742/1742/1742 1741/1741/1741 1743/1743/1743
f 1622/1622/1622 1615/1615/1615 1728/1728/1728
f 1613/1613/1613 1622/1622/1622 1743/1743/1743
