mtllib 003_cracker_box.mtl
o 003_cracker_box
usemtl ycb_003_cracker_box_material
v -0.0199040007 -0.0926150009 -0.00176200003
v -0.0116250003 -0.093907997 -0.000745999976
v -0.01932 -0.0939320028 -0.000707000028
v -0.0094440002 -0.0887600034 -0.00177700003
v -0.00956299994 -0.0925989971 -0.00156799995
v -0.0434129983 -0.0932340026 0.0757210031
v -0.0284720007 -0.0937080011 0.0842489973
v -0.0400420018 -0.0936129987 0.0893910006
v -0.0455150008 -0.0766170025 0.00519899977
v -0.0459869988 -0.060029 0.00739100017
v -0.0453019999 -0.0616410002 0.00412799977
v -0.0466389991 -0.069633998 0.0218659993
v -0.0450819992 -0.0870580003 0.01963
v -0.04507 -0.0915469974 0.0501650013
v -0.00882800017 -0.0912050009 -0.00179899996
v -0.0108510004 -0.0876320004 -0.00313899992
v -0.00843000039 -0.0882640034 -0.00255699991
v -0.0466630012 -0.0731090009 0.0536540002
v -0.00816200022 -0.0903209969 -0.00253299996
v 0.00508600008 -0.091287002 -0.00189900002
v -0.00145099999 -0.0940679982 -0.000600000028
v -0.0470869988 -0.068438001 0.0530529991
v -0.00151099998 -0.0878069997 -0.00213299994
v -0.0470199995 -0.0734869987 0.0880030021
v -0.0469340011 -0.0699409992 0.0566110015
v -0.045566 -0.0918940008 0.0822900012
v -0.0453660004 -0.0553940013 0.00554100005
v -0.0443800017 -0.0545919985 0.00265499996
v -0.0439530015 -0.0597029999 0.00100399996
v -0.0431080014 -0.0560929999 -0.00113300001
v -0.0460369997 -0.0555570014 0.00778600015
v -0.0464570001 -0.0612870008 0.00911400001
v -0.0472560003 -0.0608480014 0.0378770009
v -0.00319000008 -0.078877002 -0.00305199996
v -0.0129789999 -0.0818609968 -0.00308499997
v -0.0466799997 -0.0562530011 0.0115219997
v -0.00298899994 -0.0865890011 -0.00301699992
v -0.0457420014 -0.0919179991 0.0924860016
v -0.0429090001 -0.0934299976 0.0908439979
v -0.0446589999 -0.0926470011 0.096973002
v -0.0455580018 -0.0920889974 0.085845001
v -0.0455639996 -0.0833590031 0.0156909991
v -0.0465740003 -0.0661929995 0.0200929996
v -0.0469209999 -0.0644780025 0.0182559993
v -0.00182 -0.0746190026 -0.00200000009
v -0.047474999 -0.0531250015 0.0201099999
v -0.0459210016 -0.0920360014 0.105039001
v 0.00522699999 -0.0760729983 -0.00166900002
v -0.0473789982 -0.0503819995 0.0226670001
v -0.0478949994 -0.0426930003 0.0250620004
v -0.047189001 -0.0532580018 0.0173959993
v -0.0340839997 -0.0938000008 0.102165997
v -0.0432979986 -0.0935159996 0.104280002
v -0.0426560007 -0.0797040015 -0.00130300003
v -0.0423020013 -0.0925529972 -0.00182
v -0.0434690006 -0.0922790021 -0.000438999996
v -0.0445449986 -0.0861029997 0.00149699999
v -0.0408000015 -0.0905859992 -0.002079
v -0.047065001 -0.0460480005 0.0127370004
v -0.0443109982 -0.0928179994 0.104363002
v -0.040132001 -0.0711639971 -0.00213899999
v -0.0307669993 -0.0940869972 0.108834997
v -0.0442649983 -0.0902350023 0.00298599992
v -0.0448849984 -0.0863989964 0.007859
v -0.0476640016 -0.0466540009 0.0212379992
v -0.0476690009 -0.0533149987 0.0463190004
v -0.0476879999 -0.0435630009 0.018197
v -0.0463780016 -0.0432199985 0.00841099955
v -0.0442969985 -0.0736860037 0.00189700001
v -0.0452199988 -0.0750380009 0.00347799994
v -0.045341 -0.0308170002 0.00476399995
v -0.0432250015 -0.0327779986 -0.000638000027
v -0.0452420004 -0.0916519985 0.0602869987
v -0.0427360013 -0.0932359993 0.0512819998
v -0.0430569984 -0.0932570025 0.0633589998
v -0.0475820005 -0.0658539981 0.105384
v -0.0453619994 -0.0922020003 0.0745410025
v -0.0456300005 -0.0736889988 0.00749000022
v -0.0457479991 -0.077767998 0.00884999987
v -0.0406580009 -0.0295930002 -0.00198399997
v -0.0414850004 -0.0460320003 -0.00193499995
v -0.0475459993 -0.0661019981 0.0869489983
v -0.0473529994 -0.0650810003 0.0709989965
v -0.0443090014 -0.0281700008 0.00229099998
v -0.0452249981 -0.0844520032 0.0172199998
v -0.036688 -0.0496169999 -0.0023680001
v -0.0342469998 -0.0937699974 -0.00121300004
v -0.0418240018 -0.0940200016 -0.000855999999
v -0.0424950011 -0.0934650004 0.0708570033
v -0.0298280008 -0.0907690004 -0.001988
v -0.0291920006 -0.089621 -0.00280499994
v -0.0418240018 -0.0940200016 -0.000855999999
v -0.0426339991 -0.0939240009 0.00054400001
v -0.0424880013 -0.0933080018 0.00228799996
v -0.0403579995 -0.0931809992 0.0481389984
v -0.0471770018 -0.0269339997 0.011748
v -0.0478210002 -0.0321069993 0.0178159997
v -0.0306209996 -0.0933479965 0.064643003
v -0.0327310003 -0.0935159996 0.0506439991
v -0.0342469998 -0.0937699974 -0.00121300004
v -0.0300159995 -0.093731001 0.0032589999
v -0.0478410013 -0.0588839985 0.0909209996
v -0.0400509983 -0.0931940004 0.00822299998
v -0.0273809992 -0.0923969969 -0.001942
v -0.0270210002 -0.0939069986 -0.000899999985
v -0.0270210002 -0.0939069986 -0.000899999985
v -0.01932 -0.0939320028 -0.000707000028
v -0.0464969985 -0.0254420005 0.00850200001
v -0.0482989997 -0.0502209999 0.0732050017
v -0.0482320003 -0.049970001 0.089135997
v -0.0151819997 -0.0940409973 0.00710800011
v -0.0201639999 -0.0939669982 0.014982
v -0.0314060003 -0.0744599998 -0.00271899998
v -0.0240100008 -0.0888739973 -0.00301799993
v -0.0237659998 -0.077587001 -0.00295799994
v -0.0380269997 -0.0690080002 -0.0021889999
v -0.0228400007 -0.0645750016 -0.00301100011
v -0.0167289991 -0.0939040035 0.074357003
v -0.0446520001 -0.0906319991 0.0117779998
v -0.0422619991 -0.093069002 0.0115569998
v -0.0430959985 -0.0927530006 0.0116569996
v -0.0472830012 -0.0724740028 0.122093
v -0.0133509999 -0.066866003 -0.00307200011
v -0.0426459983 -0.0931570008 0.0167810004
v -0.0460879989 -0.0922520012 0.117971003
v -0.047665 -0.060008999 0.0541829988
v -0.0148590002 -0.0578170009 -0.0030749999
v -0.0474889986 -0.0610789992 0.0568500012
v -0.0287299994 -0.0515079983 -0.0029529999
v -0.0477490015 -0.058995001 0.123906001
v -0.00666500023 -0.0748310015 -0.00307799992
v -0.0108780004 -0.0685990006 -0.00286199991
v -0.0116250003 -0.093907997 -0.000745999976
v -0.0479409993 -0.0529379994 0.0588999987
v -0.0481140018 -0.0495829992 0.0929509997
v -0.00807499979 -0.0676449984 -0.00306200003
v -0.00145099999 -0.0940679982 -0.000600000028
v -0.00339600001 -0.0707679987 -0.00305499998
v -0.00317499996 -0.0639510006 -0.00307300012
v -0.0125559997 -0.0615199991 -0.00295799994
v -0.0477369986 -0.0520679988 0.0286219995
v -0.013479 -0.0939460024 0.0146939997
v -0.0480609983 -0.0423539989 0.125058994
v -0.00217900006 -0.0940710008 0.0148320002
v -0.00131800002 -0.0666389987 -0.00214800006
v 0.00440600002 -0.0619469993 -0.00164899998
v -0.0482719988 -0.0288139991 0.0296950005
v -0.0264880005 -0.0937319994 0.0256740004
v -0.00884000026 -0.051355999 -0.00300400006
v -0.0178890005 -0.0545540005 -0.00304699992
v -0.0482380018 -0.0425200015 0.0415459983
v -0.0134680001 -0.0937059969 0.0367540009
v -0.0221919995 -0.0504430011 -0.00304899993
v -0.043056 -0.0930719972 0.0305720009
v -0.0444660001 -0.091020003 0.0213339999
v -0.0166730005 -0.0451380014 -0.00305099995
v -0.0444490016 -0.0916080028 0.0320859998
v -0.0451849997 -0.088459 0.019506
v -0.0450810008 -0.0901110023 0.0306770001
v -0.0480829999 -0.0345680006 0.0228339992
v -0.0430670008 -0.0932070017 0.0428109989
v -0.0240889993 -0.040213 -0.00305900001
v -0.0486680008 -0.0265420005 0.0789770037
v -0.0487219989 -0.0126590002 0.0531940013
v -0.0486790016 -0.0321730003 0.0536689982
v -0.0315590017 -0.0935060009 0.0330450013
v -0.0412349999 -0.0931439996 0.0364900008
v -0.0311009996 -0.0471410006 -0.00273300009
v -0.0482809991 -0.0205300003 0.0273419991
v -0.0364280008 -0.0934069976 0.0412300006
v -0.0481059998 -0.0237680003 0.0196989998
v -0.0483679995 -0.0214799996 0.0248310007
v -0.00332599995 -0.0417519994 -0.00306500006
v -0.0482320003 -0.0431540012 0.0591740012
v -0.0485260002 -0.0286389999 0.0368839987
v -0.00577499997 -0.0550980009 -0.0031359999
v -0.0484640002 -0.0169510003 0.0286979992
v -0.00303700007 -0.0534260012 -0.00298100011
v -0.00146599999 -0.0598770007 -0.0020620001
v -0.0485909991 -0.0159329996 0.0344149992
v -0.0481990017 -0.0432499982 0.0541060008
v -0.0485109985 -0.0356540009 0.0471110009
v -0.00179300003 -0.0460480005 -0.00209599989
v 0.00633199979 -0.0416040011 -0.00125900004
v 0.013266 -0.0580979995 -0.000591000018
v -0.0487530008 -0.0277009998 0.0509990007
v -0.0443780012 -0.0928540006 0.115745999
v -0.0394250005 -0.0939539969 0.119543999
v -0.043846 -0.0936570019 0.121395998
v -0.0461289994 -0.0922190025 0.123052001
v -0.0199619997 -0.0939489976 0.0491230004
v -0.0426860005 -0.0653920025 -0.001406
v -0.0483690016 -0.0300680008 0.106035002
v -0.0481129996 -0.0485070013 0.0554709993
v -0.0250000004 -0.0936010033 0.0521369986
v -0.0180820003 -0.0938979983 0.0526520014
v -0.0435810015 -0.0933199972 0.0814130008
v -0.0429899991 -0.0933469981 0.0866210014
v -0.0297979992 -0.029755 -0.0029219999
v -0.0484930016 -0.00543700019 0.0799729973
v -0.0230819993 -0.0938189998 0.0574479997
v -0.0183669999 -0.0939040035 0.0598560013
v 0.0188449994 -0.0679830015 0.0530450009
v 0.0186739992 -0.0722619966 0.0436640009
v 0.0195870008 -0.0628340021 0.0449739993
v 0.0202799998 -0.0705389977 0.0213270001
v 0.0161850005 -0.0938149989 -0.000302
v 0.00358600006 -0.0940679982 -0.000561000023
v 0.00358600006 -0.0940679982 -0.000561000023
v 0.0161850005 -0.0938149989 -0.000302
v 0.0150579996 -0.0941589996 0.00070199999
v 0.0151350005 -0.0933509991 0.103441998
v 0.014556 -0.0929419994 0.111689001
v 0.0139450002 -0.0949369967 0.109659001
v 0.0147620002 -0.0896380022 0.107035004
v 0.0132130003 -0.094926998 0.112301998
v 0.0145370001 -0.0937559977 0.00391800003
v 0.0195809994 -0.0610359982 0.0488750003
v 0.0114019997 -0.0957340002 0.114111997
v 0.0093700001 -0.0953079984 0.113572001
v 0.0159489997 -0.0922909975 -0.00128099998
v 0.0207020007 -0.0657740012 0.0238639992
v 0.0215160009 -0.0645280033 0.016423
v 0.0155020002 -0.0930590034 0.0899320021
v 0.0214559995 -0.0589069985 0.0231059995
v 0.0207589995 -0.0612859987 0.0301140007
v 0.0161990002 -0.0776529983 0.0891849995
v 0.0219030008 -0.0581399985 0.0169709995
v 0.0220769998 -0.0520489998 0.0204869993
v 0.0162179992 -0.0932200029 0.00237399992
v 0.0165490005 -0.0883819982 -0.000630999974
v 0.0175739992 -0.0923649967 -0.000218999994
v 0.0159489997 -0.0922909975 -0.00128099998
v 0.022109 -0.0507909991 0.0179760009
v 0.0177330002 -0.073872 0.0619180016
v 0.0181469992 -0.0599480011 0.0743879974
v 0.0193530004 -0.0857900009 0.00346200005
v 0.0165490005 -0.0883819982 -0.000630999974
v 0.0199749991 -0.049656 0.0549309999
v 0.0146840001 -0.0777859986 0.106834002
v 0.0157459993 -0.0692870021 0.0977139995
v 0.0220570005 -0.0456620008 0.0192709994
v 0.0215850007 -0.0543910004 0.0266440008
v 0.0212929994 -0.0555830002 0.0311580002
v 0.0176519994 -0.0892549977 0.0034070001
v 0.0172029994 -0.0926050022 0.00435699988
v 0.0156449992 -0.0937480032 0.00943899993
v 0.0170869995 -0.0923229977 0.00767099997
v 0.0165999997 -0.0753320009 -0.000338999991
v 0.0197829995 -0.0582050011 0.0458520018
v 0.0201910008 -0.0574089997 0.0447009988
v 0.0188800003 -0.0871670023 0.00607000012
v 0.0203300007 -0.0818509981 0.006116
v 0.0216659997 -0.0518280007 0.0289099999
v 0.0203239992 -0.0498180017 0.0475189984
v 0.0209149998 -0.046418 0.0456809998
v 0.0210980009 -0.0456309989 0.0427189991
v 0.0222660005 -0.0439790003 0.0286250003
v 0.0176400002 -0.0762450024 0.000411999994
v 0.0165999997 -0.0753320009 -0.000338999991
v 0.0195540003 -0.0762000009 0.00405099988
v 0.0218109991 -0.0446919985 0.035569001
v 0.0203339998 -0.0785560012 0.00566599984
v 0.0216889996 -0.0355429985 0.0422159992
v 0.0208439995 -0.0453229994 0.0468249992
v 0.0173920002 -0.0659290031 8.70000003e-05
v 0.0119099999 -0.0961420015 0.124532998
v 0.00111299998 -0.0959779993 0.131447002
v 0.0132729998 -0.0942630023 0.121878996
v 0.0139319999 -0.0794420019 0.113265999
v 0.0129659995 -0.0868199989 0.123676002
v 0.0127790002 -0.0916140005 0.124398001
v 0.0152249997 -0.0936719999 0.0204039998
v 0.0135890003 -0.093987003 0.129938006
v 0.0126379998 -0.0953489989 0.133388996
v 0.0132069997 -0.0920820013 0.129923001
v 0.0102150002 -0.0958089978 0.127660006
v 0.0164439995 -0.0808240026 0.0813539997
v 0.0168629996 -0.0812769979 0.0711229965
v 0.0165890008 -0.0929989964 0.0144640002
v 0.00262799999 -0.0957669988 0.138419002
v -0.00510999979 -0.0951960012 0.140484005
v 0.0111889997 -0.0958279967 0.134726003
v 0.0135580003 -0.0939799994 0.137967005
v 0.0133419996 -0.0950419977 0.150444001
v 0.0130399996 -0.0787319988 0.133925006
v 0.0128549999 -0.0938669965 0.0315879993
v 0.0101760002 -0.0940240026 0.0486389995
v -0.0290309992 -0.094521001 0.129584
v 0.0166500006 -0.0926299989 0.020149
v 0.0163720008 -0.0931719989 0.0293710008
v 0.0153620001 -0.0936610028 0.0306770001
v 0.0165860001 -0.0690610036 0.0889090002
v 0.0126769999 -0.0729999989 0.128830999
v 0.0129159996 -0.070171997 0.121945001
v -0.0124599999 -0.0952439979 0.129096001
v -0.0191140007 -0.0949150026 0.138460994
v -0.00699600019 -0.0937810019 0.0326230004
v 0.0134439999 -0.0575180016 0.1171
v 0.0184770003 -0.0435229987 0.0778110027
v -0.00802200008 -0.093716003 0.0450880006
v -0.00307399989 -0.0938230008 0.0608059987
v 0.0129749998 -0.0613470003 0.131239995
v 0.0202329997 -0.0231970008 0.0619819984
v 0.0158510003 -0.0540999994 0.0987809971
v 0.00273100007 -0.0941379964 0.0616099983
v 0.0155149996 -0.0937009975 0.0397869982
v 0.0163649991 -0.092426002 0.0388780013
v 0.0170549992 -0.0857919976 0.0427369997
v -0.0202130005 -0.0942389965 0.103115
v -0.00531900022 -0.094283998 0.096040003
v -0.000623999978 -0.0945260003 0.101678997
v 0.0160479993 -0.0931639969 0.048266001
v 0.0150650004 -0.0942120031 0.0493259989
v 0.0149250003 -0.0943169966 0.0539879985
v 0.0185320005 -0.0866549984 0.00823600031
v 0.0120219998 -0.0940560028 0.0549600013
v 0.0123070003 -0.0941810012 0.0626590028
v 0.0208139997 -0.076700002 0.00824999996
v 0.0170169994 -0.0381710008 0.0909390002
v 0.0156580005 -0.0439350009 0.100826003
v 0.0209890008 -0.0753389969 0.0075699999
v 0.0157869998 -0.0937329978 0.0610169992
v 0.0148130003 -0.0943669975 0.0616840012
v 0.0158680007 -0.0932260007 0.0641480014
v 0.0205649994 -0.0716520026 0.0172780007
v 0.0146669997 -0.0944719985 0.0925069973
v 0.014405 -0.0332270004 0.11186
v 0.0182409994 -0.0822909996 0.026478
v 0.0159079991 -0.0314290002 0.0997639969
v 0.0196419992 -0.0728249997 0.026385
v 0.0143029997 -0.0561489984 0.110926002
v -0.0104799997 -0.0951619968 0.120050997
v 0.0146239996 -0.0478440002 0.109862998
v 0.014343 -0.040022999 0.112093002
v 0.00815900043 -0.0943299979 0.0697000027
v 0.0173920002 -0.0659290031 8.70000003e-05
v 0.0139319999 -0.0432729982 0.114376999
v 0.0196519997 -0.0682620034 0.00467099994
v 0.012964 -0.0465259999 0.122863002
v 0.0129829999 -0.0532739982 0.122488998
v 0.0203649998 -0.0630009994 0.00631099986
v 0.0141399996 -0.094506003 0.0733020008
v 0.0151920002 -0.0940650031 0.0727329999
v 0.0155119998 -0.0932800025 0.0769689977
v 0.0218620002 -0.0616010018 0.0107359998
v 0.0175049994 -0.0593690015 0.000199999995
v 0.0175049994 -0.0593690015 0.000199999995
v 0.0203120001 -0.0507379994 0.00651999982
v 0.014622 -0.0258169994 0.110179
v 0.0174599998 -0.0518120006 0.000300999993
v 0.0174599998 -0.0518120006 0.000300999993
v 0.0130510004 -0.0325970016 0.123476997
v 0.0141059998 -0.0281390008 0.114716001
v 0.0142160002 -0.0227990001 0.115075
v 0.0221239999 -0.0516479984 0.011221
v 0.0224760007 -0.0430059992 0.0186410006
v 0.0126390001 -0.0561110005 0.130483001
v 0.018956 -0.0730789974 0.0348040015
v 0.0180629995 -0.0774800032 0.046627
v 0.014831 -0.0944489986 0.0832889974
v 0.0148700001 -0.0944169983 0.0787430033
v 0.0156030003 -0.0933689997 0.0796080008
v -0.0241669994 0.0663480014 0.0169459991
v -0.015257 0.0661830008 0.0158469994
v -0.0300820004 0.0665130019 0.0164400004
v -0.0484890006 0.00135799998 0.0599340014
v -0.0485850014 0.00280799996 0.0484029986
v 0.0224200003 0.0271899998 0.0111969998
v 0.0218529999 0.0209989995 0.00772099989
v 0.0222709998 0.0285839997 0.00835900009
v 0.00979099981 0.0224699993 -0.000280999986
v 0.0109080002 0.036892999 0.000161999997
v 0.0170949996 0.0262589995 0.00130400003
v 0.0170070007 0.0317919999 0.00142099999
v -0.0433810018 -0.0128330002 -0.000430999993
v -0.0419140011 -0.0219519995 -0.00159
v -0.0131839998 0.0660419986 0.0188200008
v -0.00908999983 0.0660419986 0.0162620004
v -0.0484399982 0.000884999987 0.0693679973
v -0.0397950001 -0.0226719994 -0.00209899992
v 0.0169399995 0.0400100015 0.00167699996
v 0.0170070007 0.0317919999 0.00142099999
v 0.0207289997 0.0329289995 0.00521600014
v 0.0170949996 0.0262589995 0.00130400003
v -0.0102150002 0.0659549981 0.0196540002
v -0.0349499993 0.0664649978 0.0216540005
v 0.0169399995 0.0400100015 0.00167699996
v -0.0247510001 0.0663049966 0.0283509996
v -0.0383840017 0.0665680021 0.0272720009
v -0.0484040007 0.00671799993 0.068719998
v -0.0486010015 0.00436699996 0.0555839986
v -0.0351219997 -0.00939800031 -0.00257000001
v -0.041007001 -0.00107500004 -0.00150100002
v 0.0208810009 0.0390719995 0.00502400007
v 0.0216179993 0.0383610018 0.00734699983
v -0.0482870005 0.0166030005 0.051874999
v -0.011748 0.0659030005 0.0265970007
v -0.0035949999 0.0353350006 -0.00286299991
v -0.00510299997 0.0412370004 -0.00275400002
v -0.00415500021 0.0526480004 -0.00233200006
v -0.00252299989 0.0452390015 -0.00171600003
v 0.00367900007 0.0438919999 -0.00111700001
v -0.00241199997 0.0361410007 -0.00195299997
v -0.00308399997 0.0505589992 -0.00165400002
v -0.0286740009 0.00696999999 -0.00296499999
v -0.00266900007 0.0540580004 -0.00156600005
v 0.00434899982 0.0547050014 -0.000859999971
v -0.00390799996 0.0550139993 -0.00284700003
v 0.00555500016 0.0351749994 -0.000998000032
v -0.0462450013 -0.0108070001 0.00653799996
v 0.0101009998 0.0426630005 7.00000019e-05
v -0.0469949991 -0.0187309999 0.00999999978
v 0.00268499996 0.061652001 -0.00112599996
v -0.00687200017 0.0606769994 -0.00143099995
v -0.0482160002 0.015164 0.0627090037
v 0.0122950003 0.0484049991 0.000681000005
v 0.0109649999 0.0614009984 0.000433000008
v -0.00691400003 0.0622240007 -0.00079000002
v 0.00329399994 0.0630130023 -0.000554000027
v -0.0471820012 -0.0109630004 0.0101389997
v -0.0454510003 -0.00726300012 0.00413900008
v -0.0432780012 0.000745999976 7.59999966e-05
v 0.0173620004 0.0567129999 0.00220300001
v -0.000686999992 0.0659869984 0.00272300001
v -0.00120599999 0.0656540021 0.0167159997
v -0.044117 0.00532200001 0.00112399994
v -0.0474269986 0.0326379985 0.0590390004
v 0.00279000006 0.065433003 0.0125019997
v 0.0208860002 0.044989001 0.00502499985
v 0.0212639999 0.0407480001 0.00926099997
v 0.0205630008 0.0464820005 0.00608200021
v 0.0205310006 0.043841999 0.00431199977
v 0.0205400009 0.044884 0.0116649996
v 0.0196150001 0.050218001 0.0103529999
v -0.0432659984 0.0136040002 -0.000159999996
v -0.0404249988 0.0129089998 -0.00147799996
v 0.0197500009 0.0467679985 0.0182150006
v 0.0213380009 0.0359750018 0.0150979999
v 0.0208780002 0.0416090004 0.0103099998
v 0.0210030004 0.0393659994 0.0156079996
v 0.0198819991 0.0494670011 0.00375599996
v 0.0173620004 0.0567129999 0.00220300001
v -0.048161 0.00292000012 0.0710339993
v 0.0185729992 0.057066001 0.00400799979
v 0.0170629993 0.0590640008 0.0055300002
v 0.0195770003 0.0521400012 0.00818399992
v 0.0187589992 0.054866001 0.00706599979
v -0.0480009988 0.0166239999 0.0730130002
v -0.0474339984 -0.0230659992 0.0139589999
v -0.0479429998 0.0152930003 0.0688150004
v -0.0482069999 0.014711 0.0707570016
v 0.0183959994 0.0540970005 0.0154689997
v -0.0479409993 -0.0212009996 0.0182349999
v -0.0476769991 -0.0133579997 0.0138579998
v 0.0179190002 0.0589740016 0.00713999989
v 0.0182470009 0.0555500016 0.0172559991
v 0.0183729995 0.0530330017 0.0226070005
v 0.0210229997 0.0369759984 0.0196000002
v 0.0195719991 0.0458629988 0.0238869991
v -0.0483030006 -0.0166839994 0.0204719994
v -0.0474050008 -0.0092559997 0.0121959997
v -0.0345950015 0.0119660003 -0.00251600007
v 0.0171269998 0.059489999 0.0145319998
v 0.0166829992 0.0630050004 0.0101380004
v -0.0477049984 0.0230449997 0.0661119968
v 0.017128 0.059181001 0.0259719994
v -0.0484270006 -0.0170719996 0.0253790002
v -0.0474650003 0.0275420006 0.0645620003
v -0.00790600013 0.064733997 -0.000966000021
v 0.003058 0.064914003 -0.000457999995
v 0.00280499994 0.0659039989 0.000115000003
v 0.003058 0.064914003 -0.000457999995
v 0.000380000012 0.0657330006 -0.000157000002
v -0.00763799995 0.0660319999 -0.000250000012
v 0.00145800004 0.065880999 0.00266700005
v -0.0484270006 -0.0139049999 0.0260390006
v -0.0471200012 0.0316540003 0.0668070018
v 0.00826099981 0.0648000017 0.00408599991
v 0.0140669998 0.0650829971 0.00184599997
v 0.00822599977 0.0660689995 0.00129599997
v -0.0114860004 -0.0384230018 -0.00311799999
v -0.017647 -0.0307199992 -0.00318500004
v 0.0140669998 0.0650829971 0.00184599997
v 0.0134770004 0.0650350004 0.00728400005
v -0.048351001 -0.0150349997 0.0273560006
v 0.0160409994 0.0642250031 0.00230899989
v -0.0484489985 -0.0100830002 0.0278960001
v 0.0135420002 0.0652239993 0.00554399984
v 0.0153550003 0.0637840033 0.00574899977
v 0.0160409994 0.0642250031 0.00230899989
v 0.0144530004 0.0647070035 0.0042369999
v 0.0153550003 0.0637840033 0.00574899977
v 0.0160409994 0.0642250031 0.00230899989
v -0.0483289994 -0.00627900008 0.0192610007
v 0.0154010002 0.0644909963 0.0107180001
v 0.0160099994 0.0641150028 0.00761999981
v -0.00677599991 -0.0325039998 -0.00315800007
v -0.0469570011 0.0385520011 0.0737740025
v -0.0473820008 0.0262589995 0.0812859982
v -0.0159249995 -0.0141340001 -0.00308399997
v -0.0486240014 -0.000318000006 0.0272659995
v -0.0482399985 0.00428899983 0.0191040002
v -0.0473459996 0.00117399998 0.0108890003
v 0.0152869998 0.0646739975 0.0208069999
v -0.0462800004 0.00490699988 0.00606600009
v -0.00328600011 -0.0278309993 -0.00297100004
v 0.0160099994 0.0641150028 0.00761999981
v 0.0154010002 0.0644909963 0.0107180001
v 0.0169610009 -0.0493110009 0.000142999997
v -0.0473489985 0.00577000016 0.0101070004
v 0.0164490007 0.0633319989 0.0234810002
v 0.0152869998 0.0646739975 0.0208069999
v 0.0171620008 -0.0376669988 0.000406000006
v -0.0046819998 0.0657809973 0.0176749993
v -0.048080001 0.00188 0.104820997
v -0.0445210002 0.0182939991 0.00112399994
v -0.00207299995 -0.0308769997 -0.00201699999
v -0.0480029993 0.0290220007 0.034173999
v -0.0467359982 0.0447320007 0.0403550006
v -0.0478259996 0.0375859998 0.029654
v -0.0462669991 0.0153550003 0.00595200015
v -0.00132699998 0.0655110031 0.0257389992
v -0.047313001 0.0201440006 0.00929199997
v -0.0464080013 0.0479910001 0.0467480011
v 0.00743999984 0.0651189983 0.0297829993
v -0.0481260009 0.00614099996 0.0162860006
v 0.00960600004 0.0647770017 0.0298989993
v -0.00618400006 0.0657759979 0.0283640008
v 0.00759299984 -0.0231769998 -0.000936999975
v 0.0155920004 -0.0344390012 3.30000003e-05
v 0.000414999988 0.0655369982 0.0291670002
v -0.0484930016 0.00546800019 0.0238119997
v -0.00234999997 -0.0125249997 -0.00206100009
v -0.0483300015 0.00950200018 0.0249400008
v -0.0479729995 0.0125350002 0.0149079999
v -0.0479860008 0.0195550006 0.014978
v -0.048223 0.00995799992 0.0197279993
v 0.00906699989 0.0649069995 0.0470830016
v 0.00945799984 0.0648399964 0.035893999
v -0.0482509993 0.0176769998 0.0202190001
v 0.0179529991 0.0544960015 0.0271659996
v 0.0184339993 0.0472210012 0.0461569987
v -0.0462189987 0.0512220003 0.0592480004
v 0.0179929994 0.0508700013 0.0438320003
v 0.0052240002 -0.00509000011 -0.00121100002
v 0.00906999968 0.000118999997 -0.000575000013
v -0.0486209989 -0.00466600014 0.0315949991
v -0.0451870002 0.0594150014 0.0339559987
v -0.0469599999 0.0486980006 0.0270969998
v 0.0173320007 -0.0297090001 0.000608999981
v 0.0173419993 -0.0238780007 0.000529000012
v 0.0153700002 0.0646279976 0.0346300006
v 0.0162170008 0.0634709969 0.0400170013
v 0.0153700002 0.0646279976 0.0346300006
v -0.0445620008 0.0656619966 0.0265909992
v -0.04586 0.0566160008 0.0263289995
v 0.0172220003 -0.0159329996 0.000515999971
v 0.0175689999 0.0551699996 0.0389779992
v -0.0484949984 -0.00153300003 0.0287309997
v 0.0173419993 -0.0238780007 0.000529000012
v 0.0172220003 -0.0159329996 0.000515999971
v 0.0205990002 -0.00748400018 0.00673499983
v 0.0171310008 -0.00470700022 0.000878999999
v -0.0486080013 0.00377300009 0.0411479995
v 0.0179389995 0.0489029996 0.0530660003
v -0.0455520004 0.0608819984 0.0542510003
v 0.0151009997 0.0647760034 0.0393370017
v 0.0151009997 0.0647760034 0.0393370017
v -0.0450819992 0.0612559989 0.0416919999
v -0.0208420008 0.0125660002 -0.00313499989
v -0.0447430015 0.0654829964 0.0411499999
v -0.0438919999 0.0665019974 0.0453110002
v -0.0387500003 0.0667259991 0.0461170003
v -0.0398130007 0.0666610003 0.0381629989
v -0.0451240018 0.065343 0.0539329983
v -0.0436449982 0.0666380003 0.0305109993
v -0.0434059985 0.0665929988 0.0199270006
v -0.0469360016 0.0345950015 0.0637679994
v -0.0468659997 0.040856 0.0607560016
v -0.0389939994 0.0669249967 0.0334170014
v -0.0371210016 0.0664269999 0.0391050018
v -0.0466720015 0.0391810015 0.0640410036
v -0.0435060002 0.0666610003 0.0350989997
v -0.00355900009 0.00365899992 -0.00300500006
v -0.0480920002 0.0158459991 0.0224840008
v -0.00243999995 0.0073210001 -0.0020359999
v -0.0486400016 0.0138969999 0.0267750006
v -0.0462229997 0.0500699989 0.0616459996
v -0.0464910008 0.0459400006 0.0652019978
v -0.0486599989 0.00839500036 0.0283080004
v -0.048427999 0.0207100008 0.0264960006
v -0.0484610014 0.0185369998 0.0305659994
v -0.0457720011 0.0550910011 0.0792860016
v -0.0406659991 0.0234549996 -0.00171600003
v -0.00433599995 0.0657889992 0.0845450014
v -0.0460989997 0.0517349988 0.0688339993
v -0.0463019982 0.0523490012 0.0661379993
v -0.0486029983 0.00535999984 0.0348110013
v -0.0457350016 0.0547679998 0.0728259981
v -0.0440680012 0.0664350018 0.0544920005
v -0.0451430008 0.0617979988 0.0678090006
v -0.045237001 0.0651910007 0.0705939978
v -0.0369910002 0.066290997 0.060814999
v -0.0387270004 0.0668049976 0.0563389994
v -0.0409549996 0.0664360002 0.0597580001
v -0.0387630016 0.0667100027 0.0597710013
v -0.0436059982 0.0226930007 -0.000845999981
v -0.0197129995 0.0494990014 -0.00244199997
v -0.0457330011 0.0251049995 0.00420199987
v -0.0446060002 0.0277420003 0.000737000024
v -0.043965999 0.0663760006 0.0658499971
v -0.0455380008 0.0390660018 0.00346400007
v -0.0443510003 0.0360019989 -8.2999999e-05
v -0.043389 0.0290840007 -0.00100000005
v 0.00711000012 0.065380998 0.0682820007
v -0.0444260016 0.0663530007 0.0741339996
v -0.0412660018 0.0663940012 0.0770019963
v -0.0408839993 0.0321110003 -0.00157800002
v -0.0387389995 0.0667750016 0.0723740011
v -0.00757399993 0.0118030002 -0.00314399996
v 0.0181370005 0.0471049994 0.057252001
v 0.0178079996 0.0480430014 0.0584510006
v 0.0170050003 0.0553359985 0.0654210001
v -0.0183160007 0.0661469996 0.0867599994
v -0.00381799997 0.0148750003 -0.00314099994
v 0.00274699996 0.0123060001 -0.001529
v 0.0189720001 0.0422439985 0.0476070009
v 0.0147200003 0.0650710016 0.0496230014
v -0.046999 0.0349869989 0.00821099989
v -0.00211200002 0.0184150003 -0.00187499996
v 0.00901999976 0.0648920015 0.0517399982
v 0.0160249993 0.0638390034 0.0496009998
v -0.00329099991 0.0217819996 -0.00305499998
v -0.0271869991 0.0599730015 -0.00187799998
v -0.0374110006 0.057418 -0.00111499999
v 0.0147200003 0.0650710016 0.0496230014
v -0.0449599996 0.0647310019 0.000197999994
v -0.0434909984 0.0654599965 -0.000735000009
v -0.0437429994 0.0466190018 -0.000806000025
v -0.040798001 0.0505159982 -0.001346
v 0.0159249995 0.0640280023 0.0557829998
v -0.00571499998 0.0225649998 -0.00309100002
v -0.0458850004 0.0607220009 0.00283299992
v -0.0457700007 0.0535620004 0.002966
v -0.0448740013 0.0642340034 0.00335599994
v 0.0157900006 0.0635939986 0.0682180002
v -0.0446700007 0.0653100014 0.0025510001
v -0.0432320014 0.067024 0.000307999988
v -0.0417059995 0.0667129979 0.0034690001
v 0.00930100027 0.0650739968 0.0572380014
v 0.0171310008 -0.00470700022 0.000878999999
v -0.036931999 0.0663859993 -0.000264000002
v 0.0149250003 0.0649899989 0.056065999
v -0.0356739983 0.0672679991 0.00132599997
v -0.036931999 0.0663859993 -0.000264000002
v -0.0432320014 0.067024 0.000307999988
v 0.0149250003 0.0649899989 0.056065999
v 0.0198539998 0.00435499987 0.00528200017
v -0.0247419998 0.0642099977 -0.001835
v -0.0274759997 0.0652349964 -0.000875000027
v -0.0329560004 0.0670299977 -4.80000017e-05
v -0.0274759997 0.0652349964 -0.000875000027
v 0.0149969999 0.0651329979 0.0628790036
v 0.0127630001 0.0107270004 0.000251999998
v 0.0159249995 0.0640280023 0.0557829998
v 0.0157900006 0.0635939986 0.0682180002
v -0.0224210005 0.0665550008 -0.00037200001
v -0.0304749999 0.0669689998 0.00249699992
v -0.0283029992 0.066509001 0.00386700011
v 0.0223740004 0.00353599992 0.00987500045
v -0.0307570007 0.0667919964 0.0098679997
v 0.0171429999 0.0103580002 0.00117299997
v 0.0171429999 0.0103580002 0.00117299997
v -0.0180500001 0.0630920008 -0.002263
v 0.0170009993 0.0193080008 0.00114800001
v 0.021644 0.0173269995 0.00778200012
v -0.0116450004 0.0567030013 -0.00220500003
v 0.022682 0.0179650001 0.0107000005
v -0.0468260013 0.0443670005 0.00664599985
v 0.0228659995 0.00988200027 0.0138800004
v 0.0226789992 0.0168750007 0.0174470004
v -0.00790600013 0.064733997 -0.000966000021
v -0.00955300033 0.0636399984 -0.00114800001
v -0.00240599993 0.0338720009 -0.00190000003
v -0.00955300033 0.0636399984 -0.00114800001
v -0.0103460001 0.062371999 -0.00217700005
v -0.0473849997 0.0465839989 0.0118310004
v -0.0475709997 0.0397160016 0.0124810003
v -0.0084920004 0.0622299984 -0.00279300008
v -0.00964600034 0.0574259982 -0.00292399991
v 0.00903099962 0.0650850013 0.0698489994
v 0.00472899992 0.0257280003 -0.00115200004
v 0.01052 0.0652400032 0.0712720007
v 0.0148160001 0.0651319996 0.0699369982
v 0.0157140009 0.0636909977 0.074300997
v -0.0463280007 0.0568259992 0.00530799991
v -0.0150239998 0.0662890002 0.00236900011
v 0.0148189999 0.065105997 0.0753019974
v 0.00882900041 0.0651270002 0.0848219991
v 0.00638800021 0.0655450001 0.0878980011
v 0.0149020003 0.0651239976 0.0865560025
v -0.0461050011 0.056981001 0.0088940002
v -0.0446639992 0.0654650033 0.0199560001
v -0.0435280018 0.0664789975 0.00758800004
v 0.0170009993 0.0193080008 0.00114800001
v -0.0331539996 0.0664749965 0.0127950003
v -0.0479989983 0.0287449993 0.0190549996
v -0.0481540002 0.0254989993 0.0244309995
v -0.0480629988 0.0338330008 0.0223629996
v -0.0476949997 0.0341829993 0.0245689992
v -0.0482780002 0.0276999995 0.0295320004
v -0.0474679992 0.0423390009 0.0197500009
v -0.047460001 0.0399009995 0.0285349991
v -0.0472749993 0.0431010015 0.0247859992
v -0.047313001 0.0448709987 0.0220570005
v -0.0459429994 0.0577719994 0.0184160005
v 0.0222619995 0.0207700003 0.0200159997
v 0.0219630003 0.0297870003 0.0170399994
v 0.0214200001 0.0319220014 0.0204109997
v 0.0218339991 0.0325799994 0.0154170003
v 0.0194109995 0.0407229997 0.0450400002
v 0.0195090007 0.0239070002 0.067704998
v 0.0204690006 0.0153419999 0.0552340001
v 0.0203239992 0.0220880006 0.0565840006
v 0.0212559998 -0.00550499978 0.0501479991
v 0.0210670009 0.00918900035 0.0484450012
v 0.0169610009 -0.0493110009 0.000142999997
v 0.0186969992 0.0157600008 0.0806230009
v 0.0196449999 -0.0409980007 0.00503499992
v 0.0171620008 -0.0376669988 0.000406000006
v 0.0208129995 0.0212900005 0.0486459993
v 0.0225859992 -0.00733199995 0.0281349998
v 0.0223990008 -0.0155800004 0.029747
v 0.0228829999 -0.0165630002 0.0211859997
v 0.0227589998 0.00146000006 0.0247099996
v 0.0223120004 -0.0381239988 0.0113030002
v 0.0195719991 0.0253480002 0.0651419982
v 0.0222909991 -0.00192399998 0.0350660011
v 0.0173809994 -0.0336520001 0.000762999989
v 0.0173809994 -0.0336520001 0.000762999989
v 0.0210350007 -0.0251640007 0.00780500006
v 0.0220720004 -0.0227869991 0.0358120017
v 0.0173320007 -0.0297090001 0.000608999981
v 0.018809 0.0296470001 0.0740640014
v 0.0186989997 0.0319500007 0.0709299967
v 0.0224300008 -0.0245009996 0.0113479998
v 0.0211389996 0.0263550002 0.0351429991
v 0.0193789992 0.0310699996 0.062880002
v 0.0225460008 -0.0427539982 0.0210790001
v 0.0190099999 0.0388099998 0.0570450015
v 0.0184749998 0.0410210006 0.0630310029
v 0.0188180003 0.0408429988 0.0533760004
v 0.0223190002 -0.0413989983 0.0225050002
v 0.0227150004 -0.0253069997 0.0154020004
v 0.0226390008 -0.0318779983 0.0220960006
v 0.0188059993 -0.0092000002 0.0783659965
v 0.0182329994 0.0388210006 0.0723859966
v 0.0181699991 0.0421909988 0.0688539967
v 0.0219000001 -0.0426869988 0.0316039994
v 0.0179730002 0.0460789986 0.0674280003
v 0.0161520001 -0.001055 0.101508997
v 0.0178130008 0.0481919982 0.0683379993
v 0.0219739992 -0.0326200016 0.0358010009
v 0.0156030003 0.0390670002 0.109526001
v 0.0166929998 0.0126820002 0.0985679999
v 0.0229669996 -0.0042679999 0.0146059999
v 0.0226579998 -0.00545899989 0.0113439998
v 0.0181450006 0.0389849991 0.0781930014
v 0.0161600001 0.0499599986 0.103031002
v 0.0178880002 0.0459749997 0.0737759992
v 0.0178640001 0.0441909991 0.0783009976
v 0.0178110003 0.0418949984 0.0818469971
v 0.0177200008 0.0430330001 0.0840530023
v 0.0167789999 0.0536880009 0.0795940012
v 0.0147299999 -0.00932199974 0.111504003
v 0.0165599994 0.0528389998 0.0878219977
v 0.0142719997 -0.0152730001 0.114993997
v 0.0145269996 0.00119500002 0.115089998
v 0.0157140009 0.0636909977 0.074300997
v 0.0157680009 0.0632449985 0.0911870003
v 0.0154489996 0.0132630002 0.108410999
v 0.0218260009 0.0182329994 0.0306160003
v 0.0217819996 0.0104980003 0.036412999
v 0.0217160005 0.00392000005 0.0409229994
v 0.0212660003 0.0192339998 0.0395230018
v -0.0447679982 -0.092836 0.132442996
v -0.0474659987 -0.0469430014 0.150425002
v -0.0477799997 -0.0371479988 0.139476001
v -0.0474799983 -0.0616660006 0.144535005
v -0.0469960012 -0.0790769979 0.132056996
v -0.0464730002 -0.0923380032 0.139908999
v -0.0475299992 0.00881399959 0.141578004
v -0.0479369983 -0.0234249998 0.130471006
v -0.0474350005 -0.0367069989 0.154495001
v -0.0470549986 -0.0214779992 0.162257999
v -0.0464509986 -0.0175819993 0.178443998
v -0.0471870005 -0.0177439991 0.156674996
v -0.0466739982 -0.0856579989 0.142964005
v -0.0463920012 -0.0917060003 0.141627997
v -0.0468849987 -0.080930002 0.135882005
v -0.0470580012 -0.0773509964 0.140265003
v -0.0470170006 -0.0318979993 0.165165007
v -0.0462410003 -0.0288280006 0.187724993
v -0.046046 -0.0227119997 0.191884995
v -0.0462119989 -0.0109780002 0.185461998
v -0.0472600013 -0.0606190003 0.161167994
v -0.0474569984 -0.0616389997 0.155812994
v -0.0471820012 -0.0648929998 0.161192
v -0.0473570004 -0.0532669984 0.157150999
v -0.0473910011 -0.0570610017 0.152704
v -0.0474300012 -0.0499420017 0.157378003
v -0.0471029989 0.0151509997 0.163706005
v -0.0474039987 -0.0447949991 0.156011999
v -0.0470470004 -0.0485760011 0.168542996
v -0.0470310003 -0.0379029997 0.166646004
v -0.0461440012 -0.00315700006 0.192249
v -0.0463799983 0.00578799983 0.192773998
v -0.0466560014 -0.0405850001 0.179110005
v -0.0468199998 0.0215569995 0.184490994
v -0.0478979982 -0.0374169983 0.131882995
v -0.0458070002 0.0032850001 0.202326
v -0.0473419987 -0.0216370001 0.152216002
v -0.0461019985 0.0118439998 0.201930001
v -0.0466119982 0.0207390003 0.195944995
v -0.044803001 0.00331200007 0.209191993
v -0.0447890013 0.00993600022 0.209134996
v -0.0460699983 0.0233139992 0.202669993
v -0.0447769985 0.0168130007 0.209134996
v -0.0470319986 -0.0801699981 0.147009
v -0.0448900014 0.0301900003 0.209215999
v -0.0446120016 0.0284000002 0.209555998
v -0.0425750017 0.0114679998 0.209723994
v -0.0472720005 -0.069486998 0.147597998
v -0.0473360009 -0.0659060031 0.153584003
v -0.0143820001 -0.0942910016 0.205983996
v -0.0140380003 -0.094874002 0.199541003
v -0.00723299989 -0.0944129974 0.205061004
v 0.00102900004 -0.0945189968 0.204730004
v -0.0462040007 -0.0562679991 0.202671006
v -0.0456070006 -0.0522309989 0.209233999
v -0.0463280007 -0.0473450013 0.197409004
v -0.0239320006 -0.0937729999 0.207458004
v -0.0164299998 -0.0926960036 0.207940996
v -0.00878799986 -0.0941290036 0.206191003
v -0.0460110009 -0.0430880003 0.203284994
v -0.00630600005 -0.0914319977 0.208346993
v -0.0187819991 -0.0908199996 0.208136007
v -0.0164299998 -0.0926960036 0.207940996
v 0.000933000003 -0.0939920023 0.205851004
v -0.0457520001 -0.0580560006 0.208966002
v -0.0438060015 -0.0556549989 0.20984
v -0.00630600005 -0.0914319977 0.208346993
v -0.0453349985 -0.0448089987 0.208906993
v -0.0432499982 -0.0464249998 0.209772006
v -0.036288999 -0.0461260006 0.209372997
v -0.0467149988 -0.0674720034 0.187209994
v -0.0468450002 -0.0597469993 0.180681005
v -0.0468120016 -0.0705259964 0.183693007
v -0.0340990014 -0.0933390036 0.208305001
v -0.0293700006 -0.0938830003 0.207046002
v -0.0238290001 -0.0906720012 0.208256006
v -0.0340990014 -0.0933390036 0.208305001
v -0.0333399996 -0.0943230018 0.151374996
v -0.0253679994 -0.0945969969 0.156113997
v -0.0467180014 -0.0575870015 0.189267993
v -0.0258949995 -0.0896639973 0.209755003
v -0.0249060001 -0.0887200013 0.210235998
v -0.0466389991 -0.0651130006 0.192654997
v -0.046856001 -0.0742179975 0.187187001
v -0.0368349999 -0.0571010001 0.209323004
v -0.0333410017 -0.0684370026 0.208945006
v -0.0307480004 -0.0547600016 0.208946005
v -0.0449789986 -0.0937599987 0.145655006
v -0.0444529988 -0.0937390029 0.141904995
v -0.039340999 -0.072439 0.209313005
v -0.0436750017 -0.0683069974 0.209783003
v -0.0464950018 -0.0718899965 0.198957995
v -0.012135 -0.0903439969 0.209949002
v -0.0117779998 -0.0728499964 0.209552005
v -0.0101629999 -0.0815270022 0.209617004
v -0.0465659983 -0.0527100004 0.188203007
v -0.0265350007 -0.0807679966 0.209213004
v -0.0466179997 -0.0470830016 0.184350997
v -0.0248990003 -0.0630789995 0.209720001
v -0.0262199994 -0.071266003 0.208768994
v -0.0244069993 -0.0746880025 0.209766001
v -0.0259269997 -0.0608399995 0.209024996
v -0.00407500006 -0.0913499966 0.209674999
v -0.0464689992 -0.0612460002 0.197462007
v -0.0253940001 -0.0495559983 0.209024996
v -0.0232660007 -0.0553169996 0.209819004
v -0.0106279999 -0.0779760033 0.209625006
v -0.0461129993 -0.0626780018 0.204781994
v -0.0111199999 -0.0949739963 0.146641001
v 0.00121999998 -0.0852190033 0.209338993
v -0.0241880007 -0.0525269993 0.209894001
v -0.0464910008 -0.0528509989 0.192628995
v -0.0464389995 -0.0430160016 0.190288007
v -0.0143170003 -0.0947960019 0.157446995
v -0.0459129997 -0.0290210005 0.201563999
v -0.00288600009 -0.0920199975 0.208039001
v -0.00288600009 -0.0920199975 0.208039001
v -0.0462500006 -0.033946 0.188796997
v 0.00968900044 -0.0926119983 0.207259998
v 0.00798000023 -0.094287999 0.205263004
v 0.0132959997 -0.086672999 0.208574995
v -0.0465329997 -0.0917429999 0.149850994
v -0.0450240001 -0.0938299969 0.152806997
v 0.00968900044 -0.0926119983 0.207259998
v 0.00897100009 -0.0920270011 0.209507003
v 0.0111140003 -0.0939429998 0.204387993
v -0.0466799997 -0.0916789994 0.157117993
v -0.0467140004 -0.0895949975 0.147023007
v 0.0132780001 -0.0936129987 0.205881998
v -0.0451879986 -0.0315460004 0.209141999
v -0.0453479998 -0.03785 0.208997995
v 0.0135970004 -0.0935100019 0.203633994
v 0.0134739997 -0.0929960012 0.207939997
v 0.0146420002 -0.0923240036 0.205608994
v 0.0106790001 -0.0925339982 0.208485007
v 0.0134739997 -0.0929960012 0.207939997
v -0.0334240012 -0.0944780037 0.159082994
v 0.015203 -0.0893959999 0.206347004
v 0.0134269996 -0.0900480002 0.208718002
v -0.0430280007 -0.0288609993 0.209766999
v 0.0132959997 -0.086672999 0.208574995
v 0.0134269996 -0.0900480002 0.208718002
v 0.0132590001 -0.0760750026 0.208573997
v -0.0327429995 -0.0372189991 0.209174007
v -0.0456029996 -0.0182959996 0.202511996
v -0.0457050018 -0.0932589993 0.159330994
v -0.0457060002 -0.0939190015 0.163830996
v -0.0451919995 -0.0252400003 0.209082007
v -0.0468139984 -0.0919279978 0.176257998
v -0.0455529988 -0.0941179991 0.168739006
v -0.0470869988 -0.0748339966 0.160418004
v -0.0471689999 -0.069633998 0.162210003
v -0.0256399997 -0.0308539998 0.209049001
v -0.0468919985 -0.0840409994 0.159011006
v 0.01523 -0.0872249976 0.182989001
v 0.0155990003 -0.0827289969 0.174967006
v 0.0163710006 -0.0809080005 0.189962998
v -0.0261579994 -0.0420040004 0.209044993
v -0.0240090005 -0.0424840003 0.209731996
v 0.0143020004 -0.0928630009 0.196970001
v 0.0145279998 -0.0928189978 0.186727002
v -0.0172409993 -0.0375589989 0.209728003
v 0.0142059997 -0.0936649963 0.151686996
v -0.0185550004 -0.036088001 0.208921999
v 0.00449299999 -0.0950369984 0.153326005
v -0.0297800004 -0.0944299996 0.161091
v 0.0166609995 -0.0746380016 0.180142999
v 0.0174460001 -0.0719489977 0.189138994
v -0.0180159993 -0.0346579999 0.209702
v 0.0164240003 -0.0721770003 0.176041007
v 0.0173930004 -0.0729340017 0.181961
v 0.0170719996 -0.0707520023 0.185220003
v -0.000699000026 -0.0947439969 0.159454003
v -0.0155400001 -0.0945940018 0.162505999
v 0.0139960004 -0.0789609998 0.149104998
v 0.0168450009 -0.0826210007 0.202719003
v -0.0249400008 -0.0946680009 0.178986996
v -0.0334840007 -0.0945380032 0.179137006
v 0.0175560005 -0.0763849989 0.198390007
v 0.0074649998 -0.0942389965 0.167418003
v -0.0241320003 -0.0298749991 0.209978998
v 0.0173950009 -0.0761900023 0.201551005
v 0.0171239991 -0.0743919984 0.201449007
v 0.0184710007 -0.0636639968 0.193202004
v 0.0144509999 -0.0931340009 0.161385998
v -0.0140349995 -0.0665709972 0.209647998
v 0.0137219997 -0.0945010036 0.161755994
v -0.00114900002 -0.0944619998 0.164542004
v 0.0148759997 -0.0833709985 0.163597003
v -0.0103890002 -0.0560379997 0.209571004
v 0.0145979999 -0.0778009966 0.156763002
v 0.017577 -0.0643580034 0.182465002
v 0.0168009996 -0.0679820031 0.174771994
v 0.0164640006 -0.0636250004 0.172398001
v 0.013123 -0.0646170005 0.138064995
v 0.00439500017 -0.0648500025 0.209177002
v 0.00504099997 -0.0527379997 0.209224999
v 0.0139560001 -0.0681260005 0.148324996
v -0.0123030003 -0.0946569964 0.178340003
v -0.00556300022 -0.0944600031 0.181659997
v 0.0165180005 -0.0617830008 0.170273006
v 0.00380300009 -0.0442599989 0.209261999
v 0.0170830004 -0.0545589998 0.172007993
v 0.0178980008 -0.0514109991 0.180868
v 0.000362999999 -0.0942910016 0.179205
v 0.00493500009 -0.0941929966 0.177514002
v 0.0179290008 -0.0549530014 0.181382999
v -0.00215999992 -0.0945229977 0.181690007
v 0.0138360001 -0.0936620012 0.170245007
v 0.0172010008 -0.0497820005 0.172810003
v 0.00494199991 -0.0359719992 0.209199995
v 0.0179660004 -0.0679960027 0.189487994
v 0.0140040005 -0.0938759968 0.179735005
v 0.0145779997 -0.0927930027 0.179426998
v -0.0461729988 -0.094012998 0.186610997
v -0.0458250009 -0.0943050012 0.181317002
v -0.0433060005 -0.0944209993 0.186211005
v 0.014463 -0.0707219988 0.154192001
v -0.0459790006 -0.0940790027 0.190515995
v -0.0468630008 -0.0919189975 0.183946997
v 0.0146249998 -0.0676639974 0.153671995
v -0.0378389992 -0.0941770002 0.184146002
v -0.0410780013 -0.0945869982 0.194868997
v 0.018809 -0.0544379987 0.190751001
v -0.0468339995 -0.0864130035 0.174734995
v -0.0455490015 -0.0941660032 0.174243003
v 0.0140850004 -0.0597730018 0.148802996
v 0.0144480001 -0.0617580004 0.152324006
v -0.0443440005 -0.0941699967 0.177970007
v -0.0459330007 -0.0936309993 0.177156001
v -0.0469160005 -0.083825998 0.181418002
v 0.0182920005 -0.0536370017 0.184551001
v -0.0469789989 -0.0774710029 0.171428993
v 0.0149429999 -0.0925929993 0.168468997
v 0.0117319999 -0.0490019992 0.208957002
v 0.0146199996 -0.0903429985 0.170770004
v 0.0186620001 -0.052333001 0.195541993
v 0.0190210007 -0.0510509983 0.191296995
v -0.0468860008 -0.0873109996 0.185383007
v -0.0468829982 -0.087954998 0.189878002
v -0.0470389985 -0.0917679965 0.190816998
v -0.0469960012 -0.0694409981 0.173822999
v -0.0434180014 -0.00855499972 0.209861994
v -0.0256890003 -0.0155210001 0.209096998
v 0.00363799999 -0.0725729987 0.209110007
v 0.0160290003 -0.0739139989 0.170137003
v -0.0450460017 -0.0118300002 0.209491
v 0.0147620002 -0.0703419968 0.155224994
v -0.0303070005 -0.0947109982 0.194515005
v -0.0223169997 -0.0947320014 0.189954996
v -0.0204930007 -0.0947260037 0.183375999
v -0.0173029993 -0.094754003 0.179931
v 0.0150549999 -0.0642540008 0.157774001
v 0.0157019999 -0.0705069974 0.165142998
v 0.0156660005 -0.0654549971 0.165907994
v 0.0154720005 -0.0765589997 0.204194993
v 0.0145669999 -0.0642419979 0.155269995
v 0.0132590001 -0.0760750026 0.208573997
v -0.0351379998 -0.0948230028 0.187813997
v 0.0149959996 -0.0611889996 0.156209007
v 0.0146920001 -0.0581629984 0.154014006
v -0.0240480006 -0.0132649997 0.209897995
v 0.0153949996 -0.0546480007 0.156099007
v 0.0161499996 -0.0542429984 0.163387001
v -0.0220250003 -0.0947939977 0.197169006
v -0.0460879989 -0.0941430032 0.195671007
v 0.0159639996 -0.0530259982 0.164352
v 0.0166829992 -0.0540740006 0.167161003
v -0.0468979999 -0.0920080021 0.200212002
v -0.0461499989 -0.094302997 0.198688999
v 0.0176899992 -0.0652649999 0.199523002
v 0.0171329994 -0.0569059998 0.201847002
v 0.0165970009 -0.0524309985 0.169115007
v 0.0134239998 -0.0702920035 0.208487004
v -0.036127001 -0.0944920033 0.197585002
v 0.0162070002 -0.0718479976 0.171431005
v 0.0161940008 -0.0652370006 0.168291003
v -0.0455089994 -0.0943230018 0.201059997
v -0.0402860008 -0.0943439975 0.203701004
v -0.0262720007 -0.0947019979 0.200130001
v -0.0460169986 -0.0940959975 0.207524002
v -0.0465810001 -0.0937440023 0.202695996
v -0.0465920009 -0.0934360027 0.206768006
v -0.0466490015 -0.0904479995 0.205978006
v -0.0032579999 -0.0286919996 0.209442005
v -0.00770699978 -0.00486300001 0.209426001
v -0.0462470017 -0.0929299966 0.208748996
v -0.0391290002 -0.0938450024 0.207989007
v -0.0391290002 -0.0938450024 0.207989007
v 0.0127940001 -0.0375269987 0.131395996
v -0.0460410006 -0.0894839987 0.208765
v -0.0460160002 -0.0849969983 0.208747998
v -0.0438829996 -0.0913299993 0.209569007
v -0.036231 -0.0920749977 0.208525002
v 0.0131529998 -0.0304710008 0.133722007
v 0.0129340002 -0.0298180003 0.124398999
v 0.0124369999 -0.061466001 0.208877996
v -0.0467149988 -0.0798000023 0.192701995
v 0.0139720002 -0.0613830015 0.208152995
v 0.0134239998 -0.0702920035 0.208487004
v -0.0465749986 -0.0828529969 0.201444998
v 0.0139720002 -0.0613830015 0.208152995
v -0.0101009998 0.0111539997 0.209424004
v 0.0132280001 -0.0236670002 0.136507004
v 0.0142059997 -0.0338269994 0.147997007
v 0.000872000004 0.00940299965 0.209141999
v 0.0131010003 -0.0162700005 0.126588002
v 0.0134810004 -0.0140620004 0.138804004
v -0.046689 -0.0784090012 0.198138997
v -0.0462060012 -0.0793979988 0.204925999
v 0.0181610007 -0.0501639992 0.199129
v -0.0459959991 -0.0807560012 0.208643004
v 0.0143219996 -0.0164030008 0.146889001
v -0.0458489992 -0.0722900033 0.208630994
v 0.012991 -0.043926999 0.132608995
v 0.0186020005 -0.0362460017 0.198246002
v -0.0449150018 -0.00405000011 0.209478006
v 0.0135949999 -0.0385710001 0.141705006
v 0.0163250007 -0.0494109988 0.203624994
v 0.0136890002 -0.0550240017 0.208497003
v -0.0387439989 -0.0816610008 0.209310994
v 0.0142280003 -0.0541049987 0.148680001
v 0.0141770002 -0.0502040014 0.148644
v 0.0141559998 -0.0455479994 0.147458002
v 0.0136890002 -0.0550240017 0.208497003
v 0.0173419993 -0.0453319997 0.202244997
v -0.015075 -0.0945120007 0.181581005
v -0.0190500002 -0.094912 0.189118996
v -0.0126909995 -0.0946229994 0.187577993
v -0.0108460002 -0.0949110016 0.188474998
v -0.00820299983 -0.0945689976 0.185795993
v 0.0136919999 -0.0486100018 0.208311006
v 0.0136919999 -0.0486100018 0.208311006
v 0.014672 -0.0499630012 0.151400998
v 0.0149889998 -0.0487749986 0.153898001
v 0.0147399995 -0.0450019985 0.152504995
v 0.0148059996 -0.0530939996 0.154489994
v 0.00136300002 -0.0944240019 0.190754995
v 0.0148820002 -0.0510349981 0.155128002
v -0.00318400003 -0.0947239995 0.193196997
v 0.0152200004 -0.0492269993 0.156175002
v 0.0152540002 -0.0453150012 0.156237006
v 0.0147249997 -0.0460369997 0.154829994
v 0.0161099993 -0.0507679991 0.164921999
v 0.0140960002 -0.038612999 0.147689
v 0.0144180004 -0.0415830016 0.147499993
v 0.0144250002 -0.0420950018 0.150020003
v 0.0175710004 -0.0396500006 0.173681006
v 0.0153130004 -0.0396279991 0.157021999
v 0.0145899998 -0.037765 0.149605006
v 0.0153970001 -0.041894 0.155769005
v 0.0149689997 -0.0380610004 0.153197005
v -0.0250509996 0.00236900011 0.209003001
v 0.0152200004 -0.034674 0.154159993
v -0.00248200004 -0.0947320014 0.196789995
v 0.0173330009 -0.0312569998 0.171290994
v 0.0163560007 -0.0327150002 0.163686007
v 0.0158910006 -0.0311229993 0.164132997
v 0.0165180005 -0.0311159994 0.167483002
v 0.00633199979 -0.0940480009 0.183917999
v 0.0152740004 -0.0365560018 0.155408993
v -0.0251180008 0.0129410001 0.208858997
v 0.0156939998 -0.0283530001 0.155764997
v 0.00801199954 -0.0941969976 0.190408006
v 0.0136470003 -0.0939100012 0.18818
v 0.0187430009 -0.0324440002 0.181071997
v -0.0247680005 0.0189479999 0.208829001
v 0.0133499997 -0.0940349996 0.196651995
v 0.017949 -0.0274739992 0.172221005
v 0.0179810002 -0.0250889994 0.174394995
v 0.0184700005 -0.0246469993 0.178221002
v 0.0145169999 -0.0318429992 0.148168996
v 0.0184540004 -0.0297820009 0.181639999
v 0.00885100011 -0.0942590013 0.197671995
v 0.0149060003 -0.0312419999 0.152720004
v 0.0145629998 -0.0279300008 0.149233997
v 0.0140049998 -0.022473 0.145206004
v 0.015164 -0.0257399995 0.154652998
v 0.0150420005 -0.0225590002 0.152599007
v 0.01932 -0.0397449993 0.190758005
v 0.0156020001 -0.0220769998 0.157282993
v 0.0161569994 -0.0221919995 0.161408007
v 0.0157060008 -0.0224430002 0.155772001
v -0.0381629989 0.0238359999 0.209349006
v 0.0147759998 -0.0182789993 0.149717003
v 0.0150520001 -0.0202430002 0.153302997
v -0.0237680003 0.00110999995 0.209847003
v 0.0143109998 -0.0150830001 0.148010999
v 0.0195790008 -0.0314569995 0.189026996
v 0.0147139998 -0.0135810003 0.149756998
v 0.0149980001 -0.0219349992 0.154627994
v 0.015048 -0.0171060003 0.154115006
v 0.0155959995 -0.0175560005 0.155057997
v 0.0192620009 -0.0290619992 0.187031999
v 0.0152850002 -0.0158009995 0.153796002
v -0.0168520007 0.00590300001 0.209650993
v 0.0154100005 -0.0130270002 0.155229002
v 0.0172990002 -0.0210500006 0.168938994
v 0.0165090002 -0.0236489996 0.164287999
v 0.0166820008 -0.0280399993 0.164967999
v -0.0469419993 -0.0708409995 0.165460005
v 0.0173599999 -0.0255510006 0.169459
v 0.0174380001 -0.0257520005 0.170906007
v -0.0182259995 0.00694799982 0.208623007
v -0.0470909998 -0.0614739992 0.170537993
v -0.0172809996 0.00880800001 0.209665999
v 0.0164390001 -0.011562 0.163415998
v 0.0171670001 -0.0135009997 0.168044001
v 0.0156469997 -0.00882699993 0.155362993
v -0.0234990008 0.0140629997 0.209822997
v 0.0169319995 -0.00984300021 0.165682003
v 0.0180329997 -0.0118209999 0.171930999
v 0.0177149996 -0.00956800021 0.170514002
v 0.0117950002 -0.0292959996 0.208926007
v 0.0189299993 -0.0132649997 0.180802003
v 0.0182649996 -0.00677999994 0.174193993
v 0.0120860003 -0.014893 0.208972007
v 0.0028299999 -0.00982599985 0.209205002
v 0.01994 -0.0272809993 0.189008996
v 0.0189570002 -0.0228569992 0.196464002
v 0.0196800008 -0.0227569994 0.189861
v 0.0175989997 -0.0281579997 0.201915994
v 0.0164020006 -0.0292889997 0.203660995
v 0.0139380004 -0.0294170007 0.208183005
v 0.0139380004 -0.0294170007 0.208183005
v 0.0187410004 -0.022225 0.199148998
v 0.0138870003 -0.0211909991 0.208599001
v 0.0171429999 -0.0167500004 0.202645004
v 0.0138870003 -0.0211909991 0.208599001
v 0.0192280002 -0.0225639995 0.184671998
v 0.0142299999 -0.00641999999 0.208384007
v 0.0142299999 -0.00641999999 0.208384007
v 0.0168009996 -0.00585199986 0.203546003
v 0.0198420007 -0.0138189998 0.189447001
v 0.0197010003 -0.0129530001 0.185052007
v 0.0189999994 -0.00717899995 0.199274004
v 0.0177859999 -0.00456500007 0.202270001
v 0.0188989993 0.002507 0.200087994
v 0.0193879995 -0.00667099981 0.195952997
v 0.0189529993 -0.00706500001 0.179538995
v 0.0194140002 -0.00861600041 0.183250993
v 0.0203099996 -0.00753200008 0.188923001
v 0.0201609991 -0.00417400012 0.188096002
v 0.0199950002 -0.00310000009 0.190629005
v 0.0122830002 0.0178420004 0.208719999
v -0.0456009991 -0.0659359992 0.209312007
v -0.044050999 -0.0809929967 0.209527001
v 0.0145530002 0.0148390001 0.208180994
v 0.0145530002 0.0148390001 0.208180994
v -0.0454810001 0.0652170032 0.100479998
v -0.0452420004 0.0620680004 0.102913998
v -0.0456539989 0.0650160015 0.106137
v -0.0442930013 0.0663710013 0.0995519981
v -0.0454090014 0.0658119991 0.109491996
v -0.0407890007 0.0663650036 0.113127001
v -0.0409229994 0.0663800016 0.0975359976
v -0.039131999 0.0668969974 0.099379003
v -0.044298999 0.0663300008 0.111643001
v -0.0392140001 0.0668520033 0.113183998
v -0.0456900001 0.0645269975 0.118772998
v -0.0446450002 0.0662449971 0.126433998
v -0.0477520004 0.0171189997 0.100869
v -0.0468060002 0.0428210013 0.138362005
v -0.0462159999 0.0524340011 0.120950997
v -0.0473430008 0.027648 0.128748998
v -0.0461429991 0.0646940023 0.173805997
v -0.0464700013 0.0521739982 0.170334995
v -0.0465920009 0.0498970002 0.178668007
v -0.0456430018 0.0608090013 0.106347002
v -0.0463729985 0.057932999 0.186052993
v -0.0457810014 0.0652460009 0.133762002
v -0.0213600006 0.0660469979 0.0885140002
v -0.0373249985 0.0663589984 0.0857769996
v -0.0370980017 0.0661469996 0.0879700035
v -0.0468299985 0.0380069986 0.180032998
v -0.047022 0.0350570008 0.105651997
v -0.00857399963 0.0659789965 0.128337994
v -0.0369490013 0.0662249997 0.102439001
v -0.0466750003 0.0464150012 0.191165
v -0.0122699998 0.0659219995 0.089530997
v -0.0406810008 0.0664369985 0.122387998
v -0.0413569994 0.0663499981 0.134427994
v -0.044718001 0.0662660003 0.142825007
v -0.0393630005 0.0667240024 0.136809006
v -0.0392870009 0.0667930022 0.125459
v -0.0379760005 0.0662849993 0.133380994
v -0.0372680016 0.0662579983 0.137865007
v -0.0393019989 0.0667959973 0.119038999
v -0.0378639996 0.066271998 0.116159998
v -0.0463039987 0.0383369997 0.203091994
v -0.0467670001 0.0343879983 0.195292994
v -0.0380420014 0.066242002 0.125652
v -0.0465169996 0.0458169989 0.202888995
v -0.0287989993 0.0662799999 0.133378997
v -0.0447929986 0.0351050012 0.209441006
v -0.0277500004 0.0661659986 0.137190998
v -0.0375519991 0.0311929993 0.209268004
v -0.0123140002 0.0661119968 0.134926006
v -0.0447059982 0.044741001 0.208800003
v -0.0440060012 0.0463210009 0.209362
v -0.0071109999 0.0659679994 0.132985994
v 0.00649099983 0.0655540004 0.106623001
v -0.00403699977 0.0657960027 0.137593001
v -0.0196829997 0.0660220012 0.146229997
v -0.0136559997 0.0660249963 0.143675998
v -0.00917300023 0.0657019988 0.146516994
v -0.0459919982 0.0647199973 0.156826004
v 0.00768300006 0.0653949976 0.121334001
v -0.0464069992 0.0513460003 0.203696996
v -0.0445780009 0.0569229983 0.208802
v -0.0458029993 0.0653270036 0.141971007
v -0.039673999 0.0666259974 0.143110007
v 0.00787699968 0.065471001 0.128138006
v -0.0461350009 0.0650859997 0.192910001
v -0.0460710004 0.0574220009 0.205300003
v -0.0457689986 0.0658150017 0.148064002
v -0.0418700017 0.0662589967 0.148242995
v -0.0458160006 0.064071998 0.203565001
v -0.0383149981 0.0662709996 0.144316003
v -0.0463839993 0.0535270013 0.161219999
v -0.0252730008 0.066076003 0.147716001
v -0.0460989997 0.0652249977 0.163571
v -0.045361001 0.0661659986 0.158433005
v -0.0390250012 0.0661559999 0.159281
v -0.044946 0.0662399977 0.155048996
v -0.042456001 0.0660620034 0.159307003
v -0.0449220017 0.0662890002 0.166590005
v -0.0335819982 0.0653550029 0.159187004
v -0.0418290012 0.0656860024 0.168997005
v -0.0324629992 0.0653100014 0.162612006
v -0.0452819988 0.0661699995 0.172229007
v -0.0363150015 0.0649570003 0.176990002
v -0.0470670015 0.0291869994 0.159670994
v -0.0461959988 0.0651220009 0.179855004
v -0.029507 0.0659980029 0.151357993
v -0.0453680009 0.0660210028 0.185767993
v -0.043926999 0.0660120025 0.178714007
v -0.0261569992 0.0654219985 0.150199994
v -0.0237339996 0.0658880025 0.150933996
v -0.0288200006 0.0656569973 0.153889999
v -0.0304589998 0.0657399967 0.160956994
v -0.0303520001 0.064962998 0.166713998
v -0.0291489996 0.0651369989 0.161829993
v -0.0232640002 0.0655990019 0.155374005
v -0.0287909992 0.0643979982 0.164401993
v -0.0227160007 0.0646340027 0.162834004
v -0.0329440013 0.0646710023 0.174274996
v -0.0241730008 0.0658089966 0.158732995
v -0.0272020008 0.0647590011 0.166359007
v -0.0270300005 0.0641350001 0.173695996
v -0.0205070004 0.065305002 0.158274993
v -0.0226419996 0.0650879964 0.160373002
v -0.0174690001 0.0645219982 0.163798004
v -0.0111819999 0.0649340004 0.159370005
v -0.0129899997 0.0654440001 0.158151001
v -0.04586 0.0559279993 0.0872170031
v -0.0249729995 0.0660770014 0.145603001
v -0.0188549999 0.0633260012 0.177705005
v -0.0459869988 0.0584409982 0.0893440023
v -0.0237509999 0.063643001 0.178379998
v -0.0455689989 0.0564180017 0.0742599964
v -0.0394590013 0.0654119998 0.180344
v -0.0387069993 0.0657249987 0.181442007
v -0.0456149988 0.0596279986 0.0801609978
v -0.0295439996 0.0640959963 0.178911999
v -0.0323619992 0.0649340004 0.180972993
v -0.0356969982 0.0646599978 0.180168003
v -0.0352130011 0.0641890019 0.187334001
v -0.0131930001 0.0655929968 0.146410003
v -0.0292249992 0.0634500012 0.183998004
v -0.0258140005 0.0642340034 0.181132004
v -0.0308010001 0.0640740022 0.185098007
v -0.013146 0.065857999 0.148231998
v -0.0257900003 0.063786 0.183015004
v -0.0454379991 0.0653219968 0.0866189972
v -0.0391159989 0.0667940006 0.0773409978
v -0.0243769996 0.0637610033 0.179749995
v -0.011926 0.065214999 0.155919999
v -0.0443690009 0.0663710013 0.0864299983
v -0.020335 0.0626740009 0.183706999
v -0.0245389994 0.0639880002 0.185298994
v -0.0458719991 0.0614710003 0.0862509981
v -0.0400919989 0.0653330013 0.187821999
v 0.00889000017 0.0651680008 0.089383997
v -0.042059999 0.0656389967 0.192579001
v 0.00879700016 0.0651179999 0.095069997
v -0.0385779999 0.0659030005 0.190969005
v -0.036855001 0.0651419982 0.191668004
v -0.039113 0.0667930022 0.0835170001
v -0.0407060012 0.0663980022 0.0839599967
v -0.0259789992 0.063680999 0.185480997
v -0.0336260013 0.0647799969 0.188743994
v -0.0280099995 0.0638680011 0.187517002
v -0.0223469995 0.0631150007 0.187803999
v -0.0392509997 0.0668290034 0.0928089991
v -0.0316380002 0.0648489967 0.192386001
v -0.0296369996 0.0639889985 0.190154001
v -0.0260710008 0.0650449991 0.192865998
v -0.0294519998 0.0662999973 0.197075993
v -0.0274589993 0.0660189986 0.197451994
v -0.0446819998 0.0662700012 0.195087999
v -0.0401620008 0.0660030022 0.193129003
v -0.0397490002 0.066076003 0.195878997
v -0.0462200008 0.0650279969 0.199637994
v -0.0454230011 0.0659890026 0.201251
v -0.0388399996 0.0668139979 0.199763
v -0.0445289984 0.0662610009 0.205919996
v -0.0354919992 0.0658999979 0.195186004
v -0.0246450007 0.0654390007 0.195782006
v -0.0310050007 0.0678440034 0.204941005
v -0.0212430004 0.0675470009 0.204350993
v -0.0453270003 0.065504998 0.0948380008
v -0.0452940017 0.0638369992 0.0984179974
v -0.0436960012 0.062605001 0.209156007
v -0.0458480008 0.0621969998 0.206827
v -0.0452309996 0.0649660006 0.208257005
v -0.0448339991 0.0656069964 0.208665997
v -0.0382950008 0.0631209984 0.208908007
v -0.0389349982 0.0645129979 0.207587004
v -0.0428050011 0.0664139986 0.208064005
v -0.0361189991 0.0567860007 0.208968997
v -0.0387100019 0.0676639974 0.206229001
v -0.0357900001 0.0673609972 0.203963995
v -0.0422950014 0.0671119988 0.207535997
v -0.0428050011 0.0664139986 0.208064005
v -0.0320469998 0.0675079972 0.206067994
v -0.0344699994 0.065952003 0.207424998
v -0.0344699994 0.065952003 0.207424998
v 0.0196119994 0.0295749996 0.199797004
v 0.0177180003 0.0272519998 0.203126997
v 0.0182029996 0.0169920009 0.202092007
v 0.0142879998 -0.00985599961 0.115268998
v 0.0195390005 0.0218400005 0.199015006
v 0.0205729995 0.0301520005 0.193361998
v 0.0200069994 0.0326289982 0.196853995
v 0.0165630002 0.0561200008 0.164533004
v 0.0181440003 0.0480500013 0.173094004
v 0.0170770008 0.0488450006 0.166143
v 0.0151270004 0.00297100004 0.153087005
v 0.0151359998 -0.00128500001 0.153548002
v 0.0148710003 -0.0044069998 0.151356995
v 0.0152099999 0.0635650009 0.170377001
v 0.0151869999 0.0625429973 0.177166998
v 0.0182840005 0.0478660017 0.177560002
v 0.0174780004 0.0464630015 0.172058001
v 0.0154170003 0.00629899977 0.154783994
v 0.0149680004 0.00988399982 0.151636004
v 0.0191270001 0.0373170003 0.201931998
v 0.0158019997 0.00296499999 0.154795006
v 0.0147580002 0.0269639995 0.208299994
v 0.0166330002 0.0184710007 0.204800993
v 0.0153130004 0.0101920003 0.154615998
v 0.0133079998 -0.0142909996 0.124277003
v 0.0157629997 0.00490899989 0.157454997
v 0.0156750008 0.0122039998 0.155957997
v -0.0044379998 0.0653339997 0.154231995
v -0.000987999956 0.0651270002 0.146366
v 0.000213000007 0.065605998 0.144997001
v 0.0142259998 0.0114500001 0.145765007
v 0.0151730003 0.0130179999 0.153138995
v -0.00384699996 0.0655589998 0.147854999
v 0.00181199994 0.0654719993 0.147576004
v 0.0150870001 0.0223919991 0.152199998
v -0.00651000021 0.0652720034 0.156584993
v 0.0199459996 0.042975001 0.196526006
v 0.0205630008 0.0394669995 0.194578007
v 0.0178270005 0.0459449999 0.204212993
v 0.0146089997 -0.00827500038 0.114505999
v 0.0161710009 0.0149800004 0.161000997
v 0.00219999999 0.0650819987 0.155226007
v -0.00296800002 0.0657309964 0.156617999
v 0.0157639999 0.0203259997 0.156904995
v 0.0131489998 0.0650679991 0.153091997
v 0.0088539999 0.0653249994 0.146877006
v 0.0140159996 0.0298759993 0.141716003
v 0.0134589998 -0.0022150001 0.124766998
v -0.00171500002 0.0650409982 0.157557994
v 0.00128900004 0.0643040016 0.158650994
v 0.01449 0.0337570012 0.147174999
v 0.014459 0.000440000003 0.116439998
v 0.00212599989 0.0644010007 0.163819
v -0.00567199988 0.0643609986 0.161353007
v -8.49999997e-05 0.0645919964 0.160683006
v -0.0126160001 0.0643920004 0.163744003
v 0.0154290004 0.0235520005 0.155260995
v 0.0153609999 0.0293930005 0.154412001
v 0.00603900012 0.0328239985 0.208853006
v 0.0157529991 0.0308049992 0.159933001
v 0.015528 0.0312440004 0.155421004
v 0.0170910005 0.0209619999 0.165030003
v 0.0171009991 0.0288449991 0.165418997
v 0.0164100006 0.0324749984 0.161261007
v 0.0153569998 0.0639220029 0.156800002
v 0.0154060004 0.0537299998 0.155785993
v 0.0147399995 0.0529870018 0.146750003
v 0.0164679997 0.0305780005 0.161928996
v 0.0125839999 0.0440090001 0.208476007
v 0.0147580002 0.0269639995 0.208299994
v 0.0179730002 0.030243 0.166991994
v 0.0177410003 0.0324489996 0.169649005
v 0.0151819997 -0.0106429998 0.153882995
v 0.0145850005 0.0643439963 0.170883
v 0.0147169996 0.0646630004 0.154188007
v 0.0152099999 -0.00386899989 0.154847994
v 0.0167740006 -0.00453499984 0.164394006
v 0.0152759999 0.063538 0.159907997
v 0.0152759999 0.063538 0.159907997
v 0.0153569998 0.0639220029 0.156800002
v 0.0156900007 -0.00266400003 0.155435994
v 0.0135319997 0.00213399995 0.137854993
v 0.0135270003 0.000448000006 0.127223998
v 0.0107009998 0.064067997 0.172783002
v 0.0152099999 0.0635650009 0.170377001
v 0.0150509998 0.0452219993 0.208075002
v 0.0150509998 0.0452219993 0.208075002
v 0.0173589997 -0.00364200003 0.168054998
v 0.0136599997 0.0643810034 0.181363001
v 0.0178319998 -0.0031979999 0.171391994
v 0.0179079995 -0.00202800008 0.171610996
v 0.0197609998 0.0362530015 0.181435004
v 0.0185059998 0.0362569988 0.173371002
v 0.0177960005 0.0371299982 0.169001997
v 0.0183559991 -0.0050280001 0.176042005
v 0.0185209997 0.0453820005 0.175861001
v 0.020126 0.0368359983 0.186453998
v 0.0168340001 0.00704000005 0.164136007
v 0.01743 0.0454320014 0.169455007
v 0.0165410005 0.0122790001 0.162756994
v 0.0157680009 0.0632449985 0.0911870003
v 0.0178939998 0.00814700034 0.168981999
v 0.0149529995 0.0651390031 0.0899289995
v 0.00995200034 0.065361999 0.0938939974
v 0.014122 0.0653029978 0.0941649973
v 0.0174770001 0.0102359997 0.169477001
v 0.0180929992 0.0130500002 0.171362996
v 0.014277 0.0156340003 0.120424002
v 0.0154480003 0.0641399994 0.100341
v 0.0162029993 0.0579160005 0.0951360017
v -0.0102469996 0.0629590005 0.177539006
v 0.0178750008 0.0181830004 0.170551002
v 0.00868599955 0.0650319979 0.100823998
v 0.00961100031 0.0653719977 0.105057999
v 0.0154480003 0.0641399994 0.100341
v 0.014459 0.0652180016 0.101504996
v 0.0136360005 0.0144260004 0.127972007
v 0.00258499989 0.0632449985 0.176827997
v 0.0198480003 -0.00181100005 0.186237007
v 0.0153529998 0.0641840026 0.107028
v 0.0195920002 0.00145700003 0.183235005
v 0.0145370001 0.0652910024 0.107575998
v 0.0199020002 0.00107799994 0.187223002
v -0.00730900001 0.0628079996 0.178461999
v -0.000524999981 0.0628269985 0.178314999
v 0.0153259998 0.0639970005 0.114597999
v -0.002997 0.0627179965 0.179950997
v 0.000262999994 0.0630789995 0.181348994
v 0.0137670003 0.0172470007 0.126710996
v 0.0183460005 0.0109869996 0.174676001
v -0.0231839996 0.0253800005 0.209783003
v -0.0250320006 0.0246719997 0.208779007
v -0.00868100021 0.0630099997 0.179823995
v 0.0188299995 0.0100069996 0.176147997
v -0.0158590004 0.0628999993 0.181194007
v 0.0137059996 0.0155029995 0.130927995
v 0.0150220003 0.0269809999 0.113954999
v 0.0196839999 0.0111440001 0.182999998
v -0.00920499954 0.0625709966 0.181488007
v -0.0169750005 0.0631690025 0.186222002
v -0.0198759995 0.0630109981 0.186645001
v 0.0202229992 0.00292099989 0.189237997
v -0.0156330001 0.0625670031 0.187231004
v -0.0120900003 0.0621410012 0.184575006
v -0.0248729996 0.0336740017 0.208758995
v -0.0247169994 0.0401629992 0.208738998
v -0.00162 0.0619970001 0.187029004
v -0.0103740003 0.0626360029 0.187957004
v -0.00775900017 0.0618980005 0.187349007
v 0.0203959998 0.0122440001 0.191412002
v 0.0203380007 0.0130759999 0.187310994
v -0.0232590009 0.0336269997 0.209684998
v -0.000391000009 0.0621270016 0.190059006
v 0.0182799995 0.0205729995 0.172159001
v -0.0230269991 0.0387610011 0.209636003
v 0.00498200022 0.0631140023 0.178841993
v 0.00454600016 0.0628309995 0.183612004
v 0.00701100007 0.0633959994 0.179483995
v 0.0184669998 0.0238269996 0.173785999
v -0.0159230009 0.0367599986 0.209473997
v 0.0169479996 0.0528700016 0.184273005
v 0.0180590004 0.047474999 0.186584994
v 0.0143999998 -0.00849399995 0.147320002
v -0.0109489998 0.0304879993 0.209371999
v 0.0148740001 0.0632510036 0.181194007
v 0.0180360004 0.0285470001 0.171269
v 0.0182300005 0.0303690005 0.175964996
v 0.0188100003 0.0325290002 0.175378993
v 0.0195199996 0.0217899997 0.180966005
v 0.0164749995 0.0535899997 0.191894993
v 0.00147999998 0.0625939965 0.181600004
v 0.00131099997 0.0619499981 0.188124999
v 0.00441200007 0.0621530004 0.190862998
v 0.0204210002 0.0212060008 0.191385999
v 0.0200769994 0.0314229988 0.185571998
v 0.00926900003 0.0631989986 0.190023005
v 0.00584300002 0.0634609982 0.185590997
v 0.020521 0.0202890001 0.190696001
v 0.00302299997 0.0621530004 0.191881001
v 0.00596700003 0.0632459968 0.189880997
v 0.00615399983 0.0622269996 0.192717999
v 0.0203850009 0.0307369996 0.188354999
v 0.0170719996 0.0513850003 0.189925
v 0.0148369996 0.0600569993 0.193387002
v 0.0146380002 0.0630370006 0.194094002
v 0.0140840001 0.0346259996 0.139755994
v 0.0140150003 0.0355420001 0.136004001
v 0.00949999969 0.0617640018 0.192952007
v 0.0106739998 0.0621029995 0.193748996
v 0.0111229997 0.0637089983 0.190038994
v -0.0249729995 0.0503589995 0.208691999
v 0.0134389997 0.0639950037 0.192072004
v 0.0152620003 0.0405430011 0.153420001
v 0.0147439996 0.0458230004 0.149514005
v 0.0140490001 0.0392489992 0.133013994
v 0.01664 0.0606720001 0.196848005
v 0.0163540002 0.0569600016 0.195789993
v -0.0228279997 0.0461869985 0.209511995
v 0.0156199997 0.0364679992 0.156011999
v -0.0242640004 0.0598459989 0.208866999
v -0.0231509991 0.0572579987 0.209606007
v 0.0139260003 0.0326570012 0.129668996
v 0.014467 0.0309130009 0.119474001
v 0.0169380009 0.0365349986 0.163242996
v 0.0104940003 0.0639059991 0.182780996
v 0.0158879999 0.0430710018 0.156192005
v 0.0153599996 0.0465190001 0.154817
v -0.0211260002 0.0600400008 0.209502995
v 0.0145850005 0.0643439963 0.170883
v 0.0148940003 0.0637829974 0.177530006
v 0.0148940003 0.0637829974 0.177530006
v 0.0136599997 0.0643810034 0.181363001
v 0.0152869998 0.0459039994 0.15738
v 0.0134389997 0.0639950037 0.192072004
v 0.00604799995 0.065591 0.136634007
v 0.00822899956 0.0651400015 0.136053994
v -0.0204659998 0.0638720021 0.190825999
v 0.0148339998 0.0602350011 0.137462005
v 0.0147980005 0.0581459999 0.124614
v 0.0149830002 0.0644299984 0.131955996
v -0.0177800003 0.0650189966 0.194968
v -0.0163250007 0.0642059967 0.191416994
v 0.0112880003 0.0654980019 0.13301
v 0.0140399998 0.0655200034 0.125984997
v 0.0138140004 0.0654510036 0.135364994
v 0.0149830002 0.0644299984 0.131955996
v -0.0177660007 0.0635700002 0.189931005
v -0.00523399981 0.0549030006 0.209065005
v -0.0159009993 0.0645070001 0.193884
v 0.0143020004 0.065252997 0.141905993
v 0.0150859999 0.0641020015 0.144536003
v -0.0208320003 0.0655220002 0.195277005
v -0.017027 0.0656900033 0.197449997
v -0.00957299955 0.0652249977 0.197366998
v -0.0119420001 0.0635119975 0.191734999
v -0.00237299991 0.0641880035 0.196079001
v 0.00901100039 0.0623360015 0.208513007
v 0.0079239998 0.0652199984 0.145371005
v 0.0197139997 0.0128610004 0.196568996
v 0.0194690004 0.0147150001 0.199333996
v 0.00938900001 0.0653899983 0.139212996
v -0.00624899985 0.0658800006 0.200145006
v -0.00652399985 0.0653690025 0.198521003
v -0.0236850008 0.0661989972 0.198035002
v -0.0169159994 0.0663800016 0.200682998
v 0.0150859999 0.0641020015 0.144536003
v -0.00363299996 0.0631589964 0.207490996
v -0.0197650008 0.0617659986 0.207450002
v -0.00351099996 0.0616829991 0.208986998
v -0.0130420001 0.0655139983 0.207381994
v -0.0219689999 0.0629089996 0.207415
v -0.0199229997 0.0672710016 0.205814004
v -0.0205039997 0.0655340031 0.207421005
v -0.0130420001 0.0655139983 0.207381994
v 0.0147299999 0.0363049991 0.118166998
v 0.0138870003 0.0652410015 0.147026002
v -0.0131580001 0.0657640025 0.198522002
v 0.0166359991 0.0442069992 0.163076997
v -0.00705499994 0.0673779994 0.204569995
v -0.00855499972 0.0669580027 0.205834001
v -0.00207299995 0.0653159991 0.207426995
v 0.000853999984 0.0638459995 0.194959
v 0.0204860009 0.0333410017 0.188134
v 0.0172039997 0.0477910005 0.166903004
v 0.00551099982 0.0638860017 0.196683004
v 0.020304 0.0364729986 0.188618004
v -0.00346400007 0.0651969984 0.198280007
v 0.00123399997 0.0654280037 0.200547993
v 0.00156100001 0.0647410005 0.198226005
v 0.00910300016 0.0651699975 0.202998996
v 0.0180939995 0.0461230017 0.181227997
v 0.00848099962 0.0632449985 0.195490003
v 0.0122929998 0.0628589988 0.196107
v 0.0145990001 0.0637470037 0.199061006
v 0.0143830003 0.063300997 0.196467996
v 0.0143830003 0.063300997 0.196467996
v 0.0158569999 0.0623279996 0.197630003
v 0.0145990001 0.0637470037 0.199061006
v 0.0131320003 0.0645209998 0.204701006
v 0.0147930002 0.0634609982 0.204435006
v 0.0131320003 0.0645209998 0.204701006
v 0.0088759996 0.0652640015 0.206314996
v 0.0155950002 0.0429450013 0.109105997
v 0.0153529998 0.0641840026 0.107028
v 0.0152960001 0.0599760003 0.115309
v -0.00497600017 0.0669960007 0.204696
v -0.00207299995 0.0653159991 0.207426995
v 0.00288300007 0.0665220022 0.205381006
v 0.00742000015 0.0634090006 0.207507998
v 0.0112290001 0.0647620037 0.207362995
v 0.0135209998 0.063033998 0.208031997
v 0.0112290001 0.0647620037 0.207362995
v 0.0149999997 0.0647609979 0.206531003
v 0.0186349992 0.0450300016 0.190475002
v 0.0143010002 0.0413659997 0.126780003
v 0.0184899997 0.0460859984 0.187915996
v 0.0170249995 0.0517860018 0.192975
v 0.0198689997 0.0459400006 0.198131993
v 0.0185679998 0.0525600016 0.198073
v 0.0190999992 0.0497279987 0.202209994
v 0.0176940002 0.0526579991 0.196545005
v 0.0191389993 0.0516059995 0.199011996
v 0.0177519992 0.0575970002 0.198519006
v 0.0184380002 0.0535279997 0.204357997
v 0.0182440002 0.0559730008 0.203195006
v 0.00898700021 0.0652960017 0.114024997
v 0.0143609997 0.0652500018 0.113858998
v 0.015191 0.0551460013 0.207936004
v 0.015191 0.0551460013 0.207936004
v 0.0153259998 0.0639970005 0.114597999
v 0.0164659992 0.0604319982 0.204441994
v 0.0170729998 0.0585220009 0.205921993
v 0.0153050004 0.0639170036 0.207561001
v 0.0149999997 0.0647609979 0.206531003
v 0.0153050004 0.0639170036 0.207561001
v 0.0147930002 0.0634609982 0.204435006
v 0.0153050004 0.0639170036 0.207561001
v -0.0237039998 0.0615510009 0.208899006
v -0.0205039997 0.0655340031 0.207421005
v 0.0148780001 0.0647620037 0.122088999
v 0.0148780001 0.0647620037 0.122088999
vt 0.501260996 0.094817996
vt 0.504933 0.0766569972
vt 0.504832983 0.0933790207
vt 0.492998004 0.0716919899
vt 0.501794994 0.0715879798
vt 0.503794014 0.317869008
vt 0.534801006 0.337751985
vt 0.511560023 0.348150015
vt 0.464087009 0.160911024
vt 0.427729994 0.165601015
vt 0.431194007 0.157666028
vt 0.448071003 0.199535012
vt 0.487397999 0.194410026
vt 0.497530997 0.261102974
vt 0.497860998 0.0697730184
vt 0.48943001 0.0744869709
vt 0.49109 0.0691360235
vt 0.455888987 0.267983973
vt 0.495604008 0.0682259798
vt 0.494652003 0.0401409864
vt 0.505001009 0.0520889759
vt 0.445905 0.267701983
vt 0.489134014 0.0540069938
vt 0.456627011 0.345148981
vt 0.448989004 0.276519001
vt 0.498881012 0.331794977
vt 0.417638004 0.162863016
vt 0.415170997 0.154350996
vt 0.426761001 0.151166022
vt 0.418249011 0.147427022
vt 0.418457001 0.168323994
vt 0.430496007 0.170413971
vt 0.42920801 0.235457003
vt 0.47113201 0.0578680038
vt 0.476301014 0.0797839761
vt 0.419160008 0.175773978
vt 0.486972988 0.0571609735
vt 0.498908013 0.35582602
vt 0.505231977 0.352010012
vt 0.500862002 0.365103006
vt 0.499361008 0.341201007
vt 0.479057997 0.184145987
vt 0.441240013 0.195169985
vt 0.436708003 0.190737009
vt 0.460521996 0.0536450148
vt 0.412102014 0.194617987
vt 0.498167008 0.383073986
vt 0.465555012 0.0387809873
vt 0.405393004 0.199364007
vt 0.388568014 0.205205977
vt 0.411080003 0.190667987
vt 0.524962008 0.37658602
vt 0.50534302 0.381049991
vt 0.471614003 0.145953
vt 0.499146014 0.145133972
vt 0.498560995 0.149065018
vt 0.484746009 0.153356016
vt 0.494639009 0.141988993
vt 0.396061003 0.177731991
vt 0.502202988 0.381401002
vt 0.452046007 0.139056981
vt 0.533868015 0.390825987
vt 0.494058996 0.155287027
vt 0.485029012 0.16733098
vt 0.397745013 0.197368026
vt 0.412499994 0.251989007
vt 0.390150994 0.189226985
vt 0.389780998 0.169162989
vt 0.457502991 0.153146029
vt 0.460640013 0.157212019
vt 0.36302501 0.160176992
vt 0.366609007 0.146499991
vt 0.498003006 0.283556998
vt 0.503822982 0.263370991
vt 0.503691971 0.290422976
vt 0.440198004 0.386039972
vt 0.498905003 0.315311015
vt 0.457644999 0.166040003
vt 0.466746986 0.170437992
vt 0.359791011 0.139940977
vt 0.396508008 0.142275989
vt 0.440120012 0.343082011
vt 0.437763989 0.307510018
vt 0.356602013 0.15298003
vt 0.481471986 0.188839972
vt 0.404823989 0.131160975
vt 0.503530025 0.127147973
vt 0.502722979 0.14516902
vt 0.507785022 0.304547012
vt 0.496802002 0.116985977
vt 0.493618011 0.11549598
vt 0.503282011 0.145976007
vt 0.502313972 0.149922013
vt 0.502224982 0.154295981
vt 0.511708021 0.257095993
vt 0.35413301 0.176114976
vt 0.366273999 0.189285994
vt 0.532549024 0.292472005
vt 0.524884999 0.262210011
vt 0.520729005 0.146167994
vt 0.530246973 0.154241979
vt 0.424364001 0.350896001
vt 0.507978976 0.167684972
vt 0.500476003 0.111589015
vt 0.50444299 0.110853016
vt 0.536674023 0.146551013
vt 0.553143978 0.146965981
vt 0.350335985 0.168150008
vt 0.405487001 0.313642025
vt 0.405371994 0.347212017
vt 0.562767029 0.166927993
vt 0.551750004 0.181002975
vt 0.459710002 0.122201025
vt 0.488162994 0.103630006
vt 0.465649009 0.101505995
vt 0.447524011 0.134223998
vt 0.438255996 0.101496994
vt 0.559904993 0.307920992
vt 0.495166004 0.175670028
vt 0.504293025 0.174062014
vt 0.501348019 0.175266027
vt 0.45402199 0.419974983
vt 0.442941993 0.0798630118
vt 0.502361 0.186671019
vt 0.499101996 0.411767006
vt 0.427091986 0.270253003
vt 0.423864007 0.0819270015
vt 0.429572999 0.276156008
vt 0.409153998 0.114286005
vt 0.424589008 0.425463021
vt 0.460213989 0.0653529763
vt 0.447358012 0.0749149919
vt 0.570680022 0.146710992
vt 0.408793002 0.281830013
vt 0.403847009 0.356837988
vt 0.44502601 0.0679290295
vt 0.593396008 0.147439003
vt 0.451896012 0.0572869778
vt 0.436022013 0.0576999784
vt 0.430849999 0.0784260035
vt 0.409240007 0.212068975
vt 0.567312002 0.181769013
vt 0.385513008 0.423734009
vt 0.594722986 0.184738994
vt 0.44223401 0.0524860024
vt 0.431910008 0.039748013
vt 0.357966989 0.215265989
vt 0.538700998 0.204617977
vt 0.409195989 0.0695660114
vt 0.413125008 0.0888199806
vt 0.392190993 0.243925989
vt 0.566866994 0.228365004
vt 0.407079995 0.0995349884
vt 0.503390014 0.218177974
vt 0.496670008 0.196959019
vt 0.396795005 0.0864160061
vt 0.497568995 0.220901012
vt 0.490397006 0.193087995
vt 0.494367987 0.217719972
vt 0.370902002 0.199992001
vt 0.502668023 0.244594991
vt 0.381410003 0.100866973
vt 0.35077399 0.32604301
vt 0.321741998 0.269171
vt 0.364950001 0.269964993
vt 0.527291 0.223071992
vt 0.506974995 0.230448008
vt 0.398092985 0.120857
vt 0.339617014 0.210216999
vt 0.517558992 0.240096986
vt 0.347090006 0.192358971
vt 0.343131006 0.201413989
vt 0.387465 0.0575739741
vt 0.389454991 0.280497015
vt 0.357405007 0.233253002
vt 0.417140007 0.0625590086
vt 0.331209987 0.212852001
vt 0.413374007 0.0565919876
vt 0.427713007 0.0526499748
vt 0.330130011 0.227097988
vt 0.389997989 0.26988101
vt 0.374114007 0.254049003
vt 0.396824002 0.0531330109
vt 0.38579601 0.0342019796
vt 0.42316401 0.0198029876
vt 0.355870992 0.262130022
vt 0.50236398 0.406754017
vt 0.516094983 0.415394008
vt 0.504538 0.419381976
vt 0.499056011 0.423886001
vt 0.554058015 0.258857012
vt 0.439166009 0.145610988
vt 0.360877991 0.385447979
vt 0.401744008 0.272881985
vt 0.543789983 0.264900029
vt 0.559409022 0.266453028
vt 0.502905011 0.330844998
vt 0.504149973 0.341816008
vt 0.362107009 0.114293993
vt 0.305002004 0.327786982
vt 0.54735899 0.27659899
vt 0.557874978 0.281709015
vt 0.692712009 0.264392972
vt 0.684108973 0.241295993
vt 0.701261997 0.245279014
vt 0.686322987 0.193646014
vt 0.503862977 0.0140060186
vt 0.504818976 0.0383939743
vt 0.607791007 0.147605002
vt 0.632066011 0.146070004
vt 0.629333973 0.149955988
vt 0.636076987 0.376571
vt 0.637144029 0.394909024
vt 0.632273018 0.39042598
vt 0.646669984 0.38607198
vt 0.631156027 0.396450996
vt 0.629288971 0.15555203
vt 0.70766902 0.256902993
vt 0.627354026 0.400703013
vt 0.623210013 0.399402976
vt 0.500238001 0.0147749782
vt 0.696036994 0.199410975
vt 0.69836998 0.182511985
vt 0.636826992 0.347106993
vt 0.713572979 0.198301017
vt 0.706948996 0.211655021
vt 0.670397997 0.342782021
vt 0.713281989 0.183287024
vt 0.727380991 0.190994024
vt 0.633431971 0.151920974
vt 0.644415975 0.143752992
vt 0.636409998 0.145901978
vt 0.635953009 0.143332005
vt 0.728830993 0.184953988
vt 0.675691009 0.283550978
vt 0.710732996 0.311307013
vt 0.651395977 0.153703988
vt 0.492208004 0.0131949782
vt 0.732052028 0.265910983
vt 0.671868026 0.384672999
vt 0.688338995 0.365163028
vt 0.740804017 0.188243985
vt 0.721354008 0.20499903
vt 0.718300998 0.213738978
vt 0.64270699 0.154191017
vt 0.635555029 0.156217992
vt 0.631789029 0.167695999
vt 0.636070013 0.163830996
vt 0.462536007 0.0126860142
vt 0.713329017 0.248000026
vt 0.714942992 0.245501995
vt 0.648266971 0.160678029
vt 0.660147011 0.160589993
vt 0.726679981 0.209302008
vt 0.731338024 0.251474977
vt 0.739318013 0.247071028
vt 0.741061985 0.240656018
vt 0.744874001 0.209537983
vt 0.672226012 0.145594001
vt 0.674592018 0.143119991
vt 0.672281027 0.154492021
vt 0.743640006 0.224448025
vt 0.667276025 0.158887029
vt 0.763370991 0.240697026
vt 0.74199599 0.249629021
vt 0.69551003 0.145204008
vt 0.628543019 0.42543298
vt 0.605464995 0.440581024
vt 0.633994997 0.417825997
vt 0.669589996 0.400929987
vt 0.650445998 0.422101974
vt 0.640685022 0.423898995
vt 0.630775988 0.192641973
vt 0.635459006 0.435532987
vt 0.631084025 0.443615973
vt 0.639109015 0.435567021
vt 0.62510699 0.430854023
vt 0.664973021 0.327805996
vt 0.662003994 0.304000974
vt 0.634411991 0.178941011
vt 0.60651499 0.455495
vt 0.591844976 0.460411012
vt 0.627303004 0.446232975
vt 0.635311007 0.453799009
vt 0.632275999 0.481480002
vt 0.667613029 0.441820025
vt 0.62738198 0.216929018
vt 0.620658994 0.254936993
vt 0.537434995 0.436847985
vt 0.635839999 0.191496015
vt 0.637079 0.21053803
vt 0.632266998 0.215120018
vt 0.690086007 0.344675004
vt 0.682229996 0.432268023
vt 0.686347008 0.41733098
vt 0.574930012 0.431560993
vt 0.559533 0.456165016
vt 0.582612991 0.220911026
vt 0.715524018 0.406688988
vt 0.748758018 0.320047975
vt 0.583095014 0.247882009
vt 0.589922011 0.284640014
vt 0.707792997 0.439046025
vt 0.794086993 0.284135997
vt 0.725163996 0.36411202
vt 0.604718029 0.284865975
vt 0.632297993 0.234731019
vt 0.636653006 0.233455002
vt 0.65377897 0.241662979
vt 0.555665016 0.377802014
vt 0.589026988 0.360428989
vt 0.600647986 0.373405993
vt 0.635807991 0.253907979
vt 0.632346988 0.256940007
vt 0.63193202 0.267018974
vt 0.64793098 0.166153014
vt 0.625177979 0.269532979
vt 0.625977993 0.285618007
vt 0.67077601 0.163971007
vt 0.758102 0.347284973
vt 0.746936023 0.368457019
vt 0.676258981 0.161976993
vt 0.633708 0.282302976
vt 0.631842017 0.284099996
vt 0.635825992 0.289731026
vt 0.684158027 0.185561001
vt 0.632155001 0.353139997
vt 0.76859498 0.394711018
vt 0.660116017 0.205698013
vt 0.774357975 0.368793011
vt 0.676559985 0.208119988
vt 0.718890011 0.392350018
vt 0.578127027 0.41544503
vt 0.737394989 0.390453994
vt 0.755041003 0.393814981
vt 0.617915988 0.301952004
vt 0.440398008 0.0115240216
vt 0.747430027 0.399778008
vt 0.690280974 0.155768991
vt 0.739502013 0.419947982
vt 0.725785017 0.418070972
vt 0.702407002 0.159497976
vt 0.631160975 0.309849977
vt 0.63368398 0.308538973
vt 0.635562003 0.317789972
vt 0.708705008 0.172138989
vt 0.42701599 0.0103099942
vt 0.70875001 0.144267023
vt 0.729330003 0.154720008
vt 0.785620987 0.391529024
vt 0.412429988 0.0108460188
vt 0.726487994 0.144558012
vt 0.771053016 0.420302987
vt 0.78094703 0.400443971
vt 0.793069005 0.401228011
vt 0.732182026 0.172080994
vt 0.747105002 0.187578976
vt 0.720206976 0.43670702
vt 0.678600013 0.222326994
vt 0.672227025 0.249119997
vt 0.633014023 0.333460987
vt 0.632960021 0.321869016
vt 0.635990977 0.323652029
vt 0.101359002 0.189107001
vt 0.0819920003 0.18364501
vt 0.115657002 0.184369981
vt 0.291110992 0.282459974
vt 0.287232995 0.257332981
vt 0.903478026 0.170149982
vt 0.888441026 0.161123991
vt 0.905454993 0.163460016
vt 0.245358005 0.0271549821
vt 0.211728007 0.0237020254
vt 0.240070999 0.0103470087
vt 0.225762993 0.0105140209
vt 0.324059993 0.14724201
vt 0.343052 0.142901003
vt 0.0771600008 0.189028978
vt 0.0681110024 0.184345007
vt 0.292210996 0.303196013
vt 0.342898011 0.133279979
vt 0.206008002 0.0104680061
vt 0.912693977 0.143947005
vt 0.914902985 0.152981997
vt 0.899694026 0.14427501
vt 0.0703919977 0.193271995
vt 0.125299007 0.196690977
vt 0.929614007 0.143728018
vt 0.103656001 0.210950971
vt 0.133614004 0.210416973
vt 0.280205011 0.302145004
vt 0.283284009 0.273495972
vt 0.315001011 0.127753019
vt 0.29708299 0.140918016
vt 0.929470003 0.155803025
vt 0.927875996 0.160816014
vt 0.256081015 0.261819005
vt 0.0740970001 0.205762982
vt 0.216068998 0.0567119718
vt 0.204928994 0.0561419725
vt 0.178211004 0.0584970117
vt 0.194102004 0.0530660152
vt 0.197239995 0.0394390225
vt 0.212852001 0.0527769923
vt 0.181961998 0.0551549792
vt 0.278865993 0.113759995
vt 0.173932001 0.0543199778
vt 0.172674999 0.0378419757
vt 0.172151998 0.0582669973
vt 0.216564998 0.0364379883
vt 0.318354011 0.16346401
vt 0.198589996 0.0258389711
vt 0.336021006 0.170939982
vt 0.157376006 0.0414680243
vt 0.159045994 0.0626569986
vt 0.259411007 0.288392007
vt 0.187621996 0.0215719938
vt 0.159488007 0.0218669772
vt 0.154697001 0.0626019835
vt 0.153881997 0.0399119854
vt 0.318262011 0.171405971
vt 0.308770001 0.154989004
vt 0.292634994 0.146456003
vt 0.176003993 0.00920897722
vt 0.0517800003 0.155927002
vt 0.050884001 0.185073018
vt 0.282617986 0.151585996
vt 0.221227005 0.281903028
vt 0.042346999 0.174157977
vt 0.942158997 0.155887008
vt 0.933225989 0.165494025
vt 0.946473002 0.159506023
vt 0.939665973 0.153800011
vt 0.942354023 0.169889987
vt 0.954271972 0.167680025
vt 0.263897002 0.146569014
vt 0.265442997 0.139729023
vt 0.946051002 0.18404597
vt 0.922167003 0.177986026
vt 0.934980989 0.167540014
vt 0.929874003 0.179233015
vt 0.952045023 0.152116001
vt 0.968850017 0.147930026
vt 0.287176996 0.307938993
vt 0.969133973 0.152835011
vt 0.974424005 0.15625298
vt 0.958263993 0.163083971
vt 0.964501023 0.160263002
vt 0.254700989 0.313053012
vt 0.344911993 0.181290984
vt 0.258507997 0.301681995
vt 0.261076987 0.306806028
vt 0.963101029 0.178875029
vt 0.340853006 0.18977201
vt 0.323711008 0.180190027
vt 0.975086987 0.160836995
vt 0.966367006 0.182012975
vt 0.961889029 0.195602
vt 0.925377011 0.188497007
vt 0.944200993 0.196954012
vt 0.330320001 0.194800019
vt 0.314983994 0.176274002
vt 0.267338991 0.126088023
vt 0.976648986 0.176919997
vt 0.983258009 0.166764975
vt 0.242974997 0.296280026
vt 0.973744988 0.201398015
vt 0.332204014 0.206068993
vt 0.232883006 0.292930007
vt 0.149748996 0.0614650249
vt 0.150209993 0.0402629972
vt 0.0423329994 0.14784801
vt 0.041703999 0.145096004
vt 0.0477060005 0.146970987
vt 0.0656109974 0.147484004
vt 0.0431549996 0.154250026
vt 0.323083013 0.205928028
vt 0.224630997 0.296868026
vt 0.0300830007 0.156701982
vt 0.150613993 0.0163140297
vt 0.0300830007 0.149935007
vt 0.379386991 0.0773040056
vt 0.36225301 0.0912550092
vt 0.0174679998 0.151180029
vt 0.0182479993 0.162913024
vt 0.327683985 0.210169971
vt 0.152142003 0.0103539824
vt 0.315694988 0.211646974
vt 0.0181120001 0.158946991
vt 0.985628009 0.156717002
vt 0.985897005 0.14971298
vt 0.0159540009 0.156659007
vt 0.0133410003 0.160232008
vt 0.0121020004 0.153306007
vt 0.308528006 0.191677988
vt 0.0146300001 0.171169996
vt 0.0128920004 0.164930999
vt 0.368016005 0.0649549961
vt 0.213119999 0.316341996
vt 0.235181004 0.330208004
vt 0.324620008 0.0827310085
vt 0.294927001 0.210123003
vt 0.285436004 0.190585017
vt 0.293491006 0.173582971
vt 0.0166059993 0.195061028
vt 0.283307999 0.161801994
vt 0.357515991 0.0566179752
vt 0.985800982 0.161369026
vt 0.987600029 0.167716026
vt 0.404388011 0.0125150084
vt 0.28114599 0.171199024
vt 0.983743012 0.196874022
vt 0.987724006 0.195607007
vt 0.377604991 0.0105940104
vt 0.0585270002 0.188094974
vt 0.287811011 0.380546987
vt 0.252559006 0.151660979
vt 0.363784999 0.0527259707
vt 0.229579002 0.224237978
vt 0.194838002 0.236051977
vt 0.211061999 0.215232015
vt 0.260114014 0.16148603
vt 0.0513009988 0.205475986
vt 0.249667004 0.168380976
vt 0.187316999 0.249231994
vt 0.031578999 0.213654995
vt 0.280440986 0.185609996
vt 0.0264880005 0.214183986
vt 0.061381001 0.211439013
vt 0.345041007 0.0300369859
vt 0.371230006 0.0140609741
vt 0.0467839986 0.213171005
vt 0.28155601 0.20262599
vt 0.322548002 0.0530449748
vt 0.272825986 0.204518974
vt 0.266146004 0.182070971
vt 0.249280006 0.182026029
vt 0.271970987 0.192297995
vt 0.0258930009 0.252143025
vt 0.0267309994 0.227837026
vt 0.255775988 0.193150997
vt 0.963995993 0.20492202
vt 0.948247015 0.247142971
vt 0.179241002 0.280798972
vt 0.957364976 0.241653979
vt 0.30608201 0.0373600125
vt 0.293823004 0.0272250175
vt 0.303180993 0.218815029
vt 0.162162006 0.224003971
vt 0.185494006 0.20914799
vt 0.360722989 0.0102109909
vt 0.348129988 0.0104010105
vt 0.0134629998 0.224345982
vt 0.983493984 0.233722985
vt 0.98724103 0.222213984
vt 0.148432001 0.208293021
vt 0.168035001 0.207392991
vt 0.332388014 0.0103700161
vt 0.965638995 0.23041302
vt 0.297843993 0.214069009
vt 0.788846016 0.143912017
vt 0.805932999 0.143602014
vt 0.824284971 0.158828974
vt 0.833191991 0.143603027
vt 0.285391986 0.240570009
vt 0.950623989 0.261205018
vt 0.160772994 0.269114971
vt 0.987545013 0.237653971
vt 0.0145720001 0.23518002
vt 0.157832995 0.241737008
vt 0.268011004 0.0943019986
vt 0.149628997 0.241641998
vt 0.144825995 0.249634027
vt 0.134250998 0.253307998
vt 0.136801004 0.234947026
vt 0.148625001 0.269047976
vt 0.144685999 0.21686703
vt 0.144275993 0.193444014
vt 0.216683999 0.291297019
vt 0.203526005 0.284309983
vt 0.134166002 0.223134995
vt 0.129038006 0.235796988
vt 0.206302002 0.291598976
vt 0.144446999 0.227025986
vt 0.286318004 0.057452023
vt 0.259083003 0.199533999
vt 0.279291004 0.052932024
vt 0.263033986 0.209317029
vt 0.182840005 0.288017988
vt 0.191355005 0.293600023
vt 0.275460005 0.212503016
vt 0.248866007 0.207624018
vt 0.252988011 0.217222989
vt 0.170459002 0.325949013
vt 0.240613997 0.140013993
vt 0.0523170009 0.333512008
vt 0.178908005 0.302084029
vt 0.177266002 0.29617703
vt 0.281969994 0.227608979
vt 0.172287002 0.310867012
vt 0.144786999 0.269877017
vt 0.156810999 0.299401999
vt 0.148837999 0.305918992
vt 0.129271001 0.283976972
vt 0.132839993 0.271085978
vt 0.137482002 0.282012999
vt 0.133163005 0.281713009
vt 0.243285999 0.145591021
vt 0.187606007 0.0922150016
vt 0.237825006 0.159366012
vt 0.232334003 0.150983989
vt 0.143739 0.293796003
vt 0.206706002 0.156722009
vt 0.214752004 0.148859978
vt 0.228896007 0.145871997
vt 0.0312549993 0.299443007
vt 0.145466 0.313748002
vt 0.137762994 0.320091009
vt 0.221818998 0.139506996
vt 0.132890001 0.309996009
vt 0.268188 0.0663530231
vt 0.94798398 0.270295978
vt 0.949464977 0.274792016
vt 0.969181001 0.288784981
vt 0.0874610022 0.340273023
vt 0.261795014 0.0586889982
vt 0.267875999 0.0429109931
vt 0.936541975 0.250196993
vt 0.0147219999 0.256525993
vt 0.217136994 0.169444978
vt 0.25357601 0.0531409979
vt 0.0269169994 0.262790978
vt 0.985086024 0.254805982
vt 0.246181995 0.0564929843
vt 0.161509007 0.109637976
vt 0.166521996 0.13389498
vt 0.988187015 0.254747987
vt 0.151236996 0.150048971
vt 0.149066001 0.146604002
vt 0.190654993 0.146834016
vt 0.182101995 0.139680982
vt 0.985234022 0.268809974
vt 0.244045004 0.0618450046
vt 0.160753995 0.157500982
vt 0.175215006 0.155578971
vt 0.151530996 0.157132983
vt 0.984157026 0.296060026
vt 0.148387 0.154483974
vt 0.145407006 0.147979975
vt 0.141457006 0.155125022
vt 0.0245559998 0.276129007
vt 0.304944992 0.0108870268
vt 0.146883994 0.12904501
vt 0.989060998 0.268481016
vt 0.128540993 0.151516974
vt 0.130676001 0.147071004
vt 0.145041004 0.14842999
vt 0.0144920005 0.272424996
vt 0.851806998 0.154437006
vt 0.151446 0.104128003
vt 0.148710996 0.110343993
vt 0.121901996 0.148468018
vt 0.109670997 0.143998027
vt 0.0139319999 0.287175
vt 0.269623011 0.0192019939
vt 0.0108869998 0.280815005
vt 0.00946099963 0.299036026
vt 0.097631 0.148391008
vt 0.116452999 0.154073
vt 0.111708 0.157121003
vt 0.850233018 0.165374994
vt 0.116685003 0.170356989
vt 0.864345014 0.145887971
vt 0.278788 0.00998800993
vt 0.154606 0.0899279714
vt 0.257658988 0.0103290081
vt 0.880542994 0.161306024
vt 0.168312997 0.0741159916
vt 0.881833017 0.168249011
vt 0.197302997 0.165216982
vt 0.862339973 0.175446987
vt 0.878350019 0.183771014
vt 0.0661460012 0.144321978
vt 0.0697309971 0.141548991
vt 0.219391003 0.0542129874
vt 0.152275994 0.0693489909
vt 0.156013995 0.0718929768
vt 0.189918995 0.176298976
vt 0.206879005 0.176955998
vt 0.156956002 0.0679540038
vt 0.166967005 0.0704460144
vt 0.0268869996 0.302936018
vt 0.237402007 0.0377269983
vt 0.0221190006 0.306178987
vt 0.0146639999 0.300881982
vt 0.0100029996 0.312488973
vt 0.168005005 0.16107899
vt 0.0822720006 0.153438985
vt 0.0136660002 0.314861
vt 0.0266059991 0.335575998
vt 0.0327819996 0.343500018
vt 0.0132280001 0.339343011
vt 0.166716993 0.169743001
vt 0.148187995 0.193174005
vt 0.143585995 0.164668977
vt 0.88477999 0.145614028
vt 0.122060999 0.177016973
vt 0.230487004 0.191576004
vt 0.238140002 0.204329014
vt 0.219063997 0.199135005
vt 0.216241002 0.204437017
vt 0.233374 0.214694023
vt 0.199661002 0.193904996
vt 0.205098003 0.213147998
vt 0.198404998 0.204577982
vt 0.194290996 0.197834015
vt 0.165048003 0.190809011
vt 0.888584018 0.18819797
vt 0.907746971 0.181384027
vt 0.913960993 0.189840019
vt 0.914582014 0.177062988
vt 0.932824016 0.24476397
vt 0.895933986 0.295090973
vt 0.876052976 0.266584992
vt 0.890987992 0.270465016
vt 0.831658006 0.255841017
vt 0.862685025 0.252187014
vt 0.732573986 0.142822981
vt 0.875908971 0.321856976
vt 0.750280023 0.155409992
vt 0.757966995 0.143912971
vt 0.889851987 0.253373027
vt 0.826161981 0.206565976
vt 0.807190001 0.211000979
vt 0.806439996 0.192210972
vt 0.846364975 0.199689984
vt 0.757031024 0.170736015
vt 0.900201023 0.289050996
vt 0.838585019 0.222858012
vt 0.369534999 0.00958198309
vt 0.76600498 0.145281971
vt 0.786971986 0.159289002
vt 0.79290098 0.225099981
vt 0.775937021 0.144029975
vt 0.909138024 0.309098005
vt 0.915217996 0.301675975
vt 0.787760973 0.17010498
vt 0.899869978 0.222172022
vt 0.911938012 0.284244001
vt 0.747255027 0.192012012
vt 0.92848599 0.270820975
vt 0.934620976 0.284959018
vt 0.933677018 0.263203025
vt 0.749831021 0.197256029
vt 0.78571099 0.179668009
vt 0.774928987 0.194939971
vt 0.821308017 0.319657028
vt 0.929934978 0.305579007
vt 0.93740797 0.296904981
vt 0.749146998 0.215167999
vt 0.945643008 0.294313014
vt 0.840900004 0.37163502
vt 0.950779974 0.296718001
vt 0.770124018 0.224730015
vt 0.930428028 0.388149977
vt 0.870230019 0.365734994
vt 0.831918001 0.176961005
vt 0.830053985 0.170224011
vt 0.930621028 0.318876028
vt 0.950102985 0.371828973
vt 0.945294976 0.308113992
vt 0.940635026 0.31883198
vt 0.936757982 0.325767994
vt 0.93937099 0.331073999
vt 0.96250999 0.32181102
vt 0.822887003 0.393558979
vt 0.960198998 0.338663995
vt 0.80983001 0.401099026
vt 0.846908987 0.401914001
vt 0.984782994 0.309553981
vt 0.982734978 0.348764002
vt 0.874024987 0.384971976
vt 0.883367002 0.212970972
vt 0.863820016 0.225037992
vt 0.850944996 0.235742986
vt 0.886093974 0.232832015
vt 0.502376974 0.443836987
vt 0.39784199 0.483714998
vt 0.376408994 0.459775984
vt 0.430335999 0.471543014
vt 0.468647987 0.442954004
vt 0.498387009 0.460424006
vt 0.274565995 0.464088976
vt 0.345129997 0.440263987
vt 0.375102013 0.492250025
vt 0.34077099 0.510143012
vt 0.332610011 0.54638499
vt 0.332554013 0.496981978
vt 0.484299004 0.466046989
vt 0.497121006 0.464960992
vt 0.473336995 0.45154202
vt 0.464507014 0.459339976
vt 0.363261014 0.516725004
vt 0.357113004 0.567402005
vt 0.343632013 0.576373994
vt 0.317629009 0.560667992
vt 0.427534014 0.507553995
vt 0.430557013 0.495624006
vt 0.436760992 0.505279005
vt 0.411644995 0.499122977
vt 0.419485003 0.488041997
vt 0.403935999 0.498758018
vt 0.259959996 0.51326099
vt 0.393395007 0.496214986
vt 0.401416987 0.523454994
vt 0.377303004 0.520181
vt 0.298848003 0.576792985
vt 0.279828995 0.576406986
vt 0.383466989 0.546490014
vt 0.245177001 0.56062299
vt 0.375728995 0.441111028
vt 0.285795003 0.598477989
vt 0.341194987 0.488269985
vt 0.267311007 0.597247005
vt 0.246196002 0.583660007
vt 0.285935014 0.613990992
vt 0.271120995 0.614246011
vt 0.245142996 0.603735
vt 0.255760014 0.613990009
vt 0.473188996 0.475831985
vt 0.226272002 0.614069015
vt 0.230955005 0.615826011
vt 0.267051011 0.619574994
vt 0.448157012 0.477581978
vt 0.439592987 0.490713
vt 0.573611975 0.605859995
vt 0.574052989 0.592588991
vt 0.589577973 0.602777988
vt 0.607913971 0.602768004
vt 0.417346001 0.597867996
vt 0.409704 0.613456011
vt 0.398559988 0.587446988
vt 0.555325985 0.60659799
vt 0.569087982 0.611820996
vt 0.585916996 0.606729001
vt 0.389557987 0.601969987
vt 0.497631997 0.701844007
vt 0.496659011 0.673483014
vt 0.501294017 0.679468989
vt 0.607653975 0.605340987
vt 0.422266006 0.613665015
vt 0.416842997 0.618250012
vt 0.592144012 0.614461988
vt 0.393168986 0.613676012
vt 0.396302998 0.619004011
vt 0.395547986 0.633771986
vt 0.442791998 0.564723015
vt 0.425424993 0.551270008
vt 0.449934989 0.556082994
vt 0.529650986 0.612331986
vt 0.540642977 0.608509004
vt 0.49605301 0.662975013
vt 0.501836002 0.640037
vt 0.530076027 0.484211028
vt 0.547407985 0.495208025
vt 0.420617014 0.568529993
vt 0.49207899 0.658443004
vt 0.488288999 0.662263006
vt 0.437938005 0.577271998
vt 0.456862986 0.566231012
vt 0.420590997 0.63380599
vt 0.445636004 0.641083986
vt 0.413910002 0.645792007
vt 0.502950013 0.473518014
vt 0.501432002 0.462843001
vt 0.452820003 0.628039002
vt 0.444835007 0.618425995
vt 0.452064991 0.591131002
vt 0.492956996 0.689123005
vt 0.455617011 0.689882994
vt 0.473028004 0.693040013
vt 0.409548014 0.567223012
vt 0.473414987 0.655653
vt 0.397017986 0.558102012
vt 0.432801008 0.660223991
vt 0.451566011 0.657371014
vt 0.458826989 0.661841989
vt 0.428021014 0.657469988
vt 0.495512009 0.70718801
vt 0.430628985 0.586834997
vt 0.402511001 0.658369988
vt 0.415807992 0.664234012
vt 0.466087013 0.692263991
vt 0.432383001 0.604351997
vt 0.578395009 0.473823011
vt 0.481050014 0.717797011
vt 0.409583002 0.661965996
vt 0.411318988 0.578074992
vt 0.388381004 0.571772009
vt 0.569855988 0.498342991
vt 0.359081 0.596040994
vt 0.598479986 0.61214301
vt 0.499619991 0.709695011
vt 0.369192004 0.568886012
vt 0.627547979 0.608801991
vt 0.624198973 0.60333699
vt 0.482338011 0.742745996
vt 0.497649997 0.482607007
vt 0.502502978 0.487950027
vt 0.501578987 0.73803699
vt 0.495898992 0.735938996
vt 0.631226003 0.601476014
vt 0.495534003 0.500411987
vt 0.491162002 0.479359984
vt 0.634450018 0.603911996
vt 0.363519013 0.61433199
vt 0.376836985 0.613656014
vt 0.636262 0.598809004
vt 0.63687402 0.609086007
vt 0.639636993 0.603473008
vt 0.498057008 0.739959002
vt 0.498946995 0.745494992
vt 0.528825998 0.501538008
vt 0.64595598 0.606121004
vt 0.643342018 0.611912012
vt 0.35718599 0.618853003
vt 0.657459021 0.612610012
vt 0.492383003 0.746022999
vt 0.461414993 0.745582998
vt 0.377451003 0.640170008
vt 0.334100991 0.599651992
vt 0.501671016 0.503737986
vt 0.502807021 0.513525009
vt 0.349146008 0.614059001
vt 0.496818006 0.540856987
vt 0.503246009 0.525169998
vt 0.460631013 0.507066995
vt 0.447724998 0.509914011
vt 0.360780001 0.658784986
vt 0.480257988 0.505001009
vt 0.652046025 0.55380401
vt 0.660700023 0.535737991
vt 0.664510012 0.570129991
vt 0.385791987 0.656803012
vt 0.387207001 0.661983013
vt 0.638653994 0.584250987
vt 0.637489021 0.561545014
vt 0.376208991 0.676954001
vt 0.637202978 0.482962012
vt 0.373100013 0.673503995
vt 0.613891006 0.488968015
vt 0.538378 0.506305009
vt 0.679099977 0.547508001
vt 0.685790002 0.566644013
vt 0.369709015 0.675154001
vt 0.683677971 0.538569987
vt 0.682614028 0.551656991
vt 0.687031984 0.558771998
vt 0.601824999 0.50267601
vt 0.569356978 0.510015011
vt 0.670036018 0.478623986
vt 0.661258996 0.596796006
vt 0.548882008 0.546557993
vt 0.529617012 0.548097998
vt 0.675764978 0.587862998
vt 0.621226013 0.518631011
vt 0.359302014 0.661924005
vt 0.674710989 0.594716996
vt 0.680032015 0.593872011
vt 0.702283025 0.577526003
vt 0.637461007 0.505508989
vt 0.440932989 0.684127986
vt 0.634020984 0.506716013
vt 0.600634992 0.513182998
vt 0.657468021 0.511626005
vt 0.416830987 0.693484992
vt 0.669565976 0.495773971
vt 0.701570988 0.55123201
vt 0.693325996 0.534790993
vt 0.70282501 0.53026101
vt 0.699320018 0.452189028
vt 0.439336985 0.723322988
vt 0.409776986 0.726749003
vt 0.693874002 0.477972984
vt 0.57645601 0.54490599
vt 0.59227097 0.551663011
vt 0.706544995 0.525741011
vt 0.388835013 0.721332014
vt 0.723124981 0.529695988
vt 0.730271995 0.549113005
vt 0.606211007 0.546541989
vt 0.616801977 0.544232011
vt 0.722669005 0.550554007
vt 0.60038197 0.551467001
vt 0.634751022 0.525438011
vt 0.733950973 0.531033009
vt 0.371713012 0.725362986
vt 0.693762004 0.568798989
vt 0.635434985 0.546559006
vt 0.638678014 0.545756996
vt 0.502346992 0.564218998
vt 0.503081024 0.552531987
vt 0.507691026 0.562525988
vt 0.686860979 0.488514006
vt 0.502632022 0.572598994
vt 0.497931987 0.558286011
vt 0.694215 0.488376021
vt 0.521851003 0.559302002
vt 0.515021026 0.581696987
vt 0.724081993 0.571016014
vt 0.485947996 0.537548989
vt 0.502619982 0.536653012
vt 0.710705996 0.477330029
vt 0.70608598 0.485475004
vt 0.506013989 0.545403004
vt 0.502071023 0.543238997
vt 0.480017006 0.552987993
vt 0.725340009 0.557208002
vt 0.465072006 0.52965501
vt 0.638200998 0.521537006
vt 0.401026994 0.741223007
vt 0.643418014 0.525999993
vt 0.72825402 0.580944985
vt 0.732740998 0.573009014
vt 0.486860991 0.560784012
vt 0.489015996 0.571253985
vt 0.496960998 0.573585004
vt 0.451723009 0.538740993
vt 0.311942995 0.619038999
vt 0.320733994 0.653434992
vt 0.453411996 0.723437011
vt 0.680387974 0.525249988
vt 0.318926007 0.614535987
vt 0.688122988 0.492054999
vt 0.537602007 0.58159399
vt 0.554475009 0.571114987
vt 0.558748007 0.556724995
vt 0.566145003 0.548345
vt 0.700549006 0.497973025
vt 0.687287986 0.513722986
vt 0.698759019 0.515502989
vt 0.67463398 0.601779014
vt 0.701659024 0.491650999
vt 0.675085008 0.612908989
vt 0.52670002 0.566561997
vt 0.708199024 0.493385017
vt 0.715029001 0.489630997
vt 0.323872 0.667068988
vt 0.722733021 0.494217992
vt 0.721526027 0.509043008
vt 0.556491971 0.586773992
vt 0.502591014 0.584311992
vt 0.726531982 0.512008995
vt 0.724003971 0.518011004
vt 0.497507006 0.594392985
vt 0.502753973 0.591547012
vt 0.698799014 0.589619011
vt 0.718550026 0.597175002
vt 0.727662981 0.522558987
vt 0.688421011 0.612733006
vt 0.525366008 0.588050008
vt 0.685283005 0.528055996
vt 0.698881984 0.521328986
vt 0.503961027 0.596341997
vt 0.515708983 0.602320999
vt 0.546800017 0.595178008
vt 0.502524018 0.611120999
vt 0.501325011 0.599956989
vt 0.500764012 0.608981013
vt 0.494219989 0.607502013
vt 0.354768008 0.707717001
vt 0.301948011 0.700405985
vt 0.499256015 0.613218009
vt 0.518315017 0.611517996
vt 0.502662003 0.623144001
vt 0.760501981 0.436771989
vt 0.491854012 0.613178998
vt 0.482475013 0.613810986
vt 0.496012002 0.61836499
vt 0.498737007 0.635306001
vt 0.773828983 0.442390025
vt 0.77779001 0.422960997
vt 0.428743005 0.743472993
vt 0.472041994 0.577219993
vt 0.708203971 0.612008005
vt 0.446998 0.745321006
vt 0.478096992 0.596363008
vt 0.428534001 0.747061998
vt 0.267284006 0.691695005
vt 0.790050983 0.447856009
vt 0.768414021 0.475327015
vt 0.270274013 0.717258006
vt 0.80666101 0.427492976
vt 0.812537014 0.454315007
vt 0.467182994 0.589619994
vt 0.469063997 0.604016006
vt 0.733191013 0.589699
vt 0.472689986 0.612760007
vt 0.807618022 0.471471012
vt 0.454281986 0.613171995
vt 0.74682802 0.441578984
vt 0.764710009 0.587606013
vt 0.30211401 0.614948004
vt 0.758094013 0.461377025
vt 0.734709024 0.60274899
vt 0.727887988 0.612186998
vt 0.474501014 0.630237997
vt 0.723903 0.477114022
vt 0.732343972 0.476203024
vt 0.743052006 0.47527498
vt 0.414411008 0.746203989
vt 0.744100988 0.596953005
vt 0.572005987 0.552506
vt 0.562461972 0.568194002
vt 0.576276004 0.565254986
vt 0.580120981 0.567467004
vt 0.587135971 0.561793
vt 0.400031 0.745790988
vt 0.738538027 0.612399995
vt 0.733354986 0.482912004
vt 0.73587501 0.488560975
vt 0.744650006 0.485603988
vt 0.726229012 0.489970982
vt 0.608761013 0.571278006
vt 0.731292009 0.491594017
vt 0.599352002 0.575529993
vt 0.73556 0.493560016
vt 0.743520975 0.493942022
vt 0.741909027 0.490152001
vt 0.731226027 0.513336003
vt 0.757404029 0.474868
vt 0.751685977 0.474183977
vt 0.750500023 0.479813993
vt 0.756480992 0.532896012
vt 0.757571995 0.495824993
vt 0.759712994 0.478600025
vt 0.751581013 0.492703021
vt 0.760098994 0.487308025
vt 0.288037986 0.659083009
vt 0.76789701 0.489063025
vt 0.599111021 0.585337996
vt 0.775313973 0.527559996
vt 0.771676004 0.510345012
vt 0.775849998 0.511790007
vt 0.776232004 0.519026011
vt 0.618605018 0.557790995
vt 0.763476014 0.491724014
vt 0.264349997 0.657527
vt 0.781293988 0.492541015
vt 0.62233299 0.570380986
vt 0.635043979 0.565326989
vt 0.772611976 0.549769998
vt 0.250811994 0.658394009
vt 0.633677006 0.58445701
vt 0.783565998 0.529698998
vt 0.788664997 0.534352005
vt 0.790126979 0.542757988
vt 0.773854017 0.475516021
vt 0.779640973 0.550547004
vt 0.625155985 0.587072015
vt 0.774691999 0.485885978
vt 0.782109022 0.477564991
vt 0.794277012 0.471674979
vt 0.786970973 0.489450991
vt 0.79320401 0.485846996
vt 0.757821977 0.570531994
vt 0.795211017 0.495787024
vt 0.794849992 0.507286012
vt 0.794294 0.491883993
vt 0.239310995 0.629949003
vt 0.802308023 0.478730977
vt 0.799400985 0.486536026
vt 0.290502012 0.661904991
vt 0.810689986 0.474438012
vt 0.774231017 0.566955
vt 0.814123988 0.479920983
vt 0.79559499 0.489628017
vt 0.806234002 0.488368988
vt 0.805069029 0.491165996
vt 0.779781997 0.56369099
vt 0.809092999 0.487776995
vt 0.279134005 0.676725
vt 0.814930975 0.490823984
vt 0.797830999 0.522073001
vt 0.791230023 0.511922985
vt 0.782284975 0.513381004
vt 0.450587004 0.517179012
vt 0.788094997 0.52342099
vt 0.787262022 0.527393013
vt 0.277110994 0.673413992
vt 0.430409014 0.527137011
vt 0.272832006 0.67611599
vt 0.819016993 0.509048015
vt 0.813408017 0.519818991
vt 0.824198008 0.492039979
vt 0.26126501 0.662140012
vt 0.82286799 0.514658988
vt 0.818562984 0.528964013
vt 0.823508978 0.524545014
vt 0.354510993 0.740720987
vt 0.815494001 0.548918992
vt 0.829086006 0.533363014
vt 0.325136989 0.741181999
vt 0.313641012 0.720315993
vt 0.784304023 0.567315012
vt 0.79471302 0.583171993
vt 0.794236004 0.568536997
vt 0.782274008 0.596563011
vt 0.779990971 0.600746006
vt 0.779456973 0.612673014
vt 0.357468992 0.746311992
vt 0.795602024 0.589901
vt 0.797203004 0.613297999
vt 0.807308018 0.598630011
vt 0.33919999 0.745927989
vt 0.794322014 0.557696015
vt 0.303813994 0.746425003
vt 0.831107974 0.611815006
vt 0.832835019 0.602070987
vt 0.814273 0.567970008
vt 0.815886974 0.557603002
vt 0.829089999 0.590115994
vt 0.834928989 0.596810997
vt 0.851204991 0.591587991
vt 0.830258012 0.583077013
vt 0.82901001 0.545810014
vt 0.825353026 0.554030001
vt 0.828351021 0.566246986
vt 0.835699022 0.564713001
vt 0.838068008 0.570526004
vt 0.252341002 0.741661996
vt 0.439556986 0.614318013
vt 0.472799003 0.618355006
vt 0.877126992 0.612004995
vt 0.259032011 0.746634007
vt 0.148674995 0.372272015
vt 0.155553997 0.377682984
vt 0.149296001 0.384925008
vt 0.144943997 0.370176017
vt 0.147364005 0.392234027
vt 0.136766002 0.400210023
vt 0.137674004 0.365637004
vt 0.132633999 0.370371997
vt 0.143667996 0.397128999
vt 0.133255005 0.400308013
vt 0.149352998 0.411845028
vt 0.145227 0.429817975
vt 0.255457997 0.37499702
vt 0.197058007 0.456996977
vt 0.177250996 0.418569028
vt 0.229723006 0.435777009
vt 0.150034994 0.534063995
vt 0.177883998 0.527285993
vt 0.181632996 0.545783013
vt 0.159016997 0.385722995
vt 0.165444002 0.562748998
vt 0.148828998 0.445896029
vt 0.0947009996 0.345807016
vt 0.128628001 0.337813973
vt 0.128499001 0.343999982
vt 0.208158001 0.54827401
vt 0.212623999 0.384268999
vt 0.0646390021 0.432428002
vt 0.128280997 0.376663983
vt 0.189603999 0.57299301
vt 0.0736420006 0.346885979
vt 0.136590004 0.421028018
vt 0.138063997 0.447444022
vt 0.144068003 0.46438998
vt 0.13335 0.452778995
vt 0.132973 0.427592993
vt 0.129528999 0.444402993
vt 0.128404006 0.455223978
vt 0.133166 0.413802028
vt 0.129414007 0.406656027
vt 0.209618002 0.601052999
vt 0.216592997 0.582343996
vt 0.130380005 0.428638995
vt 0.191981003 0.599263996
vt 0.109526999 0.445071995
vt 0.215351 0.614621013
vt 0.108227998 0.452207029
vt 0.222779006 0.630026013
vt 0.0743580014 0.446806014
vt 0.192263007 0.612798005
vt 0.190588996 0.615539014
vt 0.0615379997 0.443618
vt 0.0313990004 0.384777009
vt 0.0550270006 0.453446984
vt 0.0889419988 0.472871006
vt 0.0760049969 0.468083024
vt 0.0650419965 0.474741995
vt 0.149744004 0.497433007
vt 0.0277689993 0.417270005
vt 0.179317996 0.601366013
vt 0.166641995 0.613703996
vt 0.148334995 0.464380026
vt 0.134298995 0.46698302
vt 0.0282610003 0.433170974
vt 0.148497999 0.575497001
vt 0.165848002 0.605298996
vt 0.146761999 0.477882981
vt 0.137740001 0.47882098
vt 0.150562003 0.600816011
vt 0.129280999 0.46905899
vt 0.175261006 0.505641013
vt 0.101190999 0.476020992
vt 0.148506001 0.512434006
vt 0.145802006 0.50088501
vt 0.132336006 0.503369004
vt 0.145395994 0.494036019
vt 0.140437007 0.502626002
vt 0.144636005 0.518359005
vt 0.120252997 0.501637995
vt 0.136550993 0.522643
vt 0.117362998 0.509725988
vt 0.145374998 0.531800002
vt 0.125383005 0.541873008
vt 0.228716999 0.504334986
vt 0.149369001 0.548319995
vt 0.110932 0.484997988
vt 0.146279007 0.560948014
vt 0.142608002 0.545949996
vt 0.103763998 0.482234001
vt 0.0971219987 0.484459996
vt 0.109360002 0.48981303
vt 0.112092003 0.507048994
vt 0.112430997 0.51929599
vt 0.108943999 0.508890003
vt 0.0968689993 0.493598998
vt 0.108631998 0.514340997
vt 0.0952709988 0.511519015
vt 0.118182003 0.535131991
vt 0.0988169983 0.501210004
vt 0.104937002 0.518303007
vt 0.103440002 0.535044998
vt 0.0908849984 0.500479996
vt 0.0952769965 0.505167007
vt 0.0837870017 0.51276499
vt 0.0705090016 0.50474301
vt 0.0739509985 0.499523997
vt 0.166186005 0.342786014
vt 0.100552998 0.471556008
vt 0.086406 0.543668985
vt 0.164517999 0.347818971
vt 0.0976589993 0.544950008
vt 0.168129995 0.315069973
vt 0.132719994 0.549712002
vt 0.130904004 0.552626997
vt 0.160107002 0.327710986
vt 0.110138997 0.546342999
vt 0.116850004 0.551182985
vt 0.124032997 0.549486995
vt 0.122955002 0.565095007
vt 0.0746359974 0.47349602
vt 0.109162003 0.557745993
vt 0.102204002 0.551445991
vt 0.112246998 0.560595006
vt 0.0735730007 0.47864002
vt 0.101894997 0.555552006
vt 0.148655996 0.341143012
vt 0.133551002 0.320733011
vt 0.0985379964 0.548485011
vt 0.0704549998 0.493619978
vt 0.145306006 0.341054022
vt 0.0897469968 0.557994008
vt 0.0992629975 0.560768992
vt 0.156926006 0.340493977
vt 0.134354994 0.566244006
vt 0.026331 0.346355975
vt 0.138191998 0.576963991
vt 0.0268789995 0.358668029
vt 0.131448001 0.573413014
vt 0.12793 0.574862987
vt 0.133406997 0.334491014
vt 0.136714995 0.335523009
vt 0.103014998 0.560191005
vt 0.120053999 0.568174988
vt 0.106565997 0.566585004
vt 0.0944890007 0.565912992
vt 0.133507997 0.355078995
vt 0.115589 0.575969994
vt 0.110354997 0.571586996
vt 0.103666 0.578296006
vt 0.11084 0.586800009
vt 0.107529998 0.58820501
vt 0.144033 0.58169499
vt 0.133993 0.578548014
vt 0.133090004 0.584769011
vt 0.149094 0.592328995
vt 0.146332994 0.59593299
vt 0.133368 0.594329
vt 0.145006001 0.605284005
vt 0.124054998 0.583189994
vt 0.098921001 0.584877998
vt 0.114601001 0.605331004
vt 0.0917470008 0.604184002
vt 0.147924006 0.359719992
vt 0.152009994 0.367739975
vt 0.153744996 0.615684986
vt 0.154901996 0.608282
vt 0.149239004 0.611369997
vt 0.147102997 0.612385005
vt 0.152532995 0.627609998
vt 0.149168 0.62657699
vt 0.145878002 0.620855004
vt 0.165774003 0.633396
vt 0.131992996 0.607975006
vt 0.125295997 0.603316009
vt 0.140257001 0.610437006
vt 0.141966999 0.612257004
vt 0.117054999 0.608283997
vt 0.122475997 0.612877995
vt 0.144982994 0.636361003
vt 0.911059976 0.590121001
vt 0.908450007 0.596109003
vt 0.883201003 0.595573992
vt 0.821807981 0.401311994
vt 0.893710017 0.588669002
vt 0.911984026 0.575222999
vt 0.917850018 0.583627999
vt 0.968748987 0.511014014
vt 0.952147007 0.528728008
vt 0.954527974 0.511550009
vt 0.850969017 0.485927999
vt 0.842083991 0.486594021
vt 0.834833026 0.482285023
vt 0.985763013 0.523333997
vt 0.983740985 0.534563005
vt 0.951533973 0.53994599
vt 0.947956026 0.527604014
vt 0.85799998 0.489750028
vt 0.866325021 0.482270002
vt 0.928252995 0.594556004
vt 0.850848973 0.490431011
vt 0.904483974 0.611519992
vt 0.886242986 0.603303999
vt 0.866999984 0.489067018
vt 0.812750995 0.420145988
vt 0.85522002 0.494907975
vt 0.871051013 0.492606997
vt 0.0538979992 0.490224004
vt 0.0475150011 0.473576009
vt 0.0449000001 0.470089972
vt 0.87055701 0.471072018
vt 0.874677002 0.484121978
vt 0.0545060001 0.47773701
vt 0.0416489989 0.475863993
vt 0.894526005 0.483919024
vt 0.0590090007 0.496028006
vt 0.939786017 0.582349986
vt 0.932709992 0.57822001
vt 0.947538972 0.600297987
vt 0.825352013 0.399667978
vt 0.877833009 0.503432989
vt 0.041069001 0.494818985
vt 0.0517369993 0.496118009
vt 0.889274001 0.495513022
vt 0.015625 0.487469971
vt 0.0257970002 0.474169016
vt 0.909762979 0.462320983
vt 0.838261008 0.423066974
vt 0.0490039997 0.498233974
vt 0.0426190011 0.500907987
vt 0.919423997 0.474461973
vt 0.844177008 0.404536009
vt 0.0408959985 0.512555003
vt 0.0583290011 0.506929994
vt 0.0464170016 0.504305005
vt 0.0716020018 0.512914985
vt 0.896739006 0.490437984
vt 0.908730984 0.489104986
vt 0.219694003 0.724063009
vt 0.912899017 0.500604004
vt 0.914613008 0.49070698
vt 0.891043007 0.512470007
vt 0.908583999 0.513184011
vt 0.916764975 0.503724992
vt 0.984245002 0.491100013
vt 0.962935984 0.490544975
vt 0.960197985 0.47221899
vt 0.912133992 0.50603801
vt 0.194091007 0.742018014
vt 0.231622994 0.747220993
vt 0.911868989 0.516916007
vt 0.916963995 0.522787988
vt 0.820676029 0.487942994
vt 0.0117499996 0.52769801
vt 0.0124430005 0.49061799
vt 0.83554101 0.489512026
vt 0.833718002 0.510930985
vt 0.986114979 0.499620974
vt 0.00965499971 0.503252
vt 0.0101439999 0.492156982
vt 0.838011026 0.491343975
vt 0.849907994 0.451668978
vt 0.844870985 0.42810303
vt 0.0224810001 0.531731993
vt 0.0096669998 0.520381004
vt 0.191348001 0.747134
vt 0.946018994 0.611288011
vt 0.835928977 0.520258993
vt 0.0136569999 0.550101995
vt 0.837327003 0.527164012
vt 0.84096998 0.527787
vt 0.92512399 0.548592001
vt 0.924621999 0.530438989
vt 0.927641988 0.520936996
vt 0.833190024 0.53758499
vt 0.946187019 0.53629899
vt 0.92672497 0.560182989
vt 0.860742986 0.510522991
vt 0.945752025 0.522814006
vt 0.871505022 0.50751701
vt 0.00947100017 0.351920009
vt 0.862415016 0.521934003
vt 0.0130129997 0.347470999
vt 0.0235660002 0.356814981
vt 0.015408 0.356971025
vt 0.867120981 0.52274099
vt 0.873748004 0.525873005
vt 0.877637982 0.413645029
vt 0.985500991 0.367386997
vt 0.97319001 0.35780102
vt 0.0680000037 0.542369992
vt 0.885021985 0.524850011
vt 0.0270789992 0.37184602
vt 0.0260029994 0.381316006
vt 0.0103350002 0.370323002
vt 0.0136930002 0.373341978
vt 0.874383986 0.42631799
vt 0.0379999988 0.539442003
vt 0.839823008 0.560660988
vt 0.0103219999 0.385905981
vt 0.848013997 0.554307997
vt 0.0137750003 0.38677901
vt 0.847410023 0.562635005
vt 0.0607509986 0.54519999
vt 0.0456050001 0.544831991
vt 0.0104289996 0.402356982
vt 0.0508630015 0.54874
vt 0.0446950011 0.552017003
vt 0.882408977 0.427183986
vt 0.869058013 0.534713
vt 0.236295998 0.662887007
vt 0.237836003 0.658107013
vt 0.0638519973 0.548491001
vt 0.867159009 0.538064986
vt 0.0794439986 0.552888006
vt 0.877987027 0.434858978
vt 0.905117989 0.399007976
vt 0.869809985 0.553059012
vt 0.0649079978 0.553068012
vt 0.0827779993 0.562952012
vt 0.0882420018 0.564081013
vt 0.851436019 0.567221999
vt 0.0790250003 0.565427005
vt 0.0714489967 0.559067011
vt 0.218364 0.65773499
vt 0.203224003 0.658003002
vt 0.0475969985 0.563827991
vt 0.0677860007 0.566653013
vt 0.0620220006 0.564927995
vt 0.872798979 0.570914
vt 0.874050021 0.563001007
vt 0.218024999 0.662322015
vt 0.0451450013 0.572356999
vt 0.890317023 0.528634012
vt 0.206706002 0.662625998
vt 0.0354439989 0.54500699
vt 0.0338770002 0.556807011
vt 0.027942 0.547699988
vt 0.897468984 0.532366991
vt 0.211831003 0.679096013
vt 0.963814974 0.55517599
vt 0.951570988 0.559859008
vt 0.823616028 0.472747982
vt 0.223808005 0.688086987
vt 0.985569 0.548301011
vt 0.909538984 0.526603013
vt 0.912562013 0.536671996
vt 0.91740799 0.535585999
vt 0.893029988 0.548184991
vt 0.964893997 0.571170002
vt 0.0410449989 0.55250901
vt 0.0414340012 0.566870004
vt 0.0343419984 0.572861999
vt 0.893557012 0.571994007
vt 0.914314985 0.55726099
vt 0.0234529991 0.570881009
vt 0.0305480007 0.561345994
vt 0.890103996 0.570042998
vt 0.0386440009 0.575221002
vt 0.0306560006 0.570488989
vt 0.0309449993 0.577068001
vt 0.913178027 0.564507991
vt 0.960403979 0.566628009
vt 0.980898023 0.574142009
vt 0.986594021 0.576272994
vt 0.921186984 0.45520997
vt 0.92306602 0.446766019
vt 0.0235520005 0.578088999
vt 0.0208720006 0.579737008
vt 0.0185649991 0.570841998
vt 0.180370003 0.657712996
vt 0.0135789998 0.575634003
vt 0.933637977 0.485689998
vt 0.947000027 0.477316022
vt 0.931245029 0.441043019
vt 0.981127977 0.583048999
vt 0.972823024 0.579706013
vt 0.190391004 0.662748009
vt 0.925068974 0.492802024
vt 0.160437003 0.660459012
vt 0.165522993 0.662019998
vt 0.917011976 0.432002008
vt 0.910192013 0.411037028
vt 0.925795972 0.507932991
vt 0.0212420002 0.554569006
vt 0.940393984 0.492160022
vt 0.947704017 0.490337014
vt 0.158657998 0.667156011
vt 0.988563001 0.524495989
vt 0.011492 0.541274011
vt 0.987363994 0.538789988
vt 0.990164995 0.551075011
vt 0.946843982 0.494610012
vt 0.990088999 0.571635991
vt 0.0313699991 0.45183301
vt 0.0272429995 0.450280011
vt 0.0899790004 0.573422998
vt 0.975453019 0.449043989
vt 0.970579028 0.424308002
vt 0.987040997 0.437664986
vt 0.084468998 0.583077013
vt 0.0811880007 0.574793994
vt 0.0204019994 0.443494022
vt 0.0145610003 0.427721977
vt 0.0154590001 0.448909998
vt 0.0114620002 0.441357017
vt 0.0840760022 0.571265012
vt 0.170691997 0.702601999
vt 0.0795509964 0.580525011
vt 0.0133539997 0.463128984
vt 0.010462 0.469061971
vt 0.0912619978 0.583896011
vt 0.0828979984 0.588708997
vt 0.0659639984 0.589320987
vt 0.0711250007 0.575448006
vt 0.0504220016 0.583963007
vt 0.153641 0.733034015
vt 0.0275389999 0.470672011
vt 0.872868001 0.583153009
vt 0.877798975 0.589199007
vt 0.0252679996 0.457211018
vt 0.059181001 0.595600009
vt 0.0590750016 0.591199011
vt 0.0972680002 0.590902001
vt 0.0831909999 0.596437007
vt 0.986492991 0.465533018
vt 0.15027 0.705177993
vt 0.153650001 0.669317991
vt 0.154557005 0.705585986
vt 0.145501003 0.684480011
vt 0.151188001 0.664288998
vt 0.0897620022 0.608162999
vt 0.0909610018 0.613032997
vt 0.0737150013 0.613027006
vt 0.924794972 0.406216025
vt 0.0145039996 0.474680007
vt 0.0747060031 0.591212988
vt 0.943090022 0.507523
vt 0.0607910007 0.604961991
vt 0.0642639995 0.607600987
vt 0.146320999 0.708240002
vt 0.0427710004 0.582996011
vt 0.919248998 0.563919991
vt 0.950453997 0.515913993
vt 0.0324769989 0.586728007
vt 0.925255001 0.566009015
vt 0.0525199994 0.590967
vt 0.0421289988 0.595687985
vt 0.0410629995 0.59049201
vt 0.0263010003 0.600692987
vt 0.948116004 0.548144013
vt 0.0256520007 0.58425799
vt 0.0179340001 0.584858
vt 0.0121170003 0.592076987
vt 0.988297999 0.581698
vt 0.0123319998 0.586145014
vt 0.984399974 0.584939003
vt 0.988861978 0.587954015
vt 0.0156529993 0.604887992
vt 0.988125026 0.600062996
vt 0.990851998 0.596967995
vt 0.0219519995 0.607890993
vt 0.937654018 0.388616979
vt 0.985469997 0.382447004
vt 0.977412999 0.400765002
vt 0.0554930009 0.605540007
vt 0.0498749986 0.613050997
vt 0.0384720005 0.606729001
vt 0.150315002 0.729772002
vt 0.147468999 0.738352001
vt 0.151448995 0.742403001
vt 0.0196020007 0.611272991
vt 0.0116250003 0.608796
vt 0.945957005 0.568455994
vt 0.935899973 0.42801398
vt 0.947512984 0.562914014
vt 0.961094975 0.57427001
vt 0.947358012 0.586071998
vt 0.96282202 0.585225999
vt 0.955727994 0.595277011
vt 0.963555992 0.581622005
vt 0.959903002 0.588012993
vt 0.972666979 0.587303013
vt 0.964478016 0.599716008
vt 0.969752014 0.597175002
vt 0.0257469993 0.400254011
vt 0.0140699996 0.400775015
vt 0.169277996 0.747276992
vt 0.968478978 0.610229999
vt 0.985827982 0.399102986
vt 0.979327977 0.599523008
vt 0.975741982 0.603778005
vt 0.98813802 0.607744008
vt 0.987607002 0.605300009
vt 0.149572998 0.747114003
vt 0.0113270003 0.604111999
vt 0.0104879998 0.611521989
vt 0.155876994 0.660362005
vt 0.145367995 0.667394996
vt 0.98596102 0.418896019
vt 0.0118960002 0.419001997
vn -0.0139996326 -0.290492386 -0.95677489
vn 0.157107025 -0.866438746 -0.47392118
vn 0.00289987912 -0.921661615 -0.387983829
vn -0.177198157 -0.365996182 -0.913590491
vn 0.0366002917 -0.27020216 -0.962107718
vn -0.291789651 -0.956466138 0.00559980143
vn -0.0193995275 -0.999775708 -0.00849979371
vn -0.0438013598 -0.999031007 0.00430013333
vn -0.993629456 -0.0477014147 -0.102103032
vn -0.97139293 0.0305997767 -0.235498279
vn -0.952774525 0.0337990969 -0.301791936
vn -0.996364236 -0.0539980605 -0.0658976361
vn -0.999979198 0.00609987322 0.00209995639
vn -0.843510807 -0.537106872 -0.00240003061
vn -0.140498668 -0.29729718 -0.944391072
vn -0.0412005 -0.374004543 -0.926511288
vn -0.0187007301 -0.333012998 -0.942736804
vn -0.996321142 -0.0855018124 -0.00580012286
vn -0.294305503 -0.187603503 -0.937117517
vn 0.0639995486 -0.217798471 -0.973893166
vn 0.0433990844 -0.859381855 -0.509489238
vn -0.995847821 -0.0905043483 0.00980047043
vn 0.130001798 0.000300004147 -0.991513729
vn -0.997728467 -0.0673019215 -0.00290008262
vn -0.997385144 -0.07219892 -0.00319995219
vn -0.854591846 -0.519095063 0.0145998606
vn -0.944422126 0.140903294 -0.297006965
vn -0.946228504 0.0446013436 -0.320409656
vn -0.920377374 0.0104997419 -0.39089039
vn -0.771966457 0.0316986218 -0.634872437
vn -0.972525716 -0.0116003072 -0.232506156
vn -0.983651161 -0.0352982469 -0.176591232
vn -0.998686671 -0.0509993173 -0.0048999344
vn 0.334694892 0.0420993604 -0.941385686
vn -0.00990048703 0.00190009351 -0.999949157
vn -0.995606899 -0.0174001213 -0.0920006409
vn 0.155997843 -0.223296911 -0.962186635
vn -0.860927463 -0.508416235 -0.0178005677
vn -0.301107973 -0.952925265 -0.0356009454
vn -0.474998146 -0.879696548 -0.0225999113
vn -0.958110571 -0.283703119 0.0392004326
vn -0.995229959 -0.0952028707 0.0213006418
vn -0.996562123 -0.0804969445 -0.0195992552
vn -0.99827826 -0.0565987676 0.0153996646
vn 0.2213061 0.0499013737 -0.973926842
vn -0.997317493 0.0613010749 -0.0400006995
vn -0.834187329 -0.550691664 -0.0294995513
vn 0.0875961557 0.0140993809 -0.996056259
vn -0.997606158 -0.0375002325 -0.0581003614
vn -0.998494625 -0.037099801 0.0403997824
vn -0.997574687 -0.0248993672 -0.064998351
vn -0.0427009277 -0.999021709 -0.0115002496
vn -0.243309438 -0.968537569 0.052302029
vn -0.633512437 0.0500009842 -0.772115171
vn -0.38869974 -0.315399796 -0.86569941
vn -0.911556602 -0.26188755 -0.316984922
vn -0.957195938 -0.0431998149 -0.286198795
vn -0.0708965883 -0.0381981619 -0.996752024
vn -0.991145909 -0.0123005696 -0.132206127
vn -0.506919324 -0.847832322 -0.155605927
vn -0.159199446 0.017199941 -0.987096608
vn -0.0349000879 -0.99920249 -0.019400049
vn -0.959506989 -0.277702034 -0.0472003445
vn -0.994796276 -0.0904996619 -0.0467998236
vn -0.996667862 -0.0613980182 -0.0536982678
vn -0.999009669 -0.0422004089 -0.0141001362
vn -0.997373581 -0.0196994785 -0.0696981549
vn -0.971870303 -0.0156995207 -0.234992817
vn -0.891364992 0.0165993478 -0.452982217
vn -0.931365132 0.000399985001 -0.36408636
vn -0.952153385 -0.00909955427 -0.30548504
vn -0.759281695 0.0466988757 -0.649084389
vn -0.867189229 -0.49789381 0.00919988565
vn -0.326982826 -0.944750369 -0.0229987931
vn -0.273486137 -0.96185118 -0.00689964974
vn -0.999067962 -0.0430986173 -0.00239992305
vn -0.740429401 -0.671726644 0.0234009288
vn -0.997287929 -0.0283996556 -0.067899175
vn -0.985492587 -0.0766994208 -0.151398852
vn -0.275105149 0.0136002535 -0.961317956
vn -0.333292037 -0.0348991677 -0.942177534
vn -0.998009503 -0.0610005781 0.0160001516
vn -0.99791652 -0.0615010187 -0.0195003226
vn -0.932795644 0.00879995897 -0.360298306
vn -0.993915796 -0.101401612 0.0430006832
vn -0.06539689 0.0145993056 -0.997752547
vn 0.0344997384 -0.74809432 -0.662694991
vn -0.161403075 -0.881516814 -0.44370845
vn -0.213303402 -0.976615608 -0.0269004293
vn 0.0307004768 -0.263704091 -0.964114964
vn -0.0808004886 -0.255201548 -0.963505805
vn -0.161403075 -0.881516814 -0.44370845
vn -0.403907776 -0.902217388 0.151202917
vn -0.370890409 -0.925076067 0.0816978887
vn -0.0205993131 -0.999766707 -0.0064997836
vn -0.986591041 0.00209998083 -0.163198516
vn -0.996751249 -0.0327016823 -0.0736037865
vn -0.0212989785 -0.999752045 -0.00649968814
vn -0.0373993181 -0.999281764 0.00609988859
vn 0.0344997384 -0.74809432 -0.662694991
vn -0.0163991656 -0.999649167 0.0207989421
vn -0.999215484 -0.0396006145 0.000400006218
vn -0.0275996048 -0.999385655 0.0215996895
vn 0.0664993376 -0.287097126 -0.955590427
vn 0.142504394 -0.920428336 -0.364011198
vn 0.142504394 -0.920428336 -0.364011198
vn 0.00289987912 -0.921661615 -0.387983829
vn -0.973984897 -0.030899521 -0.224496514
vn -0.999344766 -0.0359016061 -0.00460020592
vn -0.999398947 -0.0306999683 0.0160999838
vn -0.00559989875 -0.99998188 -0.00219996017
vn -0.00590017391 -0.999829471 0.017500516
vn -0.053602282 0.00630026823 -0.998542488
vn 0.0341980904 -0.31448245 -0.948647082
vn -0.0152995558 0.00489985757 -0.999870956
vn -0.0773995891 0.0144999232 -0.996894717
vn -0.0336011872 0.000100003534 -0.999435306
vn -0.0130996667 -0.999874592 -0.00889977347
vn -0.935337722 -0.353114247 0.0213008579
vn -0.188604146 -0.981321573 0.0379008316
vn -0.612595379 -0.786194026 0.0813993812
vn -0.998913407 -0.0466006249 -0.000600008061
vn 0.0389013328 -0.00420014374 -0.999234259
vn -0.296509296 -0.955029964 0
vn -0.608184397 -0.773880124 0.176695466
vn -0.998967111 -0.0435985662 0.0127995787
vn 0.00879957434 0.00439978717 -0.999951601
vn -0.997481406 -0.0582989119 0.0403992459
vn -0.0430981815 0.00509978458 -0.999057829
vn -0.999708951 -0.0220001973 0.00990008842
vn 0.00709980074 0.00239993259 -0.999971926
vn -0.00249998807 -0.00179999147 -0.999995232
vn 0.157107025 -0.866438746 -0.47392118
vn -0.999027133 -0.0422011465 -0.012800348
vn -0.991189003 -0.122898638 0.0493994504
vn -0.023500612 0.0244006347 -0.999426007
vn 0.0433990844 -0.859381855 -0.509489238
vn 0.201608971 0.0425018892 -0.97854352
vn 0.242694095 0.0543986782 -0.968576431
vn 0.0193001609 0.00330002746 -0.999808311
vn -0.998485446 -0.0352994837 -0.0421993844
vn -0.00809975062 -0.999869168 0.0139995683
vn -0.999541879 -0.0163006838 0.0255010687
vn 0.00469982624 -0.999963045 0.00719973398
vn 0.257909596 -0.00800029747 -0.966135919
vn 0.0937965289 0.0074997223 -0.995563149
vn -0.998224318 -0.00280006812 -0.0595014468
vn -0.0131997699 -0.999582589 0.0256995521
vn -0.00799991935 0.0124998735 -0.999889851
vn -0.00100002985 -0.0118003525 -0.999929845
vn -0.999541044 -0.030101236 -0.00340013974
vn -0.00719978288 -0.9999699 0.00289991265
vn -0.0169995092 0.0191994458 -0.999671161
vn -0.483493119 -0.875287533 -0.010299854
vn -0.84370321 -0.536802053 -0.00290001114
vn -0.00379997026 0.00109999138 -0.999992192
vn -0.829289615 -0.558793008 0.00539993215
vn -0.995183408 -0.0844985917 0.0496991724
vn -0.952716053 -0.291904926 -0.0844014212
vn -0.999257088 -0.0203991234 -0.032698594
vn -0.359318465 -0.931347907 0.0590030327
vn -0.0256991405 -0.00249991636 -0.999666572
vn -0.999971986 -0.00419988204 0.00619982602
vn -0.999976456 0.0067998399 0.000899978855
vn -0.999610305 -0.0279002879 -0.000900009298
vn -0.0212991927 -0.999762118 -0.00469982205
vn -0.0231006239 -0.999727011 0.00350009464
vn -0.0737012923 0.0112001961 -0.997217476
vn -0.99963367 -0.0115003875 -0.0245008245
vn -0.0457978286 -0.998852611 0.0139993364
vn -0.997226954 -0.0159004293 -0.0727019683
vn -0.999540567 -0.0280011371 -0.0116004711
vn 0.339791238 0.0438988693 -0.939475834
vn -0.999882221 -0.0134997601 0.00729987025
vn -0.99956286 -0.0136994915 -0.026199026
vn 0.0164003018 0.0097001791 -0.999818444
vn -0.999944448 0.000900040031 -0.0105004665
vn 0.276696742 -0.0179997887 -0.960788667
vn 0.145603493 0.0583014004 -0.987623692
vn -0.999716997 -0.00300005102 -0.0236004014
vn -0.999404848 -0.0342001654 -0.00450002216
vn -0.999647081 -0.0244011488 -0.0105004944
vn 0.374186516 0.0506981723 -0.92596662
vn 0.119201362 0.0108001232 -0.992811382
vn 0.155192181 0.00819958746 -0.987850249
vn -0.999928415 -0.0115003269 0.00330009381
vn -0.537109733 -0.84341526 0.0128002316
vn -0.0606014132 -0.998123229 0.00880020484
vn -0.338999003 -0.940197229 0.0332999006
vn -0.918488681 -0.379695326 0.110498644
vn -0.00799964368 -0.999855518 0.0149993328
vn -0.592892408 0.0437994376 -0.804089665
vn -0.99991399 -0.00060000841 0.0131001836
vn -0.9987095 -0.0350003354 -0.036800351
vn -0.0235997699 -0.999490261 0.0214997903
vn 0.000299988635 -0.999962091 0.00869967043
vn -0.410689712 -0.911577165 -0.0189995244
vn -0.295286894 -0.955157638 0.0218990277
vn -0.0474985093 0.00229992787 -0.998868644
vn -0.999815047 0.0173002612 0.00840012636
vn -0.052099973 -0.99859947 0.00919999555
vn -0.000699996483 -0.999994934 0.00309998426
vn 0.994876206 -0.0880978927 0.0495988168
vn 0.992276609 -0.116897248 0.0414990224
vn 0.995091915 -0.0850993097 0.0504995883
vn 0.991600275 -0.103400029 0.0777000263
vn 0.39979282 -0.700387418 -0.591289401
vn 0.0334998555 -0.879996181 -0.473797947
vn 0.0334998555 -0.879996181 -0.473797947
vn 0.39979282 -0.700387418 -0.591289401
vn 0.120596975 -0.989375174 0.0811979622
vn 0.966213524 -0.257703602 0.00450006314
vn 0.972681344 -0.207496017 0.104098007
vn 0.600605249 -0.797806978 0.05270046
vn 0.997451782 0.0270986911 0.0659968108
vn 0.710877478 -0.691478133 0.128495932
vn 0.141099349 -0.98999542 0
vn 0.997364044 -0.057697922 0.0439984165
vn 0.0542012863 -0.993923604 -0.0958022773
vn -0.0639998317 -0.995097399 -0.0753998086
vn 0.166502371 -0.152902186 -0.974113882
vn 0.990589917 -0.107898898 0.084199138
vn 0.996905506 -0.0660003647 0.0427002385
vn 0.956398129 -0.28589946 -0.0596998855
vn 0.994896591 -0.0805997252 0.0606997907
vn 0.990133762 -0.105603606 0.0921031386
vn 0.997455478 -0.0415981449 0.0578974187
vn 0.998299241 -0.0561999567 0.0154999876
vn 0.998817265 -0.0388006717 0.0293005072
vn 0.731994212 -0.667394757 0.136998922
vn 0.274211228 0.0593024269 -0.959839284
vn 0.870702386 -0.415201157 -0.263600737
vn 0.166502371 -0.152902186 -0.974113882
vn 0.999662936 -0.0146994554 0.0213992074
vn 0.994641662 -0.0935039148 0.0441018492
vn 0.996076226 -0.0526987426 0.0710983053
vn 0.990582764 -0.133497685 -0.0303994715
vn 0.274211228 0.0593024269 -0.959839284
vn 0.996884108 -0.0539991409 0.0574990846
vn 0.994231939 -0.00320010283 0.107203446
vn 0.995090008 -0.0210997872 0.0966990292
vn 0.997090995 -0.0582994707 0.0490995571
vn 0.996938586 -0.0693026856 0.0362014025
vn 0.994941771 -0.0690028965 0.0730030686
vn 0.93690753 -0.326502621 0.124901004
vn 0.757142603 -0.653236747 -0.00410023052
vn 0.351706833 -0.935318112 0.0385007448
vn 0.89660126 -0.426100612 0.120600171
vn 0.314696044 -0.00289996364 -0.949188054
vn 0.998310864 -0.0504005477 0.0289003141
vn 0.983804643 -0.177800834 -0.0227001067
vn 0.966087818 -0.249396861 0.0668991581
vn 0.986557364 -0.159309268 0.0364021175
vn 0.996726751 -0.0738019794 0.0330008864
vn 0.994074821 -0.0648983568 0.0871977881
vn 0.998539865 -0.0288011488 0.0457018241
vn 0.995398879 -0.0622999296 0.0727999136
vn 0.998338878 0.0361014046 0.0449017473
vn 0.853895545 0.00699996389 -0.520397305
vn 0.314696044 -0.00289996364 -0.949188054
vn 0.91362828 0.0276008546 -0.405612558
vn 0.917076886 -0.398589939 -0.00979975332
vn 0.955238819 0.0569023117 -0.290311784
vn 0.997543931 -0.0194008555 0.0673029646
vn 0.994552553 -0.0439979024 0.0944954902
vn 0.617971659 0.0506976768 -0.784564078
vn 0.447896898 -0.893893778 -0.0184998717
vn -0.0044001732 -0.999939322 0.0101003973
vn 0.969311476 -0.240902856 0.0490005799
vn 0.993944705 0.0167007502 0.108604886
vn 0.993593812 0.00689995708 0.112799302
vn 0.995890439 0.0795992389 0.0431995839
vn 0.352204353 -0.935711563 0.0199002456
vn 0.979281008 -0.202496082 0.00199996121
vn 0.5733096 -0.818713665 0.0320005342
vn 0.991548955 0.120405942 -0.0483023822
vn 0.0256996974 -0.997388303 0.0674992055
vn 0.996563435 -0.0643976405 0.0520980917
vn 0.995889902 -0.0823991597 0.0375996195
vn 0.825181842 -0.564187586 0.0276993904
vn -0.0147000281 -0.999401927 0.0313000605
vn 0.0339014158 -0.995041549 0.0935039073
vn 0.196904391 -0.980421841 0.00130002899
vn 0.962024152 -0.27290684 -0.00560014043
vn 0.55879575 -0.826893687 0.0631995201
vn 0.998014987 0.0212003179 -0.0593008921
vn 0.0420990437 -0.99907726 0.00849980675
vn -0.0128000304 -0.999902368 -0.0056000133
vn -0.0470988005 -0.998874545 0.00559985731
vn 0.890156209 -0.442378223 0.109194629
vn 0.796315312 -0.602811575 0.0500009619
vn 0.203807041 -0.976533771 -0.0696024075
vn 0.996006548 -0.0294001941 0.0843005553
vn 0.999925911 0.00580015033 -0.0107002771
vn 0.997466326 0.004499848 0.0709976032
vn -0.0488017201 -0.998735189 -0.0121004265
vn -0.0383006223 -0.999216199 0.0100001628
vn -0.00940043386 -0.999946117 0.004400203
vn 0.99435854 -0.00609974563 0.105895586
vn 0.994992197 -0.023299817 0.0971992388
vn -0.00209999527 -0.999997795 0.000199999558
vn -0.0317993723 -0.999480247 -0.00529989507
vn 0.998579681 0.0444990955 -0.0292994045
vn 0.9964028 -0.0112000313 0.0840002373
vn 0.993071616 -0.0119996564 0.116896659
vn -0.0170991886 -0.999852538 0.00159992406
vn 0.491088271 -0.870579243 0.0303992741
vn 0.960123777 -0.278306901 -0.0266006589
vn 0.992224932 -0.121103041 0.0287007205
vn -0.0245993771 -0.999374688 -0.0253993571
vn -0.0151997609 -0.999584258 -0.0244996157
vn -0.0127004124 -0.999432445 -0.0312010124
vn 0.930094182 -0.364197731 0.0477997027
vn 0.345311165 -0.934730172 0.0839027092
vn 0.239003286 -0.96911335 -0.0608008392
vn 0.962469041 -0.228392646 0.146595284
vn 0.00679966155 -0.99995023 -0.00729963696
vn -0.0399994887 -0.999187171 0.00499993609
vn 0.991100729 -0.132300094 -0.0147000104
vn 0.992693722 -0.0143999085 0.119799241
vn 0.992181063 -0.0100998068 0.124397621
vn 0.967618942 -0.0992019475 -0.232104555
vn 0.804300129 -0.584400117 0.107600018
vn 0.18899481 -0.972473264 0.136296257
vn 0.92001909 -0.387808055 0.0563011691
vn 0.98441714 -0.134902343 0.112801962
vn 0.607595742 -0.792594492 0.0511996411
vn 0.992218733 0.00510009658 0.124402352
vn 0.986563087 -0.154094234 0.0542979687
vn 0.992120385 -0.0121002486 0.124702565
vn 0.989741504 -0.114904821 0.0849035606
vn 0.991000295 -0.0160000045 0.132900044
vn -0.0341004208 -0.998912334 -0.031800393
vn 0.994278491 0.0190995857 0.105097726
vn 0.990767717 0.00449985359 0.135495588
vn -0.0340998396 -0.999395311 0.00679996796
vn 0.617971659 0.0506976768 -0.784564078
vn 0.995732963 -0.0147004863 0.0911030173
vn 0.90626663 0.0136994952 -0.422484457
vn 0.998469174 -0.00119996292 0.0552982911
vn 0.998087823 -0.0170997921 0.059399277
vn 0.928976178 0.0104997307 -0.369990528
vn 0.0918038413 -0.995741665 -0.00840035174
vn 0.729631841 -0.683529794 -0.0206008982
vn 0.953116655 -0.29720518 0.056900993
vn 0.992629468 -0.0430012755 -0.113303363
vn 0.679084897 0.0762983039 -0.730083764
vn 0.679084897 0.0762983039 -0.730083764
vn 0.914877534 0.0165995918 -0.40339008
vn 0.993522584 -0.016000364 0.11250256
vn 0.62788707 0.0661986396 -0.775484085
vn 0.62788707 0.0661986396 -0.775484085
vn 0.996168733 0.00519983703 0.0872972608
vn 0.994554222 -0.0113994749 0.103595227
vn 0.994045615 -0.00360016525 0.108905002
vn 0.985726535 -0.0123003311 -0.167904511
vn 0.99952507 -0.0274006873 0.0141003542
vn 0.99994576 0.00690031564 -0.00780035695
vn 0.983890355 -0.171898305 0.0490995198
vn 0.991771996 -0.12319652 0.034799017
vn 0.50579983 -0.861699641 -0.0404999852
vn 0.687623203 -0.718824267 0.102303453
vn 0.959162414 -0.277789116 -0.0532979108
vn 0.0135999648 0.99959743 0.0248999353
vn 0.0473022535 0.998747587 0.016300777
vn -0.0292987861 0.999158621 0.0286988113
vn -0.999893844 -0.00279998267 0.0142999114
vn -0.999940455 0.0109004416 -0.000500020222
vn 0.998594344 0.0462997369 -0.0257998537
vn 0.911324084 -0.0486012846 -0.408810824
vn 0.960891008 0.030899711 -0.275197446
vn 0.188090742 9.99950789e-05 -0.982151628
vn 0.212097645 0.0264997054 -0.976889133
vn 0.561094224 -0.0162998307 -0.827591479
vn 0.482717365 0.0809029117 -0.872031331
vn -0.747112513 0.0362006053 -0.663711131
vn -0.416691482 0.0173996445 -0.908881426
vn 0.0201999974 0.999599874 0.019799998
vn 0.116194859 0.992156088 0.0460979603
vn -0.998604 0.0373001508 0.0374001488
vn -0.156703427 0.0253005531 -0.987321615
vn 0.475682586 -0.0161994081 -0.879467845
vn 0.482717365 0.0809029117 -0.872031331
vn 0.814511359 -0.0312004331 -0.579308033
vn 0.561094224 -0.0162998307 -0.827591479
vn 0.0210989993 0.999552608 0.0211989954
vn 0.0144997444 0.9998824 0.00499991188
vn 0.475682586 -0.0161994081 -0.879467845
vn 0.0285989437 0.999263108 0.025599055
vn -0.00179999648 0.999998033 0.000799998466
vn -0.992992342 0.0230998211 0.115899108
vn -0.999983191 0.00209996477 0.00539990934
vn -0.0973984972 0.0109998304 -0.99518466
vn -0.367401063 0.0676001906 -0.927602649
vn 0.836970866 0.0518981926 -0.544781029
vn 0.987401009 0.066900067 -0.143400148
vn -0.99930203 0.0357000716 0.0110000223
vn 0.0229001865 0.999708116 0.00770006236
vn 0.358890235 -0.0274992511 -0.932974577
vn 0.0240998194 0.0152998846 -0.999592483
vn 0.104703881 -0.018200675 -0.994336903
vn 0.317803234 0.0708007142 -0.945509613
vn 0.146100581 0.026900107 -0.98890394
vn 0.354104877 -0.0234003235 -0.93491292
vn 0.342288584 0.0153994868 -0.939468682
vn -0.0384989008 0.0131996227 -0.999171436
vn 0.412505984 0.165402398 -0.895812988
vn 0.148094386 0.0147994384 -0.988862514
vn 0.366191626 0.242894441 -0.898279428
vn 0.181806147 -0.00150005077 -0.98333323
vn -0.952615023 -0.0067001055 -0.304104805
vn 0.225412413 0.0505027808 -0.972953618
vn -0.980757177 -0.0130994283 -0.194791496
vn 0.0908043757 0.117205642 -0.98894763
vn 0.451320916 0.501023233 -0.738434255
vn -0.998930275 0.0344010442 0.0309009366
vn 0.230700105 0.0209000092 -0.972800434
vn 0.224695012 0.112797499 -0.96787852
vn 0.140794367 0.172693104 -0.974861026
vn 0.164693147 0.194091916 -0.967059731
vn -0.985166669 -0.0117996009 -0.171194211
vn -0.932291329 -0.00289997295 -0.361696631
vn -0.70478034 0.0563984253 -0.707180262
vn 0.602806985 0.130701527 -0.787109137
vn 0.0573984124 0.998072386 -0.0235993471
vn 0.0432002954 0.99800688 0.0460003167
vn -0.860635221 0.00110004493 -0.509220839
vn -0.99737376 0.0655982718 0.0306991916
vn 0.085498713 0.995784998 0.0331995003
vn 0.975747526 0.177208632 -0.128506258
vn 0.988291025 0.148698643 0.0341996886
vn 0.981491089 0.170298457 0.0875992104
vn 0.726265848 0.0273987111 -0.686867714
vn 0.984975874 0.158396125 0.0687983111
vn 0.980728149 0.181105196 0.0733021051
vn -0.591586173 -0.02049952 -0.805981159
vn -0.267207384 0.0049001351 -0.963626564
vn 0.984216452 0.168302804 0.0547009148
vn 0.990506172 0.112500705 0.0790004954
vn 0.973359585 0.123794861 0.192991987
vn 0.989039242 0.130905196 0.0683027059
vn 0.799385786 -0.025199553 -0.600289345
vn 0.602806985 0.130701527 -0.787109137
vn -0.996162653 0.0575978383 0.0658975318
vn 0.972987652 0.222897172 -0.0600992367
vn 0.935979784 0.351092428 -0.025999438
vn 0.974403441 0.224800795 -0.00160000566
vn 0.952023625 0.193104789 -0.237405896
vn -0.998597622 0.0499998815 0.0173999593
vn -0.993884683 -0.0305995289 -0.106098369
vn -0.99905926 0.0285988338 -0.0325986706
vn -0.999722719 -0.00340007734 -0.0233005304
vn 0.58037734 0.68647325 -0.438082904
vn -0.997090101 -0.0545994602 -0.0531994738
vn -0.991790295 0.00839991774 -0.127598748
vn 0.932794333 0.296498209 -0.20489876
vn 0.977861404 0.204291925 0.0452982113
vn 0.982847273 0.176908508 0.0521025062
vn 0.991905451 0.106400579 0.0693003759
vn 0.985983729 0.1579974 0.0535991155
vn -0.999278605 -0.00659985887 -0.0373991989
vn -0.993774533 0.00169995637 -0.11139714
vn -0.108998477 0.017599754 -0.993886113
vn 0.972188354 0.229497254 0.0466994382
vn 0.895915926 0.441907853 0.0453008041
vn -0.996792912 0.0796994343 -0.00719994912
vn 0.981361449 0.188692585 0.036398571
vn -0.999969602 0.00629980816 0.00459985994
vn -0.99922061 0.0346007124 0.0190003905
vn 0.0539978296 0.212991446 -0.975560784
vn 0.127295151 0.297288656 -0.946263909
vn -0.279593021 0.935576618 -0.215694606
vn 0.127295151 0.297288656 -0.946263909
vn -0.0684038848 0.862548947 -0.501328468
vn -0.0683975443 0.893767893 -0.443284065
vn 0.11800161 0.992713571 0.0244003329
vn -0.999970317 0.000199994072 0.00769977178
vn -0.998629332 0.0498014651 0.0161004737
vn 0.0765022784 0.996329665 -0.0384011418
vn 0.463685393 0.763575971 -0.449385852
vn 0.17680572 0.885728598 -0.429213881
vn 0.00229993928 -0.00689981738 -0.999973536
vn 0.00299995602 0.00449993415 -0.999985397
vn 0.463685393 0.763575971 -0.449385852
vn 0.204495832 0.96968025 0.133797273
vn -0.999458611 -0.00039998343 0.0328986384
vn 0.556198239 0.690997839 -0.461698532
vn -0.999619186 0.0103001976 -0.0256004911
vn 0.29949373 0.945980191 0.124197401
vn 0.820587099 0.571491003 0.00589990709
vn 0.556198239 0.690997839 -0.461698532
vn 0.317795157 0.944085598 0.0877986625
vn 0.820587099 0.571491003 0.00589990709
vn 0.556198239 0.690997839 -0.461698532
vn -0.996991098 0.00159998576 -0.0774993077
vn 0.430091441 0.902482033 0.0233995337
vn 0.693290949 0.708890736 -0.129698306
vn 0.0130001903 0.0142002078 -0.99981463
vn -0.998453617 0.0549974479 -0.00809962396
vn -0.998920798 0.0454009436 0.00980020408
vn 0.00439987564 0.00609982759 -0.999971688
vn -0.999619663 -0.0100001972 -0.0257005058
vn -0.996766508 -0.00639978517 -0.0800973102
vn -0.986904562 -0.00120000553 -0.161300749
vn 0.456016362 0.88893193 0.0430015437
vn -0.947951078 -0.0252013579 -0.317417115
vn 0.369199485 0.063199915 -0.927198768
vn 0.693290949 0.708890736 -0.129698306
vn 0.430091441 0.902482033 0.0233995337
vn 0.553207517 0.120301634 -0.824311197
vn -0.981753051 -0.0265987273 -0.188290998
vn 0.910999417 0.409999758 0.044499971
vn 0.456016362 0.88893193 0.0430015437
vn 0.555707932 0.137001947 -0.820011675
vn 0.0432989709 0.998776257 0.0238994323
vn -0.999804676 0.0160000753 0.0116000548
vn -0.88959825 -0.0222999565 -0.45619911
vn 0.264609694 0.065402396 -0.962135255
vn -0.99838841 0.0467994586 0.032099627
vn -0.995871067 0.0872974619 0.024899276
vn -0.996058941 0.0854964778 -0.0235990267
vn -0.944788873 0.00739991292 -0.327596128
vn 0.0468000285 0.998900652 -0.0027000017
vn -0.980220973 0.000900019251 -0.197904229
vn -0.996963084 0.0777971148 -0.00349987042
vn 0.0609023757 0.998138905 -0.00310012093
vn -0.995851576 0.00419979589 -0.0908955783
vn 0.0641000271 0.99780035 0.0169000067
vn 0.018899627 0.999680221 0.0167996679
vn 0.126505435 0.00680029206 -0.991942585
vn 0.240292758 0.0446986519 -0.969670773
vn 0.0907004327 0.995804727 -0.0121000577
vn -0.997611701 0.0610007159 -0.0324003808
vn 0.391712219 0.0699021816 -0.917428613
vn -0.997528315 0.0338009596 -0.0616017468
vn -0.997249067 0.00170008373 -0.074103646
vn -0.99663198 0.0197006315 -0.0796025544
vn -0.999705076 -0.00430002203 -0.0239001215
vn 0.020600399 0.999719322 0.011700226
vn 0.0772973374 0.996965647 0.00919968262
vn -0.999930799 -0.00360011077 -0.0112003451
vn 0.978673041 0.205294341 0.00729979901
vn 0.988838673 0.139805466 0.0515020154
vn -0.998287201 0.0584992506 0.000699991011
vn 0.9864766 0.146196529 0.0740982369
vn 0.132299274 0.0054999697 -0.991194546
vn 0.166705295 0.0122003872 -0.985931277
vn -0.999879539 0.000799983623 -0.0154996831
vn -0.993610442 0.112101175 0.0131001379
vn -0.995181262 0.0978981555 -0.00549989613
vn 0.628309608 0.0475007258 -0.776511908
vn 0.581880987 -0.00089997059 -0.81327343
vn 0.453972846 0.890546739 0.0288982727
vn 0.906323731 0.41801092 0.0620016232
vn 0.453972846 0.890546739 0.0288982727
vn -0.865509152 0.496405244 0.0669007078
vn -0.987190843 0.155498549 0.0356996693
vn 0.587131262 0.0324017219 -0.808843017
vn 0.986624241 0.161003962 0.0255006272
vn -0.999996305 0.00259999046 0.000799997011
vn 0.581880987 -0.00089997059 -0.81327343
vn 0.587131262 0.0324017219 -0.808843017
vn 0.895122826 0.00270006899 -0.445811391
vn 0.524514139 0.153104126 -0.837522566
vn -0.99974072 0.0162006598 0.0160006527
vn 0.991499186 0.125699893 0.0335999727
vn -0.996028781 0.0880025402 -0.0135003896
vn 0.357682407 0.93365407 0.018799074
vn 0.357682407 0.93365407 0.018799074
vn -0.996835768 0.0779027939 -0.0158005673
vn -0.0188999046 0.015899919 -0.999694943
vn -0.917306125 0.391302615 0.0737004876
vn -0.459488422 0.884977698 0.0753981024
vn 0.0830966011 0.996159256 0.0275988709
vn 0.0162006468 0.999839902 0.00760030327
vn -0.969339132 0.245109901 -0.0174007025
vn -0.404306173 0.914313972 0.0238003638
vn -0.328605533 0.941215873 -0.078301318
vn -0.99734056 0.0464018881 0.056202285
vn -0.995191395 0.0704993904 0.0679994151
vn -0.355308384 0.927721918 -0.114402704
vn 0.037899293 0.99828136 0.044699166
vn -0.995895982 0.0710997134 0.0559997745
vn -0.394477248 0.906647742 0.149591371
vn 0.355900586 0.0437000692 -0.933501542
vn -0.999882877 -0.00179996912 -0.0151997395
vn 0.335407585 0.0945021436 -0.937321246
vn -0.999262333 -0.00619976642 -0.037898574
vn -0.999031603 0.0437013842 0.0051001613
vn -0.999209583 0.0392003767 -0.00660006329
vn -0.999815822 0.00270004268 -0.0190003011
vn -0.998544931 0.0444019996 -0.0306013767
vn -0.999597728 0.0219999496 0.0178999584
vn -0.997510731 0.0689007416 -0.0150001617
vn -0.18449907 0.00859995652 -0.98279506
vn 0.0281996541 0.999587715 -0.00539993355
vn -0.996156812 0.0874962062 0.0039998265
vn -0.99853307 -0.019000629 0.0507016815
vn -0.999618769 0.0266004987 0.00740013877
vn -0.99152106 0.129802763 0.0061001298
vn -0.356802255 0.933305919 0.0404002555
vn -0.999373615 0.0333991162 -0.0116996914
vn -0.965716541 0.257104397 -0.0359006152
vn 0.0547980145 0.998263836 -0.0215992164
vn 0.0851954818 0.996147156 -0.0207988974
vn -0.0782966241 0.996357024 0.0337985419
vn 0.00759981619 0.99937582 0.0344991647
vn -0.700817525 -0.00570014259 -0.713317811
vn -0.0289001744 0.0235001408 -0.999306023
vn -0.9538486 0.00660033664 -0.300215304
vn -0.879442275 -0.016400788 -0.475722879
vn -0.362894773 0.931486607 0.0252996366
vn -0.945712507 0.000300003972 -0.32500428
vn -0.885397911 0.0111999735 -0.464698911
vn -0.512097836 0.0777996704 -0.85539639
vn 0.0598005913 0.998209834 0.00100000983
vn -0.329305261 0.944215059 -0.00400006352
vn -0.0687010661 0.997615457 -0.00660010241
vn -0.123099901 0.0241999794 -0.992099166
vn -0.0626016706 0.996426582 0.0567015149
vn 0.0103001622 -0.00790012442 -0.999915719
vn 0.986500621 0.1582001 0.0423000269
vn 0.989145756 0.134306207 0.0596027561
vn 0.991677642 0.127797112 0.0155996485
vn 0.00539996335 0.999293268 0.0371997505
vn 0.243201718 -0.0181001276 -0.96980685
vn 0.140702978 0.0161003396 -0.989920914
vn 0.988944888 0.115005225 0.0936042517
vn 0.336693108 0.941080689 0.031699352
vn -0.978075147 0.00489987526 -0.208194703
vn 0.253992856 0.084897615 -0.963472903
vn 0.0746007115 0.997109532 -0.0144001376
vn 0.867034972 0.498220116 0.00520021003
vn 0.331997186 -0.0452996157 -0.942192018
vn -0.0818971768 0.0503982641 -0.995365679
vn -0.0494012795 0.0103002675 -0.998725891
vn 0.336693108 0.941080689 0.031699352
vn -0.915795445 0.181299105 -0.358398229
vn -0.328007936 0.463911235 -0.822919905
vn -0.612018943 -0.123603821 -0.781124175
vn -0.0590973906 0.0344984755 -0.997655928
vn 0.860817075 0.50861007 0.0176003482
vn 0.0140995383 0.0215992928 -0.999667287
vn -0.993205607 0.0955005363 -0.0665003732
vn -0.962920249 -0.0123002585 -0.26950568
vn -0.971735001 0.231608346 0.0457016453
vn 0.957520664 0.263605684 0.116902523
vn -0.807627201 0.587919772 0.0457015373
vn -0.203395903 0.906781733 -0.369292557
vn -0.119893797 0.992748618 0.00869954936
vn -0.0208998565 0.999693096 -0.0132999085
vn 0.524514139 0.153104126 -0.837522566
vn 0.133098736 0.772592664 -0.620794117
vn 0.32661128 0.935132325 -0.137304753
vn -0.00350002595 0.995307326 -0.096700713
vn 0.133098736 0.772592664 -0.620794117
vn -0.203395903 0.906781733 -0.369292557
vn 0.32661128 0.935132325 -0.137304753
vn 0.853916407 -0.000400007702 -0.520410001
vn 0.174395531 0.450888425 -0.875377536
vn 0.00309979264 0.560062528 -0.828444541
vn 0.0368006639 0.8694157 -0.492708892
vn 0.00309979264 0.560062528 -0.828444541
vn 0.423681289 0.905260026 -0.0315986052
vn 0.189904913 0.012300319 -0.981725454
vn 0.860817075 0.50861007 0.0176003482
vn 0.957520664 0.263605684 0.116902523
vn 0.122292668 0.860548437 -0.494470358
vn 0.128399312 0.990094662 0.0567996912
vn 0.0769995973 0.996094823 0.0431997739
vn 0.944796562 0.0101999622 -0.327498794
vn -0.0150001813 0.992911994 0.117901422
vn 0.572071791 0.00849958044 -0.820159554
vn 0.572071791 0.00849958044 -0.820159554
vn 0.0390023626 0.377822876 -0.92505604
vn 0.488510847 0.0796017647 -0.868919253
vn 0.879774928 -0.0169995148 -0.475086451
vn -0.0215004478 0.00980020408 -0.999720812
vn 0.987975061 0.0336991474 -0.150896192
vn -0.978822291 0.0170003865 -0.204004645
vn 0.999530554 -0.00290008867 -0.0305009317
vn 0.997677743 0.0606986471 0.0308993105
vn 0.0539978296 0.212991446 -0.975560784
vn 0.13540034 0.352400899 -0.926002324
vn 0.38631019 0.134403542 -0.912524045
vn 0.13540034 0.352400899 -0.926002324
vn -0.209605217 0.30370757 -0.929423153
vn -0.997029662 0.0630018711 -0.0443013199
vn -0.997230768 -0.00630019419 -0.0741022825
vn 0.170600355 0.510801077 -0.842601776
vn -0.162199333 -0.12509948 -0.978795946
vn 0.0610018596 0.998130441 0.00380011578
vn 0.133099839 0.0200999752 -0.990898788
vn -0.038399443 0.999185503 0.0123998206
vn 0.465689391 0.884879887 -0.0109997494
vn 0.947573364 0.316591114 0.0432987846
vn -0.994996965 0.0776997656 -0.0627998039
vn 0.0246991795 0.99966681 0.0074997507
vn 0.440087825 0.894775271 0.0754979104
vn 0.0947010964 0.995211542 0.0242002811
vn 0.10500437 0.994341433 0.0161006711
vn 0.470289677 0.88038063 0.0612986535
vn -0.988408983 0.147701338 0.0351003185
vn -0.904484212 0.425492585 0.0293994881
vn -0.403996915 0.914692998 0.011099915
vn 0.488510847 0.0796017647 -0.868919253
vn -0.0144005474 0.999837995 0.0108004101
vn -0.998949945 0.0166008305 -0.0427021347
vn -0.999843121 0.0159006864 -0.00780033646
vn -0.998050094 0.0619031079 -0.00800040178
vn -0.996521711 0.0572012439 0.0606013201
vn -0.999711275 0.0207002331 0.0122001376
vn -0.999061286 0.031998761 0.0291988701
vn -0.997010887 0.0764008313 0.0115001258
vn -0.996404171 0.0792003348 0.0301001258
vn -0.991642714 0.104104489 0.0762032866
vn -0.989621043 0.142203018 0.0207004398
vn 0.995774567 0.0711981803 0.0579985194
vn 0.996312618 0.0728009194 0.0454005748
vn 0.993204296 0.0904003903 0.0733003169
vn 0.989988863 0.120498642 0.0734991729
vn 0.988982081 0.107098058 0.102198146
vn 0.995724916 0.0347008668 0.0856021419
vn 0.997585356 0.0145997861 0.0678990036
vn 0.998199999 0.0416000001 0.0431999974
vn 0.997282505 0.00329994201 0.0735987052
vn 0.997539759 0.0239009522 0.065902628
vn 0.553207517 0.120301634 -0.824311197
vn 0.995843589 0.00930040702 0.0906039625
vn 0.899294138 0.0146999042 -0.437097162
vn 0.555707932 0.137001947 -0.820011675
vn 0.998435676 0.0514018387 0.0220007859
vn 0.99902612 -0.0014000365 0.0441011526
vn 0.997476697 -0.0162996184 0.0690983832
vn 0.999903262 -0.0119000385 0.00720002363
vn 0.999130726 0.0192005914 0.0370011404
vn 0.982890725 -0.00579994544 -0.184098259
vn 0.996856093 0.0577974543 0.0541976131
vn 0.997953355 0.026498761 0.0581972785
vn 0.67719686 0.0812996253 -0.731296659
vn 0.67719686 0.0812996253 -0.731296659
vn 0.915899992 -0.00229999982 -0.4014
vn 0.998506546 -0.00950006209 0.0538003519
vn 0.628309608 0.0475007258 -0.776511908
vn 0.997282028 0.0635988489 0.0371993296
vn 0.99577558 0.0842979327 0.0363991074
vn 0.973132074 0.00430014171 -0.230207577
vn 0.996123075 0.0789018273 0.0389009006
vn 0.992446721 0.109805167 0.0547025725
vn 0.995942712 0.0800034329 0.0412017666
vn 0.99675715 0.0563975759 0.0573975332
vn 0.995157599 0.0903961509 0.0385983549
vn 0.977940083 0.190807819 0.0850034803
vn 0.996967256 0.050398346 0.0592980534
vn 0.999038517 0.00350013492 -0.0437016822
vn 0.999596655 -0.0181999393 0.0217999276
vn 0.994555235 -0.00669969851 0.103995316
vn 0.997941494 0.0602025017 0.022100918
vn 0.997445762 0.0672030821 0.02420111
vn 0.997886419 0.0223996956 0.0609991699
vn 0.996428967 0.0808023512 0.0245007128
vn 0.992298067 -0.0128999744 0.123199761
vn 0.993718088 0.109501995 0.0231004208
vn 0.99875021 -0.0178008955 0.0467023477
vn 0.994198442 0.00749998819 0.107299827
vn 0.992765188 -0.00949966628 0.119695798
vn 0.999786377 0.00739989895 -0.0192997362
vn 0.968346119 0.0234011151 -0.248511836
vn 0.997680664 0.0571988933 0.0368992835
vn 0.997724116 0.0253006127 0.0625015125
vn 0.996017516 0.0865015239 0.0216003805
vn 0.995005488 0.090600498 0.0419002324
vn 0.989841044 0.142005891 -0.00700029032
vn 0.996532023 0.0456014648 0.0696022362
vn 0.991924524 0.122103021 0.0343008488
vn 0.994435012 -0.0141004967 0.104403682
vn 0.995942593 0.0867037028 0.0241010301
vn 0.992664397 0.00129995332 0.120895661
vn 0.995998263 -0.0100999828 0.0887998492
vn 0.947573364 0.316591114 0.0432987846
vn 0.966410875 0.254702866 0.0343003869
vn 0.992944062 -0.0117005194 0.118005231
vn 0.996729434 0.0402011871 0.0701020733
vn 0.997375727 0.0354991369 0.0630984679
vn 0.996823549 0.0478011295 0.063701503
vn 0.997489631 0.0367996171 0.0604993738
vn -0.586387396 -0.809382558 -0.0323993005
vn -0.999810576 -0.00690007303 0.0182001926
vn -0.999827564 -0.00250006886 0.018400507
vn -0.999736607 -0.0195007138 0.0121004432
vn -0.999263406 -0.0373986326 -0.00859968551
vn -0.849895895 -0.521397471 0.0762996301
vn -0.999826193 0.00940024666 0.0161004215
vn -0.99981457 0.00460006716 0.0187002718
vn -0.999565899 0.0051998226 0.028999012
vn -0.999504685 0.00850003958 0.0303001422
vn -0.999349713 0.00200009951 0.0360017903
vn -0.999694943 0.0065999669 0.0237998795
vn -0.999586761 -0.0272996388 -0.00899988133
vn -0.924787462 -0.38029483 0.0119998371
vn -0.999922216 -0.00820018165 0.00940020848
vn -0.999509633 -0.0313003026 -0.000900008657
vn -0.99943614 0.0067002424 0.0329011902
vn -0.999303043 0.00950002857 0.0361001082
vn -0.999526918 0.00720019406 0.029900806
vn -0.999541163 -0.00230009481 0.0302012451
vn -0.999729335 0.00410012016 0.0229006726
vn -0.99988234 0.00829985365 0.0128997723
vn -0.999837399 -0.0180006735 0.00110004109
vn -0.999228895 -0.0246007107 0.0306008849
vn -0.999959648 0.00649973797 0.00619974965
vn -0.999953091 0.001299939 0.0095995497
vn -0.999801755 -0.000700001197 0.0199000351
vn -0.999323487 -0.00360008469 0.0366008617
vn -0.999433815 0.00480016274 0.0333011262
vn -0.999348402 0.0106005138 0.0345016718
vn -0.999139726 -0.0159006324 0.0383015238
vn -0.99890703 -0.0283001997 0.0372002609
vn -0.999580026 0.0127997436 0.0259994809
vn -0.999840438 -0.00870035216 0.015600631
vn -0.999721766 -0.013700299 0.0192004181
vn -0.995173156 -0.0172995348 0.0965973958
vn -0.999489546 0.00639993325 0.031299673
vn -0.99318397 -0.0189996939 0.114998147
vn -0.998575866 -0.0162996072 0.0507987738
vn -0.748228073 -0.00470017642 0.663424909
vn -0.760541797 -0.131007195 0.635934949
vn -0.990402997 -0.00760002295 0.138000414
vn -0.678783953 -0.0332992114 0.733582675
vn -0.999309123 -0.0368003361 -0.00520004751
vn -0.891604483 0.0884004459 0.444102228
vn -0.387583375 -0.0810965151 0.918260574
vn -0.111496665 -0.0279991627 0.993370295
vn -0.999414146 -0.0317004509 0.012900183
vn -0.998730004 -0.0469014086 0.0184005536
vn 0.0381002463 -0.916505933 0.398202568
vn -0.00779968454 -0.999659538 0.0248989929
vn -0.027099466 -0.986680508 0.160396829
vn 0.0464004725 -0.981509984 0.185701892
vn -0.998653471 0.0109994877 0.0506976396
vn -0.754209638 -0.0778009892 0.652008295
vn -0.998983502 0.0218996387 0.0393993519
vn -0.0762993917 -0.854693174 0.513495862
vn 0.116703071 -0.483512729 0.867522836
vn 0.0252992399 -0.795076132 0.605981767
vn -0.997341394 0.0155006433 0.0712029561
vn 0.106002755 -0.795420647 0.59671551
vn -0.0298002474 -0.382903188 0.923307717
vn 0.116703071 -0.483512729 0.867522836
vn 0.0273981728 -0.796846867 0.603559792
vn -0.854080498 -0.0757982731 0.514588237
vn -0.119304098 -0.0290009975 0.992434144
vn 0.106002755 -0.795420647 0.59671551
vn -0.733642161 0.156208977 0.661337972
vn -0.151893616 -0.0381983928 0.987658441
vn 0.0549991615 -0.00179997261 0.99848479
vn -0.999706984 0.000500003516 0.0242001694
vn -0.999657094 0.00869962666 0.0246989392
vn -0.99998939 -0.00189997978 0.00419995515
vn -0.0403983742 -0.575976849 0.816467166
vn -0.0442001894 -0.962404132 0.268001139
vn -0.00410021702 -0.524427772 0.851445079
vn -0.0403983742 -0.575976849 0.816467166
vn -0.0404987261 -0.999168515 -0.00469985185
vn -0.018200241 -0.999813259 0.00650008582
vn -0.999406576 0.0202001333 0.0279001836
vn -0.0940038413 -0.389215887 0.91633743
vn -0.085200429 -0.0437002219 0.995405018
vn -0.999444544 -0.0155006908 0.0295013152
vn -0.999888659 -0.0148998313 -0.000799990958
vn 0.0661997497 -0.00449998304 0.997796237
vn 0.0361003391 -0.00880008284 0.999309421
vn 0.0269007683 -0.0148004228 0.999528527
vn -0.473001122 -0.880502105 0.031400077
vn -0.332688659 -0.942967832 -0.0113996109
vn 0.0644005761 -0.00550004933 0.99790895
vn -0.124898292 0.0236996766 0.991886437
vn -0.998528242 0.012800362 0.0527014919
vn -0.00849974714 -0.453386515 0.891273499
vn 0.0290007032 0.010500255 0.999524236
vn 0.0324999131 0.0121999672 0.999397278
vn -0.998815894 0.0192003064 0.044700712
vn -0.159108356 0.0932049006 0.982851684
vn -0.999509513 0.0123001169 0.0288002733
vn -0.265201569 0.0364002138 0.963505685
vn -0.326604426 0.035000477 0.944512844
vn -0.212299317 -0.0314998999 0.976696849
vn -0.141101092 0.0627004877 0.988007665
vn 0.0888012871 -0.446606457 0.89031285
vn -0.998680413 -0.0165996738 0.0485990457
vn -0.25571388 0.000400021701 0.96675241
vn -0.0749980435 -0.00439988496 0.997173965
vn -0.0571978614 0.00059997756 0.99836266
vn -0.99712348 -0.00540012727 0.0756017789
vn -0.0109999832 -0.999298453 0.0357999429
vn 0.0549992099 0.00119998283 0.998485684
vn -0.177201375 0.0413003229 0.98330766
vn -0.999159217 0.0304987542 0.0273988806
vn -0.99949789 0.0218999535 0.0228999518
vn -0.00320001575 -0.999504924 0.0313001536
vn -0.997571826 0.0206994154 0.0664981231
vn 0.00179997401 -0.779988766 0.625790954
vn 0.00179997401 -0.779988766 0.625790954
vn -0.999571741 0.0165995304 0.0240993183
vn 0.0104998695 -0.908388734 0.417994827
vn 0.0258992668 -0.972372472 0.231993437
vn 0.518468678 0.075595431 0.851748526
vn -0.955659032 -0.291987479 0.038198363
vn -0.473209769 -0.880418181 0.0306006316
vn 0.0104998695 -0.908388734 0.417994827
vn 0.295798987 -0.501698256 0.812897205
vn 0.119800419 -0.992703438 -0.0137000475
vn -0.954066336 -0.297289521 0.0370986909
vn -0.998182833 -0.0525990948 -0.0293994956
vn 0.351014912 -0.903638363 0.245410413
vn -0.7355057 -0.0206001606 0.677205265
vn -0.767609715 -0.0322004072 0.640108109
vn 0.621878684 -0.780173302 -0.0677976757
vn 0.336604089 -0.629607618 0.700208485
vn 0.924177706 -0.380290836 0.0356991403
vn -0.0565978847 -0.971663713 0.229491428
vn 0.336604089 -0.629607618 0.700208485
vn -0.0200996883 -0.99978447 0.00519991899
vn 0.910411179 -0.0340004191 0.412305057
vn 0.526005328 -0.042700436 0.849408627
vn -0.111098133 0.0211996436 0.993583322
vn 0.518468678 0.075595431 0.851748526
vn 0.526005328 -0.042700436 0.849408627
vn 0.52042979 0.0163009334 0.853748858
vn 0.0441009961 -0.00300006778 0.999022543
vn -0.997780144 0.0095998086 0.0658986866
vn -0.842678189 -0.53828609 0.011899692
vn -0.765257537 -0.641864419 0.0488972887
vn -0.737498462 -0.106499784 0.666898608
vn -0.977047205 -0.212588504 0.0135992644
vn -0.368804783 -0.92841208 0.0451005846
vn -0.999716222 -0.0237003844 -0.002400039
vn -0.999499679 -0.0105999969 0.0297999904
vn -0.0931989178 -0.102198809 0.990388513
vn -0.999679387 -0.0245994925 0.00599987619
vn 0.99050957 -0.136901319 -0.012200118
vn 0.992472649 -0.112496905 -0.0483986661
vn 0.988614976 -0.144102186 -0.0433006585
vn -0.0741016567 0.0160003584 0.997122347
vn -0.131195232 0.116695762 0.984464288
vn 0.890646338 -0.453423589 0.0340017714
vn 0.913396537 -0.405198455 0.0389998518
vn -0.0988959968 0.0776968598 0.992059886
vn 0.952720582 -0.302006513 0.0334007218
vn -0.216511697 0.00730039412 0.976252735
vn 0.00419993745 -0.998785079 0.0490992665
vn -0.00489975559 -0.999950171 0.00869956613
vn 0.992575765 -0.112797245 -0.0454988889
vn 0.993097842 -0.0882998109 -0.0771998316
vn -0.126399115 -0.074299477 0.989193022
vn 0.996366322 -0.0631978661 -0.0570980683
vn 0.998556018 -0.0521977022 -0.0126994411
vn 0.993684649 0.0640990064 -0.0920985788
vn 0.00769997155 -0.999096334 0.041799847
vn -0.0116000921 -0.999707937 0.0212001689
vn 0.997987866 0.000899989041 -0.0633992255
vn 0.960994959 -0.00609996822 0.276498556
vn -0.00050001801 -0.999936044 -0.0113004074
vn -0.0335011445 -0.999434173 -0.0030001027
vn 0.997570395 -0.0693979412 0.00609981921
vn 0.0355989225 -0.998269796 0.0467985831
vn -0.230306417 -0.0775021538 0.97002697
vn 0.924660623 0.0967958793 0.368284315
vn 0.935768664 0.087097086 0.341688573
vn 0.999536574 -0.029201068 0.00860031415
vn 0.97835654 -0.205090895 0.027498778
vn 0.0139997676 -0.00609989883 0.999883413
vn 0.596692741 -0.801190197 0.0452994481
vn 0.0160994809 -0.999367774 0.0316989794
vn 0.996631503 -0.0514016263 -0.0639020205
vn 0.0240000859 0.00410001446 0.999703526
vn 0.995175481 -0.0401990078 -0.0894977897
vn 0.995444715 -0.0634028465 -0.071203202
vn 0.995153964 -0.0531975366 -0.0826961696
vn 0.982123375 -0.133703187 -0.132503152
vn 0.997933507 -0.00260008732 -0.0642021596
vn 0.033800073 -0.0159000345 0.999302149
vn 0.0349994563 0.00239996263 0.999384463
vn 0.993763506 0.0163993966 -0.110295944
vn 0.0135997199 -0.99987942 0.00749984523
vn 0.0116995955 -0.999865413 -0.0114996023
vn 0.993658662 -0.0534977764 -0.0988958851
vn 0.0381987579 0.00229992531 0.999267519
vn 0.990601301 0.00470000645 -0.136700183
vn 0.995462537 0.00699973665 -0.0948964283
vn 0.027999986 -0.999599516 0.00409999816
vn 0.0382986814 -0.999265611 -0.00119995873
vn 0.996216178 -0.0132002141 -0.0859013945
vn 0.008299849 -0.999481857 -0.0310994349
vn 0.414186776 -0.909170985 0.0430986248
vn 0.99359417 -0.0183998924 -0.111499347
vn 0.0327985398 0.00359983975 0.999455512
vn 0.99440223 -0.0843001902 -0.0637001395
vn 0.353892684 -0.925680816 0.133697227
vn 0.954445362 -0.296083063 -0.0369978845
vn -0.641101718 -0.763802052 0.0748002008
vn -0.490707368 -0.865612984 -0.0996014923
vn -0.0331998244 -0.999094725 -0.0265998598
vn 0.986465394 -0.0371986963 -0.159694403
vn -0.590301633 -0.807102263 0.0114000319
vn -0.978961289 -0.186492622 -0.0827967227
vn 0.994794011 0.00909994449 -0.101499386
vn 0.00499993656 -0.999687314 0.0244996902
vn -0.0261990633 -0.99956423 0.0135995131
vn 0.997846305 -0.0186008625 -0.0629029199
vn -0.999940515 -0.00930037629 0.00570023106
vn -0.520784795 -0.853675067 0.00469986256
vn 0.995598793 -0.00469999434 -0.0935998857
vn 0.99526298 -0.0251990631 -0.0938965082
vn -0.149701893 -0.988412499 -0.0251003187
vn -0.735612512 -0.655411184 0.171202913
vn -0.999975502 0.00649984088 0.00259993621
vn 0.99350512 -0.022200115 -0.111600578
vn -0.999859452 0.00149993913 0.0166993216
vn 0.966508389 -0.244302109 0.0786006823
vn 0.14530161 -0.0307003409 0.988910973
vn 0.999871433 -0.00479986286 0.0152995633
vn 0.99163872 -0.0429016761 0.121704757
vn 0.999550819 -0.0299015213 0.00200010184
vn -0.999840975 0.00390015985 0.0174007136
vn -0.999630809 0.0265008155 0.00600018492
vn -0.975801647 -0.218100369 -0.0156000266
vn -0.999934316 0.00780026754 0.00840028841
vn -0.0994990021 0.0262997374 0.994690061
vn -0.188198969 -0.0256998595 0.981794596
vn 0.043498531 -0.0131995548 0.998966277
vn 0.999696255 -0.019999925 -0.0143999467
vn -0.761381149 -0.012499691 0.648184001
vn 0.977056563 -0.0434980653 -0.208490729
vn -0.0127001321 -0.999410391 0.0319003314
vn -0.0212000944 -0.999704421 -0.0119000524
vn 0.0633977875 -0.997965157 -0.0067997626
vn 0.0218005143 -0.999723613 -0.00880020764
vn 0.990588963 0.0124998605 -0.136298478
vn 0.997798562 -0.018099973 -0.0637999102
vn 0.989385903 0.00199997146 -0.14529793
vn 0.861094713 0.0408997498 0.506796896
vn 0.996926725 0.00610016333 -0.0781020895
vn 0.52042979 0.0163009334 0.853748858
vn -0.0971966013 -0.995265186 -0.00019999301
vn 0.986515105 -0.0226003453 -0.162102476
vn 0.995506644 -0.0439002924 -0.083900556
vn -0.219206586 0.0261007845 0.97532928
vn 0.976495087 0.116099417 -0.181599095
vn 0.98546809 0.121896051 -0.118296169
vn 0.00100001704 -0.999117076 0.0420007184
vn -0.60839349 -0.781791627 0.136598542
vn 0.98522979 0.145304397 -0.0906027406
vn 0.986765385 0.103296377 -0.124995619
vn -0.992617548 -0.121002138 0.00830014702
vn -0.472594053 -0.860089183 -0.192097574
vn 0.984779775 0.00189996092 0.17379643
vn 0.931531131 -0.00600020029 0.363612145
vn 0.989619076 0.0542010441 -0.133102566
vn 0.650004447 0.0185001269 0.759705186
vn 0.0178008229 -0.99954617 0.0243011229
vn 0.994261742 -0.0428983495 -0.0979962349
vn 0.989432693 0.016900558 -0.144004747
vn -0.152204022 -0.987226129 0.0471012443
vn -0.0089001283 -0.997014403 0.0767011046
vn -0.0126999998 -0.99879998 0.0472999997
vn -0.206004739 -0.93652159 0.283706546
vn -0.828149855 -0.540032506 0.150109038
vn -0.976421356 -0.18850413 0.105202302
vn -0.992680728 0.0389992446 0.114297785
vn 0.00599986129 -0.0246994291 0.999676943
vn 0.0277000312 0.00550000649 0.999601126
vn -0.557416379 -0.338209927 0.758222282
vn 0.0227997471 -0.720391989 0.693192303
vn 0.0227997471 -0.720391989 0.693192303
vn 0.999640286 -0.00890035834 -0.0253010187
vn -0.760786891 0.0644988865 0.645788848
vn -0.814682782 0.0966979563 0.571787953
vn -0.0560980141 -0.273390323 0.960265994
vn 0.0377001017 -0.415301114 0.908902466
vn 0.999340892 -0.00270011043 -0.0362014808
vn 0.999485075 0.00789988227 0.0310995355
vn 0.236604765 0.0274005514 0.97121954
vn -0.999884725 0.00929985847 0.0119998166
vn 0.796791852 0.130498663 0.589993954
vn 0.650004447 0.0185001269 0.759705186
vn -0.998360276 0.0251989979 0.0513979569
vn 0.796791852 0.130498663 0.589993954
vn 0.0316985473 0.00929957349 0.9994542
vn 0.997881711 -0.00449991738 -0.0648988113
vn 0.984296858 -0.0840997323 -0.155199513
vn 0.028899068 0.00539982598 0.999567747
vn 0.999691844 -0.0106999129 0.0223998167
vn 0.997517288 -0.00170002948 -0.0704012215
vn -0.998833954 0.0203006901 0.0438014902
vn -0.996875167 0.0124996882 0.077998057
vn 0.975466907 -0.0299989823 0.218092605
vn -0.78921634 0.0790016353 0.609012604
vn 0.995106936 0.0193001349 -0.0969006717
vn -0.841834307 0.0836034119 0.533221722
vn 0.999576807 0.00629985379 -0.0283993408
vn 0.98316443 -0.00329988054 0.182693392
vn -0.729432106 0.0441019423 0.682630062
vn 0.996209264 -0.0101000937 -0.0864007995
vn 0.874789178 -0.0279996544 0.483694017
vn 0.709802449 0.122300424 0.6937024
vn 0.0246002637 0.0278002992 0.999310732
vn 0.600186348 -0.0245994404 -0.799481809
vn 0.990225315 -0.0102002602 -0.139103562
vn 0.991750002 0.0150007559 -0.127306417
vn 0.709802449 0.122300424 0.6937024
vn 0.923446834 -0.0023001167 0.383719474
vn 0.0083996607 -0.999859571 0.0144994138
vn 0.00890001748 -0.999801934 0.017800035
vn -0.0628013536 -0.998021543 -0.00300006475
vn 0.00920028146 -0.997730494 -0.066702038
vn 0.0318986811 -0.999058664 -0.029398784
vn 0.724988163 0.0099998368 0.688688755
vn 0.724988163 0.0099998368 0.688688755
vn 0.97200793 -0.0903007388 -0.216901764
vn 0.993609905 0.00910009071 -0.112501122
vn 0.990379512 -0.02659945 -0.135797188
vn 0.990563869 0.0330987908 -0.132995144
vn 0.055601079 -0.998419404 -0.0082001593
vn 0.995819926 -0.0534010679 -0.0741014853
vn 0.045001924 -0.998942673 -0.00940040126
vn 0.988568902 0.0236992557 -0.148895323
vn 0.984697759 -0.0140999677 -0.173699602
vn 0.943880498 -0.0881981775 -0.318293422
vn 0.993009806 0.00270002661 -0.118001163
vn 0.986793816 -0.150499061 -0.0598996244
vn 0.633674741 0.0971961245 -0.767469406
vn 0.993315935 0.0099001592 -0.115001842
vn 0.994036496 -0.0264009684 -0.105803885
vn 0.993097544 -0.0803998038 -0.0853997916
vn 0.992286026 -0.00819988456 -0.123698257
vn 0.999876797 0.0120997196 0.00999976788
vn 0.989592612 0.0296997782 -0.140798956
vn -0.0478983372 0.0277990345 0.9984653
vn 0.992127478 -0.0260007195 -0.122503392
vn 0.0336011499 -0.999434173 -0.00150005135
vn 0.983662963 -0.00309988321 -0.179993227
vn 0.992755175 0.00789964385 -0.119894587
vn 0.991533577 -0.122904159 0.0419014208
vn 0.97519201 0.150098771 -0.162698671
vn -0.373784542 -0.922861874 0.0927961618
vn 0.99561131 -0.0142001612 -0.0925010517
vn -0.0399018191 -0.0414018854 0.998345494
vn 0.987754285 0.0273987316 -0.153592885
vn 0.0425997488 -0.998994112 -0.0139999175
vn 0.619869411 -0.782461345 0.0592970736
vn 0.998241127 0.0360014811 -0.047101941
vn -0.248102874 -0.00660007633 0.968711197
vn 0.458182931 -0.887666941 0.0459982865
vn 0.992761075 -0.082596764 -0.0871965811
vn 0.993609548 -0.0304002911 -0.108701043
vn 0.989000499 0.00190000096 -0.147900075
vn 0.990549564 -0.0437021852 -0.130006507
vn 0.998754323 0.0397981778 -0.0300986227
vn 0.0525008105 -0.998615444 0.00330005097
vn 0.986094892 0.0682996437 -0.151499212
vn 0.991993427 0.0263998248 -0.123499185
vn 0.994923592 0.00250005932 -0.100602381
vn 0.954720199 0.0154003259 -0.297106296
vn 0.995845199 0.0245011132 -0.0877039805
vn 0.999430716 -0.0324009955 -0.00940028951
vn 0.993226945 -0.00450012228 -0.11610315
vn 0.986070991 -0.0457986519 -0.159895301
vn 0.987884045 0.0214996524 -0.15369752
vn 0.0431993827 0.0126998192 0.998985767
vn 0.990448892 0.00450022239 -0.137806803
vn 0.989571214 -0.0468986332 -0.136196032
vn -0.137303352 0.0614014976 0.988624096
vn 0.991757989 -0.0126994615 -0.127494588
vn 0.999682367 -0.00389993121 -0.024899561
vn 0.983302414 0.0157000385 -0.181300446
vn 0.915683806 -0.0966982916 -0.390093088
vn 0.915989637 -0.182097942 -0.357495964
vn 0.989508927 -0.0421003811 -0.138201252
vn 0.98569876 -0.0351999551 -0.164799795
vn 0.980202258 -0.0609001406 -0.188400432
vn -0.0760022253 0.122703589 0.989528954
vn 0.982305706 -0.0310001802 -0.18470107
vn 0.990677834 -0.00279993727 -0.136196956
vn 0.98931253 -0.0434005484 -0.13920176
vn 0.977500618 -0.00990000647 -0.210700125
vn -0.999443233 -0.0146006318 0.0300012976
vn 0.997156858 -0.0332985595 -0.0675970763
vn 0.990390837 0.0202998128 -0.136798739
vn -0.24390766 0.0455014296 0.96873045
vn -0.999770999 -0.00459986646 0.0208993945
vn -0.0505011454 -0.12850292 0.990422428
vn 0.989012599 -0.0250003189 -0.145701855
vn 0.986673355 -0.0321991295 -0.159495696
vn 0.963636041 -0.00210007862 -0.267210007
vn -0.187304363 -0.0826019198 0.978822768
vn 0.98077476 -0.0201994795 -0.194095001
vn 0.99265027 -0.0140992943 -0.120193981
vn 0.98924619 0.0586027354 -0.134006262
vn 0.196491301 0.00979956612 0.980456591
vn 0.987364292 -0.00479982654 -0.158394262
vn 0.993562639 0.0274989661 -0.10989587
vn 0.133297116 0.0313993208 0.990578592
vn 0.0233991705 0.0110996068 0.999664605
vn 0.997007251 0.0455003306 0.0625004545
vn 0.996113658 -0.0171002336 0.0864011869
vn 0.99939692 -0.0203999374 -0.0280999132
vn 0.907709837 -0.0157001708 0.41930455
vn 0.855576634 -0.0200994499 0.517285883
vn 0.730490327 -0.0767989829 0.678591013
vn 0.730490327 -0.0767989829 0.678591013
vn 0.959974229 -0.0341990814 0.277992547
vn 0.598381877 0.0812975317 0.797075808
vn 0.89328748 0.00909987278 0.44939369
vn 0.598381877 0.0812975317 0.797075808
vn 0.992705166 -0.00400002114 -0.120500632
vn 0.675487936 -0.0237995759 0.736986876
vn 0.675487936 -0.0237995759 0.736986876
vn 0.850308776 0.00910009444 0.52620542
vn 0.999323249 -0.0277006458 0.0242005643
vn 0.997614801 -0.00670009945 -0.0687010214
vn 0.965840518 -0.0368015431 0.256510764
vn 0.871707261 -0.0247002058 0.489404082
vn 0.960047841 -0.0035001745 0.279813945
vn 0.990951121 -0.034198314 0.129793599
vn 0.98556447 0.00149994588 -0.169293895
vn 0.986957788 0.0124994656 -0.160493135
vn 0.997696877 -0.00419998681 0.06769979
vn 0.994872749 0.0196994618 -0.0991972834
vn 0.998064637 -0.0243991353 0.0571979731
vn 0.096701093 0.00210002367 0.99531126
vn -0.768719733 0.0827021226 0.634216309
vn -0.156700522 -0.00920003094 0.987603307
vn 0.477578193 0.0550974831 0.876859963
vn 0.477578193 0.0550974831 0.876859963
vn -0.90420419 0.422201961 -0.0645003021
vn -0.996811807 0.0674007982 -0.0427005067
vn -0.992514968 0.0927013978 0.0795012042
vn -0.329798579 0.932896018 -0.14469938
vn -0.732702971 0.678402781 0.0540002212
vn -0.0972002 0.995102048 0.0180000365
vn -0.112195648 0.993661463 -0.00699972874
vn 0.0684028864 0.99764204 0.00560023589
vn -0.196596503 0.977182627 0.080398567
vn 0.075698711 0.995483041 0.0572990254
vn -0.976895571 0.212399036 0.0236998927
vn -0.362221152 0.931154311 -0.0418024398
vn -0.999510944 0.0305003338 0.00690007536
vn -0.999365807 0.0354987867 -0.00279990421
vn -0.998893976 0.0458997227 -0.0101999389
vn -0.9995296 0.0305009037 0.00320009491
vn -0.965143979 0.261311918 -0.0146006653
vn -0.999566019 0.0287990198 -0.00619978923
vn -0.999762237 0.0203992296 -0.00769970939
vn -0.992271602 0.116396666 -0.0429987684
vn -0.99974829 0.0218010526 0.00530025596
vn -0.89441061 0.442305237 0.066300787
vn 0.0170997679 0.999486446 0.0270996336
vn 0.189894438 0.98087126 0.0427987464
vn 0.15589866 0.986491561 0.05029957
vn -0.999925315 0.0114002889 0.00440011127
vn -0.998884618 0.0471992753 0.00129997998
vn 0.023000516 0.999722421 -0.00510011427
vn 0.126197562 0.991880894 -0.0156996977
vn -0.999748945 0.0200009793 0.0101004941
vn 0.0194998905 0.9992944 0.0320998207
vn -0.119102955 0.99262464 -0.0226005614
vn -0.109395325 0.993557513 0.0295987353
vn -0.379391491 0.924879253 -0.0256994236
vn 0.00379987038 0.997265995 0.0737974867
vn 0.0571011752 0.997920513 -0.029900616
vn 0.126599386 0.991895139 -0.0107999472
vn 0.078902781 0.996835113 -0.00970034208
vn 0.0694992617 0.997389436 0.0195997916
vn 0.22049281 0.975068212 0.0249991845
vn -0.987528384 -0.0034000976 0.157404527
vn -0.99941057 -0.00140001485 0.0343003646
vn 0.1963958 0.980379045 0.0168996397
vn -0.987505019 -0.00950004812 0.1573008
vn 0.0290006697 0.999123037 0.0302006975
vn -0.550497293 -0.102699496 0.82849592
vn 0.0153996199 0.999875307 0.0034999135
vn 0.0442005135 0.00470005488 0.999011636
vn 0.00209999527 0.999797761 0.0199999548
vn -0.830100834 0.11700011 0.545200527
vn -0.25910449 0.0160002783 0.965716779
vn 0.0374991521 0.999277413 -0.00619986001
vn 0.0473977029 0.998851597 0.00699966075
vn 0.0228996966 0.999686778 0.0100998664
vn 0.0268997308 0.999090016 0.03309967
vn 0.0364994369 0.997584641 0.0590990894
vn 0.0267012808 0.998647928 0.0446021408
vn -0.968407989 0.248502061 0.0208001714
vn -0.0144000491 0.999603391 0.0242000837
vn -0.984869838 0.0185994301 0.172294721
vn -0.68514359 0.192012221 0.702644706
vn -0.770595074 0.610096097 -0.184298813
vn 0.0737030134 0.994240701 0.0778031871
vn 0.00630009128 0.99981451 0.0182002634
vn -0.893250227 0.445375174 0.061196588
vn -0.976121366 -0.00980021432 0.217004746
vn -0.585520267 0.804527879 0.0995034426
vn -0.0862001628 0.996201932 0.0123000238
vn -0.9805457 0.163707629 0.108305044
vn 0.0764973611 0.994665682 0.06919761
vn -0.999740899 0.021900896 -0.00620025396
vn 0.0105995694 0.996959507 0.0771968663
vn -0.966036022 0.258109629 -0.0124004623
vn -0.560106039 0.824908912 0.0762008205
vn 0.0651006028 0.996109188 0.0594005473
vn -0.399613798 0.914631546 -0.0613021143
vn 0.014899415 0.98836118 0.151394054
vn -0.205494121 0.978572011 0.0129996277
vn 0.0620988458 0.997881472 0.0193996392
vn 0.109897822 0.993080318 0.0413991809
vn 0.0277010798 0.998438895 0.0485018902
vn -0.361012578 0.931732416 0.0393013693
vn 0.11389906 0.993491828 -0.000999991782
vn -0.999807715 0.0171001311 0.00960007403
vn -0.927491546 0.373596609 0.0135998763
vn 0.0976013243 0.98941344 0.107401453
vn -0.358196884 0.932691872 0.042199634
vn 0.118496343 0.992869377 0.0129995989
vn 0.0134998439 0.989688575 0.142598346
vn -0.0338008739 0.997625828 0.0600015558
vn 0.0196000412 0.996602118 0.0800001696
vn 0.0379014388 0.997937918 0.0518019684
vn 0.104995444 0.991557002 0.0760966986
vn 0.220290005 0.922458172 0.317085624
vn 0.0161001682 0.999610364 0.0228002369
vn 0.295383394 0.953246415 0.0637964085
vn 0.0365003869 0.997010529 0.0681007206
vn 0.0932994038 0.9939937 0.0571996346
vn 0.115704723 0.975539804 0.186907634
vn 0.0205009747 0.999747515 0.00920043699
vn 0.0816044062 0.993853629 0.0748040378
vn 0.0702023432 0.992033124 0.104603492
vn 0.0559010617 0.981818676 0.181403443
vn 0.0350995138 0.991586268 0.124598272
vn 0.0717028007 0.971737981 0.224908799
vn 0.027499456 0.991080344 0.130397424
vn -0.999848664 -0.00770037482 -0.0156007595
vn 0.0114999926 0.999799371 0.0163999889
vn 0.0457993113 0.998484969 0.0304995403
vn -0.999201834 0.00950001739 0.0388000719
vn 0.0588024333 0.997941315 0.0256010592
vn -0.997995377 0.0625997111 0.00929995719
vn -0.0121002123 0.999317527 -0.0349006131
vn 0.0206992161 0.999362171 0.0290989
vn -0.999171555 0.0347990096 -0.0210993998
vn 0.0623995624 0.99409306 -0.0887993798
vn 0.105902985 0.992027938 0.0683019236
vn 0.125105172 0.992141068 0.00220009102
vn 0.0414002687 0.999106467 -0.00850005541
vn -0.00780007523 0.999709606 0.0228002183
vn -0.000200008173 0.999340892 -0.0363014862
vn 0.14159672 0.982077241 0.124397121
vn 0.320011437 0.947333813 -0.0123004392
vn 0.0124002108 0.999916971 -0.00350005948
vn 0.111800849 0.990407526 0.0812006146
vn -0.886897922 0.461598903 0.0183999557
vn 0.0381014086 0.997736871 0.0554020479
vn 0.258495569 0.96388346 0.064098902
vn 0.123304844 0.992338955 0.00770030217
vn -0.289612472 0.957141221 0.002300099
vn 0.0819982067 0.996578217 0.0103997728
vn 0.137104854 0.989835024 -0.0378013365
vn -0.99603653 0.067602478 -0.0578021221
vn -0.0464985967 0.998369813 0.0330989994
vn 0.0759995654 0.997094274 0.00519997021
vn 0.0293006897 0.99712348 -0.0699016452
vn -0.0621988997 0.99778235 0.0236995816
vn 0.0643969402 0.995352685 0.0715965927
vn 0.16320096 0.985505819 -0.0463002734
vn 0.0615030639 0.997149706 0.0437021777
vn -0.0745010674 0.997014284 0.0203002915
vn -0.139099687 0.977897823 -0.156099647
vn -0.0881037414 0.995442271 -0.0365015492
vn 0.02159933 0.998169005 -0.0564982481
vn 0.101003021 0.990529597 -0.0930027813
vn 0.011799817 0.999584436 0.0262995902
vn 0.136996478 0.970275104 -0.199494883
vn 0.0863984898 0.991682649 -0.0953983292
vn 0.0687992349 0.973989189 -0.215897605
vn 0.0899026245 0.990228891 -0.106603116
vn -0.00800008606 0.980410576 -0.196802124
vn -0.346304327 0.938011706 -0.0144001795
vn -0.00220010895 0.999949574 -0.00980048534
vn 0.0270993952 0.986777961 -0.159796432
vn -0.952936888 0.273210585 0.131405085
vn -0.592904747 0.805006504 0.020700166
vn -0.0195007008 0.994935691 -0.0986035392
vn -0.502189159 0.858481526 0.10399776
vn 0.0486993901 0.975487769 -0.2145973
vn 0.0645987168 0.981580496 -0.179796427
vn 0.0580971092 0.996750414 0.055797223
vn -0.0189001225 0.999406517 -0.0288001876
vn -0.922995627 0.384198159 0.0216998961
vn -0.999116302 0.041300673 0.00780012738
vn -0.170399025 0.21019879 0.962694466
vn -0.92817992 0.0158996563 0.371791959
vn -0.873603642 0.136500567 0.467101961
vn -0.303709984 0.729023993 0.613420188
vn 0.07000155 0.310106874 0.948121011
vn 0.186291412 0.342784196 0.920757592
vn 0.169702291 0.432105839 0.885711968
vn 0.034799207 0.0152996508 0.999277234
vn -0.133706272 0.979845941 0.148406953
vn -0.075196892 0.988659084 -0.129994616
vn -0.272596121 0.92528677 0.263696223
vn 0.169702291 0.432105839 0.885711968
vn 0.104199693 0.806197643 0.582398295
vn 0.0335989892 0.323090285 0.945771515
vn 0.0335989892 0.323090285 0.945771515
vn 0.96019429 -0.0043999739 0.279298335
vn 0.88270247 -0.0262000728 0.469201326
vn 0.871022165 -0.0400010161 0.48961246
vn 0.988858759 -0.0200991612 0.147493839
vn 0.979027271 -0.0183005091 0.202905655
vn 0.996495247 -0.0274998695 0.0789996237
vn 0.992228448 0.00560016045 0.124303564
vn 0.988338053 0.131605059 -0.0766029507
vn 0.998936713 -0.00430015801 -0.045901686
vn 0.992285609 0.00429993775 -0.123898201
vn 0.975642264 0.026101131 -0.217809424
vn 0.978542507 0.0134005817 -0.205608919
vn 0.993253529 -0.0195990838 -0.114294656
vn 0.93247354 0.360989749 0.0133996196
vn 0.974430919 0.223107085 0.0266008433
vn 0.991406143 0.130100802 0.0137000848
vn 0.991999149 -0.103699915 -0.0719999373
vn 0.987702191 0.078000173 -0.135500297
vn 0.992427886 -0.00250007026 -0.12280345
vn 0.92766732 0.00949966535 0.373286843
vn 0.988096893 0.0127999596 -0.15329951
vn 0.517312586 0.0551013425 0.854020774
vn 0.876113832 -0.0325005129 0.481007576
vn 0.988541484 -0.00360015128 -0.150906339
vn 0.995152354 -0.0112005891 0.0977051407
vn 0.994637191 -0.0145005425 -0.102403834
vn 0.991671801 -0.00869975239 -0.128496349
vn 0.0201999135 0.999795735 0.000699997006
vn -0.0330015197 0.999045968 0.0286013167
vn 0.0122997724 0.991581619 0.128897607
vn 0.994107068 -0.000600004278 -0.108400777
vn 0.989906609 0.00240001595 -0.141700938
vn 0.00650021993 0.999133825 -0.0411013924
vn 0.0104999356 0.998993874 0.0435997322
vn 0.99326086 0.00839966908 -0.115595445
vn -0.0362006761 0.994418561 0.0991018564
vn 0.987395644 0.141999379 -0.0698996931
vn 0.988930762 0.0906028152 0.11750365
vn 0.833848178 -0.0249014385 0.551431894
vn 0.992602289 -0.0816001892 0.0899002105
vn 0.989105105 0.0301001556 -0.144100741
vn 0.033200413 0.994012415 0.1041013
vn 0.0500013828 0.975726962 0.213205889
vn 0.9917081 -0.001600013 -0.128501043
vn 0.126996368 0.990371704 0.0550984256
vn 0.00580016896 0.99992907 -0.0104003027
vn 0.998350441 -0.0157992169 -0.0551972613
vn 0.997543037 -0.0211009104 0.0668028817
vn 0.0951023698 0.942323506 0.32090801
vn -0.161893651 0.978061616 0.131094858
vn 0.995830894 0.00170005276 -0.0912028253
vn 0.995985806 -0.00149997859 0.0894987211
vn -0.0263001658 0.997406244 0.0670004189
vn 0.0351990722 0.995173812 0.0915975869
vn 0.00979998428 0.99669838 0.0805998668
vn 0.0149006629 0.994444251 0.10420464
vn 0.990038633 0.014900581 -0.140005454
vn 0.992424965 0.0272006858 -0.119803019
vn 0.0346983224 0.00959953666 0.99935174
vn 0.980609536 0.13610132 -0.141001374
vn 0.980463147 -0.0126995221 -0.196292624
vn 0.986917794 -0.0206003711 -0.159902886
vn 0.983837187 -0.0999037772 -0.148605615
vn 0.981387079 -0.0933987722 -0.167797789
vn 0.851811647 0.523507118 -0.0189002585
vn 0.9949736 0.00529985921 -0.0999973491
vn 0.998671949 -0.0225993656 -0.0462987013
vn 0.971381605 0.0637987927 -0.228795677
vn 0.0855001658 0.00850001629 0.996301889
vn 0.517312586 0.0551013425 0.854020774
vn 0.975296497 0.0566997938 -0.213499233
vn 0.993245363 0.0259011835 -0.113105163
vn 0.985012412 0.0509006418 -0.164802074
vn 0.429999053 0.893097997 0.132199705
vn 0.654589295 0.751887679 0.0785987154
vn 0.924879491 -0.0864980817 -0.370291799
vn 0.990220368 0.0159003269 -0.138602853
vn 0.943816662 0.330005825 -0.0175003093
vn 0.943816662 0.330005825 -0.0175003093
vn 0.851811647 0.523507118 -0.0189002585
vn 0.993503153 -0.0471001491 -0.103600331
vn 0.998736978 -0.0086003188 -0.0495018326
vn 0.999888599 -0.010199883 -0.0108998753
vn -0.0720999166 0.99629885 0.0467999466
vn 0.93247354 0.360989749 0.0133996196
vn 0.572006822 -0.144001707 0.807509601
vn 0.572006822 -0.144001707 0.807509601
vn 0.990923882 0.00570013747 -0.134303242
vn 0.172498062 0.980388999 0.095298931
vn 0.989332676 0.0316010453 -0.142204702
vn 0.987411857 -0.0315003768 -0.155001864
vn 0.993746579 -0.0319014937 -0.107005015
vn 0.987816334 0.0295004882 -0.152802527
vn 0.983612657 0.0146001885 -0.179702312
vn 0.992358446 0.00479979906 -0.123294838
vn 0.983586013 0.115298361 -0.138798028
vn 0.990492642 0.123499081 -0.0605995506
vn 0.987177014 0.0333992206 -0.156096369
vn 0.991213441 -0.0532007217 -0.12110164
vn 0.987426519 0.018400494 -0.157004207
vn 0.966410875 0.254702866 0.0343003869
vn 0.968775332 0.0971975252 -0.22809419
vn 0.432287514 0.89627409 -0.0990971401
vn -0.0985027924 0.995028198 0.0147004165
vn 0.157106474 0.987540662 -0.00900037028
vn 0.996431351 -0.000900028273 -0.0844026506
vn 0.985303938 -0.0219000876 -0.169400677
vn 0.986975014 -0.118596993 0.10869725
vn 0.936913073 0.348804861 0.0230003223
vn 0.998010755 0.0577006228 0.0254002735
vn 0.0247003175 0.998712838 0.0443005711
vn 0.975448012 0.00290014269 -0.220210835
vn 0.0147998352 0.999888837 0.00179997995
vn 0.0173998307 0.999790311 0.010799895
vn 0.936913073 0.348804861 0.0230003223
vn 0.344405025 0.937613666 0.047600694
vn 0.995903075 -0.0848002657 0.0314000957
vn -0.0508982502 0.989166021 0.137695268
vn 0.991347551 0.022001056 -0.129406214
vn 0.944825232 0.3223086 0.058501564
vn 0.994015217 -0.0143002188 -0.108301654
vn 0.322999477 0.946398497 0.00109999825
vn 0.989810765 0.0265002884 -0.139901519
vn 0.00850040466 0.999347568 0.0351016708
vn -0.0113996305 0.995867729 0.0900970846
vn 0.976501405 0.213900298 -0.0263000373
vn -0.00389988208 0.999769807 0.0210993625
vn -0.00240000989 0.988804042 0.149200603
vn 0.997654259 0.0387982205 0.0563974157
vn 0.987882435 0.0482991412 -0.147497371
vn -0.176705971 0.0255008619 0.98393327
vn -0.192002416 0.0416005254 0.980512321
vn 0.0741988644 0.991784871 0.104198411
vn 0.982509375 0.125901207 -0.137201309
vn 0.0214002337 0.984210789 0.175701931
vn 0.999673605 0.00419988902 0.0251993351
vn 0.994623363 -0.00340007991 0.103502437
vn 0.994579911 -0.0185996238 -0.102297932
vn 0.033300519 0.981315315 0.189502954
vn 0.220496699 0.974885404 -0.0312995315
vn -0.0556005873 0.993710518 -0.097201027
vn 0.999910653 -0.0129001373 -0.00350003736
vn 0.186100796 0.981504202 -0.0449001901
vn 0.0195000283 0.999801457 -0.00410000607
vn -0.221508309 0.0319011956 0.974636555
vn -0.180106476 -0.00480017299 0.983635426
vn -0.0316010453 0.995732903 0.0867028609
vn 0.060998112 0.987269461 -0.146895453
vn 0.111499511 0.993695617 -0.0116999485
vn 0.998700023 -0.0189999994 0.0472999997
vn 0.991693377 -0.0642995685 -0.111399256
vn -0.183190852 0.0210989472 0.982850909
vn 0.0766023025 0.979329407 -0.187205628
vn 0.990456402 0.00799964834 -0.13759394
vn -0.207496718 0.0407993533 0.977384508
vn -0.143394947 0.968265831 0.204692781
vn -0.256205082 0.96581912 0.0394007787
vn -0.127094343 0.991855919 0.00829963107
vn 0.990988135 0.00819990225 -0.133698404
vn 0.106202215 0.0708014742 0.991820693
vn 0.974608779 0.219901979 0.0422003791
vn 0.976384521 0.213596612 0.0323994868
vn 0.995413542 0.00560007617 -0.0955013037
vn 0.0360008515 0.00750017725 0.999323606
vn 0.858863115 0.507778168 0.0671971142
vn 0.992719412 0.0639012456 -0.102101997
vn 0.97576046 0.106295697 -0.191292256
vn 0.974265218 -0.143294886 -0.173993796
vn 0.985836923 0.134405032 -0.100303754
vn 0.970791519 0.233297959 -0.05599951
vn -0.00489993906 0.952788174 0.303596228
vn -0.0463019386 0.997141778 0.0597025007
vn -0.239298791 0.966895163 0.0885995552
vn 0.99410677 0.0486003309 0.0969006568
vn 0.990495861 -0.0338998586 -0.13329944
vn -0.097296223 0.962062597 0.254890084
vn -0.269801378 0.962204874 0.0370001867
vn 0.998075366 0.0435989238 -0.0440989099
vn 0.105502293 0.960820854 -0.256305575
vn -0.202893898 0.968270898 0.145895615
vn 0.142595366 0.989467859 -0.0248991903
vn 0.995970726 -0.00569983246 -0.0894973725
vn 0.968174934 0.242293715 0.0626983792
vn 0.953557909 0.20049116 -0.224790081
vn 0.766297996 0.642198324 0.0191999506
vn 0.999518275 -0.0171003118 -0.0259004738
vn 0.999563575 -0.017499363 -0.0237991326
vn -0.0366016477 0.998544931 0.0396017842
vn -0.21881102 0.974449098 0.0507025532
vn -0.234303609 0.9606148 0.149402305
vn -0.152296364 -0.030099282 0.987876415
vn -0.000700006494 0.990009189 0.141001299
vn 0.990245283 0.0169007722 -0.13830632
vn 0.996513367 -0.0047000628 -0.0833011121
vn 0.999721348 -0.0236005038 -0.000500010676
vn 0.89241004 0.360704064 -0.271103054
vn 0.892590582 0.163198277 -0.420295566
vn -0.156405926 0.0696026385 0.98523736
vn 0.990574181 -0.0193994939 -0.135596469
vn -0.0461000092 -0.0653000176 0.996800244
vn -0.30808717 -0.0237990096 0.951060414
vn 0.99956429 -0.0168993957 0.0241991356
vn 0.996350467 -0.0215010885 0.0826041847
vn 0.995433629 0.00540018268 -0.0953032225
vn -0.158795461 0.986271799 0.045298703
vn 0.972842813 0.0467972495 -0.226686671
vn 0.994898498 0.0581999123 -0.0823998749
vn 0.142501935 0.36430496 0.920312524
vn 0.429999053 0.893097997 0.132199705
vn 0.829596162 0.550997436 0.0903995782
vn 0.829596162 0.550997436 0.0903995782
vn 0.172498062 0.980388999 0.095298931
vn 0.998950899 -0.0103994887 -0.0445978083
vn -0.000700006494 0.990009189 0.141001299
vn 0.0722978264 0.997370064 -0.00509984698
vn 0.0235990584 0.997060239 0.0728970915
vn -0.010000254 0.972924709 -0.230905861
vn 0.99947536 -0.032199204 -0.00349991373
vn 0.999390781 -0.0206998084 0.0280997399
vn 0.894044101 0.441172421 -0.077795133
vn 0.066998668 0.963980854 -0.25739488
vn 0.306593925 0.911881983 -0.272894591
vn -0.0525992587 0.998485923 0.0160997733
vn 0.453000933 0.885101795 0.106700219
vn 0.303389728 0.945268035 0.120095938
vn 0.894044101 0.441172421 -0.077795133
vn 0.0349015445 0.975143194 -0.218809694
vn 0.0329984725 0.00179991673 0.999453783
vn 0.142003492 0.958423555 -0.247506082
vn 0.454495728 0.890691638 -0.0100999055
vn 0.905515492 0.420707196 0.0552009456
vn -0.0436003804 0.667305827 -0.743506491
vn 0.0722007379 0.97160995 -0.225302309
vn 0.0596999116 0.956098616 -0.286899596
vn -0.000199999471 0.96229744 -0.27199927
vn 0.0722975135 0.945367455 -0.317889065
vn 0.0364006497 0.312205583 0.949316978
vn 0.00829971302 0.99996537 -0.000599979248
vn 0.989843249 -0.0483021103 0.13370584
vn 0.967202127 0.0226000492 0.253000557
vn -0.0733991712 0.995188773 0.0648992658
vn 0.0441990048 0.962378323 -0.268093973
vn 0.0542999171 0.970598519 -0.234499633
vn 0.0503022894 0.964643896 -0.258711785
vn 0.0164003167 0.957818508 -0.286905527
vn 0.905515492 0.420707196 0.0552009456
vn 0.0120003019 0.487712264 0.872921944
vn 0.024498621 0.538369715 0.842352569
vn -0.0626981482 0.244692758 0.967571378
vn 0.0605016798 0.402711183 0.913325369
vn 0.0122996746 0.294492215 0.955574751
vn 0.0372995473 0.902489007 0.429094762
vn -0.0121998396 0.392694831 0.91958791
vn 0.0605016798 0.402711183 0.913325369
vn 0.996786654 -0.0168997739 0.0782989562
vn 0.49749127 0.863284826 0.085098505
vn 0.0765971318 0.978363335 -0.192192793
vn 0.98980999 0.0343003459 -0.138201401
vn 0.14849785 0.977285862 0.151197806
vn 0.0603997521 0.816696644 0.5738976
vn 0.0478995889 0.437396258 0.897992313
vn 0.0889020115 0.950821519 -0.296706706
vn 0.995411694 -0.00400004676 0.0956011191
vn 0.996083558 -0.00179997028 -0.0883985385
vn 0.0105002681 0.976224899 -0.216505527
vn 0.998664081 0.0389985964 -0.033898782
vn 0.113499679 0.945597351 -0.304899156
vn 0.105301581 0.965514481 -0.238103583
vn 0.100596339 0.948465466 -0.300489068
vn 0.153704315 0.982827544 -0.102102861
vn 0.926937342 0.375215113 0.000900036248
vn 0.0718018562 0.864422321 -0.497612834
vn -0.0624014623 0.989323199 -0.131703079
vn 0.433208078 0.896616697 -0.0917017087
vn 0.325614125 0.945441067 0.0108004687
vn 0.325614125 0.945441067 0.0108004687
vn 0.765394866 0.600095987 -0.232498437
vn 0.433208078 0.896616697 -0.0917017087
vn 0.237286225 0.956944466 -0.167190298
vn 0.764040828 0.585531294 -0.270914495
vn 0.237286225 0.956944466 -0.167190298
vn 0.216090143 0.97585547 0.031798549
vn 0.9958269 0.00540014589 0.0911024585
vn 0.944825232 0.3223086 0.058501564
vn 0.99876219 0.00489981472 0.0494981259
vn 0.105297878 0.98518014 0.13539727
vn 0.0478995889 0.437396258 0.897992313
vn 0.0603971928 0.995153725 0.0775963962
vn 0.017800523 0.420912355 0.906926632
vn 0.0817043334 0.63613373 0.767240703
vn 0.139797464 0.15239723 0.97838223
vn 0.0817043334 0.63613373 0.767240703
vn 0.435508549 0.899817646 0.025700504
vn 0.969183803 0.241395965 -0.0490991808
vn 0.998616755 -0.0260004364 0.0457007661
vn 0.970972002 0.220793635 0.0919973478
vn 0.966272354 0.181494802 -0.182694778
vn 0.996557057 0.0825964436 0.00719968975
vn 0.890362084 0.218615249 -0.399327844
vn 0.964094877 0.0624996647 0.258098632
vn 0.812126935 0.485516101 -0.323610753
vn 0.972544312 0.19240877 -0.130905971
vn 0.953734279 0.240508646 -0.180406481
vn 0.93212986 0.0694022253 0.355411381
vn 0.962289333 0.246197268 0.115698718
vn 0.0393011495 0.999029219 0.0199005827
vn 0.481207907 0.875414431 0.0457007512
vn 0.401809812 0.0574014001 0.91392231
vn 0.401809812 0.0574014001 0.91392231
vn 0.976501405 0.213900298 -0.0263000373
vn 0.910611033 0.401304871 -0.0987011939
vn 0.878518283 0.160303339 0.450009376
vn 0.496021956 0.528523386 0.688930511
vn 0.435508549 0.899817646 0.025700504
vn 0.496021956 0.528523386 0.688930511
vn 0.764040828 0.585531294 -0.270914495
vn 0.496021956 0.528523386 0.688930511
vn -0.0516977459 0.365284055 0.929459453
vn -0.0121998396 0.392694831 0.91958791
vn 0.892590165 0.449795038 0.0310996585
vn 0.892590165 0.449795038 0.0310996585
f 1/1/1 2/2/2 3/3/3
f 4/4/4 5/5/5 1/1/1
f 6/6/6 7/7/7 8/8/8
f 5/5/5 2/2/2 1/1/1
f 9/9/9 10/10/10 11/11/11
f 12/12/12 13/13/13 14/14/14
f 4/4/4 15/15/15 5/5/5
f 4/4/4 16/16/16 17/17/17
f 12/12/12 14/14/14 18/18/18
f 19/19/19 20/20/20 15/15/15
f 21/21/21 2/2/2 5/5/5
f 5/5/5 15/15/15 21/21/21
f 22/22/22 12/12/12 18/18/18
f 4/4/4 17/17/17 19/19/19
f 4/4/4 19/19/19 15/15/15
f 19/19/19 17/17/17 23/23/23
f 20/20/20 21/21/21 15/15/15
f 24/24/24 25/25/25 26/26/26
f 27/27/27 11/11/11 10/10/10
f 27/27/27 28/28/28 11/11/11
f 28/28/28 29/29/29 11/11/11
f 28/28/28 30/30/30 29/29/29
f 28/28/28 27/27/27 31/31/31
f 27/27/27 10/10/10 31/31/31
f 10/10/10 32/32/32 31/31/31
f 12/12/12 22/22/22 33/33/33
f 34/34/34 16/16/16 35/35/35
f 36/36/36 31/31/31 32/32/32
f 37/37/37 23/23/23 16/16/16
f 38/38/38 39/39/39 40/40/40
f 16/16/16 23/23/23 17/17/17
f 20/20/20 19/19/19 23/23/23
f 38/38/38 24/24/24 41/41/41
f 42/42/42 43/43/43 44/44/44
f 45/45/45 23/23/23 37/37/37
f 16/16/16 34/34/34 37/37/37
f 46/46/46 44/44/44 43/43/43
f 34/34/34 45/45/45 37/37/37
f 47/47/47 24/24/24 38/38/38
f 23/23/23 45/45/45 48/48/48
f 46/46/46 43/43/43 49/49/49
f 49/49/49 43/43/43 12/12/12
f 50/50/50 49/49/49 12/12/12
f 44/44/44 36/36/36 32/32/32
f 51/51/51 36/36/36 44/44/44
f 39/39/39 8/8/8 52/52/52
f 46/46/46 51/51/51 44/44/44
f 40/40/40 39/39/39 53/53/53
f 54/54/54 55/55/55 56/56/56
f 57/57/57 54/54/54 56/56/56
f 58/58/58 55/55/55 54/54/54
f 31/31/31 36/36/36 59/59/59
f 60/60/60 40/40/40 53/53/53
f 51/51/51 59/59/59 36/36/36
f 61/61/61 58/58/58 54/54/54
f 53/53/53 39/39/39 52/52/52
f 52/52/52 62/62/62 53/53/53
f 63/63/63 57/57/57 56/56/56
f 64/64/64 57/57/57 63/63/63
f 51/51/51 46/46/46 49/49/49
f 51/51/51 49/49/49 65/65/65
f 33/33/33 22/22/22 66/66/66
f 67/67/67 51/51/51 65/65/65
f 68/68/68 30/30/30 28/28/28
f 69/69/69 54/54/54 57/57/57
f 69/69/69 57/57/57 70/70/70
f 9/9/9 70/70/70 57/57/57
f 71/71/71 72/72/72 30/30/30
f 73/73/73 74/74/74 75/75/75
f 76/76/76 24/24/24 47/47/47
f 77/77/77 73/73/73 75/75/75
f 68/68/68 28/28/28 31/31/31
f 68/68/68 71/71/71 30/30/30
f 64/64/64 9/9/9 57/57/57
f 78/78/78 9/9/9 64/64/64
f 64/64/64 79/79/79 78/78/78
f 59/59/59 68/68/68 31/31/31
f 25/25/25 18/18/18 73/73/73
f 64/64/64 42/42/42 79/79/79
f 72/72/72 80/80/80 81/81/81
f 24/24/24 82/82/82 83/83/83
f 26/26/26 73/73/73 77/77/77
f 44/44/44 32/32/32 79/79/79
f 25/25/25 73/73/73 26/26/26
f 84/84/84 72/72/72 71/71/71
f 79/79/79 42/42/42 44/44/44
f 43/43/43 42/42/42 85/85/85
f 12/12/12 85/85/85 13/13/13
f 12/12/12 43/43/43 85/85/85
f 86/86/86 81/81/81 80/80/80
f 55/55/55 87/87/87 88/88/88
f 89/89/89 77/77/77 75/75/75
f 6/6/6 77/77/77 89/89/89
f 90/90/90 58/58/58 91/91/91
f 55/55/55 58/58/58 90/90/90
f 56/56/56 92/92/92 93/93/93
f 56/56/56 55/55/55 92/92/92
f 93/93/93 92/92/92 94/94/94
f 74/74/74 95/95/95 75/75/75
f 59/59/59 96/96/96 68/68/68
f 63/63/63 56/56/56 93/93/93
f 94/94/94 63/63/63 93/93/93
f 97/97/97 96/96/96 59/59/59
f 98/98/98 95/95/95 99/99/99
f 75/75/75 95/95/95 98/98/98
f 97/97/97 59/59/59 67/67/67
f 100/100/100 94/94/94 92/92/92
f 94/94/94 100/100/100 101/101/101
f 67/67/67 59/59/59 51/51/51
f 82/82/82 24/24/24 102/102/102
f 94/94/94 101/101/101 103/103/103
f 55/55/55 104/104/104 87/87/87
f 104/104/104 105/105/105 87/87/87
f 90/90/90 104/104/104 55/55/55
f 100/100/100 106/106/106 101/101/101
f 107/107/107 101/101/101 106/106/106
f 96/96/96 71/71/71 68/68/68
f 96/96/96 108/108/108 71/71/71
f 82/82/82 109/109/109 83/83/83
f 110/110/110 109/109/109 82/82/82
f 89/89/89 75/75/75 98/98/98
f 111/111/111 101/101/101 107/107/107
f 103/103/103 101/101/101 111/111/111
f 112/112/112 103/103/103 111/111/111
f 82/82/82 102/102/102 110/110/110
f 113/113/113 91/91/91 58/58/58
f 114/114/114 91/91/91 113/113/113
f 47/47/47 38/38/38 40/40/40
f 113/113/113 115/115/115 114/114/114
f 61/61/61 116/116/116 113/113/113
f 115/115/115 113/113/113 117/117/117
f 61/61/61 113/113/113 58/58/58
f 6/6/6 89/89/89 7/7/7
f 47/47/47 40/40/40 60/60/60
f 115/115/115 35/35/35 114/114/114
f 7/7/7 89/89/89 118/118/118
f 1/1/1 105/105/105 104/104/104
f 105/105/105 1/1/1 3/3/3
f 90/90/90 91/91/91 114/114/114
f 4/4/4 1/1/1 90/90/90
f 104/104/104 90/90/90 1/1/1
f 114/114/114 4/4/4 90/90/90
f 89/89/89 98/98/98 118/118/118
f 35/35/35 16/16/16 114/114/114
f 119/119/119 63/63/63 94/94/94
f 94/94/94 103/103/103 120/120/120
f 121/121/121 119/119/119 94/94/94
f 25/25/25 22/22/22 18/18/18
f 121/121/121 94/94/94 120/120/120
f 76/76/76 47/47/47 122/122/122
f 123/123/123 115/115/115 117/117/117
f 124/124/124 121/121/121 120/120/120
f 121/121/121 124/124/124 119/119/119
f 122/122/122 47/47/47 125/125/125
f 64/64/64 63/63/63 119/119/119
f 22/22/22 126/126/126 66/66/66
f 127/127/127 123/123/123 117/117/117
f 25/25/25 128/128/128 22/22/22
f 128/128/128 126/126/126 22/22/22
f 113/113/113 86/86/86 129/129/129
f 120/120/120 103/103/103 112/112/112
f 129/129/129 117/117/117 113/113/113
f 122/122/122 130/130/130 76/76/76
f 24/24/24 83/83/83 25/25/25
f 115/115/115 131/131/131 35/35/35
f 35/35/35 131/131/131 34/34/34
f 115/115/115 132/132/132 131/131/131
f 111/111/111 107/107/107 133/133/133
f 132/132/132 115/115/115 123/123/123
f 134/134/134 128/128/128 25/25/25
f 16/16/16 4/4/4 114/114/114
f 135/135/135 110/110/110 102/102/102
f 102/102/102 76/76/76 135/135/135
f 136/136/136 131/131/131 132/132/132
f 109/109/109 134/134/134 83/83/83
f 134/134/134 25/25/25 83/83/83
f 111/111/111 133/133/133 137/137/137
f 131/131/131 136/136/136 138/138/138
f 139/139/139 138/138/138 136/136/136
f 123/123/123 140/140/140 132/132/132
f 131/131/131 138/138/138 34/34/34
f 45/45/45 34/34/34 138/138/138
f 33/33/33 141/141/141 12/12/12
f 142/142/142 111/111/111 137/137/137
f 76/76/76 143/143/143 135/135/135
f 142/142/142 137/137/137 144/144/144
f 145/145/145 45/45/45 138/138/138
f 145/145/145 146/146/146 45/45/45
f 146/146/146 48/48/48 45/45/45
f 102/102/102 24/24/24 76/76/76
f 112/112/112 111/111/111 142/142/142
f 147/147/147 50/50/50 12/12/12
f 50/50/50 65/65/65 49/49/49
f 127/127/127 140/140/140 123/123/123
f 141/141/141 147/147/147 12/12/12
f 148/148/148 112/112/112 142/142/142
f 127/127/127 149/149/149 140/140/140
f 150/150/150 149/149/149 127/127/127
f 33/33/33 151/151/151 141/141/141
f 152/152/152 142/142/142 144/144/144
f 151/151/151 33/33/33 66/66/66
f 153/153/153 117/117/117 129/129/129
f 154/154/154 124/124/124 120/120/120
f 153/153/153 150/150/150 117/117/117
f 124/124/124 154/154/154 155/155/155
f 129/129/129 156/156/156 153/153/153
f 157/157/157 155/155/155 154/154/154
f 158/158/158 155/155/155 157/157/157
f 150/150/150 127/127/127 117/117/117
f 159/159/159 158/158/158 157/157/157
f 97/97/97 67/67/67 160/160/160
f 161/161/161 157/157/157 154/154/154
f 162/162/162 156/156/156 129/129/129
f 163/163/163 164/164/164 165/165/165
f 65/65/65 50/50/50 67/67/67
f 166/166/166 167/167/167 154/154/154
f 160/160/160 67/67/67 50/50/50
f 129/129/129 168/168/168 162/162/162
f 169/169/169 160/160/160 50/50/50
f 161/161/161 154/154/154 167/167/167
f 167/167/167 166/166/166 170/170/170
f 153/153/153 149/149/149 150/150/150
f 171/171/171 96/96/96 97/97/97
f 153/153/153 156/156/156 149/149/149
f 160/160/160 169/169/169 172/172/172
f 160/160/160 171/171/171 97/97/97
f 172/172/172 171/171/171 160/160/160
f 124/124/124 155/155/155 119/119/119
f 158/158/158 119/119/119 155/155/155
f 156/156/156 162/162/162 173/173/173
f 174/174/174 134/134/134 109/109/109
f 140/140/140 136/136/136 132/132/132
f 136/136/136 140/140/140 139/139/139
f 64/64/64 119/119/119 42/42/42
f 119/119/119 158/158/158 85/85/85
f 119/119/119 85/85/85 42/42/42
f 175/175/175 141/141/141 151/151/151
f 13/13/13 85/85/85 158/158/158
f 176/176/176 140/140/140 149/149/149
f 177/177/177 169/169/169 50/50/50
f 147/147/147 177/177/177 50/50/50
f 139/139/139 140/140/140 176/176/176
f 178/178/178 139/139/139 176/176/176
f 120/120/120 112/112/112 148/148/148
f 139/139/139 178/178/178 179/179/179
f 138/138/138 139/139/139 145/145/145
f 147/147/147 141/141/141 175/175/175
f 166/166/166 154/154/154 120/120/120
f 139/139/139 179/179/179 145/145/145
f 145/145/145 179/179/179 146/146/146
f 120/120/120 148/148/148 166/166/166
f 180/180/180 147/147/147 175/175/175
f 159/159/159 13/13/13 158/158/158
f 181/181/181 151/151/151 66/66/66
f 182/182/182 151/151/151 181/181/181
f 165/165/165 182/182/182 181/181/181
f 14/14/14 13/13/13 159/159/159
f 182/182/182 175/175/175 151/151/151
f 163/163/163 174/174/174 109/109/109
f 178/178/178 183/183/183 179/179/179
f 179/179/179 183/183/183 146/146/146
f 176/176/176 149/149/149 173/173/173
f 178/178/178 176/176/176 173/173/173
f 109/109/109 110/110/110 163/163/163
f 174/174/174 163/163/163 165/165/165
f 184/184/184 146/146/146 183/183/183
f 184/184/184 185/185/185 146/146/146
f 186/186/186 175/175/175 182/182/182
f 156/156/156 173/173/173 149/149/149
f 47/47/47 60/60/60 53/53/53
f 187/187/187 47/47/47 53/53/53
f 186/186/186 182/182/182 165/165/165
f 188/188/188 53/53/53 62/62/62
f 187/187/187 125/125/125 47/47/47
f 187/187/187 53/53/53 189/189/189
f 189/189/189 53/53/53 188/188/188
f 190/190/190 187/187/187 189/189/189
f 190/190/190 125/125/125 187/187/187
f 135/135/135 143/143/143 110/110/110
f 142/142/142 166/166/166 148/148/148
f 164/164/164 186/186/186 165/165/165
f 191/191/191 166/166/166 152/152/152
f 152/152/152 166/166/166 142/142/142
f 14/14/14 159/159/159 157/157/157
f 161/161/161 167/167/167 95/95/95
f 95/95/95 167/167/167 170/170/170
f 161/161/161 14/14/14 157/157/157
f 181/181/181 66/66/66 126/126/126
f 161/161/161 74/74/74 14/14/14
f 74/74/74 161/161/161 95/95/95
f 69/69/69 192/192/192 54/54/54
f 61/61/61 54/54/54 192/192/192
f 193/193/193 163/163/163 143/143/143
f 194/194/194 181/181/181 126/126/126
f 14/14/14 74/74/74 73/73/73
f 163/163/163 110/110/110 143/143/143
f 128/128/128 194/194/194 126/126/126
f 192/192/192 69/69/69 29/29/29
f 18/18/18 14/14/14 73/73/73
f 11/11/11 69/69/69 70/70/70
f 191/191/191 170/170/170 166/166/166
f 113/113/113 116/116/116 86/86/86
f 134/134/134 194/194/194 128/128/128
f 99/99/99 170/170/170 191/191/191
f 86/86/86 116/116/116 61/61/61
f 95/95/95 170/170/170 99/99/99
f 29/29/29 30/30/30 192/192/192
f 11/11/11 29/29/29 69/69/69
f 81/81/81 61/61/61 192/192/192
f 81/81/81 86/86/86 61/61/61
f 30/30/30 81/81/81 192/192/192
f 174/174/174 181/181/181 194/194/194
f 30/30/30 72/72/72 81/81/81
f 174/174/174 194/194/194 134/134/134
f 195/195/195 99/99/99 191/191/191
f 174/174/174 165/165/165 181/181/181
f 195/195/195 191/191/191 196/196/196
f 168/168/168 129/129/129 86/86/86
f 26/26/26 197/197/197 198/198/198
f 198/198/198 41/41/41 26/26/26
f 198/198/198 197/197/197 8/8/8
f 77/77/77 6/6/6 197/197/197
f 26/26/26 77/77/77 197/197/197
f 86/86/86 80/80/80 168/168/168
f 98/98/98 99/99/99 195/195/195
f 8/8/8 197/197/197 6/6/6
f 168/168/168 80/80/80 199/199/199
f 39/39/39 198/198/198 8/8/8
f 198/198/198 38/38/38 41/41/41
f 199/199/199 162/162/162 168/168/168
f 163/163/163 193/193/193 200/200/200
f 39/39/39 38/38/38 198/198/198
f 9/9/9 78/78/78 10/10/10
f 78/78/78 79/79/79 10/10/10
f 32/32/32 10/10/10 79/79/79
f 24/24/24 26/26/26 41/41/41
f 9/9/9 11/11/11 70/70/70
f 195/195/195 196/196/196 201/201/201
f 196/196/196 202/202/202 201/201/201
f 98/98/98 195/195/195 201/201/201
f 203/203/203 204/204/204 205/205/205
f 204/204/204 206/206/206 205/205/205
f 207/207/207 208/208/208 20/20/20
f 209/209/209 210/210/210 211/211/211
f 21/21/21 20/20/20 208/208/208
f 212/212/212 213/213/213 214/214/214
f 213/213/213 212/212/212 215/215/215
f 216/216/216 214/214/214 213/213/213
f 217/217/217 209/209/209 211/211/211
f 203/203/203 205/205/205 218/218/218
f 214/214/214 219/219/219 220/220/220
f 214/214/214 216/216/216 219/219/219
f 221/221/221 207/207/207 20/20/20
f 222/222/222 206/206/206 223/223/223
f 215/215/215 212/212/212 224/224/224
f 222/222/222 223/223/223 225/225/225
f 222/222/222 225/225/225 226/226/226
f 227/227/227 215/215/215 224/224/224
f 23/23/23 48/48/48 20/20/20
f 225/225/225 228/228/228 229/229/229
f 230/230/230 211/211/211 210/210/210
f 231/231/231 232/232/232 233/233/233
f 233/233/233 232/232/232 210/210/210
f 230/230/230 210/210/210 232/232/232
f 229/229/229 228/228/228 234/234/234
f 235/235/235 203/203/203 236/236/236
f 230/230/230 232/232/232 237/237/237
f 238/238/238 221/221/221 20/20/20
f 239/239/239 236/236/236 203/203/203
f 240/240/240 227/227/227 241/241/241
f 229/229/229 234/234/234 242/242/242
f 217/217/217 211/211/211 230/230/230
f 243/243/243 244/244/244 225/225/225
f 245/245/245 230/230/230 237/237/237
f 245/245/245 246/246/246 230/230/230
f 225/225/225 229/229/229 243/243/243
f 217/217/217 230/230/230 247/247/247
f 248/248/248 230/230/230 246/246/246
f 247/247/247 230/230/230 248/248/248
f 238/238/238 20/20/20 249/249/249
f 218/218/218 205/205/205 250/250/250
f 250/250/250 205/205/205 251/251/251
f 215/215/215 227/227/227 240/240/240
f 252/252/252 246/246/246 245/245/245
f 253/253/253 252/252/252 245/245/245
f 254/254/254 243/243/243 229/229/229
f 20/20/20 48/48/48 249/249/249
f 254/254/254 244/244/244 243/243/243
f 250/250/250 251/251/251 255/255/255
f 255/255/255 251/251/251 256/256/256
f 218/218/218 250/250/250 255/255/255
f 251/251/251 205/205/205 257/257/257
f 256/256/256 251/251/251 257/257/257
f 257/257/257 254/254/254 258/258/258
f 232/232/232 231/231/231 259/259/259
f 259/259/259 231/231/231 260/260/260
f 259/259/259 261/261/261 232/232/232
f 262/262/262 257/257/257 258/258/258
f 237/237/237 232/232/232 263/263/263
f 263/263/263 232/232/232 261/261/261
f 253/253/253 245/245/245 237/237/237
f 264/264/264 257/257/257 262/262/262
f 256/256/256 257/257/257 265/265/265
f 265/265/265 257/257/257 264/264/264
f 206/206/206 222/222/222 226/226/226
f 203/203/203 218/218/218 239/239/239
f 239/239/239 218/218/218 255/255/255
f 259/259/259 260/260/260 266/266/266
f 220/220/220 267/267/267 268/268/268
f 205/205/205 206/206/206 226/226/226
f 220/220/220 219/219/219 267/267/267
f 267/267/267 219/219/219 216/216/216
f 269/269/269 267/267/267 216/216/216
f 216/216/216 213/213/213 269/269/269
f 226/226/226 225/225/225 244/244/244
f 270/270/270 213/213/213 215/215/215
f 213/213/213 270/270/270 271/271/271
f 205/205/205 244/244/244 257/257/257
f 269/269/269 213/213/213 272/272/272
f 272/272/272 213/213/213 271/271/271
f 239/239/239 255/255/255 265/265/265
f 255/255/255 256/256/256 265/265/265
f 144/144/144 137/137/137 209/209/209
f 144/144/144 209/209/209 247/247/247
f 144/144/144 247/247/247 273/273/273
f 247/247/247 209/209/209 217/217/217
f 205/205/205 226/226/226 244/244/244
f 274/274/274 267/267/267 269/269/269
f 275/275/275 267/267/267 274/274/274
f 276/276/276 274/274/274 269/269/269
f 276/276/276 269/269/269 272/272/272
f 257/257/257 244/244/244 254/254/254
f 277/277/277 268/268/268 267/267/267
f 278/278/278 279/279/279 235/235/235
f 273/273/273 247/247/247 280/280/280
f 278/278/278 235/235/235 236/236/236
f 281/281/281 282/282/282 268/268/268
f 277/277/277 281/281/281 268/268/268
f 283/283/283 281/281/281 277/277/277
f 275/275/275 277/277/277 267/267/267
f 275/275/275 283/283/283 277/277/277
f 275/275/275 274/274/274 284/284/284
f 285/285/285 283/283/283 275/275/275
f 286/286/286 276/276/276 272/272/272
f 287/287/287 144/144/144 273/273/273
f 276/276/276 284/284/284 274/274/274
f 284/284/284 276/276/276 286/286/286
f 288/288/288 144/144/144 287/287/287
f 188/188/188 62/62/62 289/289/289
f 273/273/273 280/280/280 290/290/290
f 290/290/290 291/291/291 273/273/273
f 292/292/292 273/273/273 291/291/291
f 270/270/270 215/215/215 240/240/240
f 287/287/287 273/273/273 292/292/292
f 278/278/278 236/236/236 293/293/293
f 294/294/294 271/271/271 295/295/295
f 289/289/289 296/296/296 297/297/297
f 295/295/295 271/271/271 270/270/270
f 152/152/152 144/144/144 298/298/298
f 299/299/299 270/270/270 240/240/240
f 300/300/300 236/236/236 239/239/239
f 295/295/295 270/270/270 299/299/299
f 301/301/301 298/298/298 288/288/288
f 288/288/288 298/298/298 144/144/144
f 118/118/118 202/202/202 302/302/302
f 272/272/272 271/271/271 294/294/294
f 286/286/286 272/272/272 294/294/294
f 300/300/300 239/239/239 265/265/265
f 152/152/152 298/298/298 301/301/301
f 301/301/301 191/191/191 152/152/152
f 191/191/191 301/301/301 196/196/196
f 294/294/294 295/295/295 303/303/303
f 227/227/227 293/293/293 241/241/241
f 304/304/304 300/300/300 265/265/265
f 305/305/305 241/241/241 293/293/293
f 300/300/300 293/293/293 236/236/236
f 306/306/306 301/301/301 288/288/288
f 307/307/307 292/292/292 291/291/291
f 307/307/307 291/291/291 308/308/308
f 305/305/305 293/293/293 300/300/300
f 52/52/52 8/8/8 7/7/7
f 287/287/287 292/292/292 307/307/307
f 288/288/288 287/287/287 307/307/307
f 309/309/309 308/308/308 291/291/291
f 310/310/310 7/7/7 311/311/311
f 310/310/310 311/311/311 312/312/312
f 202/202/202 196/196/196 301/301/301
f 302/302/302 202/202/202 301/301/301
f 313/313/313 307/307/307 308/308/308
f 313/313/313 308/308/308 309/309/309
f 307/307/307 314/314/314 288/288/288
f 313/313/313 314/314/314 307/307/307
f 302/302/302 301/301/301 306/306/306
f 52/52/52 7/7/7 310/310/310
f 314/314/314 313/313/313 315/315/315
f 248/248/248 280/280/280 247/247/247
f 248/248/248 246/246/246 316/316/316
f 316/316/316 280/280/280 248/248/248
f 316/316/316 246/246/246 252/252/252
f 317/317/317 288/288/288 314/314/314
f 252/252/252 253/253/253 316/316/316
f 314/314/314 315/315/315 317/317/317
f 62/62/62 52/52/52 310/310/310
f 318/318/318 288/288/288 317/317/317
f 318/318/318 306/306/306 288/288/288
f 253/253/253 237/237/237 263/263/263
f 319/319/319 316/316/316 253/253/253
f 320/320/320 321/321/321 300/300/300
f 318/318/318 317/317/317 315/315/315
f 321/321/321 305/305/305 300/300/300
f 253/253/253 263/263/263 319/319/319
f 319/319/319 263/263/263 261/261/261
f 319/319/319 261/261/261 322/322/322
f 315/315/315 313/313/313 323/323/323
f 318/318/318 315/315/315 324/324/324
f 315/315/315 323/323/323 324/324/324
f 325/325/325 324/324/324 323/323/323
f 326/326/326 319/319/319 322/322/322
f 312/312/312 311/311/311 327/327/327
f 320/320/320 328/328/328 321/321/321
f 280/280/280 316/316/316 329/329/329
f 290/290/290 280/280/280 329/329/329
f 328/328/328 320/320/320 330/330/330
f 326/326/326 329/329/329 316/316/316
f 316/316/316 319/319/319 326/326/326
f 323/323/323 313/313/313 325/325/325
f 206/206/206 331/331/331 326/326/326
f 309/309/309 325/325/325 313/313/313
f 241/241/241 305/305/305 332/332/332
f 299/299/299 241/241/241 332/332/332
f 291/291/291 290/290/290 329/329/329
f 310/310/310 312/312/312 333/333/333
f 332/332/332 305/305/305 334/334/334
f 331/331/331 329/329/329 326/326/326
f 334/334/334 305/305/305 335/335/335
f 48/48/48 146/146/146 185/185/185
f 318/318/318 336/336/336 306/306/306
f 299/299/299 332/332/332 334/334/334
f 249/249/249 48/48/48 337/337/337
f 48/48/48 185/185/185 337/337/337
f 336/336/336 302/302/302 306/306/306
f 299/299/299 334/334/334 338/338/338
f 339/339/339 259/259/259 266/266/266
f 261/261/261 259/259/259 339/339/339
f 333/333/333 312/312/312 220/220/220
f 340/340/340 299/299/299 338/338/338
f 341/341/341 299/299/299 340/340/340
f 339/339/339 322/322/322 261/261/261
f 266/266/266 342/342/342 339/339/339
f 335/335/335 305/305/305 321/321/321
f 318/318/318 324/324/324 343/343/343
f 343/343/343 324/324/324 344/344/344
f 344/344/344 324/324/324 325/325/325
f 342/342/342 322/322/322 339/339/339
f 344/344/344 325/325/325 345/345/345
f 336/336/336 318/318/318 343/343/343
f 338/338/338 334/334/334 335/335/335
f 322/322/322 342/342/342 346/346/346
f 321/321/321 328/328/328 335/335/335
f 333/333/333 62/62/62 310/310/310
f 337/337/337 185/185/185 347/347/347
f 342/342/342 266/266/266 348/348/348
f 342/342/342 348/348/348 349/349/349
f 328/328/328 330/330/330 350/350/350
f 347/347/347 185/185/185 351/351/351
f 349/349/349 348/348/348 352/352/352
f 296/296/296 62/62/62 333/333/333
f 289/289/289 62/62/62 296/296/296
f 279/279/279 325/325/325 309/309/309
f 345/345/345 325/325/325 279/279/279
f 340/340/340 338/338/338 335/335/335
f 335/335/335 353/353/353 340/340/340
f 235/235/235 279/279/279 309/309/309
f 328/328/328 354/354/354 335/335/335
f 326/326/326 322/322/322 223/223/223
f 353/353/353 335/335/335 354/354/354
f 346/346/346 223/223/223 322/322/322
f 228/228/228 223/223/223 346/346/346
f 98/98/98 201/201/201 118/118/118
f 206/206/206 326/326/326 223/223/223
f 118/118/118 201/201/201 202/202/202
f 328/328/328 350/350/350 354/354/354
f 225/225/225 223/223/223 228/228/228
f 296/296/296 333/333/333 268/268/268
f 354/354/354 350/350/350 355/355/355
f 333/333/333 220/220/220 268/268/268
f 240/240/240 241/241/241 299/299/299
f 346/346/346 342/342/342 356/356/356
f 234/234/234 346/346/346 356/356/356
f 234/234/234 356/356/356 357/357/357
f 234/234/234 228/228/228 346/346/346
f 329/329/329 309/309/309 291/291/291
f 358/358/358 295/295/295 299/299/299
f 303/303/303 295/295/295 358/358/358
f 299/299/299 341/341/341 358/358/358
f 118/118/118 302/302/302 311/311/311
f 359/359/359 309/309/309 329/329/329
f 206/206/206 359/359/359 331/331/331
f 214/214/214 327/327/327 212/212/212
f 359/359/359 329/329/329 331/331/331
f 312/312/312 327/327/327 214/214/214
f 312/312/312 214/214/214 220/220/220
f 204/204/204 309/309/309 359/359/359
f 360/360/360 309/309/309 204/204/204
f 7/7/7 118/118/118 311/311/311
f 204/204/204 359/359/359 206/206/206
f 361/361/361 311/311/311 302/302/302
f 311/311/311 361/361/361 327/327/327
f 302/302/302 336/336/336 361/361/361
f 361/361/361 336/336/336 343/343/343
f 362/362/362 361/361/361 343/343/343
f 343/343/343 344/344/344 362/362/362
f 362/362/362 344/344/344 345/345/345
f 345/345/345 363/363/363 362/362/362
f 361/361/361 362/362/362 363/363/363
f 224/224/224 361/361/361 363/363/363
f 278/278/278 363/363/363 345/345/345
f 345/345/345 279/279/279 278/278/278
f 227/227/227 363/363/363 278/278/278
f 227/227/227 278/278/278 293/293/293
f 361/361/361 224/224/224 327/327/327
f 224/224/224 363/363/363 227/227/227
f 224/224/224 212/212/212 327/327/327
f 235/235/235 309/309/309 360/360/360
f 203/203/203 235/235/235 360/360/360
f 204/204/204 203/203/203 360/360/360
f 364/364/364 365/365/365 366/366/366
f 367/367/367 368/368/368 164/164/164
f 369/369/369 370/370/370 371/371/371
f 372/372/372 373/373/373 374/374/374
f 163/163/163 200/200/200 164/164/164
f 373/373/373 375/375/375 374/374/374
f 376/376/376 377/377/377 72/72/72
f 72/72/72 377/377/377 80/80/80
f 365/365/365 378/378/378 379/379/379
f 200/200/200 380/380/380 164/164/164
f 377/377/377 381/381/381 80/80/80
f 382/382/382 375/375/375 373/373/373
f 381/381/381 199/199/199 80/80/80
f 364/364/364 378/378/378 365/365/365
f 383/383/383 384/384/384 385/385/385
f 386/386/386 379/379/379 378/378/378
f 367/367/367 164/164/164 380/380/380
f 364/364/364 366/366/366 387/387/387
f 388/388/388 384/384/384 383/383/383
f 389/389/389 378/378/378 364/364/364
f 371/371/371 370/370/370 385/385/385
f 387/387/387 390/390/390 389/389/389
f 371/371/371 385/385/385 384/384/384
f 389/389/389 364/364/364 387/387/387
f 367/367/367 380/380/380 391/391/391
f 367/367/367 391/391/391 392/392/392
f 393/393/393 381/381/381 394/394/394
f 371/371/371 384/384/384 395/395/395
f 371/371/371 395/395/395 396/396/396
f 392/392/392 397/397/397 368/368/368
f 398/398/398 386/386/386 378/378/378
f 389/389/389 398/398/398 378/378/378
f 399/399/399 400/400/400 401/401/401
f 401/401/401 402/402/402 399/399/399
f 403/403/403 404/404/404 402/402/402
f 405/405/405 402/402/402 401/401/401
f 393/393/393 199/199/199 381/381/381
f 393/393/393 406/406/406 199/199/199
f 407/407/407 402/402/402 405/405/405
f 408/408/408 403/403/403 402/402/402
f 405/405/405 401/401/401 409/409/409
f 405/405/405 409/409/409 407/407/407
f 403/403/403 373/373/373 410/410/410
f 411/411/411 71/71/71 108/108/108
f 403/403/403 412/412/412 373/373/373
f 411/411/411 84/84/84 71/71/71
f 402/402/402 407/407/407 408/408/408
f 108/108/108 96/96/96 413/413/413
f 414/414/414 407/407/407 415/415/415
f 373/373/373 412/412/412 382/382/382
f 416/416/416 397/397/397 392/392/392
f 414/414/414 408/408/408 407/407/407
f 84/84/84 376/376/376 72/72/72
f 417/417/417 403/403/403 408/408/408
f 414/414/414 418/418/418 408/408/408
f 419/419/419 420/420/420 414/414/414
f 412/412/412 403/403/403 417/417/417
f 376/376/376 394/394/394 377/377/377
f 381/381/381 377/377/377 394/394/394
f 382/382/382 412/412/412 417/417/417
f 408/408/408 418/418/418 417/417/417
f 84/84/84 411/411/411 376/376/376
f 391/391/391 416/416/416 392/392/392
f 108/108/108 413/413/413 411/411/411
f 421/421/421 411/411/411 413/413/413
f 422/422/422 376/376/376 411/411/411
f 376/376/376 422/422/422 423/423/423
f 423/423/423 394/394/394 376/376/376
f 418/418/418 424/424/424 417/417/417
f 425/425/425 379/379/379 426/426/426
f 395/395/395 384/384/384 388/388/388
f 423/423/423 422/422/422 427/427/427
f 428/428/428 397/397/397 416/416/416
f 429/429/429 425/425/425 426/426/426
f 430/430/430 431/431/431 396/396/396
f 430/430/430 432/432/432 431/431/431
f 388/388/388 433/433/433 395/395/395
f 434/434/434 431/431/431 432/432/432
f 396/396/396 395/395/395 430/430/430
f 434/434/434 432/432/432 435/435/435
f 436/436/436 423/423/423 427/427/427
f 394/394/394 423/423/423 437/437/437
f 438/438/438 434/434/434 435/435/435
f 436/436/436 437/437/437 423/423/423
f 431/431/431 439/439/439 396/396/396
f 430/430/430 395/395/395 433/433/433
f 434/434/434 440/440/440 431/431/431
f 441/441/441 439/439/439 431/431/431
f 440/440/440 441/441/441 431/431/431
f 430/430/430 433/433/433 442/442/442
f 441/441/441 440/440/440 434/434/434
f 438/438/438 441/441/441 434/434/434
f 417/417/417 424/424/424 382/382/382
f 388/388/388 443/443/443 442/442/442
f 200/200/200 444/444/444 380/380/380
f 433/433/433 388/388/388 442/442/442
f 432/432/432 445/445/445 446/446/446
f 445/445/445 430/430/430 442/442/442
f 430/430/430 445/445/445 432/432/432
f 435/435/435 432/432/432 447/447/447
f 447/447/447 432/432/432 448/448/448
f 449/449/449 444/444/444 200/200/200
f 445/445/445 442/442/442 443/443/443
f 450/450/450 413/413/413 96/96/96
f 448/448/448 432/432/432 446/446/446
f 444/444/444 391/391/391 380/380/380
f 171/171/171 450/450/450 96/96/96
f 451/451/451 391/391/391 444/444/444
f 451/451/451 444/444/444 452/452/452
f 447/447/447 453/453/453 435/435/435
f 454/454/454 455/455/455 450/450/450
f 448/448/448 446/446/446 456/456/456
f 448/448/448 456/456/456 447/447/447
f 450/450/450 171/171/171 454/454/454
f 438/438/438 457/457/457 458/458/458
f 452/452/452 444/444/444 449/449/449
f 438/438/438 459/459/459 441/441/441
f 172/172/172 454/454/454 171/171/171
f 460/460/460 459/459/459 438/438/438
f 455/455/455 454/454/454 461/461/461
f 413/413/413 450/450/450 421/421/421
f 450/450/450 462/462/462 421/421/421
f 450/450/450 455/455/455 462/462/462
f 460/460/460 438/438/438 458/458/458
f 463/463/463 393/393/393 394/394/394
f 438/438/438 435/435/435 457/457/457
f 451/451/451 416/416/416 391/391/391
f 453/453/453 457/457/457 435/435/435
f 464/464/464 456/456/456 465/465/465
f 457/457/457 456/456/456 464/464/464
f 456/456/456 453/453/453 447/447/447
f 416/416/416 451/451/451 466/466/466
f 457/457/457 453/453/453 456/456/456
f 393/393/393 463/463/463 406/406/406
f 437/437/437 463/463/463 394/394/394
f 467/467/467 458/458/458 457/457/457
f 468/468/468 172/172/172 169/169/169
f 172/172/172 461/461/461 454/454/454
f 416/416/416 466/466/466 469/469/469
f 428/428/428 416/416/416 469/469/469
f 420/420/420 470/470/470 471/471/471
f 461/461/461 172/172/172 468/468/468
f 472/472/472 473/473/473 474/474/474
f 425/425/425 474/474/474 475/475/475
f 474/474/474 425/425/425 476/476/476
f 477/477/477 461/461/461 468/468/468
f 478/478/478 428/428/428 469/469/469
f 472/472/472 474/474/474 479/479/479
f 478/478/478 469/469/469 466/466/466
f 480/480/480 420/420/420 471/471/471
f 472/472/472 481/481/481 473/473/473
f 482/482/482 162/162/162 483/483/483
f 481/481/481 484/484/484 473/473/473
f 476/476/476 479/479/479 474/474/474
f 162/162/162 199/199/199 483/483/483
f 479/479/479 476/476/476 485/485/485
f 169/169/169 177/177/177 468/468/468
f 486/486/486 477/477/477 468/468/468
f 452/452/452 466/466/466 451/451/451
f 486/486/486 468/468/468 177/177/177
f 420/420/420 418/418/418 414/414/414
f 478/478/478 466/466/466 452/452/452
f 449/449/449 478/478/478 452/452/452
f 487/487/487 424/424/424 418/418/418
f 488/488/488 477/477/477 486/486/486
f 418/418/418 480/480/480 487/487/487
f 418/418/418 420/420/420 480/480/480
f 486/486/486 177/177/177 488/488/488
f 173/173/173 162/162/162 482/482/482
f 455/455/455 461/461/461 462/462/462
f 481/481/481 472/472/472 489/489/489
f 479/479/479 489/489/489 472/472/472
f 490/490/490 445/445/445 491/491/491
f 490/490/490 446/446/446 445/445/445
f 492/492/492 493/493/493 494/494/494
f 461/461/461 477/477/477 495/495/495
f 479/479/479 485/485/485 489/489/489
f 462/462/462 461/461/461 495/495/495
f 493/493/493 492/492/492 489/489/489
f 485/485/485 493/493/493 489/489/489
f 496/496/496 497/497/497 485/485/485
f 497/497/497 493/493/493 485/485/485
f 492/492/492 484/484/484 481/481/481
f 489/489/489 492/492/492 481/481/481
f 482/482/482 498/498/498 173/173/173
f 492/492/492 494/494/494 484/484/484
f 499/499/499 449/449/449 500/500/500
f 477/477/477 488/488/488 495/495/495
f 429/429/429 485/485/485 476/476/476
f 429/429/429 476/476/476 425/425/425
f 501/501/501 483/483/483 199/199/199
f 502/502/502 495/495/495 488/488/488
f 495/495/495 502/502/502 503/503/503
f 483/483/483 498/498/498 482/482/482
f 485/485/485 429/429/429 496/496/496
f 504/504/504 411/411/411 421/421/421
f 504/504/504 422/422/422 411/411/411
f 426/426/426 505/505/505 429/429/429
f 505/505/505 496/496/496 429/429/429
f 506/506/506 427/427/427 422/422/422
f 422/422/422 504/504/504 506/506/506
f 445/445/445 443/443/443 491/491/491
f 507/507/507 498/498/498 483/483/483
f 462/462/462 504/504/504 421/421/421
f 456/456/456 446/446/446 490/490/490
f 490/490/490 508/508/508 456/456/456
f 465/465/465 456/456/456 508/508/508
f 509/509/509 465/465/465 508/508/508
f 510/510/510 185/185/185 184/184/184
f 511/511/511 506/506/506 504/504/504
f 464/464/464 465/465/465 512/512/512
f 513/513/513 465/465/465 509/509/509
f 513/513/513 512/512/512 465/465/465
f 510/510/510 184/184/184 514/514/514
f 379/379/379 515/515/515 426/426/426
f 386/386/386 515/515/515 379/379/379
f 516/516/516 449/449/449 200/200/200
f 183/183/183 178/178/178 173/173/173
f 517/517/517 436/436/436 427/427/427
f 506/506/506 517/517/517 427/427/427
f 173/173/173 518/518/518 183/183/183
f 173/173/173 498/498/498 507/507/507
f 519/519/519 520/520/520 521/521/521
f 511/511/511 522/522/522 506/506/506
f 518/518/518 173/173/173 507/507/507
f 523/523/523 426/426/426 515/515/515
f 184/184/184 183/183/183 518/518/518
f 517/517/517 506/506/506 522/522/522
f 426/426/426 523/523/523 505/505/505
f 524/524/524 522/522/522 511/511/511
f 525/525/525 520/520/520 519/519/519
f 495/495/495 504/504/504 462/462/462
f 526/526/526 505/505/505 523/523/523
f 495/495/495 503/503/503 504/504/504
f 504/504/504 503/503/503 527/527/527
f 526/526/526 528/528/528 505/505/505
f 527/527/527 511/511/511 504/504/504
f 386/386/386 398/398/398 515/515/515
f 398/398/398 529/529/529 515/515/515
f 184/184/184 530/530/530 531/531/531
f 529/529/529 523/523/523 515/515/515
f 532/532/532 523/523/523 529/529/529
f 527/527/527 503/503/503 533/533/533
f 530/530/530 184/184/184 518/518/518
f 534/534/534 518/518/518 507/507/507
f 535/535/535 527/527/527 533/533/533
f 536/536/536 511/511/511 527/527/527
f 532/532/532 526/526/526 523/523/523
f 531/531/531 514/514/514 184/184/184
f 537/537/537 524/524/524 536/536/536
f 524/524/524 511/511/511 536/536/536
f 538/538/538 536/536/536 527/527/527
f 535/535/535 538/538/538 527/527/527
f 539/539/539 532/532/532 529/529/529
f 507/507/507 483/483/483 501/501/501
f 428/428/428 525/525/525 519/519/519
f 519/519/519 397/397/397 428/428/428
f 540/540/540 532/532/532 539/539/539
f 540/540/540 526/526/526 532/532/532
f 538/538/538 541/541/541 536/536/536
f 537/537/537 536/536/536 541/541/541
f 458/458/458 542/542/542 460/460/460
f 518/518/518 534/534/534 530/530/530
f 502/502/502 533/533/533 503/503/503
f 543/543/543 459/459/459 460/460/460
f 428/428/428 544/544/544 525/525/525
f 545/545/545 460/460/460 542/542/542
f 534/534/534 546/546/546 530/530/530
f 546/546/546 547/547/547 530/530/530
f 147/147/147 548/548/548 177/177/177
f 520/520/520 549/549/549 550/550/550
f 542/542/542 458/458/458 467/467/467
f 147/147/147 180/180/180 548/548/548
f 531/531/531 530/530/530 551/551/551
f 551/551/551 530/530/530 552/552/552
f 512/512/512 457/457/457 464/464/464
f 457/457/457 512/512/512 467/467/467
f 505/505/505 528/528/528 553/553/553
f 554/554/554 467/467/467 512/512/512
f 555/555/555 512/512/512 513/513/513
f 549/549/549 556/556/556 557/557/557
f 552/552/552 530/530/530 558/558/558
f 545/545/545 542/542/542 559/559/559
f 559/559/559 542/542/542 467/467/467
f 560/560/560 488/488/488 548/548/548
f 543/543/543 460/460/460 545/545/545
f 177/177/177 548/548/548 488/488/488
f 520/520/520 525/525/525 549/549/549
f 547/547/547 558/558/558 530/530/530
f 488/488/488 560/560/560 502/502/502
f 561/561/561 562/562/562 563/563/563
f 564/564/564 563/563/563 562/562/562
f 565/565/565 548/548/548 180/180/180
f 545/545/545 559/559/559 566/566/566
f 528/528/528 526/526/526 540/540/540
f 501/501/501 199/199/199 406/406/406
f 555/555/555 554/554/554 512/512/512
f 544/544/544 567/567/567 525/525/525
f 186/186/186 180/180/180 175/175/175
f 555/555/555 568/568/568 554/554/554
f 540/540/540 553/553/553 528/528/528
f 569/569/569 553/553/553 540/540/540
f 164/164/164 180/180/180 186/186/186
f 570/570/570 549/549/549 525/525/525
f 571/571/571 501/501/501 406/406/406
f 572/572/572 549/549/549 570/570/570
f 559/559/559 467/467/467 554/554/554
f 570/570/570 525/525/525 567/567/567
f 566/566/566 559/559/559 554/554/554
f 570/570/570 567/567/567 572/572/572
f 573/573/573 574/574/574 575/575/575
f 576/576/576 572/572/572 567/567/567
f 573/573/573 572/572/572 576/576/576
f 565/565/565 180/180/180 368/368/368
f 577/577/577 578/578/578 556/556/556
f 579/579/579 580/580/580 428/428/428
f 428/428/428 478/478/478 579/579/579
f 390/390/390 581/581/581 582/582/582
f 583/583/583 579/579/579 478/478/478
f 572/572/572 556/556/556 549/549/549
f 572/572/572 577/577/577 556/556/556
f 164/164/164 368/368/368 180/180/180
f 584/584/584 575/575/575 577/577/577
f 577/577/577 572/572/572 584/584/584
f 579/579/579 583/583/583 580/580/580
f 390/390/390 577/577/577 575/575/575
f 581/581/581 390/390/390 575/575/575
f 507/507/507 501/501/501 585/585/585
f 428/428/428 580/580/580 544/544/544
f 573/573/573 584/584/584 572/572/572
f 534/534/534 507/507/507 585/585/585
f 575/575/575 582/582/582 581/581/581
f 584/584/584 573/573/573 575/575/575
f 538/538/538 535/535/535 586/586/586
f 541/541/541 538/538/538 586/586/586
f 585/585/585 587/587/587 534/534/534
f 582/582/582 389/389/389 390/390/390
f 534/534/534 587/587/587 546/546/546
f 535/535/535 588/588/588 586/586/586
f 589/589/589 580/580/580 583/583/583
f 589/589/589 583/583/583 590/590/590
f 544/544/544 580/580/580 589/589/589
f 535/535/535 591/591/591 588/588/588
f 499/499/499 478/478/478 449/449/449
f 499/499/499 583/583/583 478/478/478
f 590/590/590 583/583/583 499/499/499
f 588/588/588 592/592/592 586/586/586
f 592/592/592 588/588/588 593/593/593
f 594/594/594 590/590/590 499/499/499
f 398/398/398 389/389/389 582/582/582
f 437/437/437 595/595/595 463/463/463
f 398/398/398 582/582/582 596/596/596
f 590/590/590 597/597/597 589/589/589
f 598/598/598 589/589/589 597/597/597
f 591/591/591 533/533/533 502/502/502
f 574/574/574 582/582/582 575/575/575
f 591/591/591 535/535/535 533/533/533
f 599/599/599 502/502/502 560/560/560
f 599/599/599 560/560/560 548/548/548
f 591/591/591 502/502/502 599/599/599
f 600/600/600 598/598/598 597/597/597
f 565/565/565 599/599/599 548/548/548
f 594/594/594 600/600/600 597/597/597
f 593/593/593 588/588/588 591/591/591
f 406/406/406 463/463/463 571/571/571
f 601/601/601 573/573/573 576/576/576
f 573/573/573 601/601/601 574/574/574
f 602/602/602 603/603/603 576/576/576
f 591/591/591 599/599/599 593/593/593
f 603/603/603 601/601/601 576/576/576
f 368/368/368 599/599/599 565/565/565
f 397/397/397 599/599/599 368/368/368
f 598/598/598 567/567/567 544/544/544
f 596/596/596 529/529/529 398/398/398
f 595/595/595 571/571/571 463/463/463
f 604/604/604 582/582/582 574/574/574
f 574/574/574 605/605/605 604/604/604
f 605/605/605 574/574/574 601/601/601
f 397/397/397 593/593/593 599/599/599
f 596/596/596 582/582/582 604/604/604
f 567/567/567 598/598/598 576/576/576
f 576/576/576 598/598/598 602/602/602
f 606/606/606 605/605/605 601/601/601
f 529/529/529 596/596/596 539/539/539
f 607/607/607 605/605/605 606/606/606
f 397/397/397 519/519/519 593/593/593
f 607/607/607 604/604/604 605/605/605
f 517/517/517 608/608/608 436/436/436
f 595/595/595 609/609/609 571/571/571
f 598/598/598 544/544/544 589/589/589
f 571/571/571 609/609/609 400/400/400
f 608/608/608 437/437/437 436/436/436
f 437/437/437 608/608/608 595/595/595
f 602/602/602 598/598/598 600/600/600
f 610/610/610 517/517/517 524/524/524
f 610/610/610 611/611/611 517/517/517
f 524/524/524 517/517/517 522/522/522
f 612/612/612 601/601/601 603/603/603
f 613/613/613 614/614/614 611/611/611
f 606/606/606 601/601/601 612/612/612
f 615/615/615 608/608/608 517/517/517
f 609/609/609 401/401/401 400/400/400
f 611/611/611 615/615/615 517/517/517
f 615/615/615 595/595/595 608/608/608
f 616/616/616 539/539/539 596/596/596
f 571/571/571 585/585/585 501/501/501
f 617/617/617 612/612/612 603/603/603
f 606/606/606 618/618/618 607/607/607
f 619/619/619 595/595/595 615/615/615
f 618/618/618 606/606/606 612/612/612
f 620/620/620 604/604/604 607/607/607
f 620/620/620 607/607/607 618/618/618
f 566/566/566 543/543/543 545/545/545
f 571/571/571 621/621/621 585/585/585
f 622/622/622 566/566/566 623/623/623
f 623/623/623 566/566/566 624/624/624
f 604/604/604 620/620/620 625/625/625
f 604/604/604 625/625/625 596/596/596
f 614/614/614 615/615/615 611/611/611
f 626/626/626 585/585/585 621/621/621
f 627/627/627 546/546/546 587/587/587
f 543/543/543 566/566/566 628/628/628
f 629/629/629 569/569/569 540/540/540
f 587/587/587 585/585/585 626/626/626
f 610/610/610 524/524/524 630/630/630
f 539/539/539 629/629/629 540/540/540
f 626/626/626 631/631/631 587/587/587
f 631/631/631 627/627/627 587/587/587
f 632/632/632 629/629/629 539/539/539
f 633/633/633 566/566/566 554/554/554
f 630/630/630 524/524/524 537/537/537
f 634/634/634 631/631/631 626/626/626
f 635/635/635 609/609/609 636/636/636
f 633/633/633 554/554/554 568/568/568
f 637/637/637 633/633/633 568/568/568
f 613/613/613 611/611/611 610/610/610
f 613/613/613 610/610/610 630/630/630
f 638/638/638 639/639/639 640/640/640
f 641/641/641 640/640/640 639/639/639
f 642/642/642 566/566/566 633/633/633
f 400/400/400 643/643/643 621/621/621
f 636/636/636 641/641/641 639/639/639
f 636/636/636 639/639/639 635/635/635
f 621/621/621 571/571/571 400/400/400
f 624/624/624 566/566/566 642/642/642
f 643/643/643 626/626/626 621/621/621
f 644/644/644 638/638/638 645/645/645
f 643/643/643 634/634/634 626/626/626
f 646/646/646 638/638/638 644/644/644
f 647/647/647 624/624/624 642/642/642
f 648/648/648 638/638/638 646/646/646
f 648/648/648 649/649/649 638/638/638
f 649/649/649 639/639/639 638/638/638
f 650/650/650 649/649/649 648/648/648
f 616/616/616 632/632/632 539/539/539
f 627/627/627 547/547/547 546/546/546
f 651/651/651 629/629/629 632/632/632
f 640/640/640 615/615/615 614/614/614
f 613/613/613 640/640/640 614/614/614
f 641/641/641 619/619/619 615/615/615
f 640/640/640 641/641/641 615/615/615
f 651/651/651 632/632/632 616/616/616
f 652/652/652 558/558/558 547/547/547
f 653/653/653 639/639/639 649/649/649
f 637/637/637 642/642/642 633/633/633
f 642/642/642 637/637/637 654/654/654
f 655/655/655 656/656/656 657/657/657
f 651/651/651 658/658/658 629/629/629
f 649/649/649 650/650/650 655/655/655
f 564/564/564 659/659/659 563/563/563
f 653/653/653 660/660/660 639/639/639
f 661/661/661 660/660/660 653/653/653
f 662/662/662 663/663/663 656/656/656
f 660/660/660 635/635/635 639/639/639
f 664/664/664 658/658/658 651/651/651
f 652/652/652 547/547/547 665/665/665
f 664/664/664 666/666/666 658/658/658
f 666/666/666 664/664/664 667/667/667
f 636/636/636 595/595/595 619/619/619
f 663/663/663 662/662/662 668/668/668
f 656/656/656 655/655/655 662/662/662
f 655/655/655 669/669/669 662/662/662
f 669/669/669 655/655/655 650/650/650
f 669/669/669 668/668/668 662/662/662
f 669/669/669 670/670/670 668/668/668
f 671/671/671 563/563/563 659/659/659
f 672/672/672 670/670/670 669/669/669
f 619/619/619 641/641/641 636/636/636
f 547/547/547 627/627/627 665/665/665
f 659/659/659 564/564/564 673/673/673
f 674/674/674 652/652/652 665/665/665
f 635/635/635 675/675/675 609/609/609
f 676/676/676 674/674/674 665/665/665
f 671/671/671 659/659/659 677/677/677
f 675/675/675 678/678/678 609/609/609
f 679/679/679 671/671/671 677/677/677
f 630/630/630 680/680/680 613/613/613
f 681/681/681 679/679/679 682/682/682
f 678/678/678 401/401/401 609/609/609
f 661/661/661 675/675/675 660/660/660
f 683/683/683 684/684/684 663/663/663
f 685/685/685 631/631/631 634/634/634
f 686/686/686 687/687/687 675/675/675
f 686/686/686 675/675/675 661/661/661
f 688/688/688 630/630/630 689/689/689
f 678/678/678 690/690/690 691/691/691
f 634/634/634 643/643/643 399/399/399
f 409/409/409 401/401/401 691/691/691
f 401/401/401 678/678/678 691/691/691
f 690/690/690 409/409/409 691/691/691
f 685/685/685 634/634/634 399/399/399
f 415/415/415 407/407/407 409/409/409
f 616/616/616 692/692/692 651/651/651
f 627/627/627 631/631/631 693/693/693
f 692/692/692 694/694/694 651/651/651
f 687/687/687 678/678/678 675/675/675
f 631/631/631 685/685/685 693/693/693
f 690/690/690 678/678/678 687/687/687
f 613/613/613 645/645/645 640/640/640
f 686/686/686 690/690/690 687/687/687
f 638/638/638 640/640/640 645/645/645
f 683/683/683 668/668/668 475/475/475
f 415/415/415 409/409/409 690/690/690
f 415/415/415 690/690/690 686/686/686
f 419/419/419 415/415/415 686/686/686
f 686/686/686 470/470/470 419/419/419
f 419/419/419 414/414/414 415/415/415
f 470/470/470 420/420/420 419/419/419
f 695/695/695 696/696/696 667/667/667
f 660/660/660 675/675/675 635/635/635
f 664/664/664 651/651/651 694/694/694
f 663/663/663 668/668/668 683/683/683
f 695/695/695 664/664/664 694/694/694
f 695/695/695 667/667/667 664/664/664
f 645/645/645 613/613/613 697/697/697
f 697/697/697 613/613/613 680/680/680
f 400/400/400 399/399/399 643/643/643
f 697/697/697 680/680/680 688/688/688
f 404/404/404 685/685/685 399/399/399
f 685/685/685 404/404/404 410/410/410
f 697/697/697 644/644/644 645/645/645
f 670/670/670 698/698/698 668/668/668
f 402/402/402 404/404/404 399/399/399
f 693/693/693 685/685/685 410/410/410
f 698/698/698 475/475/475 668/668/668
f 698/698/698 425/425/425 475/475/475
f 372/372/372 693/693/693 373/373/373
f 693/693/693 410/410/410 373/373/373
f 595/595/595 636/636/636 609/609/609
f 695/695/695 694/694/694 699/699/699
f 403/403/403 410/410/410 404/404/404
f 700/700/700 692/692/692 616/616/616
f 701/701/701 616/616/616 596/596/596
f 372/372/372 627/627/627 693/693/693
f 627/627/627 372/372/372 665/665/665
f 700/700/700 694/694/694 692/692/692
f 379/379/379 425/425/425 365/365/365
f 698/698/698 365/365/365 425/425/425
f 700/700/700 702/702/702 694/694/694
f 474/474/474 473/473/473 683/683/683
f 475/475/475 474/474/474 683/683/683
f 372/372/372 374/374/374 665/665/665
f 374/374/374 676/676/676 665/665/665
f 703/703/703 644/644/644 697/697/697
f 646/646/646 644/644/644 703/703/703
f 703/703/703 704/704/704 646/646/646
f 705/705/705 650/650/650 648/648/648
f 706/706/706 385/385/385 370/370/370
f 673/673/673 677/677/677 659/659/659
f 673/673/673 706/706/706 677/677/677
f 704/704/704 648/648/648 646/646/646
f 679/679/679 677/677/677 370/370/370
f 648/648/648 704/704/704 705/705/705
f 370/370/370 677/677/677 706/706/706
f 578/578/578 707/707/707 705/705/705
f 669/669/669 650/650/650 705/705/705
f 679/679/679 370/370/370 369/369/369
f 707/707/707 669/669/669 705/705/705
f 707/707/707 672/672/672 669/669/669
f 586/586/586 592/592/592 541/541/541
f 537/537/537 541/541/541 592/592/592
f 366/366/366 670/670/670 672/672/672
f 708/708/708 630/630/630 537/537/537
f 366/366/366 672/672/672 707/707/707
f 578/578/578 705/705/705 704/704/704
f 709/709/709 537/537/537 592/592/592
f 556/556/556 578/578/578 704/704/704
f 537/537/537 709/709/709 708/708/708
f 710/710/710 708/708/708 709/709/709
f 707/707/707 578/578/578 387/387/387
f 707/707/707 387/387/387 366/366/366
f 711/711/711 709/709/709 712/712/712
f 630/630/630 708/708/708 689/689/689
f 387/387/387 578/578/578 577/577/577
f 713/713/713 689/689/689 708/708/708
f 390/390/390 387/387/387 577/577/577
f 711/711/711 710/710/710 709/709/709
f 366/366/366 698/698/698 670/670/670
f 710/710/710 713/713/713 708/708/708
f 366/366/366 365/365/365 698/698/698
f 712/712/712 592/592/592 593/593/593
f 709/709/709 592/592/592 712/712/712
f 593/593/593 519/519/519 712/712/712
f 519/519/519 521/521/521 712/712/712
f 714/714/714 711/711/711 521/521/521
f 521/521/521 711/711/711 712/712/712
f 713/713/713 710/710/710 711/711/711
f 714/714/714 713/713/713 711/711/711
f 714/714/714 715/715/715 713/713/713
f 520/520/520 714/714/714 521/521/521
f 688/688/688 680/680/680 630/630/630
f 689/689/689 713/713/713 688/688/688
f 716/716/716 688/688/688 713/713/713
f 688/688/688 703/703/703 697/697/697
f 717/717/717 703/703/703 688/688/688
f 717/717/717 704/704/704 703/703/703
f 717/717/717 688/688/688 716/716/716
f 716/716/716 713/713/713 715/715/715
f 550/550/550 715/715/715 714/714/714
f 716/716/716 715/715/715 717/717/717
f 520/520/520 550/550/550 714/714/714
f 704/704/704 717/717/717 556/556/556
f 556/556/556 717/717/717 557/557/557
f 550/550/550 717/717/717 715/715/715
f 550/550/550 557/557/557 717/717/717
f 549/549/549 557/557/557 550/550/550
f 718/718/718 682/682/682 679/679/679
f 679/679/679 369/369/369 718/718/718
f 719/719/719 718/718/718 369/369/369
f 719/719/719 720/720/720 718/718/718
f 371/371/371 721/721/721 369/369/369
f 719/719/719 369/369/369 721/721/721
f 721/721/721 371/371/371 396/396/396
f 439/439/439 721/721/721 396/396/396
f 721/721/721 720/720/720 719/719/719
f 459/459/459 439/439/439 441/441/441
f 720/720/720 721/721/721 439/439/439
f 459/459/459 720/720/720 439/439/439
f 543/543/543 720/720/720 459/459/459
f 722/722/722 720/720/720 543/543/543
f 543/543/543 628/628/628 722/722/722
f 368/368/368 367/367/367 392/392/392
f 185/185/185 510/510/510 351/351/351
f 723/723/723 724/724/724 725/725/725
f 726/726/726 727/727/727 724/724/724
f 352/352/352 728/728/728 349/349/349
f 729/729/729 726/726/726 724/724/724
f 730/730/730 349/349/349 728/728/728
f 730/730/730 728/728/728 731/731/731
f 725/725/725 724/724/724 732/732/732
f 733/733/733 734/734/734 735/735/735
f 349/349/349 356/356/356 342/342/342
f 733/733/733 735/735/735 736/736/736
f 356/356/356 349/349/349 737/737/737
f 729/729/729 724/724/724 723/723/723
f 723/723/723 725/725/725 738/738/738
f 357/357/357 356/356/356 737/737/737
f 739/739/739 734/734/734 733/733/733
f 531/531/531 740/740/740 514/514/514
f 741/741/741 742/742/742 731/731/731
f 730/730/730 731/731/731 742/742/742
f 726/726/726 743/743/743 734/734/734
f 531/531/531 551/551/551 740/740/740
f 742/742/742 741/741/741 744/744/744
f 730/730/730 737/737/737 349/349/349
f 723/723/723 738/738/738 745/745/745
f 738/738/738 746/746/746 745/745/745
f 747/747/747 737/737/737 730/730/730
f 723/723/723 745/745/745 729/729/729
f 748/748/748 725/725/725 732/732/732
f 725/725/725 748/748/748 749/749/749
f 742/742/742 744/744/744 561/561/561
f 730/730/730 742/742/742 747/747/747
f 738/738/738 725/725/725 749/749/749
f 748/748/748 722/722/722 749/749/749
f 726/726/726 734/734/734 739/739/739
f 720/720/720 722/722/722 748/748/748
f 242/242/242 234/234/234 357/357/357
f 750/750/750 229/229/229 242/242/242
f 749/749/749 751/751/751 752/752/752
f 628/628/628 751/751/751 722/722/722
f 753/753/753 751/751/751 628/628/628
f 749/749/749 722/722/722 751/751/751
f 622/622/622 751/751/751 753/753/753
f 566/566/566 753/753/753 628/628/628
f 258/258/258 229/229/229 750/750/750
f 750/750/750 242/242/242 357/357/357
f 750/750/750 357/357/357 754/754/754
f 752/752/752 751/751/751 622/622/622
f 622/622/622 753/753/753 566/566/566
f 727/727/727 726/726/726 739/739/739
f 752/752/752 622/622/622 623/623/623
f 755/755/755 737/737/737 747/747/747
f 746/746/746 738/738/738 749/749/749
f 752/752/752 746/746/746 749/749/749
f 357/357/357 737/737/737 756/756/756
f 300/300/300 304/304/304 757/757/757
f 737/737/737 755/755/755 756/756/756
f 758/758/758 746/746/746 752/752/752
f 754/754/754 357/357/357 756/756/756
f 320/320/320 300/300/300 757/757/757
f 758/758/758 752/752/752 759/759/759
f 254/254/254 229/229/229 258/258/258
f 750/750/750 754/754/754 258/258/258
f 745/745/745 746/746/746 758/758/758
f 760/760/760 258/258/258 754/754/754
f 752/752/752 623/623/623 761/761/761
f 262/262/262 258/258/258 760/760/760
f 330/330/330 320/320/320 762/762/762
f 761/761/761 623/623/623 763/763/763
f 759/759/759 752/752/752 761/761/761
f 764/764/764 754/754/754 756/756/756
f 304/304/304 729/729/729 757/757/757
f 735/735/735 755/755/755 747/747/747
f 742/742/742 561/561/561 563/563/563
f 729/729/729 765/765/765 766/766/766
f 767/767/767 735/735/735 747/747/747
f 747/747/747 742/742/742 563/563/563
f 768/768/768 747/747/747 563/563/563
f 745/745/745 769/769/769 729/729/729
f 767/767/767 747/747/747 768/768/768
f 765/765/765 729/729/729 770/770/770
f 755/755/755 735/735/735 756/756/756
f 769/769/769 770/770/770 729/729/729
f 304/304/304 743/743/743 726/726/726
f 771/771/771 758/758/758 759/759/759
f 758/758/758 772/772/772 769/769/769
f 772/772/772 758/758/758 771/771/771
f 773/773/773 769/769/769 772/772/772
f 762/762/762 320/320/320 757/757/757
f 774/774/774 773/773/773 772/772/772
f 769/769/769 745/745/745 758/758/758
f 759/759/759 761/761/761 763/763/763
f 771/771/771 759/759/759 763/763/763
f 736/736/736 735/735/735 767/767/767
f 771/771/771 763/763/763 624/624/624
f 768/768/768 563/563/563 671/671/671
f 772/772/772 771/771/771 775/775/775
f 624/624/624 775/775/775 771/771/771
f 681/681/681 768/768/768 671/671/671
f 774/774/774 769/769/769 773/773/773
f 768/768/768 681/681/681 767/767/767
f 769/769/769 774/774/774 770/770/770
f 681/681/681 736/736/736 767/767/767
f 681/681/681 671/671/671 679/679/679
f 776/776/776 330/330/330 762/762/762
f 770/770/770 774/774/774 777/777/777
f 774/774/774 772/772/772 777/777/777
f 778/778/778 330/330/330 776/776/776
f 777/777/777 772/772/772 775/775/775
f 350/350/350 330/330/330 778/778/778
f 760/760/760 264/264/264 262/262/262
f 355/355/355 350/350/350 778/778/778
f 760/760/760 754/754/754 764/764/764
f 304/304/304 726/726/726 729/729/729
f 264/264/264 760/760/760 764/764/764
f 763/763/763 623/623/623 624/624/624
f 764/764/764 756/756/756 743/743/743
f 779/779/779 776/776/776 762/762/762
f 743/743/743 756/756/756 734/734/734
f 780/780/780 775/775/775 624/624/624
f 647/647/647 780/780/780 624/624/624
f 699/699/699 696/696/696 695/695/695
f 743/743/743 264/264/264 764/764/764
f 696/696/696 699/699/699 702/702/702
f 775/775/775 780/780/780 777/777/777
f 780/780/780 781/781/781 777/777/777
f 702/702/702 699/699/699 694/694/694
f 304/304/304 264/264/264 743/743/743
f 757/757/757 729/729/729 766/766/766
f 681/681/681 682/682/682 736/736/736
f 762/762/762 757/757/757 766/766/766
f 265/265/265 264/264/264 304/304/304
f 734/734/734 756/756/756 735/735/735
f 782/782/782 762/762/762 766/766/766
f 783/783/783 736/736/736 682/682/682
f 736/736/736 783/783/783 784/784/784
f 736/736/736 739/739/739 733/733/733
f 785/785/785 739/739/739 736/736/736
f 736/736/736 784/784/784 785/785/785
f 783/783/783 786/786/786 784/784/784
f 783/783/783 682/682/682 718/718/718
f 720/720/720 783/783/783 718/718/718
f 748/748/748 783/783/783 720/720/720
f 786/786/786 783/783/783 748/748/748
f 785/785/785 784/784/784 727/727/727
f 727/727/727 739/739/739 785/785/785
f 724/724/724 784/784/784 786/786/786
f 727/727/727 784/784/784 724/724/724
f 748/748/748 732/732/732 786/786/786
f 724/724/724 786/786/786 732/732/732
f 787/787/787 190/190/190 189/189/189
f 788/788/788 789/789/789 790/790/790
f 190/190/190 791/791/791 125/125/125
f 787/787/787 792/792/792 190/190/190
f 793/793/793 516/516/516 794/794/794
f 795/795/795 789/789/789 788/788/788
f 796/796/796 797/797/797 798/798/798
f 791/791/791 190/190/190 792/792/792
f 799/799/799 791/791/791 792/792/792
f 799/799/799 792/792/792 800/800/800
f 801/801/801 791/791/791 799/799/799
f 802/802/802 801/801/801 799/799/799
f 797/797/797 803/803/803 804/804/804
f 804/804/804 805/805/805 797/797/797
f 791/791/791 122/122/122 125/125/125
f 806/806/806 798/798/798 797/797/797
f 807/807/807 808/808/808 809/809/809
f 810/810/810 811/811/811 807/807/807
f 810/810/810 812/812/812 811/811/811
f 811/811/811 812/812/812 788/788/788
f 798/798/798 806/806/806 813/813/813
f 788/788/788 812/812/812 814/814/814
f 815/815/815 810/810/810 807/807/807
f 794/794/794 193/193/193 143/143/143
f 813/813/813 793/793/793 798/798/798
f 815/815/815 812/812/812 810/810/810
f 812/812/812 815/815/815 816/816/816
f 816/816/816 814/814/814 812/812/812
f 788/788/788 814/814/814 795/795/795
f 817/817/817 813/813/813 806/806/806
f 802/802/802 791/791/791 801/801/801
f 193/193/193 516/516/516 200/200/200
f 806/806/806 797/797/797 805/805/805
f 130/130/130 122/122/122 791/791/791
f 795/795/795 814/814/814 816/816/816
f 802/802/802 130/130/130 791/791/791
f 817/817/817 806/806/806 805/805/805
f 795/795/795 816/816/816 803/803/803
f 794/794/794 516/516/516 193/193/193
f 813/813/813 817/817/817 818/818/818
f 819/819/819 816/816/816 815/815/815
f 820/820/820 813/813/813 818/818/818
f 819/819/819 803/803/803 816/816/816
f 821/821/821 794/794/794 143/143/143
f 143/143/143 76/76/76 130/130/130
f 818/818/818 817/817/817 822/822/822
f 823/823/823 789/789/789 795/795/795
f 824/824/824 818/818/818 822/822/822
f 789/789/789 794/794/794 821/821/821
f 825/825/825 820/820/820 818/818/818
f 824/824/824 825/825/825 818/818/818
f 789/789/789 823/823/823 794/794/794
f 826/826/826 824/824/824 822/822/822
f 827/827/827 824/824/824 826/826/826
f 828/828/828 825/825/825 824/824/824
f 823/823/823 795/795/795 803/803/803
f 829/829/829 824/824/824 827/827/827
f 821/821/821 143/143/143 130/130/130
f 799/799/799 830/830/830 802/802/802
f 796/796/796 823/823/823 803/803/803
f 824/824/824 829/829/829 828/828/828
f 831/831/831 828/828/828 829/829/829
f 832/832/832 831/831/831 829/829/829
f 833/833/833 832/832/832 829/829/829
f 790/790/790 802/802/802 830/830/830
f 790/790/790 830/830/830 834/834/834
f 798/798/798 823/823/823 796/796/796
f 835/835/835 790/790/790 834/834/834
f 811/811/811 790/790/790 835/835/835
f 809/809/809 808/808/808 835/835/835
f 808/808/808 811/811/811 835/835/835
f 793/793/793 794/794/794 823/823/823
f 811/811/811 808/808/808 807/807/807
f 790/790/790 130/130/130 802/802/802
f 793/793/793 823/823/823 798/798/798
f 789/789/789 130/130/130 790/790/790
f 789/789/789 821/821/821 130/130/130
f 788/788/788 790/790/790 811/811/811
f 797/797/797 796/796/796 803/803/803
f 836/836/836 837/837/837 838/838/838
f 838/838/838 837/837/837 839/839/839
f 840/840/840 841/841/841 842/842/842
f 189/189/189 188/188/188 289/289/289
f 843/843/843 836/836/836 844/844/844
f 845/845/845 836/836/836 838/838/838
f 844/844/844 836/836/836 845/845/845
f 846/846/846 842/842/842 841/841/841
f 847/847/847 848/848/848 849/849/849
f 845/845/845 838/838/838 850/850/850
f 841/841/841 851/851/851 852/852/852
f 844/844/844 845/845/845 853/853/853
f 854/854/854 841/841/841 855/855/855
f 855/855/855 841/841/841 852/852/852
f 856/856/856 855/855/855 852/852/852
f 857/857/857 858/858/858 859/859/859
f 854/854/854 846/846/846 841/841/841
f 860/860/860 861/861/861 843/843/843
f 860/860/860 843/843/843 844/844/844
f 848/848/848 862/862/862 849/849/849
f 849/849/849 862/862/862 863/863/863
f 864/864/864 289/289/289 865/865/865
f 866/866/866 858/858/858 857/857/857
f 862/862/862 848/848/848 867/867/867
f 867/867/867 848/848/848 868/868/868
f 857/857/857 869/869/869 866/866/866
f 857/857/857 859/859/859 870/870/870
f 871/871/871 872/872/872 873/873/873
f 874/874/874 800/800/800 875/875/875
f 876/876/876 871/871/871 877/877/877
f 876/876/876 872/872/872 871/871/871
f 869/869/869 857/857/857 878/878/878
f 787/787/787 875/875/875 792/792/792
f 787/787/787 189/189/189 875/875/875
f 868/868/868 848/848/848 879/879/879
f 875/875/875 189/189/189 864/864/864
f 864/864/864 189/189/189 289/289/289
f 875/875/875 800/800/800 792/792/792
f 880/880/880 868/868/868 881/881/881
f 882/882/882 815/815/815 858/858/858
f 867/867/867 868/868/868 883/883/883
f 884/884/884 815/815/815 882/882/882
f 874/874/874 875/875/875 864/864/864
f 885/885/885 886/886/886 887/887/887
f 882/882/882 858/858/858 866/866/866
f 872/872/872 888/888/888 873/873/873
f 872/872/872 886/886/886 888/888/888
f 847/847/847 879/879/879 848/848/848
f 886/886/886 885/885/885 888/888/888
f 868/868/868 879/879/879 881/881/881
f 879/879/879 847/847/847 889/889/889
f 890/890/890 866/866/866 869/869/869
f 873/873/873 852/852/852 871/871/871
f 852/852/852 873/873/873 856/856/856
f 887/887/887 883/883/883 868/868/868
f 880/880/880 887/887/887 868/868/868
f 888/888/888 891/891/891 873/873/873
f 892/892/892 888/888/888 885/885/885
f 893/893/893 880/880/880 881/881/881
f 894/894/894 890/890/890 869/869/869
f 895/895/895 297/297/297 268/268/268
f 840/840/840 890/890/890 894/894/894
f 866/866/866 890/890/890 840/840/840
f 895/895/895 268/268/268 282/282/282
f 896/896/896 881/881/881 879/879/879
f 892/892/892 897/897/897 888/888/888
f 865/865/865 289/289/289 297/297/297
f 891/891/891 888/888/888 897/897/897
f 898/898/898 882/882/882 866/866/866
f 842/842/842 846/846/846 899/899/899
f 900/900/900 865/865/865 297/297/297
f 840/840/840 898/898/898 866/866/866
f 838/838/838 839/839/839 850/850/850
f 297/297/297 895/895/895 900/900/900
f 898/898/898 899/899/899 882/882/882
f 901/901/901 899/899/899 846/846/846
f 902/902/902 845/845/845 850/850/850
f 853/853/853 845/845/845 902/902/902
f 903/903/903 889/889/889 847/847/847
f 805/805/805 904/904/904 899/899/899
f 905/905/905 850/850/850 906/906/906
f 906/906/906 850/850/850 839/839/839
f 805/805/805 804/804/804 904/904/904
f 907/907/907 879/879/879 889/889/889
f 879/879/879 907/907/907 896/896/896
f 902/902/902 850/850/850 905/905/905
f 908/908/908 800/800/800 874/874/874
f 874/874/874 909/909/909 908/908/908
f 910/910/910 911/911/911 903/903/903
f 889/889/889 903/903/903 911/911/911
f 819/819/819 815/815/815 884/884/884
f 899/899/899 901/901/901 805/805/805
f 909/909/909 874/874/874 864/864/864
f 907/907/907 889/889/889 911/911/911
f 906/906/906 839/839/839 912/912/912
f 913/913/913 908/908/908 909/909/909
f 908/908/908 913/913/913 914/914/914
f 906/906/906 912/912/912 915/915/915
f 905/905/905 906/906/906 915/915/915
f 916/916/916 901/901/901 917/917/917
f 917/917/917 901/901/901 846/846/846
f 912/912/912 918/918/918 915/915/915
f 919/919/919 915/915/915 920/920/920
f 915/915/915 919/919/919 905/905/905
f 921/921/921 910/910/910 922/922/922
f 923/923/923 909/909/909 864/864/864
f 846/846/846 854/854/854 917/917/917
f 920/920/920 924/924/924 919/919/919
f 854/854/854 855/855/855 917/917/917
f 919/919/919 924/924/924 925/925/925
f 926/926/926 917/917/917 855/855/855
f 927/927/927 925/925/925 924/924/924
f 800/800/800 908/908/908 914/914/914
f 911/911/911 910/910/910 921/921/921
f 800/800/800 914/914/914 799/799/799
f 855/855/855 856/856/856 926/926/926
f 882/882/882 899/899/899 884/884/884
f 922/922/922 911/911/911 921/921/921
f 911/911/911 922/922/922 928/928/928
f 907/907/907 911/911/911 928/928/928
f 899/899/899 819/819/819 884/884/884
f 929/929/929 896/896/896 907/907/907
f 930/930/930 926/926/926 856/856/856
f 914/914/914 830/830/830 799/799/799
f 830/830/830 914/914/914 913/913/913
f 916/916/916 917/917/917 926/926/926
f 842/842/842 899/899/899 898/898/898
f 901/901/901 931/931/931 805/805/805
f 297/297/297 296/296/296 268/268/268
f 909/909/909 932/932/932 913/913/913
f 931/931/931 901/901/901 916/916/916
f 932/932/932 909/909/909 933/933/933
f 934/934/934 931/931/931 916/916/916
f 935/935/935 913/913/913 932/932/932
f 904/904/904 819/819/819 899/899/899
f 819/819/819 904/904/904 803/803/803
f 933/933/933 909/909/909 923/923/923
f 933/933/933 923/923/923 936/936/936
f 916/916/916 926/926/926 934/934/934
f 830/830/830 937/937/937 938/938/938
f 830/830/830 938/938/938 809/809/809
f 809/809/809 834/834/834 830/830/830
f 930/930/930 939/939/939 926/926/926
f 835/835/835 834/834/834 809/809/809
f 804/804/804 803/803/803 904/904/904
f 940/940/940 830/830/830 913/913/913
f 856/856/856 873/873/873 891/891/891
f 941/941/941 942/942/942 943/943/943
f 930/930/930 891/891/891 944/944/944
f 940/940/940 937/937/937 830/830/830
f 895/895/895 282/282/282 281/281/281
f 892/892/892 945/945/945 897/897/897
f 897/897/897 945/945/945 891/891/891
f 946/946/946 947/947/947 941/941/941
f 948/948/948 945/945/945 892/892/892
f 891/891/891 945/945/945 944/944/944
f 946/946/946 941/941/941 943/943/943
f 281/281/281 283/283/283 285/285/285
f 285/285/285 275/275/275 284/284/284
f 285/285/285 284/284/284 949/949/949
f 923/923/923 864/864/864 865/865/865
f 944/944/944 945/945/945 948/948/948
f 950/950/950 944/944/944 948/948/948
f 951/951/951 281/281/281 285/285/285
f 952/952/952 923/923/923 865/865/865
f 943/943/943 942/942/942 953/953/953
f 954/954/954 943/943/943 953/953/953
f 955/955/955 950/950/950 948/948/948
f 956/956/956 957/957/957 953/953/953
f 958/958/958 957/957/957 956/956/956
f 930/930/930 856/856/856 891/891/891
f 900/900/900 959/959/959 960/960/960
f 960/960/960 865/865/865 900/900/900
f 953/953/953 957/957/957 954/954/954
f 960/960/960 952/952/952 865/865/865
f 961/961/961 284/284/284 286/286/286
f 954/954/954 957/957/957 958/958/958
f 952/952/952 936/936/936 923/923/923
f 962/962/962 946/946/946 943/943/943
f 963/963/963 964/964/964 952/952/952
f 962/962/962 943/943/943 965/965/965
f 930/930/930 944/944/944 939/939/939
f 918/918/918 946/946/946 962/962/962
f 963/963/963 952/952/952 960/960/960
f 966/966/966 951/951/951 285/285/285
f 949/949/949 284/284/284 961/961/961
f 895/895/895 281/281/281 951/951/951
f 954/954/954 965/965/965 943/943/943
f 939/939/939 944/944/944 950/950/950
f 950/950/950 955/955/955 939/939/939
f 900/900/900 895/895/895 959/959/959
f 959/959/959 895/895/895 951/951/951
f 967/967/967 939/939/939 955/955/955
f 968/968/968 962/962/962 965/965/965
f 968/968/968 965/965/965 969/969/969
f 965/965/965 954/954/954 970/970/970
f 885/885/885 887/887/887 880/880/880
f 285/285/285 949/949/949 971/971/971
f 880/880/880 972/972/972 885/885/885
f 969/969/969 965/965/965 970/970/970
f 966/966/966 285/285/285 973/973/973
f 971/971/971 973/973/973 285/285/285
f 960/960/960 959/959/959 974/974/974
f 971/971/971 949/949/949 961/961/961
f 975/975/975 971/971/971 961/961/961
f 885/885/885 972/972/972 976/976/976
f 975/975/975 961/961/961 977/977/977
f 978/978/978 956/956/956 979/979/979
f 974/974/974 959/959/959 966/966/966
f 976/976/976 892/892/892 885/885/885
f 978/978/978 979/979/979 980/980/980
f 978/978/978 958/958/958 956/956/956
f 961/961/961 286/286/286 981/981/981
f 982/982/982 983/983/983 976/976/976
f 961/961/961 981/981/981 984/984/984
f 981/981/981 286/286/286 294/294/294
f 985/985/985 963/963/963 960/960/960
f 985/985/985 960/960/960 974/974/974
f 976/976/976 983/983/983 892/892/892
f 303/303/303 981/981/981 294/294/294
f 985/985/985 974/974/974 986/986/986
f 978/978/978 980/980/980 987/987/987
f 892/892/892 983/983/983 948/948/948
f 988/988/988 948/948/948 983/983/983
f 987/987/987 989/989/989 990/990/990
f 991/991/991 974/974/974 966/966/966
f 991/991/991 966/966/966 992/992/992
f 978/978/978 987/987/987 993/993/993
f 994/994/994 986/986/986 991/991/991
f 990/990/990 993/993/993 987/987/987
f 991/991/991 986/986/986 974/974/974
f 992/992/992 966/966/966 995/995/995
f 989/989/989 996/996/996 990/990/990
f 948/948/948 988/988/988 997/997/997
f 998/998/998 958/958/958 978/978/978
f 954/954/954 958/958/958 998/998/998
f 995/995/995 999/999/999 992/992/992
f 955/955/955 948/948/948 997/997/997
f 947/947/947 999/999/999 1000/1000/1000
f 1001/1001/1001 1002/1002/1002 1003/1003/1003
f 1004/1004/1004 977/977/977 961/961/961
f 1005/1005/1005 1006/1006/1006 1001/1001/1001
f 1004/1004/1004 984/984/984 1007/1007/1007
f 1004/1004/1004 961/961/961 984/984/984
f 970/970/970 998/998/998 978/978/978
f 1003/1003/1003 1008/1008/1008 1009/1009/1009
f 935/935/935 940/940/940 913/913/913
f 970/970/970 978/978/978 1010/1010/1010
f 1011/1011/1011 940/940/940 935/935/935
f 970/970/970 954/954/954 998/998/998
f 1012/1012/1012 932/932/932 933/933/933
f 1012/1012/1012 935/935/935 932/932/932
f 936/936/936 1012/1012/1012 933/933/933
f 981/981/981 1013/1013/1013 984/984/984
f 1014/1014/1014 1007/1007/1007 984/984/984
f 936/936/936 1015/1015/1015 1012/1012/1012
f 1014/1014/1014 984/984/984 1013/1013/1013
f 1015/1015/1015 936/936/936 964/964/964
f 1010/1010/1010 978/978/978 993/993/993
f 935/935/935 1012/1012/1012 1016/1016/1016
f 1016/1016/1016 1012/1012/1012 1015/1015/1015
f 959/959/959 951/951/951 966/966/966
f 1017/1017/1017 1011/1011/1011 935/935/935
f 1010/1010/1010 993/993/993 1018/1018/1018
f 993/993/993 990/990/990 1018/1018/1018
f 1003/1003/1003 1015/1015/1015 964/964/964
f 1019/1019/1019 940/940/940 1011/1011/1011
f 1020/1020/1020 973/973/973 971/971/971
f 1021/1021/1021 997/997/997 988/988/988
f 1020/1020/1020 971/971/971 1022/1022/1022
f 937/937/937 940/940/940 1019/1019/1019
f 1010/1010/1010 1023/1023/1023 970/970/970
f 971/971/971 975/975/975 1022/1022/1022
f 1024/1024/1024 1010/1010/1010 1018/1018/1018
f 966/966/966 973/973/973 995/995/995
f 995/995/995 973/973/973 1020/1020/1020
f 1002/1002/1002 1016/1016/1016 1015/1015/1015
f 1006/1006/1006 935/935/935 1016/1016/1016
f 1006/1006/1006 1016/1016/1016 1002/1002/1002
f 1022/1022/1022 975/975/975 942/942/942
f 1025/1025/1025 935/935/935 1006/1006/1006
f 1003/1003/1003 1002/1002/1002 1015/1015/1015
f 1001/1001/1001 1006/1006/1006 1002/1002/1002
f 1017/1017/1017 935/935/935 1025/1025/1025
f 1006/1006/1006 1026/1026/1026 1025/1025/1025
f 1026/1026/1026 1006/1006/1006 1027/1027/1027
f 931/931/931 817/817/817 805/805/805
f 1006/1006/1006 1005/1005/1005 1027/1027/1027
f 881/881/881 896/896/896 893/893/893
f 880/880/880 893/893/893 896/896/896
f 1020/1020/1020 999/999/999 995/995/995
f 1020/1020/1020 1000/1000/1000 999/999/999
f 1000/1000/1000 1020/1020/1020 1022/1022/1022
f 859/859/859 1028/1028/1028 1019/1019/1019
f 1022/1022/1022 942/942/942 941/941/941
f 859/859/859 1019/1019/1019 1011/1011/1011
f 939/939/939 1029/1029/1029 926/926/926
f 1017/1017/1017 859/859/859 1011/1011/1011
f 1000/1000/1000 1022/1022/1022 941/941/941
f 947/947/947 1000/1000/1000 941/941/941
f 870/870/870 859/859/859 1017/1017/1017
f 1030/1030/1030 1029/1029/1029 939/939/939
f 1031/1031/1031 982/982/982 880/880/880
f 936/936/936 952/952/952 964/964/964
f 972/972/972 880/880/880 982/982/982
f 977/977/977 1032/1032/1032 975/975/975
f 976/976/976 972/972/972 982/982/982
f 953/953/953 975/975/975 1032/1032/1032
f 931/931/931 1033/1033/1033 817/817/817
f 817/817/817 1033/1033/1033 822/822/822
f 942/942/942 975/975/975 953/953/953
f 1034/1034/1034 977/977/977 1004/1004/1004
f 1034/1034/1034 1004/1004/1004 1007/1007/1007
f 1035/1035/1035 963/963/963 1036/1036/1036
f 1037/1037/1037 963/963/963 1038/1038/1038
f 1034/1034/1034 1007/1007/1007 1039/1039/1039
f 1036/1036/1036 963/963/963 1037/1037/1037
f 920/920/920 918/918/918 962/962/962
f 920/920/920 962/962/962 924/924/924
f 985/985/985 1038/1038/1038 963/963/963
f 1040/1040/1040 977/977/977 1034/1034/1034
f 1003/1003/1003 964/964/964 1008/1008/1008
f 927/927/927 924/924/924 962/962/962
f 1040/1040/1040 1034/1034/1034 1039/1039/1039
f 1040/1040/1040 1039/1039/1039 1041/1041/1041
f 962/962/962 1042/1042/1042 927/927/927
f 1043/1043/1043 1007/1007/1007 1014/1014/1014
f 1044/1044/1044 927/927/927 1042/1042/1042
f 1045/1045/1045 1008/1008/1008 964/964/964
f 1046/1046/1046 1043/1043/1043 1014/1014/1014
f 1007/1007/1007 1043/1043/1043 1039/1039/1039
f 962/962/962 968/968/968 1042/1042/1042
f 1047/1047/1047 1014/1014/1014 1013/1013/1013
f 967/967/967 1048/1048/1048 939/939/939
f 1047/1047/1047 1046/1046/1046 1014/1014/1014
f 964/964/964 963/963/963 1035/1035/1035
f 1039/1039/1039 1043/1043/1043 1046/1046/1046
f 1031/1031/1031 896/896/896 929/929/929
f 1048/1048/1048 967/967/967 955/955/955
f 1046/1046/1046 1047/1047/1047 1049/1049/1049
f 1050/1050/1050 1046/1046/1046 1049/1049/1049
f 1045/1045/1045 964/964/964 1035/1035/1035
f 997/997/997 1048/1048/1048 955/955/955
f 987/987/987 1041/1041/1041 1046/1046/1046
f 1046/1046/1046 1041/1041/1041 1039/1039/1039
f 1051/1051/1051 1035/1035/1035 1036/1036/1036
f 968/968/968 969/969/969 1042/1042/1042
f 1005/1005/1005 1001/1001/1001 1003/1003/1003
f 1052/1052/1052 1005/1005/1005 1009/1009/1009
f 1005/1005/1005 1052/1052/1052 1027/1027/1027
f 1050/1050/1050 1053/1053/1053 1054/1054/1054
f 1026/1026/1026 1027/1027/1027 1055/1055/1055
f 1055/1055/1055 1027/1027/1027 1052/1052/1052
f 1055/1055/1055 1052/1052/1052 1056/1056/1056
f 1057/1057/1057 969/969/969 970/970/970
f 1046/1046/1046 1050/1050/1050 1054/1054/1054
f 989/989/989 1046/1046/1046 1054/1054/1054
f 1003/1003/1003 1009/1009/1009 1005/1005/1005
f 969/969/969 1057/1057/1057 1058/1058/1058
f 989/989/989 1054/1054/1054 1059/1059/1059
f 977/977/977 1040/1040/1040 1032/1032/1032
f 1044/1044/1044 1042/1042/1042 1060/1060/1060
f 1061/1061/1061 1009/1009/1009 1008/1008/1008
f 1008/1008/1008 1045/1045/1045 1061/1061/1061
f 939/939/939 1048/1048/1048 1030/1030/1030
f 1062/1062/1062 1032/1032/1032 1040/1040/1040
f 1009/1009/1009 1056/1056/1056 1052/1052/1052
f 1062/1062/1062 1040/1040/1040 1063/1063/1063
f 969/969/969 1058/1058/1058 1042/1042/1042
f 1041/1041/1041 1063/1063/1063 1040/1040/1040
f 1061/1061/1061 1064/1064/1064 1056/1056/1056
f 1061/1061/1061 1056/1056/1056 1009/1009/1009
f 956/956/956 953/953/953 1032/1032/1032
f 956/956/956 1032/1032/1032 1062/1062/1062
f 1064/1064/1064 1061/1061/1061 1065/1065/1065
f 979/979/979 1062/1062/1062 1063/1063/1063
f 956/956/956 1062/1062/1062 979/979/979
f 1065/1065/1065 1061/1061/1061 1066/1066/1066
f 1061/1061/1061 1051/1051/1051 1066/1066/1066
f 896/896/896 1031/1031/1031 880/880/880
f 1066/1066/1066 861/861/861 1065/1065/1065
f 979/979/979 1063/1063/1063 980/980/980
f 987/987/987 1063/1063/1063 1041/1041/1041
f 980/980/980 1063/1063/1063 987/987/987
f 1064/1064/1064 1067/1067/1067 1068/1068/1068
f 1069/1069/1069 1068/1068/1068 1067/1067/1067
f 1068/1068/1068 1056/1056/1056 1064/1064/1064
f 987/987/987 1046/1046/1046 989/989/989
f 1068/1068/1068 1055/1055/1055 1056/1056/1056
f 1055/1055/1055 1068/1068/1068 1069/1069/1069
f 1070/1070/1070 1055/1055/1055 1069/1069/1069
f 1065/1065/1065 1067/1067/1067 1064/1064/1064
f 1048/1048/1048 1071/1071/1071 1072/1072/1072
f 1073/1073/1073 1069/1069/1069 1067/1067/1067
f 1067/1067/1067 1065/1065/1065 1074/1074/1074
f 1075/1075/1075 1073/1073/1073 1067/1067/1067
f 1076/1076/1076 340/340/340 353/353/353
f 1070/1070/1070 1069/1069/1069 1073/1073/1073
f 1077/1077/1077 1070/1070/1070 1073/1073/1073
f 1077/1077/1077 1078/1078/1078 1070/1070/1070
f 1077/1077/1077 1073/1073/1073 1079/1079/1079
f 1080/1080/1080 1075/1075/1075 863/863/863
f 1075/1075/1075 1080/1080/1080 1073/1073/1073
f 1079/1079/1079 1073/1073/1073 1080/1080/1080
f 929/929/929 982/982/982 1031/1031/1031
f 1081/1081/1081 353/353/353 1082/1082/1082
f 1076/1076/1076 353/353/353 1081/1081/1081
f 861/861/861 1074/1074/1074 1065/1065/1065
f 353/353/353 354/354/354 1082/1082/1082
f 982/982/982 929/929/929 1083/1083/1083
f 1074/1074/1074 861/861/861 860/860/860
f 1082/1082/1082 354/354/354 355/355/355
f 1079/1079/1079 1080/1080/1080 867/867/867
f 1026/1026/1026 1084/1084/1084 1025/1025/1025
f 1084/1084/1084 1017/1017/1017 1025/1025/1025
f 1085/1085/1085 1060/1060/1060 1042/1042/1042
f 1086/1086/1086 1083/1083/1083 929/929/929
f 1087/1087/1087 1084/1084/1084 1026/1026/1026
f 1083/1083/1083 1086/1086/1086 1088/1088/1088
f 1089/1089/1089 1048/1048/1048 1072/1072/1072
f 1090/1090/1090 1091/1091/1091 1081/1081/1081
f 1084/1084/1084 870/870/870 1017/1017/1017
f 1082/1082/1082 1090/1090/1090 1081/1081/1081
f 1089/1089/1089 1072/1072/1072 1092/1092/1092
f 1090/1090/1090 1082/1082/1082 1093/1093/1093
f 857/857/857 870/870/870 878/878/878
f 1087/1087/1087 1055/1055/1055 1070/1070/1070
f 1055/1055/1055 1087/1087/1087 1026/1026/1026
f 1033/1033/1033 931/931/931 934/934/934
f 1033/1033/1033 934/934/934 926/926/926
f 1090/1090/1090 1093/1093/1093 1094/1094/1094
f 1095/1095/1095 1084/1084/1084 1087/1087/1087
f 1096/1096/1096 1095/1095/1095 1087/1087/1087
f 926/926/926 1029/1029/1029 1033/1033/1033
f 1085/1085/1085 1042/1042/1042 1058/1058/1058
f 1057/1057/1057 970/970/970 1097/1097/1097
f 1057/1057/1057 1097/1097/1097 1058/1058/1058
f 1098/1098/1098 1096/1096/1096 1087/1087/1087
f 1099/1099/1099 1090/1090/1090 1094/1094/1094
f 870/870/870 1095/1095/1095 878/878/878
f 870/870/870 1084/1084/1084 1095/1095/1095
f 1097/1097/1097 970/970/970 1023/1023/1023
f 1010/1010/1010 1024/1024/1024 1023/1023/1023
f 878/878/878 1095/1095/1095 1100/1100/1100
f 1101/1101/1101 358/358/358 341/341/341
f 981/981/981 303/303/303 358/358/358
f 894/894/894 869/869/869 878/878/878
f 1013/1013/1013 981/981/981 358/358/358
f 1061/1061/1061 1045/1045/1045 1035/1035/1035
f 1097/1097/1097 1023/1023/1023 1102/1102/1102
f 1051/1051/1051 1061/1061/1061 1035/1035/1035
f 1101/1101/1101 341/341/341 340/340/340
f 1103/1103/1103 1033/1033/1033 1029/1029/1029
f 861/861/861 1066/1066/1066 843/843/843
f 1101/1101/1101 1104/1104/1104 358/358/358
f 822/822/822 1033/1033/1033 1103/1103/1103
f 1078/1078/1078 1087/1087/1087 1070/1070/1070
f 1105/1105/1105 1106/1106/1106 1085/1085/1085
f 1078/1078/1078 1098/1098/1098 1087/1087/1087
f 1101/1101/1101 340/340/340 1076/1076/1076
f 1079/1079/1079 867/867/867 1107/1107/1107
f 1013/1013/1013 358/358/358 1104/1104/1104
f 1083/1083/1083 983/983/983 982/982/982
f 863/863/863 862/862/862 1080/1080/1080
f 1080/1080/1080 862/862/862 867/867/867
f 1103/1103/1103 1029/1029/1029 833/833/833
f 1108/1108/1108 1013/1013/1013 1109/1109/1109
f 1109/1109/1109 1013/1013/1013 1104/1104/1104
f 1083/1083/1083 1021/1021/1021 983/983/983
f 833/833/833 1029/1029/1029 1030/1030/1030
f 1109/1109/1109 1104/1104/1104 1110/1110/1110
f 1107/1107/1107 867/867/867 883/883/883
f 1021/1021/1021 1083/1083/1083 1111/1111/1111
f 1107/1107/1107 883/883/883 886/886/886
f 1104/1104/1104 1101/1101/1101 1076/1076/1076
f 887/887/887 886/886/886 883/883/883
f 1088/1088/1088 1111/1111/1111 1083/1083/1083
f 1058/1058/1058 1105/1105/1105 1085/1085/1085
f 1105/1105/1105 1058/1058/1058 1112/1112/1112
f 1037/1037/1037 1113/1113/1113 1114/1114/1114
f 1038/1038/1038 1113/1113/1113 1037/1037/1037
f 1115/1115/1115 1113/1113/1113 1116/1116/1116
f 1058/1058/1058 1097/1097/1097 1112/1112/1112
f 1114/1114/1114 1113/1113/1113 1115/1115/1115
f 1116/1116/1116 1113/1113/1113 1117/1117/1117
f 1104/1104/1104 1076/1076/1076 1081/1081/1081
f 1091/1091/1091 1104/1104/1104 1081/1081/1081
f 1113/1113/1113 1038/1038/1038 985/985/985
f 988/988/988 983/983/983 1021/1021/1021
f 1117/1117/1117 1113/1113/1113 985/985/985
f 1111/1111/1111 1118/1118/1118 1021/1021/1021
f 986/986/986 1117/1117/1117 985/985/985
f 1119/1119/1119 1106/1106/1106 1105/1105/1105
f 1120/1120/1120 1109/1109/1109 1110/1110/1110
f 1120/1120/1120 1110/1110/1110 1121/1121/1121
f 1121/1121/1121 1110/1110/1110 1122/1122/1122
f 822/822/822 1103/1103/1103 826/826/826
f 1108/1108/1108 1123/1123/1123 1013/1013/1013
f 1047/1047/1047 1013/1013/1013 1123/1123/1123
f 1123/1123/1123 1108/1108/1108 1109/1109/1109
f 994/994/994 991/991/991 1124/1124/1124
f 1123/1123/1123 1109/1109/1109 1120/1120/1120
f 1124/1124/1124 991/991/991 992/992/992
f 833/833/833 826/826/826 1103/1103/1103
f 1049/1049/1049 1047/1047/1047 1123/1123/1123
f 1125/1125/1125 1123/1123/1123 1120/1120/1120
f 1050/1050/1050 1049/1049/1049 1123/1123/1123
f 994/994/994 1117/1117/1117 986/986/986
f 1117/1117/1117 994/994/994 1126/1126/1126
f 1121/1121/1121 1125/1125/1125 1120/1120/1120
f 1127/1127/1127 1125/1125/1125 1121/1121/1121
f 1128/1128/1128 1121/1121/1121 1129/1129/1129
f 1127/1127/1127 1121/1121/1121 1128/1128/1128
f 989/989/989 1059/1059/1059 996/996/996
f 996/996/996 1059/1059/1059 1130/1130/1130
f 1129/1129/1129 1121/1121/1121 1122/1122/1122
f 1126/1126/1126 994/994/994 1124/1124/1124
f 1110/1110/1110 1104/1104/1104 1131/1131/1131
f 1036/1036/1036 1037/1037/1037 1114/1114/1114
f 1132/1132/1132 1110/1110/1110 1131/1131/1131
f 1133/1133/1133 1110/1110/1110 1132/1132/1132
f 1134/1134/1134 996/996/996 1130/1130/1130
f 827/827/827 826/826/826 833/833/833
f 1130/1130/1130 1128/1128/1128 1134/1134/1134
f 1135/1135/1135 1134/1134/1134 1128/1128/1128
f 1131/1131/1131 1104/1104/1104 1136/1136/1136
f 1136/1136/1136 1104/1104/1104 1091/1091/1091
f 1122/1122/1122 1110/1110/1110 1133/1133/1133
f 1051/1051/1051 1036/1036/1036 1114/1114/1114
f 1133/1133/1133 1137/1137/1137 1122/1122/1122
f 1137/1137/1137 1133/1133/1133 1136/1136/1136
f 1137/1137/1137 1136/1136/1136 1138/1138/1138
f 1133/1133/1133 1132/1132/1132 1131/1131/1131
f 1133/1133/1133 1131/1131/1131 1136/1136/1136
f 1114/1114/1114 1115/1115/1115 1051/1051/1051
f 1134/1134/1134 990/990/990 996/996/996
f 1116/1116/1116 1051/1051/1051 1115/1115/1115
f 833/833/833 1030/1030/1030 1139/1139/1139
f 1138/1138/1138 1136/1136/1136 1091/1091/1091
f 1051/1051/1051 1116/1116/1116 1126/1126/1126
f 1138/1138/1138 1091/1091/1091 1140/1140/1140
f 1053/1053/1053 1050/1050/1050 1123/1123/1123
f 1127/1127/1127 1130/1130/1130 1125/1125/1125
f 1130/1130/1130 1123/1123/1123 1125/1125/1125
f 1053/1053/1053 1123/1123/1123 1130/1130/1130
f 1116/1116/1116 1117/1117/1117 1126/1126/1126
f 1051/1051/1051 1126/1126/1126 837/837/837
f 837/837/837 1126/1126/1126 1141/1141/1141
f 1142/1142/1142 1134/1134/1134 1143/1143/1143
f 1059/1059/1059 1054/1054/1054 1053/1053/1053
f 1059/1059/1059 1053/1053/1053 1130/1130/1130
f 1144/1144/1144 1145/1145/1145 1143/1143/1143
f 1142/1142/1142 1143/1143/1143 1145/1145/1145
f 1124/1124/1124 992/992/992 1146/1146/1146
f 1128/1128/1128 1130/1130/1130 1127/1127/1127
f 1140/1140/1140 1147/1147/1147 1138/1138/1138
f 1135/1135/1135 1137/1137/1137 1147/1147/1147
f 833/833/833 1139/1139/1139 1148/1148/1148
f 1135/1135/1135 1147/1147/1147 1149/1149/1149
f 1150/1150/1150 992/992/992 999/999/999
f 1146/1146/1146 992/992/992 1150/1150/1150
f 1150/1150/1150 999/999/999 1151/1151/1151
f 1128/1128/1128 1137/1137/1137 1135/1135/1135
f 1124/1124/1124 1146/1146/1146 1150/1150/1150
f 1152/1152/1152 1134/1134/1134 1142/1142/1142
f 833/833/833 1148/1148/1148 1153/1153/1153
f 1134/1134/1134 1135/1135/1135 1143/1143/1143
f 1154/1154/1154 1150/1150/1150 1151/1151/1151
f 1151/1151/1151 999/999/999 947/947/947
f 1142/1142/1142 1155/1155/1155 1156/1156/1156
f 1152/1152/1152 1142/1142/1142 1157/1157/1157
f 1156/1156/1156 1157/1157/1157 1142/1142/1142
f 947/947/947 946/946/946 1151/1151/1151
f 1158/1158/1158 1091/1091/1091 1090/1090/1090
f 839/839/839 837/837/837 1141/1141/1141
f 1159/1159/1159 1152/1152/1152 1157/1157/1157
f 839/839/839 1141/1141/1141 1160/1160/1160
f 1126/1126/1126 1124/1124/1124 1141/1141/1141
f 1124/1124/1124 1150/1150/1150 1141/1141/1141
f 1140/1140/1140 1091/1091/1091 1158/1158/1158
f 1161/1161/1161 1140/1140/1140 1158/1158/1158
f 1162/1162/1162 1158/1158/1158 1163/1163/1163
f 1163/1163/1163 1158/1158/1158 1090/1090/1090
f 1141/1141/1141 1150/1150/1150 1160/1160/1160
f 1161/1161/1161 1158/1158/1158 1162/1162/1162
f 1163/1163/1163 1090/1090/1090 1099/1099/1099
f 1024/1024/1024 1018/1018/1018 990/990/990
f 1154/1154/1154 1160/1160/1160 1150/1150/1150
f 1024/1024/1024 990/990/990 1134/1134/1134
f 829/829/829 827/827/827 833/833/833
f 1154/1154/1154 1151/1151/1151 946/946/946
f 1164/1164/1164 1161/1161/1161 1162/1162/1162
f 1149/1149/1149 1161/1161/1161 1164/1164/1164
f 839/839/839 1160/1160/1160 912/912/912
f 912/912/912 1160/1160/1160 1154/1154/1154
f 1162/1162/1162 1165/1165/1165 1164/1164/1164
f 1154/1154/1154 918/918/918 912/912/912
f 1166/1166/1166 1024/1024/1024 1134/1134/1134
f 1135/1135/1135 1149/1149/1149 1167/1167/1167
f 915/915/915 918/918/918 920/920/920
f 918/918/918 1154/1154/1154 946/946/946
f 1168/1168/1168 1135/1135/1135 1167/1167/1167
f 1169/1169/1169 1149/1149/1149 1164/1164/1164
f 1153/1153/1153 1170/1170/1170 833/833/833
f 1167/1167/1167 1149/1149/1149 1169/1169/1169
f 1168/1168/1168 1143/1143/1143 1135/1135/1135
f 1165/1165/1165 1162/1162/1162 1163/1163/1163
f 1171/1171/1171 1163/1163/1163 1099/1099/1099
f 1165/1165/1165 1163/1163/1163 1172/1172/1172
f 837/837/837 836/836/836 1051/1051/1051
f 1171/1171/1171 1172/1172/1172 1163/1163/1163
f 1048/1048/1048 1173/1173/1173 1030/1030/1030
f 1139/1139/1139 1030/1030/1030 1173/1173/1173
f 1171/1171/1171 1099/1099/1099 1174/1174/1174
f 1066/1066/1066 1051/1051/1051 836/836/836
f 1175/1175/1175 1134/1134/1134 1152/1152/1152
f 843/843/843 1066/1066/1066 836/836/836
f 1171/1171/1171 1174/1174/1174 1176/1176/1176
f 1177/1177/1177 1165/1165/1165 1172/1172/1172
f 1178/1178/1178 1179/1179/1179 1172/1172/1172
f 1180/1180/1180 1152/1152/1152 1159/1159/1159
f 1169/1169/1169 1165/1165/1165 1177/1177/1177
f 1169/1169/1169 1177/1177/1177 1172/1172/1172
f 1169/1169/1169 1172/1172/1172 1179/1179/1179
f 1169/1169/1169 1179/1179/1179 1167/1167/1167
f 1172/1172/1172 1171/1171/1171 1178/1178/1178
f 1181/1181/1181 1178/1178/1178 1171/1171/1171
f 1139/1139/1139 1173/1173/1173 1182/1182/1182
f 1181/1181/1181 1171/1171/1171 1176/1176/1176
f 1181/1181/1181 1176/1176/1176 1183/1183/1183
f 1179/1179/1179 1178/1178/1178 1181/1181/1181
f 1179/1179/1179 1181/1181/1181 1183/1183/1183
f 1184/1184/1184 1185/1185/1185 1168/1168/1168
f 1173/1173/1173 1048/1048/1048 1182/1182/1182
f 1144/1144/1144 1143/1143/1143 1168/1168/1168
f 1167/1167/1167 1179/1179/1179 1183/1183/1183
f 1145/1145/1145 1144/1144/1144 1186/1186/1186
f 1168/1168/1168 1185/1185/1185 1144/1144/1144
f 1186/1186/1186 1144/1144/1144 1185/1185/1185
f 1145/1145/1145 1186/1186/1186 1185/1185/1185
f 1187/1187/1187 938/938/938 937/937/937
f 1142/1142/1142 1145/1145/1145 1188/1188/1188
f 1155/1155/1155 1142/1142/1142 1189/1189/1189
f 1019/1019/1019 1187/1187/1187 937/937/937
f 1189/1189/1189 1142/1142/1142 1188/1188/1188
f 1190/1190/1190 1148/1148/1148 1139/1139/1139
f 1188/1188/1188 1145/1145/1145 1185/1185/1185
f 1182/1182/1182 1048/1048/1048 1089/1089/1089
f 1191/1191/1191 938/938/938 1187/1187/1187
f 1182/1182/1182 1190/1190/1190 1139/1139/1139
f 809/809/809 938/938/938 1191/1191/1191
f 1188/1188/1188 1185/1185/1185 1184/1184/1184
f 1192/1192/1192 1190/1190/1190 1182/1182/1182
f 1148/1148/1148 1190/1190/1190 1192/1192/1192
f 809/809/809 1191/1191/1191 807/807/807
f 1192/1192/1192 1182/1182/1182 1089/1089/1089
f 1028/1028/1028 1187/1187/1187 1019/1019/1019
f 1184/1184/1184 1168/1168/1168 1167/1167/1167
f 1193/1193/1193 1194/1194/1194 1167/1167/1167
f 1167/1167/1167 1183/1183/1183 1195/1195/1195
f 1191/1191/1191 1187/1187/1187 1028/1028/1028
f 1192/1192/1192 1196/1196/1196 1148/1148/1148
f 1192/1192/1192 1089/1089/1089 1196/1196/1196
f 1191/1191/1191 1028/1028/1028 858/858/858
f 1193/1193/1193 1167/1167/1167 1195/1195/1195
f 1184/1184/1184 1167/1167/1167 1194/1194/1194
f 858/858/858 1028/1028/1028 859/859/859
f 1194/1194/1194 1193/1193/1193 1197/1197/1197
f 815/815/815 807/807/807 1191/1191/1191
f 815/815/815 1191/1191/1191 858/858/858
f 1048/1048/1048 997/997/997 1071/1071/1071
f 1157/1157/1157 1156/1156/1156 1184/1184/1184
f 1197/1197/1197 1198/1198/1198 1194/1194/1194
f 1199/1199/1199 1198/1198/1198 1197/1197/1197
f 1157/1157/1157 1184/1184/1184 1194/1194/1194
f 1198/1198/1198 1157/1157/1157 1194/1194/1194
f 1071/1071/1071 997/997/997 1200/1200/1200
f 1201/1201/1201 1157/1157/1157 1198/1198/1198
f 1202/1202/1202 1198/1198/1198 1199/1199/1199
f 1201/1201/1201 1198/1198/1198 1202/1202/1202
f 1071/1071/1071 1200/1200/1200 1203/1203/1203
f 1102/1102/1102 1024/1024/1024 1166/1166/1166
f 1023/1023/1023 1024/1024/1024 1102/1102/1102
f 1204/1204/1204 1071/1071/1071 1203/1203/1203
f 1175/1175/1175 1166/1166/1166 1134/1134/1134
f 1152/1152/1152 1180/1180/1180 1175/1175/1175
f 1180/1180/1180 1205/1205/1205 1175/1175/1175
f 1102/1102/1102 1166/1166/1166 1175/1175/1175
f 1206/1206/1206 1102/1102/1102 1175/1175/1175
f 1204/1204/1204 1072/1072/1072 1071/1071/1071
f 1206/1206/1206 1175/1175/1175 1207/1207/1207
f 1207/1207/1207 1175/1175/1175 1205/1205/1205
f 1102/1102/1102 1112/1112/1112 1097/1097/1097
f 1102/1102/1102 1208/1208/1208 1112/1112/1112
f 1209/1209/1209 1210/1210/1210 1119/1119/1119
f 1105/1105/1105 1209/1209/1209 1119/1119/1119
f 1021/1021/1021 1118/1118/1118 1211/1211/1211
f 1021/1021/1021 1200/1200/1200 997/997/997
f 1112/1112/1112 1209/1209/1209 1105/1105/1105
f 1209/1209/1209 1112/1112/1112 1208/1208/1208
f 1211/1211/1211 1200/1200/1200 1021/1021/1021
f 1212/1212/1212 1102/1102/1102 1206/1206/1206
f 1209/1209/1209 1213/1213/1213 1210/1210/1210
f 1212/1212/1212 1208/1208/1208 1102/1102/1102
f 1209/1209/1209 1214/1214/1214 1213/1213/1213
f 1211/1211/1211 1215/1215/1215 1200/1200/1200
f 1200/1200/1200 1215/1215/1215 1203/1203/1203
f 1209/1209/1209 1208/1208/1208 1214/1214/1214
f 1180/1180/1180 1159/1159/1159 1157/1157/1157
f 1180/1180/1180 1157/1157/1157 1216/1216/1216
f 1217/1217/1217 1203/1203/1203 1215/1215/1215
f 1201/1201/1201 1216/1216/1216 1157/1157/1157
f 1218/1218/1218 1214/1214/1214 1219/1219/1219
f 1207/1207/1207 1216/1216/1216 1220/1220/1220
f 1221/1221/1221 1216/1216/1216 1201/1201/1201
f 1221/1221/1221 1220/1220/1220 1216/1216/1216
f 1214/1214/1214 1222/1222/1222 1223/1223/1223
f 1214/1214/1214 1223/1223/1223 1219/1219/1219
f 1224/1224/1224 1222/1222/1222 1225/1225/1225
f 1222/1222/1222 1224/1224/1224 1223/1223/1223
f 1226/1226/1226 1201/1201/1201 1202/1202/1202
f 1227/1227/1227 1201/1201/1201 1226/1226/1226
f 1228/1228/1228 1220/1220/1220 1221/1221/1221
f 1221/1221/1221 1201/1201/1201 1227/1227/1227
f 1228/1228/1228 1221/1221/1221 1227/1227/1227
f 1229/1229/1229 1228/1228/1228 1227/1227/1227
f 1225/1225/1225 1220/1220/1220 1230/1230/1230
f 1230/1230/1230 1220/1220/1220 1228/1228/1228
f 1207/1207/1207 1205/1205/1205 1180/1180/1180
f 1207/1207/1207 1180/1180/1180 1216/1216/1216
f 1225/1225/1225 1207/1207/1207 1220/1220/1220
f 1206/1206/1206 1207/1207/1207 1225/1225/1225
f 1092/1092/1092 1072/1072/1072 1204/1204/1204
f 1214/1214/1214 1208/1208/1208 1212/1212/1212
f 1222/1222/1222 1212/1212/1212 1206/1206/1206
f 1222/1222/1222 1206/1206/1206 1225/1225/1225
f 1214/1214/1214 1212/1212/1212 1222/1222/1222
f 1100/1100/1100 1095/1095/1095 1096/1096/1096
f 1100/1100/1100 1096/1096/1096 1098/1098/1098
f 1231/1231/1231 1204/1204/1204 1203/1203/1203
f 1100/1100/1100 894/894/894 878/878/878
f 1232/1232/1232 1100/1100/1100 877/877/877
f 1077/1077/1077 1079/1079/1079 1078/1078/1078
f 1098/1098/1098 1078/1078/1078 1233/1233/1233
f 1079/1079/1079 1233/1233/1233 1078/1078/1078
f 1233/1233/1233 1079/1079/1079 1107/1107/1107
f 1219/1219/1219 1234/1234/1234 1218/1218/1218
f 1217/1217/1217 1231/1231/1231 1203/1203/1203
f 1231/1231/1231 1217/1217/1217 1235/1235/1235
f 1233/1233/1233 1107/1107/1107 876/876/876
f 1098/1098/1098 1233/1233/1233 1100/1100/1100
f 1233/1233/1233 877/877/877 1100/1100/1100
f 876/876/876 877/877/877 1233/1233/1233
f 1218/1218/1218 1213/1213/1213 1214/1214/1214
f 872/872/872 876/876/876 1107/1107/1107
f 886/886/886 872/872/872 1107/1107/1107
f 851/851/851 840/840/840 894/894/894
f 1232/1232/1232 894/894/894 1100/1100/1100
f 851/851/851 894/894/894 1232/1232/1232
f 841/841/841 840/840/840 851/851/851
f 1232/1232/1232 852/852/852 851/851/851
f 852/852/852 1232/1232/1232 877/877/877
f 852/852/852 877/877/877 871/871/871
f 842/842/842 898/898/898 840/840/840
f 1138/1138/1138 1147/1147/1147 1137/1137/1137
f 1129/1129/1129 1122/1122/1122 1128/1128/1128
f 1122/1122/1122 1137/1137/1137 1128/1128/1128
f 1140/1140/1140 1161/1161/1161 1149/1149/1149
f 1147/1147/1147 1140/1140/1140 1149/1149/1149
f 1164/1164/1164 1165/1165/1165 1169/1169/1169
f 1156/1156/1156 1155/1155/1155 1189/1189/1189
f 1188/1188/1188 1184/1184/1184 1189/1189/1189
f 1184/1184/1184 1156/1156/1156 1189/1189/1189
f 1236/1236/1236 1237/1237/1237 1238/1238/1238
f 1239/1239/1239 1236/1236/1236 1240/1240/1240
f 1240/1240/1240 1236/1236/1236 1238/1238/1238
f 1241/1241/1241 1242/1242/1242 1239/1239/1239
f 1243/1243/1243 1242/1242/1242 1241/1241/1241
f 1241/1241/1241 1239/1239/1239 1244/1244/1244
f 1245/1245/1245 1243/1243/1243 1241/1241/1241
f 1240/1240/1240 1244/1244/1244 1239/1239/1239
f 1246/1246/1246 1238/1238/1238 1237/1237/1237
f 1238/1238/1238 1246/1246/1246 1240/1240/1240
f 1240/1240/1240 1246/1246/1246 1247/1247/1247
f 1247/1247/1247 1244/1244/1244 1240/1240/1240
f 449/449/449 1248/1248/1248 500/500/500
f 1249/1249/1249 1250/1250/1250 1251/1251/1251
f 1252/1252/1252 1253/1253/1253 1254/1254/1254
f 1250/1250/1250 1246/1246/1246 1255/1255/1255
f 1256/1256/1256 1252/1252/1252 1254/1254/1254
f 1250/1250/1250 1249/1249/1249 1246/1246/1246
f 500/500/500 1248/1248/1248 499/499/499
f 1257/1257/1257 1246/1246/1246 1249/1249/1249
f 1258/1258/1258 1259/1259/1259 1260/1260/1260
f 625/625/625 1259/1259/1259 1258/1258/1258
f 1254/1254/1254 1253/1253/1253 1261/1261/1261
f 1248/1248/1248 1262/1262/1262 499/499/499
f 1263/1263/1263 1260/1260/1260 1264/1264/1264
f 1247/1247/1247 1246/1246/1246 1257/1257/1257
f 1263/1263/1263 1258/1258/1258 1260/1260/1260
f 1265/1265/1265 1254/1254/1254 1261/1261/1261
f 1266/1266/1266 625/625/625 1258/1258/1258
f 1267/1267/1267 1247/1247/1247 1268/1268/1268
f 1269/1269/1269 1247/1247/1247 1257/1257/1257
f 1269/1269/1269 1268/1268/1268 1247/1247/1247
f 1263/1263/1263 1266/1266/1266 1258/1258/1258
f 1270/1270/1270 1271/1271/1271 1268/1268/1268
f 1270/1270/1270 1272/1272/1272 1271/1271/1271
f 1273/1273/1273 1272/1272/1272 1270/1270/1270
f 1274/1274/1274 1275/1275/1275 1245/1245/1245
f 1244/1244/1244 1267/1267/1267 1241/1241/1241
f 1276/1276/1276 825/825/825 828/828/828
f 1274/1274/1274 1245/1245/1245 1241/1241/1241
f 1267/1267/1267 1274/1274/1274 1241/1241/1241
f 1276/1276/1276 1277/1277/1277 825/825/825
f 1247/1247/1247 1267/1267/1267 1244/1244/1244
f 1248/1248/1248 449/449/449 516/516/516
f 1275/1275/1275 1274/1274/1274 1278/1278/1278
f 1271/1271/1271 1274/1274/1274 1267/1267/1267
f 1271/1271/1271 1278/1278/1278 1274/1274/1274
f 1279/1279/1279 1261/1261/1261 1277/1277/1277
f 1265/1265/1265 1261/1261/1261 1279/1279/1279
f 1276/1276/1276 828/828/828 831/831/831
f 1268/1268/1268 1271/1271/1271 1267/1267/1267
f 1272/1272/1272 1278/1278/1278 1271/1271/1271
f 1278/1278/1278 1272/1272/1272 1280/1280/1280
f 1170/1170/1170 832/832/832 833/833/833
f 831/831/831 1281/1281/1281 1276/1276/1276
f 1281/1281/1281 831/831/831 832/832/832
f 1282/1282/1282 1272/1272/1272 1273/1273/1273
f 1281/1281/1281 832/832/832 1283/1283/1283
f 1280/1280/1280 1272/1272/1272 1282/1282/1282
f 1276/1276/1276 1279/1279/1279 1277/1277/1277
f 1245/1245/1245 1264/1264/1264 1243/1243/1243
f 1278/1278/1278 1284/1284/1284 1263/1263/1263
f 1245/1245/1245 1275/1275/1275 1264/1264/1264
f 1285/1285/1285 1279/1279/1279 1276/1276/1276
f 1285/1285/1285 1276/1276/1276 1281/1281/1281
f 1281/1281/1281 1286/1286/1286 1285/1285/1285
f 1287/1287/1287 1263/1263/1263 1284/1284/1284
f 1275/1275/1275 1263/1263/1263 1264/1264/1264
f 1281/1281/1281 1283/1283/1283 1286/1286/1286
f 1284/1284/1284 1278/1278/1278 1280/1280/1280
f 1251/1251/1251 1248/1248/1248 516/516/516
f 1288/1288/1288 1266/1266/1266 1263/1263/1263
f 1254/1254/1254 1265/1265/1265 1256/1256/1256
f 1284/1284/1284 1280/1280/1280 1282/1282/1282
f 1289/1289/1289 1284/1284/1284 1282/1282/1282
f 1284/1284/1284 1289/1289/1289 1287/1287/1287
f 793/793/793 1251/1251/1251 516/516/516
f 1290/1290/1290 1291/1291/1291 1282/1282/1282
f 1289/1289/1289 1282/1282/1282 1291/1291/1291
f 1289/1289/1289 1291/1291/1291 1292/1292/1292
f 1293/1293/1293 1257/1257/1257 1249/1249/1249
f 1263/1263/1263 1294/1294/1294 1288/1288/1288
f 1278/1278/1278 1263/1263/1263 1275/1275/1275
f 1251/1251/1251 1262/1262/1262 1248/1248/1248
f 1285/1285/1285 1295/1295/1295 1279/1279/1279
f 1295/1295/1295 1285/1285/1285 1296/1296/1296
f 1297/1297/1297 1269/1269/1269 1257/1257/1257
f 1279/1279/1279 1256/1256/1256 1265/1265/1265
f 1295/1295/1295 1256/1256/1256 1279/1279/1279
f 1268/1268/1268 1298/1298/1298 1270/1270/1270
f 1294/1294/1294 1263/1263/1263 1299/1299/1299
f 1293/1293/1293 1297/1297/1297 1257/1257/1257
f 1300/1300/1300 1256/1256/1256 1301/1301/1301
f 1301/1301/1301 1256/1256/1256 1295/1295/1295
f 1269/1269/1269 1297/1297/1297 1302/1302/1302
f 1269/1269/1269 1298/1298/1298 1268/1268/1268
f 1298/1298/1298 1269/1269/1269 1303/1303/1303
f 1304/1304/1304 1300/1300/1300 1301/1301/1301
f 1273/1273/1273 1270/1270/1270 1305/1305/1305
f 1298/1298/1298 1305/1305/1305 1270/1270/1270
f 1303/1303/1303 1305/1305/1305 1298/1298/1298
f 1252/1252/1252 1293/1293/1293 1306/1306/1306
f 1305/1305/1305 1307/1307/1307 1273/1273/1273
f 1252/1252/1252 1306/1306/1306 1253/1253/1253
f 1252/1252/1252 1308/1308/1308 1293/1293/1293
f 1262/1262/1262 1251/1251/1251 1250/1250/1250
f 1309/1309/1309 1310/1310/1310 1311/1311/1311
f 1310/1310/1310 1309/1309/1309 1312/1312/1312
f 1293/1293/1293 1308/1308/1308 1309/1309/1309
f 1313/1313/1313 1309/1309/1309 1308/1308/1308
f 1313/1313/1313 1312/1312/1312 1309/1309/1309
f 1311/1311/1311 1310/1310/1310 1314/1314/1314
f 1313/1313/1313 1315/1315/1315 1312/1312/1312
f 1312/1312/1312 1315/1315/1315 1316/1316/1316
f 1302/1302/1302 1297/1297/1297 1293/1293/1293
f 1302/1302/1302 1303/1303/1303 1269/1269/1269
f 1303/1303/1303 1302/1302/1302 1311/1311/1311
f 1308/1308/1308 1317/1317/1317 1313/1313/1313
f 1311/1311/1311 1302/1302/1302 1293/1293/1293
f 1309/1309/1309 1311/1311/1311 1293/1293/1293
f 1317/1317/1317 1308/1308/1308 1252/1252/1252
f 1317/1317/1317 1315/1315/1315 1313/1313/1313
f 1317/1317/1317 1318/1318/1318 1315/1315/1315
f 1303/1303/1303 1311/1311/1311 1305/1305/1305
f 597/597/597 590/590/590 594/594/594
f 793/793/793 1319/1319/1319 1251/1251/1251
f 1252/1252/1252 1320/1320/1320 1317/1317/1317
f 1311/1311/1311 1321/1321/1321 1305/1305/1305
f 1321/1321/1321 1311/1311/1311 1314/1314/1314
f 1307/1307/1307 1305/1305/1305 1321/1321/1321
f 1317/1317/1317 1320/1320/1320 1322/1322/1322
f 1322/1322/1322 1323/1323/1323 1317/1317/1317
f 1321/1321/1321 1324/1324/1324 1307/1307/1307
f 1325/1325/1325 1307/1307/1307 1324/1324/1324
f 1326/1326/1326 1324/1324/1324 1321/1321/1321
f 1262/1262/1262 594/594/594 499/499/499
f 1316/1316/1316 1327/1327/1327 1314/1314/1314
f 1314/1314/1314 1326/1326/1326 1321/1321/1321
f 1310/1310/1310 1312/1312/1312 1316/1316/1316
f 1310/1310/1310 1316/1316/1316 1314/1314/1314
f 1326/1326/1326 1325/1325/1325 1324/1324/1324
f 1327/1327/1327 1328/1328/1328 1329/1329/1329
f 1330/1330/1330 1325/1325/1325 1326/1326/1326
f 1316/1316/1316 1328/1328/1328 1327/1327/1327
f 1331/1331/1331 1329/1329/1329 1328/1328/1328
f 1329/1329/1329 1331/1331/1331 1332/1332/1332
f 1315/1315/1315 1333/1333/1333 1316/1316/1316
f 1326/1326/1326 1314/1314/1314 1330/1330/1330
f 1327/1327/1327 1330/1330/1330 1314/1314/1314
f 1316/1316/1316 1333/1333/1333 1328/1328/1328
f 1327/1327/1327 1334/1334/1334 1330/1330/1330
f 1334/1334/1334 1327/1327/1327 1329/1329/1329
f 1331/1331/1331 1328/1328/1328 1335/1335/1335
f 1328/1328/1328 1333/1333/1333 1335/1335/1335
f 1336/1336/1336 1335/1335/1335 1333/1333/1333
f 1331/1331/1331 1335/1335/1335 1332/1332/1332
f 1330/1330/1330 1334/1334/1334 1337/1337/1337
f 1338/1338/1338 1337/1337/1337 1334/1334/1334
f 1329/1329/1329 1338/1338/1338 1334/1334/1334
f 1332/1332/1332 1338/1338/1338 1329/1329/1329
f 1335/1335/1335 1339/1339/1339 1332/1332/1332
f 1336/1336/1336 1339/1339/1339 1335/1335/1335
f 1337/1337/1337 1340/1340/1340 1341/1341/1341
f 1340/1340/1340 1337/1337/1337 1339/1339/1339
f 1332/1332/1332 1339/1339/1339 1338/1338/1338
f 1262/1262/1262 1342/1342/1342 594/594/594
f 1339/1339/1339 1337/1337/1337 1338/1338/1338
f 1307/1307/1307 1282/1282/1282 1273/1273/1273
f 1307/1307/1307 1343/1343/1343 1282/1282/1282
f 1339/1339/1339 1336/1336/1336 1344/1344/1344
f 1255/1255/1255 1345/1345/1345 1342/1342/1342
f 1346/1346/1346 1344/1344/1344 1336/1336/1336
f 1347/1347/1347 602/602/602 600/600/600
f 1290/1290/1290 1282/1282/1282 1343/1343/1343
f 594/594/594 1347/1347/1347 600/600/600
f 1323/1323/1323 1318/1318/1318 1317/1317/1317
f 1318/1318/1318 1323/1323/1323 1348/1348/1348
f 1307/1307/1307 1290/1290/1290 1343/1343/1343
f 1349/1349/1349 1318/1318/1318 1348/1348/1348
f 1350/1350/1350 602/602/602 1347/1347/1347
f 1350/1350/1350 603/603/603 602/602/602
f 1351/1351/1351 1318/1318/1318 1352/1352/1352
f 1353/1353/1353 1318/1318/1318 1349/1349/1349
f 1352/1352/1352 1318/1318/1318 1353/1353/1353
f 1354/1354/1354 1352/1352/1352 1353/1353/1353
f 1291/1291/1291 1290/1290/1290 1355/1355/1355
f 594/594/594 1342/1342/1342 1350/1350/1350
f 1356/1356/1356 1357/1357/1357 1351/1351/1351
f 1358/1358/1358 1351/1351/1351 1352/1352/1352
f 1350/1350/1350 1347/1347/1347 594/594/594
f 1355/1355/1355 1290/1290/1290 1359/1359/1359
f 1292/1292/1292 1355/1355/1355 1359/1359/1359
f 1360/1360/1360 1357/1357/1357 1356/1356/1356
f 1361/1361/1361 603/603/603 1350/1350/1350
f 1292/1292/1292 1291/1291/1291 1355/1355/1355
f 1318/1318/1318 1333/1333/1333 1315/1315/1315
f 1359/1359/1359 1290/1290/1290 1307/1307/1307
f 1307/1307/1307 1325/1325/1325 1359/1359/1359
f 617/617/617 618/618/618 612/612/612
f 1333/1333/1333 1351/1351/1351 1336/1336/1336
f 1351/1351/1351 1333/1333/1333 1318/1318/1318
f 1351/1351/1351 1346/1346/1346 1336/1336/1336
f 1362/1362/1362 620/620/620 618/618/618
f 1325/1325/1325 1330/1330/1330 1337/1337/1337
f 1346/1346/1346 1363/1363/1363 1344/1344/1344
f 1337/1337/1337 1359/1359/1359 1325/1325/1325
f 1361/1361/1361 617/617/617 603/603/603
f 1359/1359/1359 1341/1341/1341 1364/1364/1364
f 1346/1346/1346 1351/1351/1351 1357/1357/1357
f 1341/1341/1341 1359/1359/1359 1337/1337/1337
f 1365/1365/1365 618/618/618 617/617/617
f 1357/1357/1357 1363/1363/1363 1346/1346/1346
f 1259/1259/1259 620/620/620 1362/1362/1362
f 1259/1259/1259 625/625/625 620/620/620
f 1360/1360/1360 1363/1363/1363 1357/1357/1357
f 1360/1360/1360 1366/1366/1366 1363/1363/1363
f 1360/1360/1360 1367/1367/1367 1366/1366/1366
f 1256/1256/1256 1320/1320/1320 1252/1252/1252
f 1319/1319/1319 793/793/793 813/813/813
f 596/596/596 625/625/625 701/701/701
f 1300/1300/1300 1320/1320/1320 1256/1256/1256
f 1266/1266/1266 701/701/701 625/625/625
f 1320/1320/1320 1300/1300/1300 1322/1322/1322
f 1350/1350/1350 1368/1368/1368 1361/1361/1361
f 1342/1342/1342 1368/1368/1368 1350/1350/1350
f 1369/1369/1369 1348/1348/1348 1323/1323/1323
f 1369/1369/1369 1349/1349/1349 1348/1348/1348
f 1345/1345/1345 1368/1368/1368 1342/1342/1342
f 1370/1370/1370 700/700/700 701/701/701
f 1354/1354/1354 1353/1353/1353 1349/1349/1349
f 700/700/700 616/616/616 701/701/701
f 1371/1371/1371 1369/1369/1369 1322/1322/1322
f 1323/1323/1323 1322/1322/1322 1369/1369/1369
f 701/701/701 1266/1266/1266 1372/1372/1372
f 1373/1373/1373 1349/1349/1349 1369/1369/1369
f 1373/1373/1373 1374/1374/1374 1349/1349/1349
f 1371/1371/1371 1373/1373/1373 1369/1369/1369
f 1374/1374/1374 1354/1354/1354 1349/1349/1349
f 1365/1365/1365 617/617/617 1361/1361/1361
f 1375/1375/1375 1362/1362/1362 618/618/618
f 1358/1358/1358 1356/1356/1356 1351/1351/1351
f 618/618/618 1365/1365/1365 1376/1376/1376
f 1375/1375/1375 618/618/618 1376/1376/1376
f 1377/1377/1377 1356/1356/1356 1358/1358/1358
f 1375/1375/1375 1259/1259/1259 1362/1362/1362
f 1378/1378/1378 1352/1352/1352 1354/1354/1354
f 1370/1370/1370 701/701/701 1372/1372/1372
f 1377/1377/1377 1360/1360/1360 1356/1356/1356
f 1266/1266/1266 1288/1288/1288 1372/1372/1372
f 1367/1367/1367 1360/1360/1360 1377/1377/1377
f 1379/1379/1379 1367/1367/1367 1377/1377/1377
f 1379/1379/1379 1377/1377/1377 1358/1358/1358
f 1367/1367/1367 1379/1379/1379 1380/1380/1380
f 1381/1381/1381 1375/1375/1375 1376/1376/1376
f 1352/1352/1352 1378/1378/1378 1382/1382/1382
f 1382/1382/1382 1358/1358/1358 1352/1352/1352
f 1381/1381/1381 1259/1259/1259 1375/1375/1375
f 1381/1381/1381 1260/1260/1260 1259/1259/1259
f 1382/1382/1382 1383/1383/1383 1358/1358/1358
f 1374/1374/1374 1378/1378/1378 1354/1354/1354
f 1378/1378/1378 1374/1374/1374 1382/1382/1382
f 1379/1379/1379 1358/1358/1358 1383/1383/1383
f 1383/1383/1383 1384/1384/1384 1379/1379/1379
f 1380/1380/1380 1379/1379/1379 1384/1384/1384
f 820/820/820 1319/1319/1319 813/813/813
f 1385/1385/1385 1383/1383/1383 1382/1382/1382
f 1383/1383/1383 1385/1385/1385 1386/1386/1386
f 1383/1383/1383 1386/1386/1386 1384/1384/1384
f 1322/1322/1322 1300/1300/1300 1387/1387/1387
f 1371/1371/1371 1322/1322/1322 1387/1387/1387
f 1388/1388/1388 1373/1373/1373 1371/1371/1371
f 1374/1374/1374 1373/1373/1373 1388/1388/1388
f 1389/1389/1389 1374/1374/1374 1388/1388/1388
f 1387/1387/1387 1300/1300/1300 1390/1390/1390
f 1390/1390/1390 1300/1300/1300 1304/1304/1304
f 1390/1390/1390 1391/1391/1391 1387/1387/1387
f 1389/1389/1389 1388/1388/1388 1371/1371/1371
f 1387/1387/1387 1389/1389/1389 1371/1371/1371
f 1392/1392/1392 1389/1389/1389 1387/1387/1387
f 1393/1393/1393 1392/1392/1392 1387/1387/1387
f 1261/1261/1261 1319/1319/1319 820/820/820
f 1394/1394/1394 1382/1382/1382 1374/1374/1374
f 1389/1389/1389 1394/1394/1394 1374/1374/1374
f 1385/1385/1385 1382/1382/1382 1394/1394/1394
f 1392/1392/1392 1385/1385/1385 1394/1394/1394
f 1262/1262/1262 1255/1255/1255 1342/1342/1342
f 1384/1384/1384 1386/1386/1386 1395/1395/1395
f 1392/1392/1392 1386/1386/1386 1385/1385/1385
f 1319/1319/1319 1249/1249/1249 1251/1251/1251
f 1392/1392/1392 1394/1394/1394 1389/1389/1389
f 1396/1396/1396 1386/1386/1386 1392/1392/1392
f 1396/1396/1396 1397/1397/1397 1386/1386/1386
f 1255/1255/1255 1262/1262/1262 1250/1250/1250
f 820/820/820 825/825/825 1277/1277/1277
f 1306/1306/1306 1293/1293/1293 1249/1249/1249
f 1301/1301/1301 1295/1295/1295 1296/1296/1296
f 1286/1286/1286 1296/1296/1296 1285/1285/1285
f 1255/1255/1255 1246/1246/1246 1237/1237/1237
f 1361/1361/1361 1398/1398/1398 1365/1365/1365
f 1277/1277/1277 1261/1261/1261 820/820/820
f 1368/1368/1368 1399/1399/1399 1361/1361/1361
f 1368/1368/1368 1345/1345/1345 1399/1399/1399
f 1345/1345/1345 1255/1255/1255 1237/1237/1237
f 1286/1286/1286 1400/1400/1400 1296/1296/1296
f 1237/1237/1237 1399/1399/1399 1345/1345/1345
f 1398/1398/1398 1361/1361/1361 1399/1399/1399
f 1236/1236/1236 1398/1398/1398 1399/1399/1399
f 1239/1239/1239 1365/1365/1365 1398/1398/1398
f 1239/1239/1239 1376/1376/1376 1365/1365/1365
f 1239/1239/1239 1242/1242/1242 1376/1376/1376
f 1401/1401/1401 1304/1304/1304 1301/1301/1301
f 1242/1242/1242 1381/1381/1381 1376/1376/1376
f 1381/1381/1381 1264/1264/1264 1260/1260/1260
f 1243/1243/1243 1381/1381/1381 1242/1242/1242
f 1261/1261/1261 1253/1253/1253 1306/1306/1306
f 1319/1319/1319 1306/1306/1306 1249/1249/1249
f 1306/1306/1306 1319/1319/1319 1261/1261/1261
f 1301/1301/1301 1402/1402/1402 1401/1401/1401
f 1402/1402/1402 1304/1304/1304 1401/1401/1401
f 1239/1239/1239 1398/1398/1398 1236/1236/1236
f 1236/1236/1236 1399/1399/1399 1237/1237/1237
f 1301/1301/1301 1296/1296/1296 1402/1402/1402
f 1296/1296/1296 1400/1400/1400 1402/1402/1402
f 1403/1403/1403 1393/1393/1393 1402/1402/1402
f 1403/1403/1403 1402/1402/1402 1400/1400/1400
f 1403/1403/1403 1400/1400/1400 1404/1404/1404
f 1404/1404/1404 1405/1405/1405 1403/1403/1403
f 1403/1403/1403 1405/1405/1405 1406/1406/1406
f 1243/1243/1243 1264/1264/1264 1381/1381/1381
f 1286/1286/1286 1407/1407/1407 1400/1400/1400
f 1404/1404/1404 1400/1400/1400 1407/1407/1407
f 1390/1390/1390 1304/1304/1304 1391/1391/1391
f 1391/1391/1391 1393/1393/1393 1387/1387/1387
f 1304/1304/1304 1402/1402/1402 1391/1391/1391
f 1393/1393/1393 1391/1391/1391 1402/1402/1402
f 1408/1408/1408 1409/1409/1409 1393/1393/1393
f 1409/1409/1409 1392/1392/1392 1393/1393/1393
f 1410/1410/1410 1408/1408/1408 1393/1393/1393
f 1410/1410/1410 1403/1403/1403 1411/1411/1411
f 1409/1409/1409 1396/1396/1396 1392/1392/1392
f 1410/1410/1410 1412/1412/1412 1408/1408/1408
f 1413/1413/1413 1412/1412/1412 1410/1410/1410
f 1396/1396/1396 1409/1409/1409 1408/1408/1408
f 1412/1412/1412 1396/1396/1396 1408/1408/1408
f 1405/1405/1405 1414/1414/1414 1406/1406/1406
f 1410/1410/1410 1411/1411/1411 1413/1413/1413
f 1393/1393/1393 1403/1403/1403 1410/1410/1410
f 1415/1415/1415 1416/1416/1416 1417/1417/1417
f 1418/1418/1418 778/778/778 776/776/776
f 1419/1419/1419 1415/1415/1415 1417/1417/1417
f 1415/1415/1415 1420/1420/1420 1421/1421/1421
f 1422/1422/1422 1423/1423/1423 1424/1424/1424
f 1425/1425/1425 1426/1426/1426 1427/1427/1427
f 1428/1428/1428 1429/1429/1429 1422/1422/1422
f 1082/1082/1082 355/355/355 778/778/778
f 1430/1430/1430 1431/1431/1431 1423/1423/1423
f 1432/1432/1432 1425/1425/1425 1433/1433/1433
f 1415/1415/1415 1434/1434/1434 1416/1416/1416
f 1432/1432/1432 1435/1435/1435 1425/1425/1425
f 1436/1436/1436 1437/1437/1437 1416/1416/1416
f 1432/1432/1432 1433/1433/1433 1438/1438/1438
f 1439/1439/1439 1082/1082/1082 778/778/778
f 1440/1440/1440 1438/1438/1438 1441/1441/1441
f 1440/1440/1440 1432/1432/1432 1438/1438/1438
f 1422/1422/1422 1429/1429/1429 1423/1423/1423
f 1429/1429/1429 1430/1430/1430 1423/1423/1423
f 1442/1442/1442 1292/1292/1292 1359/1359/1359
f 1443/1443/1443 1444/1444/1444 1292/1292/1292
f 1433/1433/1433 1445/1445/1445 1446/1446/1446
f 1447/1447/1447 1443/1443/1443 1292/1292/1292
f 1439/1439/1439 1093/1093/1093 1082/1082/1082
f 1292/1292/1292 1442/1442/1442 1447/1447/1447
f 1447/1447/1447 1448/1448/1448 1443/1443/1443
f 778/778/778 1418/1418/1418 1439/1439/1439
f 1446/1446/1446 1445/1445/1445 1449/1449/1449
f 1450/1450/1450 1442/1442/1442 1359/1359/1359
f 1450/1450/1450 1359/1359/1359 1364/1364/1364
f 1434/1434/1434 1421/1421/1421 1451/1451/1451
f 1438/1438/1438 1433/1433/1433 1446/1446/1446
f 1451/1451/1451 1421/1421/1421 1452/1452/1452
f 1438/1438/1438 1446/1446/1446 1441/1441/1441
f 1434/1434/1434 1453/1453/1453 1416/1416/1416
f 1454/1454/1454 1418/1418/1418 776/776/776
f 1441/1441/1441 1446/1446/1446 1455/1455/1455
f 1442/1442/1442 1448/1448/1448 1447/1447/1447
f 1456/1456/1456 1448/1448/1448 1442/1442/1442
f 1442/1442/1442 1457/1457/1457 1456/1456/1456
f 1454/1454/1454 776/776/776 779/779/779
f 1449/1449/1449 1458/1458/1458 1446/1446/1446
f 1448/1448/1448 1456/1456/1456 1459/1459/1459
f 1459/1459/1459 1460/1460/1460 1448/1448/1448
f 1449/1449/1449 1445/1445/1445 1461/1461/1461
f 1434/1434/1434 1415/1415/1415 1421/1421/1421
f 1462/1462/1462 1418/1418/1418 1454/1454/1454
f 1463/1463/1463 1456/1456/1456 1457/1457/1457
f 1463/1463/1463 1464/1464/1464 1456/1456/1456
f 1449/1449/1449 1461/1461/1461 1465/1465/1465
f 1466/1466/1466 1454/1454/1454 779/779/779
f 1466/1466/1466 1462/1462/1462 1454/1454/1454
f 1467/1467/1467 1459/1459/1459 1456/1456/1456
f 1364/1364/1364 1341/1341/1341 1450/1450/1450
f 1340/1340/1340 1450/1450/1450 1341/1341/1341
f 1450/1450/1450 1457/1457/1457 1442/1442/1442
f 1340/1340/1340 1463/1463/1463 1450/1450/1450
f 1463/1463/1463 1457/1457/1457 1450/1450/1450
f 1468/1468/1468 1463/1463/1463 1340/1340/1340
f 1468/1468/1468 1469/1469/1469 1463/1463/1463
f 1458/1458/1458 1455/1455/1455 1446/1446/1446
f 1468/1468/1468 1340/1340/1340 1470/1470/1470
f 1467/1467/1467 1468/1468/1468 1470/1470/1470
f 1469/1469/1469 1464/1464/1464 1463/1463/1463
f 1469/1469/1469 1467/1467/1467 1464/1464/1464
f 1471/1471/1471 1449/1449/1449 1472/1472/1472
f 1458/1458/1458 1449/1449/1449 1471/1471/1471
f 1464/1464/1464 1467/1467/1467 1456/1456/1456
f 1458/1458/1458 1471/1471/1471 1472/1472/1472
f 1467/1467/1467 1469/1469/1469 1468/1468/1468
f 1092/1092/1092 1231/1231/1231 1473/1473/1473
f 1474/1474/1474 1472/1472/1472 1475/1475/1475
f 1462/1462/1462 1093/1093/1093 1439/1439/1439
f 1476/1476/1476 1458/1458/1458 1477/1477/1477
f 1475/1475/1475 1478/1478/1478 1474/1474/1474
f 1479/1479/1479 1480/1480/1480 1481/1481/1481
f 1477/1477/1477 1458/1458/1458 1472/1472/1472
f 1422/1422/1422 1480/1480/1480 1479/1479/1479
f 1482/1482/1482 1477/1477/1477 1472/1472/1472
f 1472/1472/1472 1474/1474/1474 1482/1482/1482
f 1482/1482/1482 1474/1474/1474 1478/1478/1478
f 1483/1483/1483 1473/1473/1473 1231/1231/1231
f 1483/1483/1483 1231/1231/1231 1484/1484/1484
f 1477/1477/1477 1482/1482/1482 1485/1485/1485
f 1486/1486/1486 1482/1482/1482 1478/1478/1478
f 1462/1462/1462 1439/1439/1439 1418/1418/1418
f 1485/1485/1485 1482/1482/1482 1486/1486/1486
f 1195/1195/1195 1183/1183/1183 1487/1487/1487
f 1467/1467/1467 1488/1488/1488 1459/1459/1459
f 1416/1416/1416 1453/1453/1453 1436/1436/1436
f 1459/1459/1459 1488/1488/1488 1489/1489/1489
f 1195/1195/1195 1487/1487/1487 1490/1490/1490
f 1491/1491/1491 1193/1193/1193 1195/1195/1195
f 1492/1492/1492 1422/1422/1422 1479/1479/1479
f 1493/1493/1493 1494/1494/1494 1489/1489/1489
f 1487/1487/1487 1427/1427/1427 1490/1490/1490
f 1488/1488/1488 1493/1493/1493 1489/1489/1489
f 1495/1495/1495 1427/1427/1427 1426/1426/1426
f 1490/1490/1490 1427/1427/1427 1495/1495/1495
f 1490/1490/1490 1495/1495/1495 1195/1195/1195
f 1195/1195/1195 1495/1495/1495 1440/1440/1440
f 1496/1496/1496 1462/1462/1462 1497/1497/1497
f 1491/1491/1491 1197/1197/1197 1193/1193/1193
f 1195/1195/1195 1440/1440/1440 1491/1491/1491
f 1467/1467/1467 1498/1498/1498 1488/1488/1488
f 1426/1426/1426 1435/1435/1435 1495/1495/1495
f 1425/1425/1425 1435/1435/1435 1426/1426/1426
f 1495/1495/1495 1435/1435/1435 1440/1440/1440
f 779/779/779 762/762/762 782/782/782
f 1488/1488/1488 1499/1499/1499 1493/1493/1493
f 1500/1500/1500 1483/1483/1483 1484/1484/1484
f 1501/1501/1501 1436/1436/1436 1453/1453/1453
f 1440/1440/1440 1435/1435/1435 1432/1432/1432
f 1502/1502/1502 1197/1197/1197 1491/1491/1491
f 1199/1199/1199 1197/1197/1197 1502/1502/1502
f 1503/1503/1503 1488/1488/1488 1498/1498/1498
f 1491/1491/1491 1440/1440/1440 1502/1502/1502
f 1492/1492/1492 1428/1428/1428 1422/1422/1422
f 1202/1202/1202 1199/1199/1199 1502/1502/1502
f 1504/1504/1504 1202/1202/1202 1502/1502/1502
f 1504/1504/1504 1502/1502/1502 1505/1505/1505
f 1506/1506/1506 1507/1507/1507 1508/1508/1508
f 1509/1509/1509 1202/1202/1202 1504/1504/1504
f 1506/1506/1506 1510/1510/1510 1511/1511/1511
f 1512/1512/1512 1502/1502/1502 1440/1440/1440
f 1510/1510/1510 1506/1506/1506 1513/1513/1513
f 1512/1512/1512 1440/1440/1440 1514/1514/1514
f 1514/1514/1514 1440/1440/1440 1441/1441/1441
f 1344/1344/1344 1470/1470/1470 1339/1339/1339
f 1502/1502/1502 1512/1512/1512 1505/1505/1505
f 1515/1515/1515 696/696/696 702/702/702
f 1516/1516/1516 1505/1505/1505 1512/1512/1512
f 1370/1370/1370 702/702/702 700/700/700
f 1517/1517/1517 1515/1515/1515 702/702/702
f 1518/1518/1518 1519/1519/1519 1517/1517/1517
f 1512/1512/1512 1520/1520/1520 1516/1516/1516
f 1518/1518/1518 1370/1370/1370 1372/1372/1372
f 1512/1512/1512 1521/1521/1521 1520/1520/1520
f 1462/1462/1462 1466/1466/1466 1522/1522/1522
f 1514/1514/1514 1441/1441/1441 1455/1455/1455
f 781/781/781 1523/1523/1523 1524/1524/1524
f 1518/1518/1518 702/702/702 1370/1370/1370
f 702/702/702 1518/1518/1518 1517/1517/1517
f 1476/1476/1476 1514/1514/1514 1455/1455/1455
f 1525/1525/1525 1470/1470/1470 1344/1344/1344
f 1476/1476/1476 1455/1455/1455 1458/1458/1458
f 1512/1512/1512 1514/1514/1514 1526/1526/1526
f 1521/1521/1521 1512/1512/1512 1526/1526/1526
f 1526/1526/1526 1514/1514/1514 1476/1476/1476
f 1466/1466/1466 779/779/779 1522/1522/1522
f 1288/1288/1288 1527/1527/1527 1372/1372/1372
f 1528/1528/1528 1372/1372/1372 1527/1527/1527
f 1528/1528/1528 1518/1518/1518 1372/1372/1372
f 1528/1528/1528 1519/1519/1519 1518/1518/1518
f 1529/1529/1529 1515/1515/1515 1517/1517/1517
f 1517/1517/1517 1519/1519/1519 1529/1529/1529
f 1530/1530/1530 1529/1529/1529 1519/1519/1519
f 1530/1530/1530 1519/1519/1519 1528/1528/1528
f 1525/1525/1525 1467/1467/1467 1470/1470/1470
f 1509/1509/1509 1226/1226/1226 1202/1202/1202
f 1497/1497/1497 1462/1462/1462 1531/1531/1531
f 1462/1462/1462 1522/1522/1522 1531/1531/1531
f 1532/1532/1532 1467/1467/1467 1525/1525/1525
f 1509/1509/1509 1533/1533/1533 1226/1226/1226
f 1509/1509/1509 1504/1504/1504 1505/1505/1505
f 1534/1534/1534 1529/1529/1529 1530/1530/1530
f 1535/1535/1535 1509/1509/1509 1505/1505/1505
f 1533/1533/1533 1227/1227/1227 1226/1226/1226
f 1536/1536/1536 1530/1530/1530 1528/1528/1528
f 1536/1536/1536 1534/1534/1534 1530/1530/1530
f 1522/1522/1522 779/779/779 782/782/782
f 1533/1533/1533 1509/1509/1509 1535/1535/1535
f 1533/1533/1533 1535/1535/1535 1537/1537/1537
f 1538/1538/1538 1539/1539/1539 1525/1525/1525
f 1229/1229/1229 1227/1227/1227 1533/1533/1533
f 1539/1539/1539 1532/1532/1532 1525/1525/1525
f 1540/1540/1540 1534/1534/1534 1536/1536/1536
f 1541/1541/1541 1539/1539/1539 1538/1538/1538
f 1542/1542/1542 1539/1539/1539 1541/1541/1541
f 1380/1380/1380 1366/1366/1366 1367/1367/1367
f 1153/1153/1153 1148/1148/1148 1196/1196/1196
f 782/782/782 1543/1543/1543 1522/1522/1522
f 1520/1520/1520 1544/1544/1544 1516/1516/1516
f 1544/1544/1544 1520/1520/1520 1521/1521/1521
f 1196/1196/1196 1545/1545/1545 1153/1153/1153
f 1545/1545/1545 1546/1546/1546 1153/1153/1153
f 1344/1344/1344 1363/1363/1363 1547/1547/1547
f 1548/1548/1548 1516/1516/1516 1544/1544/1544
f 1549/1549/1549 1547/1547/1547 1363/1363/1363
f 1547/1547/1547 1525/1525/1525 1344/1344/1344
f 1550/1550/1550 1531/1531/1531 1522/1522/1522
f 1516/1516/1516 1548/1548/1548 1505/1505/1505
f 1551/1551/1551 1543/1543/1543 782/782/782
f 1548/1548/1548 1544/1544/1544 1552/1552/1552
f 1544/1544/1544 1521/1521/1521 1552/1552/1552
f 1547/1547/1547 1549/1549/1549 1553/1553/1553
f 1552/1552/1552 1535/1535/1535 1505/1505/1505
f 1505/1505/1505 1548/1548/1548 1552/1552/1552
f 1366/1366/1366 1549/1549/1549 1363/1363/1363
f 1229/1229/1229 1533/1533/1533 1537/1537/1537
f 1230/1230/1230 1228/1228/1228 1229/1229/1229
f 1554/1554/1554 1549/1549/1549 1366/1366/1366
f 1366/1366/1366 1555/1555/1555 1554/1554/1554
f 1556/1556/1556 1229/1229/1229 1537/1537/1537
f 1229/1229/1229 1556/1556/1556 1230/1230/1230
f 1170/1170/1170 1283/1283/1283 832/832/832
f 1557/1557/1557 1558/1558/1558 1549/1549/1549
f 1170/1170/1170 1153/1153/1153 1546/1546/1546
f 1553/1553/1553 1549/1549/1549 1558/1558/1558
f 1556/1556/1556 1537/1537/1537 1535/1535/1535
f 1549/1549/1549 1554/1554/1554 1557/1557/1557
f 1546/1546/1546 1283/1283/1283 1170/1170/1170
f 1230/1230/1230 1556/1556/1556 1225/1225/1225
f 1547/1547/1547 1538/1538/1538 1525/1525/1525
f 1283/1283/1283 1546/1546/1546 1559/1559/1559
f 1560/1560/1560 1283/1283/1283 1559/1559/1559
f 1553/1553/1553 1541/1541/1541 1547/1547/1547
f 1547/1547/1547 1541/1541/1541 1538/1538/1538
f 1542/1542/1542 1541/1541/1541 1561/1561/1561
f 1562/1562/1562 1553/1553/1553 1558/1558/1558
f 1560/1560/1560 1286/1286/1286 1283/1283/1283
f 1552/1552/1552 1556/1556/1556 1535/1535/1535
f 1563/1563/1563 1553/1553/1553 1562/1562/1562
f 1564/1564/1564 1556/1556/1556 1552/1552/1552
f 1225/1225/1225 1556/1556/1556 1564/1564/1564
f 1562/1562/1562 1558/1558/1558 1557/1557/1557
f 1093/1093/1093 1462/1462/1462 1496/1496/1496
f 1564/1564/1564 1552/1552/1552 1565/1565/1565
f 1094/1094/1094 1093/1093/1093 1496/1496/1496
f 1563/1563/1563 1541/1541/1541 1553/1553/1553
f 1561/1561/1561 1541/1541/1541 1563/1563/1563
f 1546/1546/1546 1545/1545/1545 1559/1559/1559
f 1545/1545/1545 1566/1566/1566 1559/1559/1559
f 1561/1561/1561 1563/1563/1563 1567/1567/1567
f 1496/1496/1496 1497/1497/1497 1531/1531/1531
f 1521/1521/1521 1526/1526/1526 1568/1568/1568
f 1566/1566/1566 1569/1569/1569 1559/1559/1559
f 1568/1568/1568 1526/1526/1526 1476/1476/1476
f 1532/1532/1532 1539/1539/1539 1570/1570/1570
f 1539/1539/1539 1542/1542/1542 1570/1570/1570
f 1571/1571/1571 1572/1572/1572 1570/1570/1570
f 1573/1573/1573 1568/1568/1568 1476/1476/1476
f 1574/1574/1574 1569/1569/1569 1566/1566/1566
f 1430/1430/1430 1575/1575/1575 1576/1576/1576
f 1552/1552/1552 1521/1521/1521 1568/1568/1568
f 1577/1577/1577 1174/1174/1174 1099/1099/1099
f 1575/1575/1575 1430/1430/1430 1429/1429/1429
f 1573/1573/1573 1476/1476/1476 1477/1477/1477
f 1545/1545/1545 1196/1196/1196 1578/1578/1578
f 1579/1579/1579 1575/1575/1575 1429/1429/1429
f 1573/1573/1573 1477/1477/1477 1580/1580/1580
f 1580/1580/1580 1477/1477/1477 1485/1485/1485
f 1578/1578/1578 1196/1196/1196 1089/1089/1089
f 1577/1577/1577 1099/1099/1099 1094/1094/1094
f 1427/1427/1427 1577/1577/1577 1094/1094/1094
f 1427/1427/1427 1094/1094/1094 1496/1496/1496
f 1485/1485/1485 1486/1486/1486 1580/1580/1580
f 1581/1581/1581 1580/1580/1580 1486/1486/1486
f 1581/1581/1581 1486/1486/1486 1582/1582/1582
f 1582/1582/1582 1486/1486/1486 1507/1507/1507
f 1552/1552/1552 1568/1568/1568 1583/1583/1583
f 1584/1584/1584 1575/1575/1575 1579/1579/1579
f 1583/1583/1583 1568/1568/1568 1573/1573/1573
f 1585/1585/1585 1570/1570/1570 1542/1542/1542
f 1585/1585/1585 1571/1571/1571 1570/1570/1570
f 1092/1092/1092 1473/1473/1473 1089/1089/1089
f 1586/1586/1586 1585/1585/1585 1542/1542/1542
f 1561/1561/1561 1586/1586/1586 1542/1542/1542
f 1585/1585/1585 1587/1587/1587 1571/1571/1571
f 1587/1587/1587 1585/1585/1585 1586/1586/1586
f 1588/1588/1588 1583/1583/1583 1573/1573/1573
f 1589/1589/1589 1588/1588/1588 1573/1573/1573
f 1578/1578/1578 1566/1566/1566 1545/1545/1545
f 1590/1590/1590 1572/1572/1572 1591/1591/1591
f 1591/1591/1591 1572/1572/1572 1571/1571/1571
f 1592/1592/1592 1565/1565/1565 1552/1552/1552
f 1089/1089/1089 1473/1473/1473 1578/1578/1578
f 1592/1592/1592 1552/1552/1552 1583/1583/1583
f 1588/1588/1588 1592/1592/1592 1583/1583/1583
f 1425/1425/1425 1427/1427/1427 1496/1496/1496
f 1580/1580/1580 1581/1581/1581 1589/1589/1589
f 1567/1567/1567 1586/1586/1586 1561/1561/1561
f 1593/1593/1593 1586/1586/1586 1567/1567/1567
f 1586/1586/1586 1593/1593/1593 1587/1587/1587
f 1594/1594/1594 1591/1591/1591 1571/1571/1571
f 1594/1594/1594 1590/1590/1590 1591/1591/1591
f 1589/1589/1589 1582/1582/1582 1507/1507/1507
f 1580/1580/1580 1589/1589/1589 1573/1573/1573
f 1571/1571/1571 1587/1587/1587 1594/1594/1594
f 1433/1433/1433 1425/1425/1425 1496/1496/1496
f 1587/1587/1587 1595/1595/1595 1594/1594/1594
f 1595/1595/1595 1590/1590/1590 1594/1594/1594
f 1587/1587/1587 1593/1593/1593 1595/1595/1595
f 1596/1596/1596 1588/1588/1588 1589/1589/1589
f 1575/1575/1575 1584/1584/1584 1597/1597/1597
f 1589/1589/1589 1581/1581/1581 1582/1582/1582
f 1507/1507/1507 1506/1506/1506 1589/1589/1589
f 1589/1589/1589 1506/1506/1506 1511/1511/1511
f 1584/1584/1584 1579/1579/1579 1598/1598/1598
f 1574/1574/1574 1566/1566/1566 1578/1578/1578
f 1579/1579/1579 1599/1599/1599 1598/1598/1598
f 1481/1481/1481 1600/1600/1600 1601/1601/1601
f 1465/1465/1465 1600/1600/1600 1481/1481/1481
f 1465/1465/1465 1461/1461/1461 1600/1600/1600
f 1496/1496/1496 1531/1531/1531 1550/1550/1550
f 1590/1590/1590 1595/1595/1595 1602/1602/1602
f 1603/1603/1603 1590/1590/1590 1602/1602/1602
f 1603/1603/1603 1604/1604/1604 1590/1590/1590
f 1605/1605/1605 1286/1286/1286 1560/1560/1560
f 1606/1606/1606 1604/1604/1604 1603/1603/1603
f 1607/1607/1607 1465/1465/1465 1608/1608/1608
f 1550/1550/1550 1461/1461/1461 1496/1496/1496
f 1481/1481/1481 1601/1601/1601 1609/1609/1609
f 1610/1610/1610 1611/1611/1611 1598/1598/1598
f 1560/1560/1560 1559/1559/1559 1569/1569/1569
f 1599/1599/1599 1610/1610/1610 1598/1598/1598
f 1574/1574/1574 1612/1612/1612 1569/1569/1569
f 1550/1550/1550 1522/1522/1522 1543/1543/1543
f 1608/1608/1608 1465/1465/1465 1481/1481/1481
f 1560/1560/1560 1569/1569/1569 1612/1612/1612
f 1532/1532/1532 1498/1498/1498 1467/1467/1467
f 1472/1472/1472 1449/1449/1449 1465/1465/1465
f 1475/1475/1475 1472/1472/1472 1465/1465/1465
f 1613/1613/1613 1465/1465/1465 1607/1607/1607
f 1613/1613/1613 1475/1475/1475 1465/1465/1465
f 1572/1572/1572 1498/1498/1498 1532/1532/1532
f 1407/1407/1407 1605/1605/1605 1614/1614/1614
f 1615/1615/1615 1614/1614/1614 1605/1605/1605
f 1605/1605/1605 1560/1560/1560 1612/1612/1612
f 1616/1616/1616 1543/1543/1543 1617/1617/1617
f 1612/1612/1612 1615/1615/1615 1605/1605/1605
f 1570/1570/1570 1572/1572/1572 1532/1532/1532
f 1550/1550/1550 1543/1543/1543 1616/1616/1616
f 1613/1613/1613 1478/1478/1478 1475/1475/1475
f 1478/1478/1478 1613/1613/1613 1618/1618/1618
f 1572/1572/1572 1619/1619/1619 1498/1498/1498
f 1620/1620/1620 1613/1613/1613 1607/1607/1607
f 1620/1620/1620 1607/1607/1607 1621/1621/1621
f 1622/1622/1622 1615/1615/1615 1612/1612/1612
f 1619/1619/1619 1503/1503/1503 1498/1498/1498
f 1623/1623/1623 1429/1429/1429 1428/1428/1428
f 1624/1624/1624 1488/1488/1488 1503/1503/1503
f 1625/1625/1625 1429/1429/1429 1623/1623/1623
f 1579/1579/1579 1429/1429/1429 1625/1625/1625
f 1621/1621/1621 1607/1607/1607 1608/1608/1608
f 1445/1445/1445 1496/1496/1496 1461/1461/1461
f 1481/1481/1481 1621/1621/1621 1608/1608/1608
f 1626/1626/1626 1579/1579/1579 1625/1625/1625
f 1621/1621/1621 1481/1481/1481 1480/1480/1480
f 1621/1621/1621 1627/1627/1627 1620/1620/1620
f 1433/1433/1433 1496/1496/1496 1445/1445/1445
f 1590/1590/1590 1619/1619/1619 1572/1572/1572
f 1619/1619/1619 1604/1604/1604 1606/1606/1606
f 1604/1604/1604 1619/1619/1619 1590/1590/1590
f 1606/1606/1606 1503/1503/1503 1619/1619/1619
f 1628/1628/1628 1579/1579/1579 1626/1626/1626
f 1299/1299/1299 1263/1263/1263 1287/1287/1287
f 1599/1599/1599 1579/1579/1579 1628/1628/1628
f 1629/1629/1629 1630/1630/1630 1299/1299/1299
f 1629/1629/1629 1299/1299/1299 1287/1287/1287
f 1574/1574/1574 1578/1578/1578 1612/1612/1612
f 1461/1461/1461 1550/1550/1550 1616/1616/1616
f 1631/1631/1631 1555/1555/1555 1380/1380/1380
f 1632/1632/1632 1633/1633/1633 1634/1634/1634
f 1578/1578/1578 1473/1473/1473 1612/1612/1612
f 1635/1635/1635 1636/1636/1636 1631/1631/1631
f 1395/1395/1395 1380/1380/1380 1384/1384/1384
f 1395/1395/1395 1631/1631/1631 1380/1380/1380
f 1299/1299/1299 1637/1637/1637 1638/1638/1638
f 1635/1635/1635 1631/1631/1631 1395/1395/1395
f 1461/1461/1461 1616/1616/1616 1600/1600/1600
f 1366/1366/1366 1380/1380/1380 1555/1555/1555
f 1639/1639/1639 1640/1640/1640 1638/1638/1638
f 1639/1639/1639 1638/1638/1638 1637/1637/1637
f 1631/1631/1631 1641/1641/1641 1555/1555/1555
f 1473/1473/1473 1642/1642/1642 1612/1612/1612
f 1555/1555/1555 1641/1641/1641 1554/1554/1554
f 1641/1641/1641 1557/1557/1557 1554/1554/1554
f 1637/1637/1637 1299/1299/1299 1630/1630/1630
f 1557/1557/1557 1641/1641/1641 1636/1636/1636
f 1643/1643/1643 1557/1557/1557 1636/1636/1636
f 1636/1636/1636 1641/1641/1641 1631/1631/1631
f 1176/1176/1176 1174/1174/1174 1577/1577/1577
f 1636/1636/1636 1635/1635/1635 1643/1643/1643
f 1640/1640/1640 1644/1644/1644 1645/1645/1645
f 1639/1639/1639 1644/1644/1644 1640/1640/1640
f 1646/1646/1646 1395/1395/1395 1647/1647/1647
f 1395/1395/1395 1646/1646/1646 1635/1635/1635
f 1647/1647/1647 1635/1635/1635 1646/1646/1646
f 1289/1289/1289 1629/1629/1629 1287/1287/1287
f 1577/1577/1577 1183/1183/1183 1176/1176/1176
f 1643/1643/1643 1647/1647/1647 1648/1648/1648
f 1642/1642/1642 1622/1622/1622 1612/1612/1612
f 1635/1635/1635 1647/1647/1647 1643/1643/1643
f 1183/1183/1183 1577/1577/1577 1487/1487/1487
f 1562/1562/1562 1557/1557/1557 1649/1649/1649
f 1643/1643/1643 1649/1649/1649 1557/1557/1557
f 1487/1487/1487 1577/1577/1577 1427/1427/1427
f 1289/1289/1289 1292/1292/1292 1444/1444/1444
f 1567/1567/1567 1563/1563/1563 1650/1650/1650
f 1651/1651/1651 1642/1642/1642 1473/1473/1473
f 1443/1443/1443 1448/1448/1448 1444/1444/1444
f 1562/1562/1562 1648/1648/1648 1563/1563/1563
f 1650/1650/1650 1563/1563/1563 1648/1648/1648
f 1448/1448/1448 1652/1652/1652 1444/1444/1444
f 1460/1460/1460 1652/1652/1652 1448/1448/1448
f 1653/1653/1653 1224/1224/1224 1225/1225/1225
f 1648/1648/1648 1562/1562/1562 1649/1649/1649
f 1648/1648/1648 1649/1649/1649 1643/1643/1643
f 1224/1224/1224 1653/1653/1653 1654/1654/1654
f 1551/1551/1551 766/766/766 765/765/765
f 1652/1652/1652 1629/1629/1629 1444/1444/1444
f 1223/1223/1223 1224/1224/1224 1654/1654/1654
f 1654/1654/1654 1417/1417/1417 1223/1223/1223
f 1629/1629/1629 1652/1652/1652 1630/1630/1630
f 1637/1637/1637 1630/1630/1630 1655/1655/1655
f 1460/1460/1460 1639/1639/1639 1637/1637/1637
f 1223/1223/1223 1417/1417/1417 1219/1219/1219
f 1653/1653/1653 1225/1225/1225 1564/1564/1564
f 1655/1655/1655 1630/1630/1630 1652/1652/1652
f 1656/1656/1656 1657/1657/1657 1648/1648/1648
f 1460/1460/1460 1637/1637/1637 1655/1655/1655
f 1644/1644/1644 1639/1639/1639 1460/1460/1460
f 1289/1289/1289 1444/1444/1444 1629/1629/1629
f 1652/1652/1652 1460/1460/1460 1655/1655/1655
f 1658/1658/1658 1395/1395/1395 1386/1386/1386
f 1564/1564/1564 1565/1565/1565 1592/1592/1592
f 1632/1632/1632 1481/1481/1481 1609/1609/1609
f 1397/1397/1397 1658/1658/1658 1386/1386/1386
f 1609/1609/1609 1633/1633/1633 1632/1632/1632
f 1654/1654/1654 1653/1653/1653 1564/1564/1564
f 1397/1397/1397 1659/1659/1659 1658/1658/1658
f 1231/1231/1231 1092/1092/1092 1204/1204/1204
f 1632/1632/1632 1634/1634/1634 1660/1660/1660
f 1622/1622/1622 1661/1661/1661 1662/1662/1662
f 1219/1219/1219 1437/1437/1437 1234/1234/1234
f 1622/1622/1622 1642/1642/1642 1663/1663/1663
f 1660/1660/1660 1481/1481/1481 1632/1632/1632
f 1664/1664/1664 1665/1665/1665 1662/1662/1662
f 1666/1666/1666 1667/1667/1667 1668/1668/1668
f 1481/1481/1481 1660/1660/1660 1479/1479/1479
f 1664/1664/1664 1662/1662/1662 1661/1661/1661
f 1661/1661/1661 1622/1622/1622 1663/1663/1663
f 1669/1669/1669 1551/1551/1551 765/765/765
f 1670/1670/1670 1644/1644/1644 1460/1460/1460
f 1645/1645/1645 1644/1644/1644 1670/1670/1670
f 1658/1658/1658 1647/1647/1647 1395/1395/1395
f 1659/1659/1659 1647/1647/1647 1658/1658/1658
f 1417/1417/1417 1416/1416/1416 1219/1219/1219
f 1416/1416/1416 1437/1437/1437 1219/1219/1219
f 1459/1459/1459 1670/1670/1670 1460/1460/1460
f 1459/1459/1459 1489/1489/1489 1670/1670/1670
f 1645/1645/1645 1670/1670/1670 1494/1494/1494
f 1489/1489/1489 1494/1494/1494 1670/1670/1670
f 1340/1340/1340 1339/1339/1339 1470/1470/1470
f 1671/1671/1671 1648/1648/1648 1647/1647/1647
f 1551/1551/1551 782/782/782 766/766/766
f 1659/1659/1659 1671/1671/1671 1647/1647/1647
f 1397/1397/1397 1671/1671/1671 1659/1659/1659
f 1508/1508/1508 1478/1478/1478 1618/1618/1618
f 1486/1486/1486 1478/1478/1478 1508/1508/1508
f 1618/1618/1618 1613/1613/1613 1620/1620/1620
f 1672/1672/1672 1618/1618/1618 1620/1620/1620
f 1484/1484/1484 1231/1231/1231 1235/1235/1235
f 1671/1671/1671 1397/1397/1397 1648/1648/1648
f 1436/1436/1436 1234/1234/1234 1437/1437/1437
f 1648/1648/1648 1397/1397/1397 1673/1673/1673
f 1656/1656/1656 1648/1648/1648 1673/1673/1673
f 1508/1508/1508 1618/1618/1618 1513/1513/1513
f 1507/1507/1507 1486/1486/1486 1508/1508/1508
f 1666/1666/1666 1674/1674/1674 1397/1397/1397
f 1654/1654/1654 1564/1564/1564 1592/1592/1592
f 1674/1674/1674 1666/1666/1666 1668/1668/1668
f 1672/1672/1672 1513/1513/1513 1618/1618/1618
f 1420/1420/1420 1588/1588/1588 1596/1596/1596
f 1673/1673/1673 1397/1397/1397 1674/1674/1674
f 1654/1654/1654 1592/1592/1592 1419/1419/1419
f 1419/1419/1419 1592/1592/1592 1588/1588/1588
f 1617/1617/1617 1543/1543/1543 1551/1551/1551
f 1664/1664/1664 1661/1661/1661 1675/1675/1675
f 1419/1419/1419 1588/1588/1588 1415/1415/1415
f 1627/1627/1627 1672/1672/1672 1620/1620/1620
f 1415/1415/1415 1588/1588/1588 1420/1420/1420
f 1424/1424/1424 1672/1672/1672 1627/1627/1627
f 1676/1676/1676 1567/1567/1567 1650/1650/1650
f 1424/1424/1424 1627/1627/1627 1621/1621/1621
f 1617/1617/1617 1551/1551/1551 1669/1669/1669
f 1676/1676/1676 1593/1593/1593 1567/1567/1567
f 1480/1480/1480 1422/1422/1422 1621/1621/1621
f 1677/1677/1677 1596/1596/1596 1589/1589/1589
f 1678/1678/1678 1672/1672/1672 1424/1424/1424
f 1677/1677/1677 1589/1589/1589 1511/1511/1511
f 1593/1593/1593 1676/1676/1676 1595/1595/1595
f 1679/1679/1679 1595/1595/1595 1676/1676/1676
f 1679/1679/1679 1676/1676/1676 1650/1650/1650
f 1513/1513/1513 1672/1672/1672 1678/1678/1678
f 1680/1680/1680 1677/1677/1677 1511/1511/1511
f 1424/1424/1424 1621/1621/1621 1422/1422/1422
f 1680/1680/1680 1511/1511/1511 1452/1452/1452
f 1421/1421/1421 1420/1420/1420 1452/1452/1452
f 1596/1596/1596 1677/1677/1677 1680/1680/1680
f 1648/1648/1648 1657/1657/1657 1681/1681/1681
f 1681/1681/1681 1650/1650/1650 1648/1648/1648
f 1420/1420/1420 1596/1596/1596 1680/1680/1680
f 1452/1452/1452 1420/1420/1420 1680/1680/1680
f 1513/1513/1513 1506/1506/1506 1508/1508/1508
f 1681/1681/1681 1656/1656/1656 1682/1682/1682
f 1683/1683/1683 1650/1650/1650 1681/1681/1681
f 1682/1682/1682 1683/1683/1683 1681/1681/1681
f 1683/1683/1683 1679/1679/1679 1650/1650/1650
f 1510/1510/1510 1513/1513/1513 1431/1431/1431
f 1684/1684/1684 1679/1679/1679 1683/1683/1683
f 1654/1654/1654 1419/1419/1419 1417/1417/1417
f 1685/1685/1685 1510/1510/1510 1430/1430/1430
f 1679/1679/1679 1602/1602/1602 1595/1595/1595
f 1513/1513/1513 1678/1678/1678 1423/1423/1423
f 1423/1423/1423 1678/1678/1678 1424/1424/1424
f 1513/1513/1513 1423/1423/1423 1431/1431/1431
f 1603/1603/1603 1602/1602/1602 1679/1679/1679
f 1686/1686/1686 1603/1603/1603 1679/1679/1679
f 1686/1686/1686 1687/1687/1687 1603/1603/1603
f 1688/1688/1688 1686/1686/1686 1679/1679/1679
f 1687/1687/1687 1686/1686/1686 1688/1688/1688
f 1606/1606/1606 1603/1603/1603 1687/1687/1687
f 1689/1689/1689 1599/1599/1599 1628/1628/1628
f 1690/1690/1690 1606/1606/1606 1687/1687/1687
f 1689/1689/1689 1610/1610/1610 1599/1599/1599
f 1610/1610/1610 1689/1689/1689 1691/1691/1691
f 1690/1690/1690 1687/1687/1687 1688/1688/1688
f 1692/1692/1692 1691/1691/1691 1689/1689/1689
f 1684/1684/1684 1688/1688/1688 1679/1679/1679
f 1524/1524/1524 777/777/777 781/781/781
f 1682/1682/1682 1684/1684/1684 1683/1683/1683
f 1693/1693/1693 1688/1688/1688 1684/1684/1684
f 1694/1694/1694 1692/1692/1692 1695/1695/1695
f 1696/1696/1696 1693/1693/1693 1684/1684/1684
f 1524/1524/1524 770/770/770 777/777/777
f 1697/1697/1697 765/765/765 770/770/770
f 1651/1651/1651 1473/1473/1473 1483/1483/1483
f 1524/1524/1524 1523/1523/1523 1698/1698/1698
f 1642/1642/1642 1651/1651/1651 1663/1663/1663
f 1698/1698/1698 770/770/770 1524/1524/1524
f 1656/1656/1656 1681/1681/1681 1657/1657/1657
f 1698/1698/1698 1699/1699/1699 770/770/770
f 1700/1700/1700 1656/1656/1656 1673/1673/1673
f 1701/1701/1701 1702/1702/1702 1700/1700/1700
f 1700/1700/1700 1682/1682/1682 1656/1656/1656
f 1702/1702/1702 1682/1682/1682 1700/1700/1700
f 1701/1701/1701 1674/1674/1674 1668/1668/1668
f 1674/1674/1674 1700/1700/1700 1673/1673/1673
f 1701/1701/1701 1700/1700/1700 1674/1674/1674
f 1703/1703/1703 1675/1675/1675 1661/1661/1661
f 1703/1703/1703 1663/1663/1663 1651/1651/1651
f 1703/1703/1703 1704/1704/1704 1675/1675/1675
f 1651/1651/1651 1705/1705/1705 1703/1703/1703
f 1702/1702/1702 1684/1684/1684 1682/1682/1682
f 1616/1616/1616 1617/1617/1617 1669/1669/1669
f 1702/1702/1702 1696/1696/1696 1684/1684/1684
f 1706/1706/1706 1702/1702/1702 1701/1701/1701
f 1706/1706/1706 1696/1696/1696 1702/1702/1702
f 1696/1696/1696 1707/1707/1707 1693/1693/1693
f 1707/1707/1707 1696/1696/1696 1706/1706/1706
f 1704/1704/1704 1703/1703/1703 1705/1705/1705
f 1663/1663/1663 1703/1703/1703 1661/1661/1661
f 1708/1708/1708 1511/1511/1511 1510/1510/1510
f 1511/1511/1511 1708/1708/1708 1452/1452/1452
f 1709/1709/1709 1616/1616/1616 1669/1669/1669
f 1710/1710/1710 1510/1510/1510 1685/1685/1685
f 1576/1576/1576 1685/1685/1685 1430/1430/1430
f 1708/1708/1708 1510/1510/1510 1710/1710/1710
f 1710/1710/1710 1685/1685/1685 1576/1576/1576
f 1609/1609/1609 1601/1601/1601 1616/1616/1616
f 1601/1601/1601 1600/1600/1600 1616/1616/1616
f 1708/1708/1708 1710/1710/1710 1576/1576/1576
f 1597/1597/1597 1708/1708/1708 1576/1576/1576
f 1597/1597/1597 1576/1576/1576 1575/1575/1575
f 1451/1451/1451 1452/1452/1452 1711/1711/1711
f 1712/1712/1712 1451/1451/1451 1711/1711/1711
f 1609/1609/1609 1616/1616/1616 1709/1709/1709
f 1708/1708/1708 1711/1711/1711 1452/1452/1452
f 1711/1711/1711 1708/1708/1708 1597/1597/1597
f 1713/1713/1713 1712/1712/1712 1711/1711/1711
f 1712/1712/1712 1714/1714/1714 1451/1451/1451
f 1434/1434/1434 1451/1451/1451 1714/1714/1714
f 1711/1711/1711 1715/1715/1715 1713/1713/1713
f 1713/1713/1713 1716/1716/1716 1712/1712/1712
f 1697/1697/1697 1669/1669/1669 765/765/765
f 1714/1714/1714 1712/1712/1712 1716/1716/1716
f 1584/1584/1584 1711/1711/1711 1597/1597/1597
f 1715/1715/1715 1711/1711/1711 1584/1584/1584
f 1611/1611/1611 1715/1715/1715 1584/1584/1584
f 1611/1611/1611 1584/1584/1584 1598/1598/1598
f 1697/1697/1697 1633/1633/1633 1669/1669/1669
f 1717/1717/1717 1715/1715/1715 1611/1611/1611
f 1715/1715/1715 1717/1717/1717 1713/1713/1713
f 1709/1709/1709 1669/1669/1669 1633/1633/1633
f 1717/1717/1717 1611/1611/1611 1610/1610/1610
f 1633/1633/1633 1697/1697/1697 1699/1699/1699
f 1434/1434/1434 1714/1714/1714 1453/1453/1453
f 1501/1501/1501 1453/1453/1453 1718/1718/1718
f 1528/1528/1528 1527/1527/1527 1288/1288/1288
f 1719/1719/1719 1714/1714/1714 1716/1716/1716
f 1720/1720/1720 1528/1528/1528 1288/1288/1288
f 1714/1714/1714 1718/1718/1718 1453/1453/1453
f 1718/1718/1718 1714/1714/1714 1719/1719/1719
f 1294/1294/1294 1720/1720/1720 1288/1288/1288
f 1720/1720/1720 1536/1536/1536 1528/1528/1528
f 1720/1720/1720 1721/1721/1721 1536/1536/1536
f 770/770/770 1699/1699/1699 1697/1697/1697
f 1483/1483/1483 1500/1500/1500 1722/1722/1722
f 1718/1718/1718 1723/1723/1723 1501/1501/1501
f 1717/1717/1717 1716/1716/1716 1713/1713/1713
f 1719/1719/1719 1716/1716/1716 1717/1717/1717
f 1717/1717/1717 1610/1610/1610 1691/1691/1691
f 1536/1536/1536 1721/1721/1721 1540/1540/1540
f 1724/1724/1724 1699/1699/1699 1698/1698/1698
f 1725/1725/1725 1719/1719/1719 1717/1717/1717
f 1725/1725/1725 1717/1717/1717 1691/1691/1691
f 1726/1726/1726 1719/1719/1719 1725/1725/1725
f 1718/1718/1718 1726/1726/1726 1723/1723/1723
f 1726/1726/1726 1727/1727/1727 1723/1723/1723
f 1726/1726/1726 1718/1718/1718 1719/1719/1719
f 1725/1725/1725 1691/1691/1691 1694/1694/1694
f 1694/1694/1694 1691/1691/1691 1692/1692/1692
f 1725/1725/1725 1728/1728/1728 1726/1726/1726
f 1728/1728/1728 1725/1725/1725 1694/1694/1694
f 1727/1727/1727 1726/1726/1726 1728/1728/1728
f 1705/1705/1705 1651/1651/1651 1483/1483/1483
f 1609/1609/1609 1709/1709/1709 1633/1633/1633
f 1722/1722/1722 1705/1705/1705 1483/1483/1483
f 1729/1729/1729 1705/1705/1705 1722/1722/1722
f 1729/1729/1729 1704/1704/1704 1705/1705/1705
f 1707/1707/1707 1730/1730/1730 1693/1693/1693
f 1707/1707/1707 1706/1706/1706 1731/1731/1731
f 1605/1605/1605 1407/1407/1407 1286/1286/1286
f 1732/1732/1732 1407/1407/1407 1614/1614/1614
f 1732/1732/1732 1665/1665/1665 1405/1405/1405
f 1733/1733/1733 1405/1405/1405 1665/1665/1665
f 1732/1732/1732 1404/1404/1404 1407/1407/1407
f 1732/1732/1732 1405/1405/1405 1404/1404/1404
f 1733/1733/1733 1414/1414/1414 1405/1405/1405
f 1614/1614/1614 1615/1615/1615 1622/1622/1622
f 1732/1732/1732 1614/1614/1614 1622/1622/1622
f 1699/1699/1699 1734/1734/1734 1633/1633/1633
f 1721/1721/1721 1720/1720/1720 1638/1638/1638
f 1665/1665/1665 1732/1732/1732 1622/1622/1622
f 1735/1735/1735 1721/1721/1721 1638/1638/1638
f 1540/1540/1540 1721/1721/1721 1735/1735/1735
f 1734/1734/1734 1699/1699/1699 1724/1724/1724
f 1622/1622/1622 1662/1662/1662 1665/1665/1665
f 1412/1412/1412 1413/1413/1413 1667/1667/1667
f 1412/1412/1412 1666/1666/1666 1396/1396/1396
f 1667/1667/1667 1666/1666/1666 1412/1412/1412
f 1720/1720/1720 1294/1294/1294 1638/1638/1638
f 1666/1666/1666 1397/1397/1397 1396/1396/1396
f 1299/1299/1299 1638/1638/1638 1294/1294/1294
f 1733/1733/1733 1665/1665/1665 1664/1664/1664
f 1634/1634/1634 1633/1633/1633 1734/1734/1734
f 1640/1640/1640 1735/1735/1735 1638/1638/1638
f 1430/1430/1430 1510/1510/1510 1431/1431/1431
