mtllib 018_plum.mtl
o 018_plum
usemtl ycb_018_plum_material
v 0.000832999998 0.0188769996 0.0508960001
v -0.00170000002 0.020614 0.0517470017
v -0.00176200003 0.0192150008 0.0518830009
v -0.002385 0.0284880009 0.000146000006
v -0.00604100013 0.0289840009 0.000621000014
v -0.00574199995 0.03101 0.000438999996
v -0.0268869996 0.00925100036 0.0395010002
v -0.0269259997 0.0115879998 0.0406179987
v -0.0283090007 0.0099290004 0.0378750004
v -0.0207940005 -0.000592000026 0.00779600022
v -0.0185599998 -0.000211999999 0.00623899978
v -0.0186819993 -0.00319599989 0.0101140002
v -0.0170789994 -0.00284600002 0.00887299981
v -0.000614000019 0.0166430008 0.0513480008
v 0.00292099989 0.0171600003 0.0497689992
v -0.0088630002 0.0308069997 0.000534999999
v -0.00748099992 0.0334220007 0.000859000022
v -0.0257200003 0.00286999997 0.0357289985
v -0.0251829997 0.00402599992 0.0377859995
v -0.0276999995 0.00509600015 0.0350390002
v -0.0238920003 0.0021879999 0.0373159982
v -0.00435000006 0.0335979983 0.000845999981
v -0.0032240001 0.0318149999 0.000449999992
v 0.00436299993 0.0201510005 0.0489379987
v 0.00205900008 0.0204809997 0.0502060018
v 0.00300800009 0.0185579993 0.0498039983
v -0.014308 -0.0020930001 0.00683500012
v -0.0145859998 -0.00379300001 0.00959600043
v 0.001819 0.0228899997 0.0498970002
v 0.00330500002 0.0222670007 0.0492950007
v -0.0130179999 -0.00361000001 0.00864899997
v -0.0231410004 0.00235800003 0.0384460017
v -0.0229950007 0.00137700001 0.0378260016
v -0.015749 -0.000677999982 0.00594400009
v 0.00207399996 0.0280300006 -4.40000003e-05
v 0.00267999992 0.0243640002 -0.000300000014
v -0.0251800008 0.00570299989 0.0389150009
v -0.0188909993 -0.00116800005 0.0383780003
v -0.0181409996 0.000284000009 0.0403509997
v -0.020916 -0.000138000003 0.0378639996
v -0.000125000006 0.0219330005 0.050985001
v -0.00186099997 0.0267280005 0.000207000005
v -0.0218199994 0.001024 0.0383000001
v -0.0205160007 0.000832999998 0.0393229984
v -0.0152409999 -0.00423200009 0.0102890003
v -0.0207100008 0.00222699996 0.0404229984
v -0.0194140002 0.000556999992 0.0396540016
v -0.0114369998 -0.0024019999 0.00692099985
v -0.00983100012 -0.00340500008 0.00813299976
v -0.0101030003 0.0184220001 0.0525790006
v -0.00944199972 0.0163049996 0.0524850003
v -0.00626200018 0.0181569997 0.0527490005
v -0.005595 0.015261 0.0524780005
v -0.010307 -0.00448099989 0.0100889998
v -0.00829599984 -0.00352700008 0.00888300035
v -0.0143790003 -0.00549100013 0.0124789998
v -0.012174 -0.00490499986 0.0107760001
v -0.0214179996 0.00495899981 0.0419149995
v -0.005595 0.015261 0.0524780005
v -0.00355100003 0.0172850005 0.052356001
v -0.00626200018 0.0181569997 0.0527490005
v -0.0189849995 0.00232099998 0.0416960008
v -0.0111309998 -0.00585999992 0.0125569999
v -0.00945600029 -0.00521200011 0.011279
v -0.0262930002 0.00581499981 0.0376860015
v -0.00444300007 0.0206010006 0.0525389984
v -0.00109799998 0.0341669992 0.00128600001
v 0.000707000028 0.0305870008 0.000384999992
v -0.00695300009 0.0205489993 0.0527230017
v -0.00843499973 0.0197330005 0.0525059998
v -0.00444300007 0.0206010006 0.0525389984
v -0.0268629994 0.00672399998 0.0378950015
v -0.0276469998 0.00803900044 0.0377600007
v -0.0247109998 0.00564800017 0.00488100015
v -0.0259249993 0.00687400019 0.00472400011
v -0.0246580001 0.00931899995 0.00264799991
v -0.0266960002 0.00815199967 0.00481999991
v -0.0230999999 0.00476700021 0.0403710008
v 0.00176100002 0.0343459994 0.00196500006
v -0.00628399989 0.0221779998 0.0525240004
v -0.0222219992 0.00986600015 0.00116300001
v -0.0231209993 0.00703800004 0.00280699995
v -0.0235910006 0.0120719997 0.00108700001
v 0.0030449999 0.0323420018 0.00134900003
v -0.0227240007 0.0144330002 0.000430999993
v -0.0200570002 0.00939099956 0.000418999989
v -0.0192360003 0.00414900016 0.0429090001
v -0.0237780008 0.00755700003 0.0417179987
v -0.0253149997 0.00778299989 0.0402810015
v -0.0257430002 0.0131559996 0.00207399996
v -0.00324900006 0.0225360002 0.0519500002
v -0.00324900006 0.0225360002 0.0519500002
v -0.0057620001 0.0238579996 0.0520050004
v -0.00251100003 0.0256639998 0.0508259982
v -0.0249380004 0.01009 0.0420299992
v -0.0244389996 0.0222880002 0.000986000057
v -0.0256079994 0.0212420002 0.00155699998
v -0.0237600002 0.0240909997 0.00116700004
v -0.00144200004 0.0234949999 0.0512150005
v -0.0256970003 0.0160939991 0.00161299994
v -0.0263190009 0.0247380007 0.00267200009
v -0.0277420003 0.0225939993 0.00323799998
v -0.00760899996 0.0236820001 0.0521689989
v -0.0287960004 0.0219149999 0.00377600011
v -0.0248990003 0.0256639998 0.00202200003
v -0.0228969995 0.0103059998 0.0436699986
v -0.0217259992 0.00822299998 0.0435109995
v -0.0255989991 0.0184199996 0.00142800005
v -0.0235210005 0.0211159997 0.000525999989
v -0.00144200004 0.0234949999 0.0512150005
v -0.022101 0.0194990002 0.00013
v -0.0212169997 0.0239770003 0.000311000011
v -0.0191740002 0.00524900015 0.0433989987
v -0.0204099994 0.0156650003 -7.9999998e-05
v -0.0196279995 0.0187940001 -0.000199000002
v 0.00257000001 0.0146260001 0.0493130013
v 0.00370800006 0.0148430001 0.0488610007
v -0.0203809999 0.00740499981 0.0438730009
v -0.0178200006 0.0056520002 0.00145700003
v -0.0175940003 0.00345399999 0.0026779999
v -0.0195419993 0.00432900013 0.00266700005
v -0.0150370002 0.00458300021 0.00160800002
v -0.022016 0.0265900008 0.00104500004
v -0.0267239995 0.0277110003 0.00395900011
v 0.00434899982 0.0182039998 0.0490199998
v -0.0136599997 0.002569 0.00271399994
v -0.016973 0.002049 0.00351800001
v -0.0203930009 0.00886899978 0.0448540002
v -0.0182629991 0.00664599985 0.0447160006
v -0.0250790007 0.0295499992 0.00366299995
v -0.0232190005 0.0308420006 0.00314799999
v 0.00673400005 0.0198829994 0.0472350009
v -0.0190869998 0.0251160003 0.000128
v -0.0202709995 0.0215089992 -0.000103999999
v 0.0057839998 0.0225290004 0.0475430004
v -0.0148520004 0.00646900013 0.000775000022
v -0.0197279993 0.0267810002 0.000413000002
v -0.0346090011 0.0273119994 0.0179459993
v -0.0329000019 0.0298779998 0.015106
v -0.0347520001 0.0263860002 0.0160310008
v -0.0198090002 0.0280830003 0.000691000023
v -0.0329909995 0.0312630013 0.0183680002
v -0.0211900007 0.00264999992 0.00468500005
v -0.0213820003 0.00468300004 0.00325600011
v -0.0228390004 0.000952999981 0.00783200003
v -0.0232859999 0.00194999995 0.00676500006
v -0.0339110009 0.0106060002 0.024619
v -0.0338159986 0.00976200029 0.0219039991
v -0.0333199985 0.00919600017 0.0242679995
v -0.0347669981 0.0278140008 0.0212580003
v -0.0352919996 0.0259620007 0.0193520002
v -0.0197279993 0.0267810002 0.000413000002
v -0.0176100004 0.0267319996 0.000197999994
v -0.0190869998 0.0251160003 0.000128
v -0.0226119999 0.00283599994 0.00555999996
v -0.0336750001 0.0115520004 0.0272429995
v -0.0348839983 0.0126210004 0.0233740006
v -0.0324379988 0.00791900046 0.0262400005
v -0.0213459991 0.0313219987 0.00244099996
v -0.0198090002 0.0280830003 0.000691000023
v -0.022016 0.0265900008 0.00104500004
v -0.0289750006 0.0360289998 0.0150220003
v -0.0313110016 0.0323939994 0.0142050004
v -0.0308090001 0.0338380001 0.0156699996
v -0.0232190005 0.0308420006 0.00314799999
v -0.0191789996 0.00179200002 0.00471099978
v -0.0302850008 0.0352700017 0.0179210007
v -0.0357769988 0.0157130007 0.0230199993
v -0.0355559997 0.0144729996 0.0215409994
v -0.0349770002 0.0146509996 0.0257840008
v -0.0289629996 0.0261070002 0.00522600021
v -0.0331330001 0.0115959998 0.0291499998
v -0.0322600007 0.00947100017 0.0295470003
v -0.0310139991 0.0245980006 0.00690399995
v -0.0307010002 0.0221270006 0.00606000004
v -0.0270789992 0.037808001 0.0141749997
v -0.0288900007 0.0349770002 0.0126170004
v -0.0345660001 0.014029 0.0272080004
v -0.029476 0.0280310009 0.00669000018
v -0.0284279995 0.0375810005 0.0179510005
v -0.0336039998 0.01394 0.0297589991
v -0.0216039997 0.00618299982 0.00263500004
v -0.0237930007 0.00385199999 0.00525300018
v -0.0263950005 0.0391350016 0.0162289999
v -0.0272669997 0.0285459999 0.00481199985
v -0.0328149982 0.0123079997 0.0309159998
v -0.0256849993 0.0402280018 0.0179420002
v -0.0240519997 0.0399550013 0.0134579996
v -0.0355309993 0.0192499999 0.0264529996
v -0.0363380015 0.0187710002 0.0234290008
v -0.0354489982 0.0159409996 0.0253679994
v -0.0344000012 0.0157019999 0.0287609994
v -0.0221779998 0.0421510004 0.0167510007
v -0.0216930006 0.0411980003 0.0128840003
v -0.0240519997 0.0399550013 0.0134579996
v -0.0353580005 0.0182329994 0.0271439999
v -0.0177180003 0.0305850003 0.00101699994
v -0.0198580008 0.042661 0.0146469995
v -0.0137400003 0.000776999979 0.00394900003
v -0.0223559998 0.0424479991 0.0191619992
v -0.0221779998 0.0421510004 0.0167510007
v -0.0121520003 3.09999996e-05 0.00455700001
v -0.0196899995 0.0323400013 0.00225899997
v -0.0136010004 -0.00126000005 0.00575600006
v -0.0338059999 0.0156049998 0.0300789997
v -0.0342839994 0.0176509991 0.0301089995
v -0.0363759995 0.019599 0.0193789992
v -0.0361509994 0.0196969993 0.0173780005
v -0.0362420008 0.0177410003 0.0193089992
v -0.0360659994 0.0221890006 0.0181120001
v -0.00914299954 -0.000311000011 0.00494300015
v -0.0356910005 0.0235939994 0.0169709995
v -0.0358330011 0.0219190009 0.0162140001
v -0.00912700035 -0.001146 0.00560100004
v -0.0189219993 0.0333589986 0.00237399992
v -0.0149180004 0.0319829993 0.000966000021
v -0.0266229995 0.0394949988 0.0229139999
v -0.0259380005 0.0403579995 0.0221330002
v -0.0277810004 0.0384749994 0.0201190002
v -0.0183339994 0.034678001 0.00297200005
v -0.0117509998 0.00565600023 0.00103699998
v -0.00909600034 0.00476599997 0.00164799998
v -0.0110280002 0.00333600002 0.00214
v -0.0329059996 0.029786 0.027524
v -0.0338330008 0.0298800003 0.0229620002
v -0.0343029983 0.0282969996 0.0243950002
v -0.0326360017 0.0315699987 0.0252379999
v -0.0359679982 0.0199480001 0.0249019992
v -0.0361419991 0.020676 0.0230299998
v -0.0250790007 0.0295499992 0.00366299995
v -0.0264630001 0.0312709995 0.00556800002
v -0.010547 0.000534999999 0.00395999989
v -0.0245580003 0.0327990018 0.00536100008
v -0.0360499993 0.0217359997 0.0237319991
v -0.0223970003 0.0322289988 0.0035649999
v -0.00692099985 0.00305499998 0.00310699991
v -0.0348940007 0.0210439991 0.0282450002
v -0.0353629999 0.0231420007 0.0260940008
v -0.0314930007 0.0329089984 0.0266660005
v -0.0304540005 0.0351429991 0.0249070004
v -0.0348920003 0.0230379999 0.02733
v -0.0357020013 0.0242020003 0.0231149998
v -0.0316549987 0.0296030007 0.0308810007
v -0.0318609998 0.0314120017 0.0284359995
v -0.0353289992 0.0257329997 0.0234290008
v -0.0210900009 0.0337119997 0.00362699991
v -0.0342199989 0.0251119994 0.0281620007
v -0.0306219999 0.0318109989 0.0307240002
v -0.0234469995 0.0341099985 0.00522600021
v -0.0299730003 0.0347100012 0.0278040003
v -0.0340900011 0.0269159991 0.0269850008
v -0.021745 0.0353569984 0.00519899977
v -0.00529100001 0.00179000001 0.00447400007
v -0.0326140001 0.0139990002 0.0319770016
v -0.0328480005 0.0153740002 0.0325280018
v -0.0346359983 0.019421 0.0291390009
v -0.0139739998 0.0374189988 0.003455
v -0.0162579995 0.0347260013 0.00236300007
v -0.0177539997 0.0374410003 0.00476599997
v -0.0284030009 0.0357239991 0.0297340006
v -0.0286270007 0.0371689983 0.0257600006
v -0.0207349993 0.0355710015 0.00454899995
v -0.0273880009 0.036231 0.0307720006
v -0.0189849995 0.0363570005 0.00443999982
v -0.0207690001 0.0373560004 0.00626299996
v -0.0336439982 0.0186439995 0.0316950008
v -0.0327400006 0.0169699993 0.0334619991
v -0.0300840009 0.0311009996 0.0327900015
v -0.0306880008 0.0297059994 0.0331030004
v -0.0297010001 0.0328209996 0.0311849993
v -0.0174540002 0.0390219986 0.00604599994
v -0.031959001 0.025169 0.0088320002
v -0.0320429988 0.0220810007 0.00774300005
v -0.0331179984 0.0249339994 0.0105339997
v -0.0340010002 0.0210650004 0.0307870004
v -0.0334200002 0.0208069999 0.0320190005
v -0.0305579994 0.0283819996 0.00835799985
v -0.0320149995 0.0195300002 0.0349569991
v -0.0288629998 0.0314860009 0.0347869992
v -0.0286030006 0.0305669997 0.0358450003
v -0.0184400007 0.00892100018 0.000319000013
v -0.0282600001 0.0328599997 0.0338529982
v -0.0282380003 0.034111999 0.0325249992
v -0.0315219983 0.0295739993 0.0111039998
v -0.0295020007 0.0312389992 0.00915700011
v -0.0340670012 0.0241790004 0.0121280001
v -0.0145260002 0.0090859998 0.000104999999
v -0.0340129994 0.0229589995 0.0299180001
v -0.0170719996 0.0129789999 -0.000218000001
v -0.0335620008 0.0269179996 0.0132320002
v -0.013673 0.0101969996 2.20000002e-05
v -0.0260690004 0.0368620008 0.0322740003
v -0.0253630001 0.0387730002 0.0293269996
v -0.025347 0.0382150002 0.0309120007
v -0.0147080002 0.0155579997 1.20000004e-05
v -0.0270450003 0.0348360017 0.0336750001
v -0.0256350003 0.0366390012 0.033036001
v -0.0304129999 0.0325829983 0.0121990005
v -0.0267750006 0.0385840014 0.026571
v -0.0269750003 0.0391139984 0.0247530006
v -0.0278980006 0.0380589999 0.0246339999
v -0.0115499999 0.012627 0.000270999997
v -0.0100670001 0.0104390001 0.000456999987
v -0.0328660011 0.0246029999 0.0316650011
v -0.0255239997 0.0400709994 0.0246639997
v -0.0327830017 0.0233849995 0.0324489996
v -0.0332930014 0.025781 0.0306170005
v -0.00996599998 0.013878 0.00101200002
v -0.0284529999 0.0302380007 0.00707100006
v -0.024681 0.0402959995 0.0267190002
v -0.0267149992 0.0333210006 0.00743300002
v -0.0264630001 0.0312709995 0.00556800002
v -0.0240930002 0.0395749994 0.0297420006
v -0.0227930006 0.040422 0.0301280003
v -0.0224980004 0.0418680012 0.0263609998
v -0.0328329988 0.0282099992 0.0295090005
v -0.0196620002 0.0121419998 7.99999998e-06
v -0.0215620007 0.0426260009 0.0253320001
v -0.0230919998 0.0422130004 0.0224959999
v -0.0285810009 0.0334360003 0.0100819999
v -0.0324230008 0.0266570002 0.0315960012
v -0.0193489995 0.0440540016 0.0224309992
v -0.0321080014 0.0219410006 0.0344729982
v -0.0275790002 0.0319789983 0.0361469984
v -0.0312849991 0.0223619994 0.035916999
v -0.0175999999 0.017732 -0.000165000005
v -0.03125 0.0259680003 0.0344379991
v -0.0254829992 0.0357189998 0.0349670015
v -0.0315110013 0.0241919998 0.0348370001
v -0.0238070004 0.0383579992 0.033117
v -0.0258510001 0.0347759984 0.00801599957
v -0.0267149992 0.0333210006 0.00743300002
v -0.0285810009 0.0334360003 0.0100819999
v -0.0244280007 0.0358689986 0.0364019983
v -0.0305979997 0.0243480001 0.0360560007
v -0.0129819997 0.0167459995 0.000758000009
v -0.0317800008 0.0276929997 0.0324280001
v -0.0235450007 0.0371069983 0.0082299998
v -0.0233360007 0.0359300002 0.00667499984
v -0.0100950003 0.00760699995 0.00066000002
v -0.0251439996 0.0373460017 0.0105590001
v -0.0265529994 0.0359390005 0.0103310002
v -0.0226370003 0.0395620018 0.0109700002
v -0.0307860002 0.0275999997 0.0342309996
v -0.0208379999 0.0416820012 0.0303380005
v -0.0300939996 0.0263669994 0.0363180004
v -0.0294679999 0.0291620009 0.0356959999
v -0.0200309996 0.0387560017 0.00744399987
v -0.029724 0.0278820004 0.0356799997
v -0.0197800007 0.0433720015 0.02623
v -0.0215399992 0.0386019982 0.00825699978
v -0.031436 0.00927700009 0.0313979983
v -0.0182370003 0.0442330018 0.0259080008
v -0.0184690002 0.0433119982 0.0290430002
v -0.0169089995 0.0445830002 0.0262090005
v -0.00696399994 0.00723099988 0.00141200004
v -0.00503699994 0.00440800004 0.00297100004
v -0.0206630006 0.0402819999 0.0100560002
v -0.0317270011 0.0129559999 0.0337439999
v -0.017066 0.0410620011 0.00835699961
v -0.00481500011 0.00661699986 0.00245000003
v -0.00785399973 0.0097319996 0.000857000006
v -0.030731 0.0107089998 0.0344440006
v -0.00484000007 0.00836300012 0.00208900007
v -0.0304129999 0.0325829983 0.0121990005
v -0.0223290008 0.0394099988 0.0329670012
v -0.0214300007 0.0405130014 0.0321820006
v -0.0288900007 0.0349770002 0.0126170004
v -0.029871 0.0108549995 0.0362100005
v -0.029205 0.00916200038 0.0359699987
v -0.0305080004 0.0139549999 0.0365610011
v -0.0296480004 0.0124169998 0.0370000005
v -0.0289929993 0.0114820004 0.0379199982
v -0.0270789992 0.037808001 0.0141749997
v -0.00767400023 0.0115289995 0.00122500001
v -0.0203639995 0.0403859988 0.033445999
v -0.0209679995 0.0390730016 0.0354739986
v -0.0313719995 0.0157469995 0.0358080007
v -0.00771499984 0.0141589995 0.00208700006
v -0.00485099992 0.0123929996 0.00275600003
v -0.00498099998 0.0096049998 0.0020010001
v -0.0293790009 0.0135540003 0.0380880013
v -0.0295080002 0.0153179998 0.0387110002
v -0.00310899992 0.0081430003 0.00340300007
v -0.00335799996 0.00981200021 0.00328600011
v -0.0304969996 0.0173829999 0.0376610011
v -0.0184870008 0.0425500013 0.0309100002
v -0.0191050004 0.0411299989 0.0336709991
v -0.0284129996 0.0123969996 0.0391030014
v -0.00410499983 0.0116879996 0.00295099989
v -0.000966000021 0.00931499992 0.002354
v -0.00247299997 0.00968299992 0.00316899992
v -0.00265199994 0.0131050004 0.00149699999
v -0.0117760003 0.0216559991 0.00324700004
v -0.0127459997 0.0225579999 0.00212899991
v -0.011868 0.0228850003 0.00285400008
v -0.0109200003 0.0226799995 0.0031359999
v -0.0171310008 0.0433439985 0.0309430007
v -0.0108430004 0.0233510006 0.00332799996
v -0.0152270002 0.0442019999 0.0303259995
v -0.011833 0.0244270004 0.001942
v -0.0134399999 0.0243740007 0.00117599999
v -0.00411699992 0.0127569996 0.00264200009
v -0.00559900003 0.0143189998 0.00307599991
v -0.00939999986 0.0235760007 0.00307300012
v -0.00975700002 0.0238000005 0.00316799991
v -0.0103240004 0.0253640004 0.00195599999
v -0.00849699974 0.0241039991 0.00332299992
v -0.00914699957 0.0248189997 0.00280199992
v -0.00760699995 0.0235469993 0.00277699996
v -0.0152660003 0.0427669995 0.0336100012
v -0.00610100012 0.0141820004 0.002996
v -0.0265309997 0.0128429998 0.0415120013
v -0.0141110001 0.0435810015 0.0329149999
v -0.0266989991 0.0025200001 0.00998300035
v -0.0296739992 0.00424499996 0.0131040001
v -0.0287720002 0.00478299987 0.0104980003
v -0.0155579997 0.0293339994 0.000475999987
v -0.0142470002 0.028074 0.000371000002
v -0.0286490005 0.0145570002 0.0396020003
v -0.0273640007 0.0151930004 0.0414820015
v -0.0171339996 0.0424089991 0.0329560004
v -0.0315929987 0.00632400019 0.015528
v -0.0287950002 0.00151800003 0.0170779992
v -0.0180140007 0.0407590009 0.0352080017
v -0.0284119993 0.0165810008 0.040484
v -0.0167660005 0.0410050005 0.035902001
v -0.0298999995 0.00259599998 0.0188330002
v -0.0261119995 0.0140979998 0.0425160006
v -0.0318389982 0.00622900017 0.0176180005
v -0.0313230008 0.0167469997 0.0359360017
v -0.0131069999 0.0262659993 0.000735000009
v -0.0117340004 0.0283339992 0.000568000018
v -0.0311730001 0.00483699981 0.0237969998
v -0.0328669995 0.00788899977 0.0191869996
v -0.0316560008 0.00538499979 0.0204760004
v -0.0324480012 0.00700000022 0.0228489991
v -0.0104369996 0.0317529999 0.000669999979
v -0.031516999 0.0181910004 0.0360159986
v -0.014463 0.0429139994 0.034093
v -0.0241720006 0.00177700003 0.00777699985
v -0.0234130006 -0.000117000003 0.00967399962
v -0.0135190003 0.0424569994 0.0352020003
v -0.00860599987 0.0290159993 0.000684999977
v -0.0305889994 0.0203280002 0.0374989994
v -0.0152240004 0.0414769985 0.0361230001
v -0.011527 0.0438329987 0.0333190002
v -0.0254720002 0.000841000001 0.0107840002
v -0.0115649998 0.0421020016 0.0364140011
v -0.0101220002 0.0428309999 0.0359189995
v -0.0295460001 0.0182329994 0.039092999
v -0.0113530001 0.0347740017 0.00145600003
v -0.0285810009 0.0182959996 0.0405910015
v -0.0219730008 -0.000988999964 0.00946899969
v -0.0201510005 -0.00312300003 0.0114390003
v -0.0212200005 -0.00306200003 0.0122210002
v -0.0132839996 0.034221001 0.00141100003
v -0.0286940001 0.0207250006 0.0401979983
v -0.0179600008 0.0439019985 0.0159600005
v -0.0223559998 0.0424479991 0.0191619992
v -0.0191600006 0.0437700003 0.0176790003
v -0.0251160003 0.0116410004 0.0424799994
v -0.0148139996 0.0448190011 0.0145199997
v -0.016353 0.0436620004 0.0127389999
v -0.0246079993 -0.00127999997 0.0133490004
v -0.0241720006 0.0126529997 0.0436730012
v -0.0213569999 -0.00385099999 0.0146620004
v -0.0190340001 -0.00467099994 0.0137280002
v -0.0151880002 0.0454949997 0.0185860004
v -0.0307519995 0.0215980001 0.0368730016
v -0.0179929994 0.0445559993 0.0211360008
v -0.0300379992 0.0239809994 0.0372989997
v -0.0238019992 -0.00273999991 0.0157440007
v -0.0228400007 -0.00403399998 0.0179699995
v -0.0114979995 0.0458629988 0.0158329997
v -0.0264679994 -0.00132000004 0.0183979999
v -0.0266699996 -0.000123000005 0.0149520002
v -0.00941000041 0.0463950001 0.0170530006
v -0.00732700014 0.0457989983 0.0138520002
v -0.0121640004 0.0462270007 0.0187810007
v -0.00764800003 0.0255449992 0.00202500005
v -0.0191600006 0.0437700003 0.0176790003
v -0.0275219996 0.00113900006 0.013917
v -0.0168910008 0.0450749993 0.0231020004
v -0.0151880002 0.0454949997 0.0185860004
v -0.0179929994 0.0445559993 0.0211360008
v -0.0273049995 0.0174780004 0.0418279991
v -0.0153590003 0.0455479994 0.0215399992
v -0.0262470003 0.0176860001 0.0430379994
v -0.0180690009 0.0419539995 0.0106699998
v -0.0251310002 0.0167629998 0.0436349995
v -0.0153590003 0.0455479994 0.0215399992
v -0.00632299995 0.0465780012 0.0175199993
v -0.00539600011 0.0462139994 0.0154889999
v -0.0268079992 0.0198420007 0.0425660014
v -0.0272780005 0.0199430007 0.0418169983
v -0.0285180006 0.0228959993 0.0398170017
v -0.0271230005 0.0216959994 0.0418890007
v -0.00498999981 0.0465960018 0.018313
v -0.00356599991 0.0461089984 0.0159120001
v -0.00650099991 0.0468540005 0.0199439991
v -0.0111560002 0.037450999 0.00290299999
v -0.0248429999 0.0202149991 0.0441679992
v -0.00203399989 0.046374999 0.0190789998
v -0.00619800016 0.0349549986 0.00132100005
v -0.00273999991 0.0464899987 0.0217480008
v -0.00518399989 0.0468459986 0.0221500006
v -0.00631099986 0.046769999 0.0224300008
v -0.00461600022 0.0457829982 0.0279649999
v -0.00542399986 0.0465469994 0.0247750003
v -0.00663299998 0.0466060005 0.0256600007
v -0.022287 0.0142249996 0.0456519984
v -0.00901800022 0.0379819982 0.00305399997
v -0.00231899996 0.0461210012 0.0250950009
v -0.00435600011 0.0464759991 0.0253320001
v -0.00247499999 0.0457159989 0.0275529996
v -0.0240189992 0.015199 0.0443539992
v -0.0177749991 -0.00545800012 0.0146369999
v -0.013673 -0.00665700017 0.0155710001
v -0.00586399995 0.0367030017 0.00227800012
v -0.0105290003 -0.00700900005 0.0159990005
v -0.021094 0.0116699999 0.0457400009
v -0.00778400013 0.0392430015 0.0038699999
v -0.0156420004 0.0449789986 0.0272959992
v -0.0150300004 0.0455919988 0.0242870003
v -0.00587899983 0.0388420001 0.00382700004
v -0.0141319996 0.0452190004 0.0280329995
v -0.0193559993 0.010733 0.0465300009
v -0.0178999994 0.00848199986 0.0462069996
v -0.0136940004 0.0394119993 0.00507500023
v -0.0106239999 0.0393709987 0.00422800006
v -0.0171349999 -0.00442299992 0.0114580002
v -0.0188030005 0.0128699997 0.0477969982
v -0.0209929999 0.0145269996 0.0468720011
v -0.012352 0.0413420014 0.00665799994
v -0.0186100006 0.015718 0.0487199984
v -0.0114540001 0.0451380014 0.0300719999
v -0.0163390003 0.0138720004 0.0495209992
v -0.0242710002 0.0180779994 0.044799
v -0.0176129993 -0.00663099997 0.019382
v -0.0196930002 -0.005626 0.0177139994
v -0.0167909991 -0.0065390002 0.0174330007
v -0.0122370003 0.0459729992 0.0266040005
v -0.0224029999 0.0169019997 0.0463059992
v -0.00971100014 0.0407369994 0.00545699988
v -0.00901800022 0.0458439998 0.0290409997
v -0.0231020004 0.0181530006 0.0457030013
v -0.0208049994 -0.00550100021 0.0198459998
v -0.00824899971 0.0452869982 0.0307069998
v -0.00721199997 0.0449110009 0.0316199996
v -0.00522800023 0.045194 0.0304150004
v -0.00731999986 0.041751001 0.00633599982
v -0.00577999977 0.0404630005 0.00509400014
v -0.0133619998 -0.00734699983 0.0185819995
v -0.00878200028 0.0412149988 0.00592799997
v -0.0237739999 0.0211529993 0.0451189987
v -0.00412099995 0.0444529988 0.0320670009
v -0.00522800023 0.045194 0.0304150004
v -0.00412099995 0.0444529988 0.0320670009
v -0.00877500046 0.0427130014 0.00763799995
v -0.00569299981 0.042723 0.00767599978
v -0.020521 0.0171290003 0.0477739982
v -0.0186839998 -0.00645300001 0.0247419998
v -0.0156039996 -0.00721300021 0.0259780008
v -0.0169399995 -0.00676599983 0.0272029992
v -0.0145979999 -0.00710400008 0.0284650009
v -0.0217950009 0.0192740001 0.0469160005
v -0.0200379994 -0.00552000012 0.027005
v -0.0228579994 0.0212130006 0.045770999
v -0.0211280007 0.0209270008 0.0474539995
v -0.00461600022 0.0457829982 0.0279649999
v -0.00663299998 0.0466060005 0.0256600007
v -0.0176599994 -0.00583200017 0.0304329991
v -0.00400700001 0.037246 0.00264200009
v -0.0195259992 -0.0050929999 0.0302620009
v -0.0199529994 0.0185589995 0.0483819991
v -0.0184729993 0.0175400004 0.0492350012
v -0.00189499999 0.0357670002 0.0019739999
v -0.0186730009 -0.00491499994 0.031645
v -0.0281450003 0.000190999999 0.0208119992
v -0.0265519992 -0.00148800004 0.0211580005
v -0.0277420003 -0.000195000001 0.0229809992
v -0.0188979991 0.019235 0.0490220003
v -0.0165819991 0.0168559998 0.0501100011
v -0.0185029991 0.0214859992 0.0491879992
v -0.0168820005 0.0190789998 0.0502599999
v -0.0294499993 0.0224019997 0.0388160013
v -0.0252390001 -0.00262499996 0.024185
v -0.0241129994 -0.00358200003 0.0222229995
v -0.00116500002 0.0374610014 0.00311699999
v -0.00911500026 0.0445430018 0.0327319987
v 0.00130300003 0.0366559997 0.00326799997
v -0.0288980007 0.0260739997 0.0383250006
v 0.00518399989 0.0334560014 0.00257600006
v -0.00944899954 0.043722 0.0341910012
v -0.00347499992 0.0394750014 0.00451100012
v -0.002477 0.0397409983 0.00468799984
v -0.0278689992 0.0236850008 0.0406449996
v -0.0279559996 0.0256650001 0.0397769995
v -0.00682100002 0.0438040011 0.0343719982
v -0.00526499981 0.0438099988 0.0339850001
v -0.0261480007 0.0238179993 0.0425649993
v -0.000103999999 0.0389119983 0.00465800008
v -0.0251700003 -0.002354 0.0266559999
v -0.023999 -0.00335199991 0.0265250001
v -0.00893899985 0.0422799997 0.0372299999
v -0.0248659998 0.0219049994 0.0440570004
v -0.0259860009 -0.00138899998 0.0267810002
v -0.0264890008 -0.00137900002 0.0246290006
v -0.0233059991 0.0231219996 0.0451240018
v -0.0251940005 0.0243129991 0.0432640016
v 0.00249100011 0.0386199988 0.00562800001
v 0.00168999995 0.0400579982 0.00661899988
v 0.00420999993 0.0380429998 0.00565900002
v -0.0272780005 -0.000192000007 0.0253330003
v -0.00619800016 0.0422579981 0.0371420011
v -0.0299849994 0.0025510001 0.0214179996
v -0.02929 0.00180900004 0.0237659998
v -0.0279050004 0.0310089998 0.0368140005
v -0.0285819992 0.00164499995 0.0267680008
v -0.0299139991 0.00328100007 0.0261729993
v -0.0269399993 0.0304010008 0.0384549983
v -0.0277040005 0.0283189993 0.0389490016
v -0.0259780008 0.0325910002 0.0378810018
v -0.0257779993 0.0314010009 0.0392579995
v -0.0269639995 0.0330419987 0.0364030004
v -0.0258600004 0.0334119983 0.0374430008
v -0.0286519993 0.0279869996 0.0377499983
v -0.00415199995 0.0418329984 0.00681099994
v -0.0271770004 0.0274519995 0.0400290005
v -0.0220279992 -0.00482599996 0.0256249998
v -0.0243609995 0.0339279994 0.0385329984
v -0.0250170007 0.0346099995 0.0369520001
v -0.00089700002 0.0406000018 0.006085
v -0.0217860006 -0.00420999993 0.0288510006
v -0.0237750001 -0.00291100005 0.0287110005
v -0.00305599999 0.0423990004 0.0078019998
v -0.0200379994 -0.00552000012 0.027005
v -0.0195259992 -0.0050929999 0.0302620009
v -0.0254880004 0.0297769997 0.0407579988
v -0.023581 0.0307110008 0.041875001
v -0.0240269993 0.0282400008 0.0429640003
v 0.00101200002 0.0407649986 0.00724499999
v -0.0238070004 0.0327039994 0.0402919985
v -0.0247339997 0.0263240002 0.0431809984
v -0.0277880002 0.00607899996 0.00756799988
v -0.0260639992 0.00544800004 0.0060589998
v -0.0228049997 0.0339989997 0.0400179997
v -0.0261540003 0.00425199978 0.00696799997
v 0.00170100003 0.0415810011 0.00854699966
v -0.021861 0.0326820016 0.0420739986
v 0.00453600008 0.0401430018 0.00825599954
v 0.00424899999 0.0414390005 0.0100339996
v 0.0025549999 0.0429649986 0.011717
v -0.0227930006 0.0242250003 0.0453849994
v -0.0237220004 0.0349799991 0.0378980003
v -0.0233619995 0.0262150001 0.0442779996
v -0.0293499995 0.00894400012 0.00701799989
v -0.0273390003 0.0105529996 0.00433100015
v -0.0225750003 0.0283630006 0.044027999
v -0.0223910008 0.0307710003 0.042927999
v -0.0218129996 0.0292199999 0.0439799987
v -0.0231979992 0.0363110006 0.0370029993
v -0.0217189994 0.0372250006 0.037436001
v -0.0226470008 0.0350640006 0.0390250012
v -0.0146740004 0.0431879982 0.0102880001
v -0.0207010005 0.0233389996 0.0473719984
v -0.0123739997 0.0428109989 0.00893200003
v -0.0197679996 0.0345060006 0.0420969985
v -0.019963 0.0356439985 0.0406479985
v -0.0199110005 0.0367019996 0.0397059992
v -0.0294499993 0.0109569998 0.00610799994
v -0.0329019986 0.0120949997 0.0110860001
v -0.0312099997 0.00740699982 0.0119770002
v -0.0331109986 0.0103000002 0.0138370004
v -0.0183249991 0.0377830006 0.0394550003
v -0.0205540005 0.0251989998 0.0468810014
v -0.00851000007 0.0434920006 0.00908300001
v -0.00787399989 0.0438469984 0.00943799969
v -0.0300900005 0.00573300011 0.0117410002
v -0.0296529997 0.00700700004 0.00935800001
v -0.0124159995 0.0438360013 0.010555
v -0.0161179993 0.0207049996 0.0506029986
v -0.0159430001 0.0226690006 0.0503810011
v -0.0175299998 0.0224210005 0.0494880006
v -0.0185770001 0.0353320017 0.041960001
v -0.0172220003 0.0365130007 0.0416969992
v -0.0183090009 0.0242870003 0.0487819985
v -0.00601400016 0.0444709994 0.0106429998
v -0.00937800016 0.0452810004 0.0127800005
v -0.0206250008 0.032035999 0.0434099995
v -0.0154889999 0.0239749998 0.050356999
v -0.0200699996 0.0305170007 0.0446400009
v -0.0212159995 0.0281099994 0.0450850017
v -0.0143499998 0.0439300016 0.0120310001
v -0.0314420015 0.0102519998 0.00942699984
v -0.0178350005 0.0304749999 0.0459630005
v -0.0177740008 0.0315940008 0.0451649986
v -0.0192220006 0.0333830006 0.0432489999
v -0.0314439982 0.0132990004 0.00760499993
v -0.0180929992 0.0334579982 0.0438800007
v -0.0191089995 0.0277449992 0.0467690006
v -0.0159750003 0.0324969999 0.0455119982
v -0.0162489992 0.0302000009 0.0470970012
v -0.0164209995 0.0278530009 0.0483909994
v -0.0320780016 0.0149699999 0.00820400007
v -0.0165149998 0.0263730008 0.049075
v -0.0335640013 0.0136740003 0.0113519998
v -0.0331620015 0.0156909991 0.00968199968
v -0.0152270002 0.030483 0.0472779982
v -0.0152319996 0.0262969993 0.0497049987
v -0.0140739996 0.0330719985 0.0460290015
v -0.0276250001 0.0146350004 0.00321300002
v -0.0286849998 0.01284 0.00458699977
v -0.0298939999 0.0150730005 0.00492799981
v -0.0144750001 0.0284119993 0.0488490015
v -0.0126729999 0.0318140015 0.047309
v -0.00464199996 0.0433639996 0.00894800015
v -0.0158840008 -0.00543999998 0.0333489999
v -0.0143959997 -0.00623100018 0.0322659984
v -0.0277539995 0.0163199995 0.00287600001
v -0.0296710003 0.0161710009 0.00458199997
v -0.0177219994 -0.00434499979 0.0343240015
v -0.0160799995 -0.0044160001 0.0355099998
v -0.0172780007 0.0346830003 0.0434600003
v -0.0141230002 -0.00547000021 0.0342990011
v -0.00104799995 0.0430880003 0.00961199962
v -0.00344699994 0.0442860015 0.0108240005
v -0.0129439998 -0.00589600019 0.0339680016
v -0.0146270003 0.0357399993 0.0437470004
v -0.0193850007 -0.00257000001 0.0359460004
v -0.0058050002 0.0455400012 0.0132689998
v -0.0138010001 -0.003669 0.0377699994
v -0.0129979998 -0.00488300016 0.0361309983
v -0.0154550001 0.0379830003 0.0409049988
v -0.0114740003 -0.00730799977 0.0300990008
v -0.0102080004 -0.00635599997 0.0337460004
v -0.0123570003 -0.00669999979 0.0324199982
v -0.010489 -0.00560599985 0.035693001
v 0.000637000019 0.0431479998 0.0105950003
v -0.0280830003 0.0197279993 0.00297300005
v -0.0120289996 0.0349459983 0.0450010002
v -0.0110649997 0.0338630006 0.0461779982
v -0.00781700015 -0.00634199986 0.0334989987
v -0.00822800025 -0.00515200011 0.0361669995
v -0.00377000007 0.045074001 0.0126250004
v -0.00151700003 0.0448199995 0.0128330002
v -0.0298699997 0.0184259992 0.00452399999
v -0.0105699999 -0.00459600007 0.0373249985
v -0.0295090005 0.0202370007 0.00447299983
v -0.0296739992 0.0195480008 0.00446199998
v -0.0127379997 -0.00363599998 0.0380510017
v -0.0126489997 0.0364880003 0.0437720008
v -0.00682399981 -0.00442000013 0.0373600014
v -0.0171719994 -0.0025820001 0.0376719981
v -0.0312759988 0.0159380008 0.00651000021
v -0.014153 -0.00225699996 0.0395999998
v -0.0160980001 -0.00138399994 0.0397589989
v -0.0193850007 -0.00257000001 0.0359460004
v -0.0171719994 -0.0025820001 0.0376719981
v 0.00223800004 0.044094 0.0147930002
v -0.0160980001 -0.00138399994 0.0397589989
v -0.00106200005 0.0451290011 0.0141629996
v -0.0181079991 0.0395039991 0.0370059982
v -0.0327330008 0.0185649991 0.00831599999
v -0.0319619998 0.0185230002 0.00681099994
v -0.0117009999 -0.00303700007 0.0394800007
v -0.0306729991 0.0205310006 0.00544299977
v -0.000855999999 0.045713 0.0166829992
v -0.00928799994 -0.00364300003 0.0387890004
v -0.0328040011 0.0211210009 0.0088940002
v -0.00963000022 -0.00238299998 0.0406519994
v -0.00786300004 -0.00315500004 0.0396879986
v -0.0161380004 0.0385730006 0.0398969986
v -0.0148320002 0.0405309983 0.0378100015
v -0.0122750001 -0.00167599996 0.0409759991
v 0.00279899989 0.0125909997 0.000587999995
v 0.00335399993 0.00935800001 0.00170799997
v -2.20000002e-05 0.0120249996 0.000936999975
v 9.99999975e-05 0.0149739999 0.000291000004
v -0.00251200004 0.0151150003 0.000867999974
v -0.0336819999 0.0108270003 0.0154590001
v -0.0330859981 0.00891700014 0.0169380009
v -0.0100079998 -0.000933000003 0.0422560014
v -0.00616500014 -0.00549799995 0.0349150002
v 0.00382400001 0.0153820002 9.79999968e-05
v -0.0138189998 0.0380179994 0.0417560004
v -0.00576400012 -0.00566300005 0.0345779993
v -0.00432799989 -0.00603399985 0.0326660015
v -0.0049970001 -0.00419300003 0.0369989984
v 0.00562300021 0.0114390003 0.00118799997
v -0.00375899998 -0.00437599979 0.0360709988
v -0.0029480001 -0.00544600002 0.0330169983
v -0.0124840001 0.0398430005 0.039921999
v -0.012631 0.0413759984 0.0374919996
v 0.00618800009 0.0131820003 0.000842000009
v -0.00420799991 -0.00350799994 0.0378560014
v -0.00671999995 -0.00237999996 0.0402989984
v 0.00912300032 0.0140230004 0.00158699998
v 0.00982700009 0.011256 0.00270899991
v -0.0124620004 0.0376259983 0.0426720008
v -0.00248000002 -0.00396300014 0.0358100012
v -0.000875000027 0.0178479999 0.000239999994
v 0.000568000018 0.0184569992 -3.30000003e-05
v -0.00080400001 -0.00402100012 0.0336510018
v -0.00782299973 0.0396169983 0.0410830006
v -0.00994099956 0.0391459987 0.0415370017
v -0.00925999973 0.0368500017 0.0439959988
v -0.0344289988 0.0132980002 0.0146209998
v -0.00155499997 -0.00261100009 0.0371790007
v 0.00370100001 0.0194310006 -0.000241000002
v -0.000609999988 -0.002263 0.0370660014
v 0.000440000003 -0.00159899995 0.0366429985
v -0.0347819999 0.0141559998 0.0147810001
v -0.0344640017 0.0170750003 0.0119049996
v 0.0060680001 0.01932 -2.40000008e-05
v -0.00290299999 -0.00277799997 0.0382420011
v -0.0341150016 0.0110670002 0.017337
v -0.000167999999 -0.000144000005 0.0396949984
v 0.00124200003 -0.00109100004 0.0354610011
v 0.000834000006 -0.000396999996 0.0375320017
v 0.00706900004 0.0156730004 0.000569999975
v -0.0101260003 0.0413389988 0.0384950005
v -0.0117499996 0.0405169986 0.0390710011
v -0.0089159999 0.0404210016 0.0400010012
v -0.00925000012 0.0415900014 0.0380589999
v -0.00723899994 0.0409960002 0.0392669998
v -0.00468300004 -0.00235900003 0.0397289991
v -0.0358689986 0.0168730002 0.0167059992
v 0.00888799969 0.019878 0.000656999997
v -0.00729200011 -0.00172199996 0.0412070006
v -0.0347229987 0.0198819991 0.0122610005
v -0.0339119993 0.0222089998 0.0109620001
v -0.033303 0.0191360004 0.00912600011
v 0.00930699985 0.00824099965 0.00374500011
v 0.00690700021 0.00892600045 0.00253299996
v -0.00559099996 -0.00155399996 0.0411409996
v 0.0102979997 0.00825599954 0.00432399986
v 0.0110400002 0.00888799969 0.00444599986
v -0.002997 -0.000281999994 0.0415510014
v 0.0122269997 0.010795 0.0046430002
v -0.0346850008 0.0226639993 0.0128420005
v -0.00238700002 -0.00108399999 0.0403439999
v 0.0133910002 0.00882599968 0.0070059998
v 0.0118850004 0.00697800005 0.00661499985
v -0.00110800005 0.000653999974 0.0416169986
v 0.0123460004 0.0333039984 0.0343419984
v 0.0127210002 0.0342339985 0.0320320018
v 0.0110480003 0.0359469987 0.0327120014
v 0.00131399999 0.000590000011 0.0383469984
v 0.0102639999 0.0352279991 0.0349569991
v 0.0142869996 0.0115919998 0.00611199997
v 0.0138360001 0.0130700003 0.00509000011
v -0.0356509984 0.0199379995 0.0153519996
v -0.00275600003 0.00118200004 0.0429739989
v -0.00526800007 0.000654999982 0.0431089997
v 0.0145429997 0.00923100021 0.00803199969
v 0.0149710001 0.00827500038 0.00990200043
v -0.00534499995 0.0415199995 0.0379399993
v -0.00448899996 0.0426930003 0.0360370018
v -0.00320699997 0.0416949987 0.0370579995
v -0.00402500015 0.0409529991 0.038617
v -0.000861999986 0.00174500002 0.0423800014
v -0.00333900005 0.0394850001 0.0403699987
v 0.00124799996 0.0399900004 0.0377359986
v 0.00184200006 0.0386499986 0.0390399992
v 0.00324500003 0.0401660018 0.0356869996
v 0.0162560008 0.0123340003 0.00840499997
v -0.00155499997 0.0397970006 0.0393440016
v -0.000554000027 0.0411060005 0.0369420014
v -0.0351109989 0.0243699998 0.0152909998
v -0.0149389999 0.000255999999 0.0421410017
v -0.014153 -0.00225699996 0.0395999998
v 0.011492 0.0142679997 0.00272700004
v 5.99999985e-05 0.038098 0.0408889987
v -0.00155499997 0.0397970006 0.0393440016
v -0.000554000027 0.0411060005 0.0369420014
v 0.010578 0.0172160007 0.00156500004
v 0.00904299971 0.0331039988 0.039012
v 0.0104510002 0.0309430007 0.0396430008
v 0.0104999999 0.0326340012 0.0378919989
v -0.0165449996 0.00244399998 0.0430959985
v 0.00587299978 0.0373479985 0.0376500003
v 0.00794699974 0.0369089991 0.0358470008
v 0.00624099979 0.0384070016 0.0357940011
v 0.0102789998 0.0338510014 0.0366659984
v 0.0121769998 0.0324660018 0.0354899988
v 0.0128319999 0.0170419998 0.00297400006
v 0.0135840001 0.014734 0.0041149999
v -0.0149389999 0.000255999999 0.0421410017
v -0.0134269996 0.000387000007 0.0426199995
v -0.0127889998 0.00124500005 0.0434920006
v 0.0158229992 0.0159230009 0.00593299977
v -0.0102920001 0.000497000001 0.0433240011
v -0.0134269996 0.000387000007 0.0426199995
v -0.0152080003 0.00343900011 0.0441799983
v 0.00830299966 0.0356969982 0.0369490013
v 0.00810199976 0.0343470015 0.0390370004
v -0.0152080003 0.00343900011 0.0441799983
v 0.0151960002 0.0184099991 0.00459200004
v 0.00754000014 0.0362470001 0.0373659991
v 0.0154769998 0.0171220005 0.00529799983
v -0.0127889998 0.00124500005 0.0434920006
v -0.0127349999 0.00264899991 0.0444019996
v 0.00690399995 0.0357349999 0.0385130011
v -0.0101140002 0.00313400012 0.0453349985
v -0.0127349999 0.00264899991 0.0444019996
v 0.0176199991 0.0167539995 0.00874400046
v 0.0173020009 0.0153750004 0.00845499989
v 0.00111499999 0.0359279998 0.0426059999
v 0.00443599978 0.0344390012 0.0421370007
v 0.00282500009 0.0365110002 0.0410510004
v -0.0058670002 -0.00412000017 0.0106279999
v 0.00505199982 0.0355059989 0.040403001
v 0.0060680001 0.01932 -2.40000008e-05
v 0.00370100001 0.0194310006 -0.000241000002
v 0.00595499994 0.0226399992 -5.99999985e-05
v -0.00875000004 -0.00603500009 0.0136479996
v -0.00898400042 0.00267100008 0.0452059992
v 0.00832299981 0.0323369987 0.0407209992
v 0.00741600012 0.0336080007 0.0403180011
v 0.00609599985 0.0341870002 0.0410190001
v -0.00744599989 0.00153799995 0.044199001
v 0.00880299974 0.0308260005 0.0414279997
v 0.000568000018 0.0184569992 -3.30000003e-05
v 0.0027650001 0.0223200005 -0.000274999999
v -0.0179140009 0.00466800015 0.0439050011
v -0.00625099987 -0.00513699977 0.0126419999
v 0.0067139999 0.0316479988 0.0428159982
v -0.000684000028 0.0238530003 9.79999968e-05
v -0.0163630005 0.00650499994 0.0458070002
v 0.00423200009 0.0240289997 -0.000255999999
v 0.00664300006 0.0296650007 0.0440730006
v 0.00827199966 0.0280569997 0.0436160006
v -0.00660800003 -0.00609199982 0.0150229996
v 0.00426100008 0.0315410011 0.0446429998
v -0.00379800005 -0.000845999981 0.00748000015
v -0.00536100008 -0.00250599999 0.00862199999
v -0.01449 0.00569699984 0.0462700017
v -0.00412200019 0.00138100004 0.00514400005
v 0.00888799969 0.019878 0.000656999997
v -0.013882 0.00745599996 0.0476440005
v -0.015199 0.00846800022 0.0476449989
v 0.00817199983 0.0238630008 0.000548999989
v 0.010311 0.0202830005 0.00117299997
v -0.0124730002 0.00460899994 0.0461179987
v -0.0124730002 0.00460899994 0.0461179987
v 0.0104660001 0.0229260009 0.00138300005
v 0.0029529999 0.0387270004 0.0381250009
v -0.00355600007 0.00346400007 0.00422899984
v 0.00374500011 0.0394299999 0.0367030017
v 0.00442400016 0.0383520015 0.0373539999
v -0.00119099999 0.00218300009 0.00757300016
v -0.00240099989 0.00197599991 0.00598700019
v -0.001789 0.0034419999 0.00624800008
v 0.00622500014 0.035707999 0.0393679999
v 0.00527099986 0.0389729999 0.0356260017
v 0.00313000008 0.0374270007 0.0397859998
v -0.00877100043 0.00355000002 0.0459860004
v -0.0101699997 0.00462799985 0.0467920005
v 0.00608700002 0.0260700006 0.000214
v -0.0101699997 0.00462799985 0.0467920005
v -0.0114679998 0.00577200018 0.0474059992
v 0.00111499999 0.0359279998 0.0426059999
v -0.0114679998 0.00577200018 0.0474059992
v -0.009846 0.00661600009 0.0483129993
v -0.00236300007 -0.000727000006 0.00829700008
v -0.00245400006 -0.00173300004 0.00975299999
v -0.00373800006 -0.00370800006 0.0114010004
v 0.0100790001 0.0261380002 0.00170200004
v 0.011461 0.0247310009 0.00227700011
v -0.00105600001 -0.000205000004 0.0096540004
v -0.000900999992 -0.00172599999 0.0115560004
v 0.0068760002 0.0286500007 0.00120599999
v 0.00883300044 0.0278220009 0.00166499999
v -0.00393299991 -0.00516499998 0.0147620002
v -0.00190499995 -0.00338899996 0.0133619998
v 0.00469500013 0.0287950002 0.000521000009
v 0.0168019999 0.0172279999 0.0364420004
v 0.0161470007 0.0159990005 0.0375999995
v 0.0174899995 0.0176870003 0.0351979993
v 0.0184669998 0.0179689992 0.0331839994
v 0.0192360003 0.0185429994 0.0307659991
v 0.0183850005 0.0207679998 0.0324710011
v 0.0189929996 0.0204719994 0.0306349993
v -0.0054250001 0.00319599989 0.0455360003
v 0.0178890005 0.0197490007 0.0343319997
v 0.0110990005 0.0279300008 0.00311399996
v 0.018135 0.0238949992 0.0318050012
v 0.0128429998 0.0265319999 0.00397300022
v 0.0169559997 0.0212830007 0.0357219987
v 0.0175390001 0.0227879994 0.0341459997
v -0.000310000003 0.00256399997 0.0088109998
v 0.000311000011 0.00131700002 0.010636
v 0.0170840006 0.0204879995 0.0358910002
v 0.010578 0.0172160007 0.00156500004
v -0.000838999986 0.00331200007 0.00748400018
v -0.00212599989 0.00268099993 0.0441580005
v 0.00116600003 0.00156799995 0.0109529998
v 0.0128319999 0.0170419998 0.00297400006
v 0.0137959998 0.0209909994 0.00326699996
v 0.000472000014 0.00295099989 0.00860300008
v 0.0025249999 0.00222099992 0.00902100001
v 0.00126100006 0.00209400011 0.0100640003
v 0.00121200003 0.00282100006 0.00834599975
v 0.00088800001 0.000172 0.0130070001
v -0.000128999993 -0.00164799998 0.0134060001
v 0.0151960002 0.0184099991 0.00459200004
v 0.0154510001 0.0171220005 0.0387430005
v 0.0155800004 0.0140880002 0.0378729999
v 0.0123939998 0.0234110001 0.00242700009
v 0.0019749999 0.000281999994 0.01394
v 0.00431999983 0.00165500003 0.00917199999
v 0.00391499978 0.000452000007 0.0121619999
v 0.00535300002 0.000356000004 0.012263
v -0.00889500044 0.00553700002 0.0477139987
v -0.00704299984 0.0061110002 0.0480489992
v 0.00682599982 0.000991999987 0.0113199996
v 0.00775799993 0.00184000004 0.00995299965
v 0.0163700003 0.0190239996 0.0373429991
v 0.0145479999 0.0221950002 0.00408599991
v 0.014916 0.0179450009 0.0392999984
v 0.0157019999 0.0196460001 0.0381259993
v 0.0150100002 0.0198609997 0.0393510014
v -0.00422800006 0.00470599998 0.0464730002
v 0.0147749996 0.0160700008 0.0396480002
v 0.0140969995 0.0155239999 0.0402080007
v 0.00114099996 -0.000220000002 0.0143649997
v 0.0138839995 0.0179130007 0.0409590006
v 0.0169789996 0.0178720001 0.00695999991
v 0.0058530001 -0.000981000019 0.0165560003
v 0.00382300001 -0.000352000003 0.0147989998
v 0.00226600002 -8.2999999e-05 0.0365619995
v 0.00219999999 -0.00133600004 0.0327970013
v 0.00276300008 -0.00132899999 0.032021001
v 0.0142609999 0.0216090009 0.0398820005
v 0.0137520004 0.0190060008 0.0408920012
v 0.0132940002 0.0208810009 0.0414099991
v 0.00223900005 0.00130300003 0.0395370014
v 0.013421 0.02465 0.00376400002
v 0.00646700012 -0.000243000002 0.0145330001
v 0.00125500001 0.00186700001 0.0406970009
v 0.000387000007 0.00266600004 0.0421449989
v 0.0158370007 0.0216230005 0.0378650017
v 0.00874499977 0.000665 0.013762
v 0.00140199997 0.00293800002 0.0423679985
v 0.0160670001 0.0238409992 0.0363189988
v 0.00891700014 -0.000255999999 0.0168910008
v 0.0149769997 0.0230710004 0.0383480005
v -0.000613000011 0.00384999998 0.0440220013
v 0.0111370003 0.00173000002 0.0142919999
v 0.0139429998 0.0237060003 0.0398139991
v 0.0174129996 0.0195909999 0.00790399965
v 0.0164560005 0.0203200001 0.00607299991
v 0.0170310009 0.0225360002 0.00767700002
v -0.00305499998 0.00461000018 0.00440800004
v -0.0021269999 0.006941 0.00435099984
v -0.00202800008 0.0049490002 0.00517599983
v 0.00216499995 0.00532400003 0.0445969999
v -0.00117800001 0.0050710002 0.0456180014
v 0.0152070001 0.0253330003 0.0370110013
v -0.00224799989 0.00388400001 0.0451240018
v 0.0154069997 0.0247670002 0.00600299984
v -0.00119500002 0.00430499995 0.00650600018
v 0.0184150003 0.013727 0.032726001
v 0.0186279994 0.015141 0.0326279998
v 0.016849 0.0129610002 0.0353920013
v 0.0177640002 0.0156079996 0.0347109996
v 0.000667000015 0.00599600002 0.00476500019
v -0.00121699995 0.00641300017 0.0052029998
v -0.00110600004 0.00761599978 0.00380799989
v 0.0138950003 0.0264030006 0.00504799979
v -7.6999997e-05 0.00651099999 0.0462820008
v 0.0184710007 0.0169060007 0.0331690013
v -0.00158100005 0.0059969998 0.0053030001
v -0.000658000004 0.00547099998 0.00572300004
v -0.00217300002 0.00829099957 0.00384799996
v 0.00187499996 0.006666 0.0457549989
v 0.0146469995 0.0278149992 0.00665900018
v 0.000136999995 0.00394400023 0.00742899999
v 0.000633999996 0.0043990002 0.00638499996
v 0.00216899998 0.00326699996 0.00714799995
v 0.0160099994 0.0129629998 0.036708001
v 0.0158750005 0.0222410001 0.00571900001
v -0.00394200021 0.00584799983 0.0471220016
v 0.0174589995 0.0246789996 0.0328750014
v 0.0188720003 0.0250220001 0.0281620007
v 0.0193339996 0.0226910003 0.0278980006
v 0.00209000008 0.00650099991 0.00358200003
v 0.00353699992 0.00384399993 0.00559900003
v -0.00521699991 0.0075790002 0.0489050001
v 0.0175379999 0.0263630003 0.0311830007
v -0.00713399984 0.00836199988 0.0497459993
v 0.0178830009 0.0270440001 0.0288149994
v 5.40000001e-05 0.00891000032 0.00237099989
v 0.0184020009 0.0223699994 0.0103679998
v 0.0179629996 0.0246900003 0.0105400002
v -0.00270200009 0.00717200013 0.0476859994
v 0.016206 0.0257380009 0.0350279994
v 0.0161489993 0.0284209996 0.0327939987
v 0.0171760004 0.0259150006 0.0094569996
v -0.00478600012 0.00816500001 0.0492740013
v 0.0160239991 0.0270099994 0.00828699954
v 0.0175790004 0.0283669997 0.0285420008
v -0.00142500002 0.00758899981 0.0475890003
v 0.00143800001 0.00768100005 0.0464560017
v -0.00134199997 0.00983500015 0.0490429997
v -0.0035300001 0.00942800008 0.0494420007
v 0.0166769996 0.0111790001 0.00990699977
v 0.0158600006 0.0320810005 0.0281419996
v 0.0166459996 0.0304010008 0.0287219994
v 0.0165260006 0.0323560014 0.0249320008
v 0.0168699995 0.00932000019 0.0122149996
v 0.0148069998 0.00728899986 0.0105330003
v 0.0156280007 0.0311220009 0.0307689998
v 0.0151610002 0.0322370008 0.029871
v 0.00138699997 0.0104379999 0.0482800007
v 0.00430400018 0.00531900022 0.00432999991
v 0.00260300003 0.00952200033 0.0471060015
v 0.00689700013 0.00740800006 0.0034380001
v 0.0063860002 0.00594699988 0.00449299999
v 0.0148 0.0305259991 0.0334010012
v 0.017616 0.0112260003 0.0121109998
v 0.0146289999 0.0338370018 0.0282540005
v 0.0182499997 0.0106950002 0.0145269996
v 0.0166359991 0.00782399997 0.0137919998
v 0.0187270008 0.0123880003 0.0137949996
v 0.00466299988 -0.00101100001 0.0338370018
v 0.00451399991 0.000414000009 0.0380290002
v 0.00605300022 -0.000203999996 0.0357789993
v 0.0182070006 0.00955700036 0.0153320003
v 0.005963 0.00382800004 0.00620799977
v 0.0079669999 0.00527099986 0.00553900003
v 0.0133260004 0.0277309995 0.0383110009
v 0.014366 0.0272969995 0.0370879993
v 0.0142780002 0.0289280005 0.0360059999
v 0.0155720003 0.0279479995 0.0342539996
v 0.00635500019 0.000665 0.037374001
v 0.00743900007 0.000442999997 0.0357960016
v 0.00461099995 0.00280599995 0.00701399986
v 0.0080289999 0.00110999995 0.0366379991
v 0.0181620009 0.0141030001 0.0106629999
v 0.00760699995 0.00167899998 0.0379900001
v 0.00731500005 0.00289399992 0.00798400026
v 0.0138090001 0.0301869996 0.0352820009
v 0.0125350002 0.0310389996 0.0369889997
v 0.00431199977 0.00152399996 0.0397239998
v 0.0102530001 0.00474199979 0.00751799997
v 0.00614400022 0.0021840001 0.0399429984
v 0.0107869999 0.00330600003 0.0103540001
v 0.00898400042 0.00118599995 0.0360790007
v 0.00874300022 0.000184000004 0.0340979993
v 0.0110520003 0.00215200009 0.035188999
v 0.0193610005 0.0153550003 0.013541
v 0.00967099983 0.00265799998 0.0373409986
v 0.00887199957 0.00279200007 0.0385750011
v 0.00751900021 0.00308699999 0.0398980007
v 0.0128690004 0.026664 0.0397539996
v 0.0181620009 0.0141030001 0.0106629999
v 0.0176199991 0.0167539995 0.00874400046
v 0.0187400002 0.0184850004 0.0104120001
v 0.0113159996 0.00354599999 0.0365730003
v 0.0102479998 0.00401300006 0.0384039991
v 0.00957399979 0.00675499998 0.00492799981
v 0.013816 0.0326920003 0.0324640013
v 0.0133389998 0.00465800008 0.0353769995
v 0.0169789996 0.0178720001 0.00695999991
v 0.0130939996 0.0322239995 0.0343649983
v 0.0112199998 0.00605600001 0.0391889997
v 0.0133600002 0.00633300003 0.0367529988
v 0.0132750003 0.034589 0.0306109991
v 0.00982300006 0.00402599992 0.0387660004
v 0.0195330009 0.0186739992 0.0127299996
v 0.00923599955 0.00479899999 0.0402330011
v 0.0100349998 0.00657400023 0.0408839993
v 0.0124639999 0.00572500005 0.00886499975
v 0.0121290004 0.00632600021 0.00793599989
v 0.00352200004 0.00189700001 0.0408210009
v 0.00737599982 0.0310459994 0.00224200008
v 0.00383200007 0.00311199995 0.0422100015
v 0.00568599999 0.00424200017 0.042493999
v 0.01229 0.0199549999 0.042661
v 0.00775700016 0.00439700019 0.0412219986
v 0.0113859996 0.0183470007 0.0434390008
v 0.00957900006 0.00172099995 0.0120390002
v 0.00331400009 0.00399200013 0.0432850011
v 0.00544600002 0.0061110002 0.0439959988
v 0.00738100009 0.0335029997 0.0037479999
v 0.0115 0.0215489995 0.0430519991
v 0.00947999954 0.0190539993 0.0449919999
v 0.0127189998 0.00431700004 0.0112469997
v 0.00630099978 0.0352040008 0.00422899984
v 0.00885900017 0.02991 0.0025549999
v 0.0101880003 0.0224149991 0.0440890007
v 0.0114759998 0.0232319999 0.0428379998
v 0.0103580002 0.0309309997 0.00414500013
v 0.0104390001 0.0245859995 0.0432830006
v 0.0128370002 0.0242100004 0.0410199985
v 0.012267 0.0249680001 0.0412440002
v 0.0113589996 0.0294509996 0.00401500007
v 0.011163 0.0259499997 0.0421489999
v 0.0110940002 0.00829899963 0.0409299992
v 0.013549 0.00358400005 0.0141510004
v 0.0142620001 0.00523599982 0.0126149999
v 0.0105990004 0.0272489991 0.0419379994
v 0.0110320002 0.0279660001 0.040959999
v 0.00746699981 0.00658399984 0.0431879982
v 0.00960099977 0.0316700004 0.00392299984
v 0.00912600011 0.0335749984 0.00487199984
v 0.00969300047 0.00940799993 0.0428240001
v 0.0132640004 0.0292629991 0.00589600019
v 0.0150669999 0.00563299982 0.0337430015
v 0.0152310003 0.00661200006 0.0341389999
v 0.0151969995 0.00782200042 0.0352930017
v 0.0128110005 0.0313059986 0.007125
v 0.013998 0.00290199998 0.0171329994
v 0.0151779996 0.0037430001 0.0181990005
v 0.0131550003 0.00900899991 0.0389389992
v 0.0145330001 0.0101730004 0.0376739986
v 0.0154839996 0.0106929997 0.0364539996
v 0.0125709996 0.00755599979 0.0387279987
v 0.012964 0.007278 0.0377909988
v 0.00864499994 0.0214079991 0.0454379991
v 0.00858100038 0.0181200001 0.0457659997
v 0.0168399997 0.0281659998 0.0108580003
v 0.0147810001 0.0116490005 0.0382319987
v 0.00874600001 0.0238320008 0.0449669994
v 0.0166890007 0.00629300019 0.0162429996
v 0.0184250008 0.0249579996 0.0120869996
v 0.0176669993 0.028554 0.0137780001
v 0.0113740005 0.00979600009 0.0414839983
v 0.0131299999 0.0115449997 0.0403099991
v 0.0190290008 0.0105879996 0.0171799995
v 0.0195819996 0.012511 0.016725
v 0.00732700014 0.0238000005 0.0459100008
v 0.0195819996 0.012511 0.016725
v 0.0182499997 0.0106950002 0.0145269996
v 0.0187270008 0.0123880003 0.0137949996
v 0.0098679997 0.0110069998 0.0433260016
v -0.0113249999 -0.007766 0.0199050009
v 0.0190290008 0.0105879996 0.0171799995
v 0.0199219994 0.0122689996 0.0191709995
v 0.0187529996 0.00911400001 0.0179830007
v 0.00907399971 0.0258840006 0.0440820009
v -0.00874600001 -0.0076009999 0.0197989997
v 0.0117070004 0.0128220003 0.0423280001
v 0.0199900009 0.0161419995 0.0149959996
v 0.0133149996 0.0141439997 0.0409660004
v 0.0152000003 0.0125979995 0.0376649983
v 0.0203699991 0.0146730002 0.0182540007
v 0.00663099997 0.0255580004 0.0459979996
v -0.00656499993 -0.00674600014 0.0174969994
v 0.0204579998 0.0165839996 0.017399
v 0.0204380006 0.0194710009 0.0164020006
v 0.00603199983 0.0269879997 0.0457240008
v 0.00581400003 0.0285429992 0.0453319997
v 0.0196640007 0.0105219996 0.0227710009
v 0.0196599998 0.0106880004 0.0206959993
v 0.0204390008 0.0140450001 0.0229889993
v 0.0199430007 0.0125700003 0.0260749999
v 0.0161620006 0.00837200042 0.0341150016
v 0.0165059995 0.010369 0.0346430019
v 0.0208000001 0.0178260002 0.0199469998
v 0.0161789991 0.0109510003 0.0357480012
v -0.00301100011 -0.00544100022 0.0173330009
v -0.00137199997 -0.00395399984 0.015842
v 0.0180840008 0.0114470003 0.0321170017
v 0.0126799997 0.0290520005 0.038451001
v 0.0113209998 0.0314810015 0.0378829986
v 0.0205329992 0.0161809996 0.0251749996
v 0.0193610005 0.0153550003 0.013541
v -0.00354499999 -0.00606000004 0.0186330006
v 0.0112720001 0.0290750004 0.0401960015
v 0.00883699954 0.0296379998 0.0422520004
v -0.00381399994 -0.0065080002 0.0207390003
v 0.0196690001 0.0219129995 0.0139049999
v 0.0041720001 0.00660499977 0.0447399989
v -0.0104099996 -0.00797300041 0.0230459999
v 0.00569899986 0.00801299978 0.0449599996
v 0.00777499983 0.00906299986 0.0442779996
v -0.00582499988 -0.00730699999 0.0219439995
v -0.00777200004 -0.00784000009 0.0239499994
v 0.00305199996 0.00841499958 0.0461460017
v 0.00565400021 0.00911800005 0.045460999
v 0.0191329997 0.0244009998 0.0139119998
v -2.49999994e-05 -0.0041720001 0.0200859997
v 0.0198270008 0.0237199999 0.0162710007
v 0.00420199987 0.00960600004 0.0464130007
v -0.00168700004 -0.00531500019 0.0197739992
v -0.000103999999 -0.00441200007 0.0217749998
v -0.00233800011 -0.00601200014 0.0227359999
v 0.00777200004 0.0106079997 0.0447969995
v 0.00786700007 0.0416220017 0.0231570005
v 0.00666800002 0.0416769981 0.0274940003
v 0.00902799983 0.0402080007 0.0265679993
v 0.00499500008 0.0434059985 0.0230010003
v 0.00578599982 0.0431040004 0.0201420002
v 0.00420900015 0.0439479984 0.0190280005
v 0.00459499983 0.0431829989 0.0261129998
v 0.00596099999 0.0426479988 0.0252650008
v 0.0204360001 0.0212750006 0.0172010008
v 0.0203690007 0.0223440006 0.0188870002
v -0.000786999997 0.0453400016 0.0268770009
v 0.00109300006 0.0449299999 0.0263030007
v 0.000118999997 0.0458270013 0.0229850002
v -0.0115940003 -0.00781700015 0.0268580001
v -0.0134490002 -0.00705099991 0.0302729998
v -0.000384999992 0.044656001 0.0291559994
v 0.00311099994 0.0118690003 0.048055999
v 0.00529199978 0.0117969997 0.0467820019
v 0.0187020004 0.0273850001 0.0162150003
v 0.00109999999 0.0129939998 0.0497380011
v -0.0122130001 -0.00787200034 0.0245719999
v 0.00313799991 0.0434090011 0.0285950005
v 0.00372499996 0.043951001 0.0256280005
v 0.00680099986 0.0130829997 0.046188999
v -0.00648800004 -0.00768799987 0.0255910009
v -0.0100980001 -0.00801900029 0.0251320004
v 0.00557899987 0.0422450006 0.027578
v 0.0203169994 0.0177299995 0.0253330003
v 0.0207690001 0.0181809999 0.0219100006
v 0.00799200032 0.0123579996 0.0452760011
v 0.0080289999 0.0143339997 0.0458480008
v 0.00240999996 0.0448979996 0.0223650001
v -0.00911999959 -0.00780100003 0.0284509994
v 0.0197999999 0.0161940008 0.0285899993
v 0.0193559993 0.0166829992 0.0307950005
v 0.0198110007 0.0189369991 0.0286250003
v 0.0042369999 0.0427180007 0.0293359999
v 0.0061900001 0.0413159989 0.0295119993
v 0.00952100009 0.013878 0.0445710011
v -0.00921699964 -0.00717600016 0.0311099999
v 0.0121719996 0.0379110016 0.0250780005
v 0.0138569996 0.0352809988 0.0275110006
v 0.0135779995 0.0364940017 0.0245919991
v -0.00695300009 -0.00705800019 0.0307299998
v -0.00639599981 -0.00762599986 0.0274480004
v 0.0154600004 0.0339660011 0.0254849996
v 0.0142820003 0.0357719995 0.0220609996
v 0.0196669996 0.0108599998 0.0244410001
v 0.0194940008 0.0127109997 0.0282220002
v 0.0188880004 0.00912399963 0.0263870005
v 0.0110569997 0.016175 0.0436829999
v 0.0125050005 0.0363660008 0.0289030001
v 0.0107340002 0.0382140018 0.0285059996
v 0.0199410003 0.0143590001 0.0278890003
v 0.0113749998 0.0370809995 0.0298890006
v 0.0187449995 0.0113239996 0.0301709995
v 0.00838600006 0.0161320008 0.0456359982
v 0.0105900001 0.0390399992 0.0261480007
v 0.012778 0.0376380011 0.0223469995
v -0.00353499991 -0.00636899984 0.0302879997
v -0.00218000007 -0.00605300022 0.0276939999
v -0.00223500002 -0.005382 0.0318109989
v -0.00498700002 -0.00677900016 0.0303659998
v 0.00825599954 0.0400439985 0.0292269997
v 0.0097810002 0.0384470001 0.0303489994
v 0.00691 0.0165420007 0.0469829999
v 0.00582800014 0.0160600003 0.0477599986
v 0.00645799981 0.0402069986 0.0321270004
v 0.00848000031 0.0385540016 0.0323790014
v 0.0187640004 0.0283119995 0.0204680003
v 0.0188870002 0.0275740009 0.0210020002
v 0.0180220008 0.0298599992 0.0206499994
v 0.000398000004 0.0146960001 0.0505260006
v -0.000350999995 -0.00435000006 0.0315390006
v -3.70000016e-05 -0.00462900009 0.0295650009
v 0.000615000026 -0.003731 0.0309960004
v 0.0100910002 0.036940001 0.0325520001
v 0.0199759994 0.0207230002 0.0254529994
v 0.0111760003 0.0362880006 0.0315620005
v 0.0199609995 0.0236779992 0.0229429994
v 0.0192460008 0.0259969998 0.02403
v 0.0189709999 0.0259620007 0.0262579992
v 0.00188300002 -0.00225299993 0.0295090005
v 0.00123699999 -0.00198199996 0.0331769995
v 0.0180970002 0.0289709996 0.0252720006
v 0.0090859998 0.037374001 0.0339189991
v 0.000333000004 -0.00218200008 0.0151300002
v 0.000415999995 -0.00303400005 0.0176539999
v -0.00144000002 0.0439869985 0.0315620005
v -0.00526499981 0.0438099988 0.0339850001
v -0.016237 0.0109270001 0.0484169982
v 0.00181000005 -0.00179500005 0.0198330004
v 0.00147200003 -0.000998000032 0.0163289998
v 0.00197100011 -0.000776999979 0.0165940002
v 0.00273200008 -0.000820000016 0.0173289999
v 0.00409100018 0.0415429994 0.0323240012
v 0.00169299997 0.0433750004 0.0308369994
v -0.0146040004 0.00969600026 0.048661001
v 0.00298000011 -0.00145600003 0.0199740008
v 0.00437900005 -0.00128099998 0.0177430008
v 0.00563400006 -0.00183199998 0.0202929992
v 0.00420799991 -0.00172299996 0.0203029998
v -0.0150640002 0.0121879997 0.0496390015
v -0.0141850002 0.0115440004 0.0496900007
v 0.00902299955 0.0354719982 0.00656000013
v -0.000891999982 0.0436239988 0.0323130004
v 0.00188999996 0.041956 0.0337960012
v 0.00242000003 -0.000121999998 0.0152960001
v 0.00667099981 0.0370160006 0.00612299982
v -0.00137700001 0.0430350006 0.0338810012
v 0 0.0421070009 0.0349459983
v 0.000975999981 0.0415019989 0.0351479985
v 0.00221100007 0.0409969985 0.0353090018
v 0.00701100007 -0.000914999982 0.0169939995
v 0.00587200001 0.0389089994 0.00779200019
v 0.00801900029 0.0376029983 0.00803599972
v -0.0131799998 0.00966400001 0.0493009984
v -0.0113439998 0.00890299957 0.0495340005
v 0.0108810002 0.0330200009 0.00625699991
v -0.009846 0.00661600009 0.0483129993
v 0.000796000008 0.0439799987 0.0296299998
v -0.00992599968 0.00818299968 0.0493910015
v 0.0103740003 0.0358670019 0.0087360004
v 0.0113260001 0.0337839983 0.0075480002
v 0.00776199996 -0.00148600002 0.0198870003
v 0.00981600024 -0.000433999987 0.0193240009
v -0.00850799959 0.00967099983 0.0505019985
v 0.005626 -0.00190000003 0.0214600004
v -0.0122069996 0.0123140002 0.0509140007
v 0.00227100006 -0.00222699996 0.0286320001
v 0.00326799997 -0.00182100001 0.0298430007
v 0.0044069998 -0.00188700005 0.0303770006
v -0.00222899998 0.0428580008 0.034736
v -0.0102260001 0.0115689998 0.0512039997
v 0.0121499998 0.00107500004 0.0180769991
v -0.00222899998 0.0428580008 0.034736
v 0.00768399984 0.0397710018 0.0108650001
v -0.0144440001 0.0141850002 0.0505519994
v 0.00963499956 0.0375940017 0.0102380002
v 0.0116560003 0.035546001 0.0102669997
v -0.00185799995 0.0423210002 0.0353059992
v 0.0124310004 0.000605000008 0.0209509991
v 0.00815299992 -0.00153400004 0.0216559991
v -0.00185799995 0.0423210002 0.0353059992
v 0.0105659999 0.0378030017 0.0115729999
v -0.0157820005 0.0184579995 0.0508100018
v -0.013882 0.0163209997 0.0513149984
v 0.0127269998 0.000829999975 0.0273230001
v 0.0108080003 -0.000482000003 0.0259700008
v 0.0129840001 0.000661999977 0.023612
v -0.0129650002 0.0185860004 0.0518679991
v 0.0154900001 0.0292939991 0.00927000027
v -0.0116830003 0.0143029997 0.0516650006
v 0.0138769997 0.00190000003 0.02073
v -0.00870999973 0.0131029999 0.0519950017
v 0.0125709996 0.0321689993 0.00780100003
v -0.0118829999 0.0162959993 0.0520519987
v 0.00820299983 0.0380339995 0.0337839983
v 0.0157200005 0.0309880003 0.0116649996
v 0.0137919998 0.0323430002 0.0097190002
v 0.0132999998 0.0348780006 0.0123389997
v -0.00992599968 0.00818299968 0.0493910015
v 0.00569699984 0.0396599993 0.0339769982
v -0.00850799959 0.00967099983 0.0505019985
v 0.0170120001 0.00589499995 0.0186160002
v -0.0070059998 0.00986200012 0.0505850017
v 0.0187529996 0.00911400001 0.0179830007
v -0.00417099986 0.0107310005 0.0505460016
v 0.0158070009 0.00341999996 0.0234769993
v 0.0155149996 0.0034419999 0.0210500006
v -0.00613899995 0.0109200003 0.0510779992
v -0.0102260001 0.0115689998 0.0512039997
v -0.00870999973 0.0131029999 0.0519950017
v 0.0148910005 0.0328919999 0.0127299996
v 0.0183099993 0.00827400014 0.0276100002
v 0.0178989992 0.00665799994 0.0243360009
v 0.0185150001 0.00794100016 0.0222709998
v 0.0102939997 -0.000500000024 0.0288590007
v 0.00786300004 -0.001636 0.0285080001
v 0.00910800043 -0.00128099998 0.026393
v -0.00563400006 0.0129420003 0.0517849997
v 0.0168110002 0.0306419991 0.014312
v 0.00832800008 -0.000768999977 0.0315029994
v -0.00344699994 0.0134760002 0.0515139997
v 0.00677999994 -0.00111099996 0.0328009985
v -0.00678899977 0.0149560003 0.0524829999
v 0.0107399998 0.000572999998 0.0323019996
v -0.0131059997 0.0284010004 0.0495299995
v 0.0143980002 0.0348539986 0.0152009996
v 0.0120740002 0.000673000002 0.029073
v -0.0116659999 0.0298900008 0.0489559993
v -0.00233400008 0.0149189997 0.0515390001
v -0.0112220002 0.0271860007 0.050528001
v -0.00800599996 0.0288580004 0.0500890017
v -0.0021879999 0.0116980001 0.0504329987
v 0.0115139997 0.000499000016 0.0304540005
v 0.0167689994 0.0316350013 0.0168670006
v 0.0139659997 0.00146399997 0.0248659998
v 0.0142219998 0.00210299995 0.0282170009
v 0.0139589999 0.00230100006 0.0295240004
v -0.0112300003 0.0318760015 0.0475360006
v -0.00856900029 0.0308810007 0.0487499982
v 0.0142390002 0.00299299997 0.0313850008
v -0.0098059997 0.0269319993 0.0509039983
v -0.00585500011 0.0273470003 0.0507670008
v 0.0125439996 0.0371229984 0.0148940003
v -0.00786999986 0.0258620009 0.0514339991
v -0.00387999997 0.0290820003 0.0495389998
v -0.00482199993 0.0263730008 0.0510060005
v 0.00995500013 0.0390839987 0.0133739999
v -0.00944199972 0.0163049996 0.0524850003
v 0.00461200019 0.0425739996 0.0131400004
v -0.0057359999 0.0302889999 0.0491390005
v -0.00678899977 0.0149560003 0.0524829999
v -0.00930299982 0.0325759985 0.0473649986
v 0.00856100023 0.0406210013 0.0143750003
v -0.0137590002 0.0217349995 0.0515489988
v 0.00751599995 0.0413950011 0.0146669997
v -0.00949100032 0.0350299999 0.0454449989
v 0.0118810004 0.00182699994 0.0335009992
v -0.0117910001 0.0201529991 0.0522559993
v 0.0112619996 0.0385919996 0.0152500002
v 0.0142390002 0.00299299997 0.0313850008
v -0.00662800018 0.0326559991 0.0475080013
v -0.00809700042 0.0344350003 0.0460919999
v 0.0134199997 0.00314499997 0.0333959982
v 0.00621799985 0.0425130017 0.0161729995
v -0.0117509998 0.0226889998 0.0519060008
v -0.0128119998 0.0250070002 0.0510989986
v -0.00644600019 0.0314369984 0.0482699983
v -0.00934199989 0.0202019997 0.0526130013
v 0.0159380008 0.00380799989 0.0253999997
v -0.00456599984 0.031888999 0.0477899984
v 0.0161860008 0.00527400011 0.0301300008
v -0.00637800014 0.0356109999 0.0449980013
v -0.00341799995 0.0337070003 0.0461210012
v -0.00947100017 0.0219509993 0.0524999984
v -0.011167 0.0240189992 0.0516569987
v 0.0173669998 0.00623500021 0.0274020005
v -0.00253900001 0.0313020013 0.0477030016
v -0.0138689997 0.02709 0.049984999
v 0.00500100013 0.0234229993 0.0477119982
v 0.00273699989 0.0244050007 0.0490470007
v 0.0173540004 0.00712799979 0.0289110001
v 0.0161860008 0.00527400011 0.0301300008
v 0.0126090003 0.0377999991 0.018344
v 0.0153430002 0.0339840017 0.0173589997
v 0.00512700016 0.024712 0.0473389998
v 0.0137050003 0.0364720002 0.0202079993
v 0.0152139999 0.0344710015 0.0214629993
v 0.00182600005 0.0272649992 0.0483449996
v 0.00398099981 0.0268770009 0.0472900011
v -0.000658000004 0.0252500009 0.0504029989
v 0.0178410001 0.008347 0.0298350006
v 0.0111069996 0.0395280011 0.0206899997
v 0.000476999994 0.0265660007 0.0494089983
v 0.00998200011 0.0402950011 0.0179340001
v -0.00946300011 0.0244520009 0.0518440008
v 0.0167929996 0.00743199978 0.0319509991
v 0.00101999997 0.0288689993 0.0479619987
v 0.000548999989 0.0308849998 0.0468400009
v 0.00313300011 0.0311229993 0.0454469994
v 0.000881000014 0.0327619985 0.0453759991
v -0.00111700001 0.0313390009 0.0471629985
v 0.00101999997 0.0288689993 0.0479619987
v 0.0174620003 0.00966200046 0.0321619995
v 0.00215200009 0.0448479988 0.0180760007
v -0.00206699991 0.0335399993 0.0458980016
v 0.0031630001 0.0293140002 0.0465379991
v -0.0314249992 0.00567700015 0.0258109998
v -0.0198059995 -0.00404699985 0.0326270014
v -0.0186730009 -0.00491499994 0.031645
v -0.0177219994 -0.00434499979 0.0343240015
v 0.0031630001 0.0293140002 0.0465379991
v 0.00309800007 0.0285110008 0.0469769984
v 0.00313300011 0.0311229993 0.0454469994
v -0.0263149999 -0.000538999971 0.0289530009
v -0.0249719992 -0.000890999974 0.0314959995
v -0.0269370005 0.00104500004 0.0307439994
v -0.0287490003 0.00273200008 0.0293049999
v -0.0277299993 0.00304599991 0.0322640017
v -0.0177280009 0.0219759997 9.00000032e-06
v 0.000476999994 0.0265660007 0.0494089983
v -0.000658000004 0.0252500009 0.0504029989
v -0.00132599997 0.0279849991 0.0495110005
v -0.0162959993 0.0186260007 7.6999997e-05
v -0.0146540003 0.0194160007 0.000705000013
v -0.016051 0.0221970007 0.000444000005
v -0.0297890007 0.00479400018 0.0299869999
v -0.0110719996 0.0158169996 0.00123299996
v -0.0123760002 0.0186279994 0.00180700002
v -0.00922099967 0.0161879994 0.00262099993
v -0.0309820008 0.00684900023 0.0299730003
v -0.0144020002 0.0208020005 0.00103699998
v -0.012906 0.0203900002 0.00167799997
v -0.0123760002 0.0186279994 0.00180700002
v -0.0144020002 0.0208020005 0.00103699998
v -0.0118190004 0.0194760002 0.002538
v -0.0110579999 0.0187919997 0.00293399999
v -0.0118190004 0.0194760002 0.002538
v -0.0252650008 8.39999993e-05 0.0329779983
v -0.0263870005 0.00179799995 0.0333160013
v -0.011558 0.0200679991 0.00264100009
v -0.0104989996 0.0195289999 0.00189900002
v -0.0110719996 0.0192990005 0.00274999999
v -0.0123509998 0.0212529991 0.00272800005
v -0.0110579999 0.0187919997 0.00293399999
v -0.00498299999 0.0360889994 0.0444389991
v -0.00748000015 0.0370419994 0.0438879989
v -0.0176100004 0.0267319996 0.000197999994
v -0.0160169993 0.0249060001 0.000254000013
v -0.0281470008 0.00418099994 0.0332529992
v -0.00514899986 0.0377489999 0.0428409986
v -0.0140819997 0.0224900004 0.00136700005
v -0.016051 0.0221970007 0.000444000005
v -0.00449599978 0.0391429998 0.0412059985
v -0.0160169993 0.0249060001 0.000254000013
v -0.00300500006 0.0375120007 0.042679999
v -0.001193 0.0361730009 0.0434890017
v -0.00152399996 0.0383570008 0.0411400013
v -0.00392899988 0.0349269994 0.0450790003
v -0.0132950004 0.0217799991 0.00212599989
v -0.0303039998 0.00754699996 0.0325240009
v -0.029267 0.00495899981 0.0317060016
v -0.0108810002 0.0212399997 0.001544
v -0.00997900032 0.0200909991 0.00140499999
v -0.0117610004 0.0210909992 0.00289799995
v -0.00985100027 0.022806 0.00171900005
v -0.00907899998 0.0223810002 0.00132100005
v -0.010671 0.0224130005 0.00197699992
v -0.00681299996 0.040169999 0.040093001
v -0.00541900005 0.014769 0.00299399998
v -0.00558600016 0.0402459987 0.0401340015
v -0.00395500008 0.0155159999 0.00152599998
v -0.00529900007 0.0395880006 0.0407489985
v -0.0288059991 0.00619899994 0.0343570001
v -0.00306800008 0.0183230005 0.00106100005
v -0.0240710005 -0.001789 0.0307149999
v -0.0219819993 -0.00323199993 0.0314689986
v -0.000875000027 0.0178479999 0.000239999994
v -0.000832999998 0.0217220001 0.000232999999
v -0.00306800008 0.0183230005 0.00106100005
v -0.00335299992 0.0218339991 0.00130700006
v -0.0228540003 -0.00196100003 0.0327819996
v -0.0215860009 -0.00196700008 0.0345060006
v 5.99999985e-05 0.038098 0.0408889987
v -0.0202879999 -0.00309000001 0.0339509994
v -0.0091690002 0.0170070007 0.00352200004
v -0.00750799989 0.0161860008 0.00352700008
v -0.00686000008 0.0166040007 0.003914
v -0.00887000002 0.0185039993 0.0020930001
v -0.00976699963 0.0182809997 0.00341999996
v -0.00856199954 0.0172589999 0.00417299988
v -0.00976699963 0.0182809997 0.00341999996
v -0.0238659997 -0.000410000008 0.0341480002
v -0.0249150004 0.00107400003 0.0345610008
v -0.00885799993 0.0181569997 0.00373900007
v -0.00885799993 0.0181569997 0.00373900007
v -0.00687899999 0.0180149991 0.00452800002
v -0.00718499999 0.0184979998 0.0044069998
v -0.00623500021 0.0193479992 0.0032540001
v -0.0218630005 -0.00104400003 0.0358650014
v -0.00606499985 0.0172879994 0.00316899992
v -0.0238639992 0.000712000008 0.0357620008
v -0.00530900015 0.0172279999 0.00269200001
v -0.0041939998 0.0189379994 0.00173999998
v -0.00597100006 0.0185770001 0.00358100003
v -0.00778899994 0.0193760004 0.00150500005
v 0.00285800011 0.032802999 0.0445160009
v -0.00768500008 0.0220630001 0.00130899996
v -0.00632400019 0.0207400005 0.00170200004
v -0.00661099982 0.0221059993 0.00173599995
v -0.0208410006 -0.00176500005 0.0353569984
v -0.00848199986 0.0232679993 0.00180600001
v 0.00285800011 0.032802999 0.0445160009
v 0.00174900005 0.0347630009 0.0434990004
v -0.00737100001 0.0239720009 0.00299499999
v -0.00572999986 0.0215050001 0.00291100005
v -0.00574100018 0.0204240009 0.00290399999
v -0.0211149994 -0.000792999985 0.0370629989
v -0.00608200021 0.0226269998 0.00276799989
v -0.0057140002 0.0230790004 0.00263900007
v 0.00174900005 0.0347630009 0.0434990004
v -0.00696199993 0.0234190002 0.00307999994
v -0.00530900015 0.0172279999 0.00269200001
v -0.00597100006 0.0185770001 0.00358100003
v -0.0041939998 0.0189379994 0.00173999998
v 0.00111499999 0.0359279998 0.0426059999
v -0.0295739993 0.0085479999 0.0350599997
v -0.00523700006 0.0209180005 0.00288500008
v -0.0054560001 0.019808 0.00295799994
v -0.00461600022 0.0233750008 0.00167200004
v -0.00856599957 0.0268639997 0.00131299999
v -0.00657200022 0.0264340006 0.00128500001
v -0.00456199981 0.0255670007 0.00105800002
v 0.0173669998 0.00623500021 0.0274020005
v 0.00932700001 0.0409110002 0.0195199996
v 0.0172460005 0.0312549993 0.0189069994
v 0.0154139996 0.0340860002 0.0190459993
v -0.0315049998 0.0338280015 0.0197810009
v -0.0302579999 0.0356040001 0.0200980008
v -0.0318869986 0.0335530005 0.0222999994
v 0.0106560001 0.039512001 0.0237310007
v -0.00740099978 0.0187480003 0.00201499998
v -0.0300019998 0.0357340015 0.0237419996
v -0.029174 0.0368730016 0.0231570005
v -0.00799699966 0.0178999994 0.00459800009
v -0.00799699966 0.0178999994 0.00459800009
v -0.00687899999 0.0180149991 0.00452800002
v -0.00718499999 0.0184979998 0.0044069998
v -0.00641599996 0.0195950009 0.00198399997
v 0.0171739999 0.0311360005 0.0221459996
v -0.0278910007 0.038412001 0.0225269999
v -0.0245399997 0.0412559994 0.0200229995
v -0.0167149995 -0.00716299983 0.0225559995
v -0.0346359983 0.0118260002 0.0183329992
v -0.0355780013 0.01461 0.0191019997
v -0.0236520004 -0.00393800018 0.020606
v -0.036398001 0.0188069995 0.0223089997
v -0.0232619997 -0.00423800014 0.0231759995
v -0.0363610014 0.0206889994 0.0212140009
v -0.0361149982 0.0233379994 0.0203230008
v -0.0205170009 -0.00579100009 0.0221190006
v -0.0114209997 0.0466450006 0.0222270004
v -0.00771099981 0.0468950011 0.0225680005
v -0.0114209997 0.0466450006 0.0222270004
v -0.0102819996 0.0463269986 0.0253979992
v -0.00896499958 0.0466200002 0.0247600004
v -0.00896499958 0.0466200002 0.0247600004
v -0.00260500005 0.000931999995 0.00631099986
v 0.0161210001 0.0190409999 0.0054080002
v 0.0161210001 0.0190409999 0.0054080002
v 0.0199219994 0.0122689996 0.0191709995
v 0.0185519997 0.00814799964 0.0196480006
v 0.0196599998 0.0106880004 0.0206959993
v 0.0205479991 0.021156 0.0217860006
v 0.0194639992 0.0258460008 0.0196250007
v -0.00391899981 -0.00689199986 0.0249780007
v -0.00104700006 -0.00557000004 0.0254679993
v 0.00071599998 -0.00375199993 0.0227390006
v 0.000468999991 -0.00443999982 0.0262930002
v 0.00147000002 -0.00294600008 0.0248189997
v -0.00474900007 -0.00707300007 0.0278329998
v 0.00142300001 -0.00306400005 0.0268140007
v 0.000670999987 -0.00430299994 0.0278249998
v 0.001513 -0.00230999989 0.0216329992
v 0.00225699996 -0.00185300002 0.0223609991
v 0.00297100004 -0.00195199996 0.0244529992
v 0.00434400002 -0.00205300003 0.0248809997
v 0.00601600017 -0.00216299994 0.0230439994
v 0.00267899991 -0.00209799991 0.0250220001
v 0.00652900012 -0.00216599996 0.0247729998
v 0.0054250001 -0.00216099992 0.0275929999
v 0.0107159996 -0.000671999995 0.0240320005
v 0.0165119991 0.00455400022 0.0219199993
v 0.0185150001 0.00794100016 0.0222709998
v 0.0178989992 0.00665799994 0.0243360009
vt 0.0346199982 0.412910998
vt 0.0194199998 0.413349003
vt 0.0234019998 0.418271989
vt 0.204714 0.122642003
vt 0.196483999 0.105453998
vt 0.188495994 0.109745003
vt 0.105555996 0.759041011
vt 0.107249998 0.771360993
vt 0.117178999 0.758525014
vt 0.238248006 0.646196008
vt 0.247353002 0.637793005
vt 0.224285007 0.632514
vt 0.232048005 0.625624001
vt 0.0357180014 0.425989002
vt 0.0494429991 0.413601995
vt 0.184527993 0.0929090008
vt 0.172907993 0.103180997
vt 0.108521998 0.719808996
vt 0.102150001 0.730325997
vt 0.118692003 0.729140997
vt 0.0953089967 0.720157027
vt 0.176156998 0.117781997
vt 0.188054994 0.121963002
vt 0.0487879999 0.395709991
vt 0.0368329994 0.401767999
vt 0.0462329984 0.406886011
vt 0.246140003 0.618242025
vt 0.230588004 0.615791976
vt 0.0300960001 0.390902013
vt 0.0381550007 0.389355004
vt 0.237131 0.609779
vt 0.087816 0.723731995
vt 0.0894199982 0.71696502
vt 0.252371997 0.626865029
vt 0.211695999 0.145319998
vt 0.230616003 0.145350993
vt 0.0962689966 0.74080199
vt 0.0689660013 0.704558015
vt 0.0616119988 0.717091978
vt 0.0799610019 0.708462
vt 0.0229439996 0.401555002
vt 0.215786994 0.123372003
vt 0.0830029994 0.716261029
vt 0.0745470002 0.717245996
vt 0.225573003 0.617305994
vt 0.07271 0.727317989
vt 0.068976 0.716157973
vt 0.248756006 0.605732977
vt 0.244287997 0.596749008
vt 0.0250509996 0.848079026
vt 0.0176320001 0.838828981
vt 0.0101260003 0.860973001
vt 0.0106570004 0.851342976
vt 0.233174995 0.596539021
vt 0.242919996 0.589432001
vt 0.214569002 0.611196995
vt 0.226333007 0.604089022
vt 0.0744670033 0.744710982
vt 0.0202280004 0.446440011
vt 0.0212709997 0.432648003
vt 0.00991399959 0.438571006
vt 0.0612730011 0.731837988
vt 0.217815995 0.596104026
vt 0.227620006 0.590930998
vt 0.105548002 0.738506019
vt 0.00818299968 0.421169013
vt 0.178249002 0.134810001
vt 0.197996005 0.140322
vt 0.0196320005 0.869837999
vt 0.0229419991 0.86026597
vt 0.0108719999 0.879257977
vt 0.108383998 0.743982017
vt 0.112875998 0.748862028
vt 0.260816008 0.674417973
vt 0.263469011 0.682097971
vt 0.279790998 0.683879018
vt 0.266716003 0.690020025
vt 0.0841630027 0.740059972
vt 0.177420005 0.148714006
vt 0.0225050002 0.879004002
vt 0.291078001 0.675773025
vt 0.27513501 0.67218101
vt 0.295666009 0.686910987
vt 0.190436006 0.153308004
vt 0.30803901 0.690678
vt 0.295773 0.666198015
vt 0.0606350005 0.743429005
vt 0.0874790028 0.756515026
vt 0.0957200006 0.753329992
vt 0.290731013 0.698915005
vt 0.00731700007 0.40843299
vt 0.0136529999 0.892925024
vt 0.0278830007 0.888258994
vt 0.0233139992 0.911203027
vt 0.0929780006 0.767477989
vt 0.327163011 0.728098989
vt 0.318821013 0.728890002
vt 0.334601998 0.734802008
vt 0.0176490005 0.908390999
vt 0.302735001 0.707939029
vt 0.322852999 0.748485029
vt 0.311502993 0.743794024
vt 0.0333000012 0.881501973
vt 0.305139989 0.744494021
vt 0.333348989 0.746923983
vt 0.0814260021 0.772469997
vt 0.0751679987 0.763212979
vt 0.310950994 0.717140019
vt 0.327751994 0.719051003
vt 0.0135770002 0.397823006
vt 0.32831201 0.705025017
vt 0.344509989 0.724583983
vt 0.0604839996 0.749740005
vt 0.319433004 0.685113013
vt 0.333516002 0.693186998
vt 0.0569959991 0.423000991
vt 0.0615289994 0.419891
vt 0.067400001 0.760030985
vt 0.285075992 0.646763027
vt 0.273611993 0.642745972
vt 0.272603989 0.652432024
vt 0.283939004 0.633687973
vt 0.348004013 0.738843024
vt 0.326270998 0.767509997
vt 0.0542289987 0.403724015
vt 0.276228994 0.624832988
vt 0.265359014 0.635877013
vt 0.0661009997 0.770762026
vt 0.0535699986 0.759241998
vt 0.337857008 0.770401001
vt 0.348004013 0.755071998
vt 0.0603410006 0.390556991
vt 0.357039005 0.71796602
vt 0.341596991 0.706889987
vt 0.0501050018 0.379667997
vt 0.295345992 0.637282014
vt 0.356552005 0.728496015
vt 0.247888997 0.80568099
vt 0.26809299 0.812698007
vt 0.254909992 0.798087001
vt 0.358072013 0.733745992
vt 0.253886014 0.825300992
vt 0.257328987 0.654748023
vt 0.268916994 0.659985006
vt 0.238218993 0.657104015
vt 0.244599998 0.661143005
vt 0.182790995 0.741477013
vt 0.192434996 0.733249009
vt 0.178629994 0.732729971
vt 0.234019995 0.813760996
vt 0.237643003 0.801860988
vt 0.1787 0.0350250006
vt 0.184526995 0.0444150008
vt 0.187810004 0.0359480008
vt 0.253385991 0.660719991
vt 0.172571003 0.749737978
vt 0.193083003 0.748686016
vt 0.168500006 0.729804993
vt 0.149985999 0.0351920016
vt 0.170772001 0.0347700007
vt 0.164515004 0.024247
vt 0.278524011 0.852541029
vt 0.278239012 0.827216029
vt 0.272248 0.83762902
vt 0.146448001 0.0259470008
vt 0.257829994 0.645977974
vt 0.261905015 0.84899801
vt 0.201453 0.761793971
vt 0.205234006 0.75406301
vt 0.187408999 0.761397004
vt 0.311396003 0.765694976
vt 0.164392993 0.751434982
vt 0.157832995 0.742568016
vt 0.296204001 0.767529011
vt 0.29389599 0.754206002
vt 0.284451008 0.868512988
vt 0.292160004 0.842523992
vt 0.179523006 0.760508001
vt 0.308647007 0.781400979
vt 0.263186008 0.864835024
vt 0.168203995 0.763568997
vt 0.275011003 0.663248003
vt 0.255528003 0.667159975
vt 0.271483004 0.87785399
vt 0.324081987 0.774366021
vt 0.157808006 0.757731974
vt 0.263094008 0.886937976
vt 0.27957201 0.886741996
vt 0.194953993 0.783168972
vt 0.205980003 0.775795996
vt 0.193446994 0.768957973
vt 0.178264007 0.770209014
vt 0.0561139993 0.0612360016
vt 0.0763169974 0.0603329986
vt 0.0735350028 0.0456730016
vt 0.188786998 0.778343022
vt 0.165748999 0.0507920012
vt 0.0665709972 0.0725020021
vt 0.265852988 0.621601999
vt 0.255807996 0.911589026
vt 0.26721099 0.906771004
vt 0.264192998 0.613160014
vt 0.149415001 0.0444430001
vt 0.254292995 0.616654992
vt 0.170293003 0.772998989
vt 0.173625007 0.779322982
vt 0.225345001 0.773182988
vt 0.234037995 0.77027899
vt 0.222113997 0.764343977
vt 0.236524999 0.781270981
vt 0.266360015 0.600160003
vt 0.244610995 0.786379993
vt 0.244036004 0.777567983
vt 0.259862006 0.598300993
vt 0.148059994 0.0504349992
vt 0.164619997 0.066866003
vt 0.237020001 0.882544994
vt 0.241889998 0.887787998
vt 0.251558989 0.873709023
vt 0.141909003 0.0560929999
vt 0.295814991 0.62142998
vt 0.295154989 0.608289003
vt 0.284862995 0.613913
vt 0.206241995 0.830265999
vt 0.227812007 0.825564981
vt 0.219730005 0.819666028
vt 0.220364004 0.836641014
vt 0.202234998 0.782811999
vt 0.211371005 0.782469988
vt 0.147359997 0.0172019992
vt 0.128624007 0.014091
vt 0.270505011 0.607454002
vt 0.127851993 0.0243900008
vt 0.210403994 0.787865996
vt 0.140244007 0.0330829993
vt 0.286790013 0.594731987
vt 0.188947007 0.792245984
vt 0.202513993 0.798210979
vt 0.214077994 0.846035004
vt 0.225768998 0.857002974
vt 0.197026998 0.799938977
vt 0.218740001 0.79854399
vt 0.191522002 0.835087001
vt 0.204264 0.840611994
vt 0.220271006 0.806571007
vt 0.137168005 0.0422739983
vt 0.196336001 0.808880985
vt 0.193544 0.846448004
vt 0.126414001 0.0330329984
vt 0.210624993 0.856814027
vt 0.205434993 0.81704098
vt 0.125832006 0.0422739983
vt 0.280705988 0.584793985
vt 0.156436995 0.767069995
vt 0.157479003 0.773473024
vt 0.180921003 0.786065996
vt 0.138696 0.0804909989
vt 0.147288993 0.0658499971
vt 0.126475006 0.0648080036
vt 0.200806007 0.865770996
vt 0.222378999 0.869791985
vt 0.128483996 0.0477980003
vt 0.195910007 0.87331599
vt 0.128298998 0.0577559993
vt 0.116457 0.0525749996
vt 0.168031007 0.786862016
vt 0.156671003 0.782187998
vt 0.182091996 0.846464992
vt 0.178665996 0.838639021
vt 0.191917002 0.853591979
vt 0.116709001 0.070363
vt 0.28787601 0.775865972
vt 0.285553992 0.759582996
vt 0.279482007 0.780291975
vt 0.177341998 0.795966029
vt 0.171498001 0.797526002
vt 0.300081998 0.788788021
vt 0.153983995 0.795906007
vt 0.172337994 0.851536989
vt 0.165166005 0.849507987
vt 0.298265994 0.65824002
vt 0.177697003 0.857729018
vt 0.185278997 0.862334013
vt 0.288605988 0.802873015
vt 0.304825008 0.804764986
vt 0.269279987 0.780451
vt 0.307702005 0.641557992
vt 0.184653997 0.803458989
vt 0.317393005 0.663158
vt 0.270244986 0.795731008
vt 0.315023988 0.639882028
vt 0.187795997 0.878901005
vt 0.204882994 0.886267006
vt 0.194456995 0.886076987
vt 0.334677011 0.657231987
vt 0.179444999 0.869439006
vt 0.182963997 0.879895985
vt 0.291440994 0.822287977
vt 0.217409998 0.882094979
vt 0.227652997 0.882073998
vt 0.228296995 0.874661028
vt 0.328740001 0.634499013
vt 0.320629001 0.622159004
vt 0.179362997 0.813925028
vt 0.227261007 0.890492022
vt 0.172913 0.80913502
vt 0.186190993 0.816920996
vt 0.338117987 0.629195988
vt 0.315988004 0.793631971
vt 0.216394007 0.894774973
vt 0.319398999 0.806147993
vt 0.333063006 0.785203993
vt 0.199085996 0.894514024
vt 0.198211998 0.902360976
vt 0.216581002 0.907664001
vt 0.195047006 0.826727986
vt 0.308908999 0.670177996
vt 0.221617997 0.914838016
vt 0.238745004 0.907347023
vt 0.308384001 0.818341017
vt 0.183302999 0.822351992
vt 0.233430997 0.927363992
vt 0.161157995 0.804966986
vt 0.165119007 0.857254982
vt 0.154915005 0.810428977
vt 0.336497992 0.679867029
vt 0.167280003 0.823620975
vt 0.173108995 0.876527011
vt 0.162842005 0.816403985
vt 0.182182997 0.89091301
vt 0.108586997 0.0246440005
vt 0.114955001 0.017213
vt 0.100281 0.010032
vt 0.164676994 0.881132007
vt 0.157560006 0.819615006
vt 0.346130997 0.652810991
vt 0.180040002 0.829541981
vt 0.103363 0.0413779989
vt 0.115574002 0.0381340012
vt 0.30764401 0.618211985
vt 0.0909650028 0.0344889984
vt 0.0943540037 0.0243229996
vt 0.0878050029 0.0505929999
vt 0.170056999 0.831348002
vt 0.195132002 0.912405014
vt 0.158687994 0.829183996
vt 0.165143996 0.840978026
vt 0.109058999 0.0597740002
vt 0.163369998 0.835642993
vt 0.214824006 0.923632979
vt 0.103579 0.0527950004
vt 0.148081005 0.744053006
vt 0.214255005 0.932422996
vt 0.199434996 0.927447021
vt 0.211473003 0.939159989
vt 0.308836997 0.601764977
vt 0.295792997 0.587707996
vt 0.0924869999 0.0610809997
vt 0.146813005 0.765654027
vt 0.102031 0.0773779973
vt 0.30636099 0.589075983
vt 0.320197999 0.609966993
vt 0.137494996 0.755208015
vt 0.316323012 0.591922998
vt 0.0910679996 0.00786400028
vt 0.181079999 0.899631023
vt 0.186434001 0.906894982
vt 0.0840890035 0.0104689999
vt 0.129262999 0.760281026
vt 0.126019001 0.750886977
vt 0.134887993 0.77372998
vt 0.128123999 0.76808399
vt 0.121324003 0.76531899
vt 0.0752200037 0.0303300004
vt 0.329221994 0.61272198
vt 0.177387998 0.911231995
vt 0.167772993 0.903230011
vt 0.142782003 0.781195998
vt 0.344509006 0.615355015
vt 0.336760014 0.594960988
vt 0.323392987 0.594417989
vt 0.125286996 0.774921
vt 0.127028003 0.784335017
vt 0.315041006 0.580039024
vt 0.324366987 0.583270013
vt 0.135927007 0.791422009
vt 0.189289004 0.924174011
vt 0.175319001 0.917015016
vt 0.117360003 0.771910012
vt 0.334491014 0.590095997
vt 0.325841993 0.569984972
vt 0.324191004 0.57822001
vt 0.343874991 0.582161009
vt 0.224576995 0.0639450029
vt 0.217215002 0.0597859994
vt 0.218334004 0.0649179965
vt 0.221941993 0.0701690018
vt 0.187032998 0.932322979
vt 0.218340993 0.0715999976
vt 0.187674999 0.942637026
vt 0.210267007 0.0673889965
vt 0.206061006 0.0589129999
vt 0.339583009 0.591489971
vt 0.347465992 0.602771997
vt 0.219969004 0.0792009979
vt 0.217989996 0.07773
vt 0.208121002 0.0774620026
vt 0.218779996 0.0844170004
vt 0.214130998 0.0825629979
vt 0.223655999 0.0877659991
vt 0.170340002 0.935000002
vt 0.34610799 0.605758011
vt 0.104296997 0.777778983
vt 0.172911003 0.946240008
vt 0.228915006 0.674621999
vt 0.217299998 0.691574991
vt 0.232188001 0.689363003
vt 0.176175997 0.0584039986
vt 0.185788006 0.0635759979
vt 0.118260004 0.783671975
vt 0.110676996 0.788774014
vt 0.176293001 0.928471029
vt 0.212476 0.706863999
vt 0.195985004 0.683508992
vt 0.166268006 0.920077026
vt 0.120189004 0.793007016
vt 0.160324007 0.923816979
vt 0.189829007 0.695194006
vt 0.100966997 0.786625028
vt 0.202399001 0.710448027
vt 0.144548997 0.785788
vt 0.196932003 0.0644119978
vt 0.189857006 0.0748839974
vt 0.173051 0.710965991
vt 0.200009003 0.721358001
vt 0.188106999 0.710476995
vt 0.181777999 0.721709013
vt 0.174140006 0.0862860009
vt 0.146983996 0.791643023
vt 0.166328996 0.939327002
vt 0.239049003 0.663933992
vt 0.228037998 0.657014012
vt 0.157905996 0.94196701
vt 0.193744004 0.0914890021
vt 0.141877994 0.802073002
vt 0.156462997 0.930486977
vt 0.164314002 0.956237018
vt 0.223178998 0.667191982
vt 0.147786006 0.946874022
vt 0.147352993 0.955457985
vt 0.132227004 0.797644019
vt 0.159306005 0.0902710035
vt 0.123452 0.801593006
vt 0.228907004 0.649982989
vt 0.218182996 0.638424993
vt 0.211821005 0.643049002
vt 0.156451002 0.0774660036
vt 0.129015997 0.808785021
vt 0.0599590018 0.0859270021
vt 0.0517169982 0.0674609989
vt 0.0509970002 0.0821869969
vt 0.095540002 0.775937974
vt 0.0682839975 0.104548
vt 0.0779889971 0.0906720012
vt 0.207800001 0.660036981
vt 0.0906160027 0.784319997
vt 0.199399993 0.642180026
vt 0.204837993 0.631076992
vt 0.0494539998 0.105774999
vt 0.148665994 0.808426023
vt 0.0432370007 0.0893979967
vt 0.149462 0.819832027
vt 0.194595993 0.654150009
vt 0.180085003 0.64775902
vt 0.0682040006 0.120801002
vt 0.183353007 0.66921097
vt 0.201491997 0.671123028
vt 0.0639590025 0.133935004
vt 0.0844699964 0.136023998
vt 0.0505860001 0.123435996
vt 0.212539002 0.0916950032
vt 0.25424999 0.929361999
vt 0.209037006 0.67671901
vt 0.227440998 0.942636013
vt 0.242938995 0.947242975
vt 0.239040002 0.938131988
vt 0.114256002 0.799631
vt 0.231024995 0.953767002
vt 0.107156999 0.803731978
vt 0.0886309966 0.0772470012
vt 0.100102998 0.801527023
vt 0.0359399989 0.111314997
vt 0.0692469999 0.149006993
vt 0.0807629973 0.147869006
vt 0.115143999 0.812142015
vt 0.119087003 0.811573982
vt 0.135348007 0.819640994
vt 0.121436998 0.819184005
vt 0.0695829988 0.156697005
vt 0.0827490017 0.156816006
vt 0.0571449995 0.154453993
vt 0.145005003 0.0935849994
vt 0.105438001 0.817825973
vt 0.0728989989 0.172056004
vt 0.166492 0.111661002
vt 0.0602930002 0.175839007
vt 0.0516370013 0.167043999
vt 0.0468060002 0.161918998
vt 0.0295969993 0.191145003
vt 0.0404510014 0.176154003
vt 0.033036001 0.172468007
vt 0.0806159973 0.795369983
vt 0.146054 0.104928002
vt 0.0470970012 0.189839005
vt 0.0406650007 0.181870997
vt 0.0390530005 0.198464006
vt 0.0918760002 0.796847999
vt 0.198376 0.623336971
vt 0.199735001 0.605026007
vt 0.157273993 0.116531998
vt 0.202281997 0.589591026
vt 0.0722159967 0.784711003
vt 0.140509993 0.112475999
vt 0.203725994 0.945048988
vt 0.218108997 0.952086985
vt 0.145757005 0.119690001
vt 0.198055997 0.952112019
vt 0.0612360016 0.782631993
vt 0.0524390005 0.772777021
vt 0.125717998 0.0879490003
vt 0.134705007 0.0999789983
vt 0.217649996 0.624597013
vt 0.0581649989 0.795701027
vt 0.0724890009 0.800404012
vt 0.115938999 0.0979430005
vt 0.0616340004 0.813234985
vt 0.180765003 0.960539997
vt 0.0470199995 0.807340026
vt 0.0968279988 0.809324026
vt 0.175410002 0.620196998
vt 0.182843 0.630226016
vt 0.186346993 0.617312014
vt 0.200949997 0.964151025
vt 0.0842780024 0.809580982
vt 0.127254993 0.105700001
vt 0.183127001 0.97499299
vt 0.0903619975 0.812458992
vt 0.169308007 0.636120975
vt 0.173031002 0.974880993
vt 0.163172007 0.979021013
vt 0.165190995 0.991007984
vt 0.125599995 0.120315
vt 0.135907993 0.123787001
vt 0.185231 0.600961983
vt 0.125057995 0.112199999
vt 0.100685 0.825816989
vt 0.0179949999 0.212688997
vt 0.019049 0.202007994
vt 0.154820994 0.990580022
vt 0.115052998 0.116255999
vt 0.120224997 0.129930004
vt 0.0745289996 0.813731015
vt 0.145396993 0.621415019
vt 0.146998003 0.60276401
vt 0.137566999 0.606925011
vt 0.137336001 0.591538012
vt 0.0847740024 0.821177006
vt 0.130105004 0.62599498
vt 0.0954279974 0.828678012
vt 0.0855859965 0.831363022
vt 0.178101003 0.991183996
vt 0.187983006 0.987426996
vt 0.119268 0.602509975
vt 0.156992003 0.124003001
vt 0.115737997 0.612951994
vt 0.0721039996 0.821345985
vt 0.0636119992 0.822273016
vt 0.167869002 0.134578004
vt 0.110940002 0.604358971
vt 0.174044997 0.682416022
vt 0.168888003 0.671262026
vt 0.164229006 0.681676984
vt 0.0687739998 0.82832998
vt 0.0530590005 0.822902977
vt 0.0722760037 0.839875996
vt 0.0596080013 0.832984984
vt 0.139605999 0.815954983
vt 0.150334001 0.667344987
vt 0.158673003 0.656286001
vt 0.160267994 0.138139993
vt 0.163291007 0.967518985
vt 0.165676996 0.149366006
vt 0.148614004 0.831355989
vt 0.185607001 0.164651006
vt 0.155771002 0.963626027
vt 0.145037994 0.131729007
vt 0.145096004 0.136463001
vt 0.132158995 0.825569987
vt 0.140038997 0.833216012
vt 0.148314998 0.973870993
vt 0.14598 0.982348979
vt 0.121151999 0.830572009
vt 0.150985003 0.145983994
vt 0.138348997 0.671334982
vt 0.135436997 0.662945986
vt 0.137297004 0.958599985
vt 0.109640002 0.82467097
vt 0.139337003 0.680119991
vt 0.151589006 0.676311016
vt 0.102636002 0.834432006
vt 0.117288999 0.834740996
vt 0.153505996 0.158816993
vt 0.144029006 0.158681005
vt 0.158528998 0.166525006
vt 0.151630998 0.685858011
vt 0.131310999 0.969027996
vt 0.178090006 0.695976019
vt 0.164753005 0.694971025
vt 0.161034003 0.853350997
vt 0.149845004 0.698077977
vt 0.157620996 0.706878006
vt 0.150904 0.853983998
vt 0.147304997 0.84366399
vt 0.156039 0.864687979
vt 0.148184001 0.860702991
vt 0.164056003 0.862712979
vt 0.159303993 0.868537009
vt 0.153261006 0.840122998
vt 0.128813997 0.134856999
vt 0.139026001 0.842424989
vt 0.136666998 0.646286011
vt 0.153060004 0.873196006
vt 0.162403002 0.874994993
vt 0.140165001 0.146026999
vt 0.116616003 0.662316024
vt 0.124311 0.672111988
vt 0.124954 0.141167
vt 0.123581998 0.651022971
vt 0.100492999 0.661413014
vt 0.138025999 0.855126977
vt 0.132791996 0.864925027
vt 0.124008 0.852936983
vt 0.139045998 0.156249002
vt 0.141172007 0.869933009
vt 0.120653003 0.842453003
vt 0.248852998 0.687583983
vt 0.255293012 0.678470016
vt 0.143316001 0.878005981
vt 0.247145995 0.675979972
vt 0.133954003 0.161424994
vt 0.129699007 0.876344025
vt 0.142937005 0.172765002
vt 0.132210001 0.175034001
vt 0.119471997 0.172308996
vt 0.103362001 0.841409028
vt 0.155658007 0.879396021
vt 0.112721004 0.847688973
vt 0.255329996 0.701182008
vt 0.274221003 0.696026027
vt 0.116255999 0.857793987
vt 0.124573 0.86728102
vt 0.116820998 0.862972975
vt 0.160825998 0.885701001
vt 0.157343 0.894578993
vt 0.149514005 0.88438499
vt 0.0931169987 0.0938709974
vt 0.0891849995 0.841947973
vt 0.103738002 0.101648003
vt 0.129301995 0.889057994
vt 0.137467995 0.892749012
vt 0.143395007 0.897229016
vt 0.265240997 0.706827998
vt 0.244685993 0.724837005
vt 0.230051994 0.707125008
vt 0.229708999 0.722974002
vt 0.142903998 0.906674981
vt 0.0940250009 0.849949002
vt 0.107667997 0.119701996
vt 0.106482998 0.123581998
vt 0.227456003 0.69718498
vt 0.241209 0.697340012
vt 0.0952280015 0.109126002
vt 0.0588079989 0.843114972
vt 0.0638220012 0.851553977
vt 0.0708599985 0.846028984
vt 0.128824994 0.895703971
vt 0.129418001 0.904325008
vt 0.0795449987 0.851957023
vt 0.103629999 0.134470999
vt 0.0869039968 0.123241998
vt 0.121348999 0.877367973
vt 0.0663129985 0.859229028
vt 0.111276999 0.87232101
vt 0.107621998 0.859926999
vt 0.0845730007 0.0984570011
vt 0.246999994 0.714146972
vt 0.102343 0.87865001
vt 0.107063003 0.883980989
vt 0.121334001 0.88567698
vt 0.26286599 0.721673012
vt 0.115932003 0.890295982
vt 0.0963340029 0.864477992
vt 0.103257 0.892946005
vt 0.0927279964 0.882120013
vt 0.0838029981 0.872511983
vt 0.263157994 0.730355978
vt 0.0789730027 0.86599499
vt 0.247351006 0.733319998
vt 0.258017987 0.737954974
vt 0.0891719982 0.886777997
vt 0.0723769963 0.868268013
vt 0.0968099982 0.900107026
vt 0.288980007 0.711292982
vt 0.276246011 0.709481001
vt 0.280324996 0.721495986
vt 0.0772169977 0.879967988
vt 0.0854369998 0.899380982
vt 0.114137001 0.137642995
vt 0.111050002 0.586256981
vt 0.119061999 0.582768023
vt 0.294589013 0.716637015
vt 0.285865009 0.724951982
vt 0.098679997 0.590368986
vt 0.0983169973 0.580326974
vt 0.118473999 0.896914005
vt 0.109972 0.576252997
vt 0.121292002 0.152391002
vt 0.108630002 0.144981995
vt 0.116420999 0.570001006
vt 0.112992004 0.908549011
vt 0.0920609981 0.58455801
vt 0.0908979997 0.141378
vt 0.0941250026 0.564541996
vt 0.104225002 0.564082026
vt 0.129667997 0.915498018
vt 0.135810003 0.571919024
vt 0.123397 0.558887005
vt 0.124406002 0.571898997
vt 0.115039997 0.55588299
vt 0.119785003 0.161384001
vt 0.303261995 0.730823994
vt 0.0991389975 0.914565027
vt 0.0905809999 0.913924992
vt 0.129991993 0.549028993
vt 0.117169999 0.543923974
vt 0.0980120003 0.148426995
vt 0.103598997 0.157387003
vt 0.291653991 0.733821988
vt 0.106574997 0.550607979
vt 0.297300011 0.740229011
vt 0.294939995 0.737351
vt 0.095021002 0.557096004
vt 0.109171003 0.916797996
vt 0.113976002 0.534574986
vt 0.0870560035 0.577754974
vt 0.272938013 0.730583012
vt 0.082272999 0.557812989
vt 0.0519450009 0.707681
vt 0.0788500011 0.690590024
vt 0.0626780018 0.69413799
vt 0.104068004 0.177123994
vt 0.0782560036 0.56290102
vt 0.0978820026 0.163789004
vt 0.155667007 0.913636029
vt 0.272803992 0.746670008
vt 0.278703004 0.742446005
vt 0.0928289965 0.547393024
vt 0.292295009 0.74534899
vt 0.086792998 0.170265004
vt 0.102659002 0.54014498
vt 0.276814014 0.758984029
vt 0.0916040018 0.535247028
vt 0.100920998 0.530619025
vt 0.137728006 0.915353
vt 0.145804003 0.928076982
vt 0.0817269981 0.545446992
vt 0.346280992 0.552052021
vt 0.329149991 0.546149015
vt 0.341434985 0.566093981
vt 0.356920004 0.565343976
vt 0.356274992 0.581758976
vt 0.223479003 0.728295982
vt 0.213241994 0.72064501
vt 0.0813319981 0.530170023
vt 0.127287999 0.537200987
vt 0.360137999 0.546001971
vt 0.123040996 0.921236992
vt 0.130180001 0.535953999
vt 0.141841993 0.533662975
vt 0.120371997 0.526736021
vt 0.339300007 0.536055982
vt 0.127805993 0.522361994
vt 0.143602997 0.525207996
vt 0.130588993 0.932766974
vt 0.143644005 0.939283013
vt 0.349947006 0.532769024
vt 0.118470997 0.519042015
vt 0.100342996 0.52402401
vt 0.352144986 0.515250981
vt 0.339736015 0.512297988
vt 0.115598999 0.924426973
vt 0.131391004 0.516251981
vt 0.368800998 0.575133026
vt 0.370510012 0.561520994
vt 0.145558 0.512148023
vt 0.113130003 0.949584007
vt 0.117083997 0.938143015
vt 0.0996939987 0.931419015
vt 0.231381997 0.738216996
vt 0.127195999 0.507153988
vt 0.37046501 0.549030006
vt 0.130374998 0.501966
vt 0.134464994 0.496427
vt 0.233195007 0.743771017
vt 0.252140999 0.749508023
vt 0.374597013 0.535700023
vt 0.120972998 0.51087302
vt 0.215333 0.731775999
vt 0.118539996 0.491167992
vt 0.141184002 0.493454009
vt 0.130307004 0.490471005
vt 0.364728004 0.527617991
vt 0.134143993 0.947758973
vt 0.134259 0.939163029
vt 0.122144997 0.948225975
vt 0.132572994 0.952121019
vt 0.121646002 0.957668006
vt 0.108489998 0.515905023
vt 0.230873004 0.758234978
vt 0.372850001 0.518248975
vt 0.0941379964 0.522343993
vt 0.256996006 0.760846019
vt 0.269309998 0.76888299
vt 0.269755989 0.75079
vt 0.322283 0.514106989
vt 0.327859998 0.527778983
vt 0.0987510011 0.515376985
vt 0.321559012 0.50898701
vt 0.32467401 0.502861977
vt 0.104750998 0.502053976
vt 0.332639992 0.495204002
vt 0.259012014 0.774932981
vt 0.110325001 0.502016008
vt 0.317189991 0.487921
vt 0.310451001 0.497621
vt 0.106719002 0.490388989
vt 0.0859159976 0.29538399
vt 0.0922690034 0.286249995
vt 0.080821 0.280593008
vt 0.126687005 0.484420002
vt 0.0726350024 0.289036989
vt 0.331770986 0.483741999
vt 0.339296013 0.485668004
vt 0.243500993 0.768033981
vt 0.0963189974 0.493791014
vt 0.0876170024 0.505097985
vt 0.315183997 0.479636997
vt 0.307011008 0.474361002
vt 0.123085998 0.969995022
vt 0.131913006 0.979712009
vt 0.120852001 0.981495976
vt 0.115295 0.973779023
vt 0.101807997 0.48320201
vt 0.101696 0.969776988
vt 0.021652 0.265940011
vt 0.0221079998 0.277725995
vt 0.0369569995 0.264102995
vt 0.327701002 0.46695599
vt 0.101135001 0.97933799
vt 0.112524003 0.98775202
vt 0.254631996 0.787616014
vt 0.0421810001 0.720580995
vt 0.0434090011 0.709999025
vt 0.352082998 0.501963019
vt 0.011279 0.282894999
vt 0.0111079998 0.271409988
vt 0.015288 0.255719006
vt 0.366537005 0.506622016
vt 0.0596700013 0.309047997
vt 0.0670899972 0.319626004
vt 0.0692529976 0.309190989
vt 0.0472790003 0.735888004
vt 0.0447940007 0.284341991
vt 0.0592570007 0.282911003
vt 0.0500710011 0.274612993
vt 0.0686390027 0.298696011
vt 0.0827530026 0.302626014
vt 0.363054991 0.491136014
vt 0.350199014 0.486728996
vt 0.0682710037 0.547885001
vt 0.0670230016 0.541574001
vt 0.0631650016 0.533913016
vt 0.350288004 0.470764011
vt 0.0732600018 0.525650978
vt 0.0368859991 0.723065972
vt 0.0386690013 0.742609024
vt 0.0587680005 0.291566014
vt 0.0541509986 0.303039014
vt 0.0621519983 0.539444983
vt 0.365202993 0.474734008
vt 0.0531029999 0.290151
vt 0.357299 0.472983003
vt 0.0306250006 0.733557999
vt 0.0266759992 0.741280973
vt 0.0490209982 0.295235991
vt 0.0591229983 0.514585018
vt 0.0584090017 0.531046987
vt 0.346522003 0.453397006
vt 0.341167003 0.458348006
vt 0.0194600001 0.303214997
vt 0.0302189998 0.310377985
vt 0.024007 0.298094004
vt 0.238829002 0.577262998
vt 0.0362569988 0.301481992
vt 0.256671995 0.165985003
vt 0.255037993 0.149931997
vt 0.240789995 0.165388003
vt 0.217243999 0.584173024
vt 0.0663309991 0.511300981
vt 0.0541409999 0.31732899
vt 0.0484669991 0.310301989
vt 0.0406240001 0.309540987
vt 0.0752689987 0.510706007
vt 0.0574209988 0.326577991
vt 0.257786006 0.135474995
vt 0.241862997 0.147193
vt 0.0530660003 0.74822998
vt 0.226743996 0.575332999
vt 0.0431869999 0.326871008
vt 0.230498999 0.129599005
vt 0.0438209996 0.762669981
vt 0.232761994 0.155324996
vt 0.0434399992 0.338261992
vt 0.055404 0.343522996
vt 0.214711994 0.573198974
vt 0.0292639993 0.333146989
vt 0.263141006 0.573455989
vt 0.25187701 0.577796996
vt 0.0326699987 0.761056006
vt 0.277996987 0.579159021
vt 0.255852997 0.180572003
vt 0.0297289994 0.773851991
vt 0.0392760001 0.778621972
vt 0.234283999 0.176822007
vt 0.250806987 0.190784007
vt 0.0236409996 0.754936993
vt 0.0491629988 0.521143973
vt 0.239314005 0.190004006
vt 0.0313440003 0.276594013
vt 0.290019006 0.578952014
vt 0.0367950015 0.270348996
vt 0.0383369997 0.277835995
vt 0.277496994 0.560286999
vt 0.279570013 0.569467008
vt 0.287239999 0.564679027
vt 0.0435299985 0.298193991
vt 0.0450630002 0.270101011
vt 0.0269620009 0.287824005
vt 0.0610760003 0.505213976
vt 0.0508540012 0.507973015
vt 0.223692998 0.165615007
vt 0.0207320005 0.757622004
vt 0.0180050004 0.766335011
vt 0.0155809997 0.292712003
vt 0.0430699997 0.510909021
vt 0.0411339998 0.498925
vt 0.262317985 0.564760983
vt 0.253549993 0.56349802
vt 0.239815995 0.566106021
vt 0.222583994 0.188118994
vt 0.228690997 0.197110996
vt 0.261363 0.554816008
vt 0.249109998 0.552779019
vt 0.210376993 0.171160996
vt 0.214993998 0.181433007
vt 0.222716004 0.562032998
vt 0.235961005 0.553857982
vt 0.208683997 0.158765003
vt 0.132048994 0.364194006
vt 0.131253004 0.373733014
vt 0.139252007 0.358631998
vt 0.147441 0.352663994
vt 0.155950993 0.343335003
vt 0.142378002 0.340110004
vt 0.152996004 0.335195988
vt 0.0741769969 0.494924992
vt 0.137927994 0.349238008
vt 0.212207004 0.194557995
vt 0.134891003 0.326086015
vt 0.217355996 0.206101999
vt 0.124871999 0.346406996
vt 0.128509998 0.337047994
vt 0.275316 0.552918017
vt 0.263897985 0.546809018
vt 0.126497999 0.350699008
vt 0.261124015 0.195803002
vt 0.282950014 0.557905972
vt 0.0898450017 0.485792011
vt 0.264057994 0.541121006
vt 0.262493998 0.209911004
vt 0.245917007 0.214818001
vt 0.278600991 0.549206018
vt 0.276692986 0.538752019
vt 0.270235002 0.542617977
vt 0.280721992 0.545603991
vt 0.250214994 0.539418995
vt 0.243024006 0.545521021
vt 0.25473699 0.228184998
vt 0.122504003 0.371457994
vt 0.133680001 0.382012993
vt 0.235838994 0.202462003
vt 0.249644995 0.531324983
vt 0.276351988 0.529712975
vt 0.261247993 0.525765002
vt 0.261821002 0.518926024
vt 0.0506049991 0.499154001
vt 0.0545100011 0.489464015
vt 0.269511014 0.514186978
vt 0.278228998 0.512301028
vt 0.124288 0.360213995
vt 0.237691998 0.219023004
vt 0.117202997 0.370837003
vt 0.117962003 0.360067993
vt 0.111831002 0.362625003
vt 0.0698409975 0.485217005
vt 0.121080004 0.378809005
vt 0.118198998 0.383471012
vt 0.244895995 0.535121977
vt 0.107183002 0.374457985
vt 0.356467009 0.462280005
vt 0.241312996 0.50871098
vt 0.246995002 0.520934999
vt 0.137700006 0.484598994
vt 0.155855 0.494055003
vt 0.160686001 0.492112994
vt 0.103078 0.357389003
vt 0.105319001 0.370566994
vt 0.0971470028 0.365283012
vt 0.123443998 0.477733999
vt 0.227136999 0.210052997
vt 0.25404799 0.509146988
vt 0.113812998 0.479384005
vt 0.105210997 0.478026986
vt 0.114046 0.351541996
vt 0.261137992 0.50018698
vt 0.107192002 0.470411986
vt 0.114615001 0.338775009
vt 0.246211007 0.493795007
vt 0.107257001 0.348114997
vt 0.0921719968 0.475639999
vt 0.264393985 0.488115996
vt 0.0978709981 0.348464012
vt 0.238324001 0.252321988
vt 0.240899995 0.237939999
vt 0.227099001 0.241435006
vt 0.295038998 0.575911999
vt 0.308216006 0.57257098
vt 0.296240002 0.569224
vt 0.0962489992 0.460956007
vt 0.0821899995 0.470986009
vt 0.105034001 0.335099995
vt 0.0834890008 0.48100999
vt 0.221241996 0.225555003
vt 0.290538013 0.562062025
vt 0.161203995 0.369870991
vt 0.157418996 0.362922013
vt 0.149618 0.380427986
vt 0.146944001 0.367309988
vt 0.304894 0.556151986
vt 0.303667009 0.565818012
vt 0.314343989 0.568102002
vt 0.215762004 0.214358002
vt 0.0797559991 0.463277012
vt 0.150970995 0.357845008
vt 0.301450998 0.566772997
vt 0.298211008 0.561487019
vt 0.315638989 0.574566007
vt 0.0868130028 0.456815004
vt 0.205169007 0.219323993
vt 0.286410004 0.553695023
vt 0.293054014 0.552684009
vt 0.287739009 0.542455971
vt 0.142818004 0.385365009
vt 0.234180003 0.229047
vt 0.0668589994 0.479591012
vt 0.127103999 0.326117992
vt 0.145152003 0.311728001
vt 0.155571997 0.319736987
vt 0.311628997 0.549094975
vt 0.296350002 0.539080024
vt 0.0527070016 0.477131993
vt 0.128053993 0.314608991
vt 0.0420150012 0.480639994
vt 0.136363 0.304316014
vt 0.321128994 0.560171008
vt 0.220507994 0.257369995
vt 0.209950998 0.248539001
vt 0.0651580021 0.470319986
vt 0.113789 0.327906013
vt 0.113799997 0.312326998
vt 0.207908005 0.241484001
vt 0.0516830012 0.471908987
vt 0.206293002 0.230339006
vt 0.132486999 0.300648987
vt 0.0681869984 0.464482009
vt 0.0803729966 0.453016996
vt 0.0575960018 0.454878986
vt 0.0511570014 0.464255989
vt 0.319427997 0.463422
vt 0.119085997 0.284310013
vt 0.126397997 0.293700993
vt 0.131077006 0.274935007
vt 0.303851008 0.458563
vt 0.300909996 0.475102007
vt 0.112489998 0.295343995
vt 0.111735001 0.287840009
vt 0.0668670014 0.444180012
vt 0.306982994 0.538119018
vt 0.0771640018 0.443672001
vt 0.319036007 0.525839984
vt 0.308849007 0.528850019
vt 0.102057002 0.305050999
vt 0.312119007 0.453296989
vt 0.111368999 0.278017998
vt 0.302060992 0.443266988
vt 0.292661011 0.456703007
vt 0.310784996 0.440418988
vt 0.157313004 0.479627997
vt 0.137640998 0.471179992
vt 0.151656002 0.469808012
vt 0.293258995 0.443370014
vt 0.29637 0.526512027
vt 0.305817991 0.518078983
vt 0.0884839967 0.328745991
vt 0.0975769982 0.327201009
vt 0.0960450023 0.319233
vt 0.107933998 0.317883015
vt 0.144973993 0.463627011
vt 0.154082999 0.462361008
vt 0.288978994 0.531219006
vt 0.150746003 0.456591994
vt 0.327300996 0.449999988
vt 0.143698007 0.455316991
vt 0.288681 0.51702702
vt 0.0938879997 0.311199993
vt 0.0829280019 0.31261
vt 0.127372995 0.468023986
vt 0.298303008 0.504647017
vt 0.130328998 0.457969993
vt 0.284357995 0.496953011
vt 0.155785993 0.452796012
vt 0.165667996 0.458178997
vt 0.164366007 0.442669004
vt 0.318874002 0.437171996
vt 0.150652006 0.445463002
vt 0.141880006 0.446846008
vt 0.133356005 0.449889004
vt 0.0861100033 0.338268012
vt 0.244172007 0.284639001
vt 0.248181999 0.264743
vt 0.235646993 0.269071013
vt 0.156873003 0.436235011
vt 0.144926995 0.436726987
vt 0.313392013 0.511467993
vt 0.0972910002 0.294165999
vt 0.164433002 0.424975008
vt 0.250052989 0.250752002
vt 0.0911530033 0.301999003
vt 0.138894007 0.426789999
vt 0.153933004 0.418161005
vt 0.0980800018 0.282110989
vt 0.141341001 0.439305991
vt 0.224518001 0.279502004
vt 0.132707 0.438122988
vt 0.128123999 0.429762989
vt 0.297814995 0.491218001
vt 0.304587007 0.49316901
vt 0.120816998 0.468865007
vt 0.198448002 0.174764007
vt 0.114015996 0.462835014
vt 0.115645997 0.452459008
vt 0.0926449969 0.371663988
vt 0.125055999 0.444382012
vt 0.0923179984 0.382281989
vt 0.271890998 0.499897987
vt 0.106155999 0.461510986
vt 0.105153002 0.44697699
vt 0.184809998 0.175117001
vt 0.085345 0.367125005
vt 0.0791610032 0.384200007
vt 0.285266012 0.485801995
vt 0.175513998 0.172086
vt 0.204602003 0.181835994
vt 0.0750439987 0.367453992
vt 0.0809120014 0.360080987
vt 0.197518006 0.191807002
vt 0.0728470013 0.35540399
vt 0.0882989988 0.350670993
vt 0.0841929987 0.348342001
vt 0.204282999 0.196865007
vt 0.0752680004 0.347380996
vt 0.127847999 0.421113014
vt 0.272891998 0.475845993
vt 0.285243988 0.47360599
vt 0.0682080016 0.340153009
vt 0.0727479979 0.335303992
vt 0.112516001 0.439006001
vt 0.193981007 0.187790006
vt 0.183816999 0.186643004
vt 0.113371 0.420890987
vt 0.200782999 0.208978996
vt 0.172572002 0.413859993
vt 0.168179005 0.409640998
vt 0.157605007 0.405380994
vt 0.189749002 0.209120005
vt 0.260060012 0.467913002
vt 0.259436011 0.459219009
vt 0.137703001 0.40989399
vt 0.142484993 0.400884002
vt 0.148347005 0.394955993
vt 0.141872004 0.416911989
vt 0.146358997 0.416666001
vt 0.0688090026 0.376506001
vt 0.0765080005 0.391380012
vt 0.194483995 0.238703996
vt 0.137349993 0.39547801
vt 0.0642609969 0.365189999
vt 0.277693987 0.454382002
vt 0.204178005 0.256375015
vt 0.184992 0.250234991
vt 0.121569999 0.413830996
vt 0.125486001 0.402009994
vt 0.289665997 0.432410002
vt 0.297300011 0.433724999
vt 0.0560790002 0.368506014
vt 0.233467996 0.320071995
vt 0.241530001 0.316181004
vt 0.240723997 0.310220987
vt 0.106666997 0.414653003
vt 0.181988999 0.589326024
vt 0.235964999 0.329230994
vt 0.223896995 0.330839008
vt 0.233952001 0.334600002
vt 0.0621329993 0.353891999
vt 0.187684 0.577269971
vt 0.110742003 0.401419014
vt 0.227381006 0.298810989
vt 0.117342003 0.391106009
vt 0.137831002 0.39033699
vt 0.218844995 0.317557991
vt 0.0490229987 0.362085015
vt 0.204092994 0.57032001
vt 0.216339007 0.305227011
vt 0.211052999 0.292887002
vt 0.0448970012 0.355387986
vt 0.0403219983 0.348749012
vt 0.213874996 0.352898002
vt 0.222522005 0.34375301
vt 0.202529997 0.339188993
vt 0.193800002 0.354496986
vt 0.165985003 0.399394006
vt 0.158965006 0.390587986
vt 0.202305004 0.312308997
vt 0.152162001 0.391025007
vt 0.213359997 0.554796994
vt 0.224599004 0.548591971
vt 0.167956993 0.377155006
vt 0.0828709975 0.324990988
vt 0.0748960003 0.313032001
vt 0.186988994 0.336861998
vt 0.237570003 0.295363009
vt 0.203904003 0.553959012
vt 0.0730979964 0.328610986
vt 0.0581710003 0.333909005
vt 0.194946006 0.552552998
vt 0.210267007 0.274619997
vt 0.0973559991 0.449084014
vt 0.170730993 0.580771029
vt 0.0979330018 0.43908
vt 0.103716999 0.42799601
vt 0.184368998 0.56090802
vt 0.171690002 0.566209018
vt 0.0849440023 0.445672989
vt 0.0924810022 0.435593992
vt 0.200877994 0.266041011
vt 0.209700003 0.533690989
vt 0.195188001 0.277406007
vt 0.0847470015 0.438573986
vt 0.204703003 0.543618023
vt 0.200342998 0.531144023
vt 0.189879999 0.542280018
vt 0.0977950022 0.423106015
vt 0.092850998 0.227494001
vt 0.0744069964 0.237591997
vt 0.0858749971 0.244512007
vt 0.0817940012 0.213856995
vt 0.0952429995 0.208364993
vt 0.0927769989 0.197661996
vt 0.0708639994 0.223684996
vt 0.078139998 0.225676998
vt 0.201223001 0.289492011
vt 0.192469999 0.291660994
vt 0.0468540005 0.203301996
vt 0.0554820001 0.209538996
vt 0.0636970028 0.191700995
vt 0.150294006 0.580262005
vt 0.131075993 0.581505001
vt 0.0399149992 0.213872001
vt 0.0702100024 0.431861013
vt 0.0805659965 0.426375985
vt 0.181112006 0.263790011
vt 0.0559980012 0.435299009
vt 0.159962997 0.587620974
vt 0.0567409992 0.226308003
vt 0.067257002 0.216610998
vt 0.0839399993 0.416444987
vt 0.167952001 0.558023989
vt 0.161783993 0.575308025
vt 0.068186 0.233048007
vt 0.181768 0.331072003
vt 0.193084002 0.317966998
vt 0.092701003 0.415372014
vt 0.0855619982 0.408526987
vt 0.0755850002 0.200966001
vt 0.149572998 0.565445006
vt 0.171744004 0.344265997
vt 0.161107004 0.351408005
vt 0.163656995 0.335988998
vt 0.0577590019 0.234240994
vt 0.0659179986 0.242908001
vt 0.0944449976 0.405575007
vt 0.137397006 0.560386002
vt 0.106351003 0.252144009
vt 0.109081 0.269466996
vt 0.115751997 0.257826
vt 0.143980995 0.549794018
vt 0.159459993 0.554705024
vt 0.121978998 0.270002991
vt 0.127516001 0.253416985
vt 0.206300005 0.356662005
vt 0.18197 0.360873997
vt 0.200884998 0.370609999
vt 0.0960950032 0.391710997
vt 0.0977990031 0.27007401
vt 0.0893089995 0.259323001
vt 0.180404007 0.35275799
vt 0.0885550007 0.267457008
vt 0.178936005 0.373793989
vt 0.0815609992 0.399470001
vt 0.0949290022 0.248813003
vt 0.117756002 0.243594006
vt 0.154578 0.534502029
vt 0.166948006 0.533671975
vt 0.149948999 0.52394098
vt 0.150470003 0.541694999
vt 0.0757689998 0.251672
vt 0.0795480013 0.262293011
vt 0.0733970031 0.401912987
vt 0.0684140027 0.408268005
vt 0.0601149984 0.257423997
vt 0.0688579977 0.26701799
vt 0.163747996 0.276356012
vt 0.163950995 0.281544
vt 0.155720994 0.270877004
vt 0.0468930006 0.430234998
vt 0.156095996 0.514934003
vt 0.164358005 0.518552005
vt 0.159786001 0.510526001
vt 0.0760560036 0.27502799
vt 0.170453995 0.317665994
vt 0.0844800025 0.276170999
vt 0.169901997 0.301050007
vt 0.158895999 0.295210987
vt 0.149764001 0.301964998
vt 0.170922995 0.503337979
vt 0.152310997 0.498593986
vt 0.143202007 0.28925699
vt 0.0678860024 0.27698499
vt 0.234167993 0.539811015
vt 0.221673995 0.535448015
vt 0.0287369993 0.222194999
vt 0.0139950002 0.222714007
vt 0.0442599989 0.791747987
vt 0.217527002 0.522121012
vt 0.233936995 0.530793011
vt 0.234505996 0.527118981
vt 0.232724994 0.520817995
vt 0.0484969988 0.247427002
vt 0.0433599986 0.230204999
vt 0.0350730009 0.787338972
vt 0.219092995 0.516305029
vt 0.232518002 0.513674974
vt 0.222710997 0.501892984
vt 0.219814003 0.509316981
vt 0.0387270004 0.801680028
vt 0.0335909985 0.800144017
vt 0.174361005 0.188121006
vt 0.0289120004 0.227689996
vt 0.0356579982 0.246672004
vt 0.242092997 0.527756989
vt 0.163748994 0.177973002
vt 0.0213840008 0.235064
vt 0.0240480006 0.245505005
vt 0.0276640002 0.250342995
vt 0.032949999 0.256401986
vt 0.241521999 0.502442002
vt 0.150681004 0.177702993
vt 0.158214003 0.186960995
vt 0.0267210007 0.789753973
vt 0.0168479998 0.789537013
vt 0.183617994 0.197362006
vt 0.0126520004 0.776148021
vt 0.0434349999 0.221880004
vt 0.010675 0.786067009
vt 0.165342003 0.198960006
vt 0.177981004 0.201418996
vt 0.228627995 0.49437201
vt 0.235792994 0.485013008
vt 0.00931600016 0.798664987
vt 0.215572998 0.500065029
vt 0.0244120006 0.809388995
vt 0.175997004 0.501605988
vt 0.172418997 0.495319992
vt 0.172968 0.488923013
vt 0.134763002 0.98853302
vt 0.013274 0.809072018
vt 0.249308005 0.476539999
vt 0.0157699995 0.236525998
vt 0.139302 0.191311002
vt 0.0377099998 0.814574003
vt 0.154276997 0.198600993
vt 0.163516 0.207632005
vt 0.015656 0.241347
vt 0.235836998 0.470492005
vt 0.220772997 0.488503009
vt 0.125918999 0.987987995
vt 0.149608001 0.205410004
vt 0.0519520007 0.833546996
vt 0.0397819988 0.826151013
vt 0.206985995 0.451344013
vt 0.208197996 0.465959013
vt 0.223913997 0.460088998
vt 0.0390819982 0.840794981
vt 0.193490997 0.227480993
vt 0.024061 0.824054003
vt 0.240961 0.462018013
vt 0.0113639999 0.823355973
vt 0.184336007 0.209790006
vt 0.0290089995 0.832242012
vt 0.062928997 0.272704989
vt 0.181034997 0.233221993
vt 0.179324001 0.219086006
vt 0.162212998 0.220669001
vt 0.0345980003 0.492314011
vt 0.0524090007 0.263004988
vt 0.0318059996 0.480509996
vt 0.265417993 0.445796996
vt 0.0363340005 0.473448008
vt 0.280178994 0.434103012
vt 0.0417839997 0.460819006
vt 0.236346006 0.444133997
vt 0.246943995 0.450733006
vt 0.0341730006 0.466053009
vt 0.0188379996 0.476792991
vt 0.0173530001 0.467373013
vt 0.170209005 0.230679005
vt 0.198286995 0.379817009
vt 0.211870998 0.381487012
vt 0.219402 0.366733015
vt 0.192440003 0.462332994
vt 0.18874 0.475993991
vt 0.202140003 0.474952996
vt 0.0283419993 0.456957012
vt 0.173865005 0.245885998
vt 0.175299004 0.465743005
vt 0.0353039987 0.447905004
vt 0.166855007 0.471576005
vt 0.0162020009 0.454255998
vt 0.177753001 0.451505989
vt 0.0721980035 0.884085
vt 0.154363006 0.233570993
vt 0.196412995 0.450868011
vt 0.0723799989 0.894786
vt 0.0341500007 0.438454986
vt 0.0611659996 0.885312021
vt 0.0550060011 0.901452005
vt 0.0470210016 0.450767994
vt 0.188720003 0.450785011
vt 0.162787005 0.250901997
vt 0.222830996 0.452208012
vt 0.207233995 0.442122996
vt 0.198586002 0.438726008
vt 0.0812610015 0.904440999
vt 0.0665120035 0.908677995
vt 0.192762002 0.430220991
vt 0.0533309989 0.887627006
vt 0.0433860011 0.90200597
vt 0.145291001 0.223130003
vt 0.042284999 0.890193999
vt 0.0433729999 0.918600023
vt 0.03517 0.90408802
vt 0.139902994 0.207559004
vt 0.00812000036 0.456454009
vt 0.119742997 0.183436006
vt 0.0545529984 0.916589022
vt 0.00875699986 0.845888019
vt 0.0773449987 0.914345026
vt 0.129190996 0.203628004
vt 0.052170001 0.85334003
vt 0.122790001 0.199702993
vt 0.0909039974 0.922833979
vt 0.174481004 0.441294998
vt 0.0379979983 0.85314697
vt 0.136553004 0.216679007
vt 0.188265994 0.421911001
vt 0.069186002 0.923812985
vt 0.0824029967 0.926388025
vt 0.176113993 0.42957899
vt 0.112801 0.198183
vt 0.0455739982 0.863761008
vt 0.0574619994 0.870418012
vt 0.0637139976 0.919313014
vt 0.0285390001 0.859915972
vt 0.226241007 0.435972005
vt 0.0588119999 0.928789973
vt 0.207084998 0.428249002
vt 0.083705999 0.93690002
vt 0.0659940019 0.941655993
vt 0.0340070017 0.867600024
vt 0.0477089994 0.870657027
vt 0.202929005 0.390922993
vt 0.0510360003 0.934520006
vt 0.0694470033 0.875699997
vt 0.0446080007 0.377039999
vt 0.0312200002 0.380515009
vt 0.192678005 0.391265988
vt 0.190047994 0.403010011
vt 0.131617993 0.231051996
vt 0.151850998 0.243623003
vt 0.0433919989 0.371636987
vt 0.130548999 0.243709996
vt 0.134904996 0.25592801
vt 0.0225329995 0.367027998
vt 0.0334829986 0.363124996
vt 0.0128049999 0.386211991
vt 0.187395006 0.386911005
vt 0.114294998 0.230954006
vt 0.0155520001 0.376314998
vt 0.119701996 0.218232006
vt 0.0419330001 0.878409982
vt 0.177763999 0.398155004
vt 0.0158409998 0.360334009
vt 0.0423579998 0.948616982
vt 0.0412210003 0.964137971
vt 0.0532910004 0.957307994
vt 0.0483799987 0.942624986
vt 0.0309810005 0.942574024
vt 0.172472 0.387562007
vt 0.0907960013 0.185628995
vt 0.0613350011 0.947962999
vt 0.0358229987 0.954174995
vt 0.165028006 0.718657017
vt 0.0925019979 0.673541009
vt 0.089226 0.666252017
vt 0.0776460022 0.674916983
vt 0.0257629994 0.350890994
vt 0.0251669995 0.356721997
vt 0.0240359996 0.337816
vt 0.134170994 0.689527988
vt 0.117477 0.691555977
vt 0.128682002 0.70124799
vt 0.140689 0.707619011
vt 0.126475006 0.714471996
vt 0.353201985 0.696434021
vt 0.0216269996 0.926994026
vt 0.0178670008 0.918824017
vt 0.0321939997 0.92613101
vt 0.343602002 0.677955985
vt 0.352084011 0.673546016
vt 0.359448999 0.688405991
vt 0.143652007 0.720151007
vt 0.345982999 0.639029026
vt 0.357831001 0.652638018
vt 0.352194011 0.628367007
vt 0.14903 0.730798006
vt 0.360698014 0.67512399
vt 0.227812007 0.0536359996
vt 0.230794996 0.0517980009
vt 0.221105993 0.0481589995
vt 0.362351 0.651642025
vt 0.361476004 0.64389199
vt 0.236697003 0.0583029985
vt 0.113545001 0.70084399
vt 0.117284 0.710691988
vt 0.234305993 0.0617370009
vt 0.239629 0.0675169975
vt 0.240192994 0.0630220026
vt 0.225563005 0.060633
vt 0.244902998 0.0631970018
vt 0.0834890008 0.945641994
vt 0.0953539982 0.940316021
vt 0.361981988 0.709580004
vt 0.36156401 0.701803029
vt 0.125513002 0.722476006
vt 0.0932170004 0.952791989
vt 0.213915005 0.0528500006
vt 0.207669005 0.0441359989
vt 0.101644002 0.961429
vt 0.196646005 0.0480730012
vt 0.0872360021 0.960865974
vt 0.0739720017 0.963133991
vt 0.0898820013 0.972425997
vt 0.0741750002 0.944600999
vt 0.220183998 0.0561080016
vt 0.137915 0.738059998
vt 0.136209995 0.723847985
vt 0.231381997 0.0697790012
vt 0.237900004 0.0718199983
vt 0.227605 0.0629559979
vt 0.226438999 0.0764809996
vt 0.229634002 0.079305999
vt 0.226338997 0.0722320005
vt 0.115272999 0.956752002
vt 0.350051999 0.60066402
vt 0.112108 0.961206973
vt 0.356399 0.591890991
vt 0.107671 0.96043998
vt 0.124677002 0.735997021
vt 0.366926014 0.588782012
vt 0.117729999 0.682304978
vt 0.106302001 0.675059021
vt 0.259716004 0.125364006
vt 0.241019994 0.127817005
vt 0.255703002 0.112291999
vt 0.238120005 0.111510001
vt 0.104464002 0.687317014
vt 0.0945279971 0.690180004
vt 0.0832889974 0.978177011
vt 0.0889049992 0.683745027
vt 0.357708007 0.627062023
vt 0.356133014 0.61710602
vt 0.359371006 0.613623977
vt 0.246843994 0.0739910007
vt 0.362417996 0.634884
vt 0.361321986 0.624324024
vt 0.251166999 0.0683680028
vt 0.104443997 0.699711978
vt 0.107184999 0.708544016
vt 0.254779994 0.0735410005
vt 0.363164991 0.629819989
vt 0.258078992 0.0880379975
vt 0.257918 0.0837789997
vt 0.250550002 0.0905530006
vt 0.0909689963 0.699240983
vt 0.362567008 0.607370019
vt 0.0983069986 0.710363984
vt 0.362976998 0.601606011
vt 0.368140012 0.596790016
vt 0.366095006 0.608924985
vt 0.243376002 0.0808530003
vt 0.0466930009 0.968797982
vt 0.232592002 0.0848539993
vt 0.240354002 0.0893940032
vt 0.233738005 0.090549998
vt 0.087063998 0.69354701
vt 0.226289004 0.0832230002
vt 0.0240390003 0.324137986
vt 0.0199660007 0.310988992
vt 0.221724004 0.0903289989
vt 0.237816006 0.0967700034
vt 0.244377002 0.0950850025
vt 0.082806997 0.704124987
vt 0.231191993 0.0956059992
vt 0.229550004 0.0985080004
vt 0.0597879998 0.970764995
vt 0.224961996 0.0919760019
vt 0.258226991 0.100240998
vt 0.25523299 0.0925590023
vt 0.252310991 0.104840003
vt 0.0675219968 0.97211802
vt 0.128705993 0.747488976
vt 0.242550001 0.098393999
vt 0.248159006 0.0962010026
vt 0.228687003 0.105980001
vt 0.203592002 0.0888400003
vt 0.208511993 0.0993530005
vt 0.216915995 0.108612999
vt 0.225058004 0.422183007
vt 0.111677997 0.220440999
vt 0.157297 0.258978993
vt 0.145172998 0.249755993
vt 0.250169992 0.840892971
vt 0.250171989 0.853634
vt 0.236570999 0.843620002
vt 0.102683 0.240235001
vt 0.247411996 0.081882
vt 0.2324 0.859233022
vt 0.236041993 0.864651978
vt 0.365447998 0.621469975
vt 0.258780986 0.0779910013
vt 0.366443008 0.615346014
vt 0.369105995 0.616213024
vt 0.245238006 0.0879990011
vt 0.142816007 0.271335989
vt 0.239352003 0.87421298
vt 0.251704991 0.89656198
vt 0.161268994 0.613568008
vt 0.213045999 0.737726986
vt 0.214695007 0.751308978
vt 0.167146996 0.652514994
vt 0.211530998 0.774047971
vt 0.152303994 0.651763976
vt 0.219130993 0.781001985
vt 0.228123993 0.790719986
vt 0.156962007 0.634929001
vt 0.0379480012 0.134709001
vt 0.0418020003 0.155695006
vt 0.221880004 0.973819971
vt 0.203693002 0.97437799
vt 0.030638 0.157671005
vt 0.204459995 0.982791007
vt 0.274241 0.570345998
vt 0.364124 0.466371
vt 0.249493003 0.236374006
vt 0.280440003 0.425599992
vt 0.270271987 0.432534009
vt 0.274154991 0.422430009
vt 0.184901997 0.30599001
vt 0.176569998 0.282600999
vt 0.175696999 0.546561003
vt 0.181402996 0.53008002
vt 0.197707996 0.523122013
vt 0.181536004 0.519945025
vt 0.191719994 0.515600979
vt 0.161930993 0.545108974
vt 0.181867003 0.511946023
vt 0.175028995 0.516532004
vt 0.207849994 0.520658016
vt 0.205706 0.515591979
vt 0.197413996 0.507398009
vt 0.198602006 0.50009203
vt 0.210207999 0.495977014
vt 0.19359 0.508258998
vt 0.203360006 0.490305007
vt 0.188550994 0.489580989
vt 0.215929002 0.471193999
vt 0.246215999 0.442734003
vt 0.256614 0.424378991
vt 0.241033003 0.42614001
vn 0.410909593 -0.0100002335 0.911621273
vn 0.318908751 0.107002936 0.94172585
vn 0.305885702 0.0243988596 0.951755524
vn -0.0927999914 -0.0129999984 -0.995599926
vn -0.0994989574 -0.147198468 -0.984089732
vn -0.0497021899 0.0619027242 -0.996843874
vn -0.716149509 -0.348075449 0.604957342
vn -0.659501493 -0.301700681 0.688501596
vn -0.772096932 -0.340798646 0.536397874
vn -0.412097424 -0.705895603 -0.576096416
vn -0.28488785 -0.695370376 -0.659771919
vn -0.317508519 -0.820122063 -0.476012796
vn -0.225595176 -0.783283234 -0.579287648
vn 0.343697786 -0.126699194 0.93049401
vn 0.474120557 -0.122205302 0.871937811
vn -0.0265011843 0.0202009026 -0.999444664
vn -0.0252990667 0.238291204 -0.970864177
vn -0.707910657 -0.539708138 0.455606878
vn -0.651996076 -0.507096946 0.563696563
vn -0.764377475 -0.464586318 0.447086841
vn -0.673406422 -0.553905308 0.489604682
vn 0.0220010746 0.310415179 -0.95034647
vn 0.0194009282 0.178508535 -0.983747065
vn 0.545727253 0.0840041935 0.833741605
vn 0.444074005 0.100394122 0.890347838
vn 0.472982973 0.00239991373 0.881068289
vn -0.155399129 -0.747095823 -0.646296382
vn -0.13799794 -0.845587373 -0.515692294
vn 0.432984948 0.201592997 0.878569484
vn 0.489515841 0.136604428 0.86122787
vn -0.0982993543 -0.829494536 -0.549796402
vn -0.577486932 -0.532087922 0.619185984
vn -0.592994988 -0.574295163 0.564395249
vn -0.220303878 -0.695212245 -0.684212029
vn 0.0499002002 0.150800601 -0.987303972
vn -0.0255007278 0.0171004888 -0.999528527
vn -0.664194345 -0.439396262 0.60479486
vn -0.410316437 -0.699227989 0.58542347
vn -0.40688163 -0.642771006 0.64907068
vn -0.507112443 -0.625815392 0.592614591
vn 0.372402459 0.152801007 0.915406048
vn -0.183203444 -0.0935017541 -0.978618383
vn -0.491593152 -0.606091559 0.625291288
vn -0.431074589 -0.632762671 0.643262088
vn -0.0971957818 -0.842863441 -0.529277027
vn -0.49688676 -0.549985349 0.671282113
vn -0.442220151 -0.64912957 0.618928194
vn -0.0354008786 -0.755218685 -0.65451622
vn 0.102594979 -0.828059494 -0.551173031
vn -0.131596893 -0.0211995002 0.991076589
vn -0.115305103 -0.128805697 0.984943569
vn 0.0360006317 -0.0383006744 0.99861753
vn 0.122801594 -0.183002383 0.975412667
vn 0.0308015179 -0.86494261 -0.500924706
vn 0.180694073 -0.822773039 -0.538882315
vn -0.162598148 -0.904789686 -0.393595517
vn -0.0491002351 -0.871404171 -0.488102347
vn -0.513413072 -0.466111869 0.720518351
vn 0.122801594 -0.183002383 0.975412667
vn 0.231598526 -0.0860994533 0.968993843
vn 0.0360006317 -0.0383006744 0.99861753
vn -0.427502126 -0.5686028 0.702803493
vn -0.0193002112 -0.927910089 -0.372304052
vn 0.110703975 -0.872331321 -0.476217091
vn -0.703404605 -0.463703036 0.538703501
vn 0.18070209 0.0900010392 0.979411364
vn 0.117797941 0.383293301 -0.916083992
vn 0.109404169 0.256109774 -0.960436642
vn 0.00369990175 0.0351990648 0.999373496
vn -0.0272002425 -0.0666005909 0.997408926
vn 0.18070209 0.0900010392 0.979411364
vn -0.691911459 -0.399906635 0.601109982
vn -0.767167568 -0.381483853 0.515678167
vn -0.516693354 -0.476393849 -0.711390793
vn -0.555804372 -0.458703607 -0.693305492
vn -0.497531712 -0.325520754 -0.80405128
vn -0.630005121 -0.330602705 -0.702705741
vn -0.588087559 -0.47928986 0.651486218
vn 0.224694014 0.448888034 -0.864876926
vn 0.0752033219 0.203208968 0.976243079
vn -0.399994463 -0.307795733 -0.863288045
vn -0.440998703 -0.440098703 -0.782197714
vn -0.421810389 -0.197904885 -0.884821832
vn 0.209903389 0.371205986 -0.904514611
vn -0.313001335 -0.0843003616 -0.946004033
vn -0.250100315 -0.288300365 -0.924301207
vn -0.45350787 -0.47770828 0.752413034
vn -0.594182193 -0.403187931 0.695979178
vn -0.660768867 -0.414180487 0.625970483
vn -0.554393947 -0.192897886 -0.809591115
vn 0.232005596 0.202404886 0.951422989
vn 0.232005596 0.202404886 0.951422989
vn 0.104298085 0.301694483 0.947682619
vn 0.235402748 0.347604066 0.907610595
vn -0.635215878 -0.321108013 0.702417552
vn -0.461414874 0.207706705 -0.862527788
vn -0.499608248 0.0942015573 -0.861114204
vn -0.382202268 0.203001216 -0.901505351
vn 0.314094514 0.220696151 0.923383892
vn -0.477181077 -0.078796871 -0.875265241
vn -0.544593751 0.211897567 -0.811490655
vn -0.570588708 0.197296098 -0.797184289
vn 0.019599963 0.344999373 0.938398242
vn -0.643823206 0.13690494 -0.752827168
vn -0.464197963 0.237498954 -0.85329628
vn -0.572199047 -0.327699453 0.751798749
vn -0.527004182 -0.412203282 0.743205905
vn -0.458320349 -0.00920040812 -0.888739467
vn -0.314509094 0.0620017946 -0.947227418
vn 0.314094514 0.220696151 0.923383892
vn -0.214407042 0.00490016118 -0.976732135
vn -0.21810174 0.148201182 -0.964607716
vn -0.470410883 -0.375608683 0.798518479
vn -0.114301652 -0.0325004682 -0.992914319
vn -0.0413982682 0.0191991981 -0.99895823
vn 0.443799347 -0.247399643 0.86129874
vn 0.479611456 -0.245905876 0.842320085
vn -0.471692443 -0.453192741 0.756387889
vn -0.210894942 -0.411490142 -0.886678755
vn -0.196901783 -0.555005014 -0.808207333
vn -0.30050388 -0.513406634 -0.803810358
vn -0.014900716 -0.450121641 -0.892842948
vn -0.327498227 0.255698621 -0.909595072
vn -0.57259649 0.320498049 -0.754595399
vn 0.555893779 -0.0355996005 0.830490708
vn -0.0643984377 -0.524487257 -0.848979354
vn -0.197393104 -0.624978185 -0.75527364
vn -0.509206891 -0.441605985 0.738709986
vn -0.467188627 -0.453688949 0.758881509
vn -0.500580549 0.355186224 -0.789469361
vn -0.436996043 0.409396291 -0.800892711
vn 0.620205045 0.0474003851 0.78300637
vn -0.067497097 0.0931959897 -0.993357241
vn -0.0731013045 0.0548009798 -0.99581778
vn 0.581709027 0.230303571 0.780112088
vn -0.0293987133 -0.325285763 -0.94515866
vn -0.182703137 0.186503202 -0.965316594
vn -0.920206964 0.370902807 -0.12510094
vn -0.869392335 0.426096261 -0.250197798
vn -0.924231768 0.322511077 -0.204407021
vn -0.245008796 0.280910075 -0.927933276
vn -0.871871889 0.472684741 -0.128095865
vn -0.38120693 -0.617511213 -0.688012481
vn -0.416103214 -0.477903694 -0.773605943
vn -0.44020775 -0.706212461 -0.554509759
vn -0.44227919 -0.665568709 -0.601171732
vn -0.912754714 -0.377881229 0.155192301
vn -0.918093979 -0.395897418 0.0191998743
vn -0.89650315 -0.424801499 0.125800446
vn -0.938237846 0.345913947 0.00730029447
vn -0.950128794 0.300609112 -0.0830025151
vn -0.182703137 0.186503202 -0.965316594
vn -0.027700603 0.11720255 -0.992721617
vn -0.067497097 0.0931959897 -0.993357241
vn -0.422918737 -0.600726604 -0.678430021
vn -0.916048288 -0.323617071 0.236912489
vn -0.93916887 -0.329089075 0.0982967392
vn -0.890795231 -0.413097769 0.189298987
vn -0.369201124 0.408201247 -0.834902525
vn -0.245008796 0.280910075 -0.927933276
vn -0.327498227 0.255698621 -0.909595072
vn -0.74526298 0.622469068 -0.238988131
vn -0.833683252 0.478790373 -0.275194466
vn -0.810402691 0.544601798 -0.216000721
vn -0.436996043 0.409396291 -0.800892711
vn -0.292705417 -0.644111931 -0.70671308
vn -0.840935946 0.532222748 -0.0978041813
vn -0.970182776 -0.209896281 0.12119785
vn -0.964069903 -0.265591711 0.00549982814
vn -0.940622509 -0.272806525 0.202004835
vn -0.677382171 0.257793218 -0.688981891
vn -0.90844959 -0.296116173 0.29501611
vn -0.887482345 -0.347493082 0.302693993
vn -0.790691793 0.216397762 -0.572694063
vn -0.747766197 0.166792467 -0.642670989
vn -0.653302848 0.686703026 -0.318801403
vn -0.726445735 0.569035828 -0.38532427
vn -0.931757033 -0.26978755 0.242988795
vn -0.702798009 0.361998975 -0.612398267
vn -0.7350806 0.666282415 -0.125396684
vn -0.90967375 -0.222193584 0.350889862
vn -0.351993978 -0.41799283 -0.837485671
vn -0.444794536 -0.573192954 -0.688191533
vn -0.636108816 0.741010308 -0.215102986
vn -0.617483258 0.35049051 -0.704180956
vn -0.900390089 -0.250697255 0.355596095
vn -0.602114797 0.786619306 -0.136703357
vn -0.541112781 0.7682181 -0.342108071
vn -0.962014794 0.0164002534 0.272504181
vn -0.991263747 -0.0420984626 0.124995433
vn -0.95203197 -0.230107725 0.201706767
vn -0.920993149 -0.185098618 0.342797458
vn -0.472917438 0.85773164 -0.201607436
vn -0.443608373 0.832615674 -0.331606269
vn -0.541112781 0.7682181 -0.342108071
vn -0.961861134 -0.0594975948 0.266989201
vn -0.179495633 0.292792857 -0.939177096
vn -0.411205798 0.870512247 -0.270403802
vn -0.07069958 -0.620396316 -0.781095386
vn -0.467788696 0.879478753 -0.0876978785
vn -0.472917438 0.85773164 -0.201607436
vn -0.0126003819 -0.666920245 -0.745022595
vn -0.332999736 0.376499712 -0.864499331
vn -0.0950977877 -0.698783755 -0.708983541
vn -0.904763579 -0.177892849 0.386984438
vn -0.9151178 -0.133602589 0.380407393
vn -0.998531997 0.00420013443 -0.0540017299
vn -0.987455785 0.00569974491 -0.157792926
vn -0.988033652 -0.147405013 -0.0454015471
vn -0.986502051 0.128100261 -0.102000214
vn 0.154093981 -0.629375458 -0.761670291
vn -0.961255372 0.230889276 -0.150593013
vn -0.966165543 0.10999608 -0.233291686
vn 0.106998309 -0.665389478 -0.738788307
vn -0.298997372 0.440896153 -0.846292615
vn -0.137000158 0.281600326 -0.94970113
vn -0.662402332 0.744502664 0.0833002925
vn -0.638671875 0.767866135 0.0497978069
vn -0.713181853 0.698682249 -0.0566985607
vn -0.282395154 0.513191223 -0.810486138
vn 0.0143996282 -0.353890866 -0.935175896
vn 0.180691287 -0.372782052 -0.910156131
vn 0.0301015005 -0.496624738 -0.867443204
vn -0.88322866 0.379112303 0.276008964
vn -0.898347557 0.435223043 0.0596031547
vn -0.952855885 0.256688118 0.161792517
vn -0.87008512 0.457792193 0.182696879
vn -0.962620258 0.058301229 0.264505565
vn -0.992716908 0.0608010367 0.104001775
vn -0.500580549 0.355186224 -0.789469361
vn -0.605203569 0.450402677 -0.656403899
vn 0.0572015196 -0.630816758 -0.773820519
vn -0.533186555 0.497187495 -0.684482753
vn -0.978337109 0.132805035 0.158806026
vn -0.445401847 0.459201902 -0.768603146
vn 0.233204171 -0.509909093 -0.828014791
vn -0.948852539 0.077796109 0.305984706
vn -0.870464921 0.395684063 0.292788208
vn -0.825004816 0.514402986 0.234001368
vn -0.782395184 0.607796252 0.13579917
vn -0.929688454 0.185897693 0.317996055
vn -0.972045541 0.19498907 0.130792677
vn -0.85671854 0.366907924 0.36250785
vn -0.825584054 0.473590881 0.306794077
vn -0.94642669 0.297108382 0.126503572
vn -0.413594663 0.463094026 -0.78388989
vn -0.931536674 0.209108233 0.297511697
vn -0.807373583 0.46788469 0.359488249
vn -0.52350831 0.48600772 -0.699811101
vn -0.760222197 0.588117182 0.27600804
vn -0.922502518 0.289500773 0.255300701
vn -0.451298475 0.56319809 -0.69219768
vn 0.281496018 -0.531992495 -0.798588753
vn -0.902589381 -0.217197448 0.371695638
vn -0.903022349 -0.202805012 0.378709376
vn -0.936231017 0.0233007725 0.350611627
vn -0.21050328 0.581809044 -0.785612226
vn -0.230092049 0.429485142 -0.873269796
vn -0.315903723 0.615907252 -0.721708477
vn -0.716065466 0.622569978 0.315684766
vn -0.717490196 0.671690822 0.184497476
vn -0.400712252 0.537016451 -0.742322743
vn -0.68552202 0.640520573 0.346111119
vn -0.341495246 0.590791762 -0.730989814
vn -0.416310102 0.667816162 -0.617014945
vn -0.913837373 -0.0194007941 0.405616611
vn -0.899321616 -0.108902618 0.423510164
vn -0.792926371 0.457615227 0.402313381
vn -0.826003551 0.351801515 0.440401882
vn -0.769371212 0.512680829 0.381085724
vn -0.330089658 0.685278475 -0.649179637
vn -0.828775227 0.250092506 -0.50058502
vn -0.831703067 0.14220053 -0.536701977
vn -0.854750037 0.268615723 -0.44412601
vn -0.909572542 0.0947971418 0.404587775
vn -0.902102768 0.0892002732 0.422201276
vn -0.774352193 0.370877117 -0.512668371
vn -0.88357842 0.0319992192 0.467188597
vn -0.777374089 0.44808507 0.441485286
vn -0.780198336 0.39639917 0.483898968
vn -0.107796639 -0.231392786 -0.966869831
vn -0.741611362 0.52720803 0.414806336
vn -0.749295056 0.51799655 0.412597269
vn -0.828835309 0.402117133 -0.389016569
vn -0.748465002 0.471477956 -0.466378212
vn -0.895499706 0.238599911 -0.375699878
vn 0.00199991697 -0.163393214 -0.986558974
vn -0.910184801 0.18539691 0.370393813
vn -0.00349986833 -0.0325987749 -0.999462366
vn -0.87562722 0.338510513 -0.344510704
vn 0.0809987411 -0.0551991425 -0.995184541
vn -0.672195911 0.552096665 0.493297011
vn -0.617589235 0.730887294 0.290494949
vn -0.64987725 0.692375779 0.31348902
vn 0.175599128 0.106399469 -0.978695095
vn -0.718057036 0.560366511 0.412775308
vn -0.640196025 0.643495977 0.419597387
vn -0.778403103 0.501201987 -0.378001511
vn -0.650898337 0.710098207 0.268499315
vn -0.64177984 0.750876427 0.155895099
vn -0.720595539 0.683395803 0.117099278
vn 0.208203226 0.101401567 -0.972815037
vn 0.186796263 0.00599987991 -0.982380331
vn -0.88119477 0.185598895 0.434797436
vn -0.581905544 0.794707537 0.172701642
vn -0.893392146 0.169698507 0.415996343
vn -0.886205494 0.196401224 0.419602603
vn 0.340604991 0.30250445 -0.890213072
vn -0.686668336 0.434179991 -0.583073139
vn -0.576679289 0.78997165 0.208292529
vn -0.610531569 0.538627863 -0.580630004
vn -0.605203569 0.450402677 -0.656403899
vn -0.573772311 0.757963419 0.310285032
vn -0.555015624 0.770621717 0.313208818
vn -0.513206422 0.83681047 0.190702394
vn -0.874977827 0.345391244 0.339291394
vn -0.133404046 -0.0904027447 -0.986929953
vn -0.481418073 0.861332297 0.162306085
vn -0.496120632 0.866136014 0.0606025234
vn -0.712431788 0.55632484 -0.427719086
vn -0.865425706 0.253607541 0.432112843
vn -0.373480946 0.927352726 0.0229988266
vn -0.879830062 0.121804163 0.459415704
vn -0.738596737 0.483297855 0.469997913
vn -0.856597126 0.109199636 0.504298329
vn 0.0647011995 0.0370006859 -0.99721849
vn -0.851585865 0.234196112 0.468992203
vn -0.649225235 0.638624847 0.413116068
vn -0.830488205 0.217796907 0.51269275
vn -0.533891022 0.743287444 0.403093219
vn -0.595087707 0.590087771 -0.545588732
vn -0.610531569 0.538627863 -0.580630004
vn -0.712431788 0.55632484 -0.427719086
vn -0.599119663 0.613120079 0.514916897
vn -0.844732642 0.193407476 0.499019295
vn 0.361998796 0.262699127 -0.89439702
vn -0.868995011 0.285998374 0.403797686
vn -0.526981771 0.677976549 -0.512482226
vn -0.50541383 0.600216448 -0.619916975
vn 0.127399459 -0.169299275 -0.977295816
vn -0.584911227 0.67851305 -0.444408536
vn -0.634729266 0.626228869 -0.452720881
vn -0.51473248 0.737246573 -0.437627643
vn -0.819030166 0.291610748 0.494118184
vn -0.468398809 0.824497938 0.317499191
vn -0.820392787 0.273597598 0.50209558
vn -0.802909732 0.336404085 0.492105961
vn -0.39481318 0.715123832 -0.576819241
vn -0.81750828 0.249002516 0.519305289
vn -0.453382045 0.871265471 0.187992558
vn -0.464586169 0.680379748 -0.56678313
vn -0.868614972 -0.344005942 0.356606156
vn -0.365288585 0.917371333 0.158095062
vn -0.407912612 0.873927057 0.264308184
vn -0.347819984 0.917352736 0.19361113
vn 0.31210655 -0.184703872 -0.931919515
vn 0.395298809 -0.363198906 -0.843697488
vn -0.433492005 0.77318573 -0.462891459
vn -0.879156828 -0.23318854 0.415579587
vn -0.326994747 0.774087548 -0.54209125
vn 0.471791536 -0.209396243 -0.856484652
vn 0.276691675 0.0388988294 -0.960171103
vn -0.860503733 -0.306801319 0.406701744
vn 0.491991252 -0.0723987147 -0.867584586
vn -0.778403103 0.501201987 -0.378001511
vn -0.533596992 0.74719578 0.396197766
vn -0.466095388 0.783792257 0.41039592
vn -0.726445735 0.569035828 -0.38532427
vn -0.820052207 -0.27381742 0.502532005
vn -0.798457563 -0.353181243 0.4875741
vn -0.839290619 -0.215397596 0.499194443
vn -0.790589631 -0.220697105 0.571192503
vn -0.801190197 -0.266896755 0.53559345
vn -0.653302848 0.686703026 -0.318801403
vn 0.337796986 0.217298076 -0.915791869
vn -0.502903044 0.767204642 0.398102403
vn -0.504096389 0.735494733 0.452696741
vn -0.867837071 -0.155706644 0.471820146
vn 0.388593376 0.422592789 -0.818786025
vn 0.227097914 0.111298978 -0.96749115
vn 0.491402149 0.10230045 -0.864903808
vn -0.806331217 -0.241709352 0.53982091
vn -0.808297336 -0.169999436 0.563698173
vn 0.543302178 -0.082200326 -0.83550334
vn 0.270488799 0.0224990696 -0.96246016
vn -0.843692601 -0.0605994649 0.53339529
vn -0.43738085 0.822763979 0.362984091
vn -0.382587522 0.82487309 0.416186422
vn -0.77296716 -0.24938941 0.583375216
vn -0.241692305 -0.2796911 -0.92917043
vn -0.338214278 -0.477320164 -0.811034262
vn -0.354701102 -0.48210153 -0.801102519
vn -0.440299839 -0.289199889 -0.849999666
vn 0.0358016491 0.139706433 -0.989545524
vn 0.572490454 -0.228296191 -0.787486851
vn 0.48558256 -0.242891282 -0.83976984
vn -0.282292962 0.537986636 -0.794280231
vn -0.367588401 0.8634727 0.345389098
vn 0.336796492 -0.203197882 -0.91939044
vn -0.284412831 0.907840967 0.308113903
vn 0.373012632 -0.44631511 -0.813427567
vn 0.397516817 -0.236710012 -0.886537492
vn -0.406902611 -0.144900918 -0.901905775
vn -0.167097822 0.206897303 -0.96398747
vn -0.231593668 0.722180247 -0.651782215
vn 0.0370984301 -0.127394617 -0.991158068
vn 0.255401939 -0.452503443 -0.854406536
vn 0.0559020527 -0.05470201 -0.996936619
vn 0.120297492 -0.513389289 -0.849682271
vn 0.249291569 0.625678837 -0.739175022
vn -0.352099717 0.845899343 0.400599688
vn 0.275587559 0.422680944 -0.863361061
vn -0.721065819 -0.263587505 0.640769601
vn -0.245707452 0.884626806 0.396312028
vn -0.667288065 -0.610389113 -0.426792383
vn -0.782727242 -0.556219339 -0.279209733
vn -0.73698175 -0.538586676 -0.408389896
vn -0.0632026419 0.15720658 -0.985541224
vn 0.0741035268 0.00250011892 -0.997247398
vn -0.779494524 -0.21129851 0.589695871
vn -0.736928046 -0.18050687 0.651424825
vn -0.42549029 0.800181746 0.422690362
vn -0.863227546 -0.472915083 -0.176605627
vn -0.764794648 -0.621795654 -0.168698817
vn -0.38918373 0.798266649 0.459680796
vn -0.770453751 -0.118092909 0.6264624
vn -0.37221086 0.789123058 0.488614261
vn -0.816644192 -0.568930805 -0.0970052481
vn -0.659179568 -0.21539332 0.720477641
vn -0.873781562 -0.476889938 -0.0952979922
vn -0.886354744 -0.0545972101 0.459776521
vn 0.266190499 -0.224691987 -0.937366605
vn 0.111399926 -0.1445999 -0.983199358
vn -0.858115852 -0.508509398 0.0711013153
vn -0.900204539 -0.43100217 -0.0622003153
vn -0.886343837 -0.463022888 -0.00210010377
vn -0.893037796 -0.448118955 0.040901728
vn -0.0360992514 0.157996729 -0.986779571
vn -0.898194849 -0.0598996542 0.435497493
vn -0.282189369 0.847068071 0.450383008
vn -0.526718259 -0.671723306 -0.520918071
vn -0.529706836 -0.725609422 -0.439205676
vn -0.163503379 0.854117632 0.49371019
vn 0.0273993704 -0.170496076 -0.984977365
vn -0.842287302 0.0861987025 0.532091975
vn -0.2977947 0.818385422 0.491491228
vn -0.148403943 0.897723854 0.414811015
vn -0.595792592 -0.687491417 -0.415194839
vn -0.179792255 0.862862825 0.472379625
vn -0.151406199 0.869735599 0.469719231
vn -0.832781672 0.00389991421 0.553587794
vn -0.0811032951 0.371615082 -0.92483753
vn -0.780276775 -0.0237992909 0.624981403
vn -0.490028501 -0.735342741 -0.468127221
vn -0.396693528 -0.816286683 -0.419893146
vn -0.442413151 -0.808624029 -0.387811512
vn -0.118596785 0.381389678 -0.916775167
vn -0.767933309 0.10030435 0.632627428
vn -0.377805769 0.900813758 -0.214003265
vn -0.467788696 0.879478753 -0.0876978785
vn -0.388796061 0.910990775 -0.137598604
vn -0.649704576 -0.272401929 0.709704995
vn -0.265999973 0.928999841 -0.25729996
vn -0.328593522 0.86718291 -0.374192625
vn -0.575313032 -0.744416893 -0.338907689
vn -0.588513732 -0.256505966 0.766717851
vn -0.450703353 -0.848706365 -0.276702076
vn -0.350096732 -0.883191764 -0.312097102
vn -0.320501685 0.941804945 -0.101400532
vn -0.839998364 0.13779974 0.524798989
vn -0.399486899 0.916569948 -0.0175994225
vn -0.836527824 0.1834061 0.516317189
vn -0.56111306 -0.791418433 -0.242505655
vn -0.522474051 -0.829658866 -0.196690246
vn -0.159898818 0.961892843 -0.221798345
vn -0.682189524 -0.717588961 -0.140297845
vn -0.677675068 -0.691274583 -0.250790775
vn -0.0918988138 0.982287347 -0.163297892
vn -0.0212007035 0.950431526 -0.310210288
vn -0.179800898 0.979704857 -0.0886004418
vn -0.187802181 -0.522006035 -0.832009614
vn -0.388796061 0.910990775 -0.137598604
vn -0.710665286 -0.642468631 -0.286686003
vn -0.376909882 0.925724268 0.0312008187
vn -0.320501685 0.941804945 -0.101400532
vn -0.399486899 0.916569948 -0.0175994225
vn -0.728964388 -0.0807960555 0.679766774
vn -0.282699138 0.959197104 -0.00469998596
vn -0.670302689 -0.0768003091 0.738102973
vn -0.38900128 0.826602697 -0.406701326
vn -0.625998557 -0.164399624 0.762298226
vn -0.282699138 0.959197104 -0.00469998596
vn 0.0158002302 0.990814507 -0.13430196
vn 0.0674973279 0.971461475 -0.22739099
vn -0.727604568 0.0801004991 0.681304276
vn -0.804117322 0.14970322 0.575312376
vn -0.790493846 0.139398918 0.596395373
vn -0.743242741 0.106206112 0.660538018
vn 0.0756991133 0.990088403 -0.11829862
vn 0.149900705 0.96570456 -0.212001011
vn 0.00219994201 0.998873651 -0.0473987497
vn -0.125603154 0.552013814 -0.824320674
vn -0.65912348 0.0476016924 0.750526726
vn 0.215706661 0.974430084 -0.0629019439
vn 0.00820026733 0.397812963 -0.917429864
vn 0.156804398 0.986727655 0.0422011837
vn 0.0832018256 0.996321857 0.0205004495
vn 0.00880028866 0.997632682 0.0682022348
vn 0.0880954713 0.962150514 0.257886738
vn 0.0953988805 0.987188458 0.127898499
vn 0.0470010415 0.985521853 0.162903607
vn -0.62781173 -0.227704257 0.744313896
vn -0.0405003913 0.549505293 -0.834508061
vn 0.217296988 0.962886631 0.160097778
vn 0.0973041579 0.979441881 0.176707551
vn 0.164497435 0.956685066 0.240196258
vn -0.647195399 -0.152598917 0.746894717
vn -0.287312478 -0.90773946 -0.305713296
vn -0.12709932 -0.95519489 -0.267298579
vn 0.00950052589 0.52092886 -0.853547215
vn 0.0451001562 -0.965703368 -0.255700886
vn -0.572596669 -0.313098162 0.757695556
vn -0.0101996409 0.638477504 -0.769572914
vn -0.373781949 0.900756538 0.22118932
vn -0.27669993 0.957399786 0.0825999826
vn 0.0377024636 0.627440989 -0.77775079
vn -0.222800374 0.943001568 0.247200415
vn -0.479980767 -0.369285196 0.795768142
vn -0.445688456 -0.45778814 0.769280076
vn -0.215300381 0.677401245 -0.703401268
vn -0.0976060852 0.659041107 -0.745746493
vn -0.252492815 -0.878674984 -0.405188471
vn -0.488800496 -0.29970029 0.81930083
vn -0.587181985 -0.221793205 0.778476119
vn -0.194097221 0.763789058 -0.615591168
vn -0.51241684 -0.193606362 0.836627483
vn -0.152497679 0.932885826 0.326295048
vn -0.450487286 -0.261992604 0.853475869
vn -0.648677409 -0.0323988721 0.760373533
vn -0.267289281 -0.956861675 -0.113895439
vn -0.4041062 -0.890113652 -0.210703239
vn -0.226591662 -0.949465036 -0.217192009
vn -0.170104772 0.970227242 0.172404841
vn -0.622069538 -0.116394304 0.77426213
vn -0.0886005461 0.734404504 -0.672904134
vn -0.0456979498 0.958857 0.280187428
vn -0.631884277 0.0167995803 0.774880707
vn -0.422217607 -0.90113759 -0.098404102
vn -0.00639978563 0.947568297 0.3194893
vn 0.0368006006 0.933415234 0.356905818
vn 0.124901138 0.94760865 0.294002682
vn 0.00500014285 0.753421545 -0.657518804
vn 0.0478023775 0.693534493 -0.718835771
vn -0.120805033 -0.980340838 -0.1560065
vn -0.0747004822 0.743004799 -0.66510427
vn -0.633228302 0.0779034793 0.770034373
vn 0.161996856 0.909982324 0.381692588
vn 0.124901138 0.94760865 0.294002682
vn 0.161996856 0.909982324 0.381692588
vn -0.0851970688 0.825671613 -0.557680786
vn 0.0871994495 0.817494869 -0.56929642
vn -0.569573462 -0.135693684 0.81066227
vn -0.35689798 -0.930194736 0.0857995152
vn -0.199809015 -0.975344002 0.0937042236
vn -0.303194016 -0.941081405 0.149797037
vn -0.210796982 -0.96028626 0.182797387
vn -0.645191908 -0.0140998233 0.763890445
vn -0.412581295 -0.893659472 0.176491991
vn -0.620090723 0.133498013 0.773088455
vn -0.629169166 0.068296656 0.774262071
vn 0.0880954713 0.962150514 0.257886738
vn 0.0470010415 0.985521853 0.162903607
vn -0.326703817 -0.909710586 0.256302983
vn 0.0692993104 0.562494397 -0.823891759
vn -0.418094128 -0.868187785 0.267296225
vn -0.577298999 -0.0368999392 0.815698624
vn -0.476588994 -0.107897505 0.872479856
vn 0.0812041685 0.484624863 -0.870944679
vn -0.389595628 -0.851190448 0.351696044
vn -0.761970818 -0.646775186 -0.032898739
vn -0.67950511 -0.732905507 -0.0335002542
vn -0.749799967 -0.655799985 0.0878999978
vn -0.497908145 -0.00520008523 0.867214203
vn -0.450821221 -0.168107912 0.876641273
vn -0.521693587 0.113198616 0.845589638
vn -0.486575037 -0.043497771 0.872555256
vn -0.814618289 0.165403709 0.555912495
vn -0.658201993 -0.750502288 0.0593001768
vn -0.599609256 -0.800112307 -0.0170002617
vn 0.134893417 0.583871484 -0.800560951
vn -0.0453989245 0.918378294 0.393090695
vn 0.261998832 0.575097382 -0.774996519
vn -0.80618751 0.227696478 0.546091557
vn 0.335512847 0.460817635 -0.821631432
vn -0.0767026618 0.892531037 0.44441545
vn 0.0399005972 0.653109789 -0.75621134
vn 0.0688021854 0.675521433 -0.73412329
vn -0.780976713 0.150395513 0.60618192
vn -0.758228898 0.244709328 0.60432303
vn 0.0248994175 0.905978799 0.422590107
vn 0.119996235 0.909771442 0.397387534
vn -0.69672972 0.176307529 0.695329666
vn 0.274600059 0.658600152 -0.700600207
vn -0.686283469 -0.697583139 0.205895036
vn -0.5658077 -0.81061101 0.150902048
vn -0.113599144 0.838393629 0.533095956
vn -0.685218334 0.0764020458 0.724319398
vn -0.730121017 -0.653818846 0.198605716
vn -0.739801764 -0.665501595 0.0990002304
vn -0.63009572 0.128599122 0.765794814
vn -0.636361718 0.167189941 0.753054678
vn 0.270700753 0.658401847 -0.702301979
vn 0.30239895 0.722097456 -0.622197807
vn 0.342293024 0.672986269 -0.655686617
vn -0.770396888 -0.617497504 0.158699363
vn 0.0944006145 0.826205373 0.55540365
vn -0.83382839 -0.551218748 0.0298010148
vn -0.807285368 -0.581489503 0.100798175
vn -0.732938707 0.461924404 0.499426365
vn -0.77019012 -0.619192064 0.15299803
vn -0.829886198 -0.532791138 0.165597245
vn -0.720815957 0.409109056 0.559512377
vn -0.743717849 0.320207685 0.586814106
vn -0.679711521 0.463207871 0.568709671
vn -0.68114233 0.460328579 0.569335341
vn -0.754661024 0.455976456 0.471775621
vn -0.637482405 0.518285692 0.570084274
vn -0.81382823 0.319611073 0.485316813
vn 0.0652974397 0.761070132 -0.645374656
vn -0.731083333 0.285493493 0.619685888
vn -0.501020133 -0.856534421 0.123804972
vn -0.596715748 0.580515325 0.554014623
vn -0.608385623 0.586586118 0.534587383
vn 0.223898441 0.765994668 -0.602595806
vn -0.48728472 -0.843573511 0.225692913
vn -0.616172075 -0.741266429 0.266187936
vn 0.15819706 0.819984734 -0.550089777
vn -0.412581295 -0.893659472 0.176491991
vn -0.418094128 -0.868187785 0.267296225
vn -0.672690868 0.382494807 0.63339144
vn -0.602781892 0.431787044 0.670979857
vn -0.601591408 0.358994871 0.713589847
vn 0.269215971 0.746544242 -0.608436048
vn -0.595783889 0.516086042 0.615383387
vn -0.654800475 0.251300186 0.712800503
vn -0.705386877 -0.487890929 -0.514190435
vn -0.596298218 -0.47479856 -0.647298038
vn -0.537316263 0.603418231 0.589217842
vn -0.623206079 -0.526805162 -0.578005612
vn 0.297991008 0.791376114 -0.533783853
vn -0.527570248 0.514271021 0.676161885
vn 0.410212517 0.713021755 -0.568617344
vn 0.408992082 0.807584345 -0.42489177
vn 0.349899888 0.865599751 -0.358199894
vn -0.631602049 0.170100555 0.756402433
vn -0.560107708 0.623808563 0.545107484
vn -0.584188223 0.283794284 0.760384679
vn -0.735097051 -0.387798429 -0.556097746
vn -0.620713353 -0.30420655 -0.7226156
vn -0.534501374 0.368500948 0.760601938
vn -0.550269246 0.405777335 0.729759216
vn -0.500614285 0.411111742 0.761821806
vn -0.530985117 0.583283663 0.614682794
vn -0.499811977 0.701216817 0.508412182
vn -0.540902674 0.619403064 0.569002807
vn -0.279087842 0.86036247 -0.426481396
vn -0.59733063 0.185109496 0.780340016
vn -0.176899523 0.830997765 -0.527398586
vn -0.438893855 0.589891732 0.677790463
vn -0.488986194 0.604482949 0.628882229
vn -0.456391901 0.675888002 0.578689754
vn -0.714409053 -0.274803489 -0.643508136
vn -0.871141553 -0.309614778 -0.381118178
vn -0.833196998 -0.447898388 -0.324298829
vn -0.895107448 -0.374003112 -0.242702022
vn -0.388795108 0.744090676 0.543293178
vn -0.560512364 0.292906463 0.774617136
vn -0.0903959349 0.852061689 -0.515576839
vn -0.0712993294 0.862391829 -0.501195252
vn -0.779324174 -0.51621604 -0.35521102
vn -0.773088932 -0.452993512 -0.443993658
vn -0.186705008 0.88572377 -0.425011396
vn -0.433787823 0.064898178 0.898674786
vn -0.453513741 0.170305163 0.874826491
vn -0.458003938 0.209101796 0.864007413
vn -0.404913515 0.636621237 0.656321883
vn -0.36618495 0.674772322 0.640773714
vn -0.501978397 0.247989342 0.828564405
vn 0.0567017496 0.893527567 -0.445413738
vn -0.109497368 0.93167758 -0.346391678
vn -0.464420825 0.478321433 0.745333433
vn -0.402113467 0.235707894 0.884729624
vn -0.48208195 0.411884576 0.773271024
vn -0.533392072 0.383594304 0.753888786
vn -0.236808285 0.905931711 -0.35101229
vn -0.826697111 -0.361798733 -0.430898517
vn -0.44761008 0.498311251 0.742516756
vn -0.405390769 0.514688313 0.755482793
vn -0.420214981 0.524018705 0.740826428
vn -0.822326243 -0.226907238 -0.521816671
vn -0.39750579 0.502907336 0.767511189
vn -0.509971559 0.394378006 0.764457345
vn -0.365102619 0.535403848 0.761605442
vn -0.358494431 0.510492086 0.781587839
vn -0.40722239 0.433223814 0.804044187
vn -0.846485436 -0.201296538 -0.49289152
vn -0.440916151 0.344912618 0.828630328
vn -0.890885949 -0.261795878 -0.371194154
vn -0.86379379 -0.161098838 -0.477396548
vn -0.295600116 0.543700218 0.785500288
vn -0.371317923 0.342716545 0.862941682
vn -0.277199954 0.556699932 0.78309989
vn -0.600523472 -0.190307438 -0.776630342
vn -0.663089991 -0.258496106 -0.702489436
vn -0.737295806 -0.236298651 -0.632896423
vn -0.38358441 0.469480902 0.795267701
vn -0.210994542 0.557985544 0.802579224
vn 0.103598431 0.859287024 -0.500892401
vn -0.272790104 -0.892467618 0.359286964
vn -0.210699901 -0.92969954 0.302099854
vn -0.591622591 -0.0964036807 -0.800430536
vn -0.709091067 -0.0814989731 -0.700391173
vn -0.390912831 -0.830927253 0.395912975
vn -0.283595532 -0.834686875 0.472092569
vn -0.352215499 0.579625487 0.734832346
vn -0.215305507 -0.885422647 0.411910534
vn 0.211287439 0.834450364 -0.508969724
vn 0.130993217 0.888354003 -0.440077215
vn -0.192995638 -0.900279701 0.390191197
vn -0.279196233 0.627091587 0.727190197
vn -0.469809175 -0.751414716 0.46330905
vn 0.0590981469 0.938570559 -0.339989334
vn -0.185399756 -0.814798892 0.54929924
vn -0.195694461 -0.866675496 0.458887011
vn -0.323583424 0.697864294 0.638967276
vn -0.0767978802 -0.977573037 0.196094587
vn -0.0134002632 -0.943918526 0.329906464
vn -0.184208244 -0.931241691 0.314414084
vn -0.0617996715 -0.891695261 0.448397607
vn 0.294796616 0.859190166 -0.418195218
vn -0.602520227 -0.0168005638 -0.797926784
vn -0.166202053 0.620107651 0.766709447
vn -0.142693326 0.608571529 0.780563474
vn 0.125699103 -0.933293283 0.336397588
vn 0.083600603 -0.889206409 0.449803233
vn 0.116298407 0.932587266 -0.341695338
vn 0.225288093 0.915551603 -0.333182395
vn -0.704412103 -0.0199003424 -0.709512174
vn -0.05229716 -0.852153718 0.520671725
vn -0.675118327 0.048401311 -0.736119986
vn -0.660816073 0.0965023488 -0.744318068
vn -0.171601266 -0.806905985 0.565204203
vn -0.179197177 0.642789841 0.744788289
vn 0.15840435 -0.83822304 0.521814346
vn -0.384781003 -0.733663797 0.560072362
vn -0.800519824 -0.155003846 -0.578914344
vn -0.227894589 -0.770981669 0.594685853
vn -0.323008865 -0.718719721 0.615716875
vn -0.469809175 -0.751414716 0.46330905
vn -0.384781003 -0.733663797 0.560072362
vn 0.372393072 0.89958328 -0.228195757
vn -0.323008865 -0.718719721 0.615716875
vn 0.252902716 0.926810026 -0.277603
vn -0.408705086 0.757409453 0.509206355
vn -0.859796047 -0.0466997847 -0.508497655
vn -0.837263346 -0.0601973645 -0.543476224
vn -0.186389744 -0.792956412 0.580068111
vn -0.745213568 0.153102785 -0.649011791
vn 0.2790986 0.94449532 -0.173299134
vn -0.0139998458 -0.850990653 0.524994254
vn -0.847691357 0.116698809 -0.517494738
vn -0.0289995726 -0.773288608 0.633390665
vn 0.0807048678 -0.809148848 0.582035124
vn -0.342112035 0.744026184 0.57392019
vn -0.277512372 0.802935779 0.527523518
vn -0.194306836 -0.730825722 0.654323041
vn 0.0228999332 -0.238399312 -0.970897198
vn 0.025501024 -0.441017717 -0.897136033
vn -0.191295683 -0.305193126 -0.932878971
vn -0.141098291 -0.138298333 -0.980288148
vn -0.357786059 -0.150694132 -0.921564102
vn -0.913380384 -0.360892266 -0.188395962
vn -0.892718256 -0.430508792 -0.133102715
vn -0.041901473 -0.687024117 0.725425482
vn 0.10529758 -0.90097934 0.420890331
vn 0.061103113 -0.132106736 -0.989350379
vn -0.275494128 0.722784638 0.6337865
vn 0.143701836 -0.897611499 0.41670534
vn 0.243193269 -0.918974519 0.310391396
vn 0.216710508 -0.849841177 0.480423272
vn 0.199596405 -0.311094403 -0.929183245
vn 0.273985416 -0.870253682 0.409378201
vn 0.366909206 -0.884322226 0.288707256
vn -0.192599535 0.801098049 0.566698611
vn -0.18570064 0.845702946 0.500301719
vn 0.20569697 -0.217296809 -0.954185963
vn 0.243293852 -0.820879221 0.516686916
vn 0.151903391 -0.784517527 0.601213455
vn 0.357113838 -0.220608547 -0.907635152
vn 0.433800668 -0.317800492 -0.843101323
vn -0.18259874 0.720395029 0.669095397
vn 0.418380588 -0.815262139 0.400381416
vn -0.249589533 -0.0192991905 -0.968159378
vn -0.106201537 -0.0381005518 -0.993614376
vn 0.547299087 -0.78089869 0.301099509
vn 0.0393015184 0.784230292 0.619223893
vn -0.0913012549 0.766510546 0.635708749
vn -0.0651012138 0.669212461 0.740213811
vn -0.92022264 -0.310407639 -0.238405868
vn 0.425915152 -0.783527911 0.452416092
vn 0.0318007618 -0.0417010002 -0.998623908
vn 0.504700303 -0.743400395 0.438900262
vn 0.706642985 -0.628038168 0.325919807
vn -0.928007305 -0.27020213 -0.256502002
vn -0.921380937 -0.0895981491 -0.378192186
vn 0.171993911 -0.0450984016 -0.984065175
vn 0.363602191 -0.781304717 0.507303059
vn -0.909067035 -0.39578566 -0.130195275
vn 0.556395113 -0.666494131 0.496195614
vn 0.639900863 -0.725300968 0.253900349
vn 0.643400967 -0.618500948 0.451100677
vn 0.247786745 -0.144692257 -0.957948804
vn -0.110702187 0.837816536 0.534610569
vn -0.176506743 0.814731121 0.552321076
vn -0.0339001641 0.800103843 0.598902881
vn -0.0565002449 0.827103615 0.559202433
vn 0.0359988175 0.803673625 0.593980491
vn 0.23840493 -0.789316297 0.565811694
vn -0.973403871 -0.142100558 -0.179700717
vn 0.299506634 -0.0384008512 -0.953321099
vn 0.104599714 -0.731198013 0.674098194
vn -0.935577989 0.0126997009 -0.352891684
vn -0.884899795 0.141399965 -0.443799913
vn -0.83999002 -0.0029999644 -0.542593539
vn 0.376411289 -0.454113632 -0.807524204
vn 0.2612091 -0.415814489 -0.871130347
vn 0.176693976 -0.73407495 0.655677617
vn 0.508682787 -0.480083734 -0.714675784
vn 0.574201226 -0.386200845 -0.721901536
vn 0.283197969 -0.715894878 0.638195455
vn 0.617179751 -0.324089348 -0.716976464
vn -0.932559907 0.138994023 -0.333185673
vn 0.342107385 -0.751116216 0.56461221
vn 0.689073145 -0.434783071 -0.57977742
vn 0.646040499 -0.541533947 -0.537933707
vn 0.495600075 -0.611000121 0.617300093
vn 0.701422513 0.554417789 0.447914392
vn 0.711401343 0.603101134 0.360800683
vn 0.680894077 0.646194398 0.344696999
vn 0.43378678 -0.801975548 0.410687476
vn 0.655109167 0.603008449 0.455206364
vn 0.701474309 -0.345087379 -0.623577178
vn 0.640790224 -0.292795539 -0.70968914
vn -0.96450305 -0.0095000295 -0.263900816
vn 0.280512571 -0.662629724 0.694431126
vn 0.140599221 -0.668396294 0.730395973
vn 0.713812947 -0.493308932 -0.497109026
vn 0.759694755 -0.467796773 -0.451696873
vn 0.127002984 0.832019567 0.540012717
vn 0.17709884 0.842594445 0.508596659
vn 0.216491565 0.817768097 0.533279181
vn 0.216596514 0.819486797 0.530591488
vn 0.478702813 -0.594903529 0.645703793
vn 0.189498737 0.78319478 0.592196047
vn 0.365612328 0.776026189 0.513917327
vn 0.387398839 0.72189784 0.573398292
vn 0.445295841 0.788092613 0.424996018
vn 0.795476079 -0.328090131 -0.509484708
vn 0.20621042 0.801140487 0.561828375
vn 0.257298648 0.830995619 0.493197411
vn -0.934196532 0.23559913 -0.267899007
vn -0.262699515 -0.634398818 0.726998687
vn -0.227894589 -0.770981669 0.594685853
vn 0.528392613 -0.237896666 -0.814988613
vn 0.310614586 0.717533648 0.623429239
vn 0.20621042 0.801140487 0.561828375
vn 0.257298648 0.830995619 0.493197411
vn 0.433487624 -0.118196629 -0.893374503
vn 0.628283501 0.573784947 0.525386214
vn 0.662523329 0.491517305 0.565219939
vn 0.650209963 0.566908717 0.505807757
vn -0.327289611 -0.543782711 0.772775412
vn 0.486109406 0.698313534 0.525410175
vn 0.602398574 0.64169848 0.474698871
vn 0.482896388 0.748494446 0.454496622
vn 0.646617174 0.587115586 0.487012923
vn 0.677011192 0.578309536 0.455207527
vn 0.56728673 -0.128196999 -0.813480973
vn 0.615899682 -0.256499857 -0.744899631
vn -0.262699515 -0.634398818 0.726998687
vn -0.188997477 -0.614691794 0.765789747
vn -0.208298817 -0.574996769 0.791195512
vn 0.763991356 -0.202297717 -0.612693071
vn -0.0804962739 -0.619871318 0.780563831
vn -0.188997477 -0.614691794 0.765789747
vn -0.28110671 -0.54411298 0.79051888
vn 0.660492241 0.599692941 0.451794684
vn 0.602310598 0.585210323 0.542909563
vn -0.28110671 -0.54411298 0.79051888
vn 0.679426968 -0.122004844 -0.723528743
vn 0.556789339 0.660287321 0.503990352
vn 0.73209244 -0.187498063 -0.654893219
vn -0.208298817 -0.574996769 0.791195512
vn -0.201094642 -0.571084797 0.795878828
vn 0.535486639 0.641683996 0.549086273
vn -0.159903318 -0.625312984 0.76381582
vn -0.201094642 -0.571084797 0.795878828
vn 0.880896807 -0.113499582 -0.459498316
vn 0.859684467 -0.172296882 -0.480891287
vn 0.346809506 0.685918808 0.639717519
vn 0.460277706 0.621369898 0.634069264
vn 0.385101914 0.69620347 0.605803013
vn 0.272103101 -0.831509471 -0.484305531
vn 0.474603653 0.646605015 0.597204626
vn 0.171993911 -0.0450984016 -0.984065175
vn 0.0318007618 -0.0417010002 -0.998623908
vn 0.166698053 0.0250997059 -0.985688448
vn 0.146203518 -0.933222413 -0.32820788
vn -0.0534992702 -0.620991528 0.781989336
vn 0.616188645 0.539090037 0.574189425
vn 0.580762625 0.584762394 0.566363573
vn 0.537198901 0.632498682 0.557998836
vn 0.0488009751 -0.666713357 0.743714869
vn 0.610716701 0.46981284 0.637417436
vn -0.106201537 -0.0381005518 -0.993614376
vn -0.037501473 -0.0107004205 -0.999239266
vn -0.397310346 -0.449211687 0.800220847
vn 0.239810288 -0.901438713 -0.360415459
vn 0.546877205 0.49257946 0.676971793
vn -0.21200633 -0.0704021007 -0.974729121
vn -0.40700984 -0.490711868 0.770418644
vn 0.0852992088 0.0414996147 -0.99549073
vn 0.550602794 0.423602164 0.719303668
vn 0.59150809 0.382105231 0.710009694
vn 0.227787599 -0.935849071 -0.268885374
vn 0.454399437 0.478299409 0.751499057
vn 0.353007615 -0.684714794 -0.637613773
vn 0.315101743 -0.753204167 -0.577403188
vn -0.324786097 -0.54287672 0.774466813
vn 0.341988355 -0.581880212 -0.737874925
vn 0.299506634 -0.0384008512 -0.953321099
vn -0.328603715 -0.505805731 0.797609031
vn -0.407707989 -0.453708917 0.792415559
vn 0.317712069 0.0987037495 -0.943035841
vn 0.434204608 -0.0270002857 -0.90040952
vn -0.238794565 -0.626685739 0.741783082
vn -0.238794565 -0.626685739 0.741783082
vn 0.4272995 0.0959998891 -0.898998976
vn 0.394096196 0.747092783 0.535294831
vn 0.5517295 -0.324417323 -0.768341064
vn 0.421582848 0.762368977 0.490980029
vn 0.472194582 0.720891714 0.507294178
vn 0.798404396 -0.314101726 -0.51370281
vn 0.719415843 -0.303806692 -0.624613762
vn 0.748517394 -0.250905842 -0.613814294
vn 0.509891689 0.638489604 0.576490641
vn 0.445786595 0.775376678 0.447286576
vn 0.404603481 0.700305998 0.588105023
vn -0.0364013724 -0.668825209 0.742527962
vn -0.146797761 -0.643090248 0.751588583
vn 0.224909693 0.172207415 -0.959041297
vn -0.146797761 -0.643090248 0.751588583
vn -0.23910822 -0.568419576 0.787227094
vn 0.346809506 0.685918808 0.639717519
vn -0.23910822 -0.568419576 0.787227094
vn -0.0919023752 -0.563014567 0.821321249
vn 0.555286348 -0.614784896 -0.56008625
vn 0.519498765 -0.706298351 -0.480898857
vn 0.43609488 -0.782290816 -0.444794774
vn 0.46940434 0.251502305 -0.846407771
vn 0.540817857 0.23540777 -0.807526648
vn 0.737435818 -0.473322988 -0.481823385
vn 0.684602141 -0.620801926 -0.382001191
vn 0.318002135 0.298402011 -0.899906039
vn 0.406197995 0.314398468 -0.857995808
vn 0.397197455 -0.868994415 -0.295098096
vn 0.57332468 -0.748732269 -0.332714319
vn 0.216106459 0.272308141 -0.937628031
vn 0.873291969 0.00129998801 0.487195522
vn 0.838486314 -0.0573990643 0.541891158
vn 0.888907909 0.0187001657 0.457704067
vn 0.921014905 0.0355005749 0.387906283
vn 0.952361703 0.0828966647 0.293488204
vn 0.945523918 0.117502972 0.303607672
vn 0.953102469 0.142500371 0.267000675
vn 0.128401086 -0.642905474 0.755106449
vn 0.914825261 0.118703283 0.386010677
vn 0.560991287 0.326094955 -0.760888219
vn 0.919578552 0.255494028 0.298493028
vn 0.649605751 0.306602716 -0.695706189
vn 0.880416811 0.180003434 0.438708365
vn 0.899113476 0.191902876 0.393405914
vn 0.546413362 -0.602914751 -0.581314206
vn 0.650134861 -0.577630997 -0.493626475
vn 0.85741955 0.156603575 0.490211189
vn 0.433487624 -0.118196629 -0.893374503
vn 0.637110829 -0.440907478 -0.632210732
vn 0.3672297 -0.611049414 0.701256692
vn 0.127294675 -0.861763895 -0.49107945
vn 0.56728673 -0.128196999 -0.813480973
vn 0.608691692 0.0312995724 -0.792789221
vn 0.00469999714 -0.817999542 -0.575199664
vn -0.228313774 -0.862552047 -0.451527238
vn -0.122703388 -0.869023979 -0.479313225
vn -0.271508723 -0.843027115 -0.464314908
vn 0.665681124 -0.614982545 -0.422688007
vn 0.749995947 -0.578496873 -0.320698291
vn 0.679426968 -0.122004844 -0.723528743
vn 0.827942848 0.0907046944 0.55342865
vn 0.790299833 -0.210299954 0.575499892
vn 0.558433414 0.175610498 -0.810748458
vn 0.140003964 -0.927726328 -0.346009821
vn -0.0417982414 -0.892462432 -0.44918111
vn -0.11370194 -0.932315886 -0.343305856
vn 0.0616995543 -0.929393291 -0.363897383
vn -0.0146994721 -0.585179031 0.810770929
vn 0.0709957182 -0.606963396 0.791552305
vn 0.219901234 -0.895905018 -0.386002153
vn 0.306287825 -0.839566588 -0.448682159
vn 0.836724877 0.00280008325 0.547616303
vn 0.711432159 0.171007738 -0.68163085
vn 0.827920437 0.0220005438 0.560413837
vn 0.835738063 0.0694031566 0.544724822
vn 0.836893559 0.0918992907 0.539595842
vn 0.223805368 -0.576813817 0.785618842
vn 0.733757973 -0.0842951685 0.674161375
vn 0.769542456 -0.128007069 0.625634551
vn 0.599016547 -0.732520223 -0.323408931
vn 0.776201665 -0.0189000405 0.63020134
vn 0.871394634 -0.138599142 -0.470597118
vn 0.078101702 -0.959120929 -0.272005916
vn -0.15180023 -0.946701467 -0.284100443
vn 0.225100517 -0.895302057 0.384400874
vn 0.46427983 -0.849263072 0.251389086
vn 0.112898417 -0.972586334 0.203297153
vn 0.786189198 0.161197782 0.59659183
vn 0.760016322 0.0902019367 0.643613815
vn 0.744891584 0.191897824 0.638992786
vn 0.0362017192 -0.878741741 0.475922614
vn 0.689681292 0.219694048 -0.689981282
vn 0.194399893 -0.92879951 -0.315499842
vn 0.3279939 -0.752286017 0.571389377
vn 0.339601964 -0.724504173 0.599803448
vn 0.828043699 0.150707945 0.540028512
vn 0.35570538 -0.8790133 -0.317504793
vn 0.0997962132 -0.800269663 0.591277599
vn 0.848274648 0.246692628 0.468585998
vn 0.365915924 -0.899539113 -0.238610372
vn 0.802516758 0.23520492 0.548311472
vn 0.36559844 -0.646097243 0.669997156
vn 0.508976758 -0.800763428 -0.315785587
vn 0.779822886 0.253407419 0.572416782
vn 0.890682638 -0.00559989084 -0.454591125
vn 0.837686479 0.0748987868 -0.540991247
vn 0.865862668 0.171192616 -0.47007972
vn 0.81617564 -0.338889897 -0.467986047
vn 0.615795553 -0.235798284 -0.751794517
vn 0.701524973 -0.307010919 -0.643122852
vn 0.259593993 -0.614985764 0.744582772
vn 0.281402707 -0.608105838 0.742307127
vn 0.81731528 0.301505655 0.491009206
vn 0.34980613 -0.592310369 0.725812733
vn 0.777163744 0.263287723 -0.571573317
vn 0.569820046 -0.480816901 -0.66642344
vn 0.90603286 -0.168506116 0.388214082
vn 0.932791352 -0.0959991068 0.347396761
vn 0.849178672 -0.222194418 0.479087949
vn 0.890419781 -0.0688015297 0.449909985
vn -0.270598531 -0.66729635 -0.693896234
vn -0.095600456 -0.654603124 -0.74990356
vn -0.315911055 -0.625821888 -0.713124931
vn 0.703095913 0.312198192 -0.638896286
vn 0.286093563 -0.548787653 0.785482347
vn 0.919649005 0.004000213 0.392720908
vn 0.52549684 -0.336097986 -0.78159529
vn -0.0821017548 -0.682014585 -0.726715505
vn 0.0567979403 -0.345587462 -0.936666071
vn 0.299303859 -0.52260673 0.798310339
vn 0.737976313 0.374487966 -0.561381996
vn 0.0178000275 -0.806401193 -0.591100872
vn -0.345407784 -0.723816335 -0.597313464
vn -0.237595394 -0.82298404 -0.515990019
vn 0.807709157 -0.222202525 0.54610616
vn 0.801620483 0.181504637 -0.56961453
vn 0.260906518 -0.557913959 0.787819684
vn 0.885130405 0.303310424 0.352912128
vn 0.931919932 0.285606116 0.223504782
vn 0.96972847 0.152004465 0.191105604
vn -0.203494206 -0.601682901 -0.772378027
vn -0.0213993639 -0.758277476 -0.651580632
vn 0.156305075 -0.599419475 0.785025477
vn 0.904082298 0.307293981 0.296994179
vn 0.0518006347 -0.543806672 0.837610304
vn 0.923788428 0.311696082 0.222397208
vn -0.168498844 -0.519496441 -0.837694228
vn 0.920207858 0.123601057 -0.371403158
vn 0.896221757 0.24500595 -0.369808972
vn 0.280288458 -0.563976765 0.776768029
vn 0.847982585 0.303693771 0.434391081
vn 0.847604275 0.388901949 0.361001819
vn 0.854534924 0.302912384 -0.42191723
vn 0.226704016 -0.523809314 0.82111454
vn 0.813884497 0.329893708 -0.478290886
vn 0.905727804 0.348810703 0.240807399
vn 0.282504022 -0.557107925 0.780911148
vn 0.331607342 -0.485310763 0.809017956
vn 0.292401552 -0.496502668 0.817304373
vn 0.310104221 -0.494606733 0.811911047
vn 0.825109184 -0.38870433 -0.410004586
vn 0.816213071 0.524808407 0.241603866
vn 0.864749134 0.426524252 0.265115052
vn 0.860217392 0.498510063 0.107302167
vn 0.830707073 -0.413903534 -0.372303158
vn 0.726207018 -0.517205 -0.452904373
vn 0.841797769 0.434198827 0.320699126
vn 0.800811172 0.53580749 0.267603755
vn 0.383602291 -0.446102649 0.808604777
vn 0.104400516 -0.621903062 -0.776103795
vn 0.394808292 -0.476209998 0.785716534
vn 0.209203273 -0.540208459 -0.81511277
vn 0.2394903 -0.632774353 -0.736370146
vn 0.796768904 0.452782303 0.400184363
vn 0.868370831 -0.346288353 -0.354988068
vn 0.792397141 0.552197993 0.259199053
vn 0.892739952 -0.323514491 -0.313614041
vn 0.809000671 -0.491700411 -0.322100282
vn 0.907185018 -0.277895421 -0.315894783
vn 0.0337991305 -0.963575184 0.265293181
vn 0.125206098 -0.880442917 0.457322299
vn 0.258292288 -0.902673006 0.344189703
vn 0.872590899 -0.364996195 -0.324596614
vn 0.232509091 -0.725528359 -0.647725344
vn 0.314308733 -0.673118711 -0.669418573
vn 0.755572915 0.35968712 0.547480345
vn 0.800030947 0.34231326 0.492719084
vn 0.802275836 0.405287772 0.438286781
vn 0.818209052 0.379804194 0.431604773
vn 0.346603125 -0.800707221 0.488604397
vn 0.37337479 -0.847142816 0.378074467
vn 0.0168997888 -0.828189671 -0.560193002
vn 0.414289266 -0.787679613 0.455988199
vn 0.901816368 -0.230504185 -0.365506619
vn 0.407792151 -0.760185361 0.505790234
vn 0.298397511 -0.779193521 -0.551195443
vn 0.763795972 0.501697361 0.406097859
vn 0.705401421 0.502601027 0.49980101
vn 0.205493167 -0.809773088 0.549581766
vn 0.487182498 -0.69187516 -0.532880843
vn 0.360593468 -0.746286452 0.559489846
vn 0.511189044 -0.745783985 -0.42719084
vn 0.44999966 -0.780699432 0.433599681
vn 0.397103339 -0.85110718 0.343402892
vn 0.583742619 -0.691250503 0.425931096
vn 0.928596675 -0.18959932 -0.318998873
vn 0.560019732 -0.665223479 0.493817419
vn 0.534501553 -0.656801939 0.531901598
vn 0.483894706 -0.648792863 0.587293565
vn 0.708998978 0.395599455 0.583799183
vn 0.901816368 -0.230504185 -0.365506619
vn 0.880896807 -0.113499582 -0.459498316
vn 0.919979453 -0.022999486 -0.391291261
vn 0.610894561 -0.614094555 0.499695569
vn 0.573725283 -0.588625908 0.569525063
vn 0.420895845 -0.57669431 -0.700193107
vn 0.749687791 0.553290963 0.363094091
vn 0.700422943 -0.523517191 0.485115916
vn 0.871394634 -0.138599142 -0.470597118
vn 0.730070651 0.527878761 0.433982551
vn 0.659943104 -0.475331068 0.581838012
vn 0.735186756 -0.421492398 0.530890405
vn 0.710634053 0.60852915 0.3531169
vn 0.545419753 -0.581721067 0.603421867
vn 0.954526424 -0.0114003159 -0.297908247
vn 0.591407001 -0.550306499 0.589406967
vn 0.631479204 -0.450385183 0.631179214
vn 0.659295261 -0.573195934 -0.486596525
vn 0.974656343 0.149193317 -0.166692525
vn 0.16890353 -0.82361722 0.54141134
vn 0.379701018 0.386501044 -0.840502262
vn 0.215702802 -0.717509329 0.662308574
vn 0.367702901 -0.614704847 0.697805524
vn 0.673973143 0.0736970603 0.735070705
vn 0.514390707 -0.587189376 0.624988675
vn 0.655283868 0.00139996561 0.755381405
vn 0.439500362 -0.825200677 -0.354800284
vn 0.209993541 -0.638780355 0.740177274
vn 0.353801221 -0.509601772 0.784302711
vn 0.443020344 0.508523345 -0.738333941
vn 0.687470615 0.115495063 0.716969371
vn 0.625433266 0.0315016769 0.779641509
vn 0.637470961 -0.661169887 -0.39558199
vn 0.40799731 0.563296318 -0.71849525
vn 0.470276773 0.384281009 -0.794460714
vn 0.633499742 0.137099937 0.761499643
vn 0.704107165 0.193901971 0.683106959
vn 0.591781139 0.444485843 -0.672478557
vn 0.650413632 0.227804765 0.724615157
vn 0.755109727 0.269803464 0.597507656
vn 0.731936455 0.294314653 0.614530623
vn 0.611503065 0.387601942 -0.689803421
vn 0.688235343 0.315416187 0.653333545
vn 0.668316722 -0.383309573 0.637515903
vn 0.647106171 -0.700206637 -0.30160287
vn 0.72884047 -0.585632563 -0.354719698
vn 0.653674066 0.389784515 0.64867425
vn 0.706406176 0.354203105 0.612805367
vn 0.518909395 -0.458108306 0.721713066
vn 0.543212652 0.426809937 -0.723016798
vn 0.540701747 0.544401765 -0.641302049
vn 0.625709116 -0.333204865 0.705310285
vn 0.714791536 0.4065952 -0.56899327
vn 0.801313758 -0.426607341 0.419407219
vn 0.795375049 -0.415186971 0.441586137
vn 0.785055578 -0.371078998 0.495971918
vn 0.70676893 0.492378324 -0.507977664
vn 0.671595812 -0.707595587 -0.219698638
vn 0.727279544 -0.654981554 -0.205094233
vn 0.740795493 -0.342597902 0.577796459
vn 0.780522108 -0.309708774 0.543015361
vn 0.799307942 -0.296102941 0.522905171
vn 0.746294379 -0.403596938 0.529295981
vn 0.783052981 -0.315881044 0.535767853
vn 0.615865409 0.117393404 0.779056251
vn 0.656925142 -0.0510019511 0.752228796
vn 0.857120574 0.383409202 -0.344008267
vn 0.834109128 -0.211102307 0.509605587
vn 0.584302366 0.203900814 0.785503149
vn 0.794990718 -0.550793588 -0.254197031
vn 0.914720416 0.277106196 -0.294106573
vn 0.887213111 0.389605761 -0.247103661
vn 0.673411608 -0.327005625 0.663011432
vn 0.747977257 -0.265791923 0.608181477
vn 0.934909105 -0.293502867 -0.199501947
vn 0.938200176 -0.267500043 -0.219600037
vn 0.577722251 0.206307933 0.78973037
vn 0.938200176 -0.267500043 -0.219600037
vn 0.892739952 -0.323514491 -0.313614041
vn 0.907185018 -0.277895421 -0.315894783
vn 0.625182509 -0.265092582 0.73407948
vn -0.0320000984 -0.993603051 -0.108300336
vn 0.934909105 -0.293502867 -0.199501947
vn 0.965395629 -0.241998911 -0.0971995592
vn 0.905622542 -0.393309802 -0.158603951
vn 0.60069108 0.297695577 0.741988957
vn 0.130705521 -0.980341434 -0.147806257
vn 0.682595968 -0.205198795 0.701395869
vn 0.960127831 -0.124903619 -0.250107259
vn 0.747606695 -0.160301432 0.644505739
vn 0.830188036 -0.196797162 0.521592498
vn 0.981701434 -0.156700239 -0.108200163
vn 0.563113332 0.27630654 0.778818429
vn 0.23130323 -0.949813247 -0.210602939
vn 0.987033844 -0.0711024404 -0.143904939
vn 0.984565616 0.0277990289 -0.17279397
vn 0.553122401 0.323013067 0.767931104
vn 0.518203557 0.390302658 0.761005223
vn 0.943775833 -0.328791589 0.0343991183
vn 0.947019875 -0.313806593 -0.0684014335
vn 0.992832839 -0.119003937 -0.0110003641
vn 0.973294437 -0.201598838 0.10979937
vn 0.828809798 -0.34930414 0.437105179
vn 0.84990263 -0.262500793 0.456901401
vn 0.999295533 -0.0338998474 -0.0160999279
vn 0.835012734 -0.296504527 0.463507056
vn 0.443292409 -0.868885159 -0.220296234
vn 0.567119956 -0.777527392 -0.271709561
vn 0.903477132 -0.255193532 0.344391286
vn 0.76240027 0.377200156 0.525800228
vn 0.675210536 0.48240754 0.55800873
vn 0.991083086 -0.0273995325 0.130397782
vn 0.928596675 -0.18959932 -0.318998873
vn 0.376883119 -0.902859569 -0.206890732
vn 0.694787264 0.36419332 0.620188594
vn 0.488806754 0.466306418 0.737310171
vn 0.370304495 -0.922911227 -0.105401285
vn 0.959085345 0.135297924 -0.248696193
vn 0.315092087 -0.511887133 0.799179912
vn -0.000399982004 -0.999155045 -0.0410981514
vn 0.394394517 -0.405594349 0.824588478
vn 0.542098641 -0.321699202 0.776298046
vn 0.249701113 -0.965004265 -0.0801003575
vn 0.12999773 -0.990682721 -0.040599294
vn 0.361700356 -0.445800453 0.818800807
vn 0.420396805 -0.350297332 0.836993635
vn 0.934295654 0.256198794 -0.247898847
vn 0.672422171 -0.730424106 -0.119703948
vn 0.957534611 0.248908997 -0.145505264
vn 0.418310672 -0.429910988 0.800120413
vn 0.531903744 -0.822505832 -0.201401427
vn 0.665899336 -0.738799274 -0.1036999
vn 0.448498994 -0.887898028 -0.102399774
vn 0.535108268 -0.285404384 0.795112252
vn 0.560213625 0.824620008 0.0785019025
vn 0.532919109 0.816929281 0.220507905
vn 0.601397812 0.777897179 0.182199344
vn 0.512577415 0.856062233 0.0664970651
vn 0.508092821 0.861287832 0.00499992911
vn 0.474382013 0.878366649 -0.058597777
vn 0.508195519 0.842392564 0.179198414
vn 0.513910294 0.843316913 0.157203153
vn 0.99223268 0.0817026868 -0.0938030854
vn 0.984965324 0.171293959 -0.0223992113
vn 0.273290008 0.941565633 0.196892813
vn 0.328511477 0.922732234 0.201607049
vn 0.30979687 0.949590385 0.0479995161
vn -0.101498306 -0.990683436 0.0907984823
vn -0.215699688 -0.951098621 0.221099675
vn 0.291303247 0.902510047 0.317203522
vn 0.454396635 -0.354797363 0.817093968
vn 0.50771451 -0.307908803 0.804623008
vn 0.92607677 0.352091193 -0.135696605
vn 0.413915277 -0.314311594 0.854331553
vn -0.10970474 -0.993942976 0.00650028093
vn 0.411793321 0.874785841 0.255295873
vn 0.501492739 0.850087702 0.16079767
vn 0.519197166 -0.246298656 0.818395555
vn 0.21168983 -0.977253079 -0.0127993859
vn -0.00040000194 -0.999104857 0.0423002057
vn 0.461985797 0.858473599 0.222693145
vn 0.981238842 0.113004468 0.156206176
vn 0.998895407 0.00519997627 0.0466997884
vn 0.537873209 -0.27398634 0.797260284
vn 0.577190816 -0.164897367 0.799787223
vn 0.427611977 0.903725326 0.0207005795
vn 0.0312014241 -0.989345133 0.14220649
vn 0.978301883 0.0059000114 0.207100406
vn 0.961803973 -0.0136000561 0.273401141
vn 0.973572671 0.0708980113 0.2170939
vn 0.434076399 0.857753336 0.275385022
vn 0.533887029 0.795180738 0.28749302
vn 0.615208507 -0.165902302 0.770710647
vn 0.0221994575 -0.968276322 0.248893917
vn 0.670184195 0.732182741 0.121497139
vn 0.749482095 0.610485435 0.256093889
vn 0.761500061 0.635800064 0.126000002
vn 0.142803013 -0.95802021 0.248605251
vn 0.183107659 -0.980040967 0.0774032399
vn 0.814264238 0.555775583 0.16759263
vn 0.785834372 0.618427098 0.00350015331
vn 0.959415317 -0.275904417 0.058300931
vn 0.945388079 -0.218797252 0.241596967
vn 0.91508919 -0.386595428 0.114698641
vn 0.662677109 -0.0775973201 0.744874299
vn 0.701982081 0.653383315 0.283392757
vn 0.657894135 0.719893575 0.221198022
vn 0.966589749 -0.13879852 0.215497717
vn 0.671305597 0.664405525 0.328502744
vn 0.928165793 -0.253490657 0.272489965
vn 0.639000058 -0.0608000048 0.766800046
vn 0.635975242 0.747470915 0.191892534
vn 0.718883395 0.694283962 0.0342992097
vn 0.375692457 -0.910681665 0.171796545
vn 0.429811448 -0.900323987 0.068401821
vn 0.472596735 -0.858494043 0.199098617
vn 0.208796665 -0.95938468 0.189696983
vn 0.563719153 0.785126686 0.256508738
vn 0.62136656 0.722861111 0.302283734
vn 0.612989187 -0.0860984772 0.785386086
vn 0.578703582 -0.139000863 0.80360496
vn 0.508613348 0.785120606 0.353409261
vn 0.584003687 0.731604576 0.351702213
vn 0.925961792 0.372884601 0.0595975406
vn 0.952923536 0.2998074 0.0453011207
vn 0.891466439 0.452982932 0.00969963428
vn 0.378402531 -0.213401422 0.900706053
vn 0.565207481 -0.79401052 0.223802969
vn 0.575224221 -0.808434069 0.124705255
vn 0.745409369 -0.636708021 0.197402492
vn 0.678996921 0.644197106 0.352098405
vn 0.983084619 0.119498126 0.138797835
vn 0.710696042 0.613096595 0.344998091
vn 0.976224542 0.198004976 0.0882022157
vn 0.956115246 0.277704448 0.0934014916
vn 0.940719187 0.297506064 0.162903324
vn 0.662693441 -0.731092751 0.162298396
vn 0.730890632 -0.643391728 0.227697074
vn 0.908201993 0.395300865 0.137500301
vn 0.636523306 0.661524236 0.396514535
vn 0.733620763 -0.61121732 -0.297008395
vn 0.73036772 -0.647671342 -0.216990396
vn 0.225591898 0.908567369 0.351587355
vn 0.119996235 0.909771442 0.397387534
vn -0.442678452 -0.380681455 0.811860442
vn 0.58410567 -0.802607775 -0.121001177
vn 0.698363662 -0.662665486 -0.270485908
vn 0.448503613 -0.732105851 -0.512704134
vn 0.050899718 -0.961794674 -0.268998504
vn 0.460412532 0.803621888 0.377110273
vn 0.327712268 0.889933288 0.317211866
vn -0.404897392 -0.419997305 0.812194765
vn 0.0690984279 -0.986177504 -0.150596559
vn -0.114104591 -0.973739207 -0.197007924
vn 0.0201002881 -0.993414223 -0.112801611
vn -0.10360413 -0.983439207 -0.14870593
vn -0.385908633 -0.341707647 0.856919169
vn -0.366705328 -0.373405427 0.852112412
vn 0.616977096 0.601077676 -0.507981181
vn 0.220607907 0.90553242 0.362412989
vn 0.357708484 0.83191973 0.424210072
vn 0.01130006 -0.945405066 -0.325701743
vn 0.441696197 0.653494358 -0.614694715
vn 0.236490309 0.86266464 0.447081685
vn 0.283988148 0.844864726 0.453381062
vn 0.320691228 0.810477793 0.490186572
vn 0.379118323 0.793338299 0.476323009
vn 0.253991604 -0.930169284 -0.26509124
vn 0.447866648 0.709747136 -0.543759525
vn 0.565572798 0.656468391 -0.499175966
vn -0.329989761 -0.43808642 0.836174071
vn -0.241199821 -0.499099612 0.832299352
vn 0.663027585 0.503220916 -0.554223061
vn -0.0919023752 -0.563014567 0.821321249
vn 0.291306078 0.909519017 0.296506196
vn -0.126902565 -0.546911061 0.827516794
vn 0.647121012 0.608719766 -0.459014893
vn 0.670764565 0.549270988 -0.498373657
vn 0.286297888 -0.942993045 -0.169698745
vn 0.427189142 -0.884677529 -0.186695263
vn -0.0681025535 -0.47851795 0.875432849
vn 0.0722010434 -0.987114251 -0.14280206
vn -0.322015524 -0.324615628 0.889342844
vn 0.392085075 -0.916365087 0.0808969215
vn 0.0476998799 -0.991197526 0.123499691
vn 0.0253994614 -0.986579061 0.161296576
vn 0.269504666 0.846514702 0.459107965
vn -0.198692963 -0.379586548 0.903568029
vn 0.551199377 -0.803799093 -0.223799735
vn 0.269504666 0.846514702 0.459107965
vn 0.534502745 0.747603893 -0.394202054
vn -0.38309586 -0.244397357 0.890790403
vn 0.72728312 0.429690033 -0.535187602
vn 0.713101029 0.572100818 -0.405200601
vn 0.247387305 0.820857882 0.514773607
vn 0.551768661 -0.820453405 -0.149691492
vn 0.308912992 -0.947539866 -0.0821034536
vn 0.247387305 0.820857882 0.514773607
vn 0.650589228 0.658389091 -0.378493726
vn -0.407797515 -0.0772995278 0.90979445
vn -0.38428992 -0.17079553 0.907276213
vn 0.550703108 -0.82400465 0.13320075
vn 0.468918234 -0.880534232 0.0691026822
vn 0.603501976 -0.79650259 -0.0370001197
vn -0.311292291 -0.0443989001 0.949276507
vn 0.783518434 0.435910255 -0.442810416
vn -0.264211386 -0.236810192 0.934940279
vn 0.681178689 -0.721677423 -0.123196147
vn -0.0749995857 -0.283298433 0.956094682
vn 0.705434561 0.527925849 -0.472923189
vn -0.27559638 -0.138198182 0.951287508
vn 0.52459085 0.735487163 0.428792536
vn 0.809913278 0.488008022 -0.325405329
vn 0.745714009 0.49630931 -0.444508344
vn 0.743790388 0.57459259 -0.341495574
vn -0.126902565 -0.546911061 0.827516794
vn 0.472787499 0.773779571 0.421588868
vn -0.0681025535 -0.47851795 0.875432849
vn 0.815799057 -0.555299342 -0.161599815
vn 0.0828036144 -0.482021034 0.8722381
vn 0.905622542 -0.393309802 -0.158603951
vn 0.251798719 -0.447897732 0.857895672
vn 0.77878648 -0.627289116 9.99982658e-05
vn 0.738118887 -0.660216868 -0.138903558
vn 0.104993962 -0.42017585 0.901348174
vn -0.198692963 -0.379586548 0.903568029
vn -0.0749995857 -0.283298433 0.956094682
vn 0.78628999 0.538293123 -0.303296149
vn 0.900326133 -0.399611592 0.172405005
vn 0.878259361 -0.478077888 0.010099533
vn 0.890142024 -0.455621511 -0.00750035373
vn 0.473020047 -0.869936883 0.139505908
vn 0.285005361 -0.95181787 0.113202125
vn 0.355405778 -0.934115171 0.033400543
vn 0.133503199 -0.320707679 0.937722504
vn 0.849471152 0.467884123 -0.243891731
vn 0.397198349 -0.886896312 0.235899031
vn 0.274299711 -0.29709968 0.914599061
vn 0.246104747 -0.928217888 0.279005378
vn 0.0201999228 -0.145199433 0.989196181
vn 0.484697431 -0.826395631 0.286598474
vn -0.263990492 0.46238336 0.846469522
vn 0.794317424 0.574912608 -0.196304306
vn 0.584882021 -0.798875511 0.140395686
vn -0.173398897 0.533096611 0.828094721
vn 0.301389277 -0.227891892 0.925867021
vn -0.184399202 0.388298333 0.902896106
vn -0.0306994896 0.472892135 0.880585372
vn 0.313991666 -0.400589377 0.860777199
vn 0.544821501 -0.816132247 0.192607611
vn 0.865973532 0.480385303 -0.138995752
vn 0.674323201 -0.738325417 0.0128004402
vn 0.705185413 -0.691985726 0.154496804
vn 0.56859231 -0.794189274 0.214397103
vn -0.145999789 0.590799153 0.793498874
vn -0.0568980426 0.572580338 0.817871869
vn 0.725386679 -0.639288247 0.25519532
vn -0.111802697 0.411509931 0.904521823
vn 0.0942957252 0.406081587 0.908958793
vn 0.736990213 0.638891518 -0.220597073
vn -0.0229000915 0.364801437 0.930803657
vn 0.191197172 0.498592615 0.845487475
vn 0.14170149 0.360303789 0.922009706
vn 0.621620476 0.725723922 -0.294809729
vn -0.115305103 -0.128805697 0.984943569
vn 0.440095037 0.852290392 -0.282696813
vn 0.0879056454 0.544634998 0.834053576
vn 0.0201999228 -0.145199433 0.989196181
vn -0.0842983499 0.597688317 0.797284424
vn 0.557711124 0.791615844 -0.249604985
vn -0.326001108 0.121700421 0.937503219
vn 0.550018549 0.806627214 -0.216407299
vn -0.105102383 0.619514048 0.777917624
vn 0.588361025 -0.722952127 0.362176031
vn -0.227608025 0.0347012244 0.973134339
vn 0.6806252 0.700125873 -0.215807989
vn 0.725386679 -0.639288247 0.25519532
vn 0.0516979881 0.591876984 0.804368675
vn -0.0256985109 0.6329633 0.773755133
vn 0.659825265 -0.628324091 0.412115782
vn 0.484019727 0.862535179 -0.147506014
vn -0.2041004 0.181900367 0.961901903
vn -0.236693636 0.308291703 0.921375215
vn 0.0535011962 0.572412789 0.818218291
vn -0.0521982163 0.0365987495 0.997965872
vn 0.798242867 -0.597132027 0.079004243
vn 0.156299382 0.578597724 0.800496817
vn 0.831714332 -0.50310868 0.234804049
vn 0.0684973598 0.642675221 0.763070583
vn 0.188200772 0.633502603 0.750503123
vn -0.113399066 0.149798766 0.98219192
vn -0.162501901 0.277403235 0.946911097
vn 0.852986574 -0.497792184 0.15689753
vn 0.225904077 0.545909882 0.806814551
vn -0.318200916 0.411201179 0.854202449
vn 0.567368865 0.244086593 0.786456823
vn 0.474286139 0.272992015 0.836975515
vn 0.876734018 -0.426516533 0.222308621
vn 0.831714332 -0.50310868 0.234804049
vn 0.738400877 0.670200765 -0.074800089
vn 0.828957438 0.549671769 -0.103394695
vn 0.561919868 0.235608324 0.79292798
vn 0.805998147 0.590598643 -0.0394999087
vn 0.832585514 0.553890407 0.00259995484
vn 0.445392847 0.385093838 0.808287024
vn 0.509804487 0.348803073 0.786406934
vn 0.334810019 0.319609553 0.886426508
vn 0.893747866 -0.371578336 0.251285344
vn 0.667920053 0.743922353 0.0215006471
vn 0.387886345 0.366587073 0.845670223
vn 0.612522006 0.781028092 -0.12170437
vn -0.0915987268 0.306395739 0.947486818
vn 0.856618702 -0.395608634 0.331207216
vn 0.391912967 0.478415847 0.785826027
vn 0.332294643 0.520291626 0.786687315
vn 0.410102755 0.467003137 0.783405244
vn 0.314101189 0.564002097 0.763702869
vn 0.280995011 0.552690208 0.784586072
vn 0.391912967 0.478415847 0.785826027
vn 0.8769297 -0.309010476 0.368112475
vn 0.373787314 0.921368718 -0.10659638
vn 0.231697097 0.592292547 0.771690309
vn 0.44530955 0.444909543 0.77701664
vn -0.866502821 -0.476101547 0.150000498
vn -0.449503005 -0.814405441 0.367002457
vn -0.389595628 -0.851190448 0.351696044
vn -0.390912831 -0.830927253 0.395912975
vn 0.44530955 0.444909543 0.77701664
vn 0.457707644 0.407706797 0.790113211
vn 0.410102755 0.467003137 0.783405244
vn -0.706397355 -0.670597434 0.22649914
vn -0.627369165 -0.724464357 0.28558594
vn -0.755206525 -0.586005032 0.293702543
vn -0.789459407 -0.555271447 0.261586547
vn -0.759331107 -0.549122512 0.349114299
vn 0.104204513 0.0426018462 -0.993643045
vn 0.387886345 0.366587073 0.845670223
vn 0.334810019 0.319609553 0.886426508
vn 0.293787837 0.44728148 0.844765067
vn 0.221212342 0.090105027 -0.971054137
vn 0.383290052 0.155895963 -0.91037637
vn 0.320412874 0.00870034937 -0.947238028
vn -0.820433915 -0.497520566 0.281711638
vn 0.426908612 0.352607101 -0.832716823
vn 0.525990248 0.28899464 -0.799885213
vn 0.47389695 0.470896989 -0.744095206
vn -0.854186177 -0.422993153 0.302395105
vn 0.485099852 0.146499947 -0.862099707
vn 0.560281277 0.264091164 -0.785073757
vn 0.525990248 0.28899464 -0.799885213
vn 0.485099852 0.146499947 -0.862099707
vn 0.532588482 0.146596834 -0.833581984
vn 0.469601095 0.17180039 -0.866001964
vn 0.532588482 0.146596834 -0.833581984
vn -0.676670551 -0.632872462 0.376283646
vn -0.742707729 -0.530805528 0.408204257
vn -0.409791887 -0.0587988384 -0.910282016
vn -0.466093034 -0.48049283 -0.742888927
vn -0.0241986364 -0.632164359 -0.774456322
vn 0.618909121 0.205103025 -0.758211195
vn 0.469601095 0.17180039 -0.866001964
vn 0.142294347 0.637174726 0.757469952
vn 0.0268001631 0.689904213 0.723404408
vn -0.027700603 0.11720255 -0.992721617
vn 0.170607254 -0.0343014598 -0.984741867
vn -0.777482331 -0.492988795 0.390491128
vn 0.101402938 0.714720726 0.692020059
vn 0.49220401 -0.138401121 -0.859407008
vn 0.320412874 0.00870034937 -0.947238028
vn 0.146502301 0.784012377 0.603209496
vn 0.170607254 -0.0343014598 -0.984741867
vn 0.185798436 0.721893907 0.666594386
vn 0.244493365 0.654782236 0.715180576
vn 0.243512288 0.749137819 0.61603111
vn 0.17409265 0.634373248 0.753168225
vn 0.581289709 -0.0224996004 -0.813385546
vn -0.840130746 -0.398614585 0.367813468
vn -0.81349498 -0.484097004 0.32229802
vn -0.635894179 0.0299997255 -0.771192968
vn -0.184796751 -0.243695721 -0.95208329
vn -0.370697141 0.391096979 -0.842393517
vn -0.380507737 0.662213445 -0.645513117
vn -0.0868986547 0.308995217 -0.947085321
vn -0.693164349 0.573670506 -0.436377555
vn 0.0259995144 0.758985817 0.650587857
vn -0.572188199 -0.15109688 -0.806083381
vn 0.115605339 0.754934847 0.645529807
vn -0.563092709 -0.128198341 -0.816389441
vn 0.115000032 0.764900208 0.633800149
vn -0.780411839 -0.546108305 0.304504633
vn -0.468999207 0.0187999681 -0.882998466
vn -0.59442687 -0.757534206 0.269812196
vn -0.551308811 -0.763912201 0.33540535
vn -0.249589533 -0.0192991905 -0.968159378
vn -0.271508813 -0.00300009758 -0.962431252
vn -0.468999207 0.0187999681 -0.882998466
vn -0.47859925 -0.0752998814 -0.874798656
vn -0.575105846 -0.723307312 0.382203877
vn -0.477605611 -0.758708954 0.443005204
vn 0.310614586 0.717533648 0.623429239
vn -0.470390111 -0.775183678 0.42169112
vn 0.622996271 0.487297088 -0.611896336
vn 0.324207693 0.513912201 -0.794218838
vn -0.233806655 0.425312132 -0.874324918
vn -0.0302005876 -0.854416609 -0.518710077
vn 0.143293366 -0.395181686 -0.907357931
vn 0.427806109 0.38150546 -0.819411695
vn 0.143293366 -0.395181686 -0.907357931
vn -0.58891505 -0.682217419 0.433311075
vn -0.654695749 -0.630795896 0.41649729
vn 0.21720095 -0.809003532 -0.546202362
vn 0.21720095 -0.809003532 -0.546202362
vn -0.32638222 0.0129992915 -0.945148468
vn 0.01119971 -0.772280037 -0.635183573
vn 0.357799202 -0.609098613 -0.707798421
vn -0.50111413 -0.728420556 0.467213184
vn -0.698803604 0.131600678 -0.703103662
vn -0.650985718 -0.594986916 0.471389651
vn -0.592507541 0.10410133 -0.798810184
vn -0.534005761 0.126201361 -0.836009026
vn -0.655402541 -0.0384001508 -0.754302919
vn 0.0991999432 -0.287599832 -0.952599466
vn 0.387507319 0.556410491 0.735013902
vn 0.172405094 0.30280894 -0.937327683
vn 0.62048012 -0.0151995132 -0.784074843
vn 0.577495098 0.415596485 -0.702694058
vn -0.434397608 -0.801895559 0.410197735
vn 0.0961999893 0.709999919 -0.697599947
vn 0.387507319 0.556410491 0.735013902
vn 0.344514549 0.634026766 0.692329228
vn -0.228094533 -0.170595914 -0.958577037
vn 0.460288972 0.0939977467 -0.882778823
vn 0.542787373 -0.219494894 -0.810681105
vn -0.506785691 -0.679680824 0.53028506
vn 0.198798329 0.378996789 -0.903792381
vn -0.446209103 -0.242604956 -0.861417592
vn 0.344514549 0.634026766 0.692329228
vn -0.0526985414 0.296191782 -0.953673601
vn -0.592507541 0.10410133 -0.798810184
vn -0.655402541 -0.0384001508 -0.754302919
vn -0.534005761 0.126201361 -0.836009026
vn 0.346809506 0.685918808 0.639717519
vn -0.788397074 -0.378298581 0.485098183
vn -0.401280791 -0.0233988799 -0.915656149
vn -0.535897553 -0.152499303 -0.830396175
vn -0.513810754 -0.215804517 -0.830317378
vn 0.00449975953 -0.416877717 -0.908951461
vn -0.168000862 -0.348301798 -0.922204733
vn -0.282311469 -0.25671044 -0.924337566
vn 0.852986574 -0.497792184 0.15689753
vn 0.570223331 0.821433604 -0.00960039254
vn 0.871499777 0.488399893 -0.0441999882
vn 0.819070816 0.571979582 -0.0442984216
vn -0.817867577 0.567577481 -0.0945962444
vn -0.784689426 0.619591653 -0.019199742
vn -0.831560075 0.55477339 0.0270986985
vn 0.639217317 0.755820453 0.141903833
vn 0.370291024 -0.801480591 -0.469588608
vn -0.786198795 0.61789906 0.00959998555
vn -0.771690965 0.633692563 0.0540993661
vn 0.27810505 -0.0320005827 -0.960017443
vn 0.27810505 -0.0320005827 -0.960017443
vn -0.32638222 0.0129992915 -0.945148468
vn 0.01119971 -0.772280037 -0.635183573
vn 0.719782174 -0.397990167 -0.568785906
vn 0.86989826 0.492099017 0.0333999321
vn -0.701881289 0.712280989 0.00429988513
vn -0.554396629 0.82989496 -0.0625996217
vn -0.229700819 -0.973003507 -0.0224000793
vn -0.920075953 -0.380590051 -0.0927975774
vn -0.964772046 -0.258292526 -0.0499985516
vn -0.547416449 -0.836225092 -0.0326009803
vn -0.995979846 -0.0406991765 0.0797983855
vn -0.555698276 -0.831297457 0.0119999629
vn -0.996100366 0.083700031 0.0279000103
vn -0.979219735 0.202404082 -0.012700256
vn -0.411117166 -0.911038041 -0.0315013155
vn -0.139494449 0.990160644 0.0110995593
vn 0.000599972263 0.997353911 0.0726966411
vn -0.139494449 0.990160644 0.0110995593
vn -0.103297196 0.982373357 0.155795768
vn -0.0882995799 0.987495303 0.13059938
vn -0.0882995799 0.987495303 0.13059938
vn 0.576688051 -0.514889359 -0.63428688
vn 0.787703753 -0.0208000988 -0.615702927
vn 0.787703753 -0.0208000988 -0.615702927
vn 0.965395629 -0.241998911 -0.0971995592
vn 0.895602047 -0.43580097 -0.0893002003
vn 0.947019875 -0.313806593 -0.0684014335
vn 0.987184525 0.138997823 0.0783987716
vn 0.955277085 0.293692946 -0.0344991721
vn 0.359498352 -0.93289572 -0.0215999
vn 0.538113117 -0.842320561 -0.0305007454
vn 0.71952188 -0.676720619 -0.156004742
vn 0.710506499 -0.70320642 -0.0261002388
vn 0.7088691 -0.700569451 -0.0818964317
vn 0.329196751 -0.942490697 0.0577994287
vn 0.805105865 -0.592904329 -0.0164001193
vn 0.721400559 -0.689600587 0.0635000542
vn 0.7345981 -0.662298262 -0.147399619
vn 0.497895062 -0.856491506 -0.136098653
vn 0.016399296 -0.976058125 -0.216890693
vn -0.0677992105 -0.997488379 -0.0204997603
vn 0.0602016971 -0.996928096 -0.0501014106
vn 0.299110085 -0.952632129 -0.0550018549
vn 0.17230463 -0.984926403 0.0152004082
vn 0.0353989564 -0.99587065 0.0835975334
vn 0.448390812 -0.893781662 -0.00999979489
vn 0.829972267 -0.554481447 -0.060797967
vn 0.890142024 -0.455621511 -0.00750035373
vn 0.878259361 -0.478077888 0.010099533
f 1/1/1 2/2/2 3/3/3
f 4/4/4 5/5/5 6/6/6
f 7/7/7 8/8/8 9/9/9
f 10/10/10 11/11/11 12/12/12
f 12/12/12 11/11/11 13/13/13
f 14/14/14 15/15/15 1/1/1
f 16/16/16 17/17/17 6/6/6
f 18/18/18 19/19/19 20/20/20
f 14/14/14 1/1/1 3/3/3
f 19/19/19 18/18/18 21/21/21
f 6/6/6 22/22/22 23/23/23
f 24/24/24 25/25/25 26/26/26
f 27/27/27 28/28/28 13/13/13
f 24/24/24 29/29/29 25/25/25
f 6/6/6 23/23/23 4/4/4
f 29/29/29 24/24/24 30/30/30
f 27/27/27 31/31/31 28/28/28
f 32/32/32 21/21/21 33/33/33
f 32/32/32 19/19/19 21/21/21
f 26/26/26 25/25/25 1/1/1
f 15/15/15 26/26/26 1/1/1
f 34/34/34 13/13/13 11/11/11
f 4/4/4 35/35/35 36/36/36
f 37/37/37 19/19/19 32/32/32
f 38/38/38 39/39/39 40/40/40
f 25/25/25 41/41/41 1/1/1
f 36/36/36 42/42/42 4/4/4
f 32/32/32 33/33/33 43/43/43
f 44/44/44 43/43/43 40/40/40
f 28/28/28 45/45/45 13/13/13
f 32/32/32 43/43/43 44/44/44
f 46/46/46 32/32/32 44/44/44
f 47/47/47 44/44/44 40/40/40
f 47/47/47 40/40/40 39/39/39
f 29/29/29 41/41/41 25/25/25
f 35/35/35 4/4/4 23/23/23
f 44/44/44 47/47/47 46/46/46
f 31/31/31 48/48/48 49/49/49
f 50/50/50 51/51/51 52/52/52
f 53/53/53 52/52/52 51/51/51
f 39/39/39 46/46/46 47/47/47
f 54/54/54 31/31/31 49/49/49
f 55/55/55 54/54/54 49/49/49
f 56/56/56 28/28/28 57/57/57
f 45/45/45 28/28/28 56/56/56
f 32/32/32 46/46/46 58/58/58
f 59/59/59 60/60/60 61/61/61
f 46/46/46 39/39/39 62/62/62
f 54/54/54 63/63/63 57/57/57
f 64/64/64 63/63/63 54/54/54
f 28/28/28 31/31/31 57/57/57
f 65/65/65 20/20/20 19/19/19
f 66/66/66 61/61/61 60/60/60
f 67/67/67 68/68/68 23/23/23
f 69/69/69 70/70/70 52/52/52
f 69/69/69 52/52/52 71/71/71
f 57/57/57 31/31/31 54/54/54
f 66/66/66 60/60/60 3/3/3
f 65/65/65 19/19/19 37/37/37
f 22/22/22 67/67/67 23/23/23
f 72/72/72 65/65/65 37/37/37
f 73/73/73 72/72/72 37/37/37
f 74/74/74 75/75/75 76/76/76
f 35/35/35 23/23/23 68/68/68
f 2/2/2 66/66/66 3/3/3
f 50/50/50 52/52/52 70/70/70
f 77/77/77 76/76/76 75/75/75
f 37/37/37 32/32/32 78/78/78
f 67/67/67 79/79/79 68/68/68
f 80/80/80 69/69/69 71/71/71
f 73/73/73 37/37/37 7/7/7
f 76/76/76 81/81/81 82/82/82
f 81/81/81 76/76/76 83/83/83
f 78/78/78 32/32/32 58/58/58
f 79/79/79 84/84/84 68/68/68
f 83/83/83 85/85/85 86/86/86
f 58/58/58 46/46/46 62/62/62
f 58/58/58 62/62/62 87/87/87
f 88/88/88 89/89/89 37/37/37
f 78/78/78 88/88/88 37/37/37
f 88/88/88 78/78/78 58/58/58
f 76/76/76 90/90/90 83/83/83
f 7/7/7 37/37/37 89/89/89
f 66/66/66 2/2/2 91/91/91
f 92/92/92 93/93/93 71/71/71
f 94/94/94 93/93/93 92/92/92
f 7/7/7 89/89/89 95/95/95
f 96/96/96 97/97/97 98/98/98
f 94/94/94 92/92/92 99/99/99
f 83/83/83 90/90/90 100/100/100
f 101/101/101 97/97/97 102/102/102
f 103/103/103 80/80/80 93/93/93
f 102/102/102 97/97/97 104/104/104
f 71/71/71 93/93/93 80/80/80
f 98/98/98 97/97/97 101/101/101
f 88/88/88 95/95/95 89/89/89
f 98/98/98 101/101/101 105/105/105
f 106/106/106 95/95/95 88/88/88
f 106/106/106 88/88/88 107/107/107
f 85/85/85 100/100/100 108/108/108
f 100/100/100 85/85/85 83/83/83
f 97/97/97 109/109/109 108/108/108
f 91/91/91 2/2/2 110/110/110
f 110/110/110 2/2/2 41/41/41
f 41/41/41 2/2/2 1/1/1
f 109/109/109 97/97/97 96/96/96
f 109/109/109 85/85/85 108/108/108
f 111/111/111 85/85/85 109/109/109
f 112/112/112 109/109/109 96/96/96
f 110/110/110 41/41/41 29/29/29
f 87/87/87 113/113/113 58/58/58
f 114/114/114 85/85/85 111/111/111
f 58/58/58 107/107/107 88/88/88
f 111/111/111 115/115/115 114/114/114
f 116/116/116 117/117/117 15/15/15
f 98/98/98 112/112/112 96/96/96
f 58/58/58 118/118/118 107/107/107
f 118/118/118 58/58/58 113/113/113
f 119/119/119 120/120/120 121/121/121
f 119/119/119 122/122/122 120/120/120
f 105/105/105 123/123/123 98/98/98
f 124/124/124 105/105/105 101/101/101
f 125/125/125 26/26/26 15/15/15
f 122/122/122 126/126/126 127/127/127
f 120/120/120 122/122/122 127/127/127
f 128/128/128 107/107/107 118/118/118
f 129/129/129 118/118/118 113/113/113
f 105/105/105 130/130/130 131/131/131
f 118/118/118 129/129/129 128/128/128
f 132/132/132 24/24/24 125/125/125
f 123/123/123 112/112/112 98/98/98
f 125/125/125 24/24/24 26/26/26
f 133/133/133 134/134/134 112/112/112
f 30/30/30 24/24/24 135/135/135
f 119/119/119 136/136/136 122/122/122
f 123/123/123 137/137/137 112/112/112
f 138/138/138 139/139/139 140/140/140
f 123/123/123 141/141/141 137/137/137
f 142/142/142 139/139/139 138/138/138
f 121/121/121 143/143/143 144/144/144
f 133/133/133 112/112/112 137/137/137
f 145/145/145 146/146/146 143/143/143
f 147/147/147 148/148/148 149/149/149
f 138/138/138 150/150/150 142/142/142
f 150/150/150 138/138/138 151/151/151
f 152/152/152 153/153/153 154/154/154
f 143/143/143 146/146/146 155/155/155
f 156/156/156 157/157/157 147/147/147
f 158/158/158 156/156/156 149/149/149
f 159/159/159 160/160/160 161/161/161
f 162/162/162 163/163/163 164/164/164
f 123/123/123 105/105/105 131/131/131
f 159/159/159 161/161/161 165/165/165
f 143/143/143 121/121/121 166/166/166
f 162/162/162 164/164/164 167/167/167
f 157/157/157 168/168/168 169/169/169
f 127/127/127 166/166/166 120/120/120
f 157/157/157 170/170/170 168/168/168
f 127/127/127 11/11/11 166/166/166
f 171/171/171 101/101/101 102/102/102
f 10/10/10 145/145/145 143/143/143
f 156/156/156 147/147/147 149/149/149
f 143/143/143 166/166/166 10/10/10
f 10/10/10 166/166/166 11/11/11
f 172/172/172 156/156/156 173/173/173
f 102/102/102 104/104/104 171/171/171
f 174/174/174 104/104/104 175/175/175
f 171/171/171 104/104/104 174/174/174
f 176/176/176 177/177/177 162/162/162
f 156/156/156 170/170/170 157/157/157
f 178/178/178 170/170/170 156/156/156
f 179/179/179 124/124/124 171/171/171
f 180/180/180 176/176/176 162/162/162
f 156/156/156 181/181/181 178/178/178
f 171/171/171 124/124/124 101/101/101
f 182/182/182 144/144/144 183/183/183
f 144/144/144 182/182/182 121/121/121
f 130/130/130 105/105/105 124/124/124
f 176/176/176 180/180/180 184/184/184
f 181/181/181 156/156/156 172/172/172
f 130/130/130 124/124/124 185/185/185
f 186/186/186 181/181/181 172/172/172
f 119/119/119 121/121/121 182/182/182
f 187/187/187 184/184/184 180/180/180
f 82/82/82 119/119/119 182/182/182
f 184/184/184 188/188/188 176/176/176
f 185/185/185 124/124/124 179/179/179
f 183/183/183 82/82/82 182/182/182
f 74/74/74 82/82/82 183/183/183
f 189/189/189 190/190/190 191/191/191
f 82/82/82 74/74/74 76/76/76
f 191/191/191 170/170/170 192/192/192
f 193/193/193 194/194/194 195/195/195
f 192/192/192 196/196/196 191/191/191
f 152/152/152 160/160/160 197/197/197
f 189/189/189 191/191/191 196/196/196
f 193/193/193 198/198/198 194/194/194
f 120/120/120 166/166/166 121/121/121
f 184/184/184 187/187/187 188/188/188
f 199/199/199 34/34/34 127/127/127
f 192/192/192 170/170/170 178/178/178
f 187/187/187 200/200/200 201/201/201
f 202/202/202 199/199/199 126/126/126
f 203/203/203 160/160/160 159/159/159
f 204/204/204 34/34/34 199/199/199
f 192/192/192 178/178/178 181/181/181
f 202/202/202 204/204/204 199/199/199
f 203/203/203 197/197/197 160/160/160
f 205/205/205 192/192/192 181/181/181
f 206/206/206 196/196/196 192/192/192
f 202/202/202 48/48/48 204/204/204
f 207/207/207 208/208/208 209/209/209
f 208/208/208 207/207/207 210/210/210
f 48/48/48 202/202/202 211/211/211
f 212/212/212 213/213/213 210/210/210
f 48/48/48 211/211/211 214/214/214
f 197/197/197 203/203/203 215/215/215
f 216/216/216 197/197/197 215/215/215
f 217/217/217 218/218/218 219/219/219
f 212/212/212 138/138/138 140/140/140
f 215/215/215 220/220/220 216/216/216
f 221/221/221 222/222/222 223/223/223
f 126/126/126 199/199/199 127/127/127
f 224/224/224 225/225/225 226/226/226
f 227/227/227 225/225/225 224/224/224
f 228/228/228 229/229/229 190/190/190
f 165/165/165 230/230/230 231/231/231
f 202/202/202 126/126/126 232/232/232
f 231/231/231 233/233/233 165/165/165
f 229/229/229 228/228/228 234/234/234
f 235/235/235 165/165/165 233/233/233
f 189/189/189 234/234/234 228/228/228
f 232/232/232 126/126/126 223/223/223
f 232/232/232 223/223/223 236/236/236
f 237/237/237 238/238/238 189/189/189
f 239/239/239 227/227/227 224/224/224
f 189/189/189 238/238/238 234/234/234
f 239/239/239 240/240/240 227/227/227
f 223/223/223 126/126/126 221/221/221
f 136/136/136 126/126/126 122/122/122
f 136/136/136 221/221/221 126/126/126
f 241/241/241 242/242/242 238/238/238
f 243/243/243 244/244/244 224/224/224
f 244/244/244 239/239/239 224/224/224
f 235/235/235 203/203/203 159/159/159
f 222/222/222 236/236/236 223/223/223
f 215/215/215 203/203/203 235/235/235
f 235/235/235 159/159/159 165/165/165
f 245/245/245 242/242/242 241/241/241
f 215/215/215 235/235/235 246/246/246
f 241/241/241 247/247/247 245/245/245
f 236/236/236 211/211/211 232/232/232
f 248/248/248 239/239/239 244/244/244
f 249/249/249 246/246/246 235/235/235
f 250/250/250 239/239/239 248/248/248
f 249/249/249 235/235/235 233/233/233
f 150/150/150 245/245/245 251/251/251
f 249/249/249 252/252/252 246/246/246
f 226/226/226 150/150/150 251/251/251
f 236/236/236 253/253/253 211/211/211
f 246/246/246 220/220/220 215/215/215
f 186/186/186 254/254/254 181/181/181
f 255/255/255 181/181/181 254/254/254
f 256/256/256 189/189/189 196/196/196
f 256/256/256 237/237/237 189/189/189
f 257/257/257 258/258/258 220/220/220
f 257/257/257 220/220/220 259/259/259
f 250/250/250 260/260/260 240/240/240
f 206/206/206 192/192/192 205/205/205
f 13/13/13 34/34/34 27/27/27
f 261/261/261 240/240/240 260/260/260
f 252/252/252 262/262/262 246/246/246
f 263/263/263 261/261/261 260/260/260
f 264/264/264 246/246/246 262/262/262
f 265/265/265 264/264/264 262/262/262
f 255/255/255 205/205/205 181/181/181
f 248/248/248 244/244/244 243/243/243
f 264/264/264 220/220/220 246/246/246
f 266/266/266 206/206/206 205/205/205
f 266/266/266 205/205/205 267/267/267
f 256/256/256 196/196/196 206/206/206
f 31/31/31 27/27/27 204/204/204
f 259/259/259 264/264/264 265/265/265
f 268/268/268 243/243/243 269/269/269
f 268/268/268 248/248/248 243/243/243
f 248/248/248 268/268/268 270/270/270
f 11/11/11 127/127/127 34/34/34
f 264/264/264 259/259/259 220/220/220
f 266/266/266 256/256/256 206/206/206
f 257/257/257 259/259/259 271/271/271
f 267/267/267 205/205/205 255/255/255
f 270/270/270 250/250/250 248/248/248
f 272/272/272 273/273/273 274/274/274
f 272/272/272 174/174/174 273/273/273
f 275/275/275 256/256/256 276/276/276
f 266/266/266 276/276/276 256/256/256
f 272/272/272 277/277/277 174/174/174
f 272/272/272 274/274/274 277/277/277
f 278/278/278 266/266/266 267/267/267
f 279/279/279 268/268/268 280/280/280
f 278/278/278 276/276/276 266/266/266
f 281/281/281 136/136/136 119/119/119
f 268/268/268 282/282/282 270/270/270
f 279/279/279 282/282/282 268/268/268
f 283/283/283 270/270/270 282/282/282
f 284/284/284 277/277/277 274/274/274
f 285/285/285 277/277/277 284/284/284
f 250/250/250 270/270/270 260/260/260
f 241/241/241 238/238/238 237/237/237
f 260/260/260 270/270/270 283/283/283
f 286/286/286 284/284/284 274/274/274
f 287/287/287 136/136/136 281/281/281
f 288/288/288 241/241/241 237/237/237
f 289/289/289 287/287/287 281/281/281
f 290/290/290 284/284/284 286/286/286
f 289/289/289 291/291/291 287/287/287
f 288/288/288 247/247/247 241/241/241
f 237/237/237 256/256/256 275/275/275
f 140/140/140 139/139/139 290/290/290
f 237/237/237 275/275/275 288/288/288
f 290/290/290 139/139/139 284/284/284
f 292/292/292 293/293/293 263/263/263
f 294/294/294 293/293/293 292/292/292
f 295/295/295 291/291/291 289/289/289
f 276/276/276 288/288/288 275/275/275
f 260/260/260 283/283/283 296/296/296
f 296/296/296 263/263/263 260/260/260
f 296/296/296 297/297/297 263/263/263
f 139/139/139 298/298/298 284/284/284
f 299/299/299 300/300/300 301/301/301
f 302/302/302 303/303/303 291/291/291
f 288/288/288 304/304/304 247/247/247
f 163/163/163 298/298/298 139/139/139
f 300/300/300 305/305/305 217/217/217
f 288/288/288 306/306/306 304/304/304
f 276/276/276 306/306/306 288/288/288
f 291/291/291 295/295/295 302/302/302
f 179/179/179 171/171/171 174/174/174
f 261/261/261 299/299/299 301/301/301
f 307/307/307 247/247/247 304/304/304
f 277/277/277 179/179/179 174/174/174
f 295/295/295 308/308/308 302/302/302
f 245/245/245 247/247/247 251/251/251
f 309/309/309 185/185/185 179/179/179
f 263/263/263 299/299/299 261/261/261
f 309/309/309 179/179/179 277/277/277
f 293/293/293 299/299/299 263/263/263
f 307/307/307 251/251/251 247/247/247
f 86/86/86 82/82/82 81/81/81
f 293/293/293 310/310/310 299/299/299
f 81/81/81 83/83/83 86/86/86
f 300/300/300 299/299/299 305/305/305
f 310/310/310 305/305/305 299/299/299
f 311/311/311 312/312/312 309/309/309
f 119/119/119 82/82/82 86/86/86
f 226/226/226 251/251/251 224/224/224
f 281/281/281 119/119/119 86/86/86
f 285/285/285 311/311/311 309/309/309
f 285/285/285 309/309/309 277/277/277
f 313/313/313 310/310/310 293/293/293
f 314/314/314 310/310/310 313/313/313
f 315/315/315 310/310/310 314/314/314
f 251/251/251 307/307/307 316/316/316
f 317/317/317 86/86/86 85/85/85
f 318/318/318 319/319/319 305/305/305
f 317/317/317 281/281/281 86/86/86
f 251/251/251 316/316/316 224/224/224
f 310/310/310 315/315/315 305/305/305
f 224/224/224 316/316/316 243/243/243
f 318/318/318 305/305/305 315/315/315
f 317/317/317 289/289/289 281/281/281
f 114/114/114 317/317/317 85/85/85
f 320/320/320 311/311/311 285/285/285
f 321/321/321 316/316/316 307/307/307
f 316/316/316 321/321/321 243/243/243
f 284/284/284 298/298/298 320/320/320
f 322/322/322 319/319/319 318/318/318
f 114/114/114 289/289/289 317/317/317
f 323/323/323 276/276/276 278/278/278
f 280/280/280 324/324/324 279/279/279
f 323/323/323 306/306/306 276/276/276
f 279/279/279 324/324/324 282/282/282
f 177/177/177 298/298/298 163/163/163
f 296/296/296 282/282/282 324/324/324
f 296/296/296 283/283/283 282/282/282
f 323/323/323 325/325/325 306/306/306
f 163/163/163 162/162/162 177/177/177
f 326/326/326 114/114/114 115/115/115
f 289/289/289 114/114/114 326/326/326
f 304/304/304 306/306/306 327/327/327
f 328/328/328 297/297/297 296/296/296
f 263/263/263 297/297/297 292/292/292
f 329/329/329 306/306/306 325/325/325
f 289/289/289 326/326/326 295/295/295
f 327/327/327 306/306/306 329/329/329
f 297/297/297 294/294/294 292/292/292
f 297/297/297 330/330/330 294/294/294
f 331/331/331 332/332/332 333/333/333
f 297/297/297 328/328/328 334/334/334
f 297/297/297 334/334/334 330/330/330
f 329/329/329 335/335/335 327/327/327
f 307/307/307 304/304/304 321/321/321
f 321/321/321 304/304/304 327/327/327
f 295/295/295 336/336/336 308/308/308
f 337/337/337 321/321/321 327/327/327
f 338/338/338 339/339/339 331/331/331
f 340/340/340 222/222/222 221/221/221
f 337/337/337 243/243/243 321/321/321
f 341/341/341 338/338/338 331/331/331
f 341/341/341 331/331/331 342/342/342
f 343/343/343 338/338/338 341/341/341
f 269/269/269 243/243/243 337/337/337
f 269/269/269 337/337/337 344/344/344
f 265/265/265 262/262/262 252/252/252
f 265/265/265 252/252/252 339/339/339
f 287/287/287 221/221/221 136/136/136
f 345/345/345 318/318/318 315/315/315
f 344/344/344 337/337/337 327/327/327
f 344/344/344 327/327/327 346/346/346
f 340/340/340 221/221/221 287/287/287
f 287/287/287 291/291/291 340/340/340
f 340/340/340 291/291/291 303/303/303
f 347/347/347 269/269/269 344/344/344
f 348/348/348 259/259/259 265/265/265
f 268/268/268 269/269/269 347/347/347
f 349/349/349 344/344/344 346/346/346
f 349/349/349 347/347/347 344/344/344
f 265/265/265 339/339/339 338/338/338
f 350/350/350 318/318/318 345/345/345
f 347/347/347 280/280/280 268/268/268
f 338/338/338 348/348/348 265/265/265
f 338/338/338 351/351/351 348/348/348
f 352/352/352 172/172/172 173/173/173
f 353/353/353 350/350/350 354/354/354
f 354/354/354 355/355/355 353/353/353
f 222/222/222 356/356/356 357/357/357
f 357/357/357 236/236/236 222/222/222
f 352/352/352 186/186/186 172/172/172
f 338/338/338 358/358/358 351/351/351
f 358/358/358 348/348/348 351/351/351
f 186/186/186 352/352/352 359/359/359
f 222/222/222 340/340/340 356/356/356
f 358/358/358 360/360/360 348/348/348
f 361/361/361 357/357/357 356/356/356
f 340/340/340 362/362/362 356/356/356
f 352/352/352 363/363/363 359/359/359
f 342/342/342 331/331/331 333/333/333
f 361/361/361 356/356/356 364/364/364
f 365/365/365 342/342/342 333/333/333
f 313/313/313 366/366/366 314/314/314
f 356/356/356 362/362/362 364/364/364
f 359/359/359 254/254/254 186/186/186
f 314/314/314 366/366/366 367/367/367
f 314/314/314 367/367/367 345/345/345
f 368/368/368 342/342/342 365/365/365
f 330/330/330 313/313/313 294/294/294
f 369/369/369 363/363/363 370/370/370
f 313/313/313 330/330/330 366/366/366
f 340/340/340 303/303/303 362/362/362
f 371/371/371 363/363/363 369/369/369
f 334/334/334 366/366/366 330/330/330
f 371/371/371 369/369/369 372/372/372
f 369/369/369 373/373/373 372/372/372
f 374/374/374 341/341/341 342/342/342
f 342/342/342 368/368/368 374/374/374
f 375/375/375 362/362/362 303/303/303
f 254/254/254 359/359/359 255/255/255
f 371/371/371 359/359/359 363/363/363
f 308/308/308 375/375/375 302/302/302
f 366/366/366 376/376/376 367/367/367
f 195/195/195 343/343/343 341/341/341
f 255/255/255 359/359/359 371/371/371
f 303/303/303 302/302/302 375/375/375
f 366/366/366 377/377/377 376/376/376
f 195/195/195 341/341/341 374/374/374
f 367/367/367 376/376/376 345/345/345
f 369/369/369 370/370/370 9/9/9
f 373/373/373 369/369/369 9/9/9
f 378/378/378 267/267/267 255/255/255
f 375/375/375 379/379/379 380/380/380
f 381/381/381 364/364/364 362/362/362
f 343/343/343 358/358/358 338/338/338
f 371/371/371 378/378/378 255/255/255
f 381/381/381 362/362/362 375/375/375
f 315/315/315 314/314/314 345/345/345
f 382/382/382 371/371/371 372/372/372
f 345/345/345 354/354/354 350/350/350
f 382/382/382 383/383/383 371/371/371
f 381/381/381 384/384/384 364/364/364
f 194/194/194 358/358/358 343/343/343
f 378/378/378 371/371/371 383/383/383
f 384/384/384 381/381/381 385/385/385
f 386/386/386 378/378/378 383/383/383
f 354/354/354 345/345/345 387/387/387
f 195/195/195 194/194/194 343/343/343
f 380/380/380 381/381/381 375/375/375
f 388/388/388 387/387/387 345/345/345
f 382/382/382 372/372/372 373/373/373
f 8/8/8 389/389/389 373/373/373
f 390/390/390 391/391/391 392/392/392
f 389/389/389 382/382/382 373/373/373
f 390/390/390 393/393/393 391/391/391
f 394/394/394 395/395/395 396/396/396
f 380/380/380 385/385/385 381/381/381
f 396/396/396 397/397/397 394/394/394
f 354/354/354 387/387/387 398/398/398
f 397/397/397 396/396/396 399/399/399
f 400/400/400 354/354/354 398/398/398
f 9/9/9 8/8/8 373/373/373
f 392/392/392 385/385/385 390/390/390
f 401/401/401 396/396/396 402/402/402
f 385/385/385 380/380/380 390/390/390
f 403/403/403 390/390/390 380/380/380
f 380/380/380 404/404/404 403/403/403
f 397/397/397 399/399/399 405/405/405
f 406/406/406 405/405/405 399/399/399
f 399/399/399 401/401/401 406/406/406
f 401/401/401 407/407/407 406/406/406
f 405/405/405 406/406/406 408/408/408
f 379/379/379 375/375/375 308/308/308
f 407/407/407 409/409/409 406/406/406
f 406/406/406 409/409/409 408/408/408
f 408/408/408 410/410/410 405/405/405
f 398/398/398 411/411/411 400/400/400
f 380/380/380 379/379/379 412/412/412
f 7/7/7 413/413/413 8/8/8
f 411/411/411 414/414/414 400/400/400
f 380/380/380 412/412/412 404/404/404
f 8/8/8 413/413/413 389/389/389
f 415/415/415 416/416/416 417/417/417
f 418/418/418 419/419/419 153/153/153
f 388/388/388 345/345/345 376/376/376
f 383/383/383 382/382/382 389/389/389
f 153/153/153 152/152/152 197/197/197
f 418/418/418 153/153/153 197/197/197
f 383/383/383 389/389/389 420/420/420
f 420/420/420 389/389/389 413/413/413
f 413/413/413 421/421/421 420/420/420
f 422/422/422 398/398/398 387/387/387
f 423/423/423 416/416/416 424/424/424
f 388/388/388 425/425/425 387/387/387
f 420/420/420 426/426/426 383/383/383
f 427/427/427 387/387/387 425/425/425
f 428/428/428 423/423/423 424/424/424
f 421/421/421 426/426/426 420/420/420
f 418/418/418 197/197/197 216/216/216
f 427/427/427 411/411/411 422/422/422
f 429/429/429 421/421/421 413/413/413
f 387/387/387 427/427/427 422/422/422
f 423/423/423 428/428/428 430/430/430
f 422/422/422 411/411/411 398/398/398
f 378/378/378 431/431/431 267/267/267
f 432/432/432 419/419/419 433/433/433
f 434/434/434 435/435/435 436/436/436
f 437/437/437 435/435/435 434/434/434
f 278/278/278 267/267/267 431/431/431
f 419/419/419 438/438/438 433/433/433
f 439/439/439 278/278/278 431/431/431
f 438/438/438 419/419/419 418/418/418
f 411/411/411 440/440/440 414/414/414
f 439/439/439 431/431/431 386/386/386
f 441/441/441 145/145/145 442/442/442
f 414/414/414 440/440/440 443/443/443
f 386/386/386 431/431/431 378/378/378
f 444/444/444 433/433/433 16/16/16
f 278/278/278 439/439/439 445/445/445
f 440/440/440 446/446/446 443/443/443
f 418/418/418 216/216/216 438/438/438
f 443/443/443 447/447/447 414/414/414
f 439/439/439 386/386/386 445/445/445
f 448/448/448 415/415/415 442/442/442
f 449/449/449 447/447/447 443/443/443
f 447/447/447 449/449/449 450/450/450
f 451/451/451 386/386/386 383/383/383
f 216/216/216 452/452/452 438/438/438
f 451/451/451 383/383/383 453/453/453
f 454/454/454 12/12/12 455/455/455
f 323/323/323 278/278/278 445/445/445
f 442/442/442 455/455/455 456/456/456
f 258/258/258 457/457/457 216/216/216
f 220/220/220 258/258/258 216/216/216
f 12/12/12 454/454/454 10/10/10
f 451/451/451 445/445/445 386/386/386
f 458/458/458 445/445/445 451/451/451
f 454/454/454 145/145/145 10/10/10
f 459/459/459 198/198/198 193/193/193
f 453/453/453 383/383/383 426/426/426
f 442/442/442 454/454/454 455/455/455
f 460/460/460 461/461/461 193/193/193
f 457/457/457 452/452/452 216/216/216
f 454/454/454 442/442/442 145/145/145
f 462/462/462 413/413/413 7/7/7
f 7/7/7 95/95/95 462/462/462
f 448/448/448 442/442/442 456/456/456
f 95/95/95 106/106/106 462/462/462
f 257/257/257 457/457/457 258/258/258
f 462/462/462 429/429/429 413/413/413
f 459/459/459 463/463/463 464/464/464
f 465/465/465 448/448/448 456/456/456
f 438/438/438 16/16/16 433/433/433
f 106/106/106 466/466/466 462/462/462
f 106/106/106 107/107/107 128/128/128
f 467/467/467 456/456/456 468/468/468
f 469/469/469 463/463/463 459/459/459
f 445/445/445 470/470/470 323/323/323
f 469/469/469 459/459/459 461/461/461
f 470/470/470 325/325/325 323/323/323
f 471/471/471 469/469/469 461/461/461
f 452/452/452 17/17/17 438/438/438
f 325/325/325 472/472/472 335/335/335
f 470/470/470 472/472/472 325/325/325
f 16/16/16 438/438/438 17/17/17
f 329/329/329 325/325/325 335/335/335
f 473/473/473 467/467/467 474/474/474
f 469/469/469 475/475/475 463/463/463
f 327/327/327 335/335/335 346/346/346
f 346/346/346 335/335/335 472/472/472
f 474/474/474 476/476/476 473/473/473
f 476/476/476 477/477/477 473/473/473
f 475/475/475 478/478/478 479/479/479
f 480/480/480 475/475/475 469/469/469
f 481/481/481 408/408/408 409/409/409
f 322/322/322 482/482/482 200/200/200
f 6/6/6 17/17/17 22/22/22
f 271/271/271 259/259/259 348/348/348
f 348/348/348 360/360/360 271/271/271
f 458/458/458 470/470/470 445/445/445
f 465/465/465 483/483/483 448/448/448
f 465/465/465 477/477/477 483/483/483
f 484/484/484 485/485/485 486/486/486
f 487/487/487 453/453/453 426/426/426
f 488/488/488 485/485/485 484/484/484
f 426/426/426 421/421/421 487/487/487
f 489/489/489 421/421/421 429/429/429
f 421/421/421 489/489/489 487/487/487
f 415/415/415 448/448/448 483/483/483
f 490/490/490 360/360/360 358/358/358
f 489/489/489 429/429/429 491/491/491
f 492/492/492 480/480/480 469/469/469
f 358/358/358 194/194/194 490/490/490
f 453/453/453 458/458/458 451/451/451
f 424/424/424 483/483/483 477/477/477
f 478/478/478 493/493/493 494/494/494
f 477/477/477 465/465/465 473/473/473
f 495/495/495 496/496/496 453/453/453
f 487/487/487 495/495/495 453/453/453
f 458/458/458 453/453/453 496/496/496
f 458/458/458 496/496/496 497/497/497
f 498/498/498 497/497/497 496/496/496
f 499/499/499 500/500/500 493/493/493
f 198/198/198 490/490/490 194/194/194
f 198/198/198 464/464/464 490/490/490
f 495/495/495 487/487/487 489/489/489
f 501/501/501 493/493/493 478/478/478
f 493/493/493 501/501/501 499/499/499
f 496/496/496 495/495/495 498/498/498
f 416/416/416 415/415/415 483/483/483
f 257/257/257 502/502/502 457/457/457
f 503/503/503 495/495/495 489/489/489
f 499/499/499 501/501/501 504/504/504
f 502/502/502 452/452/452 457/457/457
f 424/424/424 416/416/416 483/483/483
f 452/452/452 505/505/505 17/17/17
f 501/501/501 506/506/506 504/504/504
f 466/466/466 429/429/429 462/462/462
f 507/507/507 501/501/501 508/508/508
f 456/456/456 467/467/467 473/473/473
f 507/507/507 506/506/506 501/501/501
f 509/509/509 510/510/510 511/511/511
f 512/512/512 466/466/466 106/106/106
f 452/452/452 513/513/513 505/505/505
f 509/509/509 514/514/514 515/515/515
f 509/509/509 515/515/515 510/510/510
f 509/509/509 516/516/516 514/514/514
f 517/517/517 429/429/429 466/466/466
f 467/467/467 468/468/468 518/518/518
f 513/513/513 452/452/452 502/502/502
f 466/466/466 512/512/512 517/517/517
f 519/519/519 518/518/518 56/56/56
f 520/520/520 505/505/505 513/513/513
f 63/63/63 521/521/521 519/519/519
f 128/128/128 522/522/522 106/106/106
f 523/523/523 520/520/520 513/513/513
f 524/524/524 525/525/525 484/484/484
f 484/484/484 355/355/355 524/524/524
f 520/520/520 523/523/523 526/526/526
f 525/525/525 524/524/524 527/527/527
f 528/528/528 128/128/128 529/529/529
f 528/528/528 522/522/522 128/128/128
f 257/257/257 530/530/530 502/502/502
f 530/530/530 531/531/531 502/502/502
f 532/532/532 12/12/12 13/13/13
f 529/529/529 533/533/533 528/528/528
f 400/400/400 355/355/355 354/354/354
f 400/400/400 524/524/524 355/355/355
f 512/512/512 106/106/106 522/522/522
f 455/455/455 12/12/12 532/532/532
f 455/455/455 532/532/532 468/468/468
f 257/257/257 271/271/271 530/530/530
f 534/534/534 512/512/512 522/522/522
f 524/524/524 400/400/400 527/527/527
f 45/45/45 56/56/56 532/532/532
f 13/13/13 45/45/45 532/532/532
f 532/532/532 56/56/56 468/468/468
f 528/528/528 533/533/533 522/522/522
f 56/56/56 518/518/518 468/468/468
f 534/534/534 522/522/522 533/533/533
f 456/456/456 455/455/455 468/468/468
f 535/535/535 531/531/531 530/530/530
f 533/533/533 536/536/536 534/534/534
f 537/537/537 527/527/527 400/400/400
f 519/519/519 56/56/56 63/63/63
f 414/414/414 537/537/537 400/400/400
f 536/536/536 533/533/533 538/538/538
f 517/517/517 491/491/491 429/429/429
f 63/63/63 56/56/56 57/57/57
f 502/502/502 531/531/531 513/513/513
f 539/539/539 491/491/491 517/517/517
f 489/489/489 491/491/491 539/539/539
f 540/540/540 541/541/541 542/542/542
f 527/527/527 537/537/537 543/543/543
f 467/467/467 518/518/518 541/541/541
f 539/539/539 517/517/517 544/544/544
f 531/531/531 545/545/545 513/513/513
f 513/513/513 545/545/545 523/523/523
f 543/543/543 537/537/537 546/546/546
f 517/517/517 512/512/512 544/544/544
f 474/474/474 467/467/467 541/541/541
f 512/512/512 534/534/534 544/544/544
f 547/547/547 539/539/539 544/544/544
f 548/548/548 474/474/474 541/541/541
f 531/531/531 535/535/535 545/545/545
f 540/540/540 548/548/548 541/541/541
f 549/549/549 546/546/546 537/537/537
f 503/503/503 489/489/489 539/539/539
f 550/550/550 551/551/551 549/549/549
f 523/523/523 552/552/552 526/526/526
f 539/539/539 547/547/547 503/503/503
f 553/553/553 526/526/526 552/552/552
f 540/540/540 542/542/542 554/554/554
f 555/555/555 523/523/523 545/545/545
f 545/545/545 535/535/535 555/555/555
f 556/556/556 503/503/503 547/547/547
f 544/544/544 556/556/556 547/547/547
f 552/552/552 523/523/523 555/555/555
f 557/557/557 509/509/509 558/558/558
f 559/559/559 551/551/551 550/550/550
f 519/519/519 554/554/554 542/542/542
f 560/560/560 552/552/552 555/555/555
f 561/561/561 553/553/553 552/552/552
f 505/505/505 22/22/22 17/17/17
f 562/562/562 544/544/544 534/534/534
f 562/562/562 534/534/534 536/536/536
f 563/563/563 564/564/564 565/565/565
f 566/566/566 565/565/565 564/564/564
f 556/556/556 544/544/544 567/567/567
f 563/563/563 565/565/565 568/568/568
f 569/569/569 556/556/556 567/567/567
f 570/570/570 569/569/569 567/567/567
f 549/549/549 571/571/571 572/572/572
f 549/549/549 572/572/572 546/546/546
f 565/565/565 573/573/573 568/568/568
f 574/574/574 505/505/505 520/520/520
f 575/575/575 568/568/568 573/573/573
f 536/536/536 576/576/576 562/562/562
f 536/536/536 577/577/577 576/576/576
f 67/67/67 22/22/22 578/578/578
f 574/574/574 22/22/22 505/505/505
f 578/578/578 22/22/22 574/574/574
f 516/516/516 509/509/509 557/557/557
f 567/567/567 544/544/544 562/562/562
f 573/573/573 579/579/579 575/575/575
f 562/562/562 576/576/576 567/567/567
f 551/551/551 571/571/571 549/549/549
f 580/580/580 476/476/476 581/581/581
f 581/581/581 582/582/582 580/580/580
f 577/577/577 583/583/583 576/576/576
f 526/526/526 574/574/574 520/520/520
f 583/583/583 577/577/577 584/584/584
f 585/585/585 583/583/583 586/586/586
f 67/67/67 578/578/578 79/79/79
f 587/587/587 472/472/472 470/470/470
f 537/537/537 414/414/414 447/447/447
f 458/458/458 587/587/587 470/470/470
f 588/588/588 581/581/581 589/589/589
f 447/447/447 549/549/549 537/537/537
f 578/578/578 590/590/590 79/79/79
f 591/591/591 549/549/549 447/447/447
f 590/590/590 592/592/592 79/79/79
f 497/497/497 472/472/472 587/587/587
f 472/472/472 497/497/497 593/593/593
f 79/79/79 592/592/592 594/594/594
f 553/553/553 574/574/574 526/526/526
f 450/450/450 595/595/595 447/447/447
f 424/424/424 477/477/477 476/476/476
f 596/596/596 578/578/578 574/574/574
f 596/596/596 590/590/590 578/578/578
f 597/597/597 590/590/590 596/596/596
f 598/598/598 593/593/593 497/497/497
f 595/595/595 550/550/550 591/591/591
f 599/599/599 593/593/593 598/598/598
f 600/600/600 550/550/550 595/595/595
f 550/550/550 549/549/549 591/591/591
f 497/497/497 587/587/587 458/458/458
f 559/559/559 550/550/550 601/601/601
f 497/497/497 498/498/498 598/598/598
f 598/598/598 498/498/498 602/602/602
f 592/592/592 590/590/590 603/603/603
f 604/604/604 588/588/588 605/605/605
f 495/495/495 503/503/503 498/498/498
f 498/498/498 503/503/503 602/602/602
f 595/595/595 450/450/450 606/606/606
f 602/602/602 503/503/503 607/607/607
f 608/608/608 609/609/609 604/604/604
f 610/610/610 611/611/611 607/607/607
f 592/592/592 603/603/603 612/612/612
f 613/613/613 612/612/612 603/603/603
f 612/612/612 614/614/614 592/592/592
f 609/609/609 608/608/608 615/615/615
f 600/600/600 606/606/606 616/616/616
f 602/602/602 599/599/599 598/598/598
f 596/596/596 574/574/574 553/553/553
f 436/436/436 617/617/617 618/618/618
f 434/434/434 436/436/436 618/618/618
f 619/619/619 324/324/324 280/280/280
f 602/602/602 607/607/607 611/611/611
f 620/620/620 621/621/621 618/618/618
f 622/622/622 324/324/324 619/619/619
f 619/619/619 623/623/623 622/622/622
f 346/346/346 472/472/472 593/593/593
f 622/622/622 624/624/624 324/324/324
f 624/624/624 622/622/622 625/625/625
f 593/593/593 349/349/349 346/346/346
f 626/626/626 296/296/296 324/324/324
f 627/627/627 296/296/296 626/626/626
f 324/324/324 624/624/624 626/626/626
f 593/593/593 599/599/599 628/628/628
f 561/561/561 596/596/596 553/553/553
f 629/629/629 597/597/597 596/596/596
f 630/630/630 628/628/628 599/599/599
f 628/628/628 630/630/630 623/623/623
f 624/624/624 627/627/627 626/626/626
f 631/631/631 563/563/563 568/568/568
f 628/628/628 347/347/347 349/349/349
f 629/629/629 596/596/596 561/561/561
f 349/349/349 593/593/593 628/628/628
f 627/627/627 632/632/632 633/633/633
f 347/347/347 628/628/628 280/280/280
f 629/629/629 634/634/634 597/597/597
f 605/605/605 631/631/631 635/635/635
f 636/636/636 604/604/604 605/605/605
f 623/623/623 280/280/280 628/628/628
f 619/619/619 280/280/280 623/623/623
f 637/637/637 634/634/634 629/629/629
f 631/631/631 638/638/638 635/635/635
f 632/632/632 624/624/624 625/625/625
f 624/624/624 632/632/632 627/627/627
f 638/638/638 639/639/639 635/635/635
f 634/634/634 603/603/603 597/597/597
f 625/625/625 622/622/622 640/640/640
f 613/613/613 603/603/603 634/634/634
f 640/640/640 641/641/641 625/625/625
f 642/642/642 641/641/641 640/640/640
f 634/634/634 643/643/643 613/613/613
f 623/623/623 630/630/630 622/622/622
f 644/644/644 625/625/625 641/641/641
f 630/630/630 640/640/640 622/622/622
f 645/645/645 599/599/599 602/602/602
f 630/630/630 599/599/599 645/645/645
f 632/632/632 625/625/625 644/644/644
f 646/646/646 75/75/75 647/647/647
f 632/632/632 644/644/644 648/648/648
f 646/646/646 647/647/647 649/649/649
f 614/614/614 612/612/612 613/613/613
f 602/602/602 611/611/611 645/645/645
f 640/640/640 630/630/630 645/645/645
f 650/650/650 634/634/634 637/637/637
f 642/642/642 640/640/640 645/645/645
f 650/650/650 643/643/643 634/634/634
f 648/648/648 644/644/644 651/651/651
f 627/627/627 328/328/328 296/296/296
f 613/613/613 643/643/643 650/650/650
f 650/650/650 652/652/652 613/613/613
f 650/650/650 653/653/653 652/652/652
f 627/627/627 633/633/633 328/328/328
f 334/334/334 328/328/328 633/633/633
f 654/654/654 653/653/653 650/650/650
f 611/611/611 610/610/610 655/655/655
f 611/611/611 655/655/655 645/645/645
f 656/656/656 633/633/633 632/632/632
f 657/657/657 645/645/645 655/655/655
f 360/360/360 530/530/530 271/271/271
f 334/334/334 633/633/633 656/656/656
f 658/658/658 77/77/77 75/75/75
f 645/645/645 657/657/657 642/642/642
f 77/77/77 658/658/658 659/659/659
f 657/657/657 660/660/660 642/642/642
f 647/647/647 75/75/75 74/74/74
f 530/530/530 360/360/360 535/535/535
f 661/661/661 641/641/641 660/660/660
f 662/662/662 661/661/661 660/660/660
f 503/503/503 556/556/556 607/607/607
f 659/659/659 76/76/76 77/77/77
f 663/663/663 334/334/334 656/656/656
f 664/664/664 334/334/334 663/663/663
f 607/607/607 556/556/556 610/610/610
f 610/610/610 556/556/556 569/569/569
f 632/632/632 648/648/648 665/665/665
f 632/632/632 665/665/665 656/656/656
f 666/666/666 535/535/535 360/360/360
f 75/75/75 646/646/646 658/658/658
f 665/665/665 663/663/663 656/656/656
f 360/360/360 490/490/490 666/666/666
f 570/570/570 667/667/667 569/569/569
f 576/576/576 570/570/570 567/567/567
f 535/535/535 666/666/666 668/668/668
f 669/669/669 665/665/665 648/648/648
f 669/669/669 670/670/670 665/665/665
f 671/671/671 665/665/665 670/670/670
f 672/672/672 659/659/659 658/658/658
f 664/664/664 663/663/663 665/665/665
f 655/655/655 610/610/610 569/569/569
f 569/569/569 667/667/667 655/655/655
f 673/673/673 674/674/674 675/675/675
f 665/665/665 671/671/671 664/664/664
f 560/560/560 555/555/555 535/535/535
f 676/676/676 664/664/664 671/671/671
f 677/677/677 655/655/655 667/667/667
f 560/560/560 535/535/535 668/668/668
f 570/570/570 576/576/576 585/585/585
f 576/576/576 583/583/583 585/585/585
f 642/642/642 660/660/660 641/641/641
f 678/678/678 679/679/679 561/561/561
f 680/680/680 681/681/681 417/417/417
f 668/668/668 682/682/682 560/560/560
f 651/651/651 641/641/641 661/661/661
f 570/570/570 585/585/585 667/667/667
f 651/651/651 644/644/644 641/641/641
f 674/674/674 658/658/658 681/681/681
f 651/651/651 669/669/669 648/648/648
f 585/585/585 586/586/586 683/683/683
f 683/683/683 684/684/684 585/585/585
f 585/585/585 684/684/684 685/685/685
f 671/671/671 670/670/670 686/686/686
f 687/687/687 671/671/671 686/686/686
f 688/688/688 585/585/585 685/685/685
f 689/689/689 679/679/679 690/690/690
f 688/688/688 667/667/667 585/585/585
f 677/677/677 667/667/667 688/688/688
f 671/671/671 687/687/687 676/676/676
f 416/416/416 680/680/680 417/417/417
f 691/691/691 661/661/661 662/662/662
f 416/416/416 674/674/674 680/680/680
f 681/681/681 680/680/680 674/674/674
f 691/691/691 651/651/651 661/661/661
f 685/685/685 692/692/692 688/688/688
f 662/662/662 693/693/693 691/691/691
f 694/694/694 693/693/693 662/662/662
f 695/695/695 666/666/666 490/490/490
f 658/658/658 674/674/674 696/696/696
f 692/692/692 685/685/685 684/684/684
f 490/490/490 464/464/464 695/695/695
f 693/693/693 694/694/694 697/697/697
f 655/655/655 677/677/677 657/657/657
f 677/677/677 660/660/660 657/657/657
f 693/693/693 697/697/697 698/698/698
f 660/660/660 677/677/677 694/694/694
f 691/691/691 669/669/669 651/651/651
f 669/669/669 691/691/691 699/699/699
f 658/658/658 700/700/700 672/672/672
f 700/700/700 658/658/658 696/696/696
f 666/666/666 682/682/682 668/668/668
f 691/691/691 693/693/693 698/698/698
f 698/698/698 699/699/699 691/691/691
f 682/682/682 666/666/666 695/695/695
f 662/662/662 660/660/660 694/694/694
f 699/699/699 698/698/698 701/701/701
f 673/673/673 700/700/700 696/696/696
f 677/677/677 702/702/702 694/694/694
f 695/695/695 464/464/464 463/463/463
f 701/701/701 698/698/698 703/703/703
f 673/673/673 696/696/696 674/674/674
f 702/702/702 697/697/697 694/694/694
f 697/697/697 703/703/703 698/698/698
f 682/682/682 679/679/679 678/678/678
f 704/704/704 697/697/697 705/705/705
f 695/695/695 690/690/690 682/682/682
f 706/706/706 700/700/700 673/673/673
f 707/707/707 677/677/677 688/688/688
f 708/708/708 709/709/709 673/673/673
f 704/704/704 705/705/705 710/710/710
f 682/682/682 690/690/690 679/679/679
f 697/697/697 704/704/704 703/703/703
f 681/681/681 658/658/658 646/646/646
f 707/707/707 688/688/688 692/692/692
f 707/707/707 692/692/692 711/711/711
f 695/695/695 463/463/463 690/690/690
f 677/677/677 707/707/707 702/702/702
f 697/697/697 702/702/702 705/705/705
f 475/475/475 690/690/690 463/463/463
f 702/702/702 707/707/707 705/705/705
f 703/703/703 704/704/704 710/710/710
f 703/703/703 710/710/710 712/712/712
f 713/713/713 714/714/714 715/715/715
f 710/710/710 705/705/705 716/716/716
f 690/690/690 475/475/475 479/479/479
f 712/712/712 710/710/710 717/717/717
f 705/705/705 707/707/707 711/711/711
f 705/705/705 711/711/711 716/716/716
f 629/629/629 561/561/561 718/718/718
f 719/719/719 573/573/573 720/720/720
f 670/670/670 669/669/669 686/686/686
f 715/715/715 721/721/721 713/713/713
f 686/686/686 669/669/669 699/699/699
f 721/721/721 715/715/715 722/722/722
f 723/723/723 719/719/719 724/724/724
f 718/718/718 637/637/637 629/629/629
f 686/686/686 699/699/699 725/725/725
f 726/726/726 719/719/719 720/720/720
f 687/687/687 686/686/686 725/725/725
f 727/727/727 637/637/637 718/718/718
f 659/659/659 90/90/90 76/76/76
f 727/727/727 718/718/718 728/728/728
f 699/699/699 701/701/701 725/725/725
f 726/726/726 720/720/720 729/729/729
f 679/679/679 718/718/718 561/561/561
f 730/730/730 725/725/725 701/701/701
f 659/659/659 714/714/714 90/90/90
f 689/689/689 718/718/718 679/679/679
f 689/689/689 728/728/728 718/718/718
f 714/714/714 659/659/659 672/672/672
f 719/719/719 726/726/726 724/724/724
f 713/713/713 90/90/90 714/714/714
f 731/731/731 723/723/723 724/724/724
f 732/732/732 728/728/728 689/689/689
f 730/730/730 687/687/687 725/725/725
f 713/713/713 100/100/100 90/90/90
f 733/733/733 726/726/726 734/734/734
f 687/687/687 730/730/730 735/735/735
f 726/726/726 733/733/733 724/724/724
f 727/727/727 650/650/650 637/637/637
f 736/736/736 737/737/737 738/738/738
f 721/721/721 108/108/108 100/100/100
f 730/730/730 701/701/701 703/703/703
f 738/738/738 737/737/737 739/739/739
f 729/729/729 738/738/738 739/739/739
f 730/730/730 703/703/703 712/712/712
f 740/740/740 650/650/650 727/727/727
f 650/650/650 740/740/740 654/654/654
f 108/108/108 741/741/741 97/97/97
f 742/742/742 712/712/712 743/743/743
f 739/739/739 744/744/744 745/745/745
f 734/734/734 726/726/726 729/729/729
f 740/740/740 727/727/727 728/728/728
f 746/746/746 747/747/747 728/728/728
f 747/747/747 740/740/740 728/728/728
f 721/721/721 748/748/748 108/108/108
f 748/748/748 741/741/741 108/108/108
f 729/729/729 749/749/749 734/734/734
f 749/749/749 729/729/729 739/739/739
f 750/750/750 741/741/741 751/751/751
f 732/732/732 689/689/689 690/690/690
f 734/734/734 749/749/749 752/752/752
f 741/741/741 750/750/750 104/104/104
f 479/479/479 732/732/732 690/690/690
f 730/730/730 712/712/712 742/742/742
f 749/749/749 739/739/739 745/745/745
f 741/741/741 104/104/104 97/97/97
f 746/746/746 728/728/728 732/732/732
f 742/742/742 753/753/753 730/730/730
f 745/745/745 754/754/754 749/749/749
f 721/721/721 100/100/100 713/713/713
f 494/494/494 746/746/746 732/732/732
f 494/494/494 500/500/500 746/746/746
f 743/743/743 712/712/712 717/717/717
f 500/500/500 747/747/747 746/746/746
f 755/755/755 731/731/731 724/724/724
f 664/664/664 366/366/366 334/334/334
f 377/377/377 366/366/366 664/664/664
f 706/706/706 756/756/756 700/700/700
f 724/724/724 733/733/733 755/755/755
f 757/757/757 755/755/755 733/733/733
f 500/500/500 494/494/494 493/493/493
f 756/756/756 714/714/714 672/672/672
f 756/756/756 672/672/672 700/700/700
f 756/756/756 715/715/715 714/714/714
f 377/377/377 664/664/664 676/676/676
f 758/758/758 759/759/759 760/760/760
f 756/756/756 722/722/722 715/715/715
f 759/759/759 758/758/758 38/38/38
f 747/747/747 654/654/654 740/740/740
f 747/747/747 761/761/761 654/654/654
f 757/757/757 762/762/762 755/755/755
f 377/377/377 388/388/388 376/376/376
f 425/425/425 388/388/388 377/377/377
f 673/673/673 709/709/709 706/706/706
f 706/706/706 709/709/709 756/756/756
f 763/763/763 761/761/761 747/747/747
f 752/752/752 733/733/733 734/734/734
f 764/764/764 427/427/427 425/425/425
f 756/756/756 765/765/765 766/766/766
f 425/425/425 377/377/377 764/764/764
f 767/767/767 752/752/752 749/749/749
f 752/752/752 757/757/757 733/733/733
f 768/768/768 751/751/751 748/748/748
f 500/500/500 769/769/769 763/763/763
f 750/750/750 751/751/751 768/768/768
f 769/769/769 761/761/761 763/763/763
f 768/768/768 104/104/104 750/750/750
f 749/749/749 754/754/754 770/770/770
f 749/749/749 770/770/770 767/767/767
f 676/676/676 764/764/764 377/377/377
f 765/765/765 273/273/273 766/766/766
f 771/771/771 273/273/273 765/765/765
f 767/767/767 770/770/770 772/772/772
f 772/772/772 770/770/770 773/773/773
f 764/764/764 774/774/774 427/427/427
f 175/175/175 768/768/768 273/273/273
f 427/427/427 774/774/774 775/775/775
f 757/757/757 752/752/752 776/776/776
f 777/777/777 778/778/778 779/779/779
f 767/767/767 776/776/776 752/752/752
f 174/174/174 175/175/175 273/273/273
f 780/780/780 777/777/777 779/779/779
f 676/676/676 774/774/774 764/764/764
f 772/772/772 776/776/776 767/767/767
f 781/781/781 780/780/780 779/779/779
f 782/782/782 675/675/675 783/783/783
f 772/772/772 784/784/784 776/776/776
f 687/687/687 774/774/774 676/676/676
f 745/745/745 744/744/744 785/785/785
f 774/774/774 687/687/687 735/735/735
f 780/780/780 786/786/786 777/777/777
f 779/779/779 391/391/391 393/393/393
f 423/423/423 674/674/674 416/416/416
f 774/774/774 735/735/735 787/787/787
f 754/754/754 745/745/745 785/785/785
f 788/788/788 789/789/789 790/790/790
f 777/777/777 791/791/791 778/778/778
f 792/792/792 790/790/790 793/793/793
f 423/423/423 430/430/430 783/783/783
f 785/785/785 788/788/788 790/790/790
f 794/794/794 774/774/774 787/787/787
f 774/774/774 794/794/794 775/775/775
f 775/775/775 794/794/794 795/795/795
f 796/796/796 791/791/791 777/777/777
f 777/777/777 786/786/786 796/796/796
f 797/797/797 790/790/790 792/792/792
f 675/675/675 708/708/708 673/673/673
f 754/754/754 790/790/790 798/798/798
f 799/799/799 791/791/791 796/796/796
f 799/799/799 800/800/800 791/791/791
f 801/801/801 794/794/794 787/787/787
f 792/792/792 793/793/793 802/802/802
f 797/797/797 792/792/792 802/802/802
f 803/803/803 804/804/804 780/780/780
f 805/805/805 802/802/802 793/793/793
f 806/806/806 807/807/807 808/808/808
f 708/708/708 675/675/675 782/782/782
f 801/801/801 807/807/807 794/794/794
f 809/809/809 708/708/708 782/782/782
f 810/810/810 802/802/802 805/805/805
f 811/811/811 780/780/780 804/804/804
f 811/811/811 786/786/786 780/780/780
f 810/810/810 805/805/805 812/812/812
f 446/446/446 411/411/411 427/427/427
f 812/812/812 805/805/805 813/813/813
f 814/814/814 815/815/815 809/809/809
f 446/446/446 440/440/440 411/411/411
f 816/816/816 786/786/786 811/811/811
f 775/775/775 446/446/446 427/427/427
f 797/797/797 802/802/802 817/817/817
f 817/817/817 802/802/802 810/810/810
f 782/782/782 783/783/783 818/818/818
f 803/803/803 780/780/780 781/781/781
f 795/795/795 443/443/443 446/446/446
f 446/446/446 775/775/775 795/795/795
f 435/435/435 430/430/430 436/436/436
f 435/435/435 783/783/783 430/430/430
f 819/819/819 812/812/812 813/813/813
f 820/820/820 821/821/821 813/813/813
f 783/783/783 435/435/435 818/818/818
f 449/449/449 443/443/443 795/795/795
f 822/822/822 796/796/796 786/786/786
f 149/149/149 148/148/148 435/435/435
f 754/754/754 773/773/773 770/770/770
f 823/823/823 449/449/449 795/795/795
f 822/822/822 799/799/799 796/796/796
f 773/773/773 754/754/754 798/798/798
f 795/795/795 824/824/824 823/823/823
f 818/818/818 809/809/809 782/782/782
f 825/825/825 826/826/826 823/823/823
f 786/786/786 816/816/816 822/822/822
f 827/827/827 826/826/826 825/825/825
f 798/798/798 790/790/790 828/828/828
f 828/828/828 790/790/790 797/797/797
f 450/450/450 449/449/449 823/823/823
f 450/450/450 823/823/823 826/826/826
f 815/815/815 814/814/814 829/829/829
f 826/826/826 606/606/606 450/450/450
f 822/822/822 816/816/816 830/830/830
f 798/798/798 772/772/772 773/773/773
f 798/798/798 831/831/831 772/772/772
f 784/784/784 772/772/772 831/831/831
f 832/832/832 833/833/833 834/834/834
f 832/832/832 834/834/834 709/709/709
f 791/791/791 835/835/835 836/836/836
f 835/835/835 791/791/791 800/800/800
f 606/606/606 826/826/826 827/827/827
f 795/795/795 794/794/794 824/824/824
f 837/837/837 798/798/798 828/828/828
f 815/815/815 832/832/832 709/709/709
f 838/838/838 835/835/835 839/839/839
f 807/807/807 823/823/823 824/824/824
f 807/807/807 825/825/825 823/823/823
f 794/794/794 807/807/807 824/824/824
f 771/771/771 765/765/765 834/834/834
f 771/771/771 834/834/834 833/833/833
f 837/837/837 828/828/828 840/840/840
f 730/730/730 787/787/787 735/735/735
f 831/831/831 798/798/798 837/837/837
f 274/274/274 771/771/771 833/833/833
f 787/787/787 730/730/730 801/801/801
f 801/801/801 730/730/730 753/753/753
f 800/800/800 839/839/839 835/835/835
f 274/274/274 273/273/273 771/771/771
f 828/828/828 797/797/797 817/817/817
f 800/800/800 841/841/841 839/839/839
f 842/842/842 833/833/833 832/832/832
f 801/801/801 753/753/753 808/808/808
f 810/810/810 812/812/812 843/843/843
f 817/817/817 810/810/810 843/843/843
f 817/817/817 843/843/843 828/828/828
f 807/807/807 801/801/801 808/808/808
f 839/839/839 844/844/844 845/845/845
f 286/286/286 274/274/274 833/833/833
f 840/840/840 843/843/843 846/846/846
f 847/847/847 848/848/848 849/849/849
f 812/812/812 819/819/819 843/843/843
f 844/844/844 839/839/839 841/841/841
f 819/819/819 821/821/821 850/850/850
f 819/819/819 846/846/846 843/843/843
f 829/829/829 832/832/832 815/815/815
f 851/851/851 847/847/847 849/849/849
f 828/828/828 843/843/843 840/840/840
f 852/852/852 841/841/841 853/853/853
f 854/854/854 832/832/832 829/829/829
f 837/837/837 840/840/840 855/855/855
f 855/855/855 856/856/856 837/837/837
f 842/842/842 832/832/832 854/854/854
f 208/208/208 854/854/854 829/829/829
f 857/857/857 844/844/844 841/841/841
f 844/844/844 857/857/857 858/858/858
f 846/846/846 855/855/855 840/840/840
f 859/859/859 860/860/860 616/616/616
f 860/860/860 859/859/859 861/861/861
f 861/861/861 859/859/859 862/862/862
f 854/854/854 208/208/208 213/213/213
f 846/846/846 819/819/819 863/863/863
f 852/852/852 857/857/857 841/841/841
f 862/862/862 864/864/864 861/861/861
f 865/865/865 866/866/866 867/867/867
f 39/39/39 38/38/38 758/758/758
f 852/852/852 868/868/868 857/857/857
f 842/842/842 286/286/286 833/833/833
f 869/869/869 870/870/870 864/864/864
f 871/871/871 286/286/286 842/842/842
f 39/39/39 758/758/758 872/872/872
f 758/758/758 873/873/873 872/872/872
f 874/874/874 800/800/800 799/799/799
f 841/841/841 800/800/800 874/874/874
f 213/213/213 842/842/842 854/854/854
f 871/871/871 842/842/842 213/213/213
f 212/212/212 871/871/871 213/213/213
f 875/875/875 865/865/865 876/876/876
f 875/875/875 866/866/866 865/865/865
f 876/876/876 865/865/865 877/877/877
f 62/62/62 39/39/39 872/872/872
f 822/822/822 878/878/878 799/799/799
f 290/290/290 286/286/286 871/871/871
f 879/879/879 880/880/880 881/881/881
f 62/62/62 872/872/872 882/882/882
f 878/878/878 874/874/874 799/799/799
f 830/830/830 878/878/878 822/822/822
f 883/883/883 884/884/884 885/885/885
f 140/140/140 290/290/290 871/871/871
f 815/815/815 709/709/709 708/708/708
f 847/847/847 886/886/886 887/887/887
f 888/888/888 874/874/874 878/878/878
f 834/834/834 765/765/765 709/709/709
f 874/874/874 853/853/853 841/841/841
f 847/847/847 851/851/851 886/886/886
f 874/874/874 889/889/889 853/853/853
f 776/776/776 890/890/890 757/757/757
f 891/891/891 890/890/890 776/776/776
f 889/889/889 874/874/874 888/888/888
f 884/884/884 886/886/886 851/851/851
f 891/891/891 776/776/776 784/784/784
f 891/891/891 784/784/784 892/892/892
f 893/893/893 852/852/852 853/853/853
f 441/441/441 649/649/649 146/146/146
f 649/649/649 441/441/441 415/415/415
f 784/784/784 894/894/894 892/892/892
f 872/872/872 895/895/895 896/896/896
f 886/886/886 879/879/879 881/881/881
f 886/886/886 897/897/897 879/879/879
f 898/898/898 879/879/879 897/897/897
f 891/891/891 892/892/892 899/899/899
f 145/145/145 441/441/441 146/146/146
f 900/900/900 889/889/889 888/888/888
f 901/901/901 897/897/897 884/884/884
f 893/893/893 853/853/853 889/889/889
f 902/902/902 893/893/893 889/889/889
f 872/872/872 896/896/896 882/882/882
f 898/898/898 897/897/897 901/901/901
f 883/883/883 901/901/901 884/884/884
f 903/903/903 904/904/904 896/896/896
f 905/905/905 901/901/901 883/883/883
f 415/415/415 417/417/417 649/649/649
f 884/884/884 897/897/897 886/886/886
f 892/892/892 906/906/906 907/907/907
f 893/893/893 908/908/908 909/909/909
f 910/910/910 911/911/911 912/912/912
f 55/55/55 913/913/913 54/54/54
f 912/912/912 911/911/911 914/914/914
f 915/915/915 916/916/916 917/917/917
f 63/63/63 64/64/64 918/918/918
f 919/919/919 892/892/892 894/894/894
f 920/920/920 921/921/921 922/922/922
f 906/906/906 892/892/892 919/919/919
f 919/919/919 894/894/894 923/923/923
f 920/920/920 924/924/924 880/880/880
f 62/62/62 882/882/882 87/87/87
f 921/921/921 920/920/920 879/879/879
f 879/879/879 920/920/920 880/880/880
f 916/916/916 925/925/925 926/926/926
f 64/64/64 54/54/54 913/913/913
f 882/882/882 927/927/927 87/87/87
f 913/913/913 928/928/928 64/64/64
f 918/918/918 64/64/64 928/928/928
f 113/113/113 87/87/87 927/927/927
f 927/927/927 882/882/882 896/896/896
f 929/929/929 924/924/924 920/920/920
f 129/129/129 113/113/113 927/927/927
f 926/926/926 917/917/917 916/916/916
f 926/926/926 930/930/930 36/36/36
f 927/927/927 896/896/896 931/931/931
f 926/926/926 36/36/36 932/932/932
f 933/933/933 934/934/934 924/924/924
f 928/928/928 935/935/935 918/918/918
f 933/933/933 924/924/924 929/929/929
f 933/933/933 929/929/929 936/936/936
f 932/932/932 917/917/917 926/926/926
f 927/927/927 931/931/931 129/129/129
f 214/214/214 211/211/211 937/937/937
f 937/937/937 938/938/938 214/214/214
f 920/920/920 922/922/922 929/929/929
f 129/129/129 529/529/529 128/128/128
f 129/129/129 931/931/931 529/529/529
f 922/922/922 911/911/911 929/929/929
f 931/931/931 896/896/896 939/939/939
f 922/922/922 914/914/914 911/911/911
f 253/253/253 940/940/940 211/211/211
f 940/940/940 937/937/937 211/211/211
f 915/915/915 917/917/917 941/941/941
f 942/942/942 931/931/931 939/939/939
f 943/943/943 931/931/931 942/942/942
f 941/941/941 944/944/944 945/945/945
f 896/896/896 904/904/904 946/946/946
f 906/906/906 947/947/947 907/907/907
f 944/944/944 948/948/948 945/945/945
f 867/867/867 866/866/866 949/949/949
f 253/253/253 236/236/236 357/357/357
f 950/950/950 940/940/940 253/253/253
f 951/951/951 949/949/949 952/952/952
f 939/939/939 896/896/896 946/946/946
f 953/953/953 954/954/954 955/955/955
f 956/956/956 905/905/905 883/883/883
f 917/917/917 944/944/944 941/941/941
f 55/55/55 49/49/49 938/938/938
f 957/957/957 952/952/952 883/883/883
f 952/952/952 949/949/949 883/883/883
f 958/958/958 883/883/883 949/949/949
f 906/906/906 959/959/959 960/960/960
f 947/947/947 906/906/906 960/960/960
f 36/36/36 35/35/35 932/932/932
f 946/946/946 942/942/942 939/939/939
f 917/917/917 932/932/932 961/961/961
f 946/946/946 962/962/962 963/963/963
f 938/938/938 913/913/913 55/55/55
f 866/866/866 964/964/964 958/958/958
f 958/958/958 964/964/964 912/912/912
f 961/961/961 932/932/932 35/35/35
f 942/942/942 946/946/946 963/963/963
f 914/914/914 883/883/883 958/958/958
f 912/912/912 914/914/914 958/958/958
f 883/883/883 914/914/914 956/956/956
f 965/965/965 960/960/960 966/966/966
f 937/937/937 967/967/967 968/968/968
f 938/938/938 937/937/937 968/968/968
f 917/917/917 961/961/961 944/944/944
f 866/866/866 958/958/958 949/949/949
f 938/938/938 968/968/968 913/913/913
f 928/928/928 913/913/913 969/969/969
f 784/784/784 831/831/831 837/837/837
f 905/905/905 921/921/921 898/898/898
f 969/969/969 913/913/913 968/968/968
f 970/970/970 948/948/948 944/944/944
f 970/970/970 971/971/971 948/948/948
f 894/894/894 784/784/784 923/923/923
f 901/901/901 905/905/905 898/898/898
f 921/921/921 905/905/905 956/956/956
f 923/923/923 784/784/784 856/856/856
f 972/972/972 973/973/973 968/968/968
f 914/914/914 921/921/921 956/956/956
f 961/961/961 974/974/974 975/975/975
f 961/961/961 970/970/970 944/944/944
f 856/856/856 784/784/784 837/837/837
f 975/975/975 970/970/970 961/961/961
f 922/922/922 921/921/921 914/914/914
f 976/976/976 928/928/928 969/969/969
f 879/879/879 898/898/898 921/921/921
f 969/969/969 977/977/977 976/976/976
f 978/978/978 961/961/961 35/35/35
f 35/35/35 68/68/68 978/978/978
f 979/979/979 980/980/980 981/981/981
f 974/974/974 961/961/961 978/978/978
f 977/977/977 969/969/969 973/973/973
f 982/982/982 983/983/983 984/984/984
f 983/983/983 985/985/985 984/984/984
f 986/986/986 919/919/919 923/923/923
f 981/981/981 982/982/982 987/987/987
f 923/923/923 856/856/856 986/986/986
f 987/987/987 982/982/982 984/984/984
f 972/972/972 968/968/968 967/967/967
f 970/970/970 975/975/975 988/988/988
f 985/985/985 989/989/989 984/984/984
f 970/970/970 988/988/988 990/990/990
f 987/987/987 984/984/984 991/991/991
f 991/991/991 984/984/984 992/992/992
f 972/972/972 993/993/993 994/994/994
f 992/992/992 984/984/984 989/989/989
f 972/972/972 953/953/953 993/993/993
f 995/995/995 981/981/981 987/987/987
f 979/979/979 981/981/981 995/995/995
f 945/945/945 996/996/996 941/941/941
f 993/993/993 953/953/953 997/997/997
f 995/995/995 987/987/987 991/991/991
f 986/986/986 856/856/856 855/855/855
f 998/998/998 986/986/986 855/855/855
f 999/999/999 994/994/994 993/993/993
f 1000/1000/1000 996/996/996 1001/1001/1001
f 1002/1002/1002 999/999/999 993/993/993
f 863/863/863 855/855/855 846/846/846
f 1003/1003/1003 999/999/999 1004/1004/1004
f 998/998/998 855/855/855 863/863/863
f 1004/1004/1004 1002/1002/1002 1005/1005/1005
f 1004/1004/1004 1005/1005/1005 1003/1003/1003
f 1006/1006/1006 1007/1007/1007 973/973/973
f 1000/1000/1000 1001/1001/1001 1008/1008/1008
f 1009/1009/1009 1010/1010/1010 980/980/980
f 1011/1011/1011 1001/1001/1001 945/945/945
f 945/945/945 948/948/948 1011/1011/1011
f 959/959/959 906/906/906 919/919/919
f 994/994/994 999/999/999 1012/1012/1012
f 1009/1009/1009 980/980/980 979/979/979
f 959/959/959 919/919/919 986/986/986
f 1001/1001/1001 996/996/996 945/945/945
f 999/999/999 1013/1013/1013 1014/1014/1014
f 1014/1014/1014 1013/1013/1013 1015/1015/1015
f 1016/1016/1016 960/960/960 959/959/959
f 1016/1016/1016 959/959/959 1017/1017/1017
f 1018/1018/1018 1013/1013/1013 1019/1019/1019
f 1020/1020/1020 979/979/979 995/995/995
f 1011/1011/1011 1021/1021/1021 1001/1001/1001
f 1022/1022/1022 1009/1009/1009 979/979/979
f 979/979/979 1020/1020/1020 1022/1022/1022
f 1022/1022/1022 1020/1020/1020 1023/1023/1023
f 1017/1017/1017 959/959/959 986/986/986
f 1024/1024/1024 1022/1022/1022 1023/1023/1023
f 1015/1015/1015 1013/1013/1013 1018/1018/1018
f 1017/1017/1017 986/986/986 1025/1025/1025
f 1026/1026/1026 1022/1022/1022 1027/1027/1027
f 1028/1028/1028 1006/1006/1006 1012/1012/1012
f 1026/1026/1026 1009/1009/1009 1022/1022/1022
f 1029/1029/1029 1027/1027/1027 1022/1022/1022
f 893/893/893 902/902/902 1030/1030/1030
f 1030/1030/1030 908/908/908 893/893/893
f 1031/1031/1031 1032/1032/1032 1015/1015/1015
f 966/966/966 960/960/960 1016/1016/1016
f 1033/1033/1033 1034/1034/1034 1035/1035/1035
f 948/948/948 971/971/971 1011/1011/1011
f 1033/1033/1033 820/820/820 1034/1034/1034
f 1024/1024/1024 1023/1023/1023 1036/1036/1036
f 821/821/821 820/820/820 1033/1033/1033
f 1029/1029/1029 1022/1022/1022 1024/1024/1024
f 1037/1037/1037 1029/1029/1029 1024/1024/1024
f 1033/1033/1033 850/850/850 821/821/821
f 1037/1037/1037 1024/1024/1024 1038/1038/1038
f 1039/1039/1039 850/850/850 1033/1033/1033
f 1036/1036/1036 1038/1038/1038 1024/1024/1024
f 1011/1011/1011 971/971/971 1040/1040/1040
f 1020/1020/1020 995/995/995 1023/1023/1023
f 1041/1041/1041 1031/1031/1031 1015/1015/1015
f 1023/1023/1023 995/995/995 991/991/991
f 850/850/850 1042/1042/1042 819/819/819
f 1018/1018/1018 1041/1041/1041 1015/1015/1015
f 1042/1042/1042 850/850/850 1039/1039/1039
f 863/863/863 819/819/819 1042/1042/1042
f 1043/1043/1043 863/863/863 1042/1042/1042
f 991/991/991 1044/1044/1044 1023/1023/1023
f 1041/1041/1041 1018/1018/1018 1045/1045/1045
f 1043/1043/1043 1042/1042/1042 1046/1046/1046
f 1047/1047/1047 1044/1044/1044 991/991/991
f 1041/1041/1041 1045/1045/1045 1048/1048/1048
f 1049/1049/1049 1044/1044/1044 1047/1047/1047
f 998/998/998 863/863/863 1050/1050/1050
f 1047/1047/1047 991/991/991 992/992/992
f 1050/1050/1050 863/863/863 1043/1043/1043
f 1048/1048/1048 1045/1045/1045 1051/1051/1051
f 1043/1043/1043 1046/1046/1046 1050/1050/1050
f 1036/1036/1036 1049/1049/1049 1052/1052/1052
f 361/361/361 950/950/950 357/357/357
f 1036/1036/1036 1023/1023/1023 1044/1044/1044
f 1053/1053/1053 1054/1054/1054 1055/1055/1055
f 1036/1036/1036 1044/1044/1044 1049/1049/1049
f 1056/1056/1056 1057/1057/1057 1058/1058/1058
f 1056/1056/1056 955/955/955 954/954/954
f 1059/1059/1059 1050/1050/1050 1046/1046/1046
f 1060/1060/1060 1050/1050/1050 1059/1059/1059
f 1049/1049/1049 1047/1047/1047 1061/1061/1061
f 986/986/986 998/998/998 1062/1062/1062
f 1052/1052/1052 1049/1049/1049 1061/1061/1061
f 1063/1063/1063 1011/1011/1011 1040/1040/1040
f 1011/1011/1011 1063/1063/1063 1021/1021/1021
f 990/990/990 971/971/971 970/970/970
f 1056/1056/1056 1058/1058/1058 955/955/955
f 1058/1058/1058 1064/1064/1064 955/955/955
f 971/971/971 990/990/990 1040/1040/1040
f 1025/1025/1025 986/986/986 1062/1062/1062
f 950/950/950 361/361/361 1057/1057/1057
f 950/950/950 1057/1057/1057 1056/1056/1056
f 1025/1025/1025 1062/1062/1062 1060/1060/1060
f 1050/1050/1050 1062/1062/1062 998/998/998
f 364/364/364 384/384/384 361/361/361
f 1057/1057/1057 361/361/361 384/384/384
f 1062/1062/1062 1050/1050/1050 1060/1060/1060
f 1065/1065/1065 1066/1066/1066 1067/1067/1067
f 1068/1068/1068 1067/1067/1067 1066/1066/1066
f 1069/1069/1069 1070/1070/1070 1071/1071/1071
f 1072/1072/1072 1040/1040/1040 990/990/990
f 1073/1073/1073 1060/1060/1060 1059/1059/1059
f 1074/1074/1074 1068/1068/1068 1066/1066/1066
f 1064/1064/1064 1058/1058/1058 1075/1075/1075
f 1070/1070/1070 1076/1076/1076 1075/1075/1075
f 1075/1075/1075 1058/1058/1058 1057/1057/1057
f 1072/1072/1072 1063/1063/1063 1040/1040/1040
f 1057/1057/1057 1077/1077/1077 1070/1070/1070
f 1076/1076/1076 1070/1070/1070 1069/1069/1069
f 1073/1073/1073 1059/1059/1059 1078/1078/1078
f 1068/1068/1068 1074/1074/1074 981/981/981
f 1074/1074/1074 982/982/982 981/981/981
f 1079/1079/1079 1063/1063/1063 1072/1072/1072
f 955/955/955 997/997/997 953/953/953
f 1064/1064/1064 997/997/997 955/955/955
f 1080/1080/1080 1076/1076/1076 1081/1081/1081
f 980/980/980 1067/1067/1067 1068/1068/1068
f 1005/1005/1005 1081/1081/1081 1082/1082/1082
f 1081/1081/1081 1005/1005/1005 1080/1080/1080
f 980/980/980 1068/1068/1068 981/981/981
f 1010/1010/1010 1083/1083/1083 1067/1067/1067
f 1010/1010/1010 1067/1067/1067 980/980/980
f 1063/1063/1063 1084/1084/1084 1021/1021/1021
f 1085/1085/1085 1017/1017/1017 1025/1025/1025
f 1055/1055/1055 1054/1054/1054 1084/1084/1084
f 1086/1086/1086 989/989/989 1087/1087/1087
f 1017/1017/1017 966/966/966 1016/1016/1016
f 989/989/989 985/985/985 1088/1088/1088
f 1063/1063/1063 1055/1055/1055 1084/1084/1084
f 1081/1081/1081 1069/1069/1069 1089/1089/1089
f 1089/1089/1089 1090/1090/1090 1081/1081/1081
f 1081/1081/1081 1076/1076/1076 1069/1069/1069
f 1091/1091/1091 1017/1017/1017 1085/1085/1085
f 1092/1092/1092 1086/1086/1086 1087/1087/1087
f 1093/1093/1093 1017/1017/1017 1091/1091/1091
f 1081/1081/1081 1090/1090/1090 1082/1082/1082
f 1092/1092/1092 1087/1087/1087 1094/1094/1094
f 391/391/391 1095/1095/1095 1071/1071/1071
f 1096/1096/1096 1055/1055/1055 1097/1097/1097
f 778/778/778 1095/1095/1095 779/779/779
f 1085/1085/1085 1025/1025/1025 1060/1060/1060
f 1098/1098/1098 1085/1085/1085 1060/1060/1060
f 1099/1099/1099 1086/1086/1086 1100/1100/1100
f 1101/1101/1101 1055/1055/1055 1063/1063/1063
f 1085/1085/1085 1098/1098/1098 1102/1102/1102
f 1086/1086/1086 992/992/992 989/989/989
f 1095/1095/1095 391/391/391 779/779/779
f 1079/1079/1079 1103/1103/1103 1063/1063/1063
f 1063/1063/1063 1103/1103/1103 1101/1101/1101
f 1100/1100/1100 1086/1086/1086 1092/1092/1092
f 392/392/392 1071/1071/1071 1077/1077/1077
f 1100/1100/1100 1092/1092/1092 1104/1104/1104
f 1098/1098/1098 1060/1060/1060 1073/1073/1073
f 1098/1098/1098 1073/1073/1073 1105/1105/1105
f 384/384/384 1077/1077/1077 1057/1057/1057
f 1106/1106/1106 1073/1073/1073 1078/1078/1078
f 385/385/385 1077/1077/1077 384/384/384
f 1097/1097/1097 1055/1055/1055 1101/1101/1101
f 392/392/392 1077/1077/1077 385/385/385
f 1105/1105/1105 1073/1073/1073 1106/1106/1106
f 1071/1071/1071 1070/1070/1070 1077/1077/1077
f 1091/1091/1091 1085/1085/1085 1102/1102/1102
f 1095/1095/1095 1069/1069/1069 1071/1071/1071
f 868/868/868 852/852/852 893/893/893
f 893/893/893 909/909/909 868/868/868
f 1105/1105/1105 1107/1107/1107 1098/1098/1098
f 1108/1108/1108 1102/1102/1102 1098/1098/1098
f 858/858/858 857/857/857 1109/1109/1109
f 1110/1110/1110 1111/1111/1111 1112/1112/1112
f 1113/1113/1113 1114/1114/1114 858/858/858
f 1108/1108/1108 1098/1098/1098 1107/1107/1107
f 1115/1115/1115 1111/1111/1111 1116/1116/1116
f 1069/1069/1069 1095/1095/1095 1089/1089/1089
f 1110/1110/1110 1116/1116/1116 1111/1111/1111
f 1100/1100/1100 1104/1104/1104 1111/1111/1111
f 1105/1105/1105 1106/1106/1106 1117/1117/1117
f 778/778/778 1118/1118/1118 1089/1089/1089
f 1106/1106/1106 1119/1119/1119 1117/1117/1117
f 857/857/857 868/868/868 1109/1109/1109
f 1120/1120/1120 1121/1121/1121 1118/1118/1118
f 1122/1122/1122 1111/1111/1111 1115/1115/1115
f 1109/1109/1109 1123/1123/1123 858/858/858
f 1111/1111/1111 1122/1122/1122 1100/1100/1100
f 1107/1107/1107 1105/1105/1105 1117/1117/1117
f 778/778/778 1089/1089/1089 1095/1095/1095
f 1116/1116/1116 1110/1110/1110 1124/1124/1124
f 836/836/836 1118/1118/1118 778/778/778
f 1120/1120/1120 1118/1118/1118 836/836/836
f 1125/1125/1125 1126/1126/1126 1113/1113/1113
f 1125/1125/1125 1113/1113/1113 1127/1127/1127
f 791/791/791 836/836/836 778/778/778
f 1113/1113/1113 858/858/858 1123/1123/1123
f 1092/1092/1092 1094/1094/1094 1104/1104/1104
f 1127/1127/1127 1113/1113/1113 1123/1123/1123
f 1033/1033/1033 1035/1035/1035 1128/1128/1128
f 1080/1080/1080 1005/1005/1005 1002/1002/1002
f 1128/1128/1128 1129/1129/1129 1033/1033/1033
f 1005/1005/1005 1082/1082/1082 1003/1003/1003
f 1130/1130/1130 1129/1129/1129 1128/1128/1128
f 1125/1125/1125 1131/1131/1131 1126/1126/1126
f 1132/1132/1132 1121/1121/1121 1133/1133/1133
f 1134/1134/1134 1135/1135/1135 1136/1136/1136
f 1135/1135/1135 1137/1137/1137 1136/1136/1136
f 1136/1136/1136 1137/1137/1137 1122/1122/1122
f 1109/1109/1109 868/868/868 909/909/909
f 1138/1138/1138 1130/1130/1130 1139/1139/1139
f 1013/1013/1013 1140/1140/1140 1019/1019/1019
f 1138/1138/1138 1139/1139/1139 1141/1141/1141
f 1142/1142/1142 1109/1109/1109 909/909/909
f 1141/1141/1141 1143/1143/1143 1138/1138/1138
f 1144/1144/1144 1019/1019/1019 1140/1140/1140
f 1142/1142/1142 1123/1123/1123 1109/1109/1109
f 1136/1136/1136 1145/1145/1145 1146/1146/1146
f 1099/1099/1099 1047/1047/1047 1086/1086/1086
f 1129/1129/1129 1039/1039/1039 1033/1033/1033
f 1132/1132/1132 1144/1144/1144 1140/1140/1140
f 1129/1129/1129 1147/1147/1147 1039/1039/1039
f 1144/1144/1144 1132/1132/1132 1133/1133/1133
f 1047/1047/1047 1099/1099/1099 1061/1061/1061
f 909/909/909 908/908/908 1142/1142/1142
f 1144/1144/1144 1133/1133/1133 1148/1148/1148
f 1129/1129/1129 1138/1138/1138 1143/1143/1143
f 1137/1137/1137 1061/1061/1061 1099/1099/1099
f 1061/1061/1061 1137/1137/1137 1135/1135/1135
f 1149/1149/1149 1129/1129/1129 1143/1143/1143
f 1086/1086/1086 1047/1047/1047 992/992/992
f 1019/1019/1019 1144/1144/1144 1150/1150/1150
f 1137/1137/1137 1099/1099/1099 1100/1100/1100
f 1139/1139/1139 1151/1151/1151 1141/1141/1141
f 1148/1148/1148 1150/1150/1150 1144/1144/1144
f 1151/1151/1151 1152/1152/1152 1153/1153/1153
f 1154/1154/1154 1127/1127/1127 1123/1123/1123
f 1151/1151/1151 1155/1155/1155 1141/1141/1141
f 1141/1141/1141 1155/1155/1155 1143/1143/1143
f 1154/1154/1154 1123/1123/1123 1142/1142/1142
f 1156/1156/1156 1143/1143/1143 1155/1155/1155
f 1143/1143/1143 1156/1156/1156 1157/1157/1157
f 1158/1158/1158 1061/1061/1061 1135/1135/1135
f 1159/1159/1159 1160/1160/1160 1161/1161/1161
f 1153/1153/1153 1155/1155/1155 1151/1151/1151
f 1155/1155/1155 1153/1153/1153 1162/1162/1162
f 1120/1120/1120 1133/1133/1133 1121/1121/1121
f 1163/1163/1163 1155/1155/1155 1162/1162/1162
f 1133/1133/1133 1120/1120/1120 1164/1164/1164
f 1122/1122/1122 1137/1137/1137 1100/1100/1100
f 1165/1165/1165 1122/1122/1122 1115/1115/1115
f 1166/1166/1166 1162/1162/1162 1153/1153/1153
f 1148/1148/1148 1133/1133/1133 1164/1164/1164
f 1160/1160/1160 1167/1167/1167 1053/1053/1053
f 1122/1122/1122 1165/1165/1165 1168/1168/1168
f 1162/1162/1162 1166/1166/1166 1163/1163/1163
f 1169/1169/1169 1163/1163/1163 1166/1166/1166
f 1170/1170/1170 1169/1169/1169 1166/1166/1166
f 1053/1053/1053 1161/1161/1161 1160/1160/1160
f 1165/1165/1165 1116/1116/1116 1171/1171/1171
f 1171/1171/1171 848/848/848 1165/1165/1165
f 1172/1172/1172 1155/1155/1155 1163/1163/1163
f 1156/1156/1156 1155/1155/1155 1172/1172/1172
f 1120/1120/1120 836/836/836 835/835/835
f 1165/1165/1165 1115/1115/1115 1116/1116/1116
f 835/835/835 1164/1164/1164 1120/1120/1120
f 1173/1173/1173 1159/1159/1159 1161/1161/1161
f 1157/1157/1157 1156/1156/1156 1172/1172/1172
f 835/835/835 838/838/838 1164/1164/1164
f 1172/1172/1172 1174/1174/1174 1157/1157/1157
f 1175/1175/1175 1172/1172/1172 1163/1163/1163
f 1161/1161/1161 1053/1053/1053 1096/1096/1096
f 1146/1146/1146 1145/1145/1145 1168/1168/1168
f 887/887/887 1146/1146/1146 1168/1168/1168
f 887/887/887 1168/1168/1168 847/847/847
f 1176/1176/1176 1150/1150/1150 1148/1148/1148
f 1177/1177/1177 1176/1176/1176 845/845/845
f 1055/1055/1055 1096/1096/1096 1053/1053/1053
f 1168/1168/1168 1145/1145/1145 1122/1122/1122
f 1145/1145/1145 1136/1136/1136 1122/1122/1122
f 1178/1178/1178 1039/1039/1039 1147/1147/1147
f 1165/1165/1165 847/847/847 1168/1168/1168
f 1165/1165/1165 848/848/848 847/847/847
f 1149/1149/1149 1147/1147/1147 1129/1129/1129
f 68/68/68 84/84/84 978/978/978
f 845/845/845 844/844/844 1177/1177/1177
f 1149/1149/1149 1143/1143/1143 1157/1157/1157
f 1177/1177/1177 1114/1114/1114 1176/1176/1176
f 1177/1177/1177 858/858/858 1114/1114/1114
f 858/858/858 1177/1177/1177 844/844/844
f 978/978/978 1179/1179/1179 974/974/974
f 1180/1180/1180 1147/1147/1147 1149/1149/1149
f 1149/1149/1149 1181/1181/1181 1180/1180/1180
f 1180/1180/1180 1178/1178/1178 1147/1147/1147
f 978/978/978 84/84/84 1179/1179/1179
f 1029/1029/1029 1037/1037/1037 1182/1182/1182
f 1183/1183/1183 1181/1181/1181 1149/1149/1149
f 1029/1029/1029 1182/1182/1182 1184/1184/1184
f 1039/1039/1039 1046/1046/1046 1042/1042/1042
f 1046/1046/1046 1039/1039/1039 1178/1178/1178
f 1046/1046/1046 1178/1178/1178 1180/1180/1180
f 1038/1038/1038 1182/1182/1182 1037/1037/1037
f 84/84/84 594/594/594 1179/1179/1179
f 1150/1150/1150 1185/1185/1185 1019/1019/1019
f 1186/1186/1186 1046/1046/1046 1180/1180/1180
f 1019/1019/1019 1185/1185/1185 1018/1018/1018
f 84/84/84 79/79/79 594/594/594
f 1180/1180/1180 1187/1187/1187 1186/1186/1186
f 1185/1185/1185 1045/1045/1045 1018/1018/1018
f 1188/1188/1188 1179/1179/1179 594/594/594
f 1187/1187/1187 1180/1180/1180 1181/1181/1181
f 1184/1184/1184 1189/1189/1189 1190/1190/1190
f 1191/1191/1191 1051/1051/1051 1185/1185/1185
f 1182/1182/1182 1189/1189/1189 1184/1184/1184
f 1192/1192/1192 1188/1188/1188 594/594/594
f 1183/1183/1183 1149/1149/1149 1157/1157/1157
f 1150/1150/1150 1191/1191/1191 1185/1185/1185
f 1038/1038/1038 1036/1036/1036 1189/1189/1189
f 1193/1193/1193 975/975/975 974/974/974
f 1191/1191/1191 1150/1150/1150 1176/1176/1176
f 1038/1038/1038 1189/1189/1189 1182/1182/1182
f 1183/1183/1183 1157/1157/1157 1174/1174/1174
f 974/974/974 1179/1179/1179 1193/1193/1193
f 1194/1194/1194 1189/1189/1189 1195/1195/1195
f 1174/1174/1174 1172/1172/1172 1175/1175/1175
f 1193/1193/1193 1179/1179/1179 1196/1196/1196
f 1045/1045/1045 1185/1185/1185 1051/1051/1051
f 975/975/975 1193/1193/1193 988/988/988
f 1197/1197/1197 1198/1198/1198 1199/1199/1199
f 1183/1183/1183 1174/1174/1174 1175/1175/1175
f 988/988/988 1193/1193/1193 1200/1200/1200
f 1175/1175/1175 1163/1163/1163 1169/1169/1169
f 1199/1199/1199 1158/1158/1158 1201/1201/1201
f 1134/1134/1134 1201/1201/1201 1158/1158/1158
f 1200/1200/1200 1193/1193/1193 1196/1196/1196
f 1175/1175/1175 1169/1169/1169 1202/1202/1202
f 1203/1203/1203 1191/1191/1191 1204/1204/1204
f 1205/1205/1205 1201/1201/1201 1206/1206/1206
f 1207/1207/1207 1181/1181/1181 1183/1183/1183
f 1208/1208/1208 1179/1179/1179 1188/1188/1188
f 1208/1208/1208 1196/1196/1196 1179/1179/1179
f 1208/1208/1208 1188/1188/1188 1209/1209/1209
f 1175/1175/1175 1207/1207/1207 1183/1183/1183
f 1203/1203/1203 1051/1051/1051 1191/1191/1191
f 1210/1210/1210 1175/1175/1175 1202/1202/1202
f 1036/1036/1036 1052/1052/1052 1198/1198/1198
f 1211/1211/1211 988/988/988 1200/1200/1200
f 1207/1207/1207 1175/1175/1175 1210/1210/1210
f 1199/1199/1199 1052/1052/1052 1061/1061/1061
f 1199/1199/1199 1061/1061/1061 1158/1158/1158
f 1211/1211/1211 990/990/990 988/988/988
f 1166/1166/1166 1212/1212/1212 1213/1213/1213
f 1166/1166/1166 1213/1213/1213 1170/1170/1170
f 1196/1196/1196 1211/1211/1211 1200/1200/1200
f 1170/1170/1170 1213/1213/1213 1214/1214/1214
f 1198/1198/1198 1052/1052/1052 1199/1199/1199
f 1215/1215/1215 1211/1211/1211 1196/1196/1196
f 1216/1216/1216 1203/1203/1203 1217/1217/1217
f 1198/1198/1198 1189/1189/1189 1036/1036/1036
f 1218/1218/1218 1170/1170/1170 1214/1214/1214
f 1189/1189/1189 1198/1198/1198 1195/1195/1195
f 1072/1072/1072 990/990/990 1079/1079/1079
f 1079/1079/1079 990/990/990 1211/1211/1211
f 1204/1204/1204 1191/1191/1191 1176/1176/1176
f 1219/1219/1219 1214/1214/1214 1220/1220/1220
f 1169/1169/1169 1170/1170/1170 1221/1221/1221
f 1197/1197/1197 1195/1195/1195 1198/1198/1198
f 1170/1170/1170 1222/1222/1222 1221/1221/1221
f 1222/1222/1222 1170/1170/1170 1218/1218/1218
f 1194/1194/1194 1190/1190/1190 1189/1189/1189
f 1223/1223/1223 1190/1190/1190 1194/1194/1194
f 1221/1221/1221 1222/1222/1222 1218/1218/1218
f 1190/1190/1190 1223/1223/1223 1224/1224/1224
f 1176/1176/1176 1114/1114/1114 1204/1204/1204
f 1218/1218/1218 1214/1214/1214 1219/1219/1219
f 1225/1225/1225 1101/1101/1101 1103/1103/1103
f 1204/1204/1204 1114/1114/1114 1126/1126/1126
f 1219/1219/1219 1220/1220/1220 1226/1226/1226
f 1126/1126/1126 1114/1114/1114 1113/1113/1113
f 1223/1223/1223 1194/1194/1194 1227/1227/1227
f 1228/1228/1228 1204/1204/1204 1126/1126/1126
f 1225/1225/1225 1097/1097/1097 1101/1101/1101
f 1169/1169/1169 1221/1221/1221 1202/1202/1202
f 1229/1229/1229 1097/1097/1097 1225/1225/1225
f 1228/1228/1228 1217/1217/1217 1203/1203/1203
f 135/135/135 24/24/24 132/132/132
f 1228/1228/1228 1203/1203/1203 1204/1204/1204
f 1225/1225/1225 1230/1230/1230 1229/1229/1229
f 1202/1202/1202 1221/1221/1221 1218/1218/1218
f 1231/1231/1231 1218/1218/1218 1232/1232/1232
f 1233/1233/1233 1131/1131/1131 1234/1234/1234
f 1223/1223/1223 135/135/135 132/132/132
f 1235/1235/1235 1223/1223/1223 1227/1227/1227
f 1232/1232/1232 1218/1218/1218 1219/1219/1219
f 1232/1232/1232 1219/1219/1219 1226/1226/1226
f 1234/1234/1234 1131/1131/1131 1125/1125/1125
f 1223/1223/1223 1235/1235/1235 135/135/135
f 1236/1236/1236 1237/1237/1237 1238/1238/1238
f 1210/1210/1210 1202/1202/1202 1231/1231/1231
f 1239/1239/1239 1210/1210/1210 1231/1231/1231
f 1231/1231/1231 1202/1202/1202 1218/1218/1218
f 519/519/519 521/521/521 554/554/554
f 554/554/554 521/521/521 1240/1240/1240
f 1241/1241/1241 1242/1242/1242 1243/1243/1243
f 1197/1197/1197 1194/1194/1194 1195/1195/1195
f 1197/1197/1197 1201/1201/1201 1244/1244/1244
f 1197/1197/1197 1199/1199/1199 1201/1201/1201
f 1227/1227/1227 1194/1194/1194 1244/1244/1244
f 1244/1244/1244 1194/1194/1194 1197/1197/1197
f 1240/1240/1240 521/521/521 1245/1245/1245
f 1231/1231/1231 1232/1232/1232 1246/1246/1246
f 1236/1236/1236 1238/1238/1238 1247/1247/1247
f 521/521/521 63/63/63 918/918/918
f 1244/1244/1244 1205/1205/1205 934/934/934
f 1248/1248/1248 1226/1226/1226 1249/1249/1249
f 1249/1249/1249 1083/1083/1083 1010/1010/1010
f 1248/1248/1248 1249/1249/1249 1010/1010/1010
f 1205/1205/1205 1244/1244/1244 1201/1201/1201
f 1010/1010/1010 1027/1027/1027 1248/1248/1248
f 1009/1009/1009 1026/1026/1026 1010/1010/1010
f 1026/1026/1026 1027/1027/1027 1010/1010/1010
f 1247/1247/1247 1250/1250/1250 1236/1236/1236
f 1232/1232/1232 1226/1226/1226 1248/1248/1248
f 1235/1235/1235 1227/1227/1227 1244/1244/1244
f 1242/1242/1242 1236/1236/1236 1250/1250/1250
f 1235/1235/1235 1244/1244/1244 1251/1251/1251
f 935/935/935 521/521/521 918/918/918
f 1252/1252/1252 521/521/521 935/935/935
f 1246/1246/1246 1232/1232/1232 1248/1248/1248
f 1250/1250/1250 1247/1247/1247 1253/1253/1253
f 1247/1247/1247 1254/1254/1254 1253/1253/1253
f 1245/1245/1245 521/521/521 1252/1252/1252
f 1255/1255/1255 1251/1251/1251 1244/1244/1244
f 1256/1256/1256 1244/1244/1244 934/934/934
f 1252/1252/1252 935/935/935 976/976/976
f 1255/1255/1255 1244/1244/1244 1256/1256/1256
f 1257/1257/1257 1258/1258/1258 1242/1242/1242
f 1259/1259/1259 1257/1257/1257 1242/1242/1242
f 1259/1259/1259 1242/1242/1242 1250/1250/1250
f 1248/1248/1248 1027/1027/1027 1029/1029/1029
f 933/933/933 1256/1256/1256 934/934/934
f 1260/1260/1260 1257/1257/1257 1259/1259/1259
f 935/935/935 928/928/928 976/976/976
f 1214/1214/1214 1261/1261/1261 1262/1262/1262
f 1214/1214/1214 1262/1262/1262 1220/1220/1220
f 1134/1134/1134 1158/1158/1158 1135/1135/1135
f 1250/1250/1250 1253/1253/1253 1263/1263/1263
f 1220/1220/1220 1262/1262/1262 1264/1264/1264
f 1262/1262/1262 1083/1083/1083 1264/1264/1264
f 1265/1265/1265 976/976/976 1266/1266/1266
f 1267/1267/1267 1067/1067/1067 1262/1262/1262
f 1083/1083/1083 1262/1262/1262 1067/1067/1067
f 1268/1268/1268 1146/1146/1146 1269/1269/1269
f 1146/1146/1146 1134/1134/1134 1136/1136/1136
f 1268/1268/1268 1134/1134/1134 1146/1146/1146
f 1270/1270/1270 1259/1259/1259 1250/1250/1250
f 1265/1265/1265 1252/1252/1252 976/976/976
f 1083/1083/1083 1220/1220/1220 1264/1264/1264
f 1220/1220/1220 1249/1249/1249 1226/1226/1226
f 1249/1249/1249 1220/1220/1220 1083/1083/1083
f 1271/1271/1271 1159/1159/1159 1173/1173/1173
f 1252/1252/1252 1265/1265/1265 1272/1272/1272
f 1247/1247/1247 1271/1271/1271 1173/1173/1173
f 1273/1273/1273 1268/1268/1268 880/880/880
f 1059/1059/1059 1046/1046/1046 1186/1186/1186
f 1206/1206/1206 1273/1273/1273 1274/1274/1274
f 1252/1252/1252 1272/1272/1272 1275/1275/1275
f 1201/1201/1201 1134/1134/1134 1206/1206/1206
f 1276/1276/1276 1161/1161/1161 1096/1096/1096
f 1206/1206/1206 1134/1134/1134 1273/1273/1273
f 1134/1134/1134 1268/1268/1268 1273/1273/1273
f 1161/1161/1161 1276/1276/1276 1173/1173/1173
f 1059/1059/1059 1186/1186/1186 1277/1277/1277
f 1277/1277/1277 1186/1186/1186 1187/1187/1187
f 1059/1059/1059 1277/1277/1277 1078/1078/1078
f 1268/1268/1268 1269/1269/1269 881/881/881
f 881/881/881 880/880/880 1268/1268/1268
f 1254/1254/1254 1173/1173/1173 1276/1276/1276
f 1207/1207/1207 1187/1187/1187 1181/1181/1181
f 1247/1247/1247 1173/1173/1173 1254/1254/1254
f 881/881/881 1146/1146/1146 887/887/887
f 881/881/881 887/887/887 886/886/886
f 1245/1245/1245 1278/1278/1278 1240/1240/1240
f 1279/1279/1279 1187/1187/1187 1207/1207/1207
f 1269/1269/1269 1146/1146/1146 881/881/881
f 1279/1279/1279 1207/1207/1207 1280/1280/1280
f 1281/1281/1281 1245/1245/1245 1252/1252/1252
f 1282/1282/1282 1245/1245/1245 1281/1281/1281
f 1279/1279/1279 1078/1078/1078 1277/1277/1277
f 1078/1078/1078 1279/1279/1279 1106/1106/1106
f 1274/1274/1274 1205/1205/1205 1206/1206/1206
f 924/924/924 1274/1274/1274 1273/1273/1273
f 1106/1106/1106 1279/1279/1279 1283/1283/1283
f 1097/1097/1097 1229/1229/1229 1096/1096/1096
f 1278/1278/1278 1245/1245/1245 1282/1282/1282
f 934/934/934 1205/1205/1205 1274/1274/1274
f 1277/1277/1277 1187/1187/1187 1279/1279/1279
f 1283/1283/1283 1279/1279/1279 1284/1284/1284
f 1096/1096/1096 1229/1229/1229 1285/1285/1285
f 1273/1273/1273 880/880/880 924/924/924
f 1274/1274/1274 924/924/924 934/934/934
f 1265/1265/1265 1266/1266/1266 1286/1286/1286
f 1285/1285/1285 1276/1276/1276 1096/1096/1096
f 1279/1279/1279 1280/1280/1280 1284/1284/1284
f 1287/1287/1287 1276/1276/1276 1285/1285/1285
f 1283/1283/1283 1284/1284/1284 1288/1288/1288
f 1289/1289/1289 1272/1272/1272 1286/1286/1286
f 1275/1275/1275 1290/1290/1290 1291/1291/1291
f 1288/1288/1288 1284/1284/1284 1292/1292/1292
f 1290/1290/1290 1275/1275/1275 1289/1289/1289
f 1293/1293/1293 1294/1294/1294 1295/1295/1295
f 1296/1296/1296 1297/1297/1297 1298/1298/1298
f 1290/1290/1290 1289/1289/1289 1286/1286/1286
f 1299/1299/1299 1300/1300/1300 1296/1296/1296
f 1254/1254/1254 1301/1301/1301 1302/1302/1302
f 573/573/573 565/565/565 566/566/566
f 1302/1302/1302 1263/1263/1263 1254/1254/1254
f 1119/1119/1119 1106/1106/1106 1283/1283/1283
f 1303/1303/1303 1304/1304/1304 1305/1305/1305
f 566/566/566 1306/1306/1306 1307/1307/1307
f 720/720/720 566/566/566 1307/1307/1307
f 720/720/720 573/573/573 566/566/566
f 1119/1119/1119 1283/1283/1283 1288/1288/1288
f 516/516/516 1303/1303/1303 514/514/514
f 1308/1308/1308 1304/1304/1304 1303/1303/1303
f 1119/1119/1119 1288/1288/1288 1309/1309/1309
f 1310/1310/1310 1309/1309/1309 1288/1288/1288
f 1309/1309/1309 1117/1117/1117 1119/1119/1119
f 1311/1311/1311 1287/1287/1287 1285/1285/1285
f 729/729/729 720/720/720 1307/1307/1307
f 1305/1305/1305 514/514/514 1303/1303/1303
f 1230/1230/1230 1311/1311/1311 1285/1285/1285
f 1288/1288/1288 1292/1292/1292 1310/1310/1310
f 1117/1117/1117 1309/1309/1309 1312/1312/1312
f 1107/1107/1107 1117/1117/1117 1312/1312/1312
f 564/564/564 1313/1313/1313 1306/1306/1306
f 1314/1314/1314 1299/1299/1299 1315/1315/1315
f 1292/1292/1292 1316/1316/1316 1310/1310/1310
f 1317/1317/1317 1318/1318/1318 1282/1282/1282
f 1319/1319/1319 1300/1300/1300 1299/1299/1299
f 1319/1319/1319 1294/1294/1294 1300/1300/1300
f 1320/1320/1320 1270/1270/1270 1321/1321/1321
f 1316/1316/1316 1322/1322/1322 1323/1323/1323
f 1315/1315/1315 1296/1296/1296 1324/1324/1324
f 1280/1280/1280 1207/1207/1207 1210/1210/1210
f 1280/1280/1280 1210/1210/1210 1239/1239/1239
f 1306/1306/1306 1318/1318/1318 1325/1325/1325
f 1296/1296/1296 1315/1315/1315 1299/1299/1299
f 1326/1326/1326 1270/1270/1270 1320/1320/1320
f 1314/1314/1314 1315/1315/1315 1304/1304/1304
f 1314/1314/1314 1319/1319/1319 1299/1299/1299
f 1292/1292/1292 1280/1280/1280 1239/1239/1239
f 1326/1326/1326 983/983/983 1327/1327/1327
f 983/983/983 1326/1326/1326 1328/1328/1328
f 1322/1322/1322 1292/1292/1292 1239/1239/1239
f 1329/1329/1329 1319/1319/1319 1314/1314/1314
f 1330/1330/1330 1294/1294/1294 1319/1319/1319
f 1330/1330/1330 1319/1319/1319 1329/1329/1329
f 1307/1307/1307 1306/1306/1306 736/736/736
f 985/985/985 1328/1328/1328 1088/1088/1088
f 1331/1331/1331 1239/1239/1239 1246/1246/1246
f 1231/1231/1231 1246/1246/1246 1239/1239/1239
f 736/736/736 738/738/738 1307/1307/1307
f 1280/1280/1280 1292/1292/1292 1284/1284/1284
f 983/983/983 1328/1328/1328 985/985/985
f 729/729/729 1307/1307/1307 738/738/738
f 1316/1316/1316 1292/1292/1292 1322/1322/1322
f 1325/1325/1325 736/736/736 1306/1306/1306
f 1322/1322/1322 1239/1239/1239 1331/1331/1331
f 736/736/736 1325/1325/1325 1332/1332/1332
f 1333/1333/1333 1334/1334/1334 1335/1335/1335
f 1323/1323/1323 1322/1322/1322 1331/1331/1331
f 1332/1332/1332 1325/1325/1325 1336/1336/1336
f 1336/1336/1336 1325/1325/1325 1337/1337/1337
f 1335/1335/1335 1338/1338/1338 1339/1339/1339
f 1260/1260/1260 1340/1340/1340 1257/1257/1257
f 1341/1341/1341 1342/1342/1342 1260/1260/1260
f 744/744/744 1332/1332/1332 1336/1336/1336
f 1246/1246/1246 1248/1248/1248 1343/1343/1343
f 1344/1344/1344 1124/1124/1124 1334/1334/1334
f 1184/1184/1184 1343/1343/1343 1029/1029/1029
f 1124/1124/1124 1344/1344/1344 1171/1171/1171
f 737/737/737 1332/1332/1332 744/744/744
f 1248/1248/1248 1029/1029/1029 1343/1343/1343
f 1344/1344/1344 1333/1333/1333 1345/1345/1345
f 736/736/736 1332/1332/1332 737/737/737
f 1326/1326/1326 1346/1346/1346 1270/1270/1270
f 1334/1334/1334 1333/1333/1333 1344/1344/1344
f 1345/1345/1345 1347/1347/1347 1344/1344/1344
f 1348/1348/1348 1341/1341/1341 1065/1065/1065
f 1331/1331/1331 1246/1246/1246 1343/1343/1343
f 1331/1331/1331 1349/1349/1349 1323/1323/1323
f 1349/1349/1349 1331/1331/1331 1343/1343/1343
f 1065/1065/1065 1341/1341/1341 1346/1346/1346
f 1184/1184/1184 1190/1190/1190 1343/1343/1343
f 1350/1350/1350 1333/1333/1333 1351/1351/1351
f 1327/1327/1327 1065/1065/1065 1346/1346/1346
f 1066/1066/1066 1065/1065/1065 1327/1327/1327
f 1327/1327/1327 1346/1346/1346 1326/1326/1326
f 1349/1349/1349 1343/1343/1343 1190/1190/1190
f 1352/1352/1352 1353/1353/1353 1354/1354/1354
f 1355/1355/1355 1352/1352/1352 789/789/789
f 1350/1350/1350 1295/1295/1295 1356/1356/1356
f 1066/1066/1066 1327/1327/1327 1074/1074/1074
f 793/793/793 1352/1352/1352 1354/1354/1354
f 982/982/982 1074/1074/1074 1327/1327/1327
f 1357/1357/1357 1345/1345/1345 1350/1350/1350
f 785/785/785 1336/1336/1336 788/788/788
f 744/744/744 1336/1336/1336 785/785/785
f 1350/1350/1350 1356/1356/1356 1357/1357/1357
f 982/982/982 1327/1327/1327 983/983/983
f 788/788/788 1336/1336/1336 789/789/789
f 1358/1358/1358 1316/1316/1316 1323/1323/1323
f 1316/1316/1316 1359/1359/1359 1310/1310/1310
f 789/789/789 1336/1336/1336 1355/1355/1355
f 1330/1330/1330 1360/1360/1360 1356/1356/1356
f 1358/1358/1358 1359/1359/1359 1316/1316/1316
f 1361/1361/1361 1357/1357/1357 1356/1356/1356
f 1310/1310/1310 117/117/117 1309/1309/1309
f 793/793/793 790/790/790 789/789/789
f 1362/1362/1362 1363/1363/1363 1311/1311/1311
f 1312/1312/1312 1309/1309/1309 116/116/116
f 1363/1363/1363 1362/1362/1362 1364/1364/1364
f 1356/1356/1356 1360/1360/1360 1361/1361/1361
f 1365/1365/1365 1312/1312/1312 116/116/116
f 1366/1366/1366 1367/1367/1367 1368/1368/1368
f 1361/1361/1361 1369/1369/1369 1357/1357/1357
f 117/117/117 116/116/116 1309/1309/1309
f 1088/1088/1088 1328/1328/1328 1370/1370/1370
f 1366/1366/1366 805/805/805 1354/1354/1354
f 1171/1171/1171 1344/1344/1344 848/848/848
f 15/15/15 117/117/117 1359/1359/1359
f 1310/1310/1310 1359/1359/1359 117/117/117
f 805/805/805 1366/1366/1366 1368/1368/1368
f 1344/1344/1344 1347/1347/1347 1371/1371/1371
f 1372/1372/1372 1373/1373/1373 1374/1374/1374
f 1375/1375/1375 1376/1376/1376 1368/1368/1368
f 1371/1371/1371 848/848/848 1344/1344/1344
f 1376/1376/1376 1375/1375/1375 1034/1034/1034
f 1372/1372/1372 1087/1087/1087 1088/1088/1088
f 1087/1087/1087 1372/1372/1372 1374/1374/1374
f 1354/1354/1354 805/805/805 793/793/793
f 1358/1358/1358 1323/1323/1323 1349/1349/1349
f 1349/1349/1349 1224/1224/1224 1358/1358/1358
f 1087/1087/1087 989/989/989 1088/1088/1088
f 1347/1347/1347 1345/1345/1345 1357/1357/1357
f 1347/1347/1347 1357/1357/1357 1369/1369/1369
f 1094/1094/1094 1087/1087/1087 1374/1374/1374
f 1347/1347/1347 1369/1369/1369 1371/1371/1371
f 813/813/813 805/805/805 1368/1368/1368
f 1376/1376/1376 813/813/813 1368/1368/1368
f 1359/1359/1359 125/125/125 15/15/15
f 813/813/813 1376/1376/1376 820/820/820
f 1363/1363/1363 1377/1377/1377 1373/1373/1373
f 1378/1378/1378 1369/1369/1369 1361/1361/1361
f 1266/1266/1266 976/976/976 977/977/977
f 849/849/849 848/848/848 1371/1371/1371
f 132/132/132 1359/1359/1359 1358/1358/1358
f 1379/1379/1379 977/977/977 1007/1007/1007
f 1104/1104/1104 1377/1377/1377 1111/1111/1111
f 125/125/125 1359/1359/1359 132/132/132
f 1266/1266/1266 977/977/977 1379/1379/1379
f 132/132/132 1358/1358/1358 1224/1224/1224
f 1330/1330/1330 1295/1295/1295 1294/1294/1294
f 1380/1380/1380 1266/1266/1266 1379/1379/1379
f 1111/1111/1111 1377/1377/1377 1112/1112/1112
f 1224/1224/1224 1223/1223/1223 132/132/132
f 1356/1356/1356 1295/1295/1295 1330/1330/1330
f 1007/1007/1007 1028/1028/1028 1379/1379/1379
f 1224/1224/1224 1349/1349/1349 1190/1190/1190
f 1373/1373/1373 1377/1377/1377 1374/1374/1374
f 529/529/529 931/931/931 943/943/943
f 1381/1381/1381 1308/1308/1308 557/557/557
f 1286/1286/1286 1266/1266/1266 1380/1380/1380
f 1104/1104/1104 1374/1374/1374 1377/1377/1377
f 1094/1094/1094 1374/1374/1374 1104/1104/1104
f 1381/1381/1381 557/557/557 1382/1382/1382
f 529/529/529 1383/1383/1383 533/533/533
f 529/529/529 943/943/943 1383/1383/1383
f 1286/1286/1286 1380/1380/1380 1384/1384/1384
f 1379/1379/1379 1385/1385/1385 1380/1380/1380
f 1380/1380/1380 1385/1385/1385 1384/1384/1384
f 1386/1386/1386 1387/1387/1387 1385/1385/1385
f 1388/1388/1388 1314/1314/1314 1389/1389/1389
f 943/943/943 942/942/942 1390/1390/1390
f 1387/1387/1387 1384/1384/1384 1385/1385/1385
f 1387/1387/1387 1391/1391/1391 1384/1384/1384
f 1388/1388/1388 1330/1330/1330 1329/1329/1329
f 592/592/592 1192/1192/1192 594/594/594
f 1387/1387/1387 1392/1392/1392 1393/1393/1393
f 1391/1391/1391 1387/1387/1387 1394/1394/1394
f 1387/1387/1387 1393/1393/1393 1394/1394/1394
f 1192/1192/1192 592/592/592 614/614/614
f 1395/1395/1395 1383/1383/1383 1396/1396/1396
f 1383/1383/1383 943/943/943 1390/1390/1390
f 1396/1396/1396 1383/1383/1383 1390/1390/1390
f 1188/1188/1188 1192/1192/1192 1397/1397/1397
f 1381/1381/1381 1398/1398/1398 1389/1389/1389
f 1028/1028/1028 1385/1385/1385 1379/1379/1379
f 1386/1386/1386 1385/1385/1385 1028/1028/1028
f 1399/1399/1399 1389/1389/1389 1398/1398/1398
f 1386/1386/1386 1028/1028/1028 1400/1400/1400
f 1399/1399/1399 1388/1388/1388 1389/1389/1389
f 1012/1012/1012 1400/1400/1400 1028/1028/1028
f 1192/1192/1192 1401/1401/1401 1397/1397/1397
f 533/533/533 1383/1383/1383 538/538/538
f 1398/1398/1398 1402/1402/1402 1399/1399/1399
f 1403/1403/1403 1399/1399/1399 1402/1402/1402
f 1404/1404/1404 1399/1399/1399 1403/1403/1403
f 1032/1032/1032 1387/1387/1387 1400/1400/1400
f 1405/1405/1405 1388/1388/1388 1399/1399/1399
f 1031/1031/1031 1041/1041/1041 1406/1406/1406
f 1401/1401/1401 1192/1192/1192 614/614/614
f 1383/1383/1383 1395/1395/1395 538/538/538
f 1031/1031/1031 1392/1392/1392 1032/1032/1032
f 1032/1032/1032 1392/1392/1392 1387/1387/1387
f 1392/1392/1392 1031/1031/1031 1393/1393/1393
f 1407/1407/1407 1408/1408/1408 1401/1401/1401
f 1390/1390/1390 942/942/942 1409/1409/1409
f 1409/1409/1409 942/942/942 963/963/963
f 963/963/963 1410/1410/1410 1409/1409/1409
f 1303/1303/1303 516/516/516 1308/1308/1308
f 516/516/516 557/557/557 1308/1308/1308
f 1406/1406/1406 1041/1041/1041 1048/1048/1048
f 1408/1408/1408 1411/1411/1411 1397/1397/1397
f 963/963/963 1412/1412/1412 1410/1410/1410
f 1308/1308/1308 1413/1413/1413 1304/1304/1304
f 1414/1414/1414 1410/1410/1410 1412/1412/1412
f 1415/1415/1415 1416/1416/1416 1411/1411/1411
f 1393/1393/1393 1031/1031/1031 1417/1417/1417
f 1408/1408/1408 1415/1415/1415 1411/1411/1411
f 1031/1031/1031 1406/1406/1406 1417/1417/1417
f 1381/1381/1381 1413/1413/1413 1308/1308/1308
f 1417/1417/1417 1406/1406/1406 1418/1418/1418
f 1396/1396/1396 1390/1390/1390 1409/1409/1409
f 1407/1407/1407 614/614/614 613/613/613
f 1414/1414/1414 1419/1419/1419 1410/1410/1410
f 613/613/613 652/652/652 1407/1407/1407
f 1394/1394/1394 1393/1393/1393 1420/1420/1420
f 1410/1410/1410 1421/1421/1421 1409/1409/1409
f 614/614/614 1407/1407/1407 1401/1401/1401
f 1389/1389/1389 1304/1304/1304 1413/1413/1413
f 1421/1421/1421 1396/1396/1396 1409/1409/1409
f 1314/1314/1314 1304/1304/1304 1389/1389/1389
f 1413/1413/1413 1381/1381/1381 1389/1389/1389
f 1375/1375/1375 1422/1422/1422 1035/1035/1035
f 1034/1034/1034 1375/1375/1375 1035/1035/1035
f 1035/1035/1035 1423/1423/1423 1424/1424/1424
f 1388/1388/1388 1329/1329/1329 1314/1314/1314
f 860/860/860 1425/1425/1425 601/601/601
f 1426/1426/1426 1410/1410/1410 1419/1419/1419
f 1426/1426/1426 1421/1421/1421 1410/1410/1410
f 820/820/820 1376/1376/1376 1034/1034/1034
f 652/652/652 1408/1408/1408 1407/1407/1407
f 1427/1427/1427 1048/1048/1048 1051/1051/1051
f 1428/1428/1428 1398/1398/1398 1381/1381/1381
f 1429/1429/1429 1408/1408/1408 652/652/652
f 1428/1428/1428 1381/1381/1381 1382/1382/1382
f 653/653/653 1429/1429/1429 652/652/652
f 1418/1418/1418 1048/1048/1048 1427/1427/1427
f 1430/1430/1430 538/538/538 1395/1395/1395
f 1430/1430/1430 1395/1395/1395 1396/1396/1396
f 1398/1398/1398 1428/1428/1428 1402/1402/1402
f 538/538/538 584/584/584 536/536/536
f 538/538/538 1430/1430/1430 584/584/584
f 1431/1431/1431 1432/1432/1432 1415/1415/1415
f 1433/1433/1433 1402/1402/1402 1428/1428/1428
f 577/577/577 536/536/536 584/584/584
f 601/601/601 600/600/600 860/860/860
f 1427/1427/1427 1434/1434/1434 1418/1418/1418
f 600/600/600 616/616/616 860/860/860
f 1415/1415/1415 1408/1408/1408 1431/1431/1431
f 1435/1435/1435 1418/1418/1418 1434/1434/1434
f 1436/1436/1436 861/861/861 870/870/870
f 1432/1432/1432 1431/1431/1431 1437/1437/1437
f 1408/1408/1408 1429/1429/1429 1437/1437/1437
f 1437/1437/1437 1431/1431/1431 1408/1408/1408
f 1425/1425/1425 860/860/860 861/861/861
f 583/583/583 584/584/584 586/586/586
f 861/861/861 1436/1436/1436 1425/1425/1425
f 586/586/586 584/584/584 1438/1438/1438
f 1438/1438/1438 584/584/584 1430/1430/1430
f 1430/1430/1430 1439/1439/1439 1438/1438/1438
f 1440/1440/1440 1441/1441/1441 1442/1442/1442
f 877/877/877 865/865/865 1404/1404/1404
f 1433/1433/1433 1403/1403/1403 1402/1402/1402
f 877/877/877 1403/1403/1403 1433/1433/1433
f 1403/1403/1403 877/877/877 1404/1404/1404
f 865/865/865 867/867/867 1405/1405/1405
f 1439/1439/1439 1443/1443/1443 1438/1438/1438
f 1399/1399/1399 1404/1404/1404 1405/1405/1405
f 1427/1427/1427 1051/1051/1051 1203/1203/1203
f 1427/1427/1427 1203/1203/1203 1216/1216/1216
f 1079/1079/1079 1211/1211/1211 1215/1215/1215
f 865/865/865 1405/1405/1405 1404/1404/1404
f 1444/1444/1444 1079/1079/1079 1215/1215/1215
f 1430/1430/1430 1396/1396/1396 1421/1421/1421
f 1439/1439/1439 1430/1430/1430 1421/1421/1421
f 1445/1445/1445 1439/1439/1439 1421/1421/1421
f 1215/1215/1215 1196/1196/1196 1411/1411/1411
f 1427/1427/1427 1217/1217/1217 1446/1446/1446
f 1217/1217/1217 1427/1427/1427 1216/1216/1216
f 1445/1445/1445 1421/1421/1421 1426/1426/1426
f 864/864/864 870/870/870 861/861/861
f 1426/1426/1426 1447/1447/1447 1445/1445/1445
f 1448/1448/1448 1215/1215/1215 1411/1411/1411
f 1416/1416/1416 1448/1448/1448 1411/1411/1411
f 1434/1434/1434 1427/1427/1427 1446/1446/1446
f 1445/1445/1445 51/51/51 1449/1449/1449
f 51/51/51 1445/1445/1445 1447/1447/1447
f 1449/1449/1449 1439/1439/1439 1445/1445/1445
f 1450/1450/1450 1361/1361/1361 1360/1360/1360
f 1439/1439/1439 1449/1449/1449 1443/1443/1443
f 884/884/884 1450/1450/1450 885/885/885
f 885/885/885 1450/1450/1450 1360/1360/1360
f 1449/1449/1449 51/51/51 50/50/50
f 1451/1451/1451 1444/1444/1444 1215/1215/1215
f 1451/1451/1451 1215/1215/1215 1452/1452/1452
f 1215/1215/1215 1448/1448/1448 1452/1452/1452
f 1416/1416/1416 1452/1452/1452 1448/1448/1448
f 1360/1360/1360 1330/1330/1330 1388/1388/1388
f 1449/1449/1449 50/50/50 1443/1443/1443
f 1451/1451/1451 1452/1452/1452 1453/1453/1453
f 1444/1444/1444 1103/1103/1103 1079/1079/1079
f 1454/1454/1454 966/966/966 1017/1017/1017
f 1455/1455/1455 885/885/885 1360/1360/1360
f 1454/1454/1454 1017/1017/1017 1093/1093/1093
f 1444/1444/1444 1225/1225/1225 1103/1103/1103
f 957/957/957 1455/1455/1455 867/867/867
f 1456/1456/1456 1454/1454/1454 1093/1093/1093
f 1217/1217/1217 1228/1228/1228 1457/1457/1457
f 951/951/951 957/957/957 867/867/867
f 867/867/867 1455/1455/1455 1405/1405/1405
f 1456/1456/1456 1093/1093/1093 1458/1458/1458
f 1228/1228/1228 1126/1126/1126 1131/1131/1131
f 1457/1457/1457 1228/1228/1228 1459/1459/1459
f 1444/1444/1444 1451/1451/1451 1225/1225/1225
f 1102/1102/1102 1458/1458/1458 1091/1091/1091
f 1458/1458/1458 1093/1093/1093 1091/1091/1091
f 957/957/957 885/885/885 1455/1455/1455
f 1460/1460/1460 1458/1458/1458 1102/1102/1102
f 883/883/883 885/885/885 957/957/957
f 1230/1230/1230 1225/1225/1225 1451/1451/1451
f 1461/1461/1461 1446/1446/1446 1462/1462/1462
f 1455/1455/1455 1360/1360/1360 1388/1388/1388
f 1463/1463/1463 1458/1458/1458 1460/1460/1460
f 1455/1455/1455 1388/1388/1388 1405/1405/1405
f 1450/1450/1450 1378/1378/1378 1361/1361/1361
f 1450/1450/1450 884/884/884 1378/1378/1378
f 1378/1378/1378 851/851/851 1369/1369/1369
f 884/884/884 851/851/851 1378/1378/1378
f 1464/1464/1464 1456/1456/1456 1465/1465/1465
f 1432/1432/1432 1416/1416/1416 1415/1415/1415
f 851/851/851 849/849/849 1369/1369/1369
f 949/949/949 951/951/951 867/867/867
f 1456/1456/1456 1458/1458/1458 1463/1463/1463
f 951/951/951 952/952/952 957/957/957
f 1466/1466/1466 1451/1451/1451 1453/1453/1453
f 1460/1460/1460 1102/1102/1102 1108/1108/1108
f 1467/1467/1467 1468/1468/1468 1469/1469/1469
f 1470/1470/1470 1471/1471/1471 1472/1472/1472
f 1110/1110/1110 1338/1338/1338 1124/1124/1124
f 1465/1465/1465 1456/1456/1456 1463/1463/1463
f 1230/1230/1230 1451/1451/1451 1466/1466/1466
f 1124/1124/1124 1338/1338/1338 1334/1334/1334
f 1460/1460/1460 1473/1473/1473 1463/1463/1463
f 1230/1230/1230 1466/1466/1466 1474/1474/1474
f 1470/1470/1470 1475/1475/1475 1471/1471/1471
f 1124/1124/1124 1171/1171/1171 1116/1116/1116
f 1473/1473/1473 1460/1460/1460 1476/1476/1476
f 1475/1475/1475 1477/1477/1477 1471/1471/1471
f 1473/1473/1473 1465/1465/1465 1463/1463/1463
f 1465/1465/1465 1473/1473/1473 1478/1478/1478
f 1479/1479/1479 1475/1475/1475 1470/1470/1470
f 1480/1480/1480 710/710/710 716/716/716
f 59/59/59 1473/1473/1473 1476/1476/1476
f 1474/1474/1474 1466/1466/1466 1481/1481/1481
f 1482/1482/1482 1470/1470/1470 1441/1441/1441
f 717/717/717 710/710/710 1480/1480/1480
f 1483/1483/1483 717/717/717 1480/1480/1480
f 1440/1440/1440 1482/1482/1482 1441/1441/1441
f 59/59/59 1484/1484/1484 60/60/60
f 1485/1485/1485 1486/1486/1486 1483/1483/1483
f 1487/1487/1487 1460/1460/1460 1108/1108/1108
f 1485/1485/1485 1483/1483/1483 1480/1480/1480
f 1488/1488/1488 1470/1470/1470 1482/1482/1482
f 1108/1108/1108 1107/1107/1107 1487/1487/1487
f 1489/1489/1489 1474/1474/1474 1481/1481/1481
f 1481/1481/1481 1466/1466/1466 1453/1453/1453
f 1440/1440/1440 1490/1490/1490 1491/1491/1491
f 1482/1482/1482 1440/1440/1440 1491/1491/1491
f 1492/1492/1492 1482/1482/1482 1491/1491/1491
f 1493/1493/1493 717/717/717 1483/1483/1483
f 1479/1479/1479 1470/1470/1470 1488/1488/1488
f 1416/1416/1416 1432/1432/1432 1452/1452/1452
f 1488/1488/1488 1482/1482/1482 1492/1492/1492
f 1486/1486/1486 1494/1494/1494 1483/1483/1483
f 1487/1487/1487 1107/1107/1107 1312/1312/1312
f 1453/1453/1453 1452/1452/1452 1437/1437/1437
f 1483/1483/1483 1494/1494/1494 1493/1493/1493
f 1452/1452/1452 1432/1432/1432 1437/1437/1437
f 1492/1492/1492 1491/1491/1491 1495/1495/1495
f 1487/1487/1487 1312/1312/1312 1484/1484/1484
f 1476/1476/1476 1460/1460/1460 1487/1487/1487
f 1496/1496/1496 1497/1497/1497 1486/1486/1486
f 1498/1498/1498 1453/1453/1453 1437/1437/1437
f 1486/1486/1486 1485/1485/1485 1496/1496/1496
f 1499/1499/1499 1497/1497/1497 1496/1496/1496
f 1476/1476/1476 1487/1487/1487 1484/1484/1484
f 1128/1128/1128 1424/1424/1424 1477/1477/1477
f 1484/1484/1484 59/59/59 1476/1476/1476
f 1498/1498/1498 1481/1481/1481 1453/1453/1453
f 1500/1500/1500 1497/1497/1497 1501/1501/1501
f 1502/1502/1502 1498/1498/1498 1437/1437/1437
f 1035/1035/1035 1424/1424/1424 1128/1128/1128
f 1503/1503/1503 1465/1465/1465 1478/1478/1478
f 654/654/654 1504/1504/1504 653/653/653
f 1505/1505/1505 1494/1494/1494 1486/1486/1486
f 1130/1130/1130 1128/1128/1128 1477/1477/1477
f 1497/1497/1497 1505/1505/1505 1486/1486/1486
f 1506/1506/1506 53/53/53 51/51/51
f 1130/1130/1130 1477/1477/1477 1139/1139/1139
f 1505/1505/1505 1497/1497/1497 1500/1500/1500
f 1504/1504/1504 1429/1429/1429 653/653/653
f 1478/1478/1478 1473/1473/1473 59/59/59
f 1477/1477/1477 1152/1152/1152 1139/1139/1139
f 1152/1152/1152 1475/1475/1475 1479/1479/1479
f 1493/1493/1493 1507/1507/1507 743/743/743
f 1438/1438/1438 683/683/683 586/586/586
f 1438/1438/1438 1443/1443/1443 683/683/683
f 1437/1437/1437 1429/1429/1429 1508/1508/1508
f 1443/1443/1443 1509/1509/1509 683/683/683
f 1504/1504/1504 1510/1510/1510 1429/1429/1429
f 1139/1139/1139 1152/1152/1152 1151/1151/1151
f 808/808/808 742/742/742 1511/1511/1511
f 1429/1429/1429 1510/1510/1510 1508/1508/1508
f 1511/1511/1511 742/742/742 743/743/743
f 1479/1479/1479 1488/1488/1488 1512/1512/1512
f 808/808/808 753/753/753 742/742/742
f 1508/1508/1508 1502/1502/1502 1437/1437/1437
f 1152/1152/1152 1479/1479/1479 1512/1512/1512
f 1509/1509/1509 1443/1443/1443 1513/1513/1513
f 1512/1512/1512 1488/1488/1488 1492/1492/1492
f 1508/1508/1508 1514/1514/1514 1502/1502/1502
f 1512/1512/1512 1492/1492/1492 1515/1515/1515
f 1507/1507/1507 1511/1511/1511 743/743/743
f 1516/1516/1516 1517/1517/1517 1507/1507/1507
f 1511/1511/1511 1507/1507/1507 1517/1517/1517
f 683/683/683 1509/1509/1509 684/684/684
f 1518/1518/1518 1515/1515/1515 1212/1212/1212
f 1510/1510/1510 1519/1519/1519 1508/1508/1508
f 743/743/743 717/717/717 1493/1493/1493
f 1153/1153/1153 1152/1152/1152 1512/1512/1512
f 1507/1507/1507 1493/1493/1493 1494/1494/1494
f 1520/1520/1520 1509/1509/1509 1513/1513/1513
f 1521/1521/1521 1509/1509/1509 1520/1520/1520
f 1297/1297/1297 1519/1519/1519 1298/1298/1298
f 1494/1494/1494 1516/1516/1516 1507/1507/1507
f 1518/1518/1518 1166/1166/1166 1512/1512/1512
f 1516/1516/1516 1494/1494/1494 1522/1522/1522
f 1513/1513/1513 1443/1443/1443 50/50/50
f 1513/1513/1513 50/50/50 1523/1523/1523
f 1524/1524/1524 1491/1491/1491 1490/1490/1490
f 1505/1505/1505 1500/1500/1500 1525/1525/1525
f 1525/1525/1525 1522/1522/1522 1505/1505/1505
f 1516/1516/1516 1522/1522/1522 1525/1525/1525
f 70/70/70 1523/1523/1523 50/50/50
f 1495/1495/1495 1491/1491/1491 1526/1526/1526
f 1527/1527/1527 1516/1516/1516 1528/1528/1528
f 1529/1529/1529 1520/1520/1520 1513/1513/1513
f 1517/1517/1517 1516/1516/1516 1527/1527/1527
f 1529/1529/1529 1530/1530/1530 1520/1520/1520
f 1513/1513/1513 1523/1523/1523 1529/1529/1529
f 1529/1529/1529 1523/1523/1523 69/69/69
f 1531/1531/1531 1468/1468/1468 1467/1467/1467
f 1525/1525/1525 1528/1528/1528 1516/1516/1516
f 70/70/70 69/69/69 1523/1523/1523
f 1532/1532/1532 1528/1528/1528 1525/1525/1525
f 1514/1514/1514 1498/1498/1498 1502/1502/1502
f 1529/1529/1529 69/69/69 80/80/80
f 1509/1509/1509 692/692/692 684/684/684
f 1509/1509/1509 1521/1521/1521 692/692/692
f 1522/1522/1522 1494/1494/1494 1505/1505/1505
f 692/692/692 1533/1533/1533 711/711/711
f 1533/1533/1533 692/692/692 1521/1521/1521
f 30/30/30 1534/1534/1534 1535/1535/1535
f 30/30/30 135/135/135 1534/1534/1534
f 1521/1521/1521 1520/1520/1520 1530/1530/1530
f 1531/1531/1531 1536/1536/1536 1537/1537/1537
f 1533/1533/1533 1521/1521/1521 1496/1496/1496
f 1538/1538/1538 1539/1539/1539 1481/1481/1481
f 1536/1536/1536 1531/1531/1531 1467/1467/1467
f 1540/1540/1540 1535/1535/1535 1534/1534/1534
f 716/716/716 711/711/711 1533/1533/1533
f 1541/1541/1541 1339/1339/1339 1542/1542/1542
f 1543/1543/1543 1535/1535/1535 1544/1544/1544
f 1340/1340/1340 1260/1260/1260 1342/1342/1342
f 1535/1535/1535 1540/1540/1540 1544/1544/1544
f 716/716/716 1533/1533/1533 1480/1480/1480
f 1480/1480/1480 1533/1533/1533 1485/1485/1485
f 1535/1535/1535 1545/1545/1545 29/29/29
f 1485/1485/1485 1533/1533/1533 1496/1496/1496
f 1546/1546/1546 1536/1536/1536 1467/1467/1467
f 1541/1541/1541 1538/1538/1538 1547/1547/1547
f 1543/1543/1543 1548/1548/1548 1535/1535/1535
f 1530/1530/1530 1496/1496/1496 1521/1521/1521
f 1535/1535/1535 1548/1548/1548 1545/1545/1545
f 1546/1546/1546 1467/1467/1467 1342/1342/1342
f 1547/1547/1547 1538/1538/1538 1549/1549/1549
f 1348/1348/1348 1546/1546/1546 1342/1342/1342
f 1535/1535/1535 29/29/29 30/30/30
f 1530/1530/1530 1529/1529/1529 1550/1550/1550
f 1550/1550/1550 1529/1529/1529 103/103/103
f 1496/1496/1496 1530/1530/1530 1550/1550/1550
f 1348/1348/1348 1342/1342/1342 1341/1341/1341
f 1339/1339/1339 1541/1541/1541 1351/1351/1351
f 103/103/103 1529/1529/1529 80/80/80
f 1213/1213/1213 1537/1537/1537 1551/1551/1551
f 1212/1212/1212 1537/1537/1537 1213/1213/1213
f 1548/1548/1548 1543/1543/1543 1552/1552/1552
f 654/654/654 761/761/761 1504/1504/1504
f 1550/1550/1550 1499/1499/1499 1496/1496/1496
f 1519/1519/1519 1504/1504/1504 761/761/761
f 1551/1551/1551 1261/1261/1261 1213/1213/1213
f 1553/1553/1553 1554/1554/1554 1555/1555/1555
f 1261/1261/1261 1214/1214/1214 1213/1213/1213
f 103/103/103 93/93/93 1550/1550/1550
f 1501/1501/1501 1497/1497/1497 1499/1499/1499
f 1553/1553/1553 1556/1556/1556 1557/1557/1557
f 1499/1499/1499 93/93/93 1501/1501/1501
f 93/93/93 1499/1499/1499 1550/1550/1550
f 1348/1348/1348 1558/1558/1558 1546/1546/1546
f 1559/1559/1559 1519/1519/1519 761/761/761
f 1546/1546/1546 1261/1261/1261 1551/1551/1551
f 1261/1261/1261 1546/1546/1546 1558/1558/1558
f 1474/1474/1474 1311/1311/1311 1230/1230/1230
f 1532/1532/1532 1556/1556/1556 1528/1528/1528
f 1560/1560/1560 1528/1528/1528 1556/1556/1556
f 1365/1365/1365 1484/1484/1484 1312/1312/1312
f 1348/1348/1348 1267/1267/1267 1558/1558/1558
f 1556/1556/1556 1555/1555/1555 1560/1560/1560
f 1365/1365/1365 14/14/14 1484/1484/1484
f 1110/1110/1110 1112/1112/1112 1338/1338/1338
f 1557/1557/1557 1561/1561/1561 1553/1553/1553
f 1365/1365/1365 116/116/116 15/15/15
f 14/14/14 1365/1365/1365 15/15/15
f 1262/1262/1262 1261/1261/1261 1558/1558/1558
f 1262/1262/1262 1558/1558/1558 1267/1267/1267
f 437/437/437 434/434/434 1562/1562/1562
f 437/437/437 158/158/158 149/149/149
f 1348/1348/1348 1065/1065/1065 1267/1267/1267
f 1553/1553/1553 1555/1555/1555 1556/1556/1556
f 1065/1065/1065 1067/1067/1067 1267/1267/1267
f 60/60/60 1484/1484/1484 14/14/14
f 156/156/156 158/158/158 173/173/173
f 1251/1251/1251 1544/1544/1544 1540/1540/1540
f 1544/1544/1544 1251/1251/1251 1255/1255/1255
f 1544/1544/1544 1255/1255/1255 1256/1256/1256
f 134/134/134 115/115/115 111/111/111
f 1563/1563/1563 639/639/639 1564/1564/1564
f 1563/1563/1563 1564/1564/1564 1565/1565/1565
f 14/14/14 3/3/3 60/60/60
f 1566/1566/1566 1544/1544/1544 1256/1256/1256
f 1567/1567/1567 1544/1544/1544 1566/1566/1566
f 723/723/723 579/579/579 573/573/573
f 719/719/719 723/723/723 573/573/573
f 109/109/109 134/134/134 111/111/111
f 109/109/109 112/112/112 134/134/134
f 1568/1568/1568 1566/1566/1566 933/933/933
f 1256/1256/1256 933/933/933 1566/1566/1566
f 608/608/608 1569/1569/1569 615/615/615
f 620/620/620 615/615/615 1569/1569/1569
f 1552/1552/1552 1543/1543/1543 1567/1567/1567
f 1567/1567/1567 1543/1543/1543 1544/1544/1544
f 1570/1570/1570 1571/1571/1571 1569/1569/1569
f 1569/1569/1569 1571/1571/1571 620/620/620
f 1552/1552/1552 1567/1567/1567 1566/1566/1566
f 1553/1553/1553 1561/1561/1561 1554/1554/1554
f 620/620/620 1571/1571/1571 1572/1572/1572
f 1571/1571/1571 1573/1573/1573 1572/1572/1572
f 326/326/326 115/115/115 1574/1574/1574
f 1575/1575/1575 94/94/94 1576/1576/1576
f 1575/1575/1575 1577/1577/1577 94/94/94
f 94/94/94 1501/1501/1501 93/93/93
f 1576/1576/1576 94/94/94 99/99/99
f 1574/1574/1574 115/115/115 134/134/134
f 1574/1574/1574 1578/1578/1578 326/326/326
f 1579/1579/1579 1578/1578/1578 1580/1580/1580
f 1577/1577/1577 1501/1501/1501 94/94/94
f 1580/1580/1580 1578/1578/1578 1574/1574/1574
f 1562/1562/1562 434/434/434 621/621/621
f 1577/1577/1577 1500/1500/1500 1501/1501/1501
f 1578/1578/1578 295/295/295 326/326/326
f 620/620/620 1572/1572/1572 621/621/621
f 1579/1579/1579 295/295/295 1578/1578/1578
f 295/295/295 1579/1579/1579 336/336/336
f 621/621/621 1581/1581/1581 1562/1562/1562
f 1557/1557/1557 1577/1577/1577 1575/1575/1575
f 308/308/308 336/336/336 1582/1582/1582
f 1581/1581/1581 621/621/621 1572/1572/1572
f 1582/1582/1582 336/336/336 1583/1583/1583
f 1583/1583/1583 1584/1584/1584 1582/1582/1582
f 29/29/29 1545/1545/1545 110/110/110
f 1583/1583/1583 336/336/336 1579/1579/1579
f 158/158/158 1562/1562/1562 1585/1585/1585
f 1532/1532/1532 1525/1525/1525 1577/1577/1577
f 1585/1585/1585 1562/1562/1562 1581/1581/1581
f 1579/1579/1579 1586/1586/1586 1583/1583/1583
f 1587/1587/1587 1588/1588/1588 1589/1589/1589
f 1573/1573/1573 1581/1581/1581 1572/1572/1572
f 1500/1500/1500 1577/1577/1577 1525/1525/1525
f 1583/1583/1583 1590/1590/1590 1591/1591/1591
f 1588/1588/1588 1587/1587/1587 1592/1592/1592
f 1532/1532/1532 1577/1577/1577 1556/1556/1556
f 1577/1577/1577 1557/1557/1557 1556/1556/1556
f 1571/1571/1571 1593/1593/1593 1594/1594/1594
f 1595/1595/1595 1596/1596/1596 1597/1597/1597
f 1587/1587/1587 1598/1598/1598 1592/1592/1592
f 1592/1592/1592 1598/1598/1598 1595/1595/1595
f 1592/1592/1592 1595/1595/1595 1597/1597/1597
f 1597/1597/1597 1599/1599/1599 1592/1592/1592
f 134/134/134 133/133/133 1574/1574/1574
f 1594/1594/1594 1573/1573/1573 1571/1571/1571
f 1527/1527/1527 1600/1600/1600 1601/1601/1601
f 825/825/825 807/807/807 806/806/806
f 1602/1602/1602 1574/1574/1574 133/133/133
f 806/806/806 808/808/808 1601/1601/1601
f 1603/1603/1603 1574/1574/1574 1602/1602/1602
f 1580/1580/1580 1574/1574/1574 1603/1603/1603
f 1573/1573/1573 1594/1594/1594 18/18/18
f 1580/1580/1580 1586/1586/1586 1579/1579/1579
f 1604/1604/1604 1573/1573/1573 18/18/18
f 1601/1601/1601 1605/1605/1605 806/806/806
f 1606/1606/1606 1589/1589/1589 1607/1607/1607
f 1608/1608/1608 806/806/806 1605/1605/1605
f 1609/1609/1609 402/402/402 1607/1607/1607
f 1610/1610/1610 1611/1611/1611 1612/1612/1612
f 1606/1606/1606 1607/1607/1607 402/402/402
f 1600/1600/1600 1527/1527/1527 1613/1613/1613
f 173/173/173 158/158/158 1585/1585/1585
f 402/402/402 1609/1609/1609 432/432/432
f 1614/1614/1614 1589/1589/1589 1606/1606/1606
f 1589/1589/1589 1614/1614/1614 1587/1587/1587
f 1585/1585/1585 352/352/352 173/173/173
f 395/395/395 1614/1614/1614 1606/1606/1606
f 1615/1615/1615 1581/1581/1581 1616/1616/1616
f 1528/1528/1528 1560/1560/1560 1613/1613/1613
f 1615/1615/1615 1585/1585/1585 1581/1581/1581
f 1600/1600/1600 1613/1613/1613 1611/1611/1611
f 1611/1611/1611 1613/1613/1613 1560/1560/1560
f 1617/1617/1617 1618/1618/1618 1596/1596/1596
f 1619/1619/1619 1595/1595/1595 1598/1598/1598
f 395/395/395 1598/1598/1598 1614/1614/1614
f 1619/1619/1619 1617/1617/1617 1595/1595/1595
f 397/397/397 1617/1617/1617 1619/1619/1619
f 1619/1619/1619 394/394/394 397/397/397
f 402/402/402 395/395/395 1606/1606/1606
f 402/402/402 396/396/396 395/395/395
f 1615/1615/1615 352/352/352 1585/1585/1585
f 402/402/402 432/432/432 401/401/401
f 1610/1610/1610 1605/1605/1605 1600/1600/1600
f 1600/1600/1600 1605/1605/1605 1601/1601/1601
f 1620/1620/1620 1621/1621/1621 1617/1617/1617
f 1622/1622/1622 397/397/397 1620/1620/1620
f 405/405/405 1620/1620/1620 397/397/397
f 1611/1611/1611 1610/1610/1610 1600/1600/1600
f 390/390/390 403/403/403 393/393/393
f 1616/1616/1616 1581/1581/1581 1573/1573/1573
f 1604/1604/1604 1616/1616/1616 1573/1573/1573
f 827/827/827 825/825/825 1623/1623/1623
f 1624/1624/1624 393/393/393 403/403/403
f 20/20/20 1616/1616/1616 1604/1604/1604
f 827/827/827 1623/1623/1623 1625/1625/1625
f 1626/1626/1626 781/781/781 393/393/393
f 20/20/20 1615/1615/1615 1616/1616/1616
f 1626/1626/1626 393/393/393 1624/1624/1624
f 1627/1627/1627 1625/1625/1625 1623/1623/1623
f 1628/1628/1628 1615/1615/1615 20/20/20
f 781/781/781 779/779/779 393/393/393
f 1608/1608/1608 864/864/864 1627/1627/1627
f 827/827/827 616/616/616 606/606/606
f 859/859/859 827/827/827 1625/1625/1625
f 18/18/18 20/20/20 1604/1604/1604
f 1625/1625/1625 862/862/862 859/859/859
f 781/781/781 1629/1629/1629 803/803/803
f 859/859/859 616/616/616 827/827/827
f 604/604/604 636/636/636 608/608/608
f 1569/1569/1569 608/608/608 1630/1630/1630
f 1630/1630/1630 608/608/608 636/636/636
f 864/864/864 862/862/862 1627/1627/1627
f 1631/1631/1631 636/636/636 635/635/635
f 862/862/862 1625/1625/1625 1627/1627/1627
f 781/781/781 1626/1626/1626 1629/1629/1629
f 636/636/636 1631/1631/1631 1630/1630/1630
f 806/806/806 1627/1627/1627 1623/1623/1623
f 1569/1569/1569 1630/1630/1630 1570/1570/1570
f 1632/1632/1632 1633/1633/1633 925/925/925
f 806/806/806 1623/1623/1623 825/825/825
f 1627/1627/1627 806/806/806 1608/1608/1608
f 1634/1634/1634 1633/1633/1633 1632/1632/1632
f 1634/1634/1634 1635/1635/1635 1633/1633/1633
f 1630/1630/1630 1636/1636/1636 1570/1570/1570
f 1631/1631/1631 1636/1636/1636 1630/1630/1630
f 1610/1610/1610 1612/1612/1612 1608/1608/1608
f 1584/1584/1584 308/308/308 1582/1582/1582
f 1612/1612/1612 864/864/864 1608/1608/1608
f 1636/1636/1636 1631/1631/1631 1637/1637/1637
f 1563/1563/1563 1631/1631/1631 639/639/639
f 308/308/308 1584/1584/1584 379/379/379
f 869/869/869 1612/1612/1612 1638/1638/1638
f 1631/1631/1631 1563/1563/1563 1639/1639/1639
f 1612/1612/1612 1611/1611/1611 1638/1638/1638
f 1637/1637/1637 1631/1631/1631 1639/1639/1639
f 1584/1584/1584 1640/1640/1640 1641/1641/1641
f 1584/1584/1584 1641/1641/1641 379/379/379
f 412/412/412 379/379/379 1641/1641/1641
f 1642/1642/1642 412/412/412 1641/1641/1641
f 1596/1596/1596 1618/1618/1618 1643/1643/1643
f 864/864/864 1612/1612/1612 869/869/869
f 1583/1583/1583 1591/1591/1591 1584/1584/1584
f 1584/1584/1584 1591/1591/1591 1644/1644/1644
f 1640/1640/1640 1584/1584/1584 1644/1644/1644
f 1645/1645/1645 1641/1641/1641 1640/1640/1640
f 1639/1639/1639 1563/1563/1563 1565/1565/1565
f 759/759/759 1639/1639/1639 1565/1565/1565
f 1610/1610/1610 1608/1608/1608 1605/1605/1605
f 1597/1597/1597 1646/1646/1646 1599/1599/1599
f 1640/1640/1640 1644/1644/1644 1645/1645/1645
f 1647/1647/1647 1593/1593/1593 1570/1570/1570
f 1597/1597/1597 1596/1596/1596 1643/1643/1643
f 1643/1643/1643 1646/1646/1646 1597/1597/1597
f 808/808/808 1511/1511/1511 1517/1517/1517
f 1593/1593/1593 1647/1647/1647 1648/1648/1648
f 1646/1646/1646 1643/1643/1643 1649/1649/1649
f 1644/1644/1644 1650/1650/1650 1645/1645/1645
f 1651/1651/1651 1652/1652/1652 1653/1653/1653
f 1647/1647/1647 1570/1570/1570 1637/1637/1637
f 1570/1570/1570 1636/1636/1636 1637/1637/1637
f 1637/1637/1637 1654/1654/1654 1647/1647/1647
f 1517/1517/1517 1527/1527/1527 808/808/808
f 1594/1594/1594 1593/1593/1593 1648/1648/1648
f 1655/1655/1655 1626/1626/1626 1624/1624/1624
f 808/808/808 1527/1527/1527 1601/1601/1601
f 1642/1642/1642 404/404/404 412/412/412
f 1642/1642/1642 1624/1624/1624 404/404/404
f 1656/1656/1656 1647/1647/1647 1654/1654/1654
f 403/403/403 404/404/404 1624/1624/1624
f 1528/1528/1528 1613/1613/1613 1527/1527/1527
f 1626/1626/1626 1657/1657/1657 1629/1629/1629
f 1629/1629/1629 1657/1657/1657 1658/1658/1658
f 1594/1594/1594 1656/1656/1656 18/18/18
f 1657/1657/1657 1655/1655/1655 1659/1659/1659
f 21/21/21 18/18/18 1656/1656/1656
f 1618/1618/1618 1660/1660/1660 1643/1643/1643
f 1554/1554/1554 1661/1661/1661 1555/1555/1555
f 1662/1662/1662 1660/1660/1660 1618/1618/1618
f 1648/1648/1648 1647/1647/1647 1656/1656/1656
f 1663/1663/1663 1660/1660/1660 1662/1662/1662
f 33/33/33 21/21/21 1656/1656/1656
f 1656/1656/1656 40/40/40 33/33/33
f 1664/1664/1664 1663/1663/1663 1662/1662/1662
f 1637/1637/1637 1665/1665/1665 1654/1654/1654
f 1639/1639/1639 1665/1665/1665 1637/1637/1637
f 1617/1617/1617 1621/1621/1621 1618/1618/1618
f 1621/1621/1621 1662/1662/1662 1618/1618/1618
f 1621/1621/1621 1666/1666/1666 1662/1662/1662
f 759/759/759 1665/1665/1665 1639/1639/1639
f 410/410/410 1662/1662/1662 1666/1666/1666
f 1666/1666/1666 1620/1620/1620 405/405/405
f 405/405/405 410/410/410 1666/1666/1666
f 1667/1667/1667 911/911/911 1668/1668/1668
f 408/408/408 1669/1669/1669 410/410/410
f 910/910/910 1668/1668/1668 911/911/911
f 1670/1670/1670 1663/1663/1663 1664/1664/1664
f 1670/1670/1670 1671/1671/1671 1663/1663/1663
f 1656/1656/1656 1654/1654/1654 1672/1672/1672
f 1654/1654/1654 1665/1665/1665 1672/1672/1672
f 1670/1670/1670 1664/1664/1664 1673/1673/1673
f 759/759/759 1672/1672/1672 1665/1665/1665
f 1674/1674/1674 1670/1670/1670 1673/1673/1673
f 1675/1675/1675 1555/1555/1555 1661/1661/1661
f 1673/1673/1673 1664/1664/1664 410/410/410
f 40/40/40 1656/1656/1656 1672/1672/1672
f 1676/1676/1676 1673/1673/1673 410/410/410
f 1611/1611/1611 1560/1560/1560 1555/1555/1555
f 1674/1674/1674 1673/1673/1673 1676/1676/1676
f 1669/1669/1669 1676/1676/1676 410/410/410
f 1672/1672/1672 759/759/759 38/38/38
f 1555/1555/1555 1675/1675/1675 1611/1611/1611
f 40/40/40 1672/1672/1672 38/38/38
f 1677/1677/1677 1678/1678/1678 1679/1679/1679
f 33/33/33 40/40/40 43/43/43
f 1611/1611/1611 1675/1675/1675 1680/1680/1680
f 1681/1681/1681 1615/1615/1615 1628/1628/1628
f 1634/1634/1634 1679/1679/1679 1682/1682/1682
f 1682/1682/1682 1635/1635/1635 1634/1634/1634
f 352/352/352 1615/1615/1615 363/363/363
f 1568/1568/1568 933/933/933 936/936/936
f 1679/1679/1679 1683/1683/1683 1682/1682/1682
f 1681/1681/1681 363/363/363 1615/1615/1615
f 936/936/936 929/929/929 1667/1667/1667
f 1681/1681/1681 370/370/370 363/363/363
f 1667/1667/1667 1568/1568/1568 936/936/936
f 1679/1679/1679 1678/1678/1678 1683/1683/1683
f 1653/1653/1653 1683/1683/1683 1678/1678/1678
f 1671/1671/1671 1670/1670/1670 1682/1682/1682
f 911/911/911 1667/1667/1667 929/929/929
f 1670/1670/1670 1674/1674/1674 1682/1682/1682
f 1674/1674/1674 1635/1635/1635 1682/1682/1682
f 1635/1635/1635 1674/1674/1674 1684/1684/1684
f 419/419/419 1609/1609/1609 153/153/153
f 1609/1609/1609 419/419/419 432/432/432
f 964/964/964 866/866/866 875/875/875
f 1611/1611/1611 1680/1680/1680 1638/1638/1638
f 401/401/401 432/432/432 407/407/407
f 72/72/72 1628/1628/1628 20/20/20
f 433/433/433 407/407/407 432/432/432
f 72/72/72 20/20/20 65/65/65
f 1685/1685/1685 407/407/407 433/433/433
f 1534/1534/1534 1235/1235/1235 1540/1540/1540
f 1534/1534/1534 135/135/135 1235/1235/1235
f 1235/1235/1235 1251/1251/1251 1540/1540/1540
f 370/370/370 1628/1628/1628 72/72/72
f 444/444/444 1685/1685/1685 433/433/433
f 1628/1628/1628 370/370/370 1681/1681/1681
f 370/370/370 72/72/72 73/73/73
f 444/444/444 16/16/16 5/5/5
f 9/9/9 370/370/370 73/73/73
f 1633/1633/1633 926/926/926 925/925/925
f 9/9/9 73/73/73 7/7/7
f 1633/1633/1633 930/930/930 926/926/926
f 1669/1669/1669 408/408/408 481/481/481
f 1685/1685/1685 1686/1686/1686 481/481/481
f 409/409/409 407/407/407 1685/1685/1685
f 1685/1685/1685 481/481/481 409/409/409
f 481/481/481 1686/1686/1686 1687/1687/1687
f 1674/1674/1674 1687/1687/1687 1684/1684/1684
f 1676/1676/1676 1669/1669/1669 1674/1674/1674
f 1674/1674/1674 1669/1669/1669 1687/1687/1687
f 1687/1687/1687 1669/1669/1669 481/481/481
f 1685/1685/1685 444/444/444 1686/1686/1686
f 1686/1686/1686 5/5/5 1687/1687/1687
f 1635/1635/1635 930/930/930 1633/1633/1633
f 1684/1684/1684 930/930/930 1635/1635/1635
f 930/930/930 1684/1684/1684 1687/1687/1687
f 930/930/930 1687/1687/1687 42/42/42
f 930/930/930 42/42/42 36/36/36
f 1687/1687/1687 5/5/5 42/42/42
f 5/5/5 4/4/4 42/42/42
f 1686/1686/1686 444/444/444 5/5/5
f 5/5/5 16/16/16 6/6/6
f 1152/1152/1152 1477/1477/1477 1475/1475/1475
f 1539/1539/1539 1489/1489/1489 1481/1481/1481
f 1518/1518/1518 1512/1512/1512 1515/1515/1515
f 1512/1512/1512 1166/1166/1166 1153/1153/1153
f 1519/1519/1519 1510/1510/1510 1504/1504/1504
f 1212/1212/1212 1166/1166/1166 1518/1518/1518
f 1526/1526/1526 1524/1524/1524 1688/1688/1688
f 1491/1491/1491 1524/1524/1524 1526/1526/1526
f 1549/1549/1549 1514/1514/1514 1508/1508/1508
f 1549/1549/1549 1508/1508/1508 1519/1519/1519
f 1519/1519/1519 1559/1559/1559 1298/1298/1298
f 1537/1537/1537 1212/1212/1212 1515/1515/1515
f 1689/1689/1689 1519/1519/1519 1297/1297/1297
f 1689/1689/1689 1549/1549/1549 1519/1519/1519
f 1536/1536/1536 1546/1546/1546 1551/1551/1551
f 1537/1537/1537 1536/1536/1536 1551/1551/1551
f 1690/1690/1690 1489/1489/1489 1691/1691/1691
f 1691/1691/1691 1489/1489/1489 1539/1539/1539
f 146/146/146 183/183/183 155/155/155
f 1542/1542/1542 1690/1690/1690 1691/1691/1691
f 144/144/144 155/155/155 183/183/183
f 1541/1541/1541 1542/1542/1542 1691/1691/1691
f 155/155/155 144/144/144 143/143/143
f 139/139/139 142/142/142 163/163/163
f 1498/1498/1498 1538/1538/1538 1481/1481/1481
f 1538/1538/1538 1498/1498/1498 1514/1514/1514
f 1514/1514/1514 1549/1549/1549 1538/1538/1538
f 1691/1691/1691 1539/1539/1539 1538/1538/1538
f 142/142/142 164/164/164 163/163/163
f 1691/1691/1691 1538/1538/1538 1541/1541/1541
f 1614/1614/1614 1598/1598/1598 1587/1587/1587
f 1692/1692/1692 164/164/164 142/142/142
f 1693/1693/1693 164/164/164 1692/1692/1692
f 167/167/167 164/164/164 1693/1693/1693
f 49/49/49 214/214/214 938/938/938
f 202/202/202 232/232/232 211/211/211
f 1595/1595/1595 1617/1617/1617 1596/1596/1596
f 1351/1351/1351 1333/1333/1333 1335/1335/1335
f 150/150/150 225/225/225 142/142/142
f 1338/1338/1338 1112/1112/1112 1542/1542/1542
f 1338/1338/1338 1542/1542/1542 1339/1339/1339
f 214/214/214 49/49/49 48/48/48
f 397/397/397 1622/1622/1622 1617/1617/1617
f 1622/1622/1622 1620/1620/1620 1617/1617/1617
f 225/225/225 1694/1694/1694 142/142/142
f 1689/1689/1689 1547/1547/1547 1549/1549/1549
f 1695/1695/1695 1351/1351/1351 1547/1547/1547
f 204/204/204 27/27/27 34/34/34
f 31/31/31 204/204/204 48/48/48
f 1692/1692/1692 142/142/142 1694/1694/1694
f 1293/1293/1293 1547/1547/1547 1689/1689/1689
f 1694/1694/1694 1693/1693/1693 1692/1692/1692
f 1547/1547/1547 1351/1351/1351 1541/1541/1541
f 1643/1643/1643 1660/1660/1660 1696/1696/1696
f 1694/1694/1694 227/227/227 240/240/240
f 1335/1335/1335 1339/1339/1339 1351/1351/1351
f 1693/1693/1693 1694/1694/1694 1697/1697/1697
f 1645/1645/1645 1642/1642/1642 1641/1641/1641
f 1694/1694/1694 240/240/240 1697/1697/1697
f 1698/1698/1698 1693/1693/1693 1697/1697/1697
f 1649/1649/1649 1643/1643/1643 1696/1696/1696
f 1652/1652/1652 1649/1649/1649 1696/1696/1696
f 1696/1696/1696 1653/1653/1653 1652/1652/1652
f 1650/1650/1650 1699/1699/1699 1645/1645/1645
f 1700/1700/1700 1649/1649/1649 1652/1652/1652
f 1645/1645/1645 1699/1699/1699 1642/1642/1642
f 1699/1699/1699 1701/1701/1701 1642/1642/1642
f 1702/1702/1702 1701/1701/1701 1699/1699/1699
f 180/180/180 162/162/162 167/167/167
f 1626/1626/1626 1655/1655/1655 1657/1657/1657
f 1624/1624/1624 1642/1642/1642 1655/1655/1655
f 1659/1659/1659 1655/1655/1655 1642/1642/1642
f 1474/1474/1474 1489/1489/1489 1311/1311/1311
f 1701/1701/1701 1659/1659/1659 1642/1642/1642
f 1678/1678/1678 1651/1651/1651 1653/1653/1653
f 1690/1690/1690 1311/1311/1311 1489/1489/1489
f 1696/1696/1696 1660/1660/1660 1703/1703/1703
f 1653/1653/1653 1696/1696/1696 1703/1703/1703
f 1311/1311/1311 1690/1690/1690 1364/1364/1364
f 1703/1703/1703 1660/1660/1660 1663/1663/1663
f 201/201/201 188/188/188 187/187/187
f 1704/1704/1704 1364/1364/1364 1690/1690/1690
f 1703/1703/1703 1671/1671/1671 1653/1653/1653
f 1671/1671/1671 1703/1703/1703 1663/1663/1663
f 1704/1704/1704 1690/1690/1690 1542/1542/1542
f 1620/1620/1620 1666/1666/1666 1621/1621/1621
f 410/410/410 1664/1664/1664 1662/1662/1662
f 180/180/180 167/167/167 1693/1693/1693
f 1693/1693/1693 219/219/219 180/180/180
f 1112/1112/1112 1704/1704/1704 1542/1542/1542
f 1693/1693/1693 1698/1698/1698 219/219/219
f 180/180/180 219/219/219 187/187/187
f 1653/1653/1653 1671/1671/1671 1683/1683/1683
f 1682/1682/1682 1683/1683/1683 1671/1671/1671
f 1705/1705/1705 219/219/219 1698/1698/1698
f 1562/1562/1562 158/158/158 437/437/437
f 1705/1705/1705 217/217/217 219/219/219
f 300/300/300 217/217/217 1705/1705/1705
f 187/187/187 219/219/219 1706/1706/1706
f 187/187/187 1706/1706/1706 200/200/200
f 1706/1706/1706 219/219/219 218/218/218
f 218/218/218 319/319/319 1706/1706/1706
f 1593/1593/1593 1571/1571/1571 1570/1570/1570
f 1706/1706/1706 319/319/319 200/200/200
f 1694/1694/1694 225/225/225 227/227/227
f 436/436/436 430/430/430 428/428/428
f 239/239/239 250/250/250 240/240/240
f 415/415/415 441/441/441 442/442/442
f 1697/1697/1697 240/240/240 1698/1698/1698
f 261/261/261 1698/1698/1698 240/240/240
f 639/639/639 1631/1631/1631 635/635/635
f 1594/1594/1594 1648/1648/1648 1656/1656/1656
f 301/301/301 1705/1705/1705 1698/1698/1698
f 301/301/301 1698/1698/1698 261/261/261
f 301/301/301 300/300/300 1705/1705/1705
f 465/465/465 456/456/456 473/473/473
f 305/305/305 218/218/218 217/217/217
f 309/309/309 312/312/312 185/185/185
f 312/312/312 130/130/130 185/185/185
f 519/519/519 542/542/542 518/518/518
f 218/218/218 305/305/305 319/319/319
f 541/541/541 518/518/518 542/542/542
f 318/318/318 350/350/350 322/322/322
f 540/540/540 554/554/554 1707/1707/1707
f 540/540/540 1707/1707/1707 548/548/548
f 147/147/147 157/157/157 1708/1708/1708
f 313/313/313 293/293/293 294/294/294
f 1707/1707/1707 1240/1240/1240 1313/1313/1313
f 147/147/147 1708/1708/1708 148/148/148
f 168/168/168 1709/1709/1709 169/169/169
f 1709/1709/1709 1708/1708/1708 157/157/157
f 169/169/169 1709/1709/1709 157/157/157
f 284/284/284 320/320/320 285/285/285
f 209/209/209 1709/1709/1709 168/168/168
f 476/476/476 1710/1710/1710 581/581/581
f 476/476/476 474/474/474 1710/1710/1710
f 233/233/233 231/231/231 332/332/332
f 1711/1711/1711 209/209/209 168/168/168
f 1711/1711/1711 207/207/207 209/209/209
f 332/332/332 331/331/331 233/233/233
f 331/331/331 249/249/249 233/233/233
f 1712/1712/1712 588/588/588 589/589/589
f 1711/1711/1711 168/168/168 191/191/191
f 339/339/339 249/249/249 331/331/331
f 581/581/581 1710/1710/1710 589/589/589
f 464/464/464 198/198/198 459/459/459
f 580/580/580 424/424/424 476/476/476
f 461/461/461 459/459/459 193/193/193
f 580/580/580 428/428/428 424/424/424
f 319/319/319 322/322/322 200/200/200
f 249/249/249 339/339/339 252/252/252
f 191/191/191 168/168/168 170/170/170
f 190/190/190 1711/1711/1711 191/191/191
f 580/580/580 582/582/582 617/617/617
f 189/189/189 228/228/228 190/190/190
f 615/615/615 620/620/620 618/618/618
f 588/588/588 1712/1712/1712 631/631/631
f 210/210/210 213/213/213 208/208/208
f 582/582/582 581/581/581 588/588/588
f 582/582/582 588/588/588 609/609/609
f 1713/1713/1713 210/210/210 207/207/207
f 210/210/210 1713/1713/1713 1714/1714/1714
f 604/604/604 609/609/609 588/588/588
f 210/210/210 1714/1714/1714 212/212/212
f 582/582/582 609/609/609 615/615/615
f 615/615/615 618/618/618 582/582/582
f 151/151/151 138/138/138 212/212/212
f 212/212/212 140/140/140 871/871/871
f 151/151/151 212/212/212 1714/1714/1714
f 480/480/480 478/478/478 475/475/475
f 428/428/428 580/580/580 617/617/617
f 428/428/428 617/617/617 436/436/436
f 480/480/480 501/501/501 478/478/478
f 395/395/395 394/394/394 1598/1598/1598
f 394/394/394 1619/1619/1619 1598/1598/1598
f 618/618/618 617/617/617 582/582/582
f 399/399/399 396/396/396 401/401/401
f 486/486/486 482/482/482 322/322/322
f 621/621/621 434/434/434 618/618/618
f 1711/1711/1711 1713/1713/1713 207/207/207
f 229/229/229 1713/1713/1713 1711/1711/1711
f 1711/1711/1711 190/190/190 229/229/229
f 474/474/474 548/548/548 1710/1710/1710
f 548/548/548 589/589/589 1710/1710/1710
f 229/229/229 234/234/234 1713/1713/1713
f 548/548/548 1707/1707/1707 1715/1715/1715
f 234/234/234 1714/1714/1714 1713/1713/1713
f 1714/1714/1714 234/234/234 242/242/242
f 548/548/548 1715/1715/1715 589/589/589
f 1712/1712/1712 589/589/589 1715/1715/1715
f 631/631/631 1715/1715/1715 563/563/563
f 1712/1712/1712 1715/1715/1715 631/631/631
f 525/525/525 488/488/488 484/484/484
f 242/242/242 234/234/234 238/238/238
f 151/151/151 1714/1714/1714 245/245/245
f 1714/1714/1714 242/242/242 245/245/245
f 1716/1716/1716 480/480/480 492/492/492
f 563/563/563 1715/1715/1715 1707/1707/1707
f 245/245/245 150/150/150 151/151/151
f 1717/1717/1717 501/501/501 480/480/480
f 1716/1716/1716 1717/1717/1717 480/480/480
f 1707/1707/1707 564/564/564 563/563/563
f 1313/1313/1313 564/564/564 1707/1707/1707
f 525/525/525 1718/1718/1718 488/488/488
f 225/225/225 150/150/150 226/226/226
f 588/588/588 631/631/631 605/605/605
f 543/543/543 1718/1718/1718 525/525/525
f 1718/1718/1718 543/543/543 1719/1719/1719
f 494/494/494 479/479/479 478/478/478
f 636/636/636 605/605/605 635/635/635
f 501/501/501 1717/1717/1717 508/508/508
f 681/681/681 646/646/646 417/417/417
f 649/649/649 417/417/417 646/646/646
f 1305/1305/1305 504/504/504 506/506/506
f 1716/1716/1716 1720/1720/1720 1717/1717/1717
f 1721/1721/1721 1718/1718/1718 1719/1719/1719
f 511/511/511 508/508/508 1720/1720/1720
f 1720/1720/1720 508/508/508 1717/1717/1717
f 507/507/507 508/508/508 510/510/510
f 506/506/506 507/507/507 510/510/510
f 1305/1305/1305 506/506/506 514/514/514
f 515/515/515 514/514/514 506/506/506
f 511/511/511 510/510/510 508/508/508
f 603/603/603 590/590/590 597/597/597
f 515/515/515 506/506/506 510/510/510
f 500/500/500 499/499/499 504/504/504
f 504/504/504 1324/1324/1324 1559/1559/1559
f 353/353/353 486/486/486 322/322/322
f 350/350/350 353/353/353 322/322/322
f 486/486/486 353/353/353 484/484/484
f 484/484/484 353/353/353 355/355/355
f 721/721/721 722/722/722 748/748/748
f 741/741/741 748/748/748 751/751/751
f 527/527/527 543/543/543 525/525/525
f 766/766/766 722/722/722 756/756/756
f 765/765/765 756/756/756 709/709/709
f 766/766/766 748/748/748 722/722/722
f 768/768/768 748/748/748 766/766/766
f 561/561/561 552/552/552 560/560/560
f 561/561/561 560/560/560 678/678/678
f 682/682/682 678/678/678 560/560/560
f 175/175/175 104/104/104 768/768/768
f 546/546/546 1721/1721/1721 1719/1719/1719
f 543/543/543 546/546/546 1719/1719/1719
f 273/273/273 768/768/768 766/766/766
f 572/572/572 1721/1721/1721 546/546/546
f 675/675/675 423/423/423 783/783/783
f 674/674/674 423/423/423 675/675/675
f 600/600/600 601/601/601 550/550/550
f 809/809/809 815/815/815 708/708/708
f 606/606/606 600/600/600 595/595/595
f 595/595/595 591/591/591 447/447/447
f 732/732/732 479/479/479 494/494/494
f 1708/1708/1708 818/818/818 148/148/148
f 148/148/148 818/818/818 435/435/435
f 763/763/763 747/747/747 500/500/500
f 149/149/149 435/435/435 437/437/437
f 504/504/504 769/769/769 500/500/500
f 1559/1559/1559 761/761/761 769/769/769
f 1559/1559/1559 769/769/769 504/504/504
f 814/814/814 809/809/809 818/818/818
f 1708/1708/1708 814/814/814 818/818/818
f 829/829/829 814/814/814 1708/1708/1708
f 1708/1708/1708 1709/1709/1709 829/829/829
f 209/209/209 829/829/829 1709/1709/1709
f 209/209/209 208/208/208 829/829/829
f 647/647/647 74/74/74 649/649/649
f 183/183/183 649/649/649 74/74/74
f 146/146/146 649/649/649 183/183/183
f 744/744/744 739/739/739 737/737/737
f 940/940/940 967/967/967 937/937/937
f 967/967/967 940/940/940 1722/1722/1722
f 950/950/950 1722/1722/1722 940/940/940
f 950/950/950 954/954/954 1722/1722/1722
f 954/954/954 953/953/953 1722/1722/1722
f 953/953/953 967/967/967 1722/1722/1722
f 968/968/968 973/973/973 969/969/969
f 785/785/785 790/790/790 754/754/754
f 902/902/902 889/889/889 900/900/900
f 902/902/902 900/900/900 1723/1723/1723
f 1053/1053/1053 1724/1724/1724 1054/1054/1054
f 902/902/902 1723/1723/1723 1030/1030/1030
f 1007/1007/1007 977/977/977 973/973/973
f 1724/1724/1724 1008/1008/1008 1001/1001/1001
f 1724/1724/1724 1001/1001/1001 1021/1021/1021
f 1021/1021/1021 1054/1054/1054 1724/1724/1724
f 972/972/972 967/967/967 953/953/953
f 1084/1084/1084 1054/1054/1054 1021/1021/1021
f 819/819/819 813/813/813 821/821/821
f 1002/1002/1002 1004/1004/1004 999/999/999
f 1006/1006/1006 973/973/973 972/972/972
f 1724/1724/1724 1053/1053/1053 1167/1167/1167
f 1006/1006/1006 972/972/972 994/994/994
f 1006/1006/1006 994/994/994 1012/1012/1012
f 999/999/999 1003/1003/1003 1013/1013/1013
f 1028/1028/1028 1007/1007/1007 1006/1006/1006
f 1012/1012/1012 999/999/999 1014/1014/1014
f 1015/1015/1015 1032/1032/1032 1014/1014/1014
f 1032/1032/1032 1012/1012/1012 1014/1014/1014
f 950/950/950 253/253/253 357/357/357
f 954/954/954 950/950/950 1056/1056/1056
f 1076/1076/1076 1064/1064/1064 1075/1075/1075
f 1075/1075/1075 1057/1057/1057 1070/1070/1070
f 1118/1118/1118 1090/1090/1090 1089/1089/1089
f 1064/1064/1064 1076/1076/1076 1080/1080/1080
f 1140/1140/1140 1082/1082/1082 1090/1090/1090
f 392/392/392 391/391/391 1071/1071/1071
f 1080/1080/1080 997/997/997 1064/1064/1064
f 1080/1080/1080 993/993/993 997/997/997
f 1080/1080/1080 1002/1002/1002 993/993/993
f 1411/1411/1411 1196/1196/1196 1208/1208/1208
f 1132/1132/1132 1118/1118/1118 1121/1121/1121
f 1013/1013/1013 1082/1082/1082 1140/1140/1140
f 1118/1118/1118 1140/1140/1140 1090/1090/1090
f 1132/1132/1132 1140/1140/1140 1118/1118/1118
f 1459/1459/1459 1725/1725/1725 1726/1726/1726
f 1725/1725/1725 1727/1727/1727 1726/1726/1726
f 1242/1242/1242 1241/1241/1241 1236/1236/1236
f 845/845/845 1148/1148/1148 1164/1164/1164
f 839/839/839 845/845/845 1164/1164/1164
f 1164/1164/1164 838/838/838 839/839/839
f 1247/1247/1247 1238/1238/1238 1271/1271/1271
f 1130/1130/1130 1138/1138/1138 1129/1129/1129
f 1148/1148/1148 845/845/845 1176/1176/1176
f 1003/1003/1003 1082/1082/1082 1013/1013/1013
f 1469/1469/1469 1258/1258/1258 1257/1257/1257
f 1253/1253/1253 1254/1254/1254 1263/1263/1263
f 1305/1305/1305 1324/1324/1324 504/504/504
f 1298/1298/1298 1559/1559/1559 1324/1324/1324
f 1270/1270/1270 1250/1250/1250 1321/1321/1321
f 1321/1321/1321 1250/1250/1250 1263/1263/1263
f 1296/1296/1296 1689/1689/1689 1297/1297/1297
f 1301/1301/1301 1254/1254/1254 1276/1276/1276
f 1296/1296/1296 1293/1293/1293 1689/1689/1689
f 1301/1301/1301 1276/1276/1276 1287/1287/1287
f 1300/1300/1300 1294/1294/1294 1293/1293/1293
f 1324/1324/1324 1296/1296/1296 1298/1298/1298
f 1296/1296/1296 1300/1300/1300 1293/1293/1293
f 1304/1304/1304 1324/1324/1324 1305/1305/1305
f 1285/1285/1285 1229/1229/1229 1230/1230/1230
f 1304/1304/1304 1315/1315/1315 1324/1324/1324
f 1707/1707/1707 554/554/554 1240/1240/1240
f 1302/1302/1302 1301/1301/1301 1287/1287/1287
f 1313/1313/1313 1240/1240/1240 1278/1278/1278
f 1728/1728/1728 1321/1321/1321 1263/1263/1263
f 1728/1728/1728 1263/1263/1263 1302/1302/1302
f 1281/1281/1281 1252/1252/1252 1275/1275/1275
f 1729/1729/1729 1372/1372/1372 1302/1302/1302
f 1282/1282/1282 1318/1318/1318 1278/1278/1278
f 1334/1334/1334 1338/1338/1338 1335/1335/1335
f 1729/1729/1729 1302/1302/1302 1287/1287/1287
f 1311/1311/1311 1729/1729/1729 1287/1287/1287
f 1282/1282/1282 1281/1281/1281 1730/1730/1730
f 1730/1730/1730 1317/1317/1317 1282/1282/1282
f 1345/1345/1345 1333/1333/1333 1350/1350/1350
f 1293/1293/1293 1695/1695/1695 1547/1547/1547
f 1730/1730/1730 1281/1281/1281 1275/1275/1275
f 1351/1351/1351 1695/1695/1695 1350/1350/1350
f 1272/1272/1272 1265/1265/1265 1286/1286/1286
f 1275/1275/1275 1272/1272/1272 1289/1289/1289
f 1350/1350/1350 1695/1695/1695 1293/1293/1293
f 1293/1293/1293 1295/1295/1295 1350/1350/1350
f 1321/1321/1321 1370/1370/1370 1320/1320/1320
f 1275/1275/1275 1291/1291/1291 1730/1730/1730
f 1326/1326/1326 1320/1320/1320 1328/1328/1328
f 1730/1730/1730 1291/1291/1291 1731/1731/1731
f 1320/1320/1320 1370/1370/1370 1328/1328/1328
f 1731/1731/1731 1291/1291/1291 1290/1290/1290
f 1731/1731/1731 1290/1290/1290 1732/1732/1732
f 1371/1371/1371 1369/1369/1369 849/849/849
f 1733/1733/1733 1731/1731/1731 1732/1732/1732
f 1734/1734/1734 1733/1733/1733 1732/1732/1732
f 1346/1346/1346 1260/1260/1260 1259/1259/1259
f 1270/1270/1270 1346/1346/1346 1259/1259/1259
f 1341/1341/1341 1260/1260/1260 1346/1346/1346
f 1313/1313/1313 1278/1278/1278 1318/1318/1318
f 1306/1306/1306 1313/1313/1313 1318/1318/1318
f 566/566/566 564/564/564 1306/1306/1306
f 1370/1370/1370 1728/1728/1728 1372/1372/1372
f 1370/1370/1370 1321/1321/1321 1728/1728/1728
f 1325/1325/1325 1318/1318/1318 1317/1317/1317
f 1728/1728/1728 1302/1302/1302 1372/1372/1372
f 1337/1337/1337 1317/1317/1317 1735/1735/1735
f 1088/1088/1088 1370/1370/1370 1372/1372/1372
f 1325/1325/1325 1317/1317/1317 1337/1337/1337
f 1362/1362/1362 1311/1311/1311 1364/1364/1364
f 1363/1363/1363 1729/1729/1729 1311/1311/1311
f 1317/1317/1317 1730/1730/1730 1735/1735/1735
f 1372/1372/1372 1729/1729/1729 1373/1373/1373
f 1735/1735/1735 1730/1730/1730 1353/1353/1353
f 1353/1353/1353 1352/1352/1352 1735/1735/1735
f 1337/1337/1337 1355/1355/1355 1336/1336/1336
f 1355/1355/1355 1337/1337/1337 1735/1735/1735
f 1735/1735/1735 1352/1352/1352 1355/1355/1355
f 1363/1363/1363 1373/1373/1373 1729/1729/1729
f 1730/1730/1730 1731/1731/1731 1353/1353/1353
f 1353/1353/1353 1731/1731/1731 1367/1367/1367
f 1363/1363/1363 1364/1364/1364 1377/1377/1377
f 1377/1377/1377 1364/1364/1364 1704/1704/1704
f 1733/1733/1733 1734/1734/1734 1736/1736/1736
f 1377/1377/1377 1704/1704/1704 1112/1112/1112
f 1731/1731/1731 1733/1733/1733 1737/1737/1737
f 1737/1737/1737 1733/1733/1733 1736/1736/1736
f 1367/1367/1367 1731/1731/1731 1737/1737/1737
f 1368/1368/1368 1367/1367/1367 1737/1737/1737
f 1375/1375/1375 1737/1737/1737 1736/1736/1736
f 1737/1737/1737 1375/1375/1375 1368/1368/1368
f 1411/1411/1411 1208/1208/1208 1209/1209/1209
f 1411/1411/1411 1209/1209/1209 1397/1397/1397
f 793/793/793 789/789/789 1352/1352/1352
f 1354/1354/1354 1367/1367/1367 1366/1366/1366
f 1367/1367/1367 1354/1354/1354 1353/1353/1353
f 1397/1397/1397 1209/1209/1209 1188/1188/1188
f 1397/1397/1397 1401/1401/1401 1408/1408/1408
f 1435/1435/1435 1393/1393/1393 1417/1417/1417
f 1032/1032/1032 1400/1400/1400 1012/1012/1012
f 1386/1386/1386 1400/1400/1400 1387/1387/1387
f 1286/1286/1286 1384/1384/1384 1738/1738/1738
f 1738/1738/1738 1290/1290/1290 1286/1286/1286
f 1732/1732/1732 1290/1290/1290 1738/1738/1738
f 1384/1384/1384 1391/1391/1391 1739/1739/1739
f 1739/1739/1739 1738/1738/1738 1384/1384/1384
f 1732/1732/1732 1738/1738/1738 1739/1739/1739
f 1740/1740/1740 1739/1739/1739 1391/1391/1391
f 1391/1391/1391 1394/1394/1394 1741/1741/1741
f 1420/1420/1420 1393/1393/1393 1435/1435/1435
f 1394/1394/1394 1420/1420/1420 1742/1742/1742
f 1739/1739/1739 1734/1734/1734 1732/1732/1732
f 1743/1743/1743 1739/1739/1739 1740/1740/1740
f 1743/1743/1743 1734/1734/1734 1739/1739/1739
f 1740/1740/1740 1391/1391/1391 1741/1741/1741
f 1394/1394/1394 1742/1742/1742 1741/1741/1741
f 1741/1741/1741 1742/1742/1742 1744/1744/1744
f 1745/1745/1745 1741/1741/1741 1744/1744/1744
f 1422/1422/1422 1734/1734/1734 1743/1743/1743
f 1422/1422/1422 1736/1736/1736 1734/1734/1734
f 1423/1423/1423 1422/1422/1422 1743/1743/1743
f 1743/1743/1743 1740/1740/1740 1741/1741/1741
f 1743/1743/1743 1741/1741/1741 1423/1423/1423
f 1745/1745/1745 1423/1423/1423 1741/1741/1741
f 1375/1375/1375 1736/1736/1736 1422/1422/1422
f 1423/1423/1423 1745/1745/1745 1424/1424/1424
f 1422/1422/1422 1423/1423/1423 1035/1035/1035
f 1406/1406/1406 1048/1048/1048 1418/1418/1418
f 1417/1417/1417 1418/1418/1418 1435/1435/1435
f 1446/1446/1446 1442/1442/1442 1434/1434/1434
f 1435/1435/1435 1742/1742/1742 1420/1420/1420
f 1744/1744/1744 1742/1742/1742 1435/1435/1435
f 1744/1744/1744 1435/1435/1435 1472/1472/1472
f 1746/1746/1746 1435/1435/1435 1434/1434/1434
f 1442/1442/1442 1746/1746/1746 1434/1434/1434
f 1472/1472/1472 1435/1435/1435 1746/1746/1746
f 1441/1441/1441 1472/1472/1472 1746/1746/1746
f 1441/1441/1441 1746/1746/1746 1442/1442/1442
f 1472/1472/1472 1441/1441/1441 1470/1470/1470
f 1442/1442/1442 1461/1461/1461 1490/1490/1490
f 1440/1440/1440 1442/1442/1442 1490/1490/1490
f 1462/1462/1462 1446/1446/1446 1217/1217/1217
f 1217/1217/1217 1457/1457/1457 1462/1462/1462
f 1462/1462/1462 1457/1457/1457 1747/1747/1747
f 1228/1228/1228 1131/1131/1131 1459/1459/1459
f 1459/1459/1459 1131/1131/1131 1233/1233/1233
f 1726/1726/1726 1747/1747/1747 1457/1457/1457
f 1726/1726/1726 1748/1748/1748 1747/1747/1747
f 1457/1457/1457 1459/1459/1459 1726/1726/1726
f 1442/1442/1442 1446/1446/1446 1461/1461/1461
f 1461/1461/1461 1462/1462/1462 1747/1747/1747
f 1490/1490/1490 1461/1461/1461 1524/1524/1524
f 1524/1524/1524 1461/1461/1461 1749/1749/1749
f 1461/1461/1461 1747/1747/1747 1748/1748/1748
f 1748/1748/1748 1749/1749/1749 1461/1461/1461
f 1726/1726/1726 1727/1727/1727 1748/1748/1748
f 1749/1749/1749 1688/1688/1688 1524/1524/1524
f 1469/1469/1469 1342/1342/1342 1467/1467/1467
f 1257/1257/1257 1340/1340/1340 1469/1469/1469
f 1340/1340/1340 1342/1342/1342 1469/1469/1469
f 1471/1471/1471 1424/1424/1424 1745/1745/1745
f 1744/1744/1744 1472/1472/1472 1745/1745/1745
f 1471/1471/1471 1745/1745/1745 1472/1472/1472
f 1477/1477/1477 1424/1424/1424 1471/1471/1471
