mtllib 007_tuna_fish_can.mtl
o 007_tuna_fish_can
usemtl ycb_007_tuna_fish_can_material
v -0.0469620004 -0.0241960008 0.000760999974
v -0.046813 -0.0217519999 0.000621000014
v -0.043265 -0.0270750001 0.000475000008
v -0.0424580015 -0.053904999 -0.00257500005
v -0.0441710018 -0.0577679984 -0.00285000005
v -0.0447839983 -0.0535859987 -0.00291200005
v -0.0415709987 -0.0408510007 -0.000262999994
v -0.0407660007 -0.0448019989 -0.000211000006
v -0.0440389998 -0.0422200002 -0.000246000011
v -0.0536659993 -0.0505230017 -0.00296499999
v -0.0527190007 -0.0477499999 -0.002844
v -0.0486029983 -0.051213 -0.0028299999
v -0.045818001 -0.039526999 -0.000216999993
v -0.040674001 -0.0395499989 -0.000109000001
v -0.0422040001 -0.0480149984 -0.00109899999
v -0.0388079993 -0.0500749983 -0.00109300006
v -0.0439199992 -0.0509800017 5.40000001e-05
v -0.0391199999 -0.0581139997 -0.00293199997
v -0.0384170003 -0.0560869984 -0.00281099998
v -0.0403739996 -0.0221059993 0.00123000005
v -0.0371339992 -0.0208160002 0.000986000057
v -0.0384670012 -0.0260310005 0.00100199995
v -0.0304189995 -0.044321999 -0.000146000006
v -0.0340749994 -0.0484250002 -0.000425000006
v -0.0343130007 -0.0455109999 -0.000255999999
v -0.0627389997 -0.0242170002 -0.00301299989
v -0.0637539998 -0.0276389997 -0.00274499995
v -0.064067997 -0.0213779993 -0.00261799991
v -0.0485460013 -0.0241700001 -0.000218000001
v -0.0530520007 -0.0261129998 -0.000193999993
v -0.0512589999 -0.0211360008 -0.000224000003
v -0.0669229999 -0.0150870001 0.000172
v -0.0663850009 -0.0120000001 -0.000949000008
v -0.0673720017 -0.0167319998 -0.000823999988
v -0.054423999 -0.0519130006 -0.002018
v -0.0588629991 -0.0474740006 -0.00113400002
v -0.0595659986 -0.0456300005 -0.0023070001
v -0.0309110004 -0.0479359999 -0.000321
v -0.0664229989 -0.0116750002 0.000308999995
v -0.0591499992 -0.0480969995 0.00092000002
v -0.0576420017 -0.0494050011 0.000277000014
v -0.0564429983 -0.0512280017 0.00105199998
v -0.0677520037 -0.0167059992 0.000851000019
v -0.0331940018 -0.0433770008 -0.000102999998
v -0.0660059974 -0.00893300027 0.000837000029
v -0.0598889999 -0.0471209995 0.00879700016
v -0.0563790016 -0.0513829999 0.00813200045
v -0.0254939999 -0.0492860004 -0.000345999986
v -0.066767998 -0.0253769998 -0.00267000007
v -0.0654949993 -0.0283630006 -0.00288999989
v -0.065004997 -0.0338849984 -0.0027350001
v -0.0276050009 -0.0444499999 -0.000123000005
v -0.0669180006 -0.0301450007 -0.00090699998
v -0.0622639991 -0.0434579998 0.00103199994
v -0.0310319997 -0.0427399985 0.000410000008
v -0.0337559991 -0.0420860015 0.00039500001
v -0.0572529994 -0.0501619987 0.0190830007
v -0.0603279993 -0.0308640003 -0.00179100002
v -0.0615950003 -0.0317570008 -0.002874
v -0.062252 -0.0292850006 -0.00302399998
v -0.0626699999 -0.0270339996 -0.00282700011
v -0.0609400012 -0.0275270008 -0.001544
v -0.0266910009 -0.0428159982 0.000445999991
v -0.0240669996 -0.0449770018 -0.00029299999
v -0.0307909995 -0.0409049988 0.000434999994
v -0.0534159988 -0.0541380011 0.0148550002
v -0.0463239998 -0.0576709993 -0.00226900005
v -0.0488549992 -0.0555329993 -0.00281900004
v -0.0615070015 -0.0239630006 -0.00202400004
v -0.0376779996 -0.0346359983 0.000345000008
v -0.0365509987 -0.0390379988 0.000523999974
v -0.0401110016 -0.0378190018 0.000492000021
v -0.0426970012 -0.0606109984 0.00983200036
v -0.0473930016 -0.0582959987 0.013084
v -0.0451820008 -0.0595970005 0.00108800002
v -0.0391569994 -0.0356720015 0.000578999985
v -0.0524910018 -0.0302070007 -0.000410999986
v -0.054237999 -0.0342230015 -0.00108700001
v -0.0548209995 -0.0315859988 -0.00117099995
v -0.0512700006 -0.0342940018 -0.000478000002
v -0.035836 -0.0367049985 0.000349000009
v -0.0308400001 -0.0383009985 0.000310000003
v -0.0584920011 -0.0320280008 0.000203999996
v -0.060552001 -0.0272950009 -0.000452000007
v -0.0592789985 -0.0281300005 0.000307999988
v -0.0569560006 -0.0283509996 -0.000711000001
v -0.036040999 -0.0343829989 0.000536000007
v -0.032407999 -0.0347860008 0.000958000019
v -0.0554089993 -0.0279629994 -0.00103000004
v -0.0563319996 -0.0232260004 -0.00108800002
v -0.0584609993 -0.0219250005 -0.000354999996
v -0.0559780002 -0.0254379995 -0.001192
v -0.0507580005 -0.0533500016 -0.00297600008
v -0.0515680015 -0.0544160008 -0.00193400006
v -0.0243510008 -0.0385700017 0.000243999995
v -0.0537390001 -0.0539450012 0.000898999977
v -0.0506689996 -0.0558280014 0.000296999991
v -0.0626439974 -0.021156 -0.00306000002
v -0.0542399995 -0.0236740001 -0.000614000019
v -0.0554689988 -0.0215409994 -0.00101999997
v -0.0254129991 -0.0369030014 0.000887000002
v -0.0569990017 -0.0469449982 -0.00293099997
v -0.053075999 -0.0209449995 -8.80000007e-05
v -0.0675479993 -0.0278820004 0.000624999986
v -0.0268270001 -0.0327330008 0.00100599998
v -0.0227359999 -0.0360700004 0.000900999992
v -0.0674939975 -0.0218330007 -0.00210299995
v -0.0402290002 -0.0616770014 0.0218049996
v -0.0502189994 -0.0565630011 0.0166410003
v -0.0509429984 -0.0561189987 0.00971200038
v -0.0348059982 -0.0314599983 0.00103199994
v -0.0597900003 -0.0255839992 0.000262999994
v -0.0603259988 -0.0237659998 6.19999992e-05
v -0.0608169995 -0.0219330005 -0.000413000002
v -0.0446540006 -0.0592419989 -0.000853999984
v -0.0490499996 -0.0573650002 0.000898000028
v -0.0269920006 -0.0265670009 0.001085
v -0.0258479994 -0.0288260002 0.00102900004
v -0.0425980017 -0.0607049987 0.000930999988
v -0.0213280004 -0.0322210006 0.000895000005
v -0.0457080007 -0.0592279993 0.0219359994
v -0.0505569987 -0.0562870018 0.0225530006
v -0.0439199992 -0.0509800017 5.40000001e-05
v -0.0232730005 -0.0276250001 0.00107200001
v -0.0525229983 -0.0547679998 0.00269200001
v -0.0543790013 -0.0531589985 0.0215789992
v -0.0624740012 -0.0174930003 -0.00289599993
v -0.0532459989 -0.0418899991 8.19999987e-05
v -0.0540100001 -0.0426639989 -0.000870999997
v -0.0558900014 -0.040341001 -0.000654999982
v -0.0524789989 -0.043618001 6.19999992e-05
v -0.0610009991 -0.0179619994 -0.00170499994
v -0.0597909987 -0.0205649994 0.00026999999
v -0.0603669994 -0.0185889993 -5.90000018e-05
v -0.038098 -0.0623809993 0.0097009996
v -0.0594820008 -0.0176490005 0.000184999997
v -0.0374910012 -0.0619670004 -0.000995000009
v -0.0387200005 -0.0617460012 0.000468000013
v -0.0514959991 -0.0394160002 -0.000976999989
v -0.0553110018 -0.0384609997 7.20000025e-05
v -0.0523569994 -0.0366309993 -0.00115000003
v -0.0371350013 -0.0625810027 0.000958000019
v -0.0318839997 -0.0633819997 1.49999996e-05
v -0.0617339984 -0.0128429998 -0.00290900003
v -0.0608029999 -0.0138029996 -0.00222499995
v -0.0487429984 -0.0426150002 -0.000983000034
v -0.0495540015 -0.0390620008 -0.000953999988
v -0.0293349996 -0.0640330017 0.000988999964
v -0.0330130011 -0.0635889992 0.00438900013
v -0.0406319983 -0.060343001 -0.00219299993
v -0.0353710018 -0.0611830018 -0.00285400008
v -0.0342499986 -0.0623509996 -0.00193499995
v -0.0599140003 -0.0159050003 5.60000008e-05
v -0.0356729999 -0.0576339997 -0.00288200006
v -0.0564659983 -0.0194959994 -0.00105099997
v -0.0487350002 -0.0376669988 -0.000312999997
v -0.0471380018 -0.0377090015 -0.000125999999
v -0.0501299985 -0.0346679986 -1.20000004e-05
v -0.0487250015 -0.0346379988 -0.000213000007
v -0.0597889982 -0.0422069989 -0.00293800002
v -0.0457759984 -0.0366239995 -0.000186000005
v -0.0612579994 -0.0420730002 -0.00263
v -0.0556039996 -0.0161240008 -0.00111299998
v -0.0528849997 -0.018406 -0.000138999996
v -0.0557530001 -0.0440139994 -0.00278099999
v -0.0582260005 -0.0409029983 -0.00289099989
v -0.044964999 -0.0356450006 -0.000539999979
v -0.0438090004 -0.037269 -0.000268000003
v -0.0557530001 -0.0440139994 -0.00278099999
v -0.0582260005 -0.0409029983 -0.00289099989
v -0.0573769994 -0.0390289985 -0.00213599997
v -0.0479639992 -0.0175899994 -0.000222000002
v -0.0515220016 -0.0312829986 1.80000006e-05
v -0.0645089969 -0.0378590003 -0.000942000013
v -0.0631380007 -0.0389470011 -0.00253499998
v -0.0619609989 -0.0427660011 -0.00133300002
v -0.0477330014 -0.0299980007 -0.000257999985
v -0.0459790006 -0.0334590003 -0.000197000001
v -0.0478739999 -0.0498090014 -0.00164200005
v -0.0643059984 -0.0394870006 0.00103799999
v -0.0660770014 -0.0351460017 0.00105099997
v -0.0650010034 -0.036993999 0.000448000006
v -0.0381029993 -0.055013001 -0.00153300003
v -0.050813999 -0.0470050015 -0.00145500002
v -0.0613760017 -0.0442110002 0.000284999987
v -0.0327100009 -0.0610059984 -0.00300300005
v -0.052641999 -0.0274320003 -1.99999995e-05
v -0.0499159992 -0.0458629988 9.2000002e-05
v -0.050627999 -0.0459109992 -0.000127000007
v -0.051008001 -0.0278890003 -0.000236000007
v -0.0301590003 -0.0624109991 -0.00276700011
v -0.0460259989 -0.0452390015 -0.00110899995
v -0.0279890001 -0.0629940033 -0.00245500007
v -0.0282920003 -0.0613930002 -0.00300100003
v -0.0477119982 -0.0288800001 -0.000402000005
v -0.0612579994 -0.0420730002 -0.00263
v -0.0614480004 -0.0379760005 -0.00285000005
v -0.0597889982 -0.0422069989 -0.00293800002
v -0.0477619991 -0.0268959999 -0.000165999998
v -0.0631380007 -0.0389470011 -0.00253499998
v -0.0410789996 -0.0525959991 9.00000032e-06
v -0.0465600006 -0.0490159988 0.000138999996
v -0.0454600006 -0.0501639992 -2.7e-05
v -0.0478739999 -0.0498090014 -0.00164200005
v -0.0463929996 -0.0267280005 0.000801999995
v -0.0325190015 -0.0582979992 -0.00291500008
v -0.045584999 -0.0294630006 0.000905999972
v -0.0343860015 -0.0570150018 -0.00252200011
v -0.043393001 -0.0357029997 -4.89999984e-05
v -0.0317220017 -0.0566379987 -0.001483
v -0.0416290015 -0.0468010008 -0.000895000005
v -0.0439470001 -0.0334319994 0.000606000016
v -0.0424100012 -0.0356400013 0.000517999986
v -0.050813999 -0.0470050015 -0.00145500002
v -0.0279140007 -0.0579520017 -0.00264200009
v -0.0398380011 -0.0321229994 0.000421000004
v -0.0625760034 -0.0360490009 -0.00298999995
v -0.0436699986 -0.0310919993 0.000589000003
v -0.0461350009 -0.0428230017 -0.000768999977
v -0.0618010014 -0.0332829989 -0.00286199991
v -0.0645089969 -0.0378590003 -0.000942000013
v -0.0660730004 -0.0337940007 -0.000121999998
v -0.0650010034 -0.036993999 0.000448000006
v -0.0420110002 -0.0266459994 0.000186000005
v -0.0389639996 -0.0313789994 0.00054400001
v -0.0660770014 -0.0351460017 0.00105099997
v -0.0598580018 -0.0372520015 -0.00294100004
v -0.0486579984 -0.0215530004 -0.000299000007
v -0.0595749989 -0.0339610018 -0.00203799992
v -0.0469059981 -0.0202750005 0.000732999993
v -0.0434090011 -0.0231090002 0.000423999998
v -0.0344940014 -0.063281998 0.0102120005
v -0.0563969985 -0.0371619985 0.000364000007
v -0.0460469984 -0.0194569994 0.000661000027
v -0.0426630005 -0.0196940005 0.000322999986
v -0.0365110002 -0.0544570014 0.000157000002
v -0.0317220017 -0.0566379987 -0.001483
v -0.0381029993 -0.055013001 -0.00153300003
v -0.0336339995 -0.0522640012 -0.001024
v -0.0339750014 -0.0547350012 5.29999998e-05
v -0.0327490009 -0.055399999 4.09999993e-05
v -0.0387590006 -0.0289699994 0.00129100005
v -0.0313749984 -0.0518409982 -0.00120499998
v -0.0370270014 -0.0317980014 0.00106000004
v -0.0581390001 -0.0340010002 0.000138999996
v -0.0396710001 -0.0265769996 0.00119700003
v -0.0297630001 -0.0560780019 -0.000169999999
v -0.0286589991 -0.0557920001 0.000118000004
v -0.0284059998 -0.0524870008 -0.00124799996
v -0.0393519998 -0.0535219982 6.80000012e-05
v -0.0424580015 -0.053904999 -0.00257500005
v -0.0423460007 -0.0245859995 0.000272000005
v -0.0372910015 -0.0490429997 -0.000921000028
v -0.0425079986 -0.0231010001 4.50000007e-05
v -0.0421480015 -0.0208449997 0.000169999999
v -0.0403550006 -0.0244629998 0.00121599995
v -0.0410789996 -0.0525959991 9.00000032e-06
v -0.0657370016 -0.0361320004 0.0115550002
v -0.0323130004 -0.0282710008 0.00103599997
v -0.0671449974 -0.0306030009 0.0111959996
v -0.0374599993 -0.0474979989 -0.000404999999
v -0.0303269997 -0.0246430002 0.00109300006
v -0.0359000005 -0.0423819982 -6.90000015e-05
v -0.0670460016 -0.0198749993 -0.00249699992
v -0.0386070013 -0.0402639993 -1.99999999e-06
v -0.0678239986 -0.0200510006 4.70000014e-05
v -0.0370290019 -0.0408609994 0.00033499999
v -0.0680859983 -0.0235719997 0.000844000024
v -0.0681769997 -0.0204050001 0.000893999997
v -0.0656379983 -0.0136099998 -0.00288200006
v -0.0663190037 -0.0143900001 -0.00264000008
v -0.0279140007 -0.0579520017 -0.00264200009
v -0.00548100006 -0.0529929996 0.0269019995
v -0.0112849995 -0.0553879999 0.0265660007
v -0.00884800032 -0.0562129989 0.0276350006
v -0.00615399983 -0.054632999 0.0276059993
v -0.0212689992 -0.0487640016 -0.000429999985
v -0.0235849991 -0.0584390014 -0.00286499993
v -0.0224830005 -0.0618270002 -0.00290600001
v -0.0243529994 -0.0594789982 -0.00298000011
v -0.0146350004 -0.0497869998 0.0268649999
v -0.0171029996 -0.0527339987 0.0263190009
v -0.0126510002 -0.0511839986 0.026323
v -0.0214310009 -0.0587549992 -0.00293800002
v -0.0211650003 -0.060194999 -0.00304599991
v -0.0211650003 -0.060194999 -0.00304599991
v -0.0212110002 -0.0592710003 -0.00296199997
v -0.0212660003 -0.0592649989 -0.00297300005
v -0.0212110002 -0.0592710003 -0.00296199997
v -0.0212110002 -0.0592710003 -0.00296199997
v -0.0212660003 -0.0592649989 -0.00297300005
v -0.0212110002 -0.0592710003 -0.00296199997
v -0.0211650003 -0.060194999 -0.00304599991
v -0.0212110002 -0.0592710003 -0.00296199997
v -0.0203610007 -0.0579699986 -0.00288100005
v -0.0212110002 -0.0592710003 -0.00296199997
v -0.0214310009 -0.0587549992 -0.00293800002
v -0.0203610007 -0.0579699986 -0.00288100005
v -0.00911800005 -0.0493259989 0.026416
v -0.0106309997 -0.052189 0.0271339994
v -0.00845799968 -0.0520489998 0.0271359999
v -0.0048179999 -0.0517159998 0.0265870001
v -0.00178599998 -0.0485039987 0.0267120004
v -0.0177250002 -0.0579829998 -0.00294500007
v -0.0171969999 -0.0608609989 -0.00297800009
v -0.0198090002 -0.0436360016 -0.000245000003
v -0.00376400002 -0.0480599999 0.0271879993
v -0.0182559993 -0.0460899994 -0.000341000006
v -0.0113850003 -0.0477520004 0.0268319994
v -0.00153200002 -0.0512589999 0.0276100002
v 0.000582000008 -0.0445009992 0.0270550009
v -0.00605100021 -0.0491149984 0.0270240009
v -0.00786599983 -0.0537259988 -0.00291300006
v -0.0106229996 -0.0570360012 -0.00293099997
v -0.0100809997 -0.0550029986 -0.00292299991
v -0.0132010002 -0.0464439988 0.0263030007
v -0.00514899986 -0.0558339991 -0.00306500006
v -0.00254200003 -0.0443199985 0.0265389998
v -0.000599000021 -0.0441269986 0.0271000005
v -0.0229969993 -0.042332001 0.000469999999
v -0.0196790006 -0.0416919999 0.000339999999
v -0.0256660003 -0.0586099997 -0.00291900011
v -0.0211759992 -0.0371990018 0.000283000001
v -0.00856400002 -0.0460299999 0.0268670004
v -0.0305209998 -0.0580900013 0.0265790001
v -0.0261320006 -0.0589589998 0.0266389996
v -0.0233570002 -0.0582690015 0.0265679993
v -0.0151140001 -0.0396789983 0.000380000012
v -0.0186620001 -0.0377320014 0.000222000002
v -0.0147780003 -0.0373280011 0.000415999995
v -0.0063120001 -0.0469699986 0.0264010001
v -0.00218600011 -0.0421850011 0.0265849996
v -0.00128500001 -0.0384470001 0.0268629994
v -0.00391899981 -0.0412289985 0.0267869998
v 0.000774000015 -0.0398389995 0.0264049992
v 0.0029480001 -0.0390489995 0.0271310005
v 0.00287800003 -0.0445449986 0.0265810005
v -0.0200030003 -0.0511749983 0.0268890001
v -0.022295 -0.0539389998 0.0263749994
v -0.0224610008 -0.0599999987 0.0276260003
v -0.0180949997 -0.0581829995 0.0267910007
v -0.0176979993 -0.0593070015 0.0275999997
v 0.00442299992 -0.0392719992 0.0270770006
v 0.00421700021 -0.0425040014 0.0266490001
v -0.00557600008 -0.0440960005 0.0268329997
v -0.0171889998 -0.0571959987 0.0265410002
v -0.0238000005 -0.0565220006 0.0271729995
v -0.00622900017 -0.0410469994 0.0263390001
v 0.00270500011 -0.0352200009 0.0264999997
v -0.0170120001 -0.054990001 0.0272390004
v -0.0198369995 -0.0556209981 0.0272519998
v 0.00381199992 -0.0348890014 0.0265459996
v 0.00529199978 -0.0344789997 0.0271940008
v 0.00639799982 -0.0358290002 0.0269249994
v 0.00514299981 -0.0398130007 0.0266910009
v -0.0117389997 -0.0574189983 0.027617
v -0.0228400007 -0.0632579997 -0.00185100001
v 0.0123699997 -0.0389360003 0.0107650002
v 0.0110130003 -0.0412999988 0.000974000024
v 0.0130190002 -0.0369750001 0.000989999971
v -0.0178490002 -0.0620669983 -0.00248200004
v -0.0268639997 -0.0641049966 0.0272889994
v -0.0280789994 -0.0642130002 0.0238349997
v -0.0247680005 -0.0642160028 0.0234769993
v -0.0228400007 -0.0632579997 -0.00185100001
v -0.0178490002 -0.0620669983 -0.00248200004
v -0.0183339994 -0.0628039986 -0.000948000001
v 0.00807399955 -0.0466339998 0.0102519998
v 0.00601299992 -0.0492560007 0.0156199997
v 0.00541300001 -0.050051 0.00954
v -0.0224830005 -0.0618270002 -0.00290600001
v -0.0325610004 -0.0636650026 0.0251449998
v -0.034607999 -0.0632800013 0.0274359994
v 0.00967899989 -0.0440529995 0.0147249997
v 0.010489 -0.0427520014 0.0108319996
v -0.0283579994 -0.0648360029 0.0282910001
v -0.0296679996 -0.0621539988 0.0271979999
v -0.03039 -0.0627679974 0.0277280007
v -0.0280050002 -0.0630159974 0.0275979992
v -0.0213179998 -0.0639420003 0.0273340009
v -0.0255789999 -0.0648889989 0.0283189993
v -0.0294799991 -0.0646779984 0.0292920005
v -0.0256389994 -0.0648220032 0.0295359995
v -0.00808299985 -0.0451450013 -0.00115799997
v -0.012414 -0.0479409993 -0.00109300006
v -0.0144429998 -0.0462080017 -0.000433999987
v 0.0117589999 -0.0401870012 0.0142839998
v -0.013092 -0.0615170002 -0.00110999995
v -0.0149739999 -0.0418410003 -0.000279
v -0.0184870008 -0.0634019971 0.000933000003
v 0.00862899981 -0.0458340012 0.0171549991
v -0.0229189992 -0.0623599999 0.0272070002
v -0.0300859995 -0.0602779984 0.0275819991
v -0.0284250006 -0.0597510003 0.0273780003
v -0.0139889996 -0.0556420013 -0.00251400005
v -0.0203610007 -0.0579699986 -0.00288100005
v -0.0100419996 -0.0434300005 -0.000400999998
v -0.0114829997 -0.0543639995 -0.00235199998
v -0.00872099958 -0.0595020019 -0.00180700002
v -0.00982300006 -0.0585989989 -0.00304299989
v -0.0128530003 -0.0397420004 -0.000148000006
v -0.0089370003 -0.0602100007 0.000357000012
v -0.0162770003 -0.0630310029 0.0274769999
v -0.0213179998 -0.0639420003 0.0273340009
v -0.0182009991 -0.0634910017 0.0194799993
v -0.010667 -0.0350890011 0.000425000006
v -0.00891999993 -0.037250001 -0.000326999987
v 0.0147609999 -0.032559 0.00773799978
v 0.0141679998 -0.0344640017 0.0152899995
v 0.0125700003 -0.0384010002 0.0147120003
v -0.00407599984 -0.0567689985 -0.00213099993
v -0.00955799967 -0.033468999 0.000456000009
v -0.004739 -0.0582749993 0.0274160001
v -0.00720799994 -0.059652999 0.0144330002
v -0.00278600003 -0.0570840016 0.0157360006
v -4.89999984e-05 -0.0551399998 0.0184669998
v -0.0106910001 -0.0612390004 0.00101600005
v -0.00541300001 -0.0586629994 0.000972000009
v -0.0139929997 -0.0623780005 0.005107
v -0.0131829996 -0.0621329993 0.0274679996
v -0.0087240003 -0.0522670001 -0.001208
v -0.00846500043 -0.0602900013 0.0274889991
v -0.00686099986 -0.0527240001 -0.00286599994
v -0.00101699994 -0.0558229983 0.0274129994
v -0.0182440002 -0.0358950011 0.000322000007
v 0.00184200006 -0.0534799993 0.0273240004
v -0.00406000018 -0.0514709987 -0.00297100004
v -0.0178650003 -0.0338950008 0.000899999985
v -0.00199000002 -0.0561010018 9.40000027e-05
v -0.0153430002 -0.0347589999 0.000138999996
v -0.00151500001 -0.0547959991 -0.00231599994
v -0.0178629998 -0.0313839987 0.000858000014
v 0.000882000022 -0.0543549992 0.000868999981
v -0.0141500002 -0.0294809993 0.000865000009
v -0.001223 -0.0529679991 -0.00303900009
v 0.00184599997 -0.0528779998 -0.000725999998
v -0.0247680005 -0.0642160028 0.0234769993
v 0.00115699996 -0.0535279997 0.000148000006
v 0.00426100008 -0.0512170009 0.000967999978
v -0.00440100022 -0.0498679988 -0.00203000009
v -0.000110000001 -0.0477750003 -0.0029490001
v 0.00221100007 -0.050028 -0.00312100002
v -0.0213060006 -0.0644989982 0.0282400008
v -0.0255789999 -0.0648889989 0.0283189993
v 0.00473999977 -0.0507210009 0.022713
v 0.00651900005 -0.0487199984 0.0239199996
v -0.000368999987 -0.0466560014 -0.00226700003
v -0.0222500004 -0.0633649975 0.0291460007
v -0.0215840004 -0.0627830029 0.0275589991
v -0.0271179993 -0.0638099983 0.0294429995
v -0.00352400006 -0.048432 -0.00105399999
v -0.0256389994 -0.0648220032 0.0295359995
v -0.0218119994 -0.064685002 0.0296100006
v 0.002782 -0.0513099991 -0.00207799999
v -0.0249279998 -0.0644150004 0.0300539993
v -0.0250419993 -0.0638469979 0.0298950002
v -0.0249279998 -0.0644150004 0.0300539993
v -0.0209929999 -0.0642620027 0.03015
v -0.0167929996 -0.0637869984 0.0293649994
v -0.0122610005 -0.0313210003 9.2000002e-05
v -0.00516600022 -0.0564800017 0.0272259992
v -0.00664799986 -0.0581349991 0.0272790007
v -0.00388199999 -0.056375999 0.0275209993
v -0.0039090002 -0.0574960001 0.0298079997
v 0.00601200014 -0.0473849997 -0.0023980001
v 0.00673800008 -0.0479269996 0.000100999998
v -0.00505300006 -0.0594820008 0.0287100002
v 0.00198599999 -0.0545429997 0.0285059996
v 0.00198499998 -0.0437869988 -0.0022499999
v -0.00333900005 -0.0583110005 0.0297059994
v -0.00856500026 -0.0472810008 -0.00123699999
v -0.0126949996 -0.0498949997 -0.00116999994
v 0.00502299983 -0.0466409996 -0.00303200004
v -0.0161630008 -0.0618240014 0.0274700001
v -0.0186379999 -0.0632200018 0.0295540001
v -0.00148400001 -0.0543089993 0.0272710007
v -0.00486399978 -0.0441460013 -0.001299
v -0.00680699991 -0.0475189984 -0.000568000018
v -0.00594699988 -0.0490829982 -7.00000019e-05
v 0.00403899979 -0.0433299989 -0.00300500006
v -0.0187940001 -0.0640470013 0.0294679999
v -0.00364100002 -0.0470269993 0.000218000001
v -0.0209929999 -0.0642620027 0.03015
v -0.00141999999 -0.0558459982 0.0296580009
v 0.000724999991 -0.0538539998 0.0293489993
v -0.0070199999 -0.0410180017 -0.000438999996
v -0.0145929996 -0.0628340021 0.0298250001
v -0.0111570004 -0.0620200001 0.0281739999
v -0.0105680004 -0.0620520003 0.0295560006
v 0.00687299995 -0.0441859998 -0.00310999993
v -0.0145929996 -0.0628340021 0.0298250001
v -0.0186379999 -0.0632200018 0.0295540001
v -0.000870999997 -0.056276001 0.0299830008
v -0.00333900005 -0.0583110005 0.0297059994
v 0.00621900009 -0.0369680002 -0.00230899989
v -0.00274699996 -0.0422060005 -0.00121699995
v 0.000880000007 -0.0552890003 0.029654
v 0.000880000007 -0.0552890003 0.029654
v -0.0156939998 -0.0607119985 0.0272540003
v 0.00748000015 -0.0374759994 -0.0030139999
v -0.000581 -0.0439569987 5.99999985e-05
v 0.0037479999 -0.0524279997 0.0300469995
v 0.000813000021 -0.054556001 0.0297660008
v 0.0083259996 -0.0461900011 0.000890000025
v -0.00287700002 -0.0409270003 -0.00133600004
v 0.0036830001 -0.0494999997 0.0272829998
v -0.00522499997 -0.0386420004 -0.000387999986
v 0.00243799994 -0.0472100005 0.0276379995
v -0.000590000011 -0.048512999 0.0267019998
v 0.00125099998 -0.0365110002 -0.00118300004
v 0.00894699991 -0.0446549989 0.000171000007
v 0.000169000006 -0.0356089994 -0.00119400001
v -0.0024639999 -0.0352899991 -0.000487000012
v 0.0105309999 -0.0401140004 -0.00251500006
v 0.0108669996 -0.0410340019 -0.00119700003
v -0.00854699966 -0.0592340007 0.0276580006
v -0.00996899977 -0.0587080009 0.0272209998
v -0.0130240005 -0.0609680004 0.0273759998
v 0.010892 -0.0368099995 -0.00307999994
v 0.00425199978 -0.0446529984 0.027547
v -0.00533600012 -0.0317439996 -0.000322000007
v 0.00505700009 -0.0502520017 0.0273269992
v 0.00541799981 -0.050836999 0.0282460004
v 0.00353799993 -0.0508130006 0.0281610005
v -0.012933 -0.0622759983 0.0300040003
v -0.0129469996 -0.0613639988 0.0292109996
v 0.00240000011 -0.0402819999 1.99999999e-06
v -0.0258779991 -0.0641440004 0.000874000019
v -0.000390000001 -0.0402650014 -0.000737999973
v -0.012933 -0.0622759983 0.0300040003
v 0.00929899979 -0.0449969992 0.0275439993
v -0.00825299975 -0.0600420013 0.0301159993
v 0.00525599997 -0.0467309989 0.0272780005
v -0.00728800008 -0.0606640019 0.0292719994
v -0.0216860007 -0.0635349974 0.000296999991
v -0.00853499956 -0.060814999 0.0301270001
v -0.00853499956 -0.060814999 0.0301270001
v 0.00621100003 -0.0472819991 0.027524
v 0.00334100006 -0.0382849984 3.50000009e-05
v 0.00845700037 -0.0472210012 0.0287580006
v 0.00398099981 -0.0508409999 0.0293499995
v 0.0046649999 -0.0512170009 0.0295410007
v 0.0037479999 -0.0524279997 0.0300469995
v 0.00637099985 -0.0479819998 0.0292269997
v 0.0056520002 -0.050280001 0.0300069991
v 0.00658999989 -0.0476039983 0.0283679999
v 0.00774599984 -0.0413799994 0.0276330002
v 0.0056520002 -0.050280001 0.0300069991
v 0.00736400019 -0.0478649996 0.0296149999
v -0.00677199988 -0.0588739999 0.0297539998
v -0.0271230005 -0.0642210022 0.00872499961
v -0.0184870008 -0.0634019971 0.000933000003
v -0.0194899999 -0.0636010021 0.003455
v -0.0216860007 -0.0635349974 0.000296999991
v -0.005901 -0.0594960004 0.0300099999
v -0.005901 -0.0594960004 0.0300099999
v 0.0111689996 -0.0415720008 0.0170499999
v -0.0245840009 -0.057643 -0.00222599995
v -0.0219320003 -0.0574930012 -0.00222299993
v -0.0194899999 -0.0636010021 0.003455
v -0.0219320003 -0.0574930012 -0.00222299993
v 0.0108080003 -0.0423809998 0.0237150006
v -0.0203869995 -0.0553160012 0.000116000003
v -0.0232350007 -0.0567170009 -0.000770999992
v -0.0207720008 -0.0535850003 -0.00054400001
v -0.0222159997 -0.0526509993 -0.00117099995
v -0.0248070005 -0.0643600002 0.0111029996
v -0.0170310009 -0.0519299991 -0.00119800004
v -0.0276110005 -0.0573120005 -0.00100100006
v -0.0247939993 -0.0559559986 -0.000110000001
v -0.0248070005 -0.0643600002 0.0111029996
v -0.0245019998 -0.0515099987 -0.00114299997
v 0.0127729997 -0.0382299982 0.0193799995
v 0.0137900002 -0.0356829986 0.0178059991
v -0.0139889996 -0.0556420013 -0.00251400005
v -0.0175000001 -0.054818999 0.000161999997
v -0.0119810002 -0.0537879989 -0.000921999977
v -0.0190099999 -0.0510019995 -0.00117599999
v 0.0055300002 -0.0409419984 0.0267619994
v 0.0105809998 -0.0427169986 0.0273419991
v -0.0119810002 -0.0537879989 -0.000921999977
v -0.0135249998 -0.0532369986 0.000104999999
v 0.000318000006 -0.054823 0.0121280001
v 0.00160900003 -0.0537360013 0.00624899985
v 0.00404200004 -0.0513920002 0.010086
v -0.0148520004 -0.0485490002 -0.00107
v 0.00946099963 -0.041898001 0.0271179993
v -0.0106699998 -0.0519540012 8.19999987e-05
v 0.00880100019 -0.0441920012 0.0281310007
v 0.00917099975 -0.0443149991 0.0293949991
v 0.00667800009 -0.0482309982 0.0295400005
v 0.00917099975 -0.0443149991 0.0293949991
v 0.00637099985 -0.0479819998 0.0292269997
v 0.00982300006 -0.0444770008 0.0295870006
v 0.0108820004 -0.0435689986 0.0293080006
v 0.00773099996 -0.0389899984 0.0274839997
v 0.00765499985 -0.0367700011 0.026664
v 0.0125709996 -0.0401990004 0.0284480006
v 0.00980000012 -0.0398759991 0.0270959996
v 0.0107819997 -0.0403360017 0.0277309995
v 0.0114230001 -0.0404760018 0.0296069998
v 0.0135420002 -0.0359219983 0.02733
v 0.0145460004 -0.03314 0.0231979992
v 0.00945399981 -0.0352110006 0.02764
v 0.0111269997 -0.0373089984 0.0271310005
v 0.01217 -0.0370110013 0.0278120004
v 0.0100910002 -0.0360619985 0.027609
v 0.00874400046 -0.0330139995 0.0266079996
v -0.0293370001 -0.0641309991 0.0199730005
v -0.0106699998 -0.0519540012 8.19999987e-05
v -0.0135249998 -0.0532369986 0.000104999999
v 0.0119700003 -0.0349819995 0.0273039993
v -0.00842500012 -0.0506360009 -7.9999998e-05
v -0.0349770002 -0.0631679967 0.0210149996
v 0.0129089998 -0.0331000015 0.0271439999
v 0.0114019997 -0.0307720006 0.0277210008
v 0.0111830002 -0.042518001 0.029786
v 0.0125829997 -0.0401250012 0.0293409992
v 0.0127109997 -0.0392570011 0.0301900003
v 0.0138119999 -0.0370660014 0.0297839995
v 0.0145199997 -0.0354479998 0.0283649992
v 0.0154539999 -0.032159999 0.0282199997
v 0.015354 -0.0328149982 0.0294499993
v -0.0422150008 -0.0608480014 0.0274359994
v -0.0245840009 -0.057643 -0.00222599995
v 0.0046649999 -0.0512170009 0.0295410007
v 0.00869499985 -0.0459939986 0.0295390002
v 0.0114230001 -0.0404760018 0.0296069998
v 0.0128579997 -0.0366559997 0.0296410006
v 0.0120430002 -0.0396649987 0.0298519991
v 0.0128579997 -0.0366559997 0.0296410006
v 0.0141519997 -0.0327199996 0.0295400005
v -0.0503979996 -0.0166669991 -0.000232000006
v -0.0306010004 -0.0160460006 0.00103499996
v -0.0327549987 -0.0142580001 0.000930999988
v -0.0291230008 -0.0134939998 0.000964000006
v -0.0250690002 -0.0174460001 0.00100399996
v -0.0262509994 -0.02049 0.00106200005
v -0.0377169997 0.0121550001 -0.00287099998
v -0.0357949995 0.0165359993 -0.00303900009
v -0.0348489992 0.0131000001 -0.0028570001
v -0.0399999991 0.00091100001 -0.000342999992
v -0.0370669998 -0.00246000011 -0.000258999993
v -0.0390649997 -0.00419799984 -0.000161999997
v -0.040417999 -0.0195509996 0.00122700003
v -0.032182999 -0.0119989999 0.000852000026
v -0.0369220003 -0.0179639999 0.000991999987
v -0.0268789995 0.0137200002 -0.002568
v -0.0294359997 0.0149590001 -0.00298000011
v -0.0247009993 0.0142590003 -0.00278600003
v -0.0272049997 0.0174950007 -0.00305599999
v -0.0285429992 -0.0115350001 0.000866000017
v -0.0374820009 0.00255699991 -0.000407000014
v -0.0351479985 -0.0109679997 0.000934000011
v -0.0248969998 -0.0123800002 0.000919000013
v -0.0224610008 0.00359799992 -0.000365000014
v -0.0182520002 0.00367200002 -0.000387000007
v -0.0215039998 0.00151199999 -0.000394000002
v -0.0123579996 0.000737000024 -0.000384000014
v -0.015191 -0.00218100008 -0.00035300001
v -0.0170680005 0.000498000009 -0.000342000014
v -0.020575 -0.00990299974 0.000928000023
v -0.0240080003 -0.00777299982 0.000885999994
v -0.0206930004 -0.0150070004 0.000953999988
v -0.00927499961 0.0141080003 -0.00303400005
v -0.0126959998 0.011748 -0.00286299991
v -0.0155189997 0.0143020004 -0.00300000003
v -0.0188529994 -0.00743199978 0.000197999994
v -0.0215310007 -0.00211900007 0.000480999995
v -0.0173419993 -0.00358900009 0.000391999987
v -0.0231699999 0.0138750002 -0.00279400009
v -0.0242219996 -0.00557000004 0.000125999999
v -0.0240490008 -0.00287900004 0.000270999997
v -0.0192949995 0.0135479998 -0.00279899989
v -0.0432800017 0.01358 -0.0030100001
v -0.0409060009 0.0107730003 -0.00291700009
v -0.0440489985 0.010249 -0.00293399999
v -0.0340539999 0.0120519996 -0.00176599994
v -0.0324189998 0.0116630001 -0.000318000006
v -0.0374310017 -0.00547999982 0.000459000003
v -0.0408000015 -0.00802700035 0.000523000024
v -0.0400650017 -0.0185989998 0.00112499995
v -0.0393740013 -0.015927 0.00102800003
v -0.0607910007 -0.0104299998 -0.00291100005
v -0.0621219985 -0.00787699968 -0.00292000012
v -0.0654470026 -0.0109789995 -0.00238800002
v -0.0387879983 -0.0127649996 0.000269000011
v -0.0418060012 -0.0167699996 0.000171000007
v -0.0256779995 0.00445999997 -0.00044199999
v -0.0280399993 0.00444300007 -0.000436000002
v -0.030367 0.00670199981 -0.00106699998
v -0.0327069983 -0.00731300004 0.000119999997
v -0.0341029987 -0.00879599992 0.000361000013
v -0.036998 -0.00870500039 0.000172
v -0.0345260017 0.00345399999 -0.000369999994
v -0.0329010002 -0.0177049991 0.00101699994
v -0.0325849988 -0.00911299977 0.000898999977
v -0.0318010002 0.00821099989 -0.00125500001
v -0.0284739994 0.00857200008 -0.00117800001
v -0.037974 -0.0134680001 0.000943000021
v -0.0342850015 -0.00309400004 0.000396999996
v -0.065200001 -0.0083259996 -0.00110300002
v -0.0633549988 -0.00609500008 -0.00279100006
v -0.0333670005 -0.00129299995 -0.000171000007
v -0.0324830003 -0.00242400006 0.000422000012
v -0.0321290009 0.0106370002 2.49999994e-05
v -0.0351089984 0.00987800024 -6.50000002e-05
v -0.0625640005 -0.00248700008 -0.00132799998
v -0.0278420001 0.0110189999 -3.89999987e-05
v -0.0476300009 -0.0150990002 -0.00028800001
v -0.0599099994 -0.000729000021 -0.0029490001
v -0.0605989993 -0.000609999988 -0.00257600006
v -0.0321330018 0.0133610005 -0.00277899997
v -0.0278420001 0.0120329997 -0.000140999997
v -0.0461740009 -0.0152420001 0.000350999995
v -0.0463339984 -0.0172719993 0.000836000021
v -0.0453669988 0.00147400005 -0.00125299999
v -0.0449509993 0.000335999997 -0.00111700001
v -0.0496729985 -0.0109829996 -0.000246999989
v -0.0390099995 0.00470399996 -0.00119800004
v -0.0397199988 0.00552400015 -0.00108900003
v -0.0428149998 0.014676 -0.00273999991
v -0.0441009998 0.00588600012 4.6000001e-05
v -0.037746001 0.0174649991 -0.00162200001
v -0.0465259999 -0.0100889998 -0.000322999986
v -0.0459339991 -0.0119850002 -0.000186999998
v -0.0586920008 -0.0129270004 0.000287000003
v -0.0450860001 -0.013611 0.000511999999
v -0.0574700013 -0.00940200035 0.000239000001
v -0.0437170006 -0.0156999994 0.000500999973
v -0.0328480005 0.0172659997 -0.00302399998
v -0.0593390018 -0.00944999978 -0.00210099993
v -0.0586090013 -0.00528499996 -0.002874
v -0.0438969992 -0.0116950003 0.000523999974
v -0.0596040003 -0.0127830002 -0.000300000014
v -0.0321240015 0.0183249991 -0.00219599996
v -0.0438169986 0.00702399993 -0.000104999999
v -0.039907001 0.00849900022 -1.80000006e-05
v -0.0389619991 0.0093919998 -0.000207999998
v -0.0442700014 -0.00894000009 2.49999994e-05
v -0.0583730005 -0.00895300042 -0.000592999975
v -0.0443340018 -0.00789999962 -0.000303999986
v -0.0487499982 -0.00771499984 -0.000232999999
v -0.0355160013 0.0034109999 -0.000484999997
v -0.0432659984 -0.0102150002 0.00028800001
v -0.0547470003 -0.0143889999 -0.00108299998
v -0.0292300005 0.0185150001 -0.00251000002
v -0.0461580008 -0.00461099995 -0.000297999999
v -0.0280520003 0.000976999989 -0.000279
v -0.0548559986 -0.0128110005 -0.00113500003
v -0.0424260013 -0.0059969998 -0.000188999998
v -0.0276939999 0.0191539992 -0.00141200004
v -0.0420890003 -0.00791299995 0.000117000003
v -0.0251800008 0.0180900004 -0.00285899988
v -0.0276939999 0.0191539992 -0.00141200004
v -0.0521989986 -0.0149130002 -8.6e-05
v -0.0226579998 0.000750000007 -0.000440000003
v -0.0526730008 -0.0106790001 -0.000846999988
v -0.0357960016 -0.00987800024 0.000360000005
v -0.0158900004 0.00555999996 -0.00119800004
v -0.0543380007 -0.0102000004 -0.000988999964
v -0.0265410002 -0.00780799985 0.000835000013
v -0.027702 -0.0059150001 0.000193
v -0.0510260016 -0.0117610004 -6.19999992e-05
v -0.0170980003 0.00793099962 -0.000991999987
v -0.0124819996 0.00578500004 -0.00115899998
v -0.0114620002 0.00768999988 0.000110000001
v -0.0507009998 -0.0100710001 -0.000404999999
v -0.00900600012 0.00919200014 -0.0024639999
v -0.0134540005 0.00912600011 3.09999996e-05
v -0.0137799997 0.0111170001 -0.00213299994
v -0.0292569995 -0.00178199995 0.00035300001
v -0.0259310007 -0.00157700002 0.000345999986
v -0.0566189997 -0.00402700016 -0.00208100001
v -0.0182600003 -0.0123859998 0.000875000027
v -0.0567260012 -0.00497800019 -0.000815999985
v -0.055670999 -0.00596099999 0.000209000005
v -0.0243790001 0.0020969999 -0.000379000005
v -0.0179680008 -0.0106060002 0.000919000013
v -0.0529289991 -0.0076179998 -0.00127400004
v -0.0239899997 0.00861600041 -0.00124300004
v -0.0163279995 -0.0106490003 0.000577999977
v -0.0566519983 -0.00143599999 -0.00287600001
v -0.0259310007 0.00830200035 -0.00118599995
v -0.0294000003 -0.0220250003 0.00110700005
v -0.0546189994 -0.00382900005 2.49999994e-05
v -0.0235099997 -0.024278 0.00100299995
v -0.0532590002 -0.000315999991 -0.000691000023
v -0.0516889989 -0.00560999988 -0.00114800001
v -0.0255570002 0.011163 4.80000017e-05
v -0.0221980009 0.0067710001 -0.000972000009
v -0.0221749991 -0.0185800008 0.00105900003
v -0.0210880004 0.00804399978 -0.00112799997
v -0.0505109988 -0.0056739999 -0.001039
v -0.0160050001 -0.00861100014 0.000241999995
v -0.0216199998 0.0109930001 8.39999993e-05
v -0.0191210005 0.0105670001 7.40000032e-05
v -0.0194579996 -0.0220069997 0.000980000012
v -0.050113 -0.00329399994 -0.00121799996
v -0.051628001 -0.000601999986 6.70000009e-05
v -0.0230260007 0.0118620005 -0.000375000003
v -0.0200580005 0.0125470003 -0.00196300005
v -0.0157709997 0.0105370004 -0.000492000021
v -0.0557149984 0.00402399991 -0.00299299997
v -0.0539069995 0.00213899999 -0.00289499993
v -0.0207959991 -0.000684000028 -0.000209999998
v -0.057142999 0.00407599984 -0.00251400005
v -0.0204910003 0.0172959995 -0.00304299989
v -0.0530110002 0.001881 -0.00241800002
v -0.0159019995 0.00891700014 -0.000195000001
v -0.0513649993 0.0049060001 -0.00293700001
v -0.0188950002 -0.0174700003 0.000933000003
v -0.050733 -0.000629000016 -0.000220999995
v -0.0480379984 -0.00102900004 -0.001192
v -0.0509280004 0.00100399996 -8.2999999e-05
v -0.0254009999 0.000873000012 -0.000547999982
v -0.0463580005 -0.00105800002 -0.000981000019
v -0.0430729985 -0.000907999987 -0.000232000006
v -0.0258339997 0.00252799992 -0.000318000006
v -0.0203510001 0.0181920007 -0.00255000009
v -0.0245249998 0.0194559991 -0.000203999996
v -0.0492670015 0.00257900008 7.59999966e-05
v -0.0235140007 0.0197589993 0.000916999998
v -0.0498039983 0.0036820001 -0.00159200002
v -0.0480239987 0.0043899999 -0.000511999999
v -0.0137200002 0.016384 -0.00283999997
v -0.0467789993 0.00450100005 2.49999994e-05
v -0.0491430014 0.0101619996 -0.00298599992
v -0.0488060005 0.0114219999 -0.00268199993
v -0.0553679988 0.0067710001 -0.00178100006
v -0.0529690012 0.00729600014 -0.00297600008
v -0.0439720005 0.00864600018 -0.00247800001
v -0.0502270013 0.00776100019 -0.00296499999
v -0.0163189992 0.0181319993 -0.000889000017
v -0.0175689999 0.0185519997 9.50000031e-05
v -0.0525770001 0.00869899988 -0.00253299996
v -0.0182620008 0.0190730002 0.000815999985
v -0.0477790013 0.007644 -0.00302499998
v -0.0472499989 0.00669600023 -0.00253199995
v -0.0456739999 0.00836800039 -0.00289899996
v -0.0136089996 0.017794 0.000659000012
v -0.00887800008 0.0154959997 -0.00143800001
v -0.0149950003 -0.0245590005 0.000904000015
v -0.0132649997 -0.0112340003 0.000197000001
v -0.0101439999 -0.010249 0.000498000009
v -0.00377100008 -0.0165570006 -0.000284000009
v -0.00483299978 -0.0143309999 -0.000331999996
v -0.000530000019 -0.0161450002 -0.000304999994
v -0.0180200003 -0.0210289992 0.000964000006
v 0.00959799998 -0.0303130001 0.0266299993
v -0.00397399999 -0.0261020008 -0.000211000006
v -0.0021579999 -0.0197199993 -0.000350999995
v 0.000342999992 -0.0243250001 -0.000342999992
v -0.0136609999 -0.0192300007 0.000864000001
v 0.000410000008 -0.0209609997 -0.000356000004
v -0.00736600021 0.0104019996 -0.00303000002
v 0.00368899992 -0.0172600001 -0.001468
v 0.00311599998 -0.0198839996 -0.00109599996
v 0.00182200002 -0.0155330002 -0.000928999973
v 0.00333199999 -0.0151350005 -0.00132000004
v 0.0050590001 -0.0169639997 -0.000714999973
v 0.010737 -0.00307899993 -0.00118899997
v 0.00994499959 -0.00328000006 -0.0026469999
v 0.00702500017 0.00282200007 -0.00119800004
v 0.00812899973 0.00195599999 0.000577999977
v 0.00514499983 0.004464 -0.00215200009
v 0.00280599995 -0.0118699996 -0.00123499997
v 0.00581499981 -0.0129450001 -0.000140999997
v 0.0146340001 -0.011647 0.000762999989
v 0.0154339997 -0.015044 0.000786999997
v 0.0153050004 -0.0183070004 -0.000106
v -0.00945100002 -0.001116 -0.000381999998
v -0.00833300035 0.00125900004 -0.00111499999
v -0.00616799993 -0.000645999971 -0.00120900001
v -0.00763100013 -0.00314699998 -0.000381999998
v -0.00143499998 -0.0128009999 -0.000376000011
v 0.0135810003 -0.0328090005 -0.00218100008
v 0.0159380008 -0.0199180003 0.00254800008
v 0.0159760006 -0.0199779999 0.000646999979
v 0.0112319998 -0.0339180008 -0.00313000008
v -0.00539499987 0.000737000024 -0.00104
v 0.00418699998 -0.0211989991 -0.00133999996
v 0.00706200022 -0.0166880004 4.50000007e-05
v 0.0130209997 -0.0318569988 -0.00291700009
v -0.00586799998 0.0024939999 -0.000656999997
v -0.00861399993 0.00321600004 -0.00115899998
v 0.00773299998 -0.022628 3.89999987e-05
v 0.0141810002 -0.0118770003 -0.000216999993
v 0.00795600004 -0.0194530003 -0.000155999995
v 0.0119599998 -0.0300140008 -0.00312900008
v 0.0126499999 -0.00676500006 -1.20000004e-05
v 0.0121520003 -0.00476300018 0.000648999994
v 0.00736299995 -0.0156490002 -0.000274999999
v -0.0152369998 -0.0274030007 0.000768999977
v -0.00811600033 0.00589299994 0.000203999996
v 0.014095 -0.00944100041 0.00738700014
v 0.0147249997 -0.0113709997 0.00956100039
v -0.0044209999 0.00293900003 0.000149
v -0.00251500006 -0.00950799976 -0.000304999994
v -0.00126000005 -0.0063169999 -0.00114299997
v -0.0128619997 -0.0264320001 0.000921000028
v -0.00320299994 -0.00145600003 -0.00107600004
v 0.00523900008 -0.010799 4.99999987e-06
v -0.00380200008 -0.00285999989 -0.00116500002
v 0.00107899995 -0.00755900005 -0.001208
v -0.000988999964 -0.00403500022 -0.00100199995
v 0.0036820001 -0.00773099996 -9.40000027e-05
v 0.000218999994 -0.00231899996 -3.09999996e-05
v -0.00246699993 0.00130899996 -1.20000004e-05
v -0.0108580003 -0.0286180004 6.80000012e-05
v -0.00762999989 -0.0301719997 0.000474
v 0.00520600006 -0.00834199972 -0.000375000003
v -0.00268699997 0.00229199999 -0.000423999998
v -0.00483600004 0.00469300011 -0.000654999982
v 0.00303700007 -0.00577299995 7.99999998e-06
v 0.0153780002 -0.0291450005 0.0145760002
v -0.000561999972 0.00250199996 -0.00209400011
v 0.000490000006 -0.00118400005 -0.000418000011
v 0.00271299994 -0.00137700001 -0.00202800008
v -0.00954999961 -0.0256660003 -4.09999993e-05
v 0.00699200016 -0.00915800035 -0.00233100005
v 0.00901400018 -0.0151350005 -0.00250099995
v 0.00692099985 -0.0132240001 -0.000349999988
v -0.00744399987 -0.0274379998 0.000451
v 0.00874700025 -0.00995600037 -0.00299099996
v -0.00398200005 0.00770300021 -0.00299299997
v -0.00580700021 0.00742299994 -0.00242500007
v -0.00438399985 0.0105229998 -0.00312400004
v -0.00271299994 0.011221 -0.00241700001
v -0.00194600003 0.00930500031 -0.00303600007
v -0.011988 -0.0223590005 0.000852999976
v -0.00893499982 0.00691899983 1.80000006e-05
v 0.0135019999 -0.0115799997 -0.0023070001
v -0.0124740005 -0.0180890001 0.000846999988
v -0.0147209996 -0.0144069996 0.000974999974
v -0.00946700014 -0.0226419996 0.000165000005
v -0.00564699993 -0.0218000002 0.000459000003
v -0.0101730004 -0.0166449994 0.000123999998
v -0.00660300022 0.0129180001 -0.00294600008
v -0.00959600043 -0.0194819998 5.60000008e-05
v -0.000934000011 0.00461400021 -0.00292000012
v 0.00123499997 0.0025249999 -0.002997
v -0.0110539999 -0.014366 0.000138000003
v 0.0154830003 -0.0287490003 0.0273989998
v 0.000218000001 0.00649400009 -0.00315700006
v -0.00692899991 -0.0172460005 0.000536000007
v 0.0131759997 -0.0312950015 0.0273460001
v 0.00039500001 0.00916399993 -0.002049
v 0.00415599998 0.00363699999 -0.00303100003
v 0.00412499998 0.00640599988 -0.000509999983
v 0.00059499999 0.0102019999 0.000644000014
v -0.00750199985 -0.0145410001 0.00046000001
v 0.0158660002 -0.0246789996 0.0146399997
v -0.0132320002 -0.00632099994 0.000426000013
v -0.00089700002 -0.0303990003 -0.000384000014
v 0.00169299997 -0.0313020013 -0.00103799999
v -0.0117929997 -0.00445500016 -0.000220999995
v 0.00412600022 0.00706000021 0.00583400019
v 0.00387399993 0.00732300011 0.000835000013
v -0.00846599974 -0.00713399984 -0.000322000007
v -0.00280999998 -0.0274529997 -0.000357000012
v 0.0159920007 -0.0238370001 0.0273759998
v 0.00360900001 -0.0294049997 -0.00126399996
v 0.00390199991 -0.0277559999 -0.00129299995
v -0.00164399995 0.0121539999 0.00973100029
v -0.000118999997 0.0110339997 0.0132269999
v 0.00529199978 -0.0349310003 -0.000123000005
v 0.0160729997 -0.0195589997 0.0260760002
v 0.00284800003 -0.00404000003 -0.000464000012
v 0.00850399956 -0.0303649995 -0.00243599992
v 0.0114409998 -0.00326399994 0.00564299989
v 0.0162509996 -0.0275389999 0.0285
v -0.00473400019 -0.00635199994 -0.000329000002
v 0.0159600005 -0.0264630001 0.0279019997
v 0.00744999992 -0.0301150009 -0.000671999995
v 0.00604300015 -0.031812001 4.80000017e-05
v 0.00806100015 0.00199600006 0.00254900008
v 0.00265699998 -0.0319419987 -0.00135399995
v 0.00865000021 0.00127699994 0.0102359997
v 0.0145619996 -0.0308749992 0.000192000007
v 0.0100929998 -0.0299570002 -0.00305299996
v 0.0148069998 -0.0317279994 0.000905999972
v 0.00925500039 -0.0261860006 -0.00238900003
v 0.010555 -0.0258510001 -0.003027
v 0.00655800011 -0.0279060006 1.89999992e-05
v 0.00679499982 -0.0260480009 3.00000011e-06
v 0.00766099989 -0.0266769994 -0.000163999997
v 0.0140850004 -0.0301319994 -0.00224600011
v 0.00436000014 -0.024704 -0.00123699999
v 0.00367100001 -0.0232120007 -0.00132200005
v 0.00390199991 -0.0277559999 -0.00129299995
v 0.00470599998 -0.0257050004 -0.000987999956
v 0.00679499982 -0.0260480009 3.00000011e-06
v 0.00470599998 -0.0257050004 -0.000987999956
v 0.00480399979 -0.0257380009 -0.000944999978
v 0.00679499982 -0.0260480009 3.00000011e-06
v 0.00470599998 -0.0257050004 -0.000987999956
v 0.00470599998 -0.0257050004 -0.000987999956
v 0.0123899998 -0.0264730006 -0.00309800007
v 0.0145159997 -0.0257389992 -0.00284800003
v 0.0152430004 -0.0248329993 -0.00144599995
v 0.0151580004 -0.0258809999 2.40000008e-05
v 0.0156129999 -0.0267370008 0.00101200002
v 0.0156070003 -0.0149330003 0.0262419991
v 0.0109799998 -0.00232600002 0.0210050009
v 0.0127830002 -0.00585999992 0.0186359994
v 0.0148019996 -0.0113700004 0.0185090005
v 0.00569600007 0.00522699999 0.0159210004
v 0.00292699994 0.00819000043 0.0101880003
v 0.0159409996 -0.0249899998 0.000746999984
v -0.00554599985 -0.0123359999 -0.000257000007
v 0.0146289999 -0.0104949996 0.0257830005
v -0.00910599995 0.0162010007 0.000842000009
v -0.00490400009 0.0140890004 0.000656999997
v 0.00364100002 -0.000531999976 -0.00297600008
v -0.00258000009 0.0120010003 -0.000707000028
v 0.0128800003 -0.0182639994 -0.00308299996
v 0.0107509997 -0.0193370003 -0.00300600007
v 0.00626699999 -0.00490899989 -0.00292799994
v 0.0141310003 -0.016446 -0.00286999997
v 0.0149670001 -0.0183429997 -0.00197299989
v 0.00928299967 -0.00561399991 -0.00313300011
v 0.00684199994 -0.00372599997 -0.00305599999
v 0.00943600014 -0.0205990002 -0.00229500001
v 0.00767999981 -0.00167100003 -0.00313100009
v 0.0103740003 -0.0161620006 -0.0030449999
v 0.0108070001 -0.00937299989 -0.00318600005
v 0.0129479999 -0.0116280001 -0.0028870001
v -0.00432399986 0.0137250004 0.0120310001
v 0.0117450003 -0.00736800022 -0.00275800005
v -0.0559739992 -0.0223660003 0.0267999992
v -0.0534249991 -0.0243219994 0.0263059996
v -0.0532739982 -0.0184969995 0.0262729991
v -0.0561599992 -0.0455759987 0.0274260007
v -0.052476 -0.0495930016 0.0274979994
v -0.0514319986 -0.0486430004 0.0265679993
v -0.0441420004 -0.0300340001 0.0262010004
v -0.047807999 -0.0227070004 0.0262780003
v -0.0522309989 -0.0308599994 0.0262739994
v -0.0596720017 -0.0205600001 0.0270080008
v -0.0592220016 -0.0260770004 0.0268750004
v -0.0580129996 -0.0241480004 0.0264350008
v -0.0556269996 -0.0431240015 0.026517
v -0.0508270003 -0.0483230017 0.0265360009
v -0.0526009984 -0.0441589989 0.0270709991
v -0.0507309996 -0.0450359993 0.0269939993
v -0.0492740013 -0.0474799983 0.0270939991
v -0.0577820018 -0.0172949992 0.0263810009
v -0.0382299982 -0.0467830002 0.0262550004
v -0.0438309982 -0.0433060005 0.0262759998
v -0.0415569991 -0.0473919995 0.026842
v -0.0570119992 -0.0423289984 0.0266830008
v -0.0574490018 -0.0432850011 0.0273359995
v -0.0551569983 -0.0397799984 0.0271150004
v -0.0308340006 -0.0494030006 0.0262969993
v -0.0332570001 -0.0465519987 0.0263170004
v -0.0469929986 -0.0522739999 0.0265410002
v -0.0457589999 -0.0543880016 0.0273189992
v -0.0441070013 -0.0537800007 0.0264790002
v -0.0550240017 -0.0156510007 0.0267980006
v -0.0334400013 -0.0403259993 0.0262049995
v -0.0398470014 -0.0220110007 0.0260669999
v -0.0385779999 -0.0282569993 0.0260840002
v -0.0431249999 -0.0562880002 0.0275439993
v -0.0473779999 -0.0541770011 0.0275430009
v -0.0394000001 -0.0579149984 0.0275890008
v -0.0382540002 -0.056504 0.0265340004
v -0.0410929993 -0.0527319983 0.0271899998
v -0.0456789993 -0.0447460003 0.0268150009
v -0.0480309986 -0.0420270003 0.0268440004
v -0.0497950017 -0.0435819998 0.0262950007
v -0.0489589982 -0.0376130007 0.026261
v -0.0513829999 -0.0376739986 0.0267849993
v -0.0440610014 -0.0511859991 0.0272240005
v -0.0504879989 -0.0203060005 0.0262989998
v -0.0426930003 -0.0495110005 0.026354
v -0.0458649993 -0.0471579991 0.0263080001
v -0.0397869982 -0.0510729998 0.0263429992
v -0.0445390008 -0.0381000005 0.0262780003
v -0.0364729986 -0.0545350015 0.0271930005
v -0.0286880005 -0.0187749993 0.0260000005
v -0.0311179999 -0.0311120003 0.0260429997
v -0.0589490011 -0.0156350005 0.0269709993
v -0.0568940006 -0.0145810004 0.0264190007
v -0.0567470007 -0.0112699997 0.0265989993
v -0.0324760005 -0.0511239991 0.0268660001
v -0.0523120016 -0.0140209999 0.0263100006
v -0.0560309999 -0.0116950003 0.0264309999
v -0.0542499982 -0.0119629996 0.026788
v -0.0626680031 -0.0210030004 0.0264420006
v -0.062481001 -0.0241730008 0.0264090002
v -0.0608909987 -0.0229049996 0.0269750003
v -0.0624100007 -0.0192440003 0.0264170002
v -0.0607260019 -0.0169760007 0.0269779991
v -0.0439609997 -0.0137329996 0.0262449998
v -0.0609499998 -0.011345 0.0264909994
v -0.0620200001 -0.0156730004 0.0264359992
v -0.0589129999 -0.0108770002 0.0270310007
v -0.0634339973 -0.0288570002 0.0276239999
v -0.0616229996 -0.0297539998 0.0263870005
v -0.0621690005 -0.0279580001 0.026424
v -0.0568360016 -0.00885799993 0.0269850008
v -0.0574869998 -0.0336540006 0.0269280002
v -0.0598529987 -0.0296890009 0.0269930009
v -0.0529819988 -0.040093001 0.0264199991
v -0.0561119989 -0.031479001 0.0264170002
v -0.0575519986 -0.0278960001 0.0263730008
v -0.0568699986 -0.0327109993 0.0264960006
v -0.0548169985 -0.0298640002 0.0268019997
v -0.0545350015 -0.0367779993 0.0263459999
v -0.0586609989 -0.0377780013 0.0264270008
v -0.0576970018 -0.0364530012 0.0270249993
v -0.0534529984 -0.0342370011 0.0267830007
v -0.0679450035 -0.0206959993 0.0271940008
v -0.068043001 -0.0194680002 0.0131320003
v -0.0680449978 -0.0235520005 0.0255449992
v -0.0677379966 -0.0160089992 0.0218000002
v -0.0677819997 -0.0158970002 0.0104170004
v -0.0621559992 -0.0424120016 0.0293869991
v -0.0612189993 -0.0444089994 0.0296279993
v -0.0614459999 -0.0426190011 0.0278900005
v -0.0644150004 -0.0411860012 0.0286899991
v -0.0661040023 -0.0366819985 0.0281799994
v -0.0641949996 -0.0395260006 0.027485
v -0.0631370023 -0.0436739996 0.0285630003
v -0.0623300001 -0.0431479998 0.0274739992
v -0.0632689968 -0.0400869995 0.0284109991
v -0.0627700016 -0.0383599997 0.0272920001
v -0.0637239963 -0.0400420018 0.0295930002
v -0.0455279984 -0.0598650016 0.0299500003
v -0.0496679991 -0.0576520003 0.0292259995
v -0.0458780006 -0.0600400008 0.0293470006
v -0.0414449982 -0.0618709996 0.0297890007
v -0.0440710001 -0.0599909984 0.0299789999
v -0.041813001 -0.0617070012 0.0282199997
v -0.0391829982 -0.0628200024 0.0293060001
v -0.0636859983 -0.0411950015 0.0295540001
v -0.0401399992 -0.0618599989 0.0300750006
v -0.0495669991 -0.0571819991 0.0300890002
v -0.0675930008 -0.0167430006 0.0275030006
v -0.0671449974 -0.0306030009 0.0111959996
v -0.0599780008 -0.0470280014 0.0224859994
v -0.0640460029 -0.0225930009 0.0277670007
v -0.0638779998 -0.0185330007 0.0277600009
v -0.0657880008 -0.0211309996 0.0272480007
v -0.0631209984 -0.0421300009 0.0219570007
v -0.0618639998 -0.0345260017 0.0274209995
v -0.0611560009 -0.0369019993 0.0276200008
v -0.0596890002 -0.0360249989 0.0263730008
v -0.0601829998 -0.0347209983 0.0263899993
v -0.0645200014 -0.0352240019 0.0273429994
v -0.0545970015 -0.0528820008 0.0243469998
v -0.061652001 -0.0327050015 0.0268900003
v -0.0608800016 -0.031725999 0.0265730005
v -0.0655350015 -0.0307480004 0.0271799993
v -0.0650039986 -0.0381189995 0.0223629996
v -0.0688270032 -0.0200420003 0.0283380002
v -0.068080999 -0.0230509993 0.0278110001
v -0.0676679984 -0.0274449997 0.0152909998
v -0.0664660037 -0.0107439999 0.0232319999
v -0.0668300018 -0.012476 0.0275679994
v -0.0681200027 -0.0143459998 0.0284979995
v -0.0674600005 -0.0119030001 0.0284650009
v -0.0609150007 -0.0463740006 0.0291850008
v -0.0611959994 -0.0461120009 0.0283460002
v -0.0595409982 -0.0484360009 0.0298629999
v -0.055298999 -0.0521439984 0.0275299996
v -0.0501950011 -0.0564499982 0.0275100004
v -0.0515020005 -0.056295 0.0281579997
v -0.0536459982 -0.0544660017 0.0301900003
v -0.0580150001 -0.0505289994 0.0283300001
v -0.0660540015 -0.0174529999 0.0272540003
v -0.0667600036 -0.0208209995 0.0275539998
v -0.0672260001 -0.0156270005 0.0290949997
v -0.0547100008 -0.0533589981 0.0298059992
v -0.0564429983 -0.0520329997 0.0298970006
v -0.0577890016 -0.0494479984 0.0273289997
v -0.0639159977 -0.0144109996 0.0275049992
v -0.0647879988 -0.0109569998 0.0273049995
v -0.0630199984 -0.0138189998 0.0275400002
v -0.0662019998 -0.0346940011 0.0251049995
v -0.056795001 -0.0496109985 0.0284739994
v -0.0520190001 -0.0549620017 0.0298369993
v -0.0517739989 -0.0533820018 0.0272749998
v -0.0684970021 -0.0180130005 0.0301009994
v -0.0680980012 -0.0203499999 0.0299270004
v -0.0674260035 -0.0175260007 0.0295989998
v -0.0673469976 -0.0137099996 0.0293559991
v -0.0658209994 -0.011411 0.0285630003
v -0.0565759987 -0.0485219993 0.0272679999
v -0.0654700026 -0.00809799973 0.0275480002
v -0.0604790002 -0.0460410006 0.0275059994
v -0.0587360002 -0.0480169989 0.0298059992
v -0.0562639982 -0.0504450016 0.0298779998
v -0.0593869984 -0.046337001 0.0281739999
v -0.0639529973 -0.00400900003 0.0229679998
v -0.0582639985 -0.0493309982 0.0300299991
v -0.0584650002 -0.0499030016 0.0300580002
v -0.0558770001 -0.0517870001 0.0303419996
v -0.0663739964 -0.00831499975 0.0284289997
v -0.0540569983 -0.0526570007 0.0294380002
v -0.0674649999 -0.028686 0.027555
v -0.0625509992 -0.0104989996 0.0276219994
v -0.0613479987 -0.00922099967 0.0273620002
v -0.063924998 -0.00795600004 0.0271940008
v -0.0605700016 -0.0425620005 0.0272049997
v -0.060738001 -0.0053679999 0.0275519993
v -0.0595070012 -0.00931600016 0.0266270004
v -0.0619300008 -0.0451299995 0.0293150004
v -0.0599530004 -0.00817800034 0.0265740007
v -0.0605340004 -0.0461959988 0.0294070002
v -0.0676679984 -0.0274449997 0.0152909998
v -0.0651879981 -0.00796500035 0.0290740002
v -0.0638559982 -0.00578599982 0.0281130001
v -0.0649050027 -0.0055470001 0.0294799991
v -0.0664409995 -0.0105440002 0.00424099993
v -0.0663570017 -0.010187 0.00954100024
v -0.046103999 -0.0589849986 0.027462
v -0.0487099998 -0.0561099984 0.0271700006
v -0.0495470017 -0.0558749996 0.0282409992
v -0.0479170009 -0.0573070012 0.0284519996
v -0.0454020016 -0.0577820018 0.0272090007
v -0.0393700004 -0.0600050017 0.0272029992
v -0.0437569991 -0.0588550009 0.0271390006
v -0.0422969982 -0.059804 0.0272840001
v -0.0657240003 -0.00822899956 0.0113289999
v -0.048450999 -0.0572860017 0.0297999997
v -0.0411980003 -0.0608350001 0.0295979995
v -0.0659610033 -0.0349420011 0.0275759995
v -0.0387029983 -0.0612250008 0.0278590005
v -0.0665550008 -0.0300820004 0.028128
v -0.0670289993 -0.0335359983 0.0291339997
v -0.0676150024 -0.0317329988 0.0282809995
v -0.0663459972 -0.0361780003 0.029259
v -0.0663110018 -0.0350730009 0.0296570007
v -0.0665220022 -0.0320109986 0.0292680003
v -0.0682120025 -0.0289370008 0.0297129992
v -0.0674550012 -0.0305599999 0.0299999993
v -0.0515579991 -0.0563310012 0.0297209993
v -0.0680449978 -0.0235520005 0.0255449992
v -0.068080999 -0.0230509993 0.0278110001
v -0.0687030032 -0.0244740006 0.0284390002
v -0.0662439987 -0.0269380007 0.0271850005
v -0.0664739981 -0.0243129991 0.0272700004
v -0.0637160018 -0.0266319998 0.0275139995
v -0.0679450035 -0.0206959993 0.0271940008
v -0.068448998 -0.0262429994 0.0293760002
v -0.0685129985 -0.0228840001 0.0283289999
v -0.0685029998 -0.0242010001 0.029631
v -0.0685129985 -0.0228840001 0.0283289999
v -0.0683239996 -0.0229850002 0.0288820006
v -0.0687180012 -0.0220100004 0.0291479994
v -0.0682019964 -0.0223360006 0.0299299993
v -0.0678170025 -0.0229909997 0.0292169992
v -0.0682019964 -0.0223360006 0.0299299993
v -0.0687180012 -0.0220100004 0.0291479994
v -0.0674929991 -0.0290820003 0.0298720002
v -0.0631219968 -0.0429399982 0.0294989999
v -0.0680349991 -0.0262109991 0.0296989996
v -0.0674810037 -0.0266050007 0.0294129997
v -0.0651419982 -0.0388469994 0.0297369994
v -0.0647630021 -0.0380740017 0.0297120009
v -0.0683239996 -0.0229850002 0.0288820006
v -0.0684970021 -0.0180130005 0.0301009994
v -0.0654840022 -0.0362539999 0.0293610003
v -0.068057999 -0.0154729998 0.0289750006
v -0.0672260001 -0.0156270005 0.0290949997
v -0.0680610016 -0.0138039999 0.0290440004
v -0.0673469976 -0.0137099996 0.0293559991
v -0.0668750033 -0.0119909998 0.0290910006
v -0.0668750033 -0.0119909998 0.0290910006
v -0.0671800002 -0.0105619999 0.0290329996
v -0.0666859969 -0.0101739997 0.0297379997
v -0.0659139976 -0.00711400015 0.0291649997
v -0.0651879981 -0.00796500035 0.0290740002
v -0.0649050027 -0.0055470001 0.0294799991
v -0.0666859969 -0.0101739997 0.0297379997
v -0.0666370019 -0.0333230011 0.0295189992
v -0.0666370019 -0.0333230011 0.0295189992
v -0.034506999 -0.0579049997 0.0266789999
v -0.0128960004 -0.033241 0.026199
v -0.00544499978 -0.0341949984 0.0263470002
v -0.0172530003 -0.0449590012 0.0263160001
v -0.025037 -0.0494709983 0.0263299998
v -0.0211040005 -0.0492260009 0.0262930002
v -0.0237620007 -0.0266130008 0.0260310005
v -0.0183230005 -0.0388090014 0.0262000002
v -0.0331100002 -0.0554799996 0.0271969996
v -0.0336889997 -0.0532709993 0.0263769999
v -0.0292220004 -0.0560790002 0.0271819998
v -0.00183800003 -0.0351010002 0.0263480004
v -0.0275740009 -0.0517579988 0.0268740002
v -0.0178219993 -0.0254689995 0.0260610003
v -0.0244520009 -0.0393830016 0.0261669997
v -0.0262359995 -0.054118 0.0264270008
v -0.0260220002 -0.0558339991 0.0271080006
v -0.013735 -0.0215809997 0.0261220001
v -0.00513599999 -0.0234619994 0.0263020005
v 0.000176999994 -0.0287229996 0.0263780002
v 0.00172399997 -0.0328430012 0.0268990006
v 0.00348499999 -0.0262819994 0.0268760007
v 0.00516000018 -0.0296199992 0.0264289994
v -0.0343290009 -0.0640309975 0.0282649994
v -0.0361489989 -0.0636570007 0.0297180004
v -0.0372980013 -0.0622400008 0.0298929997
v -0.0367260017 -0.0631759986 0.0300539993
v -0.0340880007 -0.063519001 0.0300270002
v -0.0340839997 -0.0639839992 0.0299319997
v -0.0318959989 -0.0644690022 0.0291779991
v -0.0368059985 -0.0614169985 0.0273800008
v -0.0349380001 -0.0613549985 0.027245
v -0.0319689997 -0.0626970008 0.0275020003
v -0.0306240004 -0.0634870008 0.0293860007
v -0.0298839994 -0.0642890036 0.0296810009
v -0.031688001 -0.0638569966 0.0296
v 0.00683999993 -0.0300179999 0.0272630006
v 0.0134749999 -0.0363439992 0.0300079994
v 0.0150060002 -0.0327479988 0.0298599992
v 0.0141519997 -0.0327199996 0.0295400005
v -0.0549589992 -0.00286499993 0.0270370003
v -0.0564749986 -0.00545899989 0.0270959996
v -0.0571630001 -0.000456999987 0.0274960008
v -0.0560709983 -0.00154500001 0.0265939999
v -0.0552229993 -0.000153000001 0.0265790001
v -0.0452309996 0.00542599987 0.0270259995
v -0.0504139997 0.000561999972 0.0268939994
v -0.0484069996 0.000744000019 0.0263470002
v -0.0509519987 0.00185600005 0.0270830002
v -0.0447719991 0.00398699986 0.0263880007
v -0.0488490015 0.00566300005 0.0266679991
v -0.0510759987 0.0048750001 0.0266890004
v -0.0450280011 -0.00223900005 0.0262780003
v -0.04617 -0.000882999972 0.0267840009
v -0.0500539988 -0.00581600005 0.0267360006
v -0.0430490002 0.0076100002 0.0271910001
v -0.0282329991 0.00541300001 0.0263160001
v -0.031126 0.00703499978 0.0268789995
v -0.0345599987 0.00404899986 0.0262480006
v -0.0488409996 0.0084830001 0.0275929999
v -0.0457520001 0.00881499983 0.026749
v -0.046461001 8.39999993e-05 0.0268099997
v -0.0419510007 0.00289499993 0.0268619992
v -0.0430920012 0.00925900042 0.0267650001
v -0.0270230006 0.00734600006 0.0268530007
v -0.0443000011 0.0109949997 0.0274289995
v -0.0394110009 0.00201399997 0.0262979995
v -0.0413100012 0.00591799989 0.0263650008
v -0.036398001 -0.0110950004 0.0261369999
v -0.0272809993 -0.00158399995 0.0262429994
v -0.0199350007 0.00172399997 0.026331
v -0.0217829999 0.00516900001 0.0263049994
v -0.0497150011 -0.00802600011 0.0263030007
v -0.0517789982 -0.00668600015 0.026819
v -0.0216419995 0.00721399998 0.0268920008
v -0.0387310013 0.00455900002 0.0268460009
v -0.0291370004 0.0097099999 0.0263950005
v -0.0233590007 0.00985199958 0.0264059994
v -0.0250979997 0.0115160001 0.0270959996
v -0.0384729989 0.00966299977 0.0271439999
v -0.0366469994 0.00816399977 0.0264020003
v -0.0319969989 0.00943300035 0.0264049992
v -0.035211999 0.0106849996 0.0271990001
v -0.0370200016 -0.00561999995 0.0262240004
v -0.037184 0.0125970002 0.0265740007
v -0.0421760008 0.0107319998 0.0266769994
v -0.0361929983 0.0147120003 0.0276640002
v -0.0350899994 0.0135169998 0.0267290007
v -0.0309759993 0.0114500001 0.0271899998
v -0.0404959992 0.0132029997 0.0276280008
v -0.0312239993 0.0138889998 0.0265839994
v -0.0543630011 -0.00561500015 0.0265759993
v -0.054779999 -0.00492999982 0.0269169994
v -0.0199030004 0.00930900034 0.0263979994
v -0.020575 0.0114329997 0.0272509996
v -0.0514050014 -0.003578 0.0264919996
v -0.0236579999 0.0122229997 0.0271649994
v -0.019196 0.0137449997 0.0266410001
v -0.0309209991 0.0155769996 0.0275819991
v -0.0277059991 0.0142050004 0.0265640002
v -0.0269520003 -0.00973900035 0.026083
v -0.0252240002 0.0145140002 0.0266490001
v -0.0249879993 0.0158399995 0.0276250001
v -0.0222699996 0.0156079996 0.0276209991
v -0.0187209994 0.0152540002 0.0276340004
v -0.0586480014 0.00433399994 0.011705
v -0.0558560006 0.00738500012 0.0273180008
v -0.0569650009 0.00635399995 0.00752800005
v -0.0648040026 -0.0068450002 0.000230000005
v -0.0660569966 -0.0091909999 0.00608999981
v -0.0639759973 -0.00411899993 0.00846900046
v -0.0630370006 -0.00224200008 0.000862999994
v -0.0532330014 0.00986600015 0.0276239999
v -0.0530389994 0.0100729996 0.0114770001
v -0.0451809987 0.0152890002 0.0261940006
v -0.0461050011 0.0148959998 0.0185780004
v -0.0501910001 0.0122260004 0.0275740009
v -0.0501910001 0.0122260004 0.0275740009
v -0.0651480034 -0.00649899989 0.00878799986
v -0.0605150014 0.00172099995 0.000670999987
v -0.0591449998 0.00321600004 -0.000826000003
v -0.0486049987 0.0116959997 0.0272300001
v -0.0427130014 0.0143950004 0.0272489991
v -0.0495229997 0.0127849998 0.0108030001
v -0.0461050011 0.0148959998 0.0185780004
v -0.0483379997 0.0135030001 0.000847999996
v -0.0456519984 0.0137719996 0.0277709998
v -0.0242449995 0.019932 0.0144779999
v -0.0248830002 0.0199810006 0.0173659995
v -0.0217519999 0.0196029991 0.0190089997
v -0.0167340003 0.0187459998 0.0148550002
v -0.0602589995 0.00233200006 0.00799100008
v -0.0157019999 0.0184920002 0.018716
v -0.0451150015 0.0150840003 0.0274860002
v -0.0435179994 0.0149050001 0.0273579992
v -0.0398739986 0.0164330006 0.027431
v -0.0571990013 0.00694999984 0.0282969996
v -0.0581459999 0.00478000008 0.0275529996
v -0.0563820004 0.00545099983 0.0276069995
v -0.0564640015 0.00431399979 0.0272979997
v -0.0504110008 0.00994400028 0.0272739995
v -0.0105600003 0.0167389996 0.015319
v -0.0525830016 0.00919399969 0.0278779995
v -0.0567810014 0.00555799995 0.0281840004
v -0.0618770011 -0.000241999995 0.0151070002
v -0.0576249994 0.00554100005 0.000628000009
v -0.0381460004 0.0180549994 0.0184719991
v -0.0305400006 0.0196059998 0.0276720002
v -0.0340210013 0.0190420002 0.0170079991
v -0.0537349992 0.00960300025 0.000706000021
v -0.0543249995 0.00847799983 -0.000118000004
v -0.0292109996 0.0197529998 0.0181850009
v -0.0276079997 0.0198449995 0.0133649996
v -0.0430569984 0.0154640004 -0.00160099997
v -0.0500649996 0.0114500001 -0.00152599998
v -0.0422720015 0.0162470005 -7.50000036e-05
v -0.0435380004 0.0160409994 0.000568000018
v -0.0419539995 0.0167539995 0.0189800002
v -0.0374840014 0.0182690006 0.0276660006
v -0.0401040018 0.0179239996 0.0282480009
v -0.0299120005 0.0178769995 0.0272770002
v -0.0346870013 0.0176519994 0.0273780003
v -0.037473999 0.0175620001 0.0284119993
v -0.0396270007 0.0173739996 0.0298519991
v -0.0351409987 0.0195659995 0.0285960007
v -0.0348769985 0.0184010006 0.0295199994
v -0.037494 0.0180980004 0.000734000001
v -0.0342499986 0.0190050006 0.000974999974
v -0.0419539995 0.0167539995 0.0189800002
v -0.0264909994 0.0200389996 0.0214809999
v -0.0533620007 0.00427599996 0.0276590008
v -0.0302370004 0.0194910001 0.00106599997
v -0.0302370004 0.0194910001 0.00106599997
v -0.0498670004 0.0112469997 0.0281009991
v -0.0179949999 0.0190329999 0.0207930002
v -0.0224649999 0.0196800008 0.0276100002
v -0.0177480001 0.0188890006 0.0275100004
v -0.0260480009 0.0181639995 0.0271809995
v -0.0268249996 0.0189820006 0.0274519995
v -0.059528999 0.00323299994 0.0253100004
v -0.0308899991 0.0185000002 0.0276670009
v -0.0342499986 0.0190050006 0.000974999974
v -0.0306020007 0.0203280002 0.0286599994
v -0.0613300018 0.000487999991 0.0274250004
v -0.0295819994 0.0191549994 0.0297679994
v -0.0320440009 0.0199439991 0.0301280003
v -0.0282790009 0.0190340001 0.0281460006
v -0.0635019988 -0.00336099998 0.0275209993
v -0.0645010024 -0.00375099992 0.0284470003
v -0.0640949979 -0.00292099989 0.0294410009
v -0.0623649992 -0.00547900004 0.0272480007
v -0.0595149994 -0.00482500019 0.0273889992
v -0.0580310002 -0.00463100011 0.0265149996
v -0.025711 0.0205029994 0.0284419991
v -0.0288459994 0.0203770008 0.0298319999
v -0.0242759995 0.0206470005 0.0294209998
v -0.0251429994 0.0202690009 0.0301559996
v -0.0301879998 0.0196640007 0.0302319992
v -0.0634220019 -0.00376700005 0.0294829998
v -0.0641589984 -0.00391199999 0.0297899991
v -0.0226809997 0.0184199996 0.0273429994
v -0.0230839998 0.0192150008 0.0293220002
v -0.0620039999 -0.00207799999 0.0277449992
v -0.0608699992 -0.00233600009 0.0272720009
v -0.0209090002 0.0181569997 0.0272439998
v -0.0577550009 0.000119999997 0.0275800005
v -0.0586670004 0.00112599996 0.0273000002
v -0.0625929981 -0.00169299997 0.0298059992
v -0.0213099997 0.0190130007 0.0294259991
v -0.0185170006 0.0188580006 0.0297040008
v -0.0618450008 0.00126399996 0.0288149994
v -0.0610129982 -0.000791000028 0.0278840009
v -0.0616630018 -0.000326999987 0.0298159998
v -0.0209960006 0.0201820005 0.028376
v -0.0184429996 0.0199740008 0.0293620005
v -0.0203150008 0.0203469992 0.0295449998
v -0.0241940003 0.0196449999 0.0300479997
v -0.0210699998 0.0200319998 0.0299619995
v -0.0210699998 0.0200319998 0.0299619995
v -0.0194940008 0.0196659993 0.0301440004
v -0.0622849986 -0.000157000002 0.0297919996
v -0.0607829988 0.0024019999 0.0299139991
v -0.0603410006 0.00135499996 0.0294950008
v -0.0594789982 0.00458500022 0.0287619997
v -0.0576459989 0.0064340001 0.0294460002
v -0.0598560013 0.00165800005 0.0282729995
v -0.0566769987 0.00604500016 0.0295289997
v -0.054680001 0.00948099978 0.0283160005
v -0.0569689982 0.0064170002 0.0297030006
v -0.0534260012 0.00918599963 0.0297379997
v -0.0569689982 0.0064170002 0.0297030006
v -0.0540359989 0.00994999986 0.0299079996
v -0.0540359989 0.00994999986 0.0299079996
v -0.0529789999 0.0104200002 0.0303249992
v -0.0505059995 0.0129920002 0.0288830008
v -0.0521860011 0.0113650002 0.0296449997
v -0.0517800003 0.0106830001 0.029507
v -0.0529789999 0.0104200002 0.0303249992
v -0.0453739986 0.0159210004 0.0286260005
v -0.0505059995 0.0129920002 0.0288830008
v -0.0470530018 0.0150009999 0.0293860007
v -0.0490100011 0.0137329996 0.0296330005
v -0.048413001 0.0133769996 0.0297589991
v -0.0451240018 0.0150420005 0.0294669997
v -0.043242 0.0161230005 0.0299559999
v -0.0449239984 0.0160920005 0.0297129992
v -0.0416929983 0.0177410003 0.0295010004
v -0.0409450009 0.0175870005 0.0301120002
v -0.0398730002 0.0181099996 0.0297839995
v -0.0378109999 0.0184349995 0.030305
v -0.0356019996 0.0194579996 0.0295809992
v -0.0347420014 0.0190340001 0.0300169997
v -0.0634220019 -0.00376700005 0.0294829998
v -0.0625929981 -0.00169299997 0.0298059992
v -0.0616630018 -0.000326999987 0.0298159998
v -0.0603410006 0.00135499996 0.0294950008
v -0.0595429987 0.00331200007 0.0299709998
v -0.0641589984 -0.00391199999 0.0297899991
v -0.0566769987 0.00604500016 0.0295289997
v -0.0521860011 0.0113650002 0.0296449997
v -0.0508069992 0.0124709997 0.0299910009
v 0.00404299982 -0.0109609999 0.0264650006
v 0.00139500003 -0.0109160002 0.0268890001
v 0.00265199994 -0.0147369998 0.0269019995
v 0.00150799996 -0.0210549999 0.0263989996
v -0.000254999992 -0.0130369999 0.0263340008
v -0.00291300006 -0.00741299987 0.0263149999
v 0.000795 -0.0176149998 0.0263829995
v -0.001651 -0.00551099982 0.0268770009
v 0.00303200004 -0.00881899986 0.0264570005
v -0.00889899954 -0.0154919997 0.0262330007
v 0.000314000004 -0.00581200002 0.0265829992
v 0.00679099979 -0.0281559993 0.0271550007
v 0.00600099983 -0.011465 0.0271460004
v 0.00427199993 -0.00766600017 0.0271170009
v 0.00569000002 -0.0270649996 0.0264490005
v 0.00594800012 -0.0220519993 0.0264720004
v -0.00456500007 -0.00165600004 0.0269239992
v -0.00871900003 0.00193000003 0.0269399993
v -0.00696799997 -0.00233800011 0.0263250005
v 0.00734400004 -0.0209229998 0.0271060001
v 0.00845700037 -0.0226729997 0.0271639992
v 0.0035949999 -0.0200830009 0.0268660001
v -0.00187499996 -0.00115799997 0.0264430009
v 0.0102279996 -0.0263500009 0.0265800003
v 0.0118890004 -0.0253609996 0.0277079996
v 0.0105250003 -0.0218020007 0.0266040005
v -0.00779600022 0.00405899994 0.0264090002
v -0.0186780002 -0.0143109998 0.0260770004
v 0.00630099978 -0.0186579991 0.0266100001
v 0.00968100037 -0.0168600008 0.0266440008
v -0.00358800008 0.00288400007 0.0271659996
v -0.00513800001 0.00253599999 0.0265309997
v 0.00177500001 -0.00572100002 0.0265289992
v 0.0021840001 -0.00335299992 0.0272410009
v 0.00528699998 -0.0158920009 0.0264449995
v 0.00632699998 -0.00993799977 0.0271610003
v 0.00674600014 -0.0148019996 0.0271589998
v -0.000632999989 0.000475000008 0.0272460002
v 0.0045739999 -0.0023409999 0.0266069993
v -1.89999992e-05 0.00206399988 0.0267999992
v 0.0119960001 -0.0198209994 0.0277520008
v -0.0173439998 -0.00657400023 0.0261940006
v 0.0108030001 -0.0163749997 0.0271220002
v 0.00784800015 -0.0147230001 0.0271279998
v -0.00538299978 -0.00886199996 0.0263630003
v 0.00929700024 -0.0082949996 0.0276939999
v 0.00903400034 -0.0119960001 0.0265469998
v 0.0104210004 -0.0125449998 0.0275229998
v -0.00434499979 0.00631099986 0.0267629996
v -0.0044470001 0.00482100016 0.0272119995
v 0.000747999991 0.00303400005 0.0267890003
v -0.0156629998 0.0102620004 0.0272780005
v -0.0155560002 0.0128079997 0.0265989993
v -0.0145239998 0.00707999989 0.0264989994
v -0.013518 0.00735000009 0.0264270008
v -0.0114679998 0.00861200038 0.0272519998
v -0.0111389998 0.00114499999 0.0263480004
v -0.0150330001 0.00295199989 0.0263199992
v -0.0135220001 0.0138170002 0.0277089998
v -0.0143999998 0.0050929999 0.0269239992
v -0.0116290003 0.0112640001 0.0265989993
v -0.00916100014 0.00748000015 0.0272720009
v -0.00694700005 0.005748 0.0272279996
v -0.00937199965 0.0102080004 0.0266290009
v -0.00545899989 0.00811399985 0.0267500002
v -0.00645099999 0.0103080003 0.0275819991
v -0.0103850001 0.0126780001 0.0276849996
v -0.00138999999 0.00693600019 0.027671
v 0.00138699997 0.00444799988 0.027609
v -0.00469300011 0.00994899962 0.0276529994
v 0.00767599978 -0.000661000027 0.0272860005
v 0.00436099991 0.00409500021 0.0273850001
v 0.00572599983 -0.001086 0.0276469998
v 0.0061809998 0.00248300005 0.0274739992
v 0.00524100009 0.0048349998 0.028128
v 0.00896899961 -0.000211000006 0.0282329991
v 0.00514699984 0.0060060001 0.0217029992
v 0.00294600008 0.00814099982 0.0275199991
v 0.00717699993 0.0034070001 0.0276740007
v 0.000380000012 0.0079889996 0.0273439996
v 0.00111299998 0.00826700032 0.0275410004
v 0.0113380002 -0.01504 0.0277139992
v 0.0109940004 -0.0117990002 0.0276890006
v 0.00771699985 -0.00829999987 0.0265280008
v 0.00590700004 0.00630499981 0.0284410007
v 0.00423400011 0.00629199995 0.0294189993
v 0.00654300023 0.00333400001 0.0294349995
v 0.00821300037 0.00328100007 0.0285110008
v 0.0126369996 -0.00999899954 0.027245
v 0.0127839996 -0.012844 0.0272579994
v 0.0159109998 -0.0205090009 0.0273969993
v 0.0150100002 -0.0127750002 0.0274020005
v 0.00188700005 0.00918699987 0.0177919995
v -0.0035639999 0.0134709999 0.0176890008
v -0.000600000028 0.0111870002 0.0275079999
v -0.00370200002 0.0133619998 0.0276120007
v 0.0139290001 -0.0158539992 0.0272489991
v 0.0136670005 -0.0135190003 0.0272819996
v 0.0147289997 -0.0167599991 0.0281470008
v 0.004098 0.000729000021 0.0275199991
v 0.0160479993 -0.0164529998 0.0280089993
v 0.0166420005 -0.0183869991 0.0284819994
v 0.0162029993 -0.0181779992 0.0298549999
v 0.0158479996 -0.0166110005 0.0296589993
v 0.0160969999 -0.0141899996 0.0289869998
v 0.0142219998 -0.0100729996 0.0268770009
v 0.0144450003 -0.0124399997 0.0295710005
v 0.0138659999 -0.0101749999 0.0295989998
v 0.0155260004 -0.0129530001 0.0297640003
v 0.0147949997 -0.0108669996 0.0295589995
v 0.0147369998 -0.0100539997 0.0284429993
v 0.0126660001 -0.00562199997 0.0260390006
v -0.00960700028 0.0151789999 0.0272599999
v 0.0130000003 -0.00913699996 0.0282669999
v 0.0120270001 -0.00759800011 0.0274110008
v 0.0133640002 -0.00768700009 0.0275219996
v -0.0122509999 0.0174780004 0.0209550001
v 0.0135939997 -0.00608299999 0.028624
v -0.0172979999 0.0175359994 0.027276
v -0.0126149999 0.0161499996 0.0272679999
v 0.00635900022 -0.00496299984 0.0266139992
v 0.0141989999 -0.0285870004 0.0273960009
v -0.0133969998 0.0168559998 0.0276829991
v 0.00749000022 -0.00409199996 0.0277040005
v -0.0137470001 0.0178939998 0.0276350006
v 0.013948 -0.0274110008 0.0271790009
v 0.0108510004 -0.00565499999 0.0272550005
v -0.00803400017 0.0157500003 0.0275589991
v 0.0151859997 -0.0276219994 0.0295640007
v 0.0127940001 -0.00681800023 0.0299069993
v 0.0146230003 -0.0250359997 0.0275630001
v 0.0100640003 -0.00308599998 0.0275229998
v 0.0112309996 -0.00335799996 0.0297069997
v 0.0105959997 -0.00170999998 0.0261259992
v 0.0108510004 -0.00237799995 0.0274999999
v -0.0114630004 0.0167890005 0.0298200008
v 0.0122140003 -0.00460899994 0.0298129991
v -0.00996199995 0.0173850004 0.0283029992
v 0.0124329999 -0.0036210001 0.0290970001
v 0.0111739999 -0.00142700004 0.0283170007
v 0.0104660001 -0.000107 0.0291980002
v 0.00969099998 -0.00103100005 0.0292629991
v 0.00994300004 -0.000365000014 0.0296630003
v -0.00350499991 0.0114829997 0.0272780005
v -0.00649499986 0.0137590002 0.0274650007
v -0.00156400003 0.0108150002 0.0278200004
v 0.0140429996 -0.0242490005 0.0273419991
v 0.0136019997 -0.00631000008 0.0298660006
v 0.0144419996 -0.00882699993 0.0295770001
v -0.00405699993 0.0143539999 0.0286480002
v -0.00801400002 0.0156180002 0.0301580001
v -0.00518799992 0.0142480005 0.0299929995
v 0.0167590007 -0.0227279998 0.0282460004
v -0.005045 0.0132680004 0.0283930004
v 0.0143609997 -0.0206010006 0.0272080004
v -0.00716499984 0.0160249993 0.0299529992
v 0.0149229998 -0.0229560006 0.0282380003
v -0.0155959995 0.0176320001 0.0282749999
v 0.0162700005 -0.0210040007 0.0282049999
v -0.0178270005 0.0197560005 0.0283669997
v 0.0156089999 -0.0207560007 0.0290770009
v 0.0160050001 -0.0206920002 0.0290949997
v -0.0161850005 0.0182850007 0.0296039991
v -0.0154820001 0.0193140004 0.0297909994
v -0.0173850004 0.0191399995 0.0299820006
v -0.0125900004 0.0178709999 0.0301409997
v 0.0161760002 -0.0286270007 0.0294690002
v -0.0105689997 0.0176839996 0.0294579994
v 0.0162140001 -0.0257309992 0.0290699992
v 0.0157609992 -0.0274020005 0.0298009999
v 0.0165500008 -0.0229969993 0.0295909997
v 0.00128199998 0.00890200026 0.0287120007
v 0.00293800002 0.00775300013 0.0297720004
v 0.000487999991 0.0109479995 0.0282739997
v 0.0027999999 0.00938399974 0.0293680001
v 0.00378699997 0.00848400034 0.0299200006
v 0.00134099997 0.00961699989 0.029941
v 0.001544 0.0101349996 0.0299130008
v 0.00882800017 0.00125299999 0.0232270006
v -0.00057199999 0.0106100002 0.0296289995
v 0.000226000004 0.0110060005 0.0297810007
v -0.00147999998 0.0127710002 0.0293349996
v -0.00176500005 0.0122910002 0.0300479997
v -0.00355800008 0.0138879996 0.0300019998
v 0.00635900022 0.00438300008 0.019599
v 0.00405200012 0.00702599995 0.015505
v 0.00814899988 0.00142400002 0.0294339992
v 0.0078110001 0.00284900004 0.0297229998
v 0.00702700019 0.00468799984 0.0293170009
v 0.00548399985 0.00652599987 0.0297379997
v 0.0154710002 -0.0152589995 0.0294879992
v 0.0153869996 -0.018228 0.0297769997
v 0.0113230003 -0.00180900004 0.0296199992
v 0.0135690002 -0.00790300034 0.0299970005
v 0.0155790001 -0.0254110005 0.0293010008
v 0.0157420002 -0.0224070009 0.029716
v 0.00709600002 0.00374899991 0.0298139993
v 0.00610799994 0.00443200022 0.0297849998
v 0.00531599997 0.00603599986 0.0298989993
v 0.0160050001 -0.0206920002 0.0290949997
v 0.0151859997 -0.0276219994 0.0295640007
v 0.0155790001 -0.0254110005 0.0293010008
v 0.0157420002 -0.0224070009 0.029716
v 0.00902600028 0.00191200001 0.0292150006
vt 0.468593001 0.874809027
vt 0.472869992 0.864598989
vt 0.447578996 0.879945993
vt 0.115461998 0.0266580004
vt 0.118391 0.0457720011
vt 0.129181996 0.0298890006
vt 0.410890996 0.934979975
vt 0.398470014 0.948162973
vt 0.420215994 0.944042981
vt 0.174199998 0.0310900006
vt 0.178339005 0.0175679997
vt 0.149201006 0.0237520002
vt 0.433777988 0.936918974
vt 0.413843006 0.927792013
vt 0.397929013 0.966265023
vt 0.376163006 0.967288971
vt 0.398162991 0.981728971
vt 0.0944480002 0.0454410017
vt 0.0921669975 0.0356400013
vt 0.445547014 0.853147984
vt 0.434951007 0.840390027
vt 0.428140014 0.864637017
vt 0.353969008 0.923676014
vt 0.358456999 0.947944999
vt 0.367639989 0.938564003
vt 0.544937015 0.904576004
vt 0.545029998 0.921294987
vt 0.555950999 0.893109977
vt 0.476947993 0.878589988
vt 0.493744999 0.895240009
vt 0.493155986 0.869763017
vt 0.585712016 0.871665001
vt 0.583130002 0.857239008
vt 0.580088973 0.878543973
vt 0.174823001 0.0387890004
vt 0.204779997 0.0360330008
vt 0.212360993 0.0293109994
vt 0.345885009 0.938493013
vt 0.588413 0.856573999
vt 0.209138006 0.0476109982
vt 0.196186006 0.0450089984
vt 0.191724002 0.0534880012
vt 0.587894976 0.879884005
vt 0.367805004 0.925863981
vt 0.591714025 0.844357014
vt 0.222223997 0.0820820034
vt 0.196007997 0.0855379999
vt 0.320015013 0.929383993
vt 0.560801029 0.913491011
vt 0.551096976 0.927756011
vt 0.543075979 0.950917006
vt 0.340548992 0.916967988
vt 0.562076986 0.937125981
vt 0.231567994 0.0423890017
vt 0.360020012 0.918363988
vt 0.373391002 0.919843972
vt 0.209707007 0.127404004
vt 0.521995008 0.929973006
vt 0.527903974 0.935926974
vt 0.535574019 0.927020013
vt 0.540726006 0.917140007
vt 0.529806018 0.916197002
vt 0.341362 0.907485008
vt 0.324140012 0.910884023
vt 0.364589989 0.910134017
vt 0.181275994 0.116132997
vt 0.128546 0.0490299985
vt 0.142230004 0.0430819988
vt 0.538215995 0.901423991
vt 0.408212006 0.900547028
vt 0.393281996 0.915260971
vt 0.411495 0.91822499
vt 0.118709996 0.108951002
vt 0.146943003 0.116903
vt 0.124462001 0.0671349987
vt 0.414099008 0.907864988
vt 0.481633008 0.912503004
vt 0.482733011 0.931385994
vt 0.490301013 0.921275973
vt 0.469338 0.926594973
vt 0.39309901 0.904591024
vt 0.370011985 0.899942994
vt 0.507624984 0.930729985
vt 0.525403976 0.913331985
vt 0.517359972 0.914035022
vt 0.505093992 0.911925972
vt 0.401030988 0.894993007
vt 0.386115998 0.888692021
vt 0.498916 0.906813025
vt 0.511765003 0.888234019
vt 0.523746014 0.886646986
vt 0.505353987 0.897325993
vt 0.155515999 0.0363049991
vt 0.156990007 0.0437039994
vt 0.341917992 0.886627018
vt 0.169742003 0.0553070009
vt 0.153189003 0.0547470003
vt 0.549476981 0.890942991
vt 0.501241982 0.887403011
vt 0.510145009 0.879131973
vt 0.351231992 0.881560028
vt 0.197808996 0.0249910001
vt 0.501509011 0.872907996
vt 0.575121999 0.930576026
vt 0.369540006 0.868817985
vt 0.341805011 0.872834027
vt 0.570914984 0.900352001
vt 0.120274998 0.166306004
vt 0.164416999 0.129059002
vt 0.162825003 0.097450003
vt 0.400121987 0.878911972
vt 0.523424983 0.904240012
vt 0.528494 0.897126019
vt 0.534493029 0.890197992
vt 0.120209001 0.0589650013
vt 0.144318998 0.061005
vt 0.382302999 0.845502019
vt 0.372767001 0.851212025
vt 0.108434997 0.072186999
vt 0.347925007 0.855660021
vt 0.146473005 0.157123998
vt 0.173594996 0.154051006
vt 0.129252002 0.01523
vt 0.366636008 0.840717971
vt 0.166320994 0.0648500025
vt 0.194444001 0.141935006
vt 0.553439021 0.874646008
vt 0.463602006 0.963051975
vt 0.467682987 0.968959987
vt 0.479510009 0.960792005
vt 0.45679599 0.969461977
vt 0.544619977 0.874476016
vt 0.531027019 0.882663012
vt 0.536198974 0.875214994
vt 0.0986720026 0.115335003
vt 0.534017026 0.86954999
vt 0.0859170035 0.0678419992
vt 0.0924990028 0.0719159991
vt 0.461012006 0.949176013
vt 0.479869008 0.951825976
vt 0.469226003 0.938064992
vt 0.0852300003 0.0770979971
vt 0.0619029999 0.0762479976
vt 0.558372021 0.854668975
vt 0.551662982 0.856096983
vt 0.440156996 0.956547022
vt 0.45234701 0.943983018
vt 0.0480219983 0.0850469992
vt 0.0681620017 0.0972469971
vt 0.0985660031 0.0578919984
vt 0.0756170005 0.0590789989
vt 0.0706569999 0.0668250024
vt 0.539125979 0.863803029
vt 0.0785719976 0.0431010015
vt 0.518563986 0.872723997
vt 0.451059014 0.935872018
vt 0.443379015 0.932439983
vt 0.462637007 0.924691975
vt 0.456678987 0.922311008
vt 0.224527001 0.0180270001
vt 0.439705014 0.925119996
vt 0.230454996 0.0222440008
vt 0.520644009 0.856522024
vt 0.504474998 0.861424983
vt 0.200977996 0.0120320003
vt 0.220366001 0.0132370004
vt 0.437967986 0.919542015
vt 0.429511994 0.924098015
vt 0.475333005 0.981706023
vt 0.496134013 0.973212004
vt 0.493409008 0.962282002
vt 0.487150997 0.84908998
vt 0.475033998 0.913506985
vt 0.258271009 0.0267229993
vt 0.250829995 0.0221839994
vt 0.232153997 0.0305489991
vt 0.462121993 0.90249902
vt 0.446844995 0.912482023
vt 0.149198994 0.0142729999
vt 0.255528003 0.0383739993
vt 0.27432999 0.0363500006
vt 0.26444301 0.0322309993
vt 0.0905340016 0.0262419991
vt 0.169933006 0.00922099967
vt 0.226171002 0.0388530008
vt 0.0624770001 0.0581750013
vt 0.487432986 0.899414003
vt 0.438993007 0.973228991
vt 0.442838013 0.975573003
vt 0.479656011 0.89973098
vt 0.0516170003 0.065824002
vt 0.42178899 0.961763978
vt 0.040959999 0.0707089975
vt 0.042746 0.0626310036
vt 0.46371901 0.89647001
vt 0.513701022 0.97813803
vt 0.516662002 0.964972019
vt 0.507386029 0.976171017
vt 0.46806401 0.888007998
vt 0.524160028 0.971265018
vt 0.115272 0.0191699993
vt 0.416184992 0.978986979
vt 0.407772988 0.981877983
vt 0.41900301 0.988969028
vt 0.46143201 0.884131014
vt 0.0620450005 0.0466069989
vt 0.452553988 0.893967986
vt 0.0718989968 0.0390489995
vt 0.430828005 0.916477025
vt 0.0609980002 0.0362280011
vt 0.398023993 0.958287001
vt 0.437061995 0.906401992
vt 0.426149994 0.913304985
vt 0.441980988 0.984506011
vt 0.0415120013 0.0454589985
vt 0.423473001 0.894294024
vt 0.526696026 0.957823992
vt 0.44077 0.896822989
vt 0.428135991 0.952405989
vt 0.527629018 0.944284022
vt 0.543475986 0.964085996
vt 0.557919979 0.955247998
vt 0.555400014 0.962060988
vt 0.443255007 0.875082016
vt 0.419966012 0.887742996
vt 0.565375984 0.95808202
vt 0.510447025 0.959351003
vt 0.482641011 0.867060006
vt 0.512103021 0.944073021
vt 0.47635901 0.857967019
vt 0.457549989 0.862886012
vt 0.0818979964 0.122397996
vt 0.488456011 0.948342979
vt 0.474597991 0.852783024
vt 0.461328 0.847442985
vt 0.356552988 0.979049027
vt 0.329427004 0.980796993
vt 0.361802995 0.987353981
vt 0.347746015 0.962508976
vt 0.344476998 0.973843992
vt 0.337125987 0.973506987
vt 0.424856007 0.878152013
vt 0.339524001 0.953818977
vt 0.41118899 0.886021972
vt 0.502721012 0.938565016
vt 0.433360994 0.870184004
vt 0.321945012 0.970155001
vt 0.31703499 0.965072989
vt 0.321889013 0.949953973
vt 0.37123999 0.98120898
vt 0.379200995 0.991047978
vt 0.44926399 0.866294026
vt 0.373144001 0.958149016
vt 0.453242004 0.861486018
vt 0.456405997 0.851258993
vt 0.440524995 0.862110019
vt 0.381974012 0.981436014
vt 0.284401 0.0891600028
vt 0.400061995 0.862334013
vt 0.620315015 0.949705005
vt 0.376926005 0.951090991
vt 0.40130499 0.844210982
vt 0.383944988 0.927661002
vt 0.570147991 0.891205013
vt 0.399408996 0.925104022
vt 0.581285 0.893854976
vt 0.391593993 0.924255013
vt 0.581981003 0.909518003
vt 0.586454988 0.89843899
vt 0.571736991 0.862811983
vt 0.574392974 0.867218018
vt 0.309415996 0.976902008
vt 0.0669170022 0.363902986
vt 0.072695002 0.333267003
vt 0.0619519986 0.339996994
vt 0.0618809983 0.356860995
vt 0.30141601 0.918228984
vt 0.0196359996 0.0513870008
vt 0.0161470007 0.0669889972
vt 0.0243069995 0.0551210009
vt 0.103485003 0.338553995
vt 0.0999130011 0.318913013
vt 0.0937680006 0.340447009
vt 0.00972899981 0.0536740012
vt 0.00968800019 0.056814
vt 0.00968800019 0.056814
vt 0.00896000024 0.0561829992
vt 0.00922099967 0.0561439991
vt 0.764263988 0.991047978
vt 0.764263988 0.991047978
vt 0.764524996 0.991007984
vt 0.00896000024 0.0561829992
vt 0.177339002 0.954500973
vt 0.182683006 0.955730021
vt 0.183177993 0.949804008
vt 0.273822993 0.966654003
vt 0.275797993 0.964920998
vt 0.272561997 0.959123015
vt 0.0906409994 0.360071987
vt 0.0838560015 0.345591009
vt 0.0794780031 0.354680985
vt 0.0699729994 0.370063007
vt 0.074424997 0.390947014
vt 0.189607993 0.938251019
vt 0.176260993 0.936526
vt 0.308867007 0.895420015
vt 0.0817060024 0.384851009
vt 0.294757009 0.901072025
vt 0.103652 0.354918987
vt 0.0617889985 0.384308994
vt 0.0839859992 0.412003011
vt 0.0831329972 0.37192899
vt 0.208066002 0.889470994
vt 0.193737 0.905350983
vt 0.204825997 0.901098013
vt 0.113776997 0.353027999
vt 0.192007005 0.879826009
vt 0.0930289999 0.400081992
vt 0.0885220021 0.40890801
vt 0.326308995 0.897635996
vt 0.313412994 0.887669027
vt 0.0296739992 0.0505810007
vt 0.331741989 0.873459995
vt 0.102684997 0.371414006
vt 0.117204003 0.253327012
vt 0.101181999 0.265222996
vt 0.0956339985 0.27719
vt 0.300960004 0.867511988
vt 0.319873989 0.869795024
vt 0.306046009 0.858644009
vt 0.0928130001 0.377434999
vt 0.100213997 0.407155991
vt 0.112272002 0.421238005
vt 0.108009003 0.403297007
vt 0.101320997 0.426050007
vt 0.0984669998 0.437036991
vt 0.076162003 0.420702994
vt 0.114729002 0.312474012
vt 0.109038003 0.295287013
vt 0.0849549994 0.274363011
vt 0.0809200034 0.297996014
vt 0.0744389966 0.295691013
vt 0.0935769975 0.442496985
vt 0.0804570019 0.431641996
vt 0.101288997 0.388711005
vt 0.0824299976 0.304729998
vt 0.102820002 0.280939996
vt 0.117546998 0.392695993
vt 0.113865003 0.446711004
vt 0.0900660008 0.313066006
vt 0.0968990028 0.300002992
vt 0.112342 0.452297986
vt 0.110197999 0.459623009
vt 0.100084998 0.462240994
vt 0.0891069993 0.443982989
vt 0.0650240034 0.325242013
vt 0.0191549994 0.076286003
vt 0.153623 0.747057974
vt 0.186750993 0.781626999
vt 0.195216 0.762624025
vt 0.0126029998 0.0723370016
vt 0.0714230016 0.218012005
vt 0.0711510032 0.197053
vt 0.0558819994 0.201849997
vt 0.156287998 0.959976017
vt 0.169365004 0.940636992
vt 0.161096007 0.940989017
vt 0.142263994 0.78788501
vt 0.115405999 0.788480997
vt 0.139909998 0.805987
vt 0.170994997 0.959403992
vt 0.0887840018 0.196472004
vt 0.103437997 0.201585993
vt 0.126801997 0.763668001
vt 0.148699999 0.76651901
vt 0.0802259967 0.221756995
vt 0.0997700021 0.240263999
vt 0.0994059965 0.234277993
vt 0.0909819975 0.241466001
vt 0.0592360012 0.223302007
vt 0.0683730021 0.227724999
vt 0.0870909989 0.223787993
vt 0.071810998 0.233969003
vt 0.255111009 0.867886007
vt 0.26267001 0.89073801
vt 0.277007014 0.890980005
vt 0.137062997 0.745598018
vt 0.168014005 0.917463005
vt 0.292154998 0.877138019
vt 0.151975006 0.94037497
vt 0.114627004 0.765357971
vt 0.0778229982 0.264459014
vt 0.107713997 0.245642006
vt 0.104319997 0.253363997
vt 0.202740997 0.921115994
vt 0.195755005 0.935434997
vt 0.268467993 0.869168997
vt 0.210296005 0.907090008
vt 0.175539002 0.898261011
vt 0.185306996 0.902773976
vt 0.290376008 0.862828016
vt 0.166813999 0.897656024
vt 0.0296700001 0.897243977
vt 0.0291729998 0.925987005
vt 0.0655649975 0.917101026
vt 0.297033995 0.840251982
vt 0.285183012 0.843029022
vt 0.177668005 0.728797019
vt 0.146776006 0.715213001
vt 0.139666006 0.734331012
vt 0.183302999 0.875635982
vt 0.297529012 0.831116021
vt 0.0477540009 0.840806007
vt 0.103312001 0.870400012
vt 0.101002999 0.844462991
vt 0.0933820009 0.824495971
vt 0.159925997 0.904492021
vt 0.165662006 0.878086984
vt 0.135226995 0.91849798
vt 0.0358130001 0.882116973
vt 0.221754 0.892531991
vt 0.04397 0.857861996
vt 0.211665004 0.883047998
vt 0.0513769984 0.817207992
vt 0.324099004 0.863849998
vt 0.058600001 0.795382023
vt 0.208441004 0.867891014
vt 0.328514993 0.853083014
vt 0.174466997 0.863599002
vt 0.316278011 0.851360977
vt 0.187399 0.862653971
vt 0.33869499 0.844879985
vt 0.172344998 0.849229991
vt 0.326705992 0.827977002
vt 0.195087001 0.859156013
vt 0.182013005 0.844222009
vt 0.0385669991 0.938628972
vt 0.177103996 0.846693993
vt 0.172499999 0.83019799
vt 0.217164993 0.866904974
vt 0.211831003 0.843761981
vt 0.198001996 0.839838982
vt 0.0218509994 0.919744015
vt 0.0181450006 0.932341993
vt 0.0830349997 0.784949005
vt 0.0807060003 0.771794021
vt 0.218263999 0.842826009
vt 0.0665519983 0.260015994
vt 0.0717289969 0.268317014
vt 0.0798560008 0.236458004
vt 0.223920003 0.860091984
vt 0.0129800001 0.934222996
vt 0.0152930003 0.920651972
vt 0.189339995 0.838922977
vt 0.00906199962 0.933781028
vt 0.0719470009 0.243718997
vt 0.0688889995 0.241329998
vt 0.0140319997 0.916143
vt 0.0220229998 0.897709012
vt 0.314722002 0.830157995
vt 0.051690001 0.354360014
vt 0.0493500009 0.344105989
vt 0.0481939986 0.360244989
vt 0.0373170003 0.356460989
vt 0.194294006 0.818302989
vt 0.185793996 0.816281974
vt 0.0383710004 0.841494024
vt 0.0489990003 0.80033499
vt 0.220669001 0.826171994
vt 0.0363380015 0.830461025
vt 0.247762993 0.877016008
vt 0.256689012 0.900245011
vt 0.201216996 0.819270015
vt 0.0601160005 0.293951988
vt 0.0565590002 0.276683986
vt 0.0505679995 0.375923991
vt 0.247152001 0.853789985
vt 0.239390999 0.870989025
vt 0.229901001 0.871209979
vt 0.214626998 0.81664902
vt 0.0193460006 0.906862974
vt 0.231543005 0.856728971
vt 0.0570270009 0.26602599
vt 0.0367630012 0.372079998
vt 0.0397569984 0.386759013
vt 0.263092011 0.851592004
vt 0.0472810008 0.294923007
vt 0.0337559991 0.872461975
vt 0.0281039998 0.868556023
vt 0.205395997 0.807790995
vt 0.0221219994 0.886970997
vt 0.0164349992 0.905318975
vt 0.033884 0.372810006
vt 0.0316089988 0.357322991
vt 0.226909995 0.79084003
vt 0.246050999 0.84008199
vt 0.042227 0.805553973
vt 0.032825999 0.382813007
vt 0.0633089989 0.299728006
vt 0.221763998 0.788954973
vt 0.232347995 0.837634981
vt 0.035916999 0.402294993
vt 0.03596 0.384600997
vt 0.180849999 0.802134991
vt 0.250636995 0.836498976
vt 0.0538909994 0.410317987
vt 0.266573995 0.836390972
vt 0.0656450018 0.411971986
vt 0.0707269982 0.395983994
vt 0.251453996 0.809710979
vt 0.186473995 0.797447979
vt 0.257079989 0.810141027
vt 0.266692013 0.815765977
vt 0.204179004 0.784663975
vt 0.196747005 0.784021974
vt 0.0495930016 0.331571996
vt 0.0555359982 0.328841001
vt 0.0551780015 0.310220003
vt 0.212897003 0.774457991
vt 0.071657002 0.426798999
vt 0.287602007 0.814547002
vt 0.0629199967 0.776844978
vt 0.0576499999 0.776138008
vt 0.0478839986 0.406008005
vt 0.0430690013 0.305999994
vt 0.0472779982 0.307814986
vt 0.232692003 0.817803979
vt 0.0320550017 0.0896899998
vt 0.243348002 0.826426029
vt 0.0228669997 0.878081024
vt 0.0710889995 0.741611004
vt 0.0381649993 0.331402004
vt 0.0600120015 0.424962997
vt 0.0330029987 0.852536976
vt 0.0204189997 0.086672999
vt 0.0276999995 0.857120991
vt 0.0353239998 0.327775002
vt 0.0551999994 0.42712
vt 0.237683997 0.807609022
vt 0.0622849986 0.752095997
vt 0.0422829986 0.408115
vt 0.0503459983 0.777678013
vt 0.0464540012 0.785143971
vt 0.0467710011 0.426744998
vt 0.0420470014 0.413758993
vt 0.0507970005 0.428155988
vt 0.075515002 0.450195998
vt 0.0514720008 0.770690024
vt 0.0578700006 0.756192982
vt 0.038846001 0.341702998
vt 0.0471110009 0.121188998
vt 0.0179089997 0.0912860036
vt 0.0180949997 0.102880999
vt 0.151902005 0.955223978
vt 0.0312479995 0.843972981
vt 0.0333320014 0.34286201
vt 0.123439997 0.745027006
vt 0.0238700006 0.0464049987
vt 0.013855 0.0479330011
vt 0.136550993 0.942988992
vt 0.281614989 0.959707022
vt 0.0950990021 0.734806001
vt 0.28185901 0.943458974
vt 0.29033801 0.957248986
vt 0.286826998 0.936909974
vt 0.296528012 0.93681401
vt 0.0382560007 0.138749003
vt 0.274253011 0.919254005
vt 0.309103996 0.969929993
vt 0.300383002 0.957036018
vt 0.097517997 0.94897902
vt 0.309002995 0.937469006
vt 0.121151999 0.721876025
vt 0.134341002 0.71339798
vt 0.251736999 0.935459971
vt 0.270025998 0.934377015
vt 0.248331994 0.923475981
vt 0.28687799 0.920786023
vt 0.0832979977 0.442122012
vt 0.079715997 0.728452981
vt 0.218907997 0.910088003
vt 0.25218901 0.917266011
vt 0.120894 0.832351983
vt 0.150230005 0.834495008
vt 0.132804006 0.813956022
vt 0.270392001 0.901535988
vt 0.0673220009 0.455852002
vt 0.233776003 0.902074993
vt 0.0574879982 0.447398007
vt 0.0535300002 0.449889988
vt 0.0548329987 0.759324014
vt 0.0605189987 0.735015988
vt 0.0519089997 0.758203983
vt 0.0644730031 0.734822989
vt 0.0686530024 0.728591025
vt 0.083525002 0.457747996
vt 0.094374001 0.463205993
vt 0.0796720013 0.710748017
vt 0.0747269988 0.463364005
vt 0.0698029995 0.466145992
vt 0.062895 0.470876008
vt 0.097078003 0.691461027
vt 0.118148997 0.685495973
vt 0.0944890007 0.475805014
vt 0.0817459971 0.47606799
vt 0.0789590031 0.482035995
vt 0.0890140012 0.476218998
vt 0.106848001 0.480572999
vt 0.0695250034 0.174383998
vt 0.235835999 0.902263999
vt 0.225232005 0.912698984
vt 0.0876239985 0.486694992
vt 0.231477007 0.887197971
vt 0.0963189974 0.171115994
vt 0.0932789966 0.496670991
vt 0.106862001 0.497797012
vt 0.0683180019 0.722091019
vt 0.075538002 0.708467007
vt 0.0756359994 0.70185101
vt 0.0819709972 0.69155401
vt 0.0922129974 0.685371995
vt 0.101774998 0.668815017
vt 0.0952489972 0.669556975
vt 0.138021007 0.183763996
vt 0.292558014 0.967691004
vt 0.039717 0.410016
vt 0.0603719987 0.744588017
vt 0.0692000017 0.710294008
vt 0.0736489967 0.488831997
vt 0.0725589991 0.705572009
vt 0.0768949986 0.687699974
vt 0.086868003 0.504230022
vt 0.49891901 0.849824011
vt 0.422033012 0.808075011
vt 0.434597999 0.805333018
vt 0.422895014 0.794817984
vt 0.398635 0.804172993
vt 0.395395011 0.817439973
vt 0.520959973 0.69195497
vt 0.526076972 0.670261979
vt 0.511210024 0.678451002
vt 0.497063994 0.754137993
vt 0.478080988 0.762865007
vt 0.481792003 0.774640977
vt 0.450996011 0.842073977
vt 0.439123005 0.793232024
vt 0.440863997 0.828850985
vt 0.479712993 0.658891976
vt 0.494266987 0.656086028
vt 0.471962988 0.652806997
vt 0.488276988 0.639331996
vt 0.425105989 0.785722017
vt 0.491185009 0.740733027
vt 0.451896012 0.795508981
vt 0.410824001 0.781134009
vt 0.438207 0.705902994
vt 0.421673 0.702089012
vt 0.430575997 0.715018988
vt 0.392764986 0.706053972
vt 0.397240013 0.721966982
vt 0.411357999 0.712732017
vt 0.400063008 0.765181005
vt 0.417079002 0.761155009
vt 0.389241993 0.785741985
vt 0.401822001 0.641861975
vt 0.41275999 0.653735995
vt 0.428609997 0.644823015
vt 0.398936003 0.750930011
vt 0.422443986 0.733628988
vt 0.40317601 0.732459009
vt 0.463169992 0.652761996
vt 0.423200011 0.752075016
vt 0.429435998 0.739812016
vt 0.444768012 0.651126981
vt 0.543514013 0.70628202
vt 0.529691994 0.708410978
vt 0.539923012 0.720013022
vt 0.505183995 0.685142994
vt 0.49474299 0.686182976
vt 0.473096997 0.77621299
vt 0.478489012 0.792949975
vt 0.45273301 0.837141991
vt 0.455172986 0.824598014
vt 0.558480024 0.841445982
vt 0.567968011 0.833791018
vt 0.576963007 0.85157001
vt 0.461403012 0.811333001
vt 0.463622987 0.833100021
vt 0.452564001 0.707979977
vt 0.46153599 0.715964019
vt 0.475003988 0.70648998
vt 0.450944006 0.773741007
vt 0.452930987 0.783595026
vt 0.463445991 0.78914398
vt 0.482847989 0.729803979
vt 0.427213997 0.81942898
vt 0.445349008 0.782360971
vt 0.484272987 0.702008009
vt 0.472193003 0.694139004
vt 0.455899 0.811577022
vt 0.465449989 0.761367023
vt 0.584033012 0.840731978
vt 0.575721979 0.828410029
vt 0.468504995 0.747595012
vt 0.461836994 0.752092004
vt 0.491346002 0.690523028
vt 0.500541985 0.700882971
vt 0.582617998 0.813565016
vt 0.475816995 0.680679023
vt 0.490550995 0.836942017
vt 0.571963012 0.801087022
vt 0.575621009 0.801918983
vt 0.501547992 0.672194004
vt 0.477201015 0.672820985
vt 0.483787 0.835524976
vt 0.479663014 0.844164014
vt 0.518082023 0.761174023
vt 0.512664974 0.765698016
vt 0.506413996 0.823967993
vt 0.501129985 0.735095024
vt 0.506365001 0.732209027
vt 0.547025979 0.699747026
vt 0.523554027 0.741102993
vt 0.537536025 0.672088981
vt 0.496100992 0.813668013
vt 0.491037995 0.820330977
vt 0.539035976 0.84898001
vt 0.483316988 0.826508999
vt 0.540544987 0.831870973
vt 0.474072009 0.831878006
vt 0.515673995 0.656606972
vt 0.552659988 0.835443974
vt 0.558925986 0.817099988
vt 0.482291996 0.815528989
vt 0.543820977 0.849492013
vt 0.517440975 0.648207009
vt 0.525503993 0.735421002
vt 0.513989985 0.720847011
vt 0.514662027 0.712783992
vt 0.489899009 0.804747999
vt 0.545951009 0.831713974
vt 0.493178993 0.799745023
vt 0.509747028 0.808430016
vt 0.487075001 0.733439028
vt 0.483810991 0.807595015
vt 0.520022988 0.847868979
vt 0.500914991 0.632646024
vt 0.507035971 0.790929973
vt 0.453276008 0.730117023
vt 0.523648024 0.841153979
vt 0.490754992 0.789588988
vt 0.519738972 0.637567997
vt 0.483909994 0.795704007
vt 0.477762014 0.632036984
vt 0.48951599 0.62014401
vt 0.508683026 0.845248997
vt 0.432235986 0.720615983
vt 0.518836021 0.828505993
vt 0.457612991 0.793138981
vt 0.415890992 0.691711009
vt 0.526286006 0.829119027
vt 0.426685005 0.767563999
vt 0.435869992 0.76067102
vt 0.510178983 0.829650998
vt 0.425253987 0.682457983
vt 0.402090013 0.685478985
vt 0.402287006 0.67514199
vt 0.512287021 0.821969986
vt 0.394598991 0.661943972
vt 0.412864 0.671553016
vt 0.417180985 0.658838987
vt 0.451655 0.743228972
vt 0.439197987 0.737213016
vt 0.551450014 0.807808995
vt 0.385502011 0.769962013
vt 0.547773004 0.81250602
vt 0.540085018 0.814680994
vt 0.44164601 0.717787981
vt 0.388848007 0.761896014
vt 0.526082993 0.816268027
vt 0.454005986 0.685977995
vt 0.382867992 0.759203017
vt 0.559318006 0.797113001
vt 0.461726993 0.691016018
vt 0.402429998 0.830460012
vt 0.54124099 0.803716004
vt 0.374810994 0.829127014
vt 0.544281006 0.786592007
vt 0.525479019 0.805266023
vt 0.466482013 0.675469995
vt 0.443383008 0.692663014
vt 0.384272009 0.802507997
vt 0.442003012 0.684520006
vt 0.519632995 0.803107023
vt 0.384407997 0.749511003
vt 0.449607015 0.671280026
vt 0.438623995 0.671006978
vt 0.36628601 0.811708987
vt 0.524362981 0.792439997
vt 0.537542999 0.784659982
vt 0.457792014 0.668155015
vt 0.446767986 0.657706976
vt 0.424697012 0.66702503
vt 0.566769004 0.774975002
vt 0.555648983 0.777275026
vt 0.420747012 0.721331
vt 0.572679996 0.776781023
vt 0.454086006 0.634338975
vt 0.550562978 0.776252985
vt 0.423395991 0.674831986
vt 0.552762985 0.760370016
vt 0.374621004 0.789305985
vt 0.532912016 0.783258021
vt 0.521485984 0.778687
vt 0.538303018 0.775833011
vt 0.443347991 0.725230992
vt 0.515242994 0.774689972
vt 0.503050029 0.767911971
vt 0.449297994 0.717972994
vt 0.453788996 0.629611015
vt 0.473291993 0.614476025
vt 0.535130978 0.765836
vt 0.470214993 0.606056988
vt 0.542918026 0.761705995
vt 0.534425974 0.755717993
vt 0.421909988 0.634873986
vt 0.529805005 0.752561986
vt 0.55705899 0.734839022
vt 0.559911013 0.72862798
vt 0.573845983 0.761924982
vt 0.564602017 0.754527986
vt 0.534821987 0.726369977
vt 0.555588007 0.74586302
vt 0.434455991 0.624534011
vt 0.439810008 0.618129015
vt 0.566820979 0.74822402
vt 0.443044007 0.611769021
vt 0.546867013 0.739889026
vt 0.542304993 0.742684007
vt 0.541895986 0.730705976
vt 0.422035009 0.618633986
vt 0.399953008 0.632762015
vt 0.343217999 0.81152302
vt 0.369902015 0.755782008
vt 0.361191988 0.746581018
vt 0.322991997 0.756810009
vt 0.331360012 0.749853015
vt 0.311527997 0.747745991
vt 0.363411009 0.804087996
vt 0.113688998 0.489697993
vt 0.298117995 0.79043299
vt 0.308068007 0.763475001
vt 0.287627012 0.771996975
vt 0.352539003 0.789597988
vt 0.295929998 0.761555016
vt 0.388496011 0.654954016
vt 0.293599993 0.74130398
vt 0.29034099 0.75197202
vt 0.304720014 0.739144981
vt 0.299477994 0.734643996
vt 0.288511008 0.734705985
vt 0.292454988 0.670939028
vt 0.296896994 0.676105022
vt 0.317604005 0.659030974
vt 0.309581012 0.655335009
vt 0.328965992 0.658991992
vt 0.309246987 0.725274026
vt 0.294445992 0.722525001
vt 0.256256998 0.682416022
vt 0.242289007 0.691397011
vt 0.239409998 0.703248978
vt 0.377449989 0.709964991
vt 0.378928006 0.698819995
vt 0.365743995 0.701385975
vt 0.367422998 0.714641988
vt 0.321666986 0.737709999
vt 0.211208999 0.754387975
vt 0.226227999 0.696497023
vt 0.231711 0.704926014
vt 0.220153004 0.766538978
vt 0.366403997 0.694947004
vt 0.281998008 0.752273977
vt 0.282772988 0.730495989
vt 0.219597995 0.754733026
vt 0.371030003 0.688628018
vt 0.383192003 0.689951003
vt 0.265875012 0.747093022
vt 0.259189993 0.687364995
vt 0.272347987 0.736422002
vt 0.227899998 0.753179014
vt 0.275968999 0.675374985
vt 0.280102998 0.66813302
vt 0.282209009 0.725557029
vt 0.336502999 0.821911991
vt 0.385661989 0.678345978
vt 0.243561 0.656665981
vt 0.229804993 0.653362989
vt 0.36608699 0.684413016
vt 0.334771007 0.728778005
vt 0.337969989 0.714236975
vt 0.330029994 0.813964009
vt 0.353085011 0.698792994
vt 0.301930994 0.715457976
vt 0.353000998 0.706043005
vt 0.324683994 0.713397026
vt 0.339637011 0.705334008
vt 0.314144999 0.708391011
vt 0.337852001 0.695686996
vt 0.355176002 0.688022017
vt 0.31576401 0.817155004
vt 0.300141007 0.814737022
vt 0.307296991 0.707243025
vt 0.357692003 0.68325901
vt 0.370204985 0.677250981
vt 0.320356995 0.70303297
vt 0.161296993 0.693697989
vt 0.349505007 0.677636981
vt 0.338970989 0.690244019
vt 0.328474998 0.686249971
vt 0.319958001 0.802685976
vt 0.296238005 0.703384995
vt 0.27512899 0.716623008
vt 0.290174007 0.719096005
vt 0.307476997 0.804668009
vt 0.28787601 0.700484991
vt 0.371188998 0.660268009
vt 0.37786299 0.664336979
vt 0.376248002 0.650617003
vt 0.370092005 0.645596981
vt 0.36470899 0.652567983
vt 0.337796003 0.79637301
vt 0.390392005 0.67483902
vt 0.266104013 0.693010986
vt 0.350024015 0.781081975
vt 0.368061006 0.770856977
vt 0.326676011 0.791487992
vt 0.316920996 0.781238973
vt 0.345586002 0.770954013
vt 0.388568997 0.644411981
vt 0.336198002 0.78017199
vt 0.353682011 0.668290019
vt 0.341376007 0.672619998
vt 0.353727013 0.764081001
vt 0.113727003 0.66149199
vt 0.351915985 0.660739005
vt 0.333537012 0.767194986
vt 0.0997290015 0.504230022
vt 0.354880989 0.648956001
vt 0.332035005 0.665527999
vt 0.333314002 0.649948001
vt 0.35107699 0.637597024
vt 0.340400994 0.756810009
vt 0.172389001 0.674844027
vt 0.381747991 0.735696971
vt 0.27532199 0.795518994
vt 0.264025986 0.792017996
vt 0.380528003 0.724439025
vt 0.323828995 0.625742018
vt 0.332599998 0.643451989
vt 0.362767011 0.732379019
vt 0.288102001 0.794071972
vt 0.130813003 0.628369987
vt 0.262630999 0.780770004
vt 0.266932011 0.774590015
vt 0.350760996 0.602185011
vt 0.333564997 0.592105985
vt 0.240474999 0.791961014
vt 0.149455994 0.615374982
vt 0.324582994 0.697027981
vt 0.238501996 0.765305996
vt 0.274131 0.647449017
vt 0.112953998 0.644722998
vt 0.348773986 0.720691025
vt 0.118835002 0.639760971
vt 0.246493995 0.769951999
vt 0.247667 0.779730022
vt 0.302094012 0.646233976
vt 0.258776993 0.790997028
vt 0.286071986 0.625558972
vt 0.210077003 0.74089098
vt 0.234274998 0.758853972
vt 0.204383999 0.741650999
vt 0.247305006 0.750500977
vt 0.243017003 0.745059013
vt 0.256745994 0.769199014
vt 0.260150999 0.759998977
vt 0.254954994 0.758804977
vt 0.219766006 0.745891988
vt 0.272814989 0.763363004
vt 0.281248987 0.759308994
vt 0.746358991 0.991047978
vt 0.744890988 0.988005996
vt 0.744080007 0.987589002
vt 0.744890988 0.988005996
vt 0.74445498 0.987782001
vt 0.744080007 0.987589002
vt 0.268858999 0.765423
vt 0.268858999 0.765423
vt 0.236670002 0.742083013
vt 0.230734006 0.733057022
vt 0.227452993 0.725802004
vt 0.220098004 0.725045979
vt 0.214249998 0.724120021
vt 0.169797003 0.598025978
vt 0.246279001 0.591260016
vt 0.231391996 0.604773998
vt 0.205744997 0.619379997
vt 0.294923007 0.596343994
vt 0.321772993 0.609557986
vt 0.218786001 0.719274998
vt 0.338676989 0.74447
vt 0.194110006 0.589088976
vt 0.401383996 0.621825993
vt 0.379842013 0.630060017
vt 0.327147007 0.678045988
vt 0.369886994 0.639061987
vt 0.254584998 0.715915978
vt 0.258190989 0.724808991
vt 0.307260007 0.688916028
vt 0.253766 0.707140028
vt 0.243679002 0.708330989
vt 0.29430899 0.684318006
vt 0.307660013 0.683986008
vt 0.26186499 0.732427001
vt 0.308685005 0.675765991
vt 0.267488986 0.715677023
vt 0.281619996 0.69333899
vt 0.268828988 0.695505023
vt 0.359631002 0.589330971
vt 0.281946987 0.684871018
vt 0.323740005 0.251587003
vt 0.309322 0.256796986
vt 0.331761986 0.271203011
vt 0.234834999 0.198587
vt 0.210231006 0.201747
vt 0.211567 0.209316999
vt 0.25929901 0.281235009
vt 0.29587099 0.281877995
vt 0.280081004 0.248165995
vt 0.340135992 0.240575999
vt 0.316709012 0.229496002
vt 0.320923001 0.237921
vt 0.242008999 0.206240997
vt 0.210969999 0.212696001
vt 0.231086999 0.214379996
vt 0.222874999 0.220664993
vt 0.210337996 0.220201001
vt 0.348809987 0.255831003
vt 0.183060005 0.260825992
vt 0.211036995 0.250196993
vt 0.189794004 0.247489005
vt 0.248520002 0.203159004
vt 0.245677993 0.197736993
vt 0.253556013 0.216464996
vt 0.151440993 0.279579997
vt 0.169100001 0.278917015
vt 0.187051997 0.215735003
vt 0.176404998 0.213532001
vt 0.173961997 0.222074002
vt 0.349088997 0.271930009
vt 0.191971004 0.294898987
vt 0.282635003 0.31547299
vt 0.253300011 0.304706007
vt 0.162200004 0.216852993
vt 0.181370005 0.208817005
vt 0.145097002 0.224030003
vt 0.148219004 0.233570993
vt 0.169089004 0.235237002
vt 0.210655004 0.239657998
vt 0.227039993 0.237619996
vt 0.226564005 0.227458
vt 0.245330006 0.245404005
vt 0.251601994 0.234145999
vt 0.183128998 0.228521004
vt 0.315643013 0.280041009
vt 0.184649006 0.238767996
vt 0.202617005 0.233226001
vt 0.171208993 0.244341001
vt 0.232400998 0.258868992
vt 0.148687005 0.244508997
vt 0.258363008 0.364082009
vt 0.221321002 0.325940996
vt 0.358767003 0.255445987
vt 0.356925994 0.267082989
vt 0.370425999 0.276048005
vt 0.149911001 0.268249005
vt 0.347162008 0.287092
vt 0.365507007 0.278687
vt 0.360973001 0.284844995
vt 0.346044987 0.224676996
vt 0.332112998 0.218877003
vt 0.333454996 0.229552001
vt 0.352286011 0.232048005
vt 0.357347012 0.245233998
vt 0.323240012 0.316009015
vt 0.380858988 0.258013994
vt 0.366564989 0.243202001
vt 0.377175987 0.269017994
vt 0.315710992 0.203587994
vt 0.307866007 0.210620999
vt 0.315845013 0.212586999
vt 0.380100995 0.282857001
vt 0.282588005 0.220395997
vt 0.303063989 0.218434006
vt 0.247068003 0.223777995
vt 0.287941992 0.230188996
vt 0.30586499 0.232216001
vt 0.284846008 0.224792004
vt 0.290679991 0.238828003
vt 0.263841987 0.224479005
vt 0.268918008 0.206180006
vt 0.272498012 0.212090999
vt 0.270705014 0.234456003
vt 0.706062019 0.902383029
vt 0.64113301 0.898344994
vt 0.697058022 0.915449977
vt 0.682565987 0.879531026
vt 0.632211983 0.876904011
vt 0.258679986 0.175528005
vt 0.249333993 0.175127
vt 0.256624013 0.182245001
vt 0.267886996 0.166728005
vt 0.289038986 0.165089995
vt 0.273396999 0.156809002
vt 0.255369008 0.166718006
vt 0.256204993 0.160128996
vt 0.26997599 0.180198997
vt 0.27610001 0.186894
vt 0.271117985 0.174719006
vt 0.155139998 0.191604003
vt 0.172959 0.181088001
vt 0.154824004 0.189156994
vt 0.136621997 0.198333994
vt 0.150245994 0.195767999
vt 0.135727003 0.190977007
vt 0.125995994 0.200507
vt 0.266452014 0.171777993
vt 0.132547006 0.202539995
vt 0.175301999 0.185817003
vt 0.70896697 0.883807003
vt 0.307217985 0.0874349996
vt 0.232976004 0.139660999
vt 0.343573987 0.214157999
vt 0.359930009 0.225292996
vt 0.353092015 0.209230006
vt 0.258942008 0.135224
vt 0.288964987 0.198119998
vt 0.27838701 0.195987001
vt 0.278903008 0.205129996
vt 0.285113007 0.205339
vt 0.291783988 0.185712993
vt 0.198183 0.152850002
vt 0.295892 0.203992993
vt 0.298038006 0.209900007
vt 0.311747015 0.190889001
vt 0.279475003 0.136915997
vt 0.714869022 0.898389995
vt 0.709747016 0.910538971
vt 0.647749007 0.933565974
vt 0.689854026 0.850261986
vt 0.710362017 0.860704005
vt 0.71598202 0.871465027
vt 0.716444016 0.859157979
vt 0.240344003 0.170907006
vt 0.241944 0.167036995
vt 0.230051994 0.173336998
vt 0.203959003 0.164371997
vt 0.176382005 0.172125995
vt 0.181797996 0.175301
vt 0.194997996 0.180292994
vt 0.218473002 0.168155998
vt 0.369446009 0.219290003
vt 0.356238008 0.204606995
vt 0.381942987 0.218098
vt 0.201767996 0.178452998
vt 0.210329995 0.175316006
vt 0.219319001 0.160246998
vt 0.376504987 0.237802997
vt 0.392935008 0.244083002
vt 0.377577007 0.243291005
vt 0.298238009 0.149443001
vt 0.220544994 0.185021996
vt 0.189041004 0.184233993
vt 0.195228994 0.194295004
vt 0.377806991 0.202350006
vt 0.366400987 0.197189003
vt 0.376130015 0.208666995
vt 0.390836 0.223517999
vt 0.396580011 0.236472994
vt 0.224334002 0.190178007
vt 0.711700022 0.837778986
vt 0.240134999 0.161117002
vt 0.229653999 0.177012995
vt 0.214939997 0.179973006
vt 0.238466993 0.181353003
vt 0.688898027 0.816229999
vt 0.223710999 0.175883994
vt 0.222231999 0.174219996
vt 0.209902003 0.178223997
vt 0.716598988 0.840471029
vt 0.202251002 0.183757007
vt 0.325919986 0.164137006
vt 0.389492989 0.254382014
vt 0.391198009 0.263274014
vt 0.403037012 0.256280988
vt 0.255023986 0.187097996
vt 0.405768991 0.276775986
vt 0.384732008 0.271311015
vt 0.246402994 0.169336006
vt 0.390765011 0.272632003
vt 0.240868002 0.174673006
vt 0.330644011 0.120922998
vt 0.410279006 0.249014005
vt 0.412539005 0.262977004
vt 0.419613004 0.256554008
vt 0.606365025 0.853031993
vt 0.628768027 0.851574004
vt 0.155423 0.179143995
vt 0.178529993 0.199325994
vt 0.180081993 0.193297997
vt 0.170912996 0.194869995
vt 0.163651004 0.205133006
vt 0.138940006 0.217641994
vt 0.156206995 0.207500994
vt 0.148176998 0.209179997
vt 0.637776017 0.841053009
vt 0.171964005 0.189021006
vt 0.139164001 0.202952996
vt 0.296238989 0.161344007
vt 0.133323997 0.214159995
vt 0.316720009 0.185489997
vt 0.303638011 0.171377003
vt 0.312485993 0.167795002
vt 0.291171998 0.170222998
vt 0.295919001 0.172960997
vt 0.309159994 0.177938998
vt 0.325208008 0.175883994
vt 0.316989005 0.176183999
vt 0.183916003 0.181410998
vt 0.344808996 0.155875996
vt 0.352057993 0.174226001
vt 0.345885009 0.177324995
vt 0.329144001 0.194958001
vt 0.341026992 0.198278993
vt 0.325498998 0.206749007
vt 0.354938 0.171296999
vt 0.336894006 0.178606004
vt 0.353154987 0.180248007
vt 0.345759004 0.183165997
vt 0.713329017 0.911961019
vt 0.716304004 0.912742019
vt 0.717019975 0.908047974
vt 0.720899999 0.910283983
vt 0.351119012 0.189016998
vt 0.358521014 0.189107001
vt 0.365105003 0.193217993
vt 0.323298991 0.178767994
vt 0.258563012 0.170654997
vt 0.336311013 0.181410998
vt 0.333535999 0.184478
vt 0.278409988 0.171055004
vt 0.280598015 0.173541993
vt 0.352147013 0.185179994
vt 0.722294986 0.889199018
vt 0.28955099 0.174398005
vt 0.71904999 0.87727499
vt 0.72210902 0.874897003
vt 0.718379021 0.868852019
vt 0.721695006 0.867649972
vt 0.39754501 0.232345998
vt 0.72162497 0.859210014
vt 0.718529999 0.852335989
vt 0.722588003 0.849813998
vt 0.720673025 0.834128022
vt 0.723226011 0.837302983
vt 0.721808016 0.82506299
vt 0.405506015 0.237165004
vt 0.303909987 0.174306005
vt 0.303909987 0.174306005
vt 0.130833 0.240619004
vt 0.163710997 0.39004299
vt 0.140102997 0.415948987
vt 0.130529001 0.337274998
vt 0.136063993 0.297675014
vt 0.124633998 0.314361989
vt 0.218029007 0.362289995
vt 0.155341998 0.354847014
vt 0.134802997 0.25256899
vt 0.145065993 0.257537007
vt 0.120091997 0.263444006
vt 0.127211004 0.427715987
vt 0.133031994 0.283717006
vt 0.205574006 0.391552001
vt 0.171220005 0.327939987
vt 0.120021001 0.280528992
vt 0.112388998 0.276389986
vt 0.207895994 0.414813995
vt 0.178945005 0.443989992
vt 0.145065993 0.453934014
vt 0.125838995 0.448439002
vt 0.145913005 0.474557996
vt 0.129525006 0.472963989
vt 0.104452997 0.207044005
vt 0.114377998 0.208311006
vt 0.122763999 0.210427001
vt 0.118032999 0.208943993
vt 0.108240001 0.215425998
vt 0.10689 0.214052007
vt 0.0967959985 0.217066005
vt 0.126444995 0.220562994
vt 0.119957 0.225896999
vt 0.105695002 0.230614007
vt 0.0957529992 0.227267995
vt 0.0901300013 0.225130007
vt 0.0981549993 0.220899001
vt 0.121881999 0.480596006
vt 0.0811379999 0.687223971
vt 0.0929199979 0.668352008
vt 0.0888469964 0.667361021
vt 0.399551004 0.307675004
vt 0.392545998 0.294218004
vt 0.415638 0.306315988
vt 0.408147991 0.305950999
vt 0.410569996 0.314904004
vt 0.404902011 0.368730992
vt 0.400406003 0.335418999
vt 0.394787997 0.342734009
vt 0.407007992 0.337233007
vt 0.396627992 0.364778996
vt 0.416014999 0.356997013
vt 0.419946015 0.346662998
vt 0.374390006 0.345082015
vt 0.381819993 0.345546007
vt 0.373057991 0.317580014
vt 0.405997008 0.38270101
vt 0.349512011 0.422248989
vt 0.366021991 0.417654008
vt 0.364562005 0.398142993
vt 0.429623991 0.366997987
vt 0.419487 0.378320992
vt 0.386088014 0.347479999
vt 0.383439004 0.370898992
vt 0.411679 0.387811005
vt 0.353920996 0.431508988
vt 0.423262 0.390718013
vt 0.371688992 0.376141012
vt 0.392473996 0.382290006
vt 0.312987 0.353469998
vt 0.322212011 0.408259988
vt 0.313149989 0.438513011
vt 0.329806 0.441855013
vt 0.363171011 0.313376009
vt 0.374240994 0.308937997
vt 0.337157995 0.446675003
vt 0.379514992 0.387048006
vt 0.368622005 0.431443989
vt 0.352326989 0.44847399
vt 0.362598985 0.448222011
vt 0.397870988 0.403131992
vt 0.386352986 0.403524995
vt 0.377287 0.42207399
vt 0.390574008 0.416267991
vt 0.334132999 0.365438998
vt 0.403504014 0.416166991
vt 0.414299011 0.39575699
vt 0.409070998 0.427112013
vt 0.401881009 0.42545101
vt 0.381056994 0.431196004
vt 0.418433994 0.409967989
vt 0.389665008 0.437914014
vt 0.385533988 0.302311003
vt 0.390666991 0.302166998
vt 0.340561986 0.459021986
vt 0.350553989 0.462395012
vt 0.385876 0.319353014
vt 0.361443013 0.455305994
vt 0.355010986 0.473354012
vt 0.394475013 0.444730014
vt 0.379404992 0.450076014
vt 0.291258007 0.390437007
vt 0.374563009 0.457507998
vt 0.378567994 0.462399989
vt 0.371616006 0.469586998
vt 0.359337986 0.479770005
vt 0.635905981 0.771525979
vt 0.703665018 0.745121002
vt 0.616241992 0.758768022
vt 0.58949399 0.834033012
vt 0.614681005 0.846494019
vt 0.625864029 0.821523011
vt 0.592611015 0.812752008
vt 0.702718973 0.731875002
vt 0.628382027 0.734821022
vt 0.465967 0.42030099
vt 0.499909997 0.441377014
vt 0.469898999 0.389470011
vt 0.702194989 0.718200028
vt 0.627020001 0.832996011
vt 0.589987993 0.791126013
vt 0.582112014 0.783699989
vt 0.440901011 0.381283998
vt 0.429040015 0.407628
vt 0.621408999 0.71538198
vt 0.647499979 0.690939009
vt 0.574485004 0.719018996
vt 0.438809991 0.397680014
vt 0.444032997 0.544725001
vt 0.437631994 0.528667986
vt 0.419698 0.531494975
vt 0.412016988 0.556262016
vt 0.623688996 0.780632973
vt 0.397942007 0.545805991
vt 0.460676014 0.416390985
vt 0.433634996 0.407896012
vt 0.427428991 0.42306599
vt 0.710735023 0.75186801
vt 0.706652999 0.763338983
vt 0.438564986 0.328442991
vt 0.433964998 0.324036986
vt 0.439817995 0.36767
vt 0.382928014 0.570123017
vt 0.44501999 0.356839001
vt 0.441787004 0.326757997
vt 0.656696975 0.798496008
vt 0.586067975 0.769694984
vt 0.476736993 0.478439003
vt 0.424326003 0.478390008
vt 0.470407009 0.503458023
vt 0.581894994 0.745396972
vt 0.579167008 0.752098024
vt 0.451081991 0.513121009
vt 0.460712999 0.538300991
vt 0.552335978 0.69739002
vt 0.567315996 0.731164992
vt 0.557308018 0.689343989
vt 0.562485993 0.691754997
vt 0.485345006 0.460678011
vt 0.444528013 0.450015008
vt 0.445791006 0.438035995
vt 0.399838001 0.455105007
vt 0.414640009 0.441846013
vt 0.424863011 0.435559988
vt 0.435350001 0.432170004
vt 0.431832999 0.455202013
vt 0.423184007 0.448080003
vt 0.549151003 0.667461991
vt 0.538854003 0.648452997
vt 0.617784977 0.670930028
vt 0.431199014 0.508363008
vt 0.425271988 0.335875988
vt 0.530498028 0.634218991
vt 0.492184997 0.59809202
vt 0.44570601 0.375313997
vt 0.402837008 0.531989992
vt 0.401551008 0.498075008
vt 0.385257989 0.509685993
vt 0.389230013 0.465990007
vt 0.39438501 0.466785014
vt 0.69710499 0.770506024
vt 0.405580014 0.455267012
vt 0.501694024 0.574908018
vt 0.420855999 0.470952988
vt 0.709259987 0.791184008
vt 0.409397006 0.465606004
vt 0.419196993 0.46183601
vt 0.400568008 0.465160012
vt 0.71062398 0.81131202
vt 0.716534972 0.815653026
vt 0.720812023 0.810576975
vt 0.409568012 0.269971013
vt 0.404610008 0.283526987
vt 0.400525004 0.290354997
vt 0.407090008 0.485823005
vt 0.411594003 0.472297996
vt 0.400177002 0.486416012
vt 0.399912 0.481572002
vt 0.413192004 0.466118008
vt 0.424093992 0.268409014
vt 0.723352015 0.815226018
vt 0.38102001 0.476437002
vt 0.388168007 0.480147004
vt 0.422645986 0.281814009
vt 0.418206006 0.285535991
vt 0.375707 0.48140201
vt 0.420038015 0.305732012
vt 0.426034003 0.30498901
vt 0.429060012 0.277601004
vt 0.383839011 0.487226009
vt 0.376428008 0.492895007
vt 0.716111004 0.788757026
vt 0.426028013 0.289689988
vt 0.432978004 0.284038991
vt 0.39221701 0.497691989
vt 0.38083601 0.500083983
vt 0.386851013 0.495375991
vt 0.395155013 0.482077986
vt 0.387147009 0.491360992
vt 0.387147009 0.491360992
vt 0.381653011 0.494980007
vt 0.721673012 0.794031978
vt 0.720402002 0.779385984
vt 0.437896013 0.29649201
vt 0.713757992 0.768248975
vt 0.716410995 0.75486201
vt 0.433012992 0.301467001
vt 0.448789001 0.33187899
vt 0.708487988 0.735002995
vt 0.453186005 0.341075987
vt 0.453543991 0.354595989
vt 0.718481004 0.752420008
vt 0.715080023 0.730690002
vt 0.456984013 0.349568009
vt 0.458817005 0.361277997
vt 0.706234992 0.720776021
vt 0.713066995 0.722343981
vt 0.455451012 0.368407995
vt 0.717082024 0.725314975
vt 0.45412901 0.413212001
vt 0.46243301 0.385026008
vt 0.453375995 0.402240008
vt 0.45649001 0.390650004
vt 0.452683002 0.391371995
vt 0.445845991 0.407216996
vt 0.443771005 0.417656988
vt 0.448294997 0.412474006
vt 0.44433701 0.428653985
vt 0.440380991 0.429340988
vt 0.438836992 0.434803009
vt 0.432882011 0.441080987
vt 0.429417998 0.451038986
vt 0.425294995 0.451685995
vt 0.724120975 0.810301006
vt 0.724439025 0.802950978
vt 0.72417599 0.793035984
vt 0.725687027 0.78195101
vt 0.721288025 0.772157013
vt 0.42552501 0.264299005
vt 0.721418023 0.752443016
vt 0.45956099 0.370846003
vt 0.457944006 0.379839003
vt 0.204210997 0.508370996
vt 0.210078999 0.498201996
vt 0.191332996 0.496470004
vt 0.171170995 0.477041006
vt 0.205686003 0.486503989
vt 0.233218998 0.485778004
vt 0.186694995 0.482903987
vt 0.238014996 0.494385004
vt 0.216129005 0.508184016
vt 0.216386005 0.448870987
vt 0.232603997 0.501375973
vt 0.130135998 0.484737009
vt 0.197781995 0.516915023
vt 0.216867 0.514281988
vt 0.139801994 0.483527005
vt 0.155324996 0.496971011
vt 0.259957999 0.488810003
vt 0.283345014 0.480289996
vt 0.261748999 0.477649987
vt 0.156858996 0.506668985
vt 0.147622004 0.507606983
vt 0.169046998 0.490462005
vt 0.256821007 0.499433011
vt 0.128810003 0.505833983
vt 0.127875999 0.51661402
vt 0.146041006 0.521104991
vt 0.289472997 0.487210006
vt 0.248506993 0.410030991
vt 0.168179005 0.506406009
vt 0.167633995 0.527971029
vt 0.27561 0.500720978
vt 0.277462006 0.493820995
vt 0.229908004 0.507475972
vt 0.238276005 0.512960017
vt 0.181849003 0.506632984
vt 0.203257993 0.520998001
vt 0.182123005 0.514784992
vt 0.259568989 0.508628011
vt 0.238326997 0.523985982
vt 0.264665008 0.512216985
vt 0.149744004 0.535827994
vt 0.274578989 0.430541009
vt 0.167389005 0.53420198
vt 0.180265993 0.522121012
vt 0.234017998 0.472974986
vt 0.204690993 0.538704991
vt 0.189576 0.532068014
vt 0.184386 0.539433002
vt 0.290544987 0.504320979
vt 0.284844011 0.500849009
vt 0.267008007 0.516897023
vt 0.333007008 0.475789011
vt 0.341500998 0.481570989
vt 0.317589998 0.470459998
vt 0.316496015 0.474923015
vt 0.315506995 0.483714998
vt 0.287672013 0.468728006
vt 0.30341199 0.459307998
vt 0.340169996 0.490487009
vt 0.309446007 0.466001987
vt 0.326445997 0.490092993
vt 0.306551009 0.488837004
vt 0.294155985 0.493876994
vt 0.316729009 0.494944006
vt 0.299914002 0.503911018
vt 0.310535014 0.505182981
vt 0.328983992 0.499213994
vt 0.287063003 0.516502023
vt 0.272008002 0.522741973
vt 0.305864006 0.511195004
vt 0.240177006 0.540292025
vt 0.264914989 0.532759011
vt 0.241503 0.531705022
vt 0.255520999 0.53826499
vt 0.26679799 0.538105011
vt 0.240544006 0.546818972
vt 0.287546992 0.57526201
vt 0.287548989 0.553533971
vt 0.264028013 0.558700025
vt 0.287308991 0.524468005
vt 0.287595004 0.527718008
vt 0.171730995 0.541302025
vt 0.186094001 0.544434011
vt 0.207521006 0.529648006
vt 0.275049001 0.550633013
vt 0.275712013 0.540090024
vt 0.260396004 0.545593023
vt 0.259038001 0.555432975
vt 0.192255005 0.552349985
vt 0.179279998 0.552026987
vt 0.143602997 0.608217001
vt 0.180620998 0.584061027
vt 0.314247012 0.581668019
vt 0.344707012 0.571928024
vt 0.309610993 0.54440999
vt 0.325929999 0.537588
vt 0.163754001 0.55489099
vt 0.174447 0.556020021
vt 0.157238007 0.563228011
vt 0.251713008 0.527433991
vt 0.160062999 0.587252021
vt 0.149010003 0.590997994
vt 0.147282004 0.577817976
vt 0.156856999 0.576795995
vt 0.170433 0.577274978
vt 0.195694 0.583287001
vt 0.179809004 0.567964017
vt 0.192120001 0.565774024
vt 0.176596001 0.572775006
vt 0.187563002 0.571035028
vt 0.192581996 0.575040996
vt 0.218986005 0.58069402
vt 0.335321993 0.506614029
vt 0.196268007 0.557448983
vt 0.203865007 0.552264988
vt 0.206477001 0.576865971
vt 0.378874987 0.544408977
vt 0.211631 0.56981802
vt 0.36363399 0.48940599
vt 0.346825987 0.499383986
vt 0.222957 0.529069006
vt 0.108029 0.516596019
vt 0.352108002 0.499343008
vt 0.225601003 0.536074996
vt 0.36868301 0.517991006
vt 0.114137001 0.519349992
vt 0.214010999 0.547622025
vt 0.34493801 0.530382991
vt 0.105075002 0.528605998
vt 0.208000004 0.561908007
vt 0.121486999 0.530695975
vt 0.226324007 0.547056973
vt 0.225050002 0.556957006
vt 0.239023998 0.573333025
vt 0.233768001 0.568623006
vt 0.350102991 0.509136975
vt 0.218363002 0.560778975
vt 0.352560014 0.521885991
vt 0.223101005 0.563885987
vt 0.235192999 0.563540995
vt 0.240462005 0.557980001
vt 0.237002 0.552596986
vt 0.239739001 0.554710984
vt 0.308984011 0.518208981
vt 0.324131995 0.51353699
vt 0.304702014 0.525184989
vt 0.126684994 0.53106302
vt 0.209683999 0.564714015
vt 0.197947994 0.569029987
vt 0.326849997 0.532130003
vt 0.336950988 0.518135011
vt 0.326449007 0.523945987
vt 0.131244004 0.618831992
vt 0.320120007 0.51977998
vt 0.140861005 0.546066999
vt 0.337577999 0.522083998
vt 0.128776997 0.541408002
vt 0.362616003 0.49634099
vt 0.137830004 0.608434975
vt 0.381356001 0.504863024
vt 0.135527998 0.556491017
vt 0.135918006 0.602984011
vt 0.36769399 0.500114977
vt 0.369684994 0.505469024
vt 0.374523997 0.499727994
vt 0.357152998 0.50989902
vt 0.107005 0.648051023
vt 0.352310985 0.51660198
vt 0.117233001 0.633273005
vt 0.108547002 0.641246021
vt 0.124766998 0.617241025
vt 0.290890008 0.530865014
vt 0.284765005 0.538900971
vt 0.304726005 0.541703999
vt 0.29164201 0.541669011
vt 0.285187989 0.542176008
vt 0.295082986 0.536674976
vt 0.29656899 0.538105011
vt 0.259095997 0.578751028
vt 0.302617997 0.531692982
vt 0.302906007 0.535941005
vt 0.313634008 0.534197986
vt 0.311805993 0.531023979
vt 0.321534008 0.528469026
vt 0.283001989 0.585343003
vt 0.308692008 0.592701972
vt 0.249559 0.549089015
vt 0.256577998 0.55013603
vt 0.265311986 0.549627006
vt 0.275409997 0.545678973
vt 0.164708003 0.572169006
vt 0.148084 0.572013974
vt 0.231574997 0.558857024
vt 0.202269003 0.565096974
vt 0.114201002 0.536989987
vt 0.125093997 0.549862027
vt 0.261597008 0.548304975
vt 0.265893996 0.545652986
vt 0.27324599 0.544348001
vt 0.134535 0.559099019
vt 0.105334997 0.640796006
vt 0.114491999 0.629417002
vt 0.124655001 0.613270998
vt 0.251334012 0.554775
vn 0.195898503 0.120499082 -0.973192573
vn 0.18559508 0.0357990526 -0.981974006
vn -0.13520138 -0.0203002077 -0.990610182
vn 0.179791287 0.521874726 -0.833859622
vn -0.1240054 -0.292012721 -0.94834131
vn 0.134904608 0.327611178 -0.935131907
vn 0.0333002433 0.051700376 -0.998107314
vn 0.105495766 0.14789407 -0.983360529
vn 0.082403101 0.113304265 -0.990137279
vn -0.189204097 -0.221104786 -0.95672071
vn 0.194907874 0.248810053 -0.948738337
vn 0.205100402 0.214700416 -0.954901874
vn -0.0182992686 0.0462981462 -0.998760045
vn 0.149700001 0.152500004 -0.976900041
vn -0.0577984974 -0.0387989916 -0.997574031
vn -0.0495010205 -0.0963019878 -0.994120479
vn 0.135694876 0.216691807 -0.966763437
vn -0.00220007263 0.02300076 -0.999733031
vn 0.122200355 0.45240131 -0.883402586
vn 0.149294466 0.0159994066 -0.988663316
vn -0.0245991293 0.00809971336 -0.999664605
vn -0.0684003681 -0.0332001783 -0.99710536
vn 0.0191007089 0.196407288 -0.980336368
vn 0.035100475 0.172902346 -0.984313309
vn 0.000499987043 0.0494987145 -0.998774052
vn 0.250288934 0.0668970421 -0.965857267
vn -0.0534004942 0.0113001047 -0.998509228
vn -0.152799457 0.0226999186 -0.987996459
vn 0.273691148 -0.0258991607 -0.961468875
vn 0.165794373 -0.0135995392 -0.98606658
vn -0.0638990626 0.0118998261 -0.997885406
vn -0.966644466 0.106593877 -0.232886627
vn -0.947654366 0.241813868 -0.208511963
vn -0.972185373 0.163297534 -0.167897463
vn -0.573663712 -0.633459985 -0.519267201
vn -0.755402625 -0.585502028 -0.294201016
vn -0.586404681 -0.340002716 -0.735205889
vn 0.0421004295 0.106601089 -0.99341017
vn -0.927179456 0.264394134 -0.265394121
vn -0.798186183 -0.526190877 -0.293294936
vn -0.720771909 -0.605076432 -0.33818683
vn -0.680102944 -0.697703004 -0.225100979
vn -0.933518171 0.138002694 -0.330906451
vn 0.0275007691 0.216806054 -0.975827277
vn -0.92619139 0.372796535 -0.0564994775
vn -0.805334747 -0.592725575 0.010600457
vn -0.712536037 -0.70163548 0.000200010109
vn -0.0128003666 0.178105101 -0.983928204
vn -0.580883324 0.106596939 -0.806976855
vn -0.0844997168 0.0158999469 -0.996296644
vn -0.615926087 -0.270711452 -0.739831328
vn -0.00589979906 0.18099384 -0.983466506
vn -0.937815309 -0.202703312 -0.281804591
vn -0.872009397 -0.439104706 -0.21630232
vn 0.046001792 0.21900852 -0.974637926
vn 0.045799993 0.169299975 -0.984499812
vn -0.734631956 -0.678329527 0.0136005916
vn 0.720598757 0.205499649 -0.662198842
vn 0.310900033 0.0290000029 -0.950000107
vn 0.128395945 0.063797988 -0.989668787
vn 0.251396686 0.0991986915 -0.962787271
vn 0.783770204 0.142094597 -0.604577005
vn -0.00740005262 0.157401115 -0.987507045
vn -0.0154004926 0.148904756 -0.988731623
vn 0.0082999533 -0.0184998959 -0.999794424
vn -0.654467463 -0.755962431 0.0138993086
vn -0.437392294 -0.757086635 -0.485291451
vn -0.343807399 -0.467810065 -0.814217567
vn 0.769601107 0.0304000434 -0.637800932
vn -0.0170996189 0.050498873 -0.998577714
vn -0.00109997683 0.040499147 -0.999178946
vn 0.116904698 0.161406487 -0.979939401
vn -0.401194453 -0.915987313 0.00319995568
vn -0.487625927 -0.873046398 0.00330017554
vn -0.387683243 -0.80826509 -0.443180859
vn -0.144905537 0.0546020865 -0.987937748
vn 0.387505502 0.140401989 -0.911112905
vn -0.0759031028 -0.0795032457 -0.993940592
vn 0.143400088 -0.117200077 -0.982700646
vn 0.362887114 0.150694638 -0.919567347
vn -0.0038999375 -0.00409993436 -0.999983966
vn 0.0248008128 0.090002954 -0.995632648
vn 0.276093841 -0.0353992097 -0.960478544
vn 0.74810338 0.162400737 -0.643402934
vn 0.0553978942 0.0528979897 -0.997062147
vn -0.29330039 -0.0315000415 -0.955501258
vn 0.155795738 0.185194924 -0.970273435
vn 0.0194996614 0.127997771 -0.991582751
vn 0.02810077 0.0309008453 -0.999127388
vn -0.0737029314 0.00900035724 -0.997239649
vn -0.362193406 0.00609988859 -0.932083011
vn -0.0474005491 0.0461005345 -0.997811556
vn -0.159504041 -0.191604853 -0.968424499
vn -0.550893247 -0.719791114 -0.422394812
vn -0.0234990455 0.142194226 -0.989559829
vn -0.561668873 -0.771257281 -0.299483418
vn -0.494715959 -0.770324826 -0.402312994
vn 0.324914783 0.000700031873 -0.945743024
vn 0.383487314 -0.0118996063 -0.923469484
vn 0.203795299 0.0214995034 -0.978777409
vn -0.0327011682 0.204907328 -0.978234947
vn -0.209905982 -0.179905131 -0.961027384
vn 0.148204491 0.056701716 -0.9873299
vn -0.981648386 -0.139992639 -0.129493192
vn -0.000700013188 0.0237004478 -0.999718845
vn -0.0723028481 0.165006503 -0.983638704
vn -0.878253698 0.0786958486 -0.471675128
vn -0.332910389 -0.942929447 0.00740023097
vn -0.564893961 -0.82489115 0.0211997721
vn -0.59471935 -0.80392617 -0.00340011064
vn -0.0136993323 0.0175991412 -0.99975127
vn 0.179198995 0.0842995271 -0.980194509
vn 0.720098257 0.052299872 -0.691898286
vn 0.792804718 -0.0964005738 -0.601803601
vn -0.403122723 -0.850947976 -0.336718976
vn -0.506298125 -0.834296882 -0.218199193
vn -0.00139998691 0.00409996137 -0.999990642
vn 0.000800028036 0.033601176 -0.999435008
vn -0.343006998 -0.92611891 -0.157003209
vn -0.00739999581 0.0120999925 -0.999899387
vn -0.457503676 -0.889207184 -0.00100000808
vn -0.570180714 -0.821072221 0.0270990841
vn 0.135694876 0.216691807 -0.966763437
vn -0.00249988167 0.0220989529 -0.999752641
vn -0.633407176 -0.773508728 0.0219002478
vn -0.689297736 -0.724397659 0.0107999649
vn 0.295017749 -0.00810048729 -0.955457449
vn 0.0991948918 0.096795015 -0.990348995
vn 0.626287282 0.287394166 -0.724685311
vn 0.630688488 0.487391114 -0.603888988
vn 0.362806916 0.327506244 -0.872416615
vn 0.79501456 -0.05800106 -0.603811026
vn 0.117203526 0.0274008233 -0.992729843
vn 0.716013908 -0.0195003785 -0.69781357
vn -0.290302992 -0.956909895 -0.00690007117
vn -0.0683996901 0.195099115 -0.978395522
vn -0.256393403 -0.923076272 -0.286692619
vn -0.28520754 -0.924524426 -0.252806693
vn -0.143894032 -0.098695904 -0.984659135
vn -0.0659994334 0.112199038 -0.991491556
vn -0.0350997001 0.0279997624 -0.998991489
vn -0.274100065 -0.943700194 -0.185200036
vn -0.134194866 -0.956863403 -0.257690132
vn 0.222208753 -0.0177006982 -0.974838436
vn 0.696273088 -0.14109455 -0.703772783
vn -0.0380005911 -0.0843013078 -0.995715439
vn 0.26850456 0.074201256 -0.960416317
vn -0.0197998788 -0.978394032 -0.205798745
vn -0.179898143 -0.983589828 -0.0136998584
vn -0.325708926 -0.708619416 -0.625917137
vn -0.111304291 -0.357813776 -0.927135706
vn -0.126199052 -0.859393537 -0.495496273
vn 0.669511437 -0.0868014842 -0.737712622
vn 0.0357997678 0.151599005 -0.987793565
vn -0.179407954 0.0492021851 -0.982543588
vn 0.233789727 0.183791921 -0.954758048
vn -0.00209995871 0.0788984522 -0.996880472
vn 0.156100675 0.185300797 -0.970204175
vn -0.0669011325 -0.041000694 -0.996916831
vn -0.127194285 -0.0600972995 -0.990055501
vn -0.0680015385 -0.0335007608 -0.997122586
vn -0.450320959 -0.251411706 -0.856739879
vn -0.0446008779 0.0396007821 -0.998219669
vn 0.178296655 -0.0195996333 -0.983781576
vn 0.332998306 0.215398908 -0.917995334
vn 0.142201528 0.157601699 -0.977210522
vn -0.0544986837 0.0918977782 -0.994275987
vn 0.0398980305 -0.0102994917 -0.999150693
vn 0.332998306 0.215398908 -0.917995334
vn 0.142201528 0.157601699 -0.977210522
vn 0.600885212 0.326791942 -0.729481995
vn 0.297697634 -0.0627994984 -0.952592432
vn 0.229001001 0.109000474 -0.96730423
vn -0.887388945 -0.396395057 -0.235397071
vn -0.5773049 -0.196601659 -0.792506695
vn -0.811998725 -0.470999271 -0.344699472
vn -0.109003417 -0.0773024261 -0.991031051
vn 0.142903522 0.0944023207 -0.985224247
vn 0.438310832 0.555113733 -0.706917465
vn -0.866682291 -0.439990997 -0.235095188
vn -0.952554882 -0.262115091 -0.154708922
vn -0.892955065 -0.309019059 -0.327320188
vn 0.267998815 0.776196539 -0.570697427
vn 0.501394451 0.527794123 -0.685592413
vn -0.832492709 -0.472995847 -0.288497478
vn 0.0238007773 -0.0997032598 -0.994732499
vn 0.203200668 0.0214000698 -0.978903234
vn 0.105901122 -0.0876009241 -0.990510464
vn 0.512112439 0.449810952 -0.731717825
vn -0.0618978366 -0.0350987725 -0.997465134
vn -0.0121993674 -0.677564859 -0.735361874
vn -0.0887045562 -0.119606145 -0.988850772
vn -0.00279996009 -0.689490139 -0.724289656
vn 0.0271995496 -0.10609825 -0.993983567
vn 0.287488729 0.156793848 -0.944862902
vn -0.450320959 -0.251411706 -0.856739879
vn -0.0928004533 -0.0394001938 -0.994904876
vn -0.127194285 -0.0600972995 -0.990055501
vn 0.298989326 0.0954965875 -0.94946605
vn -0.5773049 -0.196601659 -0.792506695
vn 0.145600677 0.349101633 -0.9257043
vn 0.0910032615 0.257309228 -0.962034523
vn 0.497605652 0.52430594 -0.691007853
vn 0.438310832 0.555113733 -0.706917465
vn 0.270897776 0.0821993202 -0.959092081
vn 0.0875988007 0.331195444 -0.9394871
vn 0.317408949 0.100702837 -0.942926586
vn 0.177096173 0.586187363 -0.790582895
vn 0.323592961 0.237594828 -0.915880084
vn 0.0958008394 0.760606706 -0.642105639
vn 0.112896681 0.186894506 -0.975871325
vn 0.143695623 0.174194694 -0.974170327
vn 0.258505046 0.258005023 -0.930918097
vn 0.501394451 0.527794123 -0.685592413
vn 0.0709038824 0.606333196 -0.792043388
vn -0.00159998925 -0.00329997786 -0.999993265
vn -0.0523991846 -0.0296995379 -0.998184502
vn -0.100700669 -0.00450002961 -0.994906604
vn 0.122703761 0.173105299 -0.977229953
vn 0.125700623 0.0971004739 -0.987304866
vn -0.887388945 -0.396395057 -0.235397071
vn -0.921494722 -0.281398386 -0.267698467
vn -0.892955065 -0.309019059 -0.327320188
vn 0.053200949 0.0687012225 -0.996217728
vn 0.254500896 0.135000467 -0.957603335
vn -0.952554882 -0.262115091 -0.154708922
vn 0.192295194 0.0650983751 -0.979175568
vn 0.199398652 0.0209998582 -0.979693413
vn 0.594305873 0.253302485 -0.763307512
vn 0.31420365 -0.00920010731 -0.949311018
vn -0.222193137 0.00799975265 -0.974969864
vn -0.19430697 -0.980935216 0.00330011849
vn 0.0275996327 0.106898576 -0.993886769
vn -0.0757990405 0.0949987918 -0.992587388
vn 0.0247997567 0.074799262 -0.996890187
vn 0.00689987512 0.310394406 -0.950582802
vn 0.0958008394 0.760606706 -0.642105639
vn 0.267998815 0.776196539 -0.570697427
vn -0.075602822 -0.273010194 -0.959035814
vn -0.0956990048 -0.36849615 -0.924690366
vn 0.0148008605 0.407123685 -0.913253129
vn 0.0816013366 0.198903248 -0.976615965
vn 0.0232999101 -0.0293998867 -0.999296129
vn 0.159208506 0.138707414 -0.977452278
vn 0.52431035 0.37170732 -0.766115069
vn 0.112197243 0.0447988994 -0.992675602
vn 0.148798928 0.72069484 -0.677095175
vn 0.0659984648 0.139096767 -0.988077044
vn 0.00319986115 -0.0476979315 -0.998856664
vn 0.233407035 0.444713414 -0.864726067
vn 0.179791287 0.521874726 -0.833859622
vn 0.149707198 0.0128006153 -0.988647521
vn 0.0788971633 0.241191328 -0.967265189
vn 0.158902153 0.0522007085 -0.985913396
vn 0.234490722 0.0297988206 -0.971661508
vn 0.125300169 -0.00590000814 -0.992101312
vn 0.145600677 0.349101633 -0.9257043
vn -0.940997839 -0.338399231 0.00299999327
vn 0.0071997405 0.00449983776 -0.999963939
vn -0.979623497 -0.200804815 0.00390009349
vn 0.0637971982 0.230589882 -0.970957398
vn 0.00960031524 0.00650021294 -0.999932766
vn 0.0858957469 0.171391517 -0.981451392
vn -0.568124473 0.131705672 -0.812335014
vn 0.333607644 0.728016675 -0.598913729
vn -0.969938159 0.0650025606 -0.23450923
vn 0.107000627 0.316001862 -0.942705512
vn -0.954077125 -0.107797422 -0.279493302
vn -0.990878642 0.0495989323 -0.125297308
vn -0.275992751 0.189095035 -0.942375243
vn -0.739422977 0.250707775 -0.624819398
vn 0.0709038824 0.606333196 -0.792043388
vn -0.290986478 0.425780237 0.856760204
vn -0.108997799 0.116597645 0.987180054
vn -0.0893023461 0.163904309 0.982425809
vn -0.051598087 0.150494426 0.987263441
vn -0.024399763 0.170298338 -0.985090435
vn -0.169197366 0.320295006 -0.932085514
vn 0.048199065 -0.303594112 -0.951581538
vn 0.0119002983 0.117302939 -0.993024886
vn 0.00810035132 0.00690029934 0.999943376
vn -0.0569006391 0.0594006665 0.996611178
vn -0.0485015213 0.044501394 0.997831285
vn -0.0438004732 0.235402539 -0.97091049
vn -0.0263996124 0.0114998315 -0.99958533
vn -0.205495492 -0.0985978395 0.973678648
vn -0.259200722 0.287300825 -0.92210263
vn 0.900224626 0.375110269 0.221106052
vn -0.259200722 0.287300825 -0.92210263
vn 0.0469001867 0.359401435 -0.932003736
vn 0.900224626 0.375110269 0.221106052
vn 0.0469001867 0.359401435 -0.932003736
vn -0.0263996124 0.0114998315 -0.99958533
vn 0.0469001867 0.359401435 -0.932003736
vn -0.109395817 0.343486875 -0.932764351
vn 0.0469001867 0.359401435 -0.932003736
vn -0.0438004732 0.235402539 -0.97091049
vn -0.109395817 0.343486875 -0.932764351
vn -0.0581024475 0.0878036991 0.994441867
vn -0.110199757 0.213999525 0.970597863
vn 0.0450021885 -0.128806263 0.99064815
vn -0.129400104 0.0486000367 0.990400732
vn 0.111105867 -0.128606796 0.985452056
vn -0.0522987284 0.132696778 -0.989775956
vn 0.0733979568 -0.19389461 -0.978272796
vn -0.0169991329 0.158891886 -0.987149656
vn 0.0102000376 0.0221000817 0.999703705
vn -0.00450011995 0.0461012311 -0.99892664
vn -0.00459996192 0.0281997658 0.999591708
vn -0.0356005132 0.193702787 0.980414093
vn 0.123004399 -0.09820351 0.987535298
vn -0.172206089 0.218007714 0.960633993
vn -0.191809028 0.3883183 -0.901342452
vn -0.0216992795 0.0281990618 -0.99936676
vn -0.0113001624 0.175502524 -0.984414101
vn -0.0484986156 0.124196455 0.991071701
vn 0.146206081 -0.187407792 -0.971340358
vn -0.154707596 0.159207821 0.975047886
vn -0.134197339 0.0740985274 0.988180399
vn -0.01259996 0.0980996862 -0.995096803
vn -0.0373012051 0.143604636 -0.988931894
vn 0.0334014781 0.28901279 -0.956742346
vn -0.0871020481 0.164503872 -0.982523143
vn 0.0221007857 0.015500552 0.999635577
vn -0.0247990806 0.113195799 0.993263185
vn -0.0620971881 0.35088411 0.934357703
vn -0.0154997064 -0.0345993452 0.999281049
vn -0.0840020925 0.141103521 -0.986424565
vn -0.0272005759 -0.104802214 -0.994121015
vn 0.0470014326 -0.0461014062 -0.997830391
vn -0.0166996587 0.0543988906 0.998379648
vn 0.0888995826 -0.0738996565 0.993295372
vn 0.00390002155 0.0312001724 0.99950552
vn -0.0729971826 0.039198488 0.996561527
vn -0.0995017961 0.105601899 0.989417851
vn -0.150695741 0.120796584 0.981172264
vn -0.15079999 0.0751999915 0.985699892
vn 0.0259002931 0.0175001994 0.999511361
vn -0.0204001199 0.101700597 0.994605839
vn -0.0237002559 0.104801133 0.99421078
vn -0.0405000746 0.43400082 0.900001705
vn 0.0024000695 0.123603582 0.992328763
vn 0.186300382 -0.0685001388 0.980102003
vn -0.189607307 0.0807031095 0.978537738
vn 0.110799052 -0.073899366 0.991091549
vn 0.0846018121 -0.0280006006 0.99602133
vn 0.0334011093 -0.157005221 0.987032771
vn -0.0995950028 0.100394964 0.989950359
vn 0.0570009835 -0.0302005224 0.997917235
vn 0.0224002544 -0.038400434 0.999011338
vn -0.0369011723 -0.013200419 0.999231756
vn -0.260010213 0.143805653 0.954837501
vn -0.10149543 0.0367983431 0.994155228
vn 0.181804523 -0.0423010513 0.982424438
vn 0.135296836 -0.121097162 0.98337698
vn -0.0156992227 0.177191213 0.984051228
vn 0.101995498 -0.846962631 -0.521776974
vn 0.912997186 -0.407898754 -0.00739997718
vn 0.856785655 -0.427892834 -0.287795186
vn 0.937477529 -0.321092308 -0.134296775
vn 0.204095393 -0.718983769 -0.664385021
vn 0.00650011655 -0.964417338 -0.264304757
vn -0.0597017072 -0.997728527 0.0312008914
vn 0.0519004799 -0.998509228 0.0169001557
vn 0.101995498 -0.846962631 -0.521776974
vn 0.204095393 -0.718983769 -0.664385021
vn 0.201299831 -0.920099199 -0.335999727
vn 0.822530448 -0.568721056 0
vn 0.793832958 -0.608025253 0.0116004813
vn 0.758092165 -0.650393307 -0.047799509
vn 0.048199065 -0.303594112 -0.951581538
vn -0.141795233 -0.989766717 0.0159994625
vn -0.201201946 -0.9381091 -0.28190273
vn 0.855543256 -0.517726183 -0.00230011647
vn 0.87737298 -0.479685217 -0.0108996639
vn -0.0389984064 -0.968360364 -0.246489912
vn 0.0196999386 0.0566998236 0.9981969
vn -0.0254005231 0.808816671 0.587512076
vn 0.123503879 0.686021507 0.717022479
vn 0.191706523 -0.954432487 -0.22870779
vn 0.0684978887 -0.955270588 -0.287691146
vn 0.0049999347 -0.905088186 0.425194472
vn -0.0625015125 -0.845620453 0.530112803
vn -0.0842968449 0.160293996 -0.983463228
vn -0.0893010125 0.109101236 -0.990011215
vn -0.0571014807 0.134803504 -0.989225686
vn 0.905307174 -0.424003363 -0.025300201
vn 0.286600471 -0.906201422 -0.310900509
vn -0.0704967901 0.155892894 -0.985255122
vn 0.0961989313 -0.985889018 -0.136998475
vn 0.825075865 -0.56338352 -0.0429987423
vn 0.0766999274 0.121699885 0.989599049
vn 0.0293994956 0.167797118 0.985383093
vn -0.0202994775 0.51478672 0.857077897
vn -0.179698542 0.619695008 -0.7639938
vn -0.109395817 0.343486875 -0.932764351
vn -0.0911026224 0.123703554 -0.988128424
vn -0.22799249 0.700476885 -0.676277697
vn 0.374200553 -0.767701149 -0.520200789
vn 0.215103045 -0.311104387 -0.925713122
vn -0.118501894 0.134402141 -0.98381573
vn 0.409016043 -0.880534589 -0.239509404
vn 0.258395165 -0.954882085 -0.146397248
vn 0.191706523 -0.954432487 -0.22870779
vn 0.186700955 -0.982405066 -0.00480002491
vn -0.09189675 0.103596337 -0.990364969
vn -0.0951964632 0.0944964886 -0.990963221
vn 0.968051672 -0.250187516 -0.0167991612
vn 0.955916405 -0.293305039 0.0140002398
vn 0.928584456 -0.37109381 0.00449992483
vn 0.475972861 -0.657862484 -0.583666682
vn -0.0787021592 0.0843023136 -0.99332726
vn 0.48242259 -0.827338755 -0.287713468
vn 0.442078203 -0.896955788 -0.00609969907
vn 0.542176664 -0.840263784 -0.00109995261
vn 0.618823111 -0.785529315 0.00130004855
vn 0.251912147 -0.921044409 -0.297014326
vn 0.531694174 -0.83739084 -0.126798615
vn 0.290908217 -0.956627011 -0.0154004348
vn 0.296407372 -0.909422636 -0.291707247
vn -0.38330996 0.630416393 -0.675017536
vn 0.389396191 -0.889091313 -0.24059765
vn -0.263297409 0.363796443 -0.893491268
vn 0.557789564 -0.77748549 -0.290494591
vn -0.180800825 0.219100997 -0.958804369
vn 0.671212137 -0.673512161 -0.309605598
vn -0.118004031 0.235708058 -0.964632988
vn -0.122700252 0.17270036 -0.977302015
vn 0.576604545 -0.761906028 -0.295002341
vn -0.0481994003 0.077999033 -0.995787621
vn 0.500488162 -0.594885945 -0.628985167
vn -0.0119003039 0.00270006899 -0.999925554
vn 0.630810142 -0.746612012 -0.211303398
vn -0.15420559 0.0843030587 -0.984435678
vn 0.124802537 -0.158003211 -0.979519963
vn 0.679106414 -0.700106561 -0.22060208
vn 0.0519004799 -0.998509228 0.0169001557
vn 0.656615496 -0.696116388 -0.290306836
vn 0.695201397 -0.679901361 -0.233300477
vn -0.425298989 0.547198713 -0.720898271
vn -0.186497226 0.230696574 -0.954985797
vn 0.186598137 -0.183798164 -0.965090334
vn 0.124201052 -0.931307852 -0.342402905
vn 0.0684978887 -0.955270588 -0.287691146
vn 0.713099837 -0.700899839 0.0150999967
vn 0.790956199 -0.611666143 0.0158991199
vn -0.524119377 0.475817561 -0.706326067
vn -0.0548007935 0.836312115 0.545507908
vn 0.0416993611 0.792387843 0.608590662
vn -0.00580018014 0.603918791 0.797024786
vn -0.52509141 0.608690023 -0.59479028
vn -0.0625015125 -0.845620453 0.530112803
vn 0.16579105 -0.969147623 0.182390153
vn 0.638707995 -0.577207208 -0.508806348
vn -0.018800782 -0.174707264 0.984440923
vn 0.0579989888 0.524090827 0.849685192
vn -0.018800782 -0.174707264 0.984440923
vn 0.358213067 -0.106603891 0.927533805
vn 0.239707381 -0.960329592 0.142504394
vn -0.0691013634 0.0563011132 -0.996019661
vn 0.0105002942 0.0513014384 0.99862802
vn -0.203405976 0.529715598 0.82342422
vn -0.439909786 0.687215328 0.5781129
vn -0.279404551 0.381306201 0.881214321
vn 0.620635271 -0.484327495 -0.616635025
vn 0.75555259 -0.58716315 -0.290481776
vn 0.503481865 -0.839869738 -0.202792689
vn 0.659630001 -0.703732014 -0.263911992
vn -0.502199709 0.415299743 -0.758499563
vn 0.556304395 -0.6040048 0.57070452
vn 0.147899196 -0.168199092 -0.974594712
vn 0.0175009668 -0.146508098 -0.98905462
vn 0.194807276 -0.126604721 -0.972636282
vn -0.0335006304 0.594611228 0.803315163
vn -0.201492175 0.495580763 0.844867229
vn -0.239990368 0.460381538 0.854665697
vn 0.0612991601 -0.0162997767 -0.997986317
vn 0.286705375 -0.297005564 -0.910817087
vn -0.139704153 0.24490729 -0.959428549
vn -0.182701156 0.123300783 -0.97540617
vn 0.170497298 -0.189397007 0.966984689
vn -0.125804245 0.190806434 -0.973532856
vn 0.358213067 -0.106603891 0.927533805
vn -0.425608307 0.533910453 0.730614245
vn -0.449403912 0.537004709 0.713906229
vn -0.112395182 0.131994337 -0.984857738
vn 0.05860129 -0.0481010601 0.99712193
vn 0.319397062 -0.855292082 -0.407996237
vn 0.310716361 -0.919648409 0.240212649
vn 0.245701805 -0.116600856 -0.962307036
vn 0.05860129 -0.0481010601 0.99712193
vn -0.201492175 0.495580763 0.844867229
vn 0.233901948 -0.201701686 0.951107919
vn 0.556304395 -0.6040048 0.57070452
vn -0.535202146 0.309701234 -0.785903156
vn 0.192496315 -0.134897426 -0.971981406
vn 0.658701479 -0.445000976 0.606701314
vn 0.658701479 -0.445000976 0.606701314
vn -0.0225996301 -0.0389993601 0.998983622
vn -0.149602845 0.102501951 -0.983418703
vn -0.235485062 0.237784922 -0.942340255
vn 0.473010033 -0.206904396 0.856418192
vn -0.166095585 0.165195614 0.972174168
vn 0.834402263 -0.531301439 -0.146600395
vn -0.125794277 0.00169992272 -0.99205488
vn -0.141598403 0.233097374 0.962089121
vn -0.12649864 0.0767991766 -0.988989353
vn -0.132297292 0.169096529 0.976679981
vn -0.196793824 0.215493247 0.956470013
vn 0.229608938 -0.0615023971 -0.971337855
vn 0.857275486 -0.453587025 -0.243593037
vn -0.146895036 0.0754974484 -0.986266673
vn -0.157300964 0.0987006053 -0.982605994
vn 0.601016104 -0.280707538 -0.748320043
vn 0.859231174 -0.437415868 -0.265309632
vn -0.328101903 0.689504027 0.645703733
vn -0.0487993546 0.0155997938 0.99868679
vn -0.210505396 0.788920224 0.577314794
vn 0.246106654 -0.0975026339 -0.964326084
vn -0.326983452 0.245987549 0.91245383
vn -0.116200216 0.082400158 -0.989801884
vn 0.755892634 -0.629693866 -0.17919825
vn 0.790703714 -0.600302815 -0.120100565
vn -0.633617043 0.635917127 0.440611869
vn -0.0707974583 0.0405985415 0.996664166
vn -0.374310851 0.822823822 0.427612394
vn -0.228994295 0.231594235 -0.945476472
vn 0.0704028383 -0.990139902 -0.121104881
vn 0.32401672 -0.224011555 -0.919147432
vn -0.0707974583 0.0405985415 0.996664166
vn 0.84689635 -0.494397879 -0.195799157
vn -0.200407371 0.548720181 0.811629891
vn 0.0388017334 -0.0583026074 0.997544587
vn 0.439289689 -0.896278918 -0.0608985685
vn 0.10830313 -0.968828022 -0.222806439
vn 0.237200335 -0.554300785 0.797801137
vn 0.237200335 -0.554300785 0.797801137
vn -0.580685794 0.413189888 0.701482832
vn -0.0198001172 0.0882005244 -0.995905936
vn 0.820099056 -0.571899354 -0.0191999786
vn -0.490808249 0.634010673 0.597610056
vn 0.473907501 -0.386106104 0.791412532
vn 0.473010033 -0.206904396 0.856418192
vn -0.722522736 0.566617846 0.396112472
vn 0.204004958 -0.326207906 0.923022389
vn -0.74796313 0.575671613 0.330383718
vn 0.125598088 -0.0506992266 0.990784883
vn 0.204004958 -0.326207906 0.923022389
vn 0.447488636 -0.371490568 0.813479364
vn -0.215294734 0.761081398 0.611885011
vn -0.084303394 -0.996440113 0.000300012063
vn 0.0961989313 -0.985889018 -0.136998475
vn 0.155692711 -0.987553835 -0.0222989563
vn 0.10830313 -0.968828022 -0.222806439
vn 0.296307057 -0.443610579 0.845820189
vn 0.296307057 -0.443610579 0.845820189
vn 0.886865437 -0.459782094 -0.0454982296
vn -0.0391008295 0.733915567 -0.678114355
vn -0.108799331 0.693395734 -0.712295651
vn 0.155692711 -0.987553835 -0.0222989563
vn -0.108799331 0.693395734 -0.712295651
vn 0.876431167 -0.481517136 0.00310011045
vn -0.129802316 0.335605979 -0.933016598
vn -0.0752986223 0.722186744 -0.68758738
vn 0.0840979591 -0.39879033 -0.913177848
vn 0.0416002013 -0.17990087 -0.982804716
vn 0.0359982625 -0.999351799 -0.000299985521
vn 0.063498944 -0.277295381 -0.958684087
vn 0.0122003118 0.800120413 -0.599715292
vn 0.0467997938 0.240598932 -0.969495714
vn 0.0359982625 -0.999351799 -0.000299985521
vn -0.0294006635 0.195704415 -0.980222106
vn 0.920887172 -0.389794558 -0.00519992737
vn 0.951654911 -0.306885451 0.013199375
vn -0.179698542 0.619695008 -0.7639938
vn -0.0950023755 0.274006844 -0.957023919
vn -0.327896595 0.712892592 -0.619893551
vn -0.0279005393 0.136702642 -0.990219116
vn -0.293311298 0.157006055 0.943036377
vn 0.858715892 -0.448608309 -0.247704595
vn -0.327896595 0.712892592 -0.619893551
vn -0.0765996948 0.143399432 -0.986696064
vn 0.625621378 -0.780126691 0.000500017079
vn 0.658595204 -0.752494514 0.00209998456
vn 0.70218581 -0.711985648 0.00339993136
vn -0.0572004914 0.192601666 -0.979608417
vn -0.36590296 0.299902439 0.881007135
vn -0.158095986 0.175095543 -0.971775293
vn -0.774425328 0.46691528 0.426913977
vn -0.495393217 0.417994261 0.76148957
vn -0.419407964 0.360806853 0.8330158
vn -0.495393217 0.417994261 0.76148957
vn -0.722522736 0.566617846 0.396112472
vn 0.391311735 -0.294608831 0.871826112
vn 0.81089747 -0.567798257 0.141599566
vn -0.367812008 0.145604745 0.918429971
vn -0.24319692 0.181797698 0.952787936
vn 0.887130439 -0.351812065 -0.298710257
vn 0.0121004228 -0.0546019077 0.998434901
vn -0.772969186 0.399484098 0.492880374
vn -0.667516828 0.414410442 0.618615627
vn 0.904670179 -0.29809016 -0.30448997
vn 0.961624324 -0.274006933 0.014100357
vn -0.327201843 0.154700875 0.93220526
vn -0.190592736 0.131194994 0.972862959
vn -0.78422761 0.321111292 0.530918658
vn -0.517793298 -0.547592938 0.657291472
vn -0.144194216 0.0930962637 0.98516047
vn -0.09750285 -0.995229065 0.00350010232
vn -0.158095986 0.175095543 -0.971775293
vn -0.0765996948 0.143399432 -0.986696064
vn -0.00070001249 0.138102472 0.990417719
vn 0.133502349 0.294705182 -0.946216643
vn -0.223097742 -0.974790156 0.00339996559
vn -0.453009963 -0.0548012033 0.889819562
vn 0.139694229 0.00839965232 0.990159035
vn 0.521086752 -0.376690418 0.765880525
vn 0.892685652 -0.313994944 0.323294789
vn 0.387603521 -0.26800245 0.882008016
vn 0.850299776 -0.165499955 0.499599874
vn 0.911325872 -0.321609139 -0.257007301
vn 0.882258713 -0.212490067 -0.420080364
vn 0.940426886 -0.27450785 0.200605735
vn -0.395904988 -0.868110955 -0.299403787
vn -0.0391008295 0.733915567 -0.678114355
vn 0.473907501 -0.386106104 0.791412532
vn 0.353016227 -0.284413069 0.891340971
vn -0.667516828 0.414410442 0.618615627
vn -0.838986099 0.21309647 0.500691712
vn -0.177496567 -0.0772984996 0.981081009
vn -0.838986099 0.21309647 0.500691712
vn -0.631689191 0.166697145 0.757087052
vn -0.0364000387 0.0165000185 -0.999201059
vn 0.00879989937 -0.0272996873 -0.999588549
vn -0.00200001034 -0.0242001247 -0.999705136
vn 0.00710017513 -0.0300007407 -0.999524653
vn 0.0028000176 -0.0134000843 -0.999906301
vn -0.00429982925 -0.00779969059 -0.999960363
vn 0.0883958191 -0.279886752 -0.95595479
vn -0.183402821 0.405706257 -0.895413756
vn 0.11560069 -0.352602094 -0.928605556
vn 0.0567995943 -0.133699045 -0.989392936
vn 0.0939001739 -0.128900245 -0.987201869
vn 0.112401076 -0.154301479 -0.981609404
vn 0.303600311 -0.116900124 -0.945600986
vn -0.0201999098 0.000899996026 -0.999795556
vn -0.00980045274 0.00340015697 -0.999946177
vn 0.0207997095 -0.551692307 -0.833788335
vn 0.023499066 -0.0994960442 -0.994760454
vn -0.0112005956 -0.355918944 -0.934449732
vn -0.0859009773 0.193102196 -0.977411151
vn 0.0054000672 -0.018600231 -0.999812424
vn 0.0186994374 -0.144895643 -0.98927021
vn 0.104898356 -0.124298051 -0.986684501
vn 0.0035001738 -0.0221010968 -0.999749601
vn -0.0127993682 -0.0900955573 -0.995850861
vn -0.0459997766 -0.131899357 -0.990195215
vn -0.383009523 0.626615584 -0.678716898
vn -0.0947974622 -0.131496474 -0.98677361
vn -0.053699635 -0.148898989 -0.98739326
vn -0.004200147 -0.0106003713 -0.999934971
vn -0.0349998139 -0.0956994966 -0.994794786
vn -0.0286007095 -0.170604244 -0.984924436
vn -0.0125003317 -0.024300646 -0.999626517
vn 0.165200129 0.402700305 -0.900300682
vn -0.148494214 -0.321587473 -0.935163617
vn -0.00390003389 -0.0277002398 -0.999608696
vn -0.0210997947 -0.0891991332 -0.995790303
vn -0.0440999195 -0.14189975 -0.988898218
vn -0.0496008284 -0.149502486 -0.987516463
vn -0.125700682 -0.506202757 -0.853204608
vn -0.0216007419 -0.124104261 -0.992034018
vn 0.0239990558 0.0829967335 -0.996260822
vn -0.0728972629 -0.383485585 -0.920665383
vn -0.070297204 0.180492818 -0.981060982
vn 0.204098806 -0.344597995 -0.916294634
vn 0.0106996335 -0.140195191 -0.990066051
vn 0.222412422 -0.752142012 -0.620334685
vn 0.130792648 -0.706560254 -0.695460916
vn 0.052002497 -0.072003454 -0.996047795
vn 0.148304984 -0.143104807 -0.97853291
vn 0.161805302 -0.146204785 -0.975931942
vn 0.172696918 -0.152597278 -0.973082662
vn 0.361990511 -0.109097138 -0.925775707
vn -0.0323012695 0.0477018729 -0.998339176
vn -0.729099452 0.264099777 -0.631399512
vn 0.15670526 -0.154205188 -0.97553277
vn 0.115400113 -0.0967000946 -0.988600969
vn 0.000400016899 -0.131305546 -0.991341889
vn 0.0247005597 -0.149703383 -0.988422394
vn 0.0222008545 -0.167406455 -0.985637963
vn 0.0849968195 -0.149094418 -0.985163152
vn 0.164301321 -0.321902603 -0.932407498
vn -0.0334995873 0.0100998757 -0.999387681
vn 0.0997984856 -0.0774988234 -0.991984963
vn 0.00950030144 -0.00680021569 -0.999931753
vn 0.115698166 -0.204596758 -0.971984625
vn -0.0935011134 0.188502237 -0.977611601
vn 0.0674994886 0.129399016 -0.989292502
vn 0.204391912 -0.206491828 -0.956862092
vn 0.0467983149 -0.155894399 -0.986664534
vn -0.880672991 0.355689079 -0.31289041
vn -0.528270781 0.292083859 -0.797255933
vn 0.0911981985 -0.217095718 -0.971880853
vn 0.0644989163 -0.187296852 -0.980183542
vn 0.118596606 0.161795363 -0.979671955
vn -0.0965040401 0.0526022017 -0.993941665
vn -0.826174378 0.429886669 -0.364188701
vn 0.0675008371 0.266703308 -0.961411953
vn 0.232696012 -0.0758986995 -0.969583392
vn -0.197092921 0.177593619 -0.96416539
vn -0.639197767 0.339398801 -0.69009757
vn -0.0227994248 -0.457188457 -0.889077544
vn -0.0146994079 -0.590276241 -0.807067454
vn 0.332993567 -0.0635987744 -0.940781832
vn 0.44069311 0.0799987465 -0.894086003
vn -0.123802468 0.0561011173 -0.990719736
vn 0.119494401 -0.158792555 -0.98005408
vn -0.0246994905 -0.0151996864 -0.99957937
vn 0.045598045 -0.0760967359 -0.996057272
vn -0.10920582 0.244613037 -0.963451385
vn -0.270996422 0.525793076 -0.806289375
vn -0.0801023766 0.118403517 -0.989729345
vn -0.270899147 0.843397319 -0.463998526
vn 0.0317994915 0.0248996038 -0.999184072
vn 0.299691856 -0.122996658 -0.946074307
vn 0.116301671 -0.031500455 -0.992714286
vn 0.231706381 -0.035800986 -0.972126782
vn 0.145001754 -0.0616007447 -0.987511933
vn -0.0992007703 0.0109000849 -0.995007753
vn -0.0199004319 0.335807294 -0.941720486
vn 0.735119402 -0.258506835 -0.626716554
vn 0.26159361 -0.0877978578 -0.961176515
vn 0.160705119 -0.113703616 -0.980431199
vn 0.79796207 -0.203890309 -0.567173064
vn -0.153003693 0.856520712 -0.492911905
vn 0.250498027 -0.546095669 -0.799393654
vn -0 0.00329998205 -0.999994576
vn 0.226394638 -0.569386482 -0.790281296
vn 0.215306982 -0.13880451 -0.966631353
vn 0.762888253 -0.253896087 -0.594590843
vn 0.166899011 -0.0884994715 -0.981994152
vn 0.113204002 -0.0969034284 -0.988834977
vn 0.0677982122 -0.145896167 -0.986974001
vn 0.222389087 -0.18599087 -0.957053006
vn 0.206599191 -0.0469998159 -0.977296174
vn -0.0975019038 0.697913647 -0.709513843
vn 0.104998618 -0.0769989863 -0.991486967
vn -0.00209999271 -0.136799514 -0.990596533
vn -0.14149338 0.0829961225 -0.986453891
vn 0.0485979393 -0.0437981412 -0.99785769
vn -0.00720018754 0.932224274 -0.361809433
vn 0.132393062 -0.188290119 -0.973148942
vn 0.0739998594 0.585898876 -0.806998491
vn -0.00720018754 0.932224274 -0.361809433
vn 0.144502655 -0.0920016915 -0.985218108
vn -0.00510019204 -0.173406541 -0.984837115
vn 0.245500401 -0.104000174 -0.963801622
vn 0.180701211 -0.237201586 -0.954506397
vn -0.0880957693 -0.0740964413 -0.993352354
vn -0.232590795 0.0995960608 -0.967461705
vn 0.0472989418 -0.202795461 -0.978078127
vn 0.0227997731 -0.0792992115 -0.996590078
vn 0.121000923 -0.0433003306 -0.991707563
vn 0.0913968831 0.341388375 -0.935468137
vn 0.133201137 0.236702025 -0.962408245
vn 0.13929677 0.27159372 -0.952277958
vn 0.173307732 -0.112305015 -0.978443682
vn -0.210294083 -0.564384103 -0.798277497
vn -0.178893432 -0.392085612 -0.902366877
vn -0.291888535 -0.668873727 -0.683673143
vn 0.0207991097 -0.108695351 -0.993857503
vn 0.0150004579 -0.125103816 -0.992030263
vn 0.614909172 -0.344005138 -0.709610581
vn 0.0186004657 -0.00200004992 -0.999825001
vn 0.694975197 -0.427184761 -0.578379333
vn 0.0755964667 0.0310985465 -0.996653438
vn 0.0345996879 0.0204998143 -0.999190986
vn -0.0947955102 -0.0588972121 -0.993752956
vn -0.0415002815 0.0588003993 -0.997406781
vn -0.0433983952 0.159994081 -0.986163497
vn -0.151306003 -0.184907332 -0.97103852
vn 0.212308183 -0.137805313 -0.967437327
vn -0.0492012687 0.0964024886 -0.994125664
vn -0.00799965952 0.00459980406 -0.999957442
vn 0.515795827 -0.396196783 -0.759593844
vn -0.00139994686 -0.0085996734 -0.999962032
vn 0.566315413 -0.406411052 -0.717019498
vn -0.111801803 0.0977015793 -0.98891598
vn 0.0401002094 0.0646003336 -0.997105181
vn -0.00649974076 -0.146694154 -0.989160538
vn -0.00559986522 -0.0040999013 -0.99997592
vn 0.0507019609 0.15610604 -0.986438155
vn 0.109297641 -0.136597052 -0.984578729
vn -0.00349983084 -0.0433979034 -0.99905175
vn -0.00020000567 -0.0744021088 -0.997228324
vn 0.112202227 -0.183903649 -0.976519406
vn 0.00809971616 0.00209992658 -0.999965012
vn -0.105999768 0.164899632 -0.980597854
vn -0.0639974624 0.0934963003 -0.993560672
vn -0.0193000901 -0.70140326 -0.712503314
vn -0.107296519 -0.723176539 -0.682277858
vn -0.258191824 -0.748276293 -0.611080647
vn -0.171905085 0.121203586 -0.977628946
vn 0.184700221 -0.161100194 -0.969501197
vn -0.0609976947 -0.259690195 -0.963763595
vn -0.489417076 0.477616638 -0.729625463
vn 0.0539022498 0.276711553 -0.959440053
vn 0.48587966 -0.437981665 -0.756368339
vn 0.10999722 0.397289962 -0.911077023
vn 0.136202961 -0.176003829 -0.974921227
vn -0.00910012238 -0.00950012822 -0.999913454
vn -0.261808068 0.191505909 -0.94592917
vn -0.134104252 0.108303428 -0.985031188
vn 0.251809329 -0.26200971 -0.931634545
vn -0.0391012281 -0.0548017211 -0.997731388
vn 0.170996368 -0.162496552 -0.971779346
vn 0.142599881 -0.161599874 -0.976499259
vn -0.0434996486 0.0389996842 -0.998291969
vn 0.141092956 0.738463163 -0.659367085
vn 0.0402993076 0.953183591 -0.299694836
vn 0.346105367 -0.273604244 -0.897413969
vn 0.0431009009 0.986320674 -0.159103334
vn 0.507609904 -0.522710204 -0.684913337
vn 0.496498406 -0.594398081 -0.632597983
vn 0.113205917 0.559529245 -0.821042895
vn 0.082903631 -0.0320014022 -0.996043622
vn -0.18840611 0.137404457 -0.97243154
vn -0.393088549 0.51848489 -0.759377897
vn -0.601294041 0.625493824 -0.497195095
vn -0.134397224 0.277494282 -0.951280355
vn 0.306706339 -0.598712385 -0.739915311
vn -0.0502003953 0.0682005361 -0.996407866
vn 0.229808137 0.919432521 -0.319111288
vn 0.159693345 0.921861589 -0.353085279
vn -0.488897175 0.505997062 -0.710595906
vn 0.21959272 0.940668821 -0.25869143
vn 0.137703508 -0.142803624 -0.98012495
vn 0.44950664 -0.497207344 -0.742110968
vn 0.208295316 -0.209895283 -0.955278516
vn 0.305389315 0.94046706 -0.149194777
vn 0.408679426 0.817758858 -0.405279607
vn -0.0237001199 0.0151000768 -0.99960506
vn -0.0200008731 -0.0686029941 -0.997443557
vn -0.0698964745 -0.0201989822 -0.997349739
vn -0.101000905 -0.0274002459 -0.994508922
vn -0.137702942 -0.0386008248 -0.989721119
vn -0.0967966318 -0.0475983433 -0.994165361
vn -0.0199004263 0.0190004073 -0.999621391
vn -0.287205666 0.116002291 0.950818777
vn -0.16430375 0.0310007092 -0.985922515
vn -0.0400997736 -0.001599991 -0.999194384
vn -0.144303963 0.0202005561 -0.989327192
vn -0.0277006961 0.0135003394 -0.99952507
vn -0.149997622 0.0019999682 -0.988684356
vn -0.0647004694 -0.146401063 -0.987107158
vn 0.124198817 0.0726993084 -0.989590526
vn -0.380401462 -0.0338001326 -0.924203575
vn -0.266088217 -0.0236989502 -0.96365732
vn 0.0724975541 0.106496409 -0.991666615
vn 0.404979408 0.0760961324 -0.911153674
vn 0.857194901 0.453897297 -0.243298545
vn 0.53259021 0.300094485 -0.791385472
vn 0.748722255 0.544816196 -0.37761125
vn 0.808722973 0.583716571 -0.07240206
vn 0.56378907 0.4915905 -0.66368717
vn 0.134704918 0.0969035402 -0.986136019
vn 0.104003057 0.0874025673 -0.990729094
vn 0.934565246 0.307488561 -0.178993344
vn 0.92757982 0.178196117 -0.328392833
vn 0.928102672 0.051100146 -0.368801057
vn -0.118201315 -0.13470149 -0.983810961
vn -0.0229011066 -0.0279013496 -0.999348342
vn -0.0562017597 -0.0507015884 -0.997131228
vn -0.102095045 -0.136593372 -0.985352159
vn -0.136495516 -0.0481984168 -0.989467502
vn 0.853482127 -0.261794508 -0.450590581
vn 0.998625696 0.0494012721 0.0175004508
vn 0.929985702 -0.0785987899 -0.359094471
vn 0.0562006906 -0.00380004663 -0.998412251
vn 0.185007855 0.151806444 -0.970941246
vn 0.236190036 -0.0259989034 -0.971359015
vn -0.0436985567 -0.0867971331 -0.995267153
vn 0.411814958 -0.140105084 -0.900432706
vn 0.236903846 0.344205588 -0.908514738
vn 0.107500985 0.132701218 -0.985309064
vn -0.214507699 -0.0275009871 -0.976335049
vn 0.900808036 0.237202108 -0.363703251
vn -0.684696376 0.0183999017 -0.728596151
vn 0.0490006283 0.0131001687 -0.998712838
vn 0.879562736 0.356584907 -0.314986646
vn 0.781825662 0.548317969 -0.296809733
vn -0.661291301 -0.117998444 -0.740790248
vn -0.0329013094 0.032201279 -0.998939753
vn 0.0623004884 0.0841006562 -0.99450779
vn 0.942079663 0.335092753 -0.0140996948
vn 0.962153614 0.272415191 -0.00710039539
vn 0.0886980742 0.17659618 -0.98027873
vn -0.207706854 -0.0868028626 -0.974332154
vn -0.113398843 -0.0361996293 -0.992889881
vn -0.108904712 0.0401017368 -0.993242979
vn 0.187107995 0.143906146 -0.971741557
vn -0.00810035598 0.0353015512 -0.999343872
vn -0.0198989697 -0.098394908 -0.994948506
vn 0.166907117 0.171507314 -0.970941424
vn 0.202203467 0.207003549 -0.957216442
vn 0.194692284 0.166893393 -0.966561675
vn 0.163606495 0.141405612 -0.976338744
vn -0.20559749 -0.047399424 -0.977488101
vn -0.0597002171 0.0150000546 -0.998103619
vn -0.11420428 0.074802801 -0.990637124
vn -0.668678999 -0.255491972 -0.698278069
vn -0.478586614 -0.413688451 -0.774478376
vn -0.438993782 -0.526192546 -0.728289664
vn -0.045401372 -0.0296008941 -0.998530149
vn 0.987046301 -0.160407528 -0.00300014066
vn -0.468696147 -0.440496385 -0.765693724
vn -0.475706995 -0.389405727 -0.788711607
vn -0.519195676 -0.358797014 -0.775693595
vn 0.0176995415 0.0769980028 -0.996874154
vn -0.654317021 -0.246206403 -0.71501863
vn -0.591988325 -0.0892982334 -0.800984204
vn -0.662810862 -0.0644010529 -0.746012211
vn 0.0861959234 -0.0070996643 -0.996252894
vn -0.210098729 -0.0606996305 -0.975794077
vn -0.108796582 -0.192893937 -0.975169361
vn -0.353407055 -0.506610096 -0.786415696
vn 0.0831016749 0.164203316 -0.982919812
vn 0.401189536 0.61638391 -0.677582324
vn 0.218609318 0.29091239 -0.931439698
vn -0.214303434 -0.0172002763 -0.976615667
vn -0.127498284 -0.363095134 -0.92298758
vn 0.824221253 0.220405698 -0.521613479
vn -0.171303019 -0.00140002475 -0.985217392
vn -0.10640303 -0.0545015521 -0.99282825
vn -0.118394636 0.0204990711 -0.992754996
vn -0.137194201 0.0191991869 -0.990358114
vn -0.0267987326 -0.023998864 -0.999352753
vn 0.221704602 0.456009448 -0.861917913
vn -0.01920023 -0.0425005071 -0.998911917
vn -0.198505402 -0.219405964 -0.955225945
vn -0.191507161 -0.20220755 -0.960435867
vn -0.0351991691 -0.00279993378 -0.999376416
vn 0.968439102 -0.136105493 -0.208808437
vn 0.0498975851 0.0489976294 -0.997551739
vn -0.0398984104 0.0261989571 -0.99886024
vn -0.298611134 0.22720848 0.9269346
vn 0.538489878 0.576889157 -0.614188492
vn 0.269798249 0.171098888 -0.947593808
vn 0.68740344 0.643303216 -0.337101668
vn 0.611515582 0.774719775 -0.160804108
vn -0.201298192 -0.0450995937 -0.978491247
vn 0.997168303 -0.0751976147 0.000799974601
vn -0.0560017452 -0.072002247 -0.995831072
vn -0.129406035 0.0571026616 -0.989946127
vn -0.199806124 0.0896027461 -0.975729883
vn -0.0944004133 -0.111200482 -0.989304304
vn 0.736511886 0.676410913 -0.00430006953
vn 0.679077446 0.709876418 -0.186893791
vn -0.101904973 -0.0653031841 -0.992648423
vn -0.0390002839 0.0326002389 -0.998707294
vn 0.940286577 -0.0418994017 -0.337795168
vn 0.23740238 0.00180001801 -0.971409738
vn 0.103600584 0.0206001159 -0.994405627
vn 0.55991298 0.828519225 -0.00730016967
vn 0.643791556 0.765189946 0.004099946
vn -0.594092786 0.21729736 -0.774490595
vn 0.995735526 0.0619022064 0.0684024394
vn -0.442021877 -0.374818534 -0.814940333
vn -0.626799583 0.192999884 -0.754899502
vn 0.885078669 0.465388805 -0.00699983118
vn 0.977379024 0.0129997209 -0.211095467
vn -0.0920951292 -0.116193853 -0.98894769
vn 0.92840457 -0.0254001245 -0.37070182
vn -0.722102523 0.216600761 -0.65700233
vn -0.16750659 -0.045101773 -0.984838784
vn 0.811046362 0.584961355 0.00489967596
vn 0.160106748 0.0478020161 -0.985941589
vn 0.819675505 0.572782874 -0.00719978474
vn 0.935898781 -0.169699773 -0.308699608
vn -0.202402785 0.0814011171 -0.975913405
vn 0.954196453 -0.241499096 -0.176599339
vn -0.683993816 0.10219907 -0.722293437
vn -0.243691653 0.0306989476 -0.969366789
vn 0.2244104 -0.0261012092 -0.974145114
vn 0.132603511 0.0328008682 -0.990626276
vn -0.56282115 0.0827031061 -0.822430909
vn 0.885631382 -0.138304904 -0.443315715
vn 0.345717281 -0.0234011691 -0.938046873
vn -0.110399403 0.037099801 -0.99319464
vn 0.103600584 0.0206001159 -0.994405627
vn 0.504791319 -0.378193527 -0.775986671
vn 0.132603511 0.0328008682 -0.990626276
vn 0.349099427 -0.22929962 -0.908598542
vn 0.481984556 -0.262691587 -0.835873187
vn -0.445507109 -0.18040289 0.876914024
vn 0.349099427 -0.22929962 -0.908598542
vn 0.504791319 -0.378193527 -0.775986671
vn 0.0411002859 0.0098000681 -0.999106944
vn 0.571487844 0.0231995061 -0.820282519
vn 0.970094562 -0.0541996956 -0.23659867
vn 0.957051396 -0.104094714 -0.270586252
vn 0.952168941 -0.15559493 -0.262991428
vn 0.985547841 0.144006997 0.0892043337
vn 0.868957162 0.49487561 0.00339983241
vn 0.915939152 0.401317149 0.000100004276
vn 0.959065318 0.282289803 -0.0224991869
vn 0.762676477 0.646780074 0.00039998765
vn 0.696223319 0.717824042 -0.00130004354
vn 0.903852522 -0.0721041933 -0.421724528
vn -0.109804712 -0.0903038755 -0.989842474
vn 0.949415743 0.307305098 0.0646010712
vn 0.378705651 0.916913688 -0.125901878
vn 0.504801393 0.848202348 -0.16040045
vn -0.20459725 -0.168197736 -0.964287043
vn 0.541089594 0.770185173 -0.337693483
vn 0.0519983843 0.0124996109 -0.998568952
vn -0.242300242 -0.000800000795 -0.970200956
vn -0.252700895 -0.103400372 -0.96200341
vn 0.504316688 0.158605248 -0.848828077
vn 0.898010552 0.122401439 -0.422604948
vn 0.122697592 0.0623987727 -0.990480542
vn -0.0698013082 -0.0297005568 -0.997118652
vn -0.644389689 -0.0178997125 -0.764487743
vn 0.147505268 0.135504842 -0.979734957
vn -0.160408244 -0.000100005142 -0.987050772
vn 0.0912997052 0.0634998009 -0.993796825
vn 0.436394602 0.076599054 -0.896488905
vn 0.457495391 0.889191091 -0.00609993888
vn 0.554611027 0.261005193 -0.790115714
vn -0.0213993583 -0.00139995804 0.999770045
vn 0.109505109 -0.00890041515 0.993946373
vn 0.113397129 -0.0121996915 0.993474841
vn 0.0983966067 0.148094893 0.984066069
vn 0.170699239 0.155999303 0.972895682
vn 0.269494444 0.225695357 0.936180711
vn 0.012600149 0.00420004968 0.999911785
vn 0.0159995202 -0.00199994002 0.999870002
vn 0.123504169 0.0425014347 0.991433501
vn 0.16189529 -0.00849975273 0.986771345
vn 0.205008626 -0.00610025646 0.978741169
vn 0.101795204 -0.0223989449 0.994553149
vn 0.0298991166 0.0796976462 0.996370554
vn -0.0652984157 -0.0934977308 0.993475854
vn -0.0888042226 -0.121205769 0.988647044
vn 0.184408292 0.19680886 0.962943316
vn -0.0681971163 -0.0530977547 0.996257901
vn 0.144597903 -0.00309995492 0.989485621
vn 0.0702006072 0.145201251 0.986908555
vn 0.0755027086 0.108403891 0.991235554
vn -0.0139004225 0.0186005645 0.999730349
vn 0.307307839 0.270606905 0.912323296
vn 0.691886783 0.45439133 0.561089277
vn 0.0483004637 0.0452004336 0.997809589
vn 0.0323983207 0.127193421 0.991348684
vn -0.00789966248 0.00479979487 0.999957263
vn 0.305779248 0.298079759 0.904238641
vn 0.180595517 0.392890245 0.901677608
vn 0.0574026629 0.107504986 0.992546022
vn 0.0300011057 -0.00510018785 0.999536872
vn 0.00499991886 0.0143997669 0.999883831
vn 0.017500801 -0.00150006858 0.999845743
vn 0.0126999347 0.00699996389 0.999894857
vn 0.153997257 0.228095949 0.961382926
vn -0.0555019416 -0.045201581 0.997434914
vn -0.0211993307 0.0968969464 0.99506861
vn 0.0560992323 0.0885987878 0.994486392
vn 0.0368016846 0.0505023114 0.998045683
vn -0.0127005568 -0.0274012014 0.999543846
vn 0.00199997704 0.0147998296 0.99988848
vn 0.0436010025 0.0587013513 0.997322977
vn 0.125596628 0.0614983514 0.990173459
vn -0.00359984837 0.0454980843 0.998957932
vn 0.0510012917 0.0121003063 0.998625278
vn -0.000399999728 0.0010999993 0.999999344
vn 0.0739002377 0.0806002617 0.994003177
vn 0.0400992893 0.0848985016 0.995582402
vn 0.11280112 0.114401132 0.987009764
vn 0.00379991927 0.00529988715 0.999978721
vn 0.0604986884 0.013399709 0.998078346
vn 0.00159999297 -0.002499989 0.999995589
vn 0.0041001942 0.00940044597 0.999947429
vn 0.156393155 -0.0325985737 0.987156808
vn -0.00170003611 0.0442009382 0.999021232
vn 0.311511546 -0.109304048 0.943934977
vn -0.00809967611 -0.00379984803 0.999960005
vn 0.106402278 -0.0245005246 0.994021297
vn -0.023699617 0.00839986373 0.999683857
vn -0.00619981252 0.00469985791 0.999969721
vn 0.283096939 0.00179998053 0.959089637
vn 0.143005431 0.0191007257 0.989537597
vn -0.135599867 -0.022899976 0.99049902
vn 0.204205826 0.000300008571 0.97892791
vn -0.183695316 0.050698705 0.98167491
vn 0.014999602 -0.00529985921 0.999873459
vn 0.189409509 -0.00980049185 0.981849253
vn 0.21670647 -0.0145004326 0.976129115
vn -0.120199189 0.0711995214 0.990193307
vn 0.153497577 0.0333994739 0.987584412
vn 0.141106397 -0.00990044978 0.989944935
vn 0.293101609 0.14380078 0.945205152
vn 0.185694814 -0.0676981062 0.980272591
vn 0.245308474 0.0881030485 0.965433359
vn -0.105597384 -0.0162995961 0.994275391
vn 0.248898327 0.19549869 0.948593616
vn -0.114796922 -0.0376989879 0.992673397
vn 0.113201171 0.0389004014 0.992810309
vn 0.315116704 0.0779041275 0.945850074
vn -0.00799981505 -0.0134996874 0.999876857
vn 0.0824989229 0.0468993895 0.995486975
vn -0.142198369 -0.0409995317 0.988988698
vn -0.17739436 -0.0413986817 0.983268738
vn -0.123994254 -0.0707967207 0.98975414
vn -0.992145538 0.104994237 0.0679962635
vn -0.998915672 0.0464007296 -0.00380005967
vn -0.997629821 -0.0463013835 0.050901521
vn -0.988301098 0.15030016 0.0259000286
vn -0.986886919 0.161297858 -0.00609991932
vn 0.625276089 0.448182851 0.638875544
vn 0.466205209 0.185502067 0.865009665
vn 0.724090397 0.432694256 0.537092865
vn -0.90331769 -0.42520833 0.0567011125
vn -0.840502024 -0.274200648 -0.46730113
vn -0.877208829 -0.358003616 -0.319903225
vn -0.808725834 -0.531417012 -0.252108067
vn -0.802040815 -0.45652321 -0.385119587
vn 0.824123383 0.295508385 0.483213693
vn 0.361513525 0.227308497 0.904233813
vn 0.488194287 0.255197018 0.834590197
vn -0.239202231 -0.464404345 0.852707982
vn -0.543225348 -0.829538703 0.129506037
vn -0.486594617 -0.87359035 0.0080999108
vn -0.20859991 -0.849099636 0.485299796
vn 0.239902183 0.353603214 0.904108226
vn -0.322893888 -0.848883927 -0.418492079
vn -0.348687857 -0.935467422 0.0575979911
vn -0.429098696 -0.129699603 0.893897295
vn 0.0383986384 0.0243991353 0.998964548
vn -0.144204915 -0.176206008 0.973733246
vn -0.920643866 0.199609503 -0.335515976
vn -0.979623497 -0.200804815 0.00390009349
vn -0.79066366 -0.612071872 0.0147993201
vn 0.194499701 0.121099815 0.973398507
vn 0.184094459 0.0900972858 0.978770494
vn -0.0739985183 -0.0124997497 0.997179985
vn -0.874205172 -0.485302866 0.0157000925
vn 0.249710977 0.128605649 0.959742188
vn 0.144506454 0.0725032389 0.986844063
vn 0.0960049257 -0.0077003953 0.995351076
vn 0.015499589 0.245493501 0.969274342
vn 0.698031664 0.251811415 0.670330405
vn -0.678509712 -0.734410524 0.0163002331
vn 0.53200233 0.162500709 0.831003606
vn 0.0426979065 0.0085995784 0.999051034
vn 0.199507996 0.0923037007 0.975539148
vn -0.923766255 -0.382686019 0.0143994736
vn -0.931175351 -0.0704981312 -0.357690513
vn -0.803317964 -0.0993022248 -0.587213159
vn -0.991579771 -0.129497349 0.00019999592
vn -0.959402382 0.281000704 0.0242000613
vn -0.920467556 0.250491172 -0.299989432
vn -0.91335541 0.310218841 -0.263716012
vn -0.941624224 0.336308658 -0.0155003993
vn -0.591021061 -0.523018599 0.614121854
vn -0.769020259 -0.528613925 -0.359409481
vn -0.605487227 -0.386891842 0.695485353
vn -0.669336677 -0.64523536 -0.368320167
vn -0.503592491 -0.800888062 -0.323995173
vn -0.561271846 -0.735763073 -0.378980994
vn -0.214398503 -0.570396006 0.792894483
vn -0.759428859 -0.563821435 -0.324612349
vn 0.264997542 0.0581994615 0.962491095
vn 0.643540859 0.0158010032 0.765248597
vn 0.539885104 -0.0209994204 0.841476738
vn -0.334802747 -0.196801618 0.921507597
vn -0.478284508 -0.629179597 0.612680137
vn -0.683186233 -0.635287166 -0.360092729
vn -0.157397911 0.0708990544 0.984986901
vn 0.382411391 0.0293008722 0.923527479
vn 0.324407071 -0.0274005979 0.945520639
vn -0.962994754 -0.266898543 0.0374997966
vn 0.635474563 0.65757364 0.404683799
vn 0.382792801 0.352393389 0.853983939
vn 0.403392494 0.218795925 0.888483465
vn -0.573217392 0.266008079 0.77502352
vn 0.11849609 -0.337688863 0.933769166
vn 0.620605946 0.102400981 0.777407408
vn 0.0421996675 0.103899181 0.99369216
vn 0.719400406 -0.22070013 0.65860039
vn 0.308206648 0.352707624 0.883519113
vn -0.874399424 0.33499977 -0.350999773
vn -0.834897101 -0.471598357 -0.283798993
vn 0.376085788 0.601777256 0.704573393
vn 0.573591113 0.542791545 0.613490462
vn 0.619606793 0.485805333 0.616506755
vn -0.902078569 0.431289762 0.0155996298
vn 0.14019236 0.190389618 0.971647024
vn -0.573298275 -0.561498284 0.596698225
vn 0.165706709 -0.0955038667 0.981539786
vn -0.867483795 0.38189289 -0.318794042
vn 0.697201908 0.566501558 0.439301193
vn -0.970548809 -0.0928046703 -0.222311184
vn 0.0821019486 -0.085802041 0.992923617
vn 0.505808949 -0.129202276 0.852915049
vn 0.470096111 -0.0482995994 0.881292701
vn 0.231792375 0.197193503 0.95256865
vn -0.0555986799 0.0627985075 0.996476352
vn -0.214797288 0.0845989361 0.972987711
vn -0.532407582 -0.53850764 0.653109252
vn 0.386415213 -0.063502498 0.920136273
vn 0.0478995964 0.186998427 0.981191754
vn -0.991579771 -0.129497349 0.00019999592
vn 0.59130311 -0.0855004489 0.801904202
vn 0.676582515 -0.34979099 0.647983253
vn -0.0271989703 -0.0701973438 0.997162223
vn -0.959439516 0.281911612 -0.00130005355
vn -0.960439682 0.277811468 0.0194008015
vn -0.45249486 -0.862890244 -0.225097448
vn 0.43139714 0.448997021 0.782494843
vn 0.556670129 0.750359774 0.356480867
vn 0.520518303 0.78152746 0.343912095
vn 0.285509467 0.185606152 0.940231204
vn 0.0157002304 0.0807011873 0.996614695
vn 0.235896692 0.48709318 0.840888202
vn 0.130798519 0.595293283 0.792791069
vn -0.945436954 0.325512707 0.0138005391
vn 0.39980042 0.712200761 0.577000618
vn 0.399108917 0.804317951 0.440209836
vn -0.900869191 -0.30458957 -0.309289426
vn 0.321297288 0.786793351 0.52699554
vn 0.851026595 0.133704171 0.507815838
vn -0.906129599 -0.230607525 0.354611576
vn -0.903465807 -0.17639333 -0.390685201
vn -0.783379376 -0.373390168 0.496886909
vn -0.167100653 -0.0734002888 0.983203828
vn 0.85510534 0.226001412 0.466602892
vn -0.799129665 -0.0229008514 0.600722313
vn -0.0693004727 -0.0466003194 0.99650681
vn -0.44931066 -0.74101758 0.499011844
vn -0.997629821 -0.0463013835 0.050901521
vn -0.803317964 -0.0993022248 -0.587213159
vn -0.960313857 0.00810011663 -0.278804034
vn 0.435892373 0.0759986714 0.896784306
vn 0.41829285 0.0810986161 0.904684544
vn 0.173298687 -0.0122999065 0.984792531
vn -0.992145538 0.104994237 0.0679962635
vn -0.832891107 -0.135098562 0.536694288
vn -0.985026956 -0.0185005069 -0.17140469
vn -0.659121513 0.111503638 0.743724287
vn -0.985026956 -0.0185005069 -0.17140469
vn -0.855054855 0.0722961873 0.513472915
vn -0.97409898 -0.128299862 0.186199799
vn -0.0460999869 -0.532299817 0.84529978
vn 0.315505892 0.0391007289 0.948117673
vn -0.0460999869 -0.532299817 0.84529978
vn -0.97409898 -0.128299862 0.186199799
vn 0.582698703 0.133199707 0.801698208
vn -0.431088001 -0.262192696 0.863376021
vn -0.0111001665 0.13550204 0.990714908
vn 0.774875462 0.0657979175 0.62868011
vn -0.456579179 -0.208690479 0.864860535
vn 0.35929963 0.265699714 0.89459902
vn -0.855054855 0.0722961873 0.513472915
vn -0.573217392 0.266008079 0.77502352
vn 0.631517172 0.125603423 0.765120804
vn -0.646176279 0.182393312 0.741072774
vn 0.539885104 -0.0209994204 0.841476738
vn -0.86489594 0.225398943 0.448497891
vn 0.0421996675 0.103899181 0.99369216
vn -0.137896374 0.0364990383 0.989773929
vn -0.137896374 0.0364990383 0.989773929
vn -0.943797112 0.112199657 0.310899049
vn -0.0574012697 -0.175403878 0.982821763
vn -0.732005477 0.260801941 0.629404724
vn 0.59130311 -0.0855004489 0.801904202
vn -0.0271989703 -0.0701973438 0.997162223
vn -0.0574012697 -0.175403878 0.982821763
vn -0.626164675 -0.139792114 0.767056704
vn 0.484015554 0.0937030166 0.870027959
vn 0.108702898 0.293607831 0.94972527
vn -0.0147994319 0.00759970816 0.999861598
vn -0.00979952514 0.000899956445 0.999951601
vn 0.0046001859 0.00990040042 0.999940395
vn -0.00590015901 0.124303348 0.99222672
vn -0.0380007885 0.135702819 0.990020573
vn -0.00409988686 0.00619982881 0.999972403
vn -0.00819998328 0.0116999755 0.999897957
vn 0.0365985222 0.0365985222 0.99865967
vn 0.062799938 0.0938999057 0.993598998
vn 0.0326996222 0.0187997818 0.99928838
vn -0.122499473 0.0575997494 0.990795732
vn 0.0149996541 0.00459989393 0.999876916
vn -0.0104004061 0.00370014459 0.999939084
vn -0.00410008011 0.0120002348 0.999919593
vn 0.0165994689 0.0746976063 0.997068048
vn -0.0139996326 0.290492386 0.95677489
vn -0.0155996569 0.000799982401 0.999877989
vn -0.0144999223 0.00069999625 0.999894619
vn -0.0959013179 0.0274003763 0.995013654
vn 0.0248997137 -0.00169998046 0.999688506
vn 0.0138001479 0.0197002105 0.999710679
vn -0.169291407 0.0400979631 0.984750032
vn -0.190205842 -0.925928473 -0.326310039
vn -0.306798369 -0.934695065 0.179499045
vn 0.161209792 0.716843545 0.67834121
vn -0.13819772 -0.278695375 0.950384259
vn 0.135403767 0.434112072 0.890624762
vn -0.0938994512 -0.8899948 0.446197391
vn -0.125505507 -0.950241685 0.2851125
vn 0.133196324 0.680881262 0.720180154
vn 0.0180006828 -0.000300011394 0.999837935
vn 0.081400767 0.763207197 0.641006052
vn 0.134801269 0.663306236 0.736106932
vn -0.0882042572 -0.361617476 0.928144813
vn -0.0173006319 -0.130204752 0.991336167
vn -0.0790961012 0.0449977815 0.995850921
vn -0.253292888 0.00569983991 0.967372835
vn 0.335005492 -0.00120001961 0.942215443
vn -0.631689191 0.166697145 0.757087052
vn -0.0692028478 0.0686028227 0.995240986
vn -0.27549541 0.16529724 0.946984231
vn 0.230597466 -0.154598296 0.960689425
vn 0.0933957249 -0.107995056 0.989754677
vn 0.182299405 -0.144299522 0.972596824
vn 0.203694478 -0.275492549 0.939474523
vn 0.17069684 -0.161597013 0.971982002
vn 0.0522978157 -0.0964959711 0.993958473
vn -0.0825987235 0.0372994244 0.995884657
vn 0.117404014 -0.120604128 0.985733688
vn -0.0423017107 0.0756030604 0.996240318
vn 0.293999761 -0.273299754 0.915899217
vn 0.106599309 -0.127499163 0.986093581
vn 0.109897695 -0.131697237 0.985179365
vn 0.144897506 -0.131397739 0.980683088
vn 0.026401205 -0.00340015534 0.99964565
vn 0.013599568 -0.154695094 0.987868667
vn 0.0103001446 -0.0258003622 0.99961406
vn 0.0380999781 -0.12909992 0.990899384
vn 0.145997703 -0.138197824 0.979584634
vn 0.180306181 -0.227107778 0.9570328
vn -0.0606012195 0.0930018723 0.993819952
vn 0.0530993678 0.00149998209 0.998588085
vn -0.0703009292 0.167202219 0.983413041
vn 0.0245996248 -0.0402993858 0.998884797
vn 0.387812942 -0.72062403 0.574719191
vn 0.0610013679 -0.130102918 0.989622176
vn 0.0603970215 -0.0837958679 0.9946509
vn 0.0140004857 -0.0116004022 0.999834716
vn -0.00180000067 -0.0140000051 0.999900401
vn -0.000699994795 -0.00379997166 0.999992549
vn -0.0237988047 -0.155492187 0.987550378
vn 0.0979978219 -0.0631985962 0.993177891
vn -0.0416014157 0.0374012738 0.998434007
vn 0.0191990398 -0.0181990899 0.999650061
vn 0.0207001697 -0.0368003026 0.999108195
vn -0.0348986983 -0.0970963836 0.994662941
vn -0.00149998011 -0.13019827 0.991486847
vn 0.00129993015 -0.302183777 0.953248799
vn 0.0540021732 -0.0245009866 0.998240173
vn 0.0669028759 -0.0694029853 0.995342791
vn 0.0468011238 -0.121202916 0.991523802
vn 0.0205009244 -0.0330014862 0.999245048
vn 0.00780017581 -0.00970021822 0.999922514
vn 0.082500264 -0.114400364 0.990003169
vn 0.134604588 -0.162805557 0.977433324
vn 0.0836029872 -0.0558019914 0.994935513
vn 0.0659016371 -0.456611365 0.887222111
vn 0.066996783 -0.0719965398 0.995152235
vn 0.0928968936 -0.119596004 0.988466978
vn 0.0158993248 -0.101995669 0.994657755
vn 0.260899901 -0.12529996 0.957199633
vn 0.206893176 -0.127895772 0.969967961
vn -0.0134998579 -0.133998588 0.990889549
vn -0.00400002766 -0.0846005902 0.996406913
vn -0.0222007073 0.015600496 0.999631822
vn -0.0355984792 0.112995178 0.992957592
vn 0.028098993 -0.176693663 0.983864725
vn 0.104196101 -0.214891955 0.971063673
vn 0.00609986158 -0.151896551 0.988377571
vn 0.00220002886 -0.0130001698 0.999913096
vn 0.00219997694 -0.203897849 0.97898972
vn 0.0462990217 -0.222295314 0.973879457
vn -0.0259001181 -0.212100968 0.976904452
vn -0.00309987436 -0.183792546 0.982960165
vn -0.771622479 0.636018515 0.00890025869
vn -0.688893199 0.686293185 -0.233297691
vn -0.734642625 0.678439379 -0.00450026104
vn -0.878953576 0.422877669 -0.220488355
vn -0.933301389 0.354700536 -0.0560000837
vn -0.891594112 0.452796996 -0.00589996111
vn -0.84625411 0.52237165 -0.104794316
vn -0.628803849 0.740404487 -0.237501442
vn -0.662580967 0.748978496 0.00419987924
vn -0.423690885 0.901580632 0.0873981193
vn -0.481203079 0.87660557 -0.00250001601
vn -0.609803081 0.761203825 -0.220701113
vn -0.609803081 0.761203825 -0.220701113
vn -0.925751984 0.375780523 -0.0420978181
vn -0.816675842 0.567483246 -0.104896896
vn -0.749569058 0.575976193 -0.326186538
vn 0.365998894 -0.256399214 0.894597292
vn -0.0210002325 0.0912010148 0.995611072
vn -0.565819263 0.824528098 -0.00140004768
vn -0.481203079 0.87660557 -0.00250001601
vn -0.516598821 0.835198104 -0.188599572
vn 0.453519076 -0.624026239 0.63632673
vn 0.0571012534 0.998221934 -0.0171003751
vn 0.00870027579 0.999931753 -0.00780024752
vn 0.143307105 0.989649057 0.00760037685
vn 0.236411899 0.971648872 -0.002800141
vn -0.823220611 0.567714214 -0.00290007261
vn 0.250491738 0.968068123 0.00989967398
vn -0.437676936 0.872854054 -0.215788633
vn 0.343500972 -0.516601443 0.784302235
vn 0.287504941 -0.488708407 0.823714137
vn -0.73751384 0.613311529 -0.282705307
vn -0.764152408 0.554037988 -0.330322653
vn 0.626814604 -0.396709234 0.670615613
vn 0.213699952 -0.115899973 0.969999731
vn 0.276207626 -0.118003249 0.953826308
vn 0.378292888 0.925682604 -0.00249995291
vn 0.553229988 -0.633934379 0.540429294
vn 0.723201632 -0.567501307 0.393600881
vn -0.856028318 0.516917109 0.00350011582
vn -0.729712009 0.667610943 -0.147702426
vn -0.282305986 0.959320307 -0.00280005927
vn -0.0860974416 0.947971821 -0.306490898
vn -0.182307661 0.98324126 -0.00070002937
vn -0.585184574 0.759880006 -0.283092558
vn -0.617578447 0.680076301 -0.395086229
vn -0.101197295 0.994773448 -0.013599637
vn -0.07760185 0.996923745 -0.0110002616
vn -0.392303377 0.829607189 -0.397303432
vn -0.537402868 0.752404034 -0.380902022
vn -0.340589106 0.905171096 -0.254291862
vn -0.44251141 0.849221885 -0.288107425
vn -0.364112616 0.931332231 0.00650022505
vn -0.219404116 0.931317449 -0.290705442
vn -0.27120316 0.844009817 -0.462705374
vn -0.0261010285 -0.190507516 0.98133868
vn 0.133599341 -0.719996393 0.680996597
vn 0.220110282 -0.922043085 0.318414867
vn 0.291499585 -0.594499171 0.749398947
vn -0.148001909 0.926111937 -0.347004473
vn 0.221805692 -0.823021114 0.522913396
vn -0.284506857 0.953422964 -0.100202411
vn -0.222902879 0.962212384 -0.156402022
vn -0.364112616 0.931332231 0.00650022505
vn 0.00360017642 0.999849021 0.0170008335
vn 0.0913963839 -0.132494748 0.986960888
vn -0.107100248 0.989002287 -0.102000237
vn -0.107100248 0.989002287 -0.102000237
vn 0.544606328 -0.699108064 0.463305354
vn 0.197897419 0.980087221 -0.0162997879
vn 0.00950028002 0.972428679 -0.23300688
vn 0.209196672 0.913285494 -0.349494457
vn 0.0410008729 -0.021800464 0.998921275
vn 0.0931023285 -0.812120318 0.5760144
vn -0.80058682 0.598490179 0.0294995159
vn 0.131394669 -0.795767784 0.591176033
vn -0.222902879 0.962212384 -0.156402022
vn -0.0809018984 0.963522613 -0.255105972
vn -0.820443988 0.539228916 -0.19001019
vn 0.172199041 -0.871695161 0.458797425
vn -0.247598663 0.547997057 0.798995674
vn 0.109197512 -0.927278876 0.358091861
vn -0.817384958 0.481891125 -0.315694183
vn -0.90545541 0.356082469 -0.230988622
vn -0.796002984 0.334601253 0.504401863
vn 0.14430359 -0.0400009975 0.988724649
vn 0.418101758 -0.233400986 0.8779037
vn 0.281899154 -0.141199574 0.94899714
vn -0.0110999094 0.930392385 -0.366397023
vn -0.248404443 0.891515911 0.37880677
vn -0.0627009943 0.975515544 0.21080336
vn -0.0273000523 0.49860093 0.866401613
vn -0.00020000909 -0.101404615 0.994845271
vn 0.623297453 -0.330098659 0.708897114
vn -0.112299167 -0.0339997485 0.993092597
vn -0.0692008063 -0.623307228 0.778909087
vn -0.0483999476 -0.935198963 0.35079962
vn 0.625105262 -0.415903509 0.660505593
vn 0.0737994313 -0.0716994479 0.994692326
vn 0.0327991955 -0.405790061 0.913377583
vn -0.0970999002 0.0186999794 0.995098948
vn 0.1592035 -0.00690015173 0.987221658
vn 0.438313544 -0.229507104 0.869026899
vn -0.0667020902 -0.797124982 0.600118816
vn -0.0585990027 -0.784786642 0.616989493
vn -0.821886539 0.558290839 -0.113198146
vn 0.637269855 -0.425279856 0.642669559
vn 0.548773706 -0.323684514 0.770763099
vn 0.114304997 0.893039048 -0.435219049
vn 0.11479789 0.974282086 0.193896443
vn 0.00379991508 0.963078499 0.269193977
vn 0.0728014335 -0.49380976 0.866517127
vn -0.0510007218 -0.459306479 0.886812508
vn 0.0557993501 0.777990937 0.625792742
vn 0.00949981343 0.127597496 0.991780519
vn -0.468518674 0.291911632 0.833833218
vn -0.286803931 0.309804261 0.906512439
vn 0.706218779 -0.468612432 0.530714095
vn -0.792862177 0.585472047 -0.169091925
vn -0.473598182 0.616597593 0.628897548
vn 0.695221305 -0.493815124 0.522315979
vn 0.602284133 -0.407089293 0.686681926
vn -0.621976137 0.7111727 -0.327687442
vn -0.0701019242 0.123003379 0.989927232
vn 0.452296257 -0.566195309 0.689094305
vn -0.0701019242 0.123003379 0.989927232
vn -0.424319535 0.456821024 0.781835973
vn -0.424319535 0.456821024 0.781835973
vn 0.0662010983 0.0343005694 0.997216582
vn -0.50669688 0.842194855 -0.184298873
vn -0.414514095 0.673322916 0.612220824
vn 0.499102801 -0.582003236 0.642003596
vn 0.0662010983 0.0343005694 0.997216582
vn -0.448385239 0.820972979 -0.353488356
vn -0.50669688 0.842194855 -0.184298873
vn -0.559918106 0.708222926 0.430013925
vn -0.374896437 0.604594231 0.7027933
vn 0.313795805 -0.273696333 0.909187853
vn 0.303594053 -0.697786331 0.64878726
vn 0.164601013 -0.534003317 0.829305112
vn -0.454084277 0.49248293 0.742474258
vn -0.432509035 0.899418771 0.0631013215
vn -0.0487020463 0.270311356 0.961540341
vn -0.290698916 0.761897147 0.578797817
vn 0.0720992386 0.289396971 0.954489946
vn -0.30040592 0.824516237 0.479509443
vn -0.0309995823 -0.0751989856 0.996686578
vn 0.623297453 -0.330098659 0.708897114
vn 0.438313544 -0.229507104 0.869026899
vn 0.548773706 -0.323684514 0.770763099
vn 0.706218779 -0.468612432 0.530714095
vn -0.131296754 0.195495158 0.971875906
vn -0.112299167 -0.0339997485 0.993092597
vn 0.602284133 -0.407089293 0.686681926
vn -0.414514095 0.673322916 0.612220824
vn -0.279013425 0.496223867 0.822139502
vn -0.0873981863 -0.0343992859 0.995579362
vn -0.0342008621 -0.0134003367 0.999325156
vn -0.02140023 -0.0179001912 0.999610722
vn -0.11800018 -0.00490000751 0.993001461
vn -0.117403798 -0.0457014814 0.992032111
vn -0.11410512 -0.0618027709 0.991544485
vn -0.110403247 -0.0177005213 0.993729234
vn -0.0055998629 -0.00419989694 0.999975502
vn -0.106499448 -0.0692996383 0.991894841
vn -0.0171006974 -0.00510020787 0.999840736
vn 0.120502695 0.059601333 0.990922213
vn -0.363692671 0.0775984377 0.928281248
vn -0.233206049 -0.0522013567 0.971025229
vn -0.230505705 -0.109202705 0.966923952
vn -0.167492673 -0.0056997505 0.985856831
vn -0.141694427 0.0262989644 0.989561021
vn 0.0162007175 -0.00700030988 0.999844253
vn -0.0186004806 0.00150003878 0.999825895
vn -0.0966032073 -0.107203558 0.989532828
vn -0.252402753 0.0147001613 0.967510581
vn 0.145401374 -0.0112001058 0.989309371
vn -0.00949958991 -0.013999396 0.999856889
vn -0.058297947 -0.0515981838 0.996964872
vn -0.152694345 0.062997669 0.986263514
vn -0.165596694 -0.0374992527 0.985480368
vn -0.221797645 0.0198997892 0.974889636
vn -0.0153004229 -0.0625017285 0.997927547
vn -0.0095002465 -0.00760019757 0.999925971
vn -0.328700304 -0.0604000576 0.942500889
vn 0.0113006067 0.108305819 0.994053364
vn -0.138800353 -0.170100436 0.975602508
vn -0.173798159 -0.239197463 0.9552899
vn -0.19400461 -0.0837019905 0.977423251
vn -0.054700464 -0.0197001658 0.99830848
vn -0.0944014341 -0.0154002337 0.995415092
vn 0.155104995 0.0389012508 0.987131774
vn -0.183194295 -0.00379988155 0.98306936
vn -0.00199999311 0.00169999409 0.999996543
vn -0.0873004198 -0.126600608 0.988104701
vn 0.130503386 0.110902876 0.985225558
vn -0.167597651 0.10649851 0.980086267
vn -0.00799978245 -0.0137996245 0.999872804
vn -0.544286609 -0.0674983412 0.836179435
vn 0.19059521 0.0239993967 0.981375337
vn -0.00329997926 0.00129999185 0.999993682
vn -0.280297697 -0.0483996049 0.958692193
vn -0.212403625 -0.0113001931 0.977116704
vn -0.40148291 -0.0676971227 0.913361132
vn 0.0553022847 0.163206741 0.985040724
vn 0.0751984939 0.132097363 0.988380253
vn -0.218497723 -0.253297359 0.942390144
vn 0.0125003038 -0.0565013736 0.998324275
vn -0.0381010137 -0.156604171 0.986926258
vn 0.0105996747 0.12759608 0.991769552
vn -0.028700484 -0.123602085 0.991916716
vn -0.018300781 -0.0527022481 0.99844259
vn -0.0772008896 -0.130701512 0.988411427
vn -0.0336015411 -0.126905829 0.991345465
vn -0.0240996294 -0.158997551 0.986984789
vn 0.0292998832 -0.0307998769 0.999096036
vn -0.00870030932 -0.162105754 0.986735046
vn -0.0204004031 -0.074401468 0.997019708
vn -0.0420994088 -0.103998542 0.99368602
vn -0.0305001996 -0.0815005302 0.996206522
vn -0.203596726 -0.296795219 0.932985008
vn -0.135504961 -0.336912334 0.931734145
vn -0.0157002788 -0.195803493 0.980517447
vn -0.0515003018 -0.0954005644 0.994105875
vn -0.181205973 -0.132104352 0.974532127
vn 0.105701037 0.0808007941 0.991109729
vn -0.0540007539 -0.165002301 0.98481375
vn -0.193197176 -0.109898396 0.974985719
vn -0.167295605 -0.0984974131 0.980974257
vn -0.409493893 -0.348594815 0.843087435
vn -0.642996132 -0.530796826 0.552096665
vn -0.719278693 -0.501385152 0.480885744
vn 0.748841643 0.662736893 -0.00400022278
vn 0.617696822 0.719696283 -0.316998363
vn 0.789119005 0.564813614 -0.241405815
vn -0.0672024265 0.00260009384 0.997735977
vn -0.479975432 -0.550371826 0.683165014
vn -0.180300683 -0.122100458 0.976003647
vn 0.0402001701 0.0563002378 0.997604251
vn -0.119397558 -0.0181996282 0.992679715
vn 0.699464917 0.62736851 -0.342282832
vn -0.600318849 -0.523616433 0.60451895
vn -0.745615482 -0.520810783 0.415708631
vn 0.724910557 0.627209127 -0.284804136
vn -0.379202962 0.0609004758 0.92330724
vn 0.107199058 0.00959991571 0.994191229
vn 0.987364829 -0.0272990279 -0.156094432
vn 0.950014353 0.287804335 -0.121001825
vn 0.691532671 0.722334087 0.00400018878
vn 0.505609214 0.862715662 -0.00900016353
vn 0.590393066 0.772390902 -0.234197244
vn 0.481289834 0.828282535 -0.286893934
vn -0.246003091 -0.0105001321 0.969212174
vn -0.497610658 -0.133802861 0.857018352
vn -0.848056376 -0.101094797 0.520173252
vn -0.438998431 -0.372798681 0.817497075
vn 0.936772287 0.136095971 -0.322390467
vn 0.978243351 0.197308749 -0.0641028434
vn 0.813131869 0.0686026886 0.578022659
vn 0.586701989 0.21980074 0.779402614
vn 0.987587988 0.146398216 0.0568993092
vn 0.923941493 0.35571596 0.140706316
vn -0.713267028 -0.153092921 0.683968365
vn -0.478819728 -0.221409112 0.849534988
vn 0.652095377 0.0311997794 0.757494688
vn 0.58631736 0.235406965 0.775122941
vn 0.922640204 0.309713483 -0.229810014
vn 0.894558191 0.431228042 0.117507644
vn -0.0268993769 -0.444289714 0.895479262
vn -0.848022819 -0.310308337 0.429611534
vn -0.642282963 -0.29099226 0.709081173
vn 0.888198912 0.406999499 -0.213199735
vn 0.3482894 0.937371492 0.00539983576
vn 0.857767403 0.387385279 -0.337887168
vn 0.154408246 -0.328917563 0.931649804
vn 0.108404398 -0.311512649 0.944038332
vn -0.344911516 -0.203406781 0.916330576
vn -0.751080871 0.167595729 0.63858372
vn -0.234595478 -0.844983697 0.480590731
vn -0.159600586 -0.100000374 0.982103646
vn 0.280207574 0.895024121 -0.347009361
vn -0.351407975 0.0656014904 0.933921218
vn -0.0917997807 -0.134899676 0.986597598
vn 0.444979876 0.835962176 -0.32118547
vn -0.679608762 0.0826010704 0.728909433
vn -0.55352062 -0.08650323 0.828330874
vn -0.726276517 0.235292405 0.645879149
vn -0.605114639 -0.396609575 0.690316677
vn -0.588883281 -0.191194579 0.785277724
vn 0.860999048 0.506999433 0.0403999574
vn 0.780719817 0.516913116 -0.351108909
vn -0.265991569 -0.678978443 0.68427825
vn 0.275099635 0.236399695 0.931898773
vn 0.286397487 0.866192341 -0.409496397
vn 0.871933997 0.454617739 0.181807086
vn 0.804068208 0.485980779 -0.342486471
vn 0.784193993 0.558695734 0.269997925
vn -0.674075425 -0.446183741 0.588678539
vn 0.0722001716 0.0645001531 0.995302379
vn -0.0103002274 -0.278706163 0.960321188
vn -0.437397599 -0.707496107 0.555096924
vn -0.498784035 -0.640179515 0.584281325
vn -0.0103003839 0.0708026364 0.997437179
vn 0.70150876 0.400605023 0.589407384
vn 0.848529696 0.0402014069 0.527618468
vn 0.479181021 0.839066744 -0.257589787
vn -0.0392987579 -0.465885252 0.883972049
vn -0.22199747 -0.575093448 0.787391007
vn 0.96208483 0.102898374 -0.252596021
vn -0.485184073 -0.783274293 0.388687253
vn -0.24589397 -0.0836979523 0.965676367
vn 0.53082329 0.674029529 0.513722539
vn -0.8193205 0.0118002947 0.573214352
vn -0.201105833 -0.892825842 0.40301168
vn 0.982575774 0.134096697 0.128696829
vn 0.184801519 0.9002074 -0.394303232
vn -0.70392853 -0.150106087 0.694228172
vn 0.695983291 -0.0652984306 0.715082824
vn -0.285009086 -0.797325373 0.532016933
vn 0.365098178 0.689896524 0.625096858
vn -0.0195000656 0.00360001205 0.999803364
vn 0.0985997319 0.16709955 0.980997384
vn 0.941354215 -0.11029464 0.318884492
vn 0.311486185 0.872661293 0.376083314
vn 0.933356047 -0.0393981449 0.356783211
vn 0.179609045 0.141907141 0.973448992
vn 0.683214247 0.11240235 0.721515059
vn -0.633398175 -0.704197943 0.320799053
vn -0.453002959 -0.507003307 0.733304799
vn 0.595513105 0.739816308 -0.313106894
vn 0.52447623 0.834262133 0.170092285
vn 0.59852159 0.500118017 0.625822544
vn -0.0369986631 -0.0639976859 0.997263968
vn 0.411392957 0.608389616 0.678688407
vn 0.824612975 0.565608919 0.0100001572
vn -0.389098912 -0.601398289 0.697798014
vn 0.28150484 0.564409733 0.776013315
vn 0.545137167 0.827856421 0.132209018
vn -0.0551980026 -0.214492247 0.975164711
vn 0.248705104 0.713514626 0.655013442
vn 0.792954445 0.609241843 -0.00690047396
vn 0.716089189 0.697989464 -0.00519992132
vn -0.688792527 -0.330396414 0.645292997
vn 0.0669996217 0.0500997193 0.996494412
vn 0.648370028 0.522975802 0.553274453
vn 0.58137238 0.458178252 0.67236805
vn -0.178801388 0.0539004207 0.982407629
vn -0.631719053 -0.16180487 0.758122861
vn 0.597525537 0.313013375 0.73823154
vn 0.0235007182 -0.083502546 0.996230423
vn -0.476979613 -0.0842963979 0.874862611
vn -0.245791078 0.118395701 0.962065101
vn 0.0938982815 -0.000199996342 0.995581806
vn -0.210298166 -0.155498654 0.965191603
vn -0.0572980382 0.0134995384 0.998265862
vn 0.695983291 -0.0652984306 0.715082824
vn -0.679608762 0.0826010704 0.728909433
vn -0.476979613 -0.0842963979 0.874862611
vn -0.245791078 0.118395701 0.962065101
vn 0.747818053 0.491411865 0.446410775
f 1/1/1 2/2/2 3/3/3
f 4/4/4 5/5/5 6/6/6
f 7/7/7 8/8/8 9/9/9
f 10/10/10 11/11/11 12/12/12
f 7/7/7 13/13/13 14/14/14
f 15/15/15 16/16/16 17/17/17
f 18/18/18 5/5/5 19/19/19
f 4/4/4 19/19/19 5/5/5
f 20/20/20 21/21/21 22/22/22
f 23/23/23 24/24/24 25/25/25
f 26/26/26 27/27/27 28/28/28
f 29/29/29 30/30/30 31/31/31
f 32/32/32 33/33/33 34/34/34
f 35/35/35 36/36/36 37/37/37
f 38/38/38 24/24/24 23/23/23
f 39/39/39 33/33/33 32/32/32
f 40/40/40 41/41/41 42/42/42
f 39/39/39 32/32/32 43/43/43
f 23/23/23 25/25/25 44/44/44
f 45/45/45 39/39/39 43/43/43
f 46/46/46 40/40/40 47/47/47
f 38/38/38 23/23/23 48/48/48
f 49/49/49 50/50/50 51/51/51
f 23/23/23 52/52/52 48/48/48
f 51/51/51 53/53/53 49/49/49
f 46/46/46 54/54/54 40/40/40
f 49/49/49 27/27/27 50/50/50
f 23/23/23 44/44/44 55/55/55
f 44/44/44 56/56/56 55/55/55
f 57/57/57 46/46/46 47/47/47
f 58/58/58 59/59/59 60/60/60
f 61/61/61 60/60/60 27/27/27
f 60/60/60 61/61/61 62/62/62
f 60/60/60 62/62/62 58/58/58
f 52/52/52 63/63/63 64/64/64
f 49/49/49 28/28/28 27/27/27
f 52/52/52 23/23/23 63/63/63
f 61/61/61 27/27/27 26/26/26
f 63/63/63 23/23/23 55/55/55
f 65/65/65 63/63/63 55/55/55
f 55/55/55 56/56/56 65/65/65
f 57/57/57 47/47/47 66/66/66
f 62/62/62 61/61/61 26/26/26
f 5/5/5 67/67/67 68/68/68
f 69/69/69 62/62/62 26/26/26
f 5/5/5 68/68/68 6/6/6
f 70/70/70 71/71/71 72/72/72
f 73/73/73 74/74/74 75/75/75
f 72/72/72 76/76/76 70/70/70
f 77/77/77 78/78/78 79/79/79
f 77/77/77 80/80/80 78/78/78
f 70/70/70 81/81/81 71/71/71
f 81/81/81 82/82/82 71/71/71
f 83/83/83 58/58/58 84/84/84
f 84/84/84 85/85/85 83/83/83
f 85/85/85 86/86/86 83/83/83
f 86/86/86 79/79/79 83/83/83
f 70/70/70 87/87/87 81/81/81
f 82/82/82 81/81/81 88/88/88
f 81/81/81 87/87/87 88/88/88
f 89/89/89 77/77/77 79/79/79
f 90/90/90 85/85/85 91/91/91
f 92/92/92 89/89/89 86/86/86
f 85/85/85 92/92/92 86/86/86
f 35/35/35 93/93/93 94/94/94
f 92/92/92 85/85/85 90/90/90
f 12/12/12 93/93/93 10/10/10
f 93/93/93 35/35/35 10/10/10
f 65/65/65 82/82/82 95/95/95
f 63/63/63 65/65/65 95/95/95
f 86/86/86 89/89/89 79/79/79
f 30/30/30 77/77/77 89/89/89
f 41/41/41 96/96/96 42/42/42
f 89/89/89 92/92/92 30/30/30
f 41/41/41 97/97/97 96/96/96
f 35/35/35 94/94/94 97/97/97
f 28/28/28 98/98/98 26/26/26
f 97/97/97 41/41/41 35/35/35
f 26/26/26 98/98/98 69/69/69
f 99/99/99 92/92/92 90/90/90
f 100/100/100 99/99/99 90/90/90
f 30/30/30 92/92/92 99/99/99
f 101/101/101 95/95/95 82/82/82
f 102/102/102 10/10/10 35/35/35
f 35/35/35 37/37/37 102/102/102
f 88/88/88 101/101/101 82/82/82
f 103/103/103 30/30/30 99/99/99
f 100/100/100 103/103/103 99/99/99
f 41/41/41 36/36/36 35/35/35
f 104/104/104 49/49/49 53/53/53
f 105/105/105 101/101/101 88/88/88
f 105/105/105 106/106/106 101/101/101
f 104/104/104 107/107/107 49/49/49
f 68/68/68 67/67/67 97/97/97
f 94/94/94 68/68/68 97/97/97
f 73/73/73 108/108/108 74/74/74
f 109/109/109 110/110/110 74/74/74
f 88/88/88 111/111/111 105/105/105
f 112/112/112 84/84/84 113/113/113
f 113/113/113 84/84/84 69/69/69
f 113/113/113 69/69/69 114/114/114
f 97/97/97 67/67/67 115/115/115
f 97/97/97 115/115/115 116/116/116
f 105/105/105 117/117/117 118/118/118
f 116/116/116 115/115/115 119/119/119
f 116/116/116 119/119/119 75/75/75
f 106/106/106 105/105/105 120/120/120
f 109/109/109 121/121/121 122/122/122
f 68/68/68 94/94/94 93/93/93
f 109/109/109 74/74/74 121/121/121
f 118/118/118 120/120/120 105/105/105
f 74/74/74 108/108/108 121/121/121
f 84/84/84 112/112/112 85/85/85
f 12/12/12 68/68/68 93/93/93
f 12/12/12 6/6/6 68/68/68
f 112/112/112 91/91/91 85/85/85
f 123/123/123 4/4/4 6/6/6
f 117/117/117 124/124/124 118/118/118
f 116/116/116 96/96/96 97/97/97
f 125/125/125 96/96/96 116/116/116
f 126/126/126 109/109/109 122/122/122
f 98/98/98 28/28/28 127/127/127
f 118/118/118 124/124/124 120/120/120
f 128/128/128 129/129/129 130/130/130
f 129/129/129 128/128/128 131/131/131
f 98/98/98 127/127/127 132/132/132
f 133/133/133 112/112/112 113/113/113
f 114/114/114 133/133/133 113/113/113
f 114/114/114 134/134/134 133/133/133
f 73/73/73 135/135/135 108/108/108
f 133/133/133 134/134/134 136/136/136
f 136/136/136 91/91/91 133/133/133
f 119/119/119 137/137/137 138/138/138
f 139/139/139 128/128/128 140/140/140
f 140/140/140 141/141/141 139/139/139
f 119/119/119 138/138/138 142/142/142
f 143/143/143 142/142/142 138/138/138
f 140/140/140 128/128/128 130/130/130
f 144/144/144 145/145/145 127/127/127
f 146/146/146 128/128/128 139/139/139
f 147/147/147 139/139/139 141/141/141
f 148/148/148 149/149/149 142/142/142
f 150/150/150 151/151/151 152/152/152
f 134/134/134 153/153/153 136/136/136
f 154/154/154 151/151/151 18/18/18
f 67/67/67 5/5/5 150/150/150
f 133/133/133 91/91/91 112/112/112
f 141/141/141 78/78/78 80/80/80
f 90/90/90 91/91/91 155/155/155
f 5/5/5 151/151/151 150/150/150
f 90/90/90 155/155/155 100/100/100
f 18/18/18 151/151/151 5/5/5
f 147/147/147 141/141/141 156/156/156
f 157/157/157 13/13/13 156/156/156
f 67/67/67 150/150/150 115/115/115
f 156/156/156 141/141/141 80/80/80
f 156/156/156 158/158/158 157/157/157
f 137/137/137 115/115/115 150/150/150
f 119/119/119 115/115/115 137/137/137
f 157/157/157 158/158/158 159/159/159
f 102/102/102 37/37/37 160/160/160
f 157/157/157 159/159/159 161/161/161
f 156/156/156 80/80/80 158/158/158
f 160/160/160 37/37/37 162/162/162
f 100/100/100 155/155/155 163/163/163
f 163/163/163 164/164/164 100/100/100
f 155/155/155 91/91/91 136/136/136
f 157/157/157 161/161/161 13/13/13
f 165/165/165 102/102/102 160/160/160
f 160/160/160 166/166/166 165/165/165
f 164/164/164 103/103/103 100/100/100
f 161/161/161 167/167/167 168/168/168
f 31/31/31 103/103/103 164/164/164
f 169/169/169 170/170/170 171/171/171
f 31/31/31 164/164/164 172/172/172
f 158/158/158 80/80/80 173/173/173
f 174/174/174 175/175/175 176/176/176
f 159/159/159 158/158/158 173/173/173
f 159/159/159 173/173/173 177/177/177
f 178/178/178 161/161/161 159/159/159
f 12/12/12 11/11/11 179/179/179
f 19/19/19 154/154/154 18/18/18
f 159/159/159 177/177/177 178/178/178
f 102/102/102 11/11/11 10/10/10
f 180/180/180 181/181/181 182/182/182
f 183/183/183 19/19/19 4/4/4
f 37/37/37 176/176/176 162/162/162
f 102/102/102 165/165/165 11/11/11
f 184/184/184 11/11/11 165/165/165
f 152/152/152 137/137/137 150/150/150
f 176/176/176 37/37/37 36/36/36
f 80/80/80 77/77/77 173/173/173
f 41/41/41 185/185/185 36/36/36
f 186/186/186 151/151/151 154/154/154
f 176/176/176 36/36/36 185/185/185
f 185/185/185 40/40/40 54/54/54
f 187/187/187 77/77/77 30/30/30
f 188/188/188 189/189/189 131/131/131
f 41/41/41 40/40/40 185/185/185
f 187/187/187 173/173/173 77/77/77
f 131/131/131 128/128/128 188/188/188
f 187/187/187 190/190/190 173/173/173
f 191/191/191 152/152/152 151/151/151
f 173/173/173 190/190/190 177/177/177
f 186/186/186 191/191/191 151/151/151
f 128/128/128 146/146/146 188/188/188
f 162/162/162 176/176/176 175/175/175
f 192/192/192 188/188/188 146/146/146
f 191/191/191 193/193/193 143/143/143
f 187/187/187 30/30/30 190/190/190
f 191/191/191 186/186/186 194/194/194
f 195/195/195 177/177/177 190/190/190
f 196/196/196 197/197/197 198/198/198
f 195/195/195 190/190/190 199/199/199
f 200/200/200 197/197/197 196/196/196
f 152/152/152 191/191/191 143/143/143
f 201/201/201 4/4/4 123/123/123
f 197/197/197 170/170/170 198/198/198
f 202/202/202 203/203/203 204/204/204
f 203/203/203 17/17/17 204/204/204
f 195/195/195 199/199/199 205/205/205
f 185/185/185 174/174/174 176/176/176
f 186/186/186 154/154/154 206/206/206
f 205/205/205 207/207/207 195/195/195
f 15/15/15 17/17/17 202/202/202
f 178/178/178 167/167/167 161/161/161
f 208/208/208 206/206/206 154/154/154
f 209/209/209 167/167/167 178/178/178
f 209/209/209 168/168/168 167/167/167
f 210/210/210 206/206/206 208/208/208
f 192/192/192 211/211/211 15/15/15
f 209/209/209 178/178/178 212/212/212
f 186/186/186 206/206/206 194/194/194
f 212/212/212 213/213/213 209/209/209
f 189/189/189 202/202/202 214/214/214
f 195/195/195 178/178/178 177/177/177
f 206/206/206 215/215/215 194/194/194
f 212/212/212 178/178/178 195/195/195
f 202/202/202 188/188/188 192/192/192
f 188/188/188 202/202/202 189/189/189
f 180/180/180 185/185/185 54/54/54
f 185/185/185 180/180/180 182/182/182
f 76/76/76 72/72/72 213/213/213
f 185/185/185 182/182/182 174/174/174
f 202/202/202 17/17/17 203/203/203
f 152/152/152 143/143/143 137/137/137
f 143/143/143 138/138/138 137/137/137
f 212/212/212 216/216/216 70/70/70
f 197/197/197 200/200/200 217/217/217
f 76/76/76 212/212/212 70/70/70
f 213/213/213 212/212/212 76/76/76
f 15/15/15 202/202/202 192/192/192
f 143/143/143 148/148/148 142/142/142
f 200/200/200 51/51/51 217/217/217
f 208/208/208 154/154/154 19/19/19
f 207/207/207 212/212/212 195/195/195
f 207/207/207 218/218/218 212/212/212
f 192/192/192 146/146/146 219/219/219
f 208/208/208 183/183/183 210/210/210
f 216/216/216 212/212/212 218/218/218
f 220/220/220 217/217/217 27/27/27
f 211/211/211 192/192/192 219/219/219
f 200/200/200 221/221/221 51/51/51
f 222/222/222 51/51/51 221/221/221
f 223/223/223 222/222/222 221/221/221
f 216/216/216 218/218/218 224/224/224
f 216/216/216 224/224/224 225/225/225
f 207/207/207 205/205/205 218/218/218
f 146/146/146 139/139/139 147/147/147
f 146/146/146 147/147/147 156/156/156
f 119/119/119 142/142/142 135/135/135
f 222/222/222 223/223/223 226/226/226
f 190/190/190 30/30/30 199/199/199
f 29/29/29 199/199/199 30/30/30
f 119/119/119 73/73/73 75/75/75
f 31/31/31 30/30/30 103/103/103
f 156/156/156 219/219/219 146/146/146
f 53/53/53 51/51/51 222/222/222
f 156/156/156 9/9/9 219/219/219
f 13/13/13 9/9/9 156/156/156
f 9/9/9 211/211/211 219/219/219
f 119/119/119 135/135/135 73/73/73
f 50/50/50 217/217/217 51/51/51
f 9/9/9 8/8/8 211/211/211
f 60/60/60 59/59/59 27/27/27
f 217/217/217 50/50/50 27/27/27
f 1/1/1 199/199/199 29/29/29
f 199/199/199 1/1/1 205/205/205
f 59/59/59 220/220/220 27/27/27
f 3/3/3 205/205/205 1/1/1
f 9/9/9 13/13/13 7/7/7
f 170/170/170 197/197/197 227/227/227
f 220/220/220 227/227/227 197/197/197
f 228/228/228 2/2/2 29/29/29
f 31/31/31 228/228/228 29/29/29
f 171/171/171 170/170/170 227/227/227
f 229/229/229 171/171/171 227/227/227
f 220/220/220 197/197/197 217/217/217
f 135/135/135 142/142/142 149/149/149
f 13/13/13 161/161/161 168/168/168
f 227/227/227 220/220/220 229/229/229
f 230/230/230 2/2/2 228/228/228
f 172/172/172 228/228/228 31/31/31
f 13/13/13 168/168/168 14/14/14
f 231/231/231 3/3/3 2/2/2
f 149/149/149 232/232/232 135/135/135
f 2/2/2 1/1/1 29/29/29
f 209/209/209 14/14/14 168/168/168
f 130/130/130 233/233/233 140/140/140
f 72/72/72 209/209/209 213/213/213
f 229/229/229 130/130/130 171/171/171
f 14/14/14 209/209/209 72/72/72
f 2/2/2 230/230/230 234/234/234
f 2/2/2 235/235/235 231/231/231
f 218/218/218 205/205/205 3/3/3
f 236/236/236 237/237/237 238/238/238
f 236/236/236 239/239/239 240/240/240
f 241/241/241 237/237/237 236/236/236
f 220/220/220 59/59/59 229/229/229
f 240/240/240 241/241/241 236/236/236
f 233/233/233 78/78/78 140/140/140
f 218/218/218 3/3/3 224/224/224
f 140/140/140 78/78/78 141/141/141
f 242/242/242 225/225/225 224/224/224
f 79/79/79 78/78/78 83/83/83
f 243/243/243 241/241/241 239/239/239
f 244/244/244 242/242/242 22/22/22
f 245/245/245 233/233/233 130/130/130
f 246/246/246 242/242/242 224/224/224
f 239/239/239 241/241/241 240/240/240
f 241/241/241 247/247/247 237/237/237
f 83/83/83 245/245/245 229/229/229
f 246/246/246 22/22/22 242/242/242
f 248/248/248 247/247/247 241/241/241
f 241/241/241 249/249/249 248/248/248
f 233/233/233 245/245/245 83/83/83
f 250/250/250 238/238/238 251/251/251
f 238/238/238 250/250/250 236/236/236
f 233/233/233 83/83/83 78/78/78
f 125/125/125 116/116/116 110/110/110
f 243/243/243 249/249/249 241/241/241
f 231/231/231 252/252/252 3/3/3
f 252/252/252 224/224/224 3/3/3
f 224/224/224 252/252/252 246/246/246
f 239/239/239 16/16/16 243/243/243
f 253/253/253 243/243/243 16/16/16
f 74/74/74 116/116/116 75/75/75
f 74/74/74 110/110/110 116/116/116
f 254/254/254 252/252/252 231/231/231
f 38/38/38 243/243/243 24/24/24
f 255/255/255 254/254/254 235/235/235
f 255/255/255 20/20/20 254/254/254
f 254/254/254 20/20/20 252/252/252
f 20/20/20 256/256/256 252/252/252
f 235/235/235 254/254/254 231/231/231
f 256/256/256 246/246/246 252/252/252
f 256/256/256 22/22/22 246/246/246
f 48/48/48 249/249/249 243/243/243
f 20/20/20 22/22/22 256/256/256
f 48/48/48 243/243/243 38/38/38
f 70/70/70 216/216/216 87/87/87
f 216/216/216 225/225/225 87/87/87
f 251/251/251 257/257/257 250/250/250
f 87/87/87 244/244/244 88/88/88
f 244/244/244 87/87/87 225/225/225
f 42/42/42 96/96/96 125/125/125
f 257/257/257 16/16/16 250/250/250
f 88/88/88 244/244/244 111/111/111
f 225/225/225 242/242/242 244/244/244
f 16/16/16 257/257/257 17/17/17
f 54/54/54 258/258/258 180/180/180
f 239/239/239 236/236/236 16/16/16
f 16/16/16 236/236/236 250/250/250
f 22/22/22 259/259/259 244/244/244
f 181/181/181 180/180/180 258/258/258
f 42/42/42 47/47/47 40/40/40
f 259/259/259 111/111/111 244/244/244
f 42/42/42 125/125/125 47/47/47
f 211/211/211 16/16/16 15/15/15
f 104/104/104 226/226/226 260/260/260
f 111/111/111 259/259/259 105/105/105
f 211/211/211 253/253/253 16/16/16
f 253/253/253 211/211/211 261/261/261
f 261/261/261 211/211/211 8/8/8
f 104/104/104 222/222/222 226/226/226
f 104/104/104 53/53/53 222/222/222
f 24/24/24 253/253/253 261/261/261
f 262/262/262 259/259/259 22/22/22
f 262/262/262 117/117/117 259/259/259
f 24/24/24 243/243/243 253/253/253
f 47/47/47 125/125/125 110/110/110
f 259/259/259 117/117/117 105/105/105
f 263/263/263 25/25/25 8/8/8
f 66/66/66 47/47/47 110/110/110
f 261/261/261 8/8/8 25/25/25
f 25/25/25 263/263/263 44/44/44
f 66/66/66 110/110/110 109/109/109
f 263/263/263 56/56/56 44/44/44
f 8/8/8 7/7/7 263/263/263
f 264/264/264 28/28/28 49/49/49
f 49/49/49 107/107/107 264/264/264
f 7/7/7 265/265/265 263/263/263
f 107/107/107 104/104/104 266/266/266
f 14/14/14 265/265/265 7/7/7
f 263/263/263 265/265/265 267/267/267
f 268/268/268 266/266/266 104/104/104
f 267/267/267 265/265/265 14/14/14
f 269/269/269 266/266/266 268/268/268
f 267/267/267 14/14/14 72/72/72
f 66/66/66 109/109/109 126/126/126
f 72/72/72 71/71/71 267/267/267
f 267/267/267 71/71/71 263/263/263
f 263/263/263 71/71/71 56/56/56
f 56/56/56 71/71/71 82/82/82
f 264/264/264 270/270/270 28/28/28
f 56/56/56 82/82/82 65/65/65
f 261/261/261 25/25/25 24/24/24
f 34/34/34 271/271/271 264/264/264
f 271/271/271 270/270/270 264/264/264
f 107/107/107 34/34/34 264/264/264
f 127/127/127 28/28/28 270/270/270
f 266/266/266 34/34/34 107/107/107
f 32/32/32 34/34/34 266/266/266
f 43/43/43 32/32/32 266/266/266
f 33/33/33 271/271/271 34/34/34
f 43/43/43 266/266/266 269/269/269
f 62/62/62 69/69/69 84/84/84
f 62/62/62 84/84/84 58/58/58
f 69/69/69 98/98/98 132/132/132
f 169/169/169 171/171/171 129/129/129
f 114/114/114 69/69/69 132/132/132
f 114/114/114 132/132/132 134/134/134
f 127/127/127 145/145/145 132/132/132
f 145/145/145 153/153/153 132/132/132
f 132/132/132 153/153/153 134/134/134
f 130/130/130 129/129/129 171/171/171
f 210/210/210 215/215/215 206/206/206
f 208/208/208 19/19/19 183/183/183
f 11/11/11 184/184/184 179/179/179
f 214/214/214 169/169/169 131/131/131
f 169/169/169 129/129/129 131/131/131
f 130/130/130 229/229/229 245/245/245
f 131/131/131 189/189/189 214/214/214
f 83/83/83 229/229/229 58/58/58
f 59/59/59 58/58/58 229/229/229
f 12/12/12 179/179/179 6/6/6
f 6/6/6 179/179/179 123/123/123
f 214/214/214 202/202/202 204/204/204
f 247/247/247 272/272/272 237/237/237
f 273/273/273 274/274/274 275/275/275
f 275/275/275 276/276/276 273/273/273
f 277/277/277 48/48/48 64/64/64
f 278/278/278 279/279/279 280/280/280
f 281/281/281 282/282/282 283/283/283
f 278/278/278 284/284/284 285/285/285
f 286/286/286 287/287/287 288/288/288
f 289/289/289 290/290/290 291/291/291
f 292/292/292 285/285/285 288/288/288
f 293/293/293 294/294/294 295/295/295
f 292/292/292 287/287/287 284/284/284
f 296/296/296 297/297/297 298/298/298
f 285/285/285 279/279/279 278/278/278
f 299/299/299 283/283/283 300/300/300
f 301/301/301 302/302/302 303/303/303
f 295/295/295 304/304/304 305/305/305
f 299/299/299 281/281/281 283/283/283
f 306/306/306 277/277/277 64/64/64
f 301/301/301 303/303/303 307/307/307
f 306/306/306 308/308/308 277/277/277
f 281/281/281 299/299/299 309/309/309
f 310/310/310 302/302/302 273/273/273
f 302/302/302 301/301/301 274/274/274
f 307/307/307 303/303/303 311/311/311
f 299/299/299 300/300/300 312/312/312
f 313/313/313 314/314/314 315/315/315
f 316/316/316 281/281/281 309/309/309
f 313/313/313 317/317/317 314/314/314
f 318/318/318 307/307/307 319/319/319
f 320/320/320 95/95/95 321/321/321
f 322/322/322 280/280/280 194/194/194
f 323/323/323 321/321/321 95/95/95
f 299/299/299 324/324/324 309/309/309
f 325/325/325 326/326/326 327/327/327
f 328/328/328 329/329/329 330/330/330
f 309/309/309 324/324/324 316/316/316
f 331/331/331 299/299/299 312/312/312
f 312/312/312 301/301/301 307/307/307
f 332/332/332 333/333/333 334/334/334
f 332/332/332 318/318/318 335/335/335
f 335/335/335 318/318/318 319/319/319
f 335/335/335 319/319/319 336/336/336
f 331/331/331 312/312/312 307/307/307
f 311/311/311 303/303/303 337/337/337
f 282/282/282 338/338/338 339/339/339
f 299/299/299 331/331/331 324/324/324
f 340/340/340 341/341/341 326/326/326
f 341/341/341 340/340/340 342/342/342
f 343/343/343 311/311/311 344/344/344
f 344/344/344 311/311/311 337/337/337
f 345/345/345 324/324/324 331/331/331
f 281/281/281 338/338/338 282/282/282
f 341/341/341 327/327/327 326/326/326
f 346/346/346 327/327/327 341/341/341
f 346/346/346 347/347/347 327/327/327
f 324/324/324 348/348/348 316/316/316
f 332/332/332 335/335/335 333/333/333
f 349/349/349 333/333/333 335/335/335
f 350/350/350 283/283/283 282/282/282
f 334/334/334 324/324/324 345/345/345
f 351/351/351 282/282/282 339/339/339
f 336/336/336 352/352/352 335/335/335
f 348/348/348 324/324/324 334/334/334
f 282/282/282 351/351/351 350/350/350
f 332/332/332 331/331/331 318/318/318
f 331/331/331 332/332/332 345/345/345
f 352/352/352 349/349/349 335/335/335
f 316/316/316 338/338/338 281/281/281
f 352/352/352 336/336/336 353/353/353
f 274/274/274 301/301/301 346/346/346
f 334/334/334 345/345/345 332/332/332
f 354/354/354 343/343/343 355/355/355
f 342/342/342 356/356/356 341/341/341
f 356/356/356 274/274/274 341/341/341
f 300/300/300 283/283/283 350/350/350
f 300/300/300 350/350/350 301/301/301
f 356/356/356 275/275/275 274/274/274
f 194/194/194 280/280/280 279/279/279
f 279/279/279 193/193/193 194/194/194
f 279/279/279 357/357/357 193/193/193
f 358/358/358 359/359/359 360/360/360
f 361/361/361 357/357/357 279/279/279
f 362/362/362 363/363/363 364/364/364
f 365/365/365 366/366/366 367/367/367
f 368/368/368 369/369/369 370/370/370
f 305/305/305 366/366/366 371/371/371
f 293/293/293 305/305/305 371/371/371
f 372/372/372 363/363/363 362/362/362
f 373/373/373 372/372/372 362/362/362
f 374/374/374 368/368/368 375/375/375
f 362/362/362 376/376/376 373/373/373
f 287/287/287 285/285/285 284/284/284
f 377/377/377 378/378/378 379/379/379
f 293/293/293 295/295/295 305/305/305
f 380/380/380 362/362/362 364/364/364
f 369/369/369 368/368/368 374/374/374
f 376/376/376 362/362/362 381/381/381
f 382/382/382 376/376/376 381/381/381
f 382/382/382 381/381/381 383/383/383
f 384/384/384 385/385/385 386/386/386
f 374/374/374 375/375/375 387/387/387
f 367/367/367 366/366/366 388/388/388
f 386/386/386 308/308/308 389/389/389
f 388/388/388 390/390/390 367/367/367
f 391/391/391 369/369/369 374/374/374
f 377/377/377 379/379/379 392/392/392
f 389/389/389 308/308/308 306/306/306
f 377/377/377 340/340/340 393/393/393
f 340/340/340 377/377/377 392/392/392
f 306/306/306 321/321/321 389/389/389
f 314/314/314 305/305/305 304/304/304
f 393/393/393 340/340/340 394/394/394
f 395/395/395 304/304/304 396/396/396
f 397/397/397 386/386/386 389/389/389
f 384/384/384 386/386/386 397/397/397
f 375/375/375 359/359/359 358/358/358
f 395/395/395 315/315/315 304/304/304
f 326/326/326 394/394/394 340/340/340
f 398/398/398 315/315/315 395/395/395
f 328/328/328 389/389/389 321/321/321
f 366/366/366 399/399/399 388/388/388
f 400/400/400 366/366/366 305/305/305
f 366/366/366 400/400/400 399/399/399
f 389/389/389 328/328/328 401/401/401
f 390/390/390 388/388/388 402/402/402
f 401/401/401 397/397/397 389/389/389
f 388/388/388 399/399/399 402/402/402
f 400/400/400 305/305/305 314/314/314
f 403/403/403 404/404/404 405/405/405
f 406/406/406 407/407/407 401/401/401
f 408/408/408 409/409/409 358/358/358
f 400/400/400 314/314/314 317/317/317
f 397/397/397 401/401/401 407/407/407
f 387/387/387 375/375/375 358/358/358
f 410/410/410 387/387/387 358/358/358
f 314/314/314 304/304/304 315/315/315
f 409/409/409 410/410/410 358/358/358
f 399/399/399 400/400/400 411/411/411
f 406/406/406 412/412/412 407/407/407
f 413/413/413 414/414/414 415/415/415
f 411/411/411 402/402/402 399/399/399
f 413/413/413 415/415/415 416/416/416
f 320/320/320 64/64/64 63/63/63
f 320/320/320 63/63/63 95/95/95
f 306/306/306 64/64/64 320/320/320
f 417/417/417 402/402/402 418/418/418
f 411/411/411 418/418/418 402/402/402
f 405/405/405 419/419/419 420/420/420
f 321/321/321 306/306/306 320/320/320
f 403/403/403 405/405/405 420/420/420
f 313/313/313 315/315/315 398/398/398
f 421/421/421 313/313/313 398/398/398
f 101/101/101 106/106/106 95/95/95
f 95/95/95 106/106/106 323/323/323
f 422/422/422 414/414/414 413/413/413
f 400/400/400 317/317/317 411/411/411
f 321/321/321 323/323/323 328/328/328
f 421/421/421 423/423/423 313/313/313
f 424/424/424 413/413/413 416/416/416
f 329/329/329 328/328/328 323/323/323
f 425/425/425 329/329/329 323/323/323
f 424/424/424 416/416/416 426/426/426
f 427/427/427 317/317/317 313/313/313
f 313/313/313 423/423/423 427/427/427
f 323/323/323 428/428/428 425/425/425
f 323/323/323 106/106/106 428/428/428
f 428/428/428 106/106/106 120/120/120
f 418/418/418 411/411/411 429/429/429
f 329/329/329 425/425/425 430/430/430
f 317/317/317 431/431/431 411/411/411
f 429/429/429 411/411/411 431/431/431
f 432/432/432 428/428/428 120/120/120
f 430/430/430 425/425/425 428/428/428
f 429/429/429 433/433/433 418/418/418
f 434/434/434 430/430/430 428/428/428
f 435/435/435 431/431/431 317/317/317
f 431/431/431 436/436/436 429/429/429
f 317/317/317 427/427/427 435/435/435
f 437/437/437 405/405/405 404/404/404
f 438/438/438 429/429/429 436/436/436
f 438/438/438 433/433/433 429/429/429
f 120/120/120 124/124/124 432/432/432
f 438/438/438 439/439/439 433/433/433
f 427/427/427 440/440/440 441/441/441
f 428/428/428 432/432/432 434/434/434
f 427/427/427 441/441/441 435/435/435
f 430/430/430 330/330/330 329/329/329
f 442/442/442 435/435/435 441/441/441
f 442/442/442 431/431/431 435/435/435
f 328/328/328 330/330/330 406/406/406
f 380/380/380 381/381/381 362/362/362
f 404/404/404 443/443/443 444/444/444
f 445/445/445 369/369/369 446/446/446
f 330/330/330 430/430/430 406/406/406
f 447/447/447 441/441/441 440/440/440
f 328/328/328 406/406/406 401/401/401
f 448/448/448 449/449/449 450/450/450
f 451/451/451 447/447/447 440/440/440
f 452/452/452 444/444/444 453/453/453
f 453/453/453 444/444/444 443/443/443
f 431/431/431 454/454/454 436/436/436
f 455/455/455 452/452/452 453/453/453
f 431/431/431 442/442/442 454/454/454
f 448/448/448 456/456/456 457/457/457
f 455/455/455 453/453/453 458/458/458
f 453/453/453 443/443/443 459/459/459
f 406/406/406 430/430/430 460/460/460
f 406/406/406 460/460/460 412/412/412
f 461/461/461 462/462/462 463/463/463
f 464/464/464 463/463/463 462/462/462
f 430/430/430 434/434/434 460/460/460
f 454/454/454 465/465/465 436/436/436
f 438/438/438 436/436/436 466/466/466
f 439/439/439 438/438/438 466/466/466
f 392/392/392 379/379/379 449/449/449
f 450/450/450 449/449/449 379/379/379
f 467/467/467 413/413/413 424/424/424
f 467/467/467 424/424/424 468/468/468
f 469/469/469 441/441/441 447/447/447
f 470/470/470 467/467/467 468/468/468
f 471/471/471 472/472/472 385/385/385
f 385/385/385 384/384/384 471/471/471
f 403/403/403 443/443/443 404/404/404
f 459/459/459 443/443/443 403/403/403
f 454/454/454 442/442/442 465/465/465
f 442/442/442 441/441/441 473/473/473
f 392/392/392 449/449/449 474/474/474
f 449/449/449 475/475/475 474/474/474
f 461/461/461 463/463/463 476/476/476
f 471/471/471 477/477/477 478/478/478
f 473/473/473 465/465/465 442/442/442
f 479/479/479 451/451/451 440/440/440
f 480/480/480 473/473/473 441/441/441
f 459/459/459 481/481/481 453/453/453
f 482/482/482 451/451/451 479/479/479
f 458/458/458 453/453/453 481/481/481
f 448/448/448 475/475/475 449/449/449
f 483/483/483 475/475/475 448/448/448
f 463/463/463 484/484/484 476/476/476
f 482/482/482 479/479/479 478/478/478
f 476/476/476 310/310/310 461/461/461
f 477/477/477 482/482/482 478/478/478
f 484/484/484 485/485/485 476/476/476
f 384/384/384 397/397/397 486/486/486
f 480/480/480 441/441/441 469/469/469
f 471/471/471 384/384/384 477/477/477
f 474/474/474 475/475/475 487/487/487
f 403/403/403 420/420/420 488/488/488
f 403/403/403 488/488/488 459/459/459
f 459/459/459 488/488/488 489/489/489
f 477/477/477 384/384/384 486/486/486
f 473/473/473 480/480/480 490/490/490
f 491/491/491 459/459/459 489/489/489
f 492/492/492 481/481/481 491/491/491
f 491/491/491 481/481/481 459/459/459
f 461/461/461 276/276/276 275/275/275
f 493/493/493 464/464/464 494/494/494
f 484/484/484 463/463/463 464/464/464
f 469/469/469 495/495/495 480/480/480
f 496/496/496 482/482/482 477/477/477
f 470/470/470 468/468/468 497/497/497
f 493/493/493 494/494/494 498/498/498
f 493/493/493 484/484/484 464/464/464
f 499/499/499 392/392/392 474/474/474
f 392/392/392 499/499/499 342/342/342
f 340/340/340 392/392/392 342/342/342
f 461/461/461 310/310/310 276/276/276
f 276/276/276 310/310/310 273/273/273
f 490/490/490 480/480/480 500/500/500
f 500/500/500 480/480/480 495/495/495
f 501/501/501 447/447/447 451/451/451
f 351/351/351 347/347/347 346/346/346
f 501/501/501 451/451/451 482/482/482
f 468/468/468 424/424/424 426/426/426
f 501/501/501 469/469/469 447/447/447
f 466/466/466 436/436/436 465/465/465
f 496/496/496 501/501/501 482/482/482
f 498/498/498 502/502/502 503/503/503
f 485/485/485 503/503/503 502/502/502
f 346/346/346 350/350/350 351/351/351
f 466/466/466 504/504/504 439/439/439
f 477/477/477 486/486/486 496/496/496
f 496/496/496 486/486/486 505/505/505
f 310/310/310 476/476/476 506/506/506
f 507/507/507 505/505/505 486/486/486
f 310/310/310 506/506/506 508/508/508
f 509/509/509 302/302/302 310/310/310
f 496/496/496 505/505/505 510/510/510
f 511/511/511 504/504/504 466/466/466
f 490/490/490 465/465/465 473/473/473
f 303/303/303 302/302/302 509/509/509
f 512/512/512 510/510/510 505/505/505
f 512/512/512 505/505/505 513/513/513
f 486/486/486 397/397/397 507/507/507
f 397/397/397 407/407/407 507/507/507
f 514/514/514 465/465/465 490/490/490
f 310/310/310 508/508/508 509/509/509
f 465/465/465 515/515/515 466/466/466
f 488/488/488 420/420/420 422/422/422
f 311/311/311 319/319/319 307/307/307
f 515/515/515 511/511/511 466/466/466
f 307/307/307 318/318/318 331/331/331
f 514/514/514 515/515/515 465/465/465
f 516/516/516 517/517/517 518/518/518
f 337/337/337 303/303/303 509/509/509
f 337/337/337 509/509/509 508/508/508
f 490/490/490 500/500/500 519/519/519
f 337/337/337 508/508/508 520/520/520
f 407/407/407 412/412/412 521/521/521
f 507/507/507 407/407/407 521/521/521
f 516/516/516 462/462/462 517/517/517
f 426/426/426 445/445/445 522/522/522
f 446/446/446 522/522/522 445/445/445
f 518/518/518 499/499/499 474/474/474
f 513/513/513 505/505/505 507/507/507
f 426/426/426 523/523/523 468/468/468
f 524/524/524 476/476/476 485/485/485
f 521/521/521 513/513/513 507/507/507
f 524/524/524 506/506/506 476/476/476
f 426/426/426 522/522/522 523/523/523
f 474/474/474 487/487/487 525/525/525
f 474/474/474 526/526/526 518/518/518
f 194/194/194 193/193/193 191/191/191
f 518/518/518 517/517/517 499/499/499
f 342/342/342 499/499/499 517/517/517
f 527/527/527 469/469/469 501/501/501
f 143/143/143 193/193/193 528/528/528
f 501/501/501 496/496/496 529/529/529
f 528/528/528 148/148/148 143/143/143
f 491/491/491 489/489/489 530/530/530
f 522/522/522 446/446/446 531/531/531
f 510/510/510 529/529/529 496/496/496
f 528/528/528 193/193/193 357/357/357
f 527/527/527 501/501/501 529/529/529
f 526/526/526 532/532/532 518/518/518
f 532/532/532 516/516/516 518/518/518
f 469/469/469 527/527/527 495/495/495
f 533/533/533 508/508/508 506/506/506
f 534/534/534 489/489/489 488/488/488
f 528/528/528 357/357/357 535/535/535
f 530/530/530 489/489/489 536/536/536
f 537/537/537 532/532/532 525/525/525
f 506/506/506 524/524/524 538/538/538
f 533/533/533 506/506/506 538/538/538
f 529/529/529 539/539/539 527/527/527
f 517/517/517 356/356/356 342/342/342
f 346/346/346 341/341/341 274/274/274
f 522/522/522 540/540/540 523/523/523
f 540/540/540 522/522/522 531/531/531
f 541/541/541 524/524/524 485/485/485
f 322/322/322 194/194/194 215/215/215
f 523/523/523 542/542/542 543/543/543
f 517/517/517 275/275/275 356/356/356
f 524/524/524 541/541/541 544/544/544
f 541/541/541 545/545/545 544/544/544
f 546/546/546 538/538/538 524/524/524
f 544/544/544 546/546/546 524/524/524
f 508/508/508 533/533/533 547/547/547
f 520/520/520 508/508/508 547/547/547
f 534/534/534 488/488/488 422/422/422
f 548/548/548 523/523/523 549/549/549
f 467/467/467 422/422/422 413/413/413
f 549/549/549 523/523/523 540/540/540
f 467/467/467 534/534/534 422/422/422
f 462/462/462 516/516/516 550/550/550
f 275/275/275 462/462/462 461/461/461
f 517/517/517 462/462/462 275/275/275
f 551/551/551 148/148/148 528/528/528
f 528/528/528 535/535/535 552/552/552
f 528/528/528 552/552/552 553/553/553
f 489/489/489 534/534/534 536/536/536
f 369/369/369 391/391/391 446/446/446
f 532/532/532 550/550/550 516/516/516
f 367/367/367 554/554/554 365/365/365
f 555/555/555 534/534/534 467/467/467
f 536/536/536 534/534/534 555/555/555
f 537/537/537 556/556/556 532/532/532
f 532/532/532 556/556/556 550/550/550
f 374/374/374 557/557/557 391/391/391
f 555/555/555 467/467/467 470/470/470
f 374/374/374 387/387/387 557/557/557
f 550/550/550 464/464/464 462/462/462
f 494/494/494 464/464/464 556/556/556
f 390/390/390 554/554/554 367/367/367
f 558/558/558 280/280/280 322/322/322
f 346/346/346 301/301/301 350/350/350
f 322/322/322 215/215/215 558/558/558
f 558/558/558 278/278/278 280/280/280
f 559/559/559 278/278/278 558/558/558
f 560/560/560 390/390/390 419/419/419
f 559/559/559 284/284/284 278/278/278
f 561/561/561 298/298/298 297/297/297
f 391/391/391 562/562/562 446/446/446
f 563/563/563 561/561/561 564/564/564
f 565/565/565 563/563/563 566/566/566
f 567/567/567 551/551/551 528/528/528
f 568/568/568 565/565/565 566/566/566
f 391/391/391 557/557/557 562/562/562
f 567/567/567 528/528/528 553/553/553
f 247/247/247 248/248/248 569/569/569
f 248/248/248 570/570/570 569/569/569
f 302/302/302 274/274/274 273/273/273
f 405/405/405 571/571/571 560/560/560
f 570/570/570 563/563/563 564/564/564
f 300/300/300 301/301/301 312/312/312
f 570/570/570 248/248/248 249/249/249
f 572/572/572 566/566/566 249/249/249
f 573/573/573 557/557/557 574/574/574
f 566/566/566 570/570/570 249/249/249
f 563/563/563 570/570/570 566/566/566
f 387/387/387 410/410/410 557/557/557
f 232/232/232 149/149/149 551/551/551
f 410/410/410 574/574/574 557/557/557
f 149/149/149 148/148/148 551/551/551
f 298/298/298 561/561/561 575/575/575
f 575/575/575 561/561/561 576/576/576
f 409/409/409 574/574/574 410/410/410
f 563/563/563 576/576/576 561/561/561
f 562/562/562 557/557/557 573/573/573
f 565/565/565 576/576/576 563/563/563
f 576/576/576 577/577/577 575/575/575
f 578/578/578 566/566/566 572/572/572
f 566/566/566 578/578/578 568/568/568
f 249/249/249 48/48/48 572/572/572
f 319/319/319 311/311/311 343/343/343
f 277/277/277 578/578/578 572/572/572
f 343/343/343 336/336/336 319/319/319
f 277/277/277 572/572/572 48/48/48
f 277/277/277 386/386/386 578/578/578
f 355/355/355 344/344/344 579/579/579
f 355/355/355 343/343/343 344/344/344
f 277/277/277 308/308/308 386/386/386
f 531/531/531 446/446/446 580/580/580
f 580/580/580 446/446/446 562/562/562
f 565/565/565 568/568/568 576/576/576
f 581/581/581 398/398/398 395/395/395
f 568/568/568 582/582/582 576/576/576
f 583/583/583 584/584/584 585/585/585
f 577/577/577 576/576/576 582/582/582
f 419/419/419 390/390/390 417/417/417
f 582/582/582 568/568/568 472/472/472
f 568/568/568 578/578/578 586/586/586
f 445/445/445 583/583/583 585/585/585
f 586/586/586 578/578/578 386/386/386
f 587/587/587 533/533/533 538/538/538
f 337/337/337 520/520/520 344/344/344
f 586/586/586 472/472/472 568/568/568
f 520/520/520 579/579/579 344/344/344
f 547/547/547 533/533/533 587/587/587
f 472/472/472 588/588/588 582/582/582
f 472/472/472 586/586/586 385/385/385
f 386/386/386 385/385/385 586/586/586
f 589/589/589 538/538/538 546/546/546
f 589/589/589 587/587/587 538/538/538
f 544/544/544 590/590/590 546/546/546
f 591/591/591 592/592/592 593/593/593
f 592/592/592 591/591/591 549/549/549
f 590/590/590 589/589/589 546/546/546
f 415/415/415 583/583/583 416/416/416
f 531/531/531 594/594/594 540/540/540
f 595/595/595 594/594/594 531/531/531
f 445/445/445 416/416/416 583/583/583
f 426/426/426 416/416/416 445/445/445
f 596/596/596 579/579/579 520/520/520
f 52/52/52 64/64/64 48/48/48
f 596/596/596 597/597/597 579/579/579
f 597/597/597 355/355/355 579/579/579
f 596/596/596 520/520/520 547/547/547
f 405/405/405 560/560/560 419/419/419
f 402/402/402 417/417/417 390/390/390
f 585/585/585 370/370/370 445/445/445
f 531/531/531 598/598/598 595/595/595
f 580/580/580 598/598/598 531/531/531
f 369/369/369 445/445/445 370/370/370
f 589/589/589 590/590/590 587/587/587
f 599/599/599 547/547/547 587/587/587
f 433/433/433 439/439/439 584/584/584
f 600/600/600 587/587/587 601/601/601
f 353/353/353 336/336/336 343/343/343
f 343/343/343 354/354/354 353/353/353
f 414/414/414 419/419/419 417/417/417
f 504/504/504 368/368/368 439/439/439
f 584/584/584 439/439/439 370/370/370
f 580/580/580 562/562/562 602/602/602
f 585/585/585 584/584/584 370/370/370
f 573/573/573 602/602/602 562/562/562
f 573/573/573 603/603/603 602/602/602
f 439/439/439 368/368/368 370/370/370
f 596/596/596 604/604/604 597/597/597
f 604/604/604 596/596/596 547/547/547
f 354/354/354 355/355/355 597/597/597
f 419/419/419 414/414/414 422/422/422
f 418/418/418 414/414/414 417/417/417
f 420/420/420 419/419/419 422/422/422
f 599/599/599 587/587/587 600/600/600
f 600/600/600 605/605/605 599/599/599
f 600/600/600 606/606/606 605/605/605
f 547/547/547 599/599/599 605/605/605
f 605/605/605 604/604/604 547/547/547
f 607/607/607 604/604/604 605/605/605
f 375/375/375 368/368/368 504/504/504
f 414/414/414 418/418/418 415/415/415
f 511/511/511 359/359/359 504/504/504
f 597/597/597 608/608/608 354/354/354
f 551/551/551 609/609/609 232/232/232
f 511/511/511 360/360/360 359/359/359
f 581/581/581 421/421/421 398/398/398
f 610/610/610 581/581/581 611/611/611
f 375/375/375 504/504/504 359/359/359
f 610/610/610 421/421/421 581/581/581
f 597/597/597 604/604/604 608/608/608
f 606/606/606 612/612/612 605/605/605
f 588/588/588 613/613/613 421/421/421
f 232/232/232 614/614/614 135/135/135
f 607/607/607 605/605/605 612/612/612
f 135/135/135 614/614/614 108/108/108
f 232/232/232 609/609/609 614/614/614
f 615/615/615 612/612/612 606/606/606
f 472/472/472 613/613/613 588/588/588
f 616/616/616 604/604/604 607/607/607
f 612/612/612 616/616/616 607/607/607
f 472/472/472 471/471/471 613/613/613
f 478/478/478 613/613/613 471/471/471
f 421/421/421 613/613/613 479/479/479
f 613/613/613 478/478/478 479/479/479
f 617/617/617 595/595/595 598/598/598
f 617/617/617 598/598/598 618/618/618
f 598/598/598 580/580/580 602/602/602
f 598/598/598 619/619/619 618/618/618
f 620/620/620 619/619/619 598/598/598
f 620/620/620 598/598/598 621/621/621
f 609/609/609 551/551/551 567/567/567
f 602/602/602 621/621/621 598/598/598
f 433/433/433 415/415/415 418/418/418
f 415/415/415 433/433/433 584/584/584
f 602/602/602 622/622/622 621/621/621
f 621/621/621 623/623/623 620/620/620
f 364/364/364 609/609/609 567/567/567
f 571/571/571 405/405/405 437/437/437
f 583/583/583 415/415/415 584/584/584
f 372/372/372 614/614/614 609/609/609
f 108/108/108 373/373/373 624/624/624
f 373/373/373 108/108/108 614/614/614
f 373/373/373 614/614/614 372/372/372
f 372/372/372 609/609/609 363/363/363
f 363/363/363 609/609/609 364/364/364
f 421/421/421 440/440/440 423/423/423
f 479/479/479 440/440/440 421/421/421
f 427/427/427 423/423/423 440/440/440
f 448/448/448 457/457/457 483/483/483
f 458/458/458 481/481/481 492/492/492
f 523/523/523 543/543/543 468/468/468
f 474/474/474 525/525/525 526/526/526
f 493/493/493 503/503/503 484/484/484
f 498/498/498 503/503/503 493/493/493
f 485/485/485 484/484/484 503/503/503
f 525/525/525 532/532/532 526/526/526
f 497/497/497 468/468/468 543/543/543
f 464/464/464 550/550/550 556/556/556
f 569/569/569 625/625/625 272/272/272
f 485/485/485 502/502/502 541/541/541
f 272/272/272 247/247/247 569/569/569
f 625/625/625 569/569/569 570/570/570
f 502/502/502 626/626/626 541/541/541
f 541/541/541 626/626/626 545/545/545
f 548/548/548 542/542/542 523/523/523
f 564/564/564 561/561/561 625/625/625
f 564/564/564 625/625/625 570/570/570
f 593/593/593 548/548/548 591/591/591
f 548/548/548 549/549/549 591/591/591
f 627/627/627 549/549/549 540/540/540
f 627/627/627 540/540/540 594/594/594
f 549/549/549 627/627/627 592/592/592
f 592/592/592 627/627/627 594/594/594
f 594/594/594 628/628/628 592/592/592
f 628/628/628 594/594/594 617/617/617
f 617/617/617 594/594/594 595/595/595
f 601/601/601 587/587/587 590/590/590
f 629/629/629 600/600/600 601/601/601
f 600/600/600 629/629/629 606/606/606
f 629/629/629 615/615/615 606/606/606
f 630/630/630 628/628/628 617/617/617
f 630/630/630 617/617/617 618/618/618
f 630/630/630 631/631/631 628/628/628
f 619/619/619 630/630/630 618/618/618
f 630/630/630 619/619/619 631/631/631
f 629/629/629 632/632/632 615/615/615
f 633/633/633 172/172/172 164/164/164
f 634/634/634 635/635/635 636/636/636
f 637/637/637 638/638/638 634/634/634
f 639/639/639 640/640/640 641/641/641
f 634/634/634 636/636/636 637/637/637
f 642/642/642 643/643/643 644/644/644
f 21/21/21 20/20/20 645/645/645
f 635/635/635 646/646/646 636/636/636
f 645/645/645 647/647/647 21/21/21
f 648/648/648 649/649/649 650/650/650
f 649/649/649 651/651/651 650/650/650
f 636/636/636 646/646/646 652/652/652
f 653/653/653 643/643/643 642/642/642
f 654/654/654 646/646/646 635/635/635
f 655/655/655 636/636/636 652/652/652
f 656/656/656 657/657/657 658/658/658
f 659/659/659 660/660/660 661/661/661
f 662/662/662 655/655/655 663/663/663
f 664/664/664 655/655/655 662/662/662
f 665/665/665 666/666/666 667/667/667
f 668/668/668 669/669/669 670/670/670
f 671/671/671 650/650/650 651/651/651
f 672/672/672 673/673/673 669/669/669
f 672/672/672 669/669/669 668/668/668
f 636/636/636 655/655/655 664/664/664
f 667/667/667 666/666/666 674/674/674
f 675/675/675 676/676/676 677/677/677
f 127/127/127 270/270/270 144/144/144
f 676/676/676 678/678/678 679/679/679
f 644/644/644 680/680/680 681/681/681
f 682/682/682 683/683/683 647/647/647
f 644/644/644 643/643/643 680/680/680
f 684/684/684 144/144/144 270/270/270
f 684/684/684 270/270/270 685/685/685
f 271/271/271 33/33/33 686/686/686
f 270/270/270 271/271/271 686/686/686
f 687/687/687 683/683/683 688/688/688
f 689/689/689 690/690/690 691/691/691
f 692/692/692 693/693/693 694/694/694
f 691/691/691 690/690/690 695/695/695
f 694/694/694 680/680/680 692/692/692
f 647/647/647 696/696/696 21/21/21
f 697/697/697 693/693/693 692/692/692
f 698/698/698 699/699/699 691/691/691
f 700/700/700 696/696/696 647/647/647
f 691/691/691 699/699/699 689/689/689
f 701/701/701 692/692/692 680/680/680
f 33/33/33 702/702/702 686/686/686
f 39/39/39 702/702/702 33/33/33
f 647/647/647 683/683/683 700/700/700
f 270/270/270 703/703/703 685/685/685
f 643/643/643 701/701/701 680/680/680
f 686/686/686 703/703/703 270/270/270
f 687/687/687 700/700/700 683/683/683
f 702/702/702 703/703/703 686/686/686
f 704/704/704 701/701/701 643/643/643
f 700/700/700 654/654/654 635/635/635
f 692/692/692 701/701/701 705/705/705
f 679/679/679 706/706/706 707/707/707
f 703/703/703 702/702/702 708/708/708
f 697/697/697 646/646/646 654/654/654
f 707/707/707 706/706/706 698/698/698
f 698/698/698 706/706/706 699/699/699
f 706/706/706 709/709/709 699/699/699
f 701/701/701 704/704/704 705/705/705
f 710/710/710 172/172/172 633/633/633
f 711/711/711 703/703/703 712/712/712
f 712/712/712 703/703/703 708/708/708
f 679/679/679 709/709/709 706/706/706
f 679/679/679 713/713/713 714/714/714
f 715/715/715 716/716/716 172/172/172
f 234/234/234 230/230/230 716/716/716
f 717/717/717 642/642/642 718/718/718
f 714/714/714 709/709/709 679/679/679
f 653/653/653 642/642/642 717/717/717
f 688/688/688 234/234/234 716/716/716
f 710/710/710 633/633/633 719/719/719
f 720/720/720 717/717/717 721/721/721
f 722/722/722 640/640/640 675/675/675
f 715/715/715 172/172/172 710/710/710
f 717/717/717 723/723/723 721/721/721
f 724/724/724 640/640/640 722/722/722
f 136/136/136 163/163/163 155/155/155
f 719/719/719 725/725/725 710/710/710
f 710/710/710 725/725/725 726/726/726
f 136/136/136 727/727/727 163/163/163
f 728/728/728 715/715/715 710/710/710
f 729/729/729 163/163/163 727/727/727
f 726/726/726 728/728/728 710/710/710
f 715/715/715 730/730/730 716/716/716
f 720/720/720 653/653/653 717/717/717
f 731/731/731 641/641/641 640/640/640
f 684/684/684 732/732/732 144/144/144
f 145/145/145 144/144/144 732/732/732
f 730/730/730 715/715/715 728/728/728
f 716/716/716 730/730/730 688/688/688
f 685/685/685 733/733/733 684/684/684
f 728/728/728 734/734/734 730/730/730
f 732/732/732 684/684/684 733/733/733
f 724/724/724 731/731/731 640/640/640
f 153/153/153 145/145/145 735/735/735
f 730/730/730 734/734/734 688/688/688
f 731/731/731 724/724/724 736/736/736
f 153/153/153 727/727/727 136/136/136
f 734/734/734 687/687/687 688/688/688
f 723/723/723 737/737/737 738/738/738
f 153/153/153 735/735/735 727/727/727
f 738/738/738 721/721/721 723/723/723
f 734/734/734 728/728/728 726/726/726
f 739/739/739 738/738/738 737/737/737
f 726/726/726 725/725/725 740/740/740
f 741/741/741 729/729/729 735/735/735
f 729/729/729 727/727/727 735/735/735
f 742/742/742 725/725/725 743/743/743
f 744/744/744 653/653/653 720/720/720
f 648/648/648 713/713/713 649/649/649
f 649/649/649 713/713/713 731/731/731
f 731/731/731 651/651/651 649/649/649
f 731/731/731 713/713/713 641/641/641
f 726/726/726 745/745/745 734/734/734
f 740/740/740 745/745/745 726/726/726
f 746/746/746 164/164/164 163/163/163
f 731/731/731 747/747/747 651/651/651
f 736/736/736 747/747/747 731/731/731
f 643/643/643 744/744/744 704/704/704
f 744/744/744 643/643/643 653/653/653
f 725/725/725 742/742/742 740/740/740
f 748/748/748 742/742/742 743/743/743
f 749/749/749 704/704/704 744/744/744
f 695/695/695 749/749/749 744/744/744
f 163/163/163 750/750/750 746/746/746
f 751/751/751 740/740/740 742/742/742
f 752/752/752 747/747/747 736/736/736
f 745/745/745 753/753/753 681/681/681
f 734/734/734 745/745/745 681/681/681
f 753/753/753 745/745/745 740/740/740
f 651/651/651 747/747/747 754/754/754
f 747/747/747 755/755/755 754/754/754
f 740/740/740 751/751/751 753/753/753
f 753/753/753 751/751/751 644/644/644
f 164/164/164 756/756/756 633/633/633
f 753/753/753 644/644/644 681/681/681
f 695/695/695 744/744/744 691/691/691
f 691/691/691 744/744/744 698/698/698
f 657/657/657 757/757/757 658/658/658
f 687/687/687 734/734/734 694/694/694
f 749/749/749 695/695/695 690/690/690
f 746/746/746 756/756/756 164/164/164
f 758/758/758 756/756/756 746/746/746
f 759/759/759 687/687/687 694/694/694
f 694/694/694 734/734/734 680/680/680
f 734/734/734 681/681/681 680/680/680
f 729/729/729 750/750/750 163/163/163
f 720/720/720 721/721/721 698/698/698
f 720/720/720 698/698/698 744/744/744
f 750/750/750 758/758/758 746/746/746
f 657/657/657 659/659/659 661/661/661
f 760/760/760 659/659/659 657/657/657
f 697/697/697 652/652/652 646/646/646
f 700/700/700 687/687/687 759/759/759
f 759/759/759 654/654/654 700/700/700
f 750/750/750 729/729/729 761/761/761
f 697/697/697 762/762/762 652/652/652
f 759/759/759 693/693/693 654/654/654
f 750/750/750 761/761/761 758/758/758
f 693/693/693 759/759/759 694/694/694
f 693/693/693 697/697/697 654/654/654
f 692/692/692 762/762/762 697/697/697
f 762/762/762 692/692/692 763/763/763
f 764/764/764 756/756/756 758/758/758
f 22/22/22 696/696/696 262/262/262
f 765/765/765 766/766/766 760/760/760
f 756/756/756 719/719/719 633/633/633
f 764/764/764 719/719/719 756/756/756
f 765/765/765 767/767/767 766/766/766
f 758/758/758 768/768/768 764/764/764
f 769/769/769 770/770/770 771/771/771
f 763/763/763 772/772/772 773/773/773
f 762/762/762 763/763/763 663/663/663
f 703/703/703 733/733/733 685/685/685
f 663/663/663 763/763/763 672/672/672
f 672/672/672 763/763/763 673/673/673
f 769/769/769 771/771/771 666/666/666
f 774/774/774 732/732/732 733/733/733
f 741/741/741 732/732/732 774/774/774
f 664/664/664 662/662/662 775/775/775
f 776/776/776 741/741/741 774/774/774
f 22/22/22 21/21/21 696/696/696
f 777/777/777 729/729/729 741/741/741
f 776/776/776 777/777/777 741/741/741
f 656/656/656 778/778/778 689/689/689
f 779/779/779 775/775/775 662/662/662
f 729/729/729 777/777/777 780/780/780
f 781/781/781 656/656/656 689/689/689
f 668/668/668 782/782/782 779/779/779
f 711/711/711 733/733/733 703/703/703
f 711/711/711 783/783/783 733/733/733
f 699/699/699 784/784/784 689/689/689
f 655/655/655 652/652/652 663/663/663
f 785/785/785 262/262/262 696/696/696
f 656/656/656 658/658/658 778/778/778
f 785/785/785 696/696/696 638/638/638
f 638/638/638 696/696/696 634/634/634
f 762/762/762 663/663/663 652/652/652
f 783/783/783 774/774/774 733/733/733
f 777/777/777 776/776/776 786/786/786
f 787/787/787 117/117/117 262/262/262
f 774/774/774 788/788/788 786/786/786
f 784/784/784 781/781/781 689/689/689
f 758/758/758 761/761/761 780/780/780
f 638/638/638 787/787/787 262/262/262
f 699/699/699 709/709/709 784/784/784
f 662/662/662 663/663/663 668/668/668
f 789/789/789 758/758/758 780/780/780
f 758/758/758 789/789/789 768/768/768
f 638/638/638 262/262/262 785/785/785
f 672/672/672 668/668/668 663/663/663
f 719/719/719 764/764/764 768/768/768
f 790/790/790 781/781/781 784/784/784
f 743/743/743 725/725/725 719/719/719
f 791/791/791 656/656/656 781/781/781
f 719/719/719 768/768/768 743/743/743
f 638/638/638 792/792/792 787/787/787
f 793/793/793 791/791/791 781/781/781
f 779/779/779 662/662/662 668/668/668
f 768/768/768 789/789/789 794/794/794
f 794/794/794 743/743/743 768/768/768
f 668/668/668 670/670/670 795/795/795
f 781/781/781 796/796/796 793/793/793
f 763/763/763 773/773/773 673/673/673
f 781/781/781 790/790/790 796/796/796
f 761/761/761 729/729/729 780/780/780
f 797/797/797 793/793/793 796/796/796
f 784/784/784 709/709/709 790/790/790
f 709/709/709 714/714/714 790/790/790
f 787/787/787 792/792/792 798/798/798
f 657/657/657 656/656/656 791/791/791
f 777/777/777 789/789/789 780/780/780
f 760/760/760 657/657/657 791/791/791
f 760/760/760 791/791/791 793/793/793
f 760/760/760 793/793/793 765/765/765
f 696/696/696 700/700/700 635/635/635
f 797/797/797 765/765/765 793/793/793
f 789/789/789 799/799/799 794/794/794
f 696/696/696 635/635/635 634/634/634
f 777/777/777 799/799/799 789/789/789
f 800/800/800 799/799/799 777/777/777
f 648/648/648 801/801/801 714/714/714
f 800/800/800 777/777/777 786/786/786
f 802/802/802 803/803/803 801/801/801
f 743/743/743 794/794/794 748/748/748
f 803/803/803 797/797/797 801/801/801
f 801/801/801 797/797/797 796/796/796
f 804/804/804 805/805/805 783/783/783
f 806/806/806 669/669/669 757/757/757
f 670/670/670 669/669/669 806/806/806
f 711/711/711 804/804/804 783/783/783
f 807/807/807 711/711/711 712/712/712
f 661/661/661 806/806/806 757/757/757
f 754/754/754 808/808/808 651/651/651
f 661/661/661 757/757/757 657/657/657
f 806/806/806 660/660/660 670/670/670
f 651/651/651 667/667/667 671/671/671
f 638/638/638 637/637/637 792/792/792
f 805/805/805 774/774/774 783/783/783
f 674/674/674 802/802/802 671/671/671
f 809/809/809 774/774/774 805/805/805
f 671/671/671 667/667/667 674/674/674
f 806/806/806 661/661/661 660/660/660
f 807/807/807 804/804/804 711/711/711
f 651/651/651 808/808/808 667/667/667
f 792/792/792 637/637/637 664/664/664
f 801/801/801 790/790/790 714/714/714
f 692/692/692 772/772/772 763/763/763
f 705/705/705 772/772/772 692/692/692
f 796/796/796 790/790/790 801/801/801
f 636/636/636 664/664/664 637/637/637
f 765/765/765 797/797/797 810/810/810
f 811/811/811 809/809/809 805/805/805
f 804/804/804 811/811/811 805/805/805
f 770/770/770 797/797/797 803/803/803
f 771/771/771 803/803/803 802/802/802
f 792/792/792 664/664/664 812/812/812
f 799/799/799 813/813/813 814/814/814
f 800/800/800 813/813/813 799/799/799
f 704/704/704 772/772/772 705/705/705
f 786/786/786 788/788/788 800/800/800
f 812/812/812 664/664/664 775/775/775
f 749/749/749 772/772/772 704/704/704
f 800/800/800 788/788/788 815/815/815
f 749/749/749 773/773/773 772/772/772
f 773/773/773 749/749/749 816/816/816
f 765/765/765 810/810/810 767/767/767
f 810/810/810 770/770/770 767/767/767
f 770/770/770 810/810/810 797/797/797
f 813/813/813 800/800/800 815/815/815
f 799/799/799 748/748/748 794/794/794
f 817/817/817 748/748/748 799/799/799
f 817/817/817 799/799/799 814/814/814
f 742/742/742 748/748/748 751/751/751
f 669/669/669 673/673/673 773/773/773
f 803/803/803 771/771/771 770/770/770
f 674/674/674 666/666/666 771/771/771
f 771/771/771 802/802/802 674/674/674
f 817/817/817 818/818/818 748/748/748
f 816/816/816 749/749/749 819/819/819
f 690/690/690 819/819/819 749/749/749
f 820/820/820 754/754/754 755/755/755
f 644/644/644 751/751/751 748/748/748
f 821/821/821 820/820/820 755/755/755
f 819/819/819 690/690/690 689/689/689
f 822/822/822 813/813/813 815/815/815
f 821/821/821 755/755/755 823/823/823
f 811/811/811 824/824/824 809/809/809
f 822/822/822 815/815/815 824/824/824
f 824/824/824 825/825/825 822/822/822
f 757/757/757 773/773/773 816/816/816
f 816/816/816 819/819/819 778/778/778
f 642/642/642 748/748/748 818/818/818
f 778/778/778 757/757/757 816/816/816
f 813/813/813 717/717/717 814/814/814
f 748/748/748 642/642/642 644/644/644
f 669/669/669 773/773/773 757/757/757
f 667/667/667 826/826/826 665/665/665
f 814/814/814 717/717/717 817/817/817
f 717/717/717 718/718/718 817/817/817
f 689/689/689 778/778/778 819/819/819
f 757/757/757 778/778/778 658/658/658
f 820/820/820 808/808/808 754/754/754
f 813/813/813 827/827/827 717/717/717
f 828/828/828 829/829/829 722/722/722
f 827/827/827 813/813/813 822/822/822
f 826/826/826 667/667/667 808/808/808
f 818/818/818 817/817/817 718/718/718
f 830/830/830 831/831/831 807/807/807
f 808/808/808 820/820/820 826/826/826
f 807/807/807 831/831/831 804/804/804
f 831/831/831 811/811/811 804/804/804
f 676/676/676 832/832/832 677/677/677
f 642/642/642 818/818/818 718/718/718
f 675/675/675 677/677/677 828/828/828
f 831/831/831 833/833/833 811/811/811
f 828/828/828 722/722/722 675/675/675
f 821/821/821 834/834/834 820/820/820
f 821/821/821 835/835/835 834/834/834
f 836/836/836 828/828/828 833/833/833
f 831/831/831 836/836/836 833/833/833
f 829/829/829 828/828/828 836/836/836
f 823/823/823 837/837/837 821/821/821
f 811/811/811 833/833/833 838/838/838
f 838/838/838 839/839/839 811/811/811
f 837/837/837 835/835/835 821/821/821
f 825/825/825 827/827/827 822/822/822
f 739/739/739 832/832/832 676/676/676
f 717/717/717 827/827/827 723/723/723
f 737/737/737 827/827/827 825/825/825
f 737/737/737 723/723/723 827/827/827
f 721/721/721 738/738/738 698/698/698
f 707/707/707 698/698/698 738/738/738
f 834/834/834 826/826/826 820/820/820
f 828/828/828 838/838/838 833/833/833
f 840/840/840 839/839/839 838/838/838
f 834/834/834 835/835/835 841/841/841
f 838/838/838 828/828/828 840/840/840
f 707/707/707 738/738/738 739/739/739
f 840/840/840 828/828/828 677/677/677
f 676/676/676 679/679/679 739/739/739
f 679/679/679 707/707/707 739/739/739
f 842/842/842 826/826/826 834/834/834
f 832/832/832 840/840/840 677/677/677
f 841/841/841 842/842/842 834/834/834
f 832/832/832 737/737/737 839/839/839
f 676/676/676 675/675/675 639/639/639
f 840/840/840 832/832/832 839/839/839
f 841/841/841 835/835/835 837/837/837
f 737/737/737 832/832/832 739/739/739
f 117/117/117 787/787/787 124/124/124
f 640/640/640 639/639/639 675/675/675
f 641/641/641 678/678/678 639/639/639
f 230/230/230 228/228/228 172/172/172
f 716/716/716 230/230/230 172/172/172
f 234/234/234 235/235/235 2/2/2
f 235/235/235 234/234/234 688/688/688
f 20/20/20 255/255/255 645/645/645
f 645/645/645 255/255/255 682/682/682
f 682/682/682 255/255/255 235/235/235
f 688/688/688 682/682/682 235/235/235
f 688/688/688 683/683/683 682/682/682
f 645/645/645 682/682/682 647/647/647
f 678/678/678 641/641/641 713/713/713
f 678/678/678 713/713/713 679/679/679
f 735/735/735 145/145/145 732/732/732
f 714/714/714 713/713/713 648/648/648
f 735/735/735 732/732/732 741/741/741
f 776/776/776 774/774/774 786/786/786
f 774/774/774 809/809/809 788/788/788
f 650/650/650 801/801/801 648/648/648
f 650/650/650 671/671/671 801/801/801
f 671/671/671 802/802/802 801/801/801
f 678/678/678 676/676/676 639/639/639
f 788/788/788 809/809/809 815/815/815
f 824/824/824 815/815/815 809/809/809
f 824/824/824 811/811/811 839/839/839
f 825/825/825 824/824/824 839/839/839
f 839/839/839 737/737/737 825/825/825
f 798/798/798 843/843/843 124/124/124
f 844/844/844 795/795/795 845/845/845
f 846/846/846 847/847/847 848/848/848
f 792/792/792 849/849/849 798/798/798
f 604/604/604 850/850/850 608/608/608
f 851/851/851 852/852/852 853/853/853
f 849/849/849 854/854/854 843/843/843
f 855/855/855 853/853/853 852/852/852
f 856/856/856 666/666/666 665/665/665
f 857/857/857 858/858/858 859/859/859
f 857/857/857 860/860/860 861/861/861
f 862/862/862 863/863/863 864/864/864
f 862/862/862 864/864/864 865/865/865
f 866/866/866 864/864/864 863/863/863
f 859/859/859 860/860/860 857/857/857
f 867/867/867 860/860/860 859/859/859
f 514/514/514 490/490/490 519/519/519
f 868/868/868 861/861/861 860/860/860
f 848/848/848 852/852/852 846/846/846
f 869/869/869 870/870/870 871/871/871
f 872/872/872 659/659/659 873/873/873
f 872/872/872 874/874/874 875/875/875
f 859/859/859 848/848/848 876/876/876
f 874/874/874 872/872/872 873/873/873
f 515/515/515 514/514/514 877/877/877
f 878/878/878 879/879/879 870/870/870
f 500/500/500 880/880/880 519/519/519
f 876/876/876 867/867/867 859/859/859
f 874/874/874 873/873/873 881/881/881
f 882/882/882 857/857/857 861/861/861
f 882/882/882 861/861/861 883/883/883
f 877/877/877 519/519/519 884/884/884
f 885/885/885 881/881/881 873/873/873
f 873/873/873 886/886/886 885/885/885
f 884/884/884 519/519/519 880/880/880
f 883/883/883 887/887/887 882/882/882
f 888/888/888 869/869/869 871/871/871
f 889/889/889 887/887/887 883/883/883
f 519/519/519 877/877/877 514/514/514
f 872/872/872 660/660/660 659/659/659
f 890/890/890 884/884/884 880/880/880
f 869/869/869 888/888/888 891/891/891
f 892/892/892 869/869/869 891/891/891
f 893/893/893 889/889/889 883/883/883
f 760/760/760 873/873/873 659/659/659
f 843/843/843 432/432/432 124/124/124
f 787/787/787 798/798/798 124/124/124
f 760/760/760 766/766/766 873/873/873
f 860/860/860 867/867/867 868/868/868
f 766/766/766 886/886/886 873/873/873
f 432/432/432 894/894/894 434/434/434
f 886/886/886 766/766/766 895/895/895
f 432/432/432 843/843/843 894/894/894
f 869/869/869 896/896/896 870/870/870
f 897/897/897 870/870/870 896/896/896
f 896/896/896 869/869/869 892/892/892
f 886/886/886 895/895/895 885/885/885
f 898/898/898 885/885/885 895/895/895
f 876/876/876 899/899/899 900/900/900
f 843/843/843 798/798/798 849/849/849
f 876/876/876 900/900/900 867/867/867
f 894/894/894 843/843/843 901/901/901
f 874/874/874 881/881/881 902/902/902
f 867/867/867 903/903/903 868/868/868
f 874/874/874 902/902/902 904/904/904
f 904/904/904 875/875/875 874/874/874
f 905/905/905 867/867/867 900/900/900
f 900/900/900 904/904/904 906/906/906
f 907/907/907 867/867/867 905/905/905
f 906/906/906 904/904/904 902/902/902
f 906/906/906 902/902/902 908/908/908
f 908/908/908 902/902/902 909/909/909
f 910/910/910 460/460/460 434/434/434
f 907/907/907 903/903/903 867/867/867
f 911/911/911 412/412/412 460/460/460
f 909/909/909 881/881/881 885/885/885
f 885/885/885 898/898/898 909/909/909
f 909/909/909 902/902/902 881/881/881
f 521/521/521 412/412/412 911/911/911
f 907/907/907 912/912/912 903/903/903
f 574/574/574 603/603/603 573/573/573
f 898/898/898 913/913/913 909/909/909
f 913/913/913 898/898/898 914/914/914
f 460/460/460 910/910/910 911/911/911
f 907/907/907 915/915/915 912/912/912
f 603/603/603 574/574/574 916/916/916
f 574/574/574 409/409/409 916/916/916
f 909/909/909 917/917/917 918/918/918
f 919/919/919 918/918/918 917/917/917
f 901/901/901 910/910/910 434/434/434
f 901/901/901 920/920/920 910/910/910
f 921/921/921 922/922/922 893/893/893
f 909/909/909 913/913/913 917/917/917
f 861/861/861 868/868/868 883/883/883
f 918/918/918 908/908/908 909/909/909
f 923/923/923 883/883/883 868/868/868
f 920/920/920 924/924/924 910/910/910
f 924/924/924 911/911/911 910/910/910
f 893/893/893 883/883/883 923/923/923
f 921/921/921 893/893/893 923/923/923
f 903/903/903 923/923/923 868/868/868
f 923/923/923 903/903/903 912/912/912
f 921/921/921 925/925/925 922/922/922
f 926/926/926 927/927/927 856/856/856
f 856/856/856 928/928/928 926/926/926
f 894/894/894 901/901/901 434/434/434
f 929/929/929 930/930/930 928/928/928
f 912/912/912 921/921/921 923/923/923
f 931/931/931 920/920/920 901/901/901
f 843/843/843 931/931/931 901/901/901
f 932/932/932 769/769/769 927/927/927
f 888/888/888 933/933/933 891/891/891
f 767/767/767 770/770/770 932/932/932
f 766/766/766 767/767/767 932/932/932
f 766/766/766 932/932/932 895/895/895
f 854/854/854 931/931/931 843/843/843
f 932/932/932 770/770/770 769/769/769
f 849/849/849 792/792/792 812/812/812
f 934/934/934 931/931/931 854/854/854
f 812/812/812 854/854/854 849/849/849
f 898/898/898 895/895/895 914/914/914
f 914/914/914 895/895/895 932/932/932
f 935/935/935 934/934/934 854/854/854
f 932/932/932 927/927/927 914/914/914
f 936/936/936 924/924/924 920/920/920
f 936/936/936 937/937/937 924/924/924
f 812/812/812 775/775/775 854/854/854
f 854/854/854 775/775/775 935/935/935
f 924/924/924 937/937/937 911/911/911
f 769/769/769 666/666/666 856/856/856
f 856/856/856 927/927/927 769/769/769
f 934/934/934 935/935/935 938/938/938
f 920/920/920 931/931/931 936/936/936
f 928/928/928 856/856/856 939/939/939
f 775/775/775 779/779/779 935/935/935
f 940/940/940 936/936/936 931/931/931
f 779/779/779 782/782/782 935/935/935
f 941/941/941 917/917/917 927/927/927
f 941/941/941 927/927/927 926/926/926
f 942/942/942 917/917/917 941/941/941
f 943/943/943 938/938/938 935/935/935
f 603/603/603 916/916/916 944/944/944
f 943/943/943 935/935/935 844/844/844
f 930/930/930 945/945/945 926/926/926
f 940/940/940 931/931/931 934/934/934
f 782/782/782 844/844/844 935/935/935
f 941/941/941 926/926/926 945/945/945
f 944/944/944 602/602/602 603/603/603
f 926/926/926 928/928/928 930/930/930
f 940/940/940 934/934/934 938/938/938
f 946/946/946 940/940/940 938/938/938
f 668/668/668 795/795/795 782/782/782
f 782/782/782 795/795/795 844/844/844
f 612/612/612 615/615/615 947/947/947
f 612/612/612 947/947/947 616/616/616
f 946/946/946 937/937/937 940/940/940
f 930/930/930 929/929/929 948/948/948
f 937/937/937 936/936/936 940/940/940
f 947/947/947 615/615/615 632/632/632
f 945/945/945 930/930/930 949/949/949
f 930/930/930 948/948/948 949/949/949
f 943/943/943 844/844/844 845/845/845
f 866/866/866 949/949/949 948/948/948
f 950/950/950 866/866/866 948/948/948
f 948/948/948 951/951/951 950/950/950
f 943/943/943 845/845/845 946/946/946
f 845/845/845 952/952/952 946/946/946
f 944/944/944 916/916/916 953/953/953
f 954/954/954 795/795/795 670/670/670
f 512/512/512 513/513/513 955/955/955
f 512/512/512 955/955/955 956/956/956
f 660/660/660 957/957/957 954/954/954
f 521/521/521 955/955/955 513/513/513
f 951/951/951 958/958/958 959/959/959
f 845/845/845 795/795/795 954/954/954
f 954/954/954 960/960/960 845/845/845
f 957/957/957 960/960/960 954/954/954
f 955/955/955 521/521/521 961/961/961
f 962/962/962 944/944/944 953/953/953
f 963/963/963 956/956/956 955/955/955
f 964/964/964 963/963/963 955/955/955
f 957/957/957 875/875/875 960/960/960
f 510/510/510 539/539/539 529/529/529
f 965/965/965 966/966/966 951/951/951
f 957/957/957 872/872/872 875/875/875
f 966/966/966 958/958/958 951/951/951
f 527/527/527 967/967/967 495/495/495
f 953/953/953 968/968/968 962/962/962
f 660/660/660 954/954/954 670/670/670
f 539/539/539 967/967/967 527/527/527
f 969/969/969 908/908/908 918/918/918
f 957/957/957 660/660/660 872/872/872
f 944/944/944 622/622/622 602/602/602
f 970/970/970 500/500/500 495/495/495
f 971/971/971 892/892/892 865/865/865
f 944/944/944 972/972/972 622/622/622
f 960/960/960 875/875/875 973/973/973
f 972/972/972 944/944/944 974/974/974
f 974/974/974 944/944/944 962/962/962
f 495/495/495 967/967/967 975/975/975
f 976/976/976 975/975/975 967/967/967
f 977/977/977 971/971/971 865/865/865
f 970/970/970 495/495/495 975/975/975
f 870/870/870 968/968/968 878/878/878
f 510/510/510 512/512/512 978/978/978
f 956/956/956 978/978/978 512/512/512
f 539/539/539 510/510/510 978/978/978
f 539/539/539 976/976/976 967/967/967
f 875/875/875 904/904/904 973/973/973
f 904/904/904 900/900/900 973/973/973
f 968/968/968 953/953/953 878/878/878
f 515/515/515 360/360/360 511/511/511
f 963/963/963 978/978/978 956/956/956
f 963/963/963 976/976/976 978/978/978
f 978/978/978 976/976/976 539/539/539
f 955/955/955 961/961/961 853/853/853
f 971/971/971 977/977/977 979/979/979
f 360/360/360 515/515/515 877/877/877
f 853/853/853 964/964/964 955/955/955
f 360/360/360 877/877/877 980/980/980
f 865/865/865 864/864/864 950/950/950
f 970/970/970 981/981/981 500/500/500
f 982/982/982 360/360/360 980/980/980
f 977/977/977 865/865/865 959/959/959
f 983/983/983 970/970/970 975/975/975
f 983/983/983 984/984/984 981/981/981
f 981/981/981 970/970/970 983/983/983
f 864/864/864 866/866/866 950/950/950
f 408/408/408 360/360/360 982/982/982
f 959/959/959 950/950/950 951/951/951
f 959/959/959 865/865/865 950/950/950
f 963/963/963 964/964/964 985/985/985
f 360/360/360 408/408/408 358/358/358
f 986/986/986 985/985/985 964/964/964
f 985/985/985 976/976/976 963/963/963
f 880/880/880 981/981/981 890/890/890
f 880/880/880 500/500/500 981/981/981
f 977/977/977 959/959/959 958/958/958
f 987/987/987 975/975/975 976/976/976
f 985/985/985 987/987/987 976/976/976
f 986/986/986 987/987/987 985/985/985
f 884/884/884 988/988/988 877/877/877
f 989/989/989 964/964/964 990/990/990
f 964/964/964 853/853/853 990/990/990
f 988/988/988 980/980/980 877/877/877
f 991/991/991 992/992/992 993/993/993
f 992/992/992 994/994/994 995/995/995
f 994/994/994 993/993/993 995/995/995
f 996/996/996 992/992/992 995/995/995
f 997/997/997 998/998/998 989/989/989
f 998/998/998 964/964/964 989/989/989
f 989/989/989 986/986/986 997/997/997
f 882/882/882 986/986/986 989/989/989
f 882/882/882 989/989/989 990/990/990
f 986/986/986 882/882/882 887/887/887
f 887/887/887 983/983/983 987/987/987
f 890/890/890 981/981/981 984/984/984
f 984/984/984 999/999/999 890/890/890
f 884/884/884 890/890/890 1000/1000/1000
f 987/987/987 986/986/986 887/887/887
f 1000/1000/1000 890/890/890 999/999/999
f 988/988/988 884/884/884 1000/1000/1000
f 958/958/958 979/979/979 977/977/977
f 521/521/521 911/911/911 851/851/851
f 521/521/521 851/851/851 961/961/961
f 980/980/980 988/988/988 1001/1001/1001
f 1002/1002/1002 980/980/980 1001/1001/1001
f 1000/1000/1000 1001/1001/1001 988/988/988
f 1003/1003/1003 982/982/982 980/980/980
f 408/408/408 982/982/982 1003/1003/1003
f 851/851/851 911/911/911 937/937/937
f 980/980/980 1002/1002/1002 1003/1003/1003
f 1004/1004/1004 968/968/968 870/870/870
f 1005/1005/1005 1006/1006/1006 971/971/971
f 870/870/870 1007/1007/1007 1004/1004/1004
f 971/971/971 979/979/979 1005/1005/1005
f 853/853/853 961/961/961 851/851/851
f 852/852/852 851/851/851 846/846/846
f 851/851/851 937/937/937 846/846/846
f 990/990/990 853/853/853 855/855/855
f 990/990/990 855/855/855 858/858/858
f 946/946/946 938/938/938 943/943/943
f 1007/1007/1007 870/870/870 897/897/897
f 946/946/946 846/846/846 937/937/937
f 946/946/946 847/847/847 846/846/846
f 1006/1006/1006 896/896/896 971/971/971
f 847/847/847 946/946/946 952/952/952
f 1008/1008/1008 958/958/958 1009/1009/1009
f 897/897/897 896/896/896 1006/1006/1006
f 953/953/953 1003/1003/1003 1010/1010/1010
f 845/845/845 960/960/960 1011/1011/1011
f 845/845/845 1011/1011/1011 952/952/952
f 897/897/897 1006/1006/1006 1007/1007/1007
f 966/966/966 1009/1009/1009 958/958/958
f 848/848/848 847/847/847 876/876/876
f 899/899/899 876/876/876 847/847/847
f 847/847/847 952/952/952 1011/1011/1011
f 408/408/408 1003/1003/1003 916/916/916
f 1011/1011/1011 899/899/899 847/847/847
f 1011/1011/1011 960/960/960 899/899/899
f 973/973/973 899/899/899 960/960/960
f 916/916/916 1003/1003/1003 953/953/953
f 979/979/979 958/958/958 1008/1008/1008
f 916/916/916 409/409/409 408/408/408
f 665/665/665 939/939/939 856/856/856
f 665/665/665 826/826/826 842/842/842
f 842/842/842 939/939/939 665/665/665
f 1012/1012/1012 1004/1004/1004 1007/1007/1007
f 1013/1013/1013 1014/1014/1014 842/842/842
f 900/900/900 899/899/899 973/973/973
f 928/928/928 939/939/939 929/929/929
f 929/929/929 939/939/939 842/842/842
f 919/919/919 917/917/917 942/942/942
f 942/942/942 1015/1015/1015 919/919/919
f 905/905/905 900/900/900 906/906/906
f 1014/1014/1014 1016/1016/1016 842/842/842
f 1016/1016/1016 929/929/929 842/842/842
f 942/942/942 941/941/941 949/949/949
f 949/949/949 941/941/941 945/945/945
f 1017/1017/1017 999/999/999 984/984/984
f 1016/1016/1016 948/948/948 929/929/929
f 984/984/984 1018/1018/1018 1017/1017/1017
f 1019/1019/1019 925/925/925 921/921/921
f 1016/1016/1016 951/951/951 948/948/948
f 999/999/999 1017/1017/1017 1020/1020/1020
f 1014/1014/1014 951/951/951 1016/1016/1016
f 1000/1000/1000 999/999/999 1020/1020/1020
f 983/983/983 1018/1018/1018 984/984/984
f 1020/1020/1020 1021/1021/1021 1000/1000/1000
f 1001/1001/1001 1000/1000/1000 1021/1021/1021
f 1022/1022/1022 1019/1019/1019 1023/1023/1023
f 1024/1024/1024 1018/1018/1018 983/983/983
f 1023/1023/1023 1025/1025/1025 1022/1022/1022
f 842/842/842 841/841/841 1013/1013/1013
f 1024/1024/1024 922/922/922 1026/1026/1026
f 1018/1018/1018 1024/1024/1024 1026/1026/1026
f 1002/1002/1002 1010/1010/1010 1003/1003/1003
f 906/906/906 915/915/915 905/905/905
f 905/905/905 915/915/915 907/907/907
f 915/915/915 906/906/906 908/908/908
f 871/871/871 1002/1002/1002 1001/1001/1001
f 879/879/879 1002/1002/1002 871/871/871
f 879/879/879 1010/1010/1010 1002/1002/1002
f 908/908/908 969/969/969 915/915/915
f 922/922/922 1024/1024/1024 893/893/893
f 1026/1026/1026 922/922/922 925/925/925
f 878/878/878 1010/1010/1010 879/879/879
f 1018/1018/1018 1026/1026/1026 1017/1017/1017
f 1017/1017/1017 1026/1026/1026 1020/1020/1020
f 1027/1027/1027 1020/1020/1020 1026/1026/1026
f 969/969/969 921/921/921 912/912/912
f 969/969/969 919/919/919 921/921/921
f 919/919/919 1019/1019/1019 921/921/921
f 912/912/912 915/915/915 969/969/969
f 1027/1027/1027 1026/1026/1026 925/925/925
f 1028/1028/1028 1020/1020/1020 1027/1027/1027
f 919/919/919 1015/1015/1015 1019/1019/1019
f 871/871/871 1001/1001/1001 1021/1021/1021
f 1029/1029/1029 1014/1014/1014 1013/1013/1013
f 919/919/919 969/969/969 918/918/918
f 1023/1023/1023 1015/1015/1015 1025/1025/1025
f 1015/1015/1015 1023/1023/1023 1019/1019/1019
f 965/965/965 951/951/951 1014/1014/1014
f 879/879/879 871/871/871 870/870/870
f 1021/1021/1021 1020/1020/1020 888/888/888
f 848/848/848 855/855/855 852/852/852
f 888/888/888 1020/1020/1020 933/933/933
f 1019/1019/1019 1027/1027/1027 925/925/925
f 1019/1019/1019 1022/1022/1022 1027/1027/1027
f 965/965/965 1014/1014/1014 1029/1029/1029
f 1021/1021/1021 888/888/888 871/871/871
f 933/933/933 1020/1020/1020 1028/1028/1028
f 1022/1022/1022 1030/1030/1030 1027/1027/1027
f 990/990/990 858/858/858 857/857/857
f 1022/1022/1022 863/863/863 1030/1030/1030
f 990/990/990 857/857/857 882/882/882
f 878/878/878 953/953/953 1010/1010/1010
f 1030/1030/1030 1028/1028/1028 1027/1027/1027
f 848/848/848 859/859/859 855/855/855
f 859/859/859 858/858/858 855/855/855
f 1030/1030/1030 933/933/933 1028/1028/1028
f 891/891/891 933/933/933 1030/1030/1030
f 891/891/891 1030/1030/1030 862/862/862
f 1025/1025/1025 863/863/863 1022/1022/1022
f 862/862/862 1030/1030/1030 863/863/863
f 896/896/896 892/892/892 971/971/971
f 862/862/862 865/865/865 891/891/891
f 892/892/892 891/891/891 865/865/865
f 949/949/949 1025/1025/1025 1015/1015/1015
f 1015/1015/1015 942/942/942 949/949/949
f 866/866/866 1025/1025/1025 949/949/949
f 1025/1025/1025 866/866/866 863/863/863
f 893/893/893 1024/1024/1024 889/889/889
f 927/927/927 917/917/917 914/914/914
f 914/914/914 917/917/917 913/913/913
f 623/623/623 621/621/621 622/622/622
f 987/987/987 983/983/983 975/975/975
f 983/983/983 887/887/887 1024/1024/1024
f 1024/1024/1024 887/887/887 889/889/889
f 1031/1031/1031 1032/1032/1032 1033/1033/1033
f 1034/1034/1034 1035/1035/1035 1036/1036/1036
f 1037/1037/1037 1038/1038/1038 1039/1039/1039
f 1040/1040/1040 1041/1041/1041 1042/1042/1042
f 1043/1043/1043 1044/1044/1044 1045/1045/1045
f 1046/1046/1046 1045/1045/1045 1047/1047/1047
f 1040/1040/1040 1042/1042/1042 1048/1048/1048
f 1031/1031/1031 1048/1048/1048 1042/1042/1042
f 1049/1049/1049 1050/1050/1050 1051/1051/1051
f 1043/1043/1043 1052/1052/1052 1053/1053/1053
f 1045/1045/1045 1046/1046/1046 1054/1054/1054
f 1055/1055/1055 1056/1056/1056 1049/1049/1049
f 1057/1057/1057 1058/1058/1058 1059/1059/1059
f 1060/1060/1060 1048/1048/1048 1031/1031/1031
f 1056/1056/1056 1061/1061/1061 1049/1049/1049
f 1062/1062/1062 1037/1037/1037 1063/1063/1063
f 1064/1064/1064 1058/1058/1058 1065/1065/1065
f 1059/1059/1059 1058/1058/1058 1064/1064/1064
f 1066/1066/1066 1059/1059/1059 1064/1064/1064
f 1059/1059/1059 1066/1066/1066 1067/1067/1067
f 1038/1038/1038 1032/1032/1032 1039/1039/1039
f 1068/1068/1068 1059/1059/1059 1067/1067/1067
f 1044/1044/1044 1057/1057/1057 1059/1059/1059
f 1069/1069/1069 1070/1070/1070 1071/1071/1071
f 1072/1072/1072 1073/1073/1073 1070/1070/1070
f 1070/1070/1070 1050/1050/1050 1072/1072/1072
f 1068/1068/1068 1074/1074/1074 1059/1059/1059
f 1069/1069/1069 1051/1051/1051 1050/1050/1050
f 1032/1032/1032 1038/1038/1038 1075/1075/1075
f 1032/1032/1032 1075/1075/1075 1033/1033/1033
f 1050/1050/1050 1070/1070/1070 1069/1069/1069
f 1076/1076/1076 1077/1077/1077 1074/1074/1074
f 1076/1076/1076 1074/1074/1074 1068/1068/1068
f 1076/1076/1076 1068/1068/1068 1078/1078/1078
f 1072/1072/1072 1050/1050/1050 1079/1079/1079
f 1078/1078/1078 1068/1068/1068 1080/1080/1080
f 1076/1076/1076 1051/1051/1051 1077/1077/1077
f 1062/1062/1062 1063/1063/1063 1081/1081/1081
f 1063/1063/1063 1082/1082/1082 1081/1081/1081
f 1078/1078/1078 1051/1051/1051 1076/1076/1076
f 1083/1083/1083 1040/1040/1040 1048/1048/1048
f 1048/1048/1048 1060/1060/1060 1084/1084/1084
f 1085/1085/1085 1083/1083/1083 1048/1048/1048
f 1084/1084/1084 1085/1085/1085 1048/1048/1048
f 1060/1060/1060 1031/1031/1031 1033/1033/1033
f 1061/1061/1061 1050/1050/1050 1049/1049/1049
f 1049/1049/1049 1051/1051/1051 1086/1086/1086
f 1087/1087/1087 1060/1060/1060 1033/1033/1033
f 1050/1050/1050 1061/1061/1061 1079/1079/1079
f 1036/1036/1036 1035/1035/1035 1057/1057/1057
f 1044/1044/1044 1036/1036/1036 1057/1057/1057
f 1088/1088/1088 1084/1084/1084 1060/1060/1060
f 1088/1088/1088 1060/1060/1060 1089/1089/1089
f 1045/1045/1045 1044/1044/1044 1047/1047/1047
f 1047/1047/1047 1044/1044/1044 1059/1059/1059
f 1074/1074/1074 1077/1077/1077 1047/1047/1047
f 1046/1046/1046 1047/1047/1047 1077/1077/1077
f 1072/1072/1072 1079/1079/1079 1037/1037/1037
f 1046/1046/1046 1077/1077/1077 1071/1071/1071
f 1037/1037/1037 1079/1079/1079 1061/1061/1061
f 1060/1060/1060 1087/1087/1087 1089/1089/1089
f 1069/1069/1069 1071/1071/1071 1077/1077/1077
f 1051/1051/1051 1069/1069/1069 1077/1077/1077
f 1087/1087/1087 1075/1075/1075 1038/1038/1038
f 1090/1090/1090 1091/1091/1091 1092/1092/1092
f 1093/1093/1093 1090/1090/1090 1092/1092/1092
f 1094/1094/1094 1093/1093/1093 1092/1092/1092
f 1094/1094/1094 1092/1092/1092 1040/1040/1040
f 1087/1087/1087 1038/1038/1038 1095/1095/1095
f 1096/1096/1096 1097/1097/1097 1094/1094/1094
f 1038/1038/1038 1062/1062/1062 1095/1095/1095
f 1094/1094/1094 1098/1098/1098 1096/1096/1096
f 1099/1099/1099 1100/1100/1100 1101/1101/1101
f 1102/1102/1102 1098/1098/1098 1083/1083/1083
f 1103/1103/1103 1041/1041/1041 1104/1104/1104
f 1071/1071/1071 1105/1105/1105 1046/1046/1046
f 1087/1087/1087 1033/1033/1033 1075/1075/1075
f 1106/1106/1106 1107/1107/1107 1108/1108/1108
f 1109/1109/1109 1107/1107/1107 1106/1106/1106
f 1110/1110/1110 1054/1054/1054 1105/1105/1105
f 1054/1054/1054 1111/1111/1111 1043/1043/1043
f 1054/1054/1054 1112/1112/1112 1111/1111/1111
f 1108/1108/1108 1107/1107/1107 1103/1103/1103
f 1105/1105/1105 1054/1054/1054 1046/1046/1046
f 1037/1037/1037 1061/1061/1061 1063/1063/1063
f 1107/1107/1107 1041/1041/1041 1103/1103/1103
f 1110/1110/1110 1105/1105/1105 1071/1071/1071
f 1107/1107/1107 1042/1042/1042 1041/1041/1041
f 1071/1071/1071 1070/1070/1070 1073/1073/1073
f 1073/1073/1073 1110/1110/1110 1071/1071/1071
f 1083/1083/1083 1085/1085/1085 1102/1102/1102
f 1038/1038/1038 1037/1037/1037 1062/1062/1062
f 1042/1042/1042 1107/1107/1107 1109/1109/1109
f 1108/1108/1108 1103/1103/1103 1110/1110/1110
f 1110/1110/1110 1106/1106/1106 1108/1108/1108
f 1106/1106/1106 1110/1110/1110 1113/1113/1113
f 1092/1092/1092 1101/1101/1101 1104/1104/1104
f 1109/1109/1109 1106/1106/1106 1113/1113/1113
f 1073/1073/1073 1113/1113/1113 1110/1110/1110
f 1039/1039/1039 1073/1073/1073 1072/1072/1072
f 1063/1063/1063 1061/1061/1061 1082/1082/1082
f 1032/1032/1032 1109/1109/1109 1039/1039/1039
f 1039/1039/1039 1109/1109/1109 1073/1073/1073
f 1113/1113/1113 1073/1073/1073 1109/1109/1109
f 1109/1109/1109 1031/1031/1031 1042/1042/1042
f 1031/1031/1031 1109/1109/1109 1032/1032/1032
f 1037/1037/1037 1039/1039/1039 1072/1072/1072
f 1047/1047/1047 1059/1059/1059 1074/1074/1074
f 1114/1114/1114 1115/1115/1115 1116/1116/1116
f 1117/1117/1117 1118/1118/1118 1115/1115/1115
f 1115/1115/1115 1114/1114/1114 1117/1117/1117
f 1119/1119/1119 1120/1120/1120 1121/1121/1121
f 1122/1122/1122 1123/1123/1123 1124/1124/1124
f 1125/1125/1125 1122/1122/1122 1126/1126/1126
f 1124/1124/1124 1126/1126/1126 1122/1122/1122
f 1127/1127/1127 1119/1119/1119 1121/1121/1121
f 1121/1121/1121 1128/1128/1128 1127/1127/1127
f 1119/1119/1119 1127/1127/1127 1129/1129/1129
f 1130/1130/1130 1131/1131/1131 1132/1132/1132
f 1133/1133/1133 1130/1130/1130 1132/1132/1132
f 1133/1133/1133 1134/1134/1134 1130/1130/1130
f 1133/1133/1133 1135/1135/1135 1136/1136/1136
f 1132/1132/1132 1135/1135/1135 1133/1133/1133
f 1119/1119/1119 1129/1129/1129 1137/1137/1137
f 1133/1133/1133 1138/1138/1138 1134/1134/1134
f 1131/1131/1131 1130/1130/1130 1139/1139/1139
f 1127/1127/1127 1128/1128/1128 1129/1129/1129
f 1114/1114/1114 1140/1140/1140 1117/1117/1117
f 66/66/66 126/126/126 57/57/57
f 258/258/258 1141/1141/1141 181/181/181
f 1142/1142/1142 57/57/57 126/126/126
f 1091/1091/1091 1090/1090/1090 1143/1143/1143
f 1090/1090/1090 1144/1144/1144 1143/1143/1143
f 1144/1144/1144 1145/1145/1145 1143/1143/1143
f 54/54/54 1146/1146/1146 258/258/258
f 1147/1147/1147 1128/1128/1128 1148/1148/1148
f 1148/1148/1148 1149/1149/1149 1150/1150/1150
f 1129/1129/1129 1128/1128/1128 1151/1151/1151
f 1093/1093/1093 1144/1144/1144 1090/1090/1090
f 1093/1093/1093 1094/1094/1094 1097/1097/1097
f 1083/1083/1083 1094/1094/1094 1040/1040/1040
f 1150/1150/1150 1147/1147/1147 1148/1148/1148
f 1152/1152/1152 1142/1142/1142 126/126/126
f 1150/1150/1150 1153/1153/1153 1147/1147/1147
f 1153/1153/1153 1150/1150/1150 1154/1154/1154
f 1154/1154/1154 1150/1150/1150 1104/1104/1104
f 1152/1152/1152 126/126/126 122/122/122
f 1099/1099/1099 1155/1155/1155 1147/1147/1147
f 1153/1153/1153 1099/1099/1099 1147/1147/1147
f 1146/1146/1146 1156/1156/1156 258/258/258
f 1112/1112/1112 1149/1149/1149 1111/1111/1111
f 1149/1149/1149 1112/1112/1112 1150/1150/1150
f 1150/1150/1150 1112/1112/1112 1104/1104/1104
f 1104/1104/1104 1112/1112/1112 1103/1103/1103
f 1154/1154/1154 1100/1100/1100 1153/1153/1153
f 1100/1100/1100 1154/1154/1154 1104/1104/1104
f 1099/1099/1099 1153/1153/1153 1100/1100/1100
f 1142/1142/1142 46/46/46 57/57/57
f 1101/1101/1101 1100/1100/1100 1104/1104/1104
f 54/54/54 46/46/46 1146/1146/1146
f 1146/1146/1146 46/46/46 1142/1142/1142
f 1041/1041/1041 1092/1092/1092 1104/1104/1104
f 1157/1157/1157 1140/1140/1140 1158/1158/1158
f 1159/1159/1159 104/104/104 260/260/260
f 1117/1117/1117 1140/1140/1140 1160/1160/1160
f 1161/1161/1161 1160/1160/1160 1140/1140/1140
f 1140/1140/1140 1157/1157/1157 1162/1162/1162
f 1161/1161/1161 1140/1140/1140 1162/1162/1162
f 268/268/268 104/104/104 1159/1159/1159
f 1162/1162/1162 1163/1163/1163 1161/1161/1161
f 1164/1164/1164 1165/1165/1165 1166/1166/1166
f 1140/1140/1140 1114/1114/1114 1158/1158/1158
f 1167/1167/1167 1168/1168/1168 1169/1169/1169
f 1170/1170/1170 1171/1171/1171 1169/1169/1169
f 1145/1145/1145 1172/1172/1172 1173/1173/1173
f 1171/1171/1171 1167/1167/1167 1169/1169/1169
f 1174/1174/1174 1173/1173/1173 1172/1172/1172
f 1175/1175/1175 1171/1171/1171 1170/1170/1170
f 1171/1171/1171 1175/1175/1175 1176/1176/1176
f 1177/1177/1177 1142/1142/1142 1152/1152/1152
f 1177/1177/1177 1152/1152/1152 1167/1167/1167
f 1092/1092/1092 1041/1041/1041 1040/1040/1040
f 1172/1172/1172 1145/1145/1145 1144/1144/1144
f 1178/1178/1178 1172/1172/1172 1144/1144/1144
f 1178/1178/1178 1179/1179/1179 1172/1172/1172
f 1171/1171/1171 1177/1177/1177 1167/1167/1167
f 1180/1180/1180 1178/1178/1178 1144/1144/1144
f 258/258/258 1156/1156/1156 1181/1181/1181
f 1093/1093/1093 1180/1180/1180 1144/1144/1144
f 1180/1180/1180 1093/1093/1093 1097/1097/1097
f 1182/1182/1182 1183/1183/1183 1184/1184/1184
f 1185/1185/1185 1186/1186/1186 1187/1187/1187
f 1188/1188/1188 1174/1174/1174 1189/1189/1189
f 1182/1182/1182 1184/1184/1184 1190/1190/1190
f 1184/1184/1184 1035/1035/1035 1190/1190/1190
f 1141/1141/1141 258/258/258 1181/1181/1181
f 1160/1160/1160 1161/1161/1161 1191/1191/1191
f 1192/1192/1192 1177/1177/1177 1171/1171/1171
f 1192/1192/1192 1171/1171/1171 1165/1165/1165
f 1182/1182/1182 1193/1193/1193 1194/1194/1194
f 1182/1182/1182 1190/1190/1190 1195/1195/1195
f 1191/1191/1191 1196/1196/1196 1160/1160/1160
f 1194/1194/1194 1197/1197/1197 1198/1198/1198
f 1199/1199/1199 1198/1198/1198 1176/1176/1176
f 1161/1161/1161 1200/1200/1200 1191/1191/1191
f 1194/1194/1194 1201/1201/1201 1182/1182/1182
f 1085/1085/1085 1084/1084/1084 1088/1088/1088
f 1146/1146/1146 1142/1142/1142 1126/1126/1126
f 1202/1202/1202 1141/1141/1141 1181/1181/1181
f 1174/1174/1174 1172/1172/1172 1179/1179/1179
f 1174/1174/1174 1179/1179/1179 1189/1189/1189
f 1177/1177/1177 1192/1192/1192 1142/1142/1142
f 1179/1179/1179 1178/1178/1178 1203/1203/1203
f 1203/1203/1203 1178/1178/1178 1180/1180/1180
f 1203/1203/1203 1180/1180/1180 1204/1204/1204
f 1097/1097/1097 1096/1096/1096 1180/1180/1180
f 1204/1204/1204 1180/1180/1180 1096/1096/1096
f 1124/1124/1124 1156/1156/1156 1146/1146/1146
f 1098/1098/1098 1094/1094/1094 1083/1083/1083
f 1116/1116/1116 268/268/268 1159/1159/1159
f 1203/1203/1203 1205/1205/1205 1179/1179/1179
f 1190/1190/1190 1206/1206/1206 1195/1195/1195
f 1192/1192/1192 1126/1126/1126 1142/1142/1142
f 1203/1203/1203 1207/1207/1207 1205/1205/1205
f 1203/1203/1203 1204/1204/1204 1207/1207/1207
f 1206/1206/1206 1190/1190/1190 1034/1034/1034
f 1208/1208/1208 1096/1096/1096 1098/1098/1098
f 1125/1125/1125 1192/1192/1192 1165/1165/1165
f 1125/1125/1125 1165/1165/1165 1209/1209/1209
f 1120/1120/1120 1195/1195/1195 1121/1121/1121
f 1210/1210/1210 1096/1096/1096 1208/1208/1208
f 1120/1120/1120 1211/1211/1211 1195/1195/1195
f 1192/1192/1192 1125/1125/1125 1126/1126/1126
f 1121/1121/1121 1195/1195/1195 1206/1206/1206
f 1210/1210/1210 1204/1204/1204 1096/1096/1096
f 1189/1189/1189 1179/1179/1179 1205/1205/1205
f 1146/1146/1146 1126/1126/1126 1124/1124/1124
f 1202/1202/1202 1212/1212/1212 1141/1141/1141
f 1213/1213/1213 1189/1189/1189 1205/1205/1205
f 1213/1213/1213 1205/1205/1205 1214/1214/1214
f 1214/1214/1214 1215/1215/1215 1213/1213/1213
f 1111/1111/1111 1149/1149/1149 1052/1052/1052
f 1149/1149/1149 1148/1148/1148 1052/1052/1052
f 1115/1115/1115 43/43/43 269/269/269
f 1053/1053/1053 1052/1052/1052 1148/1148/1148
f 1206/1206/1206 1128/1128/1128 1121/1121/1121
f 1206/1206/1206 1148/1148/1148 1128/1128/1128
f 1148/1148/1148 1206/1206/1206 1034/1034/1034
f 1148/1148/1148 1034/1034/1034 1053/1053/1053
f 1112/1112/1112 1054/1054/1054 1103/1103/1103
f 45/45/45 43/43/43 1216/1216/1216
f 1111/1111/1111 1052/1052/1052 1043/1043/1043
f 1118/1118/1118 1216/1216/1216 43/43/43
f 1034/1034/1034 1190/1190/1190 1035/1035/1035
f 1110/1110/1110 1103/1103/1103 1054/1054/1054
f 1034/1034/1034 1036/1036/1036 1043/1043/1043
f 1036/1036/1036 1044/1044/1044 1043/1043/1043
f 1115/1115/1115 269/269/269 268/268/268
f 1053/1053/1053 1034/1034/1034 1043/1043/1043
f 1043/1043/1043 1045/1045/1045 1054/1054/1054
f 1118/1118/1118 43/43/43 1115/1115/1115
f 1217/1217/1217 1216/1216/1216 1118/1118/1118
f 1152/1152/1152 122/122/122 1168/1168/1168
f 1116/1116/1116 1115/1115/1115 268/268/268
f 1167/1167/1167 1152/1152/1152 1168/1168/1168
f 122/122/122 1218/1218/1218 1168/1168/1168
f 1169/1169/1169 1132/1132/1132 1131/1131/1131
f 1219/1219/1219 1220/1220/1220 1221/1221/1221
f 1221/1221/1221 1222/1222/1222 1219/1219/1219
f 1219/1219/1219 1222/1222/1222 1065/1065/1065
f 108/108/108 624/624/624 121/121/121
f 1218/1218/1218 122/122/122 121/121/121
f 624/624/624 1218/1218/1218 121/121/121
f 1223/1223/1223 1224/1224/1224 1225/1225/1225
f 1224/1224/1224 1223/1223/1223 1066/1066/1066
f 1168/1168/1168 1218/1218/1218 1169/1169/1169
f 1169/1169/1169 1218/1218/1218 1135/1135/1135
f 1132/1132/1132 1169/1169/1169 1135/1135/1135
f 1160/1160/1160 1118/1118/1118 1117/1117/1117
f 1217/1217/1217 1118/1118/1118 1160/1160/1160
f 1135/1135/1135 1218/1218/1218 624/624/624
f 1222/1222/1222 1224/1224/1224 1064/1064/1064
f 1224/1224/1224 1222/1222/1222 1221/1221/1221
f 1217/1217/1217 1160/1160/1160 1226/1226/1226
f 1134/1134/1134 1221/1221/1221 1227/1227/1227
f 1224/1224/1224 1221/1221/1221 1228/1228/1228
f 1181/1181/1181 1156/1156/1156 1124/1124/1124
f 1228/1228/1228 1225/1225/1225 1224/1224/1224
f 1229/1229/1229 1181/1181/1181 1124/1124/1124
f 1228/1228/1228 1230/1230/1230 1225/1225/1225
f 1123/1123/1123 1229/1229/1229 1124/1124/1124
f 1224/1224/1224 1066/1066/1066 1064/1064/1064
f 1065/1065/1065 1222/1222/1222 1064/1064/1064
f 1202/1202/1202 1181/1181/1181 1229/1229/1229
f 1155/1155/1155 1151/1151/1151 1128/1128/1128
f 1155/1155/1155 1231/1231/1231 1151/1151/1151
f 1155/1155/1155 1128/1128/1128 1147/1147/1147
f 1232/1232/1232 1233/1233/1233 1234/1234/1234
f 1235/1235/1235 1232/1232/1232 1234/1234/1234
f 1236/1236/1236 1151/1151/1151 1231/1231/1231
f 1233/1233/1233 1202/1202/1202 1229/1229/1229
f 1237/1237/1237 1233/1233/1233 1232/1232/1232
f 1232/1232/1232 1238/1238/1238 1237/1237/1237
f 1220/1220/1220 1219/1219/1219 1184/1184/1184
f 1227/1227/1227 1220/1220/1220 1183/1183/1183
f 1183/1183/1183 1220/1220/1220 1184/1184/1184
f 1170/1170/1170 1239/1239/1239 1183/1183/1183
f 1169/1169/1169 1239/1239/1239 1170/1170/1170
f 1175/1175/1175 1170/1170/1170 1201/1201/1201
f 1131/1131/1131 1239/1239/1239 1169/1169/1169
f 1239/1239/1239 1131/1131/1131 1139/1139/1139
f 1139/1139/1139 1130/1130/1130 1227/1227/1227
f 1220/1220/1220 1227/1227/1227 1221/1221/1221
f 1240/1240/1240 1212/1212/1212 1202/1202/1202
f 1065/1065/1065 1184/1184/1184 1219/1219/1219
f 1065/1065/1065 1035/1035/1035 1184/1184/1184
f 1183/1183/1183 1182/1182/1182 1201/1201/1201
f 1058/1058/1058 1035/1035/1035 1065/1065/1065
f 1057/1057/1057 1035/1035/1035 1058/1058/1058
f 1227/1227/1227 1130/1130/1130 1134/1134/1134
f 1233/1233/1233 1241/1241/1241 1202/1202/1202
f 1233/1233/1233 1237/1237/1237 1242/1242/1242
f 1231/1231/1231 1243/1243/1243 1244/1244/1244
f 1244/1244/1244 1243/1243/1243 1245/1245/1245
f 1231/1231/1231 1155/1155/1155 1243/1243/1243
f 1099/1099/1099 1243/1243/1243 1155/1155/1155
f 1245/1245/1245 1243/1243/1243 1099/1099/1099
f 1245/1245/1245 1099/1099/1099 1101/1101/1101
f 1245/1245/1245 1101/1101/1101 1091/1091/1091
f 1246/1246/1246 1240/1240/1240 1202/1202/1202
f 1241/1241/1241 1246/1246/1246 1202/1202/1202
f 1173/1173/1173 1244/1244/1244 1145/1145/1145
f 1091/1091/1091 1143/1143/1143 1245/1245/1245
f 1091/1091/1091 1101/1101/1101 1092/1092/1092
f 1245/1245/1245 1143/1143/1143 1244/1244/1244
f 1145/1145/1145 1244/1244/1244 1143/1143/1143
f 1247/1247/1247 1242/1242/1242 1237/1237/1237
f 1248/1248/1248 1241/1241/1241 1242/1242/1242
f 1249/1249/1249 1248/1248/1248 1242/1242/1242
f 1250/1250/1250 1251/1251/1251 1252/1252/1252
f 1251/1251/1251 1253/1253/1253 1252/1252/1252
f 1157/1157/1157 1250/1250/1250 1252/1252/1252
f 1254/1254/1254 1244/1244/1244 1173/1173/1173
f 1158/1158/1158 1250/1250/1250 1157/1157/1157
f 1255/1255/1255 1186/1186/1186 1256/1256/1256
f 1238/1238/1238 1257/1257/1257 1237/1237/1237
f 1258/1258/1258 1122/1122/1122 1125/1125/1125
f 1258/1258/1258 1125/1125/1125 1209/1209/1209
f 1209/1209/1209 1211/1211/1211 1258/1258/1258
f 1258/1258/1258 1211/1211/1211 1120/1120/1120
f 1259/1259/1259 1247/1247/1247 1237/1237/1237
f 1257/1257/1257 1259/1259/1259 1237/1237/1237
f 1259/1259/1259 1257/1257/1257 1260/1260/1260
f 1258/1258/1258 1120/1120/1120 1119/1119/1119
f 1137/1137/1137 1258/1258/1258 1119/1119/1119
f 1234/1234/1234 1123/1123/1123 1122/1122/1122
f 1249/1249/1249 1242/1242/1242 1247/1247/1247
f 1249/1249/1249 1247/1247/1247 1259/1259/1259
f 1254/1254/1254 1249/1249/1249 1259/1259/1259
f 1234/1234/1234 1261/1261/1261 1262/1262/1262
f 1260/1260/1260 1254/1254/1254 1259/1259/1259
f 1254/1254/1254 1260/1260/1260 1244/1244/1244
f 1261/1261/1261 1122/1122/1122 1137/1137/1137
f 1129/1129/1129 1261/1261/1261 1137/1137/1137
f 1137/1137/1137 1122/1122/1122 1258/1258/1258
f 1248/1248/1248 1249/1249/1249 1263/1263/1263
f 1263/1263/1263 1249/1249/1249 1254/1254/1254
f 1261/1261/1261 1234/1234/1234 1122/1122/1122
f 1261/1261/1261 1129/1129/1129 1262/1262/1262
f 1173/1173/1173 1255/1255/1255 1254/1254/1254
f 1263/1263/1263 1254/1254/1254 1255/1255/1255
f 1252/1252/1252 1264/1264/1264 1157/1157/1157
f 1256/1256/1256 1186/1186/1186 1185/1185/1185
f 1134/1134/1134 1138/1138/1138 1228/1228/1228
f 1262/1262/1262 1129/1129/1129 1265/1265/1265
f 1264/1264/1264 1266/1266/1266 1157/1157/1157
f 1266/1266/1266 1162/1162/1162 1157/1157/1157
f 1175/1175/1175 1199/1199/1199 1176/1176/1176
f 1199/1199/1199 1175/1175/1175 1201/1201/1201
f 1267/1267/1267 1266/1266/1266 1264/1264/1264
f 1268/1268/1268 1162/1162/1162 1266/1266/1266
f 1176/1176/1176 1198/1198/1198 1171/1171/1171
f 1268/1268/1268 1266/1266/1266 1269/1269/1269
f 1269/1269/1269 1266/1266/1266 1267/1267/1267
f 1166/1166/1166 1165/1165/1165 1171/1171/1171
f 1198/1198/1198 1166/1166/1166 1171/1171/1171
f 1197/1197/1197 1166/1166/1166 1198/1198/1198
f 1173/1173/1173 1186/1186/1186 1255/1255/1255
f 1173/1173/1173 1187/1187/1187 1186/1186/1186
f 1166/1166/1166 1197/1197/1197 1193/1193/1193
f 1193/1193/1193 1182/1182/1182 1195/1195/1195
f 1166/1166/1166 1193/1193/1193 1211/1211/1211
f 1166/1166/1166 1211/1211/1211 1164/1164/1164
f 1173/1173/1173 1174/1174/1174 1187/1187/1187
f 1193/1193/1193 1197/1197/1197 1194/1194/1194
f 1199/1199/1199 1194/1194/1194 1198/1198/1198
f 1199/1199/1199 1201/1201/1201 1194/1194/1194
f 1185/1185/1185 1187/1187/1187 1174/1174/1174
f 1268/1268/1268 1163/1163/1163 1162/1162/1162
f 1189/1189/1189 1270/1270/1270 1188/1188/1188
f 1164/1164/1164 1209/1209/1209 1165/1165/1165
f 1271/1271/1271 1268/1268/1268 1269/1269/1269
f 1163/1163/1163 1268/1268/1268 1271/1271/1271
f 1164/1164/1164 1211/1211/1211 1209/1209/1209
f 1163/1163/1163 1271/1271/1271 1272/1272/1272
f 1200/1200/1200 1161/1161/1161 1163/1163/1163
f 1271/1271/1271 1273/1273/1273 1272/1272/1272
f 1200/1200/1200 1163/1163/1163 1272/1272/1272
f 1273/1273/1273 1274/1274/1274 1272/1272/1272
f 1274/1274/1274 1200/1200/1200 1272/1272/1272
f 1274/1274/1274 1273/1273/1273 1275/1275/1275
f 1276/1276/1276 1274/1274/1274 1275/1275/1275
f 1211/1211/1211 1193/1193/1193 1195/1195/1195
f 1189/1189/1189 1277/1277/1277 1270/1270/1270
f 1189/1189/1189 1213/1213/1213 1277/1277/1277
f 1221/1221/1221 1134/1134/1134 1228/1228/1228
f 1265/1265/1265 1129/1129/1129 1151/1151/1151
f 1234/1234/1234 1262/1262/1262 1265/1265/1265
f 1235/1235/1235 1234/1234/1234 1265/1265/1265
f 1234/1234/1234 1233/1233/1233 1123/1123/1123
f 1229/1229/1229 1123/1123/1123 1233/1233/1233
f 1235/1235/1235 1278/1278/1278 1232/1232/1232
f 1236/1236/1236 1265/1265/1265 1151/1151/1151
f 1265/1265/1265 1279/1279/1279 1235/1235/1235
f 1279/1279/1279 1265/1265/1265 1236/1236/1236
f 1278/1278/1278 1238/1238/1238 1232/1232/1232
f 1236/1236/1236 1238/1238/1238 1279/1279/1279
f 1183/1183/1183 1239/1239/1239 1139/1139/1139
f 1183/1183/1183 1201/1201/1201 1170/1170/1170
f 1236/1236/1236 1260/1260/1260 1238/1238/1238
f 1260/1260/1260 1236/1236/1236 1231/1231/1231
f 1257/1257/1257 1238/1238/1238 1260/1260/1260
f 1227/1227/1227 1183/1183/1183 1139/1139/1139
f 1241/1241/1241 1233/1233/1233 1242/1242/1242
f 1244/1244/1244 1260/1260/1260 1231/1231/1231
f 1066/1066/1066 1280/1280/1280 1067/1067/1067
f 1281/1281/1281 348/348/348 1282/1282/1282
f 1283/1283/1283 1284/1284/1284 1285/1285/1285
f 1286/1286/1286 1082/1082/1082 1287/1287/1287
f 1080/1080/1080 1067/1067/1067 1288/1288/1288
f 393/393/393 325/325/325 1280/1280/1280
f 1280/1280/1280 1066/1066/1066 393/393/393
f 325/325/325 1288/1288/1288 1280/1280/1280
f 393/393/393 394/394/394 325/325/325
f 325/325/325 394/394/394 326/326/326
f 1080/1080/1080 1288/1288/1288 1289/1289/1289
f 1288/1288/1288 325/325/325 1290/1290/1290
f 1287/1287/1287 1281/1281/1281 1286/1286/1286
f 1291/1291/1291 348/348/348 334/334/334
f 1289/1289/1289 1292/1292/1292 1086/1086/1086
f 1286/1286/1286 1281/1281/1281 1293/1293/1293
f 1294/1294/1294 1082/1082/1082 1061/1061/1061
f 1295/1295/1295 1292/1292/1292 1289/1289/1289
f 1086/1086/1086 1292/1292/1292 1055/1055/1055
f 1080/1080/1080 1068/1068/1068 1067/1067/1067
f 334/334/334 333/333/333 1291/1291/1291
f 1283/1283/1283 1294/1294/1294 1284/1284/1284
f 1291/1291/1291 1282/1282/1282 348/348/348
f 1078/1078/1078 1080/1080/1080 1289/1289/1289
f 1051/1051/1051 1078/1078/1078 1289/1289/1289
f 1289/1289/1289 1086/1086/1086 1051/1051/1051
f 1055/1055/1055 1049/1049/1049 1086/1086/1086
f 1287/1287/1287 1294/1294/1294 1283/1283/1283
f 1284/1284/1284 1294/1294/1294 1061/1061/1061
f 1290/1290/1290 325/325/325 347/347/347
f 1289/1289/1289 1288/1288/1288 1290/1290/1290
f 1295/1295/1295 1289/1289/1289 1290/1290/1290
f 1296/1296/1296 1290/1290/1290 347/347/347
f 1296/1296/1296 1295/1295/1295 1290/1290/1290
f 347/347/347 325/325/325 327/327/327
f 1293/1293/1293 1281/1281/1281 1297/1297/1297
f 1286/1286/1286 1081/1081/1081 1082/1082/1082
f 339/339/339 1295/1295/1295 1296/1296/1296
f 347/347/347 351/351/351 1296/1296/1296
f 339/339/339 1296/1296/1296 351/351/351
f 1281/1281/1281 1282/1282/1282 1297/1297/1297
f 1295/1295/1295 338/338/338 1292/1292/1292
f 1297/1297/1297 1282/1282/1282 1298/1298/1298
f 339/339/339 338/338/338 1295/1295/1295
f 316/316/316 1285/1285/1285 338/338/338
f 1285/1285/1285 316/316/316 1283/1283/1283
f 1299/1299/1299 1298/1298/1298 1282/1282/1282
f 1282/1282/1282 1291/1291/1291 1299/1299/1299
f 1287/1287/1287 1283/1283/1283 316/316/316
f 1061/1061/1061 1056/1056/1056 1284/1284/1284
f 1293/1293/1293 1081/1081/1081 1286/1286/1286
f 1055/1055/1055 1292/1292/1292 1284/1284/1284
f 333/333/333 349/349/349 1300/1300/1300
f 1284/1284/1284 1056/1056/1056 1055/1055/1055
f 333/333/333 1300/1300/1300 1291/1291/1291
f 316/316/316 348/348/348 1287/1287/1287
f 1285/1285/1285 1284/1284/1284 1292/1292/1292
f 1285/1285/1285 1292/1292/1292 338/338/338
f 1301/1301/1301 1300/1300/1300 349/349/349
f 1291/1291/1291 1300/1300/1300 1299/1299/1299
f 1281/1281/1281 1287/1287/1287 348/348/348
f 349/349/349 352/352/352 1302/1302/1302
f 1302/1302/1302 1301/1301/1301 349/349/349
f 1302/1302/1302 352/352/352 353/353/353
f 1287/1287/1287 1082/1082/1082 1294/1294/1294
f 1135/1135/1135 624/624/624 1303/1303/1303
f 1136/1136/1136 1135/1135/1135 1303/1303/1303
f 1136/1136/1136 1303/1303/1303 1304/1304/1304
f 1305/1305/1305 1306/1306/1306 1307/1307/1307
f 1306/1306/1306 1304/1304/1304 1307/1307/1307
f 1304/1304/1304 1303/1303/1303 1308/1308/1308
f 1307/1307/1307 1304/1304/1304 1308/1308/1308
f 1136/1136/1136 1306/1306/1306 1133/1133/1133
f 1306/1306/1306 1138/1138/1138 1133/1133/1133
f 1304/1304/1304 1306/1306/1306 1136/1136/1136
f 1305/1305/1305 1138/1138/1138 1306/1306/1306
f 1308/1308/1308 1303/1303/1303 1309/1309/1309
f 1225/1225/1225 1230/1230/1230 1223/1223/1223
f 1230/1230/1230 1310/1310/1310 1223/1223/1223
f 373/373/373 1303/1303/1303 624/624/624
f 1230/1230/1230 1305/1305/1305 1310/1310/1310
f 1305/1305/1305 1230/1230/1230 1228/1228/1228
f 1066/1066/1066 1223/1223/1223 393/393/393
f 1223/1223/1223 1310/1310/1310 1311/1311/1311
f 1311/1311/1311 393/393/393 1223/1223/1223
f 1312/1312/1312 1311/1311/1311 1310/1310/1310
f 1305/1305/1305 1312/1312/1312 1310/1310/1310
f 1305/1305/1305 1307/1307/1307 1312/1312/1312
f 1307/1307/1307 1313/1313/1313 1312/1312/1312
f 1067/1067/1067 1280/1280/1280 1288/1288/1288
f 1303/1303/1303 373/373/373 376/376/376
f 1303/1303/1303 376/376/376 1309/1309/1309
f 382/382/382 1309/1309/1309 376/376/376
f 1314/1314/1314 1309/1309/1309 382/382/382
f 1313/1313/1313 1315/1315/1315 1314/1314/1314
f 1312/1312/1312 377/377/377 1311/1311/1311
f 377/377/377 1312/1312/1312 378/378/378
f 378/378/378 1312/1312/1312 1313/1313/1313
f 377/377/377 393/393/393 1311/1311/1311
f 1307/1307/1307 1315/1315/1315 1313/1313/1313
f 450/450/450 379/379/379 378/378/378
f 378/378/378 1313/1313/1313 450/450/450
f 353/353/353 354/354/354 1316/1316/1316
f 608/608/608 1316/1316/1316 354/354/354
f 1317/1317/1317 620/620/620 1318/1318/1318
f 1319/1319/1319 1317/1317/1317 1318/1318/1318
f 1318/1318/1318 620/620/620 623/623/623
f 456/456/456 448/448/448 450/450/450
f 1138/1138/1138 1305/1305/1305 1228/1228/1228
f 1309/1309/1309 1307/1307/1307 1308/1308/1308
f 1315/1315/1315 1307/1307/1307 1309/1309/1309
f 1314/1314/1314 1315/1315/1315 1309/1309/1309
f 383/383/383 1314/1314/1314 382/382/382
f 1313/1313/1313 1314/1314/1314 450/450/450
f 450/450/450 1314/1314/1314 383/383/383
f 457/457/457 450/450/450 383/383/383
f 456/456/456 450/450/450 457/457/457
f 1317/1317/1317 631/631/631 619/619/619
f 620/620/620 1317/1317/1317 619/619/619
f 1319/1319/1319 631/631/631 1317/1317/1317
f 1320/1320/1320 1208/1208/1208 1321/1321/1321
f 1322/1322/1322 1323/1323/1323 1324/1324/1324
f 1325/1325/1325 1326/1326/1326 1327/1327/1327
f 1325/1325/1325 1328/1328/1328 1326/1326/1326
f 1325/1325/1325 1327/1327/1327 1329/1329/1329
f 1330/1330/1330 1331/1331/1331 1324/1324/1324
f 1330/1330/1330 1324/1324/1324 1328/1328/1328
f 1332/1332/1332 1333/1333/1333 1334/1334/1334
f 1328/1328/1328 1335/1335/1335 1330/1330/1330
f 1335/1335/1335 1328/1328/1328 1325/1325/1325
f 1336/1336/1336 1337/1337/1337 1338/1338/1338
f 1339/1339/1339 1331/1331/1331 1340/1340/1340
f 1329/1329/1329 1327/1327/1327 1341/1341/1341
f 1333/1333/1333 1332/1332/1332 1342/1342/1342
f 1340/1340/1340 1330/1330/1330 1343/1343/1343
f 1343/1343/1343 1330/1330/1330 1335/1335/1335
f 1342/1342/1342 1341/1341/1341 1333/1333/1333
f 1337/1337/1337 1336/1336/1336 1344/1344/1344
f 1345/1345/1345 1339/1339/1339 1340/1340/1340
f 1342/1342/1342 1332/1332/1332 1346/1346/1346
f 1329/1329/1329 1341/1341/1341 1342/1342/1342
f 1347/1347/1347 1329/1329/1329 1342/1342/1342
f 1348/1348/1348 1095/1095/1095 1062/1062/1062
f 1336/1336/1336 1349/1349/1349 1350/1350/1350
f 1351/1351/1351 1336/1336/1336 1350/1350/1350
f 1089/1089/1089 1087/1087/1087 1352/1352/1352
f 1353/1353/1353 1352/1352/1352 1334/1334/1334
f 1344/1344/1344 1336/1336/1336 1351/1351/1351
f 1344/1344/1344 1351/1351/1351 1354/1354/1354
f 1352/1352/1352 1353/1353/1353 1089/1089/1089
f 1346/1346/1346 1355/1355/1355 1342/1342/1342
f 1342/1342/1342 1355/1355/1355 1347/1347/1347
f 1356/1356/1356 1337/1337/1337 1344/1344/1344
f 1356/1356/1356 1344/1344/1344 1357/1357/1357
f 1357/1357/1357 1358/1358/1358 1356/1356/1356
f 1352/1352/1352 1087/1087/1087 1095/1095/1095
f 1325/1325/1325 1329/1329/1329 1347/1347/1347
f 1347/1347/1347 1335/1335/1335 1325/1325/1325
f 1357/1357/1357 1344/1344/1344 1354/1354/1354
f 1355/1355/1355 1346/1346/1346 1338/1338/1338
f 1359/1359/1359 1335/1335/1335 1347/1347/1347
f 1337/1337/1337 1355/1355/1355 1338/1338/1338
f 1360/1360/1360 1347/1347/1347 1355/1355/1355
f 1360/1360/1360 1355/1355/1355 1337/1337/1337
f 1334/1334/1334 1352/1352/1352 1332/1332/1332
f 1337/1337/1337 1361/1361/1361 1360/1360/1360
f 1360/1360/1360 1361/1361/1361 1362/1362/1362
f 1343/1343/1343 1335/1335/1335 1359/1359/1359
f 1095/1095/1095 1363/1363/1363 1352/1352/1352
f 1348/1348/1348 1363/1363/1363 1095/1095/1095
f 1359/1359/1359 1347/1347/1347 1360/1360/1360
f 1348/1348/1348 1062/1062/1062 1081/1081/1081
f 1362/1362/1362 1359/1359/1359 1360/1360/1360
f 1343/1343/1343 1359/1359/1359 1364/1364/1364
f 1363/1363/1363 1332/1332/1332 1352/1352/1352
f 1365/1365/1365 1343/1343/1343 1364/1364/1364
f 1356/1356/1356 1361/1361/1361 1337/1337/1337
f 1359/1359/1359 1362/1362/1362 1364/1364/1364
f 1366/1366/1366 1364/1364/1364 1367/1367/1367
f 1345/1345/1345 1340/1340/1340 1365/1365/1365
f 1343/1343/1343 1365/1365/1365 1340/1340/1340
f 1362/1362/1362 1361/1361/1361 1368/1368/1368
f 1345/1345/1345 1365/1365/1365 1369/1369/1369
f 1370/1370/1370 1362/1362/1362 1368/1368/1368
f 1369/1369/1369 1365/1365/1365 1364/1364/1364
f 1369/1369/1369 1364/1364/1364 1366/1366/1366
f 1368/1368/1368 1361/1361/1361 1356/1356/1356
f 1368/1368/1368 1356/1356/1356 1358/1358/1358
f 1102/1102/1102 1085/1085/1085 1371/1371/1371
f 1346/1346/1346 1332/1332/1332 1363/1363/1363
f 1372/1372/1372 1102/1102/1102 1371/1371/1371
f 1358/1358/1358 1357/1357/1357 1373/1373/1373
f 1373/1373/1373 1374/1374/1374 1358/1358/1358
f 1375/1375/1375 1088/1088/1088 1353/1353/1353
f 1371/1371/1371 1088/1088/1088 1375/1375/1375
f 1336/1336/1336 1363/1363/1363 1349/1349/1349
f 1346/1346/1346 1363/1363/1363 1336/1336/1336
f 1089/1089/1089 1353/1353/1353 1088/1088/1088
f 1376/1376/1376 1374/1374/1374 1377/1377/1377
f 1370/1370/1370 1378/1378/1378 1367/1367/1367
f 1368/1368/1368 1379/1379/1379 1370/1370/1370
f 1338/1338/1338 1346/1346/1346 1336/1336/1336
f 1379/1379/1379 1378/1378/1378 1370/1370/1370
f 1375/1375/1375 1353/1353/1353 1341/1341/1341
f 1380/1380/1380 1363/1363/1363 1348/1348/1348
f 1324/1324/1324 1323/1323/1323 1320/1320/1320
f 1358/1358/1358 1376/1376/1376 1368/1368/1368
f 1348/1348/1348 1081/1081/1081 1380/1380/1380
f 1368/1368/1368 1376/1376/1376 1379/1379/1379
f 1372/1372/1372 1371/1371/1371 1326/1326/1326
f 1320/1320/1320 1372/1372/1372 1326/1326/1326
f 1324/1324/1324 1320/1320/1320 1328/1328/1328
f 1328/1328/1328 1320/1320/1320 1326/1326/1326
f 1333/1333/1333 1341/1341/1341 1353/1353/1353
f 1333/1333/1333 1353/1353/1353 1334/1334/1334
f 1376/1376/1376 1381/1381/1381 1379/1379/1379
f 1376/1376/1376 1358/1358/1358 1374/1374/1374
f 1382/1382/1382 1379/1379/1379 1381/1381/1381
f 1327/1327/1327 1375/1375/1375 1341/1341/1341
f 1349/1349/1349 1363/1363/1363 1380/1380/1380
f 1371/1371/1371 1375/1375/1375 1326/1326/1326
f 1375/1375/1375 1327/1327/1327 1326/1326/1326
f 1378/1378/1378 1379/1379/1379 1382/1382/1382
f 1383/1383/1383 1381/1381/1381 1377/1377/1377
f 1383/1383/1383 1377/1377/1377 1384/1384/1384
f 1385/1385/1385 1386/1386/1386 1387/1387/1387
f 702/702/702 39/39/39 45/45/45
f 1388/1388/1388 702/702/702 45/45/45
f 1389/1389/1389 1390/1390/1390 1216/1216/1216
f 1390/1390/1390 45/45/45 1216/1216/1216
f 1391/1391/1391 45/45/45 1390/1390/1390
f 1392/1392/1392 1393/1393/1393 1386/1386/1386
f 1394/1394/1394 1395/1395/1395 1396/1396/1396
f 1392/1392/1392 1397/1397/1397 1393/1393/1393
f 1217/1217/1217 1389/1389/1389 1216/1216/1216
f 1389/1389/1389 1398/1398/1398 1390/1390/1390
f 1388/1388/1388 708/708/708 702/702/702
f 1391/1391/1391 708/708/708 1388/1388/1388
f 1388/1388/1388 45/45/45 1391/1391/1391
f 1391/1391/1391 1399/1399/1399 708/708/708
f 1399/1399/1399 1400/1400/1400 708/708/708
f 1400/1400/1400 712/712/712 708/708/708
f 1401/1401/1401 1339/1339/1339 1402/1402/1402
f 1403/1403/1403 1404/1404/1404 1405/1405/1405
f 1403/1403/1403 1393/1393/1393 1397/1397/1397
f 1402/1402/1402 1406/1406/1406 1401/1401/1401
f 1407/1407/1407 1408/1408/1408 1409/1409/1409
f 1339/1339/1339 1369/1369/1369 1402/1402/1402
f 1339/1339/1339 1345/1345/1345 1369/1369/1369
f 1409/1409/1409 1410/1410/1410 1407/1407/1407
f 1411/1411/1411 1399/1399/1399 1391/1391/1391
f 1410/1410/1410 1409/1409/1409 1412/1412/1412
f 1404/1404/1404 1403/1403/1403 1397/1397/1397
f 1396/1396/1396 1413/1413/1413 1394/1394/1394
f 1406/1406/1406 1402/1402/1402 1414/1414/1414
f 1389/1389/1389 1217/1217/1217 1398/1398/1398
f 1226/1226/1226 1398/1398/1398 1217/1217/1217
f 837/837/837 823/823/823 1407/1407/1407
f 1402/1402/1402 1415/1415/1415 1414/1414/1414
f 1416/1416/1416 1386/1386/1386 1417/1417/1417
f 1398/1398/1398 1226/1226/1226 1196/1196/1196
f 1410/1410/1410 841/841/841 837/837/837
f 1398/1398/1398 1196/1196/1196 1390/1390/1390
f 1418/1418/1418 1419/1419/1419 1420/1420/1420
f 1410/1410/1410 1421/1421/1421 841/841/841
f 1416/1416/1416 1392/1392/1392 1386/1386/1386
f 1418/1418/1418 1420/1420/1420 1422/1422/1422
f 1423/1423/1423 1418/1418/1418 1422/1422/1422
f 1391/1391/1391 1390/1390/1390 1411/1411/1411
f 1424/1424/1424 1411/1411/1411 1390/1390/1390
f 1400/1400/1400 807/807/807 712/712/712
f 1425/1425/1425 1400/1400/1400 1399/1399/1399
f 830/830/830 807/807/807 1400/1400/1400
f 1400/1400/1400 1425/1425/1425 830/830/830
f 1399/1399/1399 1387/1387/1387 1425/1425/1425
f 1085/1085/1085 1088/1088/1088 1371/1371/1371
f 1364/1364/1364 1362/1362/1362 1370/1370/1370
f 1367/1367/1367 1364/1364/1364 1370/1370/1370
f 1102/1102/1102 1372/1372/1372 1321/1321/1321
f 1426/1426/1426 1427/1427/1427 1428/1428/1428
f 1387/1387/1387 1429/1429/1429 1425/1425/1425
f 1321/1321/1321 1372/1372/1372 1320/1320/1320
f 1430/1430/1430 830/830/830 1425/1425/1425
f 830/830/830 1430/1430/1430 831/831/831
f 1431/1431/1431 1432/1432/1432 1428/1428/1428
f 1430/1430/1430 836/836/836 831/831/831
f 1433/1433/1433 829/829/829 1434/1434/1434
f 1430/1430/1430 1425/1425/1425 1429/1429/1429
f 1405/1405/1405 1433/1433/1433 1434/1434/1434
f 1434/1434/1434 829/829/829 836/836/836
f 1435/1435/1435 1433/1433/1433 1405/1405/1405
f 1436/1436/1436 1435/1435/1435 1405/1405/1405
f 1437/1437/1437 1395/1395/1395 1394/1394/1394
f 1430/1430/1430 1434/1434/1434 836/836/836
f 1433/1433/1433 722/722/722 829/829/829
f 1429/1429/1429 1405/1405/1405 1430/1430/1430
f 1430/1430/1430 1405/1405/1405 1434/1434/1434
f 1438/1438/1438 1437/1437/1437 1394/1394/1394
f 1403/1403/1403 1405/1405/1405 1429/1429/1429
f 1438/1438/1438 1426/1426/1426 1437/1437/1437
f 1387/1387/1387 1399/1399/1399 1411/1411/1411
f 1394/1394/1394 1413/1413/1413 1438/1438/1438
f 1413/1413/1413 1439/1439/1439 1438/1438/1438
f 1415/1415/1415 1402/1402/1402 1440/1440/1440
f 1402/1402/1402 1369/1369/1369 1366/1366/1366
f 1402/1402/1402 1366/1366/1366 1440/1440/1440
f 1404/1404/1404 1436/1436/1436 1405/1405/1405
f 1441/1441/1441 1415/1415/1415 1440/1440/1440
f 1442/1442/1442 1443/1443/1443 1415/1415/1415
f 1444/1444/1444 1438/1438/1438 1439/1439/1439
f 1442/1442/1442 1415/1415/1415 1441/1441/1441
f 1445/1445/1445 1442/1442/1442 1441/1441/1441
f 1387/1387/1387 1411/1411/1411 1385/1385/1385
f 1442/1442/1442 1445/1445/1445 1443/1443/1443
f 1438/1438/1438 1427/1427/1427 1426/1426/1426
f 722/722/722 1433/1433/1433 724/724/724
f 1435/1435/1435 724/724/724 1433/1433/1433
f 1446/1446/1446 724/724/724 1435/1435/1435
f 1435/1435/1435 1436/1436/1436 1446/1446/1446
f 1393/1393/1393 1429/1429/1429 1387/1387/1387
f 736/736/736 724/724/724 1446/1446/1446
f 1432/1432/1432 1431/1431/1431 1407/1407/1407
f 1408/1408/1408 1407/1407/1407 1431/1431/1431
f 736/736/736 1446/1446/1446 1447/1447/1447
f 1393/1393/1393 1403/1403/1403 1429/1429/1429
f 1427/1427/1427 1431/1431/1431 1428/1428/1428
f 1448/1448/1448 1446/1446/1446 1436/1436/1436
f 1446/1446/1446 1448/1448/1448 1447/1447/1447
f 1431/1431/1431 1449/1449/1449 1408/1408/1408
f 1450/1450/1450 1331/1331/1331 1339/1339/1339
f 1408/1408/1408 1449/1449/1449 1409/1409/1409
f 1447/1447/1447 752/752/752 736/736/736
f 1451/1451/1451 752/752/752 1447/1447/1447
f 1427/1427/1427 1449/1449/1449 1431/1431/1431
f 1420/1420/1420 1419/1419/1419 1450/1450/1450
f 1450/1450/1450 1339/1339/1339 1420/1420/1420
f 1330/1330/1330 1340/1340/1340 1331/1331/1331
f 1452/1452/1452 823/823/823 755/755/755
f 1420/1420/1420 1453/1453/1453 1422/1422/1422
f 1409/1409/1409 1454/1454/1454 1412/1412/1412
f 1401/1401/1401 1420/1420/1420 1339/1339/1339
f 1453/1453/1453 1420/1420/1420 1401/1401/1401
f 1409/1409/1409 1449/1449/1449 1455/1455/1455
f 1424/1424/1424 1390/1390/1390 1196/1196/1196
f 1409/1409/1409 1455/1455/1455 1454/1454/1454
f 1455/1455/1455 1456/1456/1456 1454/1454/1454
f 1432/1432/1432 823/823/823 1452/1452/1452
f 1196/1196/1196 1226/1226/1226 1160/1160/1160
f 1457/1457/1457 1440/1440/1440 1378/1378/1378
f 1440/1440/1440 1457/1457/1457 1458/1458/1458
f 1366/1366/1366 1367/1367/1367 1378/1378/1378
f 1459/1459/1459 1411/1411/1411 1424/1424/1424
f 1378/1378/1378 1440/1440/1440 1366/1366/1366
f 1385/1385/1385 1411/1411/1411 1459/1459/1459
f 1404/1404/1404 1448/1448/1448 1436/1436/1436
f 1441/1441/1441 1440/1440/1440 1460/1460/1460
f 1426/1426/1426 1461/1461/1461 1437/1437/1437
f 1438/1438/1438 1444/1444/1444 1462/1462/1462
f 1463/1463/1463 1424/1424/1424 1196/1196/1196
f 1445/1445/1445 1441/1441/1441 1460/1460/1460
f 1445/1445/1445 1460/1460/1460 1464/1464/1464
f 1438/1438/1438 1462/1462/1462 1427/1427/1427
f 1462/1462/1462 1444/1444/1444 1465/1465/1465
f 1458/1458/1458 1466/1466/1466 1440/1440/1440
f 1460/1460/1460 1440/1440/1440 1466/1466/1466
f 1464/1464/1464 1460/1460/1460 1466/1466/1466
f 1467/1467/1467 1196/1196/1196 1191/1191/1191
f 1383/1383/1383 1382/1382/1382 1381/1381/1381
f 1457/1457/1457 1378/1378/1378 1382/1382/1382
f 1463/1463/1463 1196/1196/1196 1467/1467/1467
f 1468/1468/1468 1467/1467/1467 1191/1191/1191
f 1191/1191/1191 1200/1200/1200 1468/1468/1468
f 1469/1469/1469 1468/1468/1468 1276/1276/1276
f 1376/1376/1376 1377/1377/1377 1381/1381/1381
f 1470/1470/1470 1205/1205/1205 1207/1207/1207
f 1428/1428/1428 1461/1461/1461 1426/1426/1426
f 1461/1461/1461 1428/1428/1428 1452/1452/1452
f 1383/1383/1383 1457/1457/1457 1382/1382/1382
f 1204/1204/1204 1210/1210/1210 1471/1471/1471
f 1321/1321/1321 1208/1208/1208 1098/1098/1098
f 1102/1102/1102 1321/1321/1321 1098/1098/1098
f 1472/1472/1472 1471/1471/1471 1210/1210/1210
f 1472/1472/1472 1210/1210/1210 1208/1208/1208
f 1208/1208/1208 1320/1320/1320 1472/1472/1472
f 1320/1320/1320 1323/1323/1323 1472/1472/1472
f 1428/1428/1428 1432/1432/1432 1452/1452/1452
f 1214/1214/1214 1205/1205/1205 1470/1470/1470
f 1473/1473/1473 1427/1427/1427 1462/1462/1462
f 1204/1204/1204 1471/1471/1471 1207/1207/1207
f 1474/1474/1474 1473/1473/1473 1462/1462/1462
f 1473/1473/1473 1474/1474/1474 1475/1475/1475
f 1476/1476/1476 1474/1474/1474 1477/1477/1477
f 1407/1407/1407 823/823/823 1432/1432/1432
f 1215/1215/1215 1214/1214/1214 1478/1478/1478
f 1455/1455/1455 1449/1449/1449 1427/1427/1427
f 1479/1479/1479 1469/1469/1469 1276/1276/1276
f 1480/1480/1480 1458/1458/1458 1457/1457/1457
f 1481/1481/1481 1458/1458/1458 1480/1480/1480
f 1214/1214/1214 1470/1470/1470 1482/1482/1482
f 1207/1207/1207 1483/1483/1483 1470/1470/1470
f 1483/1483/1483 1482/1482/1482 1470/1470/1470
f 1480/1480/1480 1383/1383/1383 1484/1484/1484
f 1383/1383/1383 1384/1384/1384 1484/1484/1484
f 837/837/837 1407/1407/1407 1410/1410/1410
f 1483/1483/1483 1207/1207/1207 1485/1485/1485
f 1486/1486/1486 1483/1483/1483 1485/1485/1485
f 1478/1478/1478 1214/1214/1214 1482/1482/1482
f 1482/1482/1482 1487/1487/1487 1478/1478/1478
f 1457/1457/1457 1383/1383/1383 1480/1480/1480
f 1481/1481/1481 1480/1480/1480 1484/1484/1484
f 1488/1488/1488 1481/1481/1481 1484/1484/1484
f 1488/1488/1488 1484/1484/1484 1489/1489/1489
f 1490/1490/1490 1467/1467/1467 1468/1468/1468
f 1482/1482/1482 1491/1491/1491 1487/1487/1487
f 1490/1490/1490 1463/1463/1463 1467/1467/1467
f 1491/1491/1491 1482/1482/1482 1483/1483/1483
f 1491/1491/1491 1492/1492/1492 1487/1487/1487
f 1493/1493/1493 1456/1456/1456 1455/1455/1455
f 1485/1485/1485 1207/1207/1207 1471/1471/1471
f 1494/1494/1494 1493/1493/1493 1495/1495/1495
f 1322/1322/1322 1471/1471/1471 1472/1472/1472
f 1466/1466/1466 1458/1458/1458 1481/1481/1481
f 1485/1485/1485 1471/1471/1471 1322/1322/1322
f 1473/1473/1473 1455/1455/1455 1427/1427/1427
f 1481/1481/1481 1464/1464/1464 1466/1466/1466
f 1322/1322/1322 1472/1472/1472 1323/1323/1323
f 1493/1493/1493 1455/1455/1455 1473/1473/1473
f 1475/1475/1475 1493/1493/1493 1473/1473/1473
f 1424/1424/1424 1463/1463/1463 1459/1459/1459
f 1476/1476/1476 1475/1475/1475 1474/1474/1474
f 1496/1496/1496 1481/1481/1481 1488/1488/1488
f 1497/1497/1497 1496/1496/1496 1488/1488/1488
f 1495/1495/1495 1493/1493/1493 1475/1475/1475
f 1495/1495/1495 1475/1475/1475 1498/1498/1498
f 1488/1488/1488 1499/1499/1499 1497/1497/1497
f 1495/1495/1495 1498/1498/1498 1499/1499/1499
f 1496/1496/1496 1497/1497/1497 1476/1476/1476
f 1476/1476/1476 1498/1498/1498 1475/1475/1475
f 1490/1490/1490 1468/1468/1468 1469/1469/1469
f 1469/1469/1469 1500/1500/1500 1490/1490/1490
f 1386/1386/1386 1385/1385/1385 1459/1459/1459
f 1490/1490/1490 1500/1500/1500 1501/1501/1501
f 1502/1502/1502 1492/1492/1492 1491/1491/1491
f 1501/1501/1501 1503/1503/1503 1490/1490/1490
f 1486/1486/1486 1491/1491/1491 1483/1483/1483
f 1504/1504/1504 1416/1416/1416 1503/1503/1503
f 1502/1502/1502 1505/1505/1505 1506/1506/1506
f 1506/1506/1506 1505/1505/1505 1423/1423/1423
f 1490/1490/1490 1417/1417/1417 1463/1463/1463
f 1486/1486/1486 1505/1505/1505 1491/1491/1491
f 1502/1502/1502 1491/1491/1491 1505/1505/1505
f 1417/1417/1417 1459/1459/1459 1463/1463/1463
f 1507/1507/1507 1416/1416/1416 1504/1504/1504
f 1507/1507/1507 1392/1392/1392 1416/1416/1416
f 1508/1508/1508 1506/1506/1506 1509/1509/1509
f 1503/1503/1503 1417/1417/1417 1490/1490/1490
f 1510/1510/1510 1511/1511/1511 1504/1504/1504
f 1509/1509/1509 1512/1512/1512 1508/1508/1508
f 1509/1509/1509 1513/1513/1513 1512/1512/1512
f 1507/1507/1507 1514/1514/1514 1392/1392/1392
f 1515/1515/1515 1507/1507/1507 1511/1511/1511
f 1509/1509/1509 1422/1422/1422 1516/1516/1516
f 1516/1516/1516 1422/1422/1422 1453/1453/1453
f 1514/1514/1514 1397/1397/1397 1392/1392/1392
f 1505/1505/1505 1486/1486/1486 1419/1419/1419
f 1517/1517/1517 1515/1515/1515 1511/1511/1511
f 1518/1518/1518 1396/1396/1396 1519/1519/1519
f 1518/1518/1518 1519/1519/1519 1520/1520/1520
f 1521/1521/1521 1520/1520/1520 1519/1519/1519
f 1522/1522/1522 1453/1453/1453 1401/1401/1401
f 1401/1401/1401 1523/1523/1523 1522/1522/1522
f 1518/1518/1518 1413/1413/1413 1396/1396/1396
f 1523/1523/1523 1401/1401/1401 1406/1406/1406
f 1459/1459/1459 1417/1417/1417 1386/1386/1386
f 1416/1416/1416 1417/1417/1417 1503/1503/1503
f 1322/1322/1322 1324/1324/1324 1331/1331/1331
f 1523/1523/1523 1406/1406/1406 1414/1414/1414
f 1322/1322/1322 1331/1331/1331 1450/1450/1450
f 1523/1523/1523 1414/1414/1414 1524/1524/1524
f 1450/1450/1450 1485/1485/1485 1322/1322/1322
f 1486/1486/1486 1485/1485/1485 1419/1419/1419
f 1525/1525/1525 1526/1526/1526 1518/1518/1518
f 1423/1423/1423 1505/1505/1505 1419/1419/1419
f 1524/1524/1524 1414/1414/1414 1415/1415/1415
f 1450/1450/1450 1419/1419/1419 1485/1485/1485
f 1423/1423/1423 1419/1419/1419 1418/1418/1418
f 1443/1443/1443 1524/1524/1524 1415/1415/1415
f 1518/1518/1518 1439/1439/1439 1413/1413/1413
f 1526/1526/1526 1439/1439/1439 1518/1518/1518
f 1526/1526/1526 1525/1525/1525 1527/1527/1527
f 1439/1439/1439 1526/1526/1526 1528/1528/1528
f 1527/1527/1527 1528/1528/1528 1526/1526/1526
f 1443/1443/1443 1445/1445/1445 1529/1529/1529
f 1444/1444/1444 1439/1439/1439 1528/1528/1528
f 1530/1530/1530 1444/1444/1444 1528/1528/1528
f 1530/1530/1530 1528/1528/1528 1529/1529/1529
f 1529/1529/1529 1531/1531/1531 1530/1530/1530
f 1465/1465/1465 1444/1444/1444 1530/1530/1530
f 1386/1386/1386 1393/1393/1393 1387/1387/1387
f 1464/1464/1464 1477/1477/1477 1445/1445/1445
f 1465/1465/1465 1474/1474/1474 1462/1462/1462
f 1477/1477/1477 1474/1474/1474 1465/1465/1465
f 1476/1476/1476 1477/1477/1477 1464/1464/1464
f 1496/1496/1496 1464/1464/1464 1481/1481/1481
f 1464/1464/1464 1496/1496/1496 1476/1476/1476
f 1499/1499/1499 1488/1488/1488 1489/1489/1489
f 1468/1468/1468 1200/1200/1200 1274/1274/1274
f 1468/1468/1468 1274/1274/1274 1276/1276/1276
f 1469/1469/1469 1479/1479/1479 1532/1532/1532
f 1532/1532/1532 1533/1533/1533 1469/1469/1469
f 1500/1500/1500 1469/1469/1469 1533/1533/1533
f 1500/1500/1500 1533/1533/1533 1534/1534/1534
f 1534/1534/1534 1501/1501/1501 1500/1500/1500
f 1534/1534/1534 1535/1535/1535 1501/1501/1501
f 1536/1536/1536 1501/1501/1501 1535/1535/1535
f 1537/1537/1537 1215/1215/1215 1478/1478/1478
f 1535/1535/1535 1538/1538/1538 1536/1536/1536
f 1501/1501/1501 1536/1536/1536 1503/1503/1503
f 1503/1503/1503 1536/1536/1536 1504/1504/1504
f 1504/1504/1504 1536/1536/1536 1510/1510/1510
f 1510/1510/1510 1536/1536/1536 1538/1538/1538
f 1509/1509/1509 1506/1506/1506 1423/1423/1423
f 1422/1422/1422 1509/1509/1509 1423/1423/1423
f 1504/1504/1504 1511/1511/1511 1507/1507/1507
f 1509/1509/1509 1516/1516/1516 1513/1513/1513
f 1514/1514/1514 1507/1507/1507 1515/1515/1515
f 1522/1522/1522 1516/1516/1516 1453/1453/1453
f 1516/1516/1516 1539/1539/1539 1513/1513/1513
f 1540/1540/1540 1539/1539/1539 1516/1516/1516
f 1522/1522/1522 1540/1540/1540 1516/1516/1516
f 1539/1539/1539 1540/1540/1540 1519/1519/1519
f 1540/1540/1540 1522/1522/1522 1521/1521/1521
f 1521/1521/1521 1519/1519/1519 1540/1540/1540
f 1521/1521/1521 1522/1522/1522 1520/1520/1520
f 1522/1522/1522 1525/1525/1525 1520/1520/1520
f 1522/1522/1522 1523/1523/1523 1525/1525/1525
f 1518/1518/1518 1520/1520/1520 1525/1525/1525
f 1524/1524/1524 1525/1525/1525 1523/1523/1523
f 1525/1525/1525 1524/1524/1524 1527/1527/1527
f 1443/1443/1443 1527/1527/1527 1524/1524/1524
f 1528/1528/1528 1527/1527/1527 1443/1443/1443
f 1529/1529/1529 1528/1528/1528 1443/1443/1443
f 1531/1531/1531 1529/1529/1529 1445/1445/1445
f 1531/1531/1531 1465/1465/1465 1530/1530/1530
f 1531/1531/1531 1445/1445/1445 1465/1465/1465
f 1465/1465/1465 1445/1445/1445 1477/1477/1477
f 1541/1541/1541 1542/1542/1542 1543/1543/1543
f 1298/1298/1298 1299/1299/1299 1544/1544/1544
f 1545/1545/1545 1542/1542/1542 1546/1546/1546
f 1544/1544/1544 1547/1547/1547 1298/1298/1298
f 1299/1299/1299 1300/1300/1300 1301/1301/1301
f 1548/1548/1548 1546/1546/1546 1542/1542/1542
f 1549/1549/1549 1548/1548/1548 1542/1542/1542
f 1298/1298/1298 1547/1547/1547 1550/1550/1550
f 1549/1549/1549 1551/1551/1551 1548/1548/1548
f 1302/1302/1302 353/353/353 1316/1316/1316
f 1316/1316/1316 1552/1552/1552 1302/1302/1302
f 1541/1541/1541 1549/1549/1549 1542/1542/1542
f 1549/1549/1549 1541/1541/1541 1553/1553/1553
f 1553/1553/1553 1554/1554/1554 1549/1549/1549
f 1552/1552/1552 1555/1555/1555 1302/1302/1302
f 1555/1555/1555 1301/1301/1301 1302/1302/1302
f 1299/1299/1299 1301/1301/1301 1544/1544/1544
f 1556/1556/1556 1301/1301/1301 1555/1555/1555
f 1557/1557/1557 1558/1558/1558 1559/1559/1559
f 1555/1555/1555 1560/1560/1560 1556/1556/1556
f 1557/1557/1557 1559/1559/1559 1546/1546/1546
f 1552/1552/1552 1560/1560/1560 1555/1555/1555
f 1560/1560/1560 1552/1552/1552 1561/1561/1561
f 1557/1557/1557 1546/1546/1546 1548/1548/1548
f 1547/1547/1547 1544/1544/1544 1562/1562/1562
f 608/608/608 850/850/850 1316/1316/1316
f 1548/1548/1548 1551/1551/1551 1563/1563/1563
f 1557/1557/1557 1548/1548/1548 1563/1563/1563
f 1543/1543/1543 1545/1545/1545 1547/1547/1547
f 1564/1564/1564 1316/1316/1316 850/850/850
f 850/850/850 1565/1565/1565 1564/1564/1564
f 1566/1566/1566 1564/1564/1564 1565/1565/1565
f 1567/1567/1567 1558/1558/1558 1557/1557/1557
f 1562/1562/1562 1301/1301/1301 1556/1556/1556
f 1081/1081/1081 1293/1293/1293 1568/1568/1568
f 1556/1556/1556 1560/1560/1560 1569/1569/1569
f 1561/1561/1561 1566/1566/1566 1570/1570/1570
f 1571/1571/1571 1572/1572/1572 1563/1563/1563
f 1301/1301/1301 1562/1562/1562 1544/1544/1544
f 1298/1298/1298 1550/1550/1550 1297/1297/1297
f 1549/1549/1549 1554/1554/1554 1573/1573/1573
f 1568/1568/1568 1293/1293/1293 1297/1297/1297
f 1574/1574/1574 1573/1573/1573 1554/1554/1554
f 1575/1575/1575 1562/1562/1562 1556/1556/1556
f 1554/1554/1554 1576/1576/1576 1574/1574/1574
f 1575/1575/1575 1556/1556/1556 1569/1569/1569
f 1577/1577/1577 1569/1569/1569 1560/1560/1560
f 1577/1577/1577 1575/1575/1575 1569/1569/1569
f 1543/1543/1543 1547/1547/1547 1562/1562/1562
f 1573/1573/1573 1574/1574/1574 1563/1563/1563
f 1575/1575/1575 1543/1543/1543 1562/1562/1562
f 1575/1575/1575 1541/1541/1541 1543/1543/1543
f 1578/1578/1578 1563/1563/1563 1574/1574/1574
f 1579/1579/1579 1578/1578/1578 1574/1574/1574
f 1580/1580/1580 1578/1578/1578 1579/1579/1579
f 1564/1564/1564 1566/1566/1566 1561/1561/1561
f 1081/1081/1081 1568/1568/1568 1380/1380/1380
f 1566/1566/1566 1565/1565/1565 1581/1581/1581
f 1582/1582/1582 1380/1380/1380 1568/1568/1568
f 1566/1566/1566 1583/1583/1583 1570/1570/1570
f 1583/1583/1583 1566/1566/1566 1581/1581/1581
f 1380/1380/1380 1582/1582/1582 1349/1349/1349
f 1553/1553/1553 1541/1541/1541 1575/1575/1575
f 1553/1553/1553 1575/1575/1575 1577/1577/1577
f 1576/1576/1576 1553/1553/1553 1577/1577/1577
f 1584/1584/1584 1576/1576/1576 1577/1577/1577
f 1550/1550/1550 1547/1547/1547 1585/1585/1585
f 1585/1585/1585 1547/1547/1547 1545/1545/1545
f 1586/1586/1586 1587/1587/1587 1588/1588/1588
f 1349/1349/1349 1582/1582/1582 1350/1350/1350
f 1580/1580/1580 1589/1589/1589 1590/1590/1590
f 1580/1580/1580 1591/1591/1591 1589/1589/1589
f 1550/1550/1550 1568/1568/1568 1297/1297/1297
f 1568/1568/1568 1550/1550/1550 1582/1582/1582
f 1582/1582/1582 1550/1550/1550 1585/1585/1585
f 1374/1374/1374 1373/1373/1373 1592/1592/1592
f 1592/1592/1592 1593/1593/1593 1374/1374/1374
f 1373/1373/1373 1594/1594/1594 1595/1595/1595
f 1592/1592/1592 1373/1373/1373 1595/1595/1595
f 1592/1592/1592 1595/1595/1595 1596/1596/1596
f 1597/1597/1597 1582/1582/1582 1585/1585/1585
f 1598/1598/1598 1350/1350/1350 1597/1597/1597
f 1559/1559/1559 1597/1597/1597 1585/1585/1585
f 1598/1598/1598 1351/1351/1351 1350/1350/1350
f 1374/1374/1374 1593/1593/1593 1377/1377/1377
f 1384/1384/1384 1377/1377/1377 1593/1593/1593
f 1593/1593/1593 1599/1599/1599 1384/1384/1384
f 1598/1598/1598 1600/1600/1600 1351/1351/1351
f 1592/1592/1592 1601/1601/1601 1593/1593/1593
f 1351/1351/1351 1600/1600/1600 1354/1354/1354
f 1595/1595/1595 1602/1602/1602 1596/1596/1596
f 1357/1357/1357 1354/1354/1354 1373/1373/1373
f 1600/1600/1600 1594/1594/1594 1373/1373/1373
f 1567/1567/1567 1602/1602/1602 1595/1595/1595
f 1567/1567/1567 1603/1603/1603 1602/1602/1602
f 1600/1600/1600 1373/1373/1373 1354/1354/1354
f 1602/1602/1602 1603/1603/1603 1589/1589/1589
f 1582/1582/1582 1597/1597/1597 1350/1350/1350
f 1589/1589/1589 1604/1604/1604 1602/1602/1602
f 1604/1604/1604 1596/1596/1596 1602/1602/1602
f 1604/1604/1604 1605/1605/1605 1606/1606/1606
f 1604/1604/1604 1589/1589/1589 1605/1605/1605
f 1559/1559/1559 1558/1558/1558 1597/1597/1597
f 1597/1597/1597 1600/1600/1600 1598/1598/1598
f 1597/1597/1597 1558/1558/1558 1600/1600/1600
f 1601/1601/1601 1592/1592/1592 1596/1596/1596
f 1601/1601/1601 1599/1599/1599 1593/1593/1593
f 1559/1559/1559 1585/1585/1585 1546/1546/1546
f 1600/1600/1600 1595/1595/1595 1594/1594/1594
f 1599/1599/1599 1601/1601/1601 1607/1607/1607
f 1558/1558/1558 1595/1595/1595 1600/1600/1600
f 1606/1606/1606 1607/1607/1607 1601/1601/1601
f 1601/1601/1601 1604/1604/1604 1606/1606/1606
f 1558/1558/1558 1567/1567/1567 1595/1595/1595
f 1590/1590/1590 1603/1603/1603 1571/1571/1571
f 1546/1546/1546 1585/1585/1585 1545/1545/1545
f 1589/1589/1589 1603/1603/1603 1590/1590/1590
f 1567/1567/1567 1572/1572/1572 1603/1603/1603
f 1591/1591/1591 1605/1605/1605 1589/1589/1589
f 1603/1603/1603 1572/1572/1572 1571/1571/1571
f 1545/1545/1545 1543/1543/1543 1542/1542/1542
f 1608/1608/1608 1591/1591/1591 1609/1609/1609
f 1608/1608/1608 1606/1606/1606 1605/1605/1605
f 1605/1605/1605 1591/1591/1591 1608/1608/1608
f 1610/1610/1610 1606/1606/1606 1608/1608/1608
f 1611/1611/1611 1612/1612/1612 1613/1613/1613
f 1612/1612/1612 1611/1611/1611 1614/1614/1614
f 1615/1615/1615 1614/1614/1614 1616/1616/1616
f 1615/1615/1615 1612/1612/1612 1614/1614/1614
f 1584/1584/1584 1570/1570/1570 1587/1587/1587
f 1570/1570/1570 1583/1583/1583 1587/1587/1587
f 1617/1617/1617 1618/1618/1618 1619/1619/1619
f 1620/1620/1620 1609/1609/1609 1612/1612/1612
f 1573/1573/1573 1551/1551/1551 1549/1549/1549
f 1621/1621/1621 1620/1620/1620 1612/1612/1612
f 1622/1622/1622 1588/1588/1588 1583/1583/1583
f 1587/1587/1587 1583/1583/1583 1588/1588/1588
f 1588/1588/1588 1622/1622/1622 1623/1623/1623
f 1621/1621/1621 1612/1612/1612 1615/1615/1615
f 1624/1624/1624 1576/1576/1576 1584/1584/1584
f 1624/1624/1624 1584/1584/1584 1587/1587/1587
f 1625/1625/1625 1619/1619/1619 1618/1618/1618
f 1624/1624/1624 1587/1587/1587 1586/1586/1586
f 1626/1626/1626 1615/1615/1615 1627/1627/1627
f 1623/1623/1623 1586/1586/1586 1588/1588/1588
f 1567/1567/1567 1557/1557/1557 1563/1563/1563
f 1628/1628/1628 1619/1619/1619 1625/1625/1625
f 1572/1572/1572 1567/1567/1567 1563/1563/1563
f 1629/1629/1629 1623/1623/1623 1630/1630/1630
f 1578/1578/1578 1571/1571/1571 1563/1563/1563
f 1578/1578/1578 1590/1590/1590 1571/1571/1571
f 1578/1578/1578 1580/1580/1580 1590/1590/1590
f 1631/1631/1631 968/968/968 1004/1004/1004
f 1004/1004/1004 1632/1632/1632 1631/1631/1631
f 1579/1579/1579 1574/1574/1574 1576/1576/1576
f 966/966/966 1618/1618/1618 1633/1633/1633
f 1563/1563/1563 1551/1551/1551 1573/1573/1573
f 1583/1583/1583 1581/1581/1581 1622/1622/1622
f 1634/1634/1634 1635/1635/1635 966/966/966
f 1636/1636/1636 1635/1635/1635 1634/1634/1634
f 1637/1637/1637 1622/1622/1622 1581/1581/1581
f 1623/1623/1623 1622/1622/1622 1637/1637/1637
f 1623/1623/1623 1637/1637/1637 1630/1630/1630
f 1591/1591/1591 1580/1580/1580 1579/1579/1579
f 1638/1638/1638 1630/1630/1630 1637/1637/1637
f 1639/1639/1639 1638/1638/1638 1637/1637/1637
f 1635/1635/1635 1618/1618/1618 966/966/966
f 1579/1579/1579 1640/1640/1640 1591/1591/1591
f 1579/1579/1579 1613/1613/1613 1640/1640/1640
f 1641/1641/1641 1642/1642/1642 1631/1631/1631
f 1643/1643/1643 1642/1642/1642 1641/1641/1641
f 1644/1644/1644 1643/1643/1643 1641/1641/1641
f 1632/1632/1632 1641/1641/1641 1631/1631/1631
f 1633/1633/1633 1617/1617/1617 1008/1008/1008
f 1644/1644/1644 1641/1641/1641 1645/1645/1645
f 1421/1421/1421 1013/1013/1013 841/841/841
f 1632/1632/1632 1004/1004/1004 1012/1012/1012
f 1632/1632/1632 1012/1012/1012 1646/1646/1646
f 1629/1629/1629 1630/1630/1630 1638/1638/1638
f 1638/1638/1638 1647/1647/1647 1629/1629/1629
f 1647/1647/1647 1648/1648/1648 1629/1629/1629
f 1029/1029/1029 1013/1013/1013 1421/1421/1421
f 1632/1632/1632 1645/1645/1645 1641/1641/1641
f 1649/1649/1649 1645/1645/1645 1650/1650/1650
f 1651/1651/1651 1645/1645/1645 1632/1632/1632
f 1007/1007/1007 1006/1006/1006 1012/1012/1012
f 1652/1652/1652 1006/1006/1006 1005/1005/1005
f 1012/1012/1012 1006/1006/1006 1652/1652/1652
f 1604/1604/1604 1601/1601/1601 1596/1596/1596
f 1610/1610/1610 1607/1607/1607 1606/1606/1606
f 1653/1653/1653 1607/1607/1607 1610/1610/1610
f 1654/1654/1654 1655/1655/1655 1629/1629/1629
f 1654/1654/1654 1629/1629/1629 1648/1648/1648
f 1552/1552/1552 1316/1316/1316 1561/1561/1561
f 1632/1632/1632 1646/1646/1646 1656/1656/1656
f 1651/1651/1651 1632/1632/1632 1656/1656/1656
f 1646/1646/1646 1012/1012/1012 1652/1652/1652
f 1454/1454/1454 1657/1657/1657 1412/1412/1412
f 1646/1646/1646 1652/1652/1652 1656/1656/1656
f 1656/1656/1656 1658/1658/1658 1651/1651/1651
f 1554/1554/1554 1553/1553/1553 1576/1576/1576
f 850/850/850 604/604/604 1565/1565/1565
f 1565/1565/1565 604/604/604 616/616/616
f 1579/1579/1579 1576/1576/1576 1624/1624/1624
f 1659/1659/1659 1384/1384/1384 1660/1660/1660
f 1660/1660/1660 1384/1384/1384 1599/1599/1599
f 1661/1661/1661 1579/1579/1579 1624/1624/1624
f 1662/1662/1662 947/947/947 632/632/632
f 1659/1659/1659 1660/1660/1660 1663/1663/1663
f 1661/1661/1661 1624/1624/1624 1664/1664/1664
f 1664/1664/1664 1624/1624/1624 1586/1586/1586
f 1561/1561/1561 1316/1316/1316 1564/1564/1564
f 1586/1586/1586 1623/1623/1623 1629/1629/1629
f 1456/1456/1456 1657/1657/1657 1454/1454/1454
f 1665/1665/1665 1657/1657/1657 1456/1456/1456
f 1666/1666/1666 947/947/947 1662/1662/1662
f 1667/1667/1667 1586/1586/1586 1629/1629/1629
f 616/616/616 947/947/947 1666/1666/1666
f 1668/1668/1668 1657/1657/1657 1665/1665/1665
f 1666/1666/1666 1565/1565/1565 616/616/616
f 1655/1655/1655 1667/1667/1667 1629/1629/1629
f 1634/1634/1634 1668/1668/1668 1636/1636/1636
f 1666/1666/1666 1662/1662/1662 1669/1669/1669
f 1655/1655/1655 1654/1654/1654 1648/1648/1648
f 1670/1670/1670 1655/1655/1655 1648/1648/1648
f 1671/1671/1671 1666/1666/1666 1669/1669/1669
f 1661/1661/1661 1613/1613/1613 1579/1579/1579
f 1613/1613/1613 1661/1661/1661 1664/1664/1664
f 1664/1664/1664 1586/1586/1586 1667/1667/1667
f 1611/1611/1611 1664/1664/1664 1667/1667/1667
f 1611/1611/1611 1667/1667/1667 1672/1672/1672
f 1611/1611/1611 1613/1613/1613 1664/1664/1664
f 1672/1672/1672 1673/1673/1673 1616/1616/1616
f 1655/1655/1655 1672/1672/1672 1667/1667/1667
f 1656/1656/1656 1652/1652/1652 1674/1674/1674
f 1675/1675/1675 1656/1656/1656 1674/1674/1674
f 1584/1584/1584 1577/1577/1577 1560/1560/1560
f 1561/1561/1561 1584/1584/1584 1560/1560/1560
f 1607/1607/1607 1660/1660/1660 1599/1599/1599
f 1561/1561/1561 1570/1570/1570 1584/1584/1584
f 1653/1653/1653 1660/1660/1660 1607/1607/1607
f 1655/1655/1655 1673/1673/1673 1672/1672/1672
f 1673/1673/1673 1655/1655/1655 1670/1670/1670
f 1663/1663/1663 1660/1660/1660 1653/1653/1653
f 1676/1676/1676 1663/1663/1663 1653/1653/1653
f 1670/1670/1670 1677/1677/1677 1673/1673/1673
f 1678/1678/1678 1668/1668/1668 1665/1665/1665
f 1679/1679/1679 1680/1680/1680 1681/1681/1681
f 1656/1656/1656 1675/1675/1675 1658/1658/1658
f 1675/1675/1675 1680/1680/1680 1658/1658/1658
f 1679/1679/1679 1658/1658/1658 1680/1680/1680
f 1682/1682/1682 1616/1616/1616 1673/1673/1673
f 1682/1682/1682 1673/1673/1673 1683/1683/1683
f 1653/1653/1653 1610/1610/1610 1684/1684/1684
f 1653/1653/1653 1684/1684/1684 1685/1685/1685
f 1685/1685/1685 1684/1684/1684 1686/1686/1686
f 1687/1687/1687 1565/1565/1565 1666/1666/1666
f 1687/1687/1687 1666/1666/1666 1671/1671/1671
f 1688/1688/1688 1689/1689/1689 1658/1658/1658
f 1668/1668/1668 1690/1690/1690 1636/1636/1636
f 1668/1668/1668 1678/1678/1678 1690/1690/1690
f 1691/1691/1691 1653/1653/1653 1685/1685/1685
f 1691/1691/1691 1685/1685/1685 1692/1692/1692
f 1693/1693/1693 974/974/974 962/962/962
f 1692/1692/1692 1685/1685/1685 1694/1694/1694
f 1565/1565/1565 1687/1687/1687 1581/1581/1581
f 1581/1581/1581 1687/1687/1687 1695/1695/1695
f 1692/1692/1692 1696/1696/1696 1691/1691/1691
f 1696/1696/1696 1690/1690/1690 1678/1678/1678
f 1687/1687/1687 1671/1671/1671 1697/1697/1697
f 1695/1695/1695 1637/1637/1637 1581/1581/1581
f 1659/1659/1659 1484/1484/1484 1384/1384/1384
f 1631/1631/1631 962/962/962 968/968/968
f 1687/1687/1687 1697/1697/1697 1695/1695/1695
f 1663/1663/1663 1698/1698/1698 1659/1659/1659
f 1693/1693/1693 962/962/962 1631/1631/1631
f 1489/1489/1489 1659/1659/1659 1698/1698/1698
f 1699/1699/1699 1693/1693/1693 1631/1631/1631
f 1700/1700/1700 1665/1665/1665 1456/1456/1456
f 1701/1701/1701 1695/1695/1695 1697/1697/1697
f 1695/1695/1695 1701/1701/1701 1639/1639/1639
f 1702/1702/1702 1693/1693/1693 1699/1699/1699
f 1489/1489/1489 1484/1484/1484 1659/1659/1659
f 1456/1456/1456 1493/1493/1493 1700/1700/1700
f 1695/1695/1695 1639/1639/1639 1637/1637/1637
f 1494/1494/1494 1700/1700/1700 1493/1493/1493
f 1703/1703/1703 1489/1489/1489 1698/1698/1698
f 1642/1642/1642 1699/1699/1699 1631/1631/1631
f 1702/1702/1702 1699/1699/1699 1642/1642/1642
f 1704/1704/1704 1700/1700/1700 1494/1494/1494
f 1705/1705/1705 1706/1706/1706 1704/1704/1704
f 1678/1678/1678 1665/1665/1665 1700/1700/1700
f 1318/1318/1318 623/623/623 1707/1707/1707
f 623/623/623 622/622/622 1707/1707/1707
f 1663/1663/1663 1703/1703/1703 1698/1698/1698
f 1663/1663/1663 1676/1676/1676 1703/1703/1703
f 1704/1704/1704 1678/1678/1678 1700/1700/1700
f 622/622/622 972/972/972 1707/1707/1707
f 1634/1634/1634 966/966/966 965/965/965
f 1704/1704/1704 1708/1708/1708 1678/1678/1678
f 1706/1706/1706 1708/1708/1708 1704/1704/1704
f 1634/1634/1634 965/965/965 1029/1029/1029
f 1707/1707/1707 972/972/972 1709/1709/1709
f 1707/1707/1707 1710/1710/1710 1318/1318/1318
f 1499/1499/1499 1494/1494/1494 1495/1495/1495
f 1709/1709/1709 972/972/972 974/974/974
f 1494/1494/1494 1705/1705/1705 1704/1704/1704
f 1709/1709/1709 974/974/974 1693/1693/1693
f 1711/1711/1711 1709/1709/1709 1693/1693/1693
f 1696/1696/1696 1678/1678/1678 1708/1708/1708
f 1691/1691/1691 1706/1706/1706 1676/1676/1676
f 1696/1696/1696 1706/1706/1706 1691/1691/1691
f 1708/1708/1708 1706/1706/1706 1696/1696/1696
f 1676/1676/1676 1653/1653/1653 1691/1691/1691
f 1657/1657/1657 1421/1421/1421 1410/1410/1410
f 1410/1410/1410 1412/1412/1412 1657/1657/1657
f 1610/1610/1610 1608/1608/1608 1620/1620/1620
f 1608/1608/1608 1609/1609/1609 1620/1620/1620
f 1610/1610/1610 1620/1620/1620 1684/1684/1684
f 1684/1684/1684 1620/1620/1620 1621/1621/1621
f 1421/1421/1421 1634/1634/1634 1029/1029/1029
f 1626/1626/1626 1621/1621/1621 1615/1615/1615
f 1626/1626/1626 1712/1712/1712 1621/1621/1621
f 1626/1626/1626 1713/1713/1713 1712/1712/1712
f 1625/1625/1625 1618/1618/1618 1714/1714/1714
f 1715/1715/1715 1625/1625/1625 1714/1714/1714
f 1625/1625/1625 1715/1715/1715 1716/1716/1716
f 1717/1717/1717 1713/1713/1713 1716/1716/1716
f 1715/1715/1715 1717/1717/1717 1716/1716/1716
f 1715/1715/1715 1718/1718/1718 1717/1717/1717
f 1657/1657/1657 1634/1634/1634 1421/1421/1421
f 1634/1634/1634 1657/1657/1657 1668/1668/1668
f 1690/1690/1690 1635/1635/1635 1636/1636/1636
f 1690/1690/1690 1714/1714/1714 1635/1635/1635
f 1005/1005/1005 979/979/979 1719/1719/1719
f 1618/1618/1618 1635/1635/1635 1714/1714/1714
f 1686/1686/1686 1684/1684/1684 1621/1621/1621
f 1686/1686/1686 1621/1621/1621 1712/1712/1712
f 1719/1719/1719 979/979/979 1008/1008/1008
f 1720/1720/1720 1686/1686/1686 1712/1712/1712
f 1721/1721/1721 1715/1715/1715 1714/1714/1714
f 1714/1714/1714 1722/1722/1722 1721/1721/1721
f 1694/1694/1694 1685/1685/1685 1686/1686/1686
f 1694/1694/1694 1686/1686/1686 1723/1723/1723
f 1692/1692/1692 1694/1694/1694 1723/1723/1723
f 1722/1722/1722 1724/1724/1724 1723/1723/1723
f 1722/1722/1722 1714/1714/1714 1690/1690/1690
f 1724/1724/1724 1722/1722/1722 1690/1690/1690
f 1724/1724/1724 1692/1692/1692 1723/1723/1723
f 1725/1725/1725 1719/1719/1719 1008/1008/1008
f 1696/1696/1696 1724/1724/1724 1690/1690/1690
f 1692/1692/1692 1724/1724/1724 1696/1696/1696
f 1723/1723/1723 1686/1686/1686 1720/1720/1720
f 1723/1723/1723 1721/1721/1721 1722/1722/1722
f 1718/1718/1718 1715/1715/1715 1721/1721/1721
f 1617/1617/1617 1719/1719/1719 1725/1725/1725
f 1726/1726/1726 1008/1008/1008 1009/1009/1009
f 1009/1009/1009 966/966/966 1726/1726/1726
f 1005/1005/1005 1719/1719/1719 1674/1674/1674
f 1674/1674/1674 1652/1652/1652 1005/1005/1005
f 1616/1616/1616 1611/1611/1611 1672/1672/1672
f 1674/1674/1674 1719/1719/1719 1619/1619/1619
f 1674/1674/1674 1619/1619/1619 1675/1675/1675
f 1611/1611/1611 1616/1616/1616 1614/1614/1614
f 1633/1633/1633 1726/1726/1726 966/966/966
f 1680/1680/1680 1675/1675/1675 1619/1619/1619
f 1727/1727/1727 1616/1616/1616 1682/1682/1682
f 1633/1633/1633 1008/1008/1008 1726/1726/1726
f 1727/1727/1727 1682/1682/1682 1683/1683/1683
f 1619/1619/1619 1628/1628/1628 1680/1680/1680
f 1615/1615/1615 1616/1616/1616 1727/1727/1727
f 1727/1727/1727 1728/1728/1728 1627/1627/1627
f 1627/1627/1627 1615/1615/1615 1727/1727/1727
f 1617/1617/1617 1725/1725/1725 1008/1008/1008
f 1618/1618/1618 1617/1617/1617 1633/1633/1633
f 1619/1619/1619 1719/1719/1719 1617/1617/1617
f 1609/1609/1609 1591/1591/1591 1640/1640/1640
f 1609/1609/1609 1640/1640/1640 1613/1613/1613
f 1609/1609/1609 1613/1613/1613 1612/1612/1612
f 1729/1729/1729 1628/1628/1628 1625/1625/1625
f 1730/1730/1730 1729/1729/1729 1625/1625/1625
f 1731/1731/1731 1732/1732/1732 1644/1644/1644
f 1643/1643/1643 1644/1644/1644 1732/1732/1732
f 1732/1732/1732 1731/1731/1731 1639/1639/1639
f 1639/1639/1639 1647/1647/1647 1638/1638/1638
f 1647/1647/1647 1639/1639/1639 1731/1731/1731
f 1651/1651/1651 1689/1689/1689 1650/1650/1650
f 1731/1731/1731 1644/1644/1644 1645/1645/1645
f 1731/1731/1731 1649/1649/1649 1647/1647/1647
f 1649/1649/1649 1731/1731/1731 1645/1645/1645
f 1650/1650/1650 1645/1645/1645 1651/1651/1651
f 1647/1647/1647 1650/1650/1650 1648/1648/1648
f 1649/1649/1649 1650/1650/1650 1647/1647/1647
f 1688/1688/1688 1658/1658/1658 1679/1679/1679
f 1677/1677/1677 1688/1688/1688 1679/1679/1679
f 1733/1733/1733 1679/1679/1679 1681/1681/1681
f 1673/1673/1673 1733/1733/1733 1683/1683/1683
f 1673/1673/1673 1677/1677/1677 1733/1733/1733
f 1733/1733/1733 1677/1677/1677 1679/1679/1679
f 1689/1689/1689 1651/1651/1651 1658/1658/1658
f 1689/1689/1689 1648/1648/1648 1650/1650/1650
f 1689/1689/1689 1734/1734/1734 1648/1648/1648
f 1734/1734/1734 1670/1670/1670 1648/1648/1648
f 1734/1734/1734 1689/1689/1689 1688/1688/1688
f 1688/1688/1688 1670/1670/1670 1734/1734/1734
f 1688/1688/1688 1677/1677/1677 1670/1670/1670
f 1703/1703/1703 1705/1705/1705 1489/1489/1489
f 1703/1703/1703 1706/1706/1706 1705/1705/1705
f 1706/1706/1706 1703/1703/1703 1676/1676/1676
f 632/632/632 1669/1669/1669 1662/1662/1662
f 1705/1705/1705 1499/1499/1499 1489/1489/1489
f 1494/1494/1494 1499/1499/1499 1705/1705/1705
f 1671/1671/1671 1669/1669/1669 1735/1735/1735
f 1735/1735/1735 1697/1697/1697 1671/1671/1671
f 1697/1697/1697 1735/1735/1735 1736/1736/1736
f 1697/1697/1697 1736/1736/1736 1701/1701/1701
f 1627/1627/1627 1737/1737/1737 1738/1738/1738
f 1720/1720/1720 1712/1712/1712 1713/1713/1713
f 1720/1720/1720 1713/1713/1713 1717/1717/1717
f 1713/1713/1713 1730/1730/1730 1716/1716/1716
f 1739/1739/1739 1626/1626/1626 1738/1738/1738
f 1736/1736/1736 1740/1740/1740 1701/1701/1701
f 1639/1639/1639 1701/1701/1701 1732/1732/1732
f 1739/1739/1739 1730/1730/1730 1626/1626/1626
f 1626/1626/1626 1730/1730/1730 1713/1713/1713
f 1738/1738/1738 1626/1626/1626 1627/1627/1627
f 1729/1729/1729 1739/1739/1739 1738/1738/1738
f 1729/1729/1729 1738/1738/1738 1737/1737/1737
f 1730/1730/1730 1739/1739/1739 1729/1729/1729
f 1701/1701/1701 1740/1740/1740 1732/1732/1732
f 1740/1740/1740 1643/1643/1643 1732/1732/1732
f 1716/1716/1716 1730/1730/1730 1625/1625/1625
f 1643/1643/1643 1702/1702/1702 1642/1642/1642
f 1318/1318/1318 1710/1710/1710 1319/1319/1319
f 1319/1319/1319 1710/1710/1710 1741/1741/1741
f 1742/1742/1742 1741/1741/1741 1710/1710/1710
f 1709/1709/1709 1742/1742/1742 1710/1710/1710
f 1710/1710/1710 1707/1707/1707 1709/1709/1709
f 1720/1720/1720 1721/1721/1721 1723/1723/1723
f 1720/1720/1720 1717/1717/1717 1721/1721/1721
f 1711/1711/1711 1742/1742/1742 1709/1709/1709
f 1721/1721/1721 1717/1717/1717 1718/1718/1718
f 1742/1742/1742 1711/1711/1711 1743/1743/1743
f 1693/1693/1693 1702/1702/1702 1711/1711/1711
f 1743/1743/1743 1711/1711/1711 1702/1702/1702
f 1744/1744/1744 1681/1681/1681 1680/1680/1680
f 1683/1683/1683 1681/1681/1681 1744/1744/1744
f 1628/1628/1628 1744/1744/1744 1680/1680/1680
f 1728/1728/1728 1727/1727/1727 1683/1683/1683
f 1744/1744/1744 1628/1628/1628 1729/1729/1729
f 1729/1729/1729 1728/1728/1728 1744/1744/1744
f 1737/1737/1737 1627/1627/1627 1728/1728/1728
f 1729/1729/1729 1737/1737/1737 1728/1728/1728
f 1683/1683/1683 1744/1744/1744 1728/1728/1728
f 1683/1683/1683 1733/1733/1733 1681/1681/1681
